<?xml version="1.0" encoding="UTF-8"?>
<gpx creator="StravaGPX" version="1.1" xmlns="http://www.topografix.com/GPX/1/1" xmlns:xsi="http://www.w3.org/2001/XMLSchema-instance" xsi:schemaLocation="http://www.topografix.com/GPX/1/1 http://www.topografix.com/GPX/1/1/gpx.xsd">
 <trk>
  <name>A Yebes</name>
  <type>cycling</type>
  <trkseg>
   <trkpt lat="40.6232070" lon="-3.1587540">
    <ele>750.0</ele>
   </trkpt>
   <trkpt lat="40.6232220" lon="-3.1586820">
    <ele>749.8</ele>
   </trkpt>
   <trkpt lat="40.6232380" lon="-3.1586070">
    <ele>749.8</ele>
   </trkpt>
   <trkpt lat="40.6232490" lon="-3.1585320">
    <ele>749.8</ele>
   </trkpt>
   <trkpt lat="40.6232610" lon="-3.1584580">
    <ele>749.8</ele>
   </trkpt>
   <trkpt lat="40.6232760" lon="-3.1583850">
    <ele>749.6</ele>
   </trkpt>
   <trkpt lat="40.6232870" lon="-3.1583050">
    <ele>749.4</ele>
   </trkpt>
   <trkpt lat="40.6232910" lon="-3.1582170">
    <ele>749.4</ele>
   </trkpt>
   <trkpt lat="40.6232760" lon="-3.1581550">
    <ele>749.4</ele>
   </trkpt>
   <trkpt lat="40.6232410" lon="-3.1581030">
    <ele>749.6</ele>
   </trkpt>
   <trkpt lat="40.6231920" lon="-3.1580550">
    <ele>749.8</ele>
   </trkpt>
   <trkpt lat="40.6231420" lon="-3.1580170">
    <ele>749.8</ele>
   </trkpt>
   <trkpt lat="40.6230850" lon="-3.1579880">
    <ele>750.0</ele>
   </trkpt>
   <trkpt lat="40.6230240" lon="-3.1579670">
    <ele>750.2</ele>
   </trkpt>
   <trkpt lat="40.6229670" lon="-3.1579420">
    <ele>750.4</ele>
   </trkpt>
   <trkpt lat="40.6229100" lon="-3.1579130">
    <ele>750.6</ele>
   </trkpt>
   <trkpt lat="40.6228560" lon="-3.1578840">
    <ele>750.8</ele>
   </trkpt>
   <trkpt lat="40.6228070" lon="-3.1578570">
    <ele>751.2</ele>
   </trkpt>
   <trkpt lat="40.6227530" lon="-3.1578330">
    <ele>751.4</ele>
   </trkpt>
   <trkpt lat="40.6227000" lon="-3.1578090">
    <ele>751.8</ele>
   </trkpt>
   <trkpt lat="40.6226500" lon="-3.1577860">
    <ele>752.0</ele>
   </trkpt>
   <trkpt lat="40.6226010" lon="-3.1577660">
    <ele>752.2</ele>
   </trkpt>
   <trkpt lat="40.6225550" lon="-3.1577480">
    <ele>752.6</ele>
   </trkpt>
   <trkpt lat="40.6225090" lon="-3.1577360">
    <ele>752.6</ele>
   </trkpt>
   <trkpt lat="40.6224710" lon="-3.1577230">
    <ele>752.8</ele>
   </trkpt>
   <trkpt lat="40.6224360" lon="-3.1577010">
    <ele>753.0</ele>
   </trkpt>
   <trkpt lat="40.6224060" lon="-3.1576710">
    <ele>753.2</ele>
   </trkpt>
   <trkpt lat="40.6223790" lon="-3.1576320">
    <ele>753.2</ele>
   </trkpt>
   <trkpt lat="40.6223640" lon="-3.1575820">
    <ele>753.2</ele>
   </trkpt>
   <trkpt lat="40.6223530" lon="-3.1575240">
    <ele>753.2</ele>
   </trkpt>
   <trkpt lat="40.6223490" lon="-3.1574670">
    <ele>753.2</ele>
   </trkpt>
   <trkpt lat="40.6223530" lon="-3.1574110">
    <ele>753.2</ele>
   </trkpt>
   <trkpt lat="40.6223640" lon="-3.1573580">
    <ele>753.2</ele>
   </trkpt>
   <trkpt lat="40.6223790" lon="-3.1572990">
    <ele>753.4</ele>
   </trkpt>
   <trkpt lat="40.6223950" lon="-3.1572370">
    <ele>753.4</ele>
   </trkpt>
   <trkpt lat="40.6224170" lon="-3.1571740">
    <ele>753.4</ele>
   </trkpt>
   <trkpt lat="40.6224330" lon="-3.1571080">
    <ele>753.6</ele>
   </trkpt>
   <trkpt lat="40.6224520" lon="-3.1570420">
    <ele>753.8</ele>
   </trkpt>
   <trkpt lat="40.6224710" lon="-3.1569780">
    <ele>754.0</ele>
   </trkpt>
   <trkpt lat="40.6224860" lon="-3.1569180">
    <ele>754.2</ele>
   </trkpt>
   <trkpt lat="40.6224940" lon="-3.1568580">
    <ele>754.2</ele>
   </trkpt>
   <trkpt lat="40.6225050" lon="-3.1567970">
    <ele>754.4</ele>
   </trkpt>
   <trkpt lat="40.6225200" lon="-3.1567300">
    <ele>754.6</ele>
   </trkpt>
   <trkpt lat="40.6225360" lon="-3.1566640">
    <ele>754.8</ele>
   </trkpt>
   <trkpt lat="40.6225510" lon="-3.1565980">
    <ele>754.8</ele>
   </trkpt>
   <trkpt lat="40.6225660" lon="-3.1565310">
    <ele>754.8</ele>
   </trkpt>
   <trkpt lat="40.6225780" lon="-3.1564610">
    <ele>754.8</ele>
   </trkpt>
   <trkpt lat="40.6225890" lon="-3.1563930">
    <ele>754.8</ele>
   </trkpt>
   <trkpt lat="40.6225970" lon="-3.1563240">
    <ele>754.8</ele>
   </trkpt>
   <trkpt lat="40.6226080" lon="-3.1562520">
    <ele>754.8</ele>
   </trkpt>
   <trkpt lat="40.6226270" lon="-3.1561780">
    <ele>754.8</ele>
   </trkpt>
   <trkpt lat="40.6226500" lon="-3.1561010">
    <ele>754.6</ele>
   </trkpt>
   <trkpt lat="40.6226650" lon="-3.1560250">
    <ele>754.6</ele>
   </trkpt>
   <trkpt lat="40.6226810" lon="-3.1559490">
    <ele>754.4</ele>
   </trkpt>
   <trkpt lat="40.6227000" lon="-3.1558760">
    <ele>754.2</ele>
   </trkpt>
   <trkpt lat="40.6227190" lon="-3.1557970">
    <ele>754.0</ele>
   </trkpt>
   <trkpt lat="40.6227340" lon="-3.1557140">
    <ele>753.8</ele>
   </trkpt>
   <trkpt lat="40.6227570" lon="-3.1556270">
    <ele>753.6</ele>
   </trkpt>
   <trkpt lat="40.6227800" lon="-3.1555460">
    <ele>753.4</ele>
   </trkpt>
   <trkpt lat="40.6228030" lon="-3.1554660">
    <ele>753.4</ele>
   </trkpt>
   <trkpt lat="40.6228260" lon="-3.1553860">
    <ele>753.4</ele>
   </trkpt>
   <trkpt lat="40.6228520" lon="-3.1553070">
    <ele>753.6</ele>
   </trkpt>
   <trkpt lat="40.6228790" lon="-3.1552310">
    <ele>753.6</ele>
   </trkpt>
   <trkpt lat="40.6229020" lon="-3.1551560">
    <ele>753.6</ele>
   </trkpt>
   <trkpt lat="40.6229290" lon="-3.1550820">
    <ele>753.8</ele>
   </trkpt>
   <trkpt lat="40.6229510" lon="-3.1550110">
    <ele>753.8</ele>
   </trkpt>
   <trkpt lat="40.6229710" lon="-3.1549390">
    <ele>754.0</ele>
   </trkpt>
   <trkpt lat="40.6229930" lon="-3.1548690">
    <ele>754.2</ele>
   </trkpt>
   <trkpt lat="40.6230160" lon="-3.1547980">
    <ele>754.2</ele>
   </trkpt>
   <trkpt lat="40.6230430" lon="-3.1547310">
    <ele>754.2</ele>
   </trkpt>
   <trkpt lat="40.6230660" lon="-3.1546590">
    <ele>754.4</ele>
   </trkpt>
   <trkpt lat="40.6230890" lon="-3.1545890">
    <ele>754.4</ele>
   </trkpt>
   <trkpt lat="40.6231120" lon="-3.1545210">
    <ele>754.4</ele>
   </trkpt>
   <trkpt lat="40.6231350" lon="-3.1544540">
    <ele>754.4</ele>
   </trkpt>
   <trkpt lat="40.6231570" lon="-3.1543910">
    <ele>754.6</ele>
   </trkpt>
   <trkpt lat="40.6231800" lon="-3.1543280">
    <ele>754.4</ele>
   </trkpt>
   <trkpt lat="40.6232110" lon="-3.1542670">
    <ele>754.4</ele>
   </trkpt>
   <trkpt lat="40.6232450" lon="-3.1542080">
    <ele>754.4</ele>
   </trkpt>
   <trkpt lat="40.6232830" lon="-3.1541490">
    <ele>754.4</ele>
   </trkpt>
   <trkpt lat="40.6233250" lon="-3.1540910">
    <ele>754.2</ele>
   </trkpt>
   <trkpt lat="40.6233710" lon="-3.1540320">
    <ele>754.2</ele>
   </trkpt>
   <trkpt lat="40.6234170" lon="-3.1539730">
    <ele>754.0</ele>
   </trkpt>
   <trkpt lat="40.6234590" lon="-3.1539150">
    <ele>753.8</ele>
   </trkpt>
   <trkpt lat="40.6235010" lon="-3.1538570">
    <ele>753.8</ele>
   </trkpt>
   <trkpt lat="40.6235430" lon="-3.1537970">
    <ele>753.8</ele>
   </trkpt>
   <trkpt lat="40.6235810" lon="-3.1537400">
    <ele>753.6</ele>
   </trkpt>
   <trkpt lat="40.6236230" lon="-3.1536840">
    <ele>753.6</ele>
   </trkpt>
   <trkpt lat="40.6236610" lon="-3.1536260">
    <ele>753.4</ele>
   </trkpt>
   <trkpt lat="40.6236990" lon="-3.1535660">
    <ele>753.2</ele>
   </trkpt>
   <trkpt lat="40.6237450" lon="-3.1535060">
    <ele>753.0</ele>
   </trkpt>
   <trkpt lat="40.6237910" lon="-3.1534430">
    <ele>753.0</ele>
   </trkpt>
   <trkpt lat="40.6238330" lon="-3.1533850">
    <ele>752.8</ele>
   </trkpt>
   <trkpt lat="40.6238780" lon="-3.1533260">
    <ele>752.8</ele>
   </trkpt>
   <trkpt lat="40.6239200" lon="-3.1532640">
    <ele>753.0</ele>
   </trkpt>
   <trkpt lat="40.6239620" lon="-3.1532030">
    <ele>753.2</ele>
   </trkpt>
   <trkpt lat="40.6240040" lon="-3.1531480">
    <ele>753.4</ele>
   </trkpt>
   <trkpt lat="40.6240390" lon="-3.1530970">
    <ele>753.6</ele>
   </trkpt>
   <trkpt lat="40.6240730" lon="-3.1530410">
    <ele>753.8</ele>
   </trkpt>
   <trkpt lat="40.6241110" lon="-3.1529910">
    <ele>754.0</ele>
   </trkpt>
   <trkpt lat="40.6241450" lon="-3.1529450">
    <ele>754.2</ele>
   </trkpt>
   <trkpt lat="40.6241800" lon="-3.1529020">
    <ele>754.6</ele>
   </trkpt>
   <trkpt lat="40.6242100" lon="-3.1528600">
    <ele>754.8</ele>
   </trkpt>
   <trkpt lat="40.6242410" lon="-3.1528180">
    <ele>755.2</ele>
   </trkpt>
   <trkpt lat="40.6242710" lon="-3.1527760">
    <ele>755.4</ele>
   </trkpt>
   <trkpt lat="40.6243020" lon="-3.1527310">
    <ele>755.6</ele>
   </trkpt>
   <trkpt lat="40.6243290" lon="-3.1526880">
    <ele>755.8</ele>
   </trkpt>
   <trkpt lat="40.6243590" lon="-3.1526450">
    <ele>755.8</ele>
   </trkpt>
   <trkpt lat="40.6243900" lon="-3.1526050">
    <ele>756.0</ele>
   </trkpt>
   <trkpt lat="40.6244240" lon="-3.1525620">
    <ele>756.0</ele>
   </trkpt>
   <trkpt lat="40.6244620" lon="-3.1525230">
    <ele>756.0</ele>
   </trkpt>
   <trkpt lat="40.6245000" lon="-3.1524790">
    <ele>756.0</ele>
   </trkpt>
   <trkpt lat="40.6245350" lon="-3.1524340">
    <ele>755.8</ele>
   </trkpt>
   <trkpt lat="40.6245690" lon="-3.1523900">
    <ele>755.8</ele>
   </trkpt>
   <trkpt lat="40.6245990" lon="-3.1523480">
    <ele>755.8</ele>
   </trkpt>
   <trkpt lat="40.6246380" lon="-3.1523060">
    <ele>755.6</ele>
   </trkpt>
   <trkpt lat="40.6246760" lon="-3.1522600">
    <ele>755.8</ele>
   </trkpt>
   <trkpt lat="40.6247140" lon="-3.1522180">
    <ele>755.6</ele>
   </trkpt>
   <trkpt lat="40.6247520" lon="-3.1521810">
    <ele>755.6</ele>
   </trkpt>
   <trkpt lat="40.6247900" lon="-3.1521410">
    <ele>755.2</ele>
   </trkpt>
   <trkpt lat="40.6248280" lon="-3.1520990">
    <ele>754.8</ele>
   </trkpt>
   <trkpt lat="40.6248590" lon="-3.1520590">
    <ele>754.6</ele>
   </trkpt>
   <trkpt lat="40.6248860" lon="-3.1520190">
    <ele>754.2</ele>
   </trkpt>
   <trkpt lat="40.6249120" lon="-3.1519830">
    <ele>753.8</ele>
   </trkpt>
   <trkpt lat="40.6249350" lon="-3.1519460">
    <ele>753.6</ele>
   </trkpt>
   <trkpt lat="40.6249470" lon="-3.1519050">
    <ele>753.4</ele>
   </trkpt>
   <trkpt lat="40.6249430" lon="-3.1518570">
    <ele>753.4</ele>
   </trkpt>
   <trkpt lat="40.6249280" lon="-3.1518120">
    <ele>753.4</ele>
   </trkpt>
   <trkpt lat="40.6249120" lon="-3.1517710">
    <ele>753.4</ele>
   </trkpt>
   <trkpt lat="40.6249120" lon="-3.1517220">
    <ele>753.2</ele>
   </trkpt>
   <trkpt lat="40.6249310" lon="-3.1516660">
    <ele>753.0</ele>
   </trkpt>
   <trkpt lat="40.6249730" lon="-3.1516140">
    <ele>752.6</ele>
   </trkpt>
   <trkpt lat="40.6250230" lon="-3.1515680">
    <ele>752.4</ele>
   </trkpt>
   <trkpt lat="40.6250760" lon="-3.1515180">
    <ele>752.0</ele>
   </trkpt>
   <trkpt lat="40.6251260" lon="-3.1514680">
    <ele>751.6</ele>
   </trkpt>
   <trkpt lat="40.6251830" lon="-3.1514140">
    <ele>751.2</ele>
   </trkpt>
   <trkpt lat="40.6252440" lon="-3.1513570">
    <ele>750.8</ele>
   </trkpt>
   <trkpt lat="40.6253090" lon="-3.1512980">
    <ele>750.4</ele>
   </trkpt>
   <trkpt lat="40.6253740" lon="-3.1512400">
    <ele>750.0</ele>
   </trkpt>
   <trkpt lat="40.6254390" lon="-3.1511840">
    <ele>749.8</ele>
   </trkpt>
   <trkpt lat="40.6255000" lon="-3.1511260">
    <ele>749.2</ele>
   </trkpt>
   <trkpt lat="40.6255650" lon="-3.1510670">
    <ele>748.8</ele>
   </trkpt>
   <trkpt lat="40.6256220" lon="-3.1510120">
    <ele>748.6</ele>
   </trkpt>
   <trkpt lat="40.6256640" lon="-3.1509540">
    <ele>748.4</ele>
   </trkpt>
   <trkpt lat="40.6256900" lon="-3.1508980">
    <ele>748.4</ele>
   </trkpt>
   <trkpt lat="40.6257020" lon="-3.1508430">
    <ele>748.4</ele>
   </trkpt>
   <trkpt lat="40.6257100" lon="-3.1507880">
    <ele>748.4</ele>
   </trkpt>
   <trkpt lat="40.6256980" lon="-3.1507330">
    <ele>748.6</ele>
   </trkpt>
   <trkpt lat="40.6256790" lon="-3.1506810">
    <ele>748.6</ele>
   </trkpt>
   <trkpt lat="40.6256330" lon="-3.1506340">
    <ele>749.0</ele>
   </trkpt>
   <trkpt lat="40.6255720" lon="-3.1505790">
    <ele>749.4</ele>
   </trkpt>
   <trkpt lat="40.6255300" lon="-3.1505250">
    <ele>749.6</ele>
   </trkpt>
   <trkpt lat="40.6254840" lon="-3.1504830">
    <ele>750.0</ele>
   </trkpt>
   <trkpt lat="40.6254200" lon="-3.1504360">
    <ele>750.2</ele>
   </trkpt>
   <trkpt lat="40.6253660" lon="-3.1503860">
    <ele>750.6</ele>
   </trkpt>
   <trkpt lat="40.6253170" lon="-3.1503420">
    <ele>750.8</ele>
   </trkpt>
   <trkpt lat="40.6252670" lon="-3.1503030">
    <ele>751.0</ele>
   </trkpt>
   <trkpt lat="40.6252170" lon="-3.1502560">
    <ele>751.0</ele>
   </trkpt>
   <trkpt lat="40.6251750" lon="-3.1501980">
    <ele>751.2</ele>
   </trkpt>
   <trkpt lat="40.6251370" lon="-3.1501260">
    <ele>751.4</ele>
   </trkpt>
   <trkpt lat="40.6251070" lon="-3.1500440">
    <ele>751.4</ele>
   </trkpt>
   <trkpt lat="40.6250880" lon="-3.1499580">
    <ele>751.4</ele>
   </trkpt>
   <trkpt lat="40.6250880" lon="-3.1498720">
    <ele>751.4</ele>
   </trkpt>
   <trkpt lat="40.6251030" lon="-3.1497860">
    <ele>751.4</ele>
   </trkpt>
   <trkpt lat="40.6251260" lon="-3.1496990">
    <ele>751.4</ele>
   </trkpt>
   <trkpt lat="40.6251450" lon="-3.1496080">
    <ele>751.4</ele>
   </trkpt>
   <trkpt lat="40.6251450" lon="-3.1495210">
    <ele>751.4</ele>
   </trkpt>
   <trkpt lat="40.6251300" lon="-3.1494350">
    <ele>751.6</ele>
   </trkpt>
   <trkpt lat="40.6250990" lon="-3.1493610">
    <ele>752.0</ele>
   </trkpt>
   <trkpt lat="40.6250610" lon="-3.1493010">
    <ele>752.4</ele>
   </trkpt>
   <trkpt lat="40.6250190" lon="-3.1492570">
    <ele>752.6</ele>
   </trkpt>
   <trkpt lat="40.6249730" lon="-3.1492270">
    <ele>753.0</ele>
   </trkpt>
   <trkpt lat="40.6249240" lon="-3.1492020">
    <ele>753.4</ele>
   </trkpt>
   <trkpt lat="40.6248780" lon="-3.1491800">
    <ele>753.6</ele>
   </trkpt>
   <trkpt lat="40.6248320" lon="-3.1491620">
    <ele>754.0</ele>
   </trkpt>
   <trkpt lat="40.6247860" lon="-3.1491420">
    <ele>754.2</ele>
   </trkpt>
   <trkpt lat="40.6247410" lon="-3.1491190">
    <ele>754.6</ele>
   </trkpt>
   <trkpt lat="40.6246950" lon="-3.1490960">
    <ele>754.8</ele>
   </trkpt>
   <trkpt lat="40.6246490" lon="-3.1490770">
    <ele>754.8</ele>
   </trkpt>
   <trkpt lat="40.6246030" lon="-3.1490560">
    <ele>755.0</ele>
   </trkpt>
   <trkpt lat="40.6245570" lon="-3.1490350">
    <ele>755.4</ele>
   </trkpt>
   <trkpt lat="40.6245120" lon="-3.1490120">
    <ele>755.6</ele>
   </trkpt>
   <trkpt lat="40.6244660" lon="-3.1489900">
    <ele>755.8</ele>
   </trkpt>
   <trkpt lat="40.6244200" lon="-3.1489710">
    <ele>756.0</ele>
   </trkpt>
   <trkpt lat="40.6243820" lon="-3.1489500">
    <ele>756.2</ele>
   </trkpt>
   <trkpt lat="40.6243440" lon="-3.1489280">
    <ele>756.4</ele>
   </trkpt>
   <trkpt lat="40.6243130" lon="-3.1489130">
    <ele>756.6</ele>
   </trkpt>
   <trkpt lat="40.6242790" lon="-3.1489000">
    <ele>756.8</ele>
   </trkpt>
   <trkpt lat="40.6242410" lon="-3.1488850">
    <ele>757.0</ele>
   </trkpt>
   <trkpt lat="40.6242100" lon="-3.1488680">
    <ele>757.0</ele>
   </trkpt>
   <trkpt lat="40.6241760" lon="-3.1488470">
    <ele>757.2</ele>
   </trkpt>
   <trkpt lat="40.6241420" lon="-3.1488240">
    <ele>757.4</ele>
   </trkpt>
   <trkpt lat="40.6241070" lon="-3.1488040">
    <ele>757.4</ele>
   </trkpt>
   <trkpt lat="40.6240730" lon="-3.1487830">
    <ele>757.6</ele>
   </trkpt>
   <trkpt lat="40.6240390" lon="-3.1487560">
    <ele>757.6</ele>
   </trkpt>
   <trkpt lat="40.6240040" lon="-3.1487240">
    <ele>757.6</ele>
   </trkpt>
   <trkpt lat="40.6239780" lon="-3.1486840">
    <ele>757.6</ele>
   </trkpt>
   <trkpt lat="40.6239470" lon="-3.1486380">
    <ele>757.6</ele>
   </trkpt>
   <trkpt lat="40.6239200" lon="-3.1485950">
    <ele>757.6</ele>
   </trkpt>
   <trkpt lat="40.6238980" lon="-3.1485560">
    <ele>757.8</ele>
   </trkpt>
   <trkpt lat="40.6238710" lon="-3.1485200">
    <ele>757.8</ele>
   </trkpt>
   <trkpt lat="40.6238440" lon="-3.1484840">
    <ele>758.0</ele>
   </trkpt>
   <trkpt lat="40.6238170" lon="-3.1484500">
    <ele>758.0</ele>
   </trkpt>
   <trkpt lat="40.6237950" lon="-3.1484180">
    <ele>758.2</ele>
   </trkpt>
   <trkpt lat="40.6237750" lon="-3.1483900">
    <ele>758.2</ele>
   </trkpt>
   <trkpt lat="40.6237680" lon="-3.1483730">
    <ele>758.2</ele>
   </trkpt>
   <trkpt lat="40.6237600" lon="-3.1483620">
    <ele>758.4</ele>
   </trkpt>
   <trkpt lat="40.6237530" lon="-3.1483540">
    <ele>758.4</ele>
   </trkpt>
   <trkpt lat="40.6237490" lon="-3.1483520">
    <ele>758.4</ele>
   </trkpt>
   <trkpt lat="40.6237370" lon="-3.1483340">
    <ele>758.4</ele>
   </trkpt>
   <trkpt lat="40.6237300" lon="-3.1483170">
    <ele>758.4</ele>
   </trkpt>
   <trkpt lat="40.6237180" lon="-3.1482930">
    <ele>758.4</ele>
   </trkpt>
   <trkpt lat="40.6237070" lon="-3.1482610">
    <ele>758.4</ele>
   </trkpt>
   <trkpt lat="40.6236880" lon="-3.1482260">
    <ele>758.4</ele>
   </trkpt>
   <trkpt lat="40.6236610" lon="-3.1481900">
    <ele>758.4</ele>
   </trkpt>
   <trkpt lat="40.6236340" lon="-3.1481540">
    <ele>758.4</ele>
   </trkpt>
   <trkpt lat="40.6236080" lon="-3.1481160">
    <ele>758.4</ele>
   </trkpt>
   <trkpt lat="40.6235850" lon="-3.1480770">
    <ele>758.6</ele>
   </trkpt>
   <trkpt lat="40.6235540" lon="-3.1480350">
    <ele>758.6</ele>
   </trkpt>
   <trkpt lat="40.6235240" lon="-3.1479950">
    <ele>758.6</ele>
   </trkpt>
   <trkpt lat="40.6234930" lon="-3.1479550">
    <ele>758.8</ele>
   </trkpt>
   <trkpt lat="40.6234660" lon="-3.1479170">
    <ele>758.8</ele>
   </trkpt>
   <trkpt lat="40.6234400" lon="-3.1478770">
    <ele>759.0</ele>
   </trkpt>
   <trkpt lat="40.6234130" lon="-3.1478390">
    <ele>759.2</ele>
   </trkpt>
   <trkpt lat="40.6233830" lon="-3.1477990">
    <ele>759.2</ele>
   </trkpt>
   <trkpt lat="40.6233560" lon="-3.1477590">
    <ele>759.4</ele>
   </trkpt>
   <trkpt lat="40.6233290" lon="-3.1477190">
    <ele>759.6</ele>
   </trkpt>
   <trkpt lat="40.6233020" lon="-3.1476790">
    <ele>759.8</ele>
   </trkpt>
   <trkpt lat="40.6232800" lon="-3.1476390">
    <ele>760.0</ele>
   </trkpt>
   <trkpt lat="40.6232530" lon="-3.1476030">
    <ele>760.2</ele>
   </trkpt>
   <trkpt lat="40.6232300" lon="-3.1475690">
    <ele>760.6</ele>
   </trkpt>
   <trkpt lat="40.6232030" lon="-3.1475370">
    <ele>760.8</ele>
   </trkpt>
   <trkpt lat="40.6231770" lon="-3.1475030">
    <ele>761.2</ele>
   </trkpt>
   <trkpt lat="40.6231570" lon="-3.1474680">
    <ele>761.4</ele>
   </trkpt>
   <trkpt lat="40.6231350" lon="-3.1474310">
    <ele>761.6</ele>
   </trkpt>
   <trkpt lat="40.6231120" lon="-3.1473960">
    <ele>762.0</ele>
   </trkpt>
   <trkpt lat="40.6230890" lon="-3.1473620">
    <ele>762.2</ele>
   </trkpt>
   <trkpt lat="40.6230660" lon="-3.1473280">
    <ele>762.4</ele>
   </trkpt>
   <trkpt lat="40.6230470" lon="-3.1472950">
    <ele>762.6</ele>
   </trkpt>
   <trkpt lat="40.6230240" lon="-3.1472590">
    <ele>762.8</ele>
   </trkpt>
   <trkpt lat="40.6230010" lon="-3.1472210">
    <ele>763.0</ele>
   </trkpt>
   <trkpt lat="40.6229780" lon="-3.1471840">
    <ele>763.0</ele>
   </trkpt>
   <trkpt lat="40.6229590" lon="-3.1471450">
    <ele>763.2</ele>
   </trkpt>
   <trkpt lat="40.6229400" lon="-3.1471040">
    <ele>763.2</ele>
   </trkpt>
   <trkpt lat="40.6229210" lon="-3.1470650">
    <ele>763.4</ele>
   </trkpt>
   <trkpt lat="40.6229060" lon="-3.1470230">
    <ele>763.6</ele>
   </trkpt>
   <trkpt lat="40.6228900" lon="-3.1469790">
    <ele>763.6</ele>
   </trkpt>
   <trkpt lat="40.6228790" lon="-3.1469340">
    <ele>763.6</ele>
   </trkpt>
   <trkpt lat="40.6228680" lon="-3.1468890">
    <ele>763.8</ele>
   </trkpt>
   <trkpt lat="40.6228520" lon="-3.1468440">
    <ele>764.0</ele>
   </trkpt>
   <trkpt lat="40.6228370" lon="-3.1468000">
    <ele>764.2</ele>
   </trkpt>
   <trkpt lat="40.6228180" lon="-3.1467590">
    <ele>764.2</ele>
   </trkpt>
   <trkpt lat="40.6228030" lon="-3.1467180">
    <ele>764.4</ele>
   </trkpt>
   <trkpt lat="40.6227840" lon="-3.1466790">
    <ele>764.6</ele>
   </trkpt>
   <trkpt lat="40.6227650" lon="-3.1466420">
    <ele>764.8</ele>
   </trkpt>
   <trkpt lat="40.6227420" lon="-3.1466130">
    <ele>765.0</ele>
   </trkpt>
   <trkpt lat="40.6227150" lon="-3.1465890">
    <ele>765.0</ele>
   </trkpt>
   <trkpt lat="40.6226840" lon="-3.1465670">
    <ele>765.2</ele>
   </trkpt>
   <trkpt lat="40.6226540" lon="-3.1465430">
    <ele>765.2</ele>
   </trkpt>
   <trkpt lat="40.6226160" lon="-3.1465160">
    <ele>765.4</ele>
   </trkpt>
   <trkpt lat="40.6225810" lon="-3.1464890">
    <ele>765.4</ele>
   </trkpt>
   <trkpt lat="40.6225470" lon="-3.1464610">
    <ele>765.4</ele>
   </trkpt>
   <trkpt lat="40.6225130" lon="-3.1464310">
    <ele>765.6</ele>
   </trkpt>
   <trkpt lat="40.6224750" lon="-3.1464020">
    <ele>765.8</ele>
   </trkpt>
   <trkpt lat="40.6224400" lon="-3.1463720">
    <ele>765.8</ele>
   </trkpt>
   <trkpt lat="40.6224020" lon="-3.1463410">
    <ele>766.0</ele>
   </trkpt>
   <trkpt lat="40.6223720" lon="-3.1463120">
    <ele>766.0</ele>
   </trkpt>
   <trkpt lat="40.6223410" lon="-3.1462800">
    <ele>766.2</ele>
   </trkpt>
   <trkpt lat="40.6223140" lon="-3.1462450">
    <ele>766.4</ele>
   </trkpt>
   <trkpt lat="40.6222840" lon="-3.1462070">
    <ele>766.4</ele>
   </trkpt>
   <trkpt lat="40.6222570" lon="-3.1461660">
    <ele>766.6</ele>
   </trkpt>
   <trkpt lat="40.6222270" lon="-3.1461290">
    <ele>766.8</ele>
   </trkpt>
   <trkpt lat="40.6221960" lon="-3.1460960">
    <ele>766.8</ele>
   </trkpt>
   <trkpt lat="40.6221690" lon="-3.1460620">
    <ele>766.8</ele>
   </trkpt>
   <trkpt lat="40.6221390" lon="-3.1460290">
    <ele>766.8</ele>
   </trkpt>
   <trkpt lat="40.6221050" lon="-3.1459990">
    <ele>767.0</ele>
   </trkpt>
   <trkpt lat="40.6220740" lon="-3.1459710">
    <ele>767.0</ele>
   </trkpt>
   <trkpt lat="40.6220440" lon="-3.1459450">
    <ele>767.2</ele>
   </trkpt>
   <trkpt lat="40.6220090" lon="-3.1459180">
    <ele>767.2</ele>
   </trkpt>
   <trkpt lat="40.6219750" lon="-3.1458950">
    <ele>767.4</ele>
   </trkpt>
   <trkpt lat="40.6219370" lon="-3.1458790">
    <ele>767.4</ele>
   </trkpt>
   <trkpt lat="40.6218950" lon="-3.1458660">
    <ele>767.4</ele>
   </trkpt>
   <trkpt lat="40.6218570" lon="-3.1458570">
    <ele>767.6</ele>
   </trkpt>
   <trkpt lat="40.6218150" lon="-3.1458510">
    <ele>767.6</ele>
   </trkpt>
   <trkpt lat="40.6217690" lon="-3.1458470">
    <ele>767.8</ele>
   </trkpt>
   <trkpt lat="40.6217270" lon="-3.1458400">
    <ele>767.8</ele>
   </trkpt>
   <trkpt lat="40.6216810" lon="-3.1458340">
    <ele>767.8</ele>
   </trkpt>
   <trkpt lat="40.6216350" lon="-3.1458300">
    <ele>768.0</ele>
   </trkpt>
   <trkpt lat="40.6215900" lon="-3.1458300">
    <ele>768.0</ele>
   </trkpt>
   <trkpt lat="40.6215480" lon="-3.1458300">
    <ele>768.2</ele>
   </trkpt>
   <trkpt lat="40.6215020" lon="-3.1458300">
    <ele>768.2</ele>
   </trkpt>
   <trkpt lat="40.6214560" lon="-3.1458290">
    <ele>768.4</ele>
   </trkpt>
   <trkpt lat="40.6214100" lon="-3.1458260">
    <ele>768.4</ele>
   </trkpt>
   <trkpt lat="40.6213650" lon="-3.1458250">
    <ele>768.4</ele>
   </trkpt>
   <trkpt lat="40.6213190" lon="-3.1458230">
    <ele>768.6</ele>
   </trkpt>
   <trkpt lat="40.6212770" lon="-3.1458230">
    <ele>768.6</ele>
   </trkpt>
   <trkpt lat="40.6212310" lon="-3.1458230">
    <ele>768.8</ele>
   </trkpt>
   <trkpt lat="40.6211850" lon="-3.1458230">
    <ele>768.8</ele>
   </trkpt>
   <trkpt lat="40.6211390" lon="-3.1458230">
    <ele>769.0</ele>
   </trkpt>
   <trkpt lat="40.6210980" lon="-3.1458160">
    <ele>769.0</ele>
   </trkpt>
   <trkpt lat="40.6210560" lon="-3.1458060">
    <ele>769.2</ele>
   </trkpt>
   <trkpt lat="40.6210140" lon="-3.1457930">
    <ele>769.2</ele>
   </trkpt>
   <trkpt lat="40.6209720" lon="-3.1457730">
    <ele>769.4</ele>
   </trkpt>
   <trkpt lat="40.6209340" lon="-3.1457440">
    <ele>769.6</ele>
   </trkpt>
   <trkpt lat="40.6208950" lon="-3.1457180">
    <ele>769.6</ele>
   </trkpt>
   <trkpt lat="40.6208530" lon="-3.1456960">
    <ele>769.8</ele>
   </trkpt>
   <trkpt lat="40.6208080" lon="-3.1456750">
    <ele>769.8</ele>
   </trkpt>
   <trkpt lat="40.6207660" lon="-3.1456520">
    <ele>769.8</ele>
   </trkpt>
   <trkpt lat="40.6207160" lon="-3.1456290">
    <ele>770.0</ele>
   </trkpt>
   <trkpt lat="40.6206700" lon="-3.1456050">
    <ele>770.0</ele>
   </trkpt>
   <trkpt lat="40.6206240" lon="-3.1455760">
    <ele>770.2</ele>
   </trkpt>
   <trkpt lat="40.6205830" lon="-3.1455480">
    <ele>770.2</ele>
   </trkpt>
   <trkpt lat="40.6205410" lon="-3.1455220">
    <ele>770.4</ele>
   </trkpt>
   <trkpt lat="40.6204950" lon="-3.1454990">
    <ele>770.6</ele>
   </trkpt>
   <trkpt lat="40.6204530" lon="-3.1454780">
    <ele>770.6</ele>
   </trkpt>
   <trkpt lat="40.6204070" lon="-3.1454550">
    <ele>770.8</ele>
   </trkpt>
   <trkpt lat="40.6203650" lon="-3.1454300">
    <ele>771.0</ele>
   </trkpt>
   <trkpt lat="40.6203230" lon="-3.1454030">
    <ele>771.2</ele>
   </trkpt>
   <trkpt lat="40.6202850" lon="-3.1453760">
    <ele>771.4</ele>
   </trkpt>
   <trkpt lat="40.6202510" lon="-3.1453480">
    <ele>771.6</ele>
   </trkpt>
   <trkpt lat="40.6202160" lon="-3.1453200">
    <ele>771.8</ele>
   </trkpt>
   <trkpt lat="40.6201860" lon="-3.1452930">
    <ele>772.2</ele>
   </trkpt>
   <trkpt lat="40.6201510" lon="-3.1452650">
    <ele>772.4</ele>
   </trkpt>
   <trkpt lat="40.6201250" lon="-3.1452370">
    <ele>772.6</ele>
   </trkpt>
   <trkpt lat="40.6201020" lon="-3.1452070">
    <ele>772.8</ele>
   </trkpt>
   <trkpt lat="40.6200790" lon="-3.1451760">
    <ele>773.0</ele>
   </trkpt>
   <trkpt lat="40.6200520" lon="-3.1451450">
    <ele>773.2</ele>
   </trkpt>
   <trkpt lat="40.6200290" lon="-3.1451120">
    <ele>773.4</ele>
   </trkpt>
   <trkpt lat="40.6200070" lon="-3.1450790">
    <ele>773.6</ele>
   </trkpt>
   <trkpt lat="40.6199840" lon="-3.1450450">
    <ele>773.8</ele>
   </trkpt>
   <trkpt lat="40.6199650" lon="-3.1450130">
    <ele>774.0</ele>
   </trkpt>
   <trkpt lat="40.6199420" lon="-3.1449810">
    <ele>774.4</ele>
   </trkpt>
   <trkpt lat="40.6199230" lon="-3.1449530">
    <ele>774.6</ele>
   </trkpt>
   <trkpt lat="40.6199040" lon="-3.1449240">
    <ele>774.8</ele>
   </trkpt>
   <trkpt lat="40.6198840" lon="-3.1448950">
    <ele>775.0</ele>
   </trkpt>
   <trkpt lat="40.6198650" lon="-3.1448700">
    <ele>775.2</ele>
   </trkpt>
   <trkpt lat="40.6198460" lon="-3.1448430">
    <ele>775.4</ele>
   </trkpt>
   <trkpt lat="40.6198230" lon="-3.1448170">
    <ele>775.6</ele>
   </trkpt>
   <trkpt lat="40.6197970" lon="-3.1447950">
    <ele>775.8</ele>
   </trkpt>
   <trkpt lat="40.6197740" lon="-3.1447780">
    <ele>776.0</ele>
   </trkpt>
   <trkpt lat="40.6197510" lon="-3.1447610">
    <ele>776.2</ele>
   </trkpt>
   <trkpt lat="40.6197240" lon="-3.1447420">
    <ele>776.4</ele>
   </trkpt>
   <trkpt lat="40.6197010" lon="-3.1447210">
    <ele>776.6</ele>
   </trkpt>
   <trkpt lat="40.6196750" lon="-3.1446970">
    <ele>776.8</ele>
   </trkpt>
   <trkpt lat="40.6196480" lon="-3.1446750">
    <ele>777.0</ele>
   </trkpt>
   <trkpt lat="40.6196170" lon="-3.1446520">
    <ele>777.2</ele>
   </trkpt>
   <trkpt lat="40.6195830" lon="-3.1446280">
    <ele>777.4</ele>
   </trkpt>
   <trkpt lat="40.6195560" lon="-3.1446030">
    <ele>777.6</ele>
   </trkpt>
   <trkpt lat="40.6195330" lon="-3.1445760">
    <ele>778.0</ele>
   </trkpt>
   <trkpt lat="40.6195070" lon="-3.1445500">
    <ele>778.2</ele>
   </trkpt>
   <trkpt lat="40.6194800" lon="-3.1445220">
    <ele>778.4</ele>
   </trkpt>
   <trkpt lat="40.6194570" lon="-3.1444920">
    <ele>778.4</ele>
   </trkpt>
   <trkpt lat="40.6194340" lon="-3.1444620">
    <ele>778.6</ele>
   </trkpt>
   <trkpt lat="40.6194150" lon="-3.1444280">
    <ele>778.8</ele>
   </trkpt>
   <trkpt lat="40.6193850" lon="-3.1443960">
    <ele>779.0</ele>
   </trkpt>
   <trkpt lat="40.6193540" lon="-3.1443660">
    <ele>779.0</ele>
   </trkpt>
   <trkpt lat="40.6193240" lon="-3.1443390">
    <ele>779.2</ele>
   </trkpt>
   <trkpt lat="40.6192890" lon="-3.1443110">
    <ele>779.2</ele>
   </trkpt>
   <trkpt lat="40.6192550" lon="-3.1442840">
    <ele>779.2</ele>
   </trkpt>
   <trkpt lat="40.6192210" lon="-3.1442580">
    <ele>779.4</ele>
   </trkpt>
   <trkpt lat="40.6191860" lon="-3.1442280">
    <ele>779.4</ele>
   </trkpt>
   <trkpt lat="40.6191560" lon="-3.1441980">
    <ele>779.6</ele>
   </trkpt>
   <trkpt lat="40.6191180" lon="-3.1441690">
    <ele>779.6</ele>
   </trkpt>
   <trkpt lat="40.6190870" lon="-3.1441420">
    <ele>779.6</ele>
   </trkpt>
   <trkpt lat="40.6190530" lon="-3.1441170">
    <ele>779.6</ele>
   </trkpt>
   <trkpt lat="40.6190190" lon="-3.1440920">
    <ele>779.8</ele>
   </trkpt>
   <trkpt lat="40.6189770" lon="-3.1440590">
    <ele>779.8</ele>
   </trkpt>
   <trkpt lat="40.6189460" lon="-3.1440210">
    <ele>779.8</ele>
   </trkpt>
   <trkpt lat="40.6189190" lon="-3.1439800">
    <ele>780.0</ele>
   </trkpt>
   <trkpt lat="40.6188930" lon="-3.1439360">
    <ele>780.0</ele>
   </trkpt>
   <trkpt lat="40.6188660" lon="-3.1438940">
    <ele>780.2</ele>
   </trkpt>
   <trkpt lat="40.6188350" lon="-3.1438540">
    <ele>780.2</ele>
   </trkpt>
   <trkpt lat="40.6188050" lon="-3.1438160">
    <ele>780.2</ele>
   </trkpt>
   <trkpt lat="40.6187740" lon="-3.1437770">
    <ele>780.2</ele>
   </trkpt>
   <trkpt lat="40.6187480" lon="-3.1437390">
    <ele>780.4</ele>
   </trkpt>
   <trkpt lat="40.6187210" lon="-3.1437020">
    <ele>780.4</ele>
   </trkpt>
   <trkpt lat="40.6186900" lon="-3.1436640">
    <ele>780.6</ele>
   </trkpt>
   <trkpt lat="40.6186560" lon="-3.1436260">
    <ele>780.6</ele>
   </trkpt>
   <trkpt lat="40.6186260" lon="-3.1435900">
    <ele>780.8</ele>
   </trkpt>
   <trkpt lat="40.6185950" lon="-3.1435530">
    <ele>780.8</ele>
   </trkpt>
   <trkpt lat="40.6185650" lon="-3.1435160">
    <ele>780.8</ele>
   </trkpt>
   <trkpt lat="40.6185340" lon="-3.1434810">
    <ele>781.0</ele>
   </trkpt>
   <trkpt lat="40.6185000" lon="-3.1434510">
    <ele>781.0</ele>
   </trkpt>
   <trkpt lat="40.6184620" lon="-3.1434210">
    <ele>781.0</ele>
   </trkpt>
   <trkpt lat="40.6184200" lon="-3.1433930">
    <ele>781.0</ele>
   </trkpt>
   <trkpt lat="40.6183780" lon="-3.1433680">
    <ele>781.0</ele>
   </trkpt>
   <trkpt lat="40.6183360" lon="-3.1433420">
    <ele>781.0</ele>
   </trkpt>
   <trkpt lat="40.6182900" lon="-3.1433170">
    <ele>781.2</ele>
   </trkpt>
   <trkpt lat="40.6182440" lon="-3.1432940">
    <ele>781.2</ele>
   </trkpt>
   <trkpt lat="40.6181980" lon="-3.1432740">
    <ele>781.4</ele>
   </trkpt>
   <trkpt lat="40.6181530" lon="-3.1432500">
    <ele>781.4</ele>
   </trkpt>
   <trkpt lat="40.6181070" lon="-3.1432260">
    <ele>781.6</ele>
   </trkpt>
   <trkpt lat="40.6180610" lon="-3.1431990">
    <ele>781.8</ele>
   </trkpt>
   <trkpt lat="40.6180230" lon="-3.1431710">
    <ele>781.8</ele>
   </trkpt>
   <trkpt lat="40.6179850" lon="-3.1431410">
    <ele>782.0</ele>
   </trkpt>
   <trkpt lat="40.6179430" lon="-3.1431110">
    <ele>782.2</ele>
   </trkpt>
   <trkpt lat="40.6179010" lon="-3.1430820">
    <ele>782.2</ele>
   </trkpt>
   <trkpt lat="40.6178590" lon="-3.1430500">
    <ele>782.4</ele>
   </trkpt>
   <trkpt lat="40.6178170" lon="-3.1430180">
    <ele>782.4</ele>
   </trkpt>
   <trkpt lat="40.6177790" lon="-3.1429850">
    <ele>782.6</ele>
   </trkpt>
   <trkpt lat="40.6177410" lon="-3.1429520">
    <ele>782.6</ele>
   </trkpt>
   <trkpt lat="40.6177020" lon="-3.1429160">
    <ele>782.8</ele>
   </trkpt>
   <trkpt lat="40.6176640" lon="-3.1428810">
    <ele>783.0</ele>
   </trkpt>
   <trkpt lat="40.6176260" lon="-3.1428440">
    <ele>783.0</ele>
   </trkpt>
   <trkpt lat="40.6175880" lon="-3.1428080">
    <ele>783.2</ele>
   </trkpt>
   <trkpt lat="40.6175500" lon="-3.1427720">
    <ele>783.4</ele>
   </trkpt>
   <trkpt lat="40.6175160" lon="-3.1427380">
    <ele>783.4</ele>
   </trkpt>
   <trkpt lat="40.6174770" lon="-3.1427050">
    <ele>783.6</ele>
   </trkpt>
   <trkpt lat="40.6174430" lon="-3.1426710">
    <ele>783.8</ele>
   </trkpt>
   <trkpt lat="40.6174130" lon="-3.1426360">
    <ele>784.0</ele>
   </trkpt>
   <trkpt lat="40.6173780" lon="-3.1425970">
    <ele>784.2</ele>
   </trkpt>
   <trkpt lat="40.6173440" lon="-3.1425570">
    <ele>784.4</ele>
   </trkpt>
   <trkpt lat="40.6173130" lon="-3.1425150">
    <ele>784.4</ele>
   </trkpt>
   <trkpt lat="40.6172830" lon="-3.1424710">
    <ele>784.6</ele>
   </trkpt>
   <trkpt lat="40.6172560" lon="-3.1424260">
    <ele>784.6</ele>
   </trkpt>
   <trkpt lat="40.6172290" lon="-3.1423800">
    <ele>784.8</ele>
   </trkpt>
   <trkpt lat="40.6171990" lon="-3.1423340">
    <ele>784.8</ele>
   </trkpt>
   <trkpt lat="40.6171680" lon="-3.1422880">
    <ele>785.0</ele>
   </trkpt>
   <trkpt lat="40.6171420" lon="-3.1422440">
    <ele>785.0</ele>
   </trkpt>
   <trkpt lat="40.6171110" lon="-3.1421970">
    <ele>785.2</ele>
   </trkpt>
   <trkpt lat="40.6170840" lon="-3.1421510">
    <ele>785.4</ele>
   </trkpt>
   <trkpt lat="40.6170540" lon="-3.1421070">
    <ele>785.6</ele>
   </trkpt>
   <trkpt lat="40.6170230" lon="-3.1420650">
    <ele>785.8</ele>
   </trkpt>
   <trkpt lat="40.6169930" lon="-3.1420210">
    <ele>786.0</ele>
   </trkpt>
   <trkpt lat="40.6169660" lon="-3.1419760">
    <ele>786.2</ele>
   </trkpt>
   <trkpt lat="40.6169400" lon="-3.1419330">
    <ele>786.4</ele>
   </trkpt>
   <trkpt lat="40.6169130" lon="-3.1418880">
    <ele>786.6</ele>
   </trkpt>
   <trkpt lat="40.6168900" lon="-3.1418430">
    <ele>786.8</ele>
   </trkpt>
   <trkpt lat="40.6168630" lon="-3.1418000">
    <ele>787.0</ele>
   </trkpt>
   <trkpt lat="40.6168400" lon="-3.1417580">
    <ele>787.2</ele>
   </trkpt>
   <trkpt lat="40.6168140" lon="-3.1417170">
    <ele>787.4</ele>
   </trkpt>
   <trkpt lat="40.6167910" lon="-3.1416760">
    <ele>787.8</ele>
   </trkpt>
   <trkpt lat="40.6167600" lon="-3.1416380">
    <ele>788.0</ele>
   </trkpt>
   <trkpt lat="40.6167340" lon="-3.1416030">
    <ele>788.0</ele>
   </trkpt>
   <trkpt lat="40.6167070" lon="-3.1415650">
    <ele>788.2</ele>
   </trkpt>
   <trkpt lat="40.6166840" lon="-3.1415220">
    <ele>788.4</ele>
   </trkpt>
   <trkpt lat="40.6166650" lon="-3.1414800">
    <ele>788.6</ele>
   </trkpt>
   <trkpt lat="40.6166420" lon="-3.1414380">
    <ele>788.8</ele>
   </trkpt>
   <trkpt lat="40.6166230" lon="-3.1413960">
    <ele>789.0</ele>
   </trkpt>
   <trkpt lat="40.6166000" lon="-3.1413560">
    <ele>789.2</ele>
   </trkpt>
   <trkpt lat="40.6165770" lon="-3.1413160">
    <ele>789.4</ele>
   </trkpt>
   <trkpt lat="40.6165500" lon="-3.1412780">
    <ele>789.6</ele>
   </trkpt>
   <trkpt lat="40.6165270" lon="-3.1412420">
    <ele>789.8</ele>
   </trkpt>
   <trkpt lat="40.6165050" lon="-3.1412080">
    <ele>790.2</ele>
   </trkpt>
   <trkpt lat="40.6164820" lon="-3.1411750">
    <ele>790.4</ele>
   </trkpt>
   <trkpt lat="40.6164630" lon="-3.1411410">
    <ele>790.6</ele>
   </trkpt>
   <trkpt lat="40.6164400" lon="-3.1411060">
    <ele>791.0</ele>
   </trkpt>
   <trkpt lat="40.6164210" lon="-3.1410720">
    <ele>791.2</ele>
   </trkpt>
   <trkpt lat="40.6163980" lon="-3.1410430">
    <ele>791.4</ele>
   </trkpt>
   <trkpt lat="40.6163670" lon="-3.1410190">
    <ele>791.6</ele>
   </trkpt>
   <trkpt lat="40.6163370" lon="-3.1409970">
    <ele>791.8</ele>
   </trkpt>
   <trkpt lat="40.6163060" lon="-3.1409730">
    <ele>792.0</ele>
   </trkpt>
   <trkpt lat="40.6162800" lon="-3.1409480">
    <ele>792.2</ele>
   </trkpt>
   <trkpt lat="40.6162530" lon="-3.1409190">
    <ele>792.4</ele>
   </trkpt>
   <trkpt lat="40.6162220" lon="-3.1408890">
    <ele>792.6</ele>
   </trkpt>
   <trkpt lat="40.6161920" lon="-3.1408570">
    <ele>792.8</ele>
   </trkpt>
   <trkpt lat="40.6161610" lon="-3.1408280">
    <ele>792.8</ele>
   </trkpt>
   <trkpt lat="40.6161350" lon="-3.1408030">
    <ele>793.0</ele>
   </trkpt>
   <trkpt lat="40.6161040" lon="-3.1407770">
    <ele>793.2</ele>
   </trkpt>
   <trkpt lat="40.6160770" lon="-3.1407510">
    <ele>793.2</ele>
   </trkpt>
   <trkpt lat="40.6160510" lon="-3.1407250">
    <ele>793.4</ele>
   </trkpt>
   <trkpt lat="40.6160240" lon="-3.1407010">
    <ele>793.6</ele>
   </trkpt>
   <trkpt lat="40.6159970" lon="-3.1406790">
    <ele>793.6</ele>
   </trkpt>
   <trkpt lat="40.6159670" lon="-3.1406550">
    <ele>793.8</ele>
   </trkpt>
   <trkpt lat="40.6159400" lon="-3.1406280">
    <ele>793.8</ele>
   </trkpt>
   <trkpt lat="40.6159130" lon="-3.1405990">
    <ele>794.0</ele>
   </trkpt>
   <trkpt lat="40.6158900" lon="-3.1405690">
    <ele>794.0</ele>
   </trkpt>
   <trkpt lat="40.6158680" lon="-3.1405330">
    <ele>794.2</ele>
   </trkpt>
   <trkpt lat="40.6158560" lon="-3.1404930">
    <ele>794.4</ele>
   </trkpt>
   <trkpt lat="40.6158490" lon="-3.1404570">
    <ele>794.4</ele>
   </trkpt>
   <trkpt lat="40.6158520" lon="-3.1404120">
    <ele>794.6</ele>
   </trkpt>
   <trkpt lat="40.6158560" lon="-3.1403690">
    <ele>794.8</ele>
   </trkpt>
   <trkpt lat="40.6158600" lon="-3.1403290">
    <ele>795.0</ele>
   </trkpt>
   <trkpt lat="40.6158600" lon="-3.1402910">
    <ele>795.2</ele>
   </trkpt>
   <trkpt lat="40.6158680" lon="-3.1402540">
    <ele>795.2</ele>
   </trkpt>
   <trkpt lat="40.6158750" lon="-3.1402130">
    <ele>795.4</ele>
   </trkpt>
   <trkpt lat="40.6158830" lon="-3.1401720">
    <ele>795.6</ele>
   </trkpt>
   <trkpt lat="40.6158870" lon="-3.1401300">
    <ele>795.8</ele>
   </trkpt>
   <trkpt lat="40.6158940" lon="-3.1400880">
    <ele>796.0</ele>
   </trkpt>
   <trkpt lat="40.6158940" lon="-3.1400460">
    <ele>796.2</ele>
   </trkpt>
   <trkpt lat="40.6158900" lon="-3.1400010">
    <ele>796.4</ele>
   </trkpt>
   <trkpt lat="40.6158790" lon="-3.1399560">
    <ele>796.6</ele>
   </trkpt>
   <trkpt lat="40.6158680" lon="-3.1399090">
    <ele>796.8</ele>
   </trkpt>
   <trkpt lat="40.6158560" lon="-3.1398650">
    <ele>797.0</ele>
   </trkpt>
   <trkpt lat="40.6158450" lon="-3.1398230">
    <ele>797.2</ele>
   </trkpt>
   <trkpt lat="40.6158260" lon="-3.1397830">
    <ele>797.4</ele>
   </trkpt>
   <trkpt lat="40.6158100" lon="-3.1397460">
    <ele>797.8</ele>
   </trkpt>
   <trkpt lat="40.6157910" lon="-3.1397120">
    <ele>798.0</ele>
   </trkpt>
   <trkpt lat="40.6157720" lon="-3.1396830">
    <ele>798.2</ele>
   </trkpt>
   <trkpt lat="40.6157530" lon="-3.1396530">
    <ele>798.6</ele>
   </trkpt>
   <trkpt lat="40.6157340" lon="-3.1396200">
    <ele>798.8</ele>
   </trkpt>
   <trkpt lat="40.6157110" lon="-3.1395840">
    <ele>798.8</ele>
   </trkpt>
   <trkpt lat="40.6156880" lon="-3.1395440">
    <ele>799.0</ele>
   </trkpt>
   <trkpt lat="40.6156730" lon="-3.1395030">
    <ele>799.2</ele>
   </trkpt>
   <trkpt lat="40.6156500" lon="-3.1394610">
    <ele>799.2</ele>
   </trkpt>
   <trkpt lat="40.6156310" lon="-3.1394120">
    <ele>799.2</ele>
   </trkpt>
   <trkpt lat="40.6156160" lon="-3.1393610">
    <ele>799.4</ele>
   </trkpt>
   <trkpt lat="40.6156040" lon="-3.1393100">
    <ele>799.4</ele>
   </trkpt>
   <trkpt lat="40.6155890" lon="-3.1392590">
    <ele>799.4</ele>
   </trkpt>
   <trkpt lat="40.6155740" lon="-3.1392120">
    <ele>799.6</ele>
   </trkpt>
   <trkpt lat="40.6155550" lon="-3.1391630">
    <ele>799.8</ele>
   </trkpt>
   <trkpt lat="40.6155400" lon="-3.1391140">
    <ele>800.0</ele>
   </trkpt>
   <trkpt lat="40.6155200" lon="-3.1390660">
    <ele>800.0</ele>
   </trkpt>
   <trkpt lat="40.6155050" lon="-3.1390190">
    <ele>800.2</ele>
   </trkpt>
   <trkpt lat="40.6154900" lon="-3.1389720">
    <ele>800.4</ele>
   </trkpt>
   <trkpt lat="40.6154790" lon="-3.1389240">
    <ele>800.6</ele>
   </trkpt>
   <trkpt lat="40.6154670" lon="-3.1388770">
    <ele>800.8</ele>
   </trkpt>
   <trkpt lat="40.6154560" lon="-3.1388290">
    <ele>801.0</ele>
   </trkpt>
   <trkpt lat="40.6154440" lon="-3.1387830">
    <ele>801.0</ele>
   </trkpt>
   <trkpt lat="40.6154330" lon="-3.1387400">
    <ele>801.2</ele>
   </trkpt>
   <trkpt lat="40.6154210" lon="-3.1386960">
    <ele>801.6</ele>
   </trkpt>
   <trkpt lat="40.6154140" lon="-3.1386530">
    <ele>801.6</ele>
   </trkpt>
   <trkpt lat="40.6154060" lon="-3.1386110">
    <ele>801.8</ele>
   </trkpt>
   <trkpt lat="40.6153950" lon="-3.1385680">
    <ele>802.0</ele>
   </trkpt>
   <trkpt lat="40.6153790" lon="-3.1385270">
    <ele>802.4</ele>
   </trkpt>
   <trkpt lat="40.6153720" lon="-3.1384850">
    <ele>802.6</ele>
   </trkpt>
   <trkpt lat="40.6153680" lon="-3.1384420">
    <ele>802.8</ele>
   </trkpt>
   <trkpt lat="40.6153600" lon="-3.1383980">
    <ele>803.0</ele>
   </trkpt>
   <trkpt lat="40.6153530" lon="-3.1383540">
    <ele>803.4</ele>
   </trkpt>
   <trkpt lat="40.6153490" lon="-3.1383100">
    <ele>803.6</ele>
   </trkpt>
   <trkpt lat="40.6153560" lon="-3.1382670">
    <ele>804.0</ele>
   </trkpt>
   <trkpt lat="40.6153600" lon="-3.1382240">
    <ele>804.2</ele>
   </trkpt>
   <trkpt lat="40.6153600" lon="-3.1381780">
    <ele>804.4</ele>
   </trkpt>
   <trkpt lat="40.6153560" lon="-3.1381330">
    <ele>804.8</ele>
   </trkpt>
   <trkpt lat="40.6153560" lon="-3.1380890">
    <ele>805.0</ele>
   </trkpt>
   <trkpt lat="40.6153530" lon="-3.1380450">
    <ele>805.4</ele>
   </trkpt>
   <trkpt lat="40.6153410" lon="-3.1380030">
    <ele>805.6</ele>
   </trkpt>
   <trkpt lat="40.6153220" lon="-3.1379630">
    <ele>805.6</ele>
   </trkpt>
   <trkpt lat="40.6152950" lon="-3.1379310">
    <ele>805.6</ele>
   </trkpt>
   <trkpt lat="40.6152690" lon="-3.1379030">
    <ele>805.8</ele>
   </trkpt>
   <trkpt lat="40.6152420" lon="-3.1378790">
    <ele>805.8</ele>
   </trkpt>
   <trkpt lat="40.6152110" lon="-3.1378580">
    <ele>805.8</ele>
   </trkpt>
   <trkpt lat="40.6151810" lon="-3.1378480">
    <ele>805.8</ele>
   </trkpt>
   <trkpt lat="40.6151500" lon="-3.1378490">
    <ele>805.8</ele>
   </trkpt>
   <trkpt lat="40.6151240" lon="-3.1378650">
    <ele>805.8</ele>
   </trkpt>
   <trkpt lat="40.6150970" lon="-3.1378940">
    <ele>805.8</ele>
   </trkpt>
   <trkpt lat="40.6150670" lon="-3.1379310">
    <ele>805.8</ele>
   </trkpt>
   <trkpt lat="40.6150360" lon="-3.1379710">
    <ele>805.6</ele>
   </trkpt>
   <trkpt lat="40.6150020" lon="-3.1380080">
    <ele>805.6</ele>
   </trkpt>
   <trkpt lat="40.6149600" lon="-3.1380380">
    <ele>805.6</ele>
   </trkpt>
   <trkpt lat="40.6149140" lon="-3.1380590">
    <ele>805.6</ele>
   </trkpt>
   <trkpt lat="40.6148680" lon="-3.1380710">
    <ele>805.8</ele>
   </trkpt>
   <trkpt lat="40.6148190" lon="-3.1380730">
    <ele>805.8</ele>
   </trkpt>
   <trkpt lat="40.6147690" lon="-3.1380720">
    <ele>805.8</ele>
   </trkpt>
   <trkpt lat="40.6147190" lon="-3.1380760">
    <ele>805.6</ele>
   </trkpt>
   <trkpt lat="40.6146740" lon="-3.1380800">
    <ele>805.6</ele>
   </trkpt>
   <trkpt lat="40.6146350" lon="-3.1380880">
    <ele>805.6</ele>
   </trkpt>
   <trkpt lat="40.6145970" lon="-3.1380930">
    <ele>805.4</ele>
   </trkpt>
   <trkpt lat="40.6145630" lon="-3.1381190">
    <ele>805.4</ele>
   </trkpt>
   <trkpt lat="40.6145290" lon="-3.1381630">
    <ele>805.2</ele>
   </trkpt>
   <trkpt lat="40.6144790" lon="-3.1382020">
    <ele>805.0</ele>
   </trkpt>
   <trkpt lat="40.6144330" lon="-3.1382420">
    <ele>805.0</ele>
   </trkpt>
   <trkpt lat="40.6143950" lon="-3.1382750">
    <ele>805.0</ele>
   </trkpt>
   <trkpt lat="40.6143680" lon="-3.1383030">
    <ele>805.0</ele>
   </trkpt>
   <trkpt lat="40.6143490" lon="-3.1383230">
    <ele>805.0</ele>
   </trkpt>
   <trkpt lat="40.6143260" lon="-3.1383360">
    <ele>805.0</ele>
   </trkpt>
   <trkpt lat="40.6143190" lon="-3.1383380">
    <ele>805.0</ele>
   </trkpt>
   <trkpt lat="40.6143070" lon="-3.1383290">
    <ele>805.0</ele>
   </trkpt>
   <trkpt lat="40.6142880" lon="-3.1382980">
    <ele>805.0</ele>
   </trkpt>
   <trkpt lat="40.6142650" lon="-3.1382560">
    <ele>805.2</ele>
   </trkpt>
   <trkpt lat="40.6142460" lon="-3.1382110">
    <ele>805.2</ele>
   </trkpt>
   <trkpt lat="40.6142230" lon="-3.1381660">
    <ele>805.4</ele>
   </trkpt>
   <trkpt lat="40.6142040" lon="-3.1381180">
    <ele>805.6</ele>
   </trkpt>
   <trkpt lat="40.6141810" lon="-3.1380700">
    <ele>805.6</ele>
   </trkpt>
   <trkpt lat="40.6141590" lon="-3.1380220">
    <ele>805.8</ele>
   </trkpt>
   <trkpt lat="40.6141320" lon="-3.1379710">
    <ele>806.0</ele>
   </trkpt>
   <trkpt lat="40.6141090" lon="-3.1379190">
    <ele>806.0</ele>
   </trkpt>
   <trkpt lat="40.6140820" lon="-3.1378640">
    <ele>806.2</ele>
   </trkpt>
   <trkpt lat="40.6140560" lon="-3.1378030">
    <ele>806.4</ele>
   </trkpt>
   <trkpt lat="40.6140290" lon="-3.1377430">
    <ele>806.6</ele>
   </trkpt>
   <trkpt lat="40.6140020" lon="-3.1376850">
    <ele>806.8</ele>
   </trkpt>
   <trkpt lat="40.6139720" lon="-3.1376290">
    <ele>807.2</ele>
   </trkpt>
   <trkpt lat="40.6139410" lon="-3.1375720">
    <ele>807.4</ele>
   </trkpt>
   <trkpt lat="40.6139140" lon="-3.1375170">
    <ele>807.6</ele>
   </trkpt>
   <trkpt lat="40.6138920" lon="-3.1374630">
    <ele>808.0</ele>
   </trkpt>
   <trkpt lat="40.6138690" lon="-3.1374070">
    <ele>808.2</ele>
   </trkpt>
   <trkpt lat="40.6138460" lon="-3.1373530">
    <ele>808.6</ele>
   </trkpt>
   <trkpt lat="40.6138230" lon="-3.1373000">
    <ele>808.8</ele>
   </trkpt>
   <trkpt lat="40.6138000" lon="-3.1372470">
    <ele>809.0</ele>
   </trkpt>
   <trkpt lat="40.6137810" lon="-3.1371930">
    <ele>809.2</ele>
   </trkpt>
   <trkpt lat="40.6137580" lon="-3.1371420">
    <ele>809.4</ele>
   </trkpt>
   <trkpt lat="40.6137310" lon="-3.1370920">
    <ele>809.6</ele>
   </trkpt>
   <trkpt lat="40.6137120" lon="-3.1370420">
    <ele>809.8</ele>
   </trkpt>
   <trkpt lat="40.6136890" lon="-3.1369920">
    <ele>810.0</ele>
   </trkpt>
   <trkpt lat="40.6136700" lon="-3.1369410">
    <ele>810.4</ele>
   </trkpt>
   <trkpt lat="40.6136510" lon="-3.1368900">
    <ele>810.6</ele>
   </trkpt>
   <trkpt lat="40.6136280" lon="-3.1368400">
    <ele>810.8</ele>
   </trkpt>
   <trkpt lat="40.6136050" lon="-3.1367920">
    <ele>811.2</ele>
   </trkpt>
   <trkpt lat="40.6135860" lon="-3.1367430">
    <ele>811.4</ele>
   </trkpt>
   <trkpt lat="40.6135670" lon="-3.1366920">
    <ele>811.6</ele>
   </trkpt>
   <trkpt lat="40.6135440" lon="-3.1366420">
    <ele>811.8</ele>
   </trkpt>
   <trkpt lat="40.6135250" lon="-3.1365930">
    <ele>812.2</ele>
   </trkpt>
   <trkpt lat="40.6135060" lon="-3.1365430">
    <ele>812.4</ele>
   </trkpt>
   <trkpt lat="40.6134870" lon="-3.1364940">
    <ele>812.8</ele>
   </trkpt>
   <trkpt lat="40.6134640" lon="-3.1364480">
    <ele>813.0</ele>
   </trkpt>
   <trkpt lat="40.6134380" lon="-3.1364030">
    <ele>813.2</ele>
   </trkpt>
   <trkpt lat="40.6134190" lon="-3.1363570">
    <ele>813.6</ele>
   </trkpt>
   <trkpt lat="40.6133990" lon="-3.1363110">
    <ele>813.8</ele>
   </trkpt>
   <trkpt lat="40.6133800" lon="-3.1362630">
    <ele>814.0</ele>
   </trkpt>
   <trkpt lat="40.6133610" lon="-3.1362150">
    <ele>814.2</ele>
   </trkpt>
   <trkpt lat="40.6133380" lon="-3.1361670">
    <ele>814.4</ele>
   </trkpt>
   <trkpt lat="40.6133190" lon="-3.1361180">
    <ele>814.6</ele>
   </trkpt>
   <trkpt lat="40.6133000" lon="-3.1360690">
    <ele>815.0</ele>
   </trkpt>
   <trkpt lat="40.6132810" lon="-3.1360200">
    <ele>815.2</ele>
   </trkpt>
   <trkpt lat="40.6132580" lon="-3.1359710">
    <ele>815.2</ele>
   </trkpt>
   <trkpt lat="40.6132390" lon="-3.1359260">
    <ele>815.4</ele>
   </trkpt>
   <trkpt lat="40.6132160" lon="-3.1358790">
    <ele>815.8</ele>
   </trkpt>
   <trkpt lat="40.6132010" lon="-3.1358340">
    <ele>816.0</ele>
   </trkpt>
   <trkpt lat="40.6131820" lon="-3.1357880">
    <ele>816.2</ele>
   </trkpt>
   <trkpt lat="40.6131670" lon="-3.1357430">
    <ele>816.4</ele>
   </trkpt>
   <trkpt lat="40.6131520" lon="-3.1356970">
    <ele>816.6</ele>
   </trkpt>
   <trkpt lat="40.6131360" lon="-3.1356510">
    <ele>816.8</ele>
   </trkpt>
   <trkpt lat="40.6131210" lon="-3.1356060">
    <ele>817.0</ele>
   </trkpt>
   <trkpt lat="40.6131020" lon="-3.1355610">
    <ele>817.2</ele>
   </trkpt>
   <trkpt lat="40.6130830" lon="-3.1355140">
    <ele>817.4</ele>
   </trkpt>
   <trkpt lat="40.6130680" lon="-3.1354690">
    <ele>817.8</ele>
   </trkpt>
   <trkpt lat="40.6130560" lon="-3.1354240">
    <ele>817.8</ele>
   </trkpt>
   <trkpt lat="40.6130370" lon="-3.1353770">
    <ele>818.0</ele>
   </trkpt>
   <trkpt lat="40.6130220" lon="-3.1353310">
    <ele>818.2</ele>
   </trkpt>
   <trkpt lat="40.6130070" lon="-3.1352840">
    <ele>818.4</ele>
   </trkpt>
   <trkpt lat="40.6129910" lon="-3.1352390">
    <ele>818.6</ele>
   </trkpt>
   <trkpt lat="40.6129760" lon="-3.1351940">
    <ele>818.8</ele>
   </trkpt>
   <trkpt lat="40.6129610" lon="-3.1351500">
    <ele>819.0</ele>
   </trkpt>
   <trkpt lat="40.6129460" lon="-3.1351060">
    <ele>819.2</ele>
   </trkpt>
   <trkpt lat="40.6129300" lon="-3.1350590">
    <ele>819.4</ele>
   </trkpt>
   <trkpt lat="40.6129150" lon="-3.1350140">
    <ele>819.6</ele>
   </trkpt>
   <trkpt lat="40.6129000" lon="-3.1349650">
    <ele>819.6</ele>
   </trkpt>
   <trkpt lat="40.6128840" lon="-3.1349170">
    <ele>819.8</ele>
   </trkpt>
   <trkpt lat="40.6128690" lon="-3.1348710">
    <ele>820.0</ele>
   </trkpt>
   <trkpt lat="40.6128500" lon="-3.1348240">
    <ele>820.2</ele>
   </trkpt>
   <trkpt lat="40.6128350" lon="-3.1347770">
    <ele>820.4</ele>
   </trkpt>
   <trkpt lat="40.6128230" lon="-3.1347320">
    <ele>820.6</ele>
   </trkpt>
   <trkpt lat="40.6128120" lon="-3.1346910">
    <ele>820.8</ele>
   </trkpt>
   <trkpt lat="40.6127930" lon="-3.1346390">
    <ele>821.0</ele>
   </trkpt>
   <trkpt lat="40.6127780" lon="-3.1345950">
    <ele>821.2</ele>
   </trkpt>
   <trkpt lat="40.6127660" lon="-3.1345530">
    <ele>821.6</ele>
   </trkpt>
   <trkpt lat="40.6127510" lon="-3.1345120">
    <ele>821.8</ele>
   </trkpt>
   <trkpt lat="40.6127400" lon="-3.1344700">
    <ele>822.0</ele>
   </trkpt>
   <trkpt lat="40.6127240" lon="-3.1344280">
    <ele>822.2</ele>
   </trkpt>
   <trkpt lat="40.6127130" lon="-3.1343850">
    <ele>822.4</ele>
   </trkpt>
   <trkpt lat="40.6126980" lon="-3.1343430">
    <ele>822.4</ele>
   </trkpt>
   <trkpt lat="40.6126820" lon="-3.1343020">
    <ele>822.6</ele>
   </trkpt>
   <trkpt lat="40.6126670" lon="-3.1342590">
    <ele>822.8</ele>
   </trkpt>
   <trkpt lat="40.6126560" lon="-3.1342170">
    <ele>823.0</ele>
   </trkpt>
   <trkpt lat="40.6126400" lon="-3.1341770">
    <ele>823.2</ele>
   </trkpt>
   <trkpt lat="40.6126290" lon="-3.1341370">
    <ele>823.6</ele>
   </trkpt>
   <trkpt lat="40.6126180" lon="-3.1340970">
    <ele>823.8</ele>
   </trkpt>
   <trkpt lat="40.6126020" lon="-3.1340570">
    <ele>824.0</ele>
   </trkpt>
   <trkpt lat="40.6125910" lon="-3.1340150">
    <ele>824.0</ele>
   </trkpt>
   <trkpt lat="40.6125790" lon="-3.1339750">
    <ele>824.2</ele>
   </trkpt>
   <trkpt lat="40.6125640" lon="-3.1339370">
    <ele>824.4</ele>
   </trkpt>
   <trkpt lat="40.6125530" lon="-3.1338950">
    <ele>824.6</ele>
   </trkpt>
   <trkpt lat="40.6125410" lon="-3.1338540">
    <ele>824.8</ele>
   </trkpt>
   <trkpt lat="40.6125340" lon="-3.1338130">
    <ele>825.0</ele>
   </trkpt>
   <trkpt lat="40.6125220" lon="-3.1337700">
    <ele>825.4</ele>
   </trkpt>
   <trkpt lat="40.6125070" lon="-3.1337270">
    <ele>825.6</ele>
   </trkpt>
   <trkpt lat="40.6124990" lon="-3.1336850">
    <ele>825.8</ele>
   </trkpt>
   <trkpt lat="40.6124920" lon="-3.1336410">
    <ele>826.0</ele>
   </trkpt>
   <trkpt lat="40.6124880" lon="-3.1335980">
    <ele>826.2</ele>
   </trkpt>
   <trkpt lat="40.6124800" lon="-3.1335570">
    <ele>826.2</ele>
   </trkpt>
   <trkpt lat="40.6124760" lon="-3.1335150">
    <ele>826.4</ele>
   </trkpt>
   <trkpt lat="40.6124730" lon="-3.1334740">
    <ele>826.6</ele>
   </trkpt>
   <trkpt lat="40.6124650" lon="-3.1334350">
    <ele>826.8</ele>
   </trkpt>
   <trkpt lat="40.6124610" lon="-3.1333930">
    <ele>827.0</ele>
   </trkpt>
   <trkpt lat="40.6124530" lon="-3.1333510">
    <ele>827.2</ele>
   </trkpt>
   <trkpt lat="40.6124530" lon="-3.1333080">
    <ele>827.4</ele>
   </trkpt>
   <trkpt lat="40.6124500" lon="-3.1332660">
    <ele>827.8</ele>
   </trkpt>
   <trkpt lat="40.6124460" lon="-3.1332230">
    <ele>827.8</ele>
   </trkpt>
   <trkpt lat="40.6124500" lon="-3.1331800">
    <ele>828.0</ele>
   </trkpt>
   <trkpt lat="40.6124460" lon="-3.1331360">
    <ele>828.2</ele>
   </trkpt>
   <trkpt lat="40.6124460" lon="-3.1330930">
    <ele>828.4</ele>
   </trkpt>
   <trkpt lat="40.6124420" lon="-3.1330490">
    <ele>828.6</ele>
   </trkpt>
   <trkpt lat="40.6124380" lon="-3.1330020">
    <ele>828.8</ele>
   </trkpt>
   <trkpt lat="40.6124380" lon="-3.1329550">
    <ele>829.0</ele>
   </trkpt>
   <trkpt lat="40.6124340" lon="-3.1329120">
    <ele>829.2</ele>
   </trkpt>
   <trkpt lat="40.6124340" lon="-3.1328690">
    <ele>829.4</ele>
   </trkpt>
   <trkpt lat="40.6124380" lon="-3.1328260">
    <ele>829.4</ele>
   </trkpt>
   <trkpt lat="40.6124380" lon="-3.1327810">
    <ele>829.6</ele>
   </trkpt>
   <trkpt lat="40.6124380" lon="-3.1327360">
    <ele>829.8</ele>
   </trkpt>
   <trkpt lat="40.6124380" lon="-3.1326930">
    <ele>830.0</ele>
   </trkpt>
   <trkpt lat="40.6124380" lon="-3.1326480">
    <ele>830.2</ele>
   </trkpt>
   <trkpt lat="40.6124420" lon="-3.1326060">
    <ele>830.4</ele>
   </trkpt>
   <trkpt lat="40.6124420" lon="-3.1325640">
    <ele>830.4</ele>
   </trkpt>
   <trkpt lat="40.6124460" lon="-3.1325230">
    <ele>830.6</ele>
   </trkpt>
   <trkpt lat="40.6124460" lon="-3.1324790">
    <ele>830.8</ele>
   </trkpt>
   <trkpt lat="40.6124420" lon="-3.1324340">
    <ele>831.0</ele>
   </trkpt>
   <trkpt lat="40.6124420" lon="-3.1323900">
    <ele>831.2</ele>
   </trkpt>
   <trkpt lat="40.6124420" lon="-3.1323470">
    <ele>831.2</ele>
   </trkpt>
   <trkpt lat="40.6124420" lon="-3.1323050">
    <ele>831.4</ele>
   </trkpt>
   <trkpt lat="40.6124420" lon="-3.1322630">
    <ele>831.4</ele>
   </trkpt>
   <trkpt lat="40.6124380" lon="-3.1322210">
    <ele>831.6</ele>
   </trkpt>
   <trkpt lat="40.6124380" lon="-3.1321780">
    <ele>831.8</ele>
   </trkpt>
   <trkpt lat="40.6124380" lon="-3.1321330">
    <ele>831.8</ele>
   </trkpt>
   <trkpt lat="40.6124380" lon="-3.1320890">
    <ele>832.0</ele>
   </trkpt>
   <trkpt lat="40.6124380" lon="-3.1320480">
    <ele>832.2</ele>
   </trkpt>
   <trkpt lat="40.6124380" lon="-3.1320050">
    <ele>832.4</ele>
   </trkpt>
   <trkpt lat="40.6124380" lon="-3.1319610">
    <ele>832.6</ele>
   </trkpt>
   <trkpt lat="40.6124420" lon="-3.1319160">
    <ele>832.8</ele>
   </trkpt>
   <trkpt lat="40.6124380" lon="-3.1318710">
    <ele>833.0</ele>
   </trkpt>
   <trkpt lat="40.6124420" lon="-3.1318260">
    <ele>833.2</ele>
   </trkpt>
   <trkpt lat="40.6124420" lon="-3.1317830">
    <ele>833.4</ele>
   </trkpt>
   <trkpt lat="40.6124500" lon="-3.1317380">
    <ele>833.6</ele>
   </trkpt>
   <trkpt lat="40.6124530" lon="-3.1316950">
    <ele>833.6</ele>
   </trkpt>
   <trkpt lat="40.6124530" lon="-3.1316530">
    <ele>833.8</ele>
   </trkpt>
   <trkpt lat="40.6124530" lon="-3.1316100">
    <ele>834.0</ele>
   </trkpt>
   <trkpt lat="40.6124570" lon="-3.1315670">
    <ele>834.2</ele>
   </trkpt>
   <trkpt lat="40.6124570" lon="-3.1315230">
    <ele>834.4</ele>
   </trkpt>
   <trkpt lat="40.6124610" lon="-3.1314800">
    <ele>834.6</ele>
   </trkpt>
   <trkpt lat="40.6124690" lon="-3.1314370">
    <ele>834.6</ele>
   </trkpt>
   <trkpt lat="40.6124760" lon="-3.1313950">
    <ele>834.8</ele>
   </trkpt>
   <trkpt lat="40.6124840" lon="-3.1313510">
    <ele>835.0</ele>
   </trkpt>
   <trkpt lat="40.6124920" lon="-3.1313090">
    <ele>835.2</ele>
   </trkpt>
   <trkpt lat="40.6124990" lon="-3.1312670">
    <ele>835.2</ele>
   </trkpt>
   <trkpt lat="40.6125070" lon="-3.1312250">
    <ele>835.4</ele>
   </trkpt>
   <trkpt lat="40.6125180" lon="-3.1311840">
    <ele>835.6</ele>
   </trkpt>
   <trkpt lat="40.6125260" lon="-3.1311440">
    <ele>835.6</ele>
   </trkpt>
   <trkpt lat="40.6125340" lon="-3.1311030">
    <ele>835.8</ele>
   </trkpt>
   <trkpt lat="40.6125410" lon="-3.1310610">
    <ele>836.0</ele>
   </trkpt>
   <trkpt lat="40.6125450" lon="-3.1310160">
    <ele>836.2</ele>
   </trkpt>
   <trkpt lat="40.6125490" lon="-3.1309740">
    <ele>836.4</ele>
   </trkpt>
   <trkpt lat="40.6125600" lon="-3.1309340">
    <ele>836.4</ele>
   </trkpt>
   <trkpt lat="40.6125680" lon="-3.1308930">
    <ele>836.6</ele>
   </trkpt>
   <trkpt lat="40.6125760" lon="-3.1308490">
    <ele>836.8</ele>
   </trkpt>
   <trkpt lat="40.6125830" lon="-3.1308060">
    <ele>837.0</ele>
   </trkpt>
   <trkpt lat="40.6125870" lon="-3.1307630">
    <ele>837.0</ele>
   </trkpt>
   <trkpt lat="40.6125910" lon="-3.1307220">
    <ele>837.2</ele>
   </trkpt>
   <trkpt lat="40.6125950" lon="-3.1306820">
    <ele>837.4</ele>
   </trkpt>
   <trkpt lat="40.6126020" lon="-3.1306400">
    <ele>837.6</ele>
   </trkpt>
   <trkpt lat="40.6126060" lon="-3.1305980">
    <ele>837.8</ele>
   </trkpt>
   <trkpt lat="40.6126100" lon="-3.1305550">
    <ele>838.0</ele>
   </trkpt>
   <trkpt lat="40.6126210" lon="-3.1305120">
    <ele>838.2</ele>
   </trkpt>
   <trkpt lat="40.6126330" lon="-3.1304720">
    <ele>838.4</ele>
   </trkpt>
   <trkpt lat="40.6126400" lon="-3.1304290">
    <ele>838.6</ele>
   </trkpt>
   <trkpt lat="40.6126480" lon="-3.1303840">
    <ele>838.8</ele>
   </trkpt>
   <trkpt lat="40.6126520" lon="-3.1303380">
    <ele>839.0</ele>
   </trkpt>
   <trkpt lat="40.6126590" lon="-3.1302930">
    <ele>839.2</ele>
   </trkpt>
   <trkpt lat="40.6126630" lon="-3.1302480">
    <ele>839.4</ele>
   </trkpt>
   <trkpt lat="40.6126710" lon="-3.1302020">
    <ele>839.6</ele>
   </trkpt>
   <trkpt lat="40.6126790" lon="-3.1301570">
    <ele>839.8</ele>
   </trkpt>
   <trkpt lat="40.6126860" lon="-3.1301150">
    <ele>840.2</ele>
   </trkpt>
   <trkpt lat="40.6126940" lon="-3.1300750">
    <ele>840.2</ele>
   </trkpt>
   <trkpt lat="40.6127090" lon="-3.1300370">
    <ele>840.4</ele>
   </trkpt>
   <trkpt lat="40.6127170" lon="-3.1299980">
    <ele>840.6</ele>
   </trkpt>
   <trkpt lat="40.6127240" lon="-3.1299580">
    <ele>840.8</ele>
   </trkpt>
   <trkpt lat="40.6127320" lon="-3.1299170">
    <ele>841.0</ele>
   </trkpt>
   <trkpt lat="40.6127400" lon="-3.1298750">
    <ele>841.0</ele>
   </trkpt>
   <trkpt lat="40.6127430" lon="-3.1298330">
    <ele>841.4</ele>
   </trkpt>
   <trkpt lat="40.6127510" lon="-3.1297900">
    <ele>841.4</ele>
   </trkpt>
   <trkpt lat="40.6127590" lon="-3.1297480">
    <ele>841.8</ele>
   </trkpt>
   <trkpt lat="40.6127660" lon="-3.1297070">
    <ele>842.0</ele>
   </trkpt>
   <trkpt lat="40.6127740" lon="-3.1296680">
    <ele>842.2</ele>
   </trkpt>
   <trkpt lat="40.6127820" lon="-3.1296270">
    <ele>842.4</ele>
   </trkpt>
   <trkpt lat="40.6127850" lon="-3.1295850">
    <ele>842.6</ele>
   </trkpt>
   <trkpt lat="40.6127970" lon="-3.1295440">
    <ele>842.8</ele>
   </trkpt>
   <trkpt lat="40.6128040" lon="-3.1295050">
    <ele>843.0</ele>
   </trkpt>
   <trkpt lat="40.6128160" lon="-3.1294650">
    <ele>843.2</ele>
   </trkpt>
   <trkpt lat="40.6128230" lon="-3.1294260">
    <ele>843.4</ele>
   </trkpt>
   <trkpt lat="40.6128310" lon="-3.1293850">
    <ele>843.6</ele>
   </trkpt>
   <trkpt lat="40.6128390" lon="-3.1293450">
    <ele>843.8</ele>
   </trkpt>
   <trkpt lat="40.6128460" lon="-3.1293040">
    <ele>843.8</ele>
   </trkpt>
   <trkpt lat="40.6128540" lon="-3.1292630">
    <ele>844.0</ele>
   </trkpt>
   <trkpt lat="40.6128650" lon="-3.1292200">
    <ele>844.2</ele>
   </trkpt>
   <trkpt lat="40.6128770" lon="-3.1291780">
    <ele>844.4</ele>
   </trkpt>
   <trkpt lat="40.6128880" lon="-3.1291380">
    <ele>844.6</ele>
   </trkpt>
   <trkpt lat="40.6129000" lon="-3.1290990">
    <ele>844.8</ele>
   </trkpt>
   <trkpt lat="40.6129070" lon="-3.1290560">
    <ele>845.0</ele>
   </trkpt>
   <trkpt lat="40.6129190" lon="-3.1290150">
    <ele>845.2</ele>
   </trkpt>
   <trkpt lat="40.6129300" lon="-3.1289730">
    <ele>845.6</ele>
   </trkpt>
   <trkpt lat="40.6129420" lon="-3.1289320">
    <ele>845.8</ele>
   </trkpt>
   <trkpt lat="40.6129530" lon="-3.1288900">
    <ele>846.0</ele>
   </trkpt>
   <trkpt lat="40.6129650" lon="-3.1288480">
    <ele>846.2</ele>
   </trkpt>
   <trkpt lat="40.6129760" lon="-3.1288060">
    <ele>846.4</ele>
   </trkpt>
   <trkpt lat="40.6129910" lon="-3.1287660">
    <ele>846.4</ele>
   </trkpt>
   <trkpt lat="40.6129990" lon="-3.1287210">
    <ele>846.6</ele>
   </trkpt>
   <trkpt lat="40.6130100" lon="-3.1286790">
    <ele>846.8</ele>
   </trkpt>
   <trkpt lat="40.6130260" lon="-3.1286370">
    <ele>847.0</ele>
   </trkpt>
   <trkpt lat="40.6130410" lon="-3.1285950">
    <ele>847.2</ele>
   </trkpt>
   <trkpt lat="40.6130560" lon="-3.1285550">
    <ele>847.4</ele>
   </trkpt>
   <trkpt lat="40.6130750" lon="-3.1285150">
    <ele>847.6</ele>
   </trkpt>
   <trkpt lat="40.6130900" lon="-3.1284730">
    <ele>847.8</ele>
   </trkpt>
   <trkpt lat="40.6131020" lon="-3.1284320">
    <ele>847.8</ele>
   </trkpt>
   <trkpt lat="40.6131170" lon="-3.1283900">
    <ele>848.0</ele>
   </trkpt>
   <trkpt lat="40.6131320" lon="-3.1283500">
    <ele>848.2</ele>
   </trkpt>
   <trkpt lat="40.6131480" lon="-3.1283080">
    <ele>848.4</ele>
   </trkpt>
   <trkpt lat="40.6131630" lon="-3.1282670">
    <ele>848.6</ele>
   </trkpt>
   <trkpt lat="40.6131820" lon="-3.1282270">
    <ele>848.8</ele>
   </trkpt>
   <trkpt lat="40.6132010" lon="-3.1281840">
    <ele>849.0</ele>
   </trkpt>
   <trkpt lat="40.6132160" lon="-3.1281470">
    <ele>849.2</ele>
   </trkpt>
   <trkpt lat="40.6132320" lon="-3.1281080">
    <ele>849.4</ele>
   </trkpt>
   <trkpt lat="40.6132470" lon="-3.1280690">
    <ele>849.6</ele>
   </trkpt>
   <trkpt lat="40.6132580" lon="-3.1280300">
    <ele>849.8</ele>
   </trkpt>
   <trkpt lat="40.6132700" lon="-3.1279910">
    <ele>850.0</ele>
   </trkpt>
   <trkpt lat="40.6132850" lon="-3.1279530">
    <ele>850.2</ele>
   </trkpt>
   <trkpt lat="40.6133000" lon="-3.1279150">
    <ele>850.4</ele>
   </trkpt>
   <trkpt lat="40.6133120" lon="-3.1278760">
    <ele>850.6</ele>
   </trkpt>
   <trkpt lat="40.6133270" lon="-3.1278370">
    <ele>850.8</ele>
   </trkpt>
   <trkpt lat="40.6133420" lon="-3.1277990">
    <ele>851.0</ele>
   </trkpt>
   <trkpt lat="40.6133540" lon="-3.1277580">
    <ele>851.2</ele>
   </trkpt>
   <trkpt lat="40.6133690" lon="-3.1277180">
    <ele>851.4</ele>
   </trkpt>
   <trkpt lat="40.6133800" lon="-3.1276770">
    <ele>851.8</ele>
   </trkpt>
   <trkpt lat="40.6133920" lon="-3.1276350">
    <ele>851.8</ele>
   </trkpt>
   <trkpt lat="40.6134070" lon="-3.1275960">
    <ele>852.0</ele>
   </trkpt>
   <trkpt lat="40.6134220" lon="-3.1275570">
    <ele>852.2</ele>
   </trkpt>
   <trkpt lat="40.6134340" lon="-3.1275190">
    <ele>852.4</ele>
   </trkpt>
   <trkpt lat="40.6134490" lon="-3.1274790">
    <ele>852.6</ele>
   </trkpt>
   <trkpt lat="40.6134640" lon="-3.1274380">
    <ele>852.8</ele>
   </trkpt>
   <trkpt lat="40.6134760" lon="-3.1273970">
    <ele>852.8</ele>
   </trkpt>
   <trkpt lat="40.6134870" lon="-3.1273570">
    <ele>853.0</ele>
   </trkpt>
   <trkpt lat="40.6135020" lon="-3.1273190">
    <ele>853.2</ele>
   </trkpt>
   <trkpt lat="40.6135140" lon="-3.1272780">
    <ele>853.4</ele>
   </trkpt>
   <trkpt lat="40.6135290" lon="-3.1272360">
    <ele>853.6</ele>
   </trkpt>
   <trkpt lat="40.6135410" lon="-3.1271930">
    <ele>853.8</ele>
   </trkpt>
   <trkpt lat="40.6135560" lon="-3.1271520">
    <ele>853.8</ele>
   </trkpt>
   <trkpt lat="40.6135710" lon="-3.1271100">
    <ele>854.2</ele>
   </trkpt>
   <trkpt lat="40.6135860" lon="-3.1270690">
    <ele>854.4</ele>
   </trkpt>
   <trkpt lat="40.6136020" lon="-3.1270290">
    <ele>854.6</ele>
   </trkpt>
   <trkpt lat="40.6136170" lon="-3.1269920">
    <ele>854.8</ele>
   </trkpt>
   <trkpt lat="40.6136320" lon="-3.1269520">
    <ele>855.0</ele>
   </trkpt>
   <trkpt lat="40.6136470" lon="-3.1269120">
    <ele>855.2</ele>
   </trkpt>
   <trkpt lat="40.6136590" lon="-3.1268740">
    <ele>855.4</ele>
   </trkpt>
   <trkpt lat="40.6136740" lon="-3.1268340">
    <ele>855.6</ele>
   </trkpt>
   <trkpt lat="40.6136890" lon="-3.1267960">
    <ele>855.8</ele>
   </trkpt>
   <trkpt lat="40.6137050" lon="-3.1267570">
    <ele>856.0</ele>
   </trkpt>
   <trkpt lat="40.6137200" lon="-3.1267170">
    <ele>856.2</ele>
   </trkpt>
   <trkpt lat="40.6137350" lon="-3.1266790">
    <ele>856.4</ele>
   </trkpt>
   <trkpt lat="40.6137470" lon="-3.1266410">
    <ele>856.6</ele>
   </trkpt>
   <trkpt lat="40.6137580" lon="-3.1266000">
    <ele>856.8</ele>
   </trkpt>
   <trkpt lat="40.6137700" lon="-3.1265610">
    <ele>857.0</ele>
   </trkpt>
   <trkpt lat="40.6137810" lon="-3.1265240">
    <ele>857.4</ele>
   </trkpt>
   <trkpt lat="40.6138000" lon="-3.1264890">
    <ele>857.6</ele>
   </trkpt>
   <trkpt lat="40.6138150" lon="-3.1264540">
    <ele>857.8</ele>
   </trkpt>
   <trkpt lat="40.6138340" lon="-3.1264170">
    <ele>858.0</ele>
   </trkpt>
   <trkpt lat="40.6138460" lon="-3.1263770">
    <ele>858.2</ele>
   </trkpt>
   <trkpt lat="40.6138570" lon="-3.1263370">
    <ele>858.4</ele>
   </trkpt>
   <trkpt lat="40.6138730" lon="-3.1263020">
    <ele>858.6</ele>
   </trkpt>
   <trkpt lat="40.6138920" lon="-3.1262680">
    <ele>858.8</ele>
   </trkpt>
   <trkpt lat="40.6139140" lon="-3.1262320">
    <ele>858.8</ele>
   </trkpt>
   <trkpt lat="40.6139340" lon="-3.1261960">
    <ele>859.0</ele>
   </trkpt>
   <trkpt lat="40.6139490" lon="-3.1261610">
    <ele>859.2</ele>
   </trkpt>
   <trkpt lat="40.6139680" lon="-3.1261260">
    <ele>859.4</ele>
   </trkpt>
   <trkpt lat="40.6139790" lon="-3.1260890">
    <ele>859.8</ele>
   </trkpt>
   <trkpt lat="40.6139950" lon="-3.1260530">
    <ele>860.0</ele>
   </trkpt>
   <trkpt lat="40.6140140" lon="-3.1260190">
    <ele>860.0</ele>
   </trkpt>
   <trkpt lat="40.6140290" lon="-3.1259850">
    <ele>860.2</ele>
   </trkpt>
   <trkpt lat="40.6140520" lon="-3.1259520">
    <ele>860.4</ele>
   </trkpt>
   <trkpt lat="40.6140710" lon="-3.1259230">
    <ele>860.6</ele>
   </trkpt>
   <trkpt lat="40.6140940" lon="-3.1258960">
    <ele>860.8</ele>
   </trkpt>
   <trkpt lat="40.6141130" lon="-3.1258720">
    <ele>861.0</ele>
   </trkpt>
   <trkpt lat="40.6141320" lon="-3.1258450">
    <ele>861.2</ele>
   </trkpt>
   <trkpt lat="40.6141510" lon="-3.1258160">
    <ele>861.4</ele>
   </trkpt>
   <trkpt lat="40.6141740" lon="-3.1257850">
    <ele>861.6</ele>
   </trkpt>
   <trkpt lat="40.6141930" lon="-3.1257530">
    <ele>861.8</ele>
   </trkpt>
   <trkpt lat="40.6142200" lon="-3.1257150">
    <ele>862.0</ele>
   </trkpt>
   <trkpt lat="40.6142460" lon="-3.1256760">
    <ele>862.2</ele>
   </trkpt>
   <trkpt lat="40.6142690" lon="-3.1256420">
    <ele>862.4</ele>
   </trkpt>
   <trkpt lat="40.6142850" lon="-3.1256060">
    <ele>862.6</ele>
   </trkpt>
   <trkpt lat="40.6143040" lon="-3.1255690">
    <ele>862.8</ele>
   </trkpt>
   <trkpt lat="40.6143150" lon="-3.1255300">
    <ele>863.0</ele>
   </trkpt>
   <trkpt lat="40.6143230" lon="-3.1254890">
    <ele>863.0</ele>
   </trkpt>
   <trkpt lat="40.6143340" lon="-3.1254540">
    <ele>863.2</ele>
   </trkpt>
   <trkpt lat="40.6143460" lon="-3.1254200">
    <ele>863.4</ele>
   </trkpt>
   <trkpt lat="40.6143610" lon="-3.1253850">
    <ele>863.6</ele>
   </trkpt>
   <trkpt lat="40.6143720" lon="-3.1253510">
    <ele>863.8</ele>
   </trkpt>
   <trkpt lat="40.6143840" lon="-3.1253140">
    <ele>864.0</ele>
   </trkpt>
   <trkpt lat="40.6143950" lon="-3.1252740">
    <ele>864.2</ele>
   </trkpt>
   <trkpt lat="40.6144030" lon="-3.1252340">
    <ele>864.4</ele>
   </trkpt>
   <trkpt lat="40.6144140" lon="-3.1251940">
    <ele>864.6</ele>
   </trkpt>
   <trkpt lat="40.6144220" lon="-3.1251550">
    <ele>864.8</ele>
   </trkpt>
   <trkpt lat="40.6144260" lon="-3.1251130">
    <ele>865.2</ele>
   </trkpt>
   <trkpt lat="40.6144330" lon="-3.1250720">
    <ele>865.4</ele>
   </trkpt>
   <trkpt lat="40.6144410" lon="-3.1250350">
    <ele>865.6</ele>
   </trkpt>
   <trkpt lat="40.6144450" lon="-3.1249930">
    <ele>865.8</ele>
   </trkpt>
   <trkpt lat="40.6144450" lon="-3.1249510">
    <ele>866.0</ele>
   </trkpt>
   <trkpt lat="40.6144450" lon="-3.1249120">
    <ele>866.2</ele>
   </trkpt>
   <trkpt lat="40.6144410" lon="-3.1248720">
    <ele>866.4</ele>
   </trkpt>
   <trkpt lat="40.6144370" lon="-3.1248320">
    <ele>866.8</ele>
   </trkpt>
   <trkpt lat="40.6144330" lon="-3.1247920">
    <ele>867.0</ele>
   </trkpt>
   <trkpt lat="40.6144290" lon="-3.1247520">
    <ele>867.2</ele>
   </trkpt>
   <trkpt lat="40.6144260" lon="-3.1247100">
    <ele>867.4</ele>
   </trkpt>
   <trkpt lat="40.6144220" lon="-3.1246680">
    <ele>867.6</ele>
   </trkpt>
   <trkpt lat="40.6144140" lon="-3.1246260">
    <ele>867.8</ele>
   </trkpt>
   <trkpt lat="40.6144070" lon="-3.1245850">
    <ele>868.0</ele>
   </trkpt>
   <trkpt lat="40.6144030" lon="-3.1245440">
    <ele>868.2</ele>
   </trkpt>
   <trkpt lat="40.6143910" lon="-3.1245040">
    <ele>868.6</ele>
   </trkpt>
   <trkpt lat="40.6143800" lon="-3.1244640">
    <ele>868.8</ele>
   </trkpt>
   <trkpt lat="40.6143720" lon="-3.1244240">
    <ele>869.0</ele>
   </trkpt>
   <trkpt lat="40.6143610" lon="-3.1243840">
    <ele>869.2</ele>
   </trkpt>
   <trkpt lat="40.6143460" lon="-3.1243460">
    <ele>869.4</ele>
   </trkpt>
   <trkpt lat="40.6143340" lon="-3.1243070">
    <ele>869.6</ele>
   </trkpt>
   <trkpt lat="40.6143190" lon="-3.1242660">
    <ele>869.8</ele>
   </trkpt>
   <trkpt lat="40.6143070" lon="-3.1242250">
    <ele>870.0</ele>
   </trkpt>
   <trkpt lat="40.6142920" lon="-3.1241850">
    <ele>870.2</ele>
   </trkpt>
   <trkpt lat="40.6142730" lon="-3.1241450">
    <ele>870.4</ele>
   </trkpt>
   <trkpt lat="40.6142540" lon="-3.1241070">
    <ele>870.6</ele>
   </trkpt>
   <trkpt lat="40.6142350" lon="-3.1240700">
    <ele>870.8</ele>
   </trkpt>
   <trkpt lat="40.6142160" lon="-3.1240310">
    <ele>871.2</ele>
   </trkpt>
   <trkpt lat="40.6141970" lon="-3.1239960">
    <ele>871.4</ele>
   </trkpt>
   <trkpt lat="40.6141810" lon="-3.1239570">
    <ele>871.6</ele>
   </trkpt>
   <trkpt lat="40.6141660" lon="-3.1239190">
    <ele>871.8</ele>
   </trkpt>
   <trkpt lat="40.6141470" lon="-3.1238830">
    <ele>872.2</ele>
   </trkpt>
   <trkpt lat="40.6141320" lon="-3.1238460">
    <ele>872.4</ele>
   </trkpt>
   <trkpt lat="40.6141170" lon="-3.1238080">
    <ele>872.6</ele>
   </trkpt>
   <trkpt lat="40.6141010" lon="-3.1237710">
    <ele>872.8</ele>
   </trkpt>
   <trkpt lat="40.6140860" lon="-3.1237370">
    <ele>873.0</ele>
   </trkpt>
   <trkpt lat="40.6140710" lon="-3.1236990">
    <ele>873.2</ele>
   </trkpt>
   <trkpt lat="40.6140560" lon="-3.1236640">
    <ele>873.4</ele>
   </trkpt>
   <trkpt lat="40.6140370" lon="-3.1236270">
    <ele>873.8</ele>
   </trkpt>
   <trkpt lat="40.6140250" lon="-3.1235890">
    <ele>874.0</ele>
   </trkpt>
   <trkpt lat="40.6140100" lon="-3.1235500">
    <ele>874.2</ele>
   </trkpt>
   <trkpt lat="40.6139980" lon="-3.1235080">
    <ele>874.4</ele>
   </trkpt>
   <trkpt lat="40.6139870" lon="-3.1234630">
    <ele>874.6</ele>
   </trkpt>
   <trkpt lat="40.6139720" lon="-3.1234140">
    <ele>874.8</ele>
   </trkpt>
   <trkpt lat="40.6139560" lon="-3.1233690">
    <ele>875.0</ele>
   </trkpt>
   <trkpt lat="40.6139490" lon="-3.1233280">
    <ele>875.2</ele>
   </trkpt>
   <trkpt lat="40.6139410" lon="-3.1232910">
    <ele>875.4</ele>
   </trkpt>
   <trkpt lat="40.6139300" lon="-3.1232540">
    <ele>875.6</ele>
   </trkpt>
   <trkpt lat="40.6139220" lon="-3.1232130">
    <ele>875.8</ele>
   </trkpt>
   <trkpt lat="40.6139140" lon="-3.1231730">
    <ele>876.0</ele>
   </trkpt>
   <trkpt lat="40.6139070" lon="-3.1231320">
    <ele>876.2</ele>
   </trkpt>
   <trkpt lat="40.6139030" lon="-3.1230910">
    <ele>876.4</ele>
   </trkpt>
   <trkpt lat="40.6138990" lon="-3.1230470">
    <ele>876.6</ele>
   </trkpt>
   <trkpt lat="40.6138920" lon="-3.1230030">
    <ele>876.8</ele>
   </trkpt>
   <trkpt lat="40.6138920" lon="-3.1229620">
    <ele>877.0</ele>
   </trkpt>
   <trkpt lat="40.6138920" lon="-3.1229230">
    <ele>877.2</ele>
   </trkpt>
   <trkpt lat="40.6138920" lon="-3.1228820">
    <ele>877.4</ele>
   </trkpt>
   <trkpt lat="40.6138880" lon="-3.1228380">
    <ele>877.6</ele>
   </trkpt>
   <trkpt lat="40.6138840" lon="-3.1227960">
    <ele>877.8</ele>
   </trkpt>
   <trkpt lat="40.6138760" lon="-3.1227610">
    <ele>878.0</ele>
   </trkpt>
   <trkpt lat="40.6138730" lon="-3.1227240">
    <ele>878.2</ele>
   </trkpt>
   <trkpt lat="40.6138800" lon="-3.1226850">
    <ele>878.6</ele>
   </trkpt>
   <trkpt lat="40.6138840" lon="-3.1226430">
    <ele>878.8</ele>
   </trkpt>
   <trkpt lat="40.6138880" lon="-3.1226050">
    <ele>879.0</ele>
   </trkpt>
   <trkpt lat="40.6138920" lon="-3.1225650">
    <ele>879.2</ele>
   </trkpt>
   <trkpt lat="40.6138990" lon="-3.1225250">
    <ele>879.4</ele>
   </trkpt>
   <trkpt lat="40.6139030" lon="-3.1224820">
    <ele>879.4</ele>
   </trkpt>
   <trkpt lat="40.6139110" lon="-3.1224410">
    <ele>879.8</ele>
   </trkpt>
   <trkpt lat="40.6139180" lon="-3.1224000">
    <ele>880.0</ele>
   </trkpt>
   <trkpt lat="40.6139260" lon="-3.1223580">
    <ele>880.2</ele>
   </trkpt>
   <trkpt lat="40.6139370" lon="-3.1223180">
    <ele>880.4</ele>
   </trkpt>
   <trkpt lat="40.6139450" lon="-3.1222780">
    <ele>880.4</ele>
   </trkpt>
   <trkpt lat="40.6139530" lon="-3.1222380">
    <ele>880.6</ele>
   </trkpt>
   <trkpt lat="40.6139640" lon="-3.1221980">
    <ele>880.8</ele>
   </trkpt>
   <trkpt lat="40.6139720" lon="-3.1221560">
    <ele>881.0</ele>
   </trkpt>
   <trkpt lat="40.6139830" lon="-3.1221150">
    <ele>881.2</ele>
   </trkpt>
   <trkpt lat="40.6139950" lon="-3.1220760">
    <ele>881.4</ele>
   </trkpt>
   <trkpt lat="40.6140100" lon="-3.1220360">
    <ele>881.6</ele>
   </trkpt>
   <trkpt lat="40.6140210" lon="-3.1219970">
    <ele>881.8</ele>
   </trkpt>
   <trkpt lat="40.6140330" lon="-3.1219590">
    <ele>882.0</ele>
   </trkpt>
   <trkpt lat="40.6140480" lon="-3.1219180">
    <ele>882.2</ele>
   </trkpt>
   <trkpt lat="40.6140590" lon="-3.1218780">
    <ele>882.4</ele>
   </trkpt>
   <trkpt lat="40.6140710" lon="-3.1218370">
    <ele>882.6</ele>
   </trkpt>
   <trkpt lat="40.6140820" lon="-3.1217970">
    <ele>882.8</ele>
   </trkpt>
   <trkpt lat="40.6140980" lon="-3.1217580">
    <ele>883.0</ele>
   </trkpt>
   <trkpt lat="40.6141130" lon="-3.1217180">
    <ele>883.2</ele>
   </trkpt>
   <trkpt lat="40.6141240" lon="-3.1216760">
    <ele>883.6</ele>
   </trkpt>
   <trkpt lat="40.6141400" lon="-3.1216370">
    <ele>883.8</ele>
   </trkpt>
   <trkpt lat="40.6141550" lon="-3.1215970">
    <ele>884.0</ele>
   </trkpt>
   <trkpt lat="40.6141700" lon="-3.1215580">
    <ele>884.2</ele>
   </trkpt>
   <trkpt lat="40.6141810" lon="-3.1215190">
    <ele>884.4</ele>
   </trkpt>
   <trkpt lat="40.6141930" lon="-3.1214820">
    <ele>884.6</ele>
   </trkpt>
   <trkpt lat="40.6142040" lon="-3.1214450">
    <ele>884.8</ele>
   </trkpt>
   <trkpt lat="40.6142160" lon="-3.1214070">
    <ele>885.0</ele>
   </trkpt>
   <trkpt lat="40.6142230" lon="-3.1213670">
    <ele>885.2</ele>
   </trkpt>
   <trkpt lat="40.6142350" lon="-3.1213290">
    <ele>885.4</ele>
   </trkpt>
   <trkpt lat="40.6142460" lon="-3.1212910">
    <ele>885.6</ele>
   </trkpt>
   <trkpt lat="40.6142620" lon="-3.1212520">
    <ele>885.8</ele>
   </trkpt>
   <trkpt lat="40.6142730" lon="-3.1212130">
    <ele>886.0</ele>
   </trkpt>
   <trkpt lat="40.6142880" lon="-3.1211740">
    <ele>886.2</ele>
   </trkpt>
   <trkpt lat="40.6143000" lon="-3.1211360">
    <ele>886.4</ele>
   </trkpt>
   <trkpt lat="40.6143190" lon="-3.1210970">
    <ele>886.6</ele>
   </trkpt>
   <trkpt lat="40.6143340" lon="-3.1210600">
    <ele>886.8</ele>
   </trkpt>
   <trkpt lat="40.6143460" lon="-3.1210230">
    <ele>887.0</ele>
   </trkpt>
   <trkpt lat="40.6143720" lon="-3.1209880">
    <ele>887.2</ele>
   </trkpt>
   <trkpt lat="40.6144030" lon="-3.1209530">
    <ele>887.6</ele>
   </trkpt>
   <trkpt lat="40.6144330" lon="-3.1209120">
    <ele>887.8</ele>
   </trkpt>
   <trkpt lat="40.6144560" lon="-3.1208670">
    <ele>888.0</ele>
   </trkpt>
   <trkpt lat="40.6144750" lon="-3.1208210">
    <ele>888.2</ele>
   </trkpt>
   <trkpt lat="40.6144940" lon="-3.1207780">
    <ele>888.6</ele>
   </trkpt>
   <trkpt lat="40.6145060" lon="-3.1207400">
    <ele>888.8</ele>
   </trkpt>
   <trkpt lat="40.6145210" lon="-3.1207090">
    <ele>889.0</ele>
   </trkpt>
   <trkpt lat="40.6145440" lon="-3.1206840">
    <ele>889.2</ele>
   </trkpt>
   <trkpt lat="40.6145590" lon="-3.1206640">
    <ele>889.4</ele>
   </trkpt>
   <trkpt lat="40.6145780" lon="-3.1206430">
    <ele>889.8</ele>
   </trkpt>
   <trkpt lat="40.6145970" lon="-3.1206210">
    <ele>890.0</ele>
   </trkpt>
   <trkpt lat="40.6146200" lon="-3.1205950">
    <ele>890.2</ele>
   </trkpt>
   <trkpt lat="40.6146350" lon="-3.1205720">
    <ele>890.4</ele>
   </trkpt>
   <trkpt lat="40.6146510" lon="-3.1205490">
    <ele>890.6</ele>
   </trkpt>
   <trkpt lat="40.6146700" lon="-3.1205250">
    <ele>891.0</ele>
   </trkpt>
   <trkpt lat="40.6146850" lon="-3.1205000">
    <ele>891.2</ele>
   </trkpt>
   <trkpt lat="40.6146930" lon="-3.1204730">
    <ele>891.4</ele>
   </trkpt>
   <trkpt lat="40.6147000" lon="-3.1204440">
    <ele>891.6</ele>
   </trkpt>
   <trkpt lat="40.6147080" lon="-3.1204150">
    <ele>891.8</ele>
   </trkpt>
   <trkpt lat="40.6147160" lon="-3.1203840">
    <ele>892.0</ele>
   </trkpt>
   <trkpt lat="40.6147190" lon="-3.1203540">
    <ele>892.2</ele>
   </trkpt>
   <trkpt lat="40.6147230" lon="-3.1203220">
    <ele>892.4</ele>
   </trkpt>
   <trkpt lat="40.6147230" lon="-3.1202910">
    <ele>892.6</ele>
   </trkpt>
   <trkpt lat="40.6147230" lon="-3.1202600">
    <ele>892.8</ele>
   </trkpt>
   <trkpt lat="40.6147230" lon="-3.1202260">
    <ele>893.0</ele>
   </trkpt>
   <trkpt lat="40.6147230" lon="-3.1201920">
    <ele>893.2</ele>
   </trkpt>
   <trkpt lat="40.6147160" lon="-3.1201610">
    <ele>893.4</ele>
   </trkpt>
   <trkpt lat="40.6147120" lon="-3.1201340">
    <ele>893.6</ele>
   </trkpt>
   <trkpt lat="40.6147080" lon="-3.1201030">
    <ele>893.8</ele>
   </trkpt>
   <trkpt lat="40.6147040" lon="-3.1200710">
    <ele>894.0</ele>
   </trkpt>
   <trkpt lat="40.6147000" lon="-3.1200360">
    <ele>894.2</ele>
   </trkpt>
   <trkpt lat="40.6146930" lon="-3.1200030">
    <ele>894.4</ele>
   </trkpt>
   <trkpt lat="40.6146850" lon="-3.1199700">
    <ele>894.6</ele>
   </trkpt>
   <trkpt lat="40.6146810" lon="-3.1199370">
    <ele>894.8</ele>
   </trkpt>
   <trkpt lat="40.6146740" lon="-3.1199040">
    <ele>894.8</ele>
   </trkpt>
   <trkpt lat="40.6146700" lon="-3.1198720">
    <ele>895.0</ele>
   </trkpt>
   <trkpt lat="40.6146700" lon="-3.1198380">
    <ele>895.2</ele>
   </trkpt>
   <trkpt lat="40.6146700" lon="-3.1198030">
    <ele>895.2</ele>
   </trkpt>
   <trkpt lat="40.6146700" lon="-3.1197680">
    <ele>895.4</ele>
   </trkpt>
   <trkpt lat="40.6146660" lon="-3.1197320">
    <ele>895.6</ele>
   </trkpt>
   <trkpt lat="40.6146620" lon="-3.1196980">
    <ele>895.8</ele>
   </trkpt>
   <trkpt lat="40.6146620" lon="-3.1196630">
    <ele>895.8</ele>
   </trkpt>
   <trkpt lat="40.6146620" lon="-3.1196300">
    <ele>896.0</ele>
   </trkpt>
   <trkpt lat="40.6146620" lon="-3.1195970">
    <ele>896.2</ele>
   </trkpt>
   <trkpt lat="40.6146660" lon="-3.1195600">
    <ele>896.4</ele>
   </trkpt>
   <trkpt lat="40.6146660" lon="-3.1195250">
    <ele>896.4</ele>
   </trkpt>
   <trkpt lat="40.6146620" lon="-3.1194870">
    <ele>896.6</ele>
   </trkpt>
   <trkpt lat="40.6146580" lon="-3.1194470">
    <ele>896.8</ele>
   </trkpt>
   <trkpt lat="40.6146580" lon="-3.1194060">
    <ele>896.8</ele>
   </trkpt>
   <trkpt lat="40.6146620" lon="-3.1193650">
    <ele>897.0</ele>
   </trkpt>
   <trkpt lat="40.6146620" lon="-3.1193250">
    <ele>897.2</ele>
   </trkpt>
   <trkpt lat="40.6146620" lon="-3.1192840">
    <ele>897.2</ele>
   </trkpt>
   <trkpt lat="40.6146620" lon="-3.1192420">
    <ele>897.4</ele>
   </trkpt>
   <trkpt lat="40.6146660" lon="-3.1192000">
    <ele>897.6</ele>
   </trkpt>
   <trkpt lat="40.6146700" lon="-3.1191580">
    <ele>897.8</ele>
   </trkpt>
   <trkpt lat="40.6146740" lon="-3.1191170">
    <ele>897.8</ele>
   </trkpt>
   <trkpt lat="40.6146770" lon="-3.1190760">
    <ele>898.0</ele>
   </trkpt>
   <trkpt lat="40.6146810" lon="-3.1190340">
    <ele>898.2</ele>
   </trkpt>
   <trkpt lat="40.6146850" lon="-3.1189920">
    <ele>898.4</ele>
   </trkpt>
   <trkpt lat="40.6146850" lon="-3.1189500">
    <ele>898.6</ele>
   </trkpt>
   <trkpt lat="40.6146890" lon="-3.1189070">
    <ele>898.8</ele>
   </trkpt>
   <trkpt lat="40.6146930" lon="-3.1188660">
    <ele>898.8</ele>
   </trkpt>
   <trkpt lat="40.6146960" lon="-3.1188250">
    <ele>899.0</ele>
   </trkpt>
   <trkpt lat="40.6147000" lon="-3.1187850">
    <ele>899.2</ele>
   </trkpt>
   <trkpt lat="40.6147040" lon="-3.1187450">
    <ele>899.4</ele>
   </trkpt>
   <trkpt lat="40.6147080" lon="-3.1187040">
    <ele>899.6</ele>
   </trkpt>
   <trkpt lat="40.6147120" lon="-3.1186640">
    <ele>899.8</ele>
   </trkpt>
   <trkpt lat="40.6147160" lon="-3.1186220">
    <ele>899.8</ele>
   </trkpt>
   <trkpt lat="40.6147230" lon="-3.1185820">
    <ele>900.0</ele>
   </trkpt>
   <trkpt lat="40.6147270" lon="-3.1185440">
    <ele>900.2</ele>
   </trkpt>
   <trkpt lat="40.6147270" lon="-3.1185050">
    <ele>900.4</ele>
   </trkpt>
   <trkpt lat="40.6147270" lon="-3.1184660">
    <ele>900.6</ele>
   </trkpt>
   <trkpt lat="40.6147350" lon="-3.1184270">
    <ele>900.6</ele>
   </trkpt>
   <trkpt lat="40.6147380" lon="-3.1183880">
    <ele>900.8</ele>
   </trkpt>
   <trkpt lat="40.6147420" lon="-3.1183490">
    <ele>901.0</ele>
   </trkpt>
   <trkpt lat="40.6147460" lon="-3.1183080">
    <ele>901.2</ele>
   </trkpt>
   <trkpt lat="40.6147460" lon="-3.1182680">
    <ele>901.4</ele>
   </trkpt>
   <trkpt lat="40.6147460" lon="-3.1182300">
    <ele>901.4</ele>
   </trkpt>
   <trkpt lat="40.6147500" lon="-3.1181900">
    <ele>901.6</ele>
   </trkpt>
   <trkpt lat="40.6147570" lon="-3.1181500">
    <ele>901.8</ele>
   </trkpt>
   <trkpt lat="40.6147650" lon="-3.1181100">
    <ele>902.0</ele>
   </trkpt>
   <trkpt lat="40.6147730" lon="-3.1180700">
    <ele>902.2</ele>
   </trkpt>
   <trkpt lat="40.6147800" lon="-3.1180300">
    <ele>902.4</ele>
   </trkpt>
   <trkpt lat="40.6147840" lon="-3.1179900">
    <ele>902.6</ele>
   </trkpt>
   <trkpt lat="40.6147920" lon="-3.1179500">
    <ele>902.8</ele>
   </trkpt>
   <trkpt lat="40.6147990" lon="-3.1179090">
    <ele>902.8</ele>
   </trkpt>
   <trkpt lat="40.6148070" lon="-3.1178660">
    <ele>903.0</ele>
   </trkpt>
   <trkpt lat="40.6148150" lon="-3.1178250">
    <ele>903.2</ele>
   </trkpt>
   <trkpt lat="40.6148220" lon="-3.1177830">
    <ele>903.4</ele>
   </trkpt>
   <trkpt lat="40.6148260" lon="-3.1177410">
    <ele>903.6</ele>
   </trkpt>
   <trkpt lat="40.6148300" lon="-3.1177000">
    <ele>903.6</ele>
   </trkpt>
   <trkpt lat="40.6148340" lon="-3.1176580">
    <ele>903.8</ele>
   </trkpt>
   <trkpt lat="40.6148380" lon="-3.1176140">
    <ele>903.8</ele>
   </trkpt>
   <trkpt lat="40.6148450" lon="-3.1175670">
    <ele>904.0</ele>
   </trkpt>
   <trkpt lat="40.6148530" lon="-3.1175220">
    <ele>904.2</ele>
   </trkpt>
   <trkpt lat="40.6148610" lon="-3.1174760">
    <ele>904.4</ele>
   </trkpt>
   <trkpt lat="40.6148680" lon="-3.1174290">
    <ele>904.6</ele>
   </trkpt>
   <trkpt lat="40.6148760" lon="-3.1173810">
    <ele>904.8</ele>
   </trkpt>
   <trkpt lat="40.6148870" lon="-3.1173360">
    <ele>905.0</ele>
   </trkpt>
   <trkpt lat="40.6148950" lon="-3.1172930">
    <ele>905.0</ele>
   </trkpt>
   <trkpt lat="40.6149020" lon="-3.1172490">
    <ele>905.4</ele>
   </trkpt>
   <trkpt lat="40.6149100" lon="-3.1172040">
    <ele>905.6</ele>
   </trkpt>
   <trkpt lat="40.6149140" lon="-3.1171600">
    <ele>905.8</ele>
   </trkpt>
   <trkpt lat="40.6149220" lon="-3.1171160">
    <ele>905.8</ele>
   </trkpt>
   <trkpt lat="40.6149290" lon="-3.1170730">
    <ele>906.0</ele>
   </trkpt>
   <trkpt lat="40.6149370" lon="-3.1170300">
    <ele>906.2</ele>
   </trkpt>
   <trkpt lat="40.6149440" lon="-3.1169870">
    <ele>906.4</ele>
   </trkpt>
   <trkpt lat="40.6149520" lon="-3.1169450">
    <ele>906.6</ele>
   </trkpt>
   <trkpt lat="40.6149640" lon="-3.1169020">
    <ele>906.6</ele>
   </trkpt>
   <trkpt lat="40.6149750" lon="-3.1168600">
    <ele>906.8</ele>
   </trkpt>
   <trkpt lat="40.6149860" lon="-3.1168170">
    <ele>907.0</ele>
   </trkpt>
   <trkpt lat="40.6149980" lon="-3.1167800">
    <ele>907.2</ele>
   </trkpt>
   <trkpt lat="40.6150130" lon="-3.1167450">
    <ele>907.4</ele>
   </trkpt>
   <trkpt lat="40.6150320" lon="-3.1167120">
    <ele>907.6</ele>
   </trkpt>
   <trkpt lat="40.6150510" lon="-3.1166800">
    <ele>907.8</ele>
   </trkpt>
   <trkpt lat="40.6150700" lon="-3.1166480">
    <ele>908.0</ele>
   </trkpt>
   <trkpt lat="40.6150860" lon="-3.1166150">
    <ele>908.2</ele>
   </trkpt>
   <trkpt lat="40.6150970" lon="-3.1165770">
    <ele>908.2</ele>
   </trkpt>
   <trkpt lat="40.6151080" lon="-3.1165390">
    <ele>908.4</ele>
   </trkpt>
   <trkpt lat="40.6151160" lon="-3.1165010">
    <ele>908.6</ele>
   </trkpt>
   <trkpt lat="40.6151200" lon="-3.1164640">
    <ele>908.6</ele>
   </trkpt>
   <trkpt lat="40.6151160" lon="-3.1164240">
    <ele>908.8</ele>
   </trkpt>
   <trkpt lat="40.6151050" lon="-3.1163850">
    <ele>909.0</ele>
   </trkpt>
   <trkpt lat="40.6150860" lon="-3.1163520">
    <ele>909.2</ele>
   </trkpt>
   <trkpt lat="40.6150630" lon="-3.1163240">
    <ele>909.4</ele>
   </trkpt>
   <trkpt lat="40.6150320" lon="-3.1163060">
    <ele>909.6</ele>
   </trkpt>
   <trkpt lat="40.6149980" lon="-3.1162940">
    <ele>909.8</ele>
   </trkpt>
   <trkpt lat="40.6149600" lon="-3.1162870">
    <ele>910.0</ele>
   </trkpt>
   <trkpt lat="40.6149290" lon="-3.1162810">
    <ele>910.2</ele>
   </trkpt>
   <trkpt lat="40.6148910" lon="-3.1162760">
    <ele>910.2</ele>
   </trkpt>
   <trkpt lat="40.6148570" lon="-3.1162730">
    <ele>910.4</ele>
   </trkpt>
   <trkpt lat="40.6148220" lon="-3.1162720">
    <ele>910.6</ele>
   </trkpt>
   <trkpt lat="40.6147880" lon="-3.1162730">
    <ele>910.8</ele>
   </trkpt>
   <trkpt lat="40.6147540" lon="-3.1162790">
    <ele>910.8</ele>
   </trkpt>
   <trkpt lat="40.6147190" lon="-3.1162860">
    <ele>911.0</ele>
   </trkpt>
   <trkpt lat="40.6146850" lon="-3.1162990">
    <ele>911.2</ele>
   </trkpt>
   <trkpt lat="40.6146550" lon="-3.1163190">
    <ele>911.2</ele>
   </trkpt>
   <trkpt lat="40.6146240" lon="-3.1163470">
    <ele>911.4</ele>
   </trkpt>
   <trkpt lat="40.6145970" lon="-3.1163800">
    <ele>911.6</ele>
   </trkpt>
   <trkpt lat="40.6145740" lon="-3.1164140">
    <ele>911.8</ele>
   </trkpt>
   <trkpt lat="40.6145520" lon="-3.1164500">
    <ele>912.0</ele>
   </trkpt>
   <trkpt lat="40.6145320" lon="-3.1164900">
    <ele>912.2</ele>
   </trkpt>
   <trkpt lat="40.6145170" lon="-3.1165310">
    <ele>912.4</ele>
   </trkpt>
   <trkpt lat="40.6144980" lon="-3.1165710">
    <ele>912.6</ele>
   </trkpt>
   <trkpt lat="40.6144830" lon="-3.1166110">
    <ele>912.8</ele>
   </trkpt>
   <trkpt lat="40.6144680" lon="-3.1166510">
    <ele>913.0</ele>
   </trkpt>
   <trkpt lat="40.6144490" lon="-3.1166920">
    <ele>913.0</ele>
   </trkpt>
   <trkpt lat="40.6144330" lon="-3.1167300">
    <ele>913.2</ele>
   </trkpt>
   <trkpt lat="40.6144180" lon="-3.1167700">
    <ele>913.4</ele>
   </trkpt>
   <trkpt lat="40.6143990" lon="-3.1168110">
    <ele>913.6</ele>
   </trkpt>
   <trkpt lat="40.6143840" lon="-3.1168510">
    <ele>913.8</ele>
   </trkpt>
   <trkpt lat="40.6143680" lon="-3.1168910">
    <ele>913.8</ele>
   </trkpt>
   <trkpt lat="40.6143490" lon="-3.1169330">
    <ele>914.0</ele>
   </trkpt>
   <trkpt lat="40.6143340" lon="-3.1169750">
    <ele>914.2</ele>
   </trkpt>
   <trkpt lat="40.6143190" lon="-3.1170130">
    <ele>914.4</ele>
   </trkpt>
   <trkpt lat="40.6143000" lon="-3.1170500">
    <ele>914.6</ele>
   </trkpt>
   <trkpt lat="40.6142850" lon="-3.1170880">
    <ele>914.6</ele>
   </trkpt>
   <trkpt lat="40.6142690" lon="-3.1171300">
    <ele>914.8</ele>
   </trkpt>
   <trkpt lat="40.6142540" lon="-3.1171690">
    <ele>915.0</ele>
   </trkpt>
   <trkpt lat="40.6142390" lon="-3.1172090">
    <ele>915.2</ele>
   </trkpt>
   <trkpt lat="40.6142200" lon="-3.1172480">
    <ele>915.4</ele>
   </trkpt>
   <trkpt lat="40.6142040" lon="-3.1172870">
    <ele>915.6</ele>
   </trkpt>
   <trkpt lat="40.6141850" lon="-3.1173240">
    <ele>916.0</ele>
   </trkpt>
   <trkpt lat="40.6141620" lon="-3.1173580">
    <ele>916.2</ele>
   </trkpt>
   <trkpt lat="40.6141430" lon="-3.1173910">
    <ele>916.2</ele>
   </trkpt>
   <trkpt lat="40.6141200" lon="-3.1174250">
    <ele>916.4</ele>
   </trkpt>
   <trkpt lat="40.6140980" lon="-3.1174580">
    <ele>916.8</ele>
   </trkpt>
   <trkpt lat="40.6140750" lon="-3.1174910">
    <ele>916.8</ele>
   </trkpt>
   <trkpt lat="40.6140480" lon="-3.1175260">
    <ele>917.0</ele>
   </trkpt>
   <trkpt lat="40.6140210" lon="-3.1175590">
    <ele>917.2</ele>
   </trkpt>
   <trkpt lat="40.6139980" lon="-3.1175890">
    <ele>917.4</ele>
   </trkpt>
   <trkpt lat="40.6139760" lon="-3.1176210">
    <ele>917.6</ele>
   </trkpt>
   <trkpt lat="40.6139530" lon="-3.1176540">
    <ele>917.8</ele>
   </trkpt>
   <trkpt lat="40.6139300" lon="-3.1176880">
    <ele>918.0</ele>
   </trkpt>
   <trkpt lat="40.6139070" lon="-3.1177220">
    <ele>918.0</ele>
   </trkpt>
   <trkpt lat="40.6138840" lon="-3.1177560">
    <ele>918.2</ele>
   </trkpt>
   <trkpt lat="40.6138610" lon="-3.1177910">
    <ele>918.4</ele>
   </trkpt>
   <trkpt lat="40.6138340" lon="-3.1178260">
    <ele>918.6</ele>
   </trkpt>
   <trkpt lat="40.6138080" lon="-3.1178630">
    <ele>918.8</ele>
   </trkpt>
   <trkpt lat="40.6137850" lon="-3.1179000">
    <ele>918.8</ele>
   </trkpt>
   <trkpt lat="40.6137620" lon="-3.1179370">
    <ele>919.0</ele>
   </trkpt>
   <trkpt lat="40.6137350" lon="-3.1179750">
    <ele>919.2</ele>
   </trkpt>
   <trkpt lat="40.6137050" lon="-3.1180130">
    <ele>919.4</ele>
   </trkpt>
   <trkpt lat="40.6136780" lon="-3.1180500">
    <ele>919.6</ele>
   </trkpt>
   <trkpt lat="40.6136510" lon="-3.1180880">
    <ele>919.8</ele>
   </trkpt>
   <trkpt lat="40.6136280" lon="-3.1181240">
    <ele>920.0</ele>
   </trkpt>
   <trkpt lat="40.6136020" lon="-3.1181600">
    <ele>920.2</ele>
   </trkpt>
   <trkpt lat="40.6135750" lon="-3.1181950">
    <ele>920.4</ele>
   </trkpt>
   <trkpt lat="40.6135440" lon="-3.1182320">
    <ele>920.6</ele>
   </trkpt>
   <trkpt lat="40.6135180" lon="-3.1182700">
    <ele>920.8</ele>
   </trkpt>
   <trkpt lat="40.6134910" lon="-3.1183080">
    <ele>921.0</ele>
   </trkpt>
   <trkpt lat="40.6134640" lon="-3.1183430">
    <ele>921.2</ele>
   </trkpt>
   <trkpt lat="40.6134380" lon="-3.1183770">
    <ele>921.4</ele>
   </trkpt>
   <trkpt lat="40.6134110" lon="-3.1184110">
    <ele>921.6</ele>
   </trkpt>
   <trkpt lat="40.6133840" lon="-3.1184440">
    <ele>921.8</ele>
   </trkpt>
   <trkpt lat="40.6133500" lon="-3.1184770">
    <ele>922.0</ele>
   </trkpt>
   <trkpt lat="40.6133160" lon="-3.1185090">
    <ele>922.0</ele>
   </trkpt>
   <trkpt lat="40.6132810" lon="-3.1185380">
    <ele>922.2</ele>
   </trkpt>
   <trkpt lat="40.6132470" lon="-3.1185620">
    <ele>922.4</ele>
   </trkpt>
   <trkpt lat="40.6132090" lon="-3.1185810">
    <ele>922.6</ele>
   </trkpt>
   <trkpt lat="40.6131710" lon="-3.1185950">
    <ele>922.8</ele>
   </trkpt>
   <trkpt lat="40.6131290" lon="-3.1186040">
    <ele>923.0</ele>
   </trkpt>
   <trkpt lat="40.6130900" lon="-3.1186080">
    <ele>923.2</ele>
   </trkpt>
   <trkpt lat="40.6130490" lon="-3.1186080">
    <ele>923.2</ele>
   </trkpt>
   <trkpt lat="40.6130100" lon="-3.1186030">
    <ele>923.4</ele>
   </trkpt>
   <trkpt lat="40.6129720" lon="-3.1185930">
    <ele>923.4</ele>
   </trkpt>
   <trkpt lat="40.6129340" lon="-3.1185830">
    <ele>923.6</ele>
   </trkpt>
   <trkpt lat="40.6128920" lon="-3.1185710">
    <ele>923.8</ele>
   </trkpt>
   <trkpt lat="40.6128540" lon="-3.1185560">
    <ele>923.8</ele>
   </trkpt>
   <trkpt lat="40.6128200" lon="-3.1185410">
    <ele>924.0</ele>
   </trkpt>
   <trkpt lat="40.6127780" lon="-3.1185260">
    <ele>924.0</ele>
   </trkpt>
   <trkpt lat="40.6127360" lon="-3.1185120">
    <ele>924.2</ele>
   </trkpt>
   <trkpt lat="40.6126980" lon="-3.1184960">
    <ele>924.2</ele>
   </trkpt>
   <trkpt lat="40.6126560" lon="-3.1184770">
    <ele>924.2</ele>
   </trkpt>
   <trkpt lat="40.6126180" lon="-3.1184600">
    <ele>924.2</ele>
   </trkpt>
   <trkpt lat="40.6125760" lon="-3.1184440">
    <ele>924.4</ele>
   </trkpt>
   <trkpt lat="40.6125340" lon="-3.1184280">
    <ele>924.4</ele>
   </trkpt>
   <trkpt lat="40.6124920" lon="-3.1184100">
    <ele>924.4</ele>
   </trkpt>
   <trkpt lat="40.6124460" lon="-3.1183910">
    <ele>924.6</ele>
   </trkpt>
   <trkpt lat="40.6124080" lon="-3.1183740">
    <ele>924.6</ele>
   </trkpt>
   <trkpt lat="40.6123660" lon="-3.1183550">
    <ele>924.6</ele>
   </trkpt>
   <trkpt lat="40.6123240" lon="-3.1183350">
    <ele>924.6</ele>
   </trkpt>
   <trkpt lat="40.6122780" lon="-3.1183150">
    <ele>924.8</ele>
   </trkpt>
   <trkpt lat="40.6122320" lon="-3.1182990">
    <ele>924.8</ele>
   </trkpt>
   <trkpt lat="40.6121900" lon="-3.1182790">
    <ele>925.0</ele>
   </trkpt>
   <trkpt lat="40.6121440" lon="-3.1182600">
    <ele>925.0</ele>
   </trkpt>
   <trkpt lat="40.6121030" lon="-3.1182400">
    <ele>925.0</ele>
   </trkpt>
   <trkpt lat="40.6120570" lon="-3.1182190">
    <ele>925.2</ele>
   </trkpt>
   <trkpt lat="40.6120110" lon="-3.1181990">
    <ele>925.2</ele>
   </trkpt>
   <trkpt lat="40.6119650" lon="-3.1181810">
    <ele>925.2</ele>
   </trkpt>
   <trkpt lat="40.6119160" lon="-3.1181610">
    <ele>925.4</ele>
   </trkpt>
   <trkpt lat="40.6118740" lon="-3.1181400">
    <ele>925.4</ele>
   </trkpt>
   <trkpt lat="40.6118240" lon="-3.1181230">
    <ele>925.4</ele>
   </trkpt>
   <trkpt lat="40.6117780" lon="-3.1181060">
    <ele>925.6</ele>
   </trkpt>
   <trkpt lat="40.6117320" lon="-3.1180890">
    <ele>925.6</ele>
   </trkpt>
   <trkpt lat="40.6116870" lon="-3.1180710">
    <ele>925.6</ele>
   </trkpt>
   <trkpt lat="40.6116410" lon="-3.1180560">
    <ele>925.8</ele>
   </trkpt>
   <trkpt lat="40.6115950" lon="-3.1180410">
    <ele>925.8</ele>
   </trkpt>
   <trkpt lat="40.6115460" lon="-3.1180260">
    <ele>926.0</ele>
   </trkpt>
   <trkpt lat="40.6115000" lon="-3.1180100">
    <ele>926.0</ele>
   </trkpt>
   <trkpt lat="40.6114580" lon="-3.1179910">
    <ele>926.2</ele>
   </trkpt>
   <trkpt lat="40.6114160" lon="-3.1179730">
    <ele>926.2</ele>
   </trkpt>
   <trkpt lat="40.6113700" lon="-3.1179540">
    <ele>926.4</ele>
   </trkpt>
   <trkpt lat="40.6113200" lon="-3.1179340">
    <ele>926.4</ele>
   </trkpt>
   <trkpt lat="40.6112670" lon="-3.1179120">
    <ele>926.4</ele>
   </trkpt>
   <trkpt lat="40.6112250" lon="-3.1178900">
    <ele>926.6</ele>
   </trkpt>
   <trkpt lat="40.6111790" lon="-3.1178670">
    <ele>926.6</ele>
   </trkpt>
   <trkpt lat="40.6111300" lon="-3.1178410">
    <ele>926.6</ele>
   </trkpt>
   <trkpt lat="40.6110840" lon="-3.1178130">
    <ele>926.8</ele>
   </trkpt>
   <trkpt lat="40.6110380" lon="-3.1177840">
    <ele>926.8</ele>
   </trkpt>
   <trkpt lat="40.6109920" lon="-3.1177540">
    <ele>927.0</ele>
   </trkpt>
   <trkpt lat="40.6109470" lon="-3.1177240">
    <ele>927.2</ele>
   </trkpt>
   <trkpt lat="40.6109010" lon="-3.1176960">
    <ele>927.2</ele>
   </trkpt>
   <trkpt lat="40.6108550" lon="-3.1176690">
    <ele>927.2</ele>
   </trkpt>
   <trkpt lat="40.6108060" lon="-3.1176410">
    <ele>927.4</ele>
   </trkpt>
   <trkpt lat="40.6107600" lon="-3.1176110">
    <ele>927.4</ele>
   </trkpt>
   <trkpt lat="40.6107100" lon="-3.1175820">
    <ele>927.6</ele>
   </trkpt>
   <trkpt lat="40.6106610" lon="-3.1175520">
    <ele>927.6</ele>
   </trkpt>
   <trkpt lat="40.6106150" lon="-3.1175200">
    <ele>927.6</ele>
   </trkpt>
   <trkpt lat="40.6105690" lon="-3.1174890">
    <ele>927.6</ele>
   </trkpt>
   <trkpt lat="40.6105190" lon="-3.1174600">
    <ele>927.6</ele>
   </trkpt>
   <trkpt lat="40.6104660" lon="-3.1174330">
    <ele>927.8</ele>
   </trkpt>
   <trkpt lat="40.6104160" lon="-3.1174080">
    <ele>927.8</ele>
   </trkpt>
   <trkpt lat="40.6103670" lon="-3.1173810">
    <ele>927.8</ele>
   </trkpt>
   <trkpt lat="40.6103170" lon="-3.1173540">
    <ele>928.0</ele>
   </trkpt>
   <trkpt lat="40.6102680" lon="-3.1173260">
    <ele>928.0</ele>
   </trkpt>
   <trkpt lat="40.6102220" lon="-3.1172980">
    <ele>928.2</ele>
   </trkpt>
   <trkpt lat="40.6101760" lon="-3.1172690">
    <ele>928.4</ele>
   </trkpt>
   <trkpt lat="40.6101300" lon="-3.1172370">
    <ele>928.4</ele>
   </trkpt>
   <trkpt lat="40.6100880" lon="-3.1172070">
    <ele>928.6</ele>
   </trkpt>
   <trkpt lat="40.6100430" lon="-3.1171750">
    <ele>928.8</ele>
   </trkpt>
   <trkpt lat="40.6099970" lon="-3.1171440">
    <ele>929.0</ele>
   </trkpt>
   <trkpt lat="40.6099510" lon="-3.1171140">
    <ele>929.0</ele>
   </trkpt>
   <trkpt lat="40.6099130" lon="-3.1170830">
    <ele>929.2</ele>
   </trkpt>
   <trkpt lat="40.6098750" lon="-3.1170470">
    <ele>929.4</ele>
   </trkpt>
   <trkpt lat="40.6098370" lon="-3.1170080">
    <ele>929.6</ele>
   </trkpt>
   <trkpt lat="40.6097980" lon="-3.1169690">
    <ele>929.6</ele>
   </trkpt>
   <trkpt lat="40.6097600" lon="-3.1169280">
    <ele>929.8</ele>
   </trkpt>
   <trkpt lat="40.6097220" lon="-3.1168860">
    <ele>929.8</ele>
   </trkpt>
   <trkpt lat="40.6096840" lon="-3.1168450">
    <ele>930.0</ele>
   </trkpt>
   <trkpt lat="40.6096420" lon="-3.1168050">
    <ele>930.0</ele>
   </trkpt>
   <trkpt lat="40.6096040" lon="-3.1167650">
    <ele>930.2</ele>
   </trkpt>
   <trkpt lat="40.6095660" lon="-3.1167250">
    <ele>930.4</ele>
   </trkpt>
   <trkpt lat="40.6095280" lon="-3.1166830">
    <ele>930.6</ele>
   </trkpt>
   <trkpt lat="40.6094890" lon="-3.1166430">
    <ele>930.6</ele>
   </trkpt>
   <trkpt lat="40.6094470" lon="-3.1166040">
    <ele>930.8</ele>
   </trkpt>
   <trkpt lat="40.6094090" lon="-3.1165650">
    <ele>931.0</ele>
   </trkpt>
   <trkpt lat="40.6093670" lon="-3.1165270">
    <ele>931.2</ele>
   </trkpt>
   <trkpt lat="40.6093330" lon="-3.1164850">
    <ele>931.2</ele>
   </trkpt>
   <trkpt lat="40.6092910" lon="-3.1164460">
    <ele>931.4</ele>
   </trkpt>
   <trkpt lat="40.6092530" lon="-3.1164090">
    <ele>931.4</ele>
   </trkpt>
   <trkpt lat="40.6092150" lon="-3.1163680">
    <ele>931.4</ele>
   </trkpt>
   <trkpt lat="40.6091800" lon="-3.1163250">
    <ele>931.6</ele>
   </trkpt>
   <trkpt lat="40.6091420" lon="-3.1162870">
    <ele>931.6</ele>
   </trkpt>
   <trkpt lat="40.6091000" lon="-3.1162510">
    <ele>931.6</ele>
   </trkpt>
   <trkpt lat="40.6090580" lon="-3.1162200">
    <ele>931.8</ele>
   </trkpt>
   <trkpt lat="40.6090090" lon="-3.1161980">
    <ele>931.8</ele>
   </trkpt>
   <trkpt lat="40.6089520" lon="-3.1161930">
    <ele>931.8</ele>
   </trkpt>
   <trkpt lat="40.6088900" lon="-3.1162050">
    <ele>931.8</ele>
   </trkpt>
   <trkpt lat="40.6088330" lon="-3.1162340">
    <ele>931.8</ele>
   </trkpt>
   <trkpt lat="40.6087840" lon="-3.1162800">
    <ele>931.8</ele>
   </trkpt>
   <trkpt lat="40.6087680" lon="-3.1163350">
    <ele>932.0</ele>
   </trkpt>
   <trkpt lat="40.6087870" lon="-3.1163960">
    <ele>932.2</ele>
   </trkpt>
   <trkpt lat="40.6088070" lon="-3.1164590">
    <ele>932.4</ele>
   </trkpt>
   <trkpt lat="40.6088180" lon="-3.1165190">
    <ele>932.6</ele>
   </trkpt>
   <trkpt lat="40.6088260" lon="-3.1165810">
    <ele>932.6</ele>
   </trkpt>
   <trkpt lat="40.6088330" lon="-3.1166400">
    <ele>932.8</ele>
   </trkpt>
   <trkpt lat="40.6088450" lon="-3.1166960">
    <ele>933.0</ele>
   </trkpt>
   <trkpt lat="40.6088600" lon="-3.1167490">
    <ele>933.2</ele>
   </trkpt>
   <trkpt lat="40.6088750" lon="-3.1168010">
    <ele>933.4</ele>
   </trkpt>
   <trkpt lat="40.6088980" lon="-3.1168560">
    <ele>933.6</ele>
   </trkpt>
   <trkpt lat="40.6089170" lon="-3.1169110">
    <ele>933.8</ele>
   </trkpt>
   <trkpt lat="40.6089250" lon="-3.1169690">
    <ele>933.8</ele>
   </trkpt>
   <trkpt lat="40.6089290" lon="-3.1170280">
    <ele>934.0</ele>
   </trkpt>
   <trkpt lat="40.6089290" lon="-3.1170840">
    <ele>934.2</ele>
   </trkpt>
   <trkpt lat="40.6089250" lon="-3.1171410">
    <ele>934.4</ele>
   </trkpt>
   <trkpt lat="40.6089170" lon="-3.1171980">
    <ele>934.4</ele>
   </trkpt>
   <trkpt lat="40.6089130" lon="-3.1172530">
    <ele>934.6</ele>
   </trkpt>
   <trkpt lat="40.6089100" lon="-3.1173080">
    <ele>934.6</ele>
   </trkpt>
   <trkpt lat="40.6089100" lon="-3.1173650">
    <ele>934.8</ele>
   </trkpt>
   <trkpt lat="40.6089100" lon="-3.1174210">
    <ele>934.8</ele>
   </trkpt>
   <trkpt lat="40.6089060" lon="-3.1174740">
    <ele>935.0</ele>
   </trkpt>
   <trkpt lat="40.6088980" lon="-3.1175260">
    <ele>935.0</ele>
   </trkpt>
   <trkpt lat="40.6088900" lon="-3.1175770">
    <ele>935.2</ele>
   </trkpt>
   <trkpt lat="40.6088830" lon="-3.1176280">
    <ele>935.2</ele>
   </trkpt>
   <trkpt lat="40.6088790" lon="-3.1176830">
    <ele>935.4</ele>
   </trkpt>
   <trkpt lat="40.6088830" lon="-3.1177390">
    <ele>935.6</ele>
   </trkpt>
   <trkpt lat="40.6088710" lon="-3.1178010">
    <ele>935.6</ele>
   </trkpt>
   <trkpt lat="40.6088600" lon="-3.1178630">
    <ele>935.8</ele>
   </trkpt>
   <trkpt lat="40.6088520" lon="-3.1179240">
    <ele>936.0</ele>
   </trkpt>
   <trkpt lat="40.6088520" lon="-3.1179790">
    <ele>936.2</ele>
   </trkpt>
   <trkpt lat="40.6088450" lon="-3.1180310">
    <ele>936.4</ele>
   </trkpt>
   <trkpt lat="40.6088370" lon="-3.1180840">
    <ele>936.6</ele>
   </trkpt>
   <trkpt lat="40.6088370" lon="-3.1181350">
    <ele>936.8</ele>
   </trkpt>
   <trkpt lat="40.6088330" lon="-3.1181850">
    <ele>937.0</ele>
   </trkpt>
   <trkpt lat="40.6088260" lon="-3.1182340">
    <ele>937.2</ele>
   </trkpt>
   <trkpt lat="40.6088180" lon="-3.1182820">
    <ele>937.2</ele>
   </trkpt>
   <trkpt lat="40.6088070" lon="-3.1183310">
    <ele>937.6</ele>
   </trkpt>
   <trkpt lat="40.6087990" lon="-3.1183790">
    <ele>937.8</ele>
   </trkpt>
   <trkpt lat="40.6087870" lon="-3.1184250">
    <ele>938.0</ele>
   </trkpt>
   <trkpt lat="40.6087800" lon="-3.1184710">
    <ele>938.2</ele>
   </trkpt>
   <trkpt lat="40.6087680" lon="-3.1185160">
    <ele>938.4</ele>
   </trkpt>
   <trkpt lat="40.6087570" lon="-3.1185610">
    <ele>938.6</ele>
   </trkpt>
   <trkpt lat="40.6087380" lon="-3.1186030">
    <ele>938.8</ele>
   </trkpt>
   <trkpt lat="40.6087110" lon="-3.1186450">
    <ele>939.0</ele>
   </trkpt>
   <trkpt lat="40.6086880" lon="-3.1186870">
    <ele>939.2</ele>
   </trkpt>
   <trkpt lat="40.6086620" lon="-3.1187280">
    <ele>939.4</ele>
   </trkpt>
   <trkpt lat="40.6086430" lon="-3.1187650">
    <ele>939.6</ele>
   </trkpt>
   <trkpt lat="40.6086160" lon="-3.1187980">
    <ele>939.8</ele>
   </trkpt>
   <trkpt lat="40.6085850" lon="-3.1188280">
    <ele>940.0</ele>
   </trkpt>
   <trkpt lat="40.6085510" lon="-3.1188550">
    <ele>940.0</ele>
   </trkpt>
   <trkpt lat="40.6085210" lon="-3.1188810">
    <ele>940.2</ele>
   </trkpt>
   <trkpt lat="40.6084860" lon="-3.1189020">
    <ele>940.4</ele>
   </trkpt>
   <trkpt lat="40.6084480" lon="-3.1189200">
    <ele>940.6</ele>
   </trkpt>
   <trkpt lat="40.6084100" lon="-3.1189340">
    <ele>940.8</ele>
   </trkpt>
   <trkpt lat="40.6083760" lon="-3.1189420">
    <ele>941.0</ele>
   </trkpt>
   <trkpt lat="40.6083370" lon="-3.1189450">
    <ele>941.2</ele>
   </trkpt>
   <trkpt lat="40.6083070" lon="-3.1189430">
    <ele>941.4</ele>
   </trkpt>
   <trkpt lat="40.6082760" lon="-3.1189370">
    <ele>941.8</ele>
   </trkpt>
   <trkpt lat="40.6082500" lon="-3.1189300">
    <ele>942.0</ele>
   </trkpt>
   <trkpt lat="40.6082190" lon="-3.1189220">
    <ele>942.2</ele>
   </trkpt>
   <trkpt lat="40.6081920" lon="-3.1189110">
    <ele>942.4</ele>
   </trkpt>
   <trkpt lat="40.6081620" lon="-3.1189010">
    <ele>942.6</ele>
   </trkpt>
   <trkpt lat="40.6081310" lon="-3.1188870">
    <ele>942.8</ele>
   </trkpt>
   <trkpt lat="40.6081050" lon="-3.1188720">
    <ele>943.0</ele>
   </trkpt>
   <trkpt lat="40.6080780" lon="-3.1188550">
    <ele>943.0</ele>
   </trkpt>
   <trkpt lat="40.6080510" lon="-3.1188360">
    <ele>943.2</ele>
   </trkpt>
   <trkpt lat="40.6080250" lon="-3.1188180">
    <ele>943.4</ele>
   </trkpt>
   <trkpt lat="40.6079980" lon="-3.1187990">
    <ele>943.6</ele>
   </trkpt>
   <trkpt lat="40.6079710" lon="-3.1187820">
    <ele>943.8</ele>
   </trkpt>
   <trkpt lat="40.6079410" lon="-3.1187650">
    <ele>944.0</ele>
   </trkpt>
   <trkpt lat="40.6079140" lon="-3.1187500">
    <ele>944.2</ele>
   </trkpt>
   <trkpt lat="40.6078910" lon="-3.1187310">
    <ele>944.2</ele>
   </trkpt>
   <trkpt lat="40.6078640" lon="-3.1187130">
    <ele>944.4</ele>
   </trkpt>
   <trkpt lat="40.6078380" lon="-3.1186930">
    <ele>944.6</ele>
   </trkpt>
   <trkpt lat="40.6078150" lon="-3.1186740">
    <ele>944.8</ele>
   </trkpt>
   <trkpt lat="40.6077880" lon="-3.1186540">
    <ele>945.0</ele>
   </trkpt>
   <trkpt lat="40.6077650" lon="-3.1186360">
    <ele>945.0</ele>
   </trkpt>
   <trkpt lat="40.6077420" lon="-3.1186180">
    <ele>945.2</ele>
   </trkpt>
   <trkpt lat="40.6077120" lon="-3.1186020">
    <ele>945.4</ele>
   </trkpt>
   <trkpt lat="40.6076850" lon="-3.1185850">
    <ele>945.6</ele>
   </trkpt>
   <trkpt lat="40.6076580" lon="-3.1185660">
    <ele>945.8</ele>
   </trkpt>
   <trkpt lat="40.6076350" lon="-3.1185460">
    <ele>945.8</ele>
   </trkpt>
   <trkpt lat="40.6076130" lon="-3.1185270">
    <ele>946.0</ele>
   </trkpt>
   <trkpt lat="40.6075860" lon="-3.1185100">
    <ele>946.2</ele>
   </trkpt>
   <trkpt lat="40.6075590" lon="-3.1184930">
    <ele>946.4</ele>
   </trkpt>
   <trkpt lat="40.6075440" lon="-3.1184770">
    <ele>946.6</ele>
   </trkpt>
   <trkpt lat="40.6075210" lon="-3.1184590">
    <ele>946.6</ele>
   </trkpt>
   <trkpt lat="40.6075020" lon="-3.1184410">
    <ele>946.8</ele>
   </trkpt>
   <trkpt lat="40.6074750" lon="-3.1184210">
    <ele>947.0</ele>
   </trkpt>
   <trkpt lat="40.6074490" lon="-3.1183990">
    <ele>947.2</ele>
   </trkpt>
   <trkpt lat="40.6074220" lon="-3.1183770">
    <ele>947.2</ele>
   </trkpt>
   <trkpt lat="40.6073950" lon="-3.1183560">
    <ele>947.4</ele>
   </trkpt>
   <trkpt lat="40.6073760" lon="-3.1183360">
    <ele>947.6</ele>
   </trkpt>
   <trkpt lat="40.6073490" lon="-3.1183170">
    <ele>947.8</ele>
   </trkpt>
   <trkpt lat="40.6073190" lon="-3.1183030">
    <ele>948.0</ele>
   </trkpt>
   <trkpt lat="40.6072730" lon="-3.1182930">
    <ele>948.0</ele>
   </trkpt>
   <trkpt lat="40.6072390" lon="-3.1182760">
    <ele>948.2</ele>
   </trkpt>
   <trkpt lat="40.6072080" lon="-3.1182560">
    <ele>948.4</ele>
   </trkpt>
   <trkpt lat="40.6071820" lon="-3.1182350">
    <ele>948.6</ele>
   </trkpt>
   <trkpt lat="40.6071550" lon="-3.1182190">
    <ele>948.8</ele>
   </trkpt>
   <trkpt lat="40.6071240" lon="-3.1182040">
    <ele>949.0</ele>
   </trkpt>
   <trkpt lat="40.6070980" lon="-3.1181900">
    <ele>949.0</ele>
   </trkpt>
   <trkpt lat="40.6070750" lon="-3.1181740">
    <ele>949.2</ele>
   </trkpt>
   <trkpt lat="40.6070520" lon="-3.1181550">
    <ele>949.4</ele>
   </trkpt>
   <trkpt lat="40.6070290" lon="-3.1181400">
    <ele>949.6</ele>
   </trkpt>
   <trkpt lat="40.6070060" lon="-3.1181240">
    <ele>949.6</ele>
   </trkpt>
   <trkpt lat="40.6069830" lon="-3.1181040">
    <ele>949.8</ele>
   </trkpt>
   <trkpt lat="40.6069720" lon="-3.1180760">
    <ele>949.8</ele>
   </trkpt>
   <trkpt lat="40.6069640" lon="-3.1180470">
    <ele>950.0</ele>
   </trkpt>
   <trkpt lat="40.6069720" lon="-3.1180160">
    <ele>950.2</ele>
   </trkpt>
   <trkpt lat="40.6069790" lon="-3.1179860">
    <ele>950.2</ele>
   </trkpt>
   <trkpt lat="40.6069870" lon="-3.1179590">
    <ele>950.2</ele>
   </trkpt>
   <trkpt lat="40.6069950" lon="-3.1179290">
    <ele>950.4</ele>
   </trkpt>
   <trkpt lat="40.6069870" lon="-3.1178970">
    <ele>950.4</ele>
   </trkpt>
   <trkpt lat="40.6069760" lon="-3.1178650">
    <ele>950.6</ele>
   </trkpt>
   <trkpt lat="40.6069640" lon="-3.1178340">
    <ele>950.8</ele>
   </trkpt>
   <trkpt lat="40.6069490" lon="-3.1178050">
    <ele>951.0</ele>
   </trkpt>
   <trkpt lat="40.6069260" lon="-3.1177750">
    <ele>951.2</ele>
   </trkpt>
   <trkpt lat="40.6069110" lon="-3.1177440">
    <ele>951.4</ele>
   </trkpt>
   <trkpt lat="40.6068920" lon="-3.1177130">
    <ele>951.6</ele>
   </trkpt>
   <trkpt lat="40.6068760" lon="-3.1176810">
    <ele>951.8</ele>
   </trkpt>
   <trkpt lat="40.6068610" lon="-3.1176500">
    <ele>952.0</ele>
   </trkpt>
   <trkpt lat="40.6068500" lon="-3.1176200">
    <ele>952.2</ele>
   </trkpt>
   <trkpt lat="40.6068420" lon="-3.1175880">
    <ele>952.4</ele>
   </trkpt>
   <trkpt lat="40.6068310" lon="-3.1175530">
    <ele>952.6</ele>
   </trkpt>
   <trkpt lat="40.6068190" lon="-3.1175200">
    <ele>952.8</ele>
   </trkpt>
   <trkpt lat="40.6068080" lon="-3.1174850">
    <ele>953.2</ele>
   </trkpt>
   <trkpt lat="40.6067960" lon="-3.1174490">
    <ele>953.4</ele>
   </trkpt>
   <trkpt lat="40.6067890" lon="-3.1174110">
    <ele>953.6</ele>
   </trkpt>
   <trkpt lat="40.6067770" lon="-3.1173770">
    <ele>953.8</ele>
   </trkpt>
   <trkpt lat="40.6067660" lon="-3.1173440">
    <ele>954.0</ele>
   </trkpt>
   <trkpt lat="40.6067580" lon="-3.1173140">
    <ele>954.2</ele>
   </trkpt>
   <trkpt lat="40.6067470" lon="-3.1172840">
    <ele>954.4</ele>
   </trkpt>
   <trkpt lat="40.6067350" lon="-3.1172550">
    <ele>954.4</ele>
   </trkpt>
   <trkpt lat="40.6067240" lon="-3.1172220">
    <ele>954.6</ele>
   </trkpt>
   <trkpt lat="40.6067090" lon="-3.1171880">
    <ele>954.8</ele>
   </trkpt>
   <trkpt lat="40.6066970" lon="-3.1171540">
    <ele>955.0</ele>
   </trkpt>
   <trkpt lat="40.6066860" lon="-3.1171170">
    <ele>955.0</ele>
   </trkpt>
   <trkpt lat="40.6066780" lon="-3.1170800">
    <ele>955.0</ele>
   </trkpt>
   <trkpt lat="40.6066670" lon="-3.1170390">
    <ele>955.2</ele>
   </trkpt>
   <trkpt lat="40.6066550" lon="-3.1170010">
    <ele>955.2</ele>
   </trkpt>
   <trkpt lat="40.6066360" lon="-3.1169660">
    <ele>955.2</ele>
   </trkpt>
   <trkpt lat="40.6066210" lon="-3.1169290">
    <ele>955.4</ele>
   </trkpt>
   <trkpt lat="40.6066020" lon="-3.1168900">
    <ele>955.4</ele>
   </trkpt>
   <trkpt lat="40.6065860" lon="-3.1168520">
    <ele>955.4</ele>
   </trkpt>
   <trkpt lat="40.6065710" lon="-3.1168140">
    <ele>955.4</ele>
   </trkpt>
   <trkpt lat="40.6065600" lon="-3.1167750">
    <ele>955.4</ele>
   </trkpt>
   <trkpt lat="40.6065410" lon="-3.1167300">
    <ele>955.4</ele>
   </trkpt>
   <trkpt lat="40.6065220" lon="-3.1166830">
    <ele>955.2</ele>
   </trkpt>
   <trkpt lat="40.6065060" lon="-3.1166330">
    <ele>955.2</ele>
   </trkpt>
   <trkpt lat="40.6064950" lon="-3.1165820">
    <ele>955.2</ele>
   </trkpt>
   <trkpt lat="40.6064870" lon="-3.1165330">
    <ele>955.2</ele>
   </trkpt>
   <trkpt lat="40.6064830" lon="-3.1164790">
    <ele>955.0</ele>
   </trkpt>
   <trkpt lat="40.6064870" lon="-3.1164270">
    <ele>955.0</ele>
   </trkpt>
   <trkpt lat="40.6064990" lon="-3.1163740">
    <ele>955.0</ele>
   </trkpt>
   <trkpt lat="40.6065060" lon="-3.1163290">
    <ele>955.0</ele>
   </trkpt>
   <trkpt lat="40.6065060" lon="-3.1162830">
    <ele>955.0</ele>
   </trkpt>
   <trkpt lat="40.6065060" lon="-3.1162410">
    <ele>955.0</ele>
   </trkpt>
   <trkpt lat="40.6065100" lon="-3.1161950">
    <ele>955.0</ele>
   </trkpt>
   <trkpt lat="40.6065100" lon="-3.1161500">
    <ele>955.0</ele>
   </trkpt>
   <trkpt lat="40.6065020" lon="-3.1161090">
    <ele>955.0</ele>
   </trkpt>
   <trkpt lat="40.6064870" lon="-3.1160740">
    <ele>955.0</ele>
   </trkpt>
   <trkpt lat="40.6064640" lon="-3.1160460">
    <ele>955.0</ele>
   </trkpt>
   <trkpt lat="40.6064340" lon="-3.1160300">
    <ele>955.0</ele>
   </trkpt>
   <trkpt lat="40.6064030" lon="-3.1160210">
    <ele>955.0</ele>
   </trkpt>
   <trkpt lat="40.6063730" lon="-3.1160180">
    <ele>954.8</ele>
   </trkpt>
   <trkpt lat="40.6063270" lon="-3.1160140">
    <ele>954.8</ele>
   </trkpt>
   <trkpt lat="40.6062890" lon="-3.1160090">
    <ele>954.6</ele>
   </trkpt>
   <trkpt lat="40.6062470" lon="-3.1160020">
    <ele>954.6</ele>
   </trkpt>
   <trkpt lat="40.6062090" lon="-3.1159980">
    <ele>954.6</ele>
   </trkpt>
   <trkpt lat="40.6061780" lon="-3.1159940">
    <ele>954.4</ele>
   </trkpt>
   <trkpt lat="40.6061520" lon="-3.1159930">
    <ele>954.6</ele>
   </trkpt>
   <trkpt lat="40.6061400" lon="-3.1159940">
    <ele>954.6</ele>
   </trkpt>
   <trkpt lat="40.6061330" lon="-3.1159950">
    <ele>954.6</ele>
   </trkpt>
   <trkpt lat="40.6061100" lon="-3.1159980">
    <ele>954.6</ele>
   </trkpt>
   <trkpt lat="40.6060940" lon="-3.1159980">
    <ele>954.6</ele>
   </trkpt>
   <trkpt lat="40.6060750" lon="-3.1159890">
    <ele>954.4</ele>
   </trkpt>
   <trkpt lat="40.6060520" lon="-3.1159660">
    <ele>954.4</ele>
   </trkpt>
   <trkpt lat="40.6060370" lon="-3.1159310">
    <ele>954.4</ele>
   </trkpt>
   <trkpt lat="40.6060180" lon="-3.1158940">
    <ele>954.4</ele>
   </trkpt>
   <trkpt lat="40.6060030" lon="-3.1158520">
    <ele>954.4</ele>
   </trkpt>
   <trkpt lat="40.6059880" lon="-3.1158050">
    <ele>954.4</ele>
   </trkpt>
   <trkpt lat="40.6059680" lon="-3.1157550">
    <ele>954.4</ele>
   </trkpt>
   <trkpt lat="40.6059490" lon="-3.1157040">
    <ele>954.4</ele>
   </trkpt>
   <trkpt lat="40.6059300" lon="-3.1156510">
    <ele>954.4</ele>
   </trkpt>
   <trkpt lat="40.6059110" lon="-3.1155980">
    <ele>954.4</ele>
   </trkpt>
   <trkpt lat="40.6058840" lon="-3.1155440">
    <ele>954.4</ele>
   </trkpt>
   <trkpt lat="40.6058650" lon="-3.1154900">
    <ele>954.4</ele>
   </trkpt>
   <trkpt lat="40.6058460" lon="-3.1154360">
    <ele>954.4</ele>
   </trkpt>
   <trkpt lat="40.6058310" lon="-3.1153840">
    <ele>954.4</ele>
   </trkpt>
   <trkpt lat="40.6058160" lon="-3.1153300">
    <ele>954.4</ele>
   </trkpt>
   <trkpt lat="40.6058040" lon="-3.1152740">
    <ele>954.6</ele>
   </trkpt>
   <trkpt lat="40.6057930" lon="-3.1152190">
    <ele>954.6</ele>
   </trkpt>
   <trkpt lat="40.6057850" lon="-3.1151630">
    <ele>954.6</ele>
   </trkpt>
   <trkpt lat="40.6057740" lon="-3.1151050">
    <ele>954.6</ele>
   </trkpt>
   <trkpt lat="40.6057550" lon="-3.1150460">
    <ele>954.6</ele>
   </trkpt>
   <trkpt lat="40.6057320" lon="-3.1149860">
    <ele>954.6</ele>
   </trkpt>
   <trkpt lat="40.6057130" lon="-3.1149270">
    <ele>954.6</ele>
   </trkpt>
   <trkpt lat="40.6056900" lon="-3.1148710">
    <ele>954.6</ele>
   </trkpt>
   <trkpt lat="40.6056670" lon="-3.1148200">
    <ele>954.6</ele>
   </trkpt>
   <trkpt lat="40.6056480" lon="-3.1147690">
    <ele>954.8</ele>
   </trkpt>
   <trkpt lat="40.6056250" lon="-3.1147180">
    <ele>954.8</ele>
   </trkpt>
   <trkpt lat="40.6056060" lon="-3.1146650">
    <ele>954.8</ele>
   </trkpt>
   <trkpt lat="40.6055830" lon="-3.1146080">
    <ele>954.8</ele>
   </trkpt>
   <trkpt lat="40.6055570" lon="-3.1145510">
    <ele>954.6</ele>
   </trkpt>
   <trkpt lat="40.6055220" lon="-3.1144910">
    <ele>954.6</ele>
   </trkpt>
   <trkpt lat="40.6054920" lon="-3.1144300">
    <ele>954.6</ele>
   </trkpt>
   <trkpt lat="40.6054610" lon="-3.1143700">
    <ele>954.4</ele>
   </trkpt>
   <trkpt lat="40.6054310" lon="-3.1143140">
    <ele>954.2</ele>
   </trkpt>
   <trkpt lat="40.6053850" lon="-3.1142400">
    <ele>954.0</ele>
   </trkpt>
   <trkpt lat="40.6053390" lon="-3.1141760">
    <ele>953.8</ele>
   </trkpt>
   <trkpt lat="40.6052930" lon="-3.1141120">
    <ele>953.6</ele>
   </trkpt>
   <trkpt lat="40.6052470" lon="-3.1140460">
    <ele>953.2</ele>
   </trkpt>
   <trkpt lat="40.6051980" lon="-3.1139780">
    <ele>953.0</ele>
   </trkpt>
   <trkpt lat="40.6051480" lon="-3.1139110">
    <ele>952.8</ele>
   </trkpt>
   <trkpt lat="40.6050990" lon="-3.1138430">
    <ele>952.4</ele>
   </trkpt>
   <trkpt lat="40.6050490" lon="-3.1137710">
    <ele>952.2</ele>
   </trkpt>
   <trkpt lat="40.6050000" lon="-3.1137010">
    <ele>952.0</ele>
   </trkpt>
   <trkpt lat="40.6049500" lon="-3.1136310">
    <ele>951.6</ele>
   </trkpt>
   <trkpt lat="40.6048930" lon="-3.1135600">
    <ele>951.2</ele>
   </trkpt>
   <trkpt lat="40.6048350" lon="-3.1134870">
    <ele>951.0</ele>
   </trkpt>
   <trkpt lat="40.6047780" lon="-3.1134150">
    <ele>950.6</ele>
   </trkpt>
   <trkpt lat="40.6047170" lon="-3.1133420">
    <ele>950.2</ele>
   </trkpt>
   <trkpt lat="40.6046600" lon="-3.1132680">
    <ele>949.8</ele>
   </trkpt>
   <trkpt lat="40.6046030" lon="-3.1131940">
    <ele>949.2</ele>
   </trkpt>
   <trkpt lat="40.6045380" lon="-3.1131240">
    <ele>948.8</ele>
   </trkpt>
   <trkpt lat="40.6044770" lon="-3.1130520">
    <ele>948.4</ele>
   </trkpt>
   <trkpt lat="40.6044120" lon="-3.1129800">
    <ele>948.0</ele>
   </trkpt>
   <trkpt lat="40.6043510" lon="-3.1129060">
    <ele>947.6</ele>
   </trkpt>
   <trkpt lat="40.6042900" lon="-3.1128310">
    <ele>947.4</ele>
   </trkpt>
   <trkpt lat="40.6042330" lon="-3.1127530">
    <ele>947.0</ele>
   </trkpt>
   <trkpt lat="40.6041720" lon="-3.1126780">
    <ele>946.8</ele>
   </trkpt>
   <trkpt lat="40.6041110" lon="-3.1126020">
    <ele>946.4</ele>
   </trkpt>
   <trkpt lat="40.6040460" lon="-3.1125240">
    <ele>946.0</ele>
   </trkpt>
   <trkpt lat="40.6039850" lon="-3.1124440">
    <ele>945.6</ele>
   </trkpt>
   <trkpt lat="40.6039160" lon="-3.1123630">
    <ele>945.2</ele>
   </trkpt>
   <trkpt lat="40.6038510" lon="-3.1122790">
    <ele>944.8</ele>
   </trkpt>
   <trkpt lat="40.6037860" lon="-3.1121950">
    <ele>944.4</ele>
   </trkpt>
   <trkpt lat="40.6037180" lon="-3.1121120">
    <ele>944.0</ele>
   </trkpt>
   <trkpt lat="40.6036490" lon="-3.1120320">
    <ele>943.8</ele>
   </trkpt>
   <trkpt lat="40.6035800" lon="-3.1119500">
    <ele>943.4</ele>
   </trkpt>
   <trkpt lat="40.6035160" lon="-3.1118680">
    <ele>943.0</ele>
   </trkpt>
   <trkpt lat="40.6034470" lon="-3.1117870">
    <ele>942.6</ele>
   </trkpt>
   <trkpt lat="40.6033740" lon="-3.1117070">
    <ele>942.4</ele>
   </trkpt>
   <trkpt lat="40.6033100" lon="-3.1116250">
    <ele>942.0</ele>
   </trkpt>
   <trkpt lat="40.6032410" lon="-3.1115440">
    <ele>941.8</ele>
   </trkpt>
   <trkpt lat="40.6031720" lon="-3.1114650">
    <ele>941.4</ele>
   </trkpt>
   <trkpt lat="40.6031040" lon="-3.1113870">
    <ele>941.0</ele>
   </trkpt>
   <trkpt lat="40.6030350" lon="-3.1113050">
    <ele>940.6</ele>
   </trkpt>
   <trkpt lat="40.6029590" lon="-3.1112220">
    <ele>940.4</ele>
   </trkpt>
   <trkpt lat="40.6028940" lon="-3.1111420">
    <ele>940.0</ele>
   </trkpt>
   <trkpt lat="40.6028290" lon="-3.1110630">
    <ele>939.6</ele>
   </trkpt>
   <trkpt lat="40.6027720" lon="-3.1109820">
    <ele>939.4</ele>
   </trkpt>
   <trkpt lat="40.6027110" lon="-3.1108990">
    <ele>939.2</ele>
   </trkpt>
   <trkpt lat="40.6026500" lon="-3.1108140">
    <ele>939.0</ele>
   </trkpt>
   <trkpt lat="40.6026000" lon="-3.1107250">
    <ele>938.8</ele>
   </trkpt>
   <trkpt lat="40.6025430" lon="-3.1106350">
    <ele>938.6</ele>
   </trkpt>
   <trkpt lat="40.6024820" lon="-3.1105440">
    <ele>938.2</ele>
   </trkpt>
   <trkpt lat="40.6024250" lon="-3.1104530">
    <ele>938.0</ele>
   </trkpt>
   <trkpt lat="40.6023670" lon="-3.1103630">
    <ele>937.8</ele>
   </trkpt>
   <trkpt lat="40.6023140" lon="-3.1102740">
    <ele>937.8</ele>
   </trkpt>
   <trkpt lat="40.6022570" lon="-3.1101860">
    <ele>937.6</ele>
   </trkpt>
   <trkpt lat="40.6022030" lon="-3.1100990">
    <ele>937.6</ele>
   </trkpt>
   <trkpt lat="40.6021500" lon="-3.1100100">
    <ele>937.6</ele>
   </trkpt>
   <trkpt lat="40.6020930" lon="-3.1099260">
    <ele>937.4</ele>
   </trkpt>
   <trkpt lat="40.6020390" lon="-3.1098430">
    <ele>937.4</ele>
   </trkpt>
   <trkpt lat="40.6019820" lon="-3.1097620">
    <ele>937.2</ele>
   </trkpt>
   <trkpt lat="40.6019290" lon="-3.1096840">
    <ele>937.2</ele>
   </trkpt>
   <trkpt lat="40.6018790" lon="-3.1096090">
    <ele>937.2</ele>
   </trkpt>
   <trkpt lat="40.6018290" lon="-3.1095370">
    <ele>937.2</ele>
   </trkpt>
   <trkpt lat="40.6017840" lon="-3.1094670">
    <ele>937.2</ele>
   </trkpt>
   <trkpt lat="40.6017340" lon="-3.1094000">
    <ele>937.2</ele>
   </trkpt>
   <trkpt lat="40.6016880" lon="-3.1093320">
    <ele>937.2</ele>
   </trkpt>
   <trkpt lat="40.6016430" lon="-3.1092640">
    <ele>937.2</ele>
   </trkpt>
   <trkpt lat="40.6015970" lon="-3.1091980">
    <ele>937.2</ele>
   </trkpt>
   <trkpt lat="40.6015510" lon="-3.1091340">
    <ele>937.0</ele>
   </trkpt>
   <trkpt lat="40.6015010" lon="-3.1090720">
    <ele>937.0</ele>
   </trkpt>
   <trkpt lat="40.6014520" lon="-3.1090120">
    <ele>936.8</ele>
   </trkpt>
   <trkpt lat="40.6014060" lon="-3.1089510">
    <ele>936.8</ele>
   </trkpt>
   <trkpt lat="40.6013640" lon="-3.1088900">
    <ele>936.6</ele>
   </trkpt>
   <trkpt lat="40.6013180" lon="-3.1088290">
    <ele>936.6</ele>
   </trkpt>
   <trkpt lat="40.6012650" lon="-3.1087670">
    <ele>936.4</ele>
   </trkpt>
   <trkpt lat="40.6012110" lon="-3.1087070">
    <ele>936.2</ele>
   </trkpt>
   <trkpt lat="40.6011580" lon="-3.1086460">
    <ele>936.2</ele>
   </trkpt>
   <trkpt lat="40.6011050" lon="-3.1085810">
    <ele>936.2</ele>
   </trkpt>
   <trkpt lat="40.6010510" lon="-3.1085150">
    <ele>936.0</ele>
   </trkpt>
   <trkpt lat="40.6009980" lon="-3.1084520">
    <ele>936.0</ele>
   </trkpt>
   <trkpt lat="40.6009480" lon="-3.1083920">
    <ele>936.0</ele>
   </trkpt>
   <trkpt lat="40.6008990" lon="-3.1083300">
    <ele>935.8</ele>
   </trkpt>
   <trkpt lat="40.6008450" lon="-3.1082650">
    <ele>935.8</ele>
   </trkpt>
   <trkpt lat="40.6007920" lon="-3.1082010">
    <ele>935.8</ele>
   </trkpt>
   <trkpt lat="40.6007390" lon="-3.1081380">
    <ele>935.6</ele>
   </trkpt>
   <trkpt lat="40.6006850" lon="-3.1080730">
    <ele>935.6</ele>
   </trkpt>
   <trkpt lat="40.6006320" lon="-3.1080080">
    <ele>935.6</ele>
   </trkpt>
   <trkpt lat="40.6005780" lon="-3.1079430">
    <ele>935.6</ele>
   </trkpt>
   <trkpt lat="40.6005210" lon="-3.1078790">
    <ele>935.6</ele>
   </trkpt>
   <trkpt lat="40.6004640" lon="-3.1078120">
    <ele>935.4</ele>
   </trkpt>
   <trkpt lat="40.6004100" lon="-3.1077440">
    <ele>935.4</ele>
   </trkpt>
   <trkpt lat="40.6003570" lon="-3.1076800">
    <ele>935.2</ele>
   </trkpt>
   <trkpt lat="40.6003000" lon="-3.1076150">
    <ele>935.2</ele>
   </trkpt>
   <trkpt lat="40.6002460" lon="-3.1075520">
    <ele>935.2</ele>
   </trkpt>
   <trkpt lat="40.6001890" lon="-3.1074880">
    <ele>935.2</ele>
   </trkpt>
   <trkpt lat="40.6001320" lon="-3.1074240">
    <ele>935.0</ele>
   </trkpt>
   <trkpt lat="40.6000790" lon="-3.1073600">
    <ele>935.0</ele>
   </trkpt>
   <trkpt lat="40.6000250" lon="-3.1072950">
    <ele>935.0</ele>
   </trkpt>
   <trkpt lat="40.5999640" lon="-3.1072310">
    <ele>934.8</ele>
   </trkpt>
   <trkpt lat="40.5999070" lon="-3.1071640">
    <ele>934.8</ele>
   </trkpt>
   <trkpt lat="40.5998530" lon="-3.1071000">
    <ele>934.6</ele>
   </trkpt>
   <trkpt lat="40.5997920" lon="-3.1070340">
    <ele>934.6</ele>
   </trkpt>
   <trkpt lat="40.5997350" lon="-3.1069690">
    <ele>934.6</ele>
   </trkpt>
   <trkpt lat="40.5996820" lon="-3.1069030">
    <ele>934.4</ele>
   </trkpt>
   <trkpt lat="40.5996210" lon="-3.1068370">
    <ele>934.4</ele>
   </trkpt>
   <trkpt lat="40.5995640" lon="-3.1067720">
    <ele>934.4</ele>
   </trkpt>
   <trkpt lat="40.5995100" lon="-3.1067040">
    <ele>934.4</ele>
   </trkpt>
   <trkpt lat="40.5994570" lon="-3.1066360">
    <ele>934.2</ele>
   </trkpt>
   <trkpt lat="40.5994030" lon="-3.1065710">
    <ele>934.2</ele>
   </trkpt>
   <trkpt lat="40.5993500" lon="-3.1065060">
    <ele>934.2</ele>
   </trkpt>
   <trkpt lat="40.5992970" lon="-3.1064420">
    <ele>934.2</ele>
   </trkpt>
   <trkpt lat="40.5992430" lon="-3.1063770">
    <ele>934.2</ele>
   </trkpt>
   <trkpt lat="40.5991900" lon="-3.1063090">
    <ele>934.0</ele>
   </trkpt>
   <trkpt lat="40.5991360" lon="-3.1062430">
    <ele>934.0</ele>
   </trkpt>
   <trkpt lat="40.5990830" lon="-3.1061760">
    <ele>934.0</ele>
   </trkpt>
   <trkpt lat="40.5990300" lon="-3.1061120">
    <ele>934.0</ele>
   </trkpt>
   <trkpt lat="40.5989720" lon="-3.1060460">
    <ele>934.0</ele>
   </trkpt>
   <trkpt lat="40.5989190" lon="-3.1059800">
    <ele>934.0</ele>
   </trkpt>
   <trkpt lat="40.5988620" lon="-3.1059140">
    <ele>934.0</ele>
   </trkpt>
   <trkpt lat="40.5988120" lon="-3.1058460">
    <ele>933.8</ele>
   </trkpt>
   <trkpt lat="40.5987550" lon="-3.1057790">
    <ele>933.8</ele>
   </trkpt>
   <trkpt lat="40.5987010" lon="-3.1057120">
    <ele>933.8</ele>
   </trkpt>
   <trkpt lat="40.5986440" lon="-3.1056440">
    <ele>933.8</ele>
   </trkpt>
   <trkpt lat="40.5985870" lon="-3.1055760">
    <ele>933.8</ele>
   </trkpt>
   <trkpt lat="40.5985340" lon="-3.1055050">
    <ele>933.6</ele>
   </trkpt>
   <trkpt lat="40.5984760" lon="-3.1054340">
    <ele>933.6</ele>
   </trkpt>
   <trkpt lat="40.5984190" lon="-3.1053660">
    <ele>933.4</ele>
   </trkpt>
   <trkpt lat="40.5983620" lon="-3.1052970">
    <ele>933.4</ele>
   </trkpt>
   <trkpt lat="40.5983050" lon="-3.1052270">
    <ele>933.2</ele>
   </trkpt>
   <trkpt lat="40.5982470" lon="-3.1051580">
    <ele>933.2</ele>
   </trkpt>
   <trkpt lat="40.5981900" lon="-3.1050890">
    <ele>933.2</ele>
   </trkpt>
   <trkpt lat="40.5981330" lon="-3.1050230">
    <ele>933.2</ele>
   </trkpt>
   <trkpt lat="40.5980760" lon="-3.1049550">
    <ele>933.2</ele>
   </trkpt>
   <trkpt lat="40.5980190" lon="-3.1048860">
    <ele>933.2</ele>
   </trkpt>
   <trkpt lat="40.5979650" lon="-3.1048180">
    <ele>933.0</ele>
   </trkpt>
   <trkpt lat="40.5979080" lon="-3.1047450">
    <ele>933.0</ele>
   </trkpt>
   <trkpt lat="40.5978510" lon="-3.1046760">
    <ele>932.8</ele>
   </trkpt>
   <trkpt lat="40.5977940" lon="-3.1046070">
    <ele>932.8</ele>
   </trkpt>
   <trkpt lat="40.5977400" lon="-3.1045390">
    <ele>932.8</ele>
   </trkpt>
   <trkpt lat="40.5976830" lon="-3.1044710">
    <ele>932.8</ele>
   </trkpt>
   <trkpt lat="40.5976260" lon="-3.1044050">
    <ele>932.8</ele>
   </trkpt>
   <trkpt lat="40.5975680" lon="-3.1043380">
    <ele>932.8</ele>
   </trkpt>
   <trkpt lat="40.5975110" lon="-3.1042690">
    <ele>932.8</ele>
   </trkpt>
   <trkpt lat="40.5974540" lon="-3.1041990">
    <ele>932.6</ele>
   </trkpt>
   <trkpt lat="40.5973970" lon="-3.1041300">
    <ele>932.6</ele>
   </trkpt>
   <trkpt lat="40.5973430" lon="-3.1040610">
    <ele>932.6</ele>
   </trkpt>
   <trkpt lat="40.5972900" lon="-3.1039920">
    <ele>932.6</ele>
   </trkpt>
   <trkpt lat="40.5972330" lon="-3.1039220">
    <ele>932.4</ele>
   </trkpt>
   <trkpt lat="40.5971760" lon="-3.1038530">
    <ele>932.4</ele>
   </trkpt>
   <trkpt lat="40.5971180" lon="-3.1037840">
    <ele>932.4</ele>
   </trkpt>
   <trkpt lat="40.5970650" lon="-3.1037140">
    <ele>932.4</ele>
   </trkpt>
   <trkpt lat="40.5970080" lon="-3.1036460">
    <ele>932.2</ele>
   </trkpt>
   <trkpt lat="40.5969500" lon="-3.1035750">
    <ele>932.2</ele>
   </trkpt>
   <trkpt lat="40.5968930" lon="-3.1035060">
    <ele>932.0</ele>
   </trkpt>
   <trkpt lat="40.5968360" lon="-3.1034400">
    <ele>932.0</ele>
   </trkpt>
   <trkpt lat="40.5967830" lon="-3.1033750">
    <ele>932.0</ele>
   </trkpt>
   <trkpt lat="40.5967330" lon="-3.1033110">
    <ele>932.0</ele>
   </trkpt>
   <trkpt lat="40.5966800" lon="-3.1032470">
    <ele>932.0</ele>
   </trkpt>
   <trkpt lat="40.5966220" lon="-3.1031840">
    <ele>932.0</ele>
   </trkpt>
   <trkpt lat="40.5965650" lon="-3.1031200">
    <ele>932.0</ele>
   </trkpt>
   <trkpt lat="40.5965120" lon="-3.1030540">
    <ele>931.8</ele>
   </trkpt>
   <trkpt lat="40.5964580" lon="-3.1029880">
    <ele>931.8</ele>
   </trkpt>
   <trkpt lat="40.5964010" lon="-3.1029230">
    <ele>931.8</ele>
   </trkpt>
   <trkpt lat="40.5963520" lon="-3.1028580">
    <ele>931.8</ele>
   </trkpt>
   <trkpt lat="40.5962980" lon="-3.1027930">
    <ele>931.8</ele>
   </trkpt>
   <trkpt lat="40.5962450" lon="-3.1027270">
    <ele>931.8</ele>
   </trkpt>
   <trkpt lat="40.5961880" lon="-3.1026590">
    <ele>931.8</ele>
   </trkpt>
   <trkpt lat="40.5961300" lon="-3.1025930">
    <ele>931.8</ele>
   </trkpt>
   <trkpt lat="40.5960770" lon="-3.1025280">
    <ele>931.8</ele>
   </trkpt>
   <trkpt lat="40.5960240" lon="-3.1024650">
    <ele>931.8</ele>
   </trkpt>
   <trkpt lat="40.5959700" lon="-3.1024000">
    <ele>931.6</ele>
   </trkpt>
   <trkpt lat="40.5959210" lon="-3.1023370">
    <ele>931.8</ele>
   </trkpt>
   <trkpt lat="40.5958670" lon="-3.1022730">
    <ele>931.8</ele>
   </trkpt>
   <trkpt lat="40.5958140" lon="-3.1022090">
    <ele>931.6</ele>
   </trkpt>
   <trkpt lat="40.5957640" lon="-3.1021470">
    <ele>931.6</ele>
   </trkpt>
   <trkpt lat="40.5957150" lon="-3.1020830">
    <ele>931.8</ele>
   </trkpt>
   <trkpt lat="40.5956650" lon="-3.1020220">
    <ele>931.8</ele>
   </trkpt>
   <trkpt lat="40.5956150" lon="-3.1019610">
    <ele>932.0</ele>
   </trkpt>
   <trkpt lat="40.5955660" lon="-3.1018990">
    <ele>932.2</ele>
   </trkpt>
   <trkpt lat="40.5955160" lon="-3.1018380">
    <ele>932.2</ele>
   </trkpt>
   <trkpt lat="40.5954670" lon="-3.1017790">
    <ele>932.4</ele>
   </trkpt>
   <trkpt lat="40.5954210" lon="-3.1017190">
    <ele>932.4</ele>
   </trkpt>
   <trkpt lat="40.5953710" lon="-3.1016590">
    <ele>932.4</ele>
   </trkpt>
   <trkpt lat="40.5953220" lon="-3.1015990">
    <ele>932.4</ele>
   </trkpt>
   <trkpt lat="40.5952720" lon="-3.1015370">
    <ele>932.4</ele>
   </trkpt>
   <trkpt lat="40.5952190" lon="-3.1014770">
    <ele>932.6</ele>
   </trkpt>
   <trkpt lat="40.5951690" lon="-3.1014160">
    <ele>932.6</ele>
   </trkpt>
   <trkpt lat="40.5951190" lon="-3.1013540">
    <ele>932.8</ele>
   </trkpt>
   <trkpt lat="40.5950660" lon="-3.1012920">
    <ele>932.8</ele>
   </trkpt>
   <trkpt lat="40.5950160" lon="-3.1012310">
    <ele>933.0</ele>
   </trkpt>
   <trkpt lat="40.5949670" lon="-3.1011700">
    <ele>933.2</ele>
   </trkpt>
   <trkpt lat="40.5949140" lon="-3.1011090">
    <ele>933.2</ele>
   </trkpt>
   <trkpt lat="40.5948640" lon="-3.1010500">
    <ele>933.4</ele>
   </trkpt>
   <trkpt lat="40.5948140" lon="-3.1009890">
    <ele>933.4</ele>
   </trkpt>
   <trkpt lat="40.5947650" lon="-3.1009270">
    <ele>933.6</ele>
   </trkpt>
   <trkpt lat="40.5947110" lon="-3.1008640">
    <ele>933.6</ele>
   </trkpt>
   <trkpt lat="40.5946620" lon="-3.1008020">
    <ele>933.8</ele>
   </trkpt>
   <trkpt lat="40.5946120" lon="-3.1007410">
    <ele>933.8</ele>
   </trkpt>
   <trkpt lat="40.5945630" lon="-3.1006790">
    <ele>934.0</ele>
   </trkpt>
   <trkpt lat="40.5945170" lon="-3.1006190">
    <ele>934.2</ele>
   </trkpt>
   <trkpt lat="40.5944710" lon="-3.1005600">
    <ele>934.2</ele>
   </trkpt>
   <trkpt lat="40.5944210" lon="-3.1005010">
    <ele>934.4</ele>
   </trkpt>
   <trkpt lat="40.5943720" lon="-3.1004430">
    <ele>934.4</ele>
   </trkpt>
   <trkpt lat="40.5943260" lon="-3.1003820">
    <ele>934.6</ele>
   </trkpt>
   <trkpt lat="40.5942760" lon="-3.1003210">
    <ele>934.6</ele>
   </trkpt>
   <trkpt lat="40.5942270" lon="-3.1002610">
    <ele>934.8</ele>
   </trkpt>
   <trkpt lat="40.5941730" lon="-3.1001990">
    <ele>934.8</ele>
   </trkpt>
   <trkpt lat="40.5941240" lon="-3.1001390">
    <ele>935.0</ele>
   </trkpt>
   <trkpt lat="40.5940780" lon="-3.1000790">
    <ele>935.0</ele>
   </trkpt>
   <trkpt lat="40.5940280" lon="-3.1000200">
    <ele>935.2</ele>
   </trkpt>
   <trkpt lat="40.5939790" lon="-3.0999610">
    <ele>935.2</ele>
   </trkpt>
   <trkpt lat="40.5939290" lon="-3.0999030">
    <ele>935.4</ele>
   </trkpt>
   <trkpt lat="40.5938800" lon="-3.0998440">
    <ele>935.4</ele>
   </trkpt>
   <trkpt lat="40.5938300" lon="-3.0997840">
    <ele>935.4</ele>
   </trkpt>
   <trkpt lat="40.5937810" lon="-3.0997210">
    <ele>935.4</ele>
   </trkpt>
   <trkpt lat="40.5937350" lon="-3.0996620">
    <ele>935.6</ele>
   </trkpt>
   <trkpt lat="40.5936890" lon="-3.0996060">
    <ele>935.6</ele>
   </trkpt>
   <trkpt lat="40.5936430" lon="-3.0995500">
    <ele>935.8</ele>
   </trkpt>
   <trkpt lat="40.5935940" lon="-3.0994940">
    <ele>935.8</ele>
   </trkpt>
   <trkpt lat="40.5935480" lon="-3.0994380">
    <ele>935.8</ele>
   </trkpt>
   <trkpt lat="40.5934980" lon="-3.0993810">
    <ele>936.0</ele>
   </trkpt>
   <trkpt lat="40.5934490" lon="-3.0993250">
    <ele>936.0</ele>
   </trkpt>
   <trkpt lat="40.5934030" lon="-3.0992650">
    <ele>936.0</ele>
   </trkpt>
   <trkpt lat="40.5933570" lon="-3.0992050">
    <ele>936.0</ele>
   </trkpt>
   <trkpt lat="40.5933070" lon="-3.0991440">
    <ele>936.0</ele>
   </trkpt>
   <trkpt lat="40.5932580" lon="-3.0990820">
    <ele>936.0</ele>
   </trkpt>
   <trkpt lat="40.5932080" lon="-3.0990200">
    <ele>936.2</ele>
   </trkpt>
   <trkpt lat="40.5931590" lon="-3.0989590">
    <ele>936.0</ele>
   </trkpt>
   <trkpt lat="40.5931090" lon="-3.0989010">
    <ele>936.0</ele>
   </trkpt>
   <trkpt lat="40.5930630" lon="-3.0988380">
    <ele>935.8</ele>
   </trkpt>
   <trkpt lat="40.5930140" lon="-3.0987740">
    <ele>935.8</ele>
   </trkpt>
   <trkpt lat="40.5929600" lon="-3.0987100">
    <ele>935.8</ele>
   </trkpt>
   <trkpt lat="40.5929030" lon="-3.0986470">
    <ele>935.6</ele>
   </trkpt>
   <trkpt lat="40.5928540" lon="-3.0985810">
    <ele>935.6</ele>
   </trkpt>
   <trkpt lat="40.5928000" lon="-3.0985150">
    <ele>935.4</ele>
   </trkpt>
   <trkpt lat="40.5927510" lon="-3.0984490">
    <ele>935.4</ele>
   </trkpt>
   <trkpt lat="40.5927050" lon="-3.0983810">
    <ele>935.2</ele>
   </trkpt>
   <trkpt lat="40.5926590" lon="-3.0983140">
    <ele>935.2</ele>
   </trkpt>
   <trkpt lat="40.5926130" lon="-3.0982460">
    <ele>935.2</ele>
   </trkpt>
   <trkpt lat="40.5925670" lon="-3.0981780">
    <ele>935.2</ele>
   </trkpt>
   <trkpt lat="40.5925250" lon="-3.0981070">
    <ele>935.2</ele>
   </trkpt>
   <trkpt lat="40.5924870" lon="-3.0980320">
    <ele>935.0</ele>
   </trkpt>
   <trkpt lat="40.5924490" lon="-3.0979540">
    <ele>935.0</ele>
   </trkpt>
   <trkpt lat="40.5924070" lon="-3.0978730">
    <ele>934.8</ele>
   </trkpt>
   <trkpt lat="40.5923730" lon="-3.0977910">
    <ele>934.6</ele>
   </trkpt>
   <trkpt lat="40.5923390" lon="-3.0977060">
    <ele>934.6</ele>
   </trkpt>
   <trkpt lat="40.5923040" lon="-3.0976190">
    <ele>934.4</ele>
   </trkpt>
   <trkpt lat="40.5922660" lon="-3.0975310">
    <ele>934.2</ele>
   </trkpt>
   <trkpt lat="40.5922360" lon="-3.0974400">
    <ele>934.2</ele>
   </trkpt>
   <trkpt lat="40.5922010" lon="-3.0973470">
    <ele>934.0</ele>
   </trkpt>
   <trkpt lat="40.5921710" lon="-3.0972540">
    <ele>933.8</ele>
   </trkpt>
   <trkpt lat="40.5921360" lon="-3.0971600">
    <ele>933.8</ele>
   </trkpt>
   <trkpt lat="40.5921100" lon="-3.0970650">
    <ele>933.6</ele>
   </trkpt>
   <trkpt lat="40.5920830" lon="-3.0969710">
    <ele>933.4</ele>
   </trkpt>
   <trkpt lat="40.5920560" lon="-3.0968740">
    <ele>933.4</ele>
   </trkpt>
   <trkpt lat="40.5920330" lon="-3.0967730">
    <ele>933.4</ele>
   </trkpt>
   <trkpt lat="40.5920220" lon="-3.0966710">
    <ele>933.2</ele>
   </trkpt>
   <trkpt lat="40.5920180" lon="-3.0965650">
    <ele>933.2</ele>
   </trkpt>
   <trkpt lat="40.5920180" lon="-3.0964620">
    <ele>933.0</ele>
   </trkpt>
   <trkpt lat="40.5920300" lon="-3.0963600">
    <ele>933.0</ele>
   </trkpt>
   <trkpt lat="40.5920490" lon="-3.0962620">
    <ele>933.2</ele>
   </trkpt>
   <trkpt lat="40.5920680" lon="-3.0961660">
    <ele>933.2</ele>
   </trkpt>
   <trkpt lat="40.5920980" lon="-3.0960720">
    <ele>933.2</ele>
   </trkpt>
   <trkpt lat="40.5921250" lon="-3.0959790">
    <ele>933.2</ele>
   </trkpt>
   <trkpt lat="40.5921440" lon="-3.0958860">
    <ele>933.2</ele>
   </trkpt>
   <trkpt lat="40.5921520" lon="-3.0957930">
    <ele>933.2</ele>
   </trkpt>
   <trkpt lat="40.5921400" lon="-3.0957030">
    <ele>933.4</ele>
   </trkpt>
   <trkpt lat="40.5921170" lon="-3.0956180">
    <ele>933.6</ele>
   </trkpt>
   <trkpt lat="40.5920830" lon="-3.0955450">
    <ele>933.8</ele>
   </trkpt>
   <trkpt lat="40.5920370" lon="-3.0954870">
    <ele>934.0</ele>
   </trkpt>
   <trkpt lat="40.5919840" lon="-3.0954440">
    <ele>934.2</ele>
   </trkpt>
   <trkpt lat="40.5919230" lon="-3.0954210">
    <ele>934.4</ele>
   </trkpt>
   <trkpt lat="40.5918580" lon="-3.0954240">
    <ele>934.6</ele>
   </trkpt>
   <trkpt lat="40.5918080" lon="-3.0954490">
    <ele>934.8</ele>
   </trkpt>
   <trkpt lat="40.5917620" lon="-3.0954890">
    <ele>935.0</ele>
   </trkpt>
   <trkpt lat="40.5917240" lon="-3.0955410">
    <ele>935.2</ele>
   </trkpt>
   <trkpt lat="40.5916940" lon="-3.0956010">
    <ele>935.2</ele>
   </trkpt>
   <trkpt lat="40.5916670" lon="-3.0956650">
    <ele>935.4</ele>
   </trkpt>
   <trkpt lat="40.5916370" lon="-3.0957280">
    <ele>935.6</ele>
   </trkpt>
   <trkpt lat="40.5916020" lon="-3.0957890">
    <ele>935.8</ele>
   </trkpt>
   <trkpt lat="40.5915570" lon="-3.0958380">
    <ele>935.8</ele>
   </trkpt>
   <trkpt lat="40.5915070" lon="-3.0958730">
    <ele>936.0</ele>
   </trkpt>
   <trkpt lat="40.5914500" lon="-3.0958910">
    <ele>936.2</ele>
   </trkpt>
   <trkpt lat="40.5913930" lon="-3.0958920">
    <ele>936.2</ele>
   </trkpt>
   <trkpt lat="40.5913390" lon="-3.0958750">
    <ele>936.4</ele>
   </trkpt>
   <trkpt lat="40.5912900" lon="-3.0958400">
    <ele>936.4</ele>
   </trkpt>
   <trkpt lat="40.5912480" lon="-3.0957900">
    <ele>936.6</ele>
   </trkpt>
   <trkpt lat="40.5912060" lon="-3.0957250">
    <ele>936.6</ele>
   </trkpt>
   <trkpt lat="40.5911790" lon="-3.0956490">
    <ele>936.6</ele>
   </trkpt>
   <trkpt lat="40.5911670" lon="-3.0955710">
    <ele>936.6</ele>
   </trkpt>
   <trkpt lat="40.5911640" lon="-3.0954990">
    <ele>936.6</ele>
   </trkpt>
   <trkpt lat="40.5911670" lon="-3.0954400">
    <ele>936.6</ele>
   </trkpt>
   <trkpt lat="40.5911750" lon="-3.0953940">
    <ele>936.6</ele>
   </trkpt>
   <trkpt lat="40.5911750" lon="-3.0953580">
    <ele>936.8</ele>
   </trkpt>
   <trkpt lat="40.5911670" lon="-3.0953330">
    <ele>936.8</ele>
   </trkpt>
   <trkpt lat="40.5911560" lon="-3.0953130">
    <ele>936.8</ele>
   </trkpt>
   <trkpt lat="40.5911480" lon="-3.0952970">
    <ele>936.8</ele>
   </trkpt>
   <trkpt lat="40.5911560" lon="-3.0952830">
    <ele>936.6</ele>
   </trkpt>
   <trkpt lat="40.5911710" lon="-3.0952730">
    <ele>936.6</ele>
   </trkpt>
   <trkpt lat="40.5911830" lon="-3.0952720">
    <ele>936.6</ele>
   </trkpt>
   <trkpt lat="40.5911980" lon="-3.0952730">
    <ele>936.6</ele>
   </trkpt>
   <trkpt lat="40.5912130" lon="-3.0952710">
    <ele>936.4</ele>
   </trkpt>
   <trkpt lat="40.5912320" lon="-3.0952600">
    <ele>936.4</ele>
   </trkpt>
   <trkpt lat="40.5912510" lon="-3.0952420">
    <ele>936.4</ele>
   </trkpt>
   <trkpt lat="40.5912700" lon="-3.0952210">
    <ele>936.2</ele>
   </trkpt>
   <trkpt lat="40.5912860" lon="-3.0952030">
    <ele>936.2</ele>
   </trkpt>
   <trkpt lat="40.5912930" lon="-3.0951940">
    <ele>936.2</ele>
   </trkpt>
   <trkpt lat="40.5913010" lon="-3.0951920">
    <ele>936.2</ele>
   </trkpt>
   <trkpt lat="40.5913280" lon="-3.0951700">
    <ele>936.2</ele>
   </trkpt>
   <trkpt lat="40.5913470" lon="-3.0951490">
    <ele>936.2</ele>
   </trkpt>
   <trkpt lat="40.5913700" lon="-3.0951190">
    <ele>936.2</ele>
   </trkpt>
   <trkpt lat="40.5913930" lon="-3.0950780">
    <ele>936.0</ele>
   </trkpt>
   <trkpt lat="40.5914150" lon="-3.0950290">
    <ele>936.0</ele>
   </trkpt>
   <trkpt lat="40.5914310" lon="-3.0949720">
    <ele>935.8</ele>
   </trkpt>
   <trkpt lat="40.5914380" lon="-3.0949070">
    <ele>935.6</ele>
   </trkpt>
   <trkpt lat="40.5914420" lon="-3.0948370">
    <ele>935.6</ele>
   </trkpt>
   <trkpt lat="40.5914310" lon="-3.0947630">
    <ele>935.4</ele>
   </trkpt>
   <trkpt lat="40.5914190" lon="-3.0946880">
    <ele>935.2</ele>
   </trkpt>
   <trkpt lat="40.5914080" lon="-3.0946150">
    <ele>935.0</ele>
   </trkpt>
   <trkpt lat="40.5913890" lon="-3.0945410">
    <ele>934.8</ele>
   </trkpt>
   <trkpt lat="40.5913700" lon="-3.0944650">
    <ele>934.8</ele>
   </trkpt>
   <trkpt lat="40.5913510" lon="-3.0943910">
    <ele>934.6</ele>
   </trkpt>
   <trkpt lat="40.5913280" lon="-3.0943170">
    <ele>934.4</ele>
   </trkpt>
   <trkpt lat="40.5913010" lon="-3.0942450">
    <ele>934.4</ele>
   </trkpt>
   <trkpt lat="40.5912780" lon="-3.0941720">
    <ele>934.2</ele>
   </trkpt>
   <trkpt lat="40.5912550" lon="-3.0940980">
    <ele>934.0</ele>
   </trkpt>
   <trkpt lat="40.5912320" lon="-3.0940250">
    <ele>934.0</ele>
   </trkpt>
   <trkpt lat="40.5912090" lon="-3.0939510">
    <ele>933.8</ele>
   </trkpt>
   <trkpt lat="40.5911830" lon="-3.0938770">
    <ele>933.8</ele>
   </trkpt>
   <trkpt lat="40.5911640" lon="-3.0938030">
    <ele>933.6</ele>
   </trkpt>
   <trkpt lat="40.5911450" lon="-3.0937260">
    <ele>933.4</ele>
   </trkpt>
   <trkpt lat="40.5911180" lon="-3.0936460">
    <ele>933.2</ele>
   </trkpt>
   <trkpt lat="40.5910950" lon="-3.0935630">
    <ele>933.0</ele>
   </trkpt>
   <trkpt lat="40.5910720" lon="-3.0934800">
    <ele>933.0</ele>
   </trkpt>
   <trkpt lat="40.5910530" lon="-3.0933950">
    <ele>932.8</ele>
   </trkpt>
   <trkpt lat="40.5910420" lon="-3.0933100">
    <ele>932.6</ele>
   </trkpt>
   <trkpt lat="40.5910260" lon="-3.0932250">
    <ele>932.6</ele>
   </trkpt>
   <trkpt lat="40.5910150" lon="-3.0931400">
    <ele>932.4</ele>
   </trkpt>
   <trkpt lat="40.5910070" lon="-3.0930520">
    <ele>932.2</ele>
   </trkpt>
   <trkpt lat="40.5910000" lon="-3.0929640">
    <ele>932.0</ele>
   </trkpt>
   <trkpt lat="40.5909920" lon="-3.0928740">
    <ele>931.8</ele>
   </trkpt>
   <trkpt lat="40.5909880" lon="-3.0927850">
    <ele>931.6</ele>
   </trkpt>
   <trkpt lat="40.5909840" lon="-3.0926940">
    <ele>931.4</ele>
   </trkpt>
   <trkpt lat="40.5909840" lon="-3.0926030">
    <ele>931.2</ele>
   </trkpt>
   <trkpt lat="40.5909880" lon="-3.0925190">
    <ele>931.2</ele>
   </trkpt>
   <trkpt lat="40.5909880" lon="-3.0924460">
    <ele>931.2</ele>
   </trkpt>
   <trkpt lat="40.5909920" lon="-3.0923840">
    <ele>931.0</ele>
   </trkpt>
   <trkpt lat="40.5909960" lon="-3.0923380">
    <ele>931.0</ele>
   </trkpt>
   <trkpt lat="40.5909960" lon="-3.0922870">
    <ele>931.0</ele>
   </trkpt>
   <trkpt lat="40.5909840" lon="-3.0922590">
    <ele>930.8</ele>
   </trkpt>
   <trkpt lat="40.5909610" lon="-3.0922490">
    <ele>930.8</ele>
   </trkpt>
   <trkpt lat="40.5909390" lon="-3.0922580">
    <ele>930.4</ele>
   </trkpt>
   <trkpt lat="40.5909160" lon="-3.0922840">
    <ele>930.4</ele>
   </trkpt>
   <trkpt lat="40.5909080" lon="-3.0923310">
    <ele>930.2</ele>
   </trkpt>
   <trkpt lat="40.5909000" lon="-3.0923920">
    <ele>930.0</ele>
   </trkpt>
   <trkpt lat="40.5908850" lon="-3.0924560">
    <ele>930.0</ele>
   </trkpt>
   <trkpt lat="40.5908660" lon="-3.0925250">
    <ele>929.8</ele>
   </trkpt>
   <trkpt lat="40.5908470" lon="-3.0925990">
    <ele>929.6</ele>
   </trkpt>
   <trkpt lat="40.5908320" lon="-3.0926750">
    <ele>929.6</ele>
   </trkpt>
   <trkpt lat="40.5908050" lon="-3.0927500">
    <ele>929.4</ele>
   </trkpt>
   <trkpt lat="40.5907820" lon="-3.0928270">
    <ele>929.4</ele>
   </trkpt>
   <trkpt lat="40.5907590" lon="-3.0929070">
    <ele>929.4</ele>
   </trkpt>
   <trkpt lat="40.5907400" lon="-3.0929880">
    <ele>929.4</ele>
   </trkpt>
   <trkpt lat="40.5907250" lon="-3.0930670">
    <ele>929.6</ele>
   </trkpt>
   <trkpt lat="40.5907060" lon="-3.0931470">
    <ele>929.6</ele>
   </trkpt>
   <trkpt lat="40.5906830" lon="-3.0932240">
    <ele>929.6</ele>
   </trkpt>
   <trkpt lat="40.5906640" lon="-3.0933000">
    <ele>929.6</ele>
   </trkpt>
   <trkpt lat="40.5906410" lon="-3.0933760">
    <ele>929.6</ele>
   </trkpt>
   <trkpt lat="40.5906180" lon="-3.0934520">
    <ele>929.6</ele>
   </trkpt>
   <trkpt lat="40.5906030" lon="-3.0935240">
    <ele>929.8</ele>
   </trkpt>
   <trkpt lat="40.5905840" lon="-3.0935970">
    <ele>929.8</ele>
   </trkpt>
   <trkpt lat="40.5905650" lon="-3.0936670">
    <ele>929.8</ele>
   </trkpt>
   <trkpt lat="40.5905380" lon="-3.0937380">
    <ele>929.6</ele>
   </trkpt>
   <trkpt lat="40.5905190" lon="-3.0938110">
    <ele>929.6</ele>
   </trkpt>
   <trkpt lat="40.5904960" lon="-3.0938840">
    <ele>929.6</ele>
   </trkpt>
   <trkpt lat="40.5904730" lon="-3.0939580">
    <ele>929.6</ele>
   </trkpt>
   <trkpt lat="40.5904540" lon="-3.0940330">
    <ele>929.6</ele>
   </trkpt>
   <trkpt lat="40.5904310" lon="-3.0941100">
    <ele>929.6</ele>
   </trkpt>
   <trkpt lat="40.5904120" lon="-3.0941840">
    <ele>929.6</ele>
   </trkpt>
   <trkpt lat="40.5903930" lon="-3.0942600">
    <ele>929.6</ele>
   </trkpt>
   <trkpt lat="40.5903700" lon="-3.0943370">
    <ele>929.6</ele>
   </trkpt>
   <trkpt lat="40.5903470" lon="-3.0944130">
    <ele>929.6</ele>
   </trkpt>
   <trkpt lat="40.5903280" lon="-3.0944850">
    <ele>929.6</ele>
   </trkpt>
   <trkpt lat="40.5903090" lon="-3.0945560">
    <ele>929.6</ele>
   </trkpt>
   <trkpt lat="40.5902900" lon="-3.0946220">
    <ele>929.8</ele>
   </trkpt>
   <trkpt lat="40.5902710" lon="-3.0946830">
    <ele>929.8</ele>
   </trkpt>
   <trkpt lat="40.5902440" lon="-3.0947300">
    <ele>929.8</ele>
   </trkpt>
   <trkpt lat="40.5902140" lon="-3.0947580">
    <ele>929.8</ele>
   </trkpt>
   <trkpt lat="40.5901790" lon="-3.0947650">
    <ele>929.8</ele>
   </trkpt>
   <trkpt lat="40.5901450" lon="-3.0947540">
    <ele>929.8</ele>
   </trkpt>
   <trkpt lat="40.5900990" lon="-3.0947270">
    <ele>929.6</ele>
   </trkpt>
   <trkpt lat="40.5900540" lon="-3.0946880">
    <ele>929.2</ele>
   </trkpt>
   <trkpt lat="40.5900000" lon="-3.0946460">
    <ele>929.0</ele>
   </trkpt>
   <trkpt lat="40.5899390" lon="-3.0946080">
    <ele>928.6</ele>
   </trkpt>
   <trkpt lat="40.5898780" lon="-3.0945750">
    <ele>928.4</ele>
   </trkpt>
   <trkpt lat="40.5898130" lon="-3.0945470">
    <ele>928.0</ele>
   </trkpt>
   <trkpt lat="40.5897520" lon="-3.0945160">
    <ele>927.8</ele>
   </trkpt>
   <trkpt lat="40.5896910" lon="-3.0944830">
    <ele>927.6</ele>
   </trkpt>
   <trkpt lat="40.5896300" lon="-3.0944490">
    <ele>927.6</ele>
   </trkpt>
   <trkpt lat="40.5895770" lon="-3.0944120">
    <ele>927.4</ele>
   </trkpt>
   <trkpt lat="40.5895230" lon="-3.0943730">
    <ele>927.4</ele>
   </trkpt>
   <trkpt lat="40.5894740" lon="-3.0943360">
    <ele>927.6</ele>
   </trkpt>
   <trkpt lat="40.5894320" lon="-3.0943020">
    <ele>928.0</ele>
   </trkpt>
   <trkpt lat="40.5893970" lon="-3.0942730">
    <ele>928.2</ele>
   </trkpt>
   <trkpt lat="40.5893630" lon="-3.0942490">
    <ele>928.4</ele>
   </trkpt>
   <trkpt lat="40.5893330" lon="-3.0942270">
    <ele>928.4</ele>
   </trkpt>
   <trkpt lat="40.5893020" lon="-3.0942060">
    <ele>928.6</ele>
   </trkpt>
   <trkpt lat="40.5892640" lon="-3.0941840">
    <ele>928.6</ele>
   </trkpt>
   <trkpt lat="40.5892260" lon="-3.0941530">
    <ele>928.6</ele>
   </trkpt>
   <trkpt lat="40.5891950" lon="-3.0941180">
    <ele>928.4</ele>
   </trkpt>
   <trkpt lat="40.5891610" lon="-3.0940750">
    <ele>928.0</ele>
   </trkpt>
   <trkpt lat="40.5891230" lon="-3.0940290">
    <ele>927.8</ele>
   </trkpt>
   <trkpt lat="40.5890850" lon="-3.0939770">
    <ele>927.6</ele>
   </trkpt>
   <trkpt lat="40.5890430" lon="-3.0939240">
    <ele>927.4</ele>
   </trkpt>
   <trkpt lat="40.5890080" lon="-3.0938710">
    <ele>927.2</ele>
   </trkpt>
   <trkpt lat="40.5889780" lon="-3.0938220">
    <ele>927.0</ele>
   </trkpt>
   <trkpt lat="40.5889360" lon="-3.0937610">
    <ele>927.0</ele>
   </trkpt>
   <trkpt lat="40.5888980" lon="-3.0937070">
    <ele>926.8</ele>
   </trkpt>
   <trkpt lat="40.5888560" lon="-3.0936490">
    <ele>926.8</ele>
   </trkpt>
   <trkpt lat="40.5888140" lon="-3.0935900">
    <ele>926.8</ele>
   </trkpt>
   <trkpt lat="40.5887680" lon="-3.0935340">
    <ele>926.8</ele>
   </trkpt>
   <trkpt lat="40.5887260" lon="-3.0934810">
    <ele>926.6</ele>
   </trkpt>
   <trkpt lat="40.5886840" lon="-3.0934300">
    <ele>926.6</ele>
   </trkpt>
   <trkpt lat="40.5886420" lon="-3.0933820">
    <ele>926.6</ele>
   </trkpt>
   <trkpt lat="40.5886000" lon="-3.0933340">
    <ele>926.6</ele>
   </trkpt>
   <trkpt lat="40.5885540" lon="-3.0932870">
    <ele>926.6</ele>
   </trkpt>
   <trkpt lat="40.5885120" lon="-3.0932390">
    <ele>926.6</ele>
   </trkpt>
   <trkpt lat="40.5884670" lon="-3.0931910">
    <ele>926.6</ele>
   </trkpt>
   <trkpt lat="40.5884250" lon="-3.0931410">
    <ele>926.4</ele>
   </trkpt>
   <trkpt lat="40.5883830" lon="-3.0930890">
    <ele>926.6</ele>
   </trkpt>
   <trkpt lat="40.5883410" lon="-3.0930390">
    <ele>926.6</ele>
   </trkpt>
   <trkpt lat="40.5882990" lon="-3.0929880">
    <ele>926.6</ele>
   </trkpt>
   <trkpt lat="40.5882530" lon="-3.0929350">
    <ele>926.6</ele>
   </trkpt>
   <trkpt lat="40.5882070" lon="-3.0928860">
    <ele>926.6</ele>
   </trkpt>
   <trkpt lat="40.5881650" lon="-3.0928340">
    <ele>926.6</ele>
   </trkpt>
   <trkpt lat="40.5881230" lon="-3.0927840">
    <ele>926.6</ele>
   </trkpt>
   <trkpt lat="40.5880780" lon="-3.0927370">
    <ele>926.6</ele>
   </trkpt>
   <trkpt lat="40.5880390" lon="-3.0926950">
    <ele>926.6</ele>
   </trkpt>
   <trkpt lat="40.5879900" lon="-3.0926400">
    <ele>926.6</ele>
   </trkpt>
   <trkpt lat="40.5879360" lon="-3.0925800">
    <ele>926.4</ele>
   </trkpt>
   <trkpt lat="40.5878910" lon="-3.0925300">
    <ele>926.2</ele>
   </trkpt>
   <trkpt lat="40.5878450" lon="-3.0924790">
    <ele>926.2</ele>
   </trkpt>
   <trkpt lat="40.5877990" lon="-3.0924280">
    <ele>926.2</ele>
   </trkpt>
   <trkpt lat="40.5877570" lon="-3.0923770">
    <ele>926.2</ele>
   </trkpt>
   <trkpt lat="40.5877150" lon="-3.0923220">
    <ele>926.4</ele>
   </trkpt>
   <trkpt lat="40.5876730" lon="-3.0922660">
    <ele>926.4</ele>
   </trkpt>
   <trkpt lat="40.5876310" lon="-3.0922120">
    <ele>926.4</ele>
   </trkpt>
   <trkpt lat="40.5875890" lon="-3.0921590">
    <ele>926.4</ele>
   </trkpt>
   <trkpt lat="40.5875470" lon="-3.0921100">
    <ele>926.4</ele>
   </trkpt>
   <trkpt lat="40.5875010" lon="-3.0920590">
    <ele>926.6</ele>
   </trkpt>
   <trkpt lat="40.5874630" lon="-3.0920090">
    <ele>926.6</ele>
   </trkpt>
   <trkpt lat="40.5874250" lon="-3.0919580">
    <ele>926.8</ele>
   </trkpt>
   <trkpt lat="40.5873870" lon="-3.0919090">
    <ele>926.8</ele>
   </trkpt>
   <trkpt lat="40.5873570" lon="-3.0918640">
    <ele>927.0</ele>
   </trkpt>
   <trkpt lat="40.5873110" lon="-3.0918060">
    <ele>927.2</ele>
   </trkpt>
   <trkpt lat="40.5872730" lon="-3.0917590">
    <ele>927.2</ele>
   </trkpt>
   <trkpt lat="40.5872310" lon="-3.0917140">
    <ele>927.4</ele>
   </trkpt>
   <trkpt lat="40.5872000" lon="-3.0916750">
    <ele>927.4</ele>
   </trkpt>
   <trkpt lat="40.5871510" lon="-3.0916220">
    <ele>927.4</ele>
   </trkpt>
   <trkpt lat="40.5871090" lon="-3.0915740">
    <ele>927.4</ele>
   </trkpt>
   <trkpt lat="40.5870630" lon="-3.0915280">
    <ele>927.6</ele>
   </trkpt>
   <trkpt lat="40.5870250" lon="-3.0914810">
    <ele>927.6</ele>
   </trkpt>
   <trkpt lat="40.5869830" lon="-3.0914380">
    <ele>927.8</ele>
   </trkpt>
   <trkpt lat="40.5869410" lon="-3.0914010">
    <ele>928.0</ele>
   </trkpt>
   <trkpt lat="40.5868990" lon="-3.0913600">
    <ele>928.0</ele>
   </trkpt>
   <trkpt lat="40.5868570" lon="-3.0913200">
    <ele>928.2</ele>
   </trkpt>
   <trkpt lat="40.5868260" lon="-3.0912810">
    <ele>928.2</ele>
   </trkpt>
   <trkpt lat="40.5867810" lon="-3.0912290">
    <ele>928.4</ele>
   </trkpt>
   <trkpt lat="40.5867420" lon="-3.0911840">
    <ele>928.4</ele>
   </trkpt>
   <trkpt lat="40.5867040" lon="-3.0911360">
    <ele>928.6</ele>
   </trkpt>
   <trkpt lat="40.5866660" lon="-3.0910900">
    <ele>928.6</ele>
   </trkpt>
   <trkpt lat="40.5866280" lon="-3.0910460">
    <ele>928.8</ele>
   </trkpt>
   <trkpt lat="40.5865940" lon="-3.0910030">
    <ele>929.0</ele>
   </trkpt>
   <trkpt lat="40.5865550" lon="-3.0909600">
    <ele>929.0</ele>
   </trkpt>
   <trkpt lat="40.5865210" lon="-3.0909170">
    <ele>929.2</ele>
   </trkpt>
   <trkpt lat="40.5864830" lon="-3.0908750">
    <ele>929.4</ele>
   </trkpt>
   <trkpt lat="40.5864450" lon="-3.0908350">
    <ele>929.6</ele>
   </trkpt>
   <trkpt lat="40.5864100" lon="-3.0907950">
    <ele>929.8</ele>
   </trkpt>
   <trkpt lat="40.5863840" lon="-3.0907560">
    <ele>930.0</ele>
   </trkpt>
   <trkpt lat="40.5863570" lon="-3.0907210">
    <ele>930.2</ele>
   </trkpt>
   <trkpt lat="40.5863150" lon="-3.0906750">
    <ele>930.4</ele>
   </trkpt>
   <trkpt lat="40.5862850" lon="-3.0906370">
    <ele>930.6</ele>
   </trkpt>
   <trkpt lat="40.5862540" lon="-3.0905990">
    <ele>930.6</ele>
   </trkpt>
   <trkpt lat="40.5862270" lon="-3.0905620">
    <ele>930.8</ele>
   </trkpt>
   <trkpt lat="40.5861970" lon="-3.0905270">
    <ele>931.0</ele>
   </trkpt>
   <trkpt lat="40.5861660" lon="-3.0904900">
    <ele>931.0</ele>
   </trkpt>
   <trkpt lat="40.5861360" lon="-3.0904520">
    <ele>931.2</ele>
   </trkpt>
   <trkpt lat="40.5861050" lon="-3.0904150">
    <ele>931.2</ele>
   </trkpt>
   <trkpt lat="40.5860750" lon="-3.0903750">
    <ele>931.2</ele>
   </trkpt>
   <trkpt lat="40.5860440" lon="-3.0903350">
    <ele>931.4</ele>
   </trkpt>
   <trkpt lat="40.5860140" lon="-3.0902960">
    <ele>931.4</ele>
   </trkpt>
   <trkpt lat="40.5859830" lon="-3.0902580">
    <ele>931.4</ele>
   </trkpt>
   <trkpt lat="40.5859570" lon="-3.0902210">
    <ele>931.6</ele>
   </trkpt>
   <trkpt lat="40.5859260" lon="-3.0901860">
    <ele>931.6</ele>
   </trkpt>
   <trkpt lat="40.5858950" lon="-3.0901520">
    <ele>931.8</ele>
   </trkpt>
   <trkpt lat="40.5858610" lon="-3.0901160">
    <ele>932.0</ele>
   </trkpt>
   <trkpt lat="40.5858310" lon="-3.0900810">
    <ele>932.0</ele>
   </trkpt>
   <trkpt lat="40.5858000" lon="-3.0900460">
    <ele>932.0</ele>
   </trkpt>
   <trkpt lat="40.5857700" lon="-3.0900130">
    <ele>932.2</ele>
   </trkpt>
   <trkpt lat="40.5857390" lon="-3.0899820">
    <ele>932.4</ele>
   </trkpt>
   <trkpt lat="40.5857120" lon="-3.0899470">
    <ele>932.4</ele>
   </trkpt>
   <trkpt lat="40.5856860" lon="-3.0899120">
    <ele>932.6</ele>
   </trkpt>
   <trkpt lat="40.5856590" lon="-3.0898760">
    <ele>932.8</ele>
   </trkpt>
   <trkpt lat="40.5856280" lon="-3.0898420">
    <ele>932.8</ele>
   </trkpt>
   <trkpt lat="40.5855980" lon="-3.0898080">
    <ele>933.0</ele>
   </trkpt>
   <trkpt lat="40.5855670" lon="-3.0897740">
    <ele>933.2</ele>
   </trkpt>
   <trkpt lat="40.5855410" lon="-3.0897410">
    <ele>933.2</ele>
   </trkpt>
   <trkpt lat="40.5855140" lon="-3.0897060">
    <ele>933.4</ele>
   </trkpt>
   <trkpt lat="40.5854840" lon="-3.0896710">
    <ele>933.6</ele>
   </trkpt>
   <trkpt lat="40.5854530" lon="-3.0896380">
    <ele>933.6</ele>
   </trkpt>
   <trkpt lat="40.5854230" lon="-3.0896040">
    <ele>933.8</ele>
   </trkpt>
   <trkpt lat="40.5853920" lon="-3.0895690">
    <ele>934.0</ele>
   </trkpt>
   <trkpt lat="40.5853610" lon="-3.0895340">
    <ele>934.0</ele>
   </trkpt>
   <trkpt lat="40.5853350" lon="-3.0895010">
    <ele>934.2</ele>
   </trkpt>
   <trkpt lat="40.5853080" lon="-3.0894660">
    <ele>934.2</ele>
   </trkpt>
   <trkpt lat="40.5852810" lon="-3.0894310">
    <ele>934.4</ele>
   </trkpt>
   <trkpt lat="40.5852580" lon="-3.0893960">
    <ele>934.6</ele>
   </trkpt>
   <trkpt lat="40.5852390" lon="-3.0893610">
    <ele>934.8</ele>
   </trkpt>
   <trkpt lat="40.5852160" lon="-3.0893280">
    <ele>935.0</ele>
   </trkpt>
   <trkpt lat="40.5851970" lon="-3.0892950">
    <ele>935.2</ele>
   </trkpt>
   <trkpt lat="40.5851780" lon="-3.0892640">
    <ele>935.4</ele>
   </trkpt>
   <trkpt lat="40.5851590" lon="-3.0892370">
    <ele>935.8</ele>
   </trkpt>
   <trkpt lat="40.5851400" lon="-3.0892180">
    <ele>936.0</ele>
   </trkpt>
   <trkpt lat="40.5851210" lon="-3.0892000">
    <ele>936.2</ele>
   </trkpt>
   <trkpt lat="40.5851020" lon="-3.0891830">
    <ele>936.4</ele>
   </trkpt>
   <trkpt lat="40.5850830" lon="-3.0891640">
    <ele>936.6</ele>
   </trkpt>
   <trkpt lat="40.5850680" lon="-3.0891430">
    <ele>936.8</ele>
   </trkpt>
   <trkpt lat="40.5850450" lon="-3.0891210">
    <ele>937.0</ele>
   </trkpt>
   <trkpt lat="40.5850300" lon="-3.0891010">
    <ele>937.2</ele>
   </trkpt>
   <trkpt lat="40.5850110" lon="-3.0890810">
    <ele>937.6</ele>
   </trkpt>
   <trkpt lat="40.5849880" lon="-3.0890630">
    <ele>937.8</ele>
   </trkpt>
   <trkpt lat="40.5849720" lon="-3.0890460">
    <ele>938.0</ele>
   </trkpt>
   <trkpt lat="40.5849500" lon="-3.0890270">
    <ele>938.2</ele>
   </trkpt>
   <trkpt lat="40.5849340" lon="-3.0890070">
    <ele>938.2</ele>
   </trkpt>
   <trkpt lat="40.5849150" lon="-3.0889870">
    <ele>938.4</ele>
   </trkpt>
   <trkpt lat="40.5849000" lon="-3.0889660">
    <ele>938.6</ele>
   </trkpt>
   <trkpt lat="40.5848810" lon="-3.0889470">
    <ele>938.8</ele>
   </trkpt>
   <trkpt lat="40.5848620" lon="-3.0889280">
    <ele>939.0</ele>
   </trkpt>
   <trkpt lat="40.5848430" lon="-3.0889110">
    <ele>939.2</ele>
   </trkpt>
   <trkpt lat="40.5848240" lon="-3.0888910">
    <ele>939.4</ele>
   </trkpt>
   <trkpt lat="40.5848050" lon="-3.0888710">
    <ele>939.8</ele>
   </trkpt>
   <trkpt lat="40.5847890" lon="-3.0888510">
    <ele>940.0</ele>
   </trkpt>
   <trkpt lat="40.5847700" lon="-3.0888290">
    <ele>940.2</ele>
   </trkpt>
   <trkpt lat="40.5847510" lon="-3.0888080">
    <ele>940.4</ele>
   </trkpt>
   <trkpt lat="40.5847320" lon="-3.0887850">
    <ele>940.6</ele>
   </trkpt>
   <trkpt lat="40.5847130" lon="-3.0887640">
    <ele>940.8</ele>
   </trkpt>
   <trkpt lat="40.5846980" lon="-3.0887440">
    <ele>941.0</ele>
   </trkpt>
   <trkpt lat="40.5846790" lon="-3.0887220">
    <ele>941.0</ele>
   </trkpt>
   <trkpt lat="40.5846600" lon="-3.0887010">
    <ele>941.2</ele>
   </trkpt>
   <trkpt lat="40.5846370" lon="-3.0886790">
    <ele>941.4</ele>
   </trkpt>
   <trkpt lat="40.5846180" lon="-3.0886590">
    <ele>941.6</ele>
   </trkpt>
   <trkpt lat="40.5845950" lon="-3.0886380">
    <ele>941.8</ele>
   </trkpt>
   <trkpt lat="40.5845760" lon="-3.0886150">
    <ele>942.0</ele>
   </trkpt>
   <trkpt lat="40.5845570" lon="-3.0885940">
    <ele>942.2</ele>
   </trkpt>
   <trkpt lat="40.5845370" lon="-3.0885720">
    <ele>942.4</ele>
   </trkpt>
   <trkpt lat="40.5845180" lon="-3.0885500">
    <ele>942.4</ele>
   </trkpt>
   <trkpt lat="40.5844990" lon="-3.0885240">
    <ele>942.6</ele>
   </trkpt>
   <trkpt lat="40.5844800" lon="-3.0884970">
    <ele>942.8</ele>
   </trkpt>
   <trkpt lat="40.5844570" lon="-3.0884690">
    <ele>943.0</ele>
   </trkpt>
   <trkpt lat="40.5844350" lon="-3.0884400">
    <ele>943.0</ele>
   </trkpt>
   <trkpt lat="40.5844120" lon="-3.0884120">
    <ele>943.2</ele>
   </trkpt>
   <trkpt lat="40.5843890" lon="-3.0883850">
    <ele>943.4</ele>
   </trkpt>
   <trkpt lat="40.5843730" lon="-3.0883600">
    <ele>943.6</ele>
   </trkpt>
   <trkpt lat="40.5843470" lon="-3.0883270">
    <ele>943.8</ele>
   </trkpt>
   <trkpt lat="40.5843280" lon="-3.0882990">
    <ele>944.0</ele>
   </trkpt>
   <trkpt lat="40.5843010" lon="-3.0882710">
    <ele>944.2</ele>
   </trkpt>
   <trkpt lat="40.5842780" lon="-3.0882450">
    <ele>944.4</ele>
   </trkpt>
   <trkpt lat="40.5842550" lon="-3.0882210">
    <ele>944.4</ele>
   </trkpt>
   <trkpt lat="40.5842400" lon="-3.0881960">
    <ele>944.6</ele>
   </trkpt>
   <trkpt lat="40.5842210" lon="-3.0881680">
    <ele>944.8</ele>
   </trkpt>
   <trkpt lat="40.5842020" lon="-3.0881390">
    <ele>945.0</ele>
   </trkpt>
   <trkpt lat="40.5841830" lon="-3.0881100">
    <ele>945.2</ele>
   </trkpt>
   <trkpt lat="40.5841600" lon="-3.0880810">
    <ele>945.4</ele>
   </trkpt>
   <trkpt lat="40.5841370" lon="-3.0880540">
    <ele>945.6</ele>
   </trkpt>
   <trkpt lat="40.5841140" lon="-3.0880240">
    <ele>945.8</ele>
   </trkpt>
   <trkpt lat="40.5840910" lon="-3.0879960">
    <ele>945.8</ele>
   </trkpt>
   <trkpt lat="40.5840610" lon="-3.0879670">
    <ele>946.0</ele>
   </trkpt>
   <trkpt lat="40.5840380" lon="-3.0879390">
    <ele>946.2</ele>
   </trkpt>
   <trkpt lat="40.5840110" lon="-3.0879100">
    <ele>946.2</ele>
   </trkpt>
   <trkpt lat="40.5839840" lon="-3.0878800">
    <ele>946.4</ele>
   </trkpt>
   <trkpt lat="40.5839580" lon="-3.0878500">
    <ele>946.6</ele>
   </trkpt>
   <trkpt lat="40.5839310" lon="-3.0878180">
    <ele>946.8</ele>
   </trkpt>
   <trkpt lat="40.5839080" lon="-3.0877850">
    <ele>947.0</ele>
   </trkpt>
   <trkpt lat="40.5838810" lon="-3.0877540">
    <ele>947.0</ele>
   </trkpt>
   <trkpt lat="40.5838550" lon="-3.0877220">
    <ele>947.2</ele>
   </trkpt>
   <trkpt lat="40.5838280" lon="-3.0876880">
    <ele>947.4</ele>
   </trkpt>
   <trkpt lat="40.5838010" lon="-3.0876570">
    <ele>947.4</ele>
   </trkpt>
   <trkpt lat="40.5837750" lon="-3.0876240">
    <ele>947.6</ele>
   </trkpt>
   <trkpt lat="40.5837480" lon="-3.0875900">
    <ele>947.8</ele>
   </trkpt>
   <trkpt lat="40.5837250" lon="-3.0875550">
    <ele>947.8</ele>
   </trkpt>
   <trkpt lat="40.5836940" lon="-3.0875200">
    <ele>948.0</ele>
   </trkpt>
   <trkpt lat="40.5836680" lon="-3.0874850">
    <ele>948.2</ele>
   </trkpt>
   <trkpt lat="40.5836410" lon="-3.0874500">
    <ele>948.2</ele>
   </trkpt>
   <trkpt lat="40.5836140" lon="-3.0874170">
    <ele>948.4</ele>
   </trkpt>
   <trkpt lat="40.5835800" lon="-3.0873840">
    <ele>948.4</ele>
   </trkpt>
   <trkpt lat="40.5835490" lon="-3.0873490">
    <ele>948.4</ele>
   </trkpt>
   <trkpt lat="40.5835230" lon="-3.0873130">
    <ele>948.6</ele>
   </trkpt>
   <trkpt lat="40.5834960" lon="-3.0872760">
    <ele>948.6</ele>
   </trkpt>
   <trkpt lat="40.5834690" lon="-3.0872380">
    <ele>948.8</ele>
   </trkpt>
   <trkpt lat="40.5834390" lon="-3.0871980">
    <ele>948.8</ele>
   </trkpt>
   <trkpt lat="40.5834050" lon="-3.0871580">
    <ele>949.0</ele>
   </trkpt>
   <trkpt lat="40.5833740" lon="-3.0871200">
    <ele>949.0</ele>
   </trkpt>
   <trkpt lat="40.5833430" lon="-3.0870830">
    <ele>949.0</ele>
   </trkpt>
   <trkpt lat="40.5833090" lon="-3.0870430">
    <ele>949.2</ele>
   </trkpt>
   <trkpt lat="40.5832790" lon="-3.0870040">
    <ele>949.2</ele>
   </trkpt>
   <trkpt lat="40.5832520" lon="-3.0869630">
    <ele>949.4</ele>
   </trkpt>
   <trkpt lat="40.5832290" lon="-3.0869220">
    <ele>949.4</ele>
   </trkpt>
   <trkpt lat="40.5832020" lon="-3.0868840">
    <ele>949.4</ele>
   </trkpt>
   <trkpt lat="40.5831680" lon="-3.0868320">
    <ele>949.6</ele>
   </trkpt>
   <trkpt lat="40.5831340" lon="-3.0867870">
    <ele>949.6</ele>
   </trkpt>
   <trkpt lat="40.5831030" lon="-3.0867440">
    <ele>949.6</ele>
   </trkpt>
   <trkpt lat="40.5830730" lon="-3.0866990">
    <ele>949.6</ele>
   </trkpt>
   <trkpt lat="40.5830380" lon="-3.0866540">
    <ele>949.8</ele>
   </trkpt>
   <trkpt lat="40.5830080" lon="-3.0866060">
    <ele>949.8</ele>
   </trkpt>
   <trkpt lat="40.5829770" lon="-3.0865580">
    <ele>949.8</ele>
   </trkpt>
   <trkpt lat="40.5829430" lon="-3.0865070">
    <ele>949.8</ele>
   </trkpt>
   <trkpt lat="40.5829090" lon="-3.0864560">
    <ele>949.8</ele>
   </trkpt>
   <trkpt lat="40.5828780" lon="-3.0864060">
    <ele>949.8</ele>
   </trkpt>
   <trkpt lat="40.5828480" lon="-3.0863550">
    <ele>949.8</ele>
   </trkpt>
   <trkpt lat="40.5828210" lon="-3.0863080">
    <ele>949.8</ele>
   </trkpt>
   <trkpt lat="40.5827900" lon="-3.0862590">
    <ele>949.8</ele>
   </trkpt>
   <trkpt lat="40.5827600" lon="-3.0862080">
    <ele>949.8</ele>
   </trkpt>
   <trkpt lat="40.5827260" lon="-3.0861560">
    <ele>949.8</ele>
   </trkpt>
   <trkpt lat="40.5826950" lon="-3.0861040">
    <ele>949.6</ele>
   </trkpt>
   <trkpt lat="40.5826640" lon="-3.0860500">
    <ele>949.6</ele>
   </trkpt>
   <trkpt lat="40.5826340" lon="-3.0859930">
    <ele>949.6</ele>
   </trkpt>
   <trkpt lat="40.5826000" lon="-3.0859330">
    <ele>949.4</ele>
   </trkpt>
   <trkpt lat="40.5825650" lon="-3.0858750">
    <ele>949.4</ele>
   </trkpt>
   <trkpt lat="40.5825350" lon="-3.0858130">
    <ele>949.4</ele>
   </trkpt>
   <trkpt lat="40.5825000" lon="-3.0857520">
    <ele>949.2</ele>
   </trkpt>
   <trkpt lat="40.5824660" lon="-3.0856900">
    <ele>949.4</ele>
   </trkpt>
   <trkpt lat="40.5824320" lon="-3.0856270">
    <ele>949.4</ele>
   </trkpt>
   <trkpt lat="40.5823970" lon="-3.0855640">
    <ele>949.4</ele>
   </trkpt>
   <trkpt lat="40.5823630" lon="-3.0855030">
    <ele>949.4</ele>
   </trkpt>
   <trkpt lat="40.5823330" lon="-3.0854400">
    <ele>949.2</ele>
   </trkpt>
   <trkpt lat="40.5823020" lon="-3.0853740">
    <ele>949.2</ele>
   </trkpt>
   <trkpt lat="40.5822680" lon="-3.0853050">
    <ele>949.0</ele>
   </trkpt>
   <trkpt lat="40.5822370" lon="-3.0852380">
    <ele>949.0</ele>
   </trkpt>
   <trkpt lat="40.5822070" lon="-3.0851640">
    <ele>949.0</ele>
   </trkpt>
   <trkpt lat="40.5821760" lon="-3.0850930">
    <ele>948.8</ele>
   </trkpt>
   <trkpt lat="40.5821420" lon="-3.0850210">
    <ele>948.8</ele>
   </trkpt>
   <trkpt lat="40.5821110" lon="-3.0849490">
    <ele>948.8</ele>
   </trkpt>
   <trkpt lat="40.5820770" lon="-3.0848710">
    <ele>948.8</ele>
   </trkpt>
   <trkpt lat="40.5820470" lon="-3.0847930">
    <ele>948.6</ele>
   </trkpt>
   <trkpt lat="40.5820120" lon="-3.0847140">
    <ele>948.6</ele>
   </trkpt>
   <trkpt lat="40.5819820" lon="-3.0846390">
    <ele>948.6</ele>
   </trkpt>
   <trkpt lat="40.5819550" lon="-3.0845620">
    <ele>948.4</ele>
   </trkpt>
   <trkpt lat="40.5819240" lon="-3.0844880">
    <ele>948.4</ele>
   </trkpt>
   <trkpt lat="40.5818940" lon="-3.0844220">
    <ele>948.2</ele>
   </trkpt>
   <trkpt lat="40.5818600" lon="-3.0843280">
    <ele>948.2</ele>
   </trkpt>
   <trkpt lat="40.5818290" lon="-3.0842470">
    <ele>948.2</ele>
   </trkpt>
   <trkpt lat="40.5818020" lon="-3.0841670">
    <ele>948.0</ele>
   </trkpt>
   <trkpt lat="40.5817760" lon="-3.0840850">
    <ele>948.0</ele>
   </trkpt>
   <trkpt lat="40.5817450" lon="-3.0840080">
    <ele>947.8</ele>
   </trkpt>
   <trkpt lat="40.5817180" lon="-3.0839300">
    <ele>947.6</ele>
   </trkpt>
   <trkpt lat="40.5816920" lon="-3.0838520">
    <ele>947.6</ele>
   </trkpt>
   <trkpt lat="40.5816690" lon="-3.0837720">
    <ele>947.4</ele>
   </trkpt>
   <trkpt lat="40.5816420" lon="-3.0836950">
    <ele>947.0</ele>
   </trkpt>
   <trkpt lat="40.5816190" lon="-3.0836250">
    <ele>946.8</ele>
   </trkpt>
   <trkpt lat="40.5815810" lon="-3.0835340">
    <ele>946.8</ele>
   </trkpt>
   <trkpt lat="40.5815470" lon="-3.0834530">
    <ele>946.6</ele>
   </trkpt>
   <trkpt lat="40.5815120" lon="-3.0833700">
    <ele>946.4</ele>
   </trkpt>
   <trkpt lat="40.5814860" lon="-3.0832880">
    <ele>946.2</ele>
   </trkpt>
   <trkpt lat="40.5814590" lon="-3.0832040">
    <ele>946.0</ele>
   </trkpt>
   <trkpt lat="40.5814320" lon="-3.0831180">
    <ele>945.8</ele>
   </trkpt>
   <trkpt lat="40.5814060" lon="-3.0830320">
    <ele>945.6</ele>
   </trkpt>
   <trkpt lat="40.5813750" lon="-3.0829440">
    <ele>945.4</ele>
   </trkpt>
   <trkpt lat="40.5813410" lon="-3.0828590">
    <ele>945.2</ele>
   </trkpt>
   <trkpt lat="40.5813030" lon="-3.0827750">
    <ele>945.0</ele>
   </trkpt>
   <trkpt lat="40.5812680" lon="-3.0826900">
    <ele>944.8</ele>
   </trkpt>
   <trkpt lat="40.5812340" lon="-3.0826050">
    <ele>944.6</ele>
   </trkpt>
   <trkpt lat="40.5812000" lon="-3.0825210">
    <ele>944.6</ele>
   </trkpt>
   <trkpt lat="40.5811690" lon="-3.0824400">
    <ele>944.4</ele>
   </trkpt>
   <trkpt lat="40.5811390" lon="-3.0823570">
    <ele>944.4</ele>
   </trkpt>
   <trkpt lat="40.5811120" lon="-3.0822760">
    <ele>944.4</ele>
   </trkpt>
   <trkpt lat="40.5810850" lon="-3.0821990">
    <ele>944.2</ele>
   </trkpt>
   <trkpt lat="40.5810580" lon="-3.0821210">
    <ele>944.4</ele>
   </trkpt>
   <trkpt lat="40.5810360" lon="-3.0820470">
    <ele>944.4</ele>
   </trkpt>
   <trkpt lat="40.5810130" lon="-3.0819740">
    <ele>944.4</ele>
   </trkpt>
   <trkpt lat="40.5809900" lon="-3.0819020">
    <ele>944.6</ele>
   </trkpt>
   <trkpt lat="40.5809710" lon="-3.0818320">
    <ele>944.6</ele>
   </trkpt>
   <trkpt lat="40.5809550" lon="-3.0817620">
    <ele>944.6</ele>
   </trkpt>
   <trkpt lat="40.5809440" lon="-3.0816940">
    <ele>944.8</ele>
   </trkpt>
   <trkpt lat="40.5809330" lon="-3.0816270">
    <ele>944.8</ele>
   </trkpt>
   <trkpt lat="40.5809100" lon="-3.0815620">
    <ele>944.8</ele>
   </trkpt>
   <trkpt lat="40.5808940" lon="-3.0814970">
    <ele>944.6</ele>
   </trkpt>
   <trkpt lat="40.5808830" lon="-3.0814270">
    <ele>944.6</ele>
   </trkpt>
   <trkpt lat="40.5808680" lon="-3.0813590">
    <ele>944.4</ele>
   </trkpt>
   <trkpt lat="40.5808530" lon="-3.0812880">
    <ele>944.4</ele>
   </trkpt>
   <trkpt lat="40.5808370" lon="-3.0812120">
    <ele>944.2</ele>
   </trkpt>
   <trkpt lat="40.5808180" lon="-3.0811330">
    <ele>944.0</ele>
   </trkpt>
   <trkpt lat="40.5807990" lon="-3.0810510">
    <ele>943.8</ele>
   </trkpt>
   <trkpt lat="40.5807800" lon="-3.0809680">
    <ele>943.6</ele>
   </trkpt>
   <trkpt lat="40.5807570" lon="-3.0808840">
    <ele>943.2</ele>
   </trkpt>
   <trkpt lat="40.5807340" lon="-3.0807960">
    <ele>943.0</ele>
   </trkpt>
   <trkpt lat="40.5807110" lon="-3.0807090">
    <ele>942.8</ele>
   </trkpt>
   <trkpt lat="40.5806920" lon="-3.0806230">
    <ele>942.6</ele>
   </trkpt>
   <trkpt lat="40.5806730" lon="-3.0805360">
    <ele>942.2</ele>
   </trkpt>
   <trkpt lat="40.5806580" lon="-3.0804500">
    <ele>942.2</ele>
   </trkpt>
   <trkpt lat="40.5806390" lon="-3.0803670">
    <ele>942.0</ele>
   </trkpt>
   <trkpt lat="40.5806240" lon="-3.0802800">
    <ele>942.0</ele>
   </trkpt>
   <trkpt lat="40.5806160" lon="-3.0801920">
    <ele>941.8</ele>
   </trkpt>
   <trkpt lat="40.5806120" lon="-3.0801050">
    <ele>941.8</ele>
   </trkpt>
   <trkpt lat="40.5806080" lon="-3.0800180">
    <ele>942.0</ele>
   </trkpt>
   <trkpt lat="40.5806080" lon="-3.0799340">
    <ele>942.0</ele>
   </trkpt>
   <trkpt lat="40.5806050" lon="-3.0798520">
    <ele>942.2</ele>
   </trkpt>
   <trkpt lat="40.5806080" lon="-3.0797690">
    <ele>942.4</ele>
   </trkpt>
   <trkpt lat="40.5806120" lon="-3.0796890">
    <ele>942.6</ele>
   </trkpt>
   <trkpt lat="40.5806160" lon="-3.0796100">
    <ele>943.0</ele>
   </trkpt>
   <trkpt lat="40.5806160" lon="-3.0795330">
    <ele>943.2</ele>
   </trkpt>
   <trkpt lat="40.5806160" lon="-3.0794620">
    <ele>943.6</ele>
   </trkpt>
   <trkpt lat="40.5806160" lon="-3.0793950">
    <ele>944.0</ele>
   </trkpt>
   <trkpt lat="40.5806160" lon="-3.0793300">
    <ele>944.4</ele>
   </trkpt>
   <trkpt lat="40.5806200" lon="-3.0792690">
    <ele>944.6</ele>
   </trkpt>
   <trkpt lat="40.5806270" lon="-3.0792090">
    <ele>945.0</ele>
   </trkpt>
   <trkpt lat="40.5806390" lon="-3.0791510">
    <ele>945.2</ele>
   </trkpt>
   <trkpt lat="40.5806460" lon="-3.0790920">
    <ele>945.6</ele>
   </trkpt>
   <trkpt lat="40.5806540" lon="-3.0790340">
    <ele>945.8</ele>
   </trkpt>
   <trkpt lat="40.5806620" lon="-3.0789800">
    <ele>946.2</ele>
   </trkpt>
   <trkpt lat="40.5806660" lon="-3.0789330">
    <ele>946.6</ele>
   </trkpt>
   <trkpt lat="40.5806770" lon="-3.0788920">
    <ele>947.0</ele>
   </trkpt>
   <trkpt lat="40.5806880" lon="-3.0788510">
    <ele>947.2</ele>
   </trkpt>
   <trkpt lat="40.5806960" lon="-3.0788120">
    <ele>947.6</ele>
   </trkpt>
   <trkpt lat="40.5807040" lon="-3.0787730">
    <ele>947.8</ele>
   </trkpt>
   <trkpt lat="40.5807110" lon="-3.0787330">
    <ele>948.2</ele>
   </trkpt>
   <trkpt lat="40.5807190" lon="-3.0786960">
    <ele>948.4</ele>
   </trkpt>
   <trkpt lat="40.5807300" lon="-3.0786590">
    <ele>948.6</ele>
   </trkpt>
   <trkpt lat="40.5807380" lon="-3.0786210">
    <ele>948.8</ele>
   </trkpt>
   <trkpt lat="40.5807420" lon="-3.0785840">
    <ele>949.0</ele>
   </trkpt>
   <trkpt lat="40.5807500" lon="-3.0785490">
    <ele>949.2</ele>
   </trkpt>
   <trkpt lat="40.5807500" lon="-3.0785150">
    <ele>949.2</ele>
   </trkpt>
   <trkpt lat="40.5807500" lon="-3.0784820">
    <ele>949.4</ele>
   </trkpt>
   <trkpt lat="40.5807420" lon="-3.0784520">
    <ele>949.4</ele>
   </trkpt>
   <trkpt lat="40.5807300" lon="-3.0784250">
    <ele>949.4</ele>
   </trkpt>
   <trkpt lat="40.5807150" lon="-3.0784020">
    <ele>949.6</ele>
   </trkpt>
   <trkpt lat="40.5807000" lon="-3.0783920">
    <ele>949.6</ele>
   </trkpt>
   <trkpt lat="40.5806770" lon="-3.0783860">
    <ele>949.8</ele>
   </trkpt>
   <trkpt lat="40.5806540" lon="-3.0783920">
    <ele>949.8</ele>
   </trkpt>
   <trkpt lat="40.5806240" lon="-3.0784000">
    <ele>949.8</ele>
   </trkpt>
   <trkpt lat="40.5805930" lon="-3.0784100">
    <ele>950.0</ele>
   </trkpt>
   <trkpt lat="40.5805630" lon="-3.0784180">
    <ele>950.0</ele>
   </trkpt>
   <trkpt lat="40.5805240" lon="-3.0784220">
    <ele>950.0</ele>
   </trkpt>
   <trkpt lat="40.5804860" lon="-3.0784250">
    <ele>950.2</ele>
   </trkpt>
   <trkpt lat="40.5804520" lon="-3.0784250">
    <ele>950.2</ele>
   </trkpt>
   <trkpt lat="40.5804140" lon="-3.0784230">
    <ele>950.2</ele>
   </trkpt>
   <trkpt lat="40.5803760" lon="-3.0784220">
    <ele>950.4</ele>
   </trkpt>
   <trkpt lat="40.5803450" lon="-3.0784240">
    <ele>950.4</ele>
   </trkpt>
   <trkpt lat="40.5803070" lon="-3.0784290">
    <ele>950.4</ele>
   </trkpt>
   <trkpt lat="40.5802690" lon="-3.0784310">
    <ele>950.4</ele>
   </trkpt>
   <trkpt lat="40.5802310" lon="-3.0784340">
    <ele>950.4</ele>
   </trkpt>
   <trkpt lat="40.5801930" lon="-3.0784350">
    <ele>950.4</ele>
   </trkpt>
   <trkpt lat="40.5801540" lon="-3.0784370">
    <ele>950.2</ele>
   </trkpt>
   <trkpt lat="40.5801160" lon="-3.0784400">
    <ele>950.2</ele>
   </trkpt>
   <trkpt lat="40.5800780" lon="-3.0784470">
    <ele>950.2</ele>
   </trkpt>
   <trkpt lat="40.5800360" lon="-3.0784580">
    <ele>950.0</ele>
   </trkpt>
   <trkpt lat="40.5799900" lon="-3.0784750">
    <ele>949.8</ele>
   </trkpt>
   <trkpt lat="40.5799410" lon="-3.0784980">
    <ele>949.6</ele>
   </trkpt>
   <trkpt lat="40.5798990" lon="-3.0785300">
    <ele>949.2</ele>
   </trkpt>
   <trkpt lat="40.5798610" lon="-3.0785770">
    <ele>948.6</ele>
   </trkpt>
   <trkpt lat="40.5798190" lon="-3.0786340">
    <ele>948.0</ele>
   </trkpt>
   <trkpt lat="40.5797810" lon="-3.0787000">
    <ele>947.4</ele>
   </trkpt>
   <trkpt lat="40.5797420" lon="-3.0787750">
    <ele>946.6</ele>
   </trkpt>
   <trkpt lat="40.5796970" lon="-3.0788530">
    <ele>945.8</ele>
   </trkpt>
   <trkpt lat="40.5796430" lon="-3.0789290">
    <ele>945.0</ele>
   </trkpt>
   <trkpt lat="40.5795780" lon="-3.0790020">
    <ele>944.2</ele>
   </trkpt>
   <trkpt lat="40.5795100" lon="-3.0790690">
    <ele>943.4</ele>
   </trkpt>
   <trkpt lat="40.5794300" lon="-3.0791270">
    <ele>942.4</ele>
   </trkpt>
   <trkpt lat="40.5793490" lon="-3.0791710">
    <ele>941.6</ele>
   </trkpt>
   <trkpt lat="40.5792540" lon="-3.0791970">
    <ele>941.0</ele>
   </trkpt>
   <trkpt lat="40.5791550" lon="-3.0792020">
    <ele>940.4</ele>
   </trkpt>
   <trkpt lat="40.5790560" lon="-3.0791950">
    <ele>939.8</ele>
   </trkpt>
   <trkpt lat="40.5789570" lon="-3.0791730">
    <ele>939.6</ele>
   </trkpt>
   <trkpt lat="40.5788610" lon="-3.0791460">
    <ele>939.2</ele>
   </trkpt>
   <trkpt lat="40.5787660" lon="-3.0791190">
    <ele>939.0</ele>
   </trkpt>
   <trkpt lat="40.5786740" lon="-3.0790920">
    <ele>938.8</ele>
   </trkpt>
   <trkpt lat="40.5785830" lon="-3.0790650">
    <ele>938.8</ele>
   </trkpt>
   <trkpt lat="40.5784950" lon="-3.0790370">
    <ele>938.6</ele>
   </trkpt>
   <trkpt lat="40.5784110" lon="-3.0790090">
    <ele>938.6</ele>
   </trkpt>
   <trkpt lat="40.5783230" lon="-3.0789810">
    <ele>938.6</ele>
   </trkpt>
   <trkpt lat="40.5782430" lon="-3.0789530">
    <ele>938.6</ele>
   </trkpt>
   <trkpt lat="40.5781710" lon="-3.0789280">
    <ele>938.4</ele>
   </trkpt>
   <trkpt lat="40.5780750" lon="-3.0788960">
    <ele>938.4</ele>
   </trkpt>
   <trkpt lat="40.5779950" lon="-3.0788680">
    <ele>938.4</ele>
   </trkpt>
   <trkpt lat="40.5779150" lon="-3.0788420">
    <ele>938.4</ele>
   </trkpt>
   <trkpt lat="40.5778350" lon="-3.0788180">
    <ele>938.4</ele>
   </trkpt>
   <trkpt lat="40.5777590" lon="-3.0787930">
    <ele>938.2</ele>
   </trkpt>
   <trkpt lat="40.5776820" lon="-3.0787650">
    <ele>938.4</ele>
   </trkpt>
   <trkpt lat="40.5776060" lon="-3.0787370">
    <ele>938.4</ele>
   </trkpt>
   <trkpt lat="40.5775300" lon="-3.0787080">
    <ele>938.4</ele>
   </trkpt>
   <trkpt lat="40.5774540" lon="-3.0786740">
    <ele>938.4</ele>
   </trkpt>
   <trkpt lat="40.5773770" lon="-3.0786330">
    <ele>938.4</ele>
   </trkpt>
   <trkpt lat="40.5773090" lon="-3.0785830">
    <ele>938.4</ele>
   </trkpt>
   <trkpt lat="40.5772440" lon="-3.0785260">
    <ele>938.4</ele>
   </trkpt>
   <trkpt lat="40.5771830" lon="-3.0784630">
    <ele>938.2</ele>
   </trkpt>
   <trkpt lat="40.5771220" lon="-3.0783930">
    <ele>938.0</ele>
   </trkpt>
   <trkpt lat="40.5770610" lon="-3.0783210">
    <ele>937.8</ele>
   </trkpt>
   <trkpt lat="40.5770030" lon="-3.0782470">
    <ele>937.8</ele>
   </trkpt>
   <trkpt lat="40.5769460" lon="-3.0781720">
    <ele>937.6</ele>
   </trkpt>
   <trkpt lat="40.5768930" lon="-3.0780960">
    <ele>937.6</ele>
   </trkpt>
   <trkpt lat="40.5768320" lon="-3.0780230">
    <ele>937.4</ele>
   </trkpt>
   <trkpt lat="40.5767750" lon="-3.0779490">
    <ele>937.4</ele>
   </trkpt>
   <trkpt lat="40.5767170" lon="-3.0778780">
    <ele>937.4</ele>
   </trkpt>
   <trkpt lat="40.5766600" lon="-3.0778070">
    <ele>937.4</ele>
   </trkpt>
   <trkpt lat="40.5766070" lon="-3.0777340">
    <ele>937.6</ele>
   </trkpt>
   <trkpt lat="40.5765500" lon="-3.0776640">
    <ele>937.6</ele>
   </trkpt>
   <trkpt lat="40.5764960" lon="-3.0775950">
    <ele>937.6</ele>
   </trkpt>
   <trkpt lat="40.5764390" lon="-3.0775270">
    <ele>937.8</ele>
   </trkpt>
   <trkpt lat="40.5763850" lon="-3.0774590">
    <ele>937.8</ele>
   </trkpt>
   <trkpt lat="40.5763320" lon="-3.0773900">
    <ele>937.8</ele>
   </trkpt>
   <trkpt lat="40.5762750" lon="-3.0773220">
    <ele>938.0</ele>
   </trkpt>
   <trkpt lat="40.5762250" lon="-3.0772560">
    <ele>938.0</ele>
   </trkpt>
   <trkpt lat="40.5761680" lon="-3.0771870">
    <ele>938.0</ele>
   </trkpt>
   <trkpt lat="40.5761180" lon="-3.0771170">
    <ele>938.0</ele>
   </trkpt>
   <trkpt lat="40.5760650" lon="-3.0770460">
    <ele>937.8</ele>
   </trkpt>
   <trkpt lat="40.5760190" lon="-3.0769730">
    <ele>937.8</ele>
   </trkpt>
   <trkpt lat="40.5759700" lon="-3.0769010">
    <ele>937.8</ele>
   </trkpt>
   <trkpt lat="40.5759240" lon="-3.0768240">
    <ele>937.8</ele>
   </trkpt>
   <trkpt lat="40.5758820" lon="-3.0767470">
    <ele>937.8</ele>
   </trkpt>
   <trkpt lat="40.5758400" lon="-3.0766690">
    <ele>937.8</ele>
   </trkpt>
   <trkpt lat="40.5757980" lon="-3.0765890">
    <ele>937.8</ele>
   </trkpt>
   <trkpt lat="40.5757560" lon="-3.0765110">
    <ele>938.0</ele>
   </trkpt>
   <trkpt lat="40.5757140" lon="-3.0764340">
    <ele>938.0</ele>
   </trkpt>
   <trkpt lat="40.5756720" lon="-3.0763590">
    <ele>938.0</ele>
   </trkpt>
   <trkpt lat="40.5756260" lon="-3.0762880">
    <ele>938.0</ele>
   </trkpt>
   <trkpt lat="40.5755810" lon="-3.0762280">
    <ele>938.0</ele>
   </trkpt>
   <trkpt lat="40.5755200" lon="-3.0761760">
    <ele>937.8</ele>
   </trkpt>
   <trkpt lat="40.5754550" lon="-3.0761330">
    <ele>937.6</ele>
   </trkpt>
   <trkpt lat="40.5753940" lon="-3.0760830">
    <ele>937.4</ele>
   </trkpt>
   <trkpt lat="40.5753440" lon="-3.0760170">
    <ele>937.2</ele>
   </trkpt>
   <trkpt lat="40.5753020" lon="-3.0759360">
    <ele>937.2</ele>
   </trkpt>
   <trkpt lat="40.5752720" lon="-3.0758480">
    <ele>937.2</ele>
   </trkpt>
   <trkpt lat="40.5752600" lon="-3.0757570">
    <ele>937.2</ele>
   </trkpt>
   <trkpt lat="40.5752560" lon="-3.0756600">
    <ele>937.2</ele>
   </trkpt>
   <trkpt lat="40.5752450" lon="-3.0755680">
    <ele>937.2</ele>
   </trkpt>
   <trkpt lat="40.5752220" lon="-3.0754810">
    <ele>937.2</ele>
   </trkpt>
   <trkpt lat="40.5751880" lon="-3.0753990">
    <ele>937.2</ele>
   </trkpt>
   <trkpt lat="40.5751530" lon="-3.0753220">
    <ele>937.2</ele>
   </trkpt>
   <trkpt lat="40.5751110" lon="-3.0752460">
    <ele>937.0</ele>
   </trkpt>
   <trkpt lat="40.5750690" lon="-3.0751690">
    <ele>937.0</ele>
   </trkpt>
   <trkpt lat="40.5750270" lon="-3.0750920">
    <ele>936.8</ele>
   </trkpt>
   <trkpt lat="40.5749890" lon="-3.0750180">
    <ele>936.8</ele>
   </trkpt>
   <trkpt lat="40.5749510" lon="-3.0749430">
    <ele>936.8</ele>
   </trkpt>
   <trkpt lat="40.5749170" lon="-3.0748680">
    <ele>936.8</ele>
   </trkpt>
   <trkpt lat="40.5748790" lon="-3.0747950">
    <ele>936.6</ele>
   </trkpt>
   <trkpt lat="40.5748410" lon="-3.0747220">
    <ele>936.6</ele>
   </trkpt>
   <trkpt lat="40.5748060" lon="-3.0746480">
    <ele>936.6</ele>
   </trkpt>
   <trkpt lat="40.5747640" lon="-3.0745750">
    <ele>936.6</ele>
   </trkpt>
   <trkpt lat="40.5747260" lon="-3.0745020">
    <ele>936.6</ele>
   </trkpt>
   <trkpt lat="40.5746920" lon="-3.0744270">
    <ele>936.6</ele>
   </trkpt>
   <trkpt lat="40.5746500" lon="-3.0743490">
    <ele>936.6</ele>
   </trkpt>
   <trkpt lat="40.5746080" lon="-3.0742690">
    <ele>936.4</ele>
   </trkpt>
   <trkpt lat="40.5745660" lon="-3.0741880">
    <ele>936.4</ele>
   </trkpt>
   <trkpt lat="40.5745240" lon="-3.0741060">
    <ele>936.4</ele>
   </trkpt>
   <trkpt lat="40.5744820" lon="-3.0740250">
    <ele>936.2</ele>
   </trkpt>
   <trkpt lat="40.5744360" lon="-3.0739470">
    <ele>936.2</ele>
   </trkpt>
   <trkpt lat="40.5743940" lon="-3.0738680">
    <ele>936.0</ele>
   </trkpt>
   <trkpt lat="40.5743520" lon="-3.0737860">
    <ele>936.0</ele>
   </trkpt>
   <trkpt lat="40.5743100" lon="-3.0737060">
    <ele>936.0</ele>
   </trkpt>
   <trkpt lat="40.5742680" lon="-3.0736250">
    <ele>936.0</ele>
   </trkpt>
   <trkpt lat="40.5742260" lon="-3.0735430">
    <ele>935.8</ele>
   </trkpt>
   <trkpt lat="40.5741880" lon="-3.0734630">
    <ele>935.8</ele>
   </trkpt>
   <trkpt lat="40.5741460" lon="-3.0733830">
    <ele>935.8</ele>
   </trkpt>
   <trkpt lat="40.5741040" lon="-3.0733030">
    <ele>935.8</ele>
   </trkpt>
   <trkpt lat="40.5740620" lon="-3.0732250">
    <ele>935.8</ele>
   </trkpt>
   <trkpt lat="40.5740240" lon="-3.0731440">
    <ele>935.8</ele>
   </trkpt>
   <trkpt lat="40.5739820" lon="-3.0730650">
    <ele>935.6</ele>
   </trkpt>
   <trkpt lat="40.5739440" lon="-3.0729830">
    <ele>935.6</ele>
   </trkpt>
   <trkpt lat="40.5738980" lon="-3.0729010">
    <ele>935.6</ele>
   </trkpt>
   <trkpt lat="40.5738560" lon="-3.0728220">
    <ele>935.6</ele>
   </trkpt>
   <trkpt lat="40.5738140" lon="-3.0727450">
    <ele>935.6</ele>
   </trkpt>
   <trkpt lat="40.5737720" lon="-3.0726670">
    <ele>935.6</ele>
   </trkpt>
   <trkpt lat="40.5737300" lon="-3.0725880">
    <ele>935.4</ele>
   </trkpt>
   <trkpt lat="40.5736890" lon="-3.0725100">
    <ele>935.4</ele>
   </trkpt>
   <trkpt lat="40.5736430" lon="-3.0724320">
    <ele>935.4</ele>
   </trkpt>
   <trkpt lat="40.5735970" lon="-3.0723550">
    <ele>935.4</ele>
   </trkpt>
   <trkpt lat="40.5735550" lon="-3.0722760">
    <ele>935.4</ele>
   </trkpt>
   <trkpt lat="40.5735170" lon="-3.0722050">
    <ele>935.4</ele>
   </trkpt>
   <trkpt lat="40.5734710" lon="-3.0721120">
    <ele>935.2</ele>
   </trkpt>
   <trkpt lat="40.5734250" lon="-3.0720310">
    <ele>935.2</ele>
   </trkpt>
   <trkpt lat="40.5733830" lon="-3.0719520">
    <ele>935.2</ele>
   </trkpt>
   <trkpt lat="40.5733340" lon="-3.0718750">
    <ele>935.2</ele>
   </trkpt>
   <trkpt lat="40.5732800" lon="-3.0718050">
    <ele>935.0</ele>
   </trkpt>
   <trkpt lat="40.5732190" lon="-3.0717450">
    <ele>935.0</ele>
   </trkpt>
   <trkpt lat="40.5731580" lon="-3.0716870">
    <ele>934.8</ele>
   </trkpt>
   <trkpt lat="40.5731050" lon="-3.0716210">
    <ele>934.8</ele>
   </trkpt>
   <trkpt lat="40.5730590" lon="-3.0715420">
    <ele>934.8</ele>
   </trkpt>
   <trkpt lat="40.5730250" lon="-3.0714560">
    <ele>934.8</ele>
   </trkpt>
   <trkpt lat="40.5729940" lon="-3.0713720">
    <ele>935.0</ele>
   </trkpt>
   <trkpt lat="40.5729480" lon="-3.0712960">
    <ele>935.0</ele>
   </trkpt>
   <trkpt lat="40.5728990" lon="-3.0712320">
    <ele>935.2</ele>
   </trkpt>
   <trkpt lat="40.5728450" lon="-3.0711740">
    <ele>935.2</ele>
   </trkpt>
   <trkpt lat="40.5727920" lon="-3.0711210">
    <ele>935.4</ele>
   </trkpt>
   <trkpt lat="40.5727390" lon="-3.0710660">
    <ele>935.4</ele>
   </trkpt>
   <trkpt lat="40.5726810" lon="-3.0710130">
    <ele>935.6</ele>
   </trkpt>
   <trkpt lat="40.5726200" lon="-3.0709560">
    <ele>935.6</ele>
   </trkpt>
   <trkpt lat="40.5725670" lon="-3.0708950">
    <ele>935.6</ele>
   </trkpt>
   <trkpt lat="40.5725140" lon="-3.0708300">
    <ele>935.6</ele>
   </trkpt>
   <trkpt lat="40.5724600" lon="-3.0707590">
    <ele>935.8</ele>
   </trkpt>
   <trkpt lat="40.5724180" lon="-3.0706830">
    <ele>935.8</ele>
   </trkpt>
   <trkpt lat="40.5723800" lon="-3.0706050">
    <ele>935.8</ele>
   </trkpt>
   <trkpt lat="40.5723500" lon="-3.0705230">
    <ele>935.8</ele>
   </trkpt>
   <trkpt lat="40.5723190" lon="-3.0704380">
    <ele>935.8</ele>
   </trkpt>
   <trkpt lat="40.5722920" lon="-3.0703550">
    <ele>935.8</ele>
   </trkpt>
   <trkpt lat="40.5722690" lon="-3.0702770">
    <ele>935.8</ele>
   </trkpt>
   <trkpt lat="40.5722500" lon="-3.0701750">
    <ele>935.8</ele>
   </trkpt>
   <trkpt lat="40.5722270" lon="-3.0700910">
    <ele>935.8</ele>
   </trkpt>
   <trkpt lat="40.5722010" lon="-3.0700060">
    <ele>935.8</ele>
   </trkpt>
   <trkpt lat="40.5721700" lon="-3.0699230">
    <ele>935.8</ele>
   </trkpt>
   <trkpt lat="40.5721320" lon="-3.0698480">
    <ele>935.8</ele>
   </trkpt>
   <trkpt lat="40.5720860" lon="-3.0697890">
    <ele>935.8</ele>
   </trkpt>
   <trkpt lat="40.5720250" lon="-3.0697190">
    <ele>936.0</ele>
   </trkpt>
   <trkpt lat="40.5719600" lon="-3.0696700">
    <ele>936.2</ele>
   </trkpt>
   <trkpt lat="40.5718960" lon="-3.0696340">
    <ele>936.4</ele>
   </trkpt>
   <trkpt lat="40.5718270" lon="-3.0696180">
    <ele>936.6</ele>
   </trkpt>
   <trkpt lat="40.5717700" lon="-3.0696180">
    <ele>936.8</ele>
   </trkpt>
   <trkpt lat="40.5716900" lon="-3.0696270">
    <ele>937.2</ele>
   </trkpt>
   <trkpt lat="40.5716250" lon="-3.0696450">
    <ele>937.4</ele>
   </trkpt>
   <trkpt lat="40.5715640" lon="-3.0696600">
    <ele>937.6</ele>
   </trkpt>
   <trkpt lat="40.5715030" lon="-3.0696690">
    <ele>937.8</ele>
   </trkpt>
   <trkpt lat="40.5714420" lon="-3.0696740">
    <ele>938.0</ele>
   </trkpt>
   <trkpt lat="40.5713770" lon="-3.0696730">
    <ele>938.2</ele>
   </trkpt>
   <trkpt lat="40.5713080" lon="-3.0696610">
    <ele>938.4</ele>
   </trkpt>
   <trkpt lat="40.5712470" lon="-3.0696410">
    <ele>938.4</ele>
   </trkpt>
   <trkpt lat="40.5711860" lon="-3.0696130">
    <ele>938.4</ele>
   </trkpt>
   <trkpt lat="40.5711250" lon="-3.0695820">
    <ele>938.6</ele>
   </trkpt>
   <trkpt lat="40.5710640" lon="-3.0695500">
    <ele>938.6</ele>
   </trkpt>
   <trkpt lat="40.5710030" lon="-3.0695170">
    <ele>938.6</ele>
   </trkpt>
   <trkpt lat="40.5709380" lon="-3.0694850">
    <ele>938.6</ele>
   </trkpt>
   <trkpt lat="40.5708730" lon="-3.0694530">
    <ele>938.6</ele>
   </trkpt>
   <trkpt lat="40.5708080" lon="-3.0694200">
    <ele>938.4</ele>
   </trkpt>
   <trkpt lat="40.5707440" lon="-3.0693860">
    <ele>938.4</ele>
   </trkpt>
   <trkpt lat="40.5706790" lon="-3.0693530">
    <ele>938.4</ele>
   </trkpt>
   <trkpt lat="40.5706140" lon="-3.0693200">
    <ele>938.2</ele>
   </trkpt>
   <trkpt lat="40.5705450" lon="-3.0692860">
    <ele>938.2</ele>
   </trkpt>
   <trkpt lat="40.5704760" lon="-3.0692520">
    <ele>938.0</ele>
   </trkpt>
   <trkpt lat="40.5704080" lon="-3.0692160">
    <ele>938.0</ele>
   </trkpt>
   <trkpt lat="40.5703390" lon="-3.0691790">
    <ele>938.0</ele>
   </trkpt>
   <trkpt lat="40.5702740" lon="-3.0691440">
    <ele>937.8</ele>
   </trkpt>
   <trkpt lat="40.5702060" lon="-3.0691080">
    <ele>937.8</ele>
   </trkpt>
   <trkpt lat="40.5701410" lon="-3.0690740">
    <ele>937.8</ele>
   </trkpt>
   <trkpt lat="40.5700720" lon="-3.0690400">
    <ele>937.8</ele>
   </trkpt>
   <trkpt lat="40.5700030" lon="-3.0690060">
    <ele>937.8</ele>
   </trkpt>
   <trkpt lat="40.5699390" lon="-3.0689720">
    <ele>937.8</ele>
   </trkpt>
   <trkpt lat="40.5698700" lon="-3.0689400">
    <ele>937.8</ele>
   </trkpt>
   <trkpt lat="40.5698010" lon="-3.0689080">
    <ele>937.8</ele>
   </trkpt>
   <trkpt lat="40.5697400" lon="-3.0688780">
    <ele>938.0</ele>
   </trkpt>
   <trkpt lat="40.5696830" lon="-3.0688520">
    <ele>938.0</ele>
   </trkpt>
   <trkpt lat="40.5696140" lon="-3.0688180">
    <ele>938.2</ele>
   </trkpt>
   <trkpt lat="40.5695530" lon="-3.0687890">
    <ele>938.2</ele>
   </trkpt>
   <trkpt lat="40.5694960" lon="-3.0687590">
    <ele>938.2</ele>
   </trkpt>
   <trkpt lat="40.5694390" lon="-3.0687300">
    <ele>938.2</ele>
   </trkpt>
   <trkpt lat="40.5693890" lon="-3.0687070">
    <ele>938.2</ele>
   </trkpt>
   <trkpt lat="40.5693170" lon="-3.0686760">
    <ele>938.2</ele>
   </trkpt>
   <trkpt lat="40.5692560" lon="-3.0686490">
    <ele>938.2</ele>
   </trkpt>
   <trkpt lat="40.5691990" lon="-3.0686220">
    <ele>938.2</ele>
   </trkpt>
   <trkpt lat="40.5691450" lon="-3.0685980">
    <ele>938.2</ele>
   </trkpt>
   <trkpt lat="40.5690800" lon="-3.0685670">
    <ele>938.2</ele>
   </trkpt>
   <trkpt lat="40.5690270" lon="-3.0685400">
    <ele>938.2</ele>
   </trkpt>
   <trkpt lat="40.5689700" lon="-3.0685150">
    <ele>938.2</ele>
   </trkpt>
   <trkpt lat="40.5689160" lon="-3.0684900">
    <ele>938.2</ele>
   </trkpt>
   <trkpt lat="40.5688630" lon="-3.0684630">
    <ele>938.2</ele>
   </trkpt>
   <trkpt lat="40.5688060" lon="-3.0684380">
    <ele>938.2</ele>
   </trkpt>
   <trkpt lat="40.5687480" lon="-3.0684110">
    <ele>938.0</ele>
   </trkpt>
   <trkpt lat="40.5686840" lon="-3.0683820">
    <ele>937.8</ele>
   </trkpt>
   <trkpt lat="40.5686190" lon="-3.0683520">
    <ele>937.4</ele>
   </trkpt>
   <trkpt lat="40.5685540" lon="-3.0683220">
    <ele>937.0</ele>
   </trkpt>
   <trkpt lat="40.5684890" lon="-3.0682900">
    <ele>936.6</ele>
   </trkpt>
   <trkpt lat="40.5684170" lon="-3.0682590">
    <ele>936.2</ele>
   </trkpt>
   <trkpt lat="40.5683480" lon="-3.0682260">
    <ele>935.8</ele>
   </trkpt>
   <trkpt lat="40.5682830" lon="-3.0681920">
    <ele>935.4</ele>
   </trkpt>
   <trkpt lat="40.5682140" lon="-3.0681580">
    <ele>935.0</ele>
   </trkpt>
   <trkpt lat="40.5681420" lon="-3.0681240">
    <ele>934.6</ele>
   </trkpt>
   <trkpt lat="40.5680730" lon="-3.0680890">
    <ele>934.4</ele>
   </trkpt>
   <trkpt lat="40.5680010" lon="-3.0680540">
    <ele>934.0</ele>
   </trkpt>
   <trkpt lat="40.5679280" lon="-3.0680200">
    <ele>933.6</ele>
   </trkpt>
   <trkpt lat="40.5678520" lon="-3.0679860">
    <ele>933.4</ele>
   </trkpt>
   <trkpt lat="40.5677800" lon="-3.0679520">
    <ele>933.0</ele>
   </trkpt>
   <trkpt lat="40.5677030" lon="-3.0679180">
    <ele>932.8</ele>
   </trkpt>
   <trkpt lat="40.5676270" lon="-3.0678840">
    <ele>932.6</ele>
   </trkpt>
   <trkpt lat="40.5675540" lon="-3.0678490">
    <ele>932.4</ele>
   </trkpt>
   <trkpt lat="40.5674780" lon="-3.0678150">
    <ele>932.2</ele>
   </trkpt>
   <trkpt lat="40.5674060" lon="-3.0677830">
    <ele>932.0</ele>
   </trkpt>
   <trkpt lat="40.5673330" lon="-3.0677480">
    <ele>931.8</ele>
   </trkpt>
   <trkpt lat="40.5672650" lon="-3.0677140">
    <ele>931.8</ele>
   </trkpt>
   <trkpt lat="40.5671960" lon="-3.0676790">
    <ele>931.6</ele>
   </trkpt>
   <trkpt lat="40.5671230" lon="-3.0676430">
    <ele>931.4</ele>
   </trkpt>
   <trkpt lat="40.5670510" lon="-3.0676090">
    <ele>931.2</ele>
   </trkpt>
   <trkpt lat="40.5669780" lon="-3.0675740">
    <ele>931.0</ele>
   </trkpt>
   <trkpt lat="40.5669100" lon="-3.0675410">
    <ele>930.8</ele>
   </trkpt>
   <trkpt lat="40.5668370" lon="-3.0675080">
    <ele>930.6</ele>
   </trkpt>
   <trkpt lat="40.5667650" lon="-3.0674760">
    <ele>930.6</ele>
   </trkpt>
   <trkpt lat="40.5666920" lon="-3.0674430">
    <ele>930.4</ele>
   </trkpt>
   <trkpt lat="40.5666200" lon="-3.0674110">
    <ele>930.2</ele>
   </trkpt>
   <trkpt lat="40.5665510" lon="-3.0673800">
    <ele>930.2</ele>
   </trkpt>
   <trkpt lat="40.5664830" lon="-3.0673480">
    <ele>930.0</ele>
   </trkpt>
   <trkpt lat="40.5664180" lon="-3.0673150">
    <ele>929.8</ele>
   </trkpt>
   <trkpt lat="40.5663530" lon="-3.0672830">
    <ele>929.6</ele>
   </trkpt>
   <trkpt lat="40.5662880" lon="-3.0672490">
    <ele>929.6</ele>
   </trkpt>
   <trkpt lat="40.5662270" lon="-3.0672220">
    <ele>929.6</ele>
   </trkpt>
   <trkpt lat="40.5661660" lon="-3.0671970">
    <ele>929.6</ele>
   </trkpt>
   <trkpt lat="40.5661090" lon="-3.0671680">
    <ele>929.6</ele>
   </trkpt>
   <trkpt lat="40.5660480" lon="-3.0671440">
    <ele>929.4</ele>
   </trkpt>
   <trkpt lat="40.5659900" lon="-3.0671270">
    <ele>929.4</ele>
   </trkpt>
   <trkpt lat="40.5659290" lon="-3.0671210">
    <ele>929.0</ele>
   </trkpt>
   <trkpt lat="40.5658680" lon="-3.0671280">
    <ele>928.8</ele>
   </trkpt>
   <trkpt lat="40.5658110" lon="-3.0671540">
    <ele>928.4</ele>
   </trkpt>
   <trkpt lat="40.5657580" lon="-3.0672030">
    <ele>928.2</ele>
   </trkpt>
   <trkpt lat="40.5657040" lon="-3.0672720">
    <ele>928.0</ele>
   </trkpt>
   <trkpt lat="40.5656590" lon="-3.0673540">
    <ele>927.6</ele>
   </trkpt>
   <trkpt lat="40.5656170" lon="-3.0674420">
    <ele>927.4</ele>
   </trkpt>
   <trkpt lat="40.5655750" lon="-3.0675300">
    <ele>927.2</ele>
   </trkpt>
   <trkpt lat="40.5655360" lon="-3.0676210">
    <ele>927.0</ele>
   </trkpt>
   <trkpt lat="40.5654980" lon="-3.0677130">
    <ele>926.8</ele>
   </trkpt>
   <trkpt lat="40.5654600" lon="-3.0678040">
    <ele>926.6</ele>
   </trkpt>
   <trkpt lat="40.5654180" lon="-3.0678960">
    <ele>926.4</ele>
   </trkpt>
   <trkpt lat="40.5653760" lon="-3.0679860">
    <ele>926.2</ele>
   </trkpt>
   <trkpt lat="40.5653300" lon="-3.0680770">
    <ele>926.0</ele>
   </trkpt>
   <trkpt lat="40.5652890" lon="-3.0681680">
    <ele>925.8</ele>
   </trkpt>
   <trkpt lat="40.5652470" lon="-3.0682570">
    <ele>925.6</ele>
   </trkpt>
   <trkpt lat="40.5652010" lon="-3.0683450">
    <ele>925.4</ele>
   </trkpt>
   <trkpt lat="40.5651590" lon="-3.0684290">
    <ele>925.2</ele>
   </trkpt>
   <trkpt lat="40.5651210" lon="-3.0685110">
    <ele>925.0</ele>
   </trkpt>
   <trkpt lat="40.5650830" lon="-3.0685900">
    <ele>925.0</ele>
   </trkpt>
   <trkpt lat="40.5650370" lon="-3.0686660">
    <ele>924.8</ele>
   </trkpt>
   <trkpt lat="40.5649950" lon="-3.0687410">
    <ele>924.8</ele>
   </trkpt>
   <trkpt lat="40.5649490" lon="-3.0688130">
    <ele>924.6</ele>
   </trkpt>
   <trkpt lat="40.5649030" lon="-3.0688820">
    <ele>924.6</ele>
   </trkpt>
   <trkpt lat="40.5648540" lon="-3.0689430">
    <ele>924.4</ele>
   </trkpt>
   <trkpt lat="40.5648080" lon="-3.0690000">
    <ele>924.4</ele>
   </trkpt>
   <trkpt lat="40.5647540" lon="-3.0690550">
    <ele>924.6</ele>
   </trkpt>
   <trkpt lat="40.5647010" lon="-3.0691080">
    <ele>924.6</ele>
   </trkpt>
   <trkpt lat="40.5646440" lon="-3.0691590">
    <ele>924.6</ele>
   </trkpt>
   <trkpt lat="40.5645940" lon="-3.0692090">
    <ele>924.4</ele>
   </trkpt>
   <trkpt lat="40.5645410" lon="-3.0692610">
    <ele>924.4</ele>
   </trkpt>
   <trkpt lat="40.5644910" lon="-3.0693110">
    <ele>924.4</ele>
   </trkpt>
   <trkpt lat="40.5644420" lon="-3.0693630">
    <ele>924.4</ele>
   </trkpt>
   <trkpt lat="40.5643880" lon="-3.0694140">
    <ele>924.4</ele>
   </trkpt>
   <trkpt lat="40.5643390" lon="-3.0694640">
    <ele>924.4</ele>
   </trkpt>
   <trkpt lat="40.5642850" lon="-3.0695160">
    <ele>924.4</ele>
   </trkpt>
   <trkpt lat="40.5642360" lon="-3.0695660">
    <ele>924.2</ele>
   </trkpt>
   <trkpt lat="40.5641820" lon="-3.0696170">
    <ele>924.2</ele>
   </trkpt>
   <trkpt lat="40.5641330" lon="-3.0696680">
    <ele>924.4</ele>
   </trkpt>
   <trkpt lat="40.5640830" lon="-3.0697190">
    <ele>924.4</ele>
   </trkpt>
   <trkpt lat="40.5640300" lon="-3.0697700">
    <ele>924.4</ele>
   </trkpt>
   <trkpt lat="40.5639760" lon="-3.0698240">
    <ele>924.4</ele>
   </trkpt>
   <trkpt lat="40.5639230" lon="-3.0698790">
    <ele>924.6</ele>
   </trkpt>
   <trkpt lat="40.5638690" lon="-3.0699340">
    <ele>924.8</ele>
   </trkpt>
   <trkpt lat="40.5638160" lon="-3.0699880">
    <ele>924.8</ele>
   </trkpt>
   <trkpt lat="40.5637660" lon="-3.0700410">
    <ele>925.0</ele>
   </trkpt>
   <trkpt lat="40.5637090" lon="-3.0700950">
    <ele>925.0</ele>
   </trkpt>
   <trkpt lat="40.5636560" lon="-3.0701500">
    <ele>925.0</ele>
   </trkpt>
   <trkpt lat="40.5635990" lon="-3.0702070">
    <ele>925.0</ele>
   </trkpt>
   <trkpt lat="40.5635410" lon="-3.0702620">
    <ele>925.0</ele>
   </trkpt>
   <trkpt lat="40.5634840" lon="-3.0703190">
    <ele>925.0</ele>
   </trkpt>
   <trkpt lat="40.5634270" lon="-3.0703770">
    <ele>925.0</ele>
   </trkpt>
   <trkpt lat="40.5633700" lon="-3.0704340">
    <ele>924.8</ele>
   </trkpt>
   <trkpt lat="40.5633120" lon="-3.0704900">
    <ele>924.8</ele>
   </trkpt>
   <trkpt lat="40.5632590" lon="-3.0705450">
    <ele>924.8</ele>
   </trkpt>
   <trkpt lat="40.5632020" lon="-3.0706020">
    <ele>925.0</ele>
   </trkpt>
   <trkpt lat="40.5631450" lon="-3.0706580">
    <ele>925.0</ele>
   </trkpt>
   <trkpt lat="40.5630870" lon="-3.0707140">
    <ele>924.8</ele>
   </trkpt>
   <trkpt lat="40.5630300" lon="-3.0707700">
    <ele>924.8</ele>
   </trkpt>
   <trkpt lat="40.5629770" lon="-3.0708270">
    <ele>925.0</ele>
   </trkpt>
   <trkpt lat="40.5629200" lon="-3.0708830">
    <ele>925.0</ele>
   </trkpt>
   <trkpt lat="40.5628620" lon="-3.0709390">
    <ele>925.0</ele>
   </trkpt>
   <trkpt lat="40.5628050" lon="-3.0709940">
    <ele>925.0</ele>
   </trkpt>
   <trkpt lat="40.5627480" lon="-3.0710490">
    <ele>925.0</ele>
   </trkpt>
   <trkpt lat="40.5626910" lon="-3.0711050">
    <ele>925.0</ele>
   </trkpt>
   <trkpt lat="40.5626370" lon="-3.0711600">
    <ele>925.0</ele>
   </trkpt>
   <trkpt lat="40.5625880" lon="-3.0712120">
    <ele>925.0</ele>
   </trkpt>
   <trkpt lat="40.5625380" lon="-3.0712590">
    <ele>925.0</ele>
   </trkpt>
   <trkpt lat="40.5624770" lon="-3.0713220">
    <ele>925.0</ele>
   </trkpt>
   <trkpt lat="40.5624200" lon="-3.0713770">
    <ele>925.0</ele>
   </trkpt>
   <trkpt lat="40.5623660" lon="-3.0714320">
    <ele>925.0</ele>
   </trkpt>
   <trkpt lat="40.5623130" lon="-3.0714870">
    <ele>925.0</ele>
   </trkpt>
   <trkpt lat="40.5622600" lon="-3.0715420">
    <ele>925.2</ele>
   </trkpt>
   <trkpt lat="40.5622020" lon="-3.0715970">
    <ele>925.2</ele>
   </trkpt>
   <trkpt lat="40.5621450" lon="-3.0716560">
    <ele>925.2</ele>
   </trkpt>
   <trkpt lat="40.5620880" lon="-3.0717140">
    <ele>925.2</ele>
   </trkpt>
   <trkpt lat="40.5620310" lon="-3.0717690">
    <ele>925.4</ele>
   </trkpt>
   <trkpt lat="40.5619810" lon="-3.0718200">
    <ele>925.4</ele>
   </trkpt>
   <trkpt lat="40.5619200" lon="-3.0718900">
    <ele>925.4</ele>
   </trkpt>
   <trkpt lat="40.5618670" lon="-3.0719500">
    <ele>925.2</ele>
   </trkpt>
   <trkpt lat="40.5618130" lon="-3.0720100">
    <ele>925.2</ele>
   </trkpt>
   <trkpt lat="40.5617560" lon="-3.0720700">
    <ele>925.0</ele>
   </trkpt>
   <trkpt lat="40.5616990" lon="-3.0721310">
    <ele>925.0</ele>
   </trkpt>
   <trkpt lat="40.5616450" lon="-3.0721930">
    <ele>925.0</ele>
   </trkpt>
   <trkpt lat="40.5615960" lon="-3.0722570">
    <ele>925.0</ele>
   </trkpt>
   <trkpt lat="40.5615460" lon="-3.0723220">
    <ele>925.0</ele>
   </trkpt>
   <trkpt lat="40.5614970" lon="-3.0723900">
    <ele>925.2</ele>
   </trkpt>
   <trkpt lat="40.5614430" lon="-3.0724580">
    <ele>925.2</ele>
   </trkpt>
   <trkpt lat="40.5613940" lon="-3.0725260">
    <ele>925.2</ele>
   </trkpt>
   <trkpt lat="40.5613480" lon="-3.0725900">
    <ele>925.2</ele>
   </trkpt>
   <trkpt lat="40.5613020" lon="-3.0726490">
    <ele>925.2</ele>
   </trkpt>
   <trkpt lat="40.5612450" lon="-3.0727270">
    <ele>925.2</ele>
   </trkpt>
   <trkpt lat="40.5611950" lon="-3.0727930">
    <ele>925.2</ele>
   </trkpt>
   <trkpt lat="40.5611500" lon="-3.0728590">
    <ele>925.2</ele>
   </trkpt>
   <trkpt lat="40.5611000" lon="-3.0729260">
    <ele>925.2</ele>
   </trkpt>
   <trkpt lat="40.5610540" lon="-3.0729910">
    <ele>925.2</ele>
   </trkpt>
   <trkpt lat="40.5610080" lon="-3.0730480">
    <ele>925.2</ele>
   </trkpt>
   <trkpt lat="40.5609550" lon="-3.0731240">
    <ele>925.2</ele>
   </trkpt>
   <trkpt lat="40.5609050" lon="-3.0731890">
    <ele>925.2</ele>
   </trkpt>
   <trkpt lat="40.5608600" lon="-3.0732540">
    <ele>925.2</ele>
   </trkpt>
   <trkpt lat="40.5608140" lon="-3.0733210">
    <ele>925.2</ele>
   </trkpt>
   <trkpt lat="40.5607640" lon="-3.0733870">
    <ele>925.4</ele>
   </trkpt>
   <trkpt lat="40.5607150" lon="-3.0734520">
    <ele>925.4</ele>
   </trkpt>
   <trkpt lat="40.5606650" lon="-3.0735170">
    <ele>925.4</ele>
   </trkpt>
   <trkpt lat="40.5606120" lon="-3.0735800">
    <ele>925.4</ele>
   </trkpt>
   <trkpt lat="40.5605620" lon="-3.0736390">
    <ele>925.4</ele>
   </trkpt>
   <trkpt lat="40.5605120" lon="-3.0736990">
    <ele>925.4</ele>
   </trkpt>
   <trkpt lat="40.5604630" lon="-3.0737550">
    <ele>925.4</ele>
   </trkpt>
   <trkpt lat="40.5604130" lon="-3.0738140">
    <ele>925.4</ele>
   </trkpt>
   <trkpt lat="40.5603640" lon="-3.0738730">
    <ele>925.2</ele>
   </trkpt>
   <trkpt lat="40.5603100" lon="-3.0739330">
    <ele>925.4</ele>
   </trkpt>
   <trkpt lat="40.5602530" lon="-3.0739930">
    <ele>925.2</ele>
   </trkpt>
   <trkpt lat="40.5601920" lon="-3.0740530">
    <ele>925.2</ele>
   </trkpt>
   <trkpt lat="40.5601390" lon="-3.0741120">
    <ele>925.2</ele>
   </trkpt>
   <trkpt lat="40.5600850" lon="-3.0741710">
    <ele>925.2</ele>
   </trkpt>
   <trkpt lat="40.5600320" lon="-3.0742270">
    <ele>925.2</ele>
   </trkpt>
   <trkpt lat="40.5599750" lon="-3.0742860">
    <ele>925.2</ele>
   </trkpt>
   <trkpt lat="40.5599250" lon="-3.0743450">
    <ele>925.2</ele>
   </trkpt>
   <trkpt lat="40.5598720" lon="-3.0744030">
    <ele>925.2</ele>
   </trkpt>
   <trkpt lat="40.5598180" lon="-3.0744610">
    <ele>925.2</ele>
   </trkpt>
   <trkpt lat="40.5597610" lon="-3.0745190">
    <ele>925.4</ele>
   </trkpt>
   <trkpt lat="40.5597110" lon="-3.0745730">
    <ele>925.4</ele>
   </trkpt>
   <trkpt lat="40.5596660" lon="-3.0746220">
    <ele>925.4</ele>
   </trkpt>
   <trkpt lat="40.5596050" lon="-3.0746890">
    <ele>925.4</ele>
   </trkpt>
   <trkpt lat="40.5595510" lon="-3.0747460">
    <ele>925.6</ele>
   </trkpt>
   <trkpt lat="40.5594980" lon="-3.0748040">
    <ele>925.6</ele>
   </trkpt>
   <trkpt lat="40.5594440" lon="-3.0748620">
    <ele>925.6</ele>
   </trkpt>
   <trkpt lat="40.5593910" lon="-3.0749200">
    <ele>925.6</ele>
   </trkpt>
   <trkpt lat="40.5593410" lon="-3.0749710">
    <ele>925.4</ele>
   </trkpt>
   <trkpt lat="40.5592800" lon="-3.0750410">
    <ele>925.4</ele>
   </trkpt>
   <trkpt lat="40.5592270" lon="-3.0751010">
    <ele>925.4</ele>
   </trkpt>
   <trkpt lat="40.5591740" lon="-3.0751610">
    <ele>925.4</ele>
   </trkpt>
   <trkpt lat="40.5591200" lon="-3.0752190">
    <ele>925.4</ele>
   </trkpt>
   <trkpt lat="40.5590670" lon="-3.0752770">
    <ele>925.4</ele>
   </trkpt>
   <trkpt lat="40.5590130" lon="-3.0753350">
    <ele>925.4</ele>
   </trkpt>
   <trkpt lat="40.5589640" lon="-3.0753920">
    <ele>925.6</ele>
   </trkpt>
   <trkpt lat="40.5589100" lon="-3.0754480">
    <ele>925.6</ele>
   </trkpt>
   <trkpt lat="40.5588610" lon="-3.0755020">
    <ele>925.6</ele>
   </trkpt>
   <trkpt lat="40.5588040" lon="-3.0755560">
    <ele>925.8</ele>
   </trkpt>
   <trkpt lat="40.5587500" lon="-3.0756090">
    <ele>925.8</ele>
   </trkpt>
   <trkpt lat="40.5586930" lon="-3.0756590">
    <ele>925.8</ele>
   </trkpt>
   <trkpt lat="40.5586360" lon="-3.0757090">
    <ele>925.8</ele>
   </trkpt>
   <trkpt lat="40.5585820" lon="-3.0757590">
    <ele>925.8</ele>
   </trkpt>
   <trkpt lat="40.5585250" lon="-3.0758090">
    <ele>925.8</ele>
   </trkpt>
   <trkpt lat="40.5584680" lon="-3.0758590">
    <ele>925.8</ele>
   </trkpt>
   <trkpt lat="40.5584070" lon="-3.0759090">
    <ele>925.8</ele>
   </trkpt>
   <trkpt lat="40.5583460" lon="-3.0759610">
    <ele>925.8</ele>
   </trkpt>
   <trkpt lat="40.5582850" lon="-3.0760100">
    <ele>925.8</ele>
   </trkpt>
   <trkpt lat="40.5582240" lon="-3.0760610">
    <ele>926.0</ele>
   </trkpt>
   <trkpt lat="40.5581630" lon="-3.0761090">
    <ele>926.0</ele>
   </trkpt>
   <trkpt lat="40.5581050" lon="-3.0761570">
    <ele>926.0</ele>
   </trkpt>
   <trkpt lat="40.5580440" lon="-3.0762040">
    <ele>926.0</ele>
   </trkpt>
   <trkpt lat="40.5579830" lon="-3.0762520">
    <ele>926.0</ele>
   </trkpt>
   <trkpt lat="40.5579220" lon="-3.0762990">
    <ele>926.0</ele>
   </trkpt>
   <trkpt lat="40.5578650" lon="-3.0763490">
    <ele>926.2</ele>
   </trkpt>
   <trkpt lat="40.5578080" lon="-3.0763970">
    <ele>926.2</ele>
   </trkpt>
   <trkpt lat="40.5577510" lon="-3.0764460">
    <ele>926.2</ele>
   </trkpt>
   <trkpt lat="40.5576900" lon="-3.0764950">
    <ele>926.4</ele>
   </trkpt>
   <trkpt lat="40.5576290" lon="-3.0765440">
    <ele>926.4</ele>
   </trkpt>
   <trkpt lat="40.5575680" lon="-3.0765930">
    <ele>926.6</ele>
   </trkpt>
   <trkpt lat="40.5575070" lon="-3.0766430">
    <ele>926.6</ele>
   </trkpt>
   <trkpt lat="40.5574450" lon="-3.0766920">
    <ele>926.8</ele>
   </trkpt>
   <trkpt lat="40.5573880" lon="-3.0767410">
    <ele>926.8</ele>
   </trkpt>
   <trkpt lat="40.5573270" lon="-3.0767910">
    <ele>926.8</ele>
   </trkpt>
   <trkpt lat="40.5572700" lon="-3.0768420">
    <ele>926.8</ele>
   </trkpt>
   <trkpt lat="40.5572090" lon="-3.0768930">
    <ele>927.0</ele>
   </trkpt>
   <trkpt lat="40.5571520" lon="-3.0769440">
    <ele>927.0</ele>
   </trkpt>
   <trkpt lat="40.5570950" lon="-3.0769920">
    <ele>927.0</ele>
   </trkpt>
   <trkpt lat="40.5570370" lon="-3.0770430">
    <ele>927.0</ele>
   </trkpt>
   <trkpt lat="40.5569840" lon="-3.0770940">
    <ele>927.0</ele>
   </trkpt>
   <trkpt lat="40.5569270" lon="-3.0771460">
    <ele>927.2</ele>
   </trkpt>
   <trkpt lat="40.5568690" lon="-3.0772000">
    <ele>927.2</ele>
   </trkpt>
   <trkpt lat="40.5568120" lon="-3.0772530">
    <ele>927.4</ele>
   </trkpt>
   <trkpt lat="40.5567550" lon="-3.0773040">
    <ele>927.4</ele>
   </trkpt>
   <trkpt lat="40.5567020" lon="-3.0773560">
    <ele>927.4</ele>
   </trkpt>
   <trkpt lat="40.5566520" lon="-3.0774060">
    <ele>927.4</ele>
   </trkpt>
   <trkpt lat="40.5565990" lon="-3.0774560">
    <ele>927.4</ele>
   </trkpt>
   <trkpt lat="40.5565450" lon="-3.0775090">
    <ele>927.6</ele>
   </trkpt>
   <trkpt lat="40.5564920" lon="-3.0775580">
    <ele>927.6</ele>
   </trkpt>
   <trkpt lat="40.5564380" lon="-3.0776070">
    <ele>927.8</ele>
   </trkpt>
   <trkpt lat="40.5563850" lon="-3.0776570">
    <ele>927.8</ele>
   </trkpt>
   <trkpt lat="40.5563320" lon="-3.0777080">
    <ele>927.8</ele>
   </trkpt>
   <trkpt lat="40.5562740" lon="-3.0777590">
    <ele>927.8</ele>
   </trkpt>
   <trkpt lat="40.5562210" lon="-3.0778090">
    <ele>928.0</ele>
   </trkpt>
   <trkpt lat="40.5561640" lon="-3.0778610">
    <ele>928.0</ele>
   </trkpt>
   <trkpt lat="40.5561100" lon="-3.0779120">
    <ele>928.0</ele>
   </trkpt>
   <trkpt lat="40.5560570" lon="-3.0779620">
    <ele>928.2</ele>
   </trkpt>
   <trkpt lat="40.5560040" lon="-3.0780120">
    <ele>928.2</ele>
   </trkpt>
   <trkpt lat="40.5559500" lon="-3.0780620">
    <ele>928.2</ele>
   </trkpt>
   <trkpt lat="40.5558970" lon="-3.0781100">
    <ele>928.4</ele>
   </trkpt>
   <trkpt lat="40.5558430" lon="-3.0781590">
    <ele>928.4</ele>
   </trkpt>
   <trkpt lat="40.5557900" lon="-3.0782070">
    <ele>928.4</ele>
   </trkpt>
   <trkpt lat="40.5557400" lon="-3.0782540">
    <ele>928.6</ele>
   </trkpt>
   <trkpt lat="40.5556910" lon="-3.0783040">
    <ele>928.4</ele>
   </trkpt>
   <trkpt lat="40.5556370" lon="-3.0783540">
    <ele>928.4</ele>
   </trkpt>
   <trkpt lat="40.5555840" lon="-3.0784060">
    <ele>928.4</ele>
   </trkpt>
   <trkpt lat="40.5555310" lon="-3.0784580">
    <ele>928.4</ele>
   </trkpt>
   <trkpt lat="40.5554770" lon="-3.0785100">
    <ele>928.4</ele>
   </trkpt>
   <trkpt lat="40.5554200" lon="-3.0785630">
    <ele>928.4</ele>
   </trkpt>
   <trkpt lat="40.5553700" lon="-3.0786100">
    <ele>928.2</ele>
   </trkpt>
   <trkpt lat="40.5553050" lon="-3.0786730">
    <ele>928.2</ele>
   </trkpt>
   <trkpt lat="40.5552520" lon="-3.0787270">
    <ele>928.2</ele>
   </trkpt>
   <trkpt lat="40.5551990" lon="-3.0787820">
    <ele>928.0</ele>
   </trkpt>
   <trkpt lat="40.5551410" lon="-3.0788370">
    <ele>928.0</ele>
   </trkpt>
   <trkpt lat="40.5550800" lon="-3.0788940">
    <ele>927.8</ele>
   </trkpt>
   <trkpt lat="40.5550270" lon="-3.0789500">
    <ele>927.8</ele>
   </trkpt>
   <trkpt lat="40.5549740" lon="-3.0790050">
    <ele>927.6</ele>
   </trkpt>
   <trkpt lat="40.5549200" lon="-3.0790620">
    <ele>927.6</ele>
   </trkpt>
   <trkpt lat="40.5548630" lon="-3.0791170">
    <ele>927.4</ele>
   </trkpt>
   <trkpt lat="40.5548060" lon="-3.0791720">
    <ele>927.4</ele>
   </trkpt>
   <trkpt lat="40.5547520" lon="-3.0792270">
    <ele>927.4</ele>
   </trkpt>
   <trkpt lat="40.5547030" lon="-3.0792820">
    <ele>927.2</ele>
   </trkpt>
   <trkpt lat="40.5546490" lon="-3.0793390">
    <ele>927.2</ele>
   </trkpt>
   <trkpt lat="40.5545920" lon="-3.0793980">
    <ele>927.0</ele>
   </trkpt>
   <trkpt lat="40.5545350" lon="-3.0794590">
    <ele>927.0</ele>
   </trkpt>
   <trkpt lat="40.5544780" lon="-3.0795200">
    <ele>926.8</ele>
   </trkpt>
   <trkpt lat="40.5544130" lon="-3.0795830">
    <ele>926.8</ele>
   </trkpt>
   <trkpt lat="40.5543560" lon="-3.0796480">
    <ele>926.6</ele>
   </trkpt>
   <trkpt lat="40.5542980" lon="-3.0797150">
    <ele>926.6</ele>
   </trkpt>
   <trkpt lat="40.5542450" lon="-3.0797870">
    <ele>926.4</ele>
   </trkpt>
   <trkpt lat="40.5541880" lon="-3.0798640">
    <ele>926.2</ele>
   </trkpt>
   <trkpt lat="40.5541380" lon="-3.0799450">
    <ele>926.0</ele>
   </trkpt>
   <trkpt lat="40.5540920" lon="-3.0800260">
    <ele>926.0</ele>
   </trkpt>
   <trkpt lat="40.5540500" lon="-3.0801080">
    <ele>926.0</ele>
   </trkpt>
   <trkpt lat="40.5540080" lon="-3.0801870">
    <ele>926.0</ele>
   </trkpt>
   <trkpt lat="40.5539740" lon="-3.0802610">
    <ele>926.0</ele>
   </trkpt>
   <trkpt lat="40.5539320" lon="-3.0803600">
    <ele>926.0</ele>
   </trkpt>
   <trkpt lat="40.5538940" lon="-3.0804440">
    <ele>926.0</ele>
   </trkpt>
   <trkpt lat="40.5538560" lon="-3.0805280">
    <ele>926.0</ele>
   </trkpt>
   <trkpt lat="40.5538220" lon="-3.0806110">
    <ele>926.0</ele>
   </trkpt>
   <trkpt lat="40.5537870" lon="-3.0806920">
    <ele>926.2</ele>
   </trkpt>
   <trkpt lat="40.5537530" lon="-3.0807710">
    <ele>926.2</ele>
   </trkpt>
   <trkpt lat="40.5537220" lon="-3.0808510">
    <ele>926.2</ele>
   </trkpt>
   <trkpt lat="40.5536920" lon="-3.0809270">
    <ele>926.4</ele>
   </trkpt>
   <trkpt lat="40.5536650" lon="-3.0809960">
    <ele>926.4</ele>
   </trkpt>
   <trkpt lat="40.5536230" lon="-3.0810850">
    <ele>926.4</ele>
   </trkpt>
   <trkpt lat="40.5535930" lon="-3.0811620">
    <ele>926.6</ele>
   </trkpt>
   <trkpt lat="40.5535580" lon="-3.0812380">
    <ele>926.6</ele>
   </trkpt>
   <trkpt lat="40.5535280" lon="-3.0813140">
    <ele>926.8</ele>
   </trkpt>
   <trkpt lat="40.5534900" lon="-3.0813890">
    <ele>926.8</ele>
   </trkpt>
   <trkpt lat="40.5534550" lon="-3.0814640">
    <ele>926.8</ele>
   </trkpt>
   <trkpt lat="40.5534210" lon="-3.0815420">
    <ele>926.8</ele>
   </trkpt>
   <trkpt lat="40.5533900" lon="-3.0816200">
    <ele>926.8</ele>
   </trkpt>
   <trkpt lat="40.5533560" lon="-3.0816970">
    <ele>926.8</ele>
   </trkpt>
   <trkpt lat="40.5533260" lon="-3.0817740">
    <ele>926.8</ele>
   </trkpt>
   <trkpt lat="40.5532910" lon="-3.0818500">
    <ele>926.6</ele>
   </trkpt>
   <trkpt lat="40.5532610" lon="-3.0819290">
    <ele>926.6</ele>
   </trkpt>
   <trkpt lat="40.5532300" lon="-3.0820060">
    <ele>926.6</ele>
   </trkpt>
   <trkpt lat="40.5531960" lon="-3.0820820">
    <ele>926.6</ele>
   </trkpt>
   <trkpt lat="40.5531620" lon="-3.0821570">
    <ele>926.4</ele>
   </trkpt>
   <trkpt lat="40.5531270" lon="-3.0822370">
    <ele>926.4</ele>
   </trkpt>
   <trkpt lat="40.5530930" lon="-3.0823180">
    <ele>926.2</ele>
   </trkpt>
   <trkpt lat="40.5530550" lon="-3.0823990">
    <ele>926.2</ele>
   </trkpt>
   <trkpt lat="40.5530200" lon="-3.0824790">
    <ele>926.0</ele>
   </trkpt>
   <trkpt lat="40.5529860" lon="-3.0825600">
    <ele>926.0</ele>
   </trkpt>
   <trkpt lat="40.5529560" lon="-3.0826440">
    <ele>926.0</ele>
   </trkpt>
   <trkpt lat="40.5529170" lon="-3.0827300">
    <ele>925.8</ele>
   </trkpt>
   <trkpt lat="40.5528830" lon="-3.0828150">
    <ele>925.8</ele>
   </trkpt>
   <trkpt lat="40.5528450" lon="-3.0829010">
    <ele>925.6</ele>
   </trkpt>
   <trkpt lat="40.5528070" lon="-3.0829850">
    <ele>925.6</ele>
   </trkpt>
   <trkpt lat="40.5527690" lon="-3.0830660">
    <ele>925.6</ele>
   </trkpt>
   <trkpt lat="40.5527310" lon="-3.0831460">
    <ele>925.4</ele>
   </trkpt>
   <trkpt lat="40.5526960" lon="-3.0832260">
    <ele>925.4</ele>
   </trkpt>
   <trkpt lat="40.5526580" lon="-3.0833100">
    <ele>925.4</ele>
   </trkpt>
   <trkpt lat="40.5526240" lon="-3.0833900">
    <ele>925.4</ele>
   </trkpt>
   <trkpt lat="40.5525860" lon="-3.0834710">
    <ele>925.4</ele>
   </trkpt>
   <trkpt lat="40.5525470" lon="-3.0835510">
    <ele>925.2</ele>
   </trkpt>
   <trkpt lat="40.5525170" lon="-3.0836310">
    <ele>925.2</ele>
   </trkpt>
   <trkpt lat="40.5524830" lon="-3.0837140">
    <ele>925.2</ele>
   </trkpt>
   <trkpt lat="40.5524480" lon="-3.0837980">
    <ele>925.2</ele>
   </trkpt>
   <trkpt lat="40.5524140" lon="-3.0838820">
    <ele>925.2</ele>
   </trkpt>
   <trkpt lat="40.5523760" lon="-3.0839680">
    <ele>925.2</ele>
   </trkpt>
   <trkpt lat="40.5523380" lon="-3.0840540">
    <ele>925.2</ele>
   </trkpt>
   <trkpt lat="40.5523030" lon="-3.0841390">
    <ele>925.2</ele>
   </trkpt>
   <trkpt lat="40.5522690" lon="-3.0842230">
    <ele>925.2</ele>
   </trkpt>
   <trkpt lat="40.5522350" lon="-3.0843090">
    <ele>925.2</ele>
   </trkpt>
   <trkpt lat="40.5521960" lon="-3.0843970">
    <ele>925.2</ele>
   </trkpt>
   <trkpt lat="40.5521620" lon="-3.0844820">
    <ele>925.2</ele>
   </trkpt>
   <trkpt lat="40.5521320" lon="-3.0845670">
    <ele>925.2</ele>
   </trkpt>
   <trkpt lat="40.5520970" lon="-3.0846530">
    <ele>925.2</ele>
   </trkpt>
   <trkpt lat="40.5520630" lon="-3.0847400">
    <ele>925.2</ele>
   </trkpt>
   <trkpt lat="40.5520320" lon="-3.0848280">
    <ele>925.2</ele>
   </trkpt>
   <trkpt lat="40.5519940" lon="-3.0849160">
    <ele>925.0</ele>
   </trkpt>
   <trkpt lat="40.5519600" lon="-3.0850050">
    <ele>925.0</ele>
   </trkpt>
   <trkpt lat="40.5519260" lon="-3.0850950">
    <ele>925.0</ele>
   </trkpt>
   <trkpt lat="40.5518880" lon="-3.0851850">
    <ele>924.8</ele>
   </trkpt>
   <trkpt lat="40.5518570" lon="-3.0852730">
    <ele>924.6</ele>
   </trkpt>
   <trkpt lat="40.5518230" lon="-3.0853610">
    <ele>924.4</ele>
   </trkpt>
   <trkpt lat="40.5517880" lon="-3.0854480">
    <ele>924.4</ele>
   </trkpt>
   <trkpt lat="40.5517540" lon="-3.0855350">
    <ele>924.4</ele>
   </trkpt>
   <trkpt lat="40.5517200" lon="-3.0856230">
    <ele>924.4</ele>
   </trkpt>
   <trkpt lat="40.5516890" lon="-3.0857110">
    <ele>924.4</ele>
   </trkpt>
   <trkpt lat="40.5516510" lon="-3.0858010">
    <ele>924.4</ele>
   </trkpt>
   <trkpt lat="40.5516130" lon="-3.0858880">
    <ele>924.4</ele>
   </trkpt>
   <trkpt lat="40.5515820" lon="-3.0859700">
    <ele>924.4</ele>
   </trkpt>
   <trkpt lat="40.5515440" lon="-3.0860640">
    <ele>924.4</ele>
   </trkpt>
   <trkpt lat="40.5515140" lon="-3.0861510">
    <ele>924.4</ele>
   </trkpt>
   <trkpt lat="40.5514790" lon="-3.0862370">
    <ele>924.4</ele>
   </trkpt>
   <trkpt lat="40.5514450" lon="-3.0863220">
    <ele>924.4</ele>
   </trkpt>
   <trkpt lat="40.5514110" lon="-3.0864060">
    <ele>924.4</ele>
   </trkpt>
   <trkpt lat="40.5513760" lon="-3.0864900">
    <ele>924.6</ele>
   </trkpt>
   <trkpt lat="40.5513420" lon="-3.0865700">
    <ele>924.6</ele>
   </trkpt>
   <trkpt lat="40.5513080" lon="-3.0866510">
    <ele>924.6</ele>
   </trkpt>
   <trkpt lat="40.5512730" lon="-3.0867320">
    <ele>924.6</ele>
   </trkpt>
   <trkpt lat="40.5512350" lon="-3.0868090">
    <ele>924.6</ele>
   </trkpt>
   <trkpt lat="40.5512010" lon="-3.0868860">
    <ele>924.6</ele>
   </trkpt>
   <trkpt lat="40.5511630" lon="-3.0869590">
    <ele>924.6</ele>
   </trkpt>
   <trkpt lat="40.5511280" lon="-3.0870310">
    <ele>924.8</ele>
   </trkpt>
   <trkpt lat="40.5510900" lon="-3.0871030">
    <ele>924.8</ele>
   </trkpt>
   <trkpt lat="40.5510480" lon="-3.0871740">
    <ele>924.8</ele>
   </trkpt>
   <trkpt lat="40.5510100" lon="-3.0872460">
    <ele>924.8</ele>
   </trkpt>
   <trkpt lat="40.5509680" lon="-3.0873170">
    <ele>924.8</ele>
   </trkpt>
   <trkpt lat="40.5509260" lon="-3.0873910">
    <ele>924.8</ele>
   </trkpt>
   <trkpt lat="40.5508840" lon="-3.0874650">
    <ele>924.8</ele>
   </trkpt>
   <trkpt lat="40.5508420" lon="-3.0875380">
    <ele>924.8</ele>
   </trkpt>
   <trkpt lat="40.5508000" lon="-3.0876130">
    <ele>924.8</ele>
   </trkpt>
   <trkpt lat="40.5507580" lon="-3.0876880">
    <ele>924.8</ele>
   </trkpt>
   <trkpt lat="40.5507130" lon="-3.0877620">
    <ele>925.0</ele>
   </trkpt>
   <trkpt lat="40.5506670" lon="-3.0878360">
    <ele>925.0</ele>
   </trkpt>
   <trkpt lat="40.5506210" lon="-3.0879100">
    <ele>925.0</ele>
   </trkpt>
   <trkpt lat="40.5505790" lon="-3.0879850">
    <ele>925.2</ele>
   </trkpt>
   <trkpt lat="40.5505410" lon="-3.0880610">
    <ele>925.2</ele>
   </trkpt>
   <trkpt lat="40.5504990" lon="-3.0881360">
    <ele>925.2</ele>
   </trkpt>
   <trkpt lat="40.5504530" lon="-3.0882100">
    <ele>925.2</ele>
   </trkpt>
   <trkpt lat="40.5504110" lon="-3.0882830">
    <ele>925.2</ele>
   </trkpt>
   <trkpt lat="40.5503690" lon="-3.0883570">
    <ele>925.4</ele>
   </trkpt>
   <trkpt lat="40.5503270" lon="-3.0884310">
    <ele>925.4</ele>
   </trkpt>
   <trkpt lat="40.5502850" lon="-3.0885030">
    <ele>925.4</ele>
   </trkpt>
   <trkpt lat="40.5502430" lon="-3.0885770">
    <ele>925.4</ele>
   </trkpt>
   <trkpt lat="40.5501980" lon="-3.0886510">
    <ele>925.4</ele>
   </trkpt>
   <trkpt lat="40.5501560" lon="-3.0887250">
    <ele>925.4</ele>
   </trkpt>
   <trkpt lat="40.5501180" lon="-3.0887980">
    <ele>925.4</ele>
   </trkpt>
   <trkpt lat="40.5500760" lon="-3.0888730">
    <ele>925.4</ele>
   </trkpt>
   <trkpt lat="40.5500340" lon="-3.0889460">
    <ele>925.4</ele>
   </trkpt>
   <trkpt lat="40.5499880" lon="-3.0890190">
    <ele>925.4</ele>
   </trkpt>
   <trkpt lat="40.5499460" lon="-3.0890910">
    <ele>925.6</ele>
   </trkpt>
   <trkpt lat="40.5499040" lon="-3.0891620">
    <ele>925.6</ele>
   </trkpt>
   <trkpt lat="40.5498660" lon="-3.0892320">
    <ele>925.6</ele>
   </trkpt>
   <trkpt lat="40.5498240" lon="-3.0893040">
    <ele>925.6</ele>
   </trkpt>
   <trkpt lat="40.5497860" lon="-3.0893740">
    <ele>925.6</ele>
   </trkpt>
   <trkpt lat="40.5497440" lon="-3.0894460">
    <ele>925.8</ele>
   </trkpt>
   <trkpt lat="40.5497020" lon="-3.0895200">
    <ele>925.8</ele>
   </trkpt>
   <trkpt lat="40.5496600" lon="-3.0895940">
    <ele>925.8</ele>
   </trkpt>
   <trkpt lat="40.5496180" lon="-3.0896660">
    <ele>925.8</ele>
   </trkpt>
   <trkpt lat="40.5495800" lon="-3.0897370">
    <ele>925.8</ele>
   </trkpt>
   <trkpt lat="40.5495380" lon="-3.0898080">
    <ele>926.0</ele>
   </trkpt>
   <trkpt lat="40.5494960" lon="-3.0898810">
    <ele>926.0</ele>
   </trkpt>
   <trkpt lat="40.5494540" lon="-3.0899530">
    <ele>926.0</ele>
   </trkpt>
   <trkpt lat="40.5494080" lon="-3.0900260">
    <ele>926.0</ele>
   </trkpt>
   <trkpt lat="40.5493660" lon="-3.0900990">
    <ele>926.0</ele>
   </trkpt>
   <trkpt lat="40.5493240" lon="-3.0901710">
    <ele>926.0</ele>
   </trkpt>
   <trkpt lat="40.5492860" lon="-3.0902420">
    <ele>926.0</ele>
   </trkpt>
   <trkpt lat="40.5492480" lon="-3.0903150">
    <ele>926.0</ele>
   </trkpt>
   <trkpt lat="40.5492060" lon="-3.0903880">
    <ele>926.2</ele>
   </trkpt>
   <trkpt lat="40.5491640" lon="-3.0904600">
    <ele>926.2</ele>
   </trkpt>
   <trkpt lat="40.5491260" lon="-3.0905340">
    <ele>926.2</ele>
   </trkpt>
   <trkpt lat="40.5490880" lon="-3.0906080">
    <ele>926.2</ele>
   </trkpt>
   <trkpt lat="40.5490490" lon="-3.0906840">
    <ele>926.2</ele>
   </trkpt>
   <trkpt lat="40.5490150" lon="-3.0907570">
    <ele>926.2</ele>
   </trkpt>
   <trkpt lat="40.5489850" lon="-3.0908260">
    <ele>926.4</ele>
   </trkpt>
   <trkpt lat="40.5489430" lon="-3.0909160">
    <ele>926.4</ele>
   </trkpt>
   <trkpt lat="40.5489080" lon="-3.0909960">
    <ele>926.2</ele>
   </trkpt>
   <trkpt lat="40.5488740" lon="-3.0910760">
    <ele>926.4</ele>
   </trkpt>
   <trkpt lat="40.5488430" lon="-3.0911560">
    <ele>926.4</ele>
   </trkpt>
   <trkpt lat="40.5488170" lon="-3.0912370">
    <ele>926.4</ele>
   </trkpt>
   <trkpt lat="40.5487900" lon="-3.0913210">
    <ele>926.4</ele>
   </trkpt>
   <trkpt lat="40.5487630" lon="-3.0914030">
    <ele>926.4</ele>
   </trkpt>
   <trkpt lat="40.5487330" lon="-3.0914880">
    <ele>926.4</ele>
   </trkpt>
   <trkpt lat="40.5487100" lon="-3.0915720">
    <ele>926.4</ele>
   </trkpt>
   <trkpt lat="40.5486870" lon="-3.0916570">
    <ele>926.6</ele>
   </trkpt>
   <trkpt lat="40.5486640" lon="-3.0917390">
    <ele>926.6</ele>
   </trkpt>
   <trkpt lat="40.5486410" lon="-3.0918230">
    <ele>926.4</ele>
   </trkpt>
   <trkpt lat="40.5486180" lon="-3.0919070">
    <ele>926.4</ele>
   </trkpt>
   <trkpt lat="40.5485990" lon="-3.0919910">
    <ele>926.4</ele>
   </trkpt>
   <trkpt lat="40.5485800" lon="-3.0920780">
    <ele>926.4</ele>
   </trkpt>
   <trkpt lat="40.5485610" lon="-3.0921650">
    <ele>926.4</ele>
   </trkpt>
   <trkpt lat="40.5485340" lon="-3.0922510">
    <ele>926.4</ele>
   </trkpt>
   <trkpt lat="40.5485150" lon="-3.0923310">
    <ele>926.4</ele>
   </trkpt>
   <trkpt lat="40.5485040" lon="-3.0924060">
    <ele>926.4</ele>
   </trkpt>
   <trkpt lat="40.5484810" lon="-3.0925020">
    <ele>926.4</ele>
   </trkpt>
   <trkpt lat="40.5484620" lon="-3.0925840">
    <ele>926.2</ele>
   </trkpt>
   <trkpt lat="40.5484430" lon="-3.0926690">
    <ele>926.2</ele>
   </trkpt>
   <trkpt lat="40.5484240" lon="-3.0927550">
    <ele>926.4</ele>
   </trkpt>
   <trkpt lat="40.5484050" lon="-3.0928410">
    <ele>926.2</ele>
   </trkpt>
   <trkpt lat="40.5483820" lon="-3.0929310">
    <ele>926.0</ele>
   </trkpt>
   <trkpt lat="40.5483590" lon="-3.0930210">
    <ele>926.0</ele>
   </trkpt>
   <trkpt lat="40.5483320" lon="-3.0931120">
    <ele>925.8</ele>
   </trkpt>
   <trkpt lat="40.5483060" lon="-3.0932020">
    <ele>925.8</ele>
   </trkpt>
   <trkpt lat="40.5482790" lon="-3.0932930">
    <ele>925.6</ele>
   </trkpt>
   <trkpt lat="40.5482520" lon="-3.0933840">
    <ele>925.4</ele>
   </trkpt>
   <trkpt lat="40.5482250" lon="-3.0934690">
    <ele>925.2</ele>
   </trkpt>
   <trkpt lat="40.5481990" lon="-3.0935470">
    <ele>925.0</ele>
   </trkpt>
   <trkpt lat="40.5481610" lon="-3.0936450">
    <ele>925.0</ele>
   </trkpt>
   <trkpt lat="40.5481340" lon="-3.0937260">
    <ele>924.8</ele>
   </trkpt>
   <trkpt lat="40.5481030" lon="-3.0938070">
    <ele>924.8</ele>
   </trkpt>
   <trkpt lat="40.5480730" lon="-3.0938880">
    <ele>924.6</ele>
   </trkpt>
   <trkpt lat="40.5480420" lon="-3.0939650">
    <ele>924.6</ele>
   </trkpt>
   <trkpt lat="40.5480160" lon="-3.0940360">
    <ele>924.4</ele>
   </trkpt>
   <trkpt lat="40.5479740" lon="-3.0941290">
    <ele>924.2</ele>
   </trkpt>
   <trkpt lat="40.5479350" lon="-3.0942110">
    <ele>924.2</ele>
   </trkpt>
   <trkpt lat="40.5479010" lon="-3.0942910">
    <ele>924.0</ele>
   </trkpt>
   <trkpt lat="40.5478710" lon="-3.0943630">
    <ele>923.8</ele>
   </trkpt>
   <trkpt lat="40.5478250" lon="-3.0944560">
    <ele>923.6</ele>
   </trkpt>
   <trkpt lat="40.5477830" lon="-3.0945360">
    <ele>923.4</ele>
   </trkpt>
   <trkpt lat="40.5477450" lon="-3.0946180">
    <ele>923.4</ele>
   </trkpt>
   <trkpt lat="40.5476990" lon="-3.0946980">
    <ele>923.4</ele>
   </trkpt>
   <trkpt lat="40.5476610" lon="-3.0947770">
    <ele>923.2</ele>
   </trkpt>
   <trkpt lat="40.5476150" lon="-3.0948550">
    <ele>923.2</ele>
   </trkpt>
   <trkpt lat="40.5475690" lon="-3.0949330">
    <ele>923.0</ele>
   </trkpt>
   <trkpt lat="40.5475270" lon="-3.0950090">
    <ele>923.0</ele>
   </trkpt>
   <trkpt lat="40.5474850" lon="-3.0950780">
    <ele>922.8</ele>
   </trkpt>
   <trkpt lat="40.5474280" lon="-3.0951710">
    <ele>922.6</ele>
   </trkpt>
   <trkpt lat="40.5473820" lon="-3.0952510">
    <ele>922.6</ele>
   </trkpt>
   <trkpt lat="40.5473370" lon="-3.0953270">
    <ele>922.4</ele>
   </trkpt>
   <trkpt lat="40.5473020" lon="-3.0953990">
    <ele>922.2</ele>
   </trkpt>
   <trkpt lat="40.5472490" lon="-3.0954950">
    <ele>922.2</ele>
   </trkpt>
   <trkpt lat="40.5471990" lon="-3.0955770">
    <ele>922.0</ele>
   </trkpt>
   <trkpt lat="40.5471530" lon="-3.0956590">
    <ele>922.0</ele>
   </trkpt>
   <trkpt lat="40.5471080" lon="-3.0957420">
    <ele>921.8</ele>
   </trkpt>
   <trkpt lat="40.5470620" lon="-3.0958270">
    <ele>921.6</ele>
   </trkpt>
   <trkpt lat="40.5470120" lon="-3.0959120">
    <ele>921.6</ele>
   </trkpt>
   <trkpt lat="40.5469590" lon="-3.0959970">
    <ele>921.4</ele>
   </trkpt>
   <trkpt lat="40.5469090" lon="-3.0960820">
    <ele>921.2</ele>
   </trkpt>
   <trkpt lat="40.5468640" lon="-3.0961630">
    <ele>921.2</ele>
   </trkpt>
   <trkpt lat="40.5468140" lon="-3.0962480">
    <ele>921.2</ele>
   </trkpt>
   <trkpt lat="40.5467640" lon="-3.0963340">
    <ele>921.4</ele>
   </trkpt>
   <trkpt lat="40.5467150" lon="-3.0964200">
    <ele>921.2</ele>
   </trkpt>
   <trkpt lat="40.5466610" lon="-3.0965070">
    <ele>921.2</ele>
   </trkpt>
   <trkpt lat="40.5466120" lon="-3.0965910">
    <ele>921.0</ele>
   </trkpt>
   <trkpt lat="40.5465660" lon="-3.0966670">
    <ele>921.0</ele>
   </trkpt>
   <trkpt lat="40.5465130" lon="-3.0967690">
    <ele>920.8</ele>
   </trkpt>
   <trkpt lat="40.5464670" lon="-3.0968560">
    <ele>920.6</ele>
   </trkpt>
   <trkpt lat="40.5464290" lon="-3.0969370">
    <ele>920.6</ele>
   </trkpt>
   <trkpt lat="40.5463790" lon="-3.0970450">
    <ele>920.4</ele>
   </trkpt>
   <trkpt lat="40.5463370" lon="-3.0971370">
    <ele>920.4</ele>
   </trkpt>
   <trkpt lat="40.5462910" lon="-3.0972260">
    <ele>920.2</ele>
   </trkpt>
   <trkpt lat="40.5462490" lon="-3.0973190">
    <ele>920.0</ele>
   </trkpt>
   <trkpt lat="40.5462040" lon="-3.0974150">
    <ele>919.8</ele>
   </trkpt>
   <trkpt lat="40.5461580" lon="-3.0975100">
    <ele>919.6</ele>
   </trkpt>
   <trkpt lat="40.5461160" lon="-3.0976030">
    <ele>919.6</ele>
   </trkpt>
   <trkpt lat="40.5460740" lon="-3.0976960">
    <ele>919.4</ele>
   </trkpt>
   <trkpt lat="40.5460280" lon="-3.0977850">
    <ele>919.4</ele>
   </trkpt>
   <trkpt lat="40.5459900" lon="-3.0978690">
    <ele>919.4</ele>
   </trkpt>
   <trkpt lat="40.5459400" lon="-3.0979730">
    <ele>919.4</ele>
   </trkpt>
   <trkpt lat="40.5458980" lon="-3.0980630">
    <ele>919.2</ele>
   </trkpt>
   <trkpt lat="40.5458530" lon="-3.0981540">
    <ele>919.2</ele>
   </trkpt>
   <trkpt lat="40.5458110" lon="-3.0982440">
    <ele>919.0</ele>
   </trkpt>
   <trkpt lat="40.5457690" lon="-3.0983350">
    <ele>919.0</ele>
   </trkpt>
   <trkpt lat="40.5457270" lon="-3.0984270">
    <ele>918.8</ele>
   </trkpt>
   <trkpt lat="40.5456810" lon="-3.0985190">
    <ele>918.8</ele>
   </trkpt>
   <trkpt lat="40.5456430" lon="-3.0986120">
    <ele>918.6</ele>
   </trkpt>
   <trkpt lat="40.5456010" lon="-3.0987010">
    <ele>918.6</ele>
   </trkpt>
   <trkpt lat="40.5455590" lon="-3.0987920">
    <ele>918.6</ele>
   </trkpt>
   <trkpt lat="40.5455170" lon="-3.0988840">
    <ele>918.4</ele>
   </trkpt>
   <trkpt lat="40.5454710" lon="-3.0989710">
    <ele>918.4</ele>
   </trkpt>
   <trkpt lat="40.5454370" lon="-3.0990450">
    <ele>918.4</ele>
   </trkpt>
   <trkpt lat="40.5453870" lon="-3.0991330">
    <ele>918.4</ele>
   </trkpt>
   <trkpt lat="40.5453260" lon="-3.0992210">
    <ele>918.4</ele>
   </trkpt>
   <trkpt lat="40.5452730" lon="-3.0992950">
    <ele>918.2</ele>
   </trkpt>
   <trkpt lat="40.5452120" lon="-3.0993650">
    <ele>918.2</ele>
   </trkpt>
   <trkpt lat="40.5451550" lon="-3.0994330">
    <ele>917.8</ele>
   </trkpt>
   <trkpt lat="40.5451010" lon="-3.0994980">
    <ele>917.8</ele>
   </trkpt>
   <trkpt lat="40.5450480" lon="-3.0995610">
    <ele>918.0</ele>
   </trkpt>
   <trkpt lat="40.5449980" lon="-3.0996210">
    <ele>917.8</ele>
   </trkpt>
   <trkpt lat="40.5449490" lon="-3.0996800">
    <ele>917.8</ele>
   </trkpt>
   <trkpt lat="40.5449030" lon="-3.0997390">
    <ele>917.8</ele>
   </trkpt>
   <trkpt lat="40.5448570" lon="-3.0997990">
    <ele>917.6</ele>
   </trkpt>
   <trkpt lat="40.5448040" lon="-3.0998620">
    <ele>917.4</ele>
   </trkpt>
   <trkpt lat="40.5447540" lon="-3.0999260">
    <ele>917.2</ele>
   </trkpt>
   <trkpt lat="40.5447010" lon="-3.0999930">
    <ele>917.0</ele>
   </trkpt>
   <trkpt lat="40.5446470" lon="-3.1000630">
    <ele>916.8</ele>
   </trkpt>
   <trkpt lat="40.5445980" lon="-3.1001360">
    <ele>916.6</ele>
   </trkpt>
   <trkpt lat="40.5445480" lon="-3.1002140">
    <ele>916.4</ele>
   </trkpt>
   <trkpt lat="40.5444980" lon="-3.1002940">
    <ele>916.0</ele>
   </trkpt>
   <trkpt lat="40.5444560" lon="-3.1003670">
    <ele>915.6</ele>
   </trkpt>
   <trkpt lat="40.5443990" lon="-3.1004680">
    <ele>915.2</ele>
   </trkpt>
   <trkpt lat="40.5443500" lon="-3.1005560">
    <ele>914.8</ele>
   </trkpt>
   <trkpt lat="40.5443040" lon="-3.1006460">
    <ele>914.4</ele>
   </trkpt>
   <trkpt lat="40.5442580" lon="-3.1007390">
    <ele>914.2</ele>
   </trkpt>
   <trkpt lat="40.5442090" lon="-3.1008290">
    <ele>914.0</ele>
   </trkpt>
   <trkpt lat="40.5441590" lon="-3.1009180">
    <ele>913.6</ele>
   </trkpt>
   <trkpt lat="40.5441090" lon="-3.1010050">
    <ele>913.4</ele>
   </trkpt>
   <trkpt lat="40.5440670" lon="-3.1010940">
    <ele>913.2</ele>
   </trkpt>
   <trkpt lat="40.5440250" lon="-3.1011790">
    <ele>913.0</ele>
   </trkpt>
   <trkpt lat="40.5439720" lon="-3.1012860">
    <ele>912.8</ele>
   </trkpt>
   <trkpt lat="40.5439220" lon="-3.1013810">
    <ele>912.6</ele>
   </trkpt>
   <trkpt lat="40.5438690" lon="-3.1014760">
    <ele>912.4</ele>
   </trkpt>
   <trkpt lat="40.5438160" lon="-3.1015710">
    <ele>912.2</ele>
   </trkpt>
   <trkpt lat="40.5437660" lon="-3.1016660">
    <ele>912.0</ele>
   </trkpt>
   <trkpt lat="40.5437130" lon="-3.1017690">
    <ele>911.8</ele>
   </trkpt>
   <trkpt lat="40.5436670" lon="-3.1018660">
    <ele>911.6</ele>
   </trkpt>
   <trkpt lat="40.5436130" lon="-3.1019610">
    <ele>911.4</ele>
   </trkpt>
   <trkpt lat="40.5435600" lon="-3.1020560">
    <ele>911.2</ele>
   </trkpt>
   <trkpt lat="40.5435100" lon="-3.1021490">
    <ele>911.0</ele>
   </trkpt>
   <trkpt lat="40.5434610" lon="-3.1022430">
    <ele>910.8</ele>
   </trkpt>
   <trkpt lat="40.5434150" lon="-3.1023370">
    <ele>910.8</ele>
   </trkpt>
   <trkpt lat="40.5433690" lon="-3.1024200">
    <ele>910.4</ele>
   </trkpt>
   <trkpt lat="40.5433160" lon="-3.1025220">
    <ele>910.2</ele>
   </trkpt>
   <trkpt lat="40.5432550" lon="-3.1026320">
    <ele>910.0</ele>
   </trkpt>
   <trkpt lat="40.5432010" lon="-3.1027250">
    <ele>910.0</ele>
   </trkpt>
   <trkpt lat="40.5431520" lon="-3.1028190">
    <ele>909.8</ele>
   </trkpt>
   <trkpt lat="40.5431020" lon="-3.1029110">
    <ele>909.6</ele>
   </trkpt>
   <trkpt lat="40.5430600" lon="-3.1029980">
    <ele>909.4</ele>
   </trkpt>
   <trkpt lat="40.5430030" lon="-3.1031110">
    <ele>909.2</ele>
   </trkpt>
   <trkpt lat="40.5429570" lon="-3.1032070">
    <ele>908.8</ele>
   </trkpt>
   <trkpt lat="40.5429120" lon="-3.1033070">
    <ele>908.6</ele>
   </trkpt>
   <trkpt lat="40.5428660" lon="-3.1034080">
    <ele>908.4</ele>
   </trkpt>
   <trkpt lat="40.5428280" lon="-3.1035120">
    <ele>908.2</ele>
   </trkpt>
   <trkpt lat="40.5427820" lon="-3.1036160">
    <ele>908.0</ele>
   </trkpt>
   <trkpt lat="40.5427400" lon="-3.1037200">
    <ele>907.8</ele>
   </trkpt>
   <trkpt lat="40.5426980" lon="-3.1038240">
    <ele>907.6</ele>
   </trkpt>
   <trkpt lat="40.5426560" lon="-3.1039280">
    <ele>907.4</ele>
   </trkpt>
   <trkpt lat="40.5426180" lon="-3.1040300">
    <ele>907.2</ele>
   </trkpt>
   <trkpt lat="40.5425800" lon="-3.1041310">
    <ele>907.2</ele>
   </trkpt>
   <trkpt lat="40.5425410" lon="-3.1042280">
    <ele>907.0</ele>
   </trkpt>
   <trkpt lat="40.5425030" lon="-3.1043160">
    <ele>906.6</ele>
   </trkpt>
   <trkpt lat="40.5424540" lon="-3.1044280">
    <ele>906.4</ele>
   </trkpt>
   <trkpt lat="40.5424040" lon="-3.1045190">
    <ele>906.4</ele>
   </trkpt>
   <trkpt lat="40.5423550" lon="-3.1045980">
    <ele>906.2</ele>
   </trkpt>
   <trkpt lat="40.5423010" lon="-3.1046640">
    <ele>906.0</ele>
   </trkpt>
   <trkpt lat="40.5422250" lon="-3.1047450">
    <ele>906.0</ele>
   </trkpt>
   <trkpt lat="40.5421560" lon="-3.1048100">
    <ele>906.0</ele>
   </trkpt>
   <trkpt lat="40.5420880" lon="-3.1048710">
    <ele>906.0</ele>
   </trkpt>
   <trkpt lat="40.5420190" lon="-3.1049290">
    <ele>905.8</ele>
   </trkpt>
   <trkpt lat="40.5419540" lon="-3.1049870">
    <ele>905.6</ele>
   </trkpt>
   <trkpt lat="40.5418970" lon="-3.1050420">
    <ele>905.4</ele>
   </trkpt>
   <trkpt lat="40.5418170" lon="-3.1051140">
    <ele>905.2</ele>
   </trkpt>
   <trkpt lat="40.5417480" lon="-3.1051800">
    <ele>905.0</ele>
   </trkpt>
   <trkpt lat="40.5416830" lon="-3.1052430">
    <ele>904.8</ele>
   </trkpt>
   <trkpt lat="40.5416180" lon="-3.1053090">
    <ele>904.8</ele>
   </trkpt>
   <trkpt lat="40.5415530" lon="-3.1053760">
    <ele>904.6</ele>
   </trkpt>
   <trkpt lat="40.5414890" lon="-3.1054400">
    <ele>904.4</ele>
   </trkpt>
   <trkpt lat="40.5414200" lon="-3.1055060">
    <ele>904.2</ele>
   </trkpt>
   <trkpt lat="40.5413550" lon="-3.1055710">
    <ele>904.0</ele>
   </trkpt>
   <trkpt lat="40.5412860" lon="-3.1056370">
    <ele>903.8</ele>
   </trkpt>
   <trkpt lat="40.5412180" lon="-3.1057030">
    <ele>903.6</ele>
   </trkpt>
   <trkpt lat="40.5411530" lon="-3.1057740">
    <ele>903.4</ele>
   </trkpt>
   <trkpt lat="40.5410920" lon="-3.1058430">
    <ele>903.2</ele>
   </trkpt>
   <trkpt lat="40.5410420" lon="-3.1059090">
    <ele>903.2</ele>
   </trkpt>
   <trkpt lat="40.5409740" lon="-3.1059950">
    <ele>903.2</ele>
   </trkpt>
   <trkpt lat="40.5409160" lon="-3.1060700">
    <ele>903.0</ele>
   </trkpt>
   <trkpt lat="40.5408590" lon="-3.1061460">
    <ele>903.0</ele>
   </trkpt>
   <trkpt lat="40.5408060" lon="-3.1062230">
    <ele>903.0</ele>
   </trkpt>
   <trkpt lat="40.5407520" lon="-3.1062980">
    <ele>902.8</ele>
   </trkpt>
   <trkpt lat="40.5406950" lon="-3.1063670">
    <ele>902.8</ele>
   </trkpt>
   <trkpt lat="40.5406420" lon="-3.1064330">
    <ele>902.6</ele>
   </trkpt>
   <trkpt lat="40.5405850" lon="-3.1064970">
    <ele>902.4</ele>
   </trkpt>
   <trkpt lat="40.5405240" lon="-3.1065600">
    <ele>902.2</ele>
   </trkpt>
   <trkpt lat="40.5404620" lon="-3.1066220">
    <ele>902.0</ele>
   </trkpt>
   <trkpt lat="40.5403980" lon="-3.1066810">
    <ele>901.8</ele>
   </trkpt>
   <trkpt lat="40.5403400" lon="-3.1067350">
    <ele>901.6</ele>
   </trkpt>
   <trkpt lat="40.5402870" lon="-3.1067840">
    <ele>901.4</ele>
   </trkpt>
   <trkpt lat="40.5402180" lon="-3.1068470">
    <ele>901.2</ele>
   </trkpt>
   <trkpt lat="40.5401570" lon="-3.1069040">
    <ele>901.0</ele>
   </trkpt>
   <trkpt lat="40.5401000" lon="-3.1069620">
    <ele>901.0</ele>
   </trkpt>
   <trkpt lat="40.5400430" lon="-3.1070180">
    <ele>900.8</ele>
   </trkpt>
   <trkpt lat="40.5399930" lon="-3.1070710">
    <ele>900.6</ele>
   </trkpt>
   <trkpt lat="40.5399280" lon="-3.1071410">
    <ele>900.4</ele>
   </trkpt>
   <trkpt lat="40.5398710" lon="-3.1071990">
    <ele>900.4</ele>
   </trkpt>
   <trkpt lat="40.5398140" lon="-3.1072560">
    <ele>900.2</ele>
   </trkpt>
   <trkpt lat="40.5397610" lon="-3.1073120">
    <ele>900.2</ele>
   </trkpt>
   <trkpt lat="40.5397070" lon="-3.1073710">
    <ele>900.0</ele>
   </trkpt>
   <trkpt lat="40.5396650" lon="-3.1074420">
    <ele>899.8</ele>
   </trkpt>
   <trkpt lat="40.5396350" lon="-3.1075240">
    <ele>899.8</ele>
   </trkpt>
   <trkpt lat="40.5396190" lon="-3.1076120">
    <ele>899.6</ele>
   </trkpt>
   <trkpt lat="40.5396120" lon="-3.1077030">
    <ele>899.4</ele>
   </trkpt>
   <trkpt lat="40.5396160" lon="-3.1077950">
    <ele>899.4</ele>
   </trkpt>
   <trkpt lat="40.5396310" lon="-3.1078860">
    <ele>899.6</ele>
   </trkpt>
   <trkpt lat="40.5396390" lon="-3.1079740">
    <ele>899.8</ele>
   </trkpt>
   <trkpt lat="40.5396460" lon="-3.1080550">
    <ele>900.0</ele>
   </trkpt>
   <trkpt lat="40.5396460" lon="-3.1081290">
    <ele>900.2</ele>
   </trkpt>
   <trkpt lat="40.5396420" lon="-3.1082240">
    <ele>900.4</ele>
   </trkpt>
   <trkpt lat="40.5396310" lon="-3.1083040">
    <ele>900.6</ele>
   </trkpt>
   <trkpt lat="40.5396230" lon="-3.1083820">
    <ele>900.8</ele>
   </trkpt>
   <trkpt lat="40.5396160" lon="-3.1084560">
    <ele>901.0</ele>
   </trkpt>
   <trkpt lat="40.5396080" lon="-3.1085310">
    <ele>901.2</ele>
   </trkpt>
   <trkpt lat="40.5396000" lon="-3.1086010">
    <ele>901.6</ele>
   </trkpt>
   <trkpt lat="40.5395970" lon="-3.1086680">
    <ele>901.8</ele>
   </trkpt>
   <trkpt lat="40.5395930" lon="-3.1087340">
    <ele>902.0</ele>
   </trkpt>
   <trkpt lat="40.5395850" lon="-3.1087970">
    <ele>902.4</ele>
   </trkpt>
   <trkpt lat="40.5395770" lon="-3.1088610">
    <ele>902.6</ele>
   </trkpt>
   <trkpt lat="40.5395740" lon="-3.1089220">
    <ele>902.8</ele>
   </trkpt>
   <trkpt lat="40.5395660" lon="-3.1089780">
    <ele>903.0</ele>
   </trkpt>
   <trkpt lat="40.5395620" lon="-3.1090280">
    <ele>903.2</ele>
   </trkpt>
   <trkpt lat="40.5395580" lon="-3.1090910">
    <ele>903.4</ele>
   </trkpt>
   <trkpt lat="40.5395510" lon="-3.1091610">
    <ele>903.6</ele>
   </trkpt>
   <trkpt lat="40.5395390" lon="-3.1092230">
    <ele>903.6</ele>
   </trkpt>
   <trkpt lat="40.5395320" lon="-3.1092850">
    <ele>903.8</ele>
   </trkpt>
   <trkpt lat="40.5395280" lon="-3.1093460">
    <ele>904.0</ele>
   </trkpt>
   <trkpt lat="40.5395200" lon="-3.1094090">
    <ele>904.0</ele>
   </trkpt>
   <trkpt lat="40.5395130" lon="-3.1094720">
    <ele>904.2</ele>
   </trkpt>
   <trkpt lat="40.5395050" lon="-3.1095350">
    <ele>904.2</ele>
   </trkpt>
   <trkpt lat="40.5395010" lon="-3.1095970">
    <ele>904.4</ele>
   </trkpt>
   <trkpt lat="40.5394940" lon="-3.1096590">
    <ele>904.4</ele>
   </trkpt>
   <trkpt lat="40.5394860" lon="-3.1097220">
    <ele>904.6</ele>
   </trkpt>
   <trkpt lat="40.5394780" lon="-3.1097830">
    <ele>904.6</ele>
   </trkpt>
   <trkpt lat="40.5394750" lon="-3.1098390">
    <ele>904.8</ele>
   </trkpt>
   <trkpt lat="40.5394630" lon="-3.1099130">
    <ele>905.0</ele>
   </trkpt>
   <trkpt lat="40.5394550" lon="-3.1099750">
    <ele>905.0</ele>
   </trkpt>
   <trkpt lat="40.5394480" lon="-3.1100370">
    <ele>905.2</ele>
   </trkpt>
   <trkpt lat="40.5394360" lon="-3.1100990">
    <ele>905.2</ele>
   </trkpt>
   <trkpt lat="40.5394290" lon="-3.1101590">
    <ele>905.4</ele>
   </trkpt>
   <trkpt lat="40.5394250" lon="-3.1102150">
    <ele>905.4</ele>
   </trkpt>
   <trkpt lat="40.5394130" lon="-3.1102860">
    <ele>905.6</ele>
   </trkpt>
   <trkpt lat="40.5394060" lon="-3.1103480">
    <ele>905.8</ele>
   </trkpt>
   <trkpt lat="40.5394020" lon="-3.1104050">
    <ele>906.0</ele>
   </trkpt>
   <trkpt lat="40.5393980" lon="-3.1104550">
    <ele>906.2</ele>
   </trkpt>
   <trkpt lat="40.5393980" lon="-3.1105200">
    <ele>906.4</ele>
   </trkpt>
   <trkpt lat="40.5393910" lon="-3.1105760">
    <ele>906.6</ele>
   </trkpt>
   <trkpt lat="40.5393830" lon="-3.1106300">
    <ele>906.8</ele>
   </trkpt>
   <trkpt lat="40.5393750" lon="-3.1106830">
    <ele>906.8</ele>
   </trkpt>
   <trkpt lat="40.5393680" lon="-3.1107340">
    <ele>907.0</ele>
   </trkpt>
   <trkpt lat="40.5393600" lon="-3.1107860">
    <ele>907.2</ele>
   </trkpt>
   <trkpt lat="40.5393560" lon="-3.1108350">
    <ele>907.4</ele>
   </trkpt>
   <trkpt lat="40.5393520" lon="-3.1108800">
    <ele>907.6</ele>
   </trkpt>
   <trkpt lat="40.5393450" lon="-3.1109170">
    <ele>907.8</ele>
   </trkpt>
   <trkpt lat="40.5393370" lon="-3.1109650">
    <ele>908.2</ele>
   </trkpt>
   <trkpt lat="40.5393330" lon="-3.1110030">
    <ele>908.4</ele>
   </trkpt>
   <trkpt lat="40.5393330" lon="-3.1110380">
    <ele>908.6</ele>
   </trkpt>
   <trkpt lat="40.5393260" lon="-3.1110730">
    <ele>908.8</ele>
   </trkpt>
   <trkpt lat="40.5393140" lon="-3.1111070">
    <ele>909.0</ele>
   </trkpt>
   <trkpt lat="40.5393030" lon="-3.1111410">
    <ele>909.2</ele>
   </trkpt>
   <trkpt lat="40.5392880" lon="-3.1111750">
    <ele>909.4</ele>
   </trkpt>
   <trkpt lat="40.5392680" lon="-3.1112030">
    <ele>909.6</ele>
   </trkpt>
   <trkpt lat="40.5392490" lon="-3.1112280">
    <ele>909.8</ele>
   </trkpt>
   <trkpt lat="40.5392260" lon="-3.1112590">
    <ele>910.0</ele>
   </trkpt>
   <trkpt lat="40.5392110" lon="-3.1112860">
    <ele>910.2</ele>
   </trkpt>
   <trkpt lat="40.5391920" lon="-3.1113160">
    <ele>910.4</ele>
   </trkpt>
   <trkpt lat="40.5391730" lon="-3.1113470">
    <ele>910.6</ele>
   </trkpt>
   <trkpt lat="40.5391620" lon="-3.1113820">
    <ele>910.8</ele>
   </trkpt>
   <trkpt lat="40.5391540" lon="-3.1114190">
    <ele>911.0</ele>
   </trkpt>
   <trkpt lat="40.5391500" lon="-3.1114570">
    <ele>911.2</ele>
   </trkpt>
   <trkpt lat="40.5391460" lon="-3.1114990">
    <ele>911.4</ele>
   </trkpt>
   <trkpt lat="40.5391460" lon="-3.1115370">
    <ele>911.6</ele>
   </trkpt>
   <trkpt lat="40.5391460" lon="-3.1115730">
    <ele>912.0</ele>
   </trkpt>
   <trkpt lat="40.5391460" lon="-3.1116220">
    <ele>912.2</ele>
   </trkpt>
   <trkpt lat="40.5391430" lon="-3.1116620">
    <ele>912.4</ele>
   </trkpt>
   <trkpt lat="40.5391390" lon="-3.1117000">
    <ele>912.4</ele>
   </trkpt>
   <trkpt lat="40.5391350" lon="-3.1117390">
    <ele>912.6</ele>
   </trkpt>
   <trkpt lat="40.5391310" lon="-3.1117800">
    <ele>912.8</ele>
   </trkpt>
   <trkpt lat="40.5391270" lon="-3.1118190">
    <ele>913.0</ele>
   </trkpt>
   <trkpt lat="40.5391240" lon="-3.1118510">
    <ele>913.2</ele>
   </trkpt>
   <trkpt lat="40.5391240" lon="-3.1118900">
    <ele>913.2</ele>
   </trkpt>
   <trkpt lat="40.5391160" lon="-3.1119360">
    <ele>913.4</ele>
   </trkpt>
   <trkpt lat="40.5391080" lon="-3.1119810">
    <ele>913.4</ele>
   </trkpt>
   <trkpt lat="40.5391010" lon="-3.1120250">
    <ele>913.8</ele>
   </trkpt>
   <trkpt lat="40.5390930" lon="-3.1120700">
    <ele>914.0</ele>
   </trkpt>
   <trkpt lat="40.5390890" lon="-3.1121120">
    <ele>914.2</ele>
   </trkpt>
   <trkpt lat="40.5390820" lon="-3.1121630">
    <ele>914.4</ele>
   </trkpt>
   <trkpt lat="40.5390850" lon="-3.1122060">
    <ele>914.6</ele>
   </trkpt>
   <trkpt lat="40.5390850" lon="-3.1122490">
    <ele>914.8</ele>
   </trkpt>
   <trkpt lat="40.5390890" lon="-3.1122910">
    <ele>915.0</ele>
   </trkpt>
   <trkpt lat="40.5390930" lon="-3.1123350">
    <ele>915.2</ele>
   </trkpt>
   <trkpt lat="40.5390970" lon="-3.1123790">
    <ele>915.6</ele>
   </trkpt>
   <trkpt lat="40.5390970" lon="-3.1124210">
    <ele>915.8</ele>
   </trkpt>
   <trkpt lat="40.5390930" lon="-3.1124620">
    <ele>916.0</ele>
   </trkpt>
   <trkpt lat="40.5390930" lon="-3.1125000">
    <ele>916.2</ele>
   </trkpt>
   <trkpt lat="40.5390930" lon="-3.1125390">
    <ele>916.4</ele>
   </trkpt>
   <trkpt lat="40.5390930" lon="-3.1125780">
    <ele>916.6</ele>
   </trkpt>
   <trkpt lat="40.5390970" lon="-3.1126150">
    <ele>916.8</ele>
   </trkpt>
   <trkpt lat="40.5390970" lon="-3.1126530">
    <ele>917.0</ele>
   </trkpt>
   <trkpt lat="40.5391040" lon="-3.1126900">
    <ele>917.2</ele>
   </trkpt>
   <trkpt lat="40.5391040" lon="-3.1127280">
    <ele>917.4</ele>
   </trkpt>
   <trkpt lat="40.5391080" lon="-3.1127650">
    <ele>917.6</ele>
   </trkpt>
   <trkpt lat="40.5391080" lon="-3.1128030">
    <ele>917.8</ele>
   </trkpt>
   <trkpt lat="40.5391120" lon="-3.1128380">
    <ele>918.0</ele>
   </trkpt>
   <trkpt lat="40.5391160" lon="-3.1128760">
    <ele>918.4</ele>
   </trkpt>
   <trkpt lat="40.5391200" lon="-3.1129100">
    <ele>918.6</ele>
   </trkpt>
   <trkpt lat="40.5391240" lon="-3.1129410">
    <ele>918.8</ele>
   </trkpt>
   <trkpt lat="40.5391240" lon="-3.1129730">
    <ele>919.0</ele>
   </trkpt>
   <trkpt lat="40.5391270" lon="-3.1130010">
    <ele>919.4</ele>
   </trkpt>
   <trkpt lat="40.5391310" lon="-3.1130370">
    <ele>919.6</ele>
   </trkpt>
   <trkpt lat="40.5391310" lon="-3.1130640">
    <ele>919.8</ele>
   </trkpt>
   <trkpt lat="40.5391310" lon="-3.1131020">
    <ele>920.2</ele>
   </trkpt>
   <trkpt lat="40.5391350" lon="-3.1131330">
    <ele>920.4</ele>
   </trkpt>
   <trkpt lat="40.5391350" lon="-3.1131710">
    <ele>920.6</ele>
   </trkpt>
   <trkpt lat="40.5391350" lon="-3.1132130">
    <ele>921.0</ele>
   </trkpt>
   <trkpt lat="40.5391350" lon="-3.1132480">
    <ele>921.2</ele>
   </trkpt>
   <trkpt lat="40.5391350" lon="-3.1132790">
    <ele>921.6</ele>
   </trkpt>
   <trkpt lat="40.5391270" lon="-3.1133130">
    <ele>921.8</ele>
   </trkpt>
   <trkpt lat="40.5391240" lon="-3.1133450">
    <ele>922.2</ele>
   </trkpt>
   <trkpt lat="40.5391200" lon="-3.1133820">
    <ele>922.4</ele>
   </trkpt>
   <trkpt lat="40.5391200" lon="-3.1134150">
    <ele>922.8</ele>
   </trkpt>
   <trkpt lat="40.5391160" lon="-3.1134490">
    <ele>923.0</ele>
   </trkpt>
   <trkpt lat="40.5391120" lon="-3.1134810">
    <ele>923.4</ele>
   </trkpt>
   <trkpt lat="40.5391080" lon="-3.1135090">
    <ele>923.6</ele>
   </trkpt>
   <trkpt lat="40.5391080" lon="-3.1135420">
    <ele>924.0</ele>
   </trkpt>
   <trkpt lat="40.5391040" lon="-3.1135780">
    <ele>924.2</ele>
   </trkpt>
   <trkpt lat="40.5391010" lon="-3.1136140">
    <ele>924.6</ele>
   </trkpt>
   <trkpt lat="40.5390890" lon="-3.1136490">
    <ele>924.8</ele>
   </trkpt>
   <trkpt lat="40.5390780" lon="-3.1136860">
    <ele>925.2</ele>
   </trkpt>
   <trkpt lat="40.5390620" lon="-3.1137150">
    <ele>925.4</ele>
   </trkpt>
   <trkpt lat="40.5390470" lon="-3.1137400">
    <ele>925.8</ele>
   </trkpt>
   <trkpt lat="40.5390360" lon="-3.1137720">
    <ele>926.0</ele>
   </trkpt>
   <trkpt lat="40.5390210" lon="-3.1138090">
    <ele>926.2</ele>
   </trkpt>
   <trkpt lat="40.5390090" lon="-3.1138500">
    <ele>926.4</ele>
   </trkpt>
   <trkpt lat="40.5389940" lon="-3.1138830">
    <ele>926.6</ele>
   </trkpt>
   <trkpt lat="40.5389790" lon="-3.1139140">
    <ele>926.8</ele>
   </trkpt>
   <trkpt lat="40.5389670" lon="-3.1139400">
    <ele>927.0</ele>
   </trkpt>
   <trkpt lat="40.5389480" lon="-3.1139720">
    <ele>927.2</ele>
   </trkpt>
   <trkpt lat="40.5389330" lon="-3.1140110">
    <ele>927.2</ele>
   </trkpt>
   <trkpt lat="40.5389140" lon="-3.1140450">
    <ele>927.4</ele>
   </trkpt>
   <trkpt lat="40.5388980" lon="-3.1140740">
    <ele>927.4</ele>
   </trkpt>
   <trkpt lat="40.5388870" lon="-3.1141010">
    <ele>927.6</ele>
   </trkpt>
   <trkpt lat="40.5388640" lon="-3.1141370">
    <ele>927.6</ele>
   </trkpt>
   <trkpt lat="40.5388450" lon="-3.1141670">
    <ele>927.6</ele>
   </trkpt>
   <trkpt lat="40.5388300" lon="-3.1141920">
    <ele>927.6</ele>
   </trkpt>
   <trkpt lat="40.5388030" lon="-3.1142230">
    <ele>927.6</ele>
   </trkpt>
   <trkpt lat="40.5387880" lon="-3.1142490">
    <ele>927.6</ele>
   </trkpt>
   <trkpt lat="40.5387610" lon="-3.1142820">
    <ele>927.6</ele>
   </trkpt>
   <trkpt lat="40.5387380" lon="-3.1143080">
    <ele>927.4</ele>
   </trkpt>
   <trkpt lat="40.5387080" lon="-3.1143440">
    <ele>927.4</ele>
   </trkpt>
   <trkpt lat="40.5386810" lon="-3.1143720">
    <ele>927.2</ele>
   </trkpt>
   <trkpt lat="40.5386500" lon="-3.1144060">
    <ele>927.0</ele>
   </trkpt>
   <trkpt lat="40.5386160" lon="-3.1144440">
    <ele>926.8</ele>
   </trkpt>
   <trkpt lat="40.5385780" lon="-3.1144820">
    <ele>926.6</ele>
   </trkpt>
   <trkpt lat="40.5385400" lon="-3.1145060">
    <ele>926.2</ele>
   </trkpt>
   <trkpt lat="40.5385020" lon="-3.1145150">
    <ele>925.8</ele>
   </trkpt>
   <trkpt lat="40.5384410" lon="-3.1145100">
    <ele>925.4</ele>
   </trkpt>
   <trkpt lat="40.5383910" lon="-3.1144810">
    <ele>925.0</ele>
   </trkpt>
   <trkpt lat="40.5383490" lon="-3.1144400">
    <ele>924.8</ele>
   </trkpt>
   <trkpt lat="40.5383190" lon="-3.1143950">
    <ele>925.0</ele>
   </trkpt>
   <trkpt lat="40.5383000" lon="-3.1143550">
    <ele>925.2</ele>
   </trkpt>
   <trkpt lat="40.5382770" lon="-3.1143120">
    <ele>925.4</ele>
   </trkpt>
   <trkpt lat="40.5382610" lon="-3.1142830">
    <ele>925.6</ele>
   </trkpt>
   <trkpt lat="40.5382500" lon="-3.1142610">
    <ele>925.8</ele>
   </trkpt>
   <trkpt lat="40.5382390" lon="-3.1142380">
    <ele>926.0</ele>
   </trkpt>
   <trkpt lat="40.5382270" lon="-3.1142050">
    <ele>926.4</ele>
   </trkpt>
   <trkpt lat="40.5382230" lon="-3.1141750">
    <ele>926.6</ele>
   </trkpt>
   <trkpt lat="40.5382160" lon="-3.1141470">
    <ele>926.8</ele>
   </trkpt>
   <trkpt lat="40.5382040" lon="-3.1141260">
    <ele>927.2</ele>
   </trkpt>
   <trkpt lat="40.5381930" lon="-3.1141020">
    <ele>927.4</ele>
   </trkpt>
   <trkpt lat="40.5381850" lon="-3.1140820">
    <ele>927.6</ele>
   </trkpt>
   <trkpt lat="40.5381850" lon="-3.1140610">
    <ele>927.8</ele>
   </trkpt>
   <trkpt lat="40.5381850" lon="-3.1140400">
    <ele>928.0</ele>
   </trkpt>
   <trkpt lat="40.5381810" lon="-3.1140190">
    <ele>928.2</ele>
   </trkpt>
   <trkpt lat="40.5381700" lon="-3.1140000">
    <ele>928.4</ele>
   </trkpt>
   <trkpt lat="40.5381580" lon="-3.1139840">
    <ele>928.6</ele>
   </trkpt>
   <trkpt lat="40.5381470" lon="-3.1139720">
    <ele>928.8</ele>
   </trkpt>
   <trkpt lat="40.5381350" lon="-3.1139580">
    <ele>928.8</ele>
   </trkpt>
   <trkpt lat="40.5381280" lon="-3.1139480">
    <ele>929.0</ele>
   </trkpt>
   <trkpt lat="40.5381200" lon="-3.1139340">
    <ele>929.2</ele>
   </trkpt>
   <trkpt lat="40.5381130" lon="-3.1139140">
    <ele>929.4</ele>
   </trkpt>
   <trkpt lat="40.5381090" lon="-3.1138920">
    <ele>929.4</ele>
   </trkpt>
   <trkpt lat="40.5381050" lon="-3.1138710">
    <ele>929.6</ele>
   </trkpt>
   <trkpt lat="40.5380970" lon="-3.1138500">
    <ele>929.8</ele>
   </trkpt>
   <trkpt lat="40.5380900" lon="-3.1138270">
    <ele>930.0</ele>
   </trkpt>
   <trkpt lat="40.5380820" lon="-3.1138030">
    <ele>930.2</ele>
   </trkpt>
   <trkpt lat="40.5380740" lon="-3.1137780">
    <ele>930.4</ele>
   </trkpt>
   <trkpt lat="40.5380630" lon="-3.1137560">
    <ele>930.6</ele>
   </trkpt>
   <trkpt lat="40.5380480" lon="-3.1137380">
    <ele>930.8</ele>
   </trkpt>
   <trkpt lat="40.5380400" lon="-3.1137200">
    <ele>931.0</ele>
   </trkpt>
   <trkpt lat="40.5380320" lon="-3.1137020">
    <ele>931.4</ele>
   </trkpt>
   <trkpt lat="40.5380250" lon="-3.1136780">
    <ele>931.6</ele>
   </trkpt>
   <trkpt lat="40.5380130" lon="-3.1136540">
    <ele>931.8</ele>
   </trkpt>
   <trkpt lat="40.5380020" lon="-3.1136250">
    <ele>932.0</ele>
   </trkpt>
   <trkpt lat="40.5379940" lon="-3.1135990">
    <ele>932.4</ele>
   </trkpt>
   <trkpt lat="40.5379830" lon="-3.1135700">
    <ele>932.6</ele>
   </trkpt>
   <trkpt lat="40.5379750" lon="-3.1135380">
    <ele>932.8</ele>
   </trkpt>
   <trkpt lat="40.5379680" lon="-3.1135060">
    <ele>933.0</ele>
   </trkpt>
   <trkpt lat="40.5379560" lon="-3.1134740">
    <ele>933.2</ele>
   </trkpt>
   <trkpt lat="40.5379410" lon="-3.1134450">
    <ele>933.4</ele>
   </trkpt>
   <trkpt lat="40.5379300" lon="-3.1134200">
    <ele>933.6</ele>
   </trkpt>
   <trkpt lat="40.5379100" lon="-3.1133980">
    <ele>933.8</ele>
   </trkpt>
   <trkpt lat="40.5378910" lon="-3.1133800">
    <ele>933.8</ele>
   </trkpt>
   <trkpt lat="40.5378650" lon="-3.1133680">
    <ele>934.0</ele>
   </trkpt>
   <trkpt lat="40.5378380" lon="-3.1133630">
    <ele>934.2</ele>
   </trkpt>
   <trkpt lat="40.5378110" lon="-3.1133640">
    <ele>934.2</ele>
   </trkpt>
   <trkpt lat="40.5377850" lon="-3.1133700">
    <ele>934.4</ele>
   </trkpt>
   <trkpt lat="40.5377540" lon="-3.1133760">
    <ele>934.4</ele>
   </trkpt>
   <trkpt lat="40.5377240" lon="-3.1133780">
    <ele>934.4</ele>
   </trkpt>
   <trkpt lat="40.5376970" lon="-3.1133740">
    <ele>934.6</ele>
   </trkpt>
   <trkpt lat="40.5376740" lon="-3.1133600">
    <ele>934.6</ele>
   </trkpt>
   <trkpt lat="40.5376470" lon="-3.1133380">
    <ele>934.6</ele>
   </trkpt>
   <trkpt lat="40.5376240" lon="-3.1133170">
    <ele>934.8</ele>
   </trkpt>
   <trkpt lat="40.5375980" lon="-3.1132920">
    <ele>934.8</ele>
   </trkpt>
   <trkpt lat="40.5375790" lon="-3.1132660">
    <ele>935.0</ele>
   </trkpt>
   <trkpt lat="40.5375560" lon="-3.1132360">
    <ele>935.0</ele>
   </trkpt>
   <trkpt lat="40.5375330" lon="-3.1132100">
    <ele>935.2</ele>
   </trkpt>
   <trkpt lat="40.5375140" lon="-3.1131860">
    <ele>935.4</ele>
   </trkpt>
   <trkpt lat="40.5374980" lon="-3.1131610">
    <ele>935.6</ele>
   </trkpt>
   <trkpt lat="40.5374830" lon="-3.1131410">
    <ele>935.8</ele>
   </trkpt>
   <trkpt lat="40.5374600" lon="-3.1131160">
    <ele>935.8</ele>
   </trkpt>
   <trkpt lat="40.5374410" lon="-3.1130930">
    <ele>936.0</ele>
   </trkpt>
   <trkpt lat="40.5374260" lon="-3.1130700">
    <ele>936.2</ele>
   </trkpt>
   <trkpt lat="40.5374110" lon="-3.1130440">
    <ele>936.2</ele>
   </trkpt>
   <trkpt lat="40.5373920" lon="-3.1130180">
    <ele>936.2</ele>
   </trkpt>
   <trkpt lat="40.5373840" lon="-3.1129910">
    <ele>936.4</ele>
   </trkpt>
   <trkpt lat="40.5373800" lon="-3.1129630">
    <ele>936.4</ele>
   </trkpt>
   <trkpt lat="40.5373730" lon="-3.1129310">
    <ele>936.4</ele>
   </trkpt>
   <trkpt lat="40.5373650" lon="-3.1128960">
    <ele>936.4</ele>
   </trkpt>
   <trkpt lat="40.5373610" lon="-3.1128570">
    <ele>936.4</ele>
   </trkpt>
   <trkpt lat="40.5373610" lon="-3.1128180">
    <ele>936.4</ele>
   </trkpt>
   <trkpt lat="40.5373610" lon="-3.1127770">
    <ele>936.2</ele>
   </trkpt>
   <trkpt lat="40.5373610" lon="-3.1127390">
    <ele>936.2</ele>
   </trkpt>
   <trkpt lat="40.5373650" lon="-3.1126950">
    <ele>936.2</ele>
   </trkpt>
   <trkpt lat="40.5373650" lon="-3.1126680">
    <ele>936.2</ele>
   </trkpt>
   <trkpt lat="40.5373690" lon="-3.1126600">
    <ele>936.2</ele>
   </trkpt>
   <trkpt lat="40.5373610" lon="-3.1126600">
    <ele>936.2</ele>
   </trkpt>
   <trkpt lat="40.5373420" lon="-3.1126630">
    <ele>936.0</ele>
   </trkpt>
   <trkpt lat="40.5373150" lon="-3.1126720">
    <ele>936.0</ele>
   </trkpt>
   <trkpt lat="40.5372890" lon="-3.1126800">
    <ele>936.0</ele>
   </trkpt>
   <trkpt lat="40.5372620" lon="-3.1126860">
    <ele>936.0</ele>
   </trkpt>
   <trkpt lat="40.5372350" lon="-3.1126920">
    <ele>936.0</ele>
   </trkpt>
   <trkpt lat="40.5372120" lon="-3.1126950">
    <ele>936.0</ele>
   </trkpt>
   <trkpt lat="40.5371820" lon="-3.1126920">
    <ele>936.0</ele>
   </trkpt>
   <trkpt lat="40.5371510" lon="-3.1126870">
    <ele>936.0</ele>
   </trkpt>
   <trkpt lat="40.5371250" lon="-3.1126830">
    <ele>935.8</ele>
   </trkpt>
   <trkpt lat="40.5370980" lon="-3.1126810">
    <ele>935.8</ele>
   </trkpt>
   <trkpt lat="40.5370670" lon="-3.1126800">
    <ele>935.8</ele>
   </trkpt>
   <trkpt lat="40.5370370" lon="-3.1126780">
    <ele>935.8</ele>
   </trkpt>
   <trkpt lat="40.5370060" lon="-3.1126740">
    <ele>935.6</ele>
   </trkpt>
   <trkpt lat="40.5369800" lon="-3.1126710">
    <ele>935.6</ele>
   </trkpt>
   <trkpt lat="40.5369570" lon="-3.1126680">
    <ele>935.6</ele>
   </trkpt>
   <trkpt lat="40.5369300" lon="-3.1126690">
    <ele>935.6</ele>
   </trkpt>
   <trkpt lat="40.5369110" lon="-3.1126740">
    <ele>935.4</ele>
   </trkpt>
   <trkpt lat="40.5369030" lon="-3.1126770">
    <ele>935.4</ele>
   </trkpt>
   <trkpt lat="40.5369030" lon="-3.1126770">
    <ele>935.4</ele>
   </trkpt>
   <trkpt lat="40.5369030" lon="-3.1126770">
    <ele>935.4</ele>
   </trkpt>
   <trkpt lat="40.5369030" lon="-3.1126770">
    <ele>935.4</ele>
   </trkpt>
   <trkpt lat="40.5369030" lon="-3.1126770">
    <ele>935.4</ele>
   </trkpt>
   <trkpt lat="40.5369030" lon="-3.1126770">
    <ele>935.4</ele>
   </trkpt>
   <trkpt lat="40.5370220" lon="-3.1126680">
    <ele>935.4</ele>
   </trkpt>
   <trkpt lat="40.5370480" lon="-3.1126720">
    <ele>935.4</ele>
   </trkpt>
   <trkpt lat="40.5370710" lon="-3.1126720">
    <ele>935.4</ele>
   </trkpt>
   <trkpt lat="40.5370940" lon="-3.1126740">
    <ele>935.4</ele>
   </trkpt>
   <trkpt lat="40.5371170" lon="-3.1126770">
    <ele>935.4</ele>
   </trkpt>
   <trkpt lat="40.5371440" lon="-3.1126800">
    <ele>935.4</ele>
   </trkpt>
   <trkpt lat="40.5371700" lon="-3.1126830">
    <ele>935.4</ele>
   </trkpt>
   <trkpt lat="40.5371970" lon="-3.1126900">
    <ele>935.4</ele>
   </trkpt>
   <trkpt lat="40.5372240" lon="-3.1127000">
    <ele>935.4</ele>
   </trkpt>
   <trkpt lat="40.5372510" lon="-3.1127200">
    <ele>935.6</ele>
   </trkpt>
   <trkpt lat="40.5372700" lon="-3.1127440">
    <ele>935.6</ele>
   </trkpt>
   <trkpt lat="40.5372890" lon="-3.1127730">
    <ele>935.6</ele>
   </trkpt>
   <trkpt lat="40.5373040" lon="-3.1128060">
    <ele>935.8</ele>
   </trkpt>
   <trkpt lat="40.5373230" lon="-3.1128440">
    <ele>935.8</ele>
   </trkpt>
   <trkpt lat="40.5373340" lon="-3.1128840">
    <ele>935.8</ele>
   </trkpt>
   <trkpt lat="40.5373460" lon="-3.1129250">
    <ele>935.8</ele>
   </trkpt>
   <trkpt lat="40.5373570" lon="-3.1129650">
    <ele>935.8</ele>
   </trkpt>
   <trkpt lat="40.5373730" lon="-3.1130030">
    <ele>935.8</ele>
   </trkpt>
   <trkpt lat="40.5373950" lon="-3.1130410">
    <ele>935.6</ele>
   </trkpt>
   <trkpt lat="40.5374180" lon="-3.1130760">
    <ele>935.6</ele>
   </trkpt>
   <trkpt lat="40.5374450" lon="-3.1131040">
    <ele>935.6</ele>
   </trkpt>
   <trkpt lat="40.5374720" lon="-3.1131370">
    <ele>935.6</ele>
   </trkpt>
   <trkpt lat="40.5375100" lon="-3.1131760">
    <ele>935.4</ele>
   </trkpt>
   <trkpt lat="40.5375440" lon="-3.1132140">
    <ele>935.2</ele>
   </trkpt>
   <trkpt lat="40.5375790" lon="-3.1132530">
    <ele>934.8</ele>
   </trkpt>
   <trkpt lat="40.5376090" lon="-3.1132890">
    <ele>934.6</ele>
   </trkpt>
   <trkpt lat="40.5376550" lon="-3.1133310">
    <ele>934.4</ele>
   </trkpt>
   <trkpt lat="40.5377010" lon="-3.1133650">
    <ele>934.2</ele>
   </trkpt>
   <trkpt lat="40.5377390" lon="-3.1133780">
    <ele>934.0</ele>
   </trkpt>
   <trkpt lat="40.5377850" lon="-3.1133780">
    <ele>933.8</ele>
   </trkpt>
   <trkpt lat="40.5378270" lon="-3.1133750">
    <ele>933.6</ele>
   </trkpt>
   <trkpt lat="40.5378680" lon="-3.1133770">
    <ele>933.6</ele>
   </trkpt>
   <trkpt lat="40.5379070" lon="-3.1133900">
    <ele>933.4</ele>
   </trkpt>
   <trkpt lat="40.5379450" lon="-3.1134150">
    <ele>933.2</ele>
   </trkpt>
   <trkpt lat="40.5379790" lon="-3.1134490">
    <ele>933.0</ele>
   </trkpt>
   <trkpt lat="40.5380170" lon="-3.1135020">
    <ele>933.0</ele>
   </trkpt>
   <trkpt lat="40.5380320" lon="-3.1135560">
    <ele>932.8</ele>
   </trkpt>
   <trkpt lat="40.5380400" lon="-3.1136110">
    <ele>932.6</ele>
   </trkpt>
   <trkpt lat="40.5380520" lon="-3.1136600">
    <ele>932.2</ele>
   </trkpt>
   <trkpt lat="40.5380630" lon="-3.1137050">
    <ele>932.0</ele>
   </trkpt>
   <trkpt lat="40.5380780" lon="-3.1137500">
    <ele>931.6</ele>
   </trkpt>
   <trkpt lat="40.5380940" lon="-3.1137950">
    <ele>931.0</ele>
   </trkpt>
   <trkpt lat="40.5381160" lon="-3.1138410">
    <ele>930.6</ele>
   </trkpt>
   <trkpt lat="40.5381430" lon="-3.1138910">
    <ele>930.0</ele>
   </trkpt>
   <trkpt lat="40.5381700" lon="-3.1139420">
    <ele>929.4</ele>
   </trkpt>
   <trkpt lat="40.5382040" lon="-3.1139930">
    <ele>928.8</ele>
   </trkpt>
   <trkpt lat="40.5382350" lon="-3.1140510">
    <ele>928.2</ele>
   </trkpt>
   <trkpt lat="40.5382650" lon="-3.1141200">
    <ele>927.6</ele>
   </trkpt>
   <trkpt lat="40.5382960" lon="-3.1141960">
    <ele>926.8</ele>
   </trkpt>
   <trkpt lat="40.5383260" lon="-3.1142760">
    <ele>926.4</ele>
   </trkpt>
   <trkpt lat="40.5383490" lon="-3.1143520">
    <ele>925.8</ele>
   </trkpt>
   <trkpt lat="40.5383760" lon="-3.1144130">
    <ele>925.4</ele>
   </trkpt>
   <trkpt lat="40.5384060" lon="-3.1144660">
    <ele>925.0</ele>
   </trkpt>
   <trkpt lat="40.5384410" lon="-3.1145190">
    <ele>925.0</ele>
   </trkpt>
   <trkpt lat="40.5384710" lon="-3.1145580">
    <ele>925.0</ele>
   </trkpt>
   <trkpt lat="40.5385090" lon="-3.1145650">
    <ele>925.2</ele>
   </trkpt>
   <trkpt lat="40.5385440" lon="-3.1145450">
    <ele>925.2</ele>
   </trkpt>
   <trkpt lat="40.5385670" lon="-3.1145130">
    <ele>925.4</ele>
   </trkpt>
   <trkpt lat="40.5385930" lon="-3.1144820">
    <ele>925.6</ele>
   </trkpt>
   <trkpt lat="40.5386200" lon="-3.1144520">
    <ele>925.8</ele>
   </trkpt>
   <trkpt lat="40.5386500" lon="-3.1144250">
    <ele>926.0</ele>
   </trkpt>
   <trkpt lat="40.5386730" lon="-3.1143930">
    <ele>926.2</ele>
   </trkpt>
   <trkpt lat="40.5387000" lon="-3.1143600">
    <ele>926.4</ele>
   </trkpt>
   <trkpt lat="40.5387340" lon="-3.1143120">
    <ele>926.6</ele>
   </trkpt>
   <trkpt lat="40.5387650" lon="-3.1142690">
    <ele>926.8</ele>
   </trkpt>
   <trkpt lat="40.5387920" lon="-3.1142270">
    <ele>926.8</ele>
   </trkpt>
   <trkpt lat="40.5388180" lon="-3.1141880">
    <ele>927.0</ele>
   </trkpt>
   <trkpt lat="40.5388410" lon="-3.1141470">
    <ele>927.2</ele>
   </trkpt>
   <trkpt lat="40.5388680" lon="-3.1141020">
    <ele>927.2</ele>
   </trkpt>
   <trkpt lat="40.5388950" lon="-3.1140580">
    <ele>927.2</ele>
   </trkpt>
   <trkpt lat="40.5389210" lon="-3.1140130">
    <ele>927.2</ele>
   </trkpt>
   <trkpt lat="40.5389440" lon="-3.1139640">
    <ele>927.2</ele>
   </trkpt>
   <trkpt lat="40.5389670" lon="-3.1139060">
    <ele>927.0</ele>
   </trkpt>
   <trkpt lat="40.5389900" lon="-3.1138470">
    <ele>926.8</ele>
   </trkpt>
   <trkpt lat="40.5390090" lon="-3.1137850">
    <ele>926.6</ele>
   </trkpt>
   <trkpt lat="40.5390320" lon="-3.1137170">
    <ele>926.2</ele>
   </trkpt>
   <trkpt lat="40.5390550" lon="-3.1136440">
    <ele>925.8</ele>
   </trkpt>
   <trkpt lat="40.5390780" lon="-3.1135630">
    <ele>925.2</ele>
   </trkpt>
   <trkpt lat="40.5390970" lon="-3.1134730">
    <ele>924.4</ele>
   </trkpt>
   <trkpt lat="40.5391160" lon="-3.1133730">
    <ele>923.4</ele>
   </trkpt>
   <trkpt lat="40.5391240" lon="-3.1132620">
    <ele>922.4</ele>
   </trkpt>
   <trkpt lat="40.5391270" lon="-3.1131410">
    <ele>921.2</ele>
   </trkpt>
   <trkpt lat="40.5391200" lon="-3.1130120">
    <ele>920.2</ele>
   </trkpt>
   <trkpt lat="40.5391040" lon="-3.1128760">
    <ele>919.0</ele>
   </trkpt>
   <trkpt lat="40.5390820" lon="-3.1127450">
    <ele>918.0</ele>
   </trkpt>
   <trkpt lat="40.5390660" lon="-3.1126200">
    <ele>916.8</ele>
   </trkpt>
   <trkpt lat="40.5390590" lon="-3.1124540">
    <ele>916.0</ele>
   </trkpt>
   <trkpt lat="40.5390550" lon="-3.1123080">
    <ele>915.2</ele>
   </trkpt>
   <trkpt lat="40.5390620" lon="-3.1121640">
    <ele>914.2</ele>
   </trkpt>
   <trkpt lat="40.5390740" lon="-3.1120220">
    <ele>913.8</ele>
   </trkpt>
   <trkpt lat="40.5390850" lon="-3.1118870">
    <ele>913.2</ele>
   </trkpt>
   <trkpt lat="40.5391010" lon="-3.1117640">
    <ele>912.8</ele>
   </trkpt>
   <trkpt lat="40.5391160" lon="-3.1116560">
    <ele>912.4</ele>
   </trkpt>
   <trkpt lat="40.5391270" lon="-3.1115570">
    <ele>912.2</ele>
   </trkpt>
   <trkpt lat="40.5391390" lon="-3.1114550">
    <ele>911.6</ele>
   </trkpt>
   <trkpt lat="40.5391500" lon="-3.1113610">
    <ele>911.0</ele>
   </trkpt>
   <trkpt lat="40.5391810" lon="-3.1112710">
    <ele>910.4</ele>
   </trkpt>
   <trkpt lat="40.5392230" lon="-3.1111870">
    <ele>910.0</ele>
   </trkpt>
   <trkpt lat="40.5392650" lon="-3.1111030">
    <ele>909.4</ele>
   </trkpt>
   <trkpt lat="40.5393030" lon="-3.1110110">
    <ele>908.8</ele>
   </trkpt>
   <trkpt lat="40.5393260" lon="-3.1109070">
    <ele>908.2</ele>
   </trkpt>
   <trkpt lat="40.5393450" lon="-3.1107960">
    <ele>907.6</ele>
   </trkpt>
   <trkpt lat="40.5393600" lon="-3.1106820">
    <ele>907.2</ele>
   </trkpt>
   <trkpt lat="40.5393750" lon="-3.1105690">
    <ele>906.6</ele>
   </trkpt>
   <trkpt lat="40.5393910" lon="-3.1104560">
    <ele>906.2</ele>
   </trkpt>
   <trkpt lat="40.5394020" lon="-3.1103430">
    <ele>905.8</ele>
   </trkpt>
   <trkpt lat="40.5394130" lon="-3.1102290">
    <ele>905.6</ele>
   </trkpt>
   <trkpt lat="40.5394250" lon="-3.1101160">
    <ele>905.2</ele>
   </trkpt>
   <trkpt lat="40.5394360" lon="-3.1100050">
    <ele>904.8</ele>
   </trkpt>
   <trkpt lat="40.5394550" lon="-3.1098930">
    <ele>904.6</ele>
   </trkpt>
   <trkpt lat="40.5394710" lon="-3.1097790">
    <ele>904.4</ele>
   </trkpt>
   <trkpt lat="40.5394860" lon="-3.1096660">
    <ele>904.0</ele>
   </trkpt>
   <trkpt lat="40.5394970" lon="-3.1095530">
    <ele>903.8</ele>
   </trkpt>
   <trkpt lat="40.5395090" lon="-3.1094440">
    <ele>903.6</ele>
   </trkpt>
   <trkpt lat="40.5395200" lon="-3.1093370">
    <ele>903.2</ele>
   </trkpt>
   <trkpt lat="40.5395320" lon="-3.1092300">
    <ele>903.0</ele>
   </trkpt>
   <trkpt lat="40.5395430" lon="-3.1091250">
    <ele>902.8</ele>
   </trkpt>
   <trkpt lat="40.5395580" lon="-3.1090230">
    <ele>902.6</ele>
   </trkpt>
   <trkpt lat="40.5395660" lon="-3.1089240">
    <ele>902.6</ele>
   </trkpt>
   <trkpt lat="40.5395740" lon="-3.1088240">
    <ele>902.4</ele>
   </trkpt>
   <trkpt lat="40.5395810" lon="-3.1087230">
    <ele>902.0</ele>
   </trkpt>
   <trkpt lat="40.5395930" lon="-3.1086210">
    <ele>901.8</ele>
   </trkpt>
   <trkpt lat="40.5396080" lon="-3.1085200">
    <ele>901.6</ele>
   </trkpt>
   <trkpt lat="40.5396160" lon="-3.1084210">
    <ele>901.4</ele>
   </trkpt>
   <trkpt lat="40.5396270" lon="-3.1083210">
    <ele>901.2</ele>
   </trkpt>
   <trkpt lat="40.5396390" lon="-3.1082240">
    <ele>901.2</ele>
   </trkpt>
   <trkpt lat="40.5396460" lon="-3.1081440">
    <ele>901.2</ele>
   </trkpt>
   <trkpt lat="40.5396500" lon="-3.1080870">
    <ele>901.4</ele>
   </trkpt>
   <trkpt lat="40.5396540" lon="-3.1080530">
    <ele>901.4</ele>
   </trkpt>
   <trkpt lat="40.5396540" lon="-3.1080420">
    <ele>901.4</ele>
   </trkpt>
   <trkpt lat="40.5396540" lon="-3.1080140">
    <ele>901.6</ele>
   </trkpt>
   <trkpt lat="40.5396580" lon="-3.1079850">
    <ele>901.6</ele>
   </trkpt>
   <trkpt lat="40.5396650" lon="-3.1079490">
    <ele>901.4</ele>
   </trkpt>
   <trkpt lat="40.5396650" lon="-3.1079060">
    <ele>901.4</ele>
   </trkpt>
   <trkpt lat="40.5396580" lon="-3.1078600">
    <ele>901.2</ele>
   </trkpt>
   <trkpt lat="40.5396350" lon="-3.1078130">
    <ele>901.0</ele>
   </trkpt>
   <trkpt lat="40.5396080" lon="-3.1077680">
    <ele>901.0</ele>
   </trkpt>
   <trkpt lat="40.5395660" lon="-3.1077360">
    <ele>900.8</ele>
   </trkpt>
   <trkpt lat="40.5395200" lon="-3.1077190">
    <ele>900.8</ele>
   </trkpt>
   <trkpt lat="40.5394710" lon="-3.1077050">
    <ele>900.8</ele>
   </trkpt>
   <trkpt lat="40.5394290" lon="-3.1076810">
    <ele>900.6</ele>
   </trkpt>
   <trkpt lat="40.5393980" lon="-3.1076440">
    <ele>900.6</ele>
   </trkpt>
   <trkpt lat="40.5393830" lon="-3.1075940">
    <ele>900.4</ele>
   </trkpt>
   <trkpt lat="40.5393910" lon="-3.1075400">
    <ele>900.4</ele>
   </trkpt>
   <trkpt lat="40.5394170" lon="-3.1074910">
    <ele>900.4</ele>
   </trkpt>
   <trkpt lat="40.5394550" lon="-3.1074500">
    <ele>900.4</ele>
   </trkpt>
   <trkpt lat="40.5394970" lon="-3.1074130">
    <ele>900.4</ele>
   </trkpt>
   <trkpt lat="40.5395360" lon="-3.1073770">
    <ele>900.4</ele>
   </trkpt>
   <trkpt lat="40.5395810" lon="-3.1073420">
    <ele>900.4</ele>
   </trkpt>
   <trkpt lat="40.5396230" lon="-3.1073040">
    <ele>900.6</ele>
   </trkpt>
   <trkpt lat="40.5396690" lon="-3.1072660">
    <ele>900.6</ele>
   </trkpt>
   <trkpt lat="40.5397070" lon="-3.1072280">
    <ele>900.6</ele>
   </trkpt>
   <trkpt lat="40.5397490" lon="-3.1071890">
    <ele>900.8</ele>
   </trkpt>
   <trkpt lat="40.5397910" lon="-3.1071470">
    <ele>900.8</ele>
   </trkpt>
   <trkpt lat="40.5398370" lon="-3.1071060">
    <ele>901.0</ele>
   </trkpt>
   <trkpt lat="40.5398830" lon="-3.1070660">
    <ele>901.0</ele>
   </trkpt>
   <trkpt lat="40.5399210" lon="-3.1070270">
    <ele>901.0</ele>
   </trkpt>
   <trkpt lat="40.5399670" lon="-3.1069900">
    <ele>901.2</ele>
   </trkpt>
   <trkpt lat="40.5400120" lon="-3.1069530">
    <ele>901.2</ele>
   </trkpt>
   <trkpt lat="40.5400540" lon="-3.1069170">
    <ele>901.2</ele>
   </trkpt>
   <trkpt lat="40.5400960" lon="-3.1068810">
    <ele>901.4</ele>
   </trkpt>
   <trkpt lat="40.5401380" lon="-3.1068450">
    <ele>901.6</ele>
   </trkpt>
   <trkpt lat="40.5401760" lon="-3.1068070">
    <ele>901.6</ele>
   </trkpt>
   <trkpt lat="40.5402180" lon="-3.1067710">
    <ele>901.8</ele>
   </trkpt>
   <trkpt lat="40.5402560" lon="-3.1067330">
    <ele>901.8</ele>
   </trkpt>
   <trkpt lat="40.5402950" lon="-3.1066970">
    <ele>902.0</ele>
   </trkpt>
   <trkpt lat="40.5403330" lon="-3.1066600">
    <ele>902.2</ele>
   </trkpt>
   <trkpt lat="40.5403710" lon="-3.1066230">
    <ele>902.2</ele>
   </trkpt>
   <trkpt lat="40.5404090" lon="-3.1065860">
    <ele>902.4</ele>
   </trkpt>
   <trkpt lat="40.5404510" lon="-3.1065480">
    <ele>902.6</ele>
   </trkpt>
   <trkpt lat="40.5404890" lon="-3.1065090">
    <ele>902.6</ele>
   </trkpt>
   <trkpt lat="40.5405270" lon="-3.1064690">
    <ele>902.6</ele>
   </trkpt>
   <trkpt lat="40.5405650" lon="-3.1064270">
    <ele>902.8</ele>
   </trkpt>
   <trkpt lat="40.5406040" lon="-3.1063860">
    <ele>902.8</ele>
   </trkpt>
   <trkpt lat="40.5406420" lon="-3.1063440">
    <ele>902.8</ele>
   </trkpt>
   <trkpt lat="40.5406800" lon="-3.1063000">
    <ele>903.0</ele>
   </trkpt>
   <trkpt lat="40.5407140" lon="-3.1062540">
    <ele>903.0</ele>
   </trkpt>
   <trkpt lat="40.5407520" lon="-3.1062080">
    <ele>903.2</ele>
   </trkpt>
   <trkpt lat="40.5407870" lon="-3.1061630">
    <ele>903.4</ele>
   </trkpt>
   <trkpt lat="40.5408210" lon="-3.1061170">
    <ele>903.4</ele>
   </trkpt>
   <trkpt lat="40.5408550" lon="-3.1060690">
    <ele>903.6</ele>
   </trkpt>
   <trkpt lat="40.5408900" lon="-3.1060220">
    <ele>903.6</ele>
   </trkpt>
   <trkpt lat="40.5409200" lon="-3.1059740">
    <ele>903.8</ele>
   </trkpt>
   <trkpt lat="40.5409510" lon="-3.1059270">
    <ele>903.8</ele>
   </trkpt>
   <trkpt lat="40.5409810" lon="-3.1058810">
    <ele>904.0</ele>
   </trkpt>
   <trkpt lat="40.5410190" lon="-3.1058350">
    <ele>904.2</ele>
   </trkpt>
   <trkpt lat="40.5410540" lon="-3.1057900">
    <ele>904.2</ele>
   </trkpt>
   <trkpt lat="40.5410880" lon="-3.1057470">
    <ele>904.4</ele>
   </trkpt>
   <trkpt lat="40.5411260" lon="-3.1057060">
    <ele>904.6</ele>
   </trkpt>
   <trkpt lat="40.5411640" lon="-3.1056630">
    <ele>904.6</ele>
   </trkpt>
   <trkpt lat="40.5411990" lon="-3.1056200">
    <ele>904.8</ele>
   </trkpt>
   <trkpt lat="40.5412370" lon="-3.1055800">
    <ele>904.8</ele>
   </trkpt>
   <trkpt lat="40.5412790" lon="-3.1055410">
    <ele>904.8</ele>
   </trkpt>
   <trkpt lat="40.5413170" lon="-3.1055010">
    <ele>905.0</ele>
   </trkpt>
   <trkpt lat="40.5413590" lon="-3.1054630">
    <ele>905.0</ele>
   </trkpt>
   <trkpt lat="40.5413970" lon="-3.1054230">
    <ele>905.2</ele>
   </trkpt>
   <trkpt lat="40.5414390" lon="-3.1053850">
    <ele>905.4</ele>
   </trkpt>
   <trkpt lat="40.5414770" lon="-3.1053460">
    <ele>905.4</ele>
   </trkpt>
   <trkpt lat="40.5415150" lon="-3.1053070">
    <ele>905.6</ele>
   </trkpt>
   <trkpt lat="40.5415570" lon="-3.1052680">
    <ele>905.6</ele>
   </trkpt>
   <trkpt lat="40.5415950" lon="-3.1052280">
    <ele>905.8</ele>
   </trkpt>
   <trkpt lat="40.5416370" lon="-3.1051900">
    <ele>906.0</ele>
   </trkpt>
   <trkpt lat="40.5416760" lon="-3.1051530">
    <ele>906.0</ele>
   </trkpt>
   <trkpt lat="40.5417180" lon="-3.1051150">
    <ele>906.2</ele>
   </trkpt>
   <trkpt lat="40.5417560" lon="-3.1050760">
    <ele>906.2</ele>
   </trkpt>
   <trkpt lat="40.5417980" lon="-3.1050360">
    <ele>906.2</ele>
   </trkpt>
   <trkpt lat="40.5418360" lon="-3.1049960">
    <ele>906.4</ele>
   </trkpt>
   <trkpt lat="40.5418780" lon="-3.1049570">
    <ele>906.4</ele>
   </trkpt>
   <trkpt lat="40.5419200" lon="-3.1049180">
    <ele>906.4</ele>
   </trkpt>
   <trkpt lat="40.5419620" lon="-3.1048800">
    <ele>906.6</ele>
   </trkpt>
   <trkpt lat="40.5420040" lon="-3.1048410">
    <ele>906.8</ele>
   </trkpt>
   <trkpt lat="40.5420420" lon="-3.1048040">
    <ele>907.0</ele>
   </trkpt>
   <trkpt lat="40.5420840" lon="-3.1047680">
    <ele>907.0</ele>
   </trkpt>
   <trkpt lat="40.5421180" lon="-3.1047340">
    <ele>907.2</ele>
   </trkpt>
   <trkpt lat="40.5421640" lon="-3.1046900">
    <ele>907.2</ele>
   </trkpt>
   <trkpt lat="40.5422020" lon="-3.1046520">
    <ele>907.2</ele>
   </trkpt>
   <trkpt lat="40.5422400" lon="-3.1046120">
    <ele>907.4</ele>
   </trkpt>
   <trkpt lat="40.5422820" lon="-3.1045690">
    <ele>907.4</ele>
   </trkpt>
   <trkpt lat="40.5423160" lon="-3.1045270">
    <ele>907.4</ele>
   </trkpt>
   <trkpt lat="40.5423510" lon="-3.1044810">
    <ele>907.4</ele>
   </trkpt>
   <trkpt lat="40.5423890" lon="-3.1044320">
    <ele>907.6</ele>
   </trkpt>
   <trkpt lat="40.5424190" lon="-3.1043800">
    <ele>907.6</ele>
   </trkpt>
   <trkpt lat="40.5424500" lon="-3.1043280">
    <ele>907.8</ele>
   </trkpt>
   <trkpt lat="40.5424770" lon="-3.1042730">
    <ele>907.8</ele>
   </trkpt>
   <trkpt lat="40.5425000" lon="-3.1042210">
    <ele>908.0</ele>
   </trkpt>
   <trkpt lat="40.5425220" lon="-3.1041670">
    <ele>908.2</ele>
   </trkpt>
   <trkpt lat="40.5425410" lon="-3.1041160">
    <ele>908.2</ele>
   </trkpt>
   <trkpt lat="40.5425640" lon="-3.1040510">
    <ele>908.4</ele>
   </trkpt>
   <trkpt lat="40.5425870" lon="-3.1039960">
    <ele>908.6</ele>
   </trkpt>
   <trkpt lat="40.5426060" lon="-3.1039420">
    <ele>908.6</ele>
   </trkpt>
   <trkpt lat="40.5426290" lon="-3.1038880">
    <ele>908.8</ele>
   </trkpt>
   <trkpt lat="40.5426520" lon="-3.1038340">
    <ele>908.8</ele>
   </trkpt>
   <trkpt lat="40.5426710" lon="-3.1037810">
    <ele>909.0</ele>
   </trkpt>
   <trkpt lat="40.5426900" lon="-3.1037280">
    <ele>909.0</ele>
   </trkpt>
   <trkpt lat="40.5427130" lon="-3.1036760">
    <ele>909.2</ele>
   </trkpt>
   <trkpt lat="40.5427320" lon="-3.1036220">
    <ele>909.2</ele>
   </trkpt>
   <trkpt lat="40.5427550" lon="-3.1035710">
    <ele>909.4</ele>
   </trkpt>
   <trkpt lat="40.5427700" lon="-3.1035190">
    <ele>909.4</ele>
   </trkpt>
   <trkpt lat="40.5427930" lon="-3.1034650">
    <ele>909.6</ele>
   </trkpt>
   <trkpt lat="40.5428120" lon="-3.1034130">
    <ele>909.6</ele>
   </trkpt>
   <trkpt lat="40.5428350" lon="-3.1033620">
    <ele>909.8</ele>
   </trkpt>
   <trkpt lat="40.5428580" lon="-3.1033110">
    <ele>909.8</ele>
   </trkpt>
   <trkpt lat="40.5428810" lon="-3.1032600">
    <ele>910.0</ele>
   </trkpt>
   <trkpt lat="40.5429040" lon="-3.1032080">
    <ele>910.0</ele>
   </trkpt>
   <trkpt lat="40.5429270" lon="-3.1031560">
    <ele>910.0</ele>
   </trkpt>
   <trkpt lat="40.5429530" lon="-3.1031050">
    <ele>910.2</ele>
   </trkpt>
   <trkpt lat="40.5429800" lon="-3.1030550">
    <ele>910.2</ele>
   </trkpt>
   <trkpt lat="40.5430030" lon="-3.1030050">
    <ele>910.2</ele>
   </trkpt>
   <trkpt lat="40.5430300" lon="-3.1029530">
    <ele>910.4</ele>
   </trkpt>
   <trkpt lat="40.5430560" lon="-3.1029010">
    <ele>910.6</ele>
   </trkpt>
   <trkpt lat="40.5430830" lon="-3.1028500">
    <ele>910.6</ele>
   </trkpt>
   <trkpt lat="40.5431100" lon="-3.1028020">
    <ele>910.8</ele>
   </trkpt>
   <trkpt lat="40.5431370" lon="-3.1027510">
    <ele>910.8</ele>
   </trkpt>
   <trkpt lat="40.5431630" lon="-3.1027000">
    <ele>910.8</ele>
   </trkpt>
   <trkpt lat="40.5431900" lon="-3.1026480">
    <ele>911.0</ele>
   </trkpt>
   <trkpt lat="40.5432170" lon="-3.1025990">
    <ele>911.0</ele>
   </trkpt>
   <trkpt lat="40.5432430" lon="-3.1025520">
    <ele>911.2</ele>
   </trkpt>
   <trkpt lat="40.5432700" lon="-3.1025030">
    <ele>911.2</ele>
   </trkpt>
   <trkpt lat="40.5432970" lon="-3.1024550">
    <ele>911.2</ele>
   </trkpt>
   <trkpt lat="40.5433230" lon="-3.1024070">
    <ele>911.4</ele>
   </trkpt>
   <trkpt lat="40.5433460" lon="-3.1023590">
    <ele>911.6</ele>
   </trkpt>
   <trkpt lat="40.5433730" lon="-3.1023110">
    <ele>911.6</ele>
   </trkpt>
   <trkpt lat="40.5434000" lon="-3.1022620">
    <ele>911.8</ele>
   </trkpt>
   <trkpt lat="40.5434260" lon="-3.1022120">
    <ele>912.0</ele>
   </trkpt>
   <trkpt lat="40.5434490" lon="-3.1021640">
    <ele>912.0</ele>
   </trkpt>
   <trkpt lat="40.5434760" lon="-3.1021150">
    <ele>912.2</ele>
   </trkpt>
   <trkpt lat="40.5434990" lon="-3.1020680">
    <ele>912.2</ele>
   </trkpt>
   <trkpt lat="40.5435260" lon="-3.1020230">
    <ele>912.4</ele>
   </trkpt>
   <trkpt lat="40.5435490" lon="-3.1019730">
    <ele>912.4</ele>
   </trkpt>
   <trkpt lat="40.5435750" lon="-3.1019220">
    <ele>912.6</ele>
   </trkpt>
   <trkpt lat="40.5435980" lon="-3.1018760">
    <ele>912.6</ele>
   </trkpt>
   <trkpt lat="40.5436210" lon="-3.1018320">
    <ele>912.8</ele>
   </trkpt>
   <trkpt lat="40.5436520" lon="-3.1017760">
    <ele>912.8</ele>
   </trkpt>
   <trkpt lat="40.5436740" lon="-3.1017270">
    <ele>912.8</ele>
   </trkpt>
   <trkpt lat="40.5437010" lon="-3.1016750">
    <ele>913.0</ele>
   </trkpt>
   <trkpt lat="40.5437280" lon="-3.1016250">
    <ele>913.0</ele>
   </trkpt>
   <trkpt lat="40.5437510" lon="-3.1015770">
    <ele>913.2</ele>
   </trkpt>
   <trkpt lat="40.5437770" lon="-3.1015280">
    <ele>913.2</ele>
   </trkpt>
   <trkpt lat="40.5438040" lon="-3.1014780">
    <ele>913.4</ele>
   </trkpt>
   <trkpt lat="40.5438350" lon="-3.1014260">
    <ele>913.4</ele>
   </trkpt>
   <trkpt lat="40.5438610" lon="-3.1013750">
    <ele>913.6</ele>
   </trkpt>
   <trkpt lat="40.5438880" lon="-3.1013250">
    <ele>913.6</ele>
   </trkpt>
   <trkpt lat="40.5439150" lon="-3.1012750">
    <ele>913.6</ele>
   </trkpt>
   <trkpt lat="40.5439410" lon="-3.1012260">
    <ele>913.8</ele>
   </trkpt>
   <trkpt lat="40.5439680" lon="-3.1011770">
    <ele>913.8</ele>
   </trkpt>
   <trkpt lat="40.5439950" lon="-3.1011280">
    <ele>914.0</ele>
   </trkpt>
   <trkpt lat="40.5440180" lon="-3.1010790">
    <ele>914.0</ele>
   </trkpt>
   <trkpt lat="40.5440440" lon="-3.1010300">
    <ele>914.2</ele>
   </trkpt>
   <trkpt lat="40.5440710" lon="-3.1009800">
    <ele>914.2</ele>
   </trkpt>
   <trkpt lat="40.5440980" lon="-3.1009300">
    <ele>914.2</ele>
   </trkpt>
   <trkpt lat="40.5441250" lon="-3.1008780">
    <ele>914.4</ele>
   </trkpt>
   <trkpt lat="40.5441510" lon="-3.1008260">
    <ele>914.6</ele>
   </trkpt>
   <trkpt lat="40.5441780" lon="-3.1007740">
    <ele>914.6</ele>
   </trkpt>
   <trkpt lat="40.5442050" lon="-3.1007250">
    <ele>914.8</ele>
   </trkpt>
   <trkpt lat="40.5442310" lon="-3.1006770">
    <ele>915.0</ele>
   </trkpt>
   <trkpt lat="40.5442540" lon="-3.1006290">
    <ele>915.2</ele>
   </trkpt>
   <trkpt lat="40.5442810" lon="-3.1005800">
    <ele>915.2</ele>
   </trkpt>
   <trkpt lat="40.5443080" lon="-3.1005300">
    <ele>915.4</ele>
   </trkpt>
   <trkpt lat="40.5443310" lon="-3.1004810">
    <ele>915.6</ele>
   </trkpt>
   <trkpt lat="40.5443570" lon="-3.1004300">
    <ele>915.6</ele>
   </trkpt>
   <trkpt lat="40.5443880" lon="-3.1003790">
    <ele>915.8</ele>
   </trkpt>
   <trkpt lat="40.5444140" lon="-3.1003290">
    <ele>916.0</ele>
   </trkpt>
   <trkpt lat="40.5444370" lon="-3.1002820">
    <ele>916.2</ele>
   </trkpt>
   <trkpt lat="40.5444640" lon="-3.1002360">
    <ele>916.4</ele>
   </trkpt>
   <trkpt lat="40.5444980" lon="-3.1001770">
    <ele>916.6</ele>
   </trkpt>
   <trkpt lat="40.5445290" lon="-3.1001260">
    <ele>916.8</ele>
   </trkpt>
   <trkpt lat="40.5445590" lon="-3.1000760">
    <ele>917.0</ele>
   </trkpt>
   <trkpt lat="40.5445900" lon="-3.1000320">
    <ele>917.0</ele>
   </trkpt>
   <trkpt lat="40.5446240" lon="-3.0999860">
    <ele>917.2</ele>
   </trkpt>
   <trkpt lat="40.5446590" lon="-3.0999420">
    <ele>917.4</ele>
   </trkpt>
   <trkpt lat="40.5446930" lon="-3.0998980">
    <ele>917.6</ele>
   </trkpt>
   <trkpt lat="40.5447310" lon="-3.0998550">
    <ele>917.6</ele>
   </trkpt>
   <trkpt lat="40.5447650" lon="-3.0998120">
    <ele>917.8</ele>
   </trkpt>
   <trkpt lat="40.5448000" lon="-3.0997680">
    <ele>917.8</ele>
   </trkpt>
   <trkpt lat="40.5448340" lon="-3.0997240">
    <ele>918.0</ele>
   </trkpt>
   <trkpt lat="40.5448720" lon="-3.0996820">
    <ele>918.0</ele>
   </trkpt>
   <trkpt lat="40.5448990" lon="-3.0996430">
    <ele>918.2</ele>
   </trkpt>
   <trkpt lat="40.5449410" lon="-3.0995940">
    <ele>918.2</ele>
   </trkpt>
   <trkpt lat="40.5449750" lon="-3.0995510">
    <ele>918.4</ele>
   </trkpt>
   <trkpt lat="40.5450100" lon="-3.0995090">
    <ele>918.4</ele>
   </trkpt>
   <trkpt lat="40.5450480" lon="-3.0994670">
    <ele>918.6</ele>
   </trkpt>
   <trkpt lat="40.5450860" lon="-3.0994230">
    <ele>918.6</ele>
   </trkpt>
   <trkpt lat="40.5451200" lon="-3.0993780">
    <ele>918.8</ele>
   </trkpt>
   <trkpt lat="40.5451580" lon="-3.0993300">
    <ele>918.8</ele>
   </trkpt>
   <trkpt lat="40.5451930" lon="-3.0992850">
    <ele>918.8</ele>
   </trkpt>
   <trkpt lat="40.5452310" lon="-3.0992380">
    <ele>918.8</ele>
   </trkpt>
   <trkpt lat="40.5452690" lon="-3.0991910">
    <ele>918.8</ele>
   </trkpt>
   <trkpt lat="40.5453070" lon="-3.0991430">
    <ele>919.0</ele>
   </trkpt>
   <trkpt lat="40.5453450" lon="-3.0990910">
    <ele>919.0</ele>
   </trkpt>
   <trkpt lat="40.5453800" lon="-3.0990360">
    <ele>919.0</ele>
   </trkpt>
   <trkpt lat="40.5454100" lon="-3.0989790">
    <ele>919.0</ele>
   </trkpt>
   <trkpt lat="40.5454370" lon="-3.0989200">
    <ele>919.2</ele>
   </trkpt>
   <trkpt lat="40.5454670" lon="-3.0988600">
    <ele>919.2</ele>
   </trkpt>
   <trkpt lat="40.5454940" lon="-3.0987980">
    <ele>919.2</ele>
   </trkpt>
   <trkpt lat="40.5455250" lon="-3.0987380">
    <ele>919.4</ele>
   </trkpt>
   <trkpt lat="40.5455510" lon="-3.0986770">
    <ele>919.4</ele>
   </trkpt>
   <trkpt lat="40.5455780" lon="-3.0986170">
    <ele>919.4</ele>
   </trkpt>
   <trkpt lat="40.5456080" lon="-3.0985580">
    <ele>919.4</ele>
   </trkpt>
   <trkpt lat="40.5456350" lon="-3.0984960">
    <ele>919.4</ele>
   </trkpt>
   <trkpt lat="40.5456620" lon="-3.0984330">
    <ele>919.6</ele>
   </trkpt>
   <trkpt lat="40.5456920" lon="-3.0983690">
    <ele>919.6</ele>
   </trkpt>
   <trkpt lat="40.5457190" lon="-3.0983060">
    <ele>919.6</ele>
   </trkpt>
   <trkpt lat="40.5457500" lon="-3.0982450">
    <ele>919.8</ele>
   </trkpt>
   <trkpt lat="40.5457760" lon="-3.0981840">
    <ele>919.8</ele>
   </trkpt>
   <trkpt lat="40.5458070" lon="-3.0981220">
    <ele>919.8</ele>
   </trkpt>
   <trkpt lat="40.5458340" lon="-3.0980610">
    <ele>920.0</ele>
   </trkpt>
   <trkpt lat="40.5458600" lon="-3.0979990">
    <ele>920.0</ele>
   </trkpt>
   <trkpt lat="40.5458870" lon="-3.0979360">
    <ele>920.2</ele>
   </trkpt>
   <trkpt lat="40.5459180" lon="-3.0978750">
    <ele>920.2</ele>
   </trkpt>
   <trkpt lat="40.5459480" lon="-3.0978130">
    <ele>920.2</ele>
   </trkpt>
   <trkpt lat="40.5459790" lon="-3.0977490">
    <ele>920.4</ele>
   </trkpt>
   <trkpt lat="40.5460090" lon="-3.0976850">
    <ele>920.4</ele>
   </trkpt>
   <trkpt lat="40.5460360" lon="-3.0976220">
    <ele>920.4</ele>
   </trkpt>
   <trkpt lat="40.5460620" lon="-3.0975630">
    <ele>920.4</ele>
   </trkpt>
   <trkpt lat="40.5460930" lon="-3.0974990">
    <ele>920.4</ele>
   </trkpt>
   <trkpt lat="40.5461230" lon="-3.0974340">
    <ele>920.4</ele>
   </trkpt>
   <trkpt lat="40.5461540" lon="-3.0973680">
    <ele>920.6</ele>
   </trkpt>
   <trkpt lat="40.5461850" lon="-3.0973040">
    <ele>920.6</ele>
   </trkpt>
   <trkpt lat="40.5462150" lon="-3.0972390">
    <ele>920.6</ele>
   </trkpt>
   <trkpt lat="40.5462460" lon="-3.0971760">
    <ele>920.6</ele>
   </trkpt>
   <trkpt lat="40.5462760" lon="-3.0971130">
    <ele>920.8</ele>
   </trkpt>
   <trkpt lat="40.5463030" lon="-3.0970510">
    <ele>921.0</ele>
   </trkpt>
   <trkpt lat="40.5463330" lon="-3.0969870">
    <ele>921.0</ele>
   </trkpt>
   <trkpt lat="40.5463640" lon="-3.0969250">
    <ele>921.0</ele>
   </trkpt>
   <trkpt lat="40.5463940" lon="-3.0968610">
    <ele>921.2</ele>
   </trkpt>
   <trkpt lat="40.5464250" lon="-3.0967990">
    <ele>921.2</ele>
   </trkpt>
   <trkpt lat="40.5464550" lon="-3.0967370">
    <ele>921.2</ele>
   </trkpt>
   <trkpt lat="40.5464860" lon="-3.0966740">
    <ele>921.4</ele>
   </trkpt>
   <trkpt lat="40.5465160" lon="-3.0966140">
    <ele>921.4</ele>
   </trkpt>
   <trkpt lat="40.5465510" lon="-3.0965530">
    <ele>921.4</ele>
   </trkpt>
   <trkpt lat="40.5465850" lon="-3.0964940">
    <ele>921.6</ele>
   </trkpt>
   <trkpt lat="40.5466190" lon="-3.0964360">
    <ele>921.6</ele>
   </trkpt>
   <trkpt lat="40.5466540" lon="-3.0963780">
    <ele>921.6</ele>
   </trkpt>
   <trkpt lat="40.5466880" lon="-3.0963200">
    <ele>921.6</ele>
   </trkpt>
   <trkpt lat="40.5467220" lon="-3.0962610">
    <ele>921.6</ele>
   </trkpt>
   <trkpt lat="40.5467610" lon="-3.0962050">
    <ele>921.6</ele>
   </trkpt>
   <trkpt lat="40.5467910" lon="-3.0961460">
    <ele>921.8</ele>
   </trkpt>
   <trkpt lat="40.5468290" lon="-3.0960860">
    <ele>922.0</ele>
   </trkpt>
   <trkpt lat="40.5468600" lon="-3.0960260">
    <ele>922.0</ele>
   </trkpt>
   <trkpt lat="40.5468900" lon="-3.0959680">
    <ele>922.2</ele>
   </trkpt>
   <trkpt lat="40.5469210" lon="-3.0959150">
    <ele>922.2</ele>
   </trkpt>
   <trkpt lat="40.5469630" lon="-3.0958440">
    <ele>922.2</ele>
   </trkpt>
   <trkpt lat="40.5469970" lon="-3.0957850">
    <ele>922.4</ele>
   </trkpt>
   <trkpt lat="40.5470310" lon="-3.0957290">
    <ele>922.4</ele>
   </trkpt>
   <trkpt lat="40.5470660" lon="-3.0956710">
    <ele>922.6</ele>
   </trkpt>
   <trkpt lat="40.5471040" lon="-3.0956130">
    <ele>922.6</ele>
   </trkpt>
   <trkpt lat="40.5471340" lon="-3.0955530">
    <ele>922.6</ele>
   </trkpt>
   <trkpt lat="40.5471690" lon="-3.0954950">
    <ele>922.6</ele>
   </trkpt>
   <trkpt lat="40.5472030" lon="-3.0954360">
    <ele>922.8</ele>
   </trkpt>
   <trkpt lat="40.5472370" lon="-3.0953760">
    <ele>922.8</ele>
   </trkpt>
   <trkpt lat="40.5472720" lon="-3.0953160">
    <ele>923.0</ele>
   </trkpt>
   <trkpt lat="40.5473020" lon="-3.0952580">
    <ele>923.0</ele>
   </trkpt>
   <trkpt lat="40.5473370" lon="-3.0951980">
    <ele>923.2</ele>
   </trkpt>
   <trkpt lat="40.5473710" lon="-3.0951410">
    <ele>923.4</ele>
   </trkpt>
   <trkpt lat="40.5474010" lon="-3.0950810">
    <ele>923.4</ele>
   </trkpt>
   <trkpt lat="40.5474360" lon="-3.0950240">
    <ele>923.6</ele>
   </trkpt>
   <trkpt lat="40.5474740" lon="-3.0949650">
    <ele>923.6</ele>
   </trkpt>
   <trkpt lat="40.5475040" lon="-3.0949070">
    <ele>923.6</ele>
   </trkpt>
   <trkpt lat="40.5475390" lon="-3.0948480">
    <ele>923.8</ele>
   </trkpt>
   <trkpt lat="40.5475730" lon="-3.0947880">
    <ele>923.8</ele>
   </trkpt>
   <trkpt lat="40.5476070" lon="-3.0947310">
    <ele>923.8</ele>
   </trkpt>
   <trkpt lat="40.5476380" lon="-3.0946750">
    <ele>923.8</ele>
   </trkpt>
   <trkpt lat="40.5476720" lon="-3.0946160">
    <ele>924.0</ele>
   </trkpt>
   <trkpt lat="40.5477030" lon="-3.0945580">
    <ele>924.0</ele>
   </trkpt>
   <trkpt lat="40.5477330" lon="-3.0944980">
    <ele>924.2</ele>
   </trkpt>
   <trkpt lat="40.5477600" lon="-3.0944410">
    <ele>924.2</ele>
   </trkpt>
   <trkpt lat="40.5477910" lon="-3.0943800">
    <ele>924.4</ele>
   </trkpt>
   <trkpt lat="40.5478170" lon="-3.0943220">
    <ele>924.6</ele>
   </trkpt>
   <trkpt lat="40.5478440" lon="-3.0942590">
    <ele>924.6</ele>
   </trkpt>
   <trkpt lat="40.5478710" lon="-3.0941950">
    <ele>924.8</ele>
   </trkpt>
   <trkpt lat="40.5478970" lon="-3.0941320">
    <ele>924.8</ele>
   </trkpt>
   <trkpt lat="40.5479280" lon="-3.0940690">
    <ele>924.8</ele>
   </trkpt>
   <trkpt lat="40.5479550" lon="-3.0940060">
    <ele>925.0</ele>
   </trkpt>
   <trkpt lat="40.5479810" lon="-3.0939430">
    <ele>925.0</ele>
   </trkpt>
   <trkpt lat="40.5480080" lon="-3.0938790">
    <ele>925.0</ele>
   </trkpt>
   <trkpt lat="40.5480310" lon="-3.0938130">
    <ele>925.0</ele>
   </trkpt>
   <trkpt lat="40.5480580" lon="-3.0937470">
    <ele>925.0</ele>
   </trkpt>
   <trkpt lat="40.5480800" lon="-3.0936830">
    <ele>925.2</ele>
   </trkpt>
   <trkpt lat="40.5481070" lon="-3.0936170">
    <ele>925.2</ele>
   </trkpt>
   <trkpt lat="40.5481340" lon="-3.0935500">
    <ele>925.4</ele>
   </trkpt>
   <trkpt lat="40.5481570" lon="-3.0934830">
    <ele>925.4</ele>
   </trkpt>
   <trkpt lat="40.5481800" lon="-3.0934150">
    <ele>925.6</ele>
   </trkpt>
   <trkpt lat="40.5482020" lon="-3.0933460">
    <ele>925.6</ele>
   </trkpt>
   <trkpt lat="40.5482250" lon="-3.0932780">
    <ele>925.8</ele>
   </trkpt>
   <trkpt lat="40.5482440" lon="-3.0932070">
    <ele>925.8</ele>
   </trkpt>
   <trkpt lat="40.5482670" lon="-3.0931350">
    <ele>926.0</ele>
   </trkpt>
   <trkpt lat="40.5482860" lon="-3.0930640">
    <ele>926.0</ele>
   </trkpt>
   <trkpt lat="40.5483060" lon="-3.0929940">
    <ele>926.2</ele>
   </trkpt>
   <trkpt lat="40.5483250" lon="-3.0929240">
    <ele>926.2</ele>
   </trkpt>
   <trkpt lat="40.5483440" lon="-3.0928540">
    <ele>926.2</ele>
   </trkpt>
   <trkpt lat="40.5483630" lon="-3.0927840">
    <ele>926.4</ele>
   </trkpt>
   <trkpt lat="40.5483820" lon="-3.0927150">
    <ele>926.4</ele>
   </trkpt>
   <trkpt lat="40.5483970" lon="-3.0926430">
    <ele>926.6</ele>
   </trkpt>
   <trkpt lat="40.5484120" lon="-3.0925700">
    <ele>926.6</ele>
   </trkpt>
   <trkpt lat="40.5484280" lon="-3.0924980">
    <ele>926.8</ele>
   </trkpt>
   <trkpt lat="40.5484470" lon="-3.0924270">
    <ele>926.8</ele>
   </trkpt>
   <trkpt lat="40.5484660" lon="-3.0923550">
    <ele>926.8</ele>
   </trkpt>
   <trkpt lat="40.5484850" lon="-3.0922810">
    <ele>926.8</ele>
   </trkpt>
   <trkpt lat="40.5485000" lon="-3.0922050">
    <ele>926.8</ele>
   </trkpt>
   <trkpt lat="40.5485150" lon="-3.0921280">
    <ele>926.8</ele>
   </trkpt>
   <trkpt lat="40.5485340" lon="-3.0920530">
    <ele>927.0</ele>
   </trkpt>
   <trkpt lat="40.5485530" lon="-3.0919790">
    <ele>927.0</ele>
   </trkpt>
   <trkpt lat="40.5485690" lon="-3.0919120">
    <ele>927.0</ele>
   </trkpt>
   <trkpt lat="40.5485920" lon="-3.0918250">
    <ele>927.0</ele>
   </trkpt>
   <trkpt lat="40.5486110" lon="-3.0917510">
    <ele>927.2</ele>
   </trkpt>
   <trkpt lat="40.5486340" lon="-3.0916740">
    <ele>927.2</ele>
   </trkpt>
   <trkpt lat="40.5486530" lon="-3.0915960">
    <ele>927.2</ele>
   </trkpt>
   <trkpt lat="40.5486750" lon="-3.0915180">
    <ele>927.2</ele>
   </trkpt>
   <trkpt lat="40.5486980" lon="-3.0914390">
    <ele>927.2</ele>
   </trkpt>
   <trkpt lat="40.5487250" lon="-3.0913620">
    <ele>927.2</ele>
   </trkpt>
   <trkpt lat="40.5487520" lon="-3.0912890">
    <ele>927.2</ele>
   </trkpt>
   <trkpt lat="40.5487750" lon="-3.0912180">
    <ele>927.2</ele>
   </trkpt>
   <trkpt lat="40.5488050" lon="-3.0911280">
    <ele>927.2</ele>
   </trkpt>
   <trkpt lat="40.5488360" lon="-3.0910510">
    <ele>927.2</ele>
   </trkpt>
   <trkpt lat="40.5488620" lon="-3.0909750">
    <ele>927.2</ele>
   </trkpt>
   <trkpt lat="40.5488930" lon="-3.0909000">
    <ele>927.2</ele>
   </trkpt>
   <trkpt lat="40.5489240" lon="-3.0908250">
    <ele>927.2</ele>
   </trkpt>
   <trkpt lat="40.5489580" lon="-3.0907510">
    <ele>927.2</ele>
   </trkpt>
   <trkpt lat="40.5489880" lon="-3.0906780">
    <ele>927.0</ele>
   </trkpt>
   <trkpt lat="40.5490230" lon="-3.0906060">
    <ele>927.0</ele>
   </trkpt>
   <trkpt lat="40.5490610" lon="-3.0905330">
    <ele>927.0</ele>
   </trkpt>
   <trkpt lat="40.5490950" lon="-3.0904620">
    <ele>927.0</ele>
   </trkpt>
   <trkpt lat="40.5491330" lon="-3.0903910">
    <ele>927.0</ele>
   </trkpt>
   <trkpt lat="40.5491710" lon="-3.0903210">
    <ele>926.8</ele>
   </trkpt>
   <trkpt lat="40.5492100" lon="-3.0902490">
    <ele>926.8</ele>
   </trkpt>
   <trkpt lat="40.5492520" lon="-3.0901770">
    <ele>926.8</ele>
   </trkpt>
   <trkpt lat="40.5492900" lon="-3.0901060">
    <ele>926.8</ele>
   </trkpt>
   <trkpt lat="40.5493320" lon="-3.0900350">
    <ele>926.8</ele>
   </trkpt>
   <trkpt lat="40.5493740" lon="-3.0899620">
    <ele>926.8</ele>
   </trkpt>
   <trkpt lat="40.5494160" lon="-3.0898880">
    <ele>926.8</ele>
   </trkpt>
   <trkpt lat="40.5494580" lon="-3.0898140">
    <ele>926.8</ele>
   </trkpt>
   <trkpt lat="40.5495000" lon="-3.0897410">
    <ele>926.8</ele>
   </trkpt>
   <trkpt lat="40.5495450" lon="-3.0896670">
    <ele>926.8</ele>
   </trkpt>
   <trkpt lat="40.5495910" lon="-3.0895920">
    <ele>926.8</ele>
   </trkpt>
   <trkpt lat="40.5496290" lon="-3.0895200">
    <ele>926.6</ele>
   </trkpt>
   <trkpt lat="40.5496750" lon="-3.0894440">
    <ele>926.4</ele>
   </trkpt>
   <trkpt lat="40.5497170" lon="-3.0893680">
    <ele>926.2</ele>
   </trkpt>
   <trkpt lat="40.5497590" lon="-3.0892930">
    <ele>926.0</ele>
   </trkpt>
   <trkpt lat="40.5498050" lon="-3.0892180">
    <ele>926.0</ele>
   </trkpt>
   <trkpt lat="40.5498430" lon="-3.0891450">
    <ele>926.0</ele>
   </trkpt>
   <trkpt lat="40.5498890" lon="-3.0890710">
    <ele>925.8</ele>
   </trkpt>
   <trkpt lat="40.5499310" lon="-3.0889990">
    <ele>925.8</ele>
   </trkpt>
   <trkpt lat="40.5499730" lon="-3.0889250">
    <ele>925.8</ele>
   </trkpt>
   <trkpt lat="40.5500140" lon="-3.0888480">
    <ele>925.8</ele>
   </trkpt>
   <trkpt lat="40.5500560" lon="-3.0887730">
    <ele>925.6</ele>
   </trkpt>
   <trkpt lat="40.5500980" lon="-3.0886970">
    <ele>925.6</ele>
   </trkpt>
   <trkpt lat="40.5501440" lon="-3.0886240">
    <ele>925.6</ele>
   </trkpt>
   <trkpt lat="40.5501860" lon="-3.0885500">
    <ele>925.6</ele>
   </trkpt>
   <trkpt lat="40.5502280" lon="-3.0884750">
    <ele>925.6</ele>
   </trkpt>
   <trkpt lat="40.5502700" lon="-3.0884020">
    <ele>925.6</ele>
   </trkpt>
   <trkpt lat="40.5503120" lon="-3.0883310">
    <ele>925.8</ele>
   </trkpt>
   <trkpt lat="40.5503540" lon="-3.0882590">
    <ele>925.6</ele>
   </trkpt>
   <trkpt lat="40.5503960" lon="-3.0881860">
    <ele>925.6</ele>
   </trkpt>
   <trkpt lat="40.5504380" lon="-3.0881120">
    <ele>925.6</ele>
   </trkpt>
   <trkpt lat="40.5504840" lon="-3.0880360">
    <ele>925.6</ele>
   </trkpt>
   <trkpt lat="40.5505260" lon="-3.0879600">
    <ele>925.6</ele>
   </trkpt>
   <trkpt lat="40.5505710" lon="-3.0878840">
    <ele>925.6</ele>
   </trkpt>
   <trkpt lat="40.5506130" lon="-3.0878060">
    <ele>925.6</ele>
   </trkpt>
   <trkpt lat="40.5506590" lon="-3.0877300">
    <ele>925.4</ele>
   </trkpt>
   <trkpt lat="40.5507010" lon="-3.0876550">
    <ele>925.4</ele>
   </trkpt>
   <trkpt lat="40.5507470" lon="-3.0875780">
    <ele>925.4</ele>
   </trkpt>
   <trkpt lat="40.5507890" lon="-3.0875050">
    <ele>925.4</ele>
   </trkpt>
   <trkpt lat="40.5508270" lon="-3.0874390">
    <ele>925.2</ele>
   </trkpt>
   <trkpt lat="40.5508800" lon="-3.0873510">
    <ele>925.4</ele>
   </trkpt>
   <trkpt lat="40.5509220" lon="-3.0872750">
    <ele>925.2</ele>
   </trkpt>
   <trkpt lat="40.5509680" lon="-3.0872000">
    <ele>925.2</ele>
   </trkpt>
   <trkpt lat="40.5510140" lon="-3.0871230">
    <ele>925.2</ele>
   </trkpt>
   <trkpt lat="40.5510560" lon="-3.0870460">
    <ele>925.2</ele>
   </trkpt>
   <trkpt lat="40.5510980" lon="-3.0869660">
    <ele>925.2</ele>
   </trkpt>
   <trkpt lat="40.5511360" lon="-3.0868850">
    <ele>925.0</ele>
   </trkpt>
   <trkpt lat="40.5511780" lon="-3.0868050">
    <ele>925.0</ele>
   </trkpt>
   <trkpt lat="40.5512160" lon="-3.0867230">
    <ele>925.0</ele>
   </trkpt>
   <trkpt lat="40.5512540" lon="-3.0866400">
    <ele>925.0</ele>
   </trkpt>
   <trkpt lat="40.5512920" lon="-3.0865570">
    <ele>925.0</ele>
   </trkpt>
   <trkpt lat="40.5513310" lon="-3.0864730">
    <ele>924.8</ele>
   </trkpt>
   <trkpt lat="40.5513650" lon="-3.0863880">
    <ele>924.8</ele>
   </trkpt>
   <trkpt lat="40.5513990" lon="-3.0863010">
    <ele>924.8</ele>
   </trkpt>
   <trkpt lat="40.5514340" lon="-3.0862180">
    <ele>924.8</ele>
   </trkpt>
   <trkpt lat="40.5514640" lon="-3.0861350">
    <ele>924.8</ele>
   </trkpt>
   <trkpt lat="40.5514980" lon="-3.0860520">
    <ele>924.8</ele>
   </trkpt>
   <trkpt lat="40.5515330" lon="-3.0859680">
    <ele>924.8</ele>
   </trkpt>
   <trkpt lat="40.5515630" lon="-3.0858850">
    <ele>924.8</ele>
   </trkpt>
   <trkpt lat="40.5515980" lon="-3.0858020">
    <ele>924.8</ele>
   </trkpt>
   <trkpt lat="40.5516280" lon="-3.0857210">
    <ele>924.8</ele>
   </trkpt>
   <trkpt lat="40.5516620" lon="-3.0856390">
    <ele>924.8</ele>
   </trkpt>
   <trkpt lat="40.5516930" lon="-3.0855570">
    <ele>925.0</ele>
   </trkpt>
   <trkpt lat="40.5517270" lon="-3.0854740">
    <ele>925.0</ele>
   </trkpt>
   <trkpt lat="40.5517580" lon="-3.0853920">
    <ele>925.0</ele>
   </trkpt>
   <trkpt lat="40.5517880" lon="-3.0853110">
    <ele>925.0</ele>
   </trkpt>
   <trkpt lat="40.5518230" lon="-3.0852320">
    <ele>925.0</ele>
   </trkpt>
   <trkpt lat="40.5518530" lon="-3.0851540">
    <ele>925.0</ele>
   </trkpt>
   <trkpt lat="40.5518840" lon="-3.0850760">
    <ele>925.2</ele>
   </trkpt>
   <trkpt lat="40.5519140" lon="-3.0849990">
    <ele>925.2</ele>
   </trkpt>
   <trkpt lat="40.5519410" lon="-3.0849270">
    <ele>925.4</ele>
   </trkpt>
   <trkpt lat="40.5519680" lon="-3.0848600">
    <ele>925.4</ele>
   </trkpt>
   <trkpt lat="40.5520020" lon="-3.0847730">
    <ele>925.6</ele>
   </trkpt>
   <trkpt lat="40.5520320" lon="-3.0846960">
    <ele>925.6</ele>
   </trkpt>
   <trkpt lat="40.5520630" lon="-3.0846220">
    <ele>925.6</ele>
   </trkpt>
   <trkpt lat="40.5520900" lon="-3.0845460">
    <ele>925.6</ele>
   </trkpt>
   <trkpt lat="40.5521200" lon="-3.0844700">
    <ele>925.6</ele>
   </trkpt>
   <trkpt lat="40.5521510" lon="-3.0843950">
    <ele>925.6</ele>
   </trkpt>
   <trkpt lat="40.5521850" lon="-3.0843190">
    <ele>925.6</ele>
   </trkpt>
   <trkpt lat="40.5522160" lon="-3.0842450">
    <ele>925.6</ele>
   </trkpt>
   <trkpt lat="40.5522460" lon="-3.0841700">
    <ele>925.6</ele>
   </trkpt>
   <trkpt lat="40.5522770" lon="-3.0840990">
    <ele>925.6</ele>
   </trkpt>
   <trkpt lat="40.5523070" lon="-3.0840270">
    <ele>925.6</ele>
   </trkpt>
   <trkpt lat="40.5523340" lon="-3.0839580">
    <ele>925.6</ele>
   </trkpt>
   <trkpt lat="40.5523610" lon="-3.0838960">
    <ele>925.8</ele>
   </trkpt>
   <trkpt lat="40.5523950" lon="-3.0838160">
    <ele>925.8</ele>
   </trkpt>
   <trkpt lat="40.5524250" lon="-3.0837440">
    <ele>925.8</ele>
   </trkpt>
   <trkpt lat="40.5524520" lon="-3.0836680">
    <ele>925.8</ele>
   </trkpt>
   <trkpt lat="40.5524830" lon="-3.0835940">
    <ele>925.8</ele>
   </trkpt>
   <trkpt lat="40.5525090" lon="-3.0835220">
    <ele>925.8</ele>
   </trkpt>
   <trkpt lat="40.5525400" lon="-3.0834490">
    <ele>925.8</ele>
   </trkpt>
   <trkpt lat="40.5525700" lon="-3.0833780">
    <ele>925.8</ele>
   </trkpt>
   <trkpt lat="40.5526010" lon="-3.0833080">
    <ele>925.8</ele>
   </trkpt>
   <trkpt lat="40.5526310" lon="-3.0832390">
    <ele>925.8</ele>
   </trkpt>
   <trkpt lat="40.5526580" lon="-3.0831750">
    <ele>926.0</ele>
   </trkpt>
   <trkpt lat="40.5526920" lon="-3.0830930">
    <ele>926.0</ele>
   </trkpt>
   <trkpt lat="40.5527270" lon="-3.0830210">
    <ele>926.0</ele>
   </trkpt>
   <trkpt lat="40.5527570" lon="-3.0829490">
    <ele>926.0</ele>
   </trkpt>
   <trkpt lat="40.5527880" lon="-3.0828780">
    <ele>926.0</ele>
   </trkpt>
   <trkpt lat="40.5528180" lon="-3.0828050">
    <ele>926.2</ele>
   </trkpt>
   <trkpt lat="40.5528490" lon="-3.0827320">
    <ele>926.2</ele>
   </trkpt>
   <trkpt lat="40.5528790" lon="-3.0826610">
    <ele>926.2</ele>
   </trkpt>
   <trkpt lat="40.5529100" lon="-3.0825910">
    <ele>926.2</ele>
   </trkpt>
   <trkpt lat="40.5529370" lon="-3.0825250">
    <ele>926.4</ele>
   </trkpt>
   <trkpt lat="40.5529670" lon="-3.0824570">
    <ele>926.4</ele>
   </trkpt>
   <trkpt lat="40.5529980" lon="-3.0823880">
    <ele>926.6</ele>
   </trkpt>
   <trkpt lat="40.5530200" lon="-3.0823210">
    <ele>926.6</ele>
   </trkpt>
   <trkpt lat="40.5530470" lon="-3.0822600">
    <ele>926.8</ele>
   </trkpt>
   <trkpt lat="40.5530850" lon="-3.0821800">
    <ele>926.8</ele>
   </trkpt>
   <trkpt lat="40.5531160" lon="-3.0821130">
    <ele>927.0</ele>
   </trkpt>
   <trkpt lat="40.5531430" lon="-3.0820480">
    <ele>927.0</ele>
   </trkpt>
   <trkpt lat="40.5531690" lon="-3.0819870">
    <ele>927.2</ele>
   </trkpt>
   <trkpt lat="40.5532040" lon="-3.0819100">
    <ele>927.2</ele>
   </trkpt>
   <trkpt lat="40.5532300" lon="-3.0818430">
    <ele>927.2</ele>
   </trkpt>
   <trkpt lat="40.5532610" lon="-3.0817750">
    <ele>927.4</ele>
   </trkpt>
   <trkpt lat="40.5532870" lon="-3.0817050">
    <ele>927.4</ele>
   </trkpt>
   <trkpt lat="40.5533180" lon="-3.0816370">
    <ele>927.4</ele>
   </trkpt>
   <trkpt lat="40.5533450" lon="-3.0815680">
    <ele>927.6</ele>
   </trkpt>
   <trkpt lat="40.5533750" lon="-3.0815020">
    <ele>927.6</ele>
   </trkpt>
   <trkpt lat="40.5534020" lon="-3.0814330">
    <ele>927.6</ele>
   </trkpt>
   <trkpt lat="40.5534290" lon="-3.0813650">
    <ele>927.6</ele>
   </trkpt>
   <trkpt lat="40.5534550" lon="-3.0813000">
    <ele>927.6</ele>
   </trkpt>
   <trkpt lat="40.5534820" lon="-3.0812390">
    <ele>927.6</ele>
   </trkpt>
   <trkpt lat="40.5535160" lon="-3.0811570">
    <ele>927.6</ele>
   </trkpt>
   <trkpt lat="40.5535470" lon="-3.0810870">
    <ele>927.6</ele>
   </trkpt>
   <trkpt lat="40.5535770" lon="-3.0810160">
    <ele>927.6</ele>
   </trkpt>
   <trkpt lat="40.5536080" lon="-3.0809440">
    <ele>927.6</ele>
   </trkpt>
   <trkpt lat="40.5536380" lon="-3.0808720">
    <ele>927.6</ele>
   </trkpt>
   <trkpt lat="40.5536690" lon="-3.0808000">
    <ele>927.6</ele>
   </trkpt>
   <trkpt lat="40.5536960" lon="-3.0807360">
    <ele>927.6</ele>
   </trkpt>
   <trkpt lat="40.5537340" lon="-3.0806520">
    <ele>927.6</ele>
   </trkpt>
   <trkpt lat="40.5537640" lon="-3.0805790">
    <ele>927.6</ele>
   </trkpt>
   <trkpt lat="40.5537950" lon="-3.0805060">
    <ele>927.6</ele>
   </trkpt>
   <trkpt lat="40.5538250" lon="-3.0804340">
    <ele>927.4</ele>
   </trkpt>
   <trkpt lat="40.5538560" lon="-3.0803650">
    <ele>927.4</ele>
   </trkpt>
   <trkpt lat="40.5538830" lon="-3.0802990">
    <ele>927.4</ele>
   </trkpt>
   <trkpt lat="40.5539250" lon="-3.0802120">
    <ele>927.4</ele>
   </trkpt>
   <trkpt lat="40.5539630" lon="-3.0801370">
    <ele>927.4</ele>
   </trkpt>
   <trkpt lat="40.5539970" lon="-3.0800610">
    <ele>927.4</ele>
   </trkpt>
   <trkpt lat="40.5540310" lon="-3.0799870">
    <ele>927.4</ele>
   </trkpt>
   <trkpt lat="40.5540690" lon="-3.0799150">
    <ele>927.4</ele>
   </trkpt>
   <trkpt lat="40.5541080" lon="-3.0798450">
    <ele>927.4</ele>
   </trkpt>
   <trkpt lat="40.5541530" lon="-3.0797780">
    <ele>927.4</ele>
   </trkpt>
   <trkpt lat="40.5541950" lon="-3.0797140">
    <ele>927.4</ele>
   </trkpt>
   <trkpt lat="40.5542370" lon="-3.0796570">
    <ele>927.4</ele>
   </trkpt>
   <trkpt lat="40.5542950" lon="-3.0795850">
    <ele>927.4</ele>
   </trkpt>
   <trkpt lat="40.5543480" lon="-3.0795250">
    <ele>927.4</ele>
   </trkpt>
   <trkpt lat="40.5544010" lon="-3.0794680">
    <ele>927.4</ele>
   </trkpt>
   <trkpt lat="40.5544510" lon="-3.0794150">
    <ele>927.4</ele>
   </trkpt>
   <trkpt lat="40.5545010" lon="-3.0793670">
    <ele>927.6</ele>
   </trkpt>
   <trkpt lat="40.5545620" lon="-3.0793050">
    <ele>927.6</ele>
   </trkpt>
   <trkpt lat="40.5546150" lon="-3.0792530">
    <ele>927.4</ele>
   </trkpt>
   <trkpt lat="40.5546680" lon="-3.0791990">
    <ele>927.4</ele>
   </trkpt>
   <trkpt lat="40.5547180" lon="-3.0791530">
    <ele>927.4</ele>
   </trkpt>
   <trkpt lat="40.5547750" lon="-3.0790920">
    <ele>927.6</ele>
   </trkpt>
   <trkpt lat="40.5548250" lon="-3.0790430">
    <ele>927.8</ele>
   </trkpt>
   <trkpt lat="40.5548780" lon="-3.0789950">
    <ele>927.8</ele>
   </trkpt>
   <trkpt lat="40.5549280" lon="-3.0789460">
    <ele>928.0</ele>
   </trkpt>
   <trkpt lat="40.5549770" lon="-3.0788980">
    <ele>928.0</ele>
   </trkpt>
   <trkpt lat="40.5550270" lon="-3.0788490">
    <ele>928.0</ele>
   </trkpt>
   <trkpt lat="40.5550730" lon="-3.0788030">
    <ele>928.0</ele>
   </trkpt>
   <trkpt lat="40.5551150" lon="-3.0787630">
    <ele>928.2</ele>
   </trkpt>
   <trkpt lat="40.5551640" lon="-3.0787130">
    <ele>928.2</ele>
   </trkpt>
   <trkpt lat="40.5552220" lon="-3.0786600">
    <ele>928.4</ele>
   </trkpt>
   <trkpt lat="40.5552710" lon="-3.0786150">
    <ele>928.4</ele>
   </trkpt>
   <trkpt lat="40.5553170" lon="-3.0785690">
    <ele>928.6</ele>
   </trkpt>
   <trkpt lat="40.5553590" lon="-3.0785250">
    <ele>928.8</ele>
   </trkpt>
   <trkpt lat="40.5553970" lon="-3.0784850">
    <ele>929.0</ele>
   </trkpt>
   <trkpt lat="40.5554470" lon="-3.0784340">
    <ele>929.0</ele>
   </trkpt>
   <trkpt lat="40.5554960" lon="-3.0783920">
    <ele>929.2</ele>
   </trkpt>
   <trkpt lat="40.5555380" lon="-3.0783510">
    <ele>929.4</ele>
   </trkpt>
   <trkpt lat="40.5555760" lon="-3.0783120">
    <ele>929.4</ele>
   </trkpt>
   <trkpt lat="40.5556300" lon="-3.0782620">
    <ele>929.4</ele>
   </trkpt>
   <trkpt lat="40.5556720" lon="-3.0782190">
    <ele>929.6</ele>
   </trkpt>
   <trkpt lat="40.5557140" lon="-3.0781790">
    <ele>929.6</ele>
   </trkpt>
   <trkpt lat="40.5557520" lon="-3.0781410">
    <ele>929.6</ele>
   </trkpt>
   <trkpt lat="40.5558090" lon="-3.0780920">
    <ele>929.6</ele>
   </trkpt>
   <trkpt lat="40.5558550" lon="-3.0780500">
    <ele>929.4</ele>
   </trkpt>
   <trkpt lat="40.5559010" lon="-3.0780070">
    <ele>929.4</ele>
   </trkpt>
   <trkpt lat="40.5559500" lon="-3.0779620">
    <ele>929.4</ele>
   </trkpt>
   <trkpt lat="40.5560000" lon="-3.0779160">
    <ele>929.2</ele>
   </trkpt>
   <trkpt lat="40.5560490" lon="-3.0778700">
    <ele>929.2</ele>
   </trkpt>
   <trkpt lat="40.5560950" lon="-3.0778230">
    <ele>929.2</ele>
   </trkpt>
   <trkpt lat="40.5561450" lon="-3.0777790">
    <ele>929.2</ele>
   </trkpt>
   <trkpt lat="40.5561870" lon="-3.0777380">
    <ele>929.2</ele>
   </trkpt>
   <trkpt lat="40.5562290" lon="-3.0777020">
    <ele>929.2</ele>
   </trkpt>
   <trkpt lat="40.5562860" lon="-3.0776500">
    <ele>929.2</ele>
   </trkpt>
   <trkpt lat="40.5563320" lon="-3.0776030">
    <ele>929.0</ele>
   </trkpt>
   <trkpt lat="40.5563810" lon="-3.0775560">
    <ele>929.0</ele>
   </trkpt>
   <trkpt lat="40.5564310" lon="-3.0775100">
    <ele>929.0</ele>
   </trkpt>
   <trkpt lat="40.5564770" lon="-3.0774670">
    <ele>929.0</ele>
   </trkpt>
   <trkpt lat="40.5565220" lon="-3.0774250">
    <ele>928.8</ele>
   </trkpt>
   <trkpt lat="40.5565800" lon="-3.0773730">
    <ele>928.8</ele>
   </trkpt>
   <trkpt lat="40.5566250" lon="-3.0773320">
    <ele>928.8</ele>
   </trkpt>
   <trkpt lat="40.5566790" lon="-3.0772800">
    <ele>928.6</ele>
   </trkpt>
   <trkpt lat="40.5567320" lon="-3.0772270">
    <ele>928.6</ele>
   </trkpt>
   <trkpt lat="40.5567890" lon="-3.0771690">
    <ele>928.6</ele>
   </trkpt>
   <trkpt lat="40.5568390" lon="-3.0771210">
    <ele>928.6</ele>
   </trkpt>
   <trkpt lat="40.5568850" lon="-3.0770790">
    <ele>928.6</ele>
   </trkpt>
   <trkpt lat="40.5569270" lon="-3.0770380">
    <ele>928.4</ele>
   </trkpt>
   <trkpt lat="40.5569800" lon="-3.0769850">
    <ele>928.4</ele>
   </trkpt>
   <trkpt lat="40.5570300" lon="-3.0769420">
    <ele>928.4</ele>
   </trkpt>
   <trkpt lat="40.5570790" lon="-3.0769010">
    <ele>928.2</ele>
   </trkpt>
   <trkpt lat="40.5571250" lon="-3.0768590">
    <ele>928.2</ele>
   </trkpt>
   <trkpt lat="40.5571750" lon="-3.0768160">
    <ele>928.0</ele>
   </trkpt>
   <trkpt lat="40.5572280" lon="-3.0767740">
    <ele>928.0</ele>
   </trkpt>
   <trkpt lat="40.5572810" lon="-3.0767300">
    <ele>927.8</ele>
   </trkpt>
   <trkpt lat="40.5573350" lon="-3.0766840">
    <ele>927.8</ele>
   </trkpt>
   <trkpt lat="40.5573880" lon="-3.0766400">
    <ele>927.6</ele>
   </trkpt>
   <trkpt lat="40.5574420" lon="-3.0765950">
    <ele>927.6</ele>
   </trkpt>
   <trkpt lat="40.5574990" lon="-3.0765500">
    <ele>927.4</ele>
   </trkpt>
   <trkpt lat="40.5575520" lon="-3.0765030">
    <ele>927.4</ele>
   </trkpt>
   <trkpt lat="40.5576100" lon="-3.0764580">
    <ele>927.4</ele>
   </trkpt>
   <trkpt lat="40.5576550" lon="-3.0764150">
    <ele>927.2</ele>
   </trkpt>
   <trkpt lat="40.5577200" lon="-3.0763610">
    <ele>927.2</ele>
   </trkpt>
   <trkpt lat="40.5577770" lon="-3.0763150">
    <ele>927.2</ele>
   </trkpt>
   <trkpt lat="40.5578380" lon="-3.0762710">
    <ele>927.2</ele>
   </trkpt>
   <trkpt lat="40.5578960" lon="-3.0762240">
    <ele>927.0</ele>
   </trkpt>
   <trkpt lat="40.5579570" lon="-3.0761760">
    <ele>927.0</ele>
   </trkpt>
   <trkpt lat="40.5580140" lon="-3.0761290">
    <ele>926.8</ele>
   </trkpt>
   <trkpt lat="40.5580710" lon="-3.0760810">
    <ele>926.8</ele>
   </trkpt>
   <trkpt lat="40.5581280" lon="-3.0760340">
    <ele>926.8</ele>
   </trkpt>
   <trkpt lat="40.5581890" lon="-3.0759870">
    <ele>926.8</ele>
   </trkpt>
   <trkpt lat="40.5582470" lon="-3.0759410">
    <ele>926.6</ele>
   </trkpt>
   <trkpt lat="40.5583000" lon="-3.0758950">
    <ele>926.6</ele>
   </trkpt>
   <trkpt lat="40.5583570" lon="-3.0758480">
    <ele>926.4</ele>
   </trkpt>
   <trkpt lat="40.5584140" lon="-3.0757990">
    <ele>926.4</ele>
   </trkpt>
   <trkpt lat="40.5584680" lon="-3.0757510">
    <ele>926.4</ele>
   </trkpt>
   <trkpt lat="40.5585250" lon="-3.0757030">
    <ele>926.4</ele>
   </trkpt>
   <trkpt lat="40.5585780" lon="-3.0756560">
    <ele>926.4</ele>
   </trkpt>
   <trkpt lat="40.5586360" lon="-3.0756060">
    <ele>926.4</ele>
   </trkpt>
   <trkpt lat="40.5586890" lon="-3.0755560">
    <ele>926.2</ele>
   </trkpt>
   <trkpt lat="40.5587420" lon="-3.0755060">
    <ele>926.2</ele>
   </trkpt>
   <trkpt lat="40.5587920" lon="-3.0754550">
    <ele>926.2</ele>
   </trkpt>
   <trkpt lat="40.5588380" lon="-3.0754100">
    <ele>926.2</ele>
   </trkpt>
   <trkpt lat="40.5588910" lon="-3.0753520">
    <ele>926.2</ele>
   </trkpt>
   <trkpt lat="40.5589490" lon="-3.0752890">
    <ele>926.2</ele>
   </trkpt>
   <trkpt lat="40.5589980" lon="-3.0752340">
    <ele>926.2</ele>
   </trkpt>
   <trkpt lat="40.5590480" lon="-3.0751820">
    <ele>926.2</ele>
   </trkpt>
   <trkpt lat="40.5590900" lon="-3.0751350">
    <ele>926.2</ele>
   </trkpt>
   <trkpt lat="40.5591470" lon="-3.0750750">
    <ele>926.2</ele>
   </trkpt>
   <trkpt lat="40.5592040" lon="-3.0750110">
    <ele>926.2</ele>
   </trkpt>
   <trkpt lat="40.5592540" lon="-3.0749560">
    <ele>926.2</ele>
   </trkpt>
   <trkpt lat="40.5593070" lon="-3.0749000">
    <ele>926.2</ele>
   </trkpt>
   <trkpt lat="40.5593530" lon="-3.0748460">
    <ele>926.2</ele>
   </trkpt>
   <trkpt lat="40.5594020" lon="-3.0747960">
    <ele>926.4</ele>
   </trkpt>
   <trkpt lat="40.5594600" lon="-3.0747330">
    <ele>926.4</ele>
   </trkpt>
   <trkpt lat="40.5595130" lon="-3.0746800">
    <ele>926.2</ele>
   </trkpt>
   <trkpt lat="40.5595670" lon="-3.0746270">
    <ele>926.2</ele>
   </trkpt>
   <trkpt lat="40.5596160" lon="-3.0745720">
    <ele>926.2</ele>
   </trkpt>
   <trkpt lat="40.5596690" lon="-3.0745200">
    <ele>926.0</ele>
   </trkpt>
   <trkpt lat="40.5597190" lon="-3.0744650">
    <ele>926.0</ele>
   </trkpt>
   <trkpt lat="40.5597690" lon="-3.0744080">
    <ele>926.0</ele>
   </trkpt>
   <trkpt lat="40.5598140" lon="-3.0743560">
    <ele>925.8</ele>
   </trkpt>
   <trkpt lat="40.5598600" lon="-3.0743090">
    <ele>925.8</ele>
   </trkpt>
   <trkpt lat="40.5599170" lon="-3.0742460">
    <ele>925.8</ele>
   </trkpt>
   <trkpt lat="40.5599630" lon="-3.0741960">
    <ele>925.8</ele>
   </trkpt>
   <trkpt lat="40.5600090" lon="-3.0741490">
    <ele>925.8</ele>
   </trkpt>
   <trkpt lat="40.5600620" lon="-3.0740910">
    <ele>925.8</ele>
   </trkpt>
   <trkpt lat="40.5601040" lon="-3.0740440">
    <ele>925.8</ele>
   </trkpt>
   <trkpt lat="40.5601620" lon="-3.0739840">
    <ele>925.8</ele>
   </trkpt>
   <trkpt lat="40.5602110" lon="-3.0739340">
    <ele>925.8</ele>
   </trkpt>
   <trkpt lat="40.5602570" lon="-3.0738840">
    <ele>925.8</ele>
   </trkpt>
   <trkpt lat="40.5602950" lon="-3.0738380">
    <ele>926.0</ele>
   </trkpt>
   <trkpt lat="40.5603520" lon="-3.0737760">
    <ele>926.0</ele>
   </trkpt>
   <trkpt lat="40.5603980" lon="-3.0737230">
    <ele>926.0</ele>
   </trkpt>
   <trkpt lat="40.5604480" lon="-3.0736670">
    <ele>926.2</ele>
   </trkpt>
   <trkpt lat="40.5604930" lon="-3.0736120">
    <ele>926.0</ele>
   </trkpt>
   <trkpt lat="40.5605350" lon="-3.0735610">
    <ele>926.0</ele>
   </trkpt>
   <trkpt lat="40.5605770" lon="-3.0735100">
    <ele>926.0</ele>
   </trkpt>
   <trkpt lat="40.5606310" lon="-3.0734480">
    <ele>926.2</ele>
   </trkpt>
   <trkpt lat="40.5606770" lon="-3.0733910">
    <ele>926.2</ele>
   </trkpt>
   <trkpt lat="40.5607190" lon="-3.0733340">
    <ele>926.4</ele>
   </trkpt>
   <trkpt lat="40.5607610" lon="-3.0732760">
    <ele>926.6</ele>
   </trkpt>
   <trkpt lat="40.5608060" lon="-3.0732170">
    <ele>926.6</ele>
   </trkpt>
   <trkpt lat="40.5608480" lon="-3.0731610">
    <ele>926.6</ele>
   </trkpt>
   <trkpt lat="40.5608860" lon="-3.0731100">
    <ele>926.6</ele>
   </trkpt>
   <trkpt lat="40.5609320" lon="-3.0730500">
    <ele>926.4</ele>
   </trkpt>
   <trkpt lat="40.5609780" lon="-3.0729830">
    <ele>926.4</ele>
   </trkpt>
   <trkpt lat="40.5610160" lon="-3.0729260">
    <ele>926.2</ele>
   </trkpt>
   <trkpt lat="40.5610540" lon="-3.0728730">
    <ele>926.2</ele>
   </trkpt>
   <trkpt lat="40.5610890" lon="-3.0728260">
    <ele>926.2</ele>
   </trkpt>
   <trkpt lat="40.5611300" lon="-3.0727710">
    <ele>926.0</ele>
   </trkpt>
   <trkpt lat="40.5611760" lon="-3.0727110">
    <ele>926.0</ele>
   </trkpt>
   <trkpt lat="40.5612260" lon="-3.0726470">
    <ele>926.0</ele>
   </trkpt>
   <trkpt lat="40.5612600" lon="-3.0725990">
    <ele>926.0</ele>
   </trkpt>
   <trkpt lat="40.5613020" lon="-3.0725420">
    <ele>926.0</ele>
   </trkpt>
   <trkpt lat="40.5613480" lon="-3.0724810">
    <ele>926.0</ele>
   </trkpt>
   <trkpt lat="40.5613980" lon="-3.0724120">
    <ele>926.0</ele>
   </trkpt>
   <trkpt lat="40.5614400" lon="-3.0723540">
    <ele>926.0</ele>
   </trkpt>
   <trkpt lat="40.5614810" lon="-3.0723000">
    <ele>926.0</ele>
   </trkpt>
   <trkpt lat="40.5615230" lon="-3.0722440">
    <ele>926.2</ele>
   </trkpt>
   <trkpt lat="40.5615650" lon="-3.0721900">
    <ele>926.2</ele>
   </trkpt>
   <trkpt lat="40.5616110" lon="-3.0721360">
    <ele>926.2</ele>
   </trkpt>
   <trkpt lat="40.5616530" lon="-3.0720820">
    <ele>926.2</ele>
   </trkpt>
   <trkpt lat="40.5616990" lon="-3.0720300">
    <ele>926.2</ele>
   </trkpt>
   <trkpt lat="40.5617410" lon="-3.0719810">
    <ele>926.0</ele>
   </trkpt>
   <trkpt lat="40.5617830" lon="-3.0719360">
    <ele>926.0</ele>
   </trkpt>
   <trkpt lat="40.5618360" lon="-3.0718790">
    <ele>926.0</ele>
   </trkpt>
   <trkpt lat="40.5618780" lon="-3.0718320">
    <ele>926.0</ele>
   </trkpt>
   <trkpt lat="40.5619160" lon="-3.0717880">
    <ele>926.0</ele>
   </trkpt>
   <trkpt lat="40.5619700" lon="-3.0717310">
    <ele>926.0</ele>
   </trkpt>
   <trkpt lat="40.5620160" lon="-3.0716850">
    <ele>926.2</ele>
   </trkpt>
   <trkpt lat="40.5620610" lon="-3.0716380">
    <ele>926.2</ele>
   </trkpt>
   <trkpt lat="40.5621070" lon="-3.0715930">
    <ele>926.4</ele>
   </trkpt>
   <trkpt lat="40.5621530" lon="-3.0715450">
    <ele>926.4</ele>
   </trkpt>
   <trkpt lat="40.5621950" lon="-3.0714980">
    <ele>926.4</ele>
   </trkpt>
   <trkpt lat="40.5622410" lon="-3.0714530">
    <ele>926.2</ele>
   </trkpt>
   <trkpt lat="40.5622860" lon="-3.0714080">
    <ele>926.2</ele>
   </trkpt>
   <trkpt lat="40.5623320" lon="-3.0713640">
    <ele>926.2</ele>
   </trkpt>
   <trkpt lat="40.5623740" lon="-3.0713230">
    <ele>926.4</ele>
   </trkpt>
   <trkpt lat="40.5624160" lon="-3.0712850">
    <ele>926.2</ele>
   </trkpt>
   <trkpt lat="40.5624700" lon="-3.0712340">
    <ele>926.2</ele>
   </trkpt>
   <trkpt lat="40.5625150" lon="-3.0711900">
    <ele>926.4</ele>
   </trkpt>
   <trkpt lat="40.5625570" lon="-3.0711450">
    <ele>926.4</ele>
   </trkpt>
   <trkpt lat="40.5626030" lon="-3.0711020">
    <ele>926.4</ele>
   </trkpt>
   <trkpt lat="40.5626450" lon="-3.0710580">
    <ele>926.4</ele>
   </trkpt>
   <trkpt lat="40.5626870" lon="-3.0710180">
    <ele>926.2</ele>
   </trkpt>
   <trkpt lat="40.5627290" lon="-3.0709810">
    <ele>926.0</ele>
   </trkpt>
   <trkpt lat="40.5627750" lon="-3.0709330">
    <ele>926.0</ele>
   </trkpt>
   <trkpt lat="40.5628240" lon="-3.0708800">
    <ele>926.0</ele>
   </trkpt>
   <trkpt lat="40.5628700" lon="-3.0708330">
    <ele>926.2</ele>
   </trkpt>
   <trkpt lat="40.5629120" lon="-3.0707890">
    <ele>926.2</ele>
   </trkpt>
   <trkpt lat="40.5629500" lon="-3.0707500">
    <ele>926.0</ele>
   </trkpt>
   <trkpt lat="40.5630000" lon="-3.0707040">
    <ele>926.0</ele>
   </trkpt>
   <trkpt lat="40.5630570" lon="-3.0706530">
    <ele>925.8</ele>
   </trkpt>
   <trkpt lat="40.5631030" lon="-3.0706050">
    <ele>926.0</ele>
   </trkpt>
   <trkpt lat="40.5631450" lon="-3.0705580">
    <ele>926.0</ele>
   </trkpt>
   <trkpt lat="40.5631870" lon="-3.0705180">
    <ele>926.0</ele>
   </trkpt>
   <trkpt lat="40.5632360" lon="-3.0704700">
    <ele>926.0</ele>
   </trkpt>
   <trkpt lat="40.5632900" lon="-3.0704160">
    <ele>926.0</ele>
   </trkpt>
   <trkpt lat="40.5633430" lon="-3.0703690">
    <ele>926.0</ele>
   </trkpt>
   <trkpt lat="40.5633930" lon="-3.0703190">
    <ele>925.8</ele>
   </trkpt>
   <trkpt lat="40.5634420" lon="-3.0702690">
    <ele>925.8</ele>
   </trkpt>
   <trkpt lat="40.5634960" lon="-3.0702210">
    <ele>926.0</ele>
   </trkpt>
   <trkpt lat="40.5635490" lon="-3.0701700">
    <ele>926.0</ele>
   </trkpt>
   <trkpt lat="40.5635990" lon="-3.0701190">
    <ele>926.0</ele>
   </trkpt>
   <trkpt lat="40.5636480" lon="-3.0700690">
    <ele>926.0</ele>
   </trkpt>
   <trkpt lat="40.5636980" lon="-3.0700210">
    <ele>925.8</ele>
   </trkpt>
   <trkpt lat="40.5637440" lon="-3.0699760">
    <ele>925.8</ele>
   </trkpt>
   <trkpt lat="40.5638010" lon="-3.0699170">
    <ele>925.8</ele>
   </trkpt>
   <trkpt lat="40.5638430" lon="-3.0698680">
    <ele>925.8</ele>
   </trkpt>
   <trkpt lat="40.5638890" lon="-3.0698230">
    <ele>925.6</ele>
   </trkpt>
   <trkpt lat="40.5639340" lon="-3.0697780">
    <ele>925.6</ele>
   </trkpt>
   <trkpt lat="40.5639800" lon="-3.0697330">
    <ele>925.6</ele>
   </trkpt>
   <trkpt lat="40.5640300" lon="-3.0696880">
    <ele>925.6</ele>
   </trkpt>
   <trkpt lat="40.5640750" lon="-3.0696410">
    <ele>925.8</ele>
   </trkpt>
   <trkpt lat="40.5641210" lon="-3.0695940">
    <ele>925.8</ele>
   </trkpt>
   <trkpt lat="40.5641670" lon="-3.0695460">
    <ele>925.8</ele>
   </trkpt>
   <trkpt lat="40.5642090" lon="-3.0695000">
    <ele>926.0</ele>
   </trkpt>
   <trkpt lat="40.5642510" lon="-3.0694560">
    <ele>926.0</ele>
   </trkpt>
   <trkpt lat="40.5642930" lon="-3.0694140">
    <ele>926.0</ele>
   </trkpt>
   <trkpt lat="40.5643390" lon="-3.0693710">
    <ele>926.0</ele>
   </trkpt>
   <trkpt lat="40.5643840" lon="-3.0693280">
    <ele>926.0</ele>
   </trkpt>
   <trkpt lat="40.5644300" lon="-3.0692850">
    <ele>926.0</ele>
   </trkpt>
   <trkpt lat="40.5644760" lon="-3.0692380">
    <ele>926.0</ele>
   </trkpt>
   <trkpt lat="40.5645260" lon="-3.0691910">
    <ele>926.0</ele>
   </trkpt>
   <trkpt lat="40.5645710" lon="-3.0691420">
    <ele>926.0</ele>
   </trkpt>
   <trkpt lat="40.5646210" lon="-3.0690960">
    <ele>925.8</ele>
   </trkpt>
   <trkpt lat="40.5646670" lon="-3.0690480">
    <ele>925.8</ele>
   </trkpt>
   <trkpt lat="40.5647160" lon="-3.0689990">
    <ele>925.8</ele>
   </trkpt>
   <trkpt lat="40.5647620" lon="-3.0689510">
    <ele>925.8</ele>
   </trkpt>
   <trkpt lat="40.5648080" lon="-3.0689030">
    <ele>925.8</ele>
   </trkpt>
   <trkpt lat="40.5648500" lon="-3.0688560">
    <ele>925.8</ele>
   </trkpt>
   <trkpt lat="40.5648880" lon="-3.0688080">
    <ele>926.0</ele>
   </trkpt>
   <trkpt lat="40.5649260" lon="-3.0687630">
    <ele>926.0</ele>
   </trkpt>
   <trkpt lat="40.5649680" lon="-3.0687010">
    <ele>926.0</ele>
   </trkpt>
   <trkpt lat="40.5650060" lon="-3.0686460">
    <ele>926.0</ele>
   </trkpt>
   <trkpt lat="40.5650410" lon="-3.0685870">
    <ele>926.0</ele>
   </trkpt>
   <trkpt lat="40.5650710" lon="-3.0685260">
    <ele>926.0</ele>
   </trkpt>
   <trkpt lat="40.5651020" lon="-3.0684680">
    <ele>926.2</ele>
   </trkpt>
   <trkpt lat="40.5651280" lon="-3.0684140">
    <ele>926.0</ele>
   </trkpt>
   <trkpt lat="40.5651630" lon="-3.0683460">
    <ele>926.0</ele>
   </trkpt>
   <trkpt lat="40.5651970" lon="-3.0682870">
    <ele>926.2</ele>
   </trkpt>
   <trkpt lat="40.5652270" lon="-3.0682280">
    <ele>926.2</ele>
   </trkpt>
   <trkpt lat="40.5652540" lon="-3.0681690">
    <ele>926.2</ele>
   </trkpt>
   <trkpt lat="40.5652850" lon="-3.0681110">
    <ele>926.4</ele>
   </trkpt>
   <trkpt lat="40.5653110" lon="-3.0680540">
    <ele>926.6</ele>
   </trkpt>
   <trkpt lat="40.5653420" lon="-3.0680020">
    <ele>926.8</ele>
   </trkpt>
   <trkpt lat="40.5653690" lon="-3.0679490">
    <ele>927.0</ele>
   </trkpt>
   <trkpt lat="40.5653950" lon="-3.0678960">
    <ele>927.2</ele>
   </trkpt>
   <trkpt lat="40.5654220" lon="-3.0678440">
    <ele>927.4</ele>
   </trkpt>
   <trkpt lat="40.5654490" lon="-3.0677920">
    <ele>927.6</ele>
   </trkpt>
   <trkpt lat="40.5654720" lon="-3.0677430">
    <ele>927.8</ele>
   </trkpt>
   <trkpt lat="40.5654950" lon="-3.0676990">
    <ele>928.0</ele>
   </trkpt>
   <trkpt lat="40.5655210" lon="-3.0676390">
    <ele>928.0</ele>
   </trkpt>
   <trkpt lat="40.5655440" lon="-3.0675870">
    <ele>928.2</ele>
   </trkpt>
   <trkpt lat="40.5655670" lon="-3.0675350">
    <ele>928.4</ele>
   </trkpt>
   <trkpt lat="40.5655900" lon="-3.0674850">
    <ele>928.4</ele>
   </trkpt>
   <trkpt lat="40.5656130" lon="-3.0674340">
    <ele>928.6</ele>
   </trkpt>
   <trkpt lat="40.5656360" lon="-3.0673820">
    <ele>928.6</ele>
   </trkpt>
   <trkpt lat="40.5656620" lon="-3.0673280">
    <ele>928.8</ele>
   </trkpt>
   <trkpt lat="40.5656890" lon="-3.0672760">
    <ele>928.8</ele>
   </trkpt>
   <trkpt lat="40.5657200" lon="-3.0672280">
    <ele>929.0</ele>
   </trkpt>
   <trkpt lat="40.5657460" lon="-3.0671800">
    <ele>929.0</ele>
   </trkpt>
   <trkpt lat="40.5657730" lon="-3.0671310">
    <ele>929.2</ele>
   </trkpt>
   <trkpt lat="40.5658030" lon="-3.0670880">
    <ele>929.4</ele>
   </trkpt>
   <trkpt lat="40.5658450" lon="-3.0670580">
    <ele>929.4</ele>
   </trkpt>
   <trkpt lat="40.5658870" lon="-3.0670470">
    <ele>929.6</ele>
   </trkpt>
   <trkpt lat="40.5659330" lon="-3.0670530">
    <ele>929.6</ele>
   </trkpt>
   <trkpt lat="40.5659790" lon="-3.0670660">
    <ele>929.8</ele>
   </trkpt>
   <trkpt lat="40.5660210" lon="-3.0670850">
    <ele>929.8</ele>
   </trkpt>
   <trkpt lat="40.5660590" lon="-3.0671040">
    <ele>930.0</ele>
   </trkpt>
   <trkpt lat="40.5660930" lon="-3.0671220">
    <ele>930.0</ele>
   </trkpt>
   <trkpt lat="40.5661350" lon="-3.0671410">
    <ele>930.2</ele>
   </trkpt>
   <trkpt lat="40.5661810" lon="-3.0671600">
    <ele>930.2</ele>
   </trkpt>
   <trkpt lat="40.5662270" lon="-3.0671810">
    <ele>930.2</ele>
   </trkpt>
   <trkpt lat="40.5662770" lon="-3.0672020">
    <ele>930.2</ele>
   </trkpt>
   <trkpt lat="40.5663220" lon="-3.0672270">
    <ele>930.4</ele>
   </trkpt>
   <trkpt lat="40.5663720" lon="-3.0672510">
    <ele>930.4</ele>
   </trkpt>
   <trkpt lat="40.5664180" lon="-3.0672730">
    <ele>930.6</ele>
   </trkpt>
   <trkpt lat="40.5664630" lon="-3.0672950">
    <ele>930.6</ele>
   </trkpt>
   <trkpt lat="40.5665130" lon="-3.0673150">
    <ele>930.6</ele>
   </trkpt>
   <trkpt lat="40.5665630" lon="-3.0673350">
    <ele>930.8</ele>
   </trkpt>
   <trkpt lat="40.5666080" lon="-3.0673560">
    <ele>930.8</ele>
   </trkpt>
   <trkpt lat="40.5666500" lon="-3.0673770">
    <ele>931.0</ele>
   </trkpt>
   <trkpt lat="40.5666890" lon="-3.0673950">
    <ele>931.0</ele>
   </trkpt>
   <trkpt lat="40.5667460" lon="-3.0674190">
    <ele>931.0</ele>
   </trkpt>
   <trkpt lat="40.5667920" lon="-3.0674390">
    <ele>931.2</ele>
   </trkpt>
   <trkpt lat="40.5668330" lon="-3.0674570">
    <ele>931.4</ele>
   </trkpt>
   <trkpt lat="40.5668680" lon="-3.0674760">
    <ele>931.6</ele>
   </trkpt>
   <trkpt lat="40.5669140" lon="-3.0675000">
    <ele>931.6</ele>
   </trkpt>
   <trkpt lat="40.5669560" lon="-3.0675210">
    <ele>931.8</ele>
   </trkpt>
   <trkpt lat="40.5669970" lon="-3.0675400">
    <ele>931.8</ele>
   </trkpt>
   <trkpt lat="40.5670320" lon="-3.0675610">
    <ele>932.0</ele>
   </trkpt>
   <trkpt lat="40.5670700" lon="-3.0675790">
    <ele>932.0</ele>
   </trkpt>
   <trkpt lat="40.5671080" lon="-3.0675970">
    <ele>932.2</ele>
   </trkpt>
   <trkpt lat="40.5671500" lon="-3.0676150">
    <ele>932.2</ele>
   </trkpt>
   <trkpt lat="40.5671920" lon="-3.0676330">
    <ele>932.4</ele>
   </trkpt>
   <trkpt lat="40.5672300" lon="-3.0676490">
    <ele>932.4</ele>
   </trkpt>
   <trkpt lat="40.5672800" lon="-3.0676720">
    <ele>932.6</ele>
   </trkpt>
   <trkpt lat="40.5673180" lon="-3.0676930">
    <ele>932.6</ele>
   </trkpt>
   <trkpt lat="40.5673600" lon="-3.0677160">
    <ele>932.8</ele>
   </trkpt>
   <trkpt lat="40.5674020" lon="-3.0677380">
    <ele>932.8</ele>
   </trkpt>
   <trkpt lat="40.5674480" lon="-3.0677570">
    <ele>933.0</ele>
   </trkpt>
   <trkpt lat="40.5674900" lon="-3.0677760">
    <ele>933.0</ele>
   </trkpt>
   <trkpt lat="40.5675350" lon="-3.0677940">
    <ele>933.2</ele>
   </trkpt>
   <trkpt lat="40.5675770" lon="-3.0678120">
    <ele>933.2</ele>
   </trkpt>
   <trkpt lat="40.5676230" lon="-3.0678320">
    <ele>933.2</ele>
   </trkpt>
   <trkpt lat="40.5676650" lon="-3.0678530">
    <ele>933.4</ele>
   </trkpt>
   <trkpt lat="40.5677070" lon="-3.0678730">
    <ele>933.4</ele>
   </trkpt>
   <trkpt lat="40.5677490" lon="-3.0678930">
    <ele>933.6</ele>
   </trkpt>
   <trkpt lat="40.5677950" lon="-3.0679120">
    <ele>933.8</ele>
   </trkpt>
   <trkpt lat="40.5678370" lon="-3.0679300">
    <ele>934.0</ele>
   </trkpt>
   <trkpt lat="40.5678790" lon="-3.0679490">
    <ele>934.0</ele>
   </trkpt>
   <trkpt lat="40.5679210" lon="-3.0679650">
    <ele>934.2</ele>
   </trkpt>
   <trkpt lat="40.5679630" lon="-3.0679820">
    <ele>934.4</ele>
   </trkpt>
   <trkpt lat="40.5680050" lon="-3.0680000">
    <ele>934.6</ele>
   </trkpt>
   <trkpt lat="40.5680470" lon="-3.0680200">
    <ele>934.8</ele>
   </trkpt>
   <trkpt lat="40.5680850" lon="-3.0680400">
    <ele>935.0</ele>
   </trkpt>
   <trkpt lat="40.5681230" lon="-3.0680570">
    <ele>935.2</ele>
   </trkpt>
   <trkpt lat="40.5681610" lon="-3.0680740">
    <ele>935.4</ele>
   </trkpt>
   <trkpt lat="40.5681990" lon="-3.0680900">
    <ele>935.6</ele>
   </trkpt>
   <trkpt lat="40.5682370" lon="-3.0681070">
    <ele>935.8</ele>
   </trkpt>
   <trkpt lat="40.5682720" lon="-3.0681260">
    <ele>935.8</ele>
   </trkpt>
   <trkpt lat="40.5683060" lon="-3.0681440">
    <ele>936.0</ele>
   </trkpt>
   <trkpt lat="40.5683440" lon="-3.0681620">
    <ele>936.2</ele>
   </trkpt>
   <trkpt lat="40.5683820" lon="-3.0681770">
    <ele>936.4</ele>
   </trkpt>
   <trkpt lat="40.5684200" lon="-3.0681930">
    <ele>936.8</ele>
   </trkpt>
   <trkpt lat="40.5684590" lon="-3.0682060">
    <ele>937.0</ele>
   </trkpt>
   <trkpt lat="40.5684930" lon="-3.0682200">
    <ele>937.0</ele>
   </trkpt>
   <trkpt lat="40.5685270" lon="-3.0682370">
    <ele>937.2</ele>
   </trkpt>
   <trkpt lat="40.5685650" lon="-3.0682520">
    <ele>937.4</ele>
   </trkpt>
   <trkpt lat="40.5686000" lon="-3.0682710">
    <ele>937.6</ele>
   </trkpt>
   <trkpt lat="40.5686380" lon="-3.0682890">
    <ele>937.8</ele>
   </trkpt>
   <trkpt lat="40.5686720" lon="-3.0683070">
    <ele>938.0</ele>
   </trkpt>
   <trkpt lat="40.5687060" lon="-3.0683240">
    <ele>938.2</ele>
   </trkpt>
   <trkpt lat="40.5687450" lon="-3.0683410">
    <ele>938.2</ele>
   </trkpt>
   <trkpt lat="40.5687830" lon="-3.0683590">
    <ele>938.4</ele>
   </trkpt>
   <trkpt lat="40.5688170" lon="-3.0683750">
    <ele>938.8</ele>
   </trkpt>
   <trkpt lat="40.5688550" lon="-3.0683920">
    <ele>938.8</ele>
   </trkpt>
   <trkpt lat="40.5688900" lon="-3.0684090">
    <ele>939.0</ele>
   </trkpt>
   <trkpt lat="40.5689280" lon="-3.0684260">
    <ele>939.2</ele>
   </trkpt>
   <trkpt lat="40.5689660" lon="-3.0684440">
    <ele>939.2</ele>
   </trkpt>
   <trkpt lat="40.5690080" lon="-3.0684630">
    <ele>939.4</ele>
   </trkpt>
   <trkpt lat="40.5690500" lon="-3.0684810">
    <ele>939.4</ele>
   </trkpt>
   <trkpt lat="40.5690880" lon="-3.0685020">
    <ele>939.4</ele>
   </trkpt>
   <trkpt lat="40.5691260" lon="-3.0685220">
    <ele>939.6</ele>
   </trkpt>
   <trkpt lat="40.5691640" lon="-3.0685410">
    <ele>939.6</ele>
   </trkpt>
   <trkpt lat="40.5692020" lon="-3.0685610">
    <ele>939.6</ele>
   </trkpt>
   <trkpt lat="40.5692410" lon="-3.0685810">
    <ele>939.6</ele>
   </trkpt>
   <trkpt lat="40.5692820" lon="-3.0686010">
    <ele>939.6</ele>
   </trkpt>
   <trkpt lat="40.5693240" lon="-3.0686200">
    <ele>939.6</ele>
   </trkpt>
   <trkpt lat="40.5693660" lon="-3.0686410">
    <ele>939.6</ele>
   </trkpt>
   <trkpt lat="40.5694120" lon="-3.0686620">
    <ele>939.6</ele>
   </trkpt>
   <trkpt lat="40.5694580" lon="-3.0686850">
    <ele>939.6</ele>
   </trkpt>
   <trkpt lat="40.5695040" lon="-3.0687070">
    <ele>939.6</ele>
   </trkpt>
   <trkpt lat="40.5695500" lon="-3.0687290">
    <ele>939.6</ele>
   </trkpt>
   <trkpt lat="40.5695990" lon="-3.0687520">
    <ele>939.4</ele>
   </trkpt>
   <trkpt lat="40.5696450" lon="-3.0687750">
    <ele>939.4</ele>
   </trkpt>
   <trkpt lat="40.5696950" lon="-3.0687990">
    <ele>939.4</ele>
   </trkpt>
   <trkpt lat="40.5697400" lon="-3.0688220">
    <ele>939.4</ele>
   </trkpt>
   <trkpt lat="40.5697940" lon="-3.0688470">
    <ele>939.2</ele>
   </trkpt>
   <trkpt lat="40.5698390" lon="-3.0688710">
    <ele>939.2</ele>
   </trkpt>
   <trkpt lat="40.5698970" lon="-3.0689010">
    <ele>939.0</ele>
   </trkpt>
   <trkpt lat="40.5699540" lon="-3.0689270">
    <ele>939.0</ele>
   </trkpt>
   <trkpt lat="40.5700070" lon="-3.0689530">
    <ele>939.0</ele>
   </trkpt>
   <trkpt lat="40.5700570" lon="-3.0689790">
    <ele>938.8</ele>
   </trkpt>
   <trkpt lat="40.5701100" lon="-3.0690040">
    <ele>938.8</ele>
   </trkpt>
   <trkpt lat="40.5701640" lon="-3.0690290">
    <ele>939.0</ele>
   </trkpt>
   <trkpt lat="40.5702170" lon="-3.0690560">
    <ele>939.0</ele>
   </trkpt>
   <trkpt lat="40.5702710" lon="-3.0690840">
    <ele>939.0</ele>
   </trkpt>
   <trkpt lat="40.5703240" lon="-3.0691110">
    <ele>939.0</ele>
   </trkpt>
   <trkpt lat="40.5703810" lon="-3.0691380">
    <ele>939.0</ele>
   </trkpt>
   <trkpt lat="40.5704350" lon="-3.0691660">
    <ele>939.0</ele>
   </trkpt>
   <trkpt lat="40.5704880" lon="-3.0691930">
    <ele>939.0</ele>
   </trkpt>
   <trkpt lat="40.5705410" lon="-3.0692210">
    <ele>939.2</ele>
   </trkpt>
   <trkpt lat="40.5705910" lon="-3.0692480">
    <ele>939.2</ele>
   </trkpt>
   <trkpt lat="40.5706440" lon="-3.0692740">
    <ele>939.2</ele>
   </trkpt>
   <trkpt lat="40.5706980" lon="-3.0693010">
    <ele>939.4</ele>
   </trkpt>
   <trkpt lat="40.5707510" lon="-3.0693280">
    <ele>939.2</ele>
   </trkpt>
   <trkpt lat="40.5708010" lon="-3.0693580">
    <ele>939.2</ele>
   </trkpt>
   <trkpt lat="40.5708540" lon="-3.0693840">
    <ele>939.4</ele>
   </trkpt>
   <trkpt lat="40.5709080" lon="-3.0694090">
    <ele>939.4</ele>
   </trkpt>
   <trkpt lat="40.5709610" lon="-3.0694360">
    <ele>939.6</ele>
   </trkpt>
   <trkpt lat="40.5710110" lon="-3.0694640">
    <ele>939.8</ele>
   </trkpt>
   <trkpt lat="40.5710640" lon="-3.0694920">
    <ele>939.8</ele>
   </trkpt>
   <trkpt lat="40.5711170" lon="-3.0695170">
    <ele>940.0</ele>
   </trkpt>
   <trkpt lat="40.5711710" lon="-3.0695410">
    <ele>940.0</ele>
   </trkpt>
   <trkpt lat="40.5712240" lon="-3.0695670">
    <ele>940.0</ele>
   </trkpt>
   <trkpt lat="40.5712810" lon="-3.0695910">
    <ele>940.0</ele>
   </trkpt>
   <trkpt lat="40.5713350" lon="-3.0696090">
    <ele>939.8</ele>
   </trkpt>
   <trkpt lat="40.5713920" lon="-3.0696180">
    <ele>939.8</ele>
   </trkpt>
   <trkpt lat="40.5714530" lon="-3.0696200">
    <ele>939.6</ele>
   </trkpt>
   <trkpt lat="40.5715060" lon="-3.0696150">
    <ele>939.6</ele>
   </trkpt>
   <trkpt lat="40.5715600" lon="-3.0696070">
    <ele>939.4</ele>
   </trkpt>
   <trkpt lat="40.5716290" lon="-3.0695910">
    <ele>939.4</ele>
   </trkpt>
   <trkpt lat="40.5716860" lon="-3.0695780">
    <ele>939.2</ele>
   </trkpt>
   <trkpt lat="40.5717390" lon="-3.0695690">
    <ele>939.2</ele>
   </trkpt>
   <trkpt lat="40.5718000" lon="-3.0695680">
    <ele>939.0</ele>
   </trkpt>
   <trkpt lat="40.5718570" lon="-3.0695760">
    <ele>938.8</ele>
   </trkpt>
   <trkpt lat="40.5719110" lon="-3.0695940">
    <ele>938.6</ele>
   </trkpt>
   <trkpt lat="40.5719800" lon="-3.0696260">
    <ele>938.4</ele>
   </trkpt>
   <trkpt lat="40.5720370" lon="-3.0696660">
    <ele>938.2</ele>
   </trkpt>
   <trkpt lat="40.5720790" lon="-3.0697110">
    <ele>938.0</ele>
   </trkpt>
   <trkpt lat="40.5721280" lon="-3.0697740">
    <ele>937.8</ele>
   </trkpt>
   <trkpt lat="40.5721850" lon="-3.0698570">
    <ele>937.6</ele>
   </trkpt>
   <trkpt lat="40.5722240" lon="-3.0699380">
    <ele>937.2</ele>
   </trkpt>
   <trkpt lat="40.5722580" lon="-3.0700260">
    <ele>937.0</ele>
   </trkpt>
   <trkpt lat="40.5722850" lon="-3.0701150">
    <ele>936.8</ele>
   </trkpt>
   <trkpt lat="40.5723110" lon="-3.0702020">
    <ele>936.8</ele>
   </trkpt>
   <trkpt lat="40.5723340" lon="-3.0702890">
    <ele>936.8</ele>
   </trkpt>
   <trkpt lat="40.5723610" lon="-3.0703740">
    <ele>936.8</ele>
   </trkpt>
   <trkpt lat="40.5723840" lon="-3.0704530">
    <ele>936.8</ele>
   </trkpt>
   <trkpt lat="40.5724070" lon="-3.0705250">
    <ele>936.8</ele>
   </trkpt>
   <trkpt lat="40.5724410" lon="-3.0706140">
    <ele>936.6</ele>
   </trkpt>
   <trkpt lat="40.5724790" lon="-3.0706850">
    <ele>936.6</ele>
   </trkpt>
   <trkpt lat="40.5725210" lon="-3.0707540">
    <ele>936.6</ele>
   </trkpt>
   <trkpt lat="40.5725670" lon="-3.0708180">
    <ele>936.6</ele>
   </trkpt>
   <trkpt lat="40.5726170" lon="-3.0708800">
    <ele>936.4</ele>
   </trkpt>
   <trkpt lat="40.5726700" lon="-3.0709380">
    <ele>936.4</ele>
   </trkpt>
   <trkpt lat="40.5727230" lon="-3.0709930">
    <ele>936.4</ele>
   </trkpt>
   <trkpt lat="40.5727770" lon="-3.0710450">
    <ele>936.4</ele>
   </trkpt>
   <trkpt lat="40.5728260" lon="-3.0710910">
    <ele>936.4</ele>
   </trkpt>
   <trkpt lat="40.5728950" lon="-3.0711490">
    <ele>936.4</ele>
   </trkpt>
   <trkpt lat="40.5729520" lon="-3.0711930">
    <ele>936.4</ele>
   </trkpt>
   <trkpt lat="40.5730090" lon="-3.0712210">
    <ele>936.6</ele>
   </trkpt>
   <trkpt lat="40.5730670" lon="-3.0712290">
    <ele>936.6</ele>
   </trkpt>
   <trkpt lat="40.5731390" lon="-3.0712220">
    <ele>936.8</ele>
   </trkpt>
   <trkpt lat="40.5732040" lon="-3.0712050">
    <ele>936.8</ele>
   </trkpt>
   <trkpt lat="40.5732610" lon="-3.0711950">
    <ele>937.0</ele>
   </trkpt>
   <trkpt lat="40.5733180" lon="-3.0711970">
    <ele>937.0</ele>
   </trkpt>
   <trkpt lat="40.5733760" lon="-3.0712200">
    <ele>937.2</ele>
   </trkpt>
   <trkpt lat="40.5734290" lon="-3.0712600">
    <ele>937.4</ele>
   </trkpt>
   <trkpt lat="40.5734670" lon="-3.0713170">
    <ele>937.4</ele>
   </trkpt>
   <trkpt lat="40.5734860" lon="-3.0713930">
    <ele>937.4</ele>
   </trkpt>
   <trkpt lat="40.5734940" lon="-3.0714770">
    <ele>937.4</ele>
   </trkpt>
   <trkpt lat="40.5734860" lon="-3.0715610">
    <ele>937.4</ele>
   </trkpt>
   <trkpt lat="40.5734670" lon="-3.0716430">
    <ele>937.2</ele>
   </trkpt>
   <trkpt lat="40.5734440" lon="-3.0717280">
    <ele>937.0</ele>
   </trkpt>
   <trkpt lat="40.5734290" lon="-3.0718180">
    <ele>937.0</ele>
   </trkpt>
   <trkpt lat="40.5734250" lon="-3.0719110">
    <ele>936.8</ele>
   </trkpt>
   <trkpt lat="40.5734440" lon="-3.0719970">
    <ele>936.6</ele>
   </trkpt>
   <trkpt lat="40.5734750" lon="-3.0720770">
    <ele>936.6</ele>
   </trkpt>
   <trkpt lat="40.5735130" lon="-3.0721490">
    <ele>936.6</ele>
   </trkpt>
   <trkpt lat="40.5735510" lon="-3.0722170">
    <ele>936.6</ele>
   </trkpt>
   <trkpt lat="40.5735970" lon="-3.0723010">
    <ele>936.6</ele>
   </trkpt>
   <trkpt lat="40.5736350" lon="-3.0723710">
    <ele>936.8</ele>
   </trkpt>
   <trkpt lat="40.5736730" lon="-3.0724370">
    <ele>936.8</ele>
   </trkpt>
   <trkpt lat="40.5737080" lon="-3.0724950">
    <ele>936.8</ele>
   </trkpt>
   <trkpt lat="40.5737500" lon="-3.0725720">
    <ele>936.8</ele>
   </trkpt>
   <trkpt lat="40.5737880" lon="-3.0726390">
    <ele>936.8</ele>
   </trkpt>
   <trkpt lat="40.5738260" lon="-3.0727080">
    <ele>936.8</ele>
   </trkpt>
   <trkpt lat="40.5738600" lon="-3.0727780">
    <ele>936.8</ele>
   </trkpt>
   <trkpt lat="40.5738980" lon="-3.0728480">
    <ele>936.8</ele>
   </trkpt>
   <trkpt lat="40.5739330" lon="-3.0729170">
    <ele>936.8</ele>
   </trkpt>
   <trkpt lat="40.5739710" lon="-3.0729850">
    <ele>936.8</ele>
   </trkpt>
   <trkpt lat="40.5740050" lon="-3.0730540">
    <ele>936.8</ele>
   </trkpt>
   <trkpt lat="40.5740390" lon="-3.0731180">
    <ele>936.8</ele>
   </trkpt>
   <trkpt lat="40.5740740" lon="-3.0731770">
    <ele>937.0</ele>
   </trkpt>
   <trkpt lat="40.5741120" lon="-3.0732520">
    <ele>937.0</ele>
   </trkpt>
   <trkpt lat="40.5741460" lon="-3.0733180">
    <ele>937.2</ele>
   </trkpt>
   <trkpt lat="40.5741840" lon="-3.0733830">
    <ele>937.2</ele>
   </trkpt>
   <trkpt lat="40.5742190" lon="-3.0734480">
    <ele>937.2</ele>
   </trkpt>
   <trkpt lat="40.5742530" lon="-3.0735140">
    <ele>937.4</ele>
   </trkpt>
   <trkpt lat="40.5742870" lon="-3.0735810">
    <ele>937.4</ele>
   </trkpt>
   <trkpt lat="40.5743220" lon="-3.0736430">
    <ele>937.4</ele>
   </trkpt>
   <trkpt lat="40.5743520" lon="-3.0737020">
    <ele>937.4</ele>
   </trkpt>
   <trkpt lat="40.5743900" lon="-3.0737750">
    <ele>937.6</ele>
   </trkpt>
   <trkpt lat="40.5744250" lon="-3.0738350">
    <ele>937.6</ele>
   </trkpt>
   <trkpt lat="40.5744630" lon="-3.0739080">
    <ele>937.6</ele>
   </trkpt>
   <trkpt lat="40.5744970" lon="-3.0739700">
    <ele>937.6</ele>
   </trkpt>
   <trkpt lat="40.5745280" lon="-3.0740270">
    <ele>937.6</ele>
   </trkpt>
   <trkpt lat="40.5745660" lon="-3.0740950">
    <ele>937.8</ele>
   </trkpt>
   <trkpt lat="40.5746040" lon="-3.0741720">
    <ele>937.8</ele>
   </trkpt>
   <trkpt lat="40.5746380" lon="-3.0742400">
    <ele>937.8</ele>
   </trkpt>
   <trkpt lat="40.5746730" lon="-3.0743070">
    <ele>937.8</ele>
   </trkpt>
   <trkpt lat="40.5747070" lon="-3.0743710">
    <ele>938.0</ele>
   </trkpt>
   <trkpt lat="40.5747410" lon="-3.0744410">
    <ele>937.8</ele>
   </trkpt>
   <trkpt lat="40.5747760" lon="-3.0745080">
    <ele>937.8</ele>
   </trkpt>
   <trkpt lat="40.5748140" lon="-3.0745730">
    <ele>937.8</ele>
   </trkpt>
   <trkpt lat="40.5748480" lon="-3.0746370">
    <ele>938.0</ele>
   </trkpt>
   <trkpt lat="40.5748830" lon="-3.0747040">
    <ele>938.0</ele>
   </trkpt>
   <trkpt lat="40.5749210" lon="-3.0747690">
    <ele>938.0</ele>
   </trkpt>
   <trkpt lat="40.5749550" lon="-3.0748360">
    <ele>938.0</ele>
   </trkpt>
   <trkpt lat="40.5749890" lon="-3.0749010">
    <ele>938.2</ele>
   </trkpt>
   <trkpt lat="40.5750270" lon="-3.0749670">
    <ele>938.2</ele>
   </trkpt>
   <trkpt lat="40.5750620" lon="-3.0750330">
    <ele>938.2</ele>
   </trkpt>
   <trkpt lat="40.5750960" lon="-3.0750980">
    <ele>938.2</ele>
   </trkpt>
   <trkpt lat="40.5751340" lon="-3.0751620">
    <ele>938.2</ele>
   </trkpt>
   <trkpt lat="40.5751610" lon="-3.0752180">
    <ele>938.4</ele>
   </trkpt>
   <trkpt lat="40.5751910" lon="-3.0752870">
    <ele>938.4</ele>
   </trkpt>
   <trkpt lat="40.5752300" lon="-3.0753630">
    <ele>938.4</ele>
   </trkpt>
   <trkpt lat="40.5752640" lon="-3.0754270">
    <ele>938.4</ele>
   </trkpt>
   <trkpt lat="40.5753060" lon="-3.0754850">
    <ele>938.6</ele>
   </trkpt>
   <trkpt lat="40.5753520" lon="-3.0755310">
    <ele>938.6</ele>
   </trkpt>
   <trkpt lat="40.5754090" lon="-3.0755600">
    <ele>938.8</ele>
   </trkpt>
   <trkpt lat="40.5754700" lon="-3.0755720">
    <ele>938.8</ele>
   </trkpt>
   <trkpt lat="40.5755310" lon="-3.0755720">
    <ele>938.8</ele>
   </trkpt>
   <trkpt lat="40.5755840" lon="-3.0755760">
    <ele>939.0</ele>
   </trkpt>
   <trkpt lat="40.5756340" lon="-3.0755960">
    <ele>939.2</ele>
   </trkpt>
   <trkpt lat="40.5756870" lon="-3.0756380">
    <ele>939.2</ele>
   </trkpt>
   <trkpt lat="40.5757180" lon="-3.0756890">
    <ele>939.4</ele>
   </trkpt>
   <trkpt lat="40.5757410" lon="-3.0757470">
    <ele>939.4</ele>
   </trkpt>
   <trkpt lat="40.5757520" lon="-3.0758040">
    <ele>939.6</ele>
   </trkpt>
   <trkpt lat="40.5757560" lon="-3.0758800">
    <ele>939.6</ele>
   </trkpt>
   <trkpt lat="40.5757450" lon="-3.0759650">
    <ele>939.6</ele>
   </trkpt>
   <trkpt lat="40.5757290" lon="-3.0760410">
    <ele>939.6</ele>
   </trkpt>
   <trkpt lat="40.5757140" lon="-3.0761100">
    <ele>939.6</ele>
   </trkpt>
   <trkpt lat="40.5757060" lon="-3.0761760">
    <ele>939.6</ele>
   </trkpt>
   <trkpt lat="40.5757100" lon="-3.0762650">
    <ele>939.4</ele>
   </trkpt>
   <trkpt lat="40.5757290" lon="-3.0763280">
    <ele>939.4</ele>
   </trkpt>
   <trkpt lat="40.5757600" lon="-3.0764030">
    <ele>939.4</ele>
   </trkpt>
   <trkpt lat="40.5757900" lon="-3.0764610">
    <ele>939.2</ele>
   </trkpt>
   <trkpt lat="40.5758320" lon="-3.0765360">
    <ele>939.2</ele>
   </trkpt>
   <trkpt lat="40.5758700" lon="-3.0766010">
    <ele>939.2</ele>
   </trkpt>
   <trkpt lat="40.5759090" lon="-3.0766620">
    <ele>939.2</ele>
   </trkpt>
   <trkpt lat="40.5759430" lon="-3.0767200">
    <ele>939.2</ele>
   </trkpt>
   <trkpt lat="40.5759850" lon="-3.0767950">
    <ele>939.2</ele>
   </trkpt>
   <trkpt lat="40.5760230" lon="-3.0768570">
    <ele>939.2</ele>
   </trkpt>
   <trkpt lat="40.5760650" lon="-3.0769210">
    <ele>939.2</ele>
   </trkpt>
   <trkpt lat="40.5761030" lon="-3.0769820">
    <ele>939.2</ele>
   </trkpt>
   <trkpt lat="40.5761410" lon="-3.0770380">
    <ele>939.2</ele>
   </trkpt>
   <trkpt lat="40.5761790" lon="-3.0770890">
    <ele>939.4</ele>
   </trkpt>
   <trkpt lat="40.5762290" lon="-3.0771520">
    <ele>939.4</ele>
   </trkpt>
   <trkpt lat="40.5762630" lon="-3.0771990">
    <ele>939.4</ele>
   </trkpt>
   <trkpt lat="40.5763090" lon="-3.0772580">
    <ele>939.4</ele>
   </trkpt>
   <trkpt lat="40.5763550" lon="-3.0773200">
    <ele>939.6</ele>
   </trkpt>
   <trkpt lat="40.5763970" lon="-3.0773690">
    <ele>939.6</ele>
   </trkpt>
   <trkpt lat="40.5764310" lon="-3.0774120">
    <ele>939.6</ele>
   </trkpt>
   <trkpt lat="40.5764730" lon="-3.0774630">
    <ele>939.6</ele>
   </trkpt>
   <trkpt lat="40.5765190" lon="-3.0775180">
    <ele>939.6</ele>
   </trkpt>
   <trkpt lat="40.5765690" lon="-3.0775790">
    <ele>939.6</ele>
   </trkpt>
   <trkpt lat="40.5765990" lon="-3.0776190">
    <ele>939.6</ele>
   </trkpt>
   <trkpt lat="40.5766490" lon="-3.0776790">
    <ele>939.6</ele>
   </trkpt>
   <trkpt lat="40.5766940" lon="-3.0777380">
    <ele>939.4</ele>
   </trkpt>
   <trkpt lat="40.5767360" lon="-3.0777930">
    <ele>939.4</ele>
   </trkpt>
   <trkpt lat="40.5767820" lon="-3.0778490">
    <ele>939.4</ele>
   </trkpt>
   <trkpt lat="40.5768320" lon="-3.0779100">
    <ele>939.2</ele>
   </trkpt>
   <trkpt lat="40.5768700" lon="-3.0779600">
    <ele>939.2</ele>
   </trkpt>
   <trkpt lat="40.5769160" lon="-3.0780190">
    <ele>939.4</ele>
   </trkpt>
   <trkpt lat="40.5769690" lon="-3.0780840">
    <ele>939.4</ele>
   </trkpt>
   <trkpt lat="40.5770110" lon="-3.0781370">
    <ele>939.4</ele>
   </trkpt>
   <trkpt lat="40.5770570" lon="-3.0781910">
    <ele>939.4</ele>
   </trkpt>
   <trkpt lat="40.5770950" lon="-3.0782430">
    <ele>939.4</ele>
   </trkpt>
   <trkpt lat="40.5771330" lon="-3.0782910">
    <ele>939.4</ele>
   </trkpt>
   <trkpt lat="40.5771830" lon="-3.0783520">
    <ele>939.4</ele>
   </trkpt>
   <trkpt lat="40.5772250" lon="-3.0784040">
    <ele>939.6</ele>
   </trkpt>
   <trkpt lat="40.5772670" lon="-3.0784500">
    <ele>939.6</ele>
   </trkpt>
   <trkpt lat="40.5773090" lon="-3.0784920">
    <ele>939.6</ele>
   </trkpt>
   <trkpt lat="40.5773620" lon="-3.0785380">
    <ele>939.6</ele>
   </trkpt>
   <trkpt lat="40.5774080" lon="-3.0785660">
    <ele>939.6</ele>
   </trkpt>
   <trkpt lat="40.5774570" lon="-3.0785980">
    <ele>939.8</ele>
   </trkpt>
   <trkpt lat="40.5775150" lon="-3.0786270">
    <ele>940.0</ele>
   </trkpt>
   <trkpt lat="40.5775680" lon="-3.0786560">
    <ele>940.2</ele>
   </trkpt>
   <trkpt lat="40.5776250" lon="-3.0786800">
    <ele>940.2</ele>
   </trkpt>
   <trkpt lat="40.5776820" lon="-3.0787020">
    <ele>940.2</ele>
   </trkpt>
   <trkpt lat="40.5777320" lon="-3.0787180">
    <ele>940.4</ele>
   </trkpt>
   <trkpt lat="40.5777780" lon="-3.0787310">
    <ele>940.4</ele>
   </trkpt>
   <trkpt lat="40.5778350" lon="-3.0787500">
    <ele>940.4</ele>
   </trkpt>
   <trkpt lat="40.5778920" lon="-3.0787710">
    <ele>940.6</ele>
   </trkpt>
   <trkpt lat="40.5779420" lon="-3.0787890">
    <ele>940.6</ele>
   </trkpt>
   <trkpt lat="40.5779910" lon="-3.0788040">
    <ele>940.6</ele>
   </trkpt>
   <trkpt lat="40.5780410" lon="-3.0788200">
    <ele>940.6</ele>
   </trkpt>
   <trkpt lat="40.5781020" lon="-3.0788410">
    <ele>940.6</ele>
   </trkpt>
   <trkpt lat="40.5781550" lon="-3.0788590">
    <ele>940.8</ele>
   </trkpt>
   <trkpt lat="40.5782050" lon="-3.0788750">
    <ele>941.0</ele>
   </trkpt>
   <trkpt lat="40.5782510" lon="-3.0788880">
    <ele>941.0</ele>
   </trkpt>
   <trkpt lat="40.5783080" lon="-3.0789050">
    <ele>941.0</ele>
   </trkpt>
   <trkpt lat="40.5783650" lon="-3.0789260">
    <ele>941.0</ele>
   </trkpt>
   <trkpt lat="40.5784150" lon="-3.0789430">
    <ele>941.0</ele>
   </trkpt>
   <trkpt lat="40.5784610" lon="-3.0789600">
    <ele>941.0</ele>
   </trkpt>
   <trkpt lat="40.5785140" lon="-3.0789800">
    <ele>941.0</ele>
   </trkpt>
   <trkpt lat="40.5785640" lon="-3.0789950">
    <ele>941.2</ele>
   </trkpt>
   <trkpt lat="40.5786210" lon="-3.0790150">
    <ele>941.2</ele>
   </trkpt>
   <trkpt lat="40.5786630" lon="-3.0790270">
    <ele>941.2</ele>
   </trkpt>
   <trkpt lat="40.5787160" lon="-3.0790440">
    <ele>941.2</ele>
   </trkpt>
   <trkpt lat="40.5787730" lon="-3.0790600">
    <ele>941.2</ele>
   </trkpt>
   <trkpt lat="40.5788230" lon="-3.0790730">
    <ele>941.4</ele>
   </trkpt>
   <trkpt lat="40.5788690" lon="-3.0790840">
    <ele>941.4</ele>
   </trkpt>
   <trkpt lat="40.5789110" lon="-3.0790930">
    <ele>941.4</ele>
   </trkpt>
   <trkpt lat="40.5789680" lon="-3.0791040">
    <ele>941.6</ele>
   </trkpt>
   <trkpt lat="40.5790250" lon="-3.0791150">
    <ele>941.6</ele>
   </trkpt>
   <trkpt lat="40.5790750" lon="-3.0791210">
    <ele>941.6</ele>
   </trkpt>
   <trkpt lat="40.5791240" lon="-3.0791270">
    <ele>941.6</ele>
   </trkpt>
   <trkpt lat="40.5791660" lon="-3.0791270">
    <ele>941.8</ele>
   </trkpt>
   <trkpt lat="40.5792240" lon="-3.0791260">
    <ele>941.8</ele>
   </trkpt>
   <trkpt lat="40.5792620" lon="-3.0791220">
    <ele>942.2</ele>
   </trkpt>
   <trkpt lat="40.5792960" lon="-3.0791140">
    <ele>942.4</ele>
   </trkpt>
   <trkpt lat="40.5793270" lon="-3.0791040">
    <ele>942.6</ele>
   </trkpt>
   <trkpt lat="40.5793570" lon="-3.0790920">
    <ele>943.0</ele>
   </trkpt>
   <trkpt lat="40.5793840" lon="-3.0790780">
    <ele>943.2</ele>
   </trkpt>
   <trkpt lat="40.5794110" lon="-3.0790630">
    <ele>943.6</ele>
   </trkpt>
   <trkpt lat="40.5794330" lon="-3.0790460">
    <ele>944.0</ele>
   </trkpt>
   <trkpt lat="40.5794520" lon="-3.0790310">
    <ele>944.4</ele>
   </trkpt>
   <trkpt lat="40.5794790" lon="-3.0790150">
    <ele>944.6</ele>
   </trkpt>
   <trkpt lat="40.5795020" lon="-3.0789950">
    <ele>945.0</ele>
   </trkpt>
   <trkpt lat="40.5795170" lon="-3.0789800">
    <ele>945.2</ele>
   </trkpt>
   <trkpt lat="40.5795360" lon="-3.0789560">
    <ele>945.6</ele>
   </trkpt>
   <trkpt lat="40.5795590" lon="-3.0789290">
    <ele>945.8</ele>
   </trkpt>
   <trkpt lat="40.5795780" lon="-3.0789070">
    <ele>946.0</ele>
   </trkpt>
   <trkpt lat="40.5795970" lon="-3.0788850">
    <ele>946.4</ele>
   </trkpt>
   <trkpt lat="40.5796200" lon="-3.0788640">
    <ele>946.6</ele>
   </trkpt>
   <trkpt lat="40.5796360" lon="-3.0788410">
    <ele>947.0</ele>
   </trkpt>
   <trkpt lat="40.5796550" lon="-3.0788090">
    <ele>947.2</ele>
   </trkpt>
   <trkpt lat="40.5796700" lon="-3.0787800">
    <ele>947.6</ele>
   </trkpt>
   <trkpt lat="40.5796810" lon="-3.0787510">
    <ele>947.8</ele>
   </trkpt>
   <trkpt lat="40.5796930" lon="-3.0787270">
    <ele>948.2</ele>
   </trkpt>
   <trkpt lat="40.5797120" lon="-3.0786990">
    <ele>948.4</ele>
   </trkpt>
   <trkpt lat="40.5797310" lon="-3.0786760">
    <ele>948.8</ele>
   </trkpt>
   <trkpt lat="40.5797460" lon="-3.0786520">
    <ele>949.0</ele>
   </trkpt>
   <trkpt lat="40.5797650" lon="-3.0786220">
    <ele>949.2</ele>
   </trkpt>
   <trkpt lat="40.5797810" lon="-3.0785920">
    <ele>949.6</ele>
   </trkpt>
   <trkpt lat="40.5798000" lon="-3.0785640">
    <ele>949.8</ele>
   </trkpt>
   <trkpt lat="40.5798190" lon="-3.0785380">
    <ele>950.2</ele>
   </trkpt>
   <trkpt lat="40.5798380" lon="-3.0785140">
    <ele>950.4</ele>
   </trkpt>
   <trkpt lat="40.5798530" lon="-3.0784910">
    <ele>950.6</ele>
   </trkpt>
   <trkpt lat="40.5798760" lon="-3.0784630">
    <ele>950.8</ele>
   </trkpt>
   <trkpt lat="40.5799030" lon="-3.0784400">
    <ele>951.0</ele>
   </trkpt>
   <trkpt lat="40.5799290" lon="-3.0784190">
    <ele>951.2</ele>
   </trkpt>
   <trkpt lat="40.5799520" lon="-3.0784040">
    <ele>951.4</ele>
   </trkpt>
   <trkpt lat="40.5799790" lon="-3.0783940">
    <ele>951.4</ele>
   </trkpt>
   <trkpt lat="40.5800090" lon="-3.0783820">
    <ele>951.6</ele>
   </trkpt>
   <trkpt lat="40.5800400" lon="-3.0783740">
    <ele>951.8</ele>
   </trkpt>
   <trkpt lat="40.5800740" lon="-3.0783690">
    <ele>951.8</ele>
   </trkpt>
   <trkpt lat="40.5801010" lon="-3.0783640">
    <ele>951.8</ele>
   </trkpt>
   <trkpt lat="40.5801350" lon="-3.0783590">
    <ele>951.8</ele>
   </trkpt>
   <trkpt lat="40.5801660" lon="-3.0783570">
    <ele>951.8</ele>
   </trkpt>
   <trkpt lat="40.5802000" lon="-3.0783570">
    <ele>951.8</ele>
   </trkpt>
   <trkpt lat="40.5802350" lon="-3.0783580">
    <ele>951.8</ele>
   </trkpt>
   <trkpt lat="40.5802730" lon="-3.0783580">
    <ele>951.8</ele>
   </trkpt>
   <trkpt lat="40.5803070" lon="-3.0783560">
    <ele>952.0</ele>
   </trkpt>
   <trkpt lat="40.5803530" lon="-3.0783550">
    <ele>952.0</ele>
   </trkpt>
   <trkpt lat="40.5803830" lon="-3.0783560">
    <ele>952.0</ele>
   </trkpt>
   <trkpt lat="40.5804250" lon="-3.0783600">
    <ele>951.8</ele>
   </trkpt>
   <trkpt lat="40.5804710" lon="-3.0783670">
    <ele>951.8</ele>
   </trkpt>
   <trkpt lat="40.5805170" lon="-3.0783790">
    <ele>951.8</ele>
   </trkpt>
   <trkpt lat="40.5805590" lon="-3.0783990">
    <ele>951.6</ele>
   </trkpt>
   <trkpt lat="40.5805930" lon="-3.0784340">
    <ele>951.4</ele>
   </trkpt>
   <trkpt lat="40.5806120" lon="-3.0784800">
    <ele>951.2</ele>
   </trkpt>
   <trkpt lat="40.5806310" lon="-3.0785520">
    <ele>950.8</ele>
   </trkpt>
   <trkpt lat="40.5806310" lon="-3.0786270">
    <ele>950.4</ele>
   </trkpt>
   <trkpt lat="40.5806200" lon="-3.0787080">
    <ele>950.0</ele>
   </trkpt>
   <trkpt lat="40.5806050" lon="-3.0787920">
    <ele>949.6</ele>
   </trkpt>
   <trkpt lat="40.5805930" lon="-3.0788830">
    <ele>949.2</ele>
   </trkpt>
   <trkpt lat="40.5805820" lon="-3.0789780">
    <ele>948.6</ele>
   </trkpt>
   <trkpt lat="40.5805660" lon="-3.0790770">
    <ele>948.0</ele>
   </trkpt>
   <trkpt lat="40.5805550" lon="-3.0791790">
    <ele>947.2</ele>
   </trkpt>
   <trkpt lat="40.5805470" lon="-3.0792870">
    <ele>946.6</ele>
   </trkpt>
   <trkpt lat="40.5805400" lon="-3.0793980">
    <ele>946.0</ele>
   </trkpt>
   <trkpt lat="40.5805360" lon="-3.0795120">
    <ele>945.4</ele>
   </trkpt>
   <trkpt lat="40.5805320" lon="-3.0796250">
    <ele>944.6</ele>
   </trkpt>
   <trkpt lat="40.5805320" lon="-3.0797360">
    <ele>944.0</ele>
   </trkpt>
   <trkpt lat="40.5805360" lon="-3.0798760">
    <ele>943.6</ele>
   </trkpt>
   <trkpt lat="40.5805400" lon="-3.0799980">
    <ele>943.2</ele>
   </trkpt>
   <trkpt lat="40.5805470" lon="-3.0801150">
    <ele>943.0</ele>
   </trkpt>
   <trkpt lat="40.5805550" lon="-3.0802250">
    <ele>943.0</ele>
   </trkpt>
   <trkpt lat="40.5805630" lon="-3.0803320">
    <ele>943.0</ele>
   </trkpt>
   <trkpt lat="40.5805740" lon="-3.0804330">
    <ele>943.0</ele>
   </trkpt>
   <trkpt lat="40.5805850" lon="-3.0805330">
    <ele>943.0</ele>
   </trkpt>
   <trkpt lat="40.5806010" lon="-3.0806300">
    <ele>943.0</ele>
   </trkpt>
   <trkpt lat="40.5806160" lon="-3.0807140">
    <ele>943.2</ele>
   </trkpt>
   <trkpt lat="40.5806390" lon="-3.0808150">
    <ele>943.2</ele>
   </trkpt>
   <trkpt lat="40.5806620" lon="-3.0809270">
    <ele>943.2</ele>
   </trkpt>
   <trkpt lat="40.5806810" lon="-3.0810180">
    <ele>943.4</ele>
   </trkpt>
   <trkpt lat="40.5807000" lon="-3.0811000">
    <ele>943.4</ele>
   </trkpt>
   <trkpt lat="40.5807270" lon="-3.0811970">
    <ele>943.4</ele>
   </trkpt>
   <trkpt lat="40.5807530" lon="-3.0813030">
    <ele>943.6</ele>
   </trkpt>
   <trkpt lat="40.5807760" lon="-3.0813950">
    <ele>943.8</ele>
   </trkpt>
   <trkpt lat="40.5808030" lon="-3.0814840">
    <ele>944.0</ele>
   </trkpt>
   <trkpt lat="40.5808260" lon="-3.0815750">
    <ele>944.2</ele>
   </trkpt>
   <trkpt lat="40.5808490" lon="-3.0816640">
    <ele>944.4</ele>
   </trkpt>
   <trkpt lat="40.5808720" lon="-3.0817520">
    <ele>944.4</ele>
   </trkpt>
   <trkpt lat="40.5808980" lon="-3.0818400">
    <ele>944.6</ele>
   </trkpt>
   <trkpt lat="40.5809210" lon="-3.0819260">
    <ele>944.6</ele>
   </trkpt>
   <trkpt lat="40.5809440" lon="-3.0820110">
    <ele>944.8</ele>
   </trkpt>
   <trkpt lat="40.5809710" lon="-3.0820940">
    <ele>945.2</ele>
   </trkpt>
   <trkpt lat="40.5809970" lon="-3.0821750">
    <ele>945.4</ele>
   </trkpt>
   <trkpt lat="40.5810240" lon="-3.0822590">
    <ele>945.4</ele>
   </trkpt>
   <trkpt lat="40.5810510" lon="-3.0823410">
    <ele>945.6</ele>
   </trkpt>
   <trkpt lat="40.5810740" lon="-3.0824210">
    <ele>945.6</ele>
   </trkpt>
   <trkpt lat="40.5811000" lon="-3.0824990">
    <ele>945.8</ele>
   </trkpt>
   <trkpt lat="40.5811270" lon="-3.0825760">
    <ele>946.0</ele>
   </trkpt>
   <trkpt lat="40.5811540" lon="-3.0826540">
    <ele>946.2</ele>
   </trkpt>
   <trkpt lat="40.5811810" lon="-3.0827310">
    <ele>946.2</ele>
   </trkpt>
   <trkpt lat="40.5812070" lon="-3.0828090">
    <ele>946.4</ele>
   </trkpt>
   <trkpt lat="40.5812340" lon="-3.0828850">
    <ele>946.6</ele>
   </trkpt>
   <trkpt lat="40.5812640" lon="-3.0829600">
    <ele>946.8</ele>
   </trkpt>
   <trkpt lat="40.5812870" lon="-3.0830320">
    <ele>946.8</ele>
   </trkpt>
   <trkpt lat="40.5813100" lon="-3.0831010">
    <ele>946.8</ele>
   </trkpt>
   <trkpt lat="40.5813410" lon="-3.0831900">
    <ele>947.0</ele>
   </trkpt>
   <trkpt lat="40.5813680" lon="-3.0832680">
    <ele>947.2</ele>
   </trkpt>
   <trkpt lat="40.5813980" lon="-3.0833460">
    <ele>947.4</ele>
   </trkpt>
   <trkpt lat="40.5814210" lon="-3.0834240">
    <ele>947.4</ele>
   </trkpt>
   <trkpt lat="40.5814480" lon="-3.0835010">
    <ele>947.6</ele>
   </trkpt>
   <trkpt lat="40.5814740" lon="-3.0835790">
    <ele>947.6</ele>
   </trkpt>
   <trkpt lat="40.5815010" lon="-3.0836570">
    <ele>948.0</ele>
   </trkpt>
   <trkpt lat="40.5815280" lon="-3.0837320">
    <ele>948.2</ele>
   </trkpt>
   <trkpt lat="40.5815540" lon="-3.0838090">
    <ele>948.4</ele>
   </trkpt>
   <trkpt lat="40.5815770" lon="-3.0838830">
    <ele>948.6</ele>
   </trkpt>
   <trkpt lat="40.5816080" lon="-3.0839580">
    <ele>948.8</ele>
   </trkpt>
   <trkpt lat="40.5816340" lon="-3.0840330">
    <ele>948.8</ele>
   </trkpt>
   <trkpt lat="40.5816610" lon="-3.0841060">
    <ele>948.8</ele>
   </trkpt>
   <trkpt lat="40.5816880" lon="-3.0841790">
    <ele>948.8</ele>
   </trkpt>
   <trkpt lat="40.5817180" lon="-3.0842520">
    <ele>949.0</ele>
   </trkpt>
   <trkpt lat="40.5817450" lon="-3.0843260">
    <ele>949.0</ele>
   </trkpt>
   <trkpt lat="40.5817760" lon="-3.0844000">
    <ele>949.0</ele>
   </trkpt>
   <trkpt lat="40.5818020" lon="-3.0844720">
    <ele>949.2</ele>
   </trkpt>
   <trkpt lat="40.5818330" lon="-3.0845470">
    <ele>949.2</ele>
   </trkpt>
   <trkpt lat="40.5818670" lon="-3.0846200">
    <ele>949.4</ele>
   </trkpt>
   <trkpt lat="40.5818980" lon="-3.0846930">
    <ele>949.6</ele>
   </trkpt>
   <trkpt lat="40.5819280" lon="-3.0847630">
    <ele>949.8</ele>
   </trkpt>
   <trkpt lat="40.5819630" lon="-3.0848350">
    <ele>950.0</ele>
   </trkpt>
   <trkpt lat="40.5819930" lon="-3.0849090">
    <ele>950.2</ele>
   </trkpt>
   <trkpt lat="40.5820270" lon="-3.0849820">
    <ele>950.2</ele>
   </trkpt>
   <trkpt lat="40.5820540" lon="-3.0850510">
    <ele>950.4</ele>
   </trkpt>
   <trkpt lat="40.5820850" lon="-3.0851140">
    <ele>950.2</ele>
   </trkpt>
   <trkpt lat="40.5821270" lon="-3.0851980">
    <ele>950.2</ele>
   </trkpt>
   <trkpt lat="40.5821610" lon="-3.0852710">
    <ele>950.4</ele>
   </trkpt>
   <trkpt lat="40.5821950" lon="-3.0853440">
    <ele>950.4</ele>
   </trkpt>
   <trkpt lat="40.5822300" lon="-3.0854130">
    <ele>950.4</ele>
   </trkpt>
   <trkpt lat="40.5822680" lon="-3.0854820">
    <ele>950.4</ele>
   </trkpt>
   <trkpt lat="40.5823020" lon="-3.0855500">
    <ele>950.4</ele>
   </trkpt>
   <trkpt lat="40.5823360" lon="-3.0856180">
    <ele>950.6</ele>
   </trkpt>
   <trkpt lat="40.5823750" lon="-3.0856870">
    <ele>950.6</ele>
   </trkpt>
   <trkpt lat="40.5824130" lon="-3.0857560">
    <ele>950.6</ele>
   </trkpt>
   <trkpt lat="40.5824470" lon="-3.0858230">
    <ele>950.8</ele>
   </trkpt>
   <trkpt lat="40.5824810" lon="-3.0858870">
    <ele>950.8</ele>
   </trkpt>
   <trkpt lat="40.5825200" lon="-3.0859480">
    <ele>950.8</ele>
   </trkpt>
   <trkpt lat="40.5825500" lon="-3.0860060">
    <ele>951.0</ele>
   </trkpt>
   <trkpt lat="40.5825960" lon="-3.0860830">
    <ele>950.8</ele>
   </trkpt>
   <trkpt lat="40.5826340" lon="-3.0861510">
    <ele>950.8</ele>
   </trkpt>
   <trkpt lat="40.5826760" lon="-3.0862210">
    <ele>950.8</ele>
   </trkpt>
   <trkpt lat="40.5827140" lon="-3.0862930">
    <ele>950.8</ele>
   </trkpt>
   <trkpt lat="40.5827600" lon="-3.0863630">
    <ele>950.8</ele>
   </trkpt>
   <trkpt lat="40.5828020" lon="-3.0864330">
    <ele>950.6</ele>
   </trkpt>
   <trkpt lat="40.5828440" lon="-3.0865020">
    <ele>950.6</ele>
   </trkpt>
   <trkpt lat="40.5828900" lon="-3.0865740">
    <ele>950.8</ele>
   </trkpt>
   <trkpt lat="40.5829350" lon="-3.0866430">
    <ele>950.6</ele>
   </trkpt>
   <trkpt lat="40.5829810" lon="-3.0867120">
    <ele>950.6</ele>
   </trkpt>
   <trkpt lat="40.5830310" lon="-3.0867830">
    <ele>950.4</ele>
   </trkpt>
   <trkpt lat="40.5830730" lon="-3.0868480">
    <ele>950.2</ele>
   </trkpt>
   <trkpt lat="40.5831150" lon="-3.0869120">
    <ele>950.0</ele>
   </trkpt>
   <trkpt lat="40.5831760" lon="-3.0869940">
    <ele>949.8</ele>
   </trkpt>
   <trkpt lat="40.5832250" lon="-3.0870640">
    <ele>949.6</ele>
   </trkpt>
   <trkpt lat="40.5832790" lon="-3.0871320">
    <ele>949.6</ele>
   </trkpt>
   <trkpt lat="40.5833280" lon="-3.0872010">
    <ele>949.4</ele>
   </trkpt>
   <trkpt lat="40.5833820" lon="-3.0872700">
    <ele>949.2</ele>
   </trkpt>
   <trkpt lat="40.5834310" lon="-3.0873350">
    <ele>949.2</ele>
   </trkpt>
   <trkpt lat="40.5834850" lon="-3.0874010">
    <ele>949.0</ele>
   </trkpt>
   <trkpt lat="40.5835340" lon="-3.0874680">
    <ele>948.8</ele>
   </trkpt>
   <trkpt lat="40.5835880" lon="-3.0875360">
    <ele>948.6</ele>
   </trkpt>
   <trkpt lat="40.5836410" lon="-3.0876050">
    <ele>948.4</ele>
   </trkpt>
   <trkpt lat="40.5836940" lon="-3.0876710">
    <ele>948.2</ele>
   </trkpt>
   <trkpt lat="40.5837520" lon="-3.0877370">
    <ele>948.0</ele>
   </trkpt>
   <trkpt lat="40.5838050" lon="-3.0878010">
    <ele>947.8</ele>
   </trkpt>
   <trkpt lat="40.5838580" lon="-3.0878650">
    <ele>947.6</ele>
   </trkpt>
   <trkpt lat="40.5839120" lon="-3.0879310">
    <ele>947.6</ele>
   </trkpt>
   <trkpt lat="40.5839650" lon="-3.0879980">
    <ele>947.4</ele>
   </trkpt>
   <trkpt lat="40.5840190" lon="-3.0880670">
    <ele>947.2</ele>
   </trkpt>
   <trkpt lat="40.5840720" lon="-3.0881330">
    <ele>947.0</ele>
   </trkpt>
   <trkpt lat="40.5841290" lon="-3.0882030">
    <ele>946.6</ele>
   </trkpt>
   <trkpt lat="40.5841900" lon="-3.0882720">
    <ele>946.2</ele>
   </trkpt>
   <trkpt lat="40.5842510" lon="-3.0883410">
    <ele>946.0</ele>
   </trkpt>
   <trkpt lat="40.5843090" lon="-3.0884130">
    <ele>945.8</ele>
   </trkpt>
   <trkpt lat="40.5843700" lon="-3.0884860">
    <ele>945.4</ele>
   </trkpt>
   <trkpt lat="40.5844350" lon="-3.0885610">
    <ele>945.0</ele>
   </trkpt>
   <trkpt lat="40.5844960" lon="-3.0886380">
    <ele>944.6</ele>
   </trkpt>
   <trkpt lat="40.5845570" lon="-3.0887160">
    <ele>944.2</ele>
   </trkpt>
   <trkpt lat="40.5846210" lon="-3.0887970">
    <ele>944.0</ele>
   </trkpt>
   <trkpt lat="40.5846860" lon="-3.0888790">
    <ele>943.6</ele>
   </trkpt>
   <trkpt lat="40.5847590" lon="-3.0889620">
    <ele>943.2</ele>
   </trkpt>
   <trkpt lat="40.5848240" lon="-3.0890450">
    <ele>942.6</ele>
   </trkpt>
   <trkpt lat="40.5848920" lon="-3.0891280">
    <ele>942.2</ele>
   </trkpt>
   <trkpt lat="40.5849650" lon="-3.0892150">
    <ele>941.8</ele>
   </trkpt>
   <trkpt lat="40.5850330" lon="-3.0892970">
    <ele>941.4</ele>
   </trkpt>
   <trkpt lat="40.5851060" lon="-3.0893800">
    <ele>941.0</ele>
   </trkpt>
   <trkpt lat="40.5851780" lon="-3.0894650">
    <ele>940.2</ele>
   </trkpt>
   <trkpt lat="40.5852550" lon="-3.0895520">
    <ele>939.4</ele>
   </trkpt>
   <trkpt lat="40.5853270" lon="-3.0896420">
    <ele>939.0</ele>
   </trkpt>
   <trkpt lat="40.5854000" lon="-3.0897310">
    <ele>938.4</ele>
   </trkpt>
   <trkpt lat="40.5854720" lon="-3.0898190">
    <ele>937.8</ele>
   </trkpt>
   <trkpt lat="40.5855480" lon="-3.0899070">
    <ele>937.4</ele>
   </trkpt>
   <trkpt lat="40.5856210" lon="-3.0899950">
    <ele>936.8</ele>
   </trkpt>
   <trkpt lat="40.5856930" lon="-3.0900810">
    <ele>936.6</ele>
   </trkpt>
   <trkpt lat="40.5857620" lon="-3.0901680">
    <ele>936.2</ele>
   </trkpt>
   <trkpt lat="40.5858340" lon="-3.0902550">
    <ele>935.8</ele>
   </trkpt>
   <trkpt lat="40.5859070" lon="-3.0903420">
    <ele>935.4</ele>
   </trkpt>
   <trkpt lat="40.5859790" lon="-3.0904310">
    <ele>935.2</ele>
   </trkpt>
   <trkpt lat="40.5860520" lon="-3.0905190">
    <ele>935.0</ele>
   </trkpt>
   <trkpt lat="40.5861240" lon="-3.0906070">
    <ele>934.8</ele>
   </trkpt>
   <trkpt lat="40.5861970" lon="-3.0906950">
    <ele>934.6</ele>
   </trkpt>
   <trkpt lat="40.5862620" lon="-3.0907790">
    <ele>934.2</ele>
   </trkpt>
   <trkpt lat="40.5863300" lon="-3.0908630">
    <ele>934.0</ele>
   </trkpt>
   <trkpt lat="40.5863990" lon="-3.0909470">
    <ele>934.0</ele>
   </trkpt>
   <trkpt lat="40.5864680" lon="-3.0910290">
    <ele>933.8</ele>
   </trkpt>
   <trkpt lat="40.5865360" lon="-3.0911110">
    <ele>933.4</ele>
   </trkpt>
   <trkpt lat="40.5866050" lon="-3.0911950">
    <ele>933.0</ele>
   </trkpt>
   <trkpt lat="40.5866740" lon="-3.0912770">
    <ele>932.8</ele>
   </trkpt>
   <trkpt lat="40.5867420" lon="-3.0913610">
    <ele>932.8</ele>
   </trkpt>
   <trkpt lat="40.5868150" lon="-3.0914450">
    <ele>932.6</ele>
   </trkpt>
   <trkpt lat="40.5868840" lon="-3.0915280">
    <ele>932.8</ele>
   </trkpt>
   <trkpt lat="40.5869480" lon="-3.0916110">
    <ele>932.6</ele>
   </trkpt>
   <trkpt lat="40.5870170" lon="-3.0916920">
    <ele>932.4</ele>
   </trkpt>
   <trkpt lat="40.5870820" lon="-3.0917750">
    <ele>932.4</ele>
   </trkpt>
   <trkpt lat="40.5871510" lon="-3.0918570">
    <ele>932.2</ele>
   </trkpt>
   <trkpt lat="40.5872230" lon="-3.0919370">
    <ele>932.2</ele>
   </trkpt>
   <trkpt lat="40.5872920" lon="-3.0920180">
    <ele>932.0</ele>
   </trkpt>
   <trkpt lat="40.5873570" lon="-3.0921010">
    <ele>931.8</ele>
   </trkpt>
   <trkpt lat="40.5874250" lon="-3.0921820">
    <ele>931.6</ele>
   </trkpt>
   <trkpt lat="40.5874940" lon="-3.0922650">
    <ele>931.2</ele>
   </trkpt>
   <trkpt lat="40.5875630" lon="-3.0923480">
    <ele>931.0</ele>
   </trkpt>
   <trkpt lat="40.5876350" lon="-3.0924290">
    <ele>930.8</ele>
   </trkpt>
   <trkpt lat="40.5877000" lon="-3.0925100">
    <ele>930.6</ele>
   </trkpt>
   <trkpt lat="40.5877650" lon="-3.0925900">
    <ele>930.4</ele>
   </trkpt>
   <trkpt lat="40.5878300" lon="-3.0926700">
    <ele>930.4</ele>
   </trkpt>
   <trkpt lat="40.5878940" lon="-3.0927470">
    <ele>930.2</ele>
   </trkpt>
   <trkpt lat="40.5879590" lon="-3.0928230">
    <ele>930.4</ele>
   </trkpt>
   <trkpt lat="40.5880200" lon="-3.0928970">
    <ele>930.4</ele>
   </trkpt>
   <trkpt lat="40.5880810" lon="-3.0929700">
    <ele>930.4</ele>
   </trkpt>
   <trkpt lat="40.5881420" lon="-3.0930420">
    <ele>930.6</ele>
   </trkpt>
   <trkpt lat="40.5882000" lon="-3.0931100">
    <ele>930.6</ele>
   </trkpt>
   <trkpt lat="40.5882610" lon="-3.0931750">
    <ele>930.6</ele>
   </trkpt>
   <trkpt lat="40.5883220" lon="-3.0932370">
    <ele>930.8</ele>
   </trkpt>
   <trkpt lat="40.5883790" lon="-3.0932980">
    <ele>931.0</ele>
   </trkpt>
   <trkpt lat="40.5884360" lon="-3.0933600">
    <ele>931.0</ele>
   </trkpt>
   <trkpt lat="40.5884930" lon="-3.0934200">
    <ele>931.2</ele>
   </trkpt>
   <trkpt lat="40.5885390" lon="-3.0934780">
    <ele>931.0</ele>
   </trkpt>
   <trkpt lat="40.5886040" lon="-3.0935520">
    <ele>931.2</ele>
   </trkpt>
   <trkpt lat="40.5886570" lon="-3.0936160">
    <ele>931.2</ele>
   </trkpt>
   <trkpt lat="40.5887110" lon="-3.0936770">
    <ele>931.2</ele>
   </trkpt>
   <trkpt lat="40.5887530" lon="-3.0937290">
    <ele>931.2</ele>
   </trkpt>
   <trkpt lat="40.5888100" lon="-3.0937940">
    <ele>931.2</ele>
   </trkpt>
   <trkpt lat="40.5888630" lon="-3.0938630">
    <ele>931.4</ele>
   </trkpt>
   <trkpt lat="40.5889130" lon="-3.0939200">
    <ele>931.4</ele>
   </trkpt>
   <trkpt lat="40.5889660" lon="-3.0939800">
    <ele>931.6</ele>
   </trkpt>
   <trkpt lat="40.5890160" lon="-3.0940380">
    <ele>931.8</ele>
   </trkpt>
   <trkpt lat="40.5890690" lon="-3.0940940">
    <ele>931.8</ele>
   </trkpt>
   <trkpt lat="40.5891230" lon="-3.0941490">
    <ele>932.0</ele>
   </trkpt>
   <trkpt lat="40.5891760" lon="-3.0942040">
    <ele>932.0</ele>
   </trkpt>
   <trkpt lat="40.5892300" lon="-3.0942580">
    <ele>932.0</ele>
   </trkpt>
   <trkpt lat="40.5892830" lon="-3.0943080">
    <ele>932.0</ele>
   </trkpt>
   <trkpt lat="40.5893360" lon="-3.0943580">
    <ele>932.0</ele>
   </trkpt>
   <trkpt lat="40.5893900" lon="-3.0944040">
    <ele>932.2</ele>
   </trkpt>
   <trkpt lat="40.5894470" lon="-3.0944500">
    <ele>932.2</ele>
   </trkpt>
   <trkpt lat="40.5895000" lon="-3.0944950">
    <ele>932.2</ele>
   </trkpt>
   <trkpt lat="40.5895540" lon="-3.0945360">
    <ele>932.4</ele>
   </trkpt>
   <trkpt lat="40.5896110" lon="-3.0945740">
    <ele>932.4</ele>
   </trkpt>
   <trkpt lat="40.5896610" lon="-3.0946070">
    <ele>932.6</ele>
   </trkpt>
   <trkpt lat="40.5897100" lon="-3.0946390">
    <ele>933.0</ele>
   </trkpt>
   <trkpt lat="40.5897600" lon="-3.0946670">
    <ele>933.2</ele>
   </trkpt>
   <trkpt lat="40.5898060" lon="-3.0946930">
    <ele>933.4</ele>
   </trkpt>
   <trkpt lat="40.5898510" lon="-3.0947190">
    <ele>933.6</ele>
   </trkpt>
   <trkpt lat="40.5898890" lon="-3.0947400">
    <ele>934.0</ele>
   </trkpt>
   <trkpt lat="40.5899280" lon="-3.0947580">
    <ele>934.2</ele>
   </trkpt>
   <trkpt lat="40.5899700" lon="-3.0947770">
    <ele>934.4</ele>
   </trkpt>
   <trkpt lat="40.5900080" lon="-3.0947980">
    <ele>934.6</ele>
   </trkpt>
   <trkpt lat="40.5900460" lon="-3.0948190">
    <ele>934.8</ele>
   </trkpt>
   <trkpt lat="40.5900800" lon="-3.0948350">
    <ele>935.2</ele>
   </trkpt>
   <trkpt lat="40.5901150" lon="-3.0948510">
    <ele>935.4</ele>
   </trkpt>
   <trkpt lat="40.5901490" lon="-3.0948670">
    <ele>935.6</ele>
   </trkpt>
   <trkpt lat="40.5901830" lon="-3.0948830">
    <ele>936.0</ele>
   </trkpt>
   <trkpt lat="40.5902140" lon="-3.0948980">
    <ele>936.2</ele>
   </trkpt>
   <trkpt lat="40.5902440" lon="-3.0949140">
    <ele>936.4</ele>
   </trkpt>
   <trkpt lat="40.5902790" lon="-3.0949300">
    <ele>936.6</ele>
   </trkpt>
   <trkpt lat="40.5903130" lon="-3.0949470">
    <ele>936.8</ele>
   </trkpt>
   <trkpt lat="40.5903470" lon="-3.0949630">
    <ele>937.0</ele>
   </trkpt>
   <trkpt lat="40.5903780" lon="-3.0949780">
    <ele>937.2</ele>
   </trkpt>
   <trkpt lat="40.5904120" lon="-3.0949910">
    <ele>937.2</ele>
   </trkpt>
   <trkpt lat="40.5904430" lon="-3.0950050">
    <ele>937.4</ele>
   </trkpt>
   <trkpt lat="40.5904770" lon="-3.0950190">
    <ele>937.6</ele>
   </trkpt>
   <trkpt lat="40.5905070" lon="-3.0950360">
    <ele>937.8</ele>
   </trkpt>
   <trkpt lat="40.5905420" lon="-3.0950520">
    <ele>938.0</ele>
   </trkpt>
   <trkpt lat="40.5905720" lon="-3.0950660">
    <ele>938.2</ele>
   </trkpt>
   <trkpt lat="40.5906100" lon="-3.0950830">
    <ele>938.2</ele>
   </trkpt>
   <trkpt lat="40.5906410" lon="-3.0950980">
    <ele>938.4</ele>
   </trkpt>
   <trkpt lat="40.5906750" lon="-3.0951110">
    <ele>938.6</ele>
   </trkpt>
   <trkpt lat="40.5907020" lon="-3.0951240">
    <ele>938.8</ele>
   </trkpt>
   <trkpt lat="40.5907360" lon="-3.0951410">
    <ele>939.0</ele>
   </trkpt>
   <trkpt lat="40.5907750" lon="-3.0951600">
    <ele>939.2</ele>
   </trkpt>
   <trkpt lat="40.5908130" lon="-3.0951770">
    <ele>939.4</ele>
   </trkpt>
   <trkpt lat="40.5908430" lon="-3.0951920">
    <ele>939.6</ele>
   </trkpt>
   <trkpt lat="40.5908780" lon="-3.0952070">
    <ele>939.6</ele>
   </trkpt>
   <trkpt lat="40.5909120" lon="-3.0952190">
    <ele>939.8</ele>
   </trkpt>
   <trkpt lat="40.5909460" lon="-3.0952290">
    <ele>939.8</ele>
   </trkpt>
   <trkpt lat="40.5909840" lon="-3.0952400">
    <ele>940.0</ele>
   </trkpt>
   <trkpt lat="40.5910190" lon="-3.0952490">
    <ele>940.0</ele>
   </trkpt>
   <trkpt lat="40.5910570" lon="-3.0952580">
    <ele>940.0</ele>
   </trkpt>
   <trkpt lat="40.5910950" lon="-3.0952640">
    <ele>940.2</ele>
   </trkpt>
   <trkpt lat="40.5911330" lon="-3.0952670">
    <ele>940.2</ele>
   </trkpt>
   <trkpt lat="40.5911670" lon="-3.0952650">
    <ele>940.2</ele>
   </trkpt>
   <trkpt lat="40.5912130" lon="-3.0952570">
    <ele>940.2</ele>
   </trkpt>
   <trkpt lat="40.5912510" lon="-3.0952440">
    <ele>940.2</ele>
   </trkpt>
   <trkpt lat="40.5912930" lon="-3.0952250">
    <ele>940.2</ele>
   </trkpt>
   <trkpt lat="40.5913350" lon="-3.0952050">
    <ele>940.2</ele>
   </trkpt>
   <trkpt lat="40.5913810" lon="-3.0951850">
    <ele>940.0</ele>
   </trkpt>
   <trkpt lat="40.5914270" lon="-3.0951720">
    <ele>940.0</ele>
   </trkpt>
   <trkpt lat="40.5914800" lon="-3.0951650">
    <ele>939.8</ele>
   </trkpt>
   <trkpt lat="40.5915340" lon="-3.0951750">
    <ele>939.8</ele>
   </trkpt>
   <trkpt lat="40.5915830" lon="-3.0951990">
    <ele>939.8</ele>
   </trkpt>
   <trkpt lat="40.5916330" lon="-3.0952320">
    <ele>939.6</ele>
   </trkpt>
   <trkpt lat="40.5916750" lon="-3.0952680">
    <ele>939.6</ele>
   </trkpt>
   <trkpt lat="40.5917170" lon="-3.0953020">
    <ele>939.6</ele>
   </trkpt>
   <trkpt lat="40.5917620" lon="-3.0953320">
    <ele>939.6</ele>
   </trkpt>
   <trkpt lat="40.5918080" lon="-3.0953530">
    <ele>939.6</ele>
   </trkpt>
   <trkpt lat="40.5918580" lon="-3.0953710">
    <ele>939.6</ele>
   </trkpt>
   <trkpt lat="40.5919110" lon="-3.0953880">
    <ele>939.4</ele>
   </trkpt>
   <trkpt lat="40.5919650" lon="-3.0954100">
    <ele>939.4</ele>
   </trkpt>
   <trkpt lat="40.5920180" lon="-3.0954390">
    <ele>939.2</ele>
   </trkpt>
   <trkpt lat="40.5920600" lon="-3.0954760">
    <ele>939.0</ele>
   </trkpt>
   <trkpt lat="40.5921170" lon="-3.0955350">
    <ele>938.8</ele>
   </trkpt>
   <trkpt lat="40.5921550" lon="-3.0956000">
    <ele>938.8</ele>
   </trkpt>
   <trkpt lat="40.5921940" lon="-3.0956760">
    <ele>938.6</ele>
   </trkpt>
   <trkpt lat="40.5922160" lon="-3.0957590">
    <ele>938.4</ele>
   </trkpt>
   <trkpt lat="40.5922280" lon="-3.0958480">
    <ele>938.2</ele>
   </trkpt>
   <trkpt lat="40.5922240" lon="-3.0959400">
    <ele>938.0</ele>
   </trkpt>
   <trkpt lat="40.5922130" lon="-3.0960290">
    <ele>938.0</ele>
   </trkpt>
   <trkpt lat="40.5921940" lon="-3.0961110">
    <ele>937.8</ele>
   </trkpt>
   <trkpt lat="40.5921630" lon="-3.0962120">
    <ele>937.8</ele>
   </trkpt>
   <trkpt lat="40.5921360" lon="-3.0962990">
    <ele>937.6</ele>
   </trkpt>
   <trkpt lat="40.5921130" lon="-3.0963860">
    <ele>937.6</ele>
   </trkpt>
   <trkpt lat="40.5920940" lon="-3.0964720">
    <ele>937.4</ele>
   </trkpt>
   <trkpt lat="40.5920870" lon="-3.0965500">
    <ele>937.2</ele>
   </trkpt>
   <trkpt lat="40.5920830" lon="-3.0966460">
    <ele>937.2</ele>
   </trkpt>
   <trkpt lat="40.5920870" lon="-3.0967540">
    <ele>937.0</ele>
   </trkpt>
   <trkpt lat="40.5920980" lon="-3.0968460">
    <ele>937.0</ele>
   </trkpt>
   <trkpt lat="40.5921130" lon="-3.0969330">
    <ele>937.0</ele>
   </trkpt>
   <trkpt lat="40.5921360" lon="-3.0970150">
    <ele>937.0</ele>
   </trkpt>
   <trkpt lat="40.5921590" lon="-3.0970890">
    <ele>937.0</ele>
   </trkpt>
   <trkpt lat="40.5921940" lon="-3.0971820">
    <ele>937.2</ele>
   </trkpt>
   <trkpt lat="40.5922200" lon="-3.0972610">
    <ele>937.2</ele>
   </trkpt>
   <trkpt lat="40.5922470" lon="-3.0973410">
    <ele>937.2</ele>
   </trkpt>
   <trkpt lat="40.5922770" lon="-3.0974160">
    <ele>937.4</ele>
   </trkpt>
   <trkpt lat="40.5923040" lon="-3.0974910">
    <ele>937.4</ele>
   </trkpt>
   <trkpt lat="40.5923310" lon="-3.0975650">
    <ele>937.6</ele>
   </trkpt>
   <trkpt lat="40.5923610" lon="-3.0976400">
    <ele>937.8</ele>
   </trkpt>
   <trkpt lat="40.5923920" lon="-3.0977120">
    <ele>937.8</ele>
   </trkpt>
   <trkpt lat="40.5924190" lon="-3.0977830">
    <ele>938.0</ele>
   </trkpt>
   <trkpt lat="40.5924490" lon="-3.0978530">
    <ele>938.0</ele>
   </trkpt>
   <trkpt lat="40.5924840" lon="-3.0979210">
    <ele>938.2</ele>
   </trkpt>
   <trkpt lat="40.5925180" lon="-3.0979860">
    <ele>938.2</ele>
   </trkpt>
   <trkpt lat="40.5925480" lon="-3.0980460">
    <ele>938.2</ele>
   </trkpt>
   <trkpt lat="40.5925940" lon="-3.0981240">
    <ele>938.4</ele>
   </trkpt>
   <trkpt lat="40.5926320" lon="-3.0981900">
    <ele>938.4</ele>
   </trkpt>
   <trkpt lat="40.5926700" lon="-3.0982550">
    <ele>938.4</ele>
   </trkpt>
   <trkpt lat="40.5927160" lon="-3.0983190">
    <ele>938.4</ele>
   </trkpt>
   <trkpt lat="40.5927540" lon="-3.0983770">
    <ele>938.6</ele>
   </trkpt>
   <trkpt lat="40.5927920" lon="-3.0984290">
    <ele>938.6</ele>
   </trkpt>
   <trkpt lat="40.5928460" lon="-3.0984960">
    <ele>938.8</ele>
   </trkpt>
   <trkpt lat="40.5928880" lon="-3.0985500">
    <ele>939.0</ele>
   </trkpt>
   <trkpt lat="40.5929300" lon="-3.0986050">
    <ele>939.0</ele>
   </trkpt>
   <trkpt lat="40.5929760" lon="-3.0986570">
    <ele>939.0</ele>
   </trkpt>
   <trkpt lat="40.5930210" lon="-3.0987100">
    <ele>939.2</ele>
   </trkpt>
   <trkpt lat="40.5930630" lon="-3.0987630">
    <ele>939.4</ele>
   </trkpt>
   <trkpt lat="40.5931050" lon="-3.0988170">
    <ele>939.4</ele>
   </trkpt>
   <trkpt lat="40.5931510" lon="-3.0988700">
    <ele>939.4</ele>
   </trkpt>
   <trkpt lat="40.5931930" lon="-3.0989240">
    <ele>939.6</ele>
   </trkpt>
   <trkpt lat="40.5932310" lon="-3.0989770">
    <ele>939.8</ele>
   </trkpt>
   <trkpt lat="40.5932690" lon="-3.0990260">
    <ele>939.8</ele>
   </trkpt>
   <trkpt lat="40.5933110" lon="-3.0990710">
    <ele>939.8</ele>
   </trkpt>
   <trkpt lat="40.5933530" lon="-3.0991240">
    <ele>939.6</ele>
   </trkpt>
   <trkpt lat="40.5934070" lon="-3.0991840">
    <ele>939.8</ele>
   </trkpt>
   <trkpt lat="40.5934520" lon="-3.0992370">
    <ele>939.8</ele>
   </trkpt>
   <trkpt lat="40.5934940" lon="-3.0992910">
    <ele>939.8</ele>
   </trkpt>
   <trkpt lat="40.5935330" lon="-3.0993410">
    <ele>939.6</ele>
   </trkpt>
   <trkpt lat="40.5935710" lon="-3.0993890">
    <ele>939.6</ele>
   </trkpt>
   <trkpt lat="40.5936240" lon="-3.0994520">
    <ele>939.6</ele>
   </trkpt>
   <trkpt lat="40.5936700" lon="-3.0995060">
    <ele>939.6</ele>
   </trkpt>
   <trkpt lat="40.5937120" lon="-3.0995580">
    <ele>939.6</ele>
   </trkpt>
   <trkpt lat="40.5937500" lon="-3.0996050">
    <ele>939.6</ele>
   </trkpt>
   <trkpt lat="40.5938000" lon="-3.0996620">
    <ele>939.6</ele>
   </trkpt>
   <trkpt lat="40.5938420" lon="-3.0997110">
    <ele>939.6</ele>
   </trkpt>
   <trkpt lat="40.5938950" lon="-3.0997770">
    <ele>939.4</ele>
   </trkpt>
   <trkpt lat="40.5939410" lon="-3.0998350">
    <ele>939.4</ele>
   </trkpt>
   <trkpt lat="40.5939860" lon="-3.0998910">
    <ele>939.4</ele>
   </trkpt>
   <trkpt lat="40.5940360" lon="-3.0999490">
    <ele>939.2</ele>
   </trkpt>
   <trkpt lat="40.5940820" lon="-3.1000080">
    <ele>939.2</ele>
   </trkpt>
   <trkpt lat="40.5941310" lon="-3.1000660">
    <ele>939.2</ele>
   </trkpt>
   <trkpt lat="40.5941730" lon="-3.1001220">
    <ele>939.0</ele>
   </trkpt>
   <trkpt lat="40.5942190" lon="-3.1001750">
    <ele>939.0</ele>
   </trkpt>
   <trkpt lat="40.5942760" lon="-3.1002450">
    <ele>939.0</ele>
   </trkpt>
   <trkpt lat="40.5943260" lon="-3.1003040">
    <ele>938.8</ele>
   </trkpt>
   <trkpt lat="40.5943760" lon="-3.1003650">
    <ele>938.6</ele>
   </trkpt>
   <trkpt lat="40.5944290" lon="-3.1004260">
    <ele>938.4</ele>
   </trkpt>
   <trkpt lat="40.5944790" lon="-3.1004870">
    <ele>938.4</ele>
   </trkpt>
   <trkpt lat="40.5945320" lon="-3.1005460">
    <ele>938.2</ele>
   </trkpt>
   <trkpt lat="40.5945850" lon="-3.1006100">
    <ele>938.0</ele>
   </trkpt>
   <trkpt lat="40.5946350" lon="-3.1006770">
    <ele>937.8</ele>
   </trkpt>
   <trkpt lat="40.5946880" lon="-3.1007410">
    <ele>937.6</ele>
   </trkpt>
   <trkpt lat="40.5947420" lon="-3.1008060">
    <ele>937.6</ele>
   </trkpt>
   <trkpt lat="40.5947910" lon="-3.1008680">
    <ele>937.6</ele>
   </trkpt>
   <trkpt lat="40.5948450" lon="-3.1009310">
    <ele>937.4</ele>
   </trkpt>
   <trkpt lat="40.5948940" lon="-3.1009920">
    <ele>937.4</ele>
   </trkpt>
   <trkpt lat="40.5949400" lon="-3.1010500">
    <ele>937.4</ele>
   </trkpt>
   <trkpt lat="40.5949970" lon="-3.1011210">
    <ele>937.2</ele>
   </trkpt>
   <trkpt lat="40.5950470" lon="-3.1011830">
    <ele>937.0</ele>
   </trkpt>
   <trkpt lat="40.5951000" lon="-3.1012480">
    <ele>937.0</ele>
   </trkpt>
   <trkpt lat="40.5951460" lon="-3.1013080">
    <ele>936.8</ele>
   </trkpt>
   <trkpt lat="40.5951920" lon="-3.1013630">
    <ele>936.8</ele>
   </trkpt>
   <trkpt lat="40.5952530" lon="-3.1014320">
    <ele>936.8</ele>
   </trkpt>
   <trkpt lat="40.5953060" lon="-3.1014910">
    <ele>936.8</ele>
   </trkpt>
   <trkpt lat="40.5953520" lon="-3.1015480">
    <ele>936.6</ele>
   </trkpt>
   <trkpt lat="40.5954090" lon="-3.1016210">
    <ele>936.6</ele>
   </trkpt>
   <trkpt lat="40.5954590" lon="-3.1016850">
    <ele>936.6</ele>
   </trkpt>
   <trkpt lat="40.5955120" lon="-3.1017480">
    <ele>936.6</ele>
   </trkpt>
   <trkpt lat="40.5955660" lon="-3.1018140">
    <ele>936.4</ele>
   </trkpt>
   <trkpt lat="40.5956150" lon="-3.1018750">
    <ele>936.4</ele>
   </trkpt>
   <trkpt lat="40.5956650" lon="-3.1019350">
    <ele>936.4</ele>
   </trkpt>
   <trkpt lat="40.5957180" lon="-3.1019950">
    <ele>936.2</ele>
   </trkpt>
   <trkpt lat="40.5957680" lon="-3.1020560">
    <ele>936.2</ele>
   </trkpt>
   <trkpt lat="40.5958180" lon="-3.1021180">
    <ele>936.2</ele>
   </trkpt>
   <trkpt lat="40.5958710" lon="-3.1021810">
    <ele>936.2</ele>
   </trkpt>
   <trkpt lat="40.5959210" lon="-3.1022440">
    <ele>936.0</ele>
   </trkpt>
   <trkpt lat="40.5959660" lon="-3.1023060">
    <ele>936.2</ele>
   </trkpt>
   <trkpt lat="40.5960120" lon="-3.1023660">
    <ele>936.2</ele>
   </trkpt>
   <trkpt lat="40.5960580" lon="-3.1024220">
    <ele>936.2</ele>
   </trkpt>
   <trkpt lat="40.5961040" lon="-3.1024750">
    <ele>936.2</ele>
   </trkpt>
   <trkpt lat="40.5961490" lon="-3.1025270">
    <ele>936.4</ele>
   </trkpt>
   <trkpt lat="40.5961910" lon="-3.1025800">
    <ele>936.4</ele>
   </trkpt>
   <trkpt lat="40.5962300" lon="-3.1026290">
    <ele>936.4</ele>
   </trkpt>
   <trkpt lat="40.5962710" lon="-3.1026770">
    <ele>936.4</ele>
   </trkpt>
   <trkpt lat="40.5963060" lon="-3.1027200">
    <ele>936.4</ele>
   </trkpt>
   <trkpt lat="40.5963440" lon="-3.1027640">
    <ele>936.4</ele>
   </trkpt>
   <trkpt lat="40.5963860" lon="-3.1028110">
    <ele>936.4</ele>
   </trkpt>
   <trkpt lat="40.5964280" lon="-3.1028600">
    <ele>936.4</ele>
   </trkpt>
   <trkpt lat="40.5964700" lon="-3.1029120">
    <ele>936.4</ele>
   </trkpt>
   <trkpt lat="40.5965120" lon="-3.1029660">
    <ele>936.4</ele>
   </trkpt>
   <trkpt lat="40.5965540" lon="-3.1030200">
    <ele>936.4</ele>
   </trkpt>
   <trkpt lat="40.5966000" lon="-3.1030730">
    <ele>936.4</ele>
   </trkpt>
   <trkpt lat="40.5966450" lon="-3.1031260">
    <ele>936.4</ele>
   </trkpt>
   <trkpt lat="40.5966910" lon="-3.1031790">
    <ele>936.2</ele>
   </trkpt>
   <trkpt lat="40.5967370" lon="-3.1032350">
    <ele>936.2</ele>
   </trkpt>
   <trkpt lat="40.5967830" lon="-3.1032910">
    <ele>936.2</ele>
   </trkpt>
   <trkpt lat="40.5968210" lon="-3.1033460">
    <ele>936.2</ele>
   </trkpt>
   <trkpt lat="40.5968670" lon="-3.1034000">
    <ele>936.4</ele>
   </trkpt>
   <trkpt lat="40.5969090" lon="-3.1034550">
    <ele>936.4</ele>
   </trkpt>
   <trkpt lat="40.5969500" lon="-3.1035130">
    <ele>936.4</ele>
   </trkpt>
   <trkpt lat="40.5969920" lon="-3.1035710">
    <ele>936.4</ele>
   </trkpt>
   <trkpt lat="40.5970340" lon="-3.1036250">
    <ele>936.4</ele>
   </trkpt>
   <trkpt lat="40.5970800" lon="-3.1036780">
    <ele>936.6</ele>
   </trkpt>
   <trkpt lat="40.5971220" lon="-3.1037320">
    <ele>936.6</ele>
   </trkpt>
   <trkpt lat="40.5971680" lon="-3.1037850">
    <ele>936.6</ele>
   </trkpt>
   <trkpt lat="40.5972140" lon="-3.1038360">
    <ele>936.6</ele>
   </trkpt>
   <trkpt lat="40.5972560" lon="-3.1038910">
    <ele>936.6</ele>
   </trkpt>
   <trkpt lat="40.5972980" lon="-3.1039440">
    <ele>936.8</ele>
   </trkpt>
   <trkpt lat="40.5973400" lon="-3.1039920">
    <ele>936.8</ele>
   </trkpt>
   <trkpt lat="40.5973820" lon="-3.1040340">
    <ele>937.0</ele>
   </trkpt>
   <trkpt lat="40.5974120" lon="-3.1040710">
    <ele>937.0</ele>
   </trkpt>
   <trkpt lat="40.5974540" lon="-3.1041200">
    <ele>937.2</ele>
   </trkpt>
   <trkpt lat="40.5974920" lon="-3.1041610">
    <ele>937.2</ele>
   </trkpt>
   <trkpt lat="40.5975300" lon="-3.1042060">
    <ele>937.2</ele>
   </trkpt>
   <trkpt lat="40.5975680" lon="-3.1042540">
    <ele>937.2</ele>
   </trkpt>
   <trkpt lat="40.5976100" lon="-3.1043030">
    <ele>937.2</ele>
   </trkpt>
   <trkpt lat="40.5976560" lon="-3.1043550">
    <ele>937.2</ele>
   </trkpt>
   <trkpt lat="40.5976940" lon="-3.1044050">
    <ele>937.2</ele>
   </trkpt>
   <trkpt lat="40.5977400" lon="-3.1044570">
    <ele>937.4</ele>
   </trkpt>
   <trkpt lat="40.5977860" lon="-3.1045090">
    <ele>937.4</ele>
   </trkpt>
   <trkpt lat="40.5978280" lon="-3.1045610">
    <ele>937.4</ele>
   </trkpt>
   <trkpt lat="40.5978700" lon="-3.1046160">
    <ele>937.4</ele>
   </trkpt>
   <trkpt lat="40.5979120" lon="-3.1046690">
    <ele>937.4</ele>
   </trkpt>
   <trkpt lat="40.5979580" lon="-3.1047240">
    <ele>937.4</ele>
   </trkpt>
   <trkpt lat="40.5980030" lon="-3.1047790">
    <ele>937.4</ele>
   </trkpt>
   <trkpt lat="40.5980450" lon="-3.1048340">
    <ele>937.4</ele>
   </trkpt>
   <trkpt lat="40.5980910" lon="-3.1048870">
    <ele>937.4</ele>
   </trkpt>
   <trkpt lat="40.5981330" lon="-3.1049400">
    <ele>937.6</ele>
   </trkpt>
   <trkpt lat="40.5981790" lon="-3.1049920">
    <ele>937.6</ele>
   </trkpt>
   <trkpt lat="40.5982210" lon="-3.1050460">
    <ele>937.6</ele>
   </trkpt>
   <trkpt lat="40.5982630" lon="-3.1050990">
    <ele>937.6</ele>
   </trkpt>
   <trkpt lat="40.5983050" lon="-3.1051520">
    <ele>937.8</ele>
   </trkpt>
   <trkpt lat="40.5983510" lon="-3.1052070">
    <ele>937.8</ele>
   </trkpt>
   <trkpt lat="40.5983960" lon="-3.1052620">
    <ele>937.8</ele>
   </trkpt>
   <trkpt lat="40.5984420" lon="-3.1053160">
    <ele>938.0</ele>
   </trkpt>
   <trkpt lat="40.5984880" lon="-3.1053700">
    <ele>938.0</ele>
   </trkpt>
   <trkpt lat="40.5985340" lon="-3.1054220">
    <ele>938.0</ele>
   </trkpt>
   <trkpt lat="40.5985760" lon="-3.1054750">
    <ele>938.0</ele>
   </trkpt>
   <trkpt lat="40.5986140" lon="-3.1055230">
    <ele>938.0</ele>
   </trkpt>
   <trkpt lat="40.5986630" lon="-3.1055860">
    <ele>938.0</ele>
   </trkpt>
   <trkpt lat="40.5987090" lon="-3.1056430">
    <ele>938.0</ele>
   </trkpt>
   <trkpt lat="40.5987550" lon="-3.1057000">
    <ele>938.0</ele>
   </trkpt>
   <trkpt lat="40.5988010" lon="-3.1057580">
    <ele>938.0</ele>
   </trkpt>
   <trkpt lat="40.5988460" lon="-3.1058140">
    <ele>938.0</ele>
   </trkpt>
   <trkpt lat="40.5988920" lon="-3.1058720">
    <ele>938.2</ele>
   </trkpt>
   <trkpt lat="40.5989380" lon="-3.1059280">
    <ele>938.2</ele>
   </trkpt>
   <trkpt lat="40.5989840" lon="-3.1059840">
    <ele>938.2</ele>
   </trkpt>
   <trkpt lat="40.5990300" lon="-3.1060430">
    <ele>938.2</ele>
   </trkpt>
   <trkpt lat="40.5990790" lon="-3.1060990">
    <ele>938.2</ele>
   </trkpt>
   <trkpt lat="40.5991250" lon="-3.1061550">
    <ele>938.4</ele>
   </trkpt>
   <trkpt lat="40.5991710" lon="-3.1062110">
    <ele>938.4</ele>
   </trkpt>
   <trkpt lat="40.5992160" lon="-3.1062660">
    <ele>938.4</ele>
   </trkpt>
   <trkpt lat="40.5992620" lon="-3.1063230">
    <ele>938.4</ele>
   </trkpt>
   <trkpt lat="40.5993080" lon="-3.1063780">
    <ele>938.4</ele>
   </trkpt>
   <trkpt lat="40.5993580" lon="-3.1064320">
    <ele>938.6</ele>
   </trkpt>
   <trkpt lat="40.5994030" lon="-3.1064850">
    <ele>938.6</ele>
   </trkpt>
   <trkpt lat="40.5994450" lon="-3.1065370">
    <ele>938.6</ele>
   </trkpt>
   <trkpt lat="40.5994910" lon="-3.1065910">
    <ele>938.6</ele>
   </trkpt>
   <trkpt lat="40.5995370" lon="-3.1066490">
    <ele>938.6</ele>
   </trkpt>
   <trkpt lat="40.5995860" lon="-3.1067080">
    <ele>938.8</ele>
   </trkpt>
   <trkpt lat="40.5996320" lon="-3.1067630">
    <ele>938.8</ele>
   </trkpt>
   <trkpt lat="40.5996780" lon="-3.1068180">
    <ele>938.8</ele>
   </trkpt>
   <trkpt lat="40.5997280" lon="-3.1068720">
    <ele>938.8</ele>
   </trkpt>
   <trkpt lat="40.5997730" lon="-3.1069240">
    <ele>938.8</ele>
   </trkpt>
   <trkpt lat="40.5998190" lon="-3.1069790">
    <ele>938.8</ele>
   </trkpt>
   <trkpt lat="40.5998650" lon="-3.1070310">
    <ele>938.8</ele>
   </trkpt>
   <trkpt lat="40.5999110" lon="-3.1070840">
    <ele>939.0</ele>
   </trkpt>
   <trkpt lat="40.5999560" lon="-3.1071370">
    <ele>939.0</ele>
   </trkpt>
   <trkpt lat="40.6000020" lon="-3.1071910">
    <ele>939.0</ele>
   </trkpt>
   <trkpt lat="40.6000480" lon="-3.1072450">
    <ele>939.0</ele>
   </trkpt>
   <trkpt lat="40.6000940" lon="-3.1072970">
    <ele>939.2</ele>
   </trkpt>
   <trkpt lat="40.6001430" lon="-3.1073500">
    <ele>939.2</ele>
   </trkpt>
   <trkpt lat="40.6001890" lon="-3.1074020">
    <ele>939.2</ele>
   </trkpt>
   <trkpt lat="40.6002310" lon="-3.1074540">
    <ele>939.2</ele>
   </trkpt>
   <trkpt lat="40.6002770" lon="-3.1075060">
    <ele>939.2</ele>
   </trkpt>
   <trkpt lat="40.6003270" lon="-3.1075590">
    <ele>939.4</ele>
   </trkpt>
   <trkpt lat="40.6003680" lon="-3.1076110">
    <ele>939.4</ele>
   </trkpt>
   <trkpt lat="40.6004140" lon="-3.1076650">
    <ele>939.4</ele>
   </trkpt>
   <trkpt lat="40.6004600" lon="-3.1077160">
    <ele>939.4</ele>
   </trkpt>
   <trkpt lat="40.6005100" lon="-3.1077710">
    <ele>939.6</ele>
   </trkpt>
   <trkpt lat="40.6005550" lon="-3.1078280">
    <ele>939.6</ele>
   </trkpt>
   <trkpt lat="40.6006050" lon="-3.1078850">
    <ele>939.6</ele>
   </trkpt>
   <trkpt lat="40.6006550" lon="-3.1079390">
    <ele>939.8</ele>
   </trkpt>
   <trkpt lat="40.6007000" lon="-3.1079920">
    <ele>939.8</ele>
   </trkpt>
   <trkpt lat="40.6007500" lon="-3.1080460">
    <ele>939.8</ele>
   </trkpt>
   <trkpt lat="40.6007960" lon="-3.1081000">
    <ele>939.8</ele>
   </trkpt>
   <trkpt lat="40.6008420" lon="-3.1081530">
    <ele>939.8</ele>
   </trkpt>
   <trkpt lat="40.6008830" lon="-3.1082080">
    <ele>940.0</ele>
   </trkpt>
   <trkpt lat="40.6009330" lon="-3.1082610">
    <ele>940.0</ele>
   </trkpt>
   <trkpt lat="40.6009750" lon="-3.1083170">
    <ele>940.0</ele>
   </trkpt>
   <trkpt lat="40.6010210" lon="-3.1083740">
    <ele>940.2</ele>
   </trkpt>
   <trkpt lat="40.6010670" lon="-3.1084290">
    <ele>940.2</ele>
   </trkpt>
   <trkpt lat="40.6011120" lon="-3.1084830">
    <ele>940.2</ele>
   </trkpt>
   <trkpt lat="40.6011580" lon="-3.1085370">
    <ele>940.2</ele>
   </trkpt>
   <trkpt lat="40.6012000" lon="-3.1085980">
    <ele>940.2</ele>
   </trkpt>
   <trkpt lat="40.6012460" lon="-3.1086560">
    <ele>940.2</ele>
   </trkpt>
   <trkpt lat="40.6012920" lon="-3.1087100">
    <ele>940.2</ele>
   </trkpt>
   <trkpt lat="40.6013340" lon="-3.1087600">
    <ele>940.4</ele>
   </trkpt>
   <trkpt lat="40.6013790" lon="-3.1088130">
    <ele>940.4</ele>
   </trkpt>
   <trkpt lat="40.6014210" lon="-3.1088690">
    <ele>940.4</ele>
   </trkpt>
   <trkpt lat="40.6014600" lon="-3.1089240">
    <ele>940.4</ele>
   </trkpt>
   <trkpt lat="40.6015010" lon="-3.1089760">
    <ele>940.4</ele>
   </trkpt>
   <trkpt lat="40.6015400" lon="-3.1090280">
    <ele>940.6</ele>
   </trkpt>
   <trkpt lat="40.6015820" lon="-3.1090830">
    <ele>940.6</ele>
   </trkpt>
   <trkpt lat="40.6016240" lon="-3.1091400">
    <ele>940.6</ele>
   </trkpt>
   <trkpt lat="40.6016650" lon="-3.1091990">
    <ele>940.6</ele>
   </trkpt>
   <trkpt lat="40.6017110" lon="-3.1092570">
    <ele>940.8</ele>
   </trkpt>
   <trkpt lat="40.6017530" lon="-3.1093170">
    <ele>940.8</ele>
   </trkpt>
   <trkpt lat="40.6017910" lon="-3.1093760">
    <ele>941.0</ele>
   </trkpt>
   <trkpt lat="40.6018330" lon="-3.1094340">
    <ele>941.0</ele>
   </trkpt>
   <trkpt lat="40.6018710" lon="-3.1094940">
    <ele>941.0</ele>
   </trkpt>
   <trkpt lat="40.6019130" lon="-3.1095540">
    <ele>941.0</ele>
   </trkpt>
   <trkpt lat="40.6019520" lon="-3.1096150">
    <ele>941.0</ele>
   </trkpt>
   <trkpt lat="40.6019900" lon="-3.1096780">
    <ele>941.2</ele>
   </trkpt>
   <trkpt lat="40.6020320" lon="-3.1097390">
    <ele>941.2</ele>
   </trkpt>
   <trkpt lat="40.6020700" lon="-3.1098000">
    <ele>941.4</ele>
   </trkpt>
   <trkpt lat="40.6021080" lon="-3.1098610">
    <ele>941.4</ele>
   </trkpt>
   <trkpt lat="40.6021460" lon="-3.1099240">
    <ele>941.4</ele>
   </trkpt>
   <trkpt lat="40.6021920" lon="-3.1099850">
    <ele>941.6</ele>
   </trkpt>
   <trkpt lat="40.6022300" lon="-3.1100430">
    <ele>941.6</ele>
   </trkpt>
   <trkpt lat="40.6022680" lon="-3.1101010">
    <ele>941.6</ele>
   </trkpt>
   <trkpt lat="40.6023030" lon="-3.1101580">
    <ele>941.8</ele>
   </trkpt>
   <trkpt lat="40.6023410" lon="-3.1102150">
    <ele>941.8</ele>
   </trkpt>
   <trkpt lat="40.6023750" lon="-3.1102720">
    <ele>942.0</ele>
   </trkpt>
   <trkpt lat="40.6024090" lon="-3.1103310">
    <ele>942.0</ele>
   </trkpt>
   <trkpt lat="40.6024510" lon="-3.1103930">
    <ele>942.2</ele>
   </trkpt>
   <trkpt lat="40.6024890" lon="-3.1104560">
    <ele>942.4</ele>
   </trkpt>
   <trkpt lat="40.6025240" lon="-3.1105150">
    <ele>942.6</ele>
   </trkpt>
   <trkpt lat="40.6025620" lon="-3.1105710">
    <ele>942.6</ele>
   </trkpt>
   <trkpt lat="40.6025960" lon="-3.1106260">
    <ele>942.8</ele>
   </trkpt>
   <trkpt lat="40.6026310" lon="-3.1106790">
    <ele>942.8</ele>
   </trkpt>
   <trkpt lat="40.6026650" lon="-3.1107300">
    <ele>943.0</ele>
   </trkpt>
   <trkpt lat="40.6026990" lon="-3.1107790">
    <ele>943.2</ele>
   </trkpt>
   <trkpt lat="40.6027370" lon="-3.1108260">
    <ele>943.4</ele>
   </trkpt>
   <trkpt lat="40.6027720" lon="-3.1108720">
    <ele>943.6</ele>
   </trkpt>
   <trkpt lat="40.6028060" lon="-3.1109170">
    <ele>943.8</ele>
   </trkpt>
   <trkpt lat="40.6028440" lon="-3.1109600">
    <ele>944.0</ele>
   </trkpt>
   <trkpt lat="40.6028790" lon="-3.1110030">
    <ele>944.2</ele>
   </trkpt>
   <trkpt lat="40.6029130" lon="-3.1110440">
    <ele>944.4</ele>
   </trkpt>
   <trkpt lat="40.6029470" lon="-3.1110820">
    <ele>944.6</ele>
   </trkpt>
   <trkpt lat="40.6029820" lon="-3.1111190">
    <ele>944.8</ele>
   </trkpt>
   <trkpt lat="40.6030120" lon="-3.1111570">
    <ele>945.2</ele>
   </trkpt>
   <trkpt lat="40.6030430" lon="-3.1111940">
    <ele>945.4</ele>
   </trkpt>
   <trkpt lat="40.6030690" lon="-3.1112340">
    <ele>945.4</ele>
   </trkpt>
   <trkpt lat="40.6030960" lon="-3.1112720">
    <ele>945.6</ele>
   </trkpt>
   <trkpt lat="40.6031230" lon="-3.1113090">
    <ele>945.8</ele>
   </trkpt>
   <trkpt lat="40.6031490" lon="-3.1113460">
    <ele>946.2</ele>
   </trkpt>
   <trkpt lat="40.6031760" lon="-3.1113840">
    <ele>946.2</ele>
   </trkpt>
   <trkpt lat="40.6032100" lon="-3.1114200">
    <ele>946.4</ele>
   </trkpt>
   <trkpt lat="40.6032410" lon="-3.1114570">
    <ele>946.6</ele>
   </trkpt>
   <trkpt lat="40.6032680" lon="-3.1114960">
    <ele>946.8</ele>
   </trkpt>
   <trkpt lat="40.6032940" lon="-3.1115340">
    <ele>947.0</ele>
   </trkpt>
   <trkpt lat="40.6033250" lon="-3.1115700">
    <ele>947.0</ele>
   </trkpt>
   <trkpt lat="40.6033550" lon="-3.1116060">
    <ele>947.2</ele>
   </trkpt>
   <trkpt lat="40.6033860" lon="-3.1116410">
    <ele>947.4</ele>
   </trkpt>
   <trkpt lat="40.6034130" lon="-3.1116750">
    <ele>947.6</ele>
   </trkpt>
   <trkpt lat="40.6034430" lon="-3.1117110">
    <ele>947.6</ele>
   </trkpt>
   <trkpt lat="40.6034700" lon="-3.1117450">
    <ele>947.8</ele>
   </trkpt>
   <trkpt lat="40.6034970" lon="-3.1117790">
    <ele>948.0</ele>
   </trkpt>
   <trkpt lat="40.6035270" lon="-3.1118140">
    <ele>948.2</ele>
   </trkpt>
   <trkpt lat="40.6035580" lon="-3.1118510">
    <ele>948.2</ele>
   </trkpt>
   <trkpt lat="40.6035840" lon="-3.1118880">
    <ele>948.4</ele>
   </trkpt>
   <trkpt lat="40.6036190" lon="-3.1119250">
    <ele>948.6</ele>
   </trkpt>
   <trkpt lat="40.6036450" lon="-3.1119590">
    <ele>948.8</ele>
   </trkpt>
   <trkpt lat="40.6036720" lon="-3.1119920">
    <ele>948.8</ele>
   </trkpt>
   <trkpt lat="40.6036950" lon="-3.1120230">
    <ele>949.0</ele>
   </trkpt>
   <trkpt lat="40.6037180" lon="-3.1120510">
    <ele>949.0</ele>
   </trkpt>
   <trkpt lat="40.6037480" lon="-3.1120900">
    <ele>949.4</ele>
   </trkpt>
   <trkpt lat="40.6037750" lon="-3.1121220">
    <ele>949.4</ele>
   </trkpt>
   <trkpt lat="40.6038060" lon="-3.1121520">
    <ele>949.6</ele>
   </trkpt>
   <trkpt lat="40.6038320" lon="-3.1121840">
    <ele>949.8</ele>
   </trkpt>
   <trkpt lat="40.6038630" lon="-3.1122220">
    <ele>950.0</ele>
   </trkpt>
   <trkpt lat="40.6038890" lon="-3.1122580">
    <ele>950.0</ele>
   </trkpt>
   <trkpt lat="40.6039160" lon="-3.1122930">
    <ele>950.2</ele>
   </trkpt>
   <trkpt lat="40.6039430" lon="-3.1123280">
    <ele>950.4</ele>
   </trkpt>
   <trkpt lat="40.6039730" lon="-3.1123610">
    <ele>950.4</ele>
   </trkpt>
   <trkpt lat="40.6040000" lon="-3.1123960">
    <ele>950.6</ele>
   </trkpt>
   <trkpt lat="40.6040310" lon="-3.1124340">
    <ele>950.8</ele>
   </trkpt>
   <trkpt lat="40.6040610" lon="-3.1124710">
    <ele>951.0</ele>
   </trkpt>
   <trkpt lat="40.6040880" lon="-3.1125080">
    <ele>951.0</ele>
   </trkpt>
   <trkpt lat="40.6041180" lon="-3.1125430">
    <ele>951.2</ele>
   </trkpt>
   <trkpt lat="40.6041450" lon="-3.1125780">
    <ele>951.4</ele>
   </trkpt>
   <trkpt lat="40.6041760" lon="-3.1126120">
    <ele>951.6</ele>
   </trkpt>
   <trkpt lat="40.6041980" lon="-3.1126460">
    <ele>951.6</ele>
   </trkpt>
   <trkpt lat="40.6042210" lon="-3.1126790">
    <ele>951.8</ele>
   </trkpt>
   <trkpt lat="40.6042480" lon="-3.1127110">
    <ele>952.2</ele>
   </trkpt>
   <trkpt lat="40.6042750" lon="-3.1127440">
    <ele>952.2</ele>
   </trkpt>
   <trkpt lat="40.6043050" lon="-3.1127760">
    <ele>952.4</ele>
   </trkpt>
   <trkpt lat="40.6043320" lon="-3.1128120">
    <ele>952.6</ele>
   </trkpt>
   <trkpt lat="40.6043590" lon="-3.1128480">
    <ele>952.8</ele>
   </trkpt>
   <trkpt lat="40.6043890" lon="-3.1128820">
    <ele>952.8</ele>
   </trkpt>
   <trkpt lat="40.6044160" lon="-3.1129210">
    <ele>953.0</ele>
   </trkpt>
   <trkpt lat="40.6044460" lon="-3.1129600">
    <ele>953.2</ele>
   </trkpt>
   <trkpt lat="40.6044770" lon="-3.1130000">
    <ele>953.4</ele>
   </trkpt>
   <trkpt lat="40.6045070" lon="-3.1130380">
    <ele>953.4</ele>
   </trkpt>
   <trkpt lat="40.6045340" lon="-3.1130730">
    <ele>953.6</ele>
   </trkpt>
   <trkpt lat="40.6045680" lon="-3.1131060">
    <ele>953.8</ele>
   </trkpt>
   <trkpt lat="40.6045950" lon="-3.1131380">
    <ele>953.8</ele>
   </trkpt>
   <trkpt lat="40.6046260" lon="-3.1131730">
    <ele>954.0</ele>
   </trkpt>
   <trkpt lat="40.6046560" lon="-3.1132070">
    <ele>954.2</ele>
   </trkpt>
   <trkpt lat="40.6046830" lon="-3.1132430">
    <ele>954.2</ele>
   </trkpt>
   <trkpt lat="40.6047130" lon="-3.1132760">
    <ele>954.6</ele>
   </trkpt>
   <trkpt lat="40.6047480" lon="-3.1133090">
    <ele>954.6</ele>
   </trkpt>
   <trkpt lat="40.6047820" lon="-3.1133430">
    <ele>954.8</ele>
   </trkpt>
   <trkpt lat="40.6048160" lon="-3.1133760">
    <ele>955.0</ele>
   </trkpt>
   <trkpt lat="40.6048470" lon="-3.1134090">
    <ele>955.2</ele>
   </trkpt>
   <trkpt lat="40.6048810" lon="-3.1134430">
    <ele>955.2</ele>
   </trkpt>
   <trkpt lat="40.6049080" lon="-3.1134790">
    <ele>955.4</ele>
   </trkpt>
   <trkpt lat="40.6049390" lon="-3.1135160">
    <ele>955.4</ele>
   </trkpt>
   <trkpt lat="40.6049690" lon="-3.1135480">
    <ele>955.8</ele>
   </trkpt>
   <trkpt lat="40.6049960" lon="-3.1135840">
    <ele>955.8</ele>
   </trkpt>
   <trkpt lat="40.6050220" lon="-3.1136200">
    <ele>956.0</ele>
   </trkpt>
   <trkpt lat="40.6050490" lon="-3.1136560">
    <ele>956.2</ele>
   </trkpt>
   <trkpt lat="40.6050760" lon="-3.1136920">
    <ele>956.4</ele>
   </trkpt>
   <trkpt lat="40.6051030" lon="-3.1137310">
    <ele>956.6</ele>
   </trkpt>
   <trkpt lat="40.6051290" lon="-3.1137710">
    <ele>956.8</ele>
   </trkpt>
   <trkpt lat="40.6051600" lon="-3.1138110">
    <ele>957.0</ele>
   </trkpt>
   <trkpt lat="40.6051900" lon="-3.1138510">
    <ele>957.2</ele>
   </trkpt>
   <trkpt lat="40.6052170" lon="-3.1138880">
    <ele>957.4</ele>
   </trkpt>
   <trkpt lat="40.6052470" lon="-3.1139220">
    <ele>957.4</ele>
   </trkpt>
   <trkpt lat="40.6052740" lon="-3.1139610">
    <ele>957.6</ele>
   </trkpt>
   <trkpt lat="40.6053010" lon="-3.1139980">
    <ele>957.8</ele>
   </trkpt>
   <trkpt lat="40.6053240" lon="-3.1140320">
    <ele>958.0</ele>
   </trkpt>
   <trkpt lat="40.6053470" lon="-3.1140630">
    <ele>958.0</ele>
   </trkpt>
   <trkpt lat="40.6053700" lon="-3.1140970">
    <ele>958.2</ele>
   </trkpt>
   <trkpt lat="40.6053920" lon="-3.1141360">
    <ele>958.4</ele>
   </trkpt>
   <trkpt lat="40.6054190" lon="-3.1141740">
    <ele>958.6</ele>
   </trkpt>
   <trkpt lat="40.6054420" lon="-3.1142140">
    <ele>958.8</ele>
   </trkpt>
   <trkpt lat="40.6054650" lon="-3.1142540">
    <ele>958.8</ele>
   </trkpt>
   <trkpt lat="40.6054840" lon="-3.1142970">
    <ele>959.0</ele>
   </trkpt>
   <trkpt lat="40.6055070" lon="-3.1143420">
    <ele>959.2</ele>
   </trkpt>
   <trkpt lat="40.6055260" lon="-3.1143850">
    <ele>959.2</ele>
   </trkpt>
   <trkpt lat="40.6055450" lon="-3.1144290">
    <ele>959.4</ele>
   </trkpt>
   <trkpt lat="40.6055640" lon="-3.1144750">
    <ele>959.4</ele>
   </trkpt>
   <trkpt lat="40.6055870" lon="-3.1145220">
    <ele>959.4</ele>
   </trkpt>
   <trkpt lat="40.6056060" lon="-3.1145700">
    <ele>959.4</ele>
   </trkpt>
   <trkpt lat="40.6056290" lon="-3.1146220">
    <ele>959.6</ele>
   </trkpt>
   <trkpt lat="40.6056440" lon="-3.1146730">
    <ele>959.6</ele>
   </trkpt>
   <trkpt lat="40.6056630" lon="-3.1147220">
    <ele>959.6</ele>
   </trkpt>
   <trkpt lat="40.6056790" lon="-3.1147700">
    <ele>959.6</ele>
   </trkpt>
   <trkpt lat="40.6056940" lon="-3.1148210">
    <ele>959.6</ele>
   </trkpt>
   <trkpt lat="40.6057090" lon="-3.1148750">
    <ele>959.6</ele>
   </trkpt>
   <trkpt lat="40.6057240" lon="-3.1149340">
    <ele>959.4</ele>
   </trkpt>
   <trkpt lat="40.6057430" lon="-3.1149940">
    <ele>959.4</ele>
   </trkpt>
   <trkpt lat="40.6057620" lon="-3.1150550">
    <ele>959.2</ele>
   </trkpt>
   <trkpt lat="40.6057890" lon="-3.1151180">
    <ele>959.2</ele>
   </trkpt>
   <trkpt lat="40.6058120" lon="-3.1151810">
    <ele>959.0</ele>
   </trkpt>
   <trkpt lat="40.6058310" lon="-3.1152430">
    <ele>959.0</ele>
   </trkpt>
   <trkpt lat="40.6058540" lon="-3.1153080">
    <ele>959.0</ele>
   </trkpt>
   <trkpt lat="40.6058810" lon="-3.1153740">
    <ele>958.8</ele>
   </trkpt>
   <trkpt lat="40.6059040" lon="-3.1154390">
    <ele>958.8</ele>
   </trkpt>
   <trkpt lat="40.6059260" lon="-3.1155050">
    <ele>958.8</ele>
   </trkpt>
   <trkpt lat="40.6059490" lon="-3.1155750">
    <ele>958.6</ele>
   </trkpt>
   <trkpt lat="40.6059760" lon="-3.1156450">
    <ele>958.6</ele>
   </trkpt>
   <trkpt lat="40.6060030" lon="-3.1157160">
    <ele>958.6</ele>
   </trkpt>
   <trkpt lat="40.6060260" lon="-3.1157870">
    <ele>958.4</ele>
   </trkpt>
   <trkpt lat="40.6060490" lon="-3.1158540">
    <ele>958.4</ele>
   </trkpt>
   <trkpt lat="40.6060750" lon="-3.1159140">
    <ele>958.6</ele>
   </trkpt>
   <trkpt lat="40.6061060" lon="-3.1159640">
    <ele>958.6</ele>
   </trkpt>
   <trkpt lat="40.6061440" lon="-3.1159970">
    <ele>958.6</ele>
   </trkpt>
   <trkpt lat="40.6061820" lon="-3.1160170">
    <ele>958.6</ele>
   </trkpt>
   <trkpt lat="40.6062200" lon="-3.1160310">
    <ele>958.6</ele>
   </trkpt>
   <trkpt lat="40.6062580" lon="-3.1160390">
    <ele>958.6</ele>
   </trkpt>
   <trkpt lat="40.6062970" lon="-3.1160440">
    <ele>958.8</ele>
   </trkpt>
   <trkpt lat="40.6063310" lon="-3.1160480">
    <ele>958.8</ele>
   </trkpt>
   <trkpt lat="40.6063650" lon="-3.1160520">
    <ele>958.8</ele>
   </trkpt>
   <trkpt lat="40.6063960" lon="-3.1160560">
    <ele>959.0</ele>
   </trkpt>
   <trkpt lat="40.6064220" lon="-3.1160630">
    <ele>959.0</ele>
   </trkpt>
   <trkpt lat="40.6064570" lon="-3.1160760">
    <ele>959.0</ele>
   </trkpt>
   <trkpt lat="40.6064800" lon="-3.1160970">
    <ele>959.2</ele>
   </trkpt>
   <trkpt lat="40.6064950" lon="-3.1161290">
    <ele>959.2</ele>
   </trkpt>
   <trkpt lat="40.6065020" lon="-3.1161700">
    <ele>959.2</ele>
   </trkpt>
   <trkpt lat="40.6065060" lon="-3.1162140">
    <ele>959.2</ele>
   </trkpt>
   <trkpt lat="40.6065060" lon="-3.1162580">
    <ele>959.2</ele>
   </trkpt>
   <trkpt lat="40.6065060" lon="-3.1163000">
    <ele>959.2</ele>
   </trkpt>
   <trkpt lat="40.6064990" lon="-3.1163430">
    <ele>959.2</ele>
   </trkpt>
   <trkpt lat="40.6064870" lon="-3.1163850">
    <ele>959.2</ele>
   </trkpt>
   <trkpt lat="40.6064800" lon="-3.1164300">
    <ele>959.2</ele>
   </trkpt>
   <trkpt lat="40.6064720" lon="-3.1164780">
    <ele>959.0</ele>
   </trkpt>
   <trkpt lat="40.6064680" lon="-3.1165260">
    <ele>959.0</ele>
   </trkpt>
   <trkpt lat="40.6064720" lon="-3.1165750">
    <ele>959.0</ele>
   </trkpt>
   <trkpt lat="40.6064830" lon="-3.1166260">
    <ele>958.8</ele>
   </trkpt>
   <trkpt lat="40.6064990" lon="-3.1166750">
    <ele>958.8</ele>
   </trkpt>
   <trkpt lat="40.6065140" lon="-3.1167230">
    <ele>958.8</ele>
   </trkpt>
   <trkpt lat="40.6065330" lon="-3.1167700">
    <ele>958.8</ele>
   </trkpt>
   <trkpt lat="40.6065520" lon="-3.1168180">
    <ele>958.8</ele>
   </trkpt>
   <trkpt lat="40.6065750" lon="-3.1168640">
    <ele>959.0</ele>
   </trkpt>
   <trkpt lat="40.6065940" lon="-3.1169090">
    <ele>959.0</ele>
   </trkpt>
   <trkpt lat="40.6066170" lon="-3.1169560">
    <ele>959.0</ele>
   </trkpt>
   <trkpt lat="40.6066400" lon="-3.1170040">
    <ele>959.0</ele>
   </trkpt>
   <trkpt lat="40.6066550" lon="-3.1170560">
    <ele>959.0</ele>
   </trkpt>
   <trkpt lat="40.6066700" lon="-3.1171100">
    <ele>959.0</ele>
   </trkpt>
   <trkpt lat="40.6066860" lon="-3.1171640">
    <ele>959.0</ele>
   </trkpt>
   <trkpt lat="40.6067010" lon="-3.1172160">
    <ele>958.8</ele>
   </trkpt>
   <trkpt lat="40.6067200" lon="-3.1172680">
    <ele>958.8</ele>
   </trkpt>
   <trkpt lat="40.6067390" lon="-3.1173240">
    <ele>958.6</ele>
   </trkpt>
   <trkpt lat="40.6067540" lon="-3.1173820">
    <ele>958.2</ele>
   </trkpt>
   <trkpt lat="40.6067700" lon="-3.1174430">
    <ele>958.0</ele>
   </trkpt>
   <trkpt lat="40.6067890" lon="-3.1174980">
    <ele>957.8</ele>
   </trkpt>
   <trkpt lat="40.6068080" lon="-3.1175520">
    <ele>957.6</ele>
   </trkpt>
   <trkpt lat="40.6068270" lon="-3.1176120">
    <ele>957.4</ele>
   </trkpt>
   <trkpt lat="40.6068460" lon="-3.1176740">
    <ele>957.0</ele>
   </trkpt>
   <trkpt lat="40.6068690" lon="-3.1177330">
    <ele>956.8</ele>
   </trkpt>
   <trkpt lat="40.6068950" lon="-3.1177870">
    <ele>956.4</ele>
   </trkpt>
   <trkpt lat="40.6069220" lon="-3.1178390">
    <ele>956.0</ele>
   </trkpt>
   <trkpt lat="40.6069450" lon="-3.1178910">
    <ele>955.6</ele>
   </trkpt>
   <trkpt lat="40.6069680" lon="-3.1179470">
    <ele>955.4</ele>
   </trkpt>
   <trkpt lat="40.6069830" lon="-3.1180010">
    <ele>955.2</ele>
   </trkpt>
   <trkpt lat="40.6069910" lon="-3.1180460">
    <ele>955.0</ele>
   </trkpt>
   <trkpt lat="40.6069870" lon="-3.1180820">
    <ele>954.8</ele>
   </trkpt>
   <trkpt lat="40.6069790" lon="-3.1181140">
    <ele>954.6</ele>
   </trkpt>
   <trkpt lat="40.6069830" lon="-3.1181390">
    <ele>954.4</ele>
   </trkpt>
   <trkpt lat="40.6069950" lon="-3.1181550">
    <ele>954.2</ele>
   </trkpt>
   <trkpt lat="40.6070210" lon="-3.1181730">
    <ele>954.0</ele>
   </trkpt>
   <trkpt lat="40.6070590" lon="-3.1181950">
    <ele>953.8</ele>
   </trkpt>
   <trkpt lat="40.6071010" lon="-3.1182150">
    <ele>953.6</ele>
   </trkpt>
   <trkpt lat="40.6071430" lon="-3.1182350">
    <ele>953.2</ele>
   </trkpt>
   <trkpt lat="40.6071850" lon="-3.1182590">
    <ele>952.8</ele>
   </trkpt>
   <trkpt lat="40.6072270" lon="-3.1182890">
    <ele>952.6</ele>
   </trkpt>
   <trkpt lat="40.6072690" lon="-3.1183190">
    <ele>952.2</ele>
   </trkpt>
   <trkpt lat="40.6073190" lon="-3.1183480">
    <ele>951.8</ele>
   </trkpt>
   <trkpt lat="40.6073680" lon="-3.1183770">
    <ele>951.4</ele>
   </trkpt>
   <trkpt lat="40.6074260" lon="-3.1184100">
    <ele>951.0</ele>
   </trkpt>
   <trkpt lat="40.6074870" lon="-3.1184490">
    <ele>950.6</ele>
   </trkpt>
   <trkpt lat="40.6075520" lon="-3.1184900">
    <ele>950.0</ele>
   </trkpt>
   <trkpt lat="40.6076200" lon="-3.1185370">
    <ele>949.6</ele>
   </trkpt>
   <trkpt lat="40.6076930" lon="-3.1185840">
    <ele>949.2</ele>
   </trkpt>
   <trkpt lat="40.6077610" lon="-3.1186310">
    <ele>948.6</ele>
   </trkpt>
   <trkpt lat="40.6078300" lon="-3.1186840">
    <ele>948.2</ele>
   </trkpt>
   <trkpt lat="40.6078990" lon="-3.1187310">
    <ele>947.6</ele>
   </trkpt>
   <trkpt lat="40.6079710" lon="-3.1187770">
    <ele>947.2</ele>
   </trkpt>
   <trkpt lat="40.6080470" lon="-3.1188220">
    <ele>946.8</ele>
   </trkpt>
   <trkpt lat="40.6081310" lon="-3.1188660">
    <ele>946.2</ele>
   </trkpt>
   <trkpt lat="40.6082190" lon="-3.1189040">
    <ele>945.6</ele>
   </trkpt>
   <trkpt lat="40.6083070" lon="-3.1189260">
    <ele>945.0</ele>
   </trkpt>
   <trkpt lat="40.6083950" lon="-3.1189320">
    <ele>944.4</ele>
   </trkpt>
   <trkpt lat="40.6084860" lon="-3.1189160">
    <ele>943.8</ele>
   </trkpt>
   <trkpt lat="40.6085700" lon="-3.1188660">
    <ele>943.4</ele>
   </trkpt>
   <trkpt lat="40.6086390" lon="-3.1187830">
    <ele>943.0</ele>
   </trkpt>
   <trkpt lat="40.6086960" lon="-3.1186800">
    <ele>942.4</ele>
   </trkpt>
   <trkpt lat="40.6087380" lon="-3.1185670">
    <ele>942.0</ele>
   </trkpt>
   <trkpt lat="40.6087760" lon="-3.1184460">
    <ele>941.6</ele>
   </trkpt>
   <trkpt lat="40.6088030" lon="-3.1183170">
    <ele>941.0</ele>
   </trkpt>
   <trkpt lat="40.6088140" lon="-3.1181810">
    <ele>940.6</ele>
   </trkpt>
   <trkpt lat="40.6088220" lon="-3.1180490">
    <ele>940.2</ele>
   </trkpt>
   <trkpt lat="40.6088330" lon="-3.1179180">
    <ele>939.8</ele>
   </trkpt>
   <trkpt lat="40.6088450" lon="-3.1177850">
    <ele>939.4</ele>
   </trkpt>
   <trkpt lat="40.6088560" lon="-3.1176520">
    <ele>939.0</ele>
   </trkpt>
   <trkpt lat="40.6088680" lon="-3.1175200">
    <ele>938.6</ele>
   </trkpt>
   <trkpt lat="40.6088790" lon="-3.1173930">
    <ele>938.4</ele>
   </trkpt>
   <trkpt lat="40.6088870" lon="-3.1172680">
    <ele>938.0</ele>
   </trkpt>
   <trkpt lat="40.6088900" lon="-3.1171410">
    <ele>937.8</ele>
   </trkpt>
   <trkpt lat="40.6088870" lon="-3.1170200">
    <ele>937.6</ele>
   </trkpt>
   <trkpt lat="40.6088750" lon="-3.1169050">
    <ele>937.4</ele>
   </trkpt>
   <trkpt lat="40.6088640" lon="-3.1167880">
    <ele>937.2</ele>
   </trkpt>
   <trkpt lat="40.6088520" lon="-3.1166720">
    <ele>937.0</ele>
   </trkpt>
   <trkpt lat="40.6088370" lon="-3.1165580">
    <ele>936.8</ele>
   </trkpt>
   <trkpt lat="40.6088180" lon="-3.1164470">
    <ele>936.6</ele>
   </trkpt>
   <trkpt lat="40.6088030" lon="-3.1163430">
    <ele>936.2</ele>
   </trkpt>
   <trkpt lat="40.6088180" lon="-3.1162480">
    <ele>936.0</ele>
   </trkpt>
   <trkpt lat="40.6088710" lon="-3.1161700">
    <ele>935.8</ele>
   </trkpt>
   <trkpt lat="40.6089360" lon="-3.1161120">
    <ele>935.6</ele>
   </trkpt>
   <trkpt lat="40.6090130" lon="-3.1161010">
    <ele>935.4</ele>
   </trkpt>
   <trkpt lat="40.6090890" lon="-3.1161450">
    <ele>935.2</ele>
   </trkpt>
   <trkpt lat="40.6091610" lon="-3.1162080">
    <ele>935.2</ele>
   </trkpt>
   <trkpt lat="40.6092300" lon="-3.1162810">
    <ele>935.0</ele>
   </trkpt>
   <trkpt lat="40.6092990" lon="-3.1163620">
    <ele>934.8</ele>
   </trkpt>
   <trkpt lat="40.6093640" lon="-3.1164400">
    <ele>934.6</ele>
   </trkpt>
   <trkpt lat="40.6094320" lon="-3.1165120">
    <ele>934.4</ele>
   </trkpt>
   <trkpt lat="40.6095010" lon="-3.1165850">
    <ele>934.2</ele>
   </trkpt>
   <trkpt lat="40.6095700" lon="-3.1166570">
    <ele>934.0</ele>
   </trkpt>
   <trkpt lat="40.6096380" lon="-3.1167300">
    <ele>933.8</ele>
   </trkpt>
   <trkpt lat="40.6097070" lon="-3.1168020">
    <ele>933.6</ele>
   </trkpt>
   <trkpt lat="40.6097760" lon="-3.1168730">
    <ele>933.4</ele>
   </trkpt>
   <trkpt lat="40.6098440" lon="-3.1169410">
    <ele>933.2</ele>
   </trkpt>
   <trkpt lat="40.6099200" lon="-3.1170120">
    <ele>932.8</ele>
   </trkpt>
   <trkpt lat="40.6099930" lon="-3.1170800">
    <ele>932.6</ele>
   </trkpt>
   <trkpt lat="40.6100690" lon="-3.1171440">
    <ele>932.4</ele>
   </trkpt>
   <trkpt lat="40.6101460" lon="-3.1171980">
    <ele>932.2</ele>
   </trkpt>
   <trkpt lat="40.6102220" lon="-3.1172480">
    <ele>932.0</ele>
   </trkpt>
   <trkpt lat="40.6102980" lon="-3.1172960">
    <ele>931.8</ele>
   </trkpt>
   <trkpt lat="40.6103780" lon="-3.1173460">
    <ele>931.6</ele>
   </trkpt>
   <trkpt lat="40.6104550" lon="-3.1173970">
    <ele>931.6</ele>
   </trkpt>
   <trkpt lat="40.6105310" lon="-3.1174460">
    <ele>931.4</ele>
   </trkpt>
   <trkpt lat="40.6106030" lon="-3.1174950">
    <ele>931.2</ele>
   </trkpt>
   <trkpt lat="40.6106800" lon="-3.1175430">
    <ele>931.2</ele>
   </trkpt>
   <trkpt lat="40.6107560" lon="-3.1175880">
    <ele>930.8</ele>
   </trkpt>
   <trkpt lat="40.6108320" lon="-3.1176350">
    <ele>930.8</ele>
   </trkpt>
   <trkpt lat="40.6109120" lon="-3.1176830">
    <ele>930.6</ele>
   </trkpt>
   <trkpt lat="40.6109890" lon="-3.1177320">
    <ele>930.4</ele>
   </trkpt>
   <trkpt lat="40.6110610" lon="-3.1177780">
    <ele>930.2</ele>
   </trkpt>
   <trkpt lat="40.6111370" lon="-3.1178220">
    <ele>930.0</ele>
   </trkpt>
   <trkpt lat="40.6112170" lon="-3.1178660">
    <ele>929.8</ele>
   </trkpt>
   <trkpt lat="40.6112980" lon="-3.1179030">
    <ele>929.8</ele>
   </trkpt>
   <trkpt lat="40.6113740" lon="-3.1179380">
    <ele>929.8</ele>
   </trkpt>
   <trkpt lat="40.6114500" lon="-3.1179690">
    <ele>929.6</ele>
   </trkpt>
   <trkpt lat="40.6115340" lon="-3.1179990">
    <ele>929.4</ele>
   </trkpt>
   <trkpt lat="40.6116140" lon="-3.1180280">
    <ele>929.4</ele>
   </trkpt>
   <trkpt lat="40.6116940" lon="-3.1180580">
    <ele>929.2</ele>
   </trkpt>
   <trkpt lat="40.6117710" lon="-3.1180880">
    <ele>929.2</ele>
   </trkpt>
   <trkpt lat="40.6118430" lon="-3.1181170">
    <ele>929.2</ele>
   </trkpt>
   <trkpt lat="40.6119190" lon="-3.1181470">
    <ele>929.0</ele>
   </trkpt>
   <trkpt lat="40.6119960" lon="-3.1181770">
    <ele>929.0</ele>
   </trkpt>
   <trkpt lat="40.6120680" lon="-3.1182070">
    <ele>928.8</ele>
   </trkpt>
   <trkpt lat="40.6121440" lon="-3.1182370">
    <ele>928.6</ele>
   </trkpt>
   <trkpt lat="40.6122210" lon="-3.1182680">
    <ele>928.4</ele>
   </trkpt>
   <trkpt lat="40.6122890" lon="-3.1183010">
    <ele>928.2</ele>
   </trkpt>
   <trkpt lat="40.6123620" lon="-3.1183340">
    <ele>928.0</ele>
   </trkpt>
   <trkpt lat="40.6124310" lon="-3.1183700">
    <ele>927.8</ele>
   </trkpt>
   <trkpt lat="40.6125030" lon="-3.1184030">
    <ele>927.6</ele>
   </trkpt>
   <trkpt lat="40.6125760" lon="-3.1184340">
    <ele>927.4</ele>
   </trkpt>
   <trkpt lat="40.6126520" lon="-3.1184640">
    <ele>927.2</ele>
   </trkpt>
   <trkpt lat="40.6127320" lon="-3.1184930">
    <ele>927.0</ele>
   </trkpt>
   <trkpt lat="40.6128120" lon="-3.1185190">
    <ele>926.6</ele>
   </trkpt>
   <trkpt lat="40.6128920" lon="-3.1185410">
    <ele>926.6</ele>
   </trkpt>
   <trkpt lat="40.6129680" lon="-3.1185550">
    <ele>926.4</ele>
   </trkpt>
   <trkpt lat="40.6130450" lon="-3.1185630">
    <ele>926.2</ele>
   </trkpt>
   <trkpt lat="40.6131250" lon="-3.1185660">
    <ele>926.0</ele>
   </trkpt>
   <trkpt lat="40.6132090" lon="-3.1185570">
    <ele>925.8</ele>
   </trkpt>
   <trkpt lat="40.6132970" lon="-3.1185280">
    <ele>925.4</ele>
   </trkpt>
   <trkpt lat="40.6133770" lon="-3.1184730">
    <ele>925.4</ele>
   </trkpt>
   <trkpt lat="40.6134450" lon="-3.1183960">
    <ele>925.0</ele>
   </trkpt>
   <trkpt lat="40.6135060" lon="-3.1183090">
    <ele>924.6</ele>
   </trkpt>
   <trkpt lat="40.6135630" lon="-3.1182160">
    <ele>924.4</ele>
   </trkpt>
   <trkpt lat="40.6136250" lon="-3.1181230">
    <ele>923.8</ele>
   </trkpt>
   <trkpt lat="40.6136890" lon="-3.1180300">
    <ele>923.2</ele>
   </trkpt>
   <trkpt lat="40.6137500" lon="-3.1179350">
    <ele>922.6</ele>
   </trkpt>
   <trkpt lat="40.6138150" lon="-3.1178390">
    <ele>922.0</ele>
   </trkpt>
   <trkpt lat="40.6138800" lon="-3.1177440">
    <ele>921.4</ele>
   </trkpt>
   <trkpt lat="40.6139450" lon="-3.1176500">
    <ele>921.0</ele>
   </trkpt>
   <trkpt lat="40.6140060" lon="-3.1175550">
    <ele>920.6</ele>
   </trkpt>
   <trkpt lat="40.6140710" lon="-3.1174590">
    <ele>920.0</ele>
   </trkpt>
   <trkpt lat="40.6141320" lon="-3.1173600">
    <ele>919.6</ele>
   </trkpt>
   <trkpt lat="40.6141890" lon="-3.1172560">
    <ele>919.2</ele>
   </trkpt>
   <trkpt lat="40.6142390" lon="-3.1171450">
    <ele>918.8</ele>
   </trkpt>
   <trkpt lat="40.6142880" lon="-3.1170330">
    <ele>918.2</ele>
   </trkpt>
   <trkpt lat="40.6143340" lon="-3.1169180">
    <ele>917.8</ele>
   </trkpt>
   <trkpt lat="40.6143800" lon="-3.1168060">
    <ele>917.4</ele>
   </trkpt>
   <trkpt lat="40.6144220" lon="-3.1166960">
    <ele>917.0</ele>
   </trkpt>
   <trkpt lat="40.6144710" lon="-3.1165810">
    <ele>916.4</ele>
   </trkpt>
   <trkpt lat="40.6145170" lon="-3.1164680">
    <ele>915.8</ele>
   </trkpt>
   <trkpt lat="40.6145780" lon="-3.1163660">
    <ele>915.2</ele>
   </trkpt>
   <trkpt lat="40.6146510" lon="-3.1162810">
    <ele>914.8</ele>
   </trkpt>
   <trkpt lat="40.6147310" lon="-3.1162190">
    <ele>914.4</ele>
   </trkpt>
   <trkpt lat="40.6148260" lon="-3.1162010">
    <ele>914.0</ele>
   </trkpt>
   <trkpt lat="40.6149140" lon="-3.1162070">
    <ele>913.8</ele>
   </trkpt>
   <trkpt lat="40.6150020" lon="-3.1162310">
    <ele>913.4</ele>
   </trkpt>
   <trkpt lat="40.6150740" lon="-3.1162880">
    <ele>913.2</ele>
   </trkpt>
   <trkpt lat="40.6151240" lon="-3.1163800">
    <ele>912.8</ele>
   </trkpt>
   <trkpt lat="40.6151470" lon="-3.1164880">
    <ele>912.4</ele>
   </trkpt>
   <trkpt lat="40.6151350" lon="-3.1165960">
    <ele>912.0</ele>
   </trkpt>
   <trkpt lat="40.6150970" lon="-3.1167020">
    <ele>911.4</ele>
   </trkpt>
   <trkpt lat="40.6150510" lon="-3.1168120">
    <ele>910.8</ele>
   </trkpt>
   <trkpt lat="40.6150170" lon="-3.1169290">
    <ele>910.2</ele>
   </trkpt>
   <trkpt lat="40.6149830" lon="-3.1170500">
    <ele>909.6</ele>
   </trkpt>
   <trkpt lat="40.6149520" lon="-3.1171730">
    <ele>909.0</ele>
   </trkpt>
   <trkpt lat="40.6149290" lon="-3.1173020">
    <ele>908.4</ele>
   </trkpt>
   <trkpt lat="40.6149020" lon="-3.1174320">
    <ele>907.8</ele>
   </trkpt>
   <trkpt lat="40.6148800" lon="-3.1175670">
    <ele>907.2</ele>
   </trkpt>
   <trkpt lat="40.6148570" lon="-3.1177020">
    <ele>906.8</ele>
   </trkpt>
   <trkpt lat="40.6148380" lon="-3.1178370">
    <ele>906.2</ele>
   </trkpt>
   <trkpt lat="40.6148190" lon="-3.1179760">
    <ele>905.6</ele>
   </trkpt>
   <trkpt lat="40.6147990" lon="-3.1181130">
    <ele>905.0</ele>
   </trkpt>
   <trkpt lat="40.6147770" lon="-3.1182540">
    <ele>904.2</ele>
   </trkpt>
   <trkpt lat="40.6147570" lon="-3.1183990">
    <ele>903.6</ele>
   </trkpt>
   <trkpt lat="40.6147460" lon="-3.1185460">
    <ele>903.0</ele>
   </trkpt>
   <trkpt lat="40.6147350" lon="-3.1186920">
    <ele>902.4</ele>
   </trkpt>
   <trkpt lat="40.6147230" lon="-3.1188340">
    <ele>901.8</ele>
   </trkpt>
   <trkpt lat="40.6147160" lon="-3.1189770">
    <ele>901.4</ele>
   </trkpt>
   <trkpt lat="40.6147080" lon="-3.1191240">
    <ele>900.8</ele>
   </trkpt>
   <trkpt lat="40.6147000" lon="-3.1192680">
    <ele>900.2</ele>
   </trkpt>
   <trkpt lat="40.6147000" lon="-3.1194110">
    <ele>899.6</ele>
   </trkpt>
   <trkpt lat="40.6147000" lon="-3.1195550">
    <ele>899.0</ele>
   </trkpt>
   <trkpt lat="40.6147000" lon="-3.1196950">
    <ele>898.4</ele>
   </trkpt>
   <trkpt lat="40.6147120" lon="-3.1198350">
    <ele>897.8</ele>
   </trkpt>
   <trkpt lat="40.6147270" lon="-3.1199760">
    <ele>897.2</ele>
   </trkpt>
   <trkpt lat="40.6147460" lon="-3.1201150">
    <ele>896.6</ele>
   </trkpt>
   <trkpt lat="40.6147650" lon="-3.1202490">
    <ele>896.0</ele>
   </trkpt>
   <trkpt lat="40.6147730" lon="-3.1203790">
    <ele>895.4</ele>
   </trkpt>
   <trkpt lat="40.6147650" lon="-3.1205070">
    <ele>894.8</ele>
   </trkpt>
   <trkpt lat="40.6147380" lon="-3.1206180">
    <ele>894.2</ele>
   </trkpt>
   <trkpt lat="40.6146810" lon="-3.1207100">
    <ele>893.4</ele>
   </trkpt>
   <trkpt lat="40.6146130" lon="-3.1207950">
    <ele>892.6</ele>
   </trkpt>
   <trkpt lat="40.6145400" lon="-3.1208830">
    <ele>891.8</ele>
   </trkpt>
   <trkpt lat="40.6144710" lon="-3.1209810">
    <ele>891.0</ele>
   </trkpt>
   <trkpt lat="40.6144100" lon="-3.1210900">
    <ele>890.2</ele>
   </trkpt>
   <trkpt lat="40.6143530" lon="-3.1212070">
    <ele>889.4</ele>
   </trkpt>
   <trkpt lat="40.6143000" lon="-3.1213330">
    <ele>888.4</ele>
   </trkpt>
   <trkpt lat="40.6142540" lon="-3.1214710">
    <ele>887.6</ele>
   </trkpt>
   <trkpt lat="40.6142040" lon="-3.1216130">
    <ele>886.8</ele>
   </trkpt>
   <trkpt lat="40.6141590" lon="-3.1217570">
    <ele>886.0</ele>
   </trkpt>
   <trkpt lat="40.6141090" lon="-3.1219000">
    <ele>885.0</ele>
   </trkpt>
   <trkpt lat="40.6140670" lon="-3.1220490">
    <ele>884.2</ele>
   </trkpt>
   <trkpt lat="40.6140290" lon="-3.1222020">
    <ele>883.4</ele>
   </trkpt>
   <trkpt lat="40.6139870" lon="-3.1223540">
    <ele>882.6</ele>
   </trkpt>
   <trkpt lat="40.6139530" lon="-3.1225180">
    <ele>881.6</ele>
   </trkpt>
   <trkpt lat="40.6139300" lon="-3.1226810">
    <ele>880.6</ele>
   </trkpt>
   <trkpt lat="40.6139220" lon="-3.1228480">
    <ele>879.6</ele>
   </trkpt>
   <trkpt lat="40.6139260" lon="-3.1230190">
    <ele>878.8</ele>
   </trkpt>
   <trkpt lat="40.6139450" lon="-3.1231850">
    <ele>877.8</ele>
   </trkpt>
   <trkpt lat="40.6139830" lon="-3.1233400">
    <ele>877.0</ele>
   </trkpt>
   <trkpt lat="40.6140290" lon="-3.1234870">
    <ele>876.4</ele>
   </trkpt>
   <trkpt lat="40.6140900" lon="-3.1236270">
    <ele>875.6</ele>
   </trkpt>
   <trkpt lat="40.6141510" lon="-3.1237630">
    <ele>875.0</ele>
   </trkpt>
   <trkpt lat="40.6142120" lon="-3.1239040">
    <ele>874.2</ele>
   </trkpt>
   <trkpt lat="40.6142770" lon="-3.1240430">
    <ele>873.6</ele>
   </trkpt>
   <trkpt lat="40.6143340" lon="-3.1241810">
    <ele>873.0</ele>
   </trkpt>
   <trkpt lat="40.6143910" lon="-3.1243230">
    <ele>872.4</ele>
   </trkpt>
   <trkpt lat="40.6144490" lon="-3.1244660">
    <ele>871.6</ele>
   </trkpt>
   <trkpt lat="40.6144870" lon="-3.1246100">
    <ele>871.0</ele>
   </trkpt>
   <trkpt lat="40.6145130" lon="-3.1247570">
    <ele>870.2</ele>
   </trkpt>
   <trkpt lat="40.6145250" lon="-3.1249140">
    <ele>869.6</ele>
   </trkpt>
   <trkpt lat="40.6145170" lon="-3.1250750">
    <ele>869.2</ele>
   </trkpt>
   <trkpt lat="40.6144940" lon="-3.1252320">
    <ele>868.6</ele>
   </trkpt>
   <trkpt lat="40.6144520" lon="-3.1253830">
    <ele>868.0</ele>
   </trkpt>
   <trkpt lat="40.6143950" lon="-3.1255260">
    <ele>867.4</ele>
   </trkpt>
   <trkpt lat="40.6143300" lon="-3.1256670">
    <ele>866.6</ele>
   </trkpt>
   <trkpt lat="40.6142540" lon="-3.1258060">
    <ele>866.0</ele>
   </trkpt>
   <trkpt lat="40.6141780" lon="-3.1259420">
    <ele>865.0</ele>
   </trkpt>
   <trkpt lat="40.6141010" lon="-3.1260790">
    <ele>864.2</ele>
   </trkpt>
   <trkpt lat="40.6140290" lon="-3.1262170">
    <ele>863.2</ele>
   </trkpt>
   <trkpt lat="40.6139530" lon="-3.1263570">
    <ele>862.2</ele>
   </trkpt>
   <trkpt lat="40.6138800" lon="-3.1265030">
    <ele>861.4</ele>
   </trkpt>
   <trkpt lat="40.6138080" lon="-3.1266520">
    <ele>860.6</ele>
   </trkpt>
   <trkpt lat="40.6137390" lon="-3.1268030">
    <ele>860.0</ele>
   </trkpt>
   <trkpt lat="40.6136820" lon="-3.1269570">
    <ele>859.2</ele>
   </trkpt>
   <trkpt lat="40.6136280" lon="-3.1271140">
    <ele>858.2</ele>
   </trkpt>
   <trkpt lat="40.6135710" lon="-3.1272760">
    <ele>857.4</ele>
   </trkpt>
   <trkpt lat="40.6135180" lon="-3.1274330">
    <ele>856.8</ele>
   </trkpt>
   <trkpt lat="40.6134640" lon="-3.1275880">
    <ele>856.0</ele>
   </trkpt>
   <trkpt lat="40.6134070" lon="-3.1277500">
    <ele>855.0</ele>
   </trkpt>
   <trkpt lat="40.6133540" lon="-3.1279040">
    <ele>854.4</ele>
   </trkpt>
   <trkpt lat="40.6132970" lon="-3.1280620">
    <ele>853.8</ele>
   </trkpt>
   <trkpt lat="40.6132390" lon="-3.1282210">
    <ele>853.0</ele>
   </trkpt>
   <trkpt lat="40.6131820" lon="-3.1283830">
    <ele>852.0</ele>
   </trkpt>
   <trkpt lat="40.6131210" lon="-3.1285490">
    <ele>851.2</ele>
   </trkpt>
   <trkpt lat="40.6130640" lon="-3.1287170">
    <ele>850.2</ele>
   </trkpt>
   <trkpt lat="40.6130100" lon="-3.1288860">
    <ele>849.2</ele>
   </trkpt>
   <trkpt lat="40.6129570" lon="-3.1290560">
    <ele>848.4</ele>
   </trkpt>
   <trkpt lat="40.6129190" lon="-3.1292280">
    <ele>847.6</ele>
   </trkpt>
   <trkpt lat="40.6128840" lon="-3.1294000">
    <ele>846.8</ele>
   </trkpt>
   <trkpt lat="40.6128540" lon="-3.1295730">
    <ele>846.0</ele>
   </trkpt>
   <trkpt lat="40.6128270" lon="-3.1297410">
    <ele>845.2</ele>
   </trkpt>
   <trkpt lat="40.6128010" lon="-3.1299100">
    <ele>844.6</ele>
   </trkpt>
   <trkpt lat="40.6127740" lon="-3.1300790">
    <ele>844.0</ele>
   </trkpt>
   <trkpt lat="40.6127470" lon="-3.1302510">
    <ele>843.2</ele>
   </trkpt>
   <trkpt lat="40.6127130" lon="-3.1304220">
    <ele>842.6</ele>
   </trkpt>
   <trkpt lat="40.6126860" lon="-3.1305880">
    <ele>841.8</ele>
   </trkpt>
   <trkpt lat="40.6126560" lon="-3.1307580">
    <ele>841.0</ele>
   </trkpt>
   <trkpt lat="40.6126290" lon="-3.1309330">
    <ele>840.2</ele>
   </trkpt>
   <trkpt lat="40.6126060" lon="-3.1311030">
    <ele>839.6</ele>
   </trkpt>
   <trkpt lat="40.6125830" lon="-3.1312720">
    <ele>838.8</ele>
   </trkpt>
   <trkpt lat="40.6125600" lon="-3.1314450">
    <ele>838.2</ele>
   </trkpt>
   <trkpt lat="40.6125410" lon="-3.1316210">
    <ele>837.4</ele>
   </trkpt>
   <trkpt lat="40.6125340" lon="-3.1317940">
    <ele>836.8</ele>
   </trkpt>
   <trkpt lat="40.6125340" lon="-3.1319650">
    <ele>836.0</ele>
   </trkpt>
   <trkpt lat="40.6125300" lon="-3.1321340">
    <ele>835.4</ele>
   </trkpt>
   <trkpt lat="40.6125300" lon="-3.1323070">
    <ele>834.8</ele>
   </trkpt>
   <trkpt lat="40.6125300" lon="-3.1324770">
    <ele>834.2</ele>
   </trkpt>
   <trkpt lat="40.6125300" lon="-3.1326470">
    <ele>833.4</ele>
   </trkpt>
   <trkpt lat="40.6125300" lon="-3.1328160">
    <ele>832.8</ele>
   </trkpt>
   <trkpt lat="40.6125260" lon="-3.1329830">
    <ele>832.2</ele>
   </trkpt>
   <trkpt lat="40.6125260" lon="-3.1331490">
    <ele>831.4</ele>
   </trkpt>
   <trkpt lat="40.6125340" lon="-3.1333150">
    <ele>830.8</ele>
   </trkpt>
   <trkpt lat="40.6125450" lon="-3.1334770">
    <ele>830.0</ele>
   </trkpt>
   <trkpt lat="40.6125680" lon="-3.1336380">
    <ele>829.2</ele>
   </trkpt>
   <trkpt lat="40.6125950" lon="-3.1337970">
    <ele>828.6</ele>
   </trkpt>
   <trkpt lat="40.6126290" lon="-3.1339500">
    <ele>827.8</ele>
   </trkpt>
   <trkpt lat="40.6126750" lon="-3.1341030">
    <ele>827.2</ele>
   </trkpt>
   <trkpt lat="40.6127240" lon="-3.1342500">
    <ele>826.6</ele>
   </trkpt>
   <trkpt lat="40.6127740" lon="-3.1343970">
    <ele>826.0</ele>
   </trkpt>
   <trkpt lat="40.6128200" lon="-3.1345430">
    <ele>825.6</ele>
   </trkpt>
   <trkpt lat="40.6128730" lon="-3.1346880">
    <ele>825.0</ele>
   </trkpt>
   <trkpt lat="40.6129230" lon="-3.1348330">
    <ele>824.4</ele>
   </trkpt>
   <trkpt lat="40.6129720" lon="-3.1349760">
    <ele>823.8</ele>
   </trkpt>
   <trkpt lat="40.6130220" lon="-3.1351180">
    <ele>823.2</ele>
   </trkpt>
   <trkpt lat="40.6130680" lon="-3.1352610">
    <ele>822.6</ele>
   </trkpt>
   <trkpt lat="40.6131170" lon="-3.1354060">
    <ele>821.8</ele>
   </trkpt>
   <trkpt lat="40.6131670" lon="-3.1355460">
    <ele>821.2</ele>
   </trkpt>
   <trkpt lat="40.6132160" lon="-3.1356860">
    <ele>820.6</ele>
   </trkpt>
   <trkpt lat="40.6132700" lon="-3.1358250">
    <ele>819.8</ele>
   </trkpt>
   <trkpt lat="40.6133190" lon="-3.1359590">
    <ele>819.0</ele>
   </trkpt>
   <trkpt lat="40.6133770" lon="-3.1360920">
    <ele>818.4</ele>
   </trkpt>
   <trkpt lat="40.6134300" lon="-3.1362240">
    <ele>817.8</ele>
   </trkpt>
   <trkpt lat="40.6134830" lon="-3.1363540">
    <ele>817.2</ele>
   </trkpt>
   <trkpt lat="40.6135370" lon="-3.1364830">
    <ele>816.6</ele>
   </trkpt>
   <trkpt lat="40.6135900" lon="-3.1366110">
    <ele>816.4</ele>
   </trkpt>
   <trkpt lat="40.6136440" lon="-3.1367400">
    <ele>815.6</ele>
   </trkpt>
   <trkpt lat="40.6137010" lon="-3.1368670">
    <ele>815.0</ele>
   </trkpt>
   <trkpt lat="40.6137540" lon="-3.1369940">
    <ele>814.4</ele>
   </trkpt>
   <trkpt lat="40.6138080" lon="-3.1371220">
    <ele>813.8</ele>
   </trkpt>
   <trkpt lat="40.6138610" lon="-3.1372500">
    <ele>813.4</ele>
   </trkpt>
   <trkpt lat="40.6139110" lon="-3.1373770">
    <ele>812.8</ele>
   </trkpt>
   <trkpt lat="40.6139600" lon="-3.1375020">
    <ele>812.4</ele>
   </trkpt>
   <trkpt lat="40.6140100" lon="-3.1376230">
    <ele>812.2</ele>
   </trkpt>
   <trkpt lat="40.6140630" lon="-3.1377460">
    <ele>811.6</ele>
   </trkpt>
   <trkpt lat="40.6141090" lon="-3.1378630">
    <ele>811.2</ele>
   </trkpt>
   <trkpt lat="40.6141510" lon="-3.1379770">
    <ele>810.6</ele>
   </trkpt>
   <trkpt lat="40.6141930" lon="-3.1380820">
    <ele>810.2</ele>
   </trkpt>
   <trkpt lat="40.6142390" lon="-3.1381680">
    <ele>810.0</ele>
   </trkpt>
   <trkpt lat="40.6142880" lon="-3.1382330">
    <ele>809.6</ele>
   </trkpt>
   <trkpt lat="40.6143570" lon="-3.1382700">
    <ele>809.4</ele>
   </trkpt>
   <trkpt lat="40.6144370" lon="-3.1382850">
    <ele>809.2</ele>
   </trkpt>
   <trkpt lat="40.6145100" lon="-3.1382830">
    <ele>809.0</ele>
   </trkpt>
   <trkpt lat="40.6145780" lon="-3.1382670">
    <ele>809.0</ele>
   </trkpt>
   <trkpt lat="40.6146430" lon="-3.1382310">
    <ele>809.0</ele>
   </trkpt>
   <trkpt lat="40.6147080" lon="-3.1381710">
    <ele>809.2</ele>
   </trkpt>
   <trkpt lat="40.6147610" lon="-3.1380920">
    <ele>809.2</ele>
   </trkpt>
   <trkpt lat="40.6147990" lon="-3.1380000">
    <ele>809.4</ele>
   </trkpt>
   <trkpt lat="40.6148340" lon="-3.1379100">
    <ele>809.4</ele>
   </trkpt>
   <trkpt lat="40.6148760" lon="-3.1378310">
    <ele>809.4</ele>
   </trkpt>
   <trkpt lat="40.6149290" lon="-3.1377790">
    <ele>809.6</ele>
   </trkpt>
   <trkpt lat="40.6149860" lon="-3.1377610">
    <ele>809.8</ele>
   </trkpt>
   <trkpt lat="40.6150470" lon="-3.1377710">
    <ele>809.8</ele>
   </trkpt>
   <trkpt lat="40.6151010" lon="-3.1378050">
    <ele>809.8</ele>
   </trkpt>
   <trkpt lat="40.6151580" lon="-3.1378500">
    <ele>809.8</ele>
   </trkpt>
   <trkpt lat="40.6152110" lon="-3.1378950">
    <ele>809.8</ele>
   </trkpt>
   <trkpt lat="40.6152610" lon="-3.1379340">
    <ele>809.8</ele>
   </trkpt>
   <trkpt lat="40.6153110" lon="-3.1379740">
    <ele>810.0</ele>
   </trkpt>
   <trkpt lat="40.6153490" lon="-3.1380170">
    <ele>810.0</ele>
   </trkpt>
   <trkpt lat="40.6153790" lon="-3.1380650">
    <ele>810.0</ele>
   </trkpt>
   <trkpt lat="40.6153910" lon="-3.1381250">
    <ele>810.0</ele>
   </trkpt>
   <trkpt lat="40.6153980" lon="-3.1381910">
    <ele>810.0</ele>
   </trkpt>
   <trkpt lat="40.6153980" lon="-3.1382630">
    <ele>809.8</ele>
   </trkpt>
   <trkpt lat="40.6154020" lon="-3.1383360">
    <ele>809.4</ele>
   </trkpt>
   <trkpt lat="40.6154060" lon="-3.1384160">
    <ele>809.0</ele>
   </trkpt>
   <trkpt lat="40.6154170" lon="-3.1384980">
    <ele>808.6</ele>
   </trkpt>
   <trkpt lat="40.6154290" lon="-3.1385880">
    <ele>808.0</ele>
   </trkpt>
   <trkpt lat="40.6154480" lon="-3.1386820">
    <ele>807.4</ele>
   </trkpt>
   <trkpt lat="40.6154710" lon="-3.1387770">
    <ele>807.0</ele>
   </trkpt>
   <trkpt lat="40.6154940" lon="-3.1388730">
    <ele>806.4</ele>
   </trkpt>
   <trkpt lat="40.6155200" lon="-3.1389730">
    <ele>805.8</ele>
   </trkpt>
   <trkpt lat="40.6155510" lon="-3.1390730">
    <ele>805.4</ele>
   </trkpt>
   <trkpt lat="40.6155890" lon="-3.1391730">
    <ele>805.0</ele>
   </trkpt>
   <trkpt lat="40.6156230" lon="-3.1392710">
    <ele>804.4</ele>
   </trkpt>
   <trkpt lat="40.6156580" lon="-3.1393680">
    <ele>804.0</ele>
   </trkpt>
   <trkpt lat="40.6156920" lon="-3.1394650">
    <ele>803.8</ele>
   </trkpt>
   <trkpt lat="40.6157300" lon="-3.1395580">
    <ele>803.6</ele>
   </trkpt>
   <trkpt lat="40.6157760" lon="-3.1396450">
    <ele>803.4</ele>
   </trkpt>
   <trkpt lat="40.6158260" lon="-3.1397300">
    <ele>803.2</ele>
   </trkpt>
   <trkpt lat="40.6158680" lon="-3.1398160">
    <ele>802.6</ele>
   </trkpt>
   <trkpt lat="40.6159020" lon="-3.1399090">
    <ele>802.2</ele>
   </trkpt>
   <trkpt lat="40.6159290" lon="-3.1400120">
    <ele>801.6</ele>
   </trkpt>
   <trkpt lat="40.6159400" lon="-3.1401110">
    <ele>801.2</ele>
   </trkpt>
   <trkpt lat="40.6159400" lon="-3.1402160">
    <ele>800.8</ele>
   </trkpt>
   <trkpt lat="40.6159250" lon="-3.1403090">
    <ele>800.4</ele>
   </trkpt>
   <trkpt lat="40.6159130" lon="-3.1404010">
    <ele>800.2</ele>
   </trkpt>
   <trkpt lat="40.6159100" lon="-3.1404820">
    <ele>799.8</ele>
   </trkpt>
   <trkpt lat="40.6159210" lon="-3.1405610">
    <ele>799.4</ele>
   </trkpt>
   <trkpt lat="40.6159550" lon="-3.1406320">
    <ele>799.0</ele>
   </trkpt>
   <trkpt lat="40.6159970" lon="-3.1406960">
    <ele>798.6</ele>
   </trkpt>
   <trkpt lat="40.6160510" lon="-3.1407540">
    <ele>798.4</ele>
   </trkpt>
   <trkpt lat="40.6161080" lon="-3.1408030">
    <ele>798.0</ele>
   </trkpt>
   <trkpt lat="40.6161770" lon="-3.1408500">
    <ele>797.6</ele>
   </trkpt>
   <trkpt lat="40.6162410" lon="-3.1408980">
    <ele>797.4</ele>
   </trkpt>
   <trkpt lat="40.6163060" lon="-3.1409500">
    <ele>797.0</ele>
   </trkpt>
   <trkpt lat="40.6163640" lon="-3.1410100">
    <ele>796.6</ele>
   </trkpt>
   <trkpt lat="40.6164250" lon="-3.1410740">
    <ele>796.2</ele>
   </trkpt>
   <trkpt lat="40.6164820" lon="-3.1411460">
    <ele>795.8</ele>
   </trkpt>
   <trkpt lat="40.6165390" lon="-3.1412310">
    <ele>795.2</ele>
   </trkpt>
   <trkpt lat="40.6165920" lon="-3.1413200">
    <ele>794.4</ele>
   </trkpt>
   <trkpt lat="40.6166460" lon="-3.1414140">
    <ele>793.8</ele>
   </trkpt>
   <trkpt lat="40.6167030" lon="-3.1415090">
    <ele>793.4</ele>
   </trkpt>
   <trkpt lat="40.6167600" lon="-3.1416030">
    <ele>792.8</ele>
   </trkpt>
   <trkpt lat="40.6168140" lon="-3.1416970">
    <ele>792.2</ele>
   </trkpt>
   <trkpt lat="40.6168710" lon="-3.1417930">
    <ele>791.8</ele>
   </trkpt>
   <trkpt lat="40.6169240" lon="-3.1418860">
    <ele>791.4</ele>
   </trkpt>
   <trkpt lat="40.6169850" lon="-3.1419800">
    <ele>791.0</ele>
   </trkpt>
   <trkpt lat="40.6170420" lon="-3.1420720">
    <ele>790.6</ele>
   </trkpt>
   <trkpt lat="40.6171000" lon="-3.1421650">
    <ele>790.0</ele>
   </trkpt>
   <trkpt lat="40.6171530" lon="-3.1422560">
    <ele>789.6</ele>
   </trkpt>
   <trkpt lat="40.6172100" lon="-3.1423480">
    <ele>789.4</ele>
   </trkpt>
   <trkpt lat="40.6172680" lon="-3.1424390">
    <ele>789.0</ele>
   </trkpt>
   <trkpt lat="40.6173290" lon="-3.1425240">
    <ele>788.8</ele>
   </trkpt>
   <trkpt lat="40.6173900" lon="-3.1426010">
    <ele>788.4</ele>
   </trkpt>
   <trkpt lat="40.6174510" lon="-3.1426710">
    <ele>788.2</ele>
   </trkpt>
   <trkpt lat="40.6175310" lon="-3.1427600">
    <ele>787.8</ele>
   </trkpt>
   <trkpt lat="40.6176070" lon="-3.1428310">
    <ele>787.4</ele>
   </trkpt>
   <trkpt lat="40.6176830" lon="-3.1429000">
    <ele>787.0</ele>
   </trkpt>
   <trkpt lat="40.6177600" lon="-3.1429700">
    <ele>786.8</ele>
   </trkpt>
   <trkpt lat="40.6178360" lon="-3.1430360">
    <ele>786.4</ele>
   </trkpt>
   <trkpt lat="40.6179120" lon="-3.1431000">
    <ele>786.2</ele>
   </trkpt>
   <trkpt lat="40.6179920" lon="-3.1431620">
    <ele>785.8</ele>
   </trkpt>
   <trkpt lat="40.6180690" lon="-3.1432170">
    <ele>785.6</ele>
   </trkpt>
   <trkpt lat="40.6181490" lon="-3.1432630">
    <ele>785.6</ele>
   </trkpt>
   <trkpt lat="40.6182290" lon="-3.1433040">
    <ele>785.4</ele>
   </trkpt>
   <trkpt lat="40.6183090" lon="-3.1433410">
    <ele>785.2</ele>
   </trkpt>
   <trkpt lat="40.6183890" lon="-3.1433800">
    <ele>785.0</ele>
   </trkpt>
   <trkpt lat="40.6184650" lon="-3.1434240">
    <ele>784.8</ele>
   </trkpt>
   <trkpt lat="40.6185380" lon="-3.1434730">
    <ele>784.8</ele>
   </trkpt>
   <trkpt lat="40.6186070" lon="-3.1435300">
    <ele>784.6</ele>
   </trkpt>
   <trkpt lat="40.6186710" lon="-3.1435930">
    <ele>784.6</ele>
   </trkpt>
   <trkpt lat="40.6187250" lon="-3.1436660">
    <ele>784.6</ele>
   </trkpt>
   <trkpt lat="40.6187780" lon="-3.1437390">
    <ele>784.6</ele>
   </trkpt>
   <trkpt lat="40.6188320" lon="-3.1438160">
    <ele>784.4</ele>
   </trkpt>
   <trkpt lat="40.6188810" lon="-3.1438920">
    <ele>784.2</ele>
   </trkpt>
   <trkpt lat="40.6189350" lon="-3.1439660">
    <ele>784.0</ele>
   </trkpt>
   <trkpt lat="40.6189880" lon="-3.1440360">
    <ele>783.8</ele>
   </trkpt>
   <trkpt lat="40.6190450" lon="-3.1440980">
    <ele>783.8</ele>
   </trkpt>
   <trkpt lat="40.6191100" lon="-3.1441500">
    <ele>783.6</ele>
   </trkpt>
   <trkpt lat="40.6191790" lon="-3.1442010">
    <ele>783.4</ele>
   </trkpt>
   <trkpt lat="40.6192400" lon="-3.1442550">
    <ele>783.2</ele>
   </trkpt>
   <trkpt lat="40.6193050" lon="-3.1443120">
    <ele>783.0</ele>
   </trkpt>
   <trkpt lat="40.6193690" lon="-3.1443680">
    <ele>782.8</ele>
   </trkpt>
   <trkpt lat="40.6194340" lon="-3.1444250">
    <ele>782.6</ele>
   </trkpt>
   <trkpt lat="40.6194920" lon="-3.1444860">
    <ele>782.4</ele>
   </trkpt>
   <trkpt lat="40.6195530" lon="-3.1445500">
    <ele>782.2</ele>
   </trkpt>
   <trkpt lat="40.6196140" lon="-3.1446140">
    <ele>781.8</ele>
   </trkpt>
   <trkpt lat="40.6196750" lon="-3.1446720">
    <ele>781.4</ele>
   </trkpt>
   <trkpt lat="40.6197400" lon="-3.1447280">
    <ele>781.0</ele>
   </trkpt>
   <trkpt lat="40.6198040" lon="-3.1447860">
    <ele>780.6</ele>
   </trkpt>
   <trkpt lat="40.6198650" lon="-3.1448430">
    <ele>780.0</ele>
   </trkpt>
   <trkpt lat="40.6199260" lon="-3.1449070">
    <ele>779.6</ele>
   </trkpt>
   <trkpt lat="40.6199800" lon="-3.1449830">
    <ele>779.0</ele>
   </trkpt>
   <trkpt lat="40.6200330" lon="-3.1450600">
    <ele>778.4</ele>
   </trkpt>
   <trkpt lat="40.6200870" lon="-3.1451380">
    <ele>778.0</ele>
   </trkpt>
   <trkpt lat="40.6201440" lon="-3.1452160">
    <ele>777.4</ele>
   </trkpt>
   <trkpt lat="40.6202050" lon="-3.1452900">
    <ele>776.8</ele>
   </trkpt>
   <trkpt lat="40.6202700" lon="-3.1453580">
    <ele>776.2</ele>
   </trkpt>
   <trkpt lat="40.6203420" lon="-3.1454170">
    <ele>775.8</ele>
   </trkpt>
   <trkpt lat="40.6204220" lon="-3.1454680">
    <ele>775.4</ele>
   </trkpt>
   <trkpt lat="40.6205020" lon="-3.1455150">
    <ele>774.8</ele>
   </trkpt>
   <trkpt lat="40.6205830" lon="-3.1455590">
    <ele>774.4</ele>
   </trkpt>
   <trkpt lat="40.6206590" lon="-3.1456020">
    <ele>774.2</ele>
   </trkpt>
   <trkpt lat="40.6207350" lon="-3.1456440">
    <ele>774.0</ele>
   </trkpt>
   <trkpt lat="40.6208110" lon="-3.1456830">
    <ele>773.8</ele>
   </trkpt>
   <trkpt lat="40.6208840" lon="-3.1457220">
    <ele>773.6</ele>
   </trkpt>
   <trkpt lat="40.6209560" lon="-3.1457600">
    <ele>773.4</ele>
   </trkpt>
   <trkpt lat="40.6210250" lon="-3.1457940">
    <ele>773.4</ele>
   </trkpt>
   <trkpt lat="40.6211010" lon="-3.1458160">
    <ele>773.2</ele>
   </trkpt>
   <trkpt lat="40.6211780" lon="-3.1458290">
    <ele>773.0</ele>
   </trkpt>
   <trkpt lat="40.6212500" lon="-3.1458360">
    <ele>773.0</ele>
   </trkpt>
   <trkpt lat="40.6213230" lon="-3.1458380">
    <ele>772.8</ele>
   </trkpt>
   <trkpt lat="40.6213950" lon="-3.1458360">
    <ele>772.6</ele>
   </trkpt>
   <trkpt lat="40.6214680" lon="-3.1458320">
    <ele>772.4</ele>
   </trkpt>
   <trkpt lat="40.6215440" lon="-3.1458290">
    <ele>772.2</ele>
   </trkpt>
   <trkpt lat="40.6216130" lon="-3.1458300">
    <ele>772.0</ele>
   </trkpt>
   <trkpt lat="40.6216890" lon="-3.1458320">
    <ele>772.0</ele>
   </trkpt>
   <trkpt lat="40.6217610" lon="-3.1458410">
    <ele>771.8</ele>
   </trkpt>
   <trkpt lat="40.6218380" lon="-3.1458560">
    <ele>771.8</ele>
   </trkpt>
   <trkpt lat="40.6219060" lon="-3.1458750">
    <ele>771.6</ele>
   </trkpt>
   <trkpt lat="40.6219750" lon="-3.1459010">
    <ele>771.4</ele>
   </trkpt>
   <trkpt lat="40.6220440" lon="-3.1459360">
    <ele>771.4</ele>
   </trkpt>
   <trkpt lat="40.6221080" lon="-3.1459830">
    <ele>771.2</ele>
   </trkpt>
   <trkpt lat="40.6221660" lon="-3.1460410">
    <ele>771.0</ele>
   </trkpt>
   <trkpt lat="40.6222270" lon="-3.1461020">
    <ele>770.6</ele>
   </trkpt>
   <trkpt lat="40.6222880" lon="-3.1461650">
    <ele>770.6</ele>
   </trkpt>
   <trkpt lat="40.6223450" lon="-3.1462290">
    <ele>770.4</ele>
   </trkpt>
   <trkpt lat="40.6224020" lon="-3.1462900">
    <ele>770.2</ele>
   </trkpt>
   <trkpt lat="40.6224630" lon="-3.1463470">
    <ele>770.0</ele>
   </trkpt>
   <trkpt lat="40.6225200" lon="-3.1464030">
    <ele>769.8</ele>
   </trkpt>
   <trkpt lat="40.6225780" lon="-3.1464570">
    <ele>769.6</ele>
   </trkpt>
   <trkpt lat="40.6226390" lon="-3.1465030">
    <ele>769.6</ele>
   </trkpt>
   <trkpt lat="40.6227000" lon="-3.1465500">
    <ele>769.4</ele>
   </trkpt>
   <trkpt lat="40.6227530" lon="-3.1466010">
    <ele>769.4</ele>
   </trkpt>
   <trkpt lat="40.6227990" lon="-3.1466610">
    <ele>769.2</ele>
   </trkpt>
   <trkpt lat="40.6228370" lon="-3.1467330">
    <ele>769.0</ele>
   </trkpt>
   <trkpt lat="40.6228710" lon="-3.1468110">
    <ele>768.6</ele>
   </trkpt>
   <trkpt lat="40.6229060" lon="-3.1468950">
    <ele>768.4</ele>
   </trkpt>
   <trkpt lat="40.6229360" lon="-3.1469800">
    <ele>768.2</ele>
   </trkpt>
   <trkpt lat="40.6229630" lon="-3.1470660">
    <ele>768.0</ele>
   </trkpt>
   <trkpt lat="40.6229970" lon="-3.1471480">
    <ele>767.8</ele>
   </trkpt>
   <trkpt lat="40.6230280" lon="-3.1472260">
    <ele>767.6</ele>
   </trkpt>
   <trkpt lat="40.6230700" lon="-3.1472980">
    <ele>767.2</ele>
   </trkpt>
   <trkpt lat="40.6231160" lon="-3.1473680">
    <ele>766.8</ele>
   </trkpt>
   <trkpt lat="40.6231610" lon="-3.1474400">
    <ele>766.4</ele>
   </trkpt>
   <trkpt lat="40.6232070" lon="-3.1475160">
    <ele>766.0</ele>
   </trkpt>
   <trkpt lat="40.6232570" lon="-3.1475950">
    <ele>765.4</ele>
   </trkpt>
   <trkpt lat="40.6233140" lon="-3.1476760">
    <ele>764.8</ele>
   </trkpt>
   <trkpt lat="40.6233710" lon="-3.1477590">
    <ele>764.2</ele>
   </trkpt>
   <trkpt lat="40.6234320" lon="-3.1478400">
    <ele>763.8</ele>
   </trkpt>
   <trkpt lat="40.6234890" lon="-3.1479200">
    <ele>763.2</ele>
   </trkpt>
   <trkpt lat="40.6235500" lon="-3.1479980">
    <ele>763.0</ele>
   </trkpt>
   <trkpt lat="40.6236080" lon="-3.1480780">
    <ele>762.6</ele>
   </trkpt>
   <trkpt lat="40.6236650" lon="-3.1481570">
    <ele>762.4</ele>
   </trkpt>
   <trkpt lat="40.6237180" lon="-3.1482350">
    <ele>762.2</ele>
   </trkpt>
   <trkpt lat="40.6237680" lon="-3.1483110">
    <ele>762.0</ele>
   </trkpt>
   <trkpt lat="40.6238210" lon="-3.1483880">
    <ele>761.8</ele>
   </trkpt>
   <trkpt lat="40.6238670" lon="-3.1484650">
    <ele>761.6</ele>
   </trkpt>
   <trkpt lat="40.6239090" lon="-3.1485420">
    <ele>761.4</ele>
   </trkpt>
   <trkpt lat="40.6239550" lon="-3.1486150">
    <ele>761.4</ele>
   </trkpt>
   <trkpt lat="40.6240010" lon="-3.1486780">
    <ele>761.2</ele>
   </trkpt>
   <trkpt lat="40.6240460" lon="-3.1487300">
    <ele>761.2</ele>
   </trkpt>
   <trkpt lat="40.6241000" lon="-3.1487710">
    <ele>761.2</ele>
   </trkpt>
   <trkpt lat="40.6241530" lon="-3.1488030">
    <ele>761.2</ele>
   </trkpt>
   <trkpt lat="40.6242100" lon="-3.1488310">
    <ele>761.2</ele>
   </trkpt>
   <trkpt lat="40.6242750" lon="-3.1488550">
    <ele>761.0</ele>
   </trkpt>
   <trkpt lat="40.6243360" lon="-3.1488790">
    <ele>760.8</ele>
   </trkpt>
   <trkpt lat="40.6243970" lon="-3.1489050">
    <ele>760.6</ele>
   </trkpt>
   <trkpt lat="40.6244620" lon="-3.1489320">
    <ele>760.4</ele>
   </trkpt>
   <trkpt lat="40.6245190" lon="-3.1489590">
    <ele>760.2</ele>
   </trkpt>
   <trkpt lat="40.6245800" lon="-3.1489840">
    <ele>759.8</ele>
   </trkpt>
   <trkpt lat="40.6246530" lon="-3.1490160">
    <ele>759.6</ele>
   </trkpt>
   <trkpt lat="40.6247180" lon="-3.1490440">
    <ele>759.2</ele>
   </trkpt>
   <trkpt lat="40.6247830" lon="-3.1490750">
    <ele>759.0</ele>
   </trkpt>
   <trkpt lat="40.6248510" lon="-3.1491100">
    <ele>758.6</ele>
   </trkpt>
   <trkpt lat="40.6249200" lon="-3.1491440">
    <ele>758.2</ele>
   </trkpt>
   <trkpt lat="40.6249890" lon="-3.1491770">
    <ele>757.8</ele>
   </trkpt>
   <trkpt lat="40.6250530" lon="-3.1492170">
    <ele>757.4</ele>
   </trkpt>
   <trkpt lat="40.6251220" lon="-3.1492740">
    <ele>756.8</ele>
   </trkpt>
   <trkpt lat="40.6251830" lon="-3.1493530">
    <ele>756.2</ele>
   </trkpt>
   <trkpt lat="40.6252360" lon="-3.1494430">
    <ele>755.8</ele>
   </trkpt>
   <trkpt lat="40.6252940" lon="-3.1495280">
    <ele>755.4</ele>
   </trkpt>
   <trkpt lat="40.6253620" lon="-3.1495970">
    <ele>755.2</ele>
   </trkpt>
   <trkpt lat="40.6254350" lon="-3.1496500">
    <ele>755.0</ele>
   </trkpt>
   <trkpt lat="40.6255040" lon="-3.1497090">
    <ele>754.8</ele>
   </trkpt>
   <trkpt lat="40.6255650" lon="-3.1497910">
    <ele>754.6</ele>
   </trkpt>
   <trkpt lat="40.6256030" lon="-3.1498880">
    <ele>754.4</ele>
   </trkpt>
   <trkpt lat="40.6255910" lon="-3.1499950">
    <ele>754.4</ele>
   </trkpt>
   <trkpt lat="40.6255800" lon="-3.1501040">
    <ele>754.4</ele>
   </trkpt>
   <trkpt lat="40.6255720" lon="-3.1502080">
    <ele>754.2</ele>
   </trkpt>
   <trkpt lat="40.6255870" lon="-3.1503070">
    <ele>753.8</ele>
   </trkpt>
   <trkpt lat="40.6256140" lon="-3.1504000">
    <ele>753.4</ele>
   </trkpt>
   <trkpt lat="40.6256410" lon="-3.1504950">
    <ele>753.0</ele>
   </trkpt>
   <trkpt lat="40.6256680" lon="-3.1505870">
    <ele>752.8</ele>
   </trkpt>
   <trkpt lat="40.6256940" lon="-3.1506710">
    <ele>752.6</ele>
   </trkpt>
   <trkpt lat="40.6257020" lon="-3.1507480">
    <ele>752.6</ele>
   </trkpt>
   <trkpt lat="40.6256940" lon="-3.1508150">
    <ele>752.8</ele>
   </trkpt>
   <trkpt lat="40.6256940" lon="-3.1508680">
    <ele>752.8</ele>
   </trkpt>
   <trkpt lat="40.6257020" lon="-3.1509140">
    <ele>753.0</ele>
   </trkpt>
   <trkpt lat="40.6256980" lon="-3.1509540">
    <ele>753.0</ele>
   </trkpt>
   <trkpt lat="40.6256790" lon="-3.1509910">
    <ele>753.0</ele>
   </trkpt>
   <trkpt lat="40.6256490" lon="-3.1510250">
    <ele>753.0</ele>
   </trkpt>
   <trkpt lat="40.6256070" lon="-3.1510600">
    <ele>753.0</ele>
   </trkpt>
   <trkpt lat="40.6255650" lon="-3.1510960">
    <ele>753.2</ele>
   </trkpt>
   <trkpt lat="40.6255260" lon="-3.1511310">
    <ele>753.4</ele>
   </trkpt>
   <trkpt lat="40.6254920" lon="-3.1511650">
    <ele>753.6</ele>
   </trkpt>
   <trkpt lat="40.6254580" lon="-3.1511990">
    <ele>753.6</ele>
   </trkpt>
   <trkpt lat="40.6254200" lon="-3.1512360">
    <ele>753.8</ele>
   </trkpt>
   <trkpt lat="40.6253810" lon="-3.1512690">
    <ele>754.0</ele>
   </trkpt>
   <trkpt lat="40.6253470" lon="-3.1513010">
    <ele>754.2</ele>
   </trkpt>
   <trkpt lat="40.6253170" lon="-3.1513350">
    <ele>754.4</ele>
   </trkpt>
   <trkpt lat="40.6252780" lon="-3.1513690">
    <ele>754.6</ele>
   </trkpt>
   <trkpt lat="40.6252440" lon="-3.1514030">
    <ele>754.8</ele>
   </trkpt>
   <trkpt lat="40.6252060" lon="-3.1514380">
    <ele>755.0</ele>
   </trkpt>
   <trkpt lat="40.6251680" lon="-3.1514710">
    <ele>755.2</ele>
   </trkpt>
   <trkpt lat="40.6251340" lon="-3.1515060">
    <ele>755.4</ele>
   </trkpt>
   <trkpt lat="40.6250950" lon="-3.1515390">
    <ele>755.6</ele>
   </trkpt>
   <trkpt lat="40.6250610" lon="-3.1515720">
    <ele>755.8</ele>
   </trkpt>
   <trkpt lat="40.6250230" lon="-3.1516110">
    <ele>756.0</ele>
   </trkpt>
   <trkpt lat="40.6249920" lon="-3.1516440">
    <ele>756.2</ele>
   </trkpt>
   <trkpt lat="40.6249660" lon="-3.1516780">
    <ele>756.4</ele>
   </trkpt>
   <trkpt lat="40.6249430" lon="-3.1517130">
    <ele>756.6</ele>
   </trkpt>
   <trkpt lat="40.6249280" lon="-3.1517470">
    <ele>756.8</ele>
   </trkpt>
   <trkpt lat="40.6249200" lon="-3.1517880">
    <ele>756.8</ele>
   </trkpt>
   <trkpt lat="40.6249120" lon="-3.1518350">
    <ele>756.8</ele>
   </trkpt>
   <trkpt lat="40.6249010" lon="-3.1518820">
    <ele>756.8</ele>
   </trkpt>
   <trkpt lat="40.6248860" lon="-3.1519250">
    <ele>757.0</ele>
   </trkpt>
   <trkpt lat="40.6248660" lon="-3.1519590">
    <ele>757.2</ele>
   </trkpt>
   <trkpt lat="40.6248510" lon="-3.1519840">
    <ele>757.6</ele>
   </trkpt>
   <trkpt lat="40.6248360" lon="-3.1520020">
    <ele>757.8</ele>
   </trkpt>
   <trkpt lat="40.6248240" lon="-3.1520180">
    <ele>758.2</ele>
   </trkpt>
   <trkpt lat="40.6248170" lon="-3.1520370">
    <ele>758.4</ele>
   </trkpt>
   <trkpt lat="40.6248050" lon="-3.1520600">
    <ele>758.8</ele>
   </trkpt>
   <trkpt lat="40.6247940" lon="-3.1520820">
    <ele>759.0</ele>
   </trkpt>
   <trkpt lat="40.6247750" lon="-3.1521050">
    <ele>759.4</ele>
   </trkpt>
   <trkpt lat="40.6247600" lon="-3.1521260">
    <ele>759.6</ele>
   </trkpt>
   <trkpt lat="40.6247440" lon="-3.1521460">
    <ele>759.8</ele>
   </trkpt>
   <trkpt lat="40.6247330" lon="-3.1521670">
    <ele>760.0</ele>
   </trkpt>
   <trkpt lat="40.6247180" lon="-3.1521910">
    <ele>760.2</ele>
   </trkpt>
   <trkpt lat="40.6246990" lon="-3.1522180">
    <ele>760.2</ele>
   </trkpt>
   <trkpt lat="40.6246800" lon="-3.1522450">
    <ele>760.2</ele>
   </trkpt>
   <trkpt lat="40.6246570" lon="-3.1522710">
    <ele>760.4</ele>
   </trkpt>
   <trkpt lat="40.6246380" lon="-3.1522970">
    <ele>760.4</ele>
   </trkpt>
   <trkpt lat="40.6246110" lon="-3.1523230">
    <ele>760.4</ele>
   </trkpt>
   <trkpt lat="40.6245840" lon="-3.1523530">
    <ele>760.6</ele>
   </trkpt>
   <trkpt lat="40.6245570" lon="-3.1523850">
    <ele>760.6</ele>
   </trkpt>
   <trkpt lat="40.6245310" lon="-3.1524200">
    <ele>760.6</ele>
   </trkpt>
   <trkpt lat="40.6245040" lon="-3.1524560">
    <ele>760.6</ele>
   </trkpt>
   <trkpt lat="40.6244740" lon="-3.1524930">
    <ele>760.6</ele>
   </trkpt>
   <trkpt lat="40.6244470" lon="-3.1525320">
    <ele>760.6</ele>
   </trkpt>
   <trkpt lat="40.6244160" lon="-3.1525690">
    <ele>760.6</ele>
   </trkpt>
   <trkpt lat="40.6243860" lon="-3.1526060">
    <ele>760.6</ele>
   </trkpt>
   <trkpt lat="40.6243590" lon="-3.1526470">
    <ele>760.6</ele>
   </trkpt>
   <trkpt lat="40.6243290" lon="-3.1526880">
    <ele>760.6</ele>
   </trkpt>
   <trkpt lat="40.6243020" lon="-3.1527330">
    <ele>760.4</ele>
   </trkpt>
   <trkpt lat="40.6242680" lon="-3.1527800">
    <ele>760.2</ele>
   </trkpt>
   <trkpt lat="40.6242370" lon="-3.1528290">
    <ele>760.0</ele>
   </trkpt>
   <trkpt lat="40.6241990" lon="-3.1528850">
    <ele>759.6</ele>
   </trkpt>
   <trkpt lat="40.6241610" lon="-3.1529400">
    <ele>759.2</ele>
   </trkpt>
   <trkpt lat="40.6241190" lon="-3.1529950">
    <ele>759.0</ele>
   </trkpt>
   <trkpt lat="40.6240770" lon="-3.1530540">
    <ele>758.6</ele>
   </trkpt>
   <trkpt lat="40.6240350" lon="-3.1531140">
    <ele>758.2</ele>
   </trkpt>
   <trkpt lat="40.6239890" lon="-3.1531730">
    <ele>757.8</ele>
   </trkpt>
   <trkpt lat="40.6239510" lon="-3.1532290">
    <ele>757.6</ele>
   </trkpt>
   <trkpt lat="40.6239090" lon="-3.1532830">
    <ele>757.4</ele>
   </trkpt>
   <trkpt lat="40.6238670" lon="-3.1533380">
    <ele>757.2</ele>
   </trkpt>
   <trkpt lat="40.6238290" lon="-3.1533960">
    <ele>757.2</ele>
   </trkpt>
   <trkpt lat="40.6237870" lon="-3.1534590">
    <ele>757.2</ele>
   </trkpt>
   <trkpt lat="40.6237370" lon="-3.1535200">
    <ele>757.2</ele>
   </trkpt>
   <trkpt lat="40.6236950" lon="-3.1535780">
    <ele>757.2</ele>
   </trkpt>
   <trkpt lat="40.6236570" lon="-3.1536350">
    <ele>757.2</ele>
   </trkpt>
   <trkpt lat="40.6236190" lon="-3.1536910">
    <ele>757.4</ele>
   </trkpt>
   <trkpt lat="40.6235850" lon="-3.1537450">
    <ele>757.6</ele>
   </trkpt>
   <trkpt lat="40.6235470" lon="-3.1538050">
    <ele>757.6</ele>
   </trkpt>
   <trkpt lat="40.6235010" lon="-3.1538680">
    <ele>757.6</ele>
   </trkpt>
   <trkpt lat="40.6234470" lon="-3.1539340">
    <ele>757.8</ele>
   </trkpt>
   <trkpt lat="40.6234050" lon="-3.1539990">
    <ele>757.8</ele>
   </trkpt>
   <trkpt lat="40.6233630" lon="-3.1540600">
    <ele>758.0</ele>
   </trkpt>
   <trkpt lat="40.6233180" lon="-3.1541190">
    <ele>758.0</ele>
   </trkpt>
   <trkpt lat="40.6232760" lon="-3.1541760">
    <ele>758.2</ele>
   </trkpt>
   <trkpt lat="40.6232340" lon="-3.1542300">
    <ele>758.2</ele>
   </trkpt>
   <trkpt lat="40.6231960" lon="-3.1542780">
    <ele>758.4</ele>
   </trkpt>
   <trkpt lat="40.6231690" lon="-3.1543290">
    <ele>758.4</ele>
   </trkpt>
   <trkpt lat="40.6231460" lon="-3.1543830">
    <ele>758.4</ele>
   </trkpt>
   <trkpt lat="40.6231270" lon="-3.1544420">
    <ele>758.4</ele>
   </trkpt>
   <trkpt lat="40.6231040" lon="-3.1545090">
    <ele>758.4</ele>
   </trkpt>
   <trkpt lat="40.6230850" lon="-3.1545810">
    <ele>758.2</ele>
   </trkpt>
   <trkpt lat="40.6230660" lon="-3.1546570">
    <ele>758.2</ele>
   </trkpt>
   <trkpt lat="40.6230470" lon="-3.1547310">
    <ele>758.2</ele>
   </trkpt>
   <trkpt lat="40.6230280" lon="-3.1548040">
    <ele>758.0</ele>
   </trkpt>
   <trkpt lat="40.6230010" lon="-3.1548740">
    <ele>758.0</ele>
   </trkpt>
   <trkpt lat="40.6229740" lon="-3.1549420">
    <ele>757.8</ele>
   </trkpt>
   <trkpt lat="40.6229510" lon="-3.1550110">
    <ele>757.8</ele>
   </trkpt>
   <trkpt lat="40.6229290" lon="-3.1550800">
    <ele>757.6</ele>
   </trkpt>
   <trkpt lat="40.6229100" lon="-3.1551520">
    <ele>757.6</ele>
   </trkpt>
   <trkpt lat="40.6228870" lon="-3.1552260">
    <ele>757.4</ele>
   </trkpt>
   <trkpt lat="40.6228640" lon="-3.1552990">
    <ele>757.4</ele>
   </trkpt>
   <trkpt lat="40.6228410" lon="-3.1553680">
    <ele>757.4</ele>
   </trkpt>
   <trkpt lat="40.6228180" lon="-3.1554400">
    <ele>757.2</ele>
   </trkpt>
   <trkpt lat="40.6227950" lon="-3.1555090">
    <ele>757.2</ele>
   </trkpt>
   <trkpt lat="40.6227760" lon="-3.1555710">
    <ele>757.4</ele>
   </trkpt>
   <trkpt lat="40.6227570" lon="-3.1556370">
    <ele>757.4</ele>
   </trkpt>
   <trkpt lat="40.6227340" lon="-3.1557140">
    <ele>757.6</ele>
   </trkpt>
   <trkpt lat="40.6227150" lon="-3.1557920">
    <ele>757.6</ele>
   </trkpt>
   <trkpt lat="40.6226920" lon="-3.1558880">
    <ele>757.8</ele>
   </trkpt>
   <trkpt lat="40.6226690" lon="-3.1559820">
    <ele>758.0</ele>
   </trkpt>
   <trkpt lat="40.6226460" lon="-3.1560790">
    <ele>758.0</ele>
   </trkpt>
   <trkpt lat="40.6226230" lon="-3.1561800">
    <ele>758.2</ele>
   </trkpt>
   <trkpt lat="40.6226080" lon="-3.1562600">
    <ele>758.2</ele>
   </trkpt>
   <trkpt lat="40.6225930" lon="-3.1563390">
    <ele>758.2</ele>
   </trkpt>
   <trkpt lat="40.6225780" lon="-3.1564210">
    <ele>758.2</ele>
   </trkpt>
   <trkpt lat="40.6225590" lon="-3.1565030">
    <ele>758.4</ele>
   </trkpt>
   <trkpt lat="40.6225400" lon="-3.1565820">
    <ele>758.4</ele>
   </trkpt>
   <trkpt lat="40.6225240" lon="-3.1566600">
    <ele>758.4</ele>
   </trkpt>
   <trkpt lat="40.6225090" lon="-3.1567310">
    <ele>758.4</ele>
   </trkpt>
   <trkpt lat="40.6224980" lon="-3.1568030">
    <ele>758.4</ele>
   </trkpt>
   <trkpt lat="40.6224780" lon="-3.1568840">
    <ele>758.2</ele>
   </trkpt>
   <trkpt lat="40.6224520" lon="-3.1569540">
    <ele>758.0</ele>
   </trkpt>
   <trkpt lat="40.6224250" lon="-3.1570300">
    <ele>757.8</ele>
   </trkpt>
   <trkpt lat="40.6224020" lon="-3.1571060">
    <ele>757.4</ele>
   </trkpt>
   <trkpt lat="40.6223870" lon="-3.1571820">
    <ele>757.0</ele>
   </trkpt>
   <trkpt lat="40.6223790" lon="-3.1572590">
    <ele>756.8</ele>
   </trkpt>
   <trkpt lat="40.6223750" lon="-3.1573350">
    <ele>756.6</ele>
   </trkpt>
   <trkpt lat="40.6223750" lon="-3.1574130">
    <ele>756.6</ele>
   </trkpt>
   <trkpt lat="40.6223720" lon="-3.1574880">
    <ele>756.6</ele>
   </trkpt>
   <trkpt lat="40.6223720" lon="-3.1575540">
    <ele>756.6</ele>
   </trkpt>
   <trkpt lat="40.6223640" lon="-3.1576070">
    <ele>756.6</ele>
   </trkpt>
   <trkpt lat="40.6223450" lon="-3.1576470">
    <ele>756.6</ele>
   </trkpt>
   <trkpt lat="40.6223180" lon="-3.1576780">
    <ele>756.6</ele>
   </trkpt>
   <trkpt lat="40.6222880" lon="-3.1577050">
    <ele>756.6</ele>
   </trkpt>
   <trkpt lat="40.6222720" lon="-3.1577350">
    <ele>756.6</ele>
   </trkpt>
   <trkpt lat="40.6222690" lon="-3.1577630">
    <ele>756.6</ele>
   </trkpt>
   <trkpt lat="40.6222690" lon="-3.1577920">
    <ele>756.6</ele>
   </trkpt>
   <trkpt lat="40.6222720" lon="-3.1578110">
    <ele>756.6</ele>
   </trkpt>
   <trkpt lat="40.6222720" lon="-3.1578190">
    <ele>756.6</ele>
   </trkpt>
   <trkpt lat="40.6222760" lon="-3.1578280">
    <ele>756.6</ele>
   </trkpt>
   <trkpt lat="40.6222760" lon="-3.1578470">
    <ele>756.4</ele>
   </trkpt>
   <trkpt lat="40.6222720" lon="-3.1578700">
    <ele>756.4</ele>
   </trkpt>
   <trkpt lat="40.6222720" lon="-3.1578970">
    <ele>756.4</ele>
   </trkpt>
   <trkpt lat="40.6222760" lon="-3.1579250">
    <ele>756.2</ele>
   </trkpt>
   <trkpt lat="40.6222800" lon="-3.1579570">
    <ele>756.2</ele>
   </trkpt>
   <trkpt lat="40.6222920" lon="-3.1579990">
    <ele>756.0</ele>
   </trkpt>
   <trkpt lat="40.6223070" lon="-3.1580600">
    <ele>755.8</ele>
   </trkpt>
   <trkpt lat="40.6223260" lon="-3.1581330">
    <ele>755.8</ele>
   </trkpt>
   <trkpt lat="40.6223530" lon="-3.1582120">
    <ele>755.6</ele>
   </trkpt>
   <trkpt lat="40.6223910" lon="-3.1582940">
    <ele>755.4</ele>
   </trkpt>
   <trkpt lat="40.6224330" lon="-3.1583750">
    <ele>755.2</ele>
   </trkpt>
   <trkpt lat="40.6224780" lon="-3.1584500">
    <ele>755.0</ele>
   </trkpt>
   <trkpt lat="40.6225280" lon="-3.1585200">
    <ele>755.0</ele>
   </trkpt>
   <trkpt lat="40.6225810" lon="-3.1585820">
    <ele>754.8</ele>
   </trkpt>
   <trkpt lat="40.6226390" lon="-3.1586330">
    <ele>754.8</ele>
   </trkpt>
   <trkpt lat="40.6227000" lon="-3.1586740">
    <ele>754.6</ele>
   </trkpt>
   <trkpt lat="40.6227610" lon="-3.1587080">
    <ele>754.6</ele>
   </trkpt>
  </trkseg>
 </trk>
</gpx>
