<?xml version="1.0" encoding="UTF-8"?>
<gpx creator="StravaGPX" version="1.1" xmlns="http://www.topografix.com/GPX/1/1" xmlns:xsi="http://www.w3.org/2001/XMLSchema-instance" xsi:schemaLocation="http://www.topografix.com/GPX/1/1 http://www.topografix.com/GPX/1/1/gpx.xsd">
 <trk>
  <name>Aldeanueva - Torija - Valdenoches y Guadalajara</name>
  <type>cycling</type>
  <trkseg>
   <trkpt lat="40.6232340" lon="-3.1589170">
    <ele>746.8</ele>
   </trkpt>
   <trkpt lat="40.6232450" lon="-3.1588500">
    <ele>746.6</ele>
   </trkpt>
   <trkpt lat="40.6232530" lon="-3.1587840">
    <ele>746.6</ele>
   </trkpt>
   <trkpt lat="40.6232640" lon="-3.1587160">
    <ele>746.4</ele>
   </trkpt>
   <trkpt lat="40.6232760" lon="-3.1586470">
    <ele>746.4</ele>
   </trkpt>
   <trkpt lat="40.6232870" lon="-3.1585760">
    <ele>746.2</ele>
   </trkpt>
   <trkpt lat="40.6232950" lon="-3.1585030">
    <ele>746.0</ele>
   </trkpt>
   <trkpt lat="40.6233060" lon="-3.1584300">
    <ele>746.0</ele>
   </trkpt>
   <trkpt lat="40.6233180" lon="-3.1583550">
    <ele>745.8</ele>
   </trkpt>
   <trkpt lat="40.6233250" lon="-3.1582800">
    <ele>745.8</ele>
   </trkpt>
   <trkpt lat="40.6233180" lon="-3.1582080">
    <ele>745.6</ele>
   </trkpt>
   <trkpt lat="40.6232950" lon="-3.1581420">
    <ele>745.6</ele>
   </trkpt>
   <trkpt lat="40.6232640" lon="-3.1580850">
    <ele>745.6</ele>
   </trkpt>
   <trkpt lat="40.6232190" lon="-3.1580460">
    <ele>745.8</ele>
   </trkpt>
   <trkpt lat="40.6231570" lon="-3.1580160">
    <ele>745.8</ele>
   </trkpt>
   <trkpt lat="40.6231080" lon="-3.1579950">
    <ele>746.0</ele>
   </trkpt>
   <trkpt lat="40.6230660" lon="-3.1579760">
    <ele>746.2</ele>
   </trkpt>
   <trkpt lat="40.6230090" lon="-3.1579530">
    <ele>746.4</ele>
   </trkpt>
   <trkpt lat="40.6229670" lon="-3.1579280">
    <ele>746.6</ele>
   </trkpt>
   <trkpt lat="40.6229290" lon="-3.1579010">
    <ele>747.0</ele>
   </trkpt>
   <trkpt lat="40.6228870" lon="-3.1578710">
    <ele>747.0</ele>
   </trkpt>
   <trkpt lat="40.6228450" lon="-3.1578430">
    <ele>747.2</ele>
   </trkpt>
   <trkpt lat="40.6228070" lon="-3.1578190">
    <ele>747.4</ele>
   </trkpt>
   <trkpt lat="40.6227650" lon="-3.1577920">
    <ele>747.6</ele>
   </trkpt>
   <trkpt lat="40.6227300" lon="-3.1577700">
    <ele>747.8</ele>
   </trkpt>
   <trkpt lat="40.6226920" lon="-3.1577530">
    <ele>748.0</ele>
   </trkpt>
   <trkpt lat="40.6226500" lon="-3.1577340">
    <ele>748.2</ele>
   </trkpt>
   <trkpt lat="40.6226120" lon="-3.1577190">
    <ele>748.2</ele>
   </trkpt>
   <trkpt lat="40.6225810" lon="-3.1577080">
    <ele>748.4</ele>
   </trkpt>
   <trkpt lat="40.6225470" lon="-3.1577000">
    <ele>748.6</ele>
   </trkpt>
   <trkpt lat="40.6225130" lon="-3.1576960">
    <ele>748.8</ele>
   </trkpt>
   <trkpt lat="40.6224820" lon="-3.1576880">
    <ele>749.0</ele>
   </trkpt>
   <trkpt lat="40.6224480" lon="-3.1576740">
    <ele>749.0</ele>
   </trkpt>
   <trkpt lat="40.6224170" lon="-3.1576540">
    <ele>749.0</ele>
   </trkpt>
   <trkpt lat="40.6223910" lon="-3.1576280">
    <ele>749.2</ele>
   </trkpt>
   <trkpt lat="40.6223790" lon="-3.1575930">
    <ele>749.2</ele>
   </trkpt>
   <trkpt lat="40.6223720" lon="-3.1575480">
    <ele>749.2</ele>
   </trkpt>
   <trkpt lat="40.6223720" lon="-3.1574980">
    <ele>749.2</ele>
   </trkpt>
   <trkpt lat="40.6223750" lon="-3.1574470">
    <ele>749.2</ele>
   </trkpt>
   <trkpt lat="40.6223790" lon="-3.1573970">
    <ele>749.2</ele>
   </trkpt>
   <trkpt lat="40.6223870" lon="-3.1573450">
    <ele>749.2</ele>
   </trkpt>
   <trkpt lat="40.6223910" lon="-3.1572890">
    <ele>749.4</ele>
   </trkpt>
   <trkpt lat="40.6223980" lon="-3.1572320">
    <ele>749.4</ele>
   </trkpt>
   <trkpt lat="40.6224020" lon="-3.1571810">
    <ele>749.4</ele>
   </trkpt>
   <trkpt lat="40.6224100" lon="-3.1571340">
    <ele>749.6</ele>
   </trkpt>
   <trkpt lat="40.6224210" lon="-3.1570890">
    <ele>749.6</ele>
   </trkpt>
   <trkpt lat="40.6224330" lon="-3.1570420">
    <ele>749.8</ele>
   </trkpt>
   <trkpt lat="40.6224520" lon="-3.1569910">
    <ele>750.0</ele>
   </trkpt>
   <trkpt lat="40.6224710" lon="-3.1569350">
    <ele>750.2</ele>
   </trkpt>
   <trkpt lat="40.6224860" lon="-3.1568760">
    <ele>750.4</ele>
   </trkpt>
   <trkpt lat="40.6224980" lon="-3.1568140">
    <ele>750.6</ele>
   </trkpt>
   <trkpt lat="40.6225050" lon="-3.1567620">
    <ele>750.8</ele>
   </trkpt>
   <trkpt lat="40.6225170" lon="-3.1567120">
    <ele>751.0</ele>
   </trkpt>
   <trkpt lat="40.6225320" lon="-3.1566520">
    <ele>751.0</ele>
   </trkpt>
   <trkpt lat="40.6225470" lon="-3.1565910">
    <ele>751.2</ele>
   </trkpt>
   <trkpt lat="40.6225620" lon="-3.1565320">
    <ele>751.2</ele>
   </trkpt>
   <trkpt lat="40.6225810" lon="-3.1564730">
    <ele>751.2</ele>
   </trkpt>
   <trkpt lat="40.6225970" lon="-3.1564130">
    <ele>751.2</ele>
   </trkpt>
   <trkpt lat="40.6226120" lon="-3.1563470">
    <ele>751.2</ele>
   </trkpt>
   <trkpt lat="40.6226200" lon="-3.1562870">
    <ele>751.2</ele>
   </trkpt>
   <trkpt lat="40.6226270" lon="-3.1562190">
    <ele>751.2</ele>
   </trkpt>
   <trkpt lat="40.6226460" lon="-3.1561440">
    <ele>751.2</ele>
   </trkpt>
   <trkpt lat="40.6226580" lon="-3.1560750">
    <ele>751.2</ele>
   </trkpt>
   <trkpt lat="40.6226690" lon="-3.1560100">
    <ele>751.2</ele>
   </trkpt>
   <trkpt lat="40.6226810" lon="-3.1559550">
    <ele>751.2</ele>
   </trkpt>
   <trkpt lat="40.6226730" lon="-3.1559050">
    <ele>751.0</ele>
   </trkpt>
   <trkpt lat="40.6226730" lon="-3.1558540">
    <ele>750.8</ele>
   </trkpt>
   <trkpt lat="40.6226840" lon="-3.1557950">
    <ele>750.6</ele>
   </trkpt>
   <trkpt lat="40.6226960" lon="-3.1557370">
    <ele>750.6</ele>
   </trkpt>
   <trkpt lat="40.6227190" lon="-3.1556720">
    <ele>750.4</ele>
   </trkpt>
   <trkpt lat="40.6227460" lon="-3.1555900">
    <ele>750.2</ele>
   </trkpt>
   <trkpt lat="40.6227680" lon="-3.1555200">
    <ele>750.2</ele>
   </trkpt>
   <trkpt lat="40.6227910" lon="-3.1554560">
    <ele>750.2</ele>
   </trkpt>
   <trkpt lat="40.6228140" lon="-3.1553860">
    <ele>750.2</ele>
   </trkpt>
   <trkpt lat="40.6228370" lon="-3.1553170">
    <ele>750.2</ele>
   </trkpt>
   <trkpt lat="40.6228560" lon="-3.1552450">
    <ele>750.2</ele>
   </trkpt>
   <trkpt lat="40.6228710" lon="-3.1551710">
    <ele>750.2</ele>
   </trkpt>
   <trkpt lat="40.6228900" lon="-3.1550980">
    <ele>750.2</ele>
   </trkpt>
   <trkpt lat="40.6229130" lon="-3.1550280">
    <ele>750.2</ele>
   </trkpt>
   <trkpt lat="40.6229360" lon="-3.1549580">
    <ele>750.4</ele>
   </trkpt>
   <trkpt lat="40.6229630" lon="-3.1548850">
    <ele>750.4</ele>
   </trkpt>
   <trkpt lat="40.6229900" lon="-3.1548130">
    <ele>750.4</ele>
   </trkpt>
   <trkpt lat="40.6230160" lon="-3.1547460">
    <ele>750.6</ele>
   </trkpt>
   <trkpt lat="40.6230350" lon="-3.1546780">
    <ele>750.6</ele>
   </trkpt>
   <trkpt lat="40.6230540" lon="-3.1546110">
    <ele>750.8</ele>
   </trkpt>
   <trkpt lat="40.6230700" lon="-3.1545540">
    <ele>750.8</ele>
   </trkpt>
   <trkpt lat="40.6230850" lon="-3.1545010">
    <ele>751.0</ele>
   </trkpt>
   <trkpt lat="40.6230960" lon="-3.1544440">
    <ele>751.0</ele>
   </trkpt>
   <trkpt lat="40.6231080" lon="-3.1543900">
    <ele>751.0</ele>
   </trkpt>
   <trkpt lat="40.6231190" lon="-3.1543390">
    <ele>751.0</ele>
   </trkpt>
   <trkpt lat="40.6231380" lon="-3.1542890">
    <ele>751.0</ele>
   </trkpt>
   <trkpt lat="40.6231730" lon="-3.1542400">
    <ele>751.0</ele>
   </trkpt>
   <trkpt lat="40.6232190" lon="-3.1541870">
    <ele>751.0</ele>
   </trkpt>
   <trkpt lat="40.6232680" lon="-3.1541320">
    <ele>751.0</ele>
   </trkpt>
   <trkpt lat="40.6233180" lon="-3.1540750">
    <ele>750.8</ele>
   </trkpt>
   <trkpt lat="40.6233600" lon="-3.1540190">
    <ele>750.6</ele>
   </trkpt>
   <trkpt lat="40.6234020" lon="-3.1539630">
    <ele>750.6</ele>
   </trkpt>
   <trkpt lat="40.6234400" lon="-3.1539080">
    <ele>750.4</ele>
   </trkpt>
   <trkpt lat="40.6234820" lon="-3.1538510">
    <ele>750.2</ele>
   </trkpt>
   <trkpt lat="40.6235200" lon="-3.1537940">
    <ele>750.2</ele>
   </trkpt>
   <trkpt lat="40.6235620" lon="-3.1537410">
    <ele>750.0</ele>
   </trkpt>
   <trkpt lat="40.6236040" lon="-3.1536870">
    <ele>750.0</ele>
   </trkpt>
   <trkpt lat="40.6236460" lon="-3.1536290">
    <ele>749.8</ele>
   </trkpt>
   <trkpt lat="40.6236880" lon="-3.1535690">
    <ele>749.8</ele>
   </trkpt>
   <trkpt lat="40.6237300" lon="-3.1535090">
    <ele>749.6</ele>
   </trkpt>
   <trkpt lat="40.6237720" lon="-3.1534490">
    <ele>749.4</ele>
   </trkpt>
   <trkpt lat="40.6238170" lon="-3.1533890">
    <ele>749.4</ele>
   </trkpt>
   <trkpt lat="40.6238590" lon="-3.1533290">
    <ele>749.4</ele>
   </trkpt>
   <trkpt lat="40.6239010" lon="-3.1532720">
    <ele>749.4</ele>
   </trkpt>
   <trkpt lat="40.6239400" lon="-3.1532180">
    <ele>749.4</ele>
   </trkpt>
   <trkpt lat="40.6239810" lon="-3.1531640">
    <ele>749.6</ele>
   </trkpt>
   <trkpt lat="40.6240160" lon="-3.1531090">
    <ele>749.8</ele>
   </trkpt>
   <trkpt lat="40.6240500" lon="-3.1530580">
    <ele>750.0</ele>
   </trkpt>
   <trkpt lat="40.6240770" lon="-3.1530100">
    <ele>750.2</ele>
   </trkpt>
   <trkpt lat="40.6241070" lon="-3.1529620">
    <ele>750.6</ele>
   </trkpt>
   <trkpt lat="40.6241380" lon="-3.1529170">
    <ele>750.8</ele>
   </trkpt>
   <trkpt lat="40.6241720" lon="-3.1528710">
    <ele>751.2</ele>
   </trkpt>
   <trkpt lat="40.6242030" lon="-3.1528260">
    <ele>751.4</ele>
   </trkpt>
   <trkpt lat="40.6242330" lon="-3.1527780">
    <ele>751.6</ele>
   </trkpt>
   <trkpt lat="40.6242680" lon="-3.1527310">
    <ele>751.8</ele>
   </trkpt>
   <trkpt lat="40.6242980" lon="-3.1526850">
    <ele>752.0</ele>
   </trkpt>
   <trkpt lat="40.6243290" lon="-3.1526390">
    <ele>752.2</ele>
   </trkpt>
   <trkpt lat="40.6243590" lon="-3.1525940">
    <ele>752.2</ele>
   </trkpt>
   <trkpt lat="40.6243930" lon="-3.1525520">
    <ele>752.4</ele>
   </trkpt>
   <trkpt lat="40.6244240" lon="-3.1525100">
    <ele>752.6</ele>
   </trkpt>
   <trkpt lat="40.6244580" lon="-3.1524710">
    <ele>752.6</ele>
   </trkpt>
   <trkpt lat="40.6244890" lon="-3.1524330">
    <ele>752.6</ele>
   </trkpt>
   <trkpt lat="40.6245190" lon="-3.1523970">
    <ele>752.6</ele>
   </trkpt>
   <trkpt lat="40.6245540" lon="-3.1523610">
    <ele>752.6</ele>
   </trkpt>
   <trkpt lat="40.6245880" lon="-3.1523250">
    <ele>752.6</ele>
   </trkpt>
   <trkpt lat="40.6246220" lon="-3.1522860">
    <ele>752.6</ele>
   </trkpt>
   <trkpt lat="40.6246570" lon="-3.1522450">
    <ele>752.4</ele>
   </trkpt>
   <trkpt lat="40.6246910" lon="-3.1522030">
    <ele>752.4</ele>
   </trkpt>
   <trkpt lat="40.6247210" lon="-3.1521620">
    <ele>752.4</ele>
   </trkpt>
   <trkpt lat="40.6247560" lon="-3.1521240">
    <ele>752.2</ele>
   </trkpt>
   <trkpt lat="40.6247860" lon="-3.1520870">
    <ele>752.0</ele>
   </trkpt>
   <trkpt lat="40.6248170" lon="-3.1520510">
    <ele>751.6</ele>
   </trkpt>
   <trkpt lat="40.6248470" lon="-3.1520160">
    <ele>751.2</ele>
   </trkpt>
   <trkpt lat="40.6248780" lon="-3.1519810">
    <ele>750.8</ele>
   </trkpt>
   <trkpt lat="40.6249050" lon="-3.1519460">
    <ele>750.4</ele>
   </trkpt>
   <trkpt lat="40.6249240" lon="-3.1519120">
    <ele>750.2</ele>
   </trkpt>
   <trkpt lat="40.6249430" lon="-3.1518800">
    <ele>750.0</ele>
   </trkpt>
   <trkpt lat="40.6249620" lon="-3.1518470">
    <ele>749.8</ele>
   </trkpt>
   <trkpt lat="40.6249810" lon="-3.1518080">
    <ele>749.6</ele>
   </trkpt>
   <trkpt lat="40.6249960" lon="-3.1517630">
    <ele>749.4</ele>
   </trkpt>
   <trkpt lat="40.6250110" lon="-3.1517160">
    <ele>749.2</ele>
   </trkpt>
   <trkpt lat="40.6250380" lon="-3.1516720">
    <ele>749.0</ele>
   </trkpt>
   <trkpt lat="40.6250720" lon="-3.1516300">
    <ele>748.8</ele>
   </trkpt>
   <trkpt lat="40.6251140" lon="-3.1515890">
    <ele>748.4</ele>
   </trkpt>
   <trkpt lat="40.6251600" lon="-3.1515460">
    <ele>748.2</ele>
   </trkpt>
   <trkpt lat="40.6252100" lon="-3.1515000">
    <ele>747.8</ele>
   </trkpt>
   <trkpt lat="40.6252590" lon="-3.1514510">
    <ele>747.6</ele>
   </trkpt>
   <trkpt lat="40.6253050" lon="-3.1514000">
    <ele>747.4</ele>
   </trkpt>
   <trkpt lat="40.6253550" lon="-3.1513500">
    <ele>747.2</ele>
   </trkpt>
   <trkpt lat="40.6254080" lon="-3.1513000">
    <ele>747.0</ele>
   </trkpt>
   <trkpt lat="40.6254580" lon="-3.1512510">
    <ele>746.8</ele>
   </trkpt>
   <trkpt lat="40.6255070" lon="-3.1512010">
    <ele>746.4</ele>
   </trkpt>
   <trkpt lat="40.6255610" lon="-3.1511520">
    <ele>746.2</ele>
   </trkpt>
   <trkpt lat="40.6256140" lon="-3.1511030">
    <ele>746.0</ele>
   </trkpt>
   <trkpt lat="40.6256680" lon="-3.1510530">
    <ele>745.8</ele>
   </trkpt>
   <trkpt lat="40.6257170" lon="-3.1510060">
    <ele>745.4</ele>
   </trkpt>
   <trkpt lat="40.6257740" lon="-3.1509580">
    <ele>745.2</ele>
   </trkpt>
   <trkpt lat="40.6258350" lon="-3.1509130">
    <ele>745.0</ele>
   </trkpt>
   <trkpt lat="40.6258890" lon="-3.1508720">
    <ele>744.8</ele>
   </trkpt>
   <trkpt lat="40.6259460" lon="-3.1508320">
    <ele>744.6</ele>
   </trkpt>
   <trkpt lat="40.6260150" lon="-3.1507950">
    <ele>744.4</ele>
   </trkpt>
   <trkpt lat="40.6260800" lon="-3.1507580">
    <ele>744.2</ele>
   </trkpt>
   <trkpt lat="40.6261440" lon="-3.1507230">
    <ele>744.2</ele>
   </trkpt>
   <trkpt lat="40.6262050" lon="-3.1506890">
    <ele>744.0</ele>
   </trkpt>
   <trkpt lat="40.6262660" lon="-3.1506550">
    <ele>743.8</ele>
   </trkpt>
   <trkpt lat="40.6263310" lon="-3.1506220">
    <ele>743.8</ele>
   </trkpt>
   <trkpt lat="40.6263920" lon="-3.1505890">
    <ele>743.6</ele>
   </trkpt>
   <trkpt lat="40.6264530" lon="-3.1505590">
    <ele>743.6</ele>
   </trkpt>
   <trkpt lat="40.6265110" lon="-3.1505300">
    <ele>743.4</ele>
   </trkpt>
   <trkpt lat="40.6265680" lon="-3.1505000">
    <ele>743.4</ele>
   </trkpt>
   <trkpt lat="40.6266250" lon="-3.1504700">
    <ele>743.4</ele>
   </trkpt>
   <trkpt lat="40.6266780" lon="-3.1504390">
    <ele>743.4</ele>
   </trkpt>
   <trkpt lat="40.6267280" lon="-3.1504100">
    <ele>743.4</ele>
   </trkpt>
   <trkpt lat="40.6267780" lon="-3.1503820">
    <ele>743.6</ele>
   </trkpt>
   <trkpt lat="40.6268230" lon="-3.1503570">
    <ele>743.8</ele>
   </trkpt>
   <trkpt lat="40.6268690" lon="-3.1503330">
    <ele>743.8</ele>
   </trkpt>
   <trkpt lat="40.6269110" lon="-3.1503110">
    <ele>743.8</ele>
   </trkpt>
   <trkpt lat="40.6269570" lon="-3.1502940">
    <ele>743.8</ele>
   </trkpt>
   <trkpt lat="40.6269950" lon="-3.1502820">
    <ele>744.0</ele>
   </trkpt>
   <trkpt lat="40.6270290" lon="-3.1502670">
    <ele>744.0</ele>
   </trkpt>
   <trkpt lat="40.6270640" lon="-3.1502490">
    <ele>744.2</ele>
   </trkpt>
   <trkpt lat="40.6271020" lon="-3.1502300">
    <ele>744.2</ele>
   </trkpt>
   <trkpt lat="40.6271400" lon="-3.1502070">
    <ele>744.4</ele>
   </trkpt>
   <trkpt lat="40.6271820" lon="-3.1501790">
    <ele>744.4</ele>
   </trkpt>
   <trkpt lat="40.6272280" lon="-3.1501500">
    <ele>744.6</ele>
   </trkpt>
   <trkpt lat="40.6272740" lon="-3.1501220">
    <ele>744.6</ele>
   </trkpt>
   <trkpt lat="40.6273160" lon="-3.1501000">
    <ele>744.6</ele>
   </trkpt>
   <trkpt lat="40.6273610" lon="-3.1500790">
    <ele>744.8</ele>
   </trkpt>
   <trkpt lat="40.6274030" lon="-3.1500560">
    <ele>744.8</ele>
   </trkpt>
   <trkpt lat="40.6274490" lon="-3.1500280">
    <ele>744.8</ele>
   </trkpt>
   <trkpt lat="40.6274870" lon="-3.1499950">
    <ele>745.0</ele>
   </trkpt>
   <trkpt lat="40.6275220" lon="-3.1499670">
    <ele>745.0</ele>
   </trkpt>
   <trkpt lat="40.6275560" lon="-3.1499440">
    <ele>745.0</ele>
   </trkpt>
   <trkpt lat="40.6275980" lon="-3.1499240">
    <ele>745.2</ele>
   </trkpt>
   <trkpt lat="40.6276400" lon="-3.1499090">
    <ele>745.2</ele>
   </trkpt>
   <trkpt lat="40.6276890" lon="-3.1498930">
    <ele>745.4</ele>
   </trkpt>
   <trkpt lat="40.6277350" lon="-3.1498780">
    <ele>745.4</ele>
   </trkpt>
   <trkpt lat="40.6277810" lon="-3.1498630">
    <ele>745.4</ele>
   </trkpt>
   <trkpt lat="40.6278300" lon="-3.1498460">
    <ele>745.6</ele>
   </trkpt>
   <trkpt lat="40.6278760" lon="-3.1498280">
    <ele>745.8</ele>
   </trkpt>
   <trkpt lat="40.6279220" lon="-3.1498130">
    <ele>746.0</ele>
   </trkpt>
   <trkpt lat="40.6279640" lon="-3.1497980">
    <ele>746.2</ele>
   </trkpt>
   <trkpt lat="40.6280100" lon="-3.1497870">
    <ele>746.2</ele>
   </trkpt>
   <trkpt lat="40.6280560" lon="-3.1497810">
    <ele>746.4</ele>
   </trkpt>
   <trkpt lat="40.6281050" lon="-3.1497790">
    <ele>746.6</ele>
   </trkpt>
   <trkpt lat="40.6281510" lon="-3.1497780">
    <ele>746.8</ele>
   </trkpt>
   <trkpt lat="40.6281970" lon="-3.1497730">
    <ele>746.8</ele>
   </trkpt>
   <trkpt lat="40.6282420" lon="-3.1497630">
    <ele>746.8</ele>
   </trkpt>
   <trkpt lat="40.6282840" lon="-3.1497460">
    <ele>747.0</ele>
   </trkpt>
   <trkpt lat="40.6283260" lon="-3.1497270">
    <ele>747.0</ele>
   </trkpt>
   <trkpt lat="40.6283650" lon="-3.1497120">
    <ele>747.2</ele>
   </trkpt>
   <trkpt lat="40.6284030" lon="-3.1496940">
    <ele>747.4</ele>
   </trkpt>
   <trkpt lat="40.6284410" lon="-3.1496720">
    <ele>747.6</ele>
   </trkpt>
   <trkpt lat="40.6284790" lon="-3.1496510">
    <ele>747.8</ele>
   </trkpt>
   <trkpt lat="40.6285170" lon="-3.1496310">
    <ele>748.0</ele>
   </trkpt>
   <trkpt lat="40.6285550" lon="-3.1496110">
    <ele>748.0</ele>
   </trkpt>
   <trkpt lat="40.6285970" lon="-3.1495910">
    <ele>748.0</ele>
   </trkpt>
   <trkpt lat="40.6286390" lon="-3.1495780">
    <ele>747.8</ele>
   </trkpt>
   <trkpt lat="40.6286850" lon="-3.1495730">
    <ele>747.8</ele>
   </trkpt>
   <trkpt lat="40.6287350" lon="-3.1495680">
    <ele>747.8</ele>
   </trkpt>
   <trkpt lat="40.6287840" lon="-3.1495590">
    <ele>747.8</ele>
   </trkpt>
   <trkpt lat="40.6288340" lon="-3.1495470">
    <ele>747.8</ele>
   </trkpt>
   <trkpt lat="40.6288870" lon="-3.1495300">
    <ele>747.8</ele>
   </trkpt>
   <trkpt lat="40.6289410" lon="-3.1495110">
    <ele>747.8</ele>
   </trkpt>
   <trkpt lat="40.6289980" lon="-3.1494940">
    <ele>747.6</ele>
   </trkpt>
   <trkpt lat="40.6290550" lon="-3.1494810">
    <ele>747.4</ele>
   </trkpt>
   <trkpt lat="40.6291120" lon="-3.1494650">
    <ele>747.4</ele>
   </trkpt>
   <trkpt lat="40.6291690" lon="-3.1494490">
    <ele>747.4</ele>
   </trkpt>
   <trkpt lat="40.6292230" lon="-3.1494270">
    <ele>747.4</ele>
   </trkpt>
   <trkpt lat="40.6292720" lon="-3.1494000">
    <ele>747.6</ele>
   </trkpt>
   <trkpt lat="40.6293220" lon="-3.1493730">
    <ele>747.6</ele>
   </trkpt>
   <trkpt lat="40.6293750" lon="-3.1493480">
    <ele>747.6</ele>
   </trkpt>
   <trkpt lat="40.6294210" lon="-3.1493230">
    <ele>747.8</ele>
   </trkpt>
   <trkpt lat="40.6294710" lon="-3.1493040">
    <ele>747.8</ele>
   </trkpt>
   <trkpt lat="40.6295200" lon="-3.1492870">
    <ele>747.8</ele>
   </trkpt>
   <trkpt lat="40.6295700" lon="-3.1492790">
    <ele>747.8</ele>
   </trkpt>
   <trkpt lat="40.6296160" lon="-3.1492800">
    <ele>747.8</ele>
   </trkpt>
   <trkpt lat="40.6296620" lon="-3.1492850">
    <ele>748.0</ele>
   </trkpt>
   <trkpt lat="40.6297070" lon="-3.1492930">
    <ele>748.0</ele>
   </trkpt>
   <trkpt lat="40.6297490" lon="-3.1493060">
    <ele>748.0</ele>
   </trkpt>
   <trkpt lat="40.6297950" lon="-3.1493130">
    <ele>748.0</ele>
   </trkpt>
   <trkpt lat="40.6298370" lon="-3.1493240">
    <ele>748.0</ele>
   </trkpt>
   <trkpt lat="40.6298750" lon="-3.1493440">
    <ele>748.0</ele>
   </trkpt>
   <trkpt lat="40.6299090" lon="-3.1493640">
    <ele>748.0</ele>
   </trkpt>
   <trkpt lat="40.6299480" lon="-3.1493810">
    <ele>748.0</ele>
   </trkpt>
   <trkpt lat="40.6299900" lon="-3.1493970">
    <ele>748.0</ele>
   </trkpt>
   <trkpt lat="40.6300280" lon="-3.1494130">
    <ele>748.2</ele>
   </trkpt>
   <trkpt lat="40.6300620" lon="-3.1494220">
    <ele>748.2</ele>
   </trkpt>
   <trkpt lat="40.6300960" lon="-3.1494190">
    <ele>748.4</ele>
   </trkpt>
   <trkpt lat="40.6301270" lon="-3.1494140">
    <ele>748.6</ele>
   </trkpt>
   <trkpt lat="40.6301540" lon="-3.1494130">
    <ele>748.6</ele>
   </trkpt>
   <trkpt lat="40.6301800" lon="-3.1494170">
    <ele>748.8</ele>
   </trkpt>
   <trkpt lat="40.6301960" lon="-3.1494290">
    <ele>748.8</ele>
   </trkpt>
   <trkpt lat="40.6302070" lon="-3.1494480">
    <ele>748.8</ele>
   </trkpt>
   <trkpt lat="40.6302110" lon="-3.1494720">
    <ele>748.8</ele>
   </trkpt>
   <trkpt lat="40.6302150" lon="-3.1494990">
    <ele>748.8</ele>
   </trkpt>
   <trkpt lat="40.6302220" lon="-3.1495250">
    <ele>748.6</ele>
   </trkpt>
   <trkpt lat="40.6302380" lon="-3.1495410">
    <ele>748.6</ele>
   </trkpt>
   <trkpt lat="40.6302600" lon="-3.1495440">
    <ele>748.6</ele>
   </trkpt>
   <trkpt lat="40.6302870" lon="-3.1495370">
    <ele>748.6</ele>
   </trkpt>
   <trkpt lat="40.6303180" lon="-3.1495250">
    <ele>748.6</ele>
   </trkpt>
   <trkpt lat="40.6303370" lon="-3.1495040">
    <ele>748.6</ele>
   </trkpt>
   <trkpt lat="40.6303520" lon="-3.1494730">
    <ele>748.8</ele>
   </trkpt>
   <trkpt lat="40.6303600" lon="-3.1494370">
    <ele>748.8</ele>
   </trkpt>
   <trkpt lat="40.6303710" lon="-3.1493960">
    <ele>748.8</ele>
   </trkpt>
   <trkpt lat="40.6303860" lon="-3.1493520">
    <ele>748.8</ele>
   </trkpt>
   <trkpt lat="40.6304090" lon="-3.1493130">
    <ele>748.8</ele>
   </trkpt>
   <trkpt lat="40.6304320" lon="-3.1492800">
    <ele>749.0</ele>
   </trkpt>
   <trkpt lat="40.6304550" lon="-3.1492490">
    <ele>749.0</ele>
   </trkpt>
   <trkpt lat="40.6304860" lon="-3.1492200">
    <ele>749.0</ele>
   </trkpt>
   <trkpt lat="40.6305240" lon="-3.1491960">
    <ele>749.0</ele>
   </trkpt>
   <trkpt lat="40.6305620" lon="-3.1491800">
    <ele>749.0</ele>
   </trkpt>
   <trkpt lat="40.6305960" lon="-3.1491630">
    <ele>749.0</ele>
   </trkpt>
   <trkpt lat="40.6306270" lon="-3.1491330">
    <ele>748.8</ele>
   </trkpt>
   <trkpt lat="40.6306530" lon="-3.1490850">
    <ele>748.6</ele>
   </trkpt>
   <trkpt lat="40.6306650" lon="-3.1490250">
    <ele>748.4</ele>
   </trkpt>
   <trkpt lat="40.6306720" lon="-3.1489600">
    <ele>748.2</ele>
   </trkpt>
   <trkpt lat="40.6306840" lon="-3.1488930">
    <ele>747.8</ele>
   </trkpt>
   <trkpt lat="40.6307070" lon="-3.1488240">
    <ele>747.6</ele>
   </trkpt>
   <trkpt lat="40.6307330" lon="-3.1487540">
    <ele>747.2</ele>
   </trkpt>
   <trkpt lat="40.6307680" lon="-3.1486810">
    <ele>747.0</ele>
   </trkpt>
   <trkpt lat="40.6308060" lon="-3.1486110">
    <ele>746.6</ele>
   </trkpt>
   <trkpt lat="40.6308480" lon="-3.1485430">
    <ele>746.4</ele>
   </trkpt>
   <trkpt lat="40.6308980" lon="-3.1484790">
    <ele>746.0</ele>
   </trkpt>
   <trkpt lat="40.6309470" lon="-3.1484220">
    <ele>745.8</ele>
   </trkpt>
   <trkpt lat="40.6310010" lon="-3.1483680">
    <ele>745.4</ele>
   </trkpt>
   <trkpt lat="40.6310620" lon="-3.1483160">
    <ele>745.2</ele>
   </trkpt>
   <trkpt lat="40.6311230" lon="-3.1482640">
    <ele>745.0</ele>
   </trkpt>
   <trkpt lat="40.6311840" lon="-3.1482110">
    <ele>744.6</ele>
   </trkpt>
   <trkpt lat="40.6312450" lon="-3.1481570">
    <ele>744.4</ele>
   </trkpt>
   <trkpt lat="40.6313060" lon="-3.1481020">
    <ele>744.4</ele>
   </trkpt>
   <trkpt lat="40.6313740" lon="-3.1480460">
    <ele>744.2</ele>
   </trkpt>
   <trkpt lat="40.6314430" lon="-3.1479860">
    <ele>744.0</ele>
   </trkpt>
   <trkpt lat="40.6315120" lon="-3.1479260">
    <ele>743.6</ele>
   </trkpt>
   <trkpt lat="40.6315840" lon="-3.1478670">
    <ele>743.0</ele>
   </trkpt>
   <trkpt lat="40.6316600" lon="-3.1478080">
    <ele>742.6</ele>
   </trkpt>
   <trkpt lat="40.6317370" lon="-3.1477460">
    <ele>742.0</ele>
   </trkpt>
   <trkpt lat="40.6318210" lon="-3.1476800">
    <ele>741.4</ele>
   </trkpt>
   <trkpt lat="40.6319050" lon="-3.1476120">
    <ele>740.8</ele>
   </trkpt>
   <trkpt lat="40.6319890" lon="-3.1475410">
    <ele>740.0</ele>
   </trkpt>
   <trkpt lat="40.6320720" lon="-3.1474710">
    <ele>739.4</ele>
   </trkpt>
   <trkpt lat="40.6321560" lon="-3.1474030">
    <ele>738.8</ele>
   </trkpt>
   <trkpt lat="40.6322400" lon="-3.1473340">
    <ele>738.2</ele>
   </trkpt>
   <trkpt lat="40.6323240" lon="-3.1472650">
    <ele>737.8</ele>
   </trkpt>
   <trkpt lat="40.6324080" lon="-3.1471940">
    <ele>737.2</ele>
   </trkpt>
   <trkpt lat="40.6324920" lon="-3.1471240">
    <ele>737.0</ele>
   </trkpt>
   <trkpt lat="40.6325720" lon="-3.1470590">
    <ele>737.0</ele>
   </trkpt>
   <trkpt lat="40.6326480" lon="-3.1469960">
    <ele>736.8</ele>
   </trkpt>
   <trkpt lat="40.6327210" lon="-3.1469360">
    <ele>736.8</ele>
   </trkpt>
   <trkpt lat="40.6327970" lon="-3.1468760">
    <ele>736.6</ele>
   </trkpt>
   <trkpt lat="40.6328700" lon="-3.1468180">
    <ele>736.6</ele>
   </trkpt>
   <trkpt lat="40.6329350" lon="-3.1467640">
    <ele>736.6</ele>
   </trkpt>
   <trkpt lat="40.6329990" lon="-3.1467130">
    <ele>736.8</ele>
   </trkpt>
   <trkpt lat="40.6330600" lon="-3.1466600">
    <ele>736.8</ele>
   </trkpt>
   <trkpt lat="40.6331210" lon="-3.1466060">
    <ele>736.8</ele>
   </trkpt>
   <trkpt lat="40.6331790" lon="-3.1465510">
    <ele>737.0</ele>
   </trkpt>
   <trkpt lat="40.6332320" lon="-3.1465030">
    <ele>737.2</ele>
   </trkpt>
   <trkpt lat="40.6332860" lon="-3.1464680">
    <ele>737.4</ele>
   </trkpt>
   <trkpt lat="40.6333240" lon="-3.1464430">
    <ele>737.6</ele>
   </trkpt>
   <trkpt lat="40.6333430" lon="-3.1464230">
    <ele>737.8</ele>
   </trkpt>
   <trkpt lat="40.6333500" lon="-3.1464040">
    <ele>738.0</ele>
   </trkpt>
   <trkpt lat="40.6333580" lon="-3.1463830">
    <ele>738.0</ele>
   </trkpt>
   <trkpt lat="40.6333620" lon="-3.1463660">
    <ele>738.0</ele>
   </trkpt>
   <trkpt lat="40.6333620" lon="-3.1463490">
    <ele>737.8</ele>
   </trkpt>
   <trkpt lat="40.6333660" lon="-3.1463310">
    <ele>737.6</ele>
   </trkpt>
   <trkpt lat="40.6333730" lon="-3.1463050">
    <ele>737.2</ele>
   </trkpt>
   <trkpt lat="40.6333810" lon="-3.1462700">
    <ele>736.8</ele>
   </trkpt>
   <trkpt lat="40.6333770" lon="-3.1462320">
    <ele>736.4</ele>
   </trkpt>
   <trkpt lat="40.6333730" lon="-3.1461950">
    <ele>736.0</ele>
   </trkpt>
   <trkpt lat="40.6333620" lon="-3.1461600">
    <ele>735.8</ele>
   </trkpt>
   <trkpt lat="40.6333500" lon="-3.1461300">
    <ele>735.6</ele>
   </trkpt>
   <trkpt lat="40.6333390" lon="-3.1461040">
    <ele>735.6</ele>
   </trkpt>
   <trkpt lat="40.6333270" lon="-3.1460840">
    <ele>735.4</ele>
   </trkpt>
   <trkpt lat="40.6333080" lon="-3.1460650">
    <ele>735.4</ele>
   </trkpt>
   <trkpt lat="40.6332890" lon="-3.1460460">
    <ele>735.4</ele>
   </trkpt>
   <trkpt lat="40.6332660" lon="-3.1460260">
    <ele>735.2</ele>
   </trkpt>
   <trkpt lat="40.6332440" lon="-3.1460070">
    <ele>735.2</ele>
   </trkpt>
   <trkpt lat="40.6332170" lon="-3.1459790">
    <ele>735.2</ele>
   </trkpt>
   <trkpt lat="40.6331980" lon="-3.1459500">
    <ele>735.2</ele>
   </trkpt>
   <trkpt lat="40.6331900" lon="-3.1459380">
    <ele>735.4</ele>
   </trkpt>
   <trkpt lat="40.6331860" lon="-3.1459240">
    <ele>735.4</ele>
   </trkpt>
   <trkpt lat="40.6331790" lon="-3.1458970">
    <ele>735.4</ele>
   </trkpt>
   <trkpt lat="40.6331670" lon="-3.1458600">
    <ele>735.6</ele>
   </trkpt>
   <trkpt lat="40.6331520" lon="-3.1458220">
    <ele>735.6</ele>
   </trkpt>
   <trkpt lat="40.6331370" lon="-3.1457900">
    <ele>735.8</ele>
   </trkpt>
   <trkpt lat="40.6331290" lon="-3.1457610">
    <ele>736.2</ele>
   </trkpt>
   <trkpt lat="40.6331250" lon="-3.1457300">
    <ele>736.6</ele>
   </trkpt>
   <trkpt lat="40.6331210" lon="-3.1457140">
    <ele>736.8</ele>
   </trkpt>
   <trkpt lat="40.6331210" lon="-3.1457120">
    <ele>737.0</ele>
   </trkpt>
   <trkpt lat="40.6331210" lon="-3.1457060">
    <ele>737.2</ele>
   </trkpt>
   <trkpt lat="40.6331210" lon="-3.1456900">
    <ele>737.4</ele>
   </trkpt>
   <trkpt lat="40.6331210" lon="-3.1456750">
    <ele>737.6</ele>
   </trkpt>
   <trkpt lat="40.6331180" lon="-3.1456640">
    <ele>737.8</ele>
   </trkpt>
   <trkpt lat="40.6331180" lon="-3.1456560">
    <ele>738.0</ele>
   </trkpt>
   <trkpt lat="40.6331180" lon="-3.1456530">
    <ele>738.2</ele>
   </trkpt>
   <trkpt lat="40.6331180" lon="-3.1456530">
    <ele>738.2</ele>
   </trkpt>
   <trkpt lat="40.6331180" lon="-3.1456530">
    <ele>738.4</ele>
   </trkpt>
   <trkpt lat="40.6331180" lon="-3.1456530">
    <ele>738.4</ele>
   </trkpt>
   <trkpt lat="40.6331180" lon="-3.1456530">
    <ele>738.4</ele>
   </trkpt>
   <trkpt lat="40.6331440" lon="-3.1455580">
    <ele>738.6</ele>
   </trkpt>
   <trkpt lat="40.6331560" lon="-3.1455380">
    <ele>738.6</ele>
   </trkpt>
   <trkpt lat="40.6331670" lon="-3.1455150">
    <ele>738.6</ele>
   </trkpt>
   <trkpt lat="40.6331790" lon="-3.1454880">
    <ele>738.6</ele>
   </trkpt>
   <trkpt lat="40.6331900" lon="-3.1454600">
    <ele>738.6</ele>
   </trkpt>
   <trkpt lat="40.6332050" lon="-3.1454270">
    <ele>738.6</ele>
   </trkpt>
   <trkpt lat="40.6332130" lon="-3.1453900">
    <ele>738.8</ele>
   </trkpt>
   <trkpt lat="40.6332210" lon="-3.1453510">
    <ele>738.8</ele>
   </trkpt>
   <trkpt lat="40.6332250" lon="-3.1453100">
    <ele>739.0</ele>
   </trkpt>
   <trkpt lat="40.6332320" lon="-3.1452700">
    <ele>739.2</ele>
   </trkpt>
   <trkpt lat="40.6332400" lon="-3.1452340">
    <ele>739.4</ele>
   </trkpt>
   <trkpt lat="40.6332440" lon="-3.1451990">
    <ele>739.8</ele>
   </trkpt>
   <trkpt lat="40.6332470" lon="-3.1451630">
    <ele>740.0</ele>
   </trkpt>
   <trkpt lat="40.6332510" lon="-3.1451260">
    <ele>740.2</ele>
   </trkpt>
   <trkpt lat="40.6332510" lon="-3.1450900">
    <ele>740.4</ele>
   </trkpt>
   <trkpt lat="40.6332550" lon="-3.1450530">
    <ele>740.6</ele>
   </trkpt>
   <trkpt lat="40.6332550" lon="-3.1450150">
    <ele>740.8</ele>
   </trkpt>
   <trkpt lat="40.6332510" lon="-3.1449770">
    <ele>741.0</ele>
   </trkpt>
   <trkpt lat="40.6332470" lon="-3.1449400">
    <ele>741.2</ele>
   </trkpt>
   <trkpt lat="40.6332400" lon="-3.1449040">
    <ele>741.4</ele>
   </trkpt>
   <trkpt lat="40.6332320" lon="-3.1448690">
    <ele>741.6</ele>
   </trkpt>
   <trkpt lat="40.6332320" lon="-3.1448320">
    <ele>741.8</ele>
   </trkpt>
   <trkpt lat="40.6332280" lon="-3.1447950">
    <ele>741.8</ele>
   </trkpt>
   <trkpt lat="40.6332280" lon="-3.1447580">
    <ele>742.0</ele>
   </trkpt>
   <trkpt lat="40.6332250" lon="-3.1447220">
    <ele>742.2</ele>
   </trkpt>
   <trkpt lat="40.6332210" lon="-3.1446850">
    <ele>742.4</ele>
   </trkpt>
   <trkpt lat="40.6332170" lon="-3.1446480">
    <ele>742.4</ele>
   </trkpt>
   <trkpt lat="40.6332130" lon="-3.1446130">
    <ele>742.6</ele>
   </trkpt>
   <trkpt lat="40.6332090" lon="-3.1445780">
    <ele>742.8</ele>
   </trkpt>
   <trkpt lat="40.6332050" lon="-3.1445420">
    <ele>742.8</ele>
   </trkpt>
   <trkpt lat="40.6331980" lon="-3.1445060">
    <ele>743.0</ele>
   </trkpt>
   <trkpt lat="40.6331940" lon="-3.1444710">
    <ele>743.2</ele>
   </trkpt>
   <trkpt lat="40.6331860" lon="-3.1444360">
    <ele>743.2</ele>
   </trkpt>
   <trkpt lat="40.6331790" lon="-3.1444010">
    <ele>743.4</ele>
   </trkpt>
   <trkpt lat="40.6331710" lon="-3.1443660">
    <ele>743.4</ele>
   </trkpt>
   <trkpt lat="40.6331630" lon="-3.1443300">
    <ele>743.6</ele>
   </trkpt>
   <trkpt lat="40.6331520" lon="-3.1442940">
    <ele>743.8</ele>
   </trkpt>
   <trkpt lat="40.6331410" lon="-3.1442600">
    <ele>743.8</ele>
   </trkpt>
   <trkpt lat="40.6331330" lon="-3.1442230">
    <ele>744.0</ele>
   </trkpt>
   <trkpt lat="40.6331210" lon="-3.1441850">
    <ele>744.2</ele>
   </trkpt>
   <trkpt lat="40.6331140" lon="-3.1441480">
    <ele>744.2</ele>
   </trkpt>
   <trkpt lat="40.6331020" lon="-3.1441110">
    <ele>744.4</ele>
   </trkpt>
   <trkpt lat="40.6330950" lon="-3.1440740">
    <ele>744.4</ele>
   </trkpt>
   <trkpt lat="40.6330870" lon="-3.1440370">
    <ele>744.6</ele>
   </trkpt>
   <trkpt lat="40.6330790" lon="-3.1439990">
    <ele>744.8</ele>
   </trkpt>
   <trkpt lat="40.6330760" lon="-3.1439600">
    <ele>745.0</ele>
   </trkpt>
   <trkpt lat="40.6330720" lon="-3.1439230">
    <ele>745.2</ele>
   </trkpt>
   <trkpt lat="40.6330720" lon="-3.1438870">
    <ele>745.4</ele>
   </trkpt>
   <trkpt lat="40.6330720" lon="-3.1438520">
    <ele>745.6</ele>
   </trkpt>
   <trkpt lat="40.6330720" lon="-3.1438140">
    <ele>745.8</ele>
   </trkpt>
   <trkpt lat="40.6330720" lon="-3.1437760">
    <ele>746.0</ele>
   </trkpt>
   <trkpt lat="40.6330720" lon="-3.1437390">
    <ele>746.0</ele>
   </trkpt>
   <trkpt lat="40.6330760" lon="-3.1437000">
    <ele>746.2</ele>
   </trkpt>
   <trkpt lat="40.6330830" lon="-3.1436610">
    <ele>746.4</ele>
   </trkpt>
   <trkpt lat="40.6330830" lon="-3.1436220">
    <ele>746.4</ele>
   </trkpt>
   <trkpt lat="40.6330870" lon="-3.1435830">
    <ele>746.4</ele>
   </trkpt>
   <trkpt lat="40.6330950" lon="-3.1435420">
    <ele>746.6</ele>
   </trkpt>
   <trkpt lat="40.6330950" lon="-3.1434980">
    <ele>746.6</ele>
   </trkpt>
   <trkpt lat="40.6330990" lon="-3.1434540">
    <ele>746.6</ele>
   </trkpt>
   <trkpt lat="40.6331060" lon="-3.1434110">
    <ele>746.8</ele>
   </trkpt>
   <trkpt lat="40.6331140" lon="-3.1433660">
    <ele>746.8</ele>
   </trkpt>
   <trkpt lat="40.6331210" lon="-3.1433220">
    <ele>747.0</ele>
   </trkpt>
   <trkpt lat="40.6331290" lon="-3.1432780">
    <ele>747.0</ele>
   </trkpt>
   <trkpt lat="40.6331370" lon="-3.1432340">
    <ele>747.2</ele>
   </trkpt>
   <trkpt lat="40.6331410" lon="-3.1431900">
    <ele>747.2</ele>
   </trkpt>
   <trkpt lat="40.6331440" lon="-3.1431460">
    <ele>747.2</ele>
   </trkpt>
   <trkpt lat="40.6331480" lon="-3.1431030">
    <ele>747.4</ele>
   </trkpt>
   <trkpt lat="40.6331520" lon="-3.1430590">
    <ele>747.4</ele>
   </trkpt>
   <trkpt lat="40.6331560" lon="-3.1430170">
    <ele>747.6</ele>
   </trkpt>
   <trkpt lat="40.6331560" lon="-3.1429750">
    <ele>747.6</ele>
   </trkpt>
   <trkpt lat="40.6331600" lon="-3.1429340">
    <ele>747.8</ele>
   </trkpt>
   <trkpt lat="40.6331630" lon="-3.1428930">
    <ele>748.0</ele>
   </trkpt>
   <trkpt lat="40.6331670" lon="-3.1428530">
    <ele>748.0</ele>
   </trkpt>
   <trkpt lat="40.6331670" lon="-3.1428120">
    <ele>748.2</ele>
   </trkpt>
   <trkpt lat="40.6331630" lon="-3.1427720">
    <ele>748.2</ele>
   </trkpt>
   <trkpt lat="40.6331560" lon="-3.1427330">
    <ele>748.4</ele>
   </trkpt>
   <trkpt lat="40.6331370" lon="-3.1426950">
    <ele>748.4</ele>
   </trkpt>
   <trkpt lat="40.6331180" lon="-3.1426590">
    <ele>748.4</ele>
   </trkpt>
   <trkpt lat="40.6330950" lon="-3.1426260">
    <ele>748.6</ele>
   </trkpt>
   <trkpt lat="40.6330720" lon="-3.1425960">
    <ele>748.6</ele>
   </trkpt>
   <trkpt lat="40.6330530" lon="-3.1425690">
    <ele>748.8</ele>
   </trkpt>
   <trkpt lat="40.6330300" lon="-3.1425400">
    <ele>749.0</ele>
   </trkpt>
   <trkpt lat="40.6330030" lon="-3.1425090">
    <ele>749.0</ele>
   </trkpt>
   <trkpt lat="40.6329840" lon="-3.1424770">
    <ele>749.2</ele>
   </trkpt>
   <trkpt lat="40.6329610" lon="-3.1424440">
    <ele>749.2</ele>
   </trkpt>
   <trkpt lat="40.6329380" lon="-3.1424090">
    <ele>749.4</ele>
   </trkpt>
   <trkpt lat="40.6329230" lon="-3.1423730">
    <ele>749.4</ele>
   </trkpt>
   <trkpt lat="40.6329080" lon="-3.1423350">
    <ele>749.6</ele>
   </trkpt>
   <trkpt lat="40.6328930" lon="-3.1422960">
    <ele>749.6</ele>
   </trkpt>
   <trkpt lat="40.6328770" lon="-3.1422560">
    <ele>749.6</ele>
   </trkpt>
   <trkpt lat="40.6328660" lon="-3.1422160">
    <ele>749.8</ele>
   </trkpt>
   <trkpt lat="40.6328510" lon="-3.1421760">
    <ele>749.8</ele>
   </trkpt>
   <trkpt lat="40.6328350" lon="-3.1421380">
    <ele>750.0</ele>
   </trkpt>
   <trkpt lat="40.6328240" lon="-3.1421010">
    <ele>750.0</ele>
   </trkpt>
   <trkpt lat="40.6328160" lon="-3.1420620">
    <ele>750.2</ele>
   </trkpt>
   <trkpt lat="40.6328050" lon="-3.1420250">
    <ele>750.2</ele>
   </trkpt>
   <trkpt lat="40.6327970" lon="-3.1419890">
    <ele>750.4</ele>
   </trkpt>
   <trkpt lat="40.6327860" lon="-3.1419530">
    <ele>750.4</ele>
   </trkpt>
   <trkpt lat="40.6327710" lon="-3.1419190">
    <ele>750.4</ele>
   </trkpt>
   <trkpt lat="40.6327590" lon="-3.1418830">
    <ele>750.6</ele>
   </trkpt>
   <trkpt lat="40.6327510" lon="-3.1418450">
    <ele>750.8</ele>
   </trkpt>
   <trkpt lat="40.6327440" lon="-3.1418060">
    <ele>751.0</ele>
   </trkpt>
   <trkpt lat="40.6327320" lon="-3.1417690">
    <ele>751.0</ele>
   </trkpt>
   <trkpt lat="40.6327170" lon="-3.1417340">
    <ele>751.2</ele>
   </trkpt>
   <trkpt lat="40.6327060" lon="-3.1416990">
    <ele>751.4</ele>
   </trkpt>
   <trkpt lat="40.6326940" lon="-3.1416640">
    <ele>751.6</ele>
   </trkpt>
   <trkpt lat="40.6326790" lon="-3.1416300">
    <ele>751.6</ele>
   </trkpt>
   <trkpt lat="40.6326640" lon="-3.1415960">
    <ele>751.8</ele>
   </trkpt>
   <trkpt lat="40.6326480" lon="-3.1415620">
    <ele>751.8</ele>
   </trkpt>
   <trkpt lat="40.6326290" lon="-3.1415270">
    <ele>752.0</ele>
   </trkpt>
   <trkpt lat="40.6326100" lon="-3.1414930">
    <ele>752.2</ele>
   </trkpt>
   <trkpt lat="40.6325910" lon="-3.1414610">
    <ele>752.4</ele>
   </trkpt>
   <trkpt lat="40.6325760" lon="-3.1414290">
    <ele>752.6</ele>
   </trkpt>
   <trkpt lat="40.6325570" lon="-3.1413970">
    <ele>752.8</ele>
   </trkpt>
   <trkpt lat="40.6325420" lon="-3.1413650">
    <ele>753.0</ele>
   </trkpt>
   <trkpt lat="40.6325340" lon="-3.1413320">
    <ele>753.2</ele>
   </trkpt>
   <trkpt lat="40.6325230" lon="-3.1412950">
    <ele>753.4</ele>
   </trkpt>
   <trkpt lat="40.6325150" lon="-3.1412570">
    <ele>753.6</ele>
   </trkpt>
   <trkpt lat="40.6325070" lon="-3.1412190">
    <ele>753.8</ele>
   </trkpt>
   <trkpt lat="40.6324960" lon="-3.1411830">
    <ele>754.0</ele>
   </trkpt>
   <trkpt lat="40.6324840" lon="-3.1411470">
    <ele>754.2</ele>
   </trkpt>
   <trkpt lat="40.6324690" lon="-3.1411140">
    <ele>754.4</ele>
   </trkpt>
   <trkpt lat="40.6324580" lon="-3.1410830">
    <ele>754.6</ele>
   </trkpt>
   <trkpt lat="40.6324420" lon="-3.1410490">
    <ele>754.8</ele>
   </trkpt>
   <trkpt lat="40.6324310" lon="-3.1410150">
    <ele>755.0</ele>
   </trkpt>
   <trkpt lat="40.6324160" lon="-3.1409800">
    <ele>755.2</ele>
   </trkpt>
   <trkpt lat="40.6324040" lon="-3.1409440">
    <ele>755.4</ele>
   </trkpt>
   <trkpt lat="40.6323930" lon="-3.1409110">
    <ele>755.8</ele>
   </trkpt>
   <trkpt lat="40.6323810" lon="-3.1408780">
    <ele>756.0</ele>
   </trkpt>
   <trkpt lat="40.6323700" lon="-3.1408450">
    <ele>756.2</ele>
   </trkpt>
   <trkpt lat="40.6323590" lon="-3.1408130">
    <ele>756.4</ele>
   </trkpt>
   <trkpt lat="40.6323430" lon="-3.1407800">
    <ele>756.4</ele>
   </trkpt>
   <trkpt lat="40.6323360" lon="-3.1407460">
    <ele>756.6</ele>
   </trkpt>
   <trkpt lat="40.6323280" lon="-3.1407100">
    <ele>756.8</ele>
   </trkpt>
   <trkpt lat="40.6323200" lon="-3.1406700">
    <ele>756.8</ele>
   </trkpt>
   <trkpt lat="40.6323170" lon="-3.1406260">
    <ele>757.0</ele>
   </trkpt>
   <trkpt lat="40.6323130" lon="-3.1405820">
    <ele>757.0</ele>
   </trkpt>
   <trkpt lat="40.6323130" lon="-3.1405400">
    <ele>757.0</ele>
   </trkpt>
   <trkpt lat="40.6323130" lon="-3.1404980">
    <ele>757.0</ele>
   </trkpt>
   <trkpt lat="40.6323130" lon="-3.1404570">
    <ele>757.2</ele>
   </trkpt>
   <trkpt lat="40.6323170" lon="-3.1404150">
    <ele>757.2</ele>
   </trkpt>
   <trkpt lat="40.6323240" lon="-3.1403720">
    <ele>757.4</ele>
   </trkpt>
   <trkpt lat="40.6323320" lon="-3.1403280">
    <ele>757.4</ele>
   </trkpt>
   <trkpt lat="40.6323390" lon="-3.1402830">
    <ele>757.4</ele>
   </trkpt>
   <trkpt lat="40.6323470" lon="-3.1402380">
    <ele>757.6</ele>
   </trkpt>
   <trkpt lat="40.6323510" lon="-3.1401950">
    <ele>757.6</ele>
   </trkpt>
   <trkpt lat="40.6323590" lon="-3.1401520">
    <ele>757.8</ele>
   </trkpt>
   <trkpt lat="40.6323660" lon="-3.1401090">
    <ele>757.8</ele>
   </trkpt>
   <trkpt lat="40.6323740" lon="-3.1400680">
    <ele>758.0</ele>
   </trkpt>
   <trkpt lat="40.6323740" lon="-3.1400260">
    <ele>758.2</ele>
   </trkpt>
   <trkpt lat="40.6323740" lon="-3.1399820">
    <ele>758.2</ele>
   </trkpt>
   <trkpt lat="40.6323740" lon="-3.1399360">
    <ele>758.4</ele>
   </trkpt>
   <trkpt lat="40.6323700" lon="-3.1398920">
    <ele>758.4</ele>
   </trkpt>
   <trkpt lat="40.6323700" lon="-3.1398490">
    <ele>758.6</ele>
   </trkpt>
   <trkpt lat="40.6323660" lon="-3.1398060">
    <ele>758.8</ele>
   </trkpt>
   <trkpt lat="40.6323590" lon="-3.1397630">
    <ele>759.0</ele>
   </trkpt>
   <trkpt lat="40.6323510" lon="-3.1397220">
    <ele>759.0</ele>
   </trkpt>
   <trkpt lat="40.6323390" lon="-3.1396800">
    <ele>759.2</ele>
   </trkpt>
   <trkpt lat="40.6323320" lon="-3.1396410">
    <ele>759.4</ele>
   </trkpt>
   <trkpt lat="40.6323200" lon="-3.1396050">
    <ele>759.6</ele>
   </trkpt>
   <trkpt lat="40.6323050" lon="-3.1395720">
    <ele>759.6</ele>
   </trkpt>
   <trkpt lat="40.6322940" lon="-3.1395380">
    <ele>759.8</ele>
   </trkpt>
   <trkpt lat="40.6322750" lon="-3.1395080">
    <ele>760.0</ele>
   </trkpt>
   <trkpt lat="40.6322590" lon="-3.1394780">
    <ele>760.2</ele>
   </trkpt>
   <trkpt lat="40.6322400" lon="-3.1394450">
    <ele>760.2</ele>
   </trkpt>
   <trkpt lat="40.6322210" lon="-3.1394120">
    <ele>760.4</ele>
   </trkpt>
   <trkpt lat="40.6322020" lon="-3.1393790">
    <ele>760.4</ele>
   </trkpt>
   <trkpt lat="40.6321870" lon="-3.1393470">
    <ele>760.6</ele>
   </trkpt>
   <trkpt lat="40.6321680" lon="-3.1393140">
    <ele>760.6</ele>
   </trkpt>
   <trkpt lat="40.6321490" lon="-3.1392850">
    <ele>760.8</ele>
   </trkpt>
   <trkpt lat="40.6321300" lon="-3.1392570">
    <ele>761.0</ele>
   </trkpt>
   <trkpt lat="40.6321140" lon="-3.1392310">
    <ele>761.0</ele>
   </trkpt>
   <trkpt lat="40.6321070" lon="-3.1392040">
    <ele>761.2</ele>
   </trkpt>
   <trkpt lat="40.6321030" lon="-3.1391790">
    <ele>761.4</ele>
   </trkpt>
   <trkpt lat="40.6321030" lon="-3.1391550">
    <ele>761.6</ele>
   </trkpt>
   <trkpt lat="40.6321070" lon="-3.1391290">
    <ele>761.8</ele>
   </trkpt>
   <trkpt lat="40.6321070" lon="-3.1391020">
    <ele>762.0</ele>
   </trkpt>
   <trkpt lat="40.6321110" lon="-3.1390750">
    <ele>762.4</ele>
   </trkpt>
   <trkpt lat="40.6321140" lon="-3.1390500">
    <ele>762.6</ele>
   </trkpt>
   <trkpt lat="40.6321140" lon="-3.1390260">
    <ele>762.8</ele>
   </trkpt>
   <trkpt lat="40.6321180" lon="-3.1390040">
    <ele>763.0</ele>
   </trkpt>
   <trkpt lat="40.6321220" lon="-3.1389810">
    <ele>763.2</ele>
   </trkpt>
   <trkpt lat="40.6321300" lon="-3.1389580">
    <ele>763.4</ele>
   </trkpt>
   <trkpt lat="40.6321370" lon="-3.1389350">
    <ele>763.6</ele>
   </trkpt>
   <trkpt lat="40.6321490" lon="-3.1389140">
    <ele>763.8</ele>
   </trkpt>
   <trkpt lat="40.6321560" lon="-3.1388900">
    <ele>764.0</ele>
   </trkpt>
   <trkpt lat="40.6321640" lon="-3.1388660">
    <ele>764.2</ele>
   </trkpt>
   <trkpt lat="40.6321680" lon="-3.1388440">
    <ele>764.4</ele>
   </trkpt>
   <trkpt lat="40.6321720" lon="-3.1388220">
    <ele>764.6</ele>
   </trkpt>
   <trkpt lat="40.6321750" lon="-3.1388020">
    <ele>764.8</ele>
   </trkpt>
   <trkpt lat="40.6321830" lon="-3.1387850">
    <ele>765.0</ele>
   </trkpt>
   <trkpt lat="40.6321870" lon="-3.1387670">
    <ele>765.2</ele>
   </trkpt>
   <trkpt lat="40.6321910" lon="-3.1387480">
    <ele>765.4</ele>
   </trkpt>
   <trkpt lat="40.6321910" lon="-3.1387260">
    <ele>765.6</ele>
   </trkpt>
   <trkpt lat="40.6321870" lon="-3.1387040">
    <ele>765.8</ele>
   </trkpt>
   <trkpt lat="40.6321830" lon="-3.1386820">
    <ele>766.0</ele>
   </trkpt>
   <trkpt lat="40.6321790" lon="-3.1386580">
    <ele>766.2</ele>
   </trkpt>
   <trkpt lat="40.6321790" lon="-3.1386350">
    <ele>766.4</ele>
   </trkpt>
   <trkpt lat="40.6321830" lon="-3.1386110">
    <ele>766.6</ele>
   </trkpt>
   <trkpt lat="40.6321790" lon="-3.1385850">
    <ele>766.8</ele>
   </trkpt>
   <trkpt lat="40.6321790" lon="-3.1385600">
    <ele>767.0</ele>
   </trkpt>
   <trkpt lat="40.6321790" lon="-3.1385350">
    <ele>767.2</ele>
   </trkpt>
   <trkpt lat="40.6321750" lon="-3.1385120">
    <ele>767.6</ele>
   </trkpt>
   <trkpt lat="40.6321720" lon="-3.1384900">
    <ele>767.8</ele>
   </trkpt>
   <trkpt lat="40.6321640" lon="-3.1384690">
    <ele>768.0</ele>
   </trkpt>
   <trkpt lat="40.6321530" lon="-3.1384480">
    <ele>768.2</ele>
   </trkpt>
   <trkpt lat="40.6321450" lon="-3.1384260">
    <ele>768.6</ele>
   </trkpt>
   <trkpt lat="40.6321370" lon="-3.1384030">
    <ele>768.8</ele>
   </trkpt>
   <trkpt lat="40.6321300" lon="-3.1383790">
    <ele>769.0</ele>
   </trkpt>
   <trkpt lat="40.6321220" lon="-3.1383550">
    <ele>769.2</ele>
   </trkpt>
   <trkpt lat="40.6321140" lon="-3.1383290">
    <ele>769.4</ele>
   </trkpt>
   <trkpt lat="40.6321070" lon="-3.1383000">
    <ele>769.4</ele>
   </trkpt>
   <trkpt lat="40.6320990" lon="-3.1382710">
    <ele>769.6</ele>
   </trkpt>
   <trkpt lat="40.6320920" lon="-3.1382420">
    <ele>769.8</ele>
   </trkpt>
   <trkpt lat="40.6320840" lon="-3.1382120">
    <ele>770.0</ele>
   </trkpt>
   <trkpt lat="40.6320760" lon="-3.1381830">
    <ele>770.2</ele>
   </trkpt>
   <trkpt lat="40.6320690" lon="-3.1381550">
    <ele>770.4</ele>
   </trkpt>
   <trkpt lat="40.6320610" lon="-3.1381300">
    <ele>770.4</ele>
   </trkpt>
   <trkpt lat="40.6320530" lon="-3.1381040">
    <ele>770.6</ele>
   </trkpt>
   <trkpt lat="40.6320460" lon="-3.1380770">
    <ele>770.8</ele>
   </trkpt>
   <trkpt lat="40.6320380" lon="-3.1380520">
    <ele>771.0</ele>
   </trkpt>
   <trkpt lat="40.6320340" lon="-3.1380250">
    <ele>771.2</ele>
   </trkpt>
   <trkpt lat="40.6320270" lon="-3.1379970">
    <ele>771.2</ele>
   </trkpt>
   <trkpt lat="40.6320190" lon="-3.1379700">
    <ele>771.4</ele>
   </trkpt>
   <trkpt lat="40.6320110" lon="-3.1379430">
    <ele>771.6</ele>
   </trkpt>
   <trkpt lat="40.6320080" lon="-3.1379150">
    <ele>771.8</ele>
   </trkpt>
   <trkpt lat="40.6320000" lon="-3.1378880">
    <ele>772.0</ele>
   </trkpt>
   <trkpt lat="40.6319960" lon="-3.1378630">
    <ele>772.2</ele>
   </trkpt>
   <trkpt lat="40.6319920" lon="-3.1378360">
    <ele>772.4</ele>
   </trkpt>
   <trkpt lat="40.6319890" lon="-3.1378070">
    <ele>772.6</ele>
   </trkpt>
   <trkpt lat="40.6319890" lon="-3.1377780">
    <ele>772.8</ele>
   </trkpt>
   <trkpt lat="40.6319920" lon="-3.1377500">
    <ele>773.0</ele>
   </trkpt>
   <trkpt lat="40.6319890" lon="-3.1377220">
    <ele>773.2</ele>
   </trkpt>
   <trkpt lat="40.6319890" lon="-3.1376910">
    <ele>773.4</ele>
   </trkpt>
   <trkpt lat="40.6319890" lon="-3.1376600">
    <ele>773.6</ele>
   </trkpt>
   <trkpt lat="40.6319850" lon="-3.1376280">
    <ele>773.8</ele>
   </trkpt>
   <trkpt lat="40.6319850" lon="-3.1375950">
    <ele>773.8</ele>
   </trkpt>
   <trkpt lat="40.6319890" lon="-3.1375610">
    <ele>774.0</ele>
   </trkpt>
   <trkpt lat="40.6319890" lon="-3.1375270">
    <ele>774.0</ele>
   </trkpt>
   <trkpt lat="40.6319920" lon="-3.1374920">
    <ele>774.2</ele>
   </trkpt>
   <trkpt lat="40.6320000" lon="-3.1374580">
    <ele>774.2</ele>
   </trkpt>
   <trkpt lat="40.6320110" lon="-3.1374270">
    <ele>774.4</ele>
   </trkpt>
   <trkpt lat="40.6320230" lon="-3.1373960">
    <ele>774.4</ele>
   </trkpt>
   <trkpt lat="40.6320340" lon="-3.1373650">
    <ele>774.6</ele>
   </trkpt>
   <trkpt lat="40.6320460" lon="-3.1373360">
    <ele>774.8</ele>
   </trkpt>
   <trkpt lat="40.6320610" lon="-3.1373080">
    <ele>774.8</ele>
   </trkpt>
   <trkpt lat="40.6320720" lon="-3.1372810">
    <ele>775.0</ele>
   </trkpt>
   <trkpt lat="40.6320880" lon="-3.1372530">
    <ele>775.2</ele>
   </trkpt>
   <trkpt lat="40.6321070" lon="-3.1372270">
    <ele>775.2</ele>
   </trkpt>
   <trkpt lat="40.6321260" lon="-3.1372020">
    <ele>775.4</ele>
   </trkpt>
   <trkpt lat="40.6321410" lon="-3.1371770">
    <ele>775.6</ele>
   </trkpt>
   <trkpt lat="40.6321560" lon="-3.1371520">
    <ele>775.8</ele>
   </trkpt>
   <trkpt lat="40.6321750" lon="-3.1371260">
    <ele>776.0</ele>
   </trkpt>
   <trkpt lat="40.6321910" lon="-3.1371000">
    <ele>776.2</ele>
   </trkpt>
   <trkpt lat="40.6322100" lon="-3.1370740">
    <ele>776.4</ele>
   </trkpt>
   <trkpt lat="40.6322290" lon="-3.1370470">
    <ele>776.4</ele>
   </trkpt>
   <trkpt lat="40.6322440" lon="-3.1370210">
    <ele>776.6</ele>
   </trkpt>
   <trkpt lat="40.6322590" lon="-3.1369950">
    <ele>776.8</ele>
   </trkpt>
   <trkpt lat="40.6322780" lon="-3.1369700">
    <ele>776.8</ele>
   </trkpt>
   <trkpt lat="40.6322940" lon="-3.1369440">
    <ele>777.0</ele>
   </trkpt>
   <trkpt lat="40.6323090" lon="-3.1369170">
    <ele>777.0</ele>
   </trkpt>
   <trkpt lat="40.6323240" lon="-3.1368910">
    <ele>777.2</ele>
   </trkpt>
   <trkpt lat="40.6323470" lon="-3.1368660">
    <ele>777.4</ele>
   </trkpt>
   <trkpt lat="40.6323620" lon="-3.1368400">
    <ele>777.4</ele>
   </trkpt>
   <trkpt lat="40.6323780" lon="-3.1368100">
    <ele>777.6</ele>
   </trkpt>
   <trkpt lat="40.6323930" lon="-3.1367800">
    <ele>777.6</ele>
   </trkpt>
   <trkpt lat="40.6324040" lon="-3.1367510">
    <ele>777.8</ele>
   </trkpt>
   <trkpt lat="40.6324230" lon="-3.1367240">
    <ele>777.8</ele>
   </trkpt>
   <trkpt lat="40.6324420" lon="-3.1366980">
    <ele>778.0</ele>
   </trkpt>
   <trkpt lat="40.6324580" lon="-3.1366720">
    <ele>778.0</ele>
   </trkpt>
   <trkpt lat="40.6324770" lon="-3.1366490">
    <ele>778.2</ele>
   </trkpt>
   <trkpt lat="40.6324920" lon="-3.1366250">
    <ele>778.2</ele>
   </trkpt>
   <trkpt lat="40.6325070" lon="-3.1365990">
    <ele>778.4</ele>
   </trkpt>
   <trkpt lat="40.6325190" lon="-3.1365720">
    <ele>778.6</ele>
   </trkpt>
   <trkpt lat="40.6325340" lon="-3.1365460">
    <ele>778.6</ele>
   </trkpt>
   <trkpt lat="40.6325490" lon="-3.1365180">
    <ele>778.8</ele>
   </trkpt>
   <trkpt lat="40.6325650" lon="-3.1364920">
    <ele>779.0</ele>
   </trkpt>
   <trkpt lat="40.6325840" lon="-3.1364700">
    <ele>779.2</ele>
   </trkpt>
   <trkpt lat="40.6325990" lon="-3.1364520">
    <ele>779.4</ele>
   </trkpt>
   <trkpt lat="40.6326140" lon="-3.1364350">
    <ele>779.6</ele>
   </trkpt>
   <trkpt lat="40.6326260" lon="-3.1364190">
    <ele>779.8</ele>
   </trkpt>
   <trkpt lat="40.6326370" lon="-3.1364050">
    <ele>780.0</ele>
   </trkpt>
   <trkpt lat="40.6326520" lon="-3.1363900">
    <ele>780.2</ele>
   </trkpt>
   <trkpt lat="40.6326680" lon="-3.1363720">
    <ele>780.4</ele>
   </trkpt>
   <trkpt lat="40.6326750" lon="-3.1363540">
    <ele>780.6</ele>
   </trkpt>
   <trkpt lat="40.6326830" lon="-3.1363340">
    <ele>780.8</ele>
   </trkpt>
   <trkpt lat="40.6326900" lon="-3.1363140">
    <ele>781.0</ele>
   </trkpt>
   <trkpt lat="40.6326940" lon="-3.1362950">
    <ele>781.2</ele>
   </trkpt>
   <trkpt lat="40.6326980" lon="-3.1362750">
    <ele>781.4</ele>
   </trkpt>
   <trkpt lat="40.6327060" lon="-3.1362530">
    <ele>781.6</ele>
   </trkpt>
   <trkpt lat="40.6327130" lon="-3.1362290">
    <ele>781.8</ele>
   </trkpt>
   <trkpt lat="40.6327250" lon="-3.1362030">
    <ele>781.8</ele>
   </trkpt>
   <trkpt lat="40.6327320" lon="-3.1361750">
    <ele>782.0</ele>
   </trkpt>
   <trkpt lat="40.6327400" lon="-3.1361450">
    <ele>782.0</ele>
   </trkpt>
   <trkpt lat="40.6327510" lon="-3.1361140">
    <ele>782.0</ele>
   </trkpt>
   <trkpt lat="40.6327630" lon="-3.1360830">
    <ele>782.2</ele>
   </trkpt>
   <trkpt lat="40.6327710" lon="-3.1360510">
    <ele>782.2</ele>
   </trkpt>
   <trkpt lat="40.6327780" lon="-3.1360200">
    <ele>782.2</ele>
   </trkpt>
   <trkpt lat="40.6327900" lon="-3.1359890">
    <ele>782.4</ele>
   </trkpt>
   <trkpt lat="40.6328010" lon="-3.1359590">
    <ele>782.4</ele>
   </trkpt>
   <trkpt lat="40.6328090" lon="-3.1359280">
    <ele>782.4</ele>
   </trkpt>
   <trkpt lat="40.6328160" lon="-3.1358990">
    <ele>782.4</ele>
   </trkpt>
   <trkpt lat="40.6328200" lon="-3.1358750">
    <ele>782.6</ele>
   </trkpt>
   <trkpt lat="40.6328280" lon="-3.1358520">
    <ele>782.6</ele>
   </trkpt>
   <trkpt lat="40.6328390" lon="-3.1358270">
    <ele>782.8</ele>
   </trkpt>
   <trkpt lat="40.6328510" lon="-3.1358000">
    <ele>782.8</ele>
   </trkpt>
   <trkpt lat="40.6328540" lon="-3.1357720">
    <ele>783.0</ele>
   </trkpt>
   <trkpt lat="40.6328620" lon="-3.1357480">
    <ele>783.0</ele>
   </trkpt>
   <trkpt lat="40.6328660" lon="-3.1357260">
    <ele>783.2</ele>
   </trkpt>
   <trkpt lat="40.6328660" lon="-3.1357070">
    <ele>783.2</ele>
   </trkpt>
   <trkpt lat="40.6328700" lon="-3.1356820">
    <ele>783.2</ele>
   </trkpt>
   <trkpt lat="40.6328770" lon="-3.1356480">
    <ele>783.4</ele>
   </trkpt>
   <trkpt lat="40.6328850" lon="-3.1356120">
    <ele>783.4</ele>
   </trkpt>
   <trkpt lat="40.6328930" lon="-3.1355790">
    <ele>783.4</ele>
   </trkpt>
   <trkpt lat="40.6329000" lon="-3.1355460">
    <ele>783.6</ele>
   </trkpt>
   <trkpt lat="40.6329040" lon="-3.1355120">
    <ele>783.6</ele>
   </trkpt>
   <trkpt lat="40.6329080" lon="-3.1354770">
    <ele>783.8</ele>
   </trkpt>
   <trkpt lat="40.6329120" lon="-3.1354430">
    <ele>783.8</ele>
   </trkpt>
   <trkpt lat="40.6329190" lon="-3.1354160">
    <ele>784.0</ele>
   </trkpt>
   <trkpt lat="40.6329350" lon="-3.1353940">
    <ele>784.2</ele>
   </trkpt>
   <trkpt lat="40.6329570" lon="-3.1353740">
    <ele>784.2</ele>
   </trkpt>
   <trkpt lat="40.6329760" lon="-3.1353540">
    <ele>784.4</ele>
   </trkpt>
   <trkpt lat="40.6329920" lon="-3.1353300">
    <ele>784.6</ele>
   </trkpt>
   <trkpt lat="40.6330070" lon="-3.1353060">
    <ele>784.8</ele>
   </trkpt>
   <trkpt lat="40.6330180" lon="-3.1352820">
    <ele>784.8</ele>
   </trkpt>
   <trkpt lat="40.6330260" lon="-3.1352590">
    <ele>785.0</ele>
   </trkpt>
   <trkpt lat="40.6330300" lon="-3.1352340">
    <ele>785.2</ele>
   </trkpt>
   <trkpt lat="40.6330340" lon="-3.1352040">
    <ele>785.2</ele>
   </trkpt>
   <trkpt lat="40.6330410" lon="-3.1351750">
    <ele>785.4</ele>
   </trkpt>
   <trkpt lat="40.6330490" lon="-3.1351440">
    <ele>785.6</ele>
   </trkpt>
   <trkpt lat="40.6330530" lon="-3.1351140">
    <ele>785.6</ele>
   </trkpt>
   <trkpt lat="40.6330570" lon="-3.1350820">
    <ele>785.8</ele>
   </trkpt>
   <trkpt lat="40.6330600" lon="-3.1350500">
    <ele>786.0</ele>
   </trkpt>
   <trkpt lat="40.6330640" lon="-3.1350180">
    <ele>786.2</ele>
   </trkpt>
   <trkpt lat="40.6330720" lon="-3.1349850">
    <ele>786.4</ele>
   </trkpt>
   <trkpt lat="40.6330760" lon="-3.1349530">
    <ele>786.4</ele>
   </trkpt>
   <trkpt lat="40.6330830" lon="-3.1349220">
    <ele>786.6</ele>
   </trkpt>
   <trkpt lat="40.6330870" lon="-3.1348900">
    <ele>786.8</ele>
   </trkpt>
   <trkpt lat="40.6330950" lon="-3.1348610">
    <ele>787.0</ele>
   </trkpt>
   <trkpt lat="40.6330950" lon="-3.1348320">
    <ele>787.0</ele>
   </trkpt>
   <trkpt lat="40.6330990" lon="-3.1348040">
    <ele>787.2</ele>
   </trkpt>
   <trkpt lat="40.6330990" lon="-3.1347770">
    <ele>787.4</ele>
   </trkpt>
   <trkpt lat="40.6331020" lon="-3.1347470">
    <ele>787.4</ele>
   </trkpt>
   <trkpt lat="40.6331100" lon="-3.1347150">
    <ele>787.6</ele>
   </trkpt>
   <trkpt lat="40.6331100" lon="-3.1346840">
    <ele>787.8</ele>
   </trkpt>
   <trkpt lat="40.6331100" lon="-3.1346530">
    <ele>788.0</ele>
   </trkpt>
   <trkpt lat="40.6331140" lon="-3.1346200">
    <ele>788.4</ele>
   </trkpt>
   <trkpt lat="40.6331180" lon="-3.1345870">
    <ele>788.6</ele>
   </trkpt>
   <trkpt lat="40.6331250" lon="-3.1345570">
    <ele>789.0</ele>
   </trkpt>
   <trkpt lat="40.6331330" lon="-3.1345280">
    <ele>789.2</ele>
   </trkpt>
   <trkpt lat="40.6331410" lon="-3.1345010">
    <ele>789.4</ele>
   </trkpt>
   <trkpt lat="40.6331480" lon="-3.1344730">
    <ele>789.6</ele>
   </trkpt>
   <trkpt lat="40.6331600" lon="-3.1344450">
    <ele>789.8</ele>
   </trkpt>
   <trkpt lat="40.6331710" lon="-3.1344180">
    <ele>790.0</ele>
   </trkpt>
   <trkpt lat="40.6331830" lon="-3.1343910">
    <ele>790.0</ele>
   </trkpt>
   <trkpt lat="40.6331980" lon="-3.1343650">
    <ele>790.2</ele>
   </trkpt>
   <trkpt lat="40.6332090" lon="-3.1343390">
    <ele>790.4</ele>
   </trkpt>
   <trkpt lat="40.6332250" lon="-3.1343140">
    <ele>790.6</ele>
   </trkpt>
   <trkpt lat="40.6332360" lon="-3.1342900">
    <ele>790.8</ele>
   </trkpt>
   <trkpt lat="40.6332470" lon="-3.1342650">
    <ele>791.0</ele>
   </trkpt>
   <trkpt lat="40.6332630" lon="-3.1342400">
    <ele>791.2</ele>
   </trkpt>
   <trkpt lat="40.6332740" lon="-3.1342160">
    <ele>791.2</ele>
   </trkpt>
   <trkpt lat="40.6332860" lon="-3.1341920">
    <ele>791.4</ele>
   </trkpt>
   <trkpt lat="40.6332930" lon="-3.1341670">
    <ele>791.6</ele>
   </trkpt>
   <trkpt lat="40.6333050" lon="-3.1341430">
    <ele>791.8</ele>
   </trkpt>
   <trkpt lat="40.6333160" lon="-3.1341200">
    <ele>792.0</ele>
   </trkpt>
   <trkpt lat="40.6333270" lon="-3.1340990">
    <ele>792.2</ele>
   </trkpt>
   <trkpt lat="40.6333430" lon="-3.1340780">
    <ele>792.4</ele>
   </trkpt>
   <trkpt lat="40.6333540" lon="-3.1340590">
    <ele>792.6</ele>
   </trkpt>
   <trkpt lat="40.6333660" lon="-3.1340400">
    <ele>792.8</ele>
   </trkpt>
   <trkpt lat="40.6333770" lon="-3.1340200">
    <ele>793.0</ele>
   </trkpt>
   <trkpt lat="40.6333920" lon="-3.1340000">
    <ele>793.2</ele>
   </trkpt>
   <trkpt lat="40.6334080" lon="-3.1339810">
    <ele>793.6</ele>
   </trkpt>
   <trkpt lat="40.6334190" lon="-3.1339620">
    <ele>793.8</ele>
   </trkpt>
   <trkpt lat="40.6334300" lon="-3.1339460">
    <ele>794.0</ele>
   </trkpt>
   <trkpt lat="40.6334460" lon="-3.1339290">
    <ele>794.2</ele>
   </trkpt>
   <trkpt lat="40.6334570" lon="-3.1339090">
    <ele>794.6</ele>
   </trkpt>
   <trkpt lat="40.6334720" lon="-3.1338860">
    <ele>794.8</ele>
   </trkpt>
   <trkpt lat="40.6334880" lon="-3.1338650">
    <ele>795.0</ele>
   </trkpt>
   <trkpt lat="40.6335030" lon="-3.1338430">
    <ele>795.2</ele>
   </trkpt>
   <trkpt lat="40.6335180" lon="-3.1338210">
    <ele>795.4</ele>
   </trkpt>
   <trkpt lat="40.6335300" lon="-3.1338060">
    <ele>795.8</ele>
   </trkpt>
   <trkpt lat="40.6335410" lon="-3.1337930">
    <ele>796.0</ele>
   </trkpt>
   <trkpt lat="40.6335530" lon="-3.1337760">
    <ele>796.2</ele>
   </trkpt>
   <trkpt lat="40.6335680" lon="-3.1337550">
    <ele>796.6</ele>
   </trkpt>
   <trkpt lat="40.6335750" lon="-3.1337330">
    <ele>796.8</ele>
   </trkpt>
   <trkpt lat="40.6335830" lon="-3.1337090">
    <ele>797.0</ele>
   </trkpt>
   <trkpt lat="40.6335870" lon="-3.1336860">
    <ele>797.0</ele>
   </trkpt>
   <trkpt lat="40.6335910" lon="-3.1336620">
    <ele>797.2</ele>
   </trkpt>
   <trkpt lat="40.6335940" lon="-3.1336360">
    <ele>797.4</ele>
   </trkpt>
   <trkpt lat="40.6336020" lon="-3.1336120">
    <ele>797.6</ele>
   </trkpt>
   <trkpt lat="40.6336140" lon="-3.1335910">
    <ele>797.8</ele>
   </trkpt>
   <trkpt lat="40.6336290" lon="-3.1335730">
    <ele>798.0</ele>
   </trkpt>
   <trkpt lat="40.6336440" lon="-3.1335550">
    <ele>798.2</ele>
   </trkpt>
   <trkpt lat="40.6336590" lon="-3.1335420">
    <ele>798.6</ele>
   </trkpt>
   <trkpt lat="40.6336750" lon="-3.1335300">
    <ele>798.8</ele>
   </trkpt>
   <trkpt lat="40.6336940" lon="-3.1335170">
    <ele>799.0</ele>
   </trkpt>
   <trkpt lat="40.6337130" lon="-3.1335040">
    <ele>799.4</ele>
   </trkpt>
   <trkpt lat="40.6337280" lon="-3.1334920">
    <ele>799.6</ele>
   </trkpt>
   <trkpt lat="40.6337360" lon="-3.1334850">
    <ele>799.8</ele>
   </trkpt>
   <trkpt lat="40.6337660" lon="-3.1334810">
    <ele>800.6</ele>
   </trkpt>
   <trkpt lat="40.6337740" lon="-3.1334790">
    <ele>800.8</ele>
   </trkpt>
   <trkpt lat="40.6337740" lon="-3.1334780">
    <ele>800.8</ele>
   </trkpt>
   <trkpt lat="40.6337740" lon="-3.1334760">
    <ele>801.0</ele>
   </trkpt>
   <trkpt lat="40.6337780" lon="-3.1334700">
    <ele>801.2</ele>
   </trkpt>
   <trkpt lat="40.6337850" lon="-3.1334630">
    <ele>801.4</ele>
   </trkpt>
   <trkpt lat="40.6337930" lon="-3.1334570">
    <ele>801.6</ele>
   </trkpt>
   <trkpt lat="40.6338040" lon="-3.1334540">
    <ele>801.8</ele>
   </trkpt>
   <trkpt lat="40.6338120" lon="-3.1334560">
    <ele>802.2</ele>
   </trkpt>
   <trkpt lat="40.6338200" lon="-3.1334580">
    <ele>802.4</ele>
   </trkpt>
   <trkpt lat="40.6338270" lon="-3.1334560">
    <ele>802.6</ele>
   </trkpt>
   <trkpt lat="40.6338310" lon="-3.1334540">
    <ele>802.8</ele>
   </trkpt>
   <trkpt lat="40.6338390" lon="-3.1334530">
    <ele>803.0</ele>
   </trkpt>
   <trkpt lat="40.6338420" lon="-3.1334530">
    <ele>803.2</ele>
   </trkpt>
   <trkpt lat="40.6338460" lon="-3.1334530">
    <ele>803.2</ele>
   </trkpt>
   <trkpt lat="40.6338540" lon="-3.1334530">
    <ele>803.4</ele>
   </trkpt>
   <trkpt lat="40.6338620" lon="-3.1334490">
    <ele>803.6</ele>
   </trkpt>
   <trkpt lat="40.6338690" lon="-3.1334410">
    <ele>803.6</ele>
   </trkpt>
   <trkpt lat="40.6338770" lon="-3.1334300">
    <ele>803.8</ele>
   </trkpt>
   <trkpt lat="40.6338810" lon="-3.1334170">
    <ele>803.8</ele>
   </trkpt>
   <trkpt lat="40.6338840" lon="-3.1334050">
    <ele>804.2</ele>
   </trkpt>
   <trkpt lat="40.6338880" lon="-3.1333930">
    <ele>804.4</ele>
   </trkpt>
   <trkpt lat="40.6338880" lon="-3.1333830">
    <ele>804.6</ele>
   </trkpt>
   <trkpt lat="40.6338880" lon="-3.1333750">
    <ele>804.8</ele>
   </trkpt>
   <trkpt lat="40.6338920" lon="-3.1333650">
    <ele>805.0</ele>
   </trkpt>
   <trkpt lat="40.6339000" lon="-3.1333550">
    <ele>805.2</ele>
   </trkpt>
   <trkpt lat="40.6339070" lon="-3.1333490">
    <ele>805.4</ele>
   </trkpt>
   <trkpt lat="40.6339150" lon="-3.1333460">
    <ele>805.6</ele>
   </trkpt>
   <trkpt lat="40.6339150" lon="-3.1333450">
    <ele>805.8</ele>
   </trkpt>
   <trkpt lat="40.6339150" lon="-3.1333450">
    <ele>805.8</ele>
   </trkpt>
   <trkpt lat="40.6339190" lon="-3.1333460">
    <ele>805.8</ele>
   </trkpt>
   <trkpt lat="40.6339260" lon="-3.1333480">
    <ele>806.0</ele>
   </trkpt>
   <trkpt lat="40.6339380" lon="-3.1333470">
    <ele>806.0</ele>
   </trkpt>
   <trkpt lat="40.6339610" lon="-3.1333450">
    <ele>806.0</ele>
   </trkpt>
   <trkpt lat="40.6339840" lon="-3.1333430">
    <ele>806.0</ele>
   </trkpt>
   <trkpt lat="40.6340060" lon="-3.1333450">
    <ele>806.0</ele>
   </trkpt>
   <trkpt lat="40.6340370" lon="-3.1333480">
    <ele>806.0</ele>
   </trkpt>
   <trkpt lat="40.6340680" lon="-3.1333500">
    <ele>806.0</ele>
   </trkpt>
   <trkpt lat="40.6340980" lon="-3.1333530">
    <ele>806.2</ele>
   </trkpt>
   <trkpt lat="40.6341290" lon="-3.1333530">
    <ele>806.2</ele>
   </trkpt>
   <trkpt lat="40.6341630" lon="-3.1333520">
    <ele>806.0</ele>
   </trkpt>
   <trkpt lat="40.6341970" lon="-3.1333550">
    <ele>806.0</ele>
   </trkpt>
   <trkpt lat="40.6342350" lon="-3.1333570">
    <ele>806.0</ele>
   </trkpt>
   <trkpt lat="40.6342730" lon="-3.1333580">
    <ele>806.0</ele>
   </trkpt>
   <trkpt lat="40.6343120" lon="-3.1333580">
    <ele>805.8</ele>
   </trkpt>
   <trkpt lat="40.6343500" lon="-3.1333580">
    <ele>805.8</ele>
   </trkpt>
   <trkpt lat="40.6343880" lon="-3.1333590">
    <ele>805.6</ele>
   </trkpt>
   <trkpt lat="40.6344260" lon="-3.1333610">
    <ele>805.6</ele>
   </trkpt>
   <trkpt lat="40.6344600" lon="-3.1333620">
    <ele>805.6</ele>
   </trkpt>
   <trkpt lat="40.6344910" lon="-3.1333600">
    <ele>805.6</ele>
   </trkpt>
   <trkpt lat="40.6345180" lon="-3.1333540">
    <ele>805.6</ele>
   </trkpt>
   <trkpt lat="40.6345410" lon="-3.1333480">
    <ele>805.6</ele>
   </trkpt>
   <trkpt lat="40.6345630" lon="-3.1333410">
    <ele>805.6</ele>
   </trkpt>
   <trkpt lat="40.6345940" lon="-3.1333370">
    <ele>805.6</ele>
   </trkpt>
   <trkpt lat="40.6346280" lon="-3.1333390">
    <ele>805.6</ele>
   </trkpt>
   <trkpt lat="40.6346630" lon="-3.1333410">
    <ele>805.4</ele>
   </trkpt>
   <trkpt lat="40.6346970" lon="-3.1333380">
    <ele>805.4</ele>
   </trkpt>
   <trkpt lat="40.6347310" lon="-3.1333310">
    <ele>805.4</ele>
   </trkpt>
   <trkpt lat="40.6347660" lon="-3.1333280">
    <ele>805.2</ele>
   </trkpt>
   <trkpt lat="40.6348000" lon="-3.1333320">
    <ele>805.0</ele>
   </trkpt>
   <trkpt lat="40.6348340" lon="-3.1333350">
    <ele>805.0</ele>
   </trkpt>
   <trkpt lat="40.6348650" lon="-3.1333370">
    <ele>804.8</ele>
   </trkpt>
   <trkpt lat="40.6348990" lon="-3.1333360">
    <ele>804.8</ele>
   </trkpt>
   <trkpt lat="40.6349300" lon="-3.1333370">
    <ele>804.6</ele>
   </trkpt>
   <trkpt lat="40.6349530" lon="-3.1333370">
    <ele>804.6</ele>
   </trkpt>
   <trkpt lat="40.6349750" lon="-3.1333330">
    <ele>804.4</ele>
   </trkpt>
   <trkpt lat="40.6349910" lon="-3.1333210">
    <ele>804.2</ele>
   </trkpt>
   <trkpt lat="40.6350060" lon="-3.1333010">
    <ele>804.2</ele>
   </trkpt>
   <trkpt lat="40.6350210" lon="-3.1332780">
    <ele>804.2</ele>
   </trkpt>
   <trkpt lat="40.6350290" lon="-3.1332460">
    <ele>804.2</ele>
   </trkpt>
   <trkpt lat="40.6350330" lon="-3.1332040">
    <ele>804.2</ele>
   </trkpt>
   <trkpt lat="40.6350360" lon="-3.1331570">
    <ele>804.4</ele>
   </trkpt>
   <trkpt lat="40.6350360" lon="-3.1331120">
    <ele>804.4</ele>
   </trkpt>
   <trkpt lat="40.6350400" lon="-3.1330640">
    <ele>804.6</ele>
   </trkpt>
   <trkpt lat="40.6350440" lon="-3.1330150">
    <ele>804.8</ele>
   </trkpt>
   <trkpt lat="40.6350480" lon="-3.1329670">
    <ele>805.0</ele>
   </trkpt>
   <trkpt lat="40.6350520" lon="-3.1329210">
    <ele>805.2</ele>
   </trkpt>
   <trkpt lat="40.6350560" lon="-3.1328750">
    <ele>805.4</ele>
   </trkpt>
   <trkpt lat="40.6350560" lon="-3.1328330">
    <ele>805.4</ele>
   </trkpt>
   <trkpt lat="40.6350560" lon="-3.1327930">
    <ele>805.6</ele>
   </trkpt>
   <trkpt lat="40.6350560" lon="-3.1327510">
    <ele>805.8</ele>
   </trkpt>
   <trkpt lat="40.6350590" lon="-3.1327090">
    <ele>806.0</ele>
   </trkpt>
   <trkpt lat="40.6350630" lon="-3.1326680">
    <ele>806.2</ele>
   </trkpt>
   <trkpt lat="40.6350670" lon="-3.1326300">
    <ele>806.4</ele>
   </trkpt>
   <trkpt lat="40.6350750" lon="-3.1325910">
    <ele>806.6</ele>
   </trkpt>
   <trkpt lat="40.6350780" lon="-3.1325520">
    <ele>806.8</ele>
   </trkpt>
   <trkpt lat="40.6350820" lon="-3.1325120">
    <ele>807.0</ele>
   </trkpt>
   <trkpt lat="40.6350860" lon="-3.1324710">
    <ele>807.0</ele>
   </trkpt>
   <trkpt lat="40.6350900" lon="-3.1324310">
    <ele>807.2</ele>
   </trkpt>
   <trkpt lat="40.6350980" lon="-3.1323900">
    <ele>807.4</ele>
   </trkpt>
   <trkpt lat="40.6351010" lon="-3.1323510">
    <ele>807.6</ele>
   </trkpt>
   <trkpt lat="40.6351090" lon="-3.1323130">
    <ele>807.8</ele>
   </trkpt>
   <trkpt lat="40.6351130" lon="-3.1322740">
    <ele>807.8</ele>
   </trkpt>
   <trkpt lat="40.6351200" lon="-3.1322340">
    <ele>808.0</ele>
   </trkpt>
   <trkpt lat="40.6351240" lon="-3.1321940">
    <ele>808.2</ele>
   </trkpt>
   <trkpt lat="40.6351320" lon="-3.1321540">
    <ele>808.4</ele>
   </trkpt>
   <trkpt lat="40.6351320" lon="-3.1321150">
    <ele>808.4</ele>
   </trkpt>
   <trkpt lat="40.6351360" lon="-3.1320760">
    <ele>808.6</ele>
   </trkpt>
   <trkpt lat="40.6351390" lon="-3.1320350">
    <ele>808.8</ele>
   </trkpt>
   <trkpt lat="40.6351430" lon="-3.1319940">
    <ele>808.8</ele>
   </trkpt>
   <trkpt lat="40.6351470" lon="-3.1319550">
    <ele>809.0</ele>
   </trkpt>
   <trkpt lat="40.6351470" lon="-3.1319170">
    <ele>809.2</ele>
   </trkpt>
   <trkpt lat="40.6351470" lon="-3.1318820">
    <ele>809.2</ele>
   </trkpt>
   <trkpt lat="40.6351510" lon="-3.1318450">
    <ele>809.4</ele>
   </trkpt>
   <trkpt lat="40.6351550" lon="-3.1318060">
    <ele>809.4</ele>
   </trkpt>
   <trkpt lat="40.6351550" lon="-3.1317660">
    <ele>809.6</ele>
   </trkpt>
   <trkpt lat="40.6351590" lon="-3.1317260">
    <ele>809.6</ele>
   </trkpt>
   <trkpt lat="40.6351620" lon="-3.1316870">
    <ele>809.8</ele>
   </trkpt>
   <trkpt lat="40.6351740" lon="-3.1316510">
    <ele>809.8</ele>
   </trkpt>
   <trkpt lat="40.6351850" lon="-3.1316160">
    <ele>809.8</ele>
   </trkpt>
   <trkpt lat="40.6352000" lon="-3.1315810">
    <ele>810.0</ele>
   </trkpt>
   <trkpt lat="40.6352160" lon="-3.1315460">
    <ele>810.0</ele>
   </trkpt>
   <trkpt lat="40.6352270" lon="-3.1315150">
    <ele>810.0</ele>
   </trkpt>
   <trkpt lat="40.6352420" lon="-3.1314840">
    <ele>810.2</ele>
   </trkpt>
   <trkpt lat="40.6352580" lon="-3.1314500">
    <ele>810.2</ele>
   </trkpt>
   <trkpt lat="40.6352690" lon="-3.1314140">
    <ele>810.2</ele>
   </trkpt>
   <trkpt lat="40.6352810" lon="-3.1313770">
    <ele>810.4</ele>
   </trkpt>
   <trkpt lat="40.6352880" lon="-3.1313380">
    <ele>810.4</ele>
   </trkpt>
   <trkpt lat="40.6352960" lon="-3.1312980">
    <ele>810.4</ele>
   </trkpt>
   <trkpt lat="40.6353030" lon="-3.1312570">
    <ele>810.6</ele>
   </trkpt>
   <trkpt lat="40.6353110" lon="-3.1312160">
    <ele>810.6</ele>
   </trkpt>
   <trkpt lat="40.6353190" lon="-3.1311750">
    <ele>810.8</ele>
   </trkpt>
   <trkpt lat="40.6353230" lon="-3.1311340">
    <ele>810.8</ele>
   </trkpt>
   <trkpt lat="40.6353260" lon="-3.1310940">
    <ele>811.0</ele>
   </trkpt>
   <trkpt lat="40.6353230" lon="-3.1310530">
    <ele>811.0</ele>
   </trkpt>
   <trkpt lat="40.6353230" lon="-3.1310110">
    <ele>811.2</ele>
   </trkpt>
   <trkpt lat="40.6353260" lon="-3.1309690">
    <ele>811.4</ele>
   </trkpt>
   <trkpt lat="40.6353260" lon="-3.1309270">
    <ele>811.6</ele>
   </trkpt>
   <trkpt lat="40.6353230" lon="-3.1308880">
    <ele>811.6</ele>
   </trkpt>
   <trkpt lat="40.6353230" lon="-3.1308460">
    <ele>811.8</ele>
   </trkpt>
   <trkpt lat="40.6353190" lon="-3.1308020">
    <ele>812.0</ele>
   </trkpt>
   <trkpt lat="40.6353150" lon="-3.1307600">
    <ele>812.2</ele>
   </trkpt>
   <trkpt lat="40.6353110" lon="-3.1307220">
    <ele>812.4</ele>
   </trkpt>
   <trkpt lat="40.6353030" lon="-3.1306830">
    <ele>812.4</ele>
   </trkpt>
   <trkpt lat="40.6353030" lon="-3.1306420">
    <ele>812.6</ele>
   </trkpt>
   <trkpt lat="40.6353000" lon="-3.1306010">
    <ele>812.8</ele>
   </trkpt>
   <trkpt lat="40.6353000" lon="-3.1305600">
    <ele>813.0</ele>
   </trkpt>
   <trkpt lat="40.6353000" lon="-3.1305180">
    <ele>813.2</ele>
   </trkpt>
   <trkpt lat="40.6353000" lon="-3.1304780">
    <ele>813.4</ele>
   </trkpt>
   <trkpt lat="40.6353000" lon="-3.1304400">
    <ele>813.4</ele>
   </trkpt>
   <trkpt lat="40.6352960" lon="-3.1304020">
    <ele>813.6</ele>
   </trkpt>
   <trkpt lat="40.6352960" lon="-3.1303610">
    <ele>813.8</ele>
   </trkpt>
   <trkpt lat="40.6352960" lon="-3.1303190">
    <ele>814.0</ele>
   </trkpt>
   <trkpt lat="40.6352960" lon="-3.1302780">
    <ele>814.0</ele>
   </trkpt>
   <trkpt lat="40.6352960" lon="-3.1302350">
    <ele>814.2</ele>
   </trkpt>
   <trkpt lat="40.6352960" lon="-3.1301930">
    <ele>814.4</ele>
   </trkpt>
   <trkpt lat="40.6352920" lon="-3.1301520">
    <ele>814.4</ele>
   </trkpt>
   <trkpt lat="40.6352920" lon="-3.1301130">
    <ele>814.6</ele>
   </trkpt>
   <trkpt lat="40.6352920" lon="-3.1300740">
    <ele>814.8</ele>
   </trkpt>
   <trkpt lat="40.6352920" lon="-3.1300310">
    <ele>815.0</ele>
   </trkpt>
   <trkpt lat="40.6352880" lon="-3.1299880">
    <ele>815.0</ele>
   </trkpt>
   <trkpt lat="40.6352920" lon="-3.1299480">
    <ele>815.2</ele>
   </trkpt>
   <trkpt lat="40.6352920" lon="-3.1299110">
    <ele>815.4</ele>
   </trkpt>
   <trkpt lat="40.6352880" lon="-3.1298720">
    <ele>815.4</ele>
   </trkpt>
   <trkpt lat="40.6352840" lon="-3.1298330">
    <ele>815.6</ele>
   </trkpt>
   <trkpt lat="40.6352880" lon="-3.1297910">
    <ele>815.6</ele>
   </trkpt>
   <trkpt lat="40.6352840" lon="-3.1297500">
    <ele>815.8</ele>
   </trkpt>
   <trkpt lat="40.6352840" lon="-3.1297060">
    <ele>815.8</ele>
   </trkpt>
   <trkpt lat="40.6352840" lon="-3.1296610">
    <ele>816.0</ele>
   </trkpt>
   <trkpt lat="40.6352840" lon="-3.1296180">
    <ele>816.0</ele>
   </trkpt>
   <trkpt lat="40.6352810" lon="-3.1295750">
    <ele>816.2</ele>
   </trkpt>
   <trkpt lat="40.6352770" lon="-3.1295330">
    <ele>816.4</ele>
   </trkpt>
   <trkpt lat="40.6352730" lon="-3.1294910">
    <ele>816.6</ele>
   </trkpt>
   <trkpt lat="40.6352690" lon="-3.1294480">
    <ele>816.6</ele>
   </trkpt>
   <trkpt lat="40.6352620" lon="-3.1294080">
    <ele>816.8</ele>
   </trkpt>
   <trkpt lat="40.6352540" lon="-3.1293680">
    <ele>817.2</ele>
   </trkpt>
   <trkpt lat="40.6352460" lon="-3.1293280">
    <ele>817.2</ele>
   </trkpt>
   <trkpt lat="40.6352390" lon="-3.1292870">
    <ele>817.4</ele>
   </trkpt>
   <trkpt lat="40.6352350" lon="-3.1292450">
    <ele>817.6</ele>
   </trkpt>
   <trkpt lat="40.6352390" lon="-3.1292050">
    <ele>817.8</ele>
   </trkpt>
   <trkpt lat="40.6352420" lon="-3.1291620">
    <ele>818.0</ele>
   </trkpt>
   <trkpt lat="40.6352460" lon="-3.1291190">
    <ele>818.2</ele>
   </trkpt>
   <trkpt lat="40.6352540" lon="-3.1290750">
    <ele>818.2</ele>
   </trkpt>
   <trkpt lat="40.6352580" lon="-3.1290320">
    <ele>818.4</ele>
   </trkpt>
   <trkpt lat="40.6352650" lon="-3.1289900">
    <ele>818.6</ele>
   </trkpt>
   <trkpt lat="40.6352690" lon="-3.1289480">
    <ele>818.6</ele>
   </trkpt>
   <trkpt lat="40.6352730" lon="-3.1289060">
    <ele>818.8</ele>
   </trkpt>
   <trkpt lat="40.6352770" lon="-3.1288620">
    <ele>819.0</ele>
   </trkpt>
   <trkpt lat="40.6352840" lon="-3.1288210">
    <ele>819.0</ele>
   </trkpt>
   <trkpt lat="40.6352920" lon="-3.1287800">
    <ele>819.0</ele>
   </trkpt>
   <trkpt lat="40.6353000" lon="-3.1287400">
    <ele>819.2</ele>
   </trkpt>
   <trkpt lat="40.6353070" lon="-3.1287030">
    <ele>819.2</ele>
   </trkpt>
   <trkpt lat="40.6353150" lon="-3.1286650">
    <ele>819.0</ele>
   </trkpt>
   <trkpt lat="40.6353260" lon="-3.1286230">
    <ele>819.0</ele>
   </trkpt>
   <trkpt lat="40.6353380" lon="-3.1285770">
    <ele>818.8</ele>
   </trkpt>
   <trkpt lat="40.6353490" lon="-3.1285270">
    <ele>818.4</ele>
   </trkpt>
   <trkpt lat="40.6353640" lon="-3.1284750">
    <ele>818.2</ele>
   </trkpt>
   <trkpt lat="40.6353760" lon="-3.1284270">
    <ele>817.8</ele>
   </trkpt>
   <trkpt lat="40.6353840" lon="-3.1283820">
    <ele>817.6</ele>
   </trkpt>
   <trkpt lat="40.6353910" lon="-3.1283380">
    <ele>817.2</ele>
   </trkpt>
   <trkpt lat="40.6354030" lon="-3.1282930">
    <ele>816.8</ele>
   </trkpt>
   <trkpt lat="40.6354100" lon="-3.1282450">
    <ele>816.4</ele>
   </trkpt>
   <trkpt lat="40.6354100" lon="-3.1281940">
    <ele>816.0</ele>
   </trkpt>
   <trkpt lat="40.6354100" lon="-3.1281370">
    <ele>815.6</ele>
   </trkpt>
   <trkpt lat="40.6354060" lon="-3.1280720">
    <ele>815.2</ele>
   </trkpt>
   <trkpt lat="40.6354030" lon="-3.1280010">
    <ele>814.6</ele>
   </trkpt>
   <trkpt lat="40.6353990" lon="-3.1279270">
    <ele>814.0</ele>
   </trkpt>
   <trkpt lat="40.6353910" lon="-3.1278510">
    <ele>813.6</ele>
   </trkpt>
   <trkpt lat="40.6353800" lon="-3.1277760">
    <ele>813.0</ele>
   </trkpt>
   <trkpt lat="40.6353680" lon="-3.1277020">
    <ele>812.6</ele>
   </trkpt>
   <trkpt lat="40.6353490" lon="-3.1276290">
    <ele>812.2</ele>
   </trkpt>
   <trkpt lat="40.6353260" lon="-3.1275540">
    <ele>811.8</ele>
   </trkpt>
   <trkpt lat="40.6353030" lon="-3.1274750">
    <ele>811.4</ele>
   </trkpt>
   <trkpt lat="40.6352770" lon="-3.1273970">
    <ele>811.2</ele>
   </trkpt>
   <trkpt lat="40.6352500" lon="-3.1273230">
    <ele>811.0</ele>
   </trkpt>
   <trkpt lat="40.6352230" lon="-3.1272590">
    <ele>811.0</ele>
   </trkpt>
   <trkpt lat="40.6352040" lon="-3.1272030">
    <ele>810.8</ele>
   </trkpt>
   <trkpt lat="40.6351850" lon="-3.1271540">
    <ele>810.8</ele>
   </trkpt>
   <trkpt lat="40.6351700" lon="-3.1271090">
    <ele>810.6</ele>
   </trkpt>
   <trkpt lat="40.6351510" lon="-3.1270650">
    <ele>810.4</ele>
   </trkpt>
   <trkpt lat="40.6351360" lon="-3.1270180">
    <ele>810.2</ele>
   </trkpt>
   <trkpt lat="40.6351280" lon="-3.1269670">
    <ele>810.0</ele>
   </trkpt>
   <trkpt lat="40.6351200" lon="-3.1269130">
    <ele>809.8</ele>
   </trkpt>
   <trkpt lat="40.6351170" lon="-3.1268560">
    <ele>809.8</ele>
   </trkpt>
   <trkpt lat="40.6351200" lon="-3.1267970">
    <ele>809.8</ele>
   </trkpt>
   <trkpt lat="40.6351240" lon="-3.1267390">
    <ele>809.6</ele>
   </trkpt>
   <trkpt lat="40.6351320" lon="-3.1266830">
    <ele>809.6</ele>
   </trkpt>
   <trkpt lat="40.6351360" lon="-3.1266300">
    <ele>809.6</ele>
   </trkpt>
   <trkpt lat="40.6351430" lon="-3.1265770">
    <ele>809.6</ele>
   </trkpt>
   <trkpt lat="40.6351470" lon="-3.1265240">
    <ele>809.6</ele>
   </trkpt>
   <trkpt lat="40.6351550" lon="-3.1264710">
    <ele>809.6</ele>
   </trkpt>
   <trkpt lat="40.6351620" lon="-3.1264170">
    <ele>809.6</ele>
   </trkpt>
   <trkpt lat="40.6351700" lon="-3.1263620">
    <ele>809.8</ele>
   </trkpt>
   <trkpt lat="40.6351780" lon="-3.1263100">
    <ele>810.0</ele>
   </trkpt>
   <trkpt lat="40.6351850" lon="-3.1262610">
    <ele>810.2</ele>
   </trkpt>
   <trkpt lat="40.6351890" lon="-3.1262140">
    <ele>810.4</ele>
   </trkpt>
   <trkpt lat="40.6352000" lon="-3.1261700">
    <ele>810.6</ele>
   </trkpt>
   <trkpt lat="40.6352080" lon="-3.1261300">
    <ele>810.8</ele>
   </trkpt>
   <trkpt lat="40.6352200" lon="-3.1260920">
    <ele>810.8</ele>
   </trkpt>
   <trkpt lat="40.6352310" lon="-3.1260550">
    <ele>810.8</ele>
   </trkpt>
   <trkpt lat="40.6352500" lon="-3.1260190">
    <ele>810.8</ele>
   </trkpt>
   <trkpt lat="40.6352730" lon="-3.1259810">
    <ele>810.6</ele>
   </trkpt>
   <trkpt lat="40.6353000" lon="-3.1259410">
    <ele>810.4</ele>
   </trkpt>
   <trkpt lat="40.6353340" lon="-3.1259020">
    <ele>810.0</ele>
   </trkpt>
   <trkpt lat="40.6353760" lon="-3.1258630">
    <ele>809.6</ele>
   </trkpt>
   <trkpt lat="40.6354260" lon="-3.1258210">
    <ele>809.2</ele>
   </trkpt>
   <trkpt lat="40.6354750" lon="-3.1257760">
    <ele>808.8</ele>
   </trkpt>
   <trkpt lat="40.6355250" lon="-3.1257260">
    <ele>808.2</ele>
   </trkpt>
   <trkpt lat="40.6355740" lon="-3.1256680">
    <ele>807.6</ele>
   </trkpt>
   <trkpt lat="40.6356240" lon="-3.1255990">
    <ele>807.0</ele>
   </trkpt>
   <trkpt lat="40.6356740" lon="-3.1255210">
    <ele>806.2</ele>
   </trkpt>
   <trkpt lat="40.6357230" lon="-3.1254360">
    <ele>805.4</ele>
   </trkpt>
   <trkpt lat="40.6357800" lon="-3.1253470">
    <ele>804.6</ele>
   </trkpt>
   <trkpt lat="40.6358410" lon="-3.1252570">
    <ele>804.0</ele>
   </trkpt>
   <trkpt lat="40.6359020" lon="-3.1251700">
    <ele>803.4</ele>
   </trkpt>
   <trkpt lat="40.6359630" lon="-3.1250830">
    <ele>802.8</ele>
   </trkpt>
   <trkpt lat="40.6360240" lon="-3.1249930">
    <ele>802.4</ele>
   </trkpt>
   <trkpt lat="40.6360850" lon="-3.1249010">
    <ele>802.0</ele>
   </trkpt>
   <trkpt lat="40.6361390" lon="-3.1248090">
    <ele>801.6</ele>
   </trkpt>
   <trkpt lat="40.6361920" lon="-3.1247170">
    <ele>801.4</ele>
   </trkpt>
   <trkpt lat="40.6362460" lon="-3.1246270">
    <ele>801.2</ele>
   </trkpt>
   <trkpt lat="40.6362950" lon="-3.1245400">
    <ele>801.2</ele>
   </trkpt>
   <trkpt lat="40.6363490" lon="-3.1244590">
    <ele>801.2</ele>
   </trkpt>
   <trkpt lat="40.6364020" lon="-3.1243840">
    <ele>801.0</ele>
   </trkpt>
   <trkpt lat="40.6364560" lon="-3.1243100">
    <ele>801.0</ele>
   </trkpt>
   <trkpt lat="40.6365090" lon="-3.1242370">
    <ele>801.0</ele>
   </trkpt>
   <trkpt lat="40.6365580" lon="-3.1241640">
    <ele>801.0</ele>
   </trkpt>
   <trkpt lat="40.6366080" lon="-3.1240910">
    <ele>801.0</ele>
   </trkpt>
   <trkpt lat="40.6366610" lon="-3.1240250">
    <ele>800.8</ele>
   </trkpt>
   <trkpt lat="40.6367110" lon="-3.1239620">
    <ele>800.8</ele>
   </trkpt>
   <trkpt lat="40.6367680" lon="-3.1239040">
    <ele>800.6</ele>
   </trkpt>
   <trkpt lat="40.6368220" lon="-3.1238500">
    <ele>800.4</ele>
   </trkpt>
   <trkpt lat="40.6368750" lon="-3.1237960">
    <ele>800.2</ele>
   </trkpt>
   <trkpt lat="40.6369290" lon="-3.1237400">
    <ele>800.2</ele>
   </trkpt>
   <trkpt lat="40.6369740" lon="-3.1236820">
    <ele>800.0</ele>
   </trkpt>
   <trkpt lat="40.6370160" lon="-3.1236200">
    <ele>799.8</ele>
   </trkpt>
   <trkpt lat="40.6370470" lon="-3.1235500">
    <ele>799.8</ele>
   </trkpt>
   <trkpt lat="40.6370660" lon="-3.1234770">
    <ele>799.8</ele>
   </trkpt>
   <trkpt lat="40.6370810" lon="-3.1234020">
    <ele>799.6</ele>
   </trkpt>
   <trkpt lat="40.6370960" lon="-3.1233270">
    <ele>799.6</ele>
   </trkpt>
   <trkpt lat="40.6371120" lon="-3.1232570">
    <ele>799.6</ele>
   </trkpt>
   <trkpt lat="40.6371310" lon="-3.1231930">
    <ele>799.8</ele>
   </trkpt>
   <trkpt lat="40.6371540" lon="-3.1231330">
    <ele>799.8</ele>
   </trkpt>
   <trkpt lat="40.6371730" lon="-3.1230750">
    <ele>799.8</ele>
   </trkpt>
   <trkpt lat="40.6371960" lon="-3.1230180">
    <ele>799.8</ele>
   </trkpt>
   <trkpt lat="40.6372180" lon="-3.1229600">
    <ele>800.0</ele>
   </trkpt>
   <trkpt lat="40.6372380" lon="-3.1229050">
    <ele>800.0</ele>
   </trkpt>
   <trkpt lat="40.6372600" lon="-3.1228490">
    <ele>800.0</ele>
   </trkpt>
   <trkpt lat="40.6372790" lon="-3.1227930">
    <ele>800.2</ele>
   </trkpt>
   <trkpt lat="40.6373060" lon="-3.1227390">
    <ele>800.2</ele>
   </trkpt>
   <trkpt lat="40.6373370" lon="-3.1226910">
    <ele>800.2</ele>
   </trkpt>
   <trkpt lat="40.6373670" lon="-3.1226490">
    <ele>800.4</ele>
   </trkpt>
   <trkpt lat="40.6374020" lon="-3.1226110">
    <ele>800.4</ele>
   </trkpt>
   <trkpt lat="40.6374360" lon="-3.1225750">
    <ele>800.4</ele>
   </trkpt>
   <trkpt lat="40.6374700" lon="-3.1225370">
    <ele>800.4</ele>
   </trkpt>
   <trkpt lat="40.6375050" lon="-3.1224960">
    <ele>800.6</ele>
   </trkpt>
   <trkpt lat="40.6375390" lon="-3.1224490">
    <ele>800.6</ele>
   </trkpt>
   <trkpt lat="40.6375660" lon="-3.1224030">
    <ele>800.6</ele>
   </trkpt>
   <trkpt lat="40.6375920" lon="-3.1223630">
    <ele>800.8</ele>
   </trkpt>
   <trkpt lat="40.6376230" lon="-3.1223290">
    <ele>800.8</ele>
   </trkpt>
   <trkpt lat="40.6376530" lon="-3.1223010">
    <ele>800.8</ele>
   </trkpt>
   <trkpt lat="40.6376760" lon="-3.1222720">
    <ele>801.0</ele>
   </trkpt>
   <trkpt lat="40.6376950" lon="-3.1222420">
    <ele>800.8</ele>
   </trkpt>
   <trkpt lat="40.6377140" lon="-3.1222110">
    <ele>800.8</ele>
   </trkpt>
   <trkpt lat="40.6377370" lon="-3.1221790">
    <ele>800.8</ele>
   </trkpt>
   <trkpt lat="40.6377560" lon="-3.1221510">
    <ele>800.6</ele>
   </trkpt>
   <trkpt lat="40.6377750" lon="-3.1221250">
    <ele>800.6</ele>
   </trkpt>
   <trkpt lat="40.6377870" lon="-3.1220980">
    <ele>800.6</ele>
   </trkpt>
   <trkpt lat="40.6377870" lon="-3.1220680">
    <ele>800.4</ele>
   </trkpt>
   <trkpt lat="40.6377830" lon="-3.1220340">
    <ele>800.4</ele>
   </trkpt>
   <trkpt lat="40.6377680" lon="-3.1219930">
    <ele>800.4</ele>
   </trkpt>
   <trkpt lat="40.6377450" lon="-3.1219470">
    <ele>800.2</ele>
   </trkpt>
   <trkpt lat="40.6377180" lon="-3.1219020">
    <ele>800.2</ele>
   </trkpt>
   <trkpt lat="40.6376880" lon="-3.1218580">
    <ele>800.4</ele>
   </trkpt>
   <trkpt lat="40.6376530" lon="-3.1218120">
    <ele>800.4</ele>
   </trkpt>
   <trkpt lat="40.6376270" lon="-3.1217570">
    <ele>800.6</ele>
   </trkpt>
   <trkpt lat="40.6376110" lon="-3.1216940">
    <ele>800.4</ele>
   </trkpt>
   <trkpt lat="40.6375960" lon="-3.1216300">
    <ele>800.4</ele>
   </trkpt>
   <trkpt lat="40.6375960" lon="-3.1215650">
    <ele>800.2</ele>
   </trkpt>
   <trkpt lat="40.6376040" lon="-3.1215000">
    <ele>800.2</ele>
   </trkpt>
   <trkpt lat="40.6376230" lon="-3.1214340">
    <ele>800.2</ele>
   </trkpt>
   <trkpt lat="40.6376500" lon="-3.1213740">
    <ele>800.2</ele>
   </trkpt>
   <trkpt lat="40.6376840" lon="-3.1213260">
    <ele>800.2</ele>
   </trkpt>
   <trkpt lat="40.6377260" lon="-3.1212880">
    <ele>800.2</ele>
   </trkpt>
   <trkpt lat="40.6377680" lon="-3.1212570">
    <ele>800.2</ele>
   </trkpt>
   <trkpt lat="40.6378020" lon="-3.1212230">
    <ele>800.4</ele>
   </trkpt>
   <trkpt lat="40.6378360" lon="-3.1211880">
    <ele>800.4</ele>
   </trkpt>
   <trkpt lat="40.6378710" lon="-3.1211520">
    <ele>800.4</ele>
   </trkpt>
   <trkpt lat="40.6378970" lon="-3.1211170">
    <ele>800.4</ele>
   </trkpt>
   <trkpt lat="40.6379240" lon="-3.1210800">
    <ele>800.4</ele>
   </trkpt>
   <trkpt lat="40.6379470" lon="-3.1210420">
    <ele>800.4</ele>
   </trkpt>
   <trkpt lat="40.6379780" lon="-3.1210030">
    <ele>800.6</ele>
   </trkpt>
   <trkpt lat="40.6380040" lon="-3.1209650">
    <ele>800.6</ele>
   </trkpt>
   <trkpt lat="40.6380270" lon="-3.1209260">
    <ele>800.6</ele>
   </trkpt>
   <trkpt lat="40.6380420" lon="-3.1208850">
    <ele>800.6</ele>
   </trkpt>
   <trkpt lat="40.6380460" lon="-3.1208430">
    <ele>800.8</ele>
   </trkpt>
   <trkpt lat="40.6380460" lon="-3.1207960">
    <ele>800.8</ele>
   </trkpt>
   <trkpt lat="40.6380420" lon="-3.1207450">
    <ele>800.8</ele>
   </trkpt>
   <trkpt lat="40.6380350" lon="-3.1206990">
    <ele>800.8</ele>
   </trkpt>
   <trkpt lat="40.6380270" lon="-3.1206570">
    <ele>801.0</ele>
   </trkpt>
   <trkpt lat="40.6380200" lon="-3.1206150">
    <ele>801.2</ele>
   </trkpt>
   <trkpt lat="40.6380160" lon="-3.1205700">
    <ele>801.4</ele>
   </trkpt>
   <trkpt lat="40.6380080" lon="-3.1205250">
    <ele>801.6</ele>
   </trkpt>
   <trkpt lat="40.6380080" lon="-3.1204840">
    <ele>801.8</ele>
   </trkpt>
   <trkpt lat="40.6380040" lon="-3.1204480">
    <ele>802.0</ele>
   </trkpt>
   <trkpt lat="40.6380040" lon="-3.1204150">
    <ele>802.2</ele>
   </trkpt>
   <trkpt lat="40.6380080" lon="-3.1203780">
    <ele>802.4</ele>
   </trkpt>
   <trkpt lat="40.6380160" lon="-3.1203370">
    <ele>802.6</ele>
   </trkpt>
   <trkpt lat="40.6380230" lon="-3.1202930">
    <ele>802.8</ele>
   </trkpt>
   <trkpt lat="40.6380310" lon="-3.1202470">
    <ele>803.0</ele>
   </trkpt>
   <trkpt lat="40.6380350" lon="-3.1201990">
    <ele>803.2</ele>
   </trkpt>
   <trkpt lat="40.6380500" lon="-3.1201520">
    <ele>803.4</ele>
   </trkpt>
   <trkpt lat="40.6380690" lon="-3.1201080">
    <ele>803.6</ele>
   </trkpt>
   <trkpt lat="40.6380840" lon="-3.1200660">
    <ele>803.6</ele>
   </trkpt>
   <trkpt lat="40.6380840" lon="-3.1200170">
    <ele>803.8</ele>
   </trkpt>
   <trkpt lat="40.6380730" lon="-3.1199660">
    <ele>804.0</ele>
   </trkpt>
   <trkpt lat="40.6380620" lon="-3.1199110">
    <ele>804.2</ele>
   </trkpt>
   <trkpt lat="40.6380620" lon="-3.1198530">
    <ele>804.6</ele>
   </trkpt>
   <trkpt lat="40.6380580" lon="-3.1197970">
    <ele>804.8</ele>
   </trkpt>
   <trkpt lat="40.6380540" lon="-3.1197420">
    <ele>804.8</ele>
   </trkpt>
   <trkpt lat="40.6380460" lon="-3.1196880">
    <ele>805.0</ele>
   </trkpt>
   <trkpt lat="40.6380420" lon="-3.1196320">
    <ele>805.0</ele>
   </trkpt>
   <trkpt lat="40.6380390" lon="-3.1195720">
    <ele>805.2</ele>
   </trkpt>
   <trkpt lat="40.6380390" lon="-3.1195100">
    <ele>805.2</ele>
   </trkpt>
   <trkpt lat="40.6380350" lon="-3.1194480">
    <ele>805.4</ele>
   </trkpt>
   <trkpt lat="40.6380270" lon="-3.1193900">
    <ele>805.4</ele>
   </trkpt>
   <trkpt lat="40.6380270" lon="-3.1193300">
    <ele>805.6</ele>
   </trkpt>
   <trkpt lat="40.6380270" lon="-3.1192710">
    <ele>805.6</ele>
   </trkpt>
   <trkpt lat="40.6380270" lon="-3.1192150">
    <ele>805.8</ele>
   </trkpt>
   <trkpt lat="40.6380230" lon="-3.1191590">
    <ele>806.0</ele>
   </trkpt>
   <trkpt lat="40.6380230" lon="-3.1191050">
    <ele>806.0</ele>
   </trkpt>
   <trkpt lat="40.6380200" lon="-3.1190560">
    <ele>806.2</ele>
   </trkpt>
   <trkpt lat="40.6380120" lon="-3.1190050">
    <ele>806.4</ele>
   </trkpt>
   <trkpt lat="40.6380080" lon="-3.1189500">
    <ele>806.4</ele>
   </trkpt>
   <trkpt lat="40.6380080" lon="-3.1188960">
    <ele>806.6</ele>
   </trkpt>
   <trkpt lat="40.6380040" lon="-3.1188480">
    <ele>806.6</ele>
   </trkpt>
   <trkpt lat="40.6380010" lon="-3.1188040">
    <ele>806.6</ele>
   </trkpt>
   <trkpt lat="40.6379970" lon="-3.1187590">
    <ele>806.8</ele>
   </trkpt>
   <trkpt lat="40.6379930" lon="-3.1187120">
    <ele>807.0</ele>
   </trkpt>
   <trkpt lat="40.6379930" lon="-3.1186640">
    <ele>807.0</ele>
   </trkpt>
   <trkpt lat="40.6379890" lon="-3.1186190">
    <ele>807.2</ele>
   </trkpt>
   <trkpt lat="40.6379890" lon="-3.1185750">
    <ele>807.4</ele>
   </trkpt>
   <trkpt lat="40.6379890" lon="-3.1185270">
    <ele>807.4</ele>
   </trkpt>
   <trkpt lat="40.6379890" lon="-3.1184770">
    <ele>807.6</ele>
   </trkpt>
   <trkpt lat="40.6379890" lon="-3.1184290">
    <ele>807.8</ele>
   </trkpt>
   <trkpt lat="40.6379850" lon="-3.1183860">
    <ele>808.0</ele>
   </trkpt>
   <trkpt lat="40.6379810" lon="-3.1183440">
    <ele>808.2</ele>
   </trkpt>
   <trkpt lat="40.6379810" lon="-3.1182980">
    <ele>808.4</ele>
   </trkpt>
   <trkpt lat="40.6379810" lon="-3.1182550">
    <ele>808.4</ele>
   </trkpt>
   <trkpt lat="40.6379780" lon="-3.1182100">
    <ele>808.6</ele>
   </trkpt>
   <trkpt lat="40.6379780" lon="-3.1181540">
    <ele>808.8</ele>
   </trkpt>
   <trkpt lat="40.6379740" lon="-3.1181030">
    <ele>809.0</ele>
   </trkpt>
   <trkpt lat="40.6379700" lon="-3.1180570">
    <ele>809.2</ele>
   </trkpt>
   <trkpt lat="40.6379700" lon="-3.1180140">
    <ele>809.2</ele>
   </trkpt>
   <trkpt lat="40.6379660" lon="-3.1179730">
    <ele>809.4</ele>
   </trkpt>
   <trkpt lat="40.6379660" lon="-3.1179300">
    <ele>809.6</ele>
   </trkpt>
   <trkpt lat="40.6379620" lon="-3.1178880">
    <ele>809.8</ele>
   </trkpt>
   <trkpt lat="40.6379620" lon="-3.1178470">
    <ele>810.0</ele>
   </trkpt>
   <trkpt lat="40.6379590" lon="-3.1178060">
    <ele>810.2</ele>
   </trkpt>
   <trkpt lat="40.6379590" lon="-3.1177660">
    <ele>810.4</ele>
   </trkpt>
   <trkpt lat="40.6379590" lon="-3.1177260">
    <ele>810.4</ele>
   </trkpt>
   <trkpt lat="40.6379590" lon="-3.1176860">
    <ele>810.6</ele>
   </trkpt>
   <trkpt lat="40.6379590" lon="-3.1176460">
    <ele>810.8</ele>
   </trkpt>
   <trkpt lat="40.6379590" lon="-3.1176070">
    <ele>811.0</ele>
   </trkpt>
   <trkpt lat="40.6379590" lon="-3.1175670">
    <ele>811.2</ele>
   </trkpt>
   <trkpt lat="40.6379550" lon="-3.1175280">
    <ele>811.4</ele>
   </trkpt>
   <trkpt lat="40.6379550" lon="-3.1174870">
    <ele>811.6</ele>
   </trkpt>
   <trkpt lat="40.6379550" lon="-3.1174450">
    <ele>811.8</ele>
   </trkpt>
   <trkpt lat="40.6379550" lon="-3.1174030">
    <ele>812.0</ele>
   </trkpt>
   <trkpt lat="40.6379550" lon="-3.1173610">
    <ele>812.0</ele>
   </trkpt>
   <trkpt lat="40.6379550" lon="-3.1173170">
    <ele>812.2</ele>
   </trkpt>
   <trkpt lat="40.6379550" lon="-3.1172740">
    <ele>812.4</ele>
   </trkpt>
   <trkpt lat="40.6379510" lon="-3.1172310">
    <ele>812.6</ele>
   </trkpt>
   <trkpt lat="40.6379510" lon="-3.1171880">
    <ele>812.8</ele>
   </trkpt>
   <trkpt lat="40.6379470" lon="-3.1171460">
    <ele>813.0</ele>
   </trkpt>
   <trkpt lat="40.6379430" lon="-3.1171040">
    <ele>813.2</ele>
   </trkpt>
   <trkpt lat="40.6379430" lon="-3.1170590">
    <ele>813.4</ele>
   </trkpt>
   <trkpt lat="40.6379430" lon="-3.1170160">
    <ele>813.6</ele>
   </trkpt>
   <trkpt lat="40.6379430" lon="-3.1169740">
    <ele>813.8</ele>
   </trkpt>
   <trkpt lat="40.6379390" lon="-3.1169360">
    <ele>814.0</ele>
   </trkpt>
   <trkpt lat="40.6379360" lon="-3.1168960">
    <ele>814.2</ele>
   </trkpt>
   <trkpt lat="40.6379360" lon="-3.1168520">
    <ele>814.4</ele>
   </trkpt>
   <trkpt lat="40.6379360" lon="-3.1168030">
    <ele>814.6</ele>
   </trkpt>
   <trkpt lat="40.6379320" lon="-3.1167540">
    <ele>814.8</ele>
   </trkpt>
   <trkpt lat="40.6379360" lon="-3.1167070">
    <ele>814.8</ele>
   </trkpt>
   <trkpt lat="40.6379360" lon="-3.1166610">
    <ele>815.0</ele>
   </trkpt>
   <trkpt lat="40.6379360" lon="-3.1166150">
    <ele>815.2</ele>
   </trkpt>
   <trkpt lat="40.6379320" lon="-3.1165690">
    <ele>815.4</ele>
   </trkpt>
   <trkpt lat="40.6379320" lon="-3.1165260">
    <ele>815.4</ele>
   </trkpt>
   <trkpt lat="40.6379280" lon="-3.1164860">
    <ele>815.6</ele>
   </trkpt>
   <trkpt lat="40.6379280" lon="-3.1164460">
    <ele>815.8</ele>
   </trkpt>
   <trkpt lat="40.6379240" lon="-3.1164050">
    <ele>816.0</ele>
   </trkpt>
   <trkpt lat="40.6379240" lon="-3.1163610">
    <ele>816.2</ele>
   </trkpt>
   <trkpt lat="40.6379200" lon="-3.1163190">
    <ele>816.4</ele>
   </trkpt>
   <trkpt lat="40.6379240" lon="-3.1162840">
    <ele>816.6</ele>
   </trkpt>
   <trkpt lat="40.6379240" lon="-3.1162500">
    <ele>816.8</ele>
   </trkpt>
   <trkpt lat="40.6379200" lon="-3.1162120">
    <ele>817.0</ele>
   </trkpt>
   <trkpt lat="40.6379200" lon="-3.1161750">
    <ele>817.2</ele>
   </trkpt>
   <trkpt lat="40.6379170" lon="-3.1161380">
    <ele>817.2</ele>
   </trkpt>
   <trkpt lat="40.6379130" lon="-3.1161010">
    <ele>817.4</ele>
   </trkpt>
   <trkpt lat="40.6379090" lon="-3.1160640">
    <ele>817.6</ele>
   </trkpt>
   <trkpt lat="40.6379050" lon="-3.1160260">
    <ele>817.8</ele>
   </trkpt>
   <trkpt lat="40.6379010" lon="-3.1159880">
    <ele>818.0</ele>
   </trkpt>
   <trkpt lat="40.6378970" lon="-3.1159470">
    <ele>818.0</ele>
   </trkpt>
   <trkpt lat="40.6378940" lon="-3.1159050">
    <ele>818.2</ele>
   </trkpt>
   <trkpt lat="40.6378900" lon="-3.1158610">
    <ele>818.4</ele>
   </trkpt>
   <trkpt lat="40.6378860" lon="-3.1158180">
    <ele>818.6</ele>
   </trkpt>
   <trkpt lat="40.6378860" lon="-3.1157760">
    <ele>818.6</ele>
   </trkpt>
   <trkpt lat="40.6378860" lon="-3.1157330">
    <ele>818.8</ele>
   </trkpt>
   <trkpt lat="40.6378860" lon="-3.1156930">
    <ele>819.0</ele>
   </trkpt>
   <trkpt lat="40.6378860" lon="-3.1156490">
    <ele>819.2</ele>
   </trkpt>
   <trkpt lat="40.6378860" lon="-3.1156020">
    <ele>819.4</ele>
   </trkpt>
   <trkpt lat="40.6378820" lon="-3.1155590">
    <ele>819.6</ele>
   </trkpt>
   <trkpt lat="40.6378780" lon="-3.1155210">
    <ele>819.8</ele>
   </trkpt>
   <trkpt lat="40.6378710" lon="-3.1154840">
    <ele>820.0</ele>
   </trkpt>
   <trkpt lat="40.6378630" lon="-3.1154450">
    <ele>820.2</ele>
   </trkpt>
   <trkpt lat="40.6378630" lon="-3.1154060">
    <ele>820.4</ele>
   </trkpt>
   <trkpt lat="40.6378630" lon="-3.1153660">
    <ele>820.6</ele>
   </trkpt>
   <trkpt lat="40.6378670" lon="-3.1153260">
    <ele>820.8</ele>
   </trkpt>
   <trkpt lat="40.6378710" lon="-3.1152830">
    <ele>821.0</ele>
   </trkpt>
   <trkpt lat="40.6378670" lon="-3.1152390">
    <ele>821.2</ele>
   </trkpt>
   <trkpt lat="40.6378630" lon="-3.1151980">
    <ele>821.4</ele>
   </trkpt>
   <trkpt lat="40.6378590" lon="-3.1151560">
    <ele>821.6</ele>
   </trkpt>
   <trkpt lat="40.6378520" lon="-3.1151160">
    <ele>821.8</ele>
   </trkpt>
   <trkpt lat="40.6378480" lon="-3.1150770">
    <ele>822.0</ele>
   </trkpt>
   <trkpt lat="40.6378440" lon="-3.1150400">
    <ele>822.4</ele>
   </trkpt>
   <trkpt lat="40.6378400" lon="-3.1150030">
    <ele>822.6</ele>
   </trkpt>
   <trkpt lat="40.6378330" lon="-3.1149660">
    <ele>822.8</ele>
   </trkpt>
   <trkpt lat="40.6378290" lon="-3.1149320">
    <ele>823.0</ele>
   </trkpt>
   <trkpt lat="40.6378250" lon="-3.1148970">
    <ele>823.2</ele>
   </trkpt>
   <trkpt lat="40.6378210" lon="-3.1148600">
    <ele>823.2</ele>
   </trkpt>
   <trkpt lat="40.6378210" lon="-3.1148240">
    <ele>823.4</ele>
   </trkpt>
   <trkpt lat="40.6378170" lon="-3.1147880">
    <ele>823.6</ele>
   </trkpt>
   <trkpt lat="40.6378140" lon="-3.1147510">
    <ele>823.8</ele>
   </trkpt>
   <trkpt lat="40.6378060" lon="-3.1147160">
    <ele>824.0</ele>
   </trkpt>
   <trkpt lat="40.6378020" lon="-3.1146800">
    <ele>824.2</ele>
   </trkpt>
   <trkpt lat="40.6377980" lon="-3.1146420">
    <ele>824.4</ele>
   </trkpt>
   <trkpt lat="40.6377940" lon="-3.1146070">
    <ele>824.6</ele>
   </trkpt>
   <trkpt lat="40.6377910" lon="-3.1145740">
    <ele>824.8</ele>
   </trkpt>
   <trkpt lat="40.6377830" lon="-3.1145390">
    <ele>825.0</ele>
   </trkpt>
   <trkpt lat="40.6377790" lon="-3.1145030">
    <ele>825.2</ele>
   </trkpt>
   <trkpt lat="40.6377720" lon="-3.1144680">
    <ele>825.4</ele>
   </trkpt>
   <trkpt lat="40.6377640" lon="-3.1144350">
    <ele>825.6</ele>
   </trkpt>
   <trkpt lat="40.6377600" lon="-3.1144020">
    <ele>825.8</ele>
   </trkpt>
   <trkpt lat="40.6377520" lon="-3.1143660">
    <ele>826.0</ele>
   </trkpt>
   <trkpt lat="40.6377490" lon="-3.1143300">
    <ele>826.2</ele>
   </trkpt>
   <trkpt lat="40.6377450" lon="-3.1142950">
    <ele>826.4</ele>
   </trkpt>
   <trkpt lat="40.6377450" lon="-3.1142620">
    <ele>826.6</ele>
   </trkpt>
   <trkpt lat="40.6377410" lon="-3.1142280">
    <ele>826.8</ele>
   </trkpt>
   <trkpt lat="40.6377370" lon="-3.1141930">
    <ele>827.0</ele>
   </trkpt>
   <trkpt lat="40.6377330" lon="-3.1141560">
    <ele>827.2</ele>
   </trkpt>
   <trkpt lat="40.6377300" lon="-3.1141200">
    <ele>827.4</ele>
   </trkpt>
   <trkpt lat="40.6377260" lon="-3.1140840">
    <ele>827.6</ele>
   </trkpt>
   <trkpt lat="40.6377220" lon="-3.1140500">
    <ele>827.8</ele>
   </trkpt>
   <trkpt lat="40.6377180" lon="-3.1140170">
    <ele>828.0</ele>
   </trkpt>
   <trkpt lat="40.6377140" lon="-3.1139830">
    <ele>828.2</ele>
   </trkpt>
   <trkpt lat="40.6377110" lon="-3.1139510">
    <ele>828.4</ele>
   </trkpt>
   <trkpt lat="40.6377030" lon="-3.1139190">
    <ele>828.6</ele>
   </trkpt>
   <trkpt lat="40.6376990" lon="-3.1138840">
    <ele>828.8</ele>
   </trkpt>
   <trkpt lat="40.6376910" lon="-3.1138480">
    <ele>829.2</ele>
   </trkpt>
   <trkpt lat="40.6376840" lon="-3.1138120">
    <ele>829.4</ele>
   </trkpt>
   <trkpt lat="40.6376800" lon="-3.1137780">
    <ele>829.6</ele>
   </trkpt>
   <trkpt lat="40.6376800" lon="-3.1137440">
    <ele>829.8</ele>
   </trkpt>
   <trkpt lat="40.6376760" lon="-3.1137100">
    <ele>830.0</ele>
   </trkpt>
   <trkpt lat="40.6376720" lon="-3.1136770">
    <ele>830.2</ele>
   </trkpt>
   <trkpt lat="40.6376690" lon="-3.1136450">
    <ele>830.4</ele>
   </trkpt>
   <trkpt lat="40.6376570" lon="-3.1136140">
    <ele>830.6</ele>
   </trkpt>
   <trkpt lat="40.6376460" lon="-3.1135840">
    <ele>830.8</ele>
   </trkpt>
   <trkpt lat="40.6376340" lon="-3.1135530">
    <ele>831.0</ele>
   </trkpt>
   <trkpt lat="40.6376230" lon="-3.1135200">
    <ele>831.2</ele>
   </trkpt>
   <trkpt lat="40.6376080" lon="-3.1134870">
    <ele>831.4</ele>
   </trkpt>
   <trkpt lat="40.6375920" lon="-3.1134520">
    <ele>831.6</ele>
   </trkpt>
   <trkpt lat="40.6375810" lon="-3.1134170">
    <ele>831.8</ele>
   </trkpt>
   <trkpt lat="40.6375660" lon="-3.1133860">
    <ele>832.0</ele>
   </trkpt>
   <trkpt lat="40.6375540" lon="-3.1133600">
    <ele>832.2</ele>
   </trkpt>
   <trkpt lat="40.6375350" lon="-3.1133340">
    <ele>832.4</ele>
   </trkpt>
   <trkpt lat="40.6375160" lon="-3.1133090">
    <ele>832.6</ele>
   </trkpt>
   <trkpt lat="40.6374930" lon="-3.1132870">
    <ele>833.0</ele>
   </trkpt>
   <trkpt lat="40.6374700" lon="-3.1132650">
    <ele>833.2</ele>
   </trkpt>
   <trkpt lat="40.6374510" lon="-3.1132450">
    <ele>833.4</ele>
   </trkpt>
   <trkpt lat="40.6374280" lon="-3.1132240">
    <ele>833.6</ele>
   </trkpt>
   <trkpt lat="40.6374050" lon="-3.1132040">
    <ele>833.8</ele>
   </trkpt>
   <trkpt lat="40.6373830" lon="-3.1131830">
    <ele>834.0</ele>
   </trkpt>
   <trkpt lat="40.6373600" lon="-3.1131610">
    <ele>834.2</ele>
   </trkpt>
   <trkpt lat="40.6373370" lon="-3.1131390">
    <ele>834.4</ele>
   </trkpt>
   <trkpt lat="40.6373180" lon="-3.1131180">
    <ele>834.4</ele>
   </trkpt>
   <trkpt lat="40.6372990" lon="-3.1130960">
    <ele>834.6</ele>
   </trkpt>
   <trkpt lat="40.6372790" lon="-3.1130760">
    <ele>834.8</ele>
   </trkpt>
   <trkpt lat="40.6372570" lon="-3.1130560">
    <ele>835.0</ele>
   </trkpt>
   <trkpt lat="40.6372380" lon="-3.1130360">
    <ele>835.2</ele>
   </trkpt>
   <trkpt lat="40.6372150" lon="-3.1130140">
    <ele>835.4</ele>
   </trkpt>
   <trkpt lat="40.6371920" lon="-3.1129900">
    <ele>835.6</ele>
   </trkpt>
   <trkpt lat="40.6371730" lon="-3.1129660">
    <ele>835.8</ele>
   </trkpt>
   <trkpt lat="40.6371540" lon="-3.1129430">
    <ele>836.0</ele>
   </trkpt>
   <trkpt lat="40.6371310" lon="-3.1129160">
    <ele>836.2</ele>
   </trkpt>
   <trkpt lat="40.6371150" lon="-3.1128940">
    <ele>836.4</ele>
   </trkpt>
   <trkpt lat="40.6370930" lon="-3.1128730">
    <ele>836.6</ele>
   </trkpt>
   <trkpt lat="40.6370730" lon="-3.1128490">
    <ele>837.0</ele>
   </trkpt>
   <trkpt lat="40.6370540" lon="-3.1128250">
    <ele>837.2</ele>
   </trkpt>
   <trkpt lat="40.6370390" lon="-3.1127980">
    <ele>837.4</ele>
   </trkpt>
   <trkpt lat="40.6370240" lon="-3.1127710">
    <ele>837.6</ele>
   </trkpt>
   <trkpt lat="40.6370050" lon="-3.1127430">
    <ele>837.8</ele>
   </trkpt>
   <trkpt lat="40.6369900" lon="-3.1127140">
    <ele>838.0</ele>
   </trkpt>
   <trkpt lat="40.6369740" lon="-3.1126830">
    <ele>838.0</ele>
   </trkpt>
   <trkpt lat="40.6369590" lon="-3.1126540">
    <ele>838.2</ele>
   </trkpt>
   <trkpt lat="40.6369440" lon="-3.1126260">
    <ele>838.4</ele>
   </trkpt>
   <trkpt lat="40.6369320" lon="-3.1125970">
    <ele>838.6</ele>
   </trkpt>
   <trkpt lat="40.6369210" lon="-3.1125670">
    <ele>838.8</ele>
   </trkpt>
   <trkpt lat="40.6369090" lon="-3.1125360">
    <ele>839.0</ele>
   </trkpt>
   <trkpt lat="40.6369020" lon="-3.1125020">
    <ele>839.2</ele>
   </trkpt>
   <trkpt lat="40.6368900" lon="-3.1124700">
    <ele>839.4</ele>
   </trkpt>
   <trkpt lat="40.6368790" lon="-3.1124410">
    <ele>839.6</ele>
   </trkpt>
   <trkpt lat="40.6368680" lon="-3.1124090">
    <ele>839.8</ele>
   </trkpt>
   <trkpt lat="40.6368520" lon="-3.1123810">
    <ele>840.0</ele>
   </trkpt>
   <trkpt lat="40.6368450" lon="-3.1123530">
    <ele>840.0</ele>
   </trkpt>
   <trkpt lat="40.6368370" lon="-3.1123220">
    <ele>840.2</ele>
   </trkpt>
   <trkpt lat="40.6368260" lon="-3.1122910">
    <ele>840.4</ele>
   </trkpt>
   <trkpt lat="40.6368100" lon="-3.1122590">
    <ele>840.6</ele>
   </trkpt>
   <trkpt lat="40.6367990" lon="-3.1122270">
    <ele>840.8</ele>
   </trkpt>
   <trkpt lat="40.6367870" lon="-3.1121930">
    <ele>841.0</ele>
   </trkpt>
   <trkpt lat="40.6367760" lon="-3.1121620">
    <ele>841.2</ele>
   </trkpt>
   <trkpt lat="40.6367610" lon="-3.1121320">
    <ele>841.4</ele>
   </trkpt>
   <trkpt lat="40.6367490" lon="-3.1121030">
    <ele>841.6</ele>
   </trkpt>
   <trkpt lat="40.6367340" lon="-3.1120740">
    <ele>841.8</ele>
   </trkpt>
   <trkpt lat="40.6367110" lon="-3.1120440">
    <ele>842.0</ele>
   </trkpt>
   <trkpt lat="40.6366960" lon="-3.1120220">
    <ele>842.2</ele>
   </trkpt>
   <trkpt lat="40.6366770" lon="-3.1120020">
    <ele>842.4</ele>
   </trkpt>
   <trkpt lat="40.6366580" lon="-3.1119800">
    <ele>842.6</ele>
   </trkpt>
   <trkpt lat="40.6366350" lon="-3.1119630">
    <ele>842.8</ele>
   </trkpt>
   <trkpt lat="40.6366120" lon="-3.1119480">
    <ele>843.0</ele>
   </trkpt>
   <trkpt lat="40.6365890" lon="-3.1119320">
    <ele>843.4</ele>
   </trkpt>
   <trkpt lat="40.6365660" lon="-3.1119160">
    <ele>843.6</ele>
   </trkpt>
   <trkpt lat="40.6365430" lon="-3.1119040">
    <ele>843.8</ele>
   </trkpt>
   <trkpt lat="40.6365170" lon="-3.1118950">
    <ele>844.0</ele>
   </trkpt>
   <trkpt lat="40.6364900" lon="-3.1118880">
    <ele>844.2</ele>
   </trkpt>
   <trkpt lat="40.6364630" lon="-3.1118790">
    <ele>844.4</ele>
   </trkpt>
   <trkpt lat="40.6364400" lon="-3.1118710">
    <ele>844.6</ele>
   </trkpt>
   <trkpt lat="40.6364140" lon="-3.1118630">
    <ele>845.0</ele>
   </trkpt>
   <trkpt lat="40.6363870" lon="-3.1118540">
    <ele>845.2</ele>
   </trkpt>
   <trkpt lat="40.6363640" lon="-3.1118440">
    <ele>845.4</ele>
   </trkpt>
   <trkpt lat="40.6363410" lon="-3.1118330">
    <ele>845.4</ele>
   </trkpt>
   <trkpt lat="40.6363180" lon="-3.1118190">
    <ele>845.6</ele>
   </trkpt>
   <trkpt lat="40.6362990" lon="-3.1118020">
    <ele>845.8</ele>
   </trkpt>
   <trkpt lat="40.6362760" lon="-3.1117820">
    <ele>845.8</ele>
   </trkpt>
   <trkpt lat="40.6362570" lon="-3.1117590">
    <ele>846.0</ele>
   </trkpt>
   <trkpt lat="40.6362380" lon="-3.1117370">
    <ele>846.2</ele>
   </trkpt>
   <trkpt lat="40.6362230" lon="-3.1117130">
    <ele>846.4</ele>
   </trkpt>
   <trkpt lat="40.6362080" lon="-3.1116890">
    <ele>846.6</ele>
   </trkpt>
   <trkpt lat="40.6361920" lon="-3.1116660">
    <ele>846.6</ele>
   </trkpt>
   <trkpt lat="40.6361770" lon="-3.1116430">
    <ele>846.8</ele>
   </trkpt>
   <trkpt lat="40.6361660" lon="-3.1116180">
    <ele>847.0</ele>
   </trkpt>
   <trkpt lat="40.6361470" lon="-3.1115940">
    <ele>847.2</ele>
   </trkpt>
   <trkpt lat="40.6361270" lon="-3.1115700">
    <ele>847.4</ele>
   </trkpt>
   <trkpt lat="40.6361080" lon="-3.1115460">
    <ele>847.6</ele>
   </trkpt>
   <trkpt lat="40.6360890" lon="-3.1115220">
    <ele>847.8</ele>
   </trkpt>
   <trkpt lat="40.6360700" lon="-3.1114950">
    <ele>848.0</ele>
   </trkpt>
   <trkpt lat="40.6360510" lon="-3.1114690">
    <ele>848.2</ele>
   </trkpt>
   <trkpt lat="40.6360360" lon="-3.1114430">
    <ele>848.4</ele>
   </trkpt>
   <trkpt lat="40.6360170" lon="-3.1114180">
    <ele>848.6</ele>
   </trkpt>
   <trkpt lat="40.6359980" lon="-3.1113910">
    <ele>848.8</ele>
   </trkpt>
   <trkpt lat="40.6359790" lon="-3.1113650">
    <ele>849.0</ele>
   </trkpt>
   <trkpt lat="40.6359630" lon="-3.1113400">
    <ele>849.2</ele>
   </trkpt>
   <trkpt lat="40.6359440" lon="-3.1113140">
    <ele>849.4</ele>
   </trkpt>
   <trkpt lat="40.6359290" lon="-3.1112860">
    <ele>849.6</ele>
   </trkpt>
   <trkpt lat="40.6359100" lon="-3.1112540">
    <ele>849.8</ele>
   </trkpt>
   <trkpt lat="40.6358950" lon="-3.1112270">
    <ele>850.2</ele>
   </trkpt>
   <trkpt lat="40.6358830" lon="-3.1112000">
    <ele>850.4</ele>
   </trkpt>
   <trkpt lat="40.6358680" lon="-3.1111680">
    <ele>850.6</ele>
   </trkpt>
   <trkpt lat="40.6358530" lon="-3.1111360">
    <ele>850.6</ele>
   </trkpt>
   <trkpt lat="40.6358380" lon="-3.1111060">
    <ele>850.8</ele>
   </trkpt>
   <trkpt lat="40.6358220" lon="-3.1110750">
    <ele>851.2</ele>
   </trkpt>
   <trkpt lat="40.6358110" lon="-3.1110440">
    <ele>851.4</ele>
   </trkpt>
   <trkpt lat="40.6357960" lon="-3.1110130">
    <ele>851.6</ele>
   </trkpt>
   <trkpt lat="40.6357840" lon="-3.1109810">
    <ele>851.6</ele>
   </trkpt>
   <trkpt lat="40.6357730" lon="-3.1109470">
    <ele>851.8</ele>
   </trkpt>
   <trkpt lat="40.6357610" lon="-3.1109110">
    <ele>851.8</ele>
   </trkpt>
   <trkpt lat="40.6357460" lon="-3.1108750">
    <ele>852.0</ele>
   </trkpt>
   <trkpt lat="40.6357310" lon="-3.1108390">
    <ele>852.2</ele>
   </trkpt>
   <trkpt lat="40.6357150" lon="-3.1108070">
    <ele>852.2</ele>
   </trkpt>
   <trkpt lat="40.6357000" lon="-3.1107770">
    <ele>852.4</ele>
   </trkpt>
   <trkpt lat="40.6356890" lon="-3.1107480">
    <ele>852.6</ele>
   </trkpt>
   <trkpt lat="40.6356770" lon="-3.1107200">
    <ele>853.0</ele>
   </trkpt>
   <trkpt lat="40.6356620" lon="-3.1106940">
    <ele>853.2</ele>
   </trkpt>
   <trkpt lat="40.6356470" lon="-3.1106670">
    <ele>853.4</ele>
   </trkpt>
   <trkpt lat="40.6356320" lon="-3.1106400">
    <ele>853.6</ele>
   </trkpt>
   <trkpt lat="40.6356130" lon="-3.1106130">
    <ele>853.8</ele>
   </trkpt>
   <trkpt lat="40.6355930" lon="-3.1105880">
    <ele>854.0</ele>
   </trkpt>
   <trkpt lat="40.6355740" lon="-3.1105630">
    <ele>854.0</ele>
   </trkpt>
   <trkpt lat="40.6355510" lon="-3.1105380">
    <ele>854.2</ele>
   </trkpt>
   <trkpt lat="40.6355290" lon="-3.1105130">
    <ele>854.4</ele>
   </trkpt>
   <trkpt lat="40.6355060" lon="-3.1104930">
    <ele>854.4</ele>
   </trkpt>
   <trkpt lat="40.6354790" lon="-3.1104780">
    <ele>854.4</ele>
   </trkpt>
   <trkpt lat="40.6354520" lon="-3.1104650">
    <ele>854.6</ele>
   </trkpt>
   <trkpt lat="40.6354290" lon="-3.1104550">
    <ele>854.8</ele>
   </trkpt>
   <trkpt lat="40.6353990" lon="-3.1104490">
    <ele>855.0</ele>
   </trkpt>
   <trkpt lat="40.6353720" lon="-3.1104460">
    <ele>855.2</ele>
   </trkpt>
   <trkpt lat="40.6353450" lon="-3.1104440">
    <ele>855.4</ele>
   </trkpt>
   <trkpt lat="40.6353190" lon="-3.1104430">
    <ele>855.6</ele>
   </trkpt>
   <trkpt lat="40.6352920" lon="-3.1104450">
    <ele>855.8</ele>
   </trkpt>
   <trkpt lat="40.6352650" lon="-3.1104510">
    <ele>856.2</ele>
   </trkpt>
   <trkpt lat="40.6352350" lon="-3.1104580">
    <ele>856.4</ele>
   </trkpt>
   <trkpt lat="40.6352080" lon="-3.1104650">
    <ele>856.6</ele>
   </trkpt>
   <trkpt lat="40.6351810" lon="-3.1104700">
    <ele>856.8</ele>
   </trkpt>
   <trkpt lat="40.6351550" lon="-3.1104750">
    <ele>857.0</ele>
   </trkpt>
   <trkpt lat="40.6351280" lon="-3.1104800">
    <ele>857.4</ele>
   </trkpt>
   <trkpt lat="40.6351010" lon="-3.1104850">
    <ele>857.6</ele>
   </trkpt>
   <trkpt lat="40.6350780" lon="-3.1104890">
    <ele>857.8</ele>
   </trkpt>
   <trkpt lat="40.6350520" lon="-3.1104930">
    <ele>858.0</ele>
   </trkpt>
   <trkpt lat="40.6350290" lon="-3.1104980">
    <ele>858.2</ele>
   </trkpt>
   <trkpt lat="40.6350020" lon="-3.1105020">
    <ele>858.4</ele>
   </trkpt>
   <trkpt lat="40.6349750" lon="-3.1105060">
    <ele>858.6</ele>
   </trkpt>
   <trkpt lat="40.6349450" lon="-3.1105100">
    <ele>858.8</ele>
   </trkpt>
   <trkpt lat="40.6349180" lon="-3.1105120">
    <ele>858.8</ele>
   </trkpt>
   <trkpt lat="40.6348910" lon="-3.1105120">
    <ele>859.0</ele>
   </trkpt>
   <trkpt lat="40.6348650" lon="-3.1105110">
    <ele>859.2</ele>
   </trkpt>
   <trkpt lat="40.6348340" lon="-3.1105080">
    <ele>859.4</ele>
   </trkpt>
   <trkpt lat="40.6348080" lon="-3.1105010">
    <ele>859.4</ele>
   </trkpt>
   <trkpt lat="40.6347810" lon="-3.1104900">
    <ele>859.6</ele>
   </trkpt>
   <trkpt lat="40.6347580" lon="-3.1104760">
    <ele>859.6</ele>
   </trkpt>
   <trkpt lat="40.6347350" lon="-3.1104590">
    <ele>859.8</ele>
   </trkpt>
   <trkpt lat="40.6347160" lon="-3.1104400">
    <ele>860.0</ele>
   </trkpt>
   <trkpt lat="40.6347010" lon="-3.1104170">
    <ele>860.2</ele>
   </trkpt>
   <trkpt lat="40.6346820" lon="-3.1103880">
    <ele>860.2</ele>
   </trkpt>
   <trkpt lat="40.6346660" lon="-3.1103570">
    <ele>860.4</ele>
   </trkpt>
   <trkpt lat="40.6346590" lon="-3.1103240">
    <ele>860.6</ele>
   </trkpt>
   <trkpt lat="40.6346510" lon="-3.1102880">
    <ele>860.8</ele>
   </trkpt>
   <trkpt lat="40.6346470" lon="-3.1102510">
    <ele>861.0</ele>
   </trkpt>
   <trkpt lat="40.6346470" lon="-3.1102150">
    <ele>861.2</ele>
   </trkpt>
   <trkpt lat="40.6346470" lon="-3.1101830">
    <ele>861.2</ele>
   </trkpt>
   <trkpt lat="40.6346470" lon="-3.1101510">
    <ele>861.4</ele>
   </trkpt>
   <trkpt lat="40.6346510" lon="-3.1101200">
    <ele>861.6</ele>
   </trkpt>
   <trkpt lat="40.6346550" lon="-3.1100880">
    <ele>861.8</ele>
   </trkpt>
   <trkpt lat="40.6346630" lon="-3.1100540">
    <ele>861.8</ele>
   </trkpt>
   <trkpt lat="40.6346740" lon="-3.1100190">
    <ele>862.0</ele>
   </trkpt>
   <trkpt lat="40.6346850" lon="-3.1099830">
    <ele>862.2</ele>
   </trkpt>
   <trkpt lat="40.6346930" lon="-3.1099480">
    <ele>862.4</ele>
   </trkpt>
   <trkpt lat="40.6347010" lon="-3.1099150">
    <ele>862.6</ele>
   </trkpt>
   <trkpt lat="40.6347080" lon="-3.1098820">
    <ele>862.8</ele>
   </trkpt>
   <trkpt lat="40.6347120" lon="-3.1098440">
    <ele>863.0</ele>
   </trkpt>
   <trkpt lat="40.6347200" lon="-3.1098120">
    <ele>863.2</ele>
   </trkpt>
   <trkpt lat="40.6347310" lon="-3.1097790">
    <ele>863.2</ele>
   </trkpt>
   <trkpt lat="40.6347430" lon="-3.1097430">
    <ele>863.4</ele>
   </trkpt>
   <trkpt lat="40.6347540" lon="-3.1097100">
    <ele>863.6</ele>
   </trkpt>
   <trkpt lat="40.6347620" lon="-3.1096790">
    <ele>863.8</ele>
   </trkpt>
   <trkpt lat="40.6347730" lon="-3.1096490">
    <ele>863.8</ele>
   </trkpt>
   <trkpt lat="40.6347880" lon="-3.1096190">
    <ele>864.0</ele>
   </trkpt>
   <trkpt lat="40.6348080" lon="-3.1095900">
    <ele>864.0</ele>
   </trkpt>
   <trkpt lat="40.6348270" lon="-3.1095630">
    <ele>864.2</ele>
   </trkpt>
   <trkpt lat="40.6348490" lon="-3.1095400">
    <ele>864.4</ele>
   </trkpt>
   <trkpt lat="40.6348720" lon="-3.1095170">
    <ele>864.6</ele>
   </trkpt>
   <trkpt lat="40.6348950" lon="-3.1094930">
    <ele>864.6</ele>
   </trkpt>
   <trkpt lat="40.6349140" lon="-3.1094720">
    <ele>864.8</ele>
   </trkpt>
   <trkpt lat="40.6349370" lon="-3.1094510">
    <ele>865.0</ele>
   </trkpt>
   <trkpt lat="40.6349600" lon="-3.1094300">
    <ele>865.2</ele>
   </trkpt>
   <trkpt lat="40.6349830" lon="-3.1094110">
    <ele>865.4</ele>
   </trkpt>
   <trkpt lat="40.6350060" lon="-3.1093950">
    <ele>865.6</ele>
   </trkpt>
   <trkpt lat="40.6350360" lon="-3.1093770">
    <ele>865.8</ele>
   </trkpt>
   <trkpt lat="40.6350560" lon="-3.1093580">
    <ele>866.0</ele>
   </trkpt>
   <trkpt lat="40.6350780" lon="-3.1093370">
    <ele>866.0</ele>
   </trkpt>
   <trkpt lat="40.6351050" lon="-3.1093120">
    <ele>866.2</ele>
   </trkpt>
   <trkpt lat="40.6351280" lon="-3.1092910">
    <ele>866.4</ele>
   </trkpt>
   <trkpt lat="40.6351510" lon="-3.1092710">
    <ele>866.4</ele>
   </trkpt>
   <trkpt lat="40.6351740" lon="-3.1092500">
    <ele>866.6</ele>
   </trkpt>
   <trkpt lat="40.6351970" lon="-3.1092290">
    <ele>866.8</ele>
   </trkpt>
   <trkpt lat="40.6352200" lon="-3.1092050">
    <ele>867.0</ele>
   </trkpt>
   <trkpt lat="40.6352420" lon="-3.1091770">
    <ele>867.2</ele>
   </trkpt>
   <trkpt lat="40.6352650" lon="-3.1091530">
    <ele>867.2</ele>
   </trkpt>
   <trkpt lat="40.6352810" lon="-3.1091280">
    <ele>867.4</ele>
   </trkpt>
   <trkpt lat="40.6353000" lon="-3.1091020">
    <ele>867.6</ele>
   </trkpt>
   <trkpt lat="40.6353150" lon="-3.1090780">
    <ele>867.8</ele>
   </trkpt>
   <trkpt lat="40.6353340" lon="-3.1090540">
    <ele>868.0</ele>
   </trkpt>
   <trkpt lat="40.6353570" lon="-3.1090290">
    <ele>868.2</ele>
   </trkpt>
   <trkpt lat="40.6353760" lon="-3.1090020">
    <ele>868.4</ele>
   </trkpt>
   <trkpt lat="40.6353990" lon="-3.1089780">
    <ele>868.6</ele>
   </trkpt>
   <trkpt lat="40.6354220" lon="-3.1089500">
    <ele>868.8</ele>
   </trkpt>
   <trkpt lat="40.6354410" lon="-3.1089260">
    <ele>869.0</ele>
   </trkpt>
   <trkpt lat="40.6354600" lon="-3.1089030">
    <ele>869.2</ele>
   </trkpt>
   <trkpt lat="40.6354790" lon="-3.1088810">
    <ele>869.4</ele>
   </trkpt>
   <trkpt lat="40.6355020" lon="-3.1088590">
    <ele>869.6</ele>
   </trkpt>
   <trkpt lat="40.6355250" lon="-3.1088400">
    <ele>869.8</ele>
   </trkpt>
   <trkpt lat="40.6355440" lon="-3.1088210">
    <ele>870.0</ele>
   </trkpt>
   <trkpt lat="40.6355670" lon="-3.1088000">
    <ele>870.2</ele>
   </trkpt>
   <trkpt lat="40.6355900" lon="-3.1087780">
    <ele>870.4</ele>
   </trkpt>
   <trkpt lat="40.6356130" lon="-3.1087570">
    <ele>870.6</ele>
   </trkpt>
   <trkpt lat="40.6356350" lon="-3.1087380">
    <ele>870.6</ele>
   </trkpt>
   <trkpt lat="40.6356580" lon="-3.1087190">
    <ele>870.8</ele>
   </trkpt>
   <trkpt lat="40.6356810" lon="-3.1086990">
    <ele>871.0</ele>
   </trkpt>
   <trkpt lat="40.6357040" lon="-3.1086790">
    <ele>871.2</ele>
   </trkpt>
   <trkpt lat="40.6357270" lon="-3.1086600">
    <ele>871.4</ele>
   </trkpt>
   <trkpt lat="40.6357570" lon="-3.1086450">
    <ele>871.6</ele>
   </trkpt>
   <trkpt lat="40.6357840" lon="-3.1086370">
    <ele>871.8</ele>
   </trkpt>
   <trkpt lat="40.6358150" lon="-3.1086330">
    <ele>871.8</ele>
   </trkpt>
   <trkpt lat="40.6358450" lon="-3.1086330">
    <ele>872.0</ele>
   </trkpt>
   <trkpt lat="40.6358790" lon="-3.1086380">
    <ele>872.2</ele>
   </trkpt>
   <trkpt lat="40.6359100" lon="-3.1086490">
    <ele>872.2</ele>
   </trkpt>
   <trkpt lat="40.6359370" lon="-3.1086620">
    <ele>872.4</ele>
   </trkpt>
   <trkpt lat="40.6359670" lon="-3.1086790">
    <ele>872.4</ele>
   </trkpt>
   <trkpt lat="40.6359940" lon="-3.1086980">
    <ele>872.6</ele>
   </trkpt>
   <trkpt lat="40.6360210" lon="-3.1087170">
    <ele>872.6</ele>
   </trkpt>
   <trkpt lat="40.6360510" lon="-3.1087360">
    <ele>872.8</ele>
   </trkpt>
   <trkpt lat="40.6360820" lon="-3.1087500">
    <ele>873.0</ele>
   </trkpt>
   <trkpt lat="40.6361160" lon="-3.1087600">
    <ele>873.0</ele>
   </trkpt>
   <trkpt lat="40.6361500" lon="-3.1087640">
    <ele>873.2</ele>
   </trkpt>
   <trkpt lat="40.6361850" lon="-3.1087650">
    <ele>873.4</ele>
   </trkpt>
   <trkpt lat="40.6362190" lon="-3.1087600">
    <ele>873.8</ele>
   </trkpt>
   <trkpt lat="40.6362500" lon="-3.1087500">
    <ele>874.0</ele>
   </trkpt>
   <trkpt lat="40.6362760" lon="-3.1087330">
    <ele>874.2</ele>
   </trkpt>
   <trkpt lat="40.6363030" lon="-3.1087150">
    <ele>874.6</ele>
   </trkpt>
   <trkpt lat="40.6363260" lon="-3.1086950">
    <ele>874.8</ele>
   </trkpt>
   <trkpt lat="40.6363450" lon="-3.1086740">
    <ele>875.0</ele>
   </trkpt>
   <trkpt lat="40.6363680" lon="-3.1086500">
    <ele>875.2</ele>
   </trkpt>
   <trkpt lat="40.6363910" lon="-3.1086250">
    <ele>875.4</ele>
   </trkpt>
   <trkpt lat="40.6364100" lon="-3.1086010">
    <ele>875.6</ele>
   </trkpt>
   <trkpt lat="40.6364330" lon="-3.1085800">
    <ele>875.8</ele>
   </trkpt>
   <trkpt lat="40.6364560" lon="-3.1085610">
    <ele>876.0</ele>
   </trkpt>
   <trkpt lat="40.6364750" lon="-3.1085400">
    <ele>876.2</ele>
   </trkpt>
   <trkpt lat="40.6364970" lon="-3.1085210">
    <ele>876.4</ele>
   </trkpt>
   <trkpt lat="40.6365200" lon="-3.1085030">
    <ele>876.6</ele>
   </trkpt>
   <trkpt lat="40.6365470" lon="-3.1084880">
    <ele>876.8</ele>
   </trkpt>
   <trkpt lat="40.6365740" lon="-3.1084750">
    <ele>876.8</ele>
   </trkpt>
   <trkpt lat="40.6366000" lon="-3.1084660">
    <ele>877.0</ele>
   </trkpt>
   <trkpt lat="40.6366270" lon="-3.1084630">
    <ele>877.2</ele>
   </trkpt>
   <trkpt lat="40.6366540" lon="-3.1084630">
    <ele>877.4</ele>
   </trkpt>
   <trkpt lat="40.6366810" lon="-3.1084630">
    <ele>877.6</ele>
   </trkpt>
   <trkpt lat="40.6367110" lon="-3.1084610">
    <ele>877.8</ele>
   </trkpt>
   <trkpt lat="40.6367420" lon="-3.1084600">
    <ele>877.8</ele>
   </trkpt>
   <trkpt lat="40.6367680" lon="-3.1084610">
    <ele>878.0</ele>
   </trkpt>
   <trkpt lat="40.6367990" lon="-3.1084640">
    <ele>878.2</ele>
   </trkpt>
   <trkpt lat="40.6368290" lon="-3.1084700">
    <ele>878.2</ele>
   </trkpt>
   <trkpt lat="40.6368640" lon="-3.1084740">
    <ele>878.4</ele>
   </trkpt>
   <trkpt lat="40.6368940" lon="-3.1084780">
    <ele>878.6</ele>
   </trkpt>
   <trkpt lat="40.6369250" lon="-3.1084830">
    <ele>878.6</ele>
   </trkpt>
   <trkpt lat="40.6369590" lon="-3.1084890">
    <ele>878.6</ele>
   </trkpt>
   <trkpt lat="40.6369900" lon="-3.1085000">
    <ele>878.6</ele>
   </trkpt>
   <trkpt lat="40.6370240" lon="-3.1085130">
    <ele>878.8</ele>
   </trkpt>
   <trkpt lat="40.6370580" lon="-3.1085260">
    <ele>878.8</ele>
   </trkpt>
   <trkpt lat="40.6370960" lon="-3.1085420">
    <ele>878.8</ele>
   </trkpt>
   <trkpt lat="40.6371310" lon="-3.1085600">
    <ele>879.0</ele>
   </trkpt>
   <trkpt lat="40.6371650" lon="-3.1085790">
    <ele>879.0</ele>
   </trkpt>
   <trkpt lat="40.6372030" lon="-3.1085970">
    <ele>878.8</ele>
   </trkpt>
   <trkpt lat="40.6372450" lon="-3.1086120">
    <ele>879.0</ele>
   </trkpt>
   <trkpt lat="40.6372870" lon="-3.1086250">
    <ele>879.0</ele>
   </trkpt>
   <trkpt lat="40.6373290" lon="-3.1086340">
    <ele>879.2</ele>
   </trkpt>
   <trkpt lat="40.6373710" lon="-3.1086360">
    <ele>879.2</ele>
   </trkpt>
   <trkpt lat="40.6374130" lon="-3.1086310">
    <ele>879.0</ele>
   </trkpt>
   <trkpt lat="40.6374550" lon="-3.1086180">
    <ele>879.0</ele>
   </trkpt>
   <trkpt lat="40.6374970" lon="-3.1085980">
    <ele>879.0</ele>
   </trkpt>
   <trkpt lat="40.6375390" lon="-3.1085700">
    <ele>878.8</ele>
   </trkpt>
   <trkpt lat="40.6375730" lon="-3.1085360">
    <ele>878.6</ele>
   </trkpt>
   <trkpt lat="40.6376110" lon="-3.1084990">
    <ele>878.6</ele>
   </trkpt>
   <trkpt lat="40.6376530" lon="-3.1084680">
    <ele>878.4</ele>
   </trkpt>
   <trkpt lat="40.6377030" lon="-3.1084480">
    <ele>878.2</ele>
   </trkpt>
   <trkpt lat="40.6377520" lon="-3.1084460">
    <ele>878.0</ele>
   </trkpt>
   <trkpt lat="40.6377980" lon="-3.1084570">
    <ele>877.8</ele>
   </trkpt>
   <trkpt lat="40.6378440" lon="-3.1084810">
    <ele>877.8</ele>
   </trkpt>
   <trkpt lat="40.6378820" lon="-3.1085140">
    <ele>877.8</ele>
   </trkpt>
   <trkpt lat="40.6379170" lon="-3.1085550">
    <ele>877.8</ele>
   </trkpt>
   <trkpt lat="40.6379510" lon="-3.1086000">
    <ele>877.8</ele>
   </trkpt>
   <trkpt lat="40.6379850" lon="-3.1086540">
    <ele>877.6</ele>
   </trkpt>
   <trkpt lat="40.6380080" lon="-3.1087050">
    <ele>877.6</ele>
   </trkpt>
   <trkpt lat="40.6380270" lon="-3.1087600">
    <ele>877.6</ele>
   </trkpt>
   <trkpt lat="40.6380420" lon="-3.1088170">
    <ele>877.6</ele>
   </trkpt>
   <trkpt lat="40.6380650" lon="-3.1088690">
    <ele>877.4</ele>
   </trkpt>
   <trkpt lat="40.6380960" lon="-3.1089160">
    <ele>877.4</ele>
   </trkpt>
   <trkpt lat="40.6381380" lon="-3.1089590">
    <ele>877.4</ele>
   </trkpt>
   <trkpt lat="40.6381800" lon="-3.1089810">
    <ele>877.4</ele>
   </trkpt>
   <trkpt lat="40.6382290" lon="-3.1089850">
    <ele>877.6</ele>
   </trkpt>
   <trkpt lat="40.6382870" lon="-3.1089760">
    <ele>877.6</ele>
   </trkpt>
   <trkpt lat="40.6383360" lon="-3.1089600">
    <ele>877.8</ele>
   </trkpt>
   <trkpt lat="40.6383820" lon="-3.1089380">
    <ele>878.0</ele>
   </trkpt>
   <trkpt lat="40.6384350" lon="-3.1089110">
    <ele>878.2</ele>
   </trkpt>
   <trkpt lat="40.6384930" lon="-3.1088850">
    <ele>878.2</ele>
   </trkpt>
   <trkpt lat="40.6385420" lon="-3.1088630">
    <ele>878.4</ele>
   </trkpt>
   <trkpt lat="40.6385990" lon="-3.1088440">
    <ele>878.6</ele>
   </trkpt>
   <trkpt lat="40.6386450" lon="-3.1088320">
    <ele>878.6</ele>
   </trkpt>
   <trkpt lat="40.6386910" lon="-3.1088250">
    <ele>878.8</ele>
   </trkpt>
   <trkpt lat="40.6387370" lon="-3.1088240">
    <ele>878.6</ele>
   </trkpt>
   <trkpt lat="40.6387820" lon="-3.1088310">
    <ele>878.8</ele>
   </trkpt>
   <trkpt lat="40.6388320" lon="-3.1088450">
    <ele>878.8</ele>
   </trkpt>
   <trkpt lat="40.6388780" lon="-3.1088630">
    <ele>879.0</ele>
   </trkpt>
   <trkpt lat="40.6389200" lon="-3.1088810">
    <ele>879.0</ele>
   </trkpt>
   <trkpt lat="40.6389660" lon="-3.1088980">
    <ele>879.2</ele>
   </trkpt>
   <trkpt lat="40.6390040" lon="-3.1089170">
    <ele>879.4</ele>
   </trkpt>
   <trkpt lat="40.6390380" lon="-3.1089380">
    <ele>879.6</ele>
   </trkpt>
   <trkpt lat="40.6390760" lon="-3.1089570">
    <ele>879.8</ele>
   </trkpt>
   <trkpt lat="40.6391180" lon="-3.1089730">
    <ele>880.0</ele>
   </trkpt>
   <trkpt lat="40.6391560" lon="-3.1089840">
    <ele>880.2</ele>
   </trkpt>
   <trkpt lat="40.6391950" lon="-3.1089920">
    <ele>880.4</ele>
   </trkpt>
   <trkpt lat="40.6392330" lon="-3.1089990">
    <ele>880.6</ele>
   </trkpt>
   <trkpt lat="40.6392750" lon="-3.1090060">
    <ele>880.8</ele>
   </trkpt>
   <trkpt lat="40.6393170" lon="-3.1090090">
    <ele>881.0</ele>
   </trkpt>
   <trkpt lat="40.6393510" lon="-3.1090120">
    <ele>881.2</ele>
   </trkpt>
   <trkpt lat="40.6393890" lon="-3.1090140">
    <ele>881.6</ele>
   </trkpt>
   <trkpt lat="40.6394310" lon="-3.1090170">
    <ele>881.8</ele>
   </trkpt>
   <trkpt lat="40.6394730" lon="-3.1090190">
    <ele>882.0</ele>
   </trkpt>
   <trkpt lat="40.6395030" lon="-3.1090220">
    <ele>882.2</ele>
   </trkpt>
   <trkpt lat="40.6395420" lon="-3.1090240">
    <ele>882.4</ele>
   </trkpt>
   <trkpt lat="40.6395800" lon="-3.1090250">
    <ele>882.6</ele>
   </trkpt>
   <trkpt lat="40.6396140" lon="-3.1090240">
    <ele>883.0</ele>
   </trkpt>
   <trkpt lat="40.6396480" lon="-3.1090220">
    <ele>883.2</ele>
   </trkpt>
   <trkpt lat="40.6396900" lon="-3.1090170">
    <ele>883.4</ele>
   </trkpt>
   <trkpt lat="40.6397250" lon="-3.1090070">
    <ele>883.6</ele>
   </trkpt>
   <trkpt lat="40.6397590" lon="-3.1089930">
    <ele>884.0</ele>
   </trkpt>
   <trkpt lat="40.6397930" lon="-3.1089760">
    <ele>884.2</ele>
   </trkpt>
   <trkpt lat="40.6398200" lon="-3.1089620">
    <ele>884.4</ele>
   </trkpt>
   <trkpt lat="40.6398510" lon="-3.1089450">
    <ele>884.6</ele>
   </trkpt>
   <trkpt lat="40.6398810" lon="-3.1089310">
    <ele>885.0</ele>
   </trkpt>
   <trkpt lat="40.6399120" lon="-3.1089200">
    <ele>885.2</ele>
   </trkpt>
   <trkpt lat="40.6399420" lon="-3.1089080">
    <ele>885.4</ele>
   </trkpt>
   <trkpt lat="40.6399730" lon="-3.1089000">
    <ele>885.6</ele>
   </trkpt>
   <trkpt lat="40.6399990" lon="-3.1088950">
    <ele>885.8</ele>
   </trkpt>
   <trkpt lat="40.6400340" lon="-3.1088890">
    <ele>886.0</ele>
   </trkpt>
   <trkpt lat="40.6400680" lon="-3.1088860">
    <ele>886.2</ele>
   </trkpt>
   <trkpt lat="40.6400990" lon="-3.1088860">
    <ele>886.4</ele>
   </trkpt>
   <trkpt lat="40.6401290" lon="-3.1088870">
    <ele>886.4</ele>
   </trkpt>
   <trkpt lat="40.6401630" lon="-3.1088880">
    <ele>886.6</ele>
   </trkpt>
   <trkpt lat="40.6402020" lon="-3.1088890">
    <ele>886.6</ele>
   </trkpt>
   <trkpt lat="40.6402360" lon="-3.1088890">
    <ele>886.8</ele>
   </trkpt>
   <trkpt lat="40.6402700" lon="-3.1088870">
    <ele>887.0</ele>
   </trkpt>
   <trkpt lat="40.6403080" lon="-3.1088870">
    <ele>887.0</ele>
   </trkpt>
   <trkpt lat="40.6403430" lon="-3.1088860">
    <ele>887.2</ele>
   </trkpt>
   <trkpt lat="40.6403770" lon="-3.1088860">
    <ele>887.4</ele>
   </trkpt>
   <trkpt lat="40.6404110" lon="-3.1088890">
    <ele>887.4</ele>
   </trkpt>
   <trkpt lat="40.6404460" lon="-3.1088920">
    <ele>887.6</ele>
   </trkpt>
   <trkpt lat="40.6404880" lon="-3.1088950">
    <ele>887.8</ele>
   </trkpt>
   <trkpt lat="40.6405220" lon="-3.1088990">
    <ele>888.0</ele>
   </trkpt>
   <trkpt lat="40.6405600" lon="-3.1089020">
    <ele>888.0</ele>
   </trkpt>
   <trkpt lat="40.6405940" lon="-3.1089060">
    <ele>888.0</ele>
   </trkpt>
   <trkpt lat="40.6406290" lon="-3.1089080">
    <ele>888.0</ele>
   </trkpt>
   <trkpt lat="40.6406670" lon="-3.1089090">
    <ele>888.2</ele>
   </trkpt>
   <trkpt lat="40.6406970" lon="-3.1089100">
    <ele>888.4</ele>
   </trkpt>
   <trkpt lat="40.6407280" lon="-3.1089100">
    <ele>888.6</ele>
   </trkpt>
   <trkpt lat="40.6407620" lon="-3.1089070">
    <ele>888.8</ele>
   </trkpt>
   <trkpt lat="40.6407970" lon="-3.1089020">
    <ele>889.0</ele>
   </trkpt>
   <trkpt lat="40.6408350" lon="-3.1088950">
    <ele>889.0</ele>
   </trkpt>
   <trkpt lat="40.6408690" lon="-3.1088860">
    <ele>889.2</ele>
   </trkpt>
   <trkpt lat="40.6409000" lon="-3.1088770">
    <ele>889.4</ele>
   </trkpt>
   <trkpt lat="40.6409340" lon="-3.1088650">
    <ele>889.8</ele>
   </trkpt>
   <trkpt lat="40.6409650" lon="-3.1088560">
    <ele>890.0</ele>
   </trkpt>
   <trkpt lat="40.6409950" lon="-3.1088460">
    <ele>890.2</ele>
   </trkpt>
   <trkpt lat="40.6410290" lon="-3.1088330">
    <ele>890.4</ele>
   </trkpt>
   <trkpt lat="40.6410600" lon="-3.1088180">
    <ele>890.4</ele>
   </trkpt>
   <trkpt lat="40.6410940" lon="-3.1088030">
    <ele>890.6</ele>
   </trkpt>
   <trkpt lat="40.6411250" lon="-3.1087880">
    <ele>890.8</ele>
   </trkpt>
   <trkpt lat="40.6411590" lon="-3.1087730">
    <ele>890.8</ele>
   </trkpt>
   <trkpt lat="40.6411900" lon="-3.1087580">
    <ele>891.0</ele>
   </trkpt>
   <trkpt lat="40.6412200" lon="-3.1087420">
    <ele>891.0</ele>
   </trkpt>
   <trkpt lat="40.6412510" lon="-3.1087250">
    <ele>891.2</ele>
   </trkpt>
   <trkpt lat="40.6412850" lon="-3.1087060">
    <ele>891.2</ele>
   </trkpt>
   <trkpt lat="40.6413150" lon="-3.1086850">
    <ele>891.4</ele>
   </trkpt>
   <trkpt lat="40.6413420" lon="-3.1086630">
    <ele>891.6</ele>
   </trkpt>
   <trkpt lat="40.6413730" lon="-3.1086420">
    <ele>891.6</ele>
   </trkpt>
   <trkpt lat="40.6414070" lon="-3.1086170">
    <ele>891.8</ele>
   </trkpt>
   <trkpt lat="40.6414410" lon="-3.1085930">
    <ele>892.0</ele>
   </trkpt>
   <trkpt lat="40.6414720" lon="-3.1085740">
    <ele>892.0</ele>
   </trkpt>
   <trkpt lat="40.6414990" lon="-3.1085520">
    <ele>892.2</ele>
   </trkpt>
   <trkpt lat="40.6415330" lon="-3.1085280">
    <ele>892.4</ele>
   </trkpt>
   <trkpt lat="40.6415630" lon="-3.1085080">
    <ele>892.4</ele>
   </trkpt>
   <trkpt lat="40.6415900" lon="-3.1084870">
    <ele>892.6</ele>
   </trkpt>
   <trkpt lat="40.6416210" lon="-3.1084630">
    <ele>892.8</ele>
   </trkpt>
   <trkpt lat="40.6416510" lon="-3.1084390">
    <ele>893.0</ele>
   </trkpt>
   <trkpt lat="40.6416850" lon="-3.1084110">
    <ele>893.4</ele>
   </trkpt>
   <trkpt lat="40.6417160" lon="-3.1083860">
    <ele>893.4</ele>
   </trkpt>
   <trkpt lat="40.6417430" lon="-3.1083610">
    <ele>893.6</ele>
   </trkpt>
   <trkpt lat="40.6417730" lon="-3.1083320">
    <ele>893.6</ele>
   </trkpt>
   <trkpt lat="40.6418040" lon="-3.1082990">
    <ele>893.8</ele>
   </trkpt>
   <trkpt lat="40.6418300" lon="-3.1082640">
    <ele>893.8</ele>
   </trkpt>
   <trkpt lat="40.6418530" lon="-3.1082270">
    <ele>894.0</ele>
   </trkpt>
   <trkpt lat="40.6418800" lon="-3.1081880">
    <ele>894.0</ele>
   </trkpt>
   <trkpt lat="40.6419030" lon="-3.1081490">
    <ele>894.2</ele>
   </trkpt>
   <trkpt lat="40.6419260" lon="-3.1081020">
    <ele>894.2</ele>
   </trkpt>
   <trkpt lat="40.6419450" lon="-3.1080600">
    <ele>894.4</ele>
   </trkpt>
   <trkpt lat="40.6419640" lon="-3.1080170">
    <ele>894.4</ele>
   </trkpt>
   <trkpt lat="40.6419870" lon="-3.1079660">
    <ele>894.6</ele>
   </trkpt>
   <trkpt lat="40.6420020" lon="-3.1079230">
    <ele>894.8</ele>
   </trkpt>
   <trkpt lat="40.6420140" lon="-3.1078810">
    <ele>894.8</ele>
   </trkpt>
   <trkpt lat="40.6420290" lon="-3.1078360">
    <ele>895.0</ele>
   </trkpt>
   <trkpt lat="40.6420440" lon="-3.1077890">
    <ele>895.0</ele>
   </trkpt>
   <trkpt lat="40.6420560" lon="-3.1077410">
    <ele>895.2</ele>
   </trkpt>
   <trkpt lat="40.6420670" lon="-3.1076920">
    <ele>895.4</ele>
   </trkpt>
   <trkpt lat="40.6420750" lon="-3.1076410">
    <ele>895.4</ele>
   </trkpt>
   <trkpt lat="40.6420860" lon="-3.1075840">
    <ele>895.6</ele>
   </trkpt>
   <trkpt lat="40.6420940" lon="-3.1075290">
    <ele>895.8</ele>
   </trkpt>
   <trkpt lat="40.6421010" lon="-3.1074850">
    <ele>896.0</ele>
   </trkpt>
   <trkpt lat="40.6421090" lon="-3.1074410">
    <ele>896.2</ele>
   </trkpt>
   <trkpt lat="40.6421200" lon="-3.1073910">
    <ele>896.2</ele>
   </trkpt>
   <trkpt lat="40.6421320" lon="-3.1073440">
    <ele>896.4</ele>
   </trkpt>
   <trkpt lat="40.6421390" lon="-3.1072970">
    <ele>896.6</ele>
   </trkpt>
   <trkpt lat="40.6421510" lon="-3.1072490">
    <ele>896.8</ele>
   </trkpt>
   <trkpt lat="40.6421660" lon="-3.1072010">
    <ele>897.0</ele>
   </trkpt>
   <trkpt lat="40.6421780" lon="-3.1071530">
    <ele>897.2</ele>
   </trkpt>
   <trkpt lat="40.6421970" lon="-3.1070990">
    <ele>897.4</ele>
   </trkpt>
   <trkpt lat="40.6422120" lon="-3.1070500">
    <ele>897.4</ele>
   </trkpt>
   <trkpt lat="40.6422270" lon="-3.1070050">
    <ele>897.6</ele>
   </trkpt>
   <trkpt lat="40.6422420" lon="-3.1069590">
    <ele>897.8</ele>
   </trkpt>
   <trkpt lat="40.6422540" lon="-3.1069130">
    <ele>898.0</ele>
   </trkpt>
   <trkpt lat="40.6422690" lon="-3.1068680">
    <ele>898.2</ele>
   </trkpt>
   <trkpt lat="40.6422840" lon="-3.1068210">
    <ele>898.4</ele>
   </trkpt>
   <trkpt lat="40.6423000" lon="-3.1067800">
    <ele>898.6</ele>
   </trkpt>
   <trkpt lat="40.6423110" lon="-3.1067390">
    <ele>898.8</ele>
   </trkpt>
   <trkpt lat="40.6423260" lon="-3.1066920">
    <ele>899.0</ele>
   </trkpt>
   <trkpt lat="40.6423380" lon="-3.1066450">
    <ele>899.2</ele>
   </trkpt>
   <trkpt lat="40.6423530" lon="-3.1065990">
    <ele>899.4</ele>
   </trkpt>
   <trkpt lat="40.6423720" lon="-3.1065520">
    <ele>899.6</ele>
   </trkpt>
   <trkpt lat="40.6423870" lon="-3.1065060">
    <ele>899.8</ele>
   </trkpt>
   <trkpt lat="40.6424030" lon="-3.1064600">
    <ele>899.8</ele>
   </trkpt>
   <trkpt lat="40.6424140" lon="-3.1064130">
    <ele>900.0</ele>
   </trkpt>
   <trkpt lat="40.6424290" lon="-3.1063680">
    <ele>900.2</ele>
   </trkpt>
   <trkpt lat="40.6424450" lon="-3.1063230">
    <ele>900.2</ele>
   </trkpt>
   <trkpt lat="40.6424600" lon="-3.1062760">
    <ele>900.4</ele>
   </trkpt>
   <trkpt lat="40.6424750" lon="-3.1062220">
    <ele>900.6</ele>
   </trkpt>
   <trkpt lat="40.6424900" lon="-3.1061740">
    <ele>900.8</ele>
   </trkpt>
   <trkpt lat="40.6425060" lon="-3.1061280">
    <ele>901.0</ele>
   </trkpt>
   <trkpt lat="40.6425210" lon="-3.1060810">
    <ele>901.2</ele>
   </trkpt>
   <trkpt lat="40.6425320" lon="-3.1060350">
    <ele>901.4</ele>
   </trkpt>
   <trkpt lat="40.6425480" lon="-3.1059840">
    <ele>901.4</ele>
   </trkpt>
   <trkpt lat="40.6425630" lon="-3.1059420">
    <ele>901.6</ele>
   </trkpt>
   <trkpt lat="40.6425700" lon="-3.1059010">
    <ele>901.8</ele>
   </trkpt>
   <trkpt lat="40.6425820" lon="-3.1058500">
    <ele>902.0</ele>
   </trkpt>
   <trkpt lat="40.6425970" lon="-3.1058070">
    <ele>902.2</ele>
   </trkpt>
   <trkpt lat="40.6426090" lon="-3.1057660">
    <ele>902.4</ele>
   </trkpt>
   <trkpt lat="40.6426200" lon="-3.1057220">
    <ele>902.6</ele>
   </trkpt>
   <trkpt lat="40.6426280" lon="-3.1056750">
    <ele>902.8</ele>
   </trkpt>
   <trkpt lat="40.6426350" lon="-3.1056250">
    <ele>903.0</ele>
   </trkpt>
   <trkpt lat="40.6426430" lon="-3.1055700">
    <ele>903.2</ele>
   </trkpt>
   <trkpt lat="40.6426470" lon="-3.1055240">
    <ele>903.4</ele>
   </trkpt>
   <trkpt lat="40.6426470" lon="-3.1054790">
    <ele>903.4</ele>
   </trkpt>
   <trkpt lat="40.6426470" lon="-3.1054330">
    <ele>903.6</ele>
   </trkpt>
   <trkpt lat="40.6426430" lon="-3.1053860">
    <ele>903.8</ele>
   </trkpt>
   <trkpt lat="40.6426390" lon="-3.1053420">
    <ele>904.0</ele>
   </trkpt>
   <trkpt lat="40.6426320" lon="-3.1053010">
    <ele>904.2</ele>
   </trkpt>
   <trkpt lat="40.6426280" lon="-3.1052610">
    <ele>904.4</ele>
   </trkpt>
   <trkpt lat="40.6426240" lon="-3.1052180">
    <ele>904.6</ele>
   </trkpt>
   <trkpt lat="40.6426200" lon="-3.1051670">
    <ele>904.8</ele>
   </trkpt>
   <trkpt lat="40.6426160" lon="-3.1051230">
    <ele>905.0</ele>
   </trkpt>
   <trkpt lat="40.6426120" lon="-3.1050830">
    <ele>905.0</ele>
   </trkpt>
   <trkpt lat="40.6426050" lon="-3.1050420">
    <ele>905.2</ele>
   </trkpt>
   <trkpt lat="40.6426010" lon="-3.1050000">
    <ele>905.4</ele>
   </trkpt>
   <trkpt lat="40.6425970" lon="-3.1049570">
    <ele>905.6</ele>
   </trkpt>
   <trkpt lat="40.6425900" lon="-3.1049150">
    <ele>905.8</ele>
   </trkpt>
   <trkpt lat="40.6425860" lon="-3.1048730">
    <ele>905.8</ele>
   </trkpt>
   <trkpt lat="40.6425820" lon="-3.1048310">
    <ele>906.0</ele>
   </trkpt>
   <trkpt lat="40.6425780" lon="-3.1047860">
    <ele>906.2</ele>
   </trkpt>
   <trkpt lat="40.6425700" lon="-3.1047480">
    <ele>906.4</ele>
   </trkpt>
   <trkpt lat="40.6425670" lon="-3.1047100">
    <ele>906.6</ele>
   </trkpt>
   <trkpt lat="40.6425630" lon="-3.1046680">
    <ele>906.8</ele>
   </trkpt>
   <trkpt lat="40.6425590" lon="-3.1046270">
    <ele>907.0</ele>
   </trkpt>
   <trkpt lat="40.6425550" lon="-3.1045880">
    <ele>907.2</ele>
   </trkpt>
   <trkpt lat="40.6425510" lon="-3.1045480">
    <ele>907.4</ele>
   </trkpt>
   <trkpt lat="40.6425440" lon="-3.1045080">
    <ele>907.6</ele>
   </trkpt>
   <trkpt lat="40.6425400" lon="-3.1044680">
    <ele>907.8</ele>
   </trkpt>
   <trkpt lat="40.6425360" lon="-3.1044250">
    <ele>908.0</ele>
   </trkpt>
   <trkpt lat="40.6425320" lon="-3.1043830">
    <ele>908.2</ele>
   </trkpt>
   <trkpt lat="40.6425320" lon="-3.1043420">
    <ele>908.4</ele>
   </trkpt>
   <trkpt lat="40.6425280" lon="-3.1043010">
    <ele>908.6</ele>
   </trkpt>
   <trkpt lat="40.6425280" lon="-3.1042620">
    <ele>908.8</ele>
   </trkpt>
   <trkpt lat="40.6425280" lon="-3.1042230">
    <ele>909.0</ele>
   </trkpt>
   <trkpt lat="40.6425280" lon="-3.1041820">
    <ele>909.2</ele>
   </trkpt>
   <trkpt lat="40.6425320" lon="-3.1041400">
    <ele>909.4</ele>
   </trkpt>
   <trkpt lat="40.6425320" lon="-3.1040980">
    <ele>909.6</ele>
   </trkpt>
   <trkpt lat="40.6425360" lon="-3.1040560">
    <ele>909.8</ele>
   </trkpt>
   <trkpt lat="40.6425400" lon="-3.1040140">
    <ele>909.8</ele>
   </trkpt>
   <trkpt lat="40.6425440" lon="-3.1039710">
    <ele>910.0</ele>
   </trkpt>
   <trkpt lat="40.6425480" lon="-3.1039270">
    <ele>910.0</ele>
   </trkpt>
   <trkpt lat="40.6425550" lon="-3.1038840">
    <ele>910.2</ele>
   </trkpt>
   <trkpt lat="40.6425630" lon="-3.1038400">
    <ele>910.4</ele>
   </trkpt>
   <trkpt lat="40.6425700" lon="-3.1037980">
    <ele>910.4</ele>
   </trkpt>
   <trkpt lat="40.6425780" lon="-3.1037560">
    <ele>910.6</ele>
   </trkpt>
   <trkpt lat="40.6425860" lon="-3.1037120">
    <ele>910.8</ele>
   </trkpt>
   <trkpt lat="40.6425930" lon="-3.1036690">
    <ele>911.0</ele>
   </trkpt>
   <trkpt lat="40.6426010" lon="-3.1036270">
    <ele>911.2</ele>
   </trkpt>
   <trkpt lat="40.6426090" lon="-3.1035840">
    <ele>911.4</ele>
   </trkpt>
   <trkpt lat="40.6426160" lon="-3.1035430">
    <ele>911.8</ele>
   </trkpt>
   <trkpt lat="40.6426280" lon="-3.1035020">
    <ele>912.0</ele>
   </trkpt>
   <trkpt lat="40.6426350" lon="-3.1034630">
    <ele>912.2</ele>
   </trkpt>
   <trkpt lat="40.6426390" lon="-3.1034280">
    <ele>912.4</ele>
   </trkpt>
   <trkpt lat="40.6426470" lon="-3.1033950">
    <ele>912.6</ele>
   </trkpt>
   <trkpt lat="40.6426540" lon="-3.1033640">
    <ele>912.8</ele>
   </trkpt>
   <trkpt lat="40.6426660" lon="-3.1033280">
    <ele>913.0</ele>
   </trkpt>
   <trkpt lat="40.6426740" lon="-3.1032980">
    <ele>913.2</ele>
   </trkpt>
   <trkpt lat="40.6426770" lon="-3.1032660">
    <ele>913.4</ele>
   </trkpt>
   <trkpt lat="40.6426810" lon="-3.1032310">
    <ele>913.6</ele>
   </trkpt>
   <trkpt lat="40.6426930" lon="-3.1031970">
    <ele>913.8</ele>
   </trkpt>
   <trkpt lat="40.6427040" lon="-3.1031610">
    <ele>914.0</ele>
   </trkpt>
   <trkpt lat="40.6427080" lon="-3.1031230">
    <ele>914.2</ele>
   </trkpt>
   <trkpt lat="40.6427150" lon="-3.1030860">
    <ele>914.4</ele>
   </trkpt>
   <trkpt lat="40.6427230" lon="-3.1030490">
    <ele>914.6</ele>
   </trkpt>
   <trkpt lat="40.6427270" lon="-3.1030120">
    <ele>914.8</ele>
   </trkpt>
   <trkpt lat="40.6427310" lon="-3.1029780">
    <ele>915.0</ele>
   </trkpt>
   <trkpt lat="40.6427350" lon="-3.1029430">
    <ele>915.2</ele>
   </trkpt>
   <trkpt lat="40.6427380" lon="-3.1029080">
    <ele>915.4</ele>
   </trkpt>
   <trkpt lat="40.6427380" lon="-3.1028720">
    <ele>915.6</ele>
   </trkpt>
   <trkpt lat="40.6427420" lon="-3.1028350">
    <ele>915.8</ele>
   </trkpt>
   <trkpt lat="40.6427420" lon="-3.1028020">
    <ele>916.0</ele>
   </trkpt>
   <trkpt lat="40.6427420" lon="-3.1027670">
    <ele>916.2</ele>
   </trkpt>
   <trkpt lat="40.6427420" lon="-3.1027330">
    <ele>916.2</ele>
   </trkpt>
   <trkpt lat="40.6427380" lon="-3.1026980">
    <ele>916.4</ele>
   </trkpt>
   <trkpt lat="40.6427380" lon="-3.1026610">
    <ele>916.6</ele>
   </trkpt>
   <trkpt lat="40.6427350" lon="-3.1026260">
    <ele>916.8</ele>
   </trkpt>
   <trkpt lat="40.6427310" lon="-3.1025900">
    <ele>917.0</ele>
   </trkpt>
   <trkpt lat="40.6427270" lon="-3.1025520">
    <ele>917.2</ele>
   </trkpt>
   <trkpt lat="40.6427230" lon="-3.1025120">
    <ele>917.2</ele>
   </trkpt>
   <trkpt lat="40.6427190" lon="-3.1024710">
    <ele>917.4</ele>
   </trkpt>
   <trkpt lat="40.6427150" lon="-3.1024310">
    <ele>917.6</ele>
   </trkpt>
   <trkpt lat="40.6427150" lon="-3.1023910">
    <ele>917.6</ele>
   </trkpt>
   <trkpt lat="40.6427120" lon="-3.1023520">
    <ele>917.8</ele>
   </trkpt>
   <trkpt lat="40.6427120" lon="-3.1023120">
    <ele>918.0</ele>
   </trkpt>
   <trkpt lat="40.6427080" lon="-3.1022730">
    <ele>918.0</ele>
   </trkpt>
   <trkpt lat="40.6427040" lon="-3.1022330">
    <ele>918.2</ele>
   </trkpt>
   <trkpt lat="40.6427000" lon="-3.1021940">
    <ele>918.2</ele>
   </trkpt>
   <trkpt lat="40.6426960" lon="-3.1021550">
    <ele>918.4</ele>
   </trkpt>
   <trkpt lat="40.6426930" lon="-3.1021170">
    <ele>918.4</ele>
   </trkpt>
   <trkpt lat="40.6426930" lon="-3.1020770">
    <ele>918.6</ele>
   </trkpt>
   <trkpt lat="40.6426890" lon="-3.1020390">
    <ele>918.6</ele>
   </trkpt>
   <trkpt lat="40.6426850" lon="-3.1019990">
    <ele>918.8</ele>
   </trkpt>
   <trkpt lat="40.6426810" lon="-3.1019590">
    <ele>918.8</ele>
   </trkpt>
   <trkpt lat="40.6426740" lon="-3.1019200">
    <ele>919.0</ele>
   </trkpt>
   <trkpt lat="40.6426700" lon="-3.1018810">
    <ele>919.0</ele>
   </trkpt>
   <trkpt lat="40.6426660" lon="-3.1018400">
    <ele>919.2</ele>
   </trkpt>
   <trkpt lat="40.6426620" lon="-3.1017990">
    <ele>919.4</ele>
   </trkpt>
   <trkpt lat="40.6426620" lon="-3.1017600">
    <ele>919.4</ele>
   </trkpt>
   <trkpt lat="40.6426580" lon="-3.1017220">
    <ele>919.6</ele>
   </trkpt>
   <trkpt lat="40.6426580" lon="-3.1016840">
    <ele>919.8</ele>
   </trkpt>
   <trkpt lat="40.6426540" lon="-3.1016460">
    <ele>920.0</ele>
   </trkpt>
   <trkpt lat="40.6426510" lon="-3.1016080">
    <ele>920.2</ele>
   </trkpt>
   <trkpt lat="40.6426470" lon="-3.1015710">
    <ele>920.6</ele>
   </trkpt>
   <trkpt lat="40.6426430" lon="-3.1015350">
    <ele>920.8</ele>
   </trkpt>
   <trkpt lat="40.6426430" lon="-3.1015000">
    <ele>920.8</ele>
   </trkpt>
   <trkpt lat="40.6426430" lon="-3.1014670">
    <ele>921.2</ele>
   </trkpt>
   <trkpt lat="40.6426430" lon="-3.1014310">
    <ele>921.4</ele>
   </trkpt>
   <trkpt lat="40.6426390" lon="-3.1013930">
    <ele>921.4</ele>
   </trkpt>
   <trkpt lat="40.6426350" lon="-3.1013540">
    <ele>921.6</ele>
   </trkpt>
   <trkpt lat="40.6426320" lon="-3.1013080">
    <ele>921.8</ele>
   </trkpt>
   <trkpt lat="40.6426320" lon="-3.1012700">
    <ele>922.2</ele>
   </trkpt>
   <trkpt lat="40.6426320" lon="-3.1012350">
    <ele>922.4</ele>
   </trkpt>
   <trkpt lat="40.6426320" lon="-3.1011970">
    <ele>922.6</ele>
   </trkpt>
   <trkpt lat="40.6426280" lon="-3.1011580">
    <ele>922.8</ele>
   </trkpt>
   <trkpt lat="40.6426280" lon="-3.1011200">
    <ele>923.0</ele>
   </trkpt>
   <trkpt lat="40.6426280" lon="-3.1010830">
    <ele>923.4</ele>
   </trkpt>
   <trkpt lat="40.6426280" lon="-3.1010460">
    <ele>923.6</ele>
   </trkpt>
   <trkpt lat="40.6426320" lon="-3.1010090">
    <ele>923.8</ele>
   </trkpt>
   <trkpt lat="40.6426350" lon="-3.1009730">
    <ele>924.0</ele>
   </trkpt>
   <trkpt lat="40.6426350" lon="-3.1009360">
    <ele>924.2</ele>
   </trkpt>
   <trkpt lat="40.6426390" lon="-3.1009000">
    <ele>924.2</ele>
   </trkpt>
   <trkpt lat="40.6426430" lon="-3.1008650">
    <ele>924.4</ele>
   </trkpt>
   <trkpt lat="40.6426510" lon="-3.1008280">
    <ele>924.6</ele>
   </trkpt>
   <trkpt lat="40.6426540" lon="-3.1007930">
    <ele>924.8</ele>
   </trkpt>
   <trkpt lat="40.6426620" lon="-3.1007590">
    <ele>925.0</ele>
   </trkpt>
   <trkpt lat="40.6426700" lon="-3.1007250">
    <ele>925.2</ele>
   </trkpt>
   <trkpt lat="40.6426770" lon="-3.1006930">
    <ele>925.4</ele>
   </trkpt>
   <trkpt lat="40.6426810" lon="-3.1006580">
    <ele>925.6</ele>
   </trkpt>
   <trkpt lat="40.6426930" lon="-3.1006230">
    <ele>925.8</ele>
   </trkpt>
   <trkpt lat="40.6427000" lon="-3.1005900">
    <ele>926.0</ele>
   </trkpt>
   <trkpt lat="40.6427120" lon="-3.1005560">
    <ele>926.2</ele>
   </trkpt>
   <trkpt lat="40.6427230" lon="-3.1005230">
    <ele>926.4</ele>
   </trkpt>
   <trkpt lat="40.6427310" lon="-3.1004900">
    <ele>926.6</ele>
   </trkpt>
   <trkpt lat="40.6427420" lon="-3.1004570">
    <ele>926.8</ele>
   </trkpt>
   <trkpt lat="40.6427500" lon="-3.1004230">
    <ele>927.0</ele>
   </trkpt>
   <trkpt lat="40.6427610" lon="-3.1003890">
    <ele>927.2</ele>
   </trkpt>
   <trkpt lat="40.6427730" lon="-3.1003550">
    <ele>927.4</ele>
   </trkpt>
   <trkpt lat="40.6427800" lon="-3.1003210">
    <ele>927.6</ele>
   </trkpt>
   <trkpt lat="40.6427920" lon="-3.1002850">
    <ele>927.8</ele>
   </trkpt>
   <trkpt lat="40.6427990" lon="-3.1002490">
    <ele>928.0</ele>
   </trkpt>
   <trkpt lat="40.6428070" lon="-3.1002140">
    <ele>928.2</ele>
   </trkpt>
   <trkpt lat="40.6428150" lon="-3.1001780">
    <ele>928.4</ele>
   </trkpt>
   <trkpt lat="40.6428220" lon="-3.1001410">
    <ele>928.6</ele>
   </trkpt>
   <trkpt lat="40.6428260" lon="-3.1001050">
    <ele>928.8</ele>
   </trkpt>
   <trkpt lat="40.6428300" lon="-3.1000700">
    <ele>929.0</ele>
   </trkpt>
   <trkpt lat="40.6428340" lon="-3.1000340">
    <ele>929.2</ele>
   </trkpt>
   <trkpt lat="40.6428340" lon="-3.0999950">
    <ele>929.4</ele>
   </trkpt>
   <trkpt lat="40.6428340" lon="-3.0999570">
    <ele>929.8</ele>
   </trkpt>
   <trkpt lat="40.6428300" lon="-3.0999200">
    <ele>930.0</ele>
   </trkpt>
   <trkpt lat="40.6428300" lon="-3.0998830">
    <ele>930.2</ele>
   </trkpt>
   <trkpt lat="40.6428300" lon="-3.0998470">
    <ele>930.4</ele>
   </trkpt>
   <trkpt lat="40.6428260" lon="-3.0998130">
    <ele>930.8</ele>
   </trkpt>
   <trkpt lat="40.6428220" lon="-3.0997800">
    <ele>931.0</ele>
   </trkpt>
   <trkpt lat="40.6428180" lon="-3.0997450">
    <ele>931.2</ele>
   </trkpt>
   <trkpt lat="40.6428150" lon="-3.0997100">
    <ele>931.4</ele>
   </trkpt>
   <trkpt lat="40.6428110" lon="-3.0996720">
    <ele>931.6</ele>
   </trkpt>
   <trkpt lat="40.6428070" lon="-3.0996370">
    <ele>931.8</ele>
   </trkpt>
   <trkpt lat="40.6428070" lon="-3.0996050">
    <ele>932.0</ele>
   </trkpt>
   <trkpt lat="40.6428030" lon="-3.0995740">
    <ele>932.2</ele>
   </trkpt>
   <trkpt lat="40.6427990" lon="-3.0995410">
    <ele>932.4</ele>
   </trkpt>
   <trkpt lat="40.6427920" lon="-3.0995050">
    <ele>932.6</ele>
   </trkpt>
   <trkpt lat="40.6427880" lon="-3.0994710">
    <ele>932.8</ele>
   </trkpt>
   <trkpt lat="40.6427800" lon="-3.0994380">
    <ele>933.0</ele>
   </trkpt>
   <trkpt lat="40.6427760" lon="-3.0994060">
    <ele>933.2</ele>
   </trkpt>
   <trkpt lat="40.6427690" lon="-3.0993730">
    <ele>933.4</ele>
   </trkpt>
   <trkpt lat="40.6427650" lon="-3.0993390">
    <ele>933.6</ele>
   </trkpt>
   <trkpt lat="40.6427610" lon="-3.0993030">
    <ele>933.8</ele>
   </trkpt>
   <trkpt lat="40.6427570" lon="-3.0992680">
    <ele>934.0</ele>
   </trkpt>
   <trkpt lat="40.6427540" lon="-3.0992340">
    <ele>934.2</ele>
   </trkpt>
   <trkpt lat="40.6427500" lon="-3.0991990">
    <ele>934.4</ele>
   </trkpt>
   <trkpt lat="40.6427460" lon="-3.0991650">
    <ele>934.6</ele>
   </trkpt>
   <trkpt lat="40.6427380" lon="-3.0991300">
    <ele>935.0</ele>
   </trkpt>
   <trkpt lat="40.6427350" lon="-3.0990950">
    <ele>935.2</ele>
   </trkpt>
   <trkpt lat="40.6427310" lon="-3.0990620">
    <ele>935.4</ele>
   </trkpt>
   <trkpt lat="40.6427270" lon="-3.0990280">
    <ele>935.6</ele>
   </trkpt>
   <trkpt lat="40.6427230" lon="-3.0989950">
    <ele>935.8</ele>
   </trkpt>
   <trkpt lat="40.6427190" lon="-3.0989630">
    <ele>936.0</ele>
   </trkpt>
   <trkpt lat="40.6427150" lon="-3.0989290">
    <ele>936.2</ele>
   </trkpt>
   <trkpt lat="40.6427120" lon="-3.0988950">
    <ele>936.4</ele>
   </trkpt>
   <trkpt lat="40.6427080" lon="-3.0988600">
    <ele>936.6</ele>
   </trkpt>
   <trkpt lat="40.6427000" lon="-3.0988270">
    <ele>936.6</ele>
   </trkpt>
   <trkpt lat="40.6426960" lon="-3.0987930">
    <ele>937.0</ele>
   </trkpt>
   <trkpt lat="40.6426930" lon="-3.0987580">
    <ele>937.2</ele>
   </trkpt>
   <trkpt lat="40.6426890" lon="-3.0987260">
    <ele>937.4</ele>
   </trkpt>
   <trkpt lat="40.6426850" lon="-3.0986930">
    <ele>937.6</ele>
   </trkpt>
   <trkpt lat="40.6426850" lon="-3.0986600">
    <ele>937.8</ele>
   </trkpt>
   <trkpt lat="40.6426810" lon="-3.0986250">
    <ele>938.0</ele>
   </trkpt>
   <trkpt lat="40.6426770" lon="-3.0985900">
    <ele>938.0</ele>
   </trkpt>
   <trkpt lat="40.6426740" lon="-3.0985540">
    <ele>938.2</ele>
   </trkpt>
   <trkpt lat="40.6426700" lon="-3.0985180">
    <ele>938.4</ele>
   </trkpt>
   <trkpt lat="40.6426660" lon="-3.0984800">
    <ele>938.6</ele>
   </trkpt>
   <trkpt lat="40.6426620" lon="-3.0984440">
    <ele>938.8</ele>
   </trkpt>
   <trkpt lat="40.6426580" lon="-3.0984100">
    <ele>938.8</ele>
   </trkpt>
   <trkpt lat="40.6426540" lon="-3.0983770">
    <ele>939.0</ele>
   </trkpt>
   <trkpt lat="40.6426470" lon="-3.0983460">
    <ele>939.2</ele>
   </trkpt>
   <trkpt lat="40.6426430" lon="-3.0983130">
    <ele>939.4</ele>
   </trkpt>
   <trkpt lat="40.6426350" lon="-3.0982770">
    <ele>939.6</ele>
   </trkpt>
   <trkpt lat="40.6426320" lon="-3.0982410">
    <ele>939.8</ele>
   </trkpt>
   <trkpt lat="40.6426320" lon="-3.0982060">
    <ele>939.8</ele>
   </trkpt>
   <trkpt lat="40.6426280" lon="-3.0981690">
    <ele>940.0</ele>
   </trkpt>
   <trkpt lat="40.6426240" lon="-3.0981340">
    <ele>940.2</ele>
   </trkpt>
   <trkpt lat="40.6426200" lon="-3.0981000">
    <ele>940.4</ele>
   </trkpt>
   <trkpt lat="40.6426200" lon="-3.0980650">
    <ele>940.6</ele>
   </trkpt>
   <trkpt lat="40.6426160" lon="-3.0980290">
    <ele>940.8</ele>
   </trkpt>
   <trkpt lat="40.6426120" lon="-3.0979940">
    <ele>941.0</ele>
   </trkpt>
   <trkpt lat="40.6426090" lon="-3.0979580">
    <ele>941.2</ele>
   </trkpt>
   <trkpt lat="40.6426050" lon="-3.0979220">
    <ele>941.2</ele>
   </trkpt>
   <trkpt lat="40.6426010" lon="-3.0978870">
    <ele>941.4</ele>
   </trkpt>
   <trkpt lat="40.6425970" lon="-3.0978510">
    <ele>941.6</ele>
   </trkpt>
   <trkpt lat="40.6425930" lon="-3.0978160">
    <ele>941.8</ele>
   </trkpt>
   <trkpt lat="40.6425930" lon="-3.0977850">
    <ele>942.0</ele>
   </trkpt>
   <trkpt lat="40.6425900" lon="-3.0977540">
    <ele>942.2</ele>
   </trkpt>
   <trkpt lat="40.6425860" lon="-3.0977220">
    <ele>942.2</ele>
   </trkpt>
   <trkpt lat="40.6425780" lon="-3.0976900">
    <ele>942.4</ele>
   </trkpt>
   <trkpt lat="40.6425780" lon="-3.0976540">
    <ele>942.6</ele>
   </trkpt>
   <trkpt lat="40.6425740" lon="-3.0976190">
    <ele>942.8</ele>
   </trkpt>
   <trkpt lat="40.6425700" lon="-3.0975830">
    <ele>942.8</ele>
   </trkpt>
   <trkpt lat="40.6425670" lon="-3.0975480">
    <ele>943.0</ele>
   </trkpt>
   <trkpt lat="40.6425670" lon="-3.0975140">
    <ele>943.2</ele>
   </trkpt>
   <trkpt lat="40.6425630" lon="-3.0974780">
    <ele>943.4</ele>
   </trkpt>
   <trkpt lat="40.6425590" lon="-3.0974410">
    <ele>943.6</ele>
   </trkpt>
   <trkpt lat="40.6425590" lon="-3.0974040">
    <ele>943.6</ele>
   </trkpt>
   <trkpt lat="40.6425550" lon="-3.0973690">
    <ele>943.8</ele>
   </trkpt>
   <trkpt lat="40.6425550" lon="-3.0973340">
    <ele>944.0</ele>
   </trkpt>
   <trkpt lat="40.6425510" lon="-3.0972990">
    <ele>944.2</ele>
   </trkpt>
   <trkpt lat="40.6425510" lon="-3.0972640">
    <ele>944.4</ele>
   </trkpt>
   <trkpt lat="40.6425480" lon="-3.0972300">
    <ele>944.6</ele>
   </trkpt>
   <trkpt lat="40.6425440" lon="-3.0971960">
    <ele>944.8</ele>
   </trkpt>
   <trkpt lat="40.6425440" lon="-3.0971630">
    <ele>945.0</ele>
   </trkpt>
   <trkpt lat="40.6425440" lon="-3.0971280">
    <ele>945.2</ele>
   </trkpt>
   <trkpt lat="40.6425440" lon="-3.0970910">
    <ele>945.4</ele>
   </trkpt>
   <trkpt lat="40.6425400" lon="-3.0970550">
    <ele>945.6</ele>
   </trkpt>
   <trkpt lat="40.6425400" lon="-3.0970210">
    <ele>945.8</ele>
   </trkpt>
   <trkpt lat="40.6425360" lon="-3.0969880">
    <ele>946.0</ele>
   </trkpt>
   <trkpt lat="40.6425320" lon="-3.0969540">
    <ele>946.0</ele>
   </trkpt>
   <trkpt lat="40.6425280" lon="-3.0969200">
    <ele>946.2</ele>
   </trkpt>
   <trkpt lat="40.6425280" lon="-3.0968850">
    <ele>946.4</ele>
   </trkpt>
   <trkpt lat="40.6425280" lon="-3.0968510">
    <ele>946.6</ele>
   </trkpt>
   <trkpt lat="40.6425280" lon="-3.0968170">
    <ele>946.8</ele>
   </trkpt>
   <trkpt lat="40.6425280" lon="-3.0967820">
    <ele>947.0</ele>
   </trkpt>
   <trkpt lat="40.6425280" lon="-3.0967460">
    <ele>947.2</ele>
   </trkpt>
   <trkpt lat="40.6425320" lon="-3.0967090">
    <ele>947.4</ele>
   </trkpt>
   <trkpt lat="40.6425360" lon="-3.0966730">
    <ele>947.6</ele>
   </trkpt>
   <trkpt lat="40.6425320" lon="-3.0966380">
    <ele>947.8</ele>
   </trkpt>
   <trkpt lat="40.6425320" lon="-3.0966050">
    <ele>947.8</ele>
   </trkpt>
   <trkpt lat="40.6425320" lon="-3.0965730">
    <ele>948.0</ele>
   </trkpt>
   <trkpt lat="40.6425320" lon="-3.0965430">
    <ele>948.2</ele>
   </trkpt>
   <trkpt lat="40.6425360" lon="-3.0965130">
    <ele>948.4</ele>
   </trkpt>
   <trkpt lat="40.6425360" lon="-3.0964830">
    <ele>948.6</ele>
   </trkpt>
   <trkpt lat="40.6425400" lon="-3.0964540">
    <ele>948.6</ele>
   </trkpt>
   <trkpt lat="40.6425400" lon="-3.0964220">
    <ele>948.8</ele>
   </trkpt>
   <trkpt lat="40.6425440" lon="-3.0963860">
    <ele>949.0</ele>
   </trkpt>
   <trkpt lat="40.6425480" lon="-3.0963490">
    <ele>949.2</ele>
   </trkpt>
   <trkpt lat="40.6425510" lon="-3.0963110">
    <ele>949.2</ele>
   </trkpt>
   <trkpt lat="40.6425550" lon="-3.0962740">
    <ele>949.4</ele>
   </trkpt>
   <trkpt lat="40.6425590" lon="-3.0962400">
    <ele>949.6</ele>
   </trkpt>
   <trkpt lat="40.6425630" lon="-3.0962060">
    <ele>949.8</ele>
   </trkpt>
   <trkpt lat="40.6425670" lon="-3.0961720">
    <ele>949.8</ele>
   </trkpt>
   <trkpt lat="40.6425670" lon="-3.0961380">
    <ele>950.0</ele>
   </trkpt>
   <trkpt lat="40.6425700" lon="-3.0961050">
    <ele>950.2</ele>
   </trkpt>
   <trkpt lat="40.6425740" lon="-3.0960690">
    <ele>950.4</ele>
   </trkpt>
   <trkpt lat="40.6425820" lon="-3.0960320">
    <ele>950.4</ele>
   </trkpt>
   <trkpt lat="40.6425900" lon="-3.0959940">
    <ele>950.6</ele>
   </trkpt>
   <trkpt lat="40.6425930" lon="-3.0959580">
    <ele>950.8</ele>
   </trkpt>
   <trkpt lat="40.6426010" lon="-3.0959240">
    <ele>951.0</ele>
   </trkpt>
   <trkpt lat="40.6426090" lon="-3.0958890">
    <ele>951.2</ele>
   </trkpt>
   <trkpt lat="40.6426160" lon="-3.0958560">
    <ele>951.2</ele>
   </trkpt>
   <trkpt lat="40.6426280" lon="-3.0958220">
    <ele>951.4</ele>
   </trkpt>
   <trkpt lat="40.6426390" lon="-3.0957890">
    <ele>951.6</ele>
   </trkpt>
   <trkpt lat="40.6426470" lon="-3.0957580">
    <ele>951.8</ele>
   </trkpt>
   <trkpt lat="40.6426580" lon="-3.0957250">
    <ele>952.0</ele>
   </trkpt>
   <trkpt lat="40.6426740" lon="-3.0956880">
    <ele>952.2</ele>
   </trkpt>
   <trkpt lat="40.6426850" lon="-3.0956550">
    <ele>952.4</ele>
   </trkpt>
   <trkpt lat="40.6426960" lon="-3.0956260">
    <ele>952.6</ele>
   </trkpt>
   <trkpt lat="40.6427080" lon="-3.0955940">
    <ele>952.6</ele>
   </trkpt>
   <trkpt lat="40.6427150" lon="-3.0955620">
    <ele>952.8</ele>
   </trkpt>
   <trkpt lat="40.6427270" lon="-3.0955300">
    <ele>953.0</ele>
   </trkpt>
   <trkpt lat="40.6427350" lon="-3.0954980">
    <ele>953.2</ele>
   </trkpt>
   <trkpt lat="40.6427460" lon="-3.0954630">
    <ele>953.4</ele>
   </trkpt>
   <trkpt lat="40.6427570" lon="-3.0954310">
    <ele>953.6</ele>
   </trkpt>
   <trkpt lat="40.6427690" lon="-3.0954010">
    <ele>953.6</ele>
   </trkpt>
   <trkpt lat="40.6427800" lon="-3.0953720">
    <ele>953.8</ele>
   </trkpt>
   <trkpt lat="40.6427880" lon="-3.0953420">
    <ele>954.0</ele>
   </trkpt>
   <trkpt lat="40.6427990" lon="-3.0953110">
    <ele>954.2</ele>
   </trkpt>
   <trkpt lat="40.6428110" lon="-3.0952800">
    <ele>954.4</ele>
   </trkpt>
   <trkpt lat="40.6428260" lon="-3.0952500">
    <ele>954.6</ele>
   </trkpt>
   <trkpt lat="40.6428380" lon="-3.0952190">
    <ele>954.8</ele>
   </trkpt>
   <trkpt lat="40.6428490" lon="-3.0951880">
    <ele>955.0</ele>
   </trkpt>
   <trkpt lat="40.6428600" lon="-3.0951560">
    <ele>955.2</ele>
   </trkpt>
   <trkpt lat="40.6428720" lon="-3.0951250">
    <ele>955.4</ele>
   </trkpt>
   <trkpt lat="40.6428830" lon="-3.0950930">
    <ele>955.6</ele>
   </trkpt>
   <trkpt lat="40.6428990" lon="-3.0950610">
    <ele>955.8</ele>
   </trkpt>
   <trkpt lat="40.6429100" lon="-3.0950290">
    <ele>956.0</ele>
   </trkpt>
   <trkpt lat="40.6429210" lon="-3.0949980">
    <ele>956.2</ele>
   </trkpt>
   <trkpt lat="40.6429330" lon="-3.0949690">
    <ele>956.4</ele>
   </trkpt>
   <trkpt lat="40.6429440" lon="-3.0949400">
    <ele>956.6</ele>
   </trkpt>
   <trkpt lat="40.6429560" lon="-3.0949100">
    <ele>956.6</ele>
   </trkpt>
   <trkpt lat="40.6429670" lon="-3.0948800">
    <ele>956.8</ele>
   </trkpt>
   <trkpt lat="40.6429790" lon="-3.0948490">
    <ele>957.0</ele>
   </trkpt>
   <trkpt lat="40.6429900" lon="-3.0948170">
    <ele>957.2</ele>
   </trkpt>
   <trkpt lat="40.6430020" lon="-3.0947850">
    <ele>957.2</ele>
   </trkpt>
   <trkpt lat="40.6430130" lon="-3.0947520">
    <ele>957.4</ele>
   </trkpt>
   <trkpt lat="40.6430280" lon="-3.0947200">
    <ele>957.6</ele>
   </trkpt>
   <trkpt lat="40.6430430" lon="-3.0946900">
    <ele>957.8</ele>
   </trkpt>
   <trkpt lat="40.6430590" lon="-3.0946580">
    <ele>958.0</ele>
   </trkpt>
   <trkpt lat="40.6430700" lon="-3.0946250">
    <ele>958.2</ele>
   </trkpt>
   <trkpt lat="40.6430820" lon="-3.0945900">
    <ele>958.4</ele>
   </trkpt>
   <trkpt lat="40.6430930" lon="-3.0945560">
    <ele>958.6</ele>
   </trkpt>
   <trkpt lat="40.6431050" lon="-3.0945250">
    <ele>958.8</ele>
   </trkpt>
   <trkpt lat="40.6431200" lon="-3.0944940">
    <ele>959.0</ele>
   </trkpt>
   <trkpt lat="40.6431310" lon="-3.0944610">
    <ele>959.0</ele>
   </trkpt>
   <trkpt lat="40.6431430" lon="-3.0944260">
    <ele>959.2</ele>
   </trkpt>
   <trkpt lat="40.6431500" lon="-3.0943910">
    <ele>959.4</ele>
   </trkpt>
   <trkpt lat="40.6431580" lon="-3.0943560">
    <ele>959.6</ele>
   </trkpt>
   <trkpt lat="40.6431690" lon="-3.0943250">
    <ele>959.8</ele>
   </trkpt>
   <trkpt lat="40.6431770" lon="-3.0942950">
    <ele>960.0</ele>
   </trkpt>
   <trkpt lat="40.6431810" lon="-3.0942640">
    <ele>960.0</ele>
   </trkpt>
   <trkpt lat="40.6431880" lon="-3.0942300">
    <ele>960.2</ele>
   </trkpt>
   <trkpt lat="40.6431960" lon="-3.0941970">
    <ele>960.4</ele>
   </trkpt>
   <trkpt lat="40.6432040" lon="-3.0941650">
    <ele>960.8</ele>
   </trkpt>
   <trkpt lat="40.6432110" lon="-3.0941320">
    <ele>961.0</ele>
   </trkpt>
   <trkpt lat="40.6432190" lon="-3.0940990">
    <ele>961.2</ele>
   </trkpt>
   <trkpt lat="40.6432230" lon="-3.0940630">
    <ele>961.4</ele>
   </trkpt>
   <trkpt lat="40.6432270" lon="-3.0940270">
    <ele>961.6</ele>
   </trkpt>
   <trkpt lat="40.6432270" lon="-3.0939940">
    <ele>961.8</ele>
   </trkpt>
   <trkpt lat="40.6432300" lon="-3.0939610">
    <ele>962.0</ele>
   </trkpt>
   <trkpt lat="40.6432380" lon="-3.0939300">
    <ele>962.2</ele>
   </trkpt>
   <trkpt lat="40.6432420" lon="-3.0938990">
    <ele>962.4</ele>
   </trkpt>
   <trkpt lat="40.6432460" lon="-3.0938660">
    <ele>962.6</ele>
   </trkpt>
   <trkpt lat="40.6432500" lon="-3.0938330">
    <ele>962.8</ele>
   </trkpt>
   <trkpt lat="40.6432530" lon="-3.0937980">
    <ele>963.2</ele>
   </trkpt>
   <trkpt lat="40.6432610" lon="-3.0937630">
    <ele>963.4</ele>
   </trkpt>
   <trkpt lat="40.6432650" lon="-3.0937290">
    <ele>963.6</ele>
   </trkpt>
   <trkpt lat="40.6432720" lon="-3.0936970">
    <ele>963.8</ele>
   </trkpt>
   <trkpt lat="40.6432760" lon="-3.0936660">
    <ele>964.2</ele>
   </trkpt>
   <trkpt lat="40.6432800" lon="-3.0936340">
    <ele>964.4</ele>
   </trkpt>
   <trkpt lat="40.6432880" lon="-3.0936030">
    <ele>964.6</ele>
   </trkpt>
   <trkpt lat="40.6432950" lon="-3.0935730">
    <ele>965.0</ele>
   </trkpt>
   <trkpt lat="40.6433030" lon="-3.0935420">
    <ele>965.2</ele>
   </trkpt>
   <trkpt lat="40.6433140" lon="-3.0935100">
    <ele>965.4</ele>
   </trkpt>
   <trkpt lat="40.6433220" lon="-3.0934760">
    <ele>965.6</ele>
   </trkpt>
   <trkpt lat="40.6433330" lon="-3.0934420">
    <ele>966.0</ele>
   </trkpt>
   <trkpt lat="40.6433410" lon="-3.0934150">
    <ele>966.2</ele>
   </trkpt>
   <trkpt lat="40.6433530" lon="-3.0933890">
    <ele>966.4</ele>
   </trkpt>
   <trkpt lat="40.6433600" lon="-3.0933580">
    <ele>966.8</ele>
   </trkpt>
   <trkpt lat="40.6433720" lon="-3.0933250">
    <ele>967.0</ele>
   </trkpt>
   <trkpt lat="40.6433830" lon="-3.0932930">
    <ele>967.2</ele>
   </trkpt>
   <trkpt lat="40.6433940" lon="-3.0932610">
    <ele>967.6</ele>
   </trkpt>
   <trkpt lat="40.6434060" lon="-3.0932290">
    <ele>967.8</ele>
   </trkpt>
   <trkpt lat="40.6434170" lon="-3.0931990">
    <ele>968.0</ele>
   </trkpt>
   <trkpt lat="40.6434290" lon="-3.0931690">
    <ele>968.2</ele>
   </trkpt>
   <trkpt lat="40.6434440" lon="-3.0931350">
    <ele>968.4</ele>
   </trkpt>
   <trkpt lat="40.6434550" lon="-3.0931010">
    <ele>968.8</ele>
   </trkpt>
   <trkpt lat="40.6434670" lon="-3.0930710">
    <ele>969.0</ele>
   </trkpt>
   <trkpt lat="40.6434820" lon="-3.0930430">
    <ele>969.2</ele>
   </trkpt>
   <trkpt lat="40.6434940" lon="-3.0930140">
    <ele>969.4</ele>
   </trkpt>
   <trkpt lat="40.6435090" lon="-3.0929870">
    <ele>969.6</ele>
   </trkpt>
   <trkpt lat="40.6435240" lon="-3.0929600">
    <ele>969.8</ele>
   </trkpt>
   <trkpt lat="40.6435360" lon="-3.0929310">
    <ele>970.2</ele>
   </trkpt>
   <trkpt lat="40.6435470" lon="-3.0928980">
    <ele>970.4</ele>
   </trkpt>
   <trkpt lat="40.6435580" lon="-3.0928660">
    <ele>970.6</ele>
   </trkpt>
   <trkpt lat="40.6435700" lon="-3.0928350">
    <ele>970.8</ele>
   </trkpt>
   <trkpt lat="40.6435850" lon="-3.0928040">
    <ele>971.0</ele>
   </trkpt>
   <trkpt lat="40.6435970" lon="-3.0927730">
    <ele>971.4</ele>
   </trkpt>
   <trkpt lat="40.6436120" lon="-3.0927440">
    <ele>971.6</ele>
   </trkpt>
   <trkpt lat="40.6436270" lon="-3.0927140">
    <ele>971.8</ele>
   </trkpt>
   <trkpt lat="40.6436420" lon="-3.0926830">
    <ele>972.0</ele>
   </trkpt>
   <trkpt lat="40.6436580" lon="-3.0926510">
    <ele>972.2</ele>
   </trkpt>
   <trkpt lat="40.6436690" lon="-3.0926190">
    <ele>972.4</ele>
   </trkpt>
   <trkpt lat="40.6436840" lon="-3.0925880">
    <ele>972.8</ele>
   </trkpt>
   <trkpt lat="40.6436960" lon="-3.0925580">
    <ele>973.0</ele>
   </trkpt>
   <trkpt lat="40.6437110" lon="-3.0925300">
    <ele>973.2</ele>
   </trkpt>
   <trkpt lat="40.6437260" lon="-3.0925030">
    <ele>973.4</ele>
   </trkpt>
   <trkpt lat="40.6437420" lon="-3.0924730">
    <ele>973.6</ele>
   </trkpt>
   <trkpt lat="40.6437570" lon="-3.0924430">
    <ele>973.8</ele>
   </trkpt>
   <trkpt lat="40.6437720" lon="-3.0924140">
    <ele>974.0</ele>
   </trkpt>
   <trkpt lat="40.6437870" lon="-3.0923870">
    <ele>974.2</ele>
   </trkpt>
   <trkpt lat="40.6438030" lon="-3.0923590">
    <ele>974.4</ele>
   </trkpt>
   <trkpt lat="40.6438180" lon="-3.0923320">
    <ele>974.6</ele>
   </trkpt>
   <trkpt lat="40.6438370" lon="-3.0923060">
    <ele>974.8</ele>
   </trkpt>
   <trkpt lat="40.6438560" lon="-3.0922810">
    <ele>975.0</ele>
   </trkpt>
   <trkpt lat="40.6438790" lon="-3.0922540">
    <ele>975.2</ele>
   </trkpt>
   <trkpt lat="40.6438940" lon="-3.0922270">
    <ele>975.4</ele>
   </trkpt>
   <trkpt lat="40.6439130" lon="-3.0921990">
    <ele>975.6</ele>
   </trkpt>
   <trkpt lat="40.6439320" lon="-3.0921720">
    <ele>975.8</ele>
   </trkpt>
   <trkpt lat="40.6439510" lon="-3.0921460">
    <ele>976.0</ele>
   </trkpt>
   <trkpt lat="40.6439700" lon="-3.0921210">
    <ele>976.0</ele>
   </trkpt>
   <trkpt lat="40.6439930" lon="-3.0920950">
    <ele>976.2</ele>
   </trkpt>
   <trkpt lat="40.6440120" lon="-3.0920700">
    <ele>976.4</ele>
   </trkpt>
   <trkpt lat="40.6440280" lon="-3.0920460">
    <ele>976.6</ele>
   </trkpt>
   <trkpt lat="40.6440470" lon="-3.0920200">
    <ele>976.8</ele>
   </trkpt>
   <trkpt lat="40.6440660" lon="-3.0919950">
    <ele>976.8</ele>
   </trkpt>
   <trkpt lat="40.6440850" lon="-3.0919690">
    <ele>976.8</ele>
   </trkpt>
   <trkpt lat="40.6441040" lon="-3.0919420">
    <ele>977.0</ele>
   </trkpt>
   <trkpt lat="40.6441230" lon="-3.0919150">
    <ele>977.0</ele>
   </trkpt>
   <trkpt lat="40.6441380" lon="-3.0918910">
    <ele>977.0</ele>
   </trkpt>
   <trkpt lat="40.6441570" lon="-3.0918680">
    <ele>977.2</ele>
   </trkpt>
   <trkpt lat="40.6441730" lon="-3.0918480">
    <ele>977.2</ele>
   </trkpt>
   <trkpt lat="40.6441840" lon="-3.0918310">
    <ele>977.4</ele>
   </trkpt>
   <trkpt lat="40.6441920" lon="-3.0918230">
    <ele>977.4</ele>
   </trkpt>
   <trkpt lat="40.6442150" lon="-3.0918050">
    <ele>977.6</ele>
   </trkpt>
   <trkpt lat="40.6442340" lon="-3.0917900">
    <ele>977.6</ele>
   </trkpt>
   <trkpt lat="40.6442530" lon="-3.0917670">
    <ele>977.6</ele>
   </trkpt>
   <trkpt lat="40.6442760" lon="-3.0917410">
    <ele>977.6</ele>
   </trkpt>
   <trkpt lat="40.6442990" lon="-3.0917120">
    <ele>977.6</ele>
   </trkpt>
   <trkpt lat="40.6443210" lon="-3.0916810">
    <ele>977.6</ele>
   </trkpt>
   <trkpt lat="40.6443480" lon="-3.0916500">
    <ele>977.6</ele>
   </trkpt>
   <trkpt lat="40.6443790" lon="-3.0916190">
    <ele>977.6</ele>
   </trkpt>
   <trkpt lat="40.6444050" lon="-3.0915860">
    <ele>977.6</ele>
   </trkpt>
   <trkpt lat="40.6444360" lon="-3.0915520">
    <ele>977.6</ele>
   </trkpt>
   <trkpt lat="40.6444660" lon="-3.0915170">
    <ele>977.6</ele>
   </trkpt>
   <trkpt lat="40.6444930" lon="-3.0914810">
    <ele>977.6</ele>
   </trkpt>
   <trkpt lat="40.6445200" lon="-3.0914450">
    <ele>977.6</ele>
   </trkpt>
   <trkpt lat="40.6445500" lon="-3.0914110">
    <ele>977.6</ele>
   </trkpt>
   <trkpt lat="40.6445770" lon="-3.0913780">
    <ele>977.6</ele>
   </trkpt>
   <trkpt lat="40.6446080" lon="-3.0913430">
    <ele>977.4</ele>
   </trkpt>
   <trkpt lat="40.6446380" lon="-3.0913040">
    <ele>977.4</ele>
   </trkpt>
   <trkpt lat="40.6446720" lon="-3.0912640">
    <ele>977.4</ele>
   </trkpt>
   <trkpt lat="40.6447070" lon="-3.0912270">
    <ele>977.4</ele>
   </trkpt>
   <trkpt lat="40.6447450" lon="-3.0911890">
    <ele>977.4</ele>
   </trkpt>
   <trkpt lat="40.6447750" lon="-3.0911500">
    <ele>977.4</ele>
   </trkpt>
   <trkpt lat="40.6448100" lon="-3.0911080">
    <ele>977.4</ele>
   </trkpt>
   <trkpt lat="40.6448480" lon="-3.0910640">
    <ele>977.4</ele>
   </trkpt>
   <trkpt lat="40.6448860" lon="-3.0910190">
    <ele>977.4</ele>
   </trkpt>
   <trkpt lat="40.6449200" lon="-3.0909750">
    <ele>977.2</ele>
   </trkpt>
   <trkpt lat="40.6449550" lon="-3.0909320">
    <ele>977.2</ele>
   </trkpt>
   <trkpt lat="40.6449930" lon="-3.0908880">
    <ele>977.2</ele>
   </trkpt>
   <trkpt lat="40.6450270" lon="-3.0908430">
    <ele>977.0</ele>
   </trkpt>
   <trkpt lat="40.6450650" lon="-3.0907960">
    <ele>977.0</ele>
   </trkpt>
   <trkpt lat="40.6451030" lon="-3.0907450">
    <ele>977.0</ele>
   </trkpt>
   <trkpt lat="40.6451420" lon="-3.0906910">
    <ele>977.0</ele>
   </trkpt>
   <trkpt lat="40.6451800" lon="-3.0906330">
    <ele>976.8</ele>
   </trkpt>
   <trkpt lat="40.6452180" lon="-3.0905740">
    <ele>976.6</ele>
   </trkpt>
   <trkpt lat="40.6452480" lon="-3.0905160">
    <ele>976.6</ele>
   </trkpt>
   <trkpt lat="40.6452830" lon="-3.0904600">
    <ele>976.4</ele>
   </trkpt>
   <trkpt lat="40.6453130" lon="-3.0904060">
    <ele>976.4</ele>
   </trkpt>
   <trkpt lat="40.6453480" lon="-3.0903510">
    <ele>976.4</ele>
   </trkpt>
   <trkpt lat="40.6453820" lon="-3.0902960">
    <ele>976.2</ele>
   </trkpt>
   <trkpt lat="40.6454120" lon="-3.0902400">
    <ele>976.2</ele>
   </trkpt>
   <trkpt lat="40.6454510" lon="-3.0901850">
    <ele>976.2</ele>
   </trkpt>
   <trkpt lat="40.6454850" lon="-3.0901290">
    <ele>976.2</ele>
   </trkpt>
   <trkpt lat="40.6455150" lon="-3.0900720">
    <ele>976.0</ele>
   </trkpt>
   <trkpt lat="40.6455500" lon="-3.0900140">
    <ele>976.0</ele>
   </trkpt>
   <trkpt lat="40.6455880" lon="-3.0899540">
    <ele>976.0</ele>
   </trkpt>
   <trkpt lat="40.6456300" lon="-3.0898920">
    <ele>975.8</ele>
   </trkpt>
   <trkpt lat="40.6456680" lon="-3.0898300">
    <ele>975.8</ele>
   </trkpt>
   <trkpt lat="40.6457100" lon="-3.0897670">
    <ele>975.8</ele>
   </trkpt>
   <trkpt lat="40.6457480" lon="-3.0897020">
    <ele>975.8</ele>
   </trkpt>
   <trkpt lat="40.6457860" lon="-3.0896370">
    <ele>975.8</ele>
   </trkpt>
   <trkpt lat="40.6458280" lon="-3.0895710">
    <ele>975.8</ele>
   </trkpt>
   <trkpt lat="40.6458660" lon="-3.0895040">
    <ele>975.8</ele>
   </trkpt>
   <trkpt lat="40.6459050" lon="-3.0894370">
    <ele>975.6</ele>
   </trkpt>
   <trkpt lat="40.6459430" lon="-3.0893730">
    <ele>975.6</ele>
   </trkpt>
   <trkpt lat="40.6459850" lon="-3.0893100">
    <ele>975.6</ele>
   </trkpt>
   <trkpt lat="40.6460230" lon="-3.0892480">
    <ele>975.8</ele>
   </trkpt>
   <trkpt lat="40.6460570" lon="-3.0891830">
    <ele>975.8</ele>
   </trkpt>
   <trkpt lat="40.6460910" lon="-3.0891150">
    <ele>975.8</ele>
   </trkpt>
   <trkpt lat="40.6461260" lon="-3.0890440">
    <ele>975.8</ele>
   </trkpt>
   <trkpt lat="40.6461600" lon="-3.0889730">
    <ele>975.8</ele>
   </trkpt>
   <trkpt lat="40.6461910" lon="-3.0889020">
    <ele>976.0</ele>
   </trkpt>
   <trkpt lat="40.6462210" lon="-3.0888300">
    <ele>976.0</ele>
   </trkpt>
   <trkpt lat="40.6462520" lon="-3.0887580">
    <ele>976.0</ele>
   </trkpt>
   <trkpt lat="40.6462820" lon="-3.0886840">
    <ele>976.0</ele>
   </trkpt>
   <trkpt lat="40.6463170" lon="-3.0886120">
    <ele>976.2</ele>
   </trkpt>
   <trkpt lat="40.6463470" lon="-3.0885420">
    <ele>976.2</ele>
   </trkpt>
   <trkpt lat="40.6463780" lon="-3.0884740">
    <ele>976.4</ele>
   </trkpt>
   <trkpt lat="40.6464080" lon="-3.0884050">
    <ele>976.4</ele>
   </trkpt>
   <trkpt lat="40.6464350" lon="-3.0883330">
    <ele>976.4</ele>
   </trkpt>
   <trkpt lat="40.6464650" lon="-3.0882640">
    <ele>976.4</ele>
   </trkpt>
   <trkpt lat="40.6464960" lon="-3.0881970">
    <ele>976.6</ele>
   </trkpt>
   <trkpt lat="40.6465260" lon="-3.0881310">
    <ele>976.6</ele>
   </trkpt>
   <trkpt lat="40.6465570" lon="-3.0880610">
    <ele>976.6</ele>
   </trkpt>
   <trkpt lat="40.6465840" lon="-3.0879890">
    <ele>976.8</ele>
   </trkpt>
   <trkpt lat="40.6466140" lon="-3.0879170">
    <ele>976.8</ele>
   </trkpt>
   <trkpt lat="40.6466450" lon="-3.0878480">
    <ele>976.8</ele>
   </trkpt>
   <trkpt lat="40.6466750" lon="-3.0877750">
    <ele>976.8</ele>
   </trkpt>
   <trkpt lat="40.6467020" lon="-3.0877000">
    <ele>976.8</ele>
   </trkpt>
   <trkpt lat="40.6467320" lon="-3.0876250">
    <ele>977.0</ele>
   </trkpt>
   <trkpt lat="40.6467630" lon="-3.0875530">
    <ele>977.0</ele>
   </trkpt>
   <trkpt lat="40.6467930" lon="-3.0874820">
    <ele>977.0</ele>
   </trkpt>
   <trkpt lat="40.6468200" lon="-3.0874140">
    <ele>976.8</ele>
   </trkpt>
   <trkpt lat="40.6468510" lon="-3.0873460">
    <ele>976.8</ele>
   </trkpt>
   <trkpt lat="40.6468850" lon="-3.0872730">
    <ele>976.8</ele>
   </trkpt>
   <trkpt lat="40.6469150" lon="-3.0871990">
    <ele>976.8</ele>
   </trkpt>
   <trkpt lat="40.6469460" lon="-3.0871250">
    <ele>976.8</ele>
   </trkpt>
   <trkpt lat="40.6469760" lon="-3.0870510">
    <ele>976.8</ele>
   </trkpt>
   <trkpt lat="40.6470070" lon="-3.0869780">
    <ele>976.8</ele>
   </trkpt>
   <trkpt lat="40.6470370" lon="-3.0869080">
    <ele>976.8</ele>
   </trkpt>
   <trkpt lat="40.6470680" lon="-3.0868370">
    <ele>976.8</ele>
   </trkpt>
   <trkpt lat="40.6470990" lon="-3.0867670">
    <ele>976.6</ele>
   </trkpt>
   <trkpt lat="40.6471290" lon="-3.0866980">
    <ele>976.6</ele>
   </trkpt>
   <trkpt lat="40.6471600" lon="-3.0866270">
    <ele>976.4</ele>
   </trkpt>
   <trkpt lat="40.6471900" lon="-3.0865560">
    <ele>976.2</ele>
   </trkpt>
   <trkpt lat="40.6472210" lon="-3.0864860">
    <ele>976.2</ele>
   </trkpt>
   <trkpt lat="40.6472510" lon="-3.0864150">
    <ele>976.0</ele>
   </trkpt>
   <trkpt lat="40.6472850" lon="-3.0863420">
    <ele>975.8</ele>
   </trkpt>
   <trkpt lat="40.6473160" lon="-3.0862670">
    <ele>975.6</ele>
   </trkpt>
   <trkpt lat="40.6473500" lon="-3.0861900">
    <ele>975.4</ele>
   </trkpt>
   <trkpt lat="40.6473850" lon="-3.0861100">
    <ele>975.2</ele>
   </trkpt>
   <trkpt lat="40.6474190" lon="-3.0860290">
    <ele>975.0</ele>
   </trkpt>
   <trkpt lat="40.6474530" lon="-3.0859450">
    <ele>974.8</ele>
   </trkpt>
   <trkpt lat="40.6474880" lon="-3.0858620">
    <ele>974.8</ele>
   </trkpt>
   <trkpt lat="40.6475220" lon="-3.0857800">
    <ele>974.8</ele>
   </trkpt>
   <trkpt lat="40.6475560" lon="-3.0857000">
    <ele>974.8</ele>
   </trkpt>
   <trkpt lat="40.6475940" lon="-3.0856200">
    <ele>974.8</ele>
   </trkpt>
   <trkpt lat="40.6476330" lon="-3.0855400">
    <ele>974.6</ele>
   </trkpt>
   <trkpt lat="40.6476710" lon="-3.0854570">
    <ele>974.6</ele>
   </trkpt>
   <trkpt lat="40.6477050" lon="-3.0853710">
    <ele>974.4</ele>
   </trkpt>
   <trkpt lat="40.6477430" lon="-3.0852830">
    <ele>974.4</ele>
   </trkpt>
   <trkpt lat="40.6477810" lon="-3.0851930">
    <ele>974.4</ele>
   </trkpt>
   <trkpt lat="40.6478190" lon="-3.0851050">
    <ele>974.4</ele>
   </trkpt>
   <trkpt lat="40.6478610" lon="-3.0850190">
    <ele>974.4</ele>
   </trkpt>
   <trkpt lat="40.6478960" lon="-3.0849320">
    <ele>974.6</ele>
   </trkpt>
   <trkpt lat="40.6479300" lon="-3.0848450">
    <ele>974.6</ele>
   </trkpt>
   <trkpt lat="40.6479680" lon="-3.0847620">
    <ele>974.8</ele>
   </trkpt>
   <trkpt lat="40.6480140" lon="-3.0846870">
    <ele>974.8</ele>
   </trkpt>
   <trkpt lat="40.6480670" lon="-3.0846250">
    <ele>974.8</ele>
   </trkpt>
   <trkpt lat="40.6481290" lon="-3.0845700">
    <ele>975.0</ele>
   </trkpt>
   <trkpt lat="40.6481930" lon="-3.0845220">
    <ele>975.2</ele>
   </trkpt>
   <trkpt lat="40.6482580" lon="-3.0844780">
    <ele>975.2</ele>
   </trkpt>
   <trkpt lat="40.6483230" lon="-3.0844370">
    <ele>975.4</ele>
   </trkpt>
   <trkpt lat="40.6483880" lon="-3.0843970">
    <ele>975.4</ele>
   </trkpt>
   <trkpt lat="40.6484530" lon="-3.0843600">
    <ele>975.4</ele>
   </trkpt>
   <trkpt lat="40.6485140" lon="-3.0843260">
    <ele>975.6</ele>
   </trkpt>
   <trkpt lat="40.6485750" lon="-3.0842900">
    <ele>975.6</ele>
   </trkpt>
   <trkpt lat="40.6486360" lon="-3.0842550">
    <ele>975.8</ele>
   </trkpt>
   <trkpt lat="40.6486970" lon="-3.0842200">
    <ele>976.0</ele>
   </trkpt>
   <trkpt lat="40.6487580" lon="-3.0841860">
    <ele>976.0</ele>
   </trkpt>
   <trkpt lat="40.6488190" lon="-3.0841500">
    <ele>976.0</ele>
   </trkpt>
   <trkpt lat="40.6488800" lon="-3.0841140">
    <ele>976.0</ele>
   </trkpt>
   <trkpt lat="40.6489370" lon="-3.0840790">
    <ele>976.0</ele>
   </trkpt>
   <trkpt lat="40.6489980" lon="-3.0840450">
    <ele>976.2</ele>
   </trkpt>
   <trkpt lat="40.6490590" lon="-3.0840120">
    <ele>976.2</ele>
   </trkpt>
   <trkpt lat="40.6491200" lon="-3.0839820">
    <ele>976.2</ele>
   </trkpt>
   <trkpt lat="40.6491850" lon="-3.0839560">
    <ele>976.0</ele>
   </trkpt>
   <trkpt lat="40.6492540" lon="-3.0839360">
    <ele>975.8</ele>
   </trkpt>
   <trkpt lat="40.6493260" lon="-3.0839180">
    <ele>975.6</ele>
   </trkpt>
   <trkpt lat="40.6494030" lon="-3.0839040">
    <ele>975.4</ele>
   </trkpt>
   <trkpt lat="40.6494790" lon="-3.0838900">
    <ele>975.0</ele>
   </trkpt>
   <trkpt lat="40.6495630" lon="-3.0838760">
    <ele>974.4</ele>
   </trkpt>
   <trkpt lat="40.6496510" lon="-3.0838630">
    <ele>974.0</ele>
   </trkpt>
   <trkpt lat="40.6497380" lon="-3.0838510">
    <ele>973.6</ele>
   </trkpt>
   <trkpt lat="40.6498300" lon="-3.0838400">
    <ele>973.2</ele>
   </trkpt>
   <trkpt lat="40.6499210" lon="-3.0838280">
    <ele>972.8</ele>
   </trkpt>
   <trkpt lat="40.6500170" lon="-3.0838160">
    <ele>972.4</ele>
   </trkpt>
   <trkpt lat="40.6501120" lon="-3.0838020">
    <ele>971.8</ele>
   </trkpt>
   <trkpt lat="40.6502070" lon="-3.0837860">
    <ele>971.4</ele>
   </trkpt>
   <trkpt lat="40.6503070" lon="-3.0837710">
    <ele>971.0</ele>
   </trkpt>
   <trkpt lat="40.6504020" lon="-3.0837560">
    <ele>970.8</ele>
   </trkpt>
   <trkpt lat="40.6504940" lon="-3.0837420">
    <ele>971.0</ele>
   </trkpt>
   <trkpt lat="40.6505780" lon="-3.0837270">
    <ele>971.2</ele>
   </trkpt>
   <trkpt lat="40.6506610" lon="-3.0837130">
    <ele>971.2</ele>
   </trkpt>
   <trkpt lat="40.6507380" lon="-3.0836980">
    <ele>971.2</ele>
   </trkpt>
   <trkpt lat="40.6508180" lon="-3.0836820">
    <ele>971.2</ele>
   </trkpt>
   <trkpt lat="40.6508940" lon="-3.0836670">
    <ele>971.0</ele>
   </trkpt>
   <trkpt lat="40.6509670" lon="-3.0836540">
    <ele>971.0</ele>
   </trkpt>
   <trkpt lat="40.6510390" lon="-3.0836420">
    <ele>970.8</ele>
   </trkpt>
   <trkpt lat="40.6511150" lon="-3.0836260">
    <ele>970.6</ele>
   </trkpt>
   <trkpt lat="40.6511920" lon="-3.0836060">
    <ele>970.2</ele>
   </trkpt>
   <trkpt lat="40.6512720" lon="-3.0835890">
    <ele>969.8</ele>
   </trkpt>
   <trkpt lat="40.6513520" lon="-3.0835730">
    <ele>969.6</ele>
   </trkpt>
   <trkpt lat="40.6514360" lon="-3.0835580">
    <ele>969.2</ele>
   </trkpt>
   <trkpt lat="40.6515200" lon="-3.0835430">
    <ele>968.8</ele>
   </trkpt>
   <trkpt lat="40.6516080" lon="-3.0835280">
    <ele>968.4</ele>
   </trkpt>
   <trkpt lat="40.6516990" lon="-3.0835100">
    <ele>967.8</ele>
   </trkpt>
   <trkpt lat="40.6517910" lon="-3.0834910">
    <ele>967.4</ele>
   </trkpt>
   <trkpt lat="40.6518820" lon="-3.0834690">
    <ele>966.6</ele>
   </trkpt>
   <trkpt lat="40.6519770" lon="-3.0834400">
    <ele>965.8</ele>
   </trkpt>
   <trkpt lat="40.6520730" lon="-3.0833950">
    <ele>964.8</ele>
   </trkpt>
   <trkpt lat="40.6521640" lon="-3.0833320">
    <ele>964.0</ele>
   </trkpt>
   <trkpt lat="40.6522520" lon="-3.0832520">
    <ele>963.0</ele>
   </trkpt>
   <trkpt lat="40.6523440" lon="-3.0831580">
    <ele>962.2</ele>
   </trkpt>
   <trkpt lat="40.6524310" lon="-3.0830590">
    <ele>961.4</ele>
   </trkpt>
   <trkpt lat="40.6525190" lon="-3.0829610">
    <ele>960.4</ele>
   </trkpt>
   <trkpt lat="40.6526070" lon="-3.0828610">
    <ele>959.6</ele>
   </trkpt>
   <trkpt lat="40.6526990" lon="-3.0827600">
    <ele>958.8</ele>
   </trkpt>
   <trkpt lat="40.6527860" lon="-3.0826580">
    <ele>958.2</ele>
   </trkpt>
   <trkpt lat="40.6528740" lon="-3.0825590">
    <ele>957.6</ele>
   </trkpt>
   <trkpt lat="40.6529660" lon="-3.0824620">
    <ele>957.2</ele>
   </trkpt>
   <trkpt lat="40.6530570" lon="-3.0823660">
    <ele>956.8</ele>
   </trkpt>
   <trkpt lat="40.6531490" lon="-3.0822760">
    <ele>956.4</ele>
   </trkpt>
   <trkpt lat="40.6532440" lon="-3.0821990">
    <ele>956.4</ele>
   </trkpt>
   <trkpt lat="40.6533470" lon="-3.0821390">
    <ele>956.2</ele>
   </trkpt>
   <trkpt lat="40.6534500" lon="-3.0820930">
    <ele>955.8</ele>
   </trkpt>
   <trkpt lat="40.6535530" lon="-3.0820570">
    <ele>955.6</ele>
   </trkpt>
   <trkpt lat="40.6536600" lon="-3.0820280">
    <ele>955.4</ele>
   </trkpt>
   <trkpt lat="40.6537630" lon="-3.0820000">
    <ele>955.0</ele>
   </trkpt>
   <trkpt lat="40.6538700" lon="-3.0819710">
    <ele>954.8</ele>
   </trkpt>
   <trkpt lat="40.6539730" lon="-3.0819440">
    <ele>954.4</ele>
   </trkpt>
   <trkpt lat="40.6540760" lon="-3.0819180">
    <ele>954.4</ele>
   </trkpt>
   <trkpt lat="40.6541790" lon="-3.0818940">
    <ele>954.4</ele>
   </trkpt>
   <trkpt lat="40.6542780" lon="-3.0818700">
    <ele>954.2</ele>
   </trkpt>
   <trkpt lat="40.6543770" lon="-3.0818450">
    <ele>954.2</ele>
   </trkpt>
   <trkpt lat="40.6544720" lon="-3.0818180">
    <ele>954.0</ele>
   </trkpt>
   <trkpt lat="40.6545640" lon="-3.0817910">
    <ele>954.2</ele>
   </trkpt>
   <trkpt lat="40.6546550" lon="-3.0817640">
    <ele>954.2</ele>
   </trkpt>
   <trkpt lat="40.6547390" lon="-3.0817360">
    <ele>954.4</ele>
   </trkpt>
   <trkpt lat="40.6548230" lon="-3.0817080">
    <ele>954.4</ele>
   </trkpt>
   <trkpt lat="40.6549070" lon="-3.0816730">
    <ele>954.4</ele>
   </trkpt>
   <trkpt lat="40.6549910" lon="-3.0816300">
    <ele>954.4</ele>
   </trkpt>
   <trkpt lat="40.6550670" lon="-3.0815780">
    <ele>954.4</ele>
   </trkpt>
   <trkpt lat="40.6551440" lon="-3.0815170">
    <ele>954.2</ele>
   </trkpt>
   <trkpt lat="40.6552120" lon="-3.0814480">
    <ele>954.2</ele>
   </trkpt>
   <trkpt lat="40.6552810" lon="-3.0813750">
    <ele>954.2</ele>
   </trkpt>
   <trkpt lat="40.6553540" lon="-3.0813020">
    <ele>954.0</ele>
   </trkpt>
   <trkpt lat="40.6554220" lon="-3.0812300">
    <ele>954.0</ele>
   </trkpt>
   <trkpt lat="40.6554950" lon="-3.0811580">
    <ele>953.8</ele>
   </trkpt>
   <trkpt lat="40.6555630" lon="-3.0810850">
    <ele>953.6</ele>
   </trkpt>
   <trkpt lat="40.6556320" lon="-3.0810130">
    <ele>953.6</ele>
   </trkpt>
   <trkpt lat="40.6557010" lon="-3.0809400">
    <ele>953.4</ele>
   </trkpt>
   <trkpt lat="40.6557730" lon="-3.0808690">
    <ele>953.4</ele>
   </trkpt>
   <trkpt lat="40.6558420" lon="-3.0807970">
    <ele>953.2</ele>
   </trkpt>
   <trkpt lat="40.6559100" lon="-3.0807250">
    <ele>953.2</ele>
   </trkpt>
   <trkpt lat="40.6559790" lon="-3.0806540">
    <ele>953.2</ele>
   </trkpt>
   <trkpt lat="40.6560520" lon="-3.0805860">
    <ele>953.0</ele>
   </trkpt>
   <trkpt lat="40.6561240" lon="-3.0805200">
    <ele>953.0</ele>
   </trkpt>
   <trkpt lat="40.6561970" lon="-3.0804560">
    <ele>953.0</ele>
   </trkpt>
   <trkpt lat="40.6562610" lon="-3.0803910">
    <ele>953.2</ele>
   </trkpt>
   <trkpt lat="40.6563300" lon="-3.0803320">
    <ele>953.4</ele>
   </trkpt>
   <trkpt lat="40.6563950" lon="-3.0802760">
    <ele>953.6</ele>
   </trkpt>
   <trkpt lat="40.6564600" lon="-3.0802230">
    <ele>954.0</ele>
   </trkpt>
   <trkpt lat="40.6565250" lon="-3.0801750">
    <ele>954.4</ele>
   </trkpt>
   <trkpt lat="40.6565820" lon="-3.0801300">
    <ele>954.8</ele>
   </trkpt>
   <trkpt lat="40.6566390" lon="-3.0800920">
    <ele>955.2</ele>
   </trkpt>
   <trkpt lat="40.6566960" lon="-3.0800600">
    <ele>955.6</ele>
   </trkpt>
   <trkpt lat="40.6567460" lon="-3.0800320">
    <ele>956.0</ele>
   </trkpt>
   <trkpt lat="40.6567960" lon="-3.0800070">
    <ele>956.4</ele>
   </trkpt>
   <trkpt lat="40.6568450" lon="-3.0799860">
    <ele>956.8</ele>
   </trkpt>
   <trkpt lat="40.6568910" lon="-3.0799670">
    <ele>957.2</ele>
   </trkpt>
   <trkpt lat="40.6569370" lon="-3.0799510">
    <ele>957.4</ele>
   </trkpt>
   <trkpt lat="40.6569820" lon="-3.0799360">
    <ele>957.8</ele>
   </trkpt>
   <trkpt lat="40.6570240" lon="-3.0799200">
    <ele>958.0</ele>
   </trkpt>
   <trkpt lat="40.6570630" lon="-3.0799050">
    <ele>958.2</ele>
   </trkpt>
   <trkpt lat="40.6571010" lon="-3.0798930">
    <ele>958.6</ele>
   </trkpt>
   <trkpt lat="40.6571390" lon="-3.0798810">
    <ele>959.0</ele>
   </trkpt>
   <trkpt lat="40.6571770" lon="-3.0798700">
    <ele>959.2</ele>
   </trkpt>
   <trkpt lat="40.6572150" lon="-3.0798620">
    <ele>959.4</ele>
   </trkpt>
   <trkpt lat="40.6572530" lon="-3.0798520">
    <ele>959.6</ele>
   </trkpt>
   <trkpt lat="40.6572910" lon="-3.0798420">
    <ele>959.8</ele>
   </trkpt>
   <trkpt lat="40.6573300" lon="-3.0798330">
    <ele>960.2</ele>
   </trkpt>
   <trkpt lat="40.6573680" lon="-3.0798240">
    <ele>960.4</ele>
   </trkpt>
   <trkpt lat="40.6574020" lon="-3.0798140">
    <ele>960.4</ele>
   </trkpt>
   <trkpt lat="40.6574400" lon="-3.0798040">
    <ele>960.6</ele>
   </trkpt>
   <trkpt lat="40.6574750" lon="-3.0797930">
    <ele>960.8</ele>
   </trkpt>
   <trkpt lat="40.6575090" lon="-3.0797810">
    <ele>961.0</ele>
   </trkpt>
   <trkpt lat="40.6575430" lon="-3.0797720">
    <ele>961.2</ele>
   </trkpt>
   <trkpt lat="40.6575780" lon="-3.0797610">
    <ele>961.4</ele>
   </trkpt>
   <trkpt lat="40.6576160" lon="-3.0797520">
    <ele>961.6</ele>
   </trkpt>
   <trkpt lat="40.6576500" lon="-3.0797430">
    <ele>961.8</ele>
   </trkpt>
   <trkpt lat="40.6576840" lon="-3.0797330">
    <ele>962.0</ele>
   </trkpt>
   <trkpt lat="40.6577190" lon="-3.0797210">
    <ele>962.2</ele>
   </trkpt>
   <trkpt lat="40.6577570" lon="-3.0797110">
    <ele>962.4</ele>
   </trkpt>
   <trkpt lat="40.6577870" lon="-3.0797030">
    <ele>962.6</ele>
   </trkpt>
   <trkpt lat="40.6578180" lon="-3.0796950">
    <ele>962.8</ele>
   </trkpt>
   <trkpt lat="40.6578520" lon="-3.0796860">
    <ele>963.0</ele>
   </trkpt>
   <trkpt lat="40.6578860" lon="-3.0796750">
    <ele>963.2</ele>
   </trkpt>
   <trkpt lat="40.6579170" lon="-3.0796670">
    <ele>963.4</ele>
   </trkpt>
   <trkpt lat="40.6579480" lon="-3.0796590">
    <ele>963.6</ele>
   </trkpt>
   <trkpt lat="40.6579780" lon="-3.0796520">
    <ele>963.8</ele>
   </trkpt>
   <trkpt lat="40.6580090" lon="-3.0796430">
    <ele>963.8</ele>
   </trkpt>
   <trkpt lat="40.6580350" lon="-3.0796360">
    <ele>964.0</ele>
   </trkpt>
   <trkpt lat="40.6580620" lon="-3.0796300">
    <ele>964.2</ele>
   </trkpt>
   <trkpt lat="40.6580930" lon="-3.0796240">
    <ele>964.4</ele>
   </trkpt>
   <trkpt lat="40.6581190" lon="-3.0796170">
    <ele>964.6</ele>
   </trkpt>
   <trkpt lat="40.6581460" lon="-3.0796070">
    <ele>964.8</ele>
   </trkpt>
   <trkpt lat="40.6581760" lon="-3.0795960">
    <ele>965.0</ele>
   </trkpt>
   <trkpt lat="40.6582030" lon="-3.0795870">
    <ele>965.2</ele>
   </trkpt>
   <trkpt lat="40.6582300" lon="-3.0795790">
    <ele>965.4</ele>
   </trkpt>
   <trkpt lat="40.6582570" lon="-3.0795710">
    <ele>965.6</ele>
   </trkpt>
   <trkpt lat="40.6582830" lon="-3.0795620">
    <ele>965.8</ele>
   </trkpt>
   <trkpt lat="40.6583140" lon="-3.0795520">
    <ele>966.0</ele>
   </trkpt>
   <trkpt lat="40.6583400" lon="-3.0795440">
    <ele>966.0</ele>
   </trkpt>
   <trkpt lat="40.6583670" lon="-3.0795380">
    <ele>966.2</ele>
   </trkpt>
   <trkpt lat="40.6583940" lon="-3.0795320">
    <ele>966.4</ele>
   </trkpt>
   <trkpt lat="40.6584210" lon="-3.0795250">
    <ele>966.6</ele>
   </trkpt>
   <trkpt lat="40.6584510" lon="-3.0795150">
    <ele>966.8</ele>
   </trkpt>
   <trkpt lat="40.6584820" lon="-3.0795070">
    <ele>967.0</ele>
   </trkpt>
   <trkpt lat="40.6585120" lon="-3.0795000">
    <ele>967.2</ele>
   </trkpt>
   <trkpt lat="40.6585390" lon="-3.0794950">
    <ele>967.4</ele>
   </trkpt>
   <trkpt lat="40.6585660" lon="-3.0794890">
    <ele>967.6</ele>
   </trkpt>
   <trkpt lat="40.6585960" lon="-3.0794810">
    <ele>967.6</ele>
   </trkpt>
   <trkpt lat="40.6586230" lon="-3.0794710">
    <ele>967.8</ele>
   </trkpt>
   <trkpt lat="40.6586490" lon="-3.0794590">
    <ele>968.0</ele>
   </trkpt>
   <trkpt lat="40.6586800" lon="-3.0794470">
    <ele>968.2</ele>
   </trkpt>
   <trkpt lat="40.6587070" lon="-3.0794390">
    <ele>968.2</ele>
   </trkpt>
   <trkpt lat="40.6587370" lon="-3.0794340">
    <ele>968.4</ele>
   </trkpt>
   <trkpt lat="40.6587640" lon="-3.0794280">
    <ele>968.6</ele>
   </trkpt>
   <trkpt lat="40.6587940" lon="-3.0794190">
    <ele>968.6</ele>
   </trkpt>
   <trkpt lat="40.6588250" lon="-3.0794080">
    <ele>968.8</ele>
   </trkpt>
   <trkpt lat="40.6588550" lon="-3.0793990">
    <ele>969.0</ele>
   </trkpt>
   <trkpt lat="40.6588860" lon="-3.0793930">
    <ele>969.2</ele>
   </trkpt>
   <trkpt lat="40.6589160" lon="-3.0793860">
    <ele>969.2</ele>
   </trkpt>
   <trkpt lat="40.6589470" lon="-3.0793780">
    <ele>969.4</ele>
   </trkpt>
   <trkpt lat="40.6589740" lon="-3.0793680">
    <ele>969.4</ele>
   </trkpt>
   <trkpt lat="40.6590000" lon="-3.0793560">
    <ele>969.6</ele>
   </trkpt>
   <trkpt lat="40.6590270" lon="-3.0793460">
    <ele>969.6</ele>
   </trkpt>
   <trkpt lat="40.6590580" lon="-3.0793380">
    <ele>969.8</ele>
   </trkpt>
   <trkpt lat="40.6590880" lon="-3.0793330">
    <ele>970.0</ele>
   </trkpt>
   <trkpt lat="40.6591190" lon="-3.0793280">
    <ele>970.2</ele>
   </trkpt>
   <trkpt lat="40.6591490" lon="-3.0793230">
    <ele>970.2</ele>
   </trkpt>
   <trkpt lat="40.6591840" lon="-3.0793140">
    <ele>970.2</ele>
   </trkpt>
   <trkpt lat="40.6592140" lon="-3.0793040">
    <ele>970.4</ele>
   </trkpt>
   <trkpt lat="40.6592450" lon="-3.0792920">
    <ele>970.4</ele>
   </trkpt>
   <trkpt lat="40.6592750" lon="-3.0792800">
    <ele>970.6</ele>
   </trkpt>
   <trkpt lat="40.6593060" lon="-3.0792700">
    <ele>970.6</ele>
   </trkpt>
   <trkpt lat="40.6593360" lon="-3.0792590">
    <ele>970.8</ele>
   </trkpt>
   <trkpt lat="40.6593700" lon="-3.0792470">
    <ele>970.8</ele>
   </trkpt>
   <trkpt lat="40.6594090" lon="-3.0792320">
    <ele>971.0</ele>
   </trkpt>
   <trkpt lat="40.6594430" lon="-3.0792170">
    <ele>971.0</ele>
   </trkpt>
   <trkpt lat="40.6594770" lon="-3.0792010">
    <ele>971.2</ele>
   </trkpt>
   <trkpt lat="40.6595080" lon="-3.0791850">
    <ele>971.2</ele>
   </trkpt>
   <trkpt lat="40.6595420" lon="-3.0791670">
    <ele>971.4</ele>
   </trkpt>
   <trkpt lat="40.6595730" lon="-3.0791480">
    <ele>971.4</ele>
   </trkpt>
   <trkpt lat="40.6596030" lon="-3.0791280">
    <ele>971.4</ele>
   </trkpt>
   <trkpt lat="40.6596370" lon="-3.0791070">
    <ele>971.4</ele>
   </trkpt>
   <trkpt lat="40.6596720" lon="-3.0790830">
    <ele>971.4</ele>
   </trkpt>
   <trkpt lat="40.6597060" lon="-3.0790580">
    <ele>971.4</ele>
   </trkpt>
   <trkpt lat="40.6597400" lon="-3.0790320">
    <ele>971.4</ele>
   </trkpt>
   <trkpt lat="40.6597710" lon="-3.0790040">
    <ele>971.4</ele>
   </trkpt>
   <trkpt lat="40.6598050" lon="-3.0789770">
    <ele>971.4</ele>
   </trkpt>
   <trkpt lat="40.6598360" lon="-3.0789480">
    <ele>971.6</ele>
   </trkpt>
   <trkpt lat="40.6598700" lon="-3.0789190">
    <ele>971.6</ele>
   </trkpt>
   <trkpt lat="40.6599040" lon="-3.0788880">
    <ele>971.6</ele>
   </trkpt>
   <trkpt lat="40.6599350" lon="-3.0788550">
    <ele>971.4</ele>
   </trkpt>
   <trkpt lat="40.6599730" lon="-3.0788200">
    <ele>971.4</ele>
   </trkpt>
   <trkpt lat="40.6600110" lon="-3.0787840">
    <ele>971.4</ele>
   </trkpt>
   <trkpt lat="40.6600460" lon="-3.0787460">
    <ele>971.4</ele>
   </trkpt>
   <trkpt lat="40.6600760" lon="-3.0787070">
    <ele>971.4</ele>
   </trkpt>
   <trkpt lat="40.6601100" lon="-3.0786670">
    <ele>971.2</ele>
   </trkpt>
   <trkpt lat="40.6601450" lon="-3.0786270">
    <ele>971.2</ele>
   </trkpt>
   <trkpt lat="40.6601790" lon="-3.0785860">
    <ele>971.0</ele>
   </trkpt>
   <trkpt lat="40.6602130" lon="-3.0785450">
    <ele>971.0</ele>
   </trkpt>
   <trkpt lat="40.6602520" lon="-3.0785010">
    <ele>970.8</ele>
   </trkpt>
   <trkpt lat="40.6602900" lon="-3.0784580">
    <ele>970.6</ele>
   </trkpt>
   <trkpt lat="40.6603200" lon="-3.0784160">
    <ele>970.4</ele>
   </trkpt>
   <trkpt lat="40.6603580" lon="-3.0783730">
    <ele>970.4</ele>
   </trkpt>
   <trkpt lat="40.6603970" lon="-3.0783260">
    <ele>970.2</ele>
   </trkpt>
   <trkpt lat="40.6604350" lon="-3.0782770">
    <ele>970.0</ele>
   </trkpt>
   <trkpt lat="40.6604770" lon="-3.0782300">
    <ele>969.8</ele>
   </trkpt>
   <trkpt lat="40.6605190" lon="-3.0781840">
    <ele>969.8</ele>
   </trkpt>
   <trkpt lat="40.6605640" lon="-3.0781380">
    <ele>969.6</ele>
   </trkpt>
   <trkpt lat="40.6606060" lon="-3.0780880">
    <ele>969.6</ele>
   </trkpt>
   <trkpt lat="40.6606480" lon="-3.0780360">
    <ele>969.4</ele>
   </trkpt>
   <trkpt lat="40.6606940" lon="-3.0779830">
    <ele>969.4</ele>
   </trkpt>
   <trkpt lat="40.6607400" lon="-3.0779300">
    <ele>969.4</ele>
   </trkpt>
   <trkpt lat="40.6607780" lon="-3.0778790">
    <ele>969.2</ele>
   </trkpt>
   <trkpt lat="40.6608240" lon="-3.0778240">
    <ele>969.0</ele>
   </trkpt>
   <trkpt lat="40.6608700" lon="-3.0777680">
    <ele>968.8</ele>
   </trkpt>
   <trkpt lat="40.6609190" lon="-3.0777120">
    <ele>968.6</ele>
   </trkpt>
   <trkpt lat="40.6609690" lon="-3.0776540">
    <ele>968.4</ele>
   </trkpt>
   <trkpt lat="40.6610180" lon="-3.0775930">
    <ele>968.2</ele>
   </trkpt>
   <trkpt lat="40.6610680" lon="-3.0775320">
    <ele>968.0</ele>
   </trkpt>
   <trkpt lat="40.6611180" lon="-3.0774700">
    <ele>967.8</ele>
   </trkpt>
   <trkpt lat="40.6611750" lon="-3.0774080">
    <ele>967.6</ele>
   </trkpt>
   <trkpt lat="40.6612280" lon="-3.0773450">
    <ele>967.4</ele>
   </trkpt>
   <trkpt lat="40.6612850" lon="-3.0772810">
    <ele>967.2</ele>
   </trkpt>
   <trkpt lat="40.6613430" lon="-3.0772190">
    <ele>966.8</ele>
   </trkpt>
   <trkpt lat="40.6614040" lon="-3.0771590">
    <ele>966.6</ele>
   </trkpt>
   <trkpt lat="40.6614650" lon="-3.0771010">
    <ele>966.4</ele>
   </trkpt>
   <trkpt lat="40.6615300" lon="-3.0770440">
    <ele>966.2</ele>
   </trkpt>
   <trkpt lat="40.6615940" lon="-3.0769880">
    <ele>966.0</ele>
   </trkpt>
   <trkpt lat="40.6616550" lon="-3.0769320">
    <ele>965.8</ele>
   </trkpt>
   <trkpt lat="40.6617160" lon="-3.0768760">
    <ele>965.6</ele>
   </trkpt>
   <trkpt lat="40.6617770" lon="-3.0768220">
    <ele>965.6</ele>
   </trkpt>
   <trkpt lat="40.6618420" lon="-3.0767680">
    <ele>965.6</ele>
   </trkpt>
   <trkpt lat="40.6619000" lon="-3.0767160">
    <ele>965.6</ele>
   </trkpt>
   <trkpt lat="40.6619610" lon="-3.0766660">
    <ele>965.4</ele>
   </trkpt>
   <trkpt lat="40.6620140" lon="-3.0766160">
    <ele>965.4</ele>
   </trkpt>
   <trkpt lat="40.6620670" lon="-3.0765670">
    <ele>965.4</ele>
   </trkpt>
   <trkpt lat="40.6621250" lon="-3.0765190">
    <ele>965.4</ele>
   </trkpt>
   <trkpt lat="40.6621780" lon="-3.0764700">
    <ele>965.4</ele>
   </trkpt>
   <trkpt lat="40.6622280" lon="-3.0764220">
    <ele>965.4</ele>
   </trkpt>
   <trkpt lat="40.6622730" lon="-3.0763810">
    <ele>965.2</ele>
   </trkpt>
   <trkpt lat="40.6623190" lon="-3.0763390">
    <ele>965.2</ele>
   </trkpt>
   <trkpt lat="40.6623800" lon="-3.0762870">
    <ele>965.2</ele>
   </trkpt>
   <trkpt lat="40.6624340" lon="-3.0762390">
    <ele>965.2</ele>
   </trkpt>
   <trkpt lat="40.6624870" lon="-3.0761930">
    <ele>965.2</ele>
   </trkpt>
   <trkpt lat="40.6625370" lon="-3.0761460">
    <ele>965.0</ele>
   </trkpt>
   <trkpt lat="40.6625860" lon="-3.0761000">
    <ele>965.0</ele>
   </trkpt>
   <trkpt lat="40.6626360" lon="-3.0760560">
    <ele>965.0</ele>
   </trkpt>
   <trkpt lat="40.6626850" lon="-3.0760160">
    <ele>964.8</ele>
   </trkpt>
   <trkpt lat="40.6627310" lon="-3.0759830">
    <ele>965.0</ele>
   </trkpt>
   <trkpt lat="40.6627690" lon="-3.0759600">
    <ele>965.0</ele>
   </trkpt>
   <trkpt lat="40.6628040" lon="-3.0759450">
    <ele>965.0</ele>
   </trkpt>
   <trkpt lat="40.6628300" lon="-3.0759340">
    <ele>965.2</ele>
   </trkpt>
   <trkpt lat="40.6628420" lon="-3.0759270">
    <ele>965.2</ele>
   </trkpt>
   <trkpt lat="40.6628460" lon="-3.0759250">
    <ele>965.2</ele>
   </trkpt>
   <trkpt lat="40.6628610" lon="-3.0758990">
    <ele>965.4</ele>
   </trkpt>
   <trkpt lat="40.6628760" lon="-3.0758800">
    <ele>965.4</ele>
   </trkpt>
   <trkpt lat="40.6628910" lon="-3.0758570">
    <ele>965.4</ele>
   </trkpt>
   <trkpt lat="40.6629070" lon="-3.0758310">
    <ele>965.4</ele>
   </trkpt>
   <trkpt lat="40.6629300" lon="-3.0758050">
    <ele>965.4</ele>
   </trkpt>
   <trkpt lat="40.6629520" lon="-3.0757790">
    <ele>965.4</ele>
   </trkpt>
   <trkpt lat="40.6629750" lon="-3.0757520">
    <ele>965.6</ele>
   </trkpt>
   <trkpt lat="40.6630060" lon="-3.0757270">
    <ele>965.6</ele>
   </trkpt>
   <trkpt lat="40.6630360" lon="-3.0757010">
    <ele>965.6</ele>
   </trkpt>
   <trkpt lat="40.6630630" lon="-3.0756740">
    <ele>965.8</ele>
   </trkpt>
   <trkpt lat="40.6630900" lon="-3.0756440">
    <ele>965.8</ele>
   </trkpt>
   <trkpt lat="40.6631160" lon="-3.0756120">
    <ele>966.0</ele>
   </trkpt>
   <trkpt lat="40.6631430" lon="-3.0755800">
    <ele>966.0</ele>
   </trkpt>
   <trkpt lat="40.6631700" lon="-3.0755470">
    <ele>966.2</ele>
   </trkpt>
   <trkpt lat="40.6631930" lon="-3.0755120">
    <ele>966.2</ele>
   </trkpt>
   <trkpt lat="40.6632190" lon="-3.0754780">
    <ele>966.4</ele>
   </trkpt>
   <trkpt lat="40.6632460" lon="-3.0754460">
    <ele>966.4</ele>
   </trkpt>
   <trkpt lat="40.6632690" lon="-3.0754130">
    <ele>966.4</ele>
   </trkpt>
   <trkpt lat="40.6632920" lon="-3.0753780">
    <ele>966.6</ele>
   </trkpt>
   <trkpt lat="40.6633150" lon="-3.0753380">
    <ele>966.6</ele>
   </trkpt>
   <trkpt lat="40.6633340" lon="-3.0752950">
    <ele>966.6</ele>
   </trkpt>
   <trkpt lat="40.6633570" lon="-3.0752480">
    <ele>966.6</ele>
   </trkpt>
   <trkpt lat="40.6633760" lon="-3.0752010">
    <ele>966.6</ele>
   </trkpt>
   <trkpt lat="40.6633990" lon="-3.0751510">
    <ele>966.6</ele>
   </trkpt>
   <trkpt lat="40.6634220" lon="-3.0751020">
    <ele>966.4</ele>
   </trkpt>
   <trkpt lat="40.6634480" lon="-3.0750510">
    <ele>966.4</ele>
   </trkpt>
   <trkpt lat="40.6634790" lon="-3.0749960">
    <ele>966.2</ele>
   </trkpt>
   <trkpt lat="40.6635090" lon="-3.0749370">
    <ele>966.0</ele>
   </trkpt>
   <trkpt lat="40.6635440" lon="-3.0748760">
    <ele>966.0</ele>
   </trkpt>
   <trkpt lat="40.6635740" lon="-3.0748160">
    <ele>965.8</ele>
   </trkpt>
   <trkpt lat="40.6636090" lon="-3.0747510">
    <ele>965.6</ele>
   </trkpt>
   <trkpt lat="40.6636390" lon="-3.0746840">
    <ele>965.6</ele>
   </trkpt>
   <trkpt lat="40.6636730" lon="-3.0746160">
    <ele>965.4</ele>
   </trkpt>
   <trkpt lat="40.6637080" lon="-3.0745520">
    <ele>965.4</ele>
   </trkpt>
   <trkpt lat="40.6637460" lon="-3.0744880">
    <ele>965.2</ele>
   </trkpt>
   <trkpt lat="40.6637800" lon="-3.0744210">
    <ele>965.2</ele>
   </trkpt>
   <trkpt lat="40.6638150" lon="-3.0743510">
    <ele>965.2</ele>
   </trkpt>
   <trkpt lat="40.6638450" lon="-3.0742810">
    <ele>965.2</ele>
   </trkpt>
   <trkpt lat="40.6638760" lon="-3.0742120">
    <ele>965.0</ele>
   </trkpt>
   <trkpt lat="40.6639060" lon="-3.0741420">
    <ele>965.0</ele>
   </trkpt>
   <trkpt lat="40.6639330" lon="-3.0740710">
    <ele>965.0</ele>
   </trkpt>
   <trkpt lat="40.6639600" lon="-3.0739960">
    <ele>964.8</ele>
   </trkpt>
   <trkpt lat="40.6639820" lon="-3.0739240">
    <ele>964.8</ele>
   </trkpt>
   <trkpt lat="40.6640050" lon="-3.0738500">
    <ele>964.8</ele>
   </trkpt>
   <trkpt lat="40.6640280" lon="-3.0737740">
    <ele>964.6</ele>
   </trkpt>
   <trkpt lat="40.6640510" lon="-3.0736970">
    <ele>964.6</ele>
   </trkpt>
   <trkpt lat="40.6640740" lon="-3.0736220">
    <ele>964.6</ele>
   </trkpt>
   <trkpt lat="40.6640930" lon="-3.0735500">
    <ele>964.6</ele>
   </trkpt>
   <trkpt lat="40.6641120" lon="-3.0734810">
    <ele>964.6</ele>
   </trkpt>
   <trkpt lat="40.6641270" lon="-3.0734120">
    <ele>964.6</ele>
   </trkpt>
   <trkpt lat="40.6641460" lon="-3.0733410">
    <ele>964.6</ele>
   </trkpt>
   <trkpt lat="40.6641650" lon="-3.0732700">
    <ele>964.6</ele>
   </trkpt>
   <trkpt lat="40.6641850" lon="-3.0731990">
    <ele>964.6</ele>
   </trkpt>
   <trkpt lat="40.6642040" lon="-3.0731250">
    <ele>964.8</ele>
   </trkpt>
   <trkpt lat="40.6642190" lon="-3.0730510">
    <ele>964.8</ele>
   </trkpt>
   <trkpt lat="40.6642380" lon="-3.0729760">
    <ele>964.8</ele>
   </trkpt>
   <trkpt lat="40.6642610" lon="-3.0729010">
    <ele>965.0</ele>
   </trkpt>
   <trkpt lat="40.6642800" lon="-3.0728280">
    <ele>965.0</ele>
   </trkpt>
   <trkpt lat="40.6642990" lon="-3.0727560">
    <ele>965.0</ele>
   </trkpt>
   <trkpt lat="40.6643140" lon="-3.0726860">
    <ele>965.0</ele>
   </trkpt>
   <trkpt lat="40.6643370" lon="-3.0726150">
    <ele>965.2</ele>
   </trkpt>
   <trkpt lat="40.6643560" lon="-3.0725420">
    <ele>965.2</ele>
   </trkpt>
   <trkpt lat="40.6643790" lon="-3.0724700">
    <ele>965.4</ele>
   </trkpt>
   <trkpt lat="40.6644020" lon="-3.0723990">
    <ele>965.4</ele>
   </trkpt>
   <trkpt lat="40.6644210" lon="-3.0723290">
    <ele>965.4</ele>
   </trkpt>
   <trkpt lat="40.6644400" lon="-3.0722620">
    <ele>965.4</ele>
   </trkpt>
   <trkpt lat="40.6644590" lon="-3.0721970">
    <ele>965.4</ele>
   </trkpt>
   <trkpt lat="40.6644820" lon="-3.0721300">
    <ele>965.6</ele>
   </trkpt>
   <trkpt lat="40.6645010" lon="-3.0720650">
    <ele>965.8</ele>
   </trkpt>
   <trkpt lat="40.6645200" lon="-3.0719990">
    <ele>965.8</ele>
   </trkpt>
   <trkpt lat="40.6645430" lon="-3.0719350">
    <ele>966.0</ele>
   </trkpt>
   <trkpt lat="40.6645660" lon="-3.0718730">
    <ele>966.0</ele>
   </trkpt>
   <trkpt lat="40.6645890" lon="-3.0718130">
    <ele>966.2</ele>
   </trkpt>
   <trkpt lat="40.6646120" lon="-3.0717540">
    <ele>966.2</ele>
   </trkpt>
   <trkpt lat="40.6646270" lon="-3.0716980">
    <ele>966.4</ele>
   </trkpt>
   <trkpt lat="40.6646500" lon="-3.0716450">
    <ele>966.4</ele>
   </trkpt>
   <trkpt lat="40.6646730" lon="-3.0715990">
    <ele>966.6</ele>
   </trkpt>
   <trkpt lat="40.6647030" lon="-3.0715620">
    <ele>966.6</ele>
   </trkpt>
   <trkpt lat="40.6647340" lon="-3.0715330">
    <ele>966.6</ele>
   </trkpt>
   <trkpt lat="40.6647680" lon="-3.0715110">
    <ele>966.6</ele>
   </trkpt>
   <trkpt lat="40.6648100" lon="-3.0714940">
    <ele>966.6</ele>
   </trkpt>
   <trkpt lat="40.6648560" lon="-3.0714790">
    <ele>966.6</ele>
   </trkpt>
   <trkpt lat="40.6649050" lon="-3.0714630">
    <ele>966.6</ele>
   </trkpt>
   <trkpt lat="40.6649510" lon="-3.0714430">
    <ele>966.6</ele>
   </trkpt>
   <trkpt lat="40.6649970" lon="-3.0714200">
    <ele>966.8</ele>
   </trkpt>
   <trkpt lat="40.6650430" lon="-3.0713960">
    <ele>966.8</ele>
   </trkpt>
   <trkpt lat="40.6650890" lon="-3.0713720">
    <ele>967.0</ele>
   </trkpt>
   <trkpt lat="40.6651340" lon="-3.0713500">
    <ele>967.2</ele>
   </trkpt>
   <trkpt lat="40.6651730" lon="-3.0713290">
    <ele>967.6</ele>
   </trkpt>
   <trkpt lat="40.6652070" lon="-3.0713080">
    <ele>967.8</ele>
   </trkpt>
   <trkpt lat="40.6652340" lon="-3.0712890">
    <ele>968.2</ele>
   </trkpt>
   <trkpt lat="40.6652640" lon="-3.0712700">
    <ele>968.4</ele>
   </trkpt>
   <trkpt lat="40.6652910" lon="-3.0712520">
    <ele>968.6</ele>
   </trkpt>
   <trkpt lat="40.6653140" lon="-3.0712360">
    <ele>969.0</ele>
   </trkpt>
   <trkpt lat="40.6653400" lon="-3.0712210">
    <ele>969.2</ele>
   </trkpt>
   <trkpt lat="40.6653630" lon="-3.0712070">
    <ele>969.4</ele>
   </trkpt>
   <trkpt lat="40.6653860" lon="-3.0711930">
    <ele>969.8</ele>
   </trkpt>
   <trkpt lat="40.6654090" lon="-3.0711770">
    <ele>970.0</ele>
   </trkpt>
   <trkpt lat="40.6654320" lon="-3.0711620">
    <ele>970.2</ele>
   </trkpt>
   <trkpt lat="40.6654550" lon="-3.0711470">
    <ele>970.4</ele>
   </trkpt>
   <trkpt lat="40.6654780" lon="-3.0711340">
    <ele>970.6</ele>
   </trkpt>
   <trkpt lat="40.6655010" lon="-3.0711200">
    <ele>970.8</ele>
   </trkpt>
   <trkpt lat="40.6655270" lon="-3.0711090">
    <ele>971.0</ele>
   </trkpt>
   <trkpt lat="40.6655500" lon="-3.0711030">
    <ele>971.2</ele>
   </trkpt>
   <trkpt lat="40.6655770" lon="-3.0710990">
    <ele>971.4</ele>
   </trkpt>
   <trkpt lat="40.6656040" lon="-3.0710910">
    <ele>971.6</ele>
   </trkpt>
   <trkpt lat="40.6656270" lon="-3.0710800">
    <ele>971.8</ele>
   </trkpt>
   <trkpt lat="40.6656460" lon="-3.0710640">
    <ele>972.0</ele>
   </trkpt>
   <trkpt lat="40.6656610" lon="-3.0710450">
    <ele>972.2</ele>
   </trkpt>
   <trkpt lat="40.6656840" lon="-3.0710270">
    <ele>972.4</ele>
   </trkpt>
   <trkpt lat="40.6657070" lon="-3.0710110">
    <ele>972.4</ele>
   </trkpt>
   <trkpt lat="40.6657300" lon="-3.0709960">
    <ele>972.6</ele>
   </trkpt>
   <trkpt lat="40.6657520" lon="-3.0709820">
    <ele>972.8</ele>
   </trkpt>
   <trkpt lat="40.6657750" lon="-3.0709700">
    <ele>972.8</ele>
   </trkpt>
   <trkpt lat="40.6658020" lon="-3.0709560">
    <ele>973.0</ele>
   </trkpt>
   <trkpt lat="40.6658290" lon="-3.0709420">
    <ele>973.0</ele>
   </trkpt>
   <trkpt lat="40.6658630" lon="-3.0709290">
    <ele>973.0</ele>
   </trkpt>
   <trkpt lat="40.6658940" lon="-3.0709150">
    <ele>973.0</ele>
   </trkpt>
   <trkpt lat="40.6659240" lon="-3.0709020">
    <ele>973.0</ele>
   </trkpt>
   <trkpt lat="40.6659580" lon="-3.0708900">
    <ele>973.0</ele>
   </trkpt>
   <trkpt lat="40.6659890" lon="-3.0708800">
    <ele>973.0</ele>
   </trkpt>
   <trkpt lat="40.6660230" lon="-3.0708660">
    <ele>973.0</ele>
   </trkpt>
   <trkpt lat="40.6660580" lon="-3.0708510">
    <ele>973.0</ele>
   </trkpt>
   <trkpt lat="40.6660920" lon="-3.0708370">
    <ele>973.0</ele>
   </trkpt>
   <trkpt lat="40.6661260" lon="-3.0708220">
    <ele>972.8</ele>
   </trkpt>
   <trkpt lat="40.6661640" lon="-3.0708050">
    <ele>972.8</ele>
   </trkpt>
   <trkpt lat="40.6662030" lon="-3.0707890">
    <ele>972.8</ele>
   </trkpt>
   <trkpt lat="40.6662370" lon="-3.0707720">
    <ele>972.6</ele>
   </trkpt>
   <trkpt lat="40.6662750" lon="-3.0707550">
    <ele>972.6</ele>
   </trkpt>
   <trkpt lat="40.6663170" lon="-3.0707370">
    <ele>972.4</ele>
   </trkpt>
   <trkpt lat="40.6663590" lon="-3.0707190">
    <ele>972.2</ele>
   </trkpt>
   <trkpt lat="40.6664050" lon="-3.0707000">
    <ele>972.0</ele>
   </trkpt>
   <trkpt lat="40.6664470" lon="-3.0706770">
    <ele>972.0</ele>
   </trkpt>
   <trkpt lat="40.6664850" lon="-3.0706520">
    <ele>972.0</ele>
   </trkpt>
   <trkpt lat="40.6665190" lon="-3.0706290">
    <ele>972.2</ele>
   </trkpt>
   <trkpt lat="40.6665530" lon="-3.0706060">
    <ele>972.2</ele>
   </trkpt>
   <trkpt lat="40.6665920" lon="-3.0705830">
    <ele>972.4</ele>
   </trkpt>
   <trkpt lat="40.6666300" lon="-3.0705620">
    <ele>972.6</ele>
   </trkpt>
   <trkpt lat="40.6666640" lon="-3.0705390">
    <ele>972.6</ele>
   </trkpt>
   <trkpt lat="40.6667020" lon="-3.0705190">
    <ele>972.8</ele>
   </trkpt>
   <trkpt lat="40.6667370" lon="-3.0705000">
    <ele>973.0</ele>
   </trkpt>
   <trkpt lat="40.6667710" lon="-3.0704810">
    <ele>973.2</ele>
   </trkpt>
   <trkpt lat="40.6668050" lon="-3.0704600">
    <ele>973.4</ele>
   </trkpt>
   <trkpt lat="40.6668400" lon="-3.0704400">
    <ele>973.6</ele>
   </trkpt>
   <trkpt lat="40.6668700" lon="-3.0704250">
    <ele>973.8</ele>
   </trkpt>
   <trkpt lat="40.6669010" lon="-3.0704120">
    <ele>974.0</ele>
   </trkpt>
   <trkpt lat="40.6669350" lon="-3.0703950">
    <ele>974.2</ele>
   </trkpt>
   <trkpt lat="40.6669650" lon="-3.0703780">
    <ele>974.4</ele>
   </trkpt>
   <trkpt lat="40.6669960" lon="-3.0703630">
    <ele>974.6</ele>
   </trkpt>
   <trkpt lat="40.6670300" lon="-3.0703490">
    <ele>974.8</ele>
   </trkpt>
   <trkpt lat="40.6670610" lon="-3.0703350">
    <ele>975.0</ele>
   </trkpt>
   <trkpt lat="40.6670880" lon="-3.0703230">
    <ele>975.2</ele>
   </trkpt>
   <trkpt lat="40.6671180" lon="-3.0703140">
    <ele>975.2</ele>
   </trkpt>
   <trkpt lat="40.6671490" lon="-3.0703060">
    <ele>975.4</ele>
   </trkpt>
   <trkpt lat="40.6671790" lon="-3.0702960">
    <ele>975.6</ele>
   </trkpt>
   <trkpt lat="40.6672100" lon="-3.0702860">
    <ele>975.8</ele>
   </trkpt>
   <trkpt lat="40.6672400" lon="-3.0702750">
    <ele>975.8</ele>
   </trkpt>
   <trkpt lat="40.6672670" lon="-3.0702630">
    <ele>976.0</ele>
   </trkpt>
   <trkpt lat="40.6672940" lon="-3.0702530">
    <ele>976.2</ele>
   </trkpt>
   <trkpt lat="40.6673240" lon="-3.0702420">
    <ele>976.4</ele>
   </trkpt>
   <trkpt lat="40.6673550" lon="-3.0702320">
    <ele>976.6</ele>
   </trkpt>
   <trkpt lat="40.6673850" lon="-3.0702260">
    <ele>976.6</ele>
   </trkpt>
   <trkpt lat="40.6674120" lon="-3.0702180">
    <ele>976.8</ele>
   </trkpt>
   <trkpt lat="40.6674420" lon="-3.0702060">
    <ele>977.0</ele>
   </trkpt>
   <trkpt lat="40.6674690" lon="-3.0701960">
    <ele>977.2</ele>
   </trkpt>
   <trkpt lat="40.6674960" lon="-3.0701860">
    <ele>977.2</ele>
   </trkpt>
   <trkpt lat="40.6675220" lon="-3.0701740">
    <ele>977.4</ele>
   </trkpt>
   <trkpt lat="40.6675530" lon="-3.0701610">
    <ele>977.6</ele>
   </trkpt>
   <trkpt lat="40.6675830" lon="-3.0701490">
    <ele>977.8</ele>
   </trkpt>
   <trkpt lat="40.6676140" lon="-3.0701390">
    <ele>978.0</ele>
   </trkpt>
   <trkpt lat="40.6676440" lon="-3.0701290">
    <ele>978.0</ele>
   </trkpt>
   <trkpt lat="40.6676710" lon="-3.0701180">
    <ele>978.2</ele>
   </trkpt>
   <trkpt lat="40.6677020" lon="-3.0701060">
    <ele>978.2</ele>
   </trkpt>
   <trkpt lat="40.6677360" lon="-3.0700950">
    <ele>978.4</ele>
   </trkpt>
   <trkpt lat="40.6677630" lon="-3.0700820">
    <ele>978.4</ele>
   </trkpt>
   <trkpt lat="40.6677930" lon="-3.0700690">
    <ele>978.6</ele>
   </trkpt>
   <trkpt lat="40.6678240" lon="-3.0700540">
    <ele>978.8</ele>
   </trkpt>
   <trkpt lat="40.6678500" lon="-3.0700400">
    <ele>978.8</ele>
   </trkpt>
   <trkpt lat="40.6678810" lon="-3.0700260">
    <ele>979.0</ele>
   </trkpt>
   <trkpt lat="40.6679110" lon="-3.0700130">
    <ele>979.2</ele>
   </trkpt>
   <trkpt lat="40.6679420" lon="-3.0700000">
    <ele>979.2</ele>
   </trkpt>
   <trkpt lat="40.6679690" lon="-3.0699870">
    <ele>979.4</ele>
   </trkpt>
   <trkpt lat="40.6679990" lon="-3.0699720">
    <ele>979.4</ele>
   </trkpt>
   <trkpt lat="40.6680300" lon="-3.0699580">
    <ele>979.6</ele>
   </trkpt>
   <trkpt lat="40.6680600" lon="-3.0699430">
    <ele>979.6</ele>
   </trkpt>
   <trkpt lat="40.6680950" lon="-3.0699280">
    <ele>979.6</ele>
   </trkpt>
   <trkpt lat="40.6681290" lon="-3.0699110">
    <ele>979.6</ele>
   </trkpt>
   <trkpt lat="40.6681630" lon="-3.0698930">
    <ele>979.4</ele>
   </trkpt>
   <trkpt lat="40.6681980" lon="-3.0698770">
    <ele>979.4</ele>
   </trkpt>
   <trkpt lat="40.6682320" lon="-3.0698600">
    <ele>979.4</ele>
   </trkpt>
   <trkpt lat="40.6682700" lon="-3.0698420">
    <ele>979.4</ele>
   </trkpt>
   <trkpt lat="40.6683010" lon="-3.0698230">
    <ele>979.4</ele>
   </trkpt>
   <trkpt lat="40.6683350" lon="-3.0698040">
    <ele>979.2</ele>
   </trkpt>
   <trkpt lat="40.6683730" lon="-3.0697850">
    <ele>979.2</ele>
   </trkpt>
   <trkpt lat="40.6684110" lon="-3.0697680">
    <ele>979.2</ele>
   </trkpt>
   <trkpt lat="40.6684490" lon="-3.0697500">
    <ele>979.2</ele>
   </trkpt>
   <trkpt lat="40.6684910" lon="-3.0697310">
    <ele>979.0</ele>
   </trkpt>
   <trkpt lat="40.6685370" lon="-3.0697130">
    <ele>979.0</ele>
   </trkpt>
   <trkpt lat="40.6685790" lon="-3.0696960">
    <ele>979.0</ele>
   </trkpt>
   <trkpt lat="40.6686250" lon="-3.0696770">
    <ele>979.0</ele>
   </trkpt>
   <trkpt lat="40.6686740" lon="-3.0696530">
    <ele>978.8</ele>
   </trkpt>
   <trkpt lat="40.6687240" lon="-3.0696270">
    <ele>978.8</ele>
   </trkpt>
   <trkpt lat="40.6687740" lon="-3.0696010">
    <ele>978.8</ele>
   </trkpt>
   <trkpt lat="40.6688190" lon="-3.0695790">
    <ele>978.8</ele>
   </trkpt>
   <trkpt lat="40.6688690" lon="-3.0695580">
    <ele>978.8</ele>
   </trkpt>
   <trkpt lat="40.6689150" lon="-3.0695360">
    <ele>978.6</ele>
   </trkpt>
   <trkpt lat="40.6689570" lon="-3.0695100">
    <ele>978.6</ele>
   </trkpt>
   <trkpt lat="40.6689990" lon="-3.0694860">
    <ele>978.6</ele>
   </trkpt>
   <trkpt lat="40.6690440" lon="-3.0694620">
    <ele>978.6</ele>
   </trkpt>
   <trkpt lat="40.6690860" lon="-3.0694400">
    <ele>978.4</ele>
   </trkpt>
   <trkpt lat="40.6691320" lon="-3.0694160">
    <ele>978.4</ele>
   </trkpt>
   <trkpt lat="40.6691780" lon="-3.0693920">
    <ele>978.2</ele>
   </trkpt>
   <trkpt lat="40.6692280" lon="-3.0693680">
    <ele>978.0</ele>
   </trkpt>
   <trkpt lat="40.6692770" lon="-3.0693440">
    <ele>977.8</ele>
   </trkpt>
   <trkpt lat="40.6693310" lon="-3.0693190">
    <ele>977.4</ele>
   </trkpt>
   <trkpt lat="40.6693840" lon="-3.0692930">
    <ele>977.2</ele>
   </trkpt>
   <trkpt lat="40.6694370" lon="-3.0692680">
    <ele>977.2</ele>
   </trkpt>
   <trkpt lat="40.6694870" lon="-3.0692420">
    <ele>977.2</ele>
   </trkpt>
   <trkpt lat="40.6695330" lon="-3.0692160">
    <ele>977.2</ele>
   </trkpt>
   <trkpt lat="40.6695820" lon="-3.0691910">
    <ele>977.2</ele>
   </trkpt>
   <trkpt lat="40.6696280" lon="-3.0691700">
    <ele>977.4</ele>
   </trkpt>
   <trkpt lat="40.6696780" lon="-3.0691520">
    <ele>977.4</ele>
   </trkpt>
   <trkpt lat="40.6697230" lon="-3.0691340">
    <ele>977.6</ele>
   </trkpt>
   <trkpt lat="40.6697690" lon="-3.0691140">
    <ele>977.8</ele>
   </trkpt>
   <trkpt lat="40.6698110" lon="-3.0690990">
    <ele>977.8</ele>
   </trkpt>
   <trkpt lat="40.6698610" lon="-3.0690820">
    <ele>978.0</ele>
   </trkpt>
   <trkpt lat="40.6699140" lon="-3.0690670">
    <ele>978.4</ele>
   </trkpt>
   <trkpt lat="40.6699600" lon="-3.0690520">
    <ele>978.6</ele>
   </trkpt>
   <trkpt lat="40.6700020" lon="-3.0690360">
    <ele>979.0</ele>
   </trkpt>
   <trkpt lat="40.6700440" lon="-3.0690200">
    <ele>979.2</ele>
   </trkpt>
   <trkpt lat="40.6700860" lon="-3.0690040">
    <ele>979.4</ele>
   </trkpt>
   <trkpt lat="40.6701280" lon="-3.0689880">
    <ele>979.6</ele>
   </trkpt>
   <trkpt lat="40.6701660" lon="-3.0689700">
    <ele>979.8</ele>
   </trkpt>
   <trkpt lat="40.6702080" lon="-3.0689540">
    <ele>980.0</ele>
   </trkpt>
   <trkpt lat="40.6702500" lon="-3.0689360">
    <ele>980.0</ele>
   </trkpt>
   <trkpt lat="40.6702920" lon="-3.0689150">
    <ele>980.0</ele>
   </trkpt>
   <trkpt lat="40.6703340" lon="-3.0688900">
    <ele>980.0</ele>
   </trkpt>
   <trkpt lat="40.6703800" lon="-3.0688660">
    <ele>980.0</ele>
   </trkpt>
   <trkpt lat="40.6704220" lon="-3.0688430">
    <ele>980.0</ele>
   </trkpt>
   <trkpt lat="40.6704600" lon="-3.0688250">
    <ele>980.0</ele>
   </trkpt>
   <trkpt lat="40.6705020" lon="-3.0688090">
    <ele>980.2</ele>
   </trkpt>
   <trkpt lat="40.6705440" lon="-3.0687940">
    <ele>980.2</ele>
   </trkpt>
   <trkpt lat="40.6705860" lon="-3.0687780">
    <ele>980.2</ele>
   </trkpt>
   <trkpt lat="40.6706280" lon="-3.0687610">
    <ele>980.2</ele>
   </trkpt>
   <trkpt lat="40.6706700" lon="-3.0687440">
    <ele>980.4</ele>
   </trkpt>
   <trkpt lat="40.6707110" lon="-3.0687270">
    <ele>980.4</ele>
   </trkpt>
   <trkpt lat="40.6707500" lon="-3.0687110">
    <ele>980.6</ele>
   </trkpt>
   <trkpt lat="40.6707920" lon="-3.0686920">
    <ele>980.6</ele>
   </trkpt>
   <trkpt lat="40.6708340" lon="-3.0686750">
    <ele>980.8</ele>
   </trkpt>
   <trkpt lat="40.6708720" lon="-3.0686590">
    <ele>981.0</ele>
   </trkpt>
   <trkpt lat="40.6709140" lon="-3.0686410">
    <ele>981.0</ele>
   </trkpt>
   <trkpt lat="40.6709480" lon="-3.0686230">
    <ele>981.2</ele>
   </trkpt>
   <trkpt lat="40.6709860" lon="-3.0686010">
    <ele>981.2</ele>
   </trkpt>
   <trkpt lat="40.6710320" lon="-3.0685810">
    <ele>981.4</ele>
   </trkpt>
   <trkpt lat="40.6710740" lon="-3.0685630">
    <ele>981.4</ele>
   </trkpt>
   <trkpt lat="40.6711160" lon="-3.0685420">
    <ele>981.4</ele>
   </trkpt>
   <trkpt lat="40.6711580" lon="-3.0685180">
    <ele>981.4</ele>
   </trkpt>
   <trkpt lat="40.6712040" lon="-3.0684940">
    <ele>981.4</ele>
   </trkpt>
   <trkpt lat="40.6712490" lon="-3.0684720">
    <ele>981.2</ele>
   </trkpt>
   <trkpt lat="40.6712990" lon="-3.0684500">
    <ele>981.2</ele>
   </trkpt>
   <trkpt lat="40.6713450" lon="-3.0684300">
    <ele>981.2</ele>
   </trkpt>
   <trkpt lat="40.6713900" lon="-3.0684110">
    <ele>981.2</ele>
   </trkpt>
   <trkpt lat="40.6714360" lon="-3.0683930">
    <ele>981.0</ele>
   </trkpt>
   <trkpt lat="40.6714820" lon="-3.0683760">
    <ele>981.0</ele>
   </trkpt>
   <trkpt lat="40.6715280" lon="-3.0683600">
    <ele>980.8</ele>
   </trkpt>
   <trkpt lat="40.6715740" lon="-3.0683470">
    <ele>980.8</ele>
   </trkpt>
   <trkpt lat="40.6716190" lon="-3.0683280">
    <ele>980.6</ele>
   </trkpt>
   <trkpt lat="40.6716610" lon="-3.0683030">
    <ele>980.6</ele>
   </trkpt>
   <trkpt lat="40.6717000" lon="-3.0682730">
    <ele>980.8</ele>
   </trkpt>
   <trkpt lat="40.6717410" lon="-3.0682440">
    <ele>980.8</ele>
   </trkpt>
   <trkpt lat="40.6717870" lon="-3.0682170">
    <ele>980.8</ele>
   </trkpt>
   <trkpt lat="40.6718330" lon="-3.0681910">
    <ele>980.8</ele>
   </trkpt>
   <trkpt lat="40.6718790" lon="-3.0681660">
    <ele>980.8</ele>
   </trkpt>
   <trkpt lat="40.6719280" lon="-3.0681410">
    <ele>980.8</ele>
   </trkpt>
   <trkpt lat="40.6719740" lon="-3.0681160">
    <ele>980.8</ele>
   </trkpt>
   <trkpt lat="40.6720280" lon="-3.0680920">
    <ele>980.8</ele>
   </trkpt>
   <trkpt lat="40.6720810" lon="-3.0680680">
    <ele>980.8</ele>
   </trkpt>
   <trkpt lat="40.6721310" lon="-3.0680430">
    <ele>980.6</ele>
   </trkpt>
   <trkpt lat="40.6721800" lon="-3.0680180">
    <ele>980.6</ele>
   </trkpt>
   <trkpt lat="40.6722300" lon="-3.0679940">
    <ele>980.6</ele>
   </trkpt>
   <trkpt lat="40.6722790" lon="-3.0679690">
    <ele>980.6</ele>
   </trkpt>
   <trkpt lat="40.6723330" lon="-3.0679430">
    <ele>980.6</ele>
   </trkpt>
   <trkpt lat="40.6723820" lon="-3.0679180">
    <ele>980.8</ele>
   </trkpt>
   <trkpt lat="40.6724360" lon="-3.0678940">
    <ele>980.8</ele>
   </trkpt>
   <trkpt lat="40.6724890" lon="-3.0678700">
    <ele>981.0</ele>
   </trkpt>
   <trkpt lat="40.6725430" lon="-3.0678450">
    <ele>981.0</ele>
   </trkpt>
   <trkpt lat="40.6725960" lon="-3.0678210">
    <ele>981.0</ele>
   </trkpt>
   <trkpt lat="40.6726490" lon="-3.0677960">
    <ele>981.0</ele>
   </trkpt>
   <trkpt lat="40.6727030" lon="-3.0677660">
    <ele>980.8</ele>
   </trkpt>
   <trkpt lat="40.6727560" lon="-3.0677380">
    <ele>980.8</ele>
   </trkpt>
   <trkpt lat="40.6728170" lon="-3.0677060">
    <ele>980.6</ele>
   </trkpt>
   <trkpt lat="40.6728780" lon="-3.0676730">
    <ele>980.2</ele>
   </trkpt>
   <trkpt lat="40.6729390" lon="-3.0676390">
    <ele>980.0</ele>
   </trkpt>
   <trkpt lat="40.6730080" lon="-3.0676050">
    <ele>979.8</ele>
   </trkpt>
   <trkpt lat="40.6730770" lon="-3.0675720">
    <ele>979.6</ele>
   </trkpt>
   <trkpt lat="40.6731410" lon="-3.0675380">
    <ele>979.4</ele>
   </trkpt>
   <trkpt lat="40.6732100" lon="-3.0675050">
    <ele>979.2</ele>
   </trkpt>
   <trkpt lat="40.6732750" lon="-3.0674770">
    <ele>979.0</ele>
   </trkpt>
   <trkpt lat="40.6733400" lon="-3.0674500">
    <ele>978.8</ele>
   </trkpt>
   <trkpt lat="40.6734050" lon="-3.0674180">
    <ele>978.8</ele>
   </trkpt>
   <trkpt lat="40.6734660" lon="-3.0673890">
    <ele>978.6</ele>
   </trkpt>
   <trkpt lat="40.6735270" lon="-3.0673700">
    <ele>978.6</ele>
   </trkpt>
   <trkpt lat="40.6735920" lon="-3.0673590">
    <ele>978.4</ele>
   </trkpt>
   <trkpt lat="40.6736530" lon="-3.0673520">
    <ele>978.4</ele>
   </trkpt>
   <trkpt lat="40.6737140" lon="-3.0673430">
    <ele>978.4</ele>
   </trkpt>
   <trkpt lat="40.6737750" lon="-3.0673240">
    <ele>978.6</ele>
   </trkpt>
   <trkpt lat="40.6738280" lon="-3.0672910">
    <ele>978.8</ele>
   </trkpt>
   <trkpt lat="40.6738820" lon="-3.0672450">
    <ele>978.8</ele>
   </trkpt>
   <trkpt lat="40.6739310" lon="-3.0672030">
    <ele>978.8</ele>
   </trkpt>
   <trkpt lat="40.6739920" lon="-3.0671700">
    <ele>978.8</ele>
   </trkpt>
   <trkpt lat="40.6740530" lon="-3.0671420">
    <ele>978.8</ele>
   </trkpt>
   <trkpt lat="40.6741180" lon="-3.0671180">
    <ele>979.0</ele>
   </trkpt>
   <trkpt lat="40.6741830" lon="-3.0670920">
    <ele>979.2</ele>
   </trkpt>
   <trkpt lat="40.6742480" lon="-3.0670650">
    <ele>979.4</ele>
   </trkpt>
   <trkpt lat="40.6743130" lon="-3.0670350">
    <ele>979.6</ele>
   </trkpt>
   <trkpt lat="40.6743740" lon="-3.0670020">
    <ele>979.6</ele>
   </trkpt>
   <trkpt lat="40.6744380" lon="-3.0669720">
    <ele>979.8</ele>
   </trkpt>
   <trkpt lat="40.6745030" lon="-3.0669430">
    <ele>979.8</ele>
   </trkpt>
   <trkpt lat="40.6745680" lon="-3.0669130">
    <ele>980.0</ele>
   </trkpt>
   <trkpt lat="40.6746330" lon="-3.0668830">
    <ele>980.0</ele>
   </trkpt>
   <trkpt lat="40.6746980" lon="-3.0668520">
    <ele>980.2</ele>
   </trkpt>
   <trkpt lat="40.6747590" lon="-3.0668210">
    <ele>980.2</ele>
   </trkpt>
   <trkpt lat="40.6748240" lon="-3.0667930">
    <ele>980.4</ele>
   </trkpt>
   <trkpt lat="40.6748850" lon="-3.0667680">
    <ele>980.6</ele>
   </trkpt>
   <trkpt lat="40.6749460" lon="-3.0667390">
    <ele>980.6</ele>
   </trkpt>
   <trkpt lat="40.6750110" lon="-3.0667070">
    <ele>980.8</ele>
   </trkpt>
   <trkpt lat="40.6750720" lon="-3.0666760">
    <ele>980.8</ele>
   </trkpt>
   <trkpt lat="40.6751330" lon="-3.0666440">
    <ele>980.8</ele>
   </trkpt>
   <trkpt lat="40.6751980" lon="-3.0666120">
    <ele>980.6</ele>
   </trkpt>
   <trkpt lat="40.6752620" lon="-3.0665810">
    <ele>980.6</ele>
   </trkpt>
   <trkpt lat="40.6753310" lon="-3.0665510">
    <ele>980.6</ele>
   </trkpt>
   <trkpt lat="40.6753880" lon="-3.0665230">
    <ele>980.6</ele>
   </trkpt>
   <trkpt lat="40.6754530" lon="-3.0664970">
    <ele>980.6</ele>
   </trkpt>
   <trkpt lat="40.6755100" lon="-3.0664730">
    <ele>980.8</ele>
   </trkpt>
   <trkpt lat="40.6755640" lon="-3.0664500">
    <ele>981.0</ele>
   </trkpt>
   <trkpt lat="40.6756210" lon="-3.0664270">
    <ele>981.2</ele>
   </trkpt>
   <trkpt lat="40.6756780" lon="-3.0664040">
    <ele>981.4</ele>
   </trkpt>
   <trkpt lat="40.6757350" lon="-3.0663820">
    <ele>981.6</ele>
   </trkpt>
   <trkpt lat="40.6757890" lon="-3.0663630">
    <ele>981.8</ele>
   </trkpt>
   <trkpt lat="40.6758380" lon="-3.0663450">
    <ele>982.0</ele>
   </trkpt>
   <trkpt lat="40.6758920" lon="-3.0663250">
    <ele>982.2</ele>
   </trkpt>
   <trkpt lat="40.6759380" lon="-3.0663070">
    <ele>982.4</ele>
   </trkpt>
   <trkpt lat="40.6759910" lon="-3.0662880">
    <ele>982.6</ele>
   </trkpt>
   <trkpt lat="40.6760370" lon="-3.0662680">
    <ele>982.8</ele>
   </trkpt>
   <trkpt lat="40.6760830" lon="-3.0662500">
    <ele>983.0</ele>
   </trkpt>
   <trkpt lat="40.6761320" lon="-3.0662300">
    <ele>983.2</ele>
   </trkpt>
   <trkpt lat="40.6761780" lon="-3.0662090">
    <ele>983.2</ele>
   </trkpt>
   <trkpt lat="40.6762200" lon="-3.0661980">
    <ele>983.4</ele>
   </trkpt>
   <trkpt lat="40.6762620" lon="-3.0662070">
    <ele>983.4</ele>
   </trkpt>
   <trkpt lat="40.6763000" lon="-3.0662360">
    <ele>983.4</ele>
   </trkpt>
   <trkpt lat="40.6763270" lon="-3.0662780">
    <ele>983.4</ele>
   </trkpt>
   <trkpt lat="40.6763420" lon="-3.0663240">
    <ele>983.4</ele>
   </trkpt>
   <trkpt lat="40.6763420" lon="-3.0663650">
    <ele>983.6</ele>
   </trkpt>
   <trkpt lat="40.6763420" lon="-3.0663890">
    <ele>983.6</ele>
   </trkpt>
   <trkpt lat="40.6763380" lon="-3.0663990">
    <ele>983.6</ele>
   </trkpt>
   <trkpt lat="40.6763190" lon="-3.0664360">
    <ele>983.8</ele>
   </trkpt>
   <trkpt lat="40.6763150" lon="-3.0664500">
    <ele>983.8</ele>
   </trkpt>
   <trkpt lat="40.6763080" lon="-3.0664580">
    <ele>983.8</ele>
   </trkpt>
   <trkpt lat="40.6763040" lon="-3.0664610">
    <ele>983.8</ele>
   </trkpt>
   <trkpt lat="40.6763040" lon="-3.0664620">
    <ele>983.8</ele>
   </trkpt>
   <trkpt lat="40.6763040" lon="-3.0664620">
    <ele>984.0</ele>
   </trkpt>
   <trkpt lat="40.6763040" lon="-3.0664620">
    <ele>984.0</ele>
   </trkpt>
   <trkpt lat="40.6762960" lon="-3.0664910">
    <ele>983.8</ele>
   </trkpt>
   <trkpt lat="40.6762890" lon="-3.0665180">
    <ele>983.8</ele>
   </trkpt>
   <trkpt lat="40.6762810" lon="-3.0665480">
    <ele>983.8</ele>
   </trkpt>
   <trkpt lat="40.6762770" lon="-3.0665820">
    <ele>984.0</ele>
   </trkpt>
   <trkpt lat="40.6762730" lon="-3.0666200">
    <ele>983.8</ele>
   </trkpt>
   <trkpt lat="40.6762770" lon="-3.0666660">
    <ele>983.8</ele>
   </trkpt>
   <trkpt lat="40.6762850" lon="-3.0667160">
    <ele>984.0</ele>
   </trkpt>
   <trkpt lat="40.6763040" lon="-3.0667610">
    <ele>984.0</ele>
   </trkpt>
   <trkpt lat="40.6763270" lon="-3.0667930">
    <ele>984.2</ele>
   </trkpt>
   <trkpt lat="40.6763610" lon="-3.0668090">
    <ele>984.4</ele>
   </trkpt>
   <trkpt lat="40.6763920" lon="-3.0668130">
    <ele>984.6</ele>
   </trkpt>
   <trkpt lat="40.6764220" lon="-3.0668050">
    <ele>984.8</ele>
   </trkpt>
   <trkpt lat="40.6764490" lon="-3.0667850">
    <ele>984.8</ele>
   </trkpt>
   <trkpt lat="40.6764760" lon="-3.0667560">
    <ele>984.8</ele>
   </trkpt>
   <trkpt lat="40.6765020" lon="-3.0667190">
    <ele>985.0</ele>
   </trkpt>
   <trkpt lat="40.6765250" lon="-3.0666720">
    <ele>985.0</ele>
   </trkpt>
   <trkpt lat="40.6765440" lon="-3.0666170">
    <ele>984.8</ele>
   </trkpt>
   <trkpt lat="40.6765590" lon="-3.0665610">
    <ele>984.8</ele>
   </trkpt>
   <trkpt lat="40.6765750" lon="-3.0664890">
    <ele>984.6</ele>
   </trkpt>
   <trkpt lat="40.6765900" lon="-3.0664150">
    <ele>984.6</ele>
   </trkpt>
   <trkpt lat="40.6766050" lon="-3.0663440">
    <ele>984.6</ele>
   </trkpt>
   <trkpt lat="40.6766200" lon="-3.0662740">
    <ele>984.6</ele>
   </trkpt>
   <trkpt lat="40.6766430" lon="-3.0662060">
    <ele>984.6</ele>
   </trkpt>
   <trkpt lat="40.6766590" lon="-3.0661490">
    <ele>984.6</ele>
   </trkpt>
   <trkpt lat="40.6766850" lon="-3.0660860">
    <ele>984.6</ele>
   </trkpt>
   <trkpt lat="40.6767120" lon="-3.0660270">
    <ele>984.6</ele>
   </trkpt>
   <trkpt lat="40.6767460" lon="-3.0659780">
    <ele>984.6</ele>
   </trkpt>
   <trkpt lat="40.6767840" lon="-3.0659330">
    <ele>984.4</ele>
   </trkpt>
   <trkpt lat="40.6768260" lon="-3.0658900">
    <ele>984.4</ele>
   </trkpt>
   <trkpt lat="40.6768720" lon="-3.0658510">
    <ele>984.2</ele>
   </trkpt>
   <trkpt lat="40.6769220" lon="-3.0658160">
    <ele>984.0</ele>
   </trkpt>
   <trkpt lat="40.6769710" lon="-3.0657840">
    <ele>984.0</ele>
   </trkpt>
   <trkpt lat="40.6770250" lon="-3.0657510">
    <ele>983.8</ele>
   </trkpt>
   <trkpt lat="40.6770820" lon="-3.0657180">
    <ele>983.4</ele>
   </trkpt>
   <trkpt lat="40.6771430" lon="-3.0656840">
    <ele>983.0</ele>
   </trkpt>
   <trkpt lat="40.6772040" lon="-3.0656460">
    <ele>982.6</ele>
   </trkpt>
   <trkpt lat="40.6772770" lon="-3.0656100">
    <ele>982.0</ele>
   </trkpt>
   <trkpt lat="40.6773450" lon="-3.0655710">
    <ele>981.6</ele>
   </trkpt>
   <trkpt lat="40.6774180" lon="-3.0655310">
    <ele>981.0</ele>
   </trkpt>
   <trkpt lat="40.6774980" lon="-3.0654900">
    <ele>980.4</ele>
   </trkpt>
   <trkpt lat="40.6775780" lon="-3.0654480">
    <ele>979.6</ele>
   </trkpt>
   <trkpt lat="40.6776620" lon="-3.0654030">
    <ele>979.0</ele>
   </trkpt>
   <trkpt lat="40.6777500" lon="-3.0653550">
    <ele>978.4</ele>
   </trkpt>
   <trkpt lat="40.6778410" lon="-3.0653060">
    <ele>977.8</ele>
   </trkpt>
   <trkpt lat="40.6779370" lon="-3.0652580">
    <ele>977.4</ele>
   </trkpt>
   <trkpt lat="40.6780240" lon="-3.0652150">
    <ele>977.2</ele>
   </trkpt>
   <trkpt lat="40.6781120" lon="-3.0651760">
    <ele>977.0</ele>
   </trkpt>
   <trkpt lat="40.6781960" lon="-3.0651360">
    <ele>977.0</ele>
   </trkpt>
   <trkpt lat="40.6782720" lon="-3.0650950">
    <ele>977.0</ele>
   </trkpt>
   <trkpt lat="40.6783600" lon="-3.0650520">
    <ele>976.8</ele>
   </trkpt>
   <trkpt lat="40.6784480" lon="-3.0650070">
    <ele>976.8</ele>
   </trkpt>
   <trkpt lat="40.6785390" lon="-3.0649640">
    <ele>976.8</ele>
   </trkpt>
   <trkpt lat="40.6786310" lon="-3.0649200">
    <ele>976.8</ele>
   </trkpt>
   <trkpt lat="40.6787220" lon="-3.0648780">
    <ele>976.6</ele>
   </trkpt>
   <trkpt lat="40.6788180" lon="-3.0648360">
    <ele>976.4</ele>
   </trkpt>
   <trkpt lat="40.6789090" lon="-3.0647930">
    <ele>976.4</ele>
   </trkpt>
   <trkpt lat="40.6790010" lon="-3.0647510">
    <ele>976.2</ele>
   </trkpt>
   <trkpt lat="40.6790920" lon="-3.0647110">
    <ele>976.2</ele>
   </trkpt>
   <trkpt lat="40.6791880" lon="-3.0646710">
    <ele>975.8</ele>
   </trkpt>
   <trkpt lat="40.6792790" lon="-3.0646300">
    <ele>975.4</ele>
   </trkpt>
   <trkpt lat="40.6793710" lon="-3.0645890">
    <ele>975.4</ele>
   </trkpt>
   <trkpt lat="40.6794620" lon="-3.0645490">
    <ele>975.2</ele>
   </trkpt>
   <trkpt lat="40.6795540" lon="-3.0645110">
    <ele>975.0</ele>
   </trkpt>
   <trkpt lat="40.6796450" lon="-3.0644740">
    <ele>974.8</ele>
   </trkpt>
   <trkpt lat="40.6797370" lon="-3.0644370">
    <ele>974.6</ele>
   </trkpt>
   <trkpt lat="40.6798320" lon="-3.0644010">
    <ele>974.4</ele>
   </trkpt>
   <trkpt lat="40.6799240" lon="-3.0643630">
    <ele>974.0</ele>
   </trkpt>
   <trkpt lat="40.6800190" lon="-3.0643250">
    <ele>973.8</ele>
   </trkpt>
   <trkpt lat="40.6801150" lon="-3.0642880">
    <ele>973.6</ele>
   </trkpt>
   <trkpt lat="40.6802060" lon="-3.0642530">
    <ele>973.2</ele>
   </trkpt>
   <trkpt lat="40.6802980" lon="-3.0642200">
    <ele>973.0</ele>
   </trkpt>
   <trkpt lat="40.6803890" lon="-3.0641860">
    <ele>972.8</ele>
   </trkpt>
   <trkpt lat="40.6804810" lon="-3.0641520">
    <ele>972.6</ele>
   </trkpt>
   <trkpt lat="40.6805730" lon="-3.0641180">
    <ele>972.2</ele>
   </trkpt>
   <trkpt lat="40.6806600" lon="-3.0640860">
    <ele>972.0</ele>
   </trkpt>
   <trkpt lat="40.6807400" lon="-3.0640550">
    <ele>971.8</ele>
   </trkpt>
   <trkpt lat="40.6808170" lon="-3.0640260">
    <ele>971.6</ele>
   </trkpt>
   <trkpt lat="40.6808810" lon="-3.0639960">
    <ele>971.4</ele>
   </trkpt>
   <trkpt lat="40.6809460" lon="-3.0639610">
    <ele>971.2</ele>
   </trkpt>
   <trkpt lat="40.6810070" lon="-3.0639240">
    <ele>971.2</ele>
   </trkpt>
   <trkpt lat="40.6810680" lon="-3.0638910">
    <ele>971.2</ele>
   </trkpt>
   <trkpt lat="40.6811260" lon="-3.0638590">
    <ele>971.2</ele>
   </trkpt>
   <trkpt lat="40.6811870" lon="-3.0638280">
    <ele>971.4</ele>
   </trkpt>
   <trkpt lat="40.6812480" lon="-3.0637970">
    <ele>971.4</ele>
   </trkpt>
   <trkpt lat="40.6813090" lon="-3.0637660">
    <ele>971.6</ele>
   </trkpt>
   <trkpt lat="40.6813660" lon="-3.0637350">
    <ele>971.8</ele>
   </trkpt>
   <trkpt lat="40.6814270" lon="-3.0637050">
    <ele>971.8</ele>
   </trkpt>
   <trkpt lat="40.6814800" lon="-3.0636750">
    <ele>972.0</ele>
   </trkpt>
   <trkpt lat="40.6815380" lon="-3.0636450">
    <ele>972.2</ele>
   </trkpt>
   <trkpt lat="40.6815910" lon="-3.0636160">
    <ele>972.4</ele>
   </trkpt>
   <trkpt lat="40.6816440" lon="-3.0635860">
    <ele>972.4</ele>
   </trkpt>
   <trkpt lat="40.6816980" lon="-3.0635570">
    <ele>972.6</ele>
   </trkpt>
   <trkpt lat="40.6817510" lon="-3.0635300">
    <ele>972.8</ele>
   </trkpt>
   <trkpt lat="40.6818080" lon="-3.0635030">
    <ele>972.8</ele>
   </trkpt>
   <trkpt lat="40.6818580" lon="-3.0634740">
    <ele>972.8</ele>
   </trkpt>
   <trkpt lat="40.6819110" lon="-3.0634450">
    <ele>973.0</ele>
   </trkpt>
   <trkpt lat="40.6819690" lon="-3.0634160">
    <ele>973.0</ele>
   </trkpt>
   <trkpt lat="40.6820220" lon="-3.0633860">
    <ele>973.0</ele>
   </trkpt>
   <trkpt lat="40.6820750" lon="-3.0633560">
    <ele>973.2</ele>
   </trkpt>
   <trkpt lat="40.6821330" lon="-3.0633270">
    <ele>973.2</ele>
   </trkpt>
   <trkpt lat="40.6821900" lon="-3.0633020">
    <ele>973.2</ele>
   </trkpt>
   <trkpt lat="40.6822470" lon="-3.0632790">
    <ele>973.4</ele>
   </trkpt>
   <trkpt lat="40.6823010" lon="-3.0632550">
    <ele>973.4</ele>
   </trkpt>
   <trkpt lat="40.6823500" lon="-3.0632300">
    <ele>973.4</ele>
   </trkpt>
   <trkpt lat="40.6824040" lon="-3.0632050">
    <ele>973.6</ele>
   </trkpt>
   <trkpt lat="40.6824530" lon="-3.0631800">
    <ele>973.6</ele>
   </trkpt>
   <trkpt lat="40.6825030" lon="-3.0631540">
    <ele>973.8</ele>
   </trkpt>
   <trkpt lat="40.6825560" lon="-3.0631260">
    <ele>973.8</ele>
   </trkpt>
   <trkpt lat="40.6826100" lon="-3.0631000">
    <ele>973.8</ele>
   </trkpt>
   <trkpt lat="40.6826630" lon="-3.0630730">
    <ele>974.0</ele>
   </trkpt>
   <trkpt lat="40.6827160" lon="-3.0630480">
    <ele>974.0</ele>
   </trkpt>
   <trkpt lat="40.6827700" lon="-3.0630220">
    <ele>974.0</ele>
   </trkpt>
   <trkpt lat="40.6828230" lon="-3.0629950">
    <ele>974.2</ele>
   </trkpt>
   <trkpt lat="40.6828800" lon="-3.0629680">
    <ele>974.2</ele>
   </trkpt>
   <trkpt lat="40.6829340" lon="-3.0629410">
    <ele>974.2</ele>
   </trkpt>
   <trkpt lat="40.6829870" lon="-3.0629130">
    <ele>974.2</ele>
   </trkpt>
   <trkpt lat="40.6830440" lon="-3.0628850">
    <ele>974.4</ele>
   </trkpt>
   <trkpt lat="40.6831020" lon="-3.0628540">
    <ele>974.2</ele>
   </trkpt>
   <trkpt lat="40.6831590" lon="-3.0628250">
    <ele>974.2</ele>
   </trkpt>
   <trkpt lat="40.6832120" lon="-3.0627980">
    <ele>974.2</ele>
   </trkpt>
   <trkpt lat="40.6832690" lon="-3.0627730">
    <ele>974.2</ele>
   </trkpt>
   <trkpt lat="40.6833230" lon="-3.0627480">
    <ele>974.2</ele>
   </trkpt>
   <trkpt lat="40.6833760" lon="-3.0627240">
    <ele>974.2</ele>
   </trkpt>
   <trkpt lat="40.6834300" lon="-3.0627000">
    <ele>974.0</ele>
   </trkpt>
   <trkpt lat="40.6834830" lon="-3.0626740">
    <ele>974.0</ele>
   </trkpt>
   <trkpt lat="40.6835370" lon="-3.0626470">
    <ele>974.0</ele>
   </trkpt>
   <trkpt lat="40.6835860" lon="-3.0626210">
    <ele>973.8</ele>
   </trkpt>
   <trkpt lat="40.6836430" lon="-3.0625960">
    <ele>973.8</ele>
   </trkpt>
   <trkpt lat="40.6837010" lon="-3.0625720">
    <ele>973.4</ele>
   </trkpt>
   <trkpt lat="40.6837620" lon="-3.0625460">
    <ele>973.2</ele>
   </trkpt>
   <trkpt lat="40.6838260" lon="-3.0625180">
    <ele>972.8</ele>
   </trkpt>
   <trkpt lat="40.6838910" lon="-3.0624900">
    <ele>972.6</ele>
   </trkpt>
   <trkpt lat="40.6839600" lon="-3.0624610">
    <ele>972.2</ele>
   </trkpt>
   <trkpt lat="40.6840250" lon="-3.0624320">
    <ele>972.0</ele>
   </trkpt>
   <trkpt lat="40.6840930" lon="-3.0624060">
    <ele>971.8</ele>
   </trkpt>
   <trkpt lat="40.6841580" lon="-3.0623830">
    <ele>971.6</ele>
   </trkpt>
   <trkpt lat="40.6842230" lon="-3.0623580">
    <ele>971.4</ele>
   </trkpt>
   <trkpt lat="40.6842880" lon="-3.0623310">
    <ele>971.2</ele>
   </trkpt>
   <trkpt lat="40.6843450" lon="-3.0623000">
    <ele>971.2</ele>
   </trkpt>
   <trkpt lat="40.6843990" lon="-3.0622680">
    <ele>971.2</ele>
   </trkpt>
   <trkpt lat="40.6844560" lon="-3.0622370">
    <ele>971.4</ele>
   </trkpt>
   <trkpt lat="40.6845090" lon="-3.0622060">
    <ele>971.6</ele>
   </trkpt>
   <trkpt lat="40.6845630" lon="-3.0621730">
    <ele>971.6</ele>
   </trkpt>
   <trkpt lat="40.6846160" lon="-3.0621410">
    <ele>971.8</ele>
   </trkpt>
   <trkpt lat="40.6846730" lon="-3.0621110">
    <ele>972.0</ele>
   </trkpt>
   <trkpt lat="40.6847270" lon="-3.0620820">
    <ele>972.2</ele>
   </trkpt>
   <trkpt lat="40.6847800" lon="-3.0620530">
    <ele>972.4</ele>
   </trkpt>
   <trkpt lat="40.6848370" lon="-3.0620240">
    <ele>972.4</ele>
   </trkpt>
   <trkpt lat="40.6848910" lon="-3.0619970">
    <ele>972.6</ele>
   </trkpt>
   <trkpt lat="40.6849480" lon="-3.0619700">
    <ele>972.8</ele>
   </trkpt>
   <trkpt lat="40.6850010" lon="-3.0619430">
    <ele>973.0</ele>
   </trkpt>
   <trkpt lat="40.6850550" lon="-3.0619150">
    <ele>973.2</ele>
   </trkpt>
   <trkpt lat="40.6851080" lon="-3.0618890">
    <ele>973.2</ele>
   </trkpt>
   <trkpt lat="40.6851620" lon="-3.0618620">
    <ele>973.4</ele>
   </trkpt>
   <trkpt lat="40.6852150" lon="-3.0618350">
    <ele>973.6</ele>
   </trkpt>
   <trkpt lat="40.6852680" lon="-3.0618110">
    <ele>973.6</ele>
   </trkpt>
   <trkpt lat="40.6853180" lon="-3.0617860">
    <ele>973.8</ele>
   </trkpt>
   <trkpt lat="40.6853710" lon="-3.0617610">
    <ele>973.8</ele>
   </trkpt>
   <trkpt lat="40.6854210" lon="-3.0617330">
    <ele>973.8</ele>
   </trkpt>
   <trkpt lat="40.6854740" lon="-3.0617040">
    <ele>974.0</ele>
   </trkpt>
   <trkpt lat="40.6855280" lon="-3.0616770">
    <ele>974.0</ele>
   </trkpt>
   <trkpt lat="40.6855770" lon="-3.0616490">
    <ele>974.0</ele>
   </trkpt>
   <trkpt lat="40.6856310" lon="-3.0616220">
    <ele>974.2</ele>
   </trkpt>
   <trkpt lat="40.6856800" lon="-3.0615960">
    <ele>974.2</ele>
   </trkpt>
   <trkpt lat="40.6857300" lon="-3.0615720">
    <ele>974.4</ele>
   </trkpt>
   <trkpt lat="40.6857800" lon="-3.0615470">
    <ele>974.4</ele>
   </trkpt>
   <trkpt lat="40.6858330" lon="-3.0615210">
    <ele>974.6</ele>
   </trkpt>
   <trkpt lat="40.6858830" lon="-3.0614950">
    <ele>974.8</ele>
   </trkpt>
   <trkpt lat="40.6859320" lon="-3.0614690">
    <ele>975.0</ele>
   </trkpt>
   <trkpt lat="40.6859820" lon="-3.0614440">
    <ele>975.2</ele>
   </trkpt>
   <trkpt lat="40.6860310" lon="-3.0614190">
    <ele>975.4</ele>
   </trkpt>
   <trkpt lat="40.6860770" lon="-3.0613960">
    <ele>975.6</ele>
   </trkpt>
   <trkpt lat="40.6861230" lon="-3.0613740">
    <ele>975.8</ele>
   </trkpt>
   <trkpt lat="40.6861690" lon="-3.0613530">
    <ele>976.0</ele>
   </trkpt>
   <trkpt lat="40.6862140" lon="-3.0613320">
    <ele>976.2</ele>
   </trkpt>
   <trkpt lat="40.6862600" lon="-3.0613090">
    <ele>976.4</ele>
   </trkpt>
   <trkpt lat="40.6863020" lon="-3.0612870">
    <ele>976.6</ele>
   </trkpt>
   <trkpt lat="40.6863440" lon="-3.0612630">
    <ele>976.6</ele>
   </trkpt>
   <trkpt lat="40.6863900" lon="-3.0612400">
    <ele>976.6</ele>
   </trkpt>
   <trkpt lat="40.6864400" lon="-3.0612190">
    <ele>976.6</ele>
   </trkpt>
   <trkpt lat="40.6864850" lon="-3.0611990">
    <ele>976.8</ele>
   </trkpt>
   <trkpt lat="40.6865310" lon="-3.0611760">
    <ele>976.8</ele>
   </trkpt>
   <trkpt lat="40.6865770" lon="-3.0611510">
    <ele>976.8</ele>
   </trkpt>
   <trkpt lat="40.6866190" lon="-3.0611280">
    <ele>976.8</ele>
   </trkpt>
   <trkpt lat="40.6866650" lon="-3.0611040">
    <ele>977.0</ele>
   </trkpt>
   <trkpt lat="40.6867100" lon="-3.0610800">
    <ele>977.0</ele>
   </trkpt>
   <trkpt lat="40.6867560" lon="-3.0610580">
    <ele>977.0</ele>
   </trkpt>
   <trkpt lat="40.6868020" lon="-3.0610360">
    <ele>977.2</ele>
   </trkpt>
   <trkpt lat="40.6868440" lon="-3.0610120">
    <ele>977.4</ele>
   </trkpt>
   <trkpt lat="40.6868860" lon="-3.0609900">
    <ele>977.4</ele>
   </trkpt>
   <trkpt lat="40.6869280" lon="-3.0609710">
    <ele>977.6</ele>
   </trkpt>
   <trkpt lat="40.6869700" lon="-3.0609490">
    <ele>977.6</ele>
   </trkpt>
   <trkpt lat="40.6870120" lon="-3.0609270">
    <ele>977.8</ele>
   </trkpt>
   <trkpt lat="40.6870570" lon="-3.0609040">
    <ele>977.8</ele>
   </trkpt>
   <trkpt lat="40.6871030" lon="-3.0608790">
    <ele>977.8</ele>
   </trkpt>
   <trkpt lat="40.6871450" lon="-3.0608530">
    <ele>977.8</ele>
   </trkpt>
   <trkpt lat="40.6871910" lon="-3.0608250">
    <ele>977.6</ele>
   </trkpt>
   <trkpt lat="40.6872410" lon="-3.0607990">
    <ele>977.6</ele>
   </trkpt>
   <trkpt lat="40.6872860" lon="-3.0607730">
    <ele>977.6</ele>
   </trkpt>
   <trkpt lat="40.6873280" lon="-3.0607500">
    <ele>977.8</ele>
   </trkpt>
   <trkpt lat="40.6873700" lon="-3.0607300">
    <ele>977.8</ele>
   </trkpt>
   <trkpt lat="40.6874080" lon="-3.0607100">
    <ele>978.0</ele>
   </trkpt>
   <trkpt lat="40.6874470" lon="-3.0606890">
    <ele>978.0</ele>
   </trkpt>
   <trkpt lat="40.6874890" lon="-3.0606680">
    <ele>978.0</ele>
   </trkpt>
   <trkpt lat="40.6875310" lon="-3.0606470">
    <ele>978.2</ele>
   </trkpt>
   <trkpt lat="40.6875760" lon="-3.0606250">
    <ele>978.2</ele>
   </trkpt>
   <trkpt lat="40.6876220" lon="-3.0606030">
    <ele>978.4</ele>
   </trkpt>
   <trkpt lat="40.6876680" lon="-3.0605820">
    <ele>978.4</ele>
   </trkpt>
   <trkpt lat="40.6877100" lon="-3.0605590">
    <ele>978.6</ele>
   </trkpt>
   <trkpt lat="40.6877560" lon="-3.0605380">
    <ele>978.8</ele>
   </trkpt>
   <trkpt lat="40.6878010" lon="-3.0605190">
    <ele>978.8</ele>
   </trkpt>
   <trkpt lat="40.6878430" lon="-3.0605000">
    <ele>979.0</ele>
   </trkpt>
   <trkpt lat="40.6878890" lon="-3.0604740">
    <ele>979.0</ele>
   </trkpt>
   <trkpt lat="40.6879390" lon="-3.0604470">
    <ele>979.2</ele>
   </trkpt>
   <trkpt lat="40.6879810" lon="-3.0604260">
    <ele>979.2</ele>
   </trkpt>
   <trkpt lat="40.6880190" lon="-3.0604050">
    <ele>979.4</ele>
   </trkpt>
   <trkpt lat="40.6880720" lon="-3.0603770">
    <ele>979.4</ele>
   </trkpt>
   <trkpt lat="40.6881180" lon="-3.0603520">
    <ele>979.4</ele>
   </trkpt>
   <trkpt lat="40.6881600" lon="-3.0603280">
    <ele>979.4</ele>
   </trkpt>
   <trkpt lat="40.6882020" lon="-3.0603040">
    <ele>979.4</ele>
   </trkpt>
   <trkpt lat="40.6882400" lon="-3.0602810">
    <ele>979.4</ele>
   </trkpt>
   <trkpt lat="40.6882780" lon="-3.0602560">
    <ele>979.4</ele>
   </trkpt>
   <trkpt lat="40.6883160" lon="-3.0602330">
    <ele>979.4</ele>
   </trkpt>
   <trkpt lat="40.6883540" lon="-3.0602160">
    <ele>979.6</ele>
   </trkpt>
   <trkpt lat="40.6883960" lon="-3.0602010">
    <ele>979.6</ele>
   </trkpt>
   <trkpt lat="40.6884380" lon="-3.0601860">
    <ele>979.6</ele>
   </trkpt>
   <trkpt lat="40.6884800" lon="-3.0601700">
    <ele>979.6</ele>
   </trkpt>
   <trkpt lat="40.6885260" lon="-3.0601510">
    <ele>979.6</ele>
   </trkpt>
   <trkpt lat="40.6885720" lon="-3.0601340">
    <ele>979.6</ele>
   </trkpt>
   <trkpt lat="40.6886180" lon="-3.0601210">
    <ele>979.6</ele>
   </trkpt>
   <trkpt lat="40.6886630" lon="-3.0601110">
    <ele>979.6</ele>
   </trkpt>
   <trkpt lat="40.6887090" lon="-3.0601030">
    <ele>979.6</ele>
   </trkpt>
   <trkpt lat="40.6887470" lon="-3.0600990">
    <ele>979.6</ele>
   </trkpt>
   <trkpt lat="40.6887860" lon="-3.0601010">
    <ele>979.8</ele>
   </trkpt>
   <trkpt lat="40.6888310" lon="-3.0601050">
    <ele>979.8</ele>
   </trkpt>
   <trkpt lat="40.6888770" lon="-3.0601180">
    <ele>979.8</ele>
   </trkpt>
   <trkpt lat="40.6889230" lon="-3.0601380">
    <ele>979.8</ele>
   </trkpt>
   <trkpt lat="40.6889610" lon="-3.0601610">
    <ele>980.0</ele>
   </trkpt>
   <trkpt lat="40.6889950" lon="-3.0601900">
    <ele>980.0</ele>
   </trkpt>
   <trkpt lat="40.6890410" lon="-3.0602300">
    <ele>979.8</ele>
   </trkpt>
   <trkpt lat="40.6890830" lon="-3.0602740">
    <ele>979.8</ele>
   </trkpt>
   <trkpt lat="40.6891170" lon="-3.0603210">
    <ele>979.8</ele>
   </trkpt>
   <trkpt lat="40.6891520" lon="-3.0603690">
    <ele>979.6</ele>
   </trkpt>
   <trkpt lat="40.6891860" lon="-3.0604170">
    <ele>979.6</ele>
   </trkpt>
   <trkpt lat="40.6892200" lon="-3.0604620">
    <ele>979.6</ele>
   </trkpt>
   <trkpt lat="40.6892550" lon="-3.0605050">
    <ele>979.6</ele>
   </trkpt>
   <trkpt lat="40.6892890" lon="-3.0605490">
    <ele>979.4</ele>
   </trkpt>
   <trkpt lat="40.6893230" lon="-3.0605900">
    <ele>979.6</ele>
   </trkpt>
   <trkpt lat="40.6893650" lon="-3.0606270">
    <ele>979.6</ele>
   </trkpt>
   <trkpt lat="40.6894070" lon="-3.0606560">
    <ele>979.6</ele>
   </trkpt>
   <trkpt lat="40.6894490" lon="-3.0606760">
    <ele>979.6</ele>
   </trkpt>
   <trkpt lat="40.6895030" lon="-3.0606860">
    <ele>979.8</ele>
   </trkpt>
   <trkpt lat="40.6895520" lon="-3.0606890">
    <ele>979.8</ele>
   </trkpt>
   <trkpt lat="40.6896060" lon="-3.0606860">
    <ele>979.8</ele>
   </trkpt>
   <trkpt lat="40.6896550" lon="-3.0606710">
    <ele>979.8</ele>
   </trkpt>
   <trkpt lat="40.6897090" lon="-3.0606470">
    <ele>979.8</ele>
   </trkpt>
   <trkpt lat="40.6897470" lon="-3.0606180">
    <ele>979.8</ele>
   </trkpt>
   <trkpt lat="40.6897850" lon="-3.0605790">
    <ele>979.8</ele>
   </trkpt>
   <trkpt lat="40.6898190" lon="-3.0605230">
    <ele>979.8</ele>
   </trkpt>
   <trkpt lat="40.6898420" lon="-3.0604580">
    <ele>979.8</ele>
   </trkpt>
   <trkpt lat="40.6898570" lon="-3.0603920">
    <ele>979.8</ele>
   </trkpt>
   <trkpt lat="40.6898650" lon="-3.0603200">
    <ele>979.8</ele>
   </trkpt>
   <trkpt lat="40.6898650" lon="-3.0602460">
    <ele>979.8</ele>
   </trkpt>
   <trkpt lat="40.6898610" lon="-3.0601730">
    <ele>979.8</ele>
   </trkpt>
   <trkpt lat="40.6898540" lon="-3.0601010">
    <ele>979.8</ele>
   </trkpt>
   <trkpt lat="40.6898460" lon="-3.0600260">
    <ele>980.0</ele>
   </trkpt>
   <trkpt lat="40.6898420" lon="-3.0599590">
    <ele>980.0</ele>
   </trkpt>
   <trkpt lat="40.6898350" lon="-3.0598790">
    <ele>980.0</ele>
   </trkpt>
   <trkpt lat="40.6898350" lon="-3.0597970">
    <ele>980.0</ele>
   </trkpt>
   <trkpt lat="40.6898380" lon="-3.0597220">
    <ele>980.0</ele>
   </trkpt>
   <trkpt lat="40.6898460" lon="-3.0596490">
    <ele>980.0</ele>
   </trkpt>
   <trkpt lat="40.6898610" lon="-3.0595770">
    <ele>980.0</ele>
   </trkpt>
   <trkpt lat="40.6898840" lon="-3.0595070">
    <ele>980.0</ele>
   </trkpt>
   <trkpt lat="40.6899110" lon="-3.0594430">
    <ele>980.0</ele>
   </trkpt>
   <trkpt lat="40.6899450" lon="-3.0593850">
    <ele>980.0</ele>
   </trkpt>
   <trkpt lat="40.6899800" lon="-3.0593340">
    <ele>979.8</ele>
   </trkpt>
   <trkpt lat="40.6900220" lon="-3.0592900">
    <ele>979.8</ele>
   </trkpt>
   <trkpt lat="40.6900670" lon="-3.0592480">
    <ele>979.8</ele>
   </trkpt>
   <trkpt lat="40.6901130" lon="-3.0592120">
    <ele>979.8</ele>
   </trkpt>
   <trkpt lat="40.6901630" lon="-3.0591750">
    <ele>979.6</ele>
   </trkpt>
   <trkpt lat="40.6902200" lon="-3.0591290">
    <ele>979.6</ele>
   </trkpt>
   <trkpt lat="40.6902770" lon="-3.0590860">
    <ele>979.6</ele>
   </trkpt>
   <trkpt lat="40.6903340" lon="-3.0590490">
    <ele>979.4</ele>
   </trkpt>
   <trkpt lat="40.6903880" lon="-3.0590110">
    <ele>979.4</ele>
   </trkpt>
   <trkpt lat="40.6904450" lon="-3.0589740">
    <ele>979.4</ele>
   </trkpt>
   <trkpt lat="40.6904980" lon="-3.0589380">
    <ele>979.4</ele>
   </trkpt>
   <trkpt lat="40.6905520" lon="-3.0589060">
    <ele>979.4</ele>
   </trkpt>
   <trkpt lat="40.6906010" lon="-3.0588750">
    <ele>979.4</ele>
   </trkpt>
   <trkpt lat="40.6906510" lon="-3.0588420">
    <ele>979.4</ele>
   </trkpt>
   <trkpt lat="40.6907040" lon="-3.0588070">
    <ele>979.4</ele>
   </trkpt>
   <trkpt lat="40.6907580" lon="-3.0587730">
    <ele>979.4</ele>
   </trkpt>
   <trkpt lat="40.6908110" lon="-3.0587400">
    <ele>979.6</ele>
   </trkpt>
   <trkpt lat="40.6908680" lon="-3.0587090">
    <ele>979.4</ele>
   </trkpt>
   <trkpt lat="40.6909220" lon="-3.0586820">
    <ele>979.4</ele>
   </trkpt>
   <trkpt lat="40.6909830" lon="-3.0586490">
    <ele>979.4</ele>
   </trkpt>
   <trkpt lat="40.6910440" lon="-3.0586110">
    <ele>979.4</ele>
   </trkpt>
   <trkpt lat="40.6911010" lon="-3.0585740">
    <ele>979.4</ele>
   </trkpt>
   <trkpt lat="40.6911540" lon="-3.0585380">
    <ele>979.4</ele>
   </trkpt>
   <trkpt lat="40.6912000" lon="-3.0585100">
    <ele>979.4</ele>
   </trkpt>
   <trkpt lat="40.6912610" lon="-3.0584740">
    <ele>979.4</ele>
   </trkpt>
   <trkpt lat="40.6913220" lon="-3.0584350">
    <ele>979.4</ele>
   </trkpt>
   <trkpt lat="40.6913760" lon="-3.0584010">
    <ele>979.4</ele>
   </trkpt>
   <trkpt lat="40.6914250" lon="-3.0583660">
    <ele>979.2</ele>
   </trkpt>
   <trkpt lat="40.6914750" lon="-3.0583330">
    <ele>979.2</ele>
   </trkpt>
   <trkpt lat="40.6915240" lon="-3.0583110">
    <ele>979.2</ele>
   </trkpt>
   <trkpt lat="40.6915740" lon="-3.0583090">
    <ele>979.0</ele>
   </trkpt>
   <trkpt lat="40.6916200" lon="-3.0583290">
    <ele>978.8</ele>
   </trkpt>
   <trkpt lat="40.6916620" lon="-3.0583660">
    <ele>978.6</ele>
   </trkpt>
   <trkpt lat="40.6917040" lon="-3.0584030">
    <ele>978.4</ele>
   </trkpt>
   <trkpt lat="40.6917460" lon="-3.0584270">
    <ele>978.4</ele>
   </trkpt>
   <trkpt lat="40.6917950" lon="-3.0584320">
    <ele>978.2</ele>
   </trkpt>
   <trkpt lat="40.6918490" lon="-3.0584190">
    <ele>978.2</ele>
   </trkpt>
   <trkpt lat="40.6918980" lon="-3.0583910">
    <ele>978.2</ele>
   </trkpt>
   <trkpt lat="40.6919440" lon="-3.0583560">
    <ele>978.2</ele>
   </trkpt>
   <trkpt lat="40.6919900" lon="-3.0583190">
    <ele>978.2</ele>
   </trkpt>
   <trkpt lat="40.6920320" lon="-3.0582830">
    <ele>978.2</ele>
   </trkpt>
   <trkpt lat="40.6920700" lon="-3.0582410">
    <ele>978.2</ele>
   </trkpt>
   <trkpt lat="40.6920890" lon="-3.0581860">
    <ele>978.2</ele>
   </trkpt>
   <trkpt lat="40.6921000" lon="-3.0581230">
    <ele>978.2</ele>
   </trkpt>
   <trkpt lat="40.6921040" lon="-3.0580540">
    <ele>978.0</ele>
   </trkpt>
   <trkpt lat="40.6921160" lon="-3.0579920">
    <ele>978.0</ele>
   </trkpt>
   <trkpt lat="40.6921350" lon="-3.0579350">
    <ele>978.0</ele>
   </trkpt>
   <trkpt lat="40.6921770" lon="-3.0578780">
    <ele>978.0</ele>
   </trkpt>
   <trkpt lat="40.6922260" lon="-3.0578350">
    <ele>978.0</ele>
   </trkpt>
   <trkpt lat="40.6922800" lon="-3.0578000">
    <ele>978.0</ele>
   </trkpt>
   <trkpt lat="40.6923330" lon="-3.0577630">
    <ele>978.0</ele>
   </trkpt>
   <trkpt lat="40.6923900" lon="-3.0577250">
    <ele>978.0</ele>
   </trkpt>
   <trkpt lat="40.6924400" lon="-3.0576880">
    <ele>978.0</ele>
   </trkpt>
   <trkpt lat="40.6924900" lon="-3.0576520">
    <ele>978.0</ele>
   </trkpt>
   <trkpt lat="40.6925390" lon="-3.0576180">
    <ele>978.0</ele>
   </trkpt>
   <trkpt lat="40.6925810" lon="-3.0575890">
    <ele>978.0</ele>
   </trkpt>
   <trkpt lat="40.6926310" lon="-3.0575540">
    <ele>978.2</ele>
   </trkpt>
   <trkpt lat="40.6926840" lon="-3.0575190">
    <ele>978.0</ele>
   </trkpt>
   <trkpt lat="40.6927380" lon="-3.0574870">
    <ele>978.0</ele>
   </trkpt>
   <trkpt lat="40.6927910" lon="-3.0574550">
    <ele>978.0</ele>
   </trkpt>
   <trkpt lat="40.6928440" lon="-3.0574210">
    <ele>978.2</ele>
   </trkpt>
   <trkpt lat="40.6928940" lon="-3.0573870">
    <ele>978.2</ele>
   </trkpt>
   <trkpt lat="40.6929470" lon="-3.0573530">
    <ele>978.2</ele>
   </trkpt>
   <trkpt lat="40.6929970" lon="-3.0573180">
    <ele>978.0</ele>
   </trkpt>
   <trkpt lat="40.6930390" lon="-3.0572890">
    <ele>978.0</ele>
   </trkpt>
   <trkpt lat="40.6930920" lon="-3.0572550">
    <ele>977.8</ele>
   </trkpt>
   <trkpt lat="40.6931420" lon="-3.0572190">
    <ele>977.8</ele>
   </trkpt>
   <trkpt lat="40.6931880" lon="-3.0571890">
    <ele>977.8</ele>
   </trkpt>
   <trkpt lat="40.6932300" lon="-3.0571650">
    <ele>977.8</ele>
   </trkpt>
   <trkpt lat="40.6932720" lon="-3.0571390">
    <ele>977.8</ele>
   </trkpt>
   <trkpt lat="40.6933290" lon="-3.0571070">
    <ele>977.8</ele>
   </trkpt>
   <trkpt lat="40.6933820" lon="-3.0570740">
    <ele>978.0</ele>
   </trkpt>
   <trkpt lat="40.6934320" lon="-3.0570400">
    <ele>978.0</ele>
   </trkpt>
   <trkpt lat="40.6934780" lon="-3.0570060">
    <ele>977.8</ele>
   </trkpt>
   <trkpt lat="40.6935230" lon="-3.0569740">
    <ele>977.8</ele>
   </trkpt>
   <trkpt lat="40.6935730" lon="-3.0569420">
    <ele>977.8</ele>
   </trkpt>
   <trkpt lat="40.6936300" lon="-3.0569070">
    <ele>977.8</ele>
   </trkpt>
   <trkpt lat="40.6936840" lon="-3.0568730">
    <ele>977.8</ele>
   </trkpt>
   <trkpt lat="40.6937330" lon="-3.0568400">
    <ele>977.8</ele>
   </trkpt>
   <trkpt lat="40.6937870" lon="-3.0568080">
    <ele>977.8</ele>
   </trkpt>
   <trkpt lat="40.6938400" lon="-3.0567730">
    <ele>977.8</ele>
   </trkpt>
   <trkpt lat="40.6938930" lon="-3.0567400">
    <ele>978.0</ele>
   </trkpt>
   <trkpt lat="40.6939470" lon="-3.0567050">
    <ele>977.8</ele>
   </trkpt>
   <trkpt lat="40.6940000" lon="-3.0566700">
    <ele>977.8</ele>
   </trkpt>
   <trkpt lat="40.6940540" lon="-3.0566360">
    <ele>977.8</ele>
   </trkpt>
   <trkpt lat="40.6941070" lon="-3.0566030">
    <ele>977.6</ele>
   </trkpt>
   <trkpt lat="40.6941640" lon="-3.0565670">
    <ele>977.4</ele>
   </trkpt>
   <trkpt lat="40.6942100" lon="-3.0565360">
    <ele>977.2</ele>
   </trkpt>
   <trkpt lat="40.6942630" lon="-3.0565040">
    <ele>977.2</ele>
   </trkpt>
   <trkpt lat="40.6943280" lon="-3.0564660">
    <ele>977.0</ele>
   </trkpt>
   <trkpt lat="40.6943820" lon="-3.0564280">
    <ele>977.2</ele>
   </trkpt>
   <trkpt lat="40.6944310" lon="-3.0563940">
    <ele>977.2</ele>
   </trkpt>
   <trkpt lat="40.6944810" lon="-3.0563590">
    <ele>977.4</ele>
   </trkpt>
   <trkpt lat="40.6945340" lon="-3.0563240">
    <ele>977.4</ele>
   </trkpt>
   <trkpt lat="40.6945880" lon="-3.0562870">
    <ele>977.4</ele>
   </trkpt>
   <trkpt lat="40.6946410" lon="-3.0562510">
    <ele>977.6</ele>
   </trkpt>
   <trkpt lat="40.6946950" lon="-3.0562110">
    <ele>977.8</ele>
   </trkpt>
   <trkpt lat="40.6947480" lon="-3.0561690">
    <ele>978.0</ele>
   </trkpt>
   <trkpt lat="40.6948010" lon="-3.0561290">
    <ele>978.0</ele>
   </trkpt>
   <trkpt lat="40.6948550" lon="-3.0560890">
    <ele>978.2</ele>
   </trkpt>
   <trkpt lat="40.6949080" lon="-3.0560510">
    <ele>978.2</ele>
   </trkpt>
   <trkpt lat="40.6949580" lon="-3.0560150">
    <ele>978.4</ele>
   </trkpt>
   <trkpt lat="40.6950030" lon="-3.0559850">
    <ele>978.6</ele>
   </trkpt>
   <trkpt lat="40.6950570" lon="-3.0559490">
    <ele>978.6</ele>
   </trkpt>
   <trkpt lat="40.6951100" lon="-3.0559130">
    <ele>978.8</ele>
   </trkpt>
   <trkpt lat="40.6951640" lon="-3.0558800">
    <ele>979.0</ele>
   </trkpt>
   <trkpt lat="40.6952100" lon="-3.0558500">
    <ele>979.2</ele>
   </trkpt>
   <trkpt lat="40.6952590" lon="-3.0558150">
    <ele>979.2</ele>
   </trkpt>
   <trkpt lat="40.6953120" lon="-3.0557810">
    <ele>979.2</ele>
   </trkpt>
   <trkpt lat="40.6953620" lon="-3.0557490">
    <ele>979.4</ele>
   </trkpt>
   <trkpt lat="40.6954120" lon="-3.0557160">
    <ele>979.6</ele>
   </trkpt>
   <trkpt lat="40.6954540" lon="-3.0556860">
    <ele>979.8</ele>
   </trkpt>
   <trkpt lat="40.6955030" lon="-3.0556520">
    <ele>979.8</ele>
   </trkpt>
   <trkpt lat="40.6955530" lon="-3.0556210">
    <ele>980.0</ele>
   </trkpt>
   <trkpt lat="40.6956020" lon="-3.0555910">
    <ele>980.2</ele>
   </trkpt>
   <trkpt lat="40.6956440" lon="-3.0555650">
    <ele>980.2</ele>
   </trkpt>
   <trkpt lat="40.6956900" lon="-3.0555300">
    <ele>980.4</ele>
   </trkpt>
   <trkpt lat="40.6957440" lon="-3.0554930">
    <ele>980.4</ele>
   </trkpt>
   <trkpt lat="40.6957890" lon="-3.0554590">
    <ele>980.4</ele>
   </trkpt>
   <trkpt lat="40.6958350" lon="-3.0554270">
    <ele>980.4</ele>
   </trkpt>
   <trkpt lat="40.6958810" lon="-3.0553940">
    <ele>980.4</ele>
   </trkpt>
   <trkpt lat="40.6959380" lon="-3.0553520">
    <ele>980.6</ele>
   </trkpt>
   <trkpt lat="40.6959880" lon="-3.0553120">
    <ele>980.6</ele>
   </trkpt>
   <trkpt lat="40.6960410" lon="-3.0552750">
    <ele>980.6</ele>
   </trkpt>
   <trkpt lat="40.6960830" lon="-3.0552430">
    <ele>980.4</ele>
   </trkpt>
   <trkpt lat="40.6961360" lon="-3.0552060">
    <ele>980.4</ele>
   </trkpt>
   <trkpt lat="40.6961900" lon="-3.0551680">
    <ele>980.6</ele>
   </trkpt>
   <trkpt lat="40.6962390" lon="-3.0551350">
    <ele>980.6</ele>
   </trkpt>
   <trkpt lat="40.6962850" lon="-3.0551050">
    <ele>980.6</ele>
   </trkpt>
   <trkpt lat="40.6963310" lon="-3.0550710">
    <ele>980.6</ele>
   </trkpt>
   <trkpt lat="40.6963880" lon="-3.0550280">
    <ele>980.6</ele>
   </trkpt>
   <trkpt lat="40.6964450" lon="-3.0549890">
    <ele>980.8</ele>
   </trkpt>
   <trkpt lat="40.6964910" lon="-3.0549550">
    <ele>980.8</ele>
   </trkpt>
   <trkpt lat="40.6965370" lon="-3.0549230">
    <ele>980.8</ele>
   </trkpt>
   <trkpt lat="40.6965870" lon="-3.0548830">
    <ele>980.8</ele>
   </trkpt>
   <trkpt lat="40.6966400" lon="-3.0548430">
    <ele>981.0</ele>
   </trkpt>
   <trkpt lat="40.6966860" lon="-3.0548090">
    <ele>981.0</ele>
   </trkpt>
   <trkpt lat="40.6967320" lon="-3.0547750">
    <ele>981.0</ele>
   </trkpt>
   <trkpt lat="40.6967730" lon="-3.0547420">
    <ele>981.0</ele>
   </trkpt>
   <trkpt lat="40.6968190" lon="-3.0547110">
    <ele>981.2</ele>
   </trkpt>
   <trkpt lat="40.6968610" lon="-3.0546790">
    <ele>981.2</ele>
   </trkpt>
   <trkpt lat="40.6969030" lon="-3.0546490">
    <ele>981.4</ele>
   </trkpt>
   <trkpt lat="40.6969490" lon="-3.0546200">
    <ele>981.4</ele>
   </trkpt>
   <trkpt lat="40.6969950" lon="-3.0545900">
    <ele>981.4</ele>
   </trkpt>
   <trkpt lat="40.6970410" lon="-3.0545560">
    <ele>981.6</ele>
   </trkpt>
   <trkpt lat="40.6970860" lon="-3.0545210">
    <ele>981.6</ele>
   </trkpt>
   <trkpt lat="40.6971320" lon="-3.0544880">
    <ele>981.8</ele>
   </trkpt>
   <trkpt lat="40.6971780" lon="-3.0544550">
    <ele>981.8</ele>
   </trkpt>
   <trkpt lat="40.6972240" lon="-3.0544220">
    <ele>981.8</ele>
   </trkpt>
   <trkpt lat="40.6972690" lon="-3.0543880">
    <ele>981.8</ele>
   </trkpt>
   <trkpt lat="40.6973150" lon="-3.0543550">
    <ele>981.8</ele>
   </trkpt>
   <trkpt lat="40.6973490" lon="-3.0543250">
    <ele>981.8</ele>
   </trkpt>
   <trkpt lat="40.6973910" lon="-3.0542970">
    <ele>982.0</ele>
   </trkpt>
   <trkpt lat="40.6974410" lon="-3.0542660">
    <ele>982.0</ele>
   </trkpt>
   <trkpt lat="40.6974870" lon="-3.0542350">
    <ele>982.0</ele>
   </trkpt>
   <trkpt lat="40.6975250" lon="-3.0542080">
    <ele>982.2</ele>
   </trkpt>
   <trkpt lat="40.6975670" lon="-3.0541860">
    <ele>982.2</ele>
   </trkpt>
   <trkpt lat="40.6976010" lon="-3.0541660">
    <ele>982.2</ele>
   </trkpt>
   <trkpt lat="40.6976360" lon="-3.0541480">
    <ele>982.4</ele>
   </trkpt>
   <trkpt lat="40.6976620" lon="-3.0541320">
    <ele>982.2</ele>
   </trkpt>
   <trkpt lat="40.6976740" lon="-3.0541220">
    <ele>982.2</ele>
   </trkpt>
   <trkpt lat="40.6976930" lon="-3.0541010">
    <ele>982.2</ele>
   </trkpt>
   <trkpt lat="40.6977120" lon="-3.0540840">
    <ele>982.2</ele>
   </trkpt>
   <trkpt lat="40.6977390" lon="-3.0540630">
    <ele>982.2</ele>
   </trkpt>
   <trkpt lat="40.6977730" lon="-3.0540380">
    <ele>982.2</ele>
   </trkpt>
   <trkpt lat="40.6978110" lon="-3.0540090">
    <ele>982.0</ele>
   </trkpt>
   <trkpt lat="40.6978490" lon="-3.0539790">
    <ele>982.0</ele>
   </trkpt>
   <trkpt lat="40.6978910" lon="-3.0539500">
    <ele>982.0</ele>
   </trkpt>
   <trkpt lat="40.6979290" lon="-3.0539200">
    <ele>982.0</ele>
   </trkpt>
   <trkpt lat="40.6979710" lon="-3.0538890">
    <ele>982.0</ele>
   </trkpt>
   <trkpt lat="40.6980090" lon="-3.0538570">
    <ele>982.0</ele>
   </trkpt>
   <trkpt lat="40.6980510" lon="-3.0538240">
    <ele>982.0</ele>
   </trkpt>
   <trkpt lat="40.6980900" lon="-3.0537930">
    <ele>982.2</ele>
   </trkpt>
   <trkpt lat="40.6981280" lon="-3.0537610">
    <ele>982.2</ele>
   </trkpt>
   <trkpt lat="40.6981700" lon="-3.0537290">
    <ele>982.2</ele>
   </trkpt>
   <trkpt lat="40.6982080" lon="-3.0536970">
    <ele>982.2</ele>
   </trkpt>
   <trkpt lat="40.6982500" lon="-3.0536680">
    <ele>982.4</ele>
   </trkpt>
   <trkpt lat="40.6982960" lon="-3.0536440">
    <ele>982.4</ele>
   </trkpt>
   <trkpt lat="40.6983340" lon="-3.0536210">
    <ele>982.4</ele>
   </trkpt>
   <trkpt lat="40.6983760" lon="-3.0535970">
    <ele>982.6</ele>
   </trkpt>
   <trkpt lat="40.6984140" lon="-3.0535720">
    <ele>982.6</ele>
   </trkpt>
   <trkpt lat="40.6984520" lon="-3.0535460">
    <ele>982.6</ele>
   </trkpt>
   <trkpt lat="40.6984900" lon="-3.0535150">
    <ele>982.6</ele>
   </trkpt>
   <trkpt lat="40.6985280" lon="-3.0534870">
    <ele>982.6</ele>
   </trkpt>
   <trkpt lat="40.6985660" lon="-3.0534590">
    <ele>982.8</ele>
   </trkpt>
   <trkpt lat="40.6986010" lon="-3.0534310">
    <ele>982.8</ele>
   </trkpt>
   <trkpt lat="40.6986390" lon="-3.0534010">
    <ele>982.8</ele>
   </trkpt>
   <trkpt lat="40.6986770" lon="-3.0533690">
    <ele>983.0</ele>
   </trkpt>
   <trkpt lat="40.6987190" lon="-3.0533360">
    <ele>983.0</ele>
   </trkpt>
   <trkpt lat="40.6987570" lon="-3.0533030">
    <ele>983.0</ele>
   </trkpt>
   <trkpt lat="40.6987990" lon="-3.0532710">
    <ele>983.0</ele>
   </trkpt>
   <trkpt lat="40.6988410" lon="-3.0532380">
    <ele>983.0</ele>
   </trkpt>
   <trkpt lat="40.6988830" lon="-3.0532030">
    <ele>983.2</ele>
   </trkpt>
   <trkpt lat="40.6989250" lon="-3.0531670">
    <ele>983.2</ele>
   </trkpt>
   <trkpt lat="40.6989630" lon="-3.0531310">
    <ele>983.2</ele>
   </trkpt>
   <trkpt lat="40.6990050" lon="-3.0530940">
    <ele>983.2</ele>
   </trkpt>
   <trkpt lat="40.6990510" lon="-3.0530590">
    <ele>983.2</ele>
   </trkpt>
   <trkpt lat="40.6990930" lon="-3.0530220">
    <ele>983.2</ele>
   </trkpt>
   <trkpt lat="40.6991310" lon="-3.0529930">
    <ele>983.2</ele>
   </trkpt>
   <trkpt lat="40.6991770" lon="-3.0529610">
    <ele>983.2</ele>
   </trkpt>
   <trkpt lat="40.6992260" lon="-3.0529290">
    <ele>983.2</ele>
   </trkpt>
   <trkpt lat="40.6992680" lon="-3.0528980">
    <ele>983.4</ele>
   </trkpt>
   <trkpt lat="40.6993100" lon="-3.0528660">
    <ele>983.4</ele>
   </trkpt>
   <trkpt lat="40.6993520" lon="-3.0528310">
    <ele>983.4</ele>
   </trkpt>
   <trkpt lat="40.6993940" lon="-3.0527930">
    <ele>983.6</ele>
   </trkpt>
   <trkpt lat="40.6994360" lon="-3.0527580">
    <ele>983.6</ele>
   </trkpt>
   <trkpt lat="40.6994780" lon="-3.0527270">
    <ele>983.6</ele>
   </trkpt>
   <trkpt lat="40.6995200" lon="-3.0526970">
    <ele>983.6</ele>
   </trkpt>
   <trkpt lat="40.6995620" lon="-3.0526640">
    <ele>983.6</ele>
   </trkpt>
   <trkpt lat="40.6996040" lon="-3.0526300">
    <ele>983.6</ele>
   </trkpt>
   <trkpt lat="40.6996460" lon="-3.0525940">
    <ele>983.6</ele>
   </trkpt>
   <trkpt lat="40.6996880" lon="-3.0525550">
    <ele>983.6</ele>
   </trkpt>
   <trkpt lat="40.6997300" lon="-3.0525170">
    <ele>983.6</ele>
   </trkpt>
   <trkpt lat="40.6997720" lon="-3.0524780">
    <ele>983.6</ele>
   </trkpt>
   <trkpt lat="40.6998180" lon="-3.0524380">
    <ele>983.6</ele>
   </trkpt>
   <trkpt lat="40.6998630" lon="-3.0524010">
    <ele>983.6</ele>
   </trkpt>
   <trkpt lat="40.6999090" lon="-3.0523660">
    <ele>983.6</ele>
   </trkpt>
   <trkpt lat="40.6999630" lon="-3.0523330">
    <ele>983.8</ele>
   </trkpt>
   <trkpt lat="40.7000120" lon="-3.0522990">
    <ele>983.8</ele>
   </trkpt>
   <trkpt lat="40.7000580" lon="-3.0522630">
    <ele>983.8</ele>
   </trkpt>
   <trkpt lat="40.7001080" lon="-3.0522250">
    <ele>983.8</ele>
   </trkpt>
   <trkpt lat="40.7001530" lon="-3.0521840">
    <ele>984.0</ele>
   </trkpt>
   <trkpt lat="40.7001950" lon="-3.0521470">
    <ele>984.0</ele>
   </trkpt>
   <trkpt lat="40.7002410" lon="-3.0521030">
    <ele>984.0</ele>
   </trkpt>
   <trkpt lat="40.7002910" lon="-3.0520580">
    <ele>984.0</ele>
   </trkpt>
   <trkpt lat="40.7003330" lon="-3.0520150">
    <ele>984.0</ele>
   </trkpt>
   <trkpt lat="40.7003750" lon="-3.0519760">
    <ele>984.0</ele>
   </trkpt>
   <trkpt lat="40.7004170" lon="-3.0519410">
    <ele>983.8</ele>
   </trkpt>
   <trkpt lat="40.7004620" lon="-3.0519050">
    <ele>983.8</ele>
   </trkpt>
   <trkpt lat="40.7005040" lon="-3.0518650">
    <ele>983.6</ele>
   </trkpt>
   <trkpt lat="40.7005540" lon="-3.0518240">
    <ele>983.6</ele>
   </trkpt>
   <trkpt lat="40.7006070" lon="-3.0517840">
    <ele>983.4</ele>
   </trkpt>
   <trkpt lat="40.7006610" lon="-3.0517420">
    <ele>983.2</ele>
   </trkpt>
   <trkpt lat="40.7007140" lon="-3.0516970">
    <ele>983.0</ele>
   </trkpt>
   <trkpt lat="40.7007670" lon="-3.0516490">
    <ele>982.8</ele>
   </trkpt>
   <trkpt lat="40.7008210" lon="-3.0515990">
    <ele>982.6</ele>
   </trkpt>
   <trkpt lat="40.7008700" lon="-3.0515560">
    <ele>982.6</ele>
   </trkpt>
   <trkpt lat="40.7009320" lon="-3.0515090">
    <ele>982.4</ele>
   </trkpt>
   <trkpt lat="40.7009930" lon="-3.0514670">
    <ele>982.4</ele>
   </trkpt>
   <trkpt lat="40.7010460" lon="-3.0514290">
    <ele>982.4</ele>
   </trkpt>
   <trkpt lat="40.7010990" lon="-3.0513900">
    <ele>982.2</ele>
   </trkpt>
   <trkpt lat="40.7011530" lon="-3.0513530">
    <ele>982.2</ele>
   </trkpt>
   <trkpt lat="40.7011990" lon="-3.0513130">
    <ele>982.2</ele>
   </trkpt>
   <trkpt lat="40.7012480" lon="-3.0512710">
    <ele>982.0</ele>
   </trkpt>
   <trkpt lat="40.7013020" lon="-3.0512280">
    <ele>982.0</ele>
   </trkpt>
   <trkpt lat="40.7013470" lon="-3.0511900">
    <ele>981.8</ele>
   </trkpt>
   <trkpt lat="40.7013970" lon="-3.0511480">
    <ele>981.8</ele>
   </trkpt>
   <trkpt lat="40.7014580" lon="-3.0510960">
    <ele>981.8</ele>
   </trkpt>
   <trkpt lat="40.7015190" lon="-3.0510480">
    <ele>981.8</ele>
   </trkpt>
   <trkpt lat="40.7015760" lon="-3.0510050">
    <ele>981.8</ele>
   </trkpt>
   <trkpt lat="40.7016300" lon="-3.0509610">
    <ele>981.8</ele>
   </trkpt>
   <trkpt lat="40.7016790" lon="-3.0509150">
    <ele>981.8</ele>
   </trkpt>
   <trkpt lat="40.7017290" lon="-3.0508740">
    <ele>982.0</ele>
   </trkpt>
   <trkpt lat="40.7017820" lon="-3.0508340">
    <ele>981.8</ele>
   </trkpt>
   <trkpt lat="40.7018360" lon="-3.0507930">
    <ele>981.8</ele>
   </trkpt>
   <trkpt lat="40.7018890" lon="-3.0507510">
    <ele>981.8</ele>
   </trkpt>
   <trkpt lat="40.7019420" lon="-3.0507090">
    <ele>981.8</ele>
   </trkpt>
   <trkpt lat="40.7019960" lon="-3.0506690">
    <ele>981.8</ele>
   </trkpt>
   <trkpt lat="40.7020490" lon="-3.0506280">
    <ele>981.8</ele>
   </trkpt>
   <trkpt lat="40.7021030" lon="-3.0505870">
    <ele>981.8</ele>
   </trkpt>
   <trkpt lat="40.7021520" lon="-3.0505430">
    <ele>982.0</ele>
   </trkpt>
   <trkpt lat="40.7022020" lon="-3.0504980">
    <ele>982.0</ele>
   </trkpt>
   <trkpt lat="40.7022510" lon="-3.0504490">
    <ele>982.0</ele>
   </trkpt>
   <trkpt lat="40.7023010" lon="-3.0503990">
    <ele>982.2</ele>
   </trkpt>
   <trkpt lat="40.7023430" lon="-3.0503580">
    <ele>982.2</ele>
   </trkpt>
   <trkpt lat="40.7023960" lon="-3.0503110">
    <ele>982.2</ele>
   </trkpt>
   <trkpt lat="40.7024540" lon="-3.0502620">
    <ele>982.2</ele>
   </trkpt>
   <trkpt lat="40.7025070" lon="-3.0502180">
    <ele>982.2</ele>
   </trkpt>
   <trkpt lat="40.7025600" lon="-3.0501730">
    <ele>982.2</ele>
   </trkpt>
   <trkpt lat="40.7026140" lon="-3.0501290">
    <ele>982.2</ele>
   </trkpt>
   <trkpt lat="40.7026600" lon="-3.0500940">
    <ele>982.2</ele>
   </trkpt>
   <trkpt lat="40.7027130" lon="-3.0500540">
    <ele>982.4</ele>
   </trkpt>
   <trkpt lat="40.7027740" lon="-3.0500180">
    <ele>982.4</ele>
   </trkpt>
   <trkpt lat="40.7028310" lon="-3.0499910">
    <ele>982.4</ele>
   </trkpt>
   <trkpt lat="40.7028810" lon="-3.0499680">
    <ele>982.4</ele>
   </trkpt>
   <trkpt lat="40.7029460" lon="-3.0499400">
    <ele>982.4</ele>
   </trkpt>
   <trkpt lat="40.7029990" lon="-3.0499150">
    <ele>982.6</ele>
   </trkpt>
   <trkpt lat="40.7030600" lon="-3.0498950">
    <ele>982.6</ele>
   </trkpt>
   <trkpt lat="40.7031100" lon="-3.0498810">
    <ele>982.8</ele>
   </trkpt>
   <trkpt lat="40.7031590" lon="-3.0498740">
    <ele>983.0</ele>
   </trkpt>
   <trkpt lat="40.7032130" lon="-3.0498740">
    <ele>983.0</ele>
   </trkpt>
   <trkpt lat="40.7032580" lon="-3.0498810">
    <ele>983.2</ele>
   </trkpt>
   <trkpt lat="40.7032970" lon="-3.0498930">
    <ele>983.2</ele>
   </trkpt>
   <trkpt lat="40.7033420" lon="-3.0499090">
    <ele>983.4</ele>
   </trkpt>
   <trkpt lat="40.7033880" lon="-3.0499270">
    <ele>983.4</ele>
   </trkpt>
   <trkpt lat="40.7034260" lon="-3.0499450">
    <ele>983.6</ele>
   </trkpt>
   <trkpt lat="40.7034610" lon="-3.0499630">
    <ele>983.8</ele>
   </trkpt>
   <trkpt lat="40.7034950" lon="-3.0499820">
    <ele>983.8</ele>
   </trkpt>
   <trkpt lat="40.7035370" lon="-3.0500090">
    <ele>983.8</ele>
   </trkpt>
   <trkpt lat="40.7035790" lon="-3.0500390">
    <ele>984.0</ele>
   </trkpt>
   <trkpt lat="40.7036060" lon="-3.0500660">
    <ele>984.0</ele>
   </trkpt>
   <trkpt lat="40.7036400" lon="-3.0501030">
    <ele>984.0</ele>
   </trkpt>
   <trkpt lat="40.7036740" lon="-3.0501430">
    <ele>984.2</ele>
   </trkpt>
   <trkpt lat="40.7037050" lon="-3.0501820">
    <ele>984.2</ele>
   </trkpt>
   <trkpt lat="40.7037350" lon="-3.0502240">
    <ele>984.2</ele>
   </trkpt>
   <trkpt lat="40.7037620" lon="-3.0502670">
    <ele>984.4</ele>
   </trkpt>
   <trkpt lat="40.7037890" lon="-3.0503110">
    <ele>984.4</ele>
   </trkpt>
   <trkpt lat="40.7038150" lon="-3.0503570">
    <ele>984.4</ele>
   </trkpt>
   <trkpt lat="40.7038420" lon="-3.0504050">
    <ele>984.4</ele>
   </trkpt>
   <trkpt lat="40.7038650" lon="-3.0504530">
    <ele>984.4</ele>
   </trkpt>
   <trkpt lat="40.7038920" lon="-3.0504950">
    <ele>984.6</ele>
   </trkpt>
   <trkpt lat="40.7039150" lon="-3.0505320">
    <ele>984.6</ele>
   </trkpt>
   <trkpt lat="40.7039410" lon="-3.0505660">
    <ele>984.8</ele>
   </trkpt>
   <trkpt lat="40.7039720" lon="-3.0505980">
    <ele>984.8</ele>
   </trkpt>
   <trkpt lat="40.7039990" lon="-3.0506290">
    <ele>984.8</ele>
   </trkpt>
   <trkpt lat="40.7040330" lon="-3.0506580">
    <ele>985.0</ele>
   </trkpt>
   <trkpt lat="40.7040600" lon="-3.0506810">
    <ele>985.0</ele>
   </trkpt>
   <trkpt lat="40.7040940" lon="-3.0507050">
    <ele>985.2</ele>
   </trkpt>
   <trkpt lat="40.7041320" lon="-3.0507230">
    <ele>985.2</ele>
   </trkpt>
   <trkpt lat="40.7041700" lon="-3.0507320">
    <ele>985.4</ele>
   </trkpt>
   <trkpt lat="40.7042080" lon="-3.0507360">
    <ele>985.6</ele>
   </trkpt>
   <trkpt lat="40.7042460" lon="-3.0507340">
    <ele>985.6</ele>
   </trkpt>
   <trkpt lat="40.7042850" lon="-3.0507240">
    <ele>985.8</ele>
   </trkpt>
   <trkpt lat="40.7043190" lon="-3.0507080">
    <ele>986.0</ele>
   </trkpt>
   <trkpt lat="40.7043460" lon="-3.0506930">
    <ele>986.2</ele>
   </trkpt>
   <trkpt lat="40.7043800" lon="-3.0506770">
    <ele>986.2</ele>
   </trkpt>
   <trkpt lat="40.7044140" lon="-3.0506570">
    <ele>986.4</ele>
   </trkpt>
   <trkpt lat="40.7044410" lon="-3.0506380">
    <ele>986.4</ele>
   </trkpt>
   <trkpt lat="40.7044680" lon="-3.0506200">
    <ele>986.6</ele>
   </trkpt>
   <trkpt lat="40.7044910" lon="-3.0506040">
    <ele>986.6</ele>
   </trkpt>
   <trkpt lat="40.7045060" lon="-3.0505800">
    <ele>986.8</ele>
   </trkpt>
   <trkpt lat="40.7045210" lon="-3.0505450">
    <ele>986.8</ele>
   </trkpt>
   <trkpt lat="40.7045330" lon="-3.0505040">
    <ele>986.8</ele>
   </trkpt>
   <trkpt lat="40.7045440" lon="-3.0504550">
    <ele>986.8</ele>
   </trkpt>
   <trkpt lat="40.7045590" lon="-3.0504080">
    <ele>986.8</ele>
   </trkpt>
   <trkpt lat="40.7045670" lon="-3.0503480">
    <ele>986.8</ele>
   </trkpt>
   <trkpt lat="40.7045710" lon="-3.0502820">
    <ele>986.8</ele>
   </trkpt>
   <trkpt lat="40.7045670" lon="-3.0502180">
    <ele>986.8</ele>
   </trkpt>
   <trkpt lat="40.7045560" lon="-3.0501610">
    <ele>986.6</ele>
   </trkpt>
   <trkpt lat="40.7045360" lon="-3.0501040">
    <ele>986.6</ele>
   </trkpt>
   <trkpt lat="40.7045060" lon="-3.0500380">
    <ele>986.4</ele>
   </trkpt>
   <trkpt lat="40.7044680" lon="-3.0499750">
    <ele>986.4</ele>
   </trkpt>
   <trkpt lat="40.7044300" lon="-3.0499190">
    <ele>986.2</ele>
   </trkpt>
   <trkpt lat="40.7043910" lon="-3.0498630">
    <ele>986.2</ele>
   </trkpt>
   <trkpt lat="40.7043530" lon="-3.0498040">
    <ele>986.2</ele>
   </trkpt>
   <trkpt lat="40.7043150" lon="-3.0497400">
    <ele>986.0</ele>
   </trkpt>
   <trkpt lat="40.7042810" lon="-3.0496690">
    <ele>986.0</ele>
   </trkpt>
   <trkpt lat="40.7042540" lon="-3.0495950">
    <ele>985.8</ele>
   </trkpt>
   <trkpt lat="40.7042390" lon="-3.0495280">
    <ele>985.8</ele>
   </trkpt>
   <trkpt lat="40.7042460" lon="-3.0494460">
    <ele>985.6</ele>
   </trkpt>
   <trkpt lat="40.7042770" lon="-3.0493700">
    <ele>985.6</ele>
   </trkpt>
   <trkpt lat="40.7043270" lon="-3.0493160">
    <ele>985.6</ele>
   </trkpt>
   <trkpt lat="40.7043840" lon="-3.0492800">
    <ele>985.6</ele>
   </trkpt>
   <trkpt lat="40.7044490" lon="-3.0492520">
    <ele>985.6</ele>
   </trkpt>
   <trkpt lat="40.7045060" lon="-3.0492250">
    <ele>985.6</ele>
   </trkpt>
   <trkpt lat="40.7045670" lon="-3.0491960">
    <ele>985.8</ele>
   </trkpt>
   <trkpt lat="40.7046240" lon="-3.0491660">
    <ele>985.8</ele>
   </trkpt>
   <trkpt lat="40.7046850" lon="-3.0491360">
    <ele>985.8</ele>
   </trkpt>
   <trkpt lat="40.7047420" lon="-3.0491070">
    <ele>986.0</ele>
   </trkpt>
   <trkpt lat="40.7048030" lon="-3.0490800">
    <ele>986.0</ele>
   </trkpt>
   <trkpt lat="40.7048610" lon="-3.0490550">
    <ele>986.0</ele>
   </trkpt>
   <trkpt lat="40.7049140" lon="-3.0490320">
    <ele>986.0</ele>
   </trkpt>
   <trkpt lat="40.7049750" lon="-3.0490050">
    <ele>986.2</ele>
   </trkpt>
   <trkpt lat="40.7050440" lon="-3.0489710">
    <ele>986.0</ele>
   </trkpt>
   <trkpt lat="40.7051090" lon="-3.0489410">
    <ele>986.0</ele>
   </trkpt>
   <trkpt lat="40.7051700" lon="-3.0489130">
    <ele>986.0</ele>
   </trkpt>
   <trkpt lat="40.7052230" lon="-3.0488880">
    <ele>986.0</ele>
   </trkpt>
   <trkpt lat="40.7052800" lon="-3.0488620">
    <ele>986.0</ele>
   </trkpt>
   <trkpt lat="40.7053530" lon="-3.0488300">
    <ele>986.0</ele>
   </trkpt>
   <trkpt lat="40.7054250" lon="-3.0488010">
    <ele>986.0</ele>
   </trkpt>
   <trkpt lat="40.7054860" lon="-3.0487730">
    <ele>986.2</ele>
   </trkpt>
   <trkpt lat="40.7055510" lon="-3.0487440">
    <ele>986.2</ele>
   </trkpt>
   <trkpt lat="40.7056160" lon="-3.0487160">
    <ele>986.2</ele>
   </trkpt>
   <trkpt lat="40.7056810" lon="-3.0486870">
    <ele>986.2</ele>
   </trkpt>
   <trkpt lat="40.7057340" lon="-3.0486620">
    <ele>986.0</ele>
   </trkpt>
   <trkpt lat="40.7057990" lon="-3.0486320">
    <ele>986.0</ele>
   </trkpt>
   <trkpt lat="40.7058560" lon="-3.0486040">
    <ele>985.8</ele>
   </trkpt>
   <trkpt lat="40.7059210" lon="-3.0485780">
    <ele>985.8</ele>
   </trkpt>
   <trkpt lat="40.7059900" lon="-3.0485500">
    <ele>985.6</ele>
   </trkpt>
   <trkpt lat="40.7060390" lon="-3.0485260">
    <ele>985.6</ele>
   </trkpt>
   <trkpt lat="40.7061000" lon="-3.0485000">
    <ele>985.4</ele>
   </trkpt>
   <trkpt lat="40.7061690" lon="-3.0484700">
    <ele>985.4</ele>
   </trkpt>
   <trkpt lat="40.7062220" lon="-3.0484410">
    <ele>985.2</ele>
   </trkpt>
   <trkpt lat="40.7062870" lon="-3.0484100">
    <ele>985.2</ele>
   </trkpt>
   <trkpt lat="40.7063480" lon="-3.0483820">
    <ele>985.2</ele>
   </trkpt>
   <trkpt lat="40.7064090" lon="-3.0483540">
    <ele>985.2</ele>
   </trkpt>
   <trkpt lat="40.7064820" lon="-3.0483190">
    <ele>985.0</ele>
   </trkpt>
   <trkpt lat="40.7065510" lon="-3.0482850">
    <ele>985.2</ele>
   </trkpt>
   <trkpt lat="40.7066150" lon="-3.0482520">
    <ele>985.2</ele>
   </trkpt>
   <trkpt lat="40.7066800" lon="-3.0482230">
    <ele>985.4</ele>
   </trkpt>
   <trkpt lat="40.7067340" lon="-3.0481970">
    <ele>985.8</ele>
   </trkpt>
   <trkpt lat="40.7067870" lon="-3.0481720">
    <ele>986.0</ele>
   </trkpt>
   <trkpt lat="40.7068480" lon="-3.0481420">
    <ele>986.4</ele>
   </trkpt>
   <trkpt lat="40.7069050" lon="-3.0481170">
    <ele>986.6</ele>
   </trkpt>
   <trkpt lat="40.7069590" lon="-3.0480940">
    <ele>987.0</ele>
   </trkpt>
   <trkpt lat="40.7070240" lon="-3.0480650">
    <ele>987.2</ele>
   </trkpt>
   <trkpt lat="40.7070810" lon="-3.0480390">
    <ele>987.4</ele>
   </trkpt>
   <trkpt lat="40.7071340" lon="-3.0480150">
    <ele>987.6</ele>
   </trkpt>
   <trkpt lat="40.7071880" lon="-3.0479900">
    <ele>987.8</ele>
   </trkpt>
   <trkpt lat="40.7072330" lon="-3.0479670">
    <ele>988.0</ele>
   </trkpt>
   <trkpt lat="40.7072870" lon="-3.0479400">
    <ele>988.2</ele>
   </trkpt>
   <trkpt lat="40.7073480" lon="-3.0479120">
    <ele>988.2</ele>
   </trkpt>
   <trkpt lat="40.7073940" lon="-3.0478890">
    <ele>988.2</ele>
   </trkpt>
   <trkpt lat="40.7074470" lon="-3.0478650">
    <ele>988.4</ele>
   </trkpt>
   <trkpt lat="40.7075000" lon="-3.0478410">
    <ele>988.6</ele>
   </trkpt>
   <trkpt lat="40.7075650" lon="-3.0478150">
    <ele>988.6</ele>
   </trkpt>
   <trkpt lat="40.7076150" lon="-3.0477950">
    <ele>988.6</ele>
   </trkpt>
   <trkpt lat="40.7076640" lon="-3.0477710">
    <ele>988.6</ele>
   </trkpt>
   <trkpt lat="40.7077290" lon="-3.0477370">
    <ele>988.6</ele>
   </trkpt>
   <trkpt lat="40.7077830" lon="-3.0477100">
    <ele>988.6</ele>
   </trkpt>
   <trkpt lat="40.7078400" lon="-3.0476820">
    <ele>988.6</ele>
   </trkpt>
   <trkpt lat="40.7079010" lon="-3.0476550">
    <ele>988.6</ele>
   </trkpt>
   <trkpt lat="40.7079470" lon="-3.0476330">
    <ele>988.6</ele>
   </trkpt>
   <trkpt lat="40.7080040" lon="-3.0476060">
    <ele>988.6</ele>
   </trkpt>
   <trkpt lat="40.7080610" lon="-3.0475760">
    <ele>988.6</ele>
   </trkpt>
   <trkpt lat="40.7081150" lon="-3.0475500">
    <ele>988.4</ele>
   </trkpt>
   <trkpt lat="40.7081640" lon="-3.0475300">
    <ele>988.4</ele>
   </trkpt>
   <trkpt lat="40.7082210" lon="-3.0475050">
    <ele>988.2</ele>
   </trkpt>
   <trkpt lat="40.7082790" lon="-3.0474820">
    <ele>988.0</ele>
   </trkpt>
   <trkpt lat="40.7083430" lon="-3.0474560">
    <ele>988.0</ele>
   </trkpt>
   <trkpt lat="40.7084080" lon="-3.0474260">
    <ele>987.8</ele>
   </trkpt>
   <trkpt lat="40.7084690" lon="-3.0473980">
    <ele>987.6</ele>
   </trkpt>
   <trkpt lat="40.7085270" lon="-3.0473740">
    <ele>987.4</ele>
   </trkpt>
   <trkpt lat="40.7085840" lon="-3.0473490">
    <ele>987.2</ele>
   </trkpt>
   <trkpt lat="40.7086490" lon="-3.0473180">
    <ele>987.0</ele>
   </trkpt>
   <trkpt lat="40.7087290" lon="-3.0472790">
    <ele>986.8</ele>
   </trkpt>
   <trkpt lat="40.7087940" lon="-3.0472470">
    <ele>986.4</ele>
   </trkpt>
   <trkpt lat="40.7088740" lon="-3.0472090">
    <ele>986.2</ele>
   </trkpt>
   <trkpt lat="40.7089540" lon="-3.0471720">
    <ele>985.8</ele>
   </trkpt>
   <trkpt lat="40.7090340" lon="-3.0471380">
    <ele>985.6</ele>
   </trkpt>
   <trkpt lat="40.7091100" lon="-3.0471020">
    <ele>985.6</ele>
   </trkpt>
   <trkpt lat="40.7091790" lon="-3.0470720">
    <ele>985.4</ele>
   </trkpt>
   <trkpt lat="40.7092510" lon="-3.0470400">
    <ele>985.2</ele>
   </trkpt>
   <trkpt lat="40.7093390" lon="-3.0470010">
    <ele>985.2</ele>
   </trkpt>
   <trkpt lat="40.7094190" lon="-3.0469640">
    <ele>985.2</ele>
   </trkpt>
   <trkpt lat="40.7094800" lon="-3.0469330">
    <ele>985.2</ele>
   </trkpt>
   <trkpt lat="40.7095450" lon="-3.0469010">
    <ele>985.2</ele>
   </trkpt>
   <trkpt lat="40.7096210" lon="-3.0468640">
    <ele>985.2</ele>
   </trkpt>
   <trkpt lat="40.7097010" lon="-3.0468290">
    <ele>985.2</ele>
   </trkpt>
   <trkpt lat="40.7097700" lon="-3.0467970">
    <ele>985.2</ele>
   </trkpt>
   <trkpt lat="40.7098430" lon="-3.0467650">
    <ele>985.2</ele>
   </trkpt>
   <trkpt lat="40.7099040" lon="-3.0467360">
    <ele>985.4</ele>
   </trkpt>
   <trkpt lat="40.7099720" lon="-3.0467040">
    <ele>985.4</ele>
   </trkpt>
   <trkpt lat="40.7100560" lon="-3.0466650">
    <ele>985.6</ele>
   </trkpt>
   <trkpt lat="40.7101210" lon="-3.0466330">
    <ele>985.8</ele>
   </trkpt>
   <trkpt lat="40.7101820" lon="-3.0466040">
    <ele>986.2</ele>
   </trkpt>
   <trkpt lat="40.7102510" lon="-3.0465720">
    <ele>986.6</ele>
   </trkpt>
   <trkpt lat="40.7103160" lon="-3.0465420">
    <ele>986.8</ele>
   </trkpt>
   <trkpt lat="40.7103810" lon="-3.0465130">
    <ele>987.0</ele>
   </trkpt>
   <trkpt lat="40.7104490" lon="-3.0464790">
    <ele>987.4</ele>
   </trkpt>
   <trkpt lat="40.7105060" lon="-3.0464500">
    <ele>987.6</ele>
   </trkpt>
   <trkpt lat="40.7105640" lon="-3.0464230">
    <ele>987.6</ele>
   </trkpt>
   <trkpt lat="40.7106290" lon="-3.0463890">
    <ele>988.0</ele>
   </trkpt>
   <trkpt lat="40.7106930" lon="-3.0463580">
    <ele>988.2</ele>
   </trkpt>
   <trkpt lat="40.7107510" lon="-3.0463300">
    <ele>988.2</ele>
   </trkpt>
   <trkpt lat="40.7108040" lon="-3.0463080">
    <ele>988.4</ele>
   </trkpt>
   <trkpt lat="40.7108690" lon="-3.0462800">
    <ele>988.6</ele>
   </trkpt>
   <trkpt lat="40.7109340" lon="-3.0462510">
    <ele>988.6</ele>
   </trkpt>
   <trkpt lat="40.7109910" lon="-3.0462240">
    <ele>988.8</ele>
   </trkpt>
   <trkpt lat="40.7110480" lon="-3.0461980">
    <ele>989.0</ele>
   </trkpt>
   <trkpt lat="40.7110980" lon="-3.0461770">
    <ele>989.2</ele>
   </trkpt>
   <trkpt lat="40.7111510" lon="-3.0461570">
    <ele>989.4</ele>
   </trkpt>
   <trkpt lat="40.7112080" lon="-3.0461320">
    <ele>989.4</ele>
   </trkpt>
   <trkpt lat="40.7112540" lon="-3.0461100">
    <ele>989.4</ele>
   </trkpt>
   <trkpt lat="40.7113040" lon="-3.0460860">
    <ele>989.6</ele>
   </trkpt>
   <trkpt lat="40.7113490" lon="-3.0460630">
    <ele>989.8</ele>
   </trkpt>
   <trkpt lat="40.7113910" lon="-3.0460470">
    <ele>989.8</ele>
   </trkpt>
   <trkpt lat="40.7114370" lon="-3.0460270">
    <ele>989.8</ele>
   </trkpt>
   <trkpt lat="40.7114790" lon="-3.0460060">
    <ele>989.8</ele>
   </trkpt>
   <trkpt lat="40.7115210" lon="-3.0459850">
    <ele>989.8</ele>
   </trkpt>
   <trkpt lat="40.7115750" lon="-3.0459620">
    <ele>989.8</ele>
   </trkpt>
   <trkpt lat="40.7116320" lon="-3.0459400">
    <ele>989.8</ele>
   </trkpt>
   <trkpt lat="40.7116780" lon="-3.0459190">
    <ele>989.8</ele>
   </trkpt>
   <trkpt lat="40.7117350" lon="-3.0458930">
    <ele>989.6</ele>
   </trkpt>
   <trkpt lat="40.7117880" lon="-3.0458710">
    <ele>989.6</ele>
   </trkpt>
   <trkpt lat="40.7118530" lon="-3.0458440">
    <ele>989.4</ele>
   </trkpt>
   <trkpt lat="40.7119180" lon="-3.0458140">
    <ele>989.4</ele>
   </trkpt>
   <trkpt lat="40.7119710" lon="-3.0457910">
    <ele>989.2</ele>
   </trkpt>
   <trkpt lat="40.7120360" lon="-3.0457620">
    <ele>989.0</ele>
   </trkpt>
   <trkpt lat="40.7121050" lon="-3.0457300">
    <ele>988.8</ele>
   </trkpt>
   <trkpt lat="40.7121730" lon="-3.0457010">
    <ele>988.6</ele>
   </trkpt>
   <trkpt lat="40.7122380" lon="-3.0456710">
    <ele>988.4</ele>
   </trkpt>
   <trkpt lat="40.7122990" lon="-3.0456450">
    <ele>988.2</ele>
   </trkpt>
   <trkpt lat="40.7123640" lon="-3.0456170">
    <ele>988.0</ele>
   </trkpt>
   <trkpt lat="40.7124330" lon="-3.0455840">
    <ele>987.8</ele>
   </trkpt>
   <trkpt lat="40.7125090" lon="-3.0455460">
    <ele>987.6</ele>
   </trkpt>
   <trkpt lat="40.7125890" lon="-3.0455100">
    <ele>987.6</ele>
   </trkpt>
   <trkpt lat="40.7126500" lon="-3.0454790">
    <ele>987.4</ele>
   </trkpt>
   <trkpt lat="40.7127230" lon="-3.0454460">
    <ele>987.4</ele>
   </trkpt>
   <trkpt lat="40.7127990" lon="-3.0454100">
    <ele>987.4</ele>
   </trkpt>
   <trkpt lat="40.7128870" lon="-3.0453730">
    <ele>987.4</ele>
   </trkpt>
   <trkpt lat="40.7129670" lon="-3.0453390">
    <ele>987.4</ele>
   </trkpt>
   <trkpt lat="40.7130360" lon="-3.0453110">
    <ele>987.4</ele>
   </trkpt>
   <trkpt lat="40.7131040" lon="-3.0452810">
    <ele>987.6</ele>
   </trkpt>
   <trkpt lat="40.7131880" lon="-3.0452430">
    <ele>987.6</ele>
   </trkpt>
   <trkpt lat="40.7132640" lon="-3.0452040">
    <ele>987.6</ele>
   </trkpt>
   <trkpt lat="40.7133290" lon="-3.0451720">
    <ele>987.8</ele>
   </trkpt>
   <trkpt lat="40.7133980" lon="-3.0451410">
    <ele>987.8</ele>
   </trkpt>
   <trkpt lat="40.7134780" lon="-3.0451060">
    <ele>987.8</ele>
   </trkpt>
   <trkpt lat="40.7135580" lon="-3.0450730">
    <ele>988.0</ele>
   </trkpt>
   <trkpt lat="40.7136310" lon="-3.0450420">
    <ele>988.0</ele>
   </trkpt>
   <trkpt lat="40.7136920" lon="-3.0450120">
    <ele>988.0</ele>
   </trkpt>
   <trkpt lat="40.7137570" lon="-3.0449800">
    <ele>988.0</ele>
   </trkpt>
   <trkpt lat="40.7138370" lon="-3.0449410">
    <ele>988.0</ele>
   </trkpt>
   <trkpt lat="40.7139130" lon="-3.0449060">
    <ele>988.0</ele>
   </trkpt>
   <trkpt lat="40.7139740" lon="-3.0448780">
    <ele>988.2</ele>
   </trkpt>
   <trkpt lat="40.7140500" lon="-3.0448430">
    <ele>988.2</ele>
   </trkpt>
   <trkpt lat="40.7141270" lon="-3.0448070">
    <ele>988.4</ele>
   </trkpt>
   <trkpt lat="40.7141880" lon="-3.0447760">
    <ele>988.4</ele>
   </trkpt>
   <trkpt lat="40.7142640" lon="-3.0447400">
    <ele>988.4</ele>
   </trkpt>
   <trkpt lat="40.7143330" lon="-3.0447090">
    <ele>988.4</ele>
   </trkpt>
   <trkpt lat="40.7143940" lon="-3.0446790">
    <ele>988.4</ele>
   </trkpt>
   <trkpt lat="40.7144740" lon="-3.0446410">
    <ele>988.6</ele>
   </trkpt>
   <trkpt lat="40.7145460" lon="-3.0446050">
    <ele>988.6</ele>
   </trkpt>
   <trkpt lat="40.7146070" lon="-3.0445760">
    <ele>988.6</ele>
   </trkpt>
   <trkpt lat="40.7146800" lon="-3.0445410">
    <ele>988.8</ele>
   </trkpt>
   <trkpt lat="40.7147450" lon="-3.0445110">
    <ele>988.8</ele>
   </trkpt>
   <trkpt lat="40.7148170" lon="-3.0444760">
    <ele>989.0</ele>
   </trkpt>
   <trkpt lat="40.7148890" lon="-3.0444380">
    <ele>989.0</ele>
   </trkpt>
   <trkpt lat="40.7149510" lon="-3.0444090">
    <ele>989.2</ele>
   </trkpt>
   <trkpt lat="40.7150150" lon="-3.0443800">
    <ele>989.2</ele>
   </trkpt>
   <trkpt lat="40.7150880" lon="-3.0443450">
    <ele>989.4</ele>
   </trkpt>
   <trkpt lat="40.7151600" lon="-3.0443120">
    <ele>989.6</ele>
   </trkpt>
   <trkpt lat="40.7152250" lon="-3.0442800">
    <ele>989.6</ele>
   </trkpt>
   <trkpt lat="40.7152860" lon="-3.0442510">
    <ele>989.6</ele>
   </trkpt>
   <trkpt lat="40.7153550" lon="-3.0442200">
    <ele>989.8</ele>
   </trkpt>
   <trkpt lat="40.7154200" lon="-3.0441910">
    <ele>990.0</ele>
   </trkpt>
   <trkpt lat="40.7154960" lon="-3.0441580">
    <ele>990.0</ele>
   </trkpt>
   <trkpt lat="40.7155610" lon="-3.0441270">
    <ele>990.2</ele>
   </trkpt>
   <trkpt lat="40.7156220" lon="-3.0440970">
    <ele>990.2</ele>
   </trkpt>
   <trkpt lat="40.7156910" lon="-3.0440680">
    <ele>990.2</ele>
   </trkpt>
   <trkpt lat="40.7157670" lon="-3.0440360">
    <ele>990.4</ele>
   </trkpt>
   <trkpt lat="40.7158320" lon="-3.0440090">
    <ele>990.6</ele>
   </trkpt>
   <trkpt lat="40.7158890" lon="-3.0439830">
    <ele>990.8</ele>
   </trkpt>
   <trkpt lat="40.7159540" lon="-3.0439510">
    <ele>990.8</ele>
   </trkpt>
   <trkpt lat="40.7160070" lon="-3.0439260">
    <ele>991.0</ele>
   </trkpt>
   <trkpt lat="40.7160680" lon="-3.0439020">
    <ele>991.0</ele>
   </trkpt>
   <trkpt lat="40.7161290" lon="-3.0438770">
    <ele>991.2</ele>
   </trkpt>
   <trkpt lat="40.7161750" lon="-3.0438550">
    <ele>991.2</ele>
   </trkpt>
   <trkpt lat="40.7162280" lon="-3.0438290">
    <ele>991.4</ele>
   </trkpt>
   <trkpt lat="40.7162890" lon="-3.0437960">
    <ele>991.4</ele>
   </trkpt>
   <trkpt lat="40.7163510" lon="-3.0437650">
    <ele>991.4</ele>
   </trkpt>
   <trkpt lat="40.7164040" lon="-3.0437400">
    <ele>991.6</ele>
   </trkpt>
   <trkpt lat="40.7164610" lon="-3.0437150">
    <ele>991.6</ele>
   </trkpt>
   <trkpt lat="40.7165070" lon="-3.0436930">
    <ele>991.8</ele>
   </trkpt>
   <trkpt lat="40.7165640" lon="-3.0436680">
    <ele>991.8</ele>
   </trkpt>
   <trkpt lat="40.7166210" lon="-3.0436420">
    <ele>991.8</ele>
   </trkpt>
   <trkpt lat="40.7166710" lon="-3.0436190">
    <ele>991.8</ele>
   </trkpt>
   <trkpt lat="40.7167170" lon="-3.0435990">
    <ele>992.0</ele>
   </trkpt>
   <trkpt lat="40.7167700" lon="-3.0435760">
    <ele>992.0</ele>
   </trkpt>
   <trkpt lat="40.7168160" lon="-3.0435560">
    <ele>992.0</ele>
   </trkpt>
   <trkpt lat="40.7168690" lon="-3.0435320">
    <ele>992.0</ele>
   </trkpt>
   <trkpt lat="40.7169190" lon="-3.0435100">
    <ele>992.0</ele>
   </trkpt>
   <trkpt lat="40.7169690" lon="-3.0434880">
    <ele>991.8</ele>
   </trkpt>
   <trkpt lat="40.7170260" lon="-3.0434620">
    <ele>991.8</ele>
   </trkpt>
   <trkpt lat="40.7170870" lon="-3.0434350">
    <ele>991.8</ele>
   </trkpt>
   <trkpt lat="40.7171360" lon="-3.0434130">
    <ele>991.8</ele>
   </trkpt>
   <trkpt lat="40.7171940" lon="-3.0433860">
    <ele>991.8</ele>
   </trkpt>
   <trkpt lat="40.7172510" lon="-3.0433630">
    <ele>991.8</ele>
   </trkpt>
   <trkpt lat="40.7173120" lon="-3.0433340">
    <ele>991.6</ele>
   </trkpt>
   <trkpt lat="40.7173770" lon="-3.0433060">
    <ele>991.6</ele>
   </trkpt>
   <trkpt lat="40.7174260" lon="-3.0432830">
    <ele>991.8</ele>
   </trkpt>
   <trkpt lat="40.7174760" lon="-3.0432590">
    <ele>991.8</ele>
   </trkpt>
   <trkpt lat="40.7175370" lon="-3.0432290">
    <ele>991.8</ele>
   </trkpt>
   <trkpt lat="40.7175940" lon="-3.0432000">
    <ele>992.0</ele>
   </trkpt>
   <trkpt lat="40.7176480" lon="-3.0431740">
    <ele>992.0</ele>
   </trkpt>
   <trkpt lat="40.7177010" lon="-3.0431500">
    <ele>992.0</ele>
   </trkpt>
   <trkpt lat="40.7177470" lon="-3.0431300">
    <ele>992.0</ele>
   </trkpt>
   <trkpt lat="40.7178080" lon="-3.0431050">
    <ele>992.0</ele>
   </trkpt>
   <trkpt lat="40.7178690" lon="-3.0430770">
    <ele>992.0</ele>
   </trkpt>
   <trkpt lat="40.7179150" lon="-3.0430530">
    <ele>992.0</ele>
   </trkpt>
   <trkpt lat="40.7179640" lon="-3.0430290">
    <ele>992.0</ele>
   </trkpt>
   <trkpt lat="40.7180250" lon="-3.0430020">
    <ele>992.0</ele>
   </trkpt>
   <trkpt lat="40.7180790" lon="-3.0429790">
    <ele>991.8</ele>
   </trkpt>
   <trkpt lat="40.7181400" lon="-3.0429520">
    <ele>991.8</ele>
   </trkpt>
   <trkpt lat="40.7181930" lon="-3.0429260">
    <ele>991.8</ele>
   </trkpt>
   <trkpt lat="40.7182500" lon="-3.0428990">
    <ele>991.8</ele>
   </trkpt>
   <trkpt lat="40.7183070" lon="-3.0428690">
    <ele>991.8</ele>
   </trkpt>
   <trkpt lat="40.7183760" lon="-3.0428350">
    <ele>991.6</ele>
   </trkpt>
   <trkpt lat="40.7184450" lon="-3.0428040">
    <ele>991.6</ele>
   </trkpt>
   <trkpt lat="40.7184980" lon="-3.0427790">
    <ele>991.8</ele>
   </trkpt>
   <trkpt lat="40.7185630" lon="-3.0427490">
    <ele>991.6</ele>
   </trkpt>
   <trkpt lat="40.7186360" lon="-3.0427190">
    <ele>991.8</ele>
   </trkpt>
   <trkpt lat="40.7186970" lon="-3.0426890">
    <ele>991.8</ele>
   </trkpt>
   <trkpt lat="40.7187580" lon="-3.0426580">
    <ele>991.8</ele>
   </trkpt>
   <trkpt lat="40.7188190" lon="-3.0426280">
    <ele>991.8</ele>
   </trkpt>
   <trkpt lat="40.7188760" lon="-3.0426020">
    <ele>991.8</ele>
   </trkpt>
   <trkpt lat="40.7189410" lon="-3.0425730">
    <ele>992.0</ele>
   </trkpt>
   <trkpt lat="40.7190060" lon="-3.0425430">
    <ele>992.0</ele>
   </trkpt>
   <trkpt lat="40.7190590" lon="-3.0425170">
    <ele>991.8</ele>
   </trkpt>
   <trkpt lat="40.7191200" lon="-3.0424900">
    <ele>991.8</ele>
   </trkpt>
   <trkpt lat="40.7191890" lon="-3.0424560">
    <ele>991.8</ele>
   </trkpt>
   <trkpt lat="40.7192460" lon="-3.0424290">
    <ele>991.6</ele>
   </trkpt>
   <trkpt lat="40.7193150" lon="-3.0423970">
    <ele>991.6</ele>
   </trkpt>
   <trkpt lat="40.7193790" lon="-3.0423680">
    <ele>991.4</ele>
   </trkpt>
   <trkpt lat="40.7194400" lon="-3.0423400">
    <ele>991.4</ele>
   </trkpt>
   <trkpt lat="40.7195170" lon="-3.0423050">
    <ele>991.2</ele>
   </trkpt>
   <trkpt lat="40.7195890" lon="-3.0422690">
    <ele>991.2</ele>
   </trkpt>
   <trkpt lat="40.7196460" lon="-3.0422410">
    <ele>991.0</ele>
   </trkpt>
   <trkpt lat="40.7197110" lon="-3.0422090">
    <ele>991.0</ele>
   </trkpt>
   <trkpt lat="40.7197720" lon="-3.0421800">
    <ele>991.0</ele>
   </trkpt>
   <trkpt lat="40.7198370" lon="-3.0421490">
    <ele>991.0</ele>
   </trkpt>
   <trkpt lat="40.7199020" lon="-3.0421180">
    <ele>991.0</ele>
   </trkpt>
   <trkpt lat="40.7199590" lon="-3.0420930">
    <ele>991.2</ele>
   </trkpt>
   <trkpt lat="40.7200160" lon="-3.0420670">
    <ele>991.0</ele>
   </trkpt>
   <trkpt lat="40.7200890" lon="-3.0420340">
    <ele>991.0</ele>
   </trkpt>
   <trkpt lat="40.7201540" lon="-3.0420000">
    <ele>991.0</ele>
   </trkpt>
   <trkpt lat="40.7202190" lon="-3.0419700">
    <ele>991.0</ele>
   </trkpt>
   <trkpt lat="40.7202830" lon="-3.0419410">
    <ele>991.0</ele>
   </trkpt>
   <trkpt lat="40.7203410" lon="-3.0419150">
    <ele>991.0</ele>
   </trkpt>
   <trkpt lat="40.7204090" lon="-3.0418840">
    <ele>990.8</ele>
   </trkpt>
   <trkpt lat="40.7204740" lon="-3.0418530">
    <ele>990.8</ele>
   </trkpt>
   <trkpt lat="40.7205310" lon="-3.0418260">
    <ele>990.6</ele>
   </trkpt>
   <trkpt lat="40.7205930" lon="-3.0417970">
    <ele>990.6</ele>
   </trkpt>
   <trkpt lat="40.7206650" lon="-3.0417620">
    <ele>990.4</ele>
   </trkpt>
   <trkpt lat="40.7207300" lon="-3.0417330">
    <ele>990.4</ele>
   </trkpt>
   <trkpt lat="40.7207950" lon="-3.0417060">
    <ele>990.2</ele>
   </trkpt>
   <trkpt lat="40.7208630" lon="-3.0416740">
    <ele>990.0</ele>
   </trkpt>
   <trkpt lat="40.7209320" lon="-3.0416410">
    <ele>990.0</ele>
   </trkpt>
   <trkpt lat="40.7210040" lon="-3.0416060">
    <ele>989.8</ele>
   </trkpt>
   <trkpt lat="40.7210770" lon="-3.0415720">
    <ele>989.8</ele>
   </trkpt>
   <trkpt lat="40.7211420" lon="-3.0415430">
    <ele>989.8</ele>
   </trkpt>
   <trkpt lat="40.7212030" lon="-3.0415170">
    <ele>989.8</ele>
   </trkpt>
   <trkpt lat="40.7212640" lon="-3.0414920">
    <ele>989.6</ele>
   </trkpt>
   <trkpt lat="40.7213250" lon="-3.0414610">
    <ele>989.4</ele>
   </trkpt>
   <trkpt lat="40.7213970" lon="-3.0414240">
    <ele>989.4</ele>
   </trkpt>
   <trkpt lat="40.7214620" lon="-3.0413910">
    <ele>989.2</ele>
   </trkpt>
   <trkpt lat="40.7215270" lon="-3.0413620">
    <ele>989.2</ele>
   </trkpt>
   <trkpt lat="40.7215840" lon="-3.0413340">
    <ele>989.2</ele>
   </trkpt>
   <trkpt lat="40.7216530" lon="-3.0413010">
    <ele>989.2</ele>
   </trkpt>
   <trkpt lat="40.7217140" lon="-3.0412720">
    <ele>989.2</ele>
   </trkpt>
   <trkpt lat="40.7217830" lon="-3.0412400">
    <ele>989.2</ele>
   </trkpt>
   <trkpt lat="40.7218480" lon="-3.0412090">
    <ele>989.0</ele>
   </trkpt>
   <trkpt lat="40.7219160" lon="-3.0411780">
    <ele>989.2</ele>
   </trkpt>
   <trkpt lat="40.7219850" lon="-3.0411480">
    <ele>989.2</ele>
   </trkpt>
   <trkpt lat="40.7220460" lon="-3.0411250">
    <ele>989.2</ele>
   </trkpt>
   <trkpt lat="40.7221030" lon="-3.0411000">
    <ele>989.0</ele>
   </trkpt>
   <trkpt lat="40.7221720" lon="-3.0410720">
    <ele>989.0</ele>
   </trkpt>
   <trkpt lat="40.7222440" lon="-3.0410350">
    <ele>988.8</ele>
   </trkpt>
   <trkpt lat="40.7223130" lon="-3.0410020">
    <ele>988.6</ele>
   </trkpt>
   <trkpt lat="40.7223700" lon="-3.0409740">
    <ele>988.4</ele>
   </trkpt>
   <trkpt lat="40.7224270" lon="-3.0409430">
    <ele>988.4</ele>
   </trkpt>
   <trkpt lat="40.7224960" lon="-3.0409110">
    <ele>988.2</ele>
   </trkpt>
   <trkpt lat="40.7225650" lon="-3.0408790">
    <ele>988.0</ele>
   </trkpt>
   <trkpt lat="40.7226450" lon="-3.0408440">
    <ele>988.0</ele>
   </trkpt>
   <trkpt lat="40.7227250" lon="-3.0408100">
    <ele>987.8</ele>
   </trkpt>
   <trkpt lat="40.7227860" lon="-3.0407800">
    <ele>987.6</ele>
   </trkpt>
   <trkpt lat="40.7228510" lon="-3.0407510">
    <ele>987.4</ele>
   </trkpt>
   <trkpt lat="40.7229270" lon="-3.0407140">
    <ele>987.4</ele>
   </trkpt>
   <trkpt lat="40.7230030" lon="-3.0406770">
    <ele>987.4</ele>
   </trkpt>
   <trkpt lat="40.7230640" lon="-3.0406480">
    <ele>987.4</ele>
   </trkpt>
   <trkpt lat="40.7231290" lon="-3.0406190">
    <ele>987.4</ele>
   </trkpt>
   <trkpt lat="40.7232060" lon="-3.0405830">
    <ele>987.2</ele>
   </trkpt>
   <trkpt lat="40.7232820" lon="-3.0405500">
    <ele>987.2</ele>
   </trkpt>
   <trkpt lat="40.7233500" lon="-3.0405180">
    <ele>987.2</ele>
   </trkpt>
   <trkpt lat="40.7234120" lon="-3.0404910">
    <ele>987.2</ele>
   </trkpt>
   <trkpt lat="40.7234760" lon="-3.0404640">
    <ele>987.2</ele>
   </trkpt>
   <trkpt lat="40.7235450" lon="-3.0404360">
    <ele>987.2</ele>
   </trkpt>
   <trkpt lat="40.7236140" lon="-3.0404040">
    <ele>987.4</ele>
   </trkpt>
   <trkpt lat="40.7236820" lon="-3.0403700">
    <ele>987.4</ele>
   </trkpt>
   <trkpt lat="40.7237510" lon="-3.0403370">
    <ele>987.6</ele>
   </trkpt>
   <trkpt lat="40.7238200" lon="-3.0403070">
    <ele>987.8</ele>
   </trkpt>
   <trkpt lat="40.7238920" lon="-3.0402730">
    <ele>987.8</ele>
   </trkpt>
   <trkpt lat="40.7239570" lon="-3.0402400">
    <ele>987.8</ele>
   </trkpt>
   <trkpt lat="40.7240100" lon="-3.0402150">
    <ele>988.0</ele>
   </trkpt>
   <trkpt lat="40.7240720" lon="-3.0401840">
    <ele>988.0</ele>
   </trkpt>
   <trkpt lat="40.7241290" lon="-3.0401550">
    <ele>988.0</ele>
   </trkpt>
   <trkpt lat="40.7241940" lon="-3.0401250">
    <ele>988.0</ele>
   </trkpt>
   <trkpt lat="40.7242510" lon="-3.0400970">
    <ele>988.0</ele>
   </trkpt>
   <trkpt lat="40.7243190" lon="-3.0400660">
    <ele>988.0</ele>
   </trkpt>
   <trkpt lat="40.7243770" lon="-3.0400410">
    <ele>988.0</ele>
   </trkpt>
   <trkpt lat="40.7244450" lon="-3.0400130">
    <ele>988.0</ele>
   </trkpt>
   <trkpt lat="40.7245140" lon="-3.0399820">
    <ele>988.0</ele>
   </trkpt>
   <trkpt lat="40.7245670" lon="-3.0399570">
    <ele>987.8</ele>
   </trkpt>
   <trkpt lat="40.7246250" lon="-3.0399310">
    <ele>987.8</ele>
   </trkpt>
   <trkpt lat="40.7246970" lon="-3.0398980">
    <ele>987.8</ele>
   </trkpt>
   <trkpt lat="40.7247660" lon="-3.0398670">
    <ele>987.8</ele>
   </trkpt>
   <trkpt lat="40.7248310" lon="-3.0398390">
    <ele>987.8</ele>
   </trkpt>
   <trkpt lat="40.7248840" lon="-3.0398150">
    <ele>987.8</ele>
   </trkpt>
   <trkpt lat="40.7249450" lon="-3.0397880">
    <ele>987.6</ele>
   </trkpt>
   <trkpt lat="40.7250140" lon="-3.0397540">
    <ele>987.6</ele>
   </trkpt>
   <trkpt lat="40.7250750" lon="-3.0397260">
    <ele>987.6</ele>
   </trkpt>
   <trkpt lat="40.7251320" lon="-3.0397000">
    <ele>987.6</ele>
   </trkpt>
   <trkpt lat="40.7252040" lon="-3.0396700">
    <ele>987.4</ele>
   </trkpt>
   <trkpt lat="40.7252690" lon="-3.0396440">
    <ele>987.4</ele>
   </trkpt>
   <trkpt lat="40.7253380" lon="-3.0396100">
    <ele>987.2</ele>
   </trkpt>
   <trkpt lat="40.7254100" lon="-3.0395750">
    <ele>987.2</ele>
   </trkpt>
   <trkpt lat="40.7254710" lon="-3.0395470">
    <ele>987.0</ele>
   </trkpt>
   <trkpt lat="40.7255360" lon="-3.0395190">
    <ele>987.0</ele>
   </trkpt>
   <trkpt lat="40.7256160" lon="-3.0394850">
    <ele>987.0</ele>
   </trkpt>
   <trkpt lat="40.7256890" lon="-3.0394530">
    <ele>987.0</ele>
   </trkpt>
   <trkpt lat="40.7257580" lon="-3.0394220">
    <ele>987.0</ele>
   </trkpt>
   <trkpt lat="40.7258150" lon="-3.0393910">
    <ele>986.8</ele>
   </trkpt>
   <trkpt lat="40.7258760" lon="-3.0393580">
    <ele>986.8</ele>
   </trkpt>
   <trkpt lat="40.7259410" lon="-3.0393230">
    <ele>986.8</ele>
   </trkpt>
   <trkpt lat="40.7260210" lon="-3.0392850">
    <ele>986.8</ele>
   </trkpt>
   <trkpt lat="40.7260970" lon="-3.0392480">
    <ele>986.8</ele>
   </trkpt>
   <trkpt lat="40.7261580" lon="-3.0392170">
    <ele>986.6</ele>
   </trkpt>
   <trkpt lat="40.7262270" lon="-3.0391870">
    <ele>986.6</ele>
   </trkpt>
   <trkpt lat="40.7262990" lon="-3.0391560">
    <ele>986.6</ele>
   </trkpt>
   <trkpt lat="40.7263720" lon="-3.0391250">
    <ele>986.6</ele>
   </trkpt>
   <trkpt lat="40.7264400" lon="-3.0390910">
    <ele>986.6</ele>
   </trkpt>
   <trkpt lat="40.7265130" lon="-3.0390570">
    <ele>986.6</ele>
   </trkpt>
   <trkpt lat="40.7265850" lon="-3.0390230">
    <ele>986.8</ele>
   </trkpt>
   <trkpt lat="40.7266650" lon="-3.0389860">
    <ele>986.8</ele>
   </trkpt>
   <trkpt lat="40.7267420" lon="-3.0389520">
    <ele>987.0</ele>
   </trkpt>
   <trkpt lat="40.7268030" lon="-3.0389230">
    <ele>987.0</ele>
   </trkpt>
   <trkpt lat="40.7268680" lon="-3.0388930">
    <ele>987.2</ele>
   </trkpt>
   <trkpt lat="40.7269480" lon="-3.0388580">
    <ele>987.4</ele>
   </trkpt>
   <trkpt lat="40.7270240" lon="-3.0388260">
    <ele>987.4</ele>
   </trkpt>
   <trkpt lat="40.7270930" lon="-3.0387930">
    <ele>987.4</ele>
   </trkpt>
   <trkpt lat="40.7271540" lon="-3.0387630">
    <ele>987.6</ele>
   </trkpt>
   <trkpt lat="40.7272220" lon="-3.0387320">
    <ele>987.8</ele>
   </trkpt>
   <trkpt lat="40.7272910" lon="-3.0387010">
    <ele>987.8</ele>
   </trkpt>
   <trkpt lat="40.7273710" lon="-3.0386670">
    <ele>988.0</ele>
   </trkpt>
   <trkpt lat="40.7274440" lon="-3.0386350">
    <ele>988.0</ele>
   </trkpt>
   <trkpt lat="40.7275090" lon="-3.0386090">
    <ele>987.8</ele>
   </trkpt>
   <trkpt lat="40.7275850" lon="-3.0385760">
    <ele>987.8</ele>
   </trkpt>
   <trkpt lat="40.7276540" lon="-3.0385460">
    <ele>987.8</ele>
   </trkpt>
   <trkpt lat="40.7277220" lon="-3.0385190">
    <ele>987.8</ele>
   </trkpt>
   <trkpt lat="40.7277950" lon="-3.0384880">
    <ele>987.6</ele>
   </trkpt>
   <trkpt lat="40.7278750" lon="-3.0384550">
    <ele>987.4</ele>
   </trkpt>
   <trkpt lat="40.7279550" lon="-3.0384200">
    <ele>987.2</ele>
   </trkpt>
   <trkpt lat="40.7280310" lon="-3.0383870">
    <ele>987.2</ele>
   </trkpt>
   <trkpt lat="40.7281000" lon="-3.0383550">
    <ele>987.2</ele>
   </trkpt>
   <trkpt lat="40.7281680" lon="-3.0383220">
    <ele>987.2</ele>
   </trkpt>
   <trkpt lat="40.7282300" lon="-3.0382920">
    <ele>987.2</ele>
   </trkpt>
   <trkpt lat="40.7283020" lon="-3.0382580">
    <ele>987.2</ele>
   </trkpt>
   <trkpt lat="40.7283780" lon="-3.0382230">
    <ele>987.4</ele>
   </trkpt>
   <trkpt lat="40.7284390" lon="-3.0381950">
    <ele>987.2</ele>
   </trkpt>
   <trkpt lat="40.7285000" lon="-3.0381630">
    <ele>987.2</ele>
   </trkpt>
   <trkpt lat="40.7285800" lon="-3.0381240">
    <ele>987.2</ele>
   </trkpt>
   <trkpt lat="40.7286530" lon="-3.0380890">
    <ele>987.2</ele>
   </trkpt>
   <trkpt lat="40.7287140" lon="-3.0380600">
    <ele>987.4</ele>
   </trkpt>
   <trkpt lat="40.7287790" lon="-3.0380310">
    <ele>987.2</ele>
   </trkpt>
   <trkpt lat="40.7288440" lon="-3.0380020">
    <ele>987.4</ele>
   </trkpt>
   <trkpt lat="40.7289120" lon="-3.0379730">
    <ele>987.4</ele>
   </trkpt>
   <trkpt lat="40.7289890" lon="-3.0379360">
    <ele>987.6</ele>
   </trkpt>
   <trkpt lat="40.7290530" lon="-3.0379050">
    <ele>987.6</ele>
   </trkpt>
   <trkpt lat="40.7291180" lon="-3.0378750">
    <ele>987.6</ele>
   </trkpt>
   <trkpt lat="40.7291870" lon="-3.0378430">
    <ele>987.4</ele>
   </trkpt>
   <trkpt lat="40.7292590" lon="-3.0378110">
    <ele>987.4</ele>
   </trkpt>
   <trkpt lat="40.7293320" lon="-3.0377760">
    <ele>987.2</ele>
   </trkpt>
   <trkpt lat="40.7294080" lon="-3.0377410">
    <ele>986.8</ele>
   </trkpt>
   <trkpt lat="40.7294770" lon="-3.0377090">
    <ele>986.8</ele>
   </trkpt>
   <trkpt lat="40.7295570" lon="-3.0376710">
    <ele>986.6</ele>
   </trkpt>
   <trkpt lat="40.7296370" lon="-3.0376350">
    <ele>986.6</ele>
   </trkpt>
   <trkpt lat="40.7297130" lon="-3.0376030">
    <ele>986.4</ele>
   </trkpt>
   <trkpt lat="40.7297740" lon="-3.0375720">
    <ele>986.4</ele>
   </trkpt>
   <trkpt lat="40.7298430" lon="-3.0375430">
    <ele>986.2</ele>
   </trkpt>
   <trkpt lat="40.7299270" lon="-3.0375070">
    <ele>986.2</ele>
   </trkpt>
   <trkpt lat="40.7300070" lon="-3.0374710">
    <ele>986.2</ele>
   </trkpt>
   <trkpt lat="40.7300830" lon="-3.0374360">
    <ele>986.4</ele>
   </trkpt>
   <trkpt lat="40.7301600" lon="-3.0374000">
    <ele>986.4</ele>
   </trkpt>
   <trkpt lat="40.7302210" lon="-3.0373700">
    <ele>986.4</ele>
   </trkpt>
   <trkpt lat="40.7302970" lon="-3.0373340">
    <ele>986.6</ele>
   </trkpt>
   <trkpt lat="40.7303730" lon="-3.0372970">
    <ele>986.6</ele>
   </trkpt>
   <trkpt lat="40.7304460" lon="-3.0372640">
    <ele>986.8</ele>
   </trkpt>
   <trkpt lat="40.7305070" lon="-3.0372360">
    <ele>986.8</ele>
   </trkpt>
   <trkpt lat="40.7305760" lon="-3.0372050">
    <ele>987.0</ele>
   </trkpt>
   <trkpt lat="40.7306330" lon="-3.0371770">
    <ele>987.0</ele>
   </trkpt>
   <trkpt lat="40.7306860" lon="-3.0371490">
    <ele>987.2</ele>
   </trkpt>
   <trkpt lat="40.7307470" lon="-3.0371190">
    <ele>987.4</ele>
   </trkpt>
   <trkpt lat="40.7308040" lon="-3.0370900">
    <ele>987.4</ele>
   </trkpt>
   <trkpt lat="40.7308730" lon="-3.0370590">
    <ele>987.6</ele>
   </trkpt>
   <trkpt lat="40.7309340" lon="-3.0370310">
    <ele>987.6</ele>
   </trkpt>
   <trkpt lat="40.7309870" lon="-3.0370070">
    <ele>987.8</ele>
   </trkpt>
   <trkpt lat="40.7310370" lon="-3.0369820">
    <ele>987.8</ele>
   </trkpt>
   <trkpt lat="40.7310940" lon="-3.0369530">
    <ele>988.0</ele>
   </trkpt>
   <trkpt lat="40.7311520" lon="-3.0369250">
    <ele>988.0</ele>
   </trkpt>
   <trkpt lat="40.7312160" lon="-3.0368970">
    <ele>988.2</ele>
   </trkpt>
   <trkpt lat="40.7312770" lon="-3.0368710">
    <ele>988.2</ele>
   </trkpt>
   <trkpt lat="40.7313310" lon="-3.0368470">
    <ele>988.4</ele>
   </trkpt>
   <trkpt lat="40.7313880" lon="-3.0368240">
    <ele>988.6</ele>
   </trkpt>
   <trkpt lat="40.7314410" lon="-3.0368010">
    <ele>988.6</ele>
   </trkpt>
   <trkpt lat="40.7314950" lon="-3.0367770">
    <ele>988.8</ele>
   </trkpt>
   <trkpt lat="40.7315480" lon="-3.0367510">
    <ele>988.8</ele>
   </trkpt>
   <trkpt lat="40.7315940" lon="-3.0367300">
    <ele>989.0</ele>
   </trkpt>
   <trkpt lat="40.7316470" lon="-3.0367060">
    <ele>989.0</ele>
   </trkpt>
   <trkpt lat="40.7317050" lon="-3.0366840">
    <ele>989.2</ele>
   </trkpt>
   <trkpt lat="40.7317620" lon="-3.0366620">
    <ele>989.2</ele>
   </trkpt>
   <trkpt lat="40.7318120" lon="-3.0366370">
    <ele>989.2</ele>
   </trkpt>
   <trkpt lat="40.7318610" lon="-3.0366090">
    <ele>989.2</ele>
   </trkpt>
   <trkpt lat="40.7319150" lon="-3.0365830">
    <ele>989.4</ele>
   </trkpt>
   <trkpt lat="40.7319640" lon="-3.0365580">
    <ele>989.4</ele>
   </trkpt>
   <trkpt lat="40.7320060" lon="-3.0365380">
    <ele>989.4</ele>
   </trkpt>
   <trkpt lat="40.7320560" lon="-3.0365170">
    <ele>989.6</ele>
   </trkpt>
   <trkpt lat="40.7321090" lon="-3.0364930">
    <ele>989.8</ele>
   </trkpt>
   <trkpt lat="40.7321590" lon="-3.0364690">
    <ele>989.8</ele>
   </trkpt>
   <trkpt lat="40.7322040" lon="-3.0364440">
    <ele>990.0</ele>
   </trkpt>
   <trkpt lat="40.7322460" lon="-3.0364210">
    <ele>990.2</ele>
   </trkpt>
   <trkpt lat="40.7322920" lon="-3.0363990">
    <ele>990.4</ele>
   </trkpt>
   <trkpt lat="40.7323380" lon="-3.0363760">
    <ele>990.4</ele>
   </trkpt>
   <trkpt lat="40.7323840" lon="-3.0363570">
    <ele>990.6</ele>
   </trkpt>
   <trkpt lat="40.7324330" lon="-3.0363360">
    <ele>990.8</ele>
   </trkpt>
   <trkpt lat="40.7324790" lon="-3.0363130">
    <ele>990.8</ele>
   </trkpt>
   <trkpt lat="40.7325250" lon="-3.0362850">
    <ele>991.0</ele>
   </trkpt>
   <trkpt lat="40.7325710" lon="-3.0362580">
    <ele>991.2</ele>
   </trkpt>
   <trkpt lat="40.7326200" lon="-3.0362340">
    <ele>991.4</ele>
   </trkpt>
   <trkpt lat="40.7326620" lon="-3.0362110">
    <ele>991.4</ele>
   </trkpt>
   <trkpt lat="40.7327040" lon="-3.0361870">
    <ele>991.6</ele>
   </trkpt>
   <trkpt lat="40.7327460" lon="-3.0361550">
    <ele>991.8</ele>
   </trkpt>
   <trkpt lat="40.7327960" lon="-3.0361220">
    <ele>991.8</ele>
   </trkpt>
   <trkpt lat="40.7328450" lon="-3.0360930">
    <ele>991.8</ele>
   </trkpt>
   <trkpt lat="40.7328950" lon="-3.0360640">
    <ele>992.0</ele>
   </trkpt>
   <trkpt lat="40.7329450" lon="-3.0360350">
    <ele>992.0</ele>
   </trkpt>
   <trkpt lat="40.7329940" lon="-3.0360050">
    <ele>992.2</ele>
   </trkpt>
   <trkpt lat="40.7330440" lon="-3.0359710">
    <ele>992.2</ele>
   </trkpt>
   <trkpt lat="40.7330930" lon="-3.0359350">
    <ele>992.4</ele>
   </trkpt>
   <trkpt lat="40.7331310" lon="-3.0359030">
    <ele>992.4</ele>
   </trkpt>
   <trkpt lat="40.7331850" lon="-3.0358620">
    <ele>992.4</ele>
   </trkpt>
   <trkpt lat="40.7332380" lon="-3.0358210">
    <ele>992.4</ele>
   </trkpt>
   <trkpt lat="40.7332880" lon="-3.0357860">
    <ele>992.4</ele>
   </trkpt>
   <trkpt lat="40.7333370" lon="-3.0357510">
    <ele>992.4</ele>
   </trkpt>
   <trkpt lat="40.7333790" lon="-3.0357210">
    <ele>992.4</ele>
   </trkpt>
   <trkpt lat="40.7334290" lon="-3.0356820">
    <ele>992.4</ele>
   </trkpt>
   <trkpt lat="40.7334820" lon="-3.0356420">
    <ele>992.4</ele>
   </trkpt>
   <trkpt lat="40.7335360" lon="-3.0356040">
    <ele>992.4</ele>
   </trkpt>
   <trkpt lat="40.7335820" lon="-3.0355710">
    <ele>992.6</ele>
   </trkpt>
   <trkpt lat="40.7336390" lon="-3.0355320">
    <ele>992.6</ele>
   </trkpt>
   <trkpt lat="40.7336960" lon="-3.0354940">
    <ele>992.6</ele>
   </trkpt>
   <trkpt lat="40.7337460" lon="-3.0354600">
    <ele>992.6</ele>
   </trkpt>
   <trkpt lat="40.7337950" lon="-3.0354240">
    <ele>992.6</ele>
   </trkpt>
   <trkpt lat="40.7338330" lon="-3.0353910">
    <ele>992.6</ele>
   </trkpt>
   <trkpt lat="40.7338870" lon="-3.0353500">
    <ele>992.6</ele>
   </trkpt>
   <trkpt lat="40.7339400" lon="-3.0353080">
    <ele>992.6</ele>
   </trkpt>
   <trkpt lat="40.7339820" lon="-3.0352720">
    <ele>992.6</ele>
   </trkpt>
   <trkpt lat="40.7340280" lon="-3.0352360">
    <ele>992.6</ele>
   </trkpt>
   <trkpt lat="40.7340810" lon="-3.0351980">
    <ele>992.6</ele>
   </trkpt>
   <trkpt lat="40.7341390" lon="-3.0351550">
    <ele>992.6</ele>
   </trkpt>
   <trkpt lat="40.7342000" lon="-3.0351110">
    <ele>992.6</ele>
   </trkpt>
   <trkpt lat="40.7342570" lon="-3.0350690">
    <ele>992.6</ele>
   </trkpt>
   <trkpt lat="40.7343060" lon="-3.0350320">
    <ele>992.6</ele>
   </trkpt>
   <trkpt lat="40.7343600" lon="-3.0349870">
    <ele>992.6</ele>
   </trkpt>
   <trkpt lat="40.7344210" lon="-3.0349400">
    <ele>992.6</ele>
   </trkpt>
   <trkpt lat="40.7344820" lon="-3.0348990">
    <ele>992.4</ele>
   </trkpt>
   <trkpt lat="40.7345310" lon="-3.0348640">
    <ele>992.4</ele>
   </trkpt>
   <trkpt lat="40.7345810" lon="-3.0348280">
    <ele>992.4</ele>
   </trkpt>
   <trkpt lat="40.7346460" lon="-3.0347840">
    <ele>992.4</ele>
   </trkpt>
   <trkpt lat="40.7347070" lon="-3.0347390">
    <ele>992.4</ele>
   </trkpt>
   <trkpt lat="40.7347560" lon="-3.0347030">
    <ele>992.6</ele>
   </trkpt>
   <trkpt lat="40.7348100" lon="-3.0346660">
    <ele>992.6</ele>
   </trkpt>
   <trkpt lat="40.7348670" lon="-3.0346230">
    <ele>992.6</ele>
   </trkpt>
   <trkpt lat="40.7349280" lon="-3.0345820">
    <ele>992.6</ele>
   </trkpt>
   <trkpt lat="40.7349930" lon="-3.0345340">
    <ele>992.6</ele>
   </trkpt>
   <trkpt lat="40.7350500" lon="-3.0344920">
    <ele>992.6</ele>
   </trkpt>
   <trkpt lat="40.7351040" lon="-3.0344520">
    <ele>992.6</ele>
   </trkpt>
   <trkpt lat="40.7351720" lon="-3.0344040">
    <ele>992.6</ele>
   </trkpt>
   <trkpt lat="40.7352260" lon="-3.0343640">
    <ele>992.6</ele>
   </trkpt>
   <trkpt lat="40.7352790" lon="-3.0343210">
    <ele>992.6</ele>
   </trkpt>
   <trkpt lat="40.7353360" lon="-3.0342750">
    <ele>992.6</ele>
   </trkpt>
   <trkpt lat="40.7353970" lon="-3.0342330">
    <ele>992.6</ele>
   </trkpt>
   <trkpt lat="40.7354620" lon="-3.0341870">
    <ele>992.8</ele>
   </trkpt>
   <trkpt lat="40.7355310" lon="-3.0341420">
    <ele>992.8</ele>
   </trkpt>
   <trkpt lat="40.7355920" lon="-3.0340990">
    <ele>992.8</ele>
   </trkpt>
   <trkpt lat="40.7356410" lon="-3.0340610">
    <ele>993.0</ele>
   </trkpt>
   <trkpt lat="40.7356990" lon="-3.0340230">
    <ele>993.0</ele>
   </trkpt>
   <trkpt lat="40.7357640" lon="-3.0339750">
    <ele>993.2</ele>
   </trkpt>
   <trkpt lat="40.7358210" lon="-3.0339350">
    <ele>993.2</ele>
   </trkpt>
   <trkpt lat="40.7358740" lon="-3.0338970">
    <ele>993.2</ele>
   </trkpt>
   <trkpt lat="40.7359350" lon="-3.0338560">
    <ele>993.4</ele>
   </trkpt>
   <trkpt lat="40.7360040" lon="-3.0338120">
    <ele>993.4</ele>
   </trkpt>
   <trkpt lat="40.7360650" lon="-3.0337740">
    <ele>993.4</ele>
   </trkpt>
   <trkpt lat="40.7361260" lon="-3.0337350">
    <ele>993.4</ele>
   </trkpt>
   <trkpt lat="40.7361870" lon="-3.0337000">
    <ele>993.4</ele>
   </trkpt>
   <trkpt lat="40.7362440" lon="-3.0336670">
    <ele>993.2</ele>
   </trkpt>
   <trkpt lat="40.7363050" lon="-3.0336340">
    <ele>993.2</ele>
   </trkpt>
   <trkpt lat="40.7363700" lon="-3.0335990">
    <ele>993.2</ele>
   </trkpt>
   <trkpt lat="40.7364310" lon="-3.0335670">
    <ele>993.0</ele>
   </trkpt>
   <trkpt lat="40.7364850" lon="-3.0335380">
    <ele>992.8</ele>
   </trkpt>
   <trkpt lat="40.7365490" lon="-3.0335070">
    <ele>992.6</ele>
   </trkpt>
   <trkpt lat="40.7366100" lon="-3.0334750">
    <ele>992.4</ele>
   </trkpt>
   <trkpt lat="40.7366680" lon="-3.0334450">
    <ele>992.2</ele>
   </trkpt>
   <trkpt lat="40.7367290" lon="-3.0334140">
    <ele>992.0</ele>
   </trkpt>
   <trkpt lat="40.7367930" lon="-3.0333790">
    <ele>992.0</ele>
   </trkpt>
   <trkpt lat="40.7368580" lon="-3.0333440">
    <ele>991.8</ele>
   </trkpt>
   <trkpt lat="40.7369230" lon="-3.0333080">
    <ele>991.6</ele>
   </trkpt>
   <trkpt lat="40.7369960" lon="-3.0332690">
    <ele>991.2</ele>
   </trkpt>
   <trkpt lat="40.7370610" lon="-3.0332350">
    <ele>991.0</ele>
   </trkpt>
   <trkpt lat="40.7371220" lon="-3.0332050">
    <ele>991.0</ele>
   </trkpt>
   <trkpt lat="40.7371940" lon="-3.0331710">
    <ele>990.8</ele>
   </trkpt>
   <trkpt lat="40.7372510" lon="-3.0331450">
    <ele>990.8</ele>
   </trkpt>
   <trkpt lat="40.7373050" lon="-3.0331220">
    <ele>990.6</ele>
   </trkpt>
   <trkpt lat="40.7373620" lon="-3.0331000">
    <ele>990.4</ele>
   </trkpt>
   <trkpt lat="40.7374190" lon="-3.0330800">
    <ele>990.2</ele>
   </trkpt>
   <trkpt lat="40.7374800" lon="-3.0330570">
    <ele>990.0</ele>
   </trkpt>
   <trkpt lat="40.7375490" lon="-3.0330290">
    <ele>990.0</ele>
   </trkpt>
   <trkpt lat="40.7376060" lon="-3.0330030">
    <ele>990.0</ele>
   </trkpt>
   <trkpt lat="40.7376590" lon="-3.0329770">
    <ele>990.0</ele>
   </trkpt>
   <trkpt lat="40.7377170" lon="-3.0329510">
    <ele>990.0</ele>
   </trkpt>
   <trkpt lat="40.7377740" lon="-3.0329250">
    <ele>990.0</ele>
   </trkpt>
   <trkpt lat="40.7378270" lon="-3.0328970">
    <ele>990.0</ele>
   </trkpt>
   <trkpt lat="40.7378810" lon="-3.0328680">
    <ele>990.0</ele>
   </trkpt>
   <trkpt lat="40.7379340" lon="-3.0328380">
    <ele>990.0</ele>
   </trkpt>
   <trkpt lat="40.7379990" lon="-3.0328060">
    <ele>989.6</ele>
   </trkpt>
   <trkpt lat="40.7380600" lon="-3.0327780">
    <ele>989.4</ele>
   </trkpt>
   <trkpt lat="40.7381170" lon="-3.0327520">
    <ele>989.2</ele>
   </trkpt>
   <trkpt lat="40.7381710" lon="-3.0327280">
    <ele>988.8</ele>
   </trkpt>
   <trkpt lat="40.7382240" lon="-3.0327010">
    <ele>988.6</ele>
   </trkpt>
   <trkpt lat="40.7382930" lon="-3.0326690">
    <ele>988.6</ele>
   </trkpt>
   <trkpt lat="40.7383650" lon="-3.0326370">
    <ele>988.4</ele>
   </trkpt>
   <trkpt lat="40.7384190" lon="-3.0326080">
    <ele>988.2</ele>
   </trkpt>
   <trkpt lat="40.7384720" lon="-3.0325790">
    <ele>988.0</ele>
   </trkpt>
   <trkpt lat="40.7385290" lon="-3.0325450">
    <ele>987.8</ele>
   </trkpt>
   <trkpt lat="40.7385940" lon="-3.0325060">
    <ele>987.6</ele>
   </trkpt>
   <trkpt lat="40.7386630" lon="-3.0324710">
    <ele>987.2</ele>
   </trkpt>
   <trkpt lat="40.7387200" lon="-3.0324420">
    <ele>987.0</ele>
   </trkpt>
   <trkpt lat="40.7387810" lon="-3.0324120">
    <ele>986.6</ele>
   </trkpt>
   <trkpt lat="40.7388610" lon="-3.0323750">
    <ele>986.4</ele>
   </trkpt>
   <trkpt lat="40.7389340" lon="-3.0323380">
    <ele>986.0</ele>
   </trkpt>
   <trkpt lat="40.7389950" lon="-3.0323060">
    <ele>985.8</ele>
   </trkpt>
   <trkpt lat="40.7390590" lon="-3.0322690">
    <ele>985.4</ele>
   </trkpt>
   <trkpt lat="40.7391320" lon="-3.0322260">
    <ele>985.0</ele>
   </trkpt>
   <trkpt lat="40.7392040" lon="-3.0321860">
    <ele>984.6</ele>
   </trkpt>
   <trkpt lat="40.7392770" lon="-3.0321460">
    <ele>984.2</ele>
   </trkpt>
   <trkpt lat="40.7393420" lon="-3.0321090">
    <ele>984.0</ele>
   </trkpt>
   <trkpt lat="40.7394100" lon="-3.0320780">
    <ele>983.8</ele>
   </trkpt>
   <trkpt lat="40.7394790" lon="-3.0320480">
    <ele>983.6</ele>
   </trkpt>
   <trkpt lat="40.7395480" lon="-3.0320170">
    <ele>983.4</ele>
   </trkpt>
   <trkpt lat="40.7396160" lon="-3.0319830">
    <ele>983.2</ele>
   </trkpt>
   <trkpt lat="40.7396810" lon="-3.0319500">
    <ele>983.2</ele>
   </trkpt>
   <trkpt lat="40.7397500" lon="-3.0319170">
    <ele>983.0</ele>
   </trkpt>
   <trkpt lat="40.7398150" lon="-3.0318810">
    <ele>982.8</ele>
   </trkpt>
   <trkpt lat="40.7398830" lon="-3.0318430">
    <ele>982.8</ele>
   </trkpt>
   <trkpt lat="40.7399560" lon="-3.0318090">
    <ele>982.6</ele>
   </trkpt>
   <trkpt lat="40.7400130" lon="-3.0317800">
    <ele>982.4</ele>
   </trkpt>
   <trkpt lat="40.7400740" lon="-3.0317490">
    <ele>982.4</ele>
   </trkpt>
   <trkpt lat="40.7401310" lon="-3.0317170">
    <ele>982.2</ele>
   </trkpt>
   <trkpt lat="40.7401960" lon="-3.0316860">
    <ele>982.2</ele>
   </trkpt>
   <trkpt lat="40.7402460" lon="-3.0316610">
    <ele>982.0</ele>
   </trkpt>
   <trkpt lat="40.7402950" lon="-3.0316340">
    <ele>981.8</ele>
   </trkpt>
   <trkpt lat="40.7403560" lon="-3.0316030">
    <ele>981.8</ele>
   </trkpt>
   <trkpt lat="40.7404100" lon="-3.0315760">
    <ele>981.6</ele>
   </trkpt>
   <trkpt lat="40.7404630" lon="-3.0315490">
    <ele>981.4</ele>
   </trkpt>
   <trkpt lat="40.7405200" lon="-3.0315160">
    <ele>981.2</ele>
   </trkpt>
   <trkpt lat="40.7405780" lon="-3.0314810">
    <ele>981.0</ele>
   </trkpt>
   <trkpt lat="40.7406430" lon="-3.0314400">
    <ele>980.8</ele>
   </trkpt>
   <trkpt lat="40.7407040" lon="-3.0314020">
    <ele>980.6</ele>
   </trkpt>
   <trkpt lat="40.7407650" lon="-3.0313680">
    <ele>980.4</ele>
   </trkpt>
   <trkpt lat="40.7408180" lon="-3.0313380">
    <ele>980.0</ele>
   </trkpt>
   <trkpt lat="40.7408710" lon="-3.0313130">
    <ele>979.8</ele>
   </trkpt>
   <trkpt lat="40.7409400" lon="-3.0312770">
    <ele>979.6</ele>
   </trkpt>
   <trkpt lat="40.7410050" lon="-3.0312400">
    <ele>979.4</ele>
   </trkpt>
   <trkpt lat="40.7410620" lon="-3.0312070">
    <ele>979.2</ele>
   </trkpt>
   <trkpt lat="40.7411160" lon="-3.0311770">
    <ele>979.0</ele>
   </trkpt>
   <trkpt lat="40.7411800" lon="-3.0311410">
    <ele>978.8</ele>
   </trkpt>
   <trkpt lat="40.7412450" lon="-3.0311060">
    <ele>978.6</ele>
   </trkpt>
   <trkpt lat="40.7413060" lon="-3.0310770">
    <ele>978.4</ele>
   </trkpt>
   <trkpt lat="40.7413560" lon="-3.0310530">
    <ele>978.4</ele>
   </trkpt>
   <trkpt lat="40.7414210" lon="-3.0310250">
    <ele>978.2</ele>
   </trkpt>
   <trkpt lat="40.7414860" lon="-3.0309940">
    <ele>978.4</ele>
   </trkpt>
   <trkpt lat="40.7415430" lon="-3.0309610">
    <ele>978.2</ele>
   </trkpt>
   <trkpt lat="40.7415960" lon="-3.0309280">
    <ele>978.2</ele>
   </trkpt>
   <trkpt lat="40.7416420" lon="-3.0309000">
    <ele>978.4</ele>
   </trkpt>
   <trkpt lat="40.7416880" lon="-3.0308740">
    <ele>978.2</ele>
   </trkpt>
   <trkpt lat="40.7417370" lon="-3.0308460">
    <ele>978.4</ele>
   </trkpt>
   <trkpt lat="40.7417830" lon="-3.0308230">
    <ele>978.4</ele>
   </trkpt>
   <trkpt lat="40.7418210" lon="-3.0308050">
    <ele>978.4</ele>
   </trkpt>
   <trkpt lat="40.7418480" lon="-3.0307870">
    <ele>978.6</ele>
   </trkpt>
   <trkpt lat="40.7418790" lon="-3.0307640">
    <ele>978.6</ele>
   </trkpt>
   <trkpt lat="40.7419090" lon="-3.0307420">
    <ele>978.6</ele>
   </trkpt>
   <trkpt lat="40.7419360" lon="-3.0307290">
    <ele>978.6</ele>
   </trkpt>
   <trkpt lat="40.7419620" lon="-3.0307210">
    <ele>978.6</ele>
   </trkpt>
   <trkpt lat="40.7419890" lon="-3.0307210">
    <ele>978.6</ele>
   </trkpt>
   <trkpt lat="40.7420200" lon="-3.0307300">
    <ele>978.6</ele>
   </trkpt>
   <trkpt lat="40.7420540" lon="-3.0307450">
    <ele>978.6</ele>
   </trkpt>
   <trkpt lat="40.7420880" lon="-3.0307620">
    <ele>978.8</ele>
   </trkpt>
   <trkpt lat="40.7421150" lon="-3.0307800">
    <ele>978.6</ele>
   </trkpt>
   <trkpt lat="40.7421490" lon="-3.0308030">
    <ele>978.6</ele>
   </trkpt>
   <trkpt lat="40.7421870" lon="-3.0308260">
    <ele>978.6</ele>
   </trkpt>
   <trkpt lat="40.7422180" lon="-3.0308430">
    <ele>978.6</ele>
   </trkpt>
   <trkpt lat="40.7422560" lon="-3.0308650">
    <ele>978.4</ele>
   </trkpt>
   <trkpt lat="40.7422940" lon="-3.0308890">
    <ele>978.4</ele>
   </trkpt>
   <trkpt lat="40.7423250" lon="-3.0309100">
    <ele>978.4</ele>
   </trkpt>
   <trkpt lat="40.7423550" lon="-3.0309290">
    <ele>978.4</ele>
   </trkpt>
   <trkpt lat="40.7423900" lon="-3.0309510">
    <ele>978.4</ele>
   </trkpt>
   <trkpt lat="40.7424240" lon="-3.0309770">
    <ele>978.4</ele>
   </trkpt>
   <trkpt lat="40.7424580" lon="-3.0310020">
    <ele>978.2</ele>
   </trkpt>
   <trkpt lat="40.7424960" lon="-3.0310270">
    <ele>978.2</ele>
   </trkpt>
   <trkpt lat="40.7425350" lon="-3.0310540">
    <ele>978.2</ele>
   </trkpt>
   <trkpt lat="40.7425690" lon="-3.0310790">
    <ele>978.2</ele>
   </trkpt>
   <trkpt lat="40.7426030" lon="-3.0311020">
    <ele>978.2</ele>
   </trkpt>
   <trkpt lat="40.7426300" lon="-3.0311200">
    <ele>978.2</ele>
   </trkpt>
   <trkpt lat="40.7426640" lon="-3.0311410">
    <ele>978.4</ele>
   </trkpt>
   <trkpt lat="40.7426990" lon="-3.0311600">
    <ele>978.2</ele>
   </trkpt>
   <trkpt lat="40.7427330" lon="-3.0311770">
    <ele>978.2</ele>
   </trkpt>
   <trkpt lat="40.7427630" lon="-3.0311930">
    <ele>978.2</ele>
   </trkpt>
   <trkpt lat="40.7427900" lon="-3.0312070">
    <ele>978.4</ele>
   </trkpt>
   <trkpt lat="40.7428170" lon="-3.0312180">
    <ele>978.4</ele>
   </trkpt>
   <trkpt lat="40.7428440" lon="-3.0312180">
    <ele>978.6</ele>
   </trkpt>
   <trkpt lat="40.7428630" lon="-3.0312090">
    <ele>978.8</ele>
   </trkpt>
   <trkpt lat="40.7428780" lon="-3.0311970">
    <ele>979.0</ele>
   </trkpt>
   <trkpt lat="40.7428930" lon="-3.0311840">
    <ele>979.0</ele>
   </trkpt>
   <trkpt lat="40.7429050" lon="-3.0311750">
    <ele>979.2</ele>
   </trkpt>
   <trkpt lat="40.7429200" lon="-3.0311660">
    <ele>979.2</ele>
   </trkpt>
   <trkpt lat="40.7429310" lon="-3.0311640">
    <ele>979.2</ele>
   </trkpt>
   <trkpt lat="40.7429430" lon="-3.0311680">
    <ele>979.2</ele>
   </trkpt>
   <trkpt lat="40.7429500" lon="-3.0311780">
    <ele>979.2</ele>
   </trkpt>
   <trkpt lat="40.7429470" lon="-3.0311930">
    <ele>979.0</ele>
   </trkpt>
   <trkpt lat="40.7429430" lon="-3.0312010">
    <ele>979.0</ele>
   </trkpt>
   <trkpt lat="40.7429430" lon="-3.0312030">
    <ele>979.0</ele>
   </trkpt>
   <trkpt lat="40.7428590" lon="-3.0311610">
    <ele>979.0</ele>
   </trkpt>
   <trkpt lat="40.7428590" lon="-3.0311620">
    <ele>978.8</ele>
   </trkpt>
   <trkpt lat="40.7428550" lon="-3.0311640">
    <ele>978.8</ele>
   </trkpt>
   <trkpt lat="40.7428470" lon="-3.0311680">
    <ele>978.8</ele>
   </trkpt>
   <trkpt lat="40.7428400" lon="-3.0311700">
    <ele>978.8</ele>
   </trkpt>
   <trkpt lat="40.7428400" lon="-3.0311700">
    <ele>978.6</ele>
   </trkpt>
   <trkpt lat="40.7428400" lon="-3.0311700">
    <ele>978.6</ele>
   </trkpt>
   <trkpt lat="40.7428400" lon="-3.0311700">
    <ele>978.6</ele>
   </trkpt>
   <trkpt lat="40.7428400" lon="-3.0311700">
    <ele>978.6</ele>
   </trkpt>
   <trkpt lat="40.7428400" lon="-3.0311700">
    <ele>978.6</ele>
   </trkpt>
   <trkpt lat="40.7428400" lon="-3.0311700">
    <ele>978.6</ele>
   </trkpt>
   <trkpt lat="40.7428360" lon="-3.0312160">
    <ele>978.8</ele>
   </trkpt>
   <trkpt lat="40.7428470" lon="-3.0312270">
    <ele>978.8</ele>
   </trkpt>
   <trkpt lat="40.7428550" lon="-3.0312430">
    <ele>978.8</ele>
   </trkpt>
   <trkpt lat="40.7428660" lon="-3.0312690">
    <ele>978.6</ele>
   </trkpt>
   <trkpt lat="40.7428700" lon="-3.0313030">
    <ele>978.2</ele>
   </trkpt>
   <trkpt lat="40.7428660" lon="-3.0313420">
    <ele>977.8</ele>
   </trkpt>
   <trkpt lat="40.7428470" lon="-3.0313820">
    <ele>977.6</ele>
   </trkpt>
   <trkpt lat="40.7428280" lon="-3.0314190">
    <ele>977.2</ele>
   </trkpt>
   <trkpt lat="40.7428130" lon="-3.0314480">
    <ele>977.0</ele>
   </trkpt>
   <trkpt lat="40.7427940" lon="-3.0314810">
    <ele>976.8</ele>
   </trkpt>
   <trkpt lat="40.7427860" lon="-3.0315230">
    <ele>976.4</ele>
   </trkpt>
   <trkpt lat="40.7427790" lon="-3.0315680">
    <ele>976.2</ele>
   </trkpt>
   <trkpt lat="40.7427750" lon="-3.0316110">
    <ele>975.8</ele>
   </trkpt>
   <trkpt lat="40.7427830" lon="-3.0316530">
    <ele>975.4</ele>
   </trkpt>
   <trkpt lat="40.7427980" lon="-3.0316940">
    <ele>975.0</ele>
   </trkpt>
   <trkpt lat="40.7428170" lon="-3.0317320">
    <ele>974.4</ele>
   </trkpt>
   <trkpt lat="40.7428510" lon="-3.0317660">
    <ele>973.8</ele>
   </trkpt>
   <trkpt lat="40.7428860" lon="-3.0317980">
    <ele>973.4</ele>
   </trkpt>
   <trkpt lat="40.7429200" lon="-3.0318310">
    <ele>972.8</ele>
   </trkpt>
   <trkpt lat="40.7429580" lon="-3.0318640">
    <ele>972.2</ele>
   </trkpt>
   <trkpt lat="40.7430000" lon="-3.0319030">
    <ele>971.6</ele>
   </trkpt>
   <trkpt lat="40.7430380" lon="-3.0319470">
    <ele>971.0</ele>
   </trkpt>
   <trkpt lat="40.7430760" lon="-3.0319930">
    <ele>970.6</ele>
   </trkpt>
   <trkpt lat="40.7431140" lon="-3.0320340">
    <ele>970.2</ele>
   </trkpt>
   <trkpt lat="40.7431530" lon="-3.0320680">
    <ele>969.8</ele>
   </trkpt>
   <trkpt lat="40.7431910" lon="-3.0321010">
    <ele>969.4</ele>
   </trkpt>
   <trkpt lat="40.7432250" lon="-3.0321330">
    <ele>969.0</ele>
   </trkpt>
   <trkpt lat="40.7432560" lon="-3.0321690">
    <ele>968.6</ele>
   </trkpt>
   <trkpt lat="40.7432860" lon="-3.0322140">
    <ele>968.2</ele>
   </trkpt>
   <trkpt lat="40.7433130" lon="-3.0322620">
    <ele>967.8</ele>
   </trkpt>
   <trkpt lat="40.7433360" lon="-3.0323110">
    <ele>967.6</ele>
   </trkpt>
   <trkpt lat="40.7433550" lon="-3.0323600">
    <ele>967.2</ele>
   </trkpt>
   <trkpt lat="40.7433620" lon="-3.0324080">
    <ele>966.6</ele>
   </trkpt>
   <trkpt lat="40.7433590" lon="-3.0324590">
    <ele>966.4</ele>
   </trkpt>
   <trkpt lat="40.7433430" lon="-3.0325100">
    <ele>966.0</ele>
   </trkpt>
   <trkpt lat="40.7433240" lon="-3.0325560">
    <ele>965.8</ele>
   </trkpt>
   <trkpt lat="40.7432980" lon="-3.0325980">
    <ele>965.2</ele>
   </trkpt>
   <trkpt lat="40.7432670" lon="-3.0326400">
    <ele>964.8</ele>
   </trkpt>
   <trkpt lat="40.7432330" lon="-3.0326870">
    <ele>964.4</ele>
   </trkpt>
   <trkpt lat="40.7431980" lon="-3.0327380">
    <ele>964.0</ele>
   </trkpt>
   <trkpt lat="40.7431600" lon="-3.0327900">
    <ele>963.8</ele>
   </trkpt>
   <trkpt lat="40.7431180" lon="-3.0328410">
    <ele>963.6</ele>
   </trkpt>
   <trkpt lat="40.7430800" lon="-3.0328880">
    <ele>963.4</ele>
   </trkpt>
   <trkpt lat="40.7430420" lon="-3.0329300">
    <ele>963.6</ele>
   </trkpt>
   <trkpt lat="40.7430150" lon="-3.0329740">
    <ele>963.8</ele>
   </trkpt>
   <trkpt lat="40.7430040" lon="-3.0330190">
    <ele>964.0</ele>
   </trkpt>
   <trkpt lat="40.7430000" lon="-3.0330610">
    <ele>964.0</ele>
   </trkpt>
   <trkpt lat="40.7430040" lon="-3.0331010">
    <ele>964.2</ele>
   </trkpt>
   <trkpt lat="40.7430040" lon="-3.0331400">
    <ele>964.4</ele>
   </trkpt>
   <trkpt lat="40.7430000" lon="-3.0331740">
    <ele>964.4</ele>
   </trkpt>
   <trkpt lat="40.7429890" lon="-3.0332070">
    <ele>964.4</ele>
   </trkpt>
   <trkpt lat="40.7429580" lon="-3.0332460">
    <ele>964.2</ele>
   </trkpt>
   <trkpt lat="40.7429200" lon="-3.0332670">
    <ele>964.2</ele>
   </trkpt>
   <trkpt lat="40.7428780" lon="-3.0332710">
    <ele>964.0</ele>
   </trkpt>
   <trkpt lat="40.7428320" lon="-3.0332640">
    <ele>963.8</ele>
   </trkpt>
   <trkpt lat="40.7427900" lon="-3.0332530">
    <ele>963.6</ele>
   </trkpt>
   <trkpt lat="40.7427560" lon="-3.0332430">
    <ele>963.6</ele>
   </trkpt>
   <trkpt lat="40.7427290" lon="-3.0332370">
    <ele>963.6</ele>
   </trkpt>
   <trkpt lat="40.7427140" lon="-3.0332310">
    <ele>963.6</ele>
   </trkpt>
   <trkpt lat="40.7427100" lon="-3.0332260">
    <ele>963.6</ele>
   </trkpt>
   <trkpt lat="40.7427100" lon="-3.0332250">
    <ele>963.6</ele>
   </trkpt>
   <trkpt lat="40.7426910" lon="-3.0332390">
    <ele>963.4</ele>
   </trkpt>
   <trkpt lat="40.7426760" lon="-3.0332590">
    <ele>963.2</ele>
   </trkpt>
   <trkpt lat="40.7426490" lon="-3.0332930">
    <ele>963.0</ele>
   </trkpt>
   <trkpt lat="40.7426150" lon="-3.0333330">
    <ele>962.6</ele>
   </trkpt>
   <trkpt lat="40.7425690" lon="-3.0333730">
    <ele>962.2</ele>
   </trkpt>
   <trkpt lat="40.7425160" lon="-3.0334130">
    <ele>962.0</ele>
   </trkpt>
   <trkpt lat="40.7424580" lon="-3.0334610">
    <ele>961.4</ele>
   </trkpt>
   <trkpt lat="40.7424010" lon="-3.0335170">
    <ele>960.8</ele>
   </trkpt>
   <trkpt lat="40.7423440" lon="-3.0335750">
    <ele>960.2</ele>
   </trkpt>
   <trkpt lat="40.7422870" lon="-3.0336350">
    <ele>959.6</ele>
   </trkpt>
   <trkpt lat="40.7422290" lon="-3.0336970">
    <ele>959.0</ele>
   </trkpt>
   <trkpt lat="40.7421720" lon="-3.0337590">
    <ele>958.2</ele>
   </trkpt>
   <trkpt lat="40.7421150" lon="-3.0338210">
    <ele>957.4</ele>
   </trkpt>
   <trkpt lat="40.7420580" lon="-3.0338900">
    <ele>956.6</ele>
   </trkpt>
   <trkpt lat="40.7419930" lon="-3.0339610">
    <ele>956.0</ele>
   </trkpt>
   <trkpt lat="40.7419280" lon="-3.0340350">
    <ele>955.0</ele>
   </trkpt>
   <trkpt lat="40.7418670" lon="-3.0341180">
    <ele>954.2</ele>
   </trkpt>
   <trkpt lat="40.7418060" lon="-3.0342150">
    <ele>953.4</ele>
   </trkpt>
   <trkpt lat="40.7417490" lon="-3.0343220">
    <ele>952.4</ele>
   </trkpt>
   <trkpt lat="40.7416990" lon="-3.0344360">
    <ele>951.4</ele>
   </trkpt>
   <trkpt lat="40.7416460" lon="-3.0345570">
    <ele>950.4</ele>
   </trkpt>
   <trkpt lat="40.7415920" lon="-3.0346830">
    <ele>949.6</ele>
   </trkpt>
   <trkpt lat="40.7415390" lon="-3.0348130">
    <ele>948.4</ele>
   </trkpt>
   <trkpt lat="40.7414890" lon="-3.0349430">
    <ele>947.4</ele>
   </trkpt>
   <trkpt lat="40.7414360" lon="-3.0350710">
    <ele>946.4</ele>
   </trkpt>
   <trkpt lat="40.7413710" lon="-3.0351940">
    <ele>945.8</ele>
   </trkpt>
   <trkpt lat="40.7413020" lon="-3.0353150">
    <ele>945.0</ele>
   </trkpt>
   <trkpt lat="40.7412220" lon="-3.0354290">
    <ele>944.2</ele>
   </trkpt>
   <trkpt lat="40.7411310" lon="-3.0355320">
    <ele>943.4</ele>
   </trkpt>
   <trkpt lat="40.7410390" lon="-3.0356260">
    <ele>942.6</ele>
   </trkpt>
   <trkpt lat="40.7409480" lon="-3.0357100">
    <ele>942.0</ele>
   </trkpt>
   <trkpt lat="40.7408560" lon="-3.0357890">
    <ele>941.4</ele>
   </trkpt>
   <trkpt lat="40.7407650" lon="-3.0358680">
    <ele>940.8</ele>
   </trkpt>
   <trkpt lat="40.7406770" lon="-3.0359470">
    <ele>940.6</ele>
   </trkpt>
   <trkpt lat="40.7405890" lon="-3.0360220">
    <ele>940.2</ele>
   </trkpt>
   <trkpt lat="40.7405010" lon="-3.0360960">
    <ele>939.8</ele>
   </trkpt>
   <trkpt lat="40.7404140" lon="-3.0361690">
    <ele>939.4</ele>
   </trkpt>
   <trkpt lat="40.7403300" lon="-3.0362440">
    <ele>939.0</ele>
   </trkpt>
   <trkpt lat="40.7402420" lon="-3.0363230">
    <ele>938.4</ele>
   </trkpt>
   <trkpt lat="40.7401620" lon="-3.0364000">
    <ele>938.0</ele>
   </trkpt>
   <trkpt lat="40.7400930" lon="-3.0364740">
    <ele>937.4</ele>
   </trkpt>
   <trkpt lat="40.7400210" lon="-3.0365500">
    <ele>936.8</ele>
   </trkpt>
   <trkpt lat="40.7399440" lon="-3.0366350">
    <ele>936.2</ele>
   </trkpt>
   <trkpt lat="40.7398760" lon="-3.0367360">
    <ele>935.6</ele>
   </trkpt>
   <trkpt lat="40.7398150" lon="-3.0368480">
    <ele>935.2</ele>
   </trkpt>
   <trkpt lat="40.7397610" lon="-3.0369660">
    <ele>934.8</ele>
   </trkpt>
   <trkpt lat="40.7397190" lon="-3.0370830">
    <ele>934.8</ele>
   </trkpt>
   <trkpt lat="40.7396770" lon="-3.0372020">
    <ele>934.6</ele>
   </trkpt>
   <trkpt lat="40.7396390" lon="-3.0373210">
    <ele>934.2</ele>
   </trkpt>
   <trkpt lat="40.7395970" lon="-3.0374380">
    <ele>933.4</ele>
   </trkpt>
   <trkpt lat="40.7395520" lon="-3.0375560">
    <ele>932.8</ele>
   </trkpt>
   <trkpt lat="40.7395020" lon="-3.0376730">
    <ele>932.2</ele>
   </trkpt>
   <trkpt lat="40.7394520" lon="-3.0377840">
    <ele>931.8</ele>
   </trkpt>
   <trkpt lat="40.7393990" lon="-3.0378920">
    <ele>931.4</ele>
   </trkpt>
   <trkpt lat="40.7393420" lon="-3.0380000">
    <ele>930.8</ele>
   </trkpt>
   <trkpt lat="40.7392810" lon="-3.0381040">
    <ele>930.4</ele>
   </trkpt>
   <trkpt lat="40.7392160" lon="-3.0382010">
    <ele>930.0</ele>
   </trkpt>
   <trkpt lat="40.7391470" lon="-3.0382920">
    <ele>929.6</ele>
   </trkpt>
   <trkpt lat="40.7390780" lon="-3.0383800">
    <ele>929.2</ele>
   </trkpt>
   <trkpt lat="40.7390100" lon="-3.0384650">
    <ele>929.0</ele>
   </trkpt>
   <trkpt lat="40.7389370" lon="-3.0385450">
    <ele>928.6</ele>
   </trkpt>
   <trkpt lat="40.7388650" lon="-3.0386220">
    <ele>928.2</ele>
   </trkpt>
   <trkpt lat="40.7387890" lon="-3.0387000">
    <ele>927.6</ele>
   </trkpt>
   <trkpt lat="40.7387160" lon="-3.0387790">
    <ele>927.2</ele>
   </trkpt>
   <trkpt lat="40.7386400" lon="-3.0388550">
    <ele>926.8</ele>
   </trkpt>
   <trkpt lat="40.7385630" lon="-3.0389330">
    <ele>926.4</ele>
   </trkpt>
   <trkpt lat="40.7384830" lon="-3.0390070">
    <ele>926.0</ele>
   </trkpt>
   <trkpt lat="40.7384070" lon="-3.0390790">
    <ele>925.6</ele>
   </trkpt>
   <trkpt lat="40.7383270" lon="-3.0391480">
    <ele>925.2</ele>
   </trkpt>
   <trkpt lat="40.7382470" lon="-3.0392190">
    <ele>924.8</ele>
   </trkpt>
   <trkpt lat="40.7381630" lon="-3.0392900">
    <ele>924.2</ele>
   </trkpt>
   <trkpt lat="40.7380790" lon="-3.0393630">
    <ele>923.6</ele>
   </trkpt>
   <trkpt lat="40.7379910" lon="-3.0394340">
    <ele>923.2</ele>
   </trkpt>
   <trkpt lat="40.7379070" lon="-3.0395010">
    <ele>922.8</ele>
   </trkpt>
   <trkpt lat="40.7378270" lon="-3.0395640">
    <ele>922.2</ele>
   </trkpt>
   <trkpt lat="40.7377400" lon="-3.0396270">
    <ele>921.6</ele>
   </trkpt>
   <trkpt lat="40.7376520" lon="-3.0396880">
    <ele>921.0</ele>
   </trkpt>
   <trkpt lat="40.7375640" lon="-3.0397480">
    <ele>920.4</ele>
   </trkpt>
   <trkpt lat="40.7374760" lon="-3.0398080">
    <ele>919.6</ele>
   </trkpt>
   <trkpt lat="40.7373850" lon="-3.0398680">
    <ele>918.8</ele>
   </trkpt>
   <trkpt lat="40.7372970" lon="-3.0399290">
    <ele>918.2</ele>
   </trkpt>
   <trkpt lat="40.7372050" lon="-3.0399900">
    <ele>917.6</ele>
   </trkpt>
   <trkpt lat="40.7371140" lon="-3.0400480">
    <ele>916.8</ele>
   </trkpt>
   <trkpt lat="40.7370220" lon="-3.0401050">
    <ele>916.4</ele>
   </trkpt>
   <trkpt lat="40.7369350" lon="-3.0401610">
    <ele>916.0</ele>
   </trkpt>
   <trkpt lat="40.7368430" lon="-3.0402200">
    <ele>915.2</ele>
   </trkpt>
   <trkpt lat="40.7367520" lon="-3.0402780">
    <ele>914.6</ele>
   </trkpt>
   <trkpt lat="40.7366600" lon="-3.0403350">
    <ele>914.2</ele>
   </trkpt>
   <trkpt lat="40.7365720" lon="-3.0403930">
    <ele>913.8</ele>
   </trkpt>
   <trkpt lat="40.7364850" lon="-3.0404480">
    <ele>913.4</ele>
   </trkpt>
   <trkpt lat="40.7364010" lon="-3.0405010">
    <ele>913.0</ele>
   </trkpt>
   <trkpt lat="40.7363170" lon="-3.0405530">
    <ele>912.6</ele>
   </trkpt>
   <trkpt lat="40.7362290" lon="-3.0406080">
    <ele>912.0</ele>
   </trkpt>
   <trkpt lat="40.7361370" lon="-3.0406630">
    <ele>911.6</ele>
   </trkpt>
   <trkpt lat="40.7360500" lon="-3.0407170">
    <ele>911.2</ele>
   </trkpt>
   <trkpt lat="40.7359620" lon="-3.0407700">
    <ele>910.6</ele>
   </trkpt>
   <trkpt lat="40.7358740" lon="-3.0408240">
    <ele>910.0</ele>
   </trkpt>
   <trkpt lat="40.7357860" lon="-3.0408770">
    <ele>909.4</ele>
   </trkpt>
   <trkpt lat="40.7357020" lon="-3.0409280">
    <ele>909.0</ele>
   </trkpt>
   <trkpt lat="40.7356190" lon="-3.0409800">
    <ele>908.6</ele>
   </trkpt>
   <trkpt lat="40.7355310" lon="-3.0410340">
    <ele>908.2</ele>
   </trkpt>
   <trkpt lat="40.7354430" lon="-3.0410890">
    <ele>907.8</ele>
   </trkpt>
   <trkpt lat="40.7353590" lon="-3.0411440">
    <ele>907.2</ele>
   </trkpt>
   <trkpt lat="40.7352750" lon="-3.0412010">
    <ele>907.0</ele>
   </trkpt>
   <trkpt lat="40.7351880" lon="-3.0412550">
    <ele>906.8</ele>
   </trkpt>
   <trkpt lat="40.7351040" lon="-3.0413090">
    <ele>906.6</ele>
   </trkpt>
   <trkpt lat="40.7350200" lon="-3.0413610">
    <ele>906.4</ele>
   </trkpt>
   <trkpt lat="40.7349320" lon="-3.0414130">
    <ele>906.2</ele>
   </trkpt>
   <trkpt lat="40.7348520" lon="-3.0414650">
    <ele>906.0</ele>
   </trkpt>
   <trkpt lat="40.7347680" lon="-3.0415150">
    <ele>905.6</ele>
   </trkpt>
   <trkpt lat="40.7346840" lon="-3.0415640">
    <ele>905.6</ele>
   </trkpt>
   <trkpt lat="40.7346040" lon="-3.0416130">
    <ele>905.4</ele>
   </trkpt>
   <trkpt lat="40.7345310" lon="-3.0416640">
    <ele>905.2</ele>
   </trkpt>
   <trkpt lat="40.7344550" lon="-3.0417130">
    <ele>905.0</ele>
   </trkpt>
   <trkpt lat="40.7343750" lon="-3.0417620">
    <ele>905.0</ele>
   </trkpt>
   <trkpt lat="40.7342990" lon="-3.0418100">
    <ele>904.8</ele>
   </trkpt>
   <trkpt lat="40.7342190" lon="-3.0418550">
    <ele>904.6</ele>
   </trkpt>
   <trkpt lat="40.7341350" lon="-3.0419010">
    <ele>904.4</ele>
   </trkpt>
   <trkpt lat="40.7340550" lon="-3.0419450">
    <ele>904.0</ele>
   </trkpt>
   <trkpt lat="40.7339740" lon="-3.0419840">
    <ele>903.8</ele>
   </trkpt>
   <trkpt lat="40.7338870" lon="-3.0420210">
    <ele>903.6</ele>
   </trkpt>
   <trkpt lat="40.7338030" lon="-3.0420500">
    <ele>903.4</ele>
   </trkpt>
   <trkpt lat="40.7337190" lon="-3.0420750">
    <ele>903.2</ele>
   </trkpt>
   <trkpt lat="40.7336310" lon="-3.0420990">
    <ele>903.0</ele>
   </trkpt>
   <trkpt lat="40.7335470" lon="-3.0421220">
    <ele>902.6</ele>
   </trkpt>
   <trkpt lat="40.7334630" lon="-3.0421500">
    <ele>902.4</ele>
   </trkpt>
   <trkpt lat="40.7333760" lon="-3.0421810">
    <ele>902.0</ele>
   </trkpt>
   <trkpt lat="40.7332880" lon="-3.0422110">
    <ele>901.8</ele>
   </trkpt>
   <trkpt lat="40.7332040" lon="-3.0422440">
    <ele>901.6</ele>
   </trkpt>
   <trkpt lat="40.7331160" lon="-3.0422760">
    <ele>901.4</ele>
   </trkpt>
   <trkpt lat="40.7330280" lon="-3.0423090">
    <ele>901.0</ele>
   </trkpt>
   <trkpt lat="40.7329410" lon="-3.0423460">
    <ele>900.8</ele>
   </trkpt>
   <trkpt lat="40.7328610" lon="-3.0423840">
    <ele>900.6</ele>
   </trkpt>
   <trkpt lat="40.7327800" lon="-3.0424220">
    <ele>900.6</ele>
   </trkpt>
   <trkpt lat="40.7327040" lon="-3.0424610">
    <ele>900.4</ele>
   </trkpt>
   <trkpt lat="40.7326280" lon="-3.0425020">
    <ele>900.2</ele>
   </trkpt>
   <trkpt lat="40.7325480" lon="-3.0425440">
    <ele>900.2</ele>
   </trkpt>
   <trkpt lat="40.7324680" lon="-3.0425860">
    <ele>900.0</ele>
   </trkpt>
   <trkpt lat="40.7323910" lon="-3.0426310">
    <ele>899.8</ele>
   </trkpt>
   <trkpt lat="40.7323150" lon="-3.0426780">
    <ele>899.8</ele>
   </trkpt>
   <trkpt lat="40.7322390" lon="-3.0427250">
    <ele>899.6</ele>
   </trkpt>
   <trkpt lat="40.7321660" lon="-3.0427710">
    <ele>899.4</ele>
   </trkpt>
   <trkpt lat="40.7320900" lon="-3.0428210">
    <ele>899.4</ele>
   </trkpt>
   <trkpt lat="40.7320210" lon="-3.0428730">
    <ele>899.4</ele>
   </trkpt>
   <trkpt lat="40.7319450" lon="-3.0429250">
    <ele>899.4</ele>
   </trkpt>
   <trkpt lat="40.7318760" lon="-3.0429790">
    <ele>899.2</ele>
   </trkpt>
   <trkpt lat="40.7318040" lon="-3.0430420">
    <ele>899.0</ele>
   </trkpt>
   <trkpt lat="40.7317390" lon="-3.0430950">
    <ele>898.8</ele>
   </trkpt>
   <trkpt lat="40.7316740" lon="-3.0431470">
    <ele>898.8</ele>
   </trkpt>
   <trkpt lat="40.7316050" lon="-3.0432040">
    <ele>898.6</ele>
   </trkpt>
   <trkpt lat="40.7315370" lon="-3.0432640">
    <ele>898.4</ele>
   </trkpt>
   <trkpt lat="40.7314680" lon="-3.0433260">
    <ele>898.2</ele>
   </trkpt>
   <trkpt lat="40.7314000" lon="-3.0433920">
    <ele>898.0</ele>
   </trkpt>
   <trkpt lat="40.7313350" lon="-3.0434590">
    <ele>897.8</ele>
   </trkpt>
   <trkpt lat="40.7312700" lon="-3.0435250">
    <ele>897.4</ele>
   </trkpt>
   <trkpt lat="40.7312050" lon="-3.0435920">
    <ele>897.0</ele>
   </trkpt>
   <trkpt lat="40.7311400" lon="-3.0436600">
    <ele>896.8</ele>
   </trkpt>
   <trkpt lat="40.7310790" lon="-3.0437300">
    <ele>896.6</ele>
   </trkpt>
   <trkpt lat="40.7310180" lon="-3.0438050">
    <ele>896.4</ele>
   </trkpt>
   <trkpt lat="40.7309530" lon="-3.0438820">
    <ele>896.2</ele>
   </trkpt>
   <trkpt lat="40.7308960" lon="-3.0439570">
    <ele>896.0</ele>
   </trkpt>
   <trkpt lat="40.7308350" lon="-3.0440340">
    <ele>895.8</ele>
   </trkpt>
   <trkpt lat="40.7307780" lon="-3.0441110">
    <ele>895.6</ele>
   </trkpt>
   <trkpt lat="40.7307170" lon="-3.0441890">
    <ele>895.2</ele>
   </trkpt>
   <trkpt lat="40.7306560" lon="-3.0442680">
    <ele>895.0</ele>
   </trkpt>
   <trkpt lat="40.7305950" lon="-3.0443460">
    <ele>894.6</ele>
   </trkpt>
   <trkpt lat="40.7305340" lon="-3.0444250">
    <ele>894.4</ele>
   </trkpt>
   <trkpt lat="40.7304730" lon="-3.0445030">
    <ele>894.2</ele>
   </trkpt>
   <trkpt lat="40.7304150" lon="-3.0445830">
    <ele>893.8</ele>
   </trkpt>
   <trkpt lat="40.7303540" lon="-3.0446620">
    <ele>893.6</ele>
   </trkpt>
   <trkpt lat="40.7302970" lon="-3.0447440">
    <ele>893.4</ele>
   </trkpt>
   <trkpt lat="40.7302400" lon="-3.0448230">
    <ele>893.2</ele>
   </trkpt>
   <trkpt lat="40.7301830" lon="-3.0449040">
    <ele>893.0</ele>
   </trkpt>
   <trkpt lat="40.7301250" lon="-3.0449860">
    <ele>892.8</ele>
   </trkpt>
   <trkpt lat="40.7300720" lon="-3.0450690">
    <ele>892.4</ele>
   </trkpt>
   <trkpt lat="40.7300190" lon="-3.0451540">
    <ele>892.0</ele>
   </trkpt>
   <trkpt lat="40.7299690" lon="-3.0452380">
    <ele>891.8</ele>
   </trkpt>
   <trkpt lat="40.7299160" lon="-3.0453240">
    <ele>891.4</ele>
   </trkpt>
   <trkpt lat="40.7298620" lon="-3.0454090">
    <ele>891.0</ele>
   </trkpt>
   <trkpt lat="40.7298130" lon="-3.0454940">
    <ele>890.6</ele>
   </trkpt>
   <trkpt lat="40.7297590" lon="-3.0455800">
    <ele>890.2</ele>
   </trkpt>
   <trkpt lat="40.7297060" lon="-3.0456700">
    <ele>889.8</ele>
   </trkpt>
   <trkpt lat="40.7296520" lon="-3.0457620">
    <ele>889.6</ele>
   </trkpt>
   <trkpt lat="40.7296030" lon="-3.0458510">
    <ele>889.4</ele>
   </trkpt>
   <trkpt lat="40.7295570" lon="-3.0459410">
    <ele>889.2</ele>
   </trkpt>
   <trkpt lat="40.7295110" lon="-3.0460300">
    <ele>889.0</ele>
   </trkpt>
   <trkpt lat="40.7294620" lon="-3.0461150">
    <ele>889.0</ele>
   </trkpt>
   <trkpt lat="40.7294160" lon="-3.0461960">
    <ele>888.8</ele>
   </trkpt>
   <trkpt lat="40.7293740" lon="-3.0462770">
    <ele>888.6</ele>
   </trkpt>
   <trkpt lat="40.7293360" lon="-3.0463580">
    <ele>888.6</ele>
   </trkpt>
   <trkpt lat="40.7293010" lon="-3.0464370">
    <ele>888.6</ele>
   </trkpt>
   <trkpt lat="40.7292670" lon="-3.0465200">
    <ele>888.4</ele>
   </trkpt>
   <trkpt lat="40.7292370" lon="-3.0466030">
    <ele>888.2</ele>
   </trkpt>
   <trkpt lat="40.7292100" lon="-3.0466830">
    <ele>888.0</ele>
   </trkpt>
   <trkpt lat="40.7291830" lon="-3.0467590">
    <ele>888.0</ele>
   </trkpt>
   <trkpt lat="40.7291530" lon="-3.0468380">
    <ele>888.0</ele>
   </trkpt>
   <trkpt lat="40.7291220" lon="-3.0469190">
    <ele>888.0</ele>
   </trkpt>
   <trkpt lat="40.7290950" lon="-3.0469980">
    <ele>887.8</ele>
   </trkpt>
   <trkpt lat="40.7290730" lon="-3.0470740">
    <ele>887.4</ele>
   </trkpt>
   <trkpt lat="40.7290530" lon="-3.0471510">
    <ele>887.4</ele>
   </trkpt>
   <trkpt lat="40.7290340" lon="-3.0472290">
    <ele>887.4</ele>
   </trkpt>
   <trkpt lat="40.7290120" lon="-3.0473020">
    <ele>887.2</ele>
   </trkpt>
   <trkpt lat="40.7289770" lon="-3.0473690">
    <ele>887.2</ele>
   </trkpt>
   <trkpt lat="40.7289390" lon="-3.0474320">
    <ele>887.2</ele>
   </trkpt>
   <trkpt lat="40.7288930" lon="-3.0474860">
    <ele>887.2</ele>
   </trkpt>
   <trkpt lat="40.7288480" lon="-3.0475310">
    <ele>887.2</ele>
   </trkpt>
   <trkpt lat="40.7288020" lon="-3.0475750">
    <ele>887.4</ele>
   </trkpt>
   <trkpt lat="40.7287640" lon="-3.0476250">
    <ele>887.4</ele>
   </trkpt>
   <trkpt lat="40.7287290" lon="-3.0476800">
    <ele>887.2</ele>
   </trkpt>
   <trkpt lat="40.7286950" lon="-3.0477410">
    <ele>886.8</ele>
   </trkpt>
   <trkpt lat="40.7286570" lon="-3.0478060">
    <ele>886.6</ele>
   </trkpt>
   <trkpt lat="40.7286190" lon="-3.0478750">
    <ele>886.2</ele>
   </trkpt>
   <trkpt lat="40.7285730" lon="-3.0479510">
    <ele>886.0</ele>
   </trkpt>
   <trkpt lat="40.7285270" lon="-3.0480270">
    <ele>885.6</ele>
   </trkpt>
   <trkpt lat="40.7284810" lon="-3.0481040">
    <ele>885.2</ele>
   </trkpt>
   <trkpt lat="40.7284390" lon="-3.0481820">
    <ele>885.0</ele>
   </trkpt>
   <trkpt lat="40.7283970" lon="-3.0482570">
    <ele>884.8</ele>
   </trkpt>
   <trkpt lat="40.7283590" lon="-3.0483320">
    <ele>884.6</ele>
   </trkpt>
   <trkpt lat="40.7283170" lon="-3.0484070">
    <ele>884.4</ele>
   </trkpt>
   <trkpt lat="40.7282790" lon="-3.0484770">
    <ele>884.2</ele>
   </trkpt>
   <trkpt lat="40.7282410" lon="-3.0485500">
    <ele>884.2</ele>
   </trkpt>
   <trkpt lat="40.7281990" lon="-3.0486260">
    <ele>884.2</ele>
   </trkpt>
   <trkpt lat="40.7281570" lon="-3.0487000">
    <ele>884.2</ele>
   </trkpt>
   <trkpt lat="40.7281150" lon="-3.0487740">
    <ele>884.0</ele>
   </trkpt>
   <trkpt lat="40.7280730" lon="-3.0488470">
    <ele>883.8</ele>
   </trkpt>
   <trkpt lat="40.7280350" lon="-3.0489160">
    <ele>883.6</ele>
   </trkpt>
   <trkpt lat="40.7279970" lon="-3.0489860">
    <ele>883.4</ele>
   </trkpt>
   <trkpt lat="40.7279550" lon="-3.0490570">
    <ele>883.2</ele>
   </trkpt>
   <trkpt lat="40.7279130" lon="-3.0491300">
    <ele>883.2</ele>
   </trkpt>
   <trkpt lat="40.7278710" lon="-3.0492010">
    <ele>883.2</ele>
   </trkpt>
   <trkpt lat="40.7278290" lon="-3.0492720">
    <ele>883.0</ele>
   </trkpt>
   <trkpt lat="40.7277910" lon="-3.0493420">
    <ele>883.0</ele>
   </trkpt>
   <trkpt lat="40.7277490" lon="-3.0494120">
    <ele>882.8</ele>
   </trkpt>
   <trkpt lat="40.7277070" lon="-3.0494790">
    <ele>882.6</ele>
   </trkpt>
   <trkpt lat="40.7276650" lon="-3.0495480">
    <ele>882.4</ele>
   </trkpt>
   <trkpt lat="40.7276270" lon="-3.0496190">
    <ele>882.2</ele>
   </trkpt>
   <trkpt lat="40.7275850" lon="-3.0496950">
    <ele>882.0</ele>
   </trkpt>
   <trkpt lat="40.7275390" lon="-3.0497710">
    <ele>881.8</ele>
   </trkpt>
   <trkpt lat="40.7274970" lon="-3.0498420">
    <ele>881.6</ele>
   </trkpt>
   <trkpt lat="40.7274550" lon="-3.0499130">
    <ele>881.6</ele>
   </trkpt>
   <trkpt lat="40.7274210" lon="-3.0499840">
    <ele>881.4</ele>
   </trkpt>
   <trkpt lat="40.7273830" lon="-3.0500540">
    <ele>881.2</ele>
   </trkpt>
   <trkpt lat="40.7273480" lon="-3.0501240">
    <ele>881.2</ele>
   </trkpt>
   <trkpt lat="40.7273100" lon="-3.0501960">
    <ele>881.0</ele>
   </trkpt>
   <trkpt lat="40.7272720" lon="-3.0502680">
    <ele>880.8</ele>
   </trkpt>
   <trkpt lat="40.7272300" lon="-3.0503380">
    <ele>880.6</ele>
   </trkpt>
   <trkpt lat="40.7271920" lon="-3.0504070">
    <ele>880.6</ele>
   </trkpt>
   <trkpt lat="40.7271580" lon="-3.0504730">
    <ele>880.4</ele>
   </trkpt>
   <trkpt lat="40.7271190" lon="-3.0505360">
    <ele>880.4</ele>
   </trkpt>
   <trkpt lat="40.7270810" lon="-3.0505910">
    <ele>880.4</ele>
   </trkpt>
   <trkpt lat="40.7270430" lon="-3.0506430">
    <ele>880.4</ele>
   </trkpt>
   <trkpt lat="40.7270050" lon="-3.0506950">
    <ele>880.4</ele>
   </trkpt>
   <trkpt lat="40.7269670" lon="-3.0507480">
    <ele>880.4</ele>
   </trkpt>
   <trkpt lat="40.7269250" lon="-3.0507930">
    <ele>880.4</ele>
   </trkpt>
   <trkpt lat="40.7268790" lon="-3.0508260">
    <ele>880.4</ele>
   </trkpt>
   <trkpt lat="40.7268220" lon="-3.0508490">
    <ele>880.4</ele>
   </trkpt>
   <trkpt lat="40.7267720" lon="-3.0508600">
    <ele>880.4</ele>
   </trkpt>
   <trkpt lat="40.7267230" lon="-3.0508670">
    <ele>880.6</ele>
   </trkpt>
   <trkpt lat="40.7266730" lon="-3.0508780">
    <ele>880.6</ele>
   </trkpt>
   <trkpt lat="40.7266240" lon="-3.0508950">
    <ele>880.8</ele>
   </trkpt>
   <trkpt lat="40.7265740" lon="-3.0509160">
    <ele>880.8</ele>
   </trkpt>
   <trkpt lat="40.7265320" lon="-3.0509410">
    <ele>881.0</ele>
   </trkpt>
   <trkpt lat="40.7264900" lon="-3.0509690">
    <ele>881.0</ele>
   </trkpt>
   <trkpt lat="40.7264480" lon="-3.0510040">
    <ele>881.0</ele>
   </trkpt>
   <trkpt lat="40.7264020" lon="-3.0510440">
    <ele>881.0</ele>
   </trkpt>
   <trkpt lat="40.7263600" lon="-3.0510840">
    <ele>880.8</ele>
   </trkpt>
   <trkpt lat="40.7263180" lon="-3.0511250">
    <ele>880.8</ele>
   </trkpt>
   <trkpt lat="40.7262760" lon="-3.0511660">
    <ele>880.8</ele>
   </trkpt>
   <trkpt lat="40.7262380" lon="-3.0512100">
    <ele>880.8</ele>
   </trkpt>
   <trkpt lat="40.7262040" lon="-3.0512560">
    <ele>880.8</ele>
   </trkpt>
   <trkpt lat="40.7261660" lon="-3.0513040">
    <ele>880.8</ele>
   </trkpt>
   <trkpt lat="40.7261310" lon="-3.0513510">
    <ele>881.0</ele>
   </trkpt>
   <trkpt lat="40.7261010" lon="-3.0513970">
    <ele>881.0</ele>
   </trkpt>
   <trkpt lat="40.7260670" lon="-3.0514440">
    <ele>881.0</ele>
   </trkpt>
   <trkpt lat="40.7260320" lon="-3.0514940">
    <ele>881.0</ele>
   </trkpt>
   <trkpt lat="40.7259980" lon="-3.0515480">
    <ele>880.6</ele>
   </trkpt>
   <trkpt lat="40.7259670" lon="-3.0516040">
    <ele>880.4</ele>
   </trkpt>
   <trkpt lat="40.7259330" lon="-3.0516610">
    <ele>880.4</ele>
   </trkpt>
   <trkpt lat="40.7258990" lon="-3.0517180">
    <ele>880.4</ele>
   </trkpt>
   <trkpt lat="40.7258610" lon="-3.0517780">
    <ele>880.4</ele>
   </trkpt>
   <trkpt lat="40.7258260" lon="-3.0518400">
    <ele>880.4</ele>
   </trkpt>
   <trkpt lat="40.7257920" lon="-3.0519020">
    <ele>880.4</ele>
   </trkpt>
   <trkpt lat="40.7257580" lon="-3.0519620">
    <ele>880.4</ele>
   </trkpt>
   <trkpt lat="40.7257230" lon="-3.0520180">
    <ele>880.6</ele>
   </trkpt>
   <trkpt lat="40.7256930" lon="-3.0520730">
    <ele>880.6</ele>
   </trkpt>
   <trkpt lat="40.7256620" lon="-3.0521260">
    <ele>880.6</ele>
   </trkpt>
   <trkpt lat="40.7256320" lon="-3.0521810">
    <ele>880.4</ele>
   </trkpt>
   <trkpt lat="40.7256010" lon="-3.0522420">
    <ele>880.2</ele>
   </trkpt>
   <trkpt lat="40.7255670" lon="-3.0523030">
    <ele>880.2</ele>
   </trkpt>
   <trkpt lat="40.7255360" lon="-3.0523640">
    <ele>880.0</ele>
   </trkpt>
   <trkpt lat="40.7255020" lon="-3.0524280">
    <ele>879.8</ele>
   </trkpt>
   <trkpt lat="40.7254710" lon="-3.0524910">
    <ele>879.6</ele>
   </trkpt>
   <trkpt lat="40.7254370" lon="-3.0525520">
    <ele>879.6</ele>
   </trkpt>
   <trkpt lat="40.7254030" lon="-3.0526110">
    <ele>879.4</ele>
   </trkpt>
   <trkpt lat="40.7253690" lon="-3.0526710">
    <ele>879.2</ele>
   </trkpt>
   <trkpt lat="40.7253300" lon="-3.0527290">
    <ele>879.0</ele>
   </trkpt>
   <trkpt lat="40.7252880" lon="-3.0527870">
    <ele>878.8</ele>
   </trkpt>
   <trkpt lat="40.7252430" lon="-3.0528440">
    <ele>878.4</ele>
   </trkpt>
   <trkpt lat="40.7251930" lon="-3.0529010">
    <ele>878.2</ele>
   </trkpt>
   <trkpt lat="40.7251400" lon="-3.0529580">
    <ele>877.8</ele>
   </trkpt>
   <trkpt lat="40.7250900" lon="-3.0530170">
    <ele>877.6</ele>
   </trkpt>
   <trkpt lat="40.7250440" lon="-3.0530740">
    <ele>877.4</ele>
   </trkpt>
   <trkpt lat="40.7249950" lon="-3.0531300">
    <ele>877.2</ele>
   </trkpt>
   <trkpt lat="40.7249450" lon="-3.0531870">
    <ele>877.0</ele>
   </trkpt>
   <trkpt lat="40.7248990" lon="-3.0532440">
    <ele>876.8</ele>
   </trkpt>
   <trkpt lat="40.7248500" lon="-3.0533000">
    <ele>876.6</ele>
   </trkpt>
   <trkpt lat="40.7248040" lon="-3.0533530">
    <ele>876.6</ele>
   </trkpt>
   <trkpt lat="40.7247580" lon="-3.0534060">
    <ele>876.6</ele>
   </trkpt>
   <trkpt lat="40.7247160" lon="-3.0534570">
    <ele>876.6</ele>
   </trkpt>
   <trkpt lat="40.7246740" lon="-3.0535060">
    <ele>876.4</ele>
   </trkpt>
   <trkpt lat="40.7246320" lon="-3.0535540">
    <ele>876.4</ele>
   </trkpt>
   <trkpt lat="40.7245900" lon="-3.0536000">
    <ele>876.4</ele>
   </trkpt>
   <trkpt lat="40.7245520" lon="-3.0536460">
    <ele>876.2</ele>
   </trkpt>
   <trkpt lat="40.7245140" lon="-3.0536870">
    <ele>876.2</ele>
   </trkpt>
   <trkpt lat="40.7244830" lon="-3.0537270">
    <ele>876.0</ele>
   </trkpt>
   <trkpt lat="40.7244610" lon="-3.0537700">
    <ele>876.0</ele>
   </trkpt>
   <trkpt lat="40.7244570" lon="-3.0538210">
    <ele>875.8</ele>
   </trkpt>
   <trkpt lat="40.7244760" lon="-3.0538750">
    <ele>875.6</ele>
   </trkpt>
   <trkpt lat="40.7245060" lon="-3.0539250">
    <ele>875.2</ele>
   </trkpt>
   <trkpt lat="40.7245520" lon="-3.0539720">
    <ele>875.0</ele>
   </trkpt>
   <trkpt lat="40.7246060" lon="-3.0540170">
    <ele>874.6</ele>
   </trkpt>
   <trkpt lat="40.7246550" lon="-3.0540660">
    <ele>874.4</ele>
   </trkpt>
   <trkpt lat="40.7247050" lon="-3.0541220">
    <ele>874.0</ele>
   </trkpt>
   <trkpt lat="40.7247430" lon="-3.0541860">
    <ele>873.8</ele>
   </trkpt>
   <trkpt lat="40.7247730" lon="-3.0542580">
    <ele>873.6</ele>
   </trkpt>
   <trkpt lat="40.7247920" lon="-3.0543330">
    <ele>873.2</ele>
   </trkpt>
   <trkpt lat="40.7247920" lon="-3.0544100">
    <ele>873.0</ele>
   </trkpt>
   <trkpt lat="40.7247730" lon="-3.0544860">
    <ele>872.8</ele>
   </trkpt>
   <trkpt lat="40.7247430" lon="-3.0545590">
    <ele>872.6</ele>
   </trkpt>
   <trkpt lat="40.7247010" lon="-3.0546240">
    <ele>872.4</ele>
   </trkpt>
   <trkpt lat="40.7246510" lon="-3.0546850">
    <ele>872.4</ele>
   </trkpt>
   <trkpt lat="40.7245980" lon="-3.0547430">
    <ele>872.2</ele>
   </trkpt>
   <trkpt lat="40.7245370" lon="-3.0547980">
    <ele>872.2</ele>
   </trkpt>
   <trkpt lat="40.7244800" lon="-3.0548510">
    <ele>872.0</ele>
   </trkpt>
   <trkpt lat="40.7244220" lon="-3.0549020">
    <ele>871.8</ele>
   </trkpt>
   <trkpt lat="40.7243650" lon="-3.0549530">
    <ele>871.6</ele>
   </trkpt>
   <trkpt lat="40.7243120" lon="-3.0550050">
    <ele>871.4</ele>
   </trkpt>
   <trkpt lat="40.7242550" lon="-3.0550590">
    <ele>871.0</ele>
   </trkpt>
   <trkpt lat="40.7241940" lon="-3.0551120">
    <ele>870.8</ele>
   </trkpt>
   <trkpt lat="40.7241330" lon="-3.0551660">
    <ele>870.6</ele>
   </trkpt>
   <trkpt lat="40.7240720" lon="-3.0552210">
    <ele>870.2</ele>
   </trkpt>
   <trkpt lat="40.7240100" lon="-3.0552770">
    <ele>870.2</ele>
   </trkpt>
   <trkpt lat="40.7239490" lon="-3.0553350">
    <ele>870.0</ele>
   </trkpt>
   <trkpt lat="40.7238920" lon="-3.0553960">
    <ele>869.8</ele>
   </trkpt>
   <trkpt lat="40.7238310" lon="-3.0554560">
    <ele>869.6</ele>
   </trkpt>
   <trkpt lat="40.7237700" lon="-3.0555170">
    <ele>869.4</ele>
   </trkpt>
   <trkpt lat="40.7237170" lon="-3.0555750">
    <ele>869.2</ele>
   </trkpt>
   <trkpt lat="40.7236670" lon="-3.0556350">
    <ele>869.0</ele>
   </trkpt>
   <trkpt lat="40.7236180" lon="-3.0556940">
    <ele>868.8</ele>
   </trkpt>
   <trkpt lat="40.7235720" lon="-3.0557530">
    <ele>868.6</ele>
   </trkpt>
   <trkpt lat="40.7235220" lon="-3.0558110">
    <ele>868.4</ele>
   </trkpt>
   <trkpt lat="40.7234760" lon="-3.0558650">
    <ele>868.6</ele>
   </trkpt>
   <trkpt lat="40.7234270" lon="-3.0559180">
    <ele>868.6</ele>
   </trkpt>
   <trkpt lat="40.7233850" lon="-3.0559690">
    <ele>868.8</ele>
   </trkpt>
   <trkpt lat="40.7233430" lon="-3.0560140">
    <ele>869.0</ele>
   </trkpt>
   <trkpt lat="40.7233050" lon="-3.0560570">
    <ele>869.2</ele>
   </trkpt>
   <trkpt lat="40.7232670" lon="-3.0560960">
    <ele>869.2</ele>
   </trkpt>
   <trkpt lat="40.7232280" lon="-3.0561310">
    <ele>869.2</ele>
   </trkpt>
   <trkpt lat="40.7231900" lon="-3.0561690">
    <ele>869.4</ele>
   </trkpt>
   <trkpt lat="40.7231520" lon="-3.0562120">
    <ele>869.2</ele>
   </trkpt>
   <trkpt lat="40.7231140" lon="-3.0562550">
    <ele>869.2</ele>
   </trkpt>
   <trkpt lat="40.7230800" lon="-3.0562960">
    <ele>869.2</ele>
   </trkpt>
   <trkpt lat="40.7230420" lon="-3.0563390">
    <ele>869.2</ele>
   </trkpt>
   <trkpt lat="40.7230000" lon="-3.0563820">
    <ele>869.0</ele>
   </trkpt>
   <trkpt lat="40.7229580" lon="-3.0564260">
    <ele>868.8</ele>
   </trkpt>
   <trkpt lat="40.7229190" lon="-3.0564700">
    <ele>868.6</ele>
   </trkpt>
   <trkpt lat="40.7228780" lon="-3.0565140">
    <ele>868.6</ele>
   </trkpt>
   <trkpt lat="40.7228320" lon="-3.0565620">
    <ele>868.4</ele>
   </trkpt>
   <trkpt lat="40.7227940" lon="-3.0566050">
    <ele>868.4</ele>
   </trkpt>
   <trkpt lat="40.7227590" lon="-3.0566470">
    <ele>868.4</ele>
   </trkpt>
   <trkpt lat="40.7227250" lon="-3.0566920">
    <ele>868.2</ele>
   </trkpt>
   <trkpt lat="40.7226870" lon="-3.0567350">
    <ele>868.0</ele>
   </trkpt>
   <trkpt lat="40.7226490" lon="-3.0567770">
    <ele>868.0</ele>
   </trkpt>
   <trkpt lat="40.7226140" lon="-3.0568190">
    <ele>868.0</ele>
   </trkpt>
   <trkpt lat="40.7225760" lon="-3.0568610">
    <ele>867.8</ele>
   </trkpt>
   <trkpt lat="40.7225420" lon="-3.0569010">
    <ele>867.8</ele>
   </trkpt>
   <trkpt lat="40.7225070" lon="-3.0569370">
    <ele>867.6</ele>
   </trkpt>
   <trkpt lat="40.7224770" lon="-3.0569670">
    <ele>867.6</ele>
   </trkpt>
   <trkpt lat="40.7224500" lon="-3.0569940">
    <ele>867.6</ele>
   </trkpt>
   <trkpt lat="40.7224270" lon="-3.0570250">
    <ele>867.6</ele>
   </trkpt>
   <trkpt lat="40.7224040" lon="-3.0570550">
    <ele>867.6</ele>
   </trkpt>
   <trkpt lat="40.7223820" lon="-3.0570810">
    <ele>867.4</ele>
   </trkpt>
   <trkpt lat="40.7223630" lon="-3.0571080">
    <ele>867.4</ele>
   </trkpt>
   <trkpt lat="40.7223400" lon="-3.0571330">
    <ele>867.4</ele>
   </trkpt>
   <trkpt lat="40.7223210" lon="-3.0571520">
    <ele>867.4</ele>
   </trkpt>
   <trkpt lat="40.7223090" lon="-3.0571630">
    <ele>867.4</ele>
   </trkpt>
   <trkpt lat="40.7223050" lon="-3.0571670">
    <ele>867.4</ele>
   </trkpt>
   <trkpt lat="40.7222940" lon="-3.0571920">
    <ele>867.4</ele>
   </trkpt>
   <trkpt lat="40.7222750" lon="-3.0572120">
    <ele>867.4</ele>
   </trkpt>
   <trkpt lat="40.7222560" lon="-3.0572400">
    <ele>867.4</ele>
   </trkpt>
   <trkpt lat="40.7222330" lon="-3.0572750">
    <ele>867.4</ele>
   </trkpt>
   <trkpt lat="40.7222020" lon="-3.0573130">
    <ele>867.2</ele>
   </trkpt>
   <trkpt lat="40.7221680" lon="-3.0573530">
    <ele>867.2</ele>
   </trkpt>
   <trkpt lat="40.7221340" lon="-3.0573990">
    <ele>867.0</ele>
   </trkpt>
   <trkpt lat="40.7220990" lon="-3.0574500">
    <ele>866.8</ele>
   </trkpt>
   <trkpt lat="40.7220650" lon="-3.0575040">
    <ele>866.8</ele>
   </trkpt>
   <trkpt lat="40.7220310" lon="-3.0575550">
    <ele>866.6</ele>
   </trkpt>
   <trkpt lat="40.7219960" lon="-3.0576060">
    <ele>866.6</ele>
   </trkpt>
   <trkpt lat="40.7219620" lon="-3.0576580">
    <ele>866.4</ele>
   </trkpt>
   <trkpt lat="40.7219310" lon="-3.0577120">
    <ele>866.4</ele>
   </trkpt>
   <trkpt lat="40.7218970" lon="-3.0577690">
    <ele>866.4</ele>
   </trkpt>
   <trkpt lat="40.7218630" lon="-3.0578260">
    <ele>866.4</ele>
   </trkpt>
   <trkpt lat="40.7218280" lon="-3.0578810">
    <ele>866.2</ele>
   </trkpt>
   <trkpt lat="40.7217980" lon="-3.0579300">
    <ele>866.4</ele>
   </trkpt>
   <trkpt lat="40.7217710" lon="-3.0579730">
    <ele>866.4</ele>
   </trkpt>
   <trkpt lat="40.7217370" lon="-3.0580190">
    <ele>866.4</ele>
   </trkpt>
   <trkpt lat="40.7217060" lon="-3.0580590">
    <ele>866.4</ele>
   </trkpt>
   <trkpt lat="40.7216760" lon="-3.0580980">
    <ele>866.2</ele>
   </trkpt>
   <trkpt lat="40.7216420" lon="-3.0581400">
    <ele>866.0</ele>
   </trkpt>
   <trkpt lat="40.7216000" lon="-3.0581820">
    <ele>865.8</ele>
   </trkpt>
   <trkpt lat="40.7215580" lon="-3.0582230">
    <ele>865.6</ele>
   </trkpt>
   <trkpt lat="40.7215160" lon="-3.0582690">
    <ele>865.2</ele>
   </trkpt>
   <trkpt lat="40.7214770" lon="-3.0583180">
    <ele>865.0</ele>
   </trkpt>
   <trkpt lat="40.7214390" lon="-3.0583700">
    <ele>864.8</ele>
   </trkpt>
   <trkpt lat="40.7214050" lon="-3.0584240">
    <ele>864.6</ele>
   </trkpt>
   <trkpt lat="40.7213710" lon="-3.0584820">
    <ele>864.4</ele>
   </trkpt>
   <trkpt lat="40.7213360" lon="-3.0585410">
    <ele>864.4</ele>
   </trkpt>
   <trkpt lat="40.7213020" lon="-3.0586010">
    <ele>864.2</ele>
   </trkpt>
   <trkpt lat="40.7212640" lon="-3.0586610">
    <ele>864.2</ele>
   </trkpt>
   <trkpt lat="40.7212220" lon="-3.0587200">
    <ele>864.0</ele>
   </trkpt>
   <trkpt lat="40.7211800" lon="-3.0587800">
    <ele>864.0</ele>
   </trkpt>
   <trkpt lat="40.7211380" lon="-3.0588430">
    <ele>863.8</ele>
   </trkpt>
   <trkpt lat="40.7210920" lon="-3.0589050">
    <ele>863.8</ele>
   </trkpt>
   <trkpt lat="40.7210500" lon="-3.0589680">
    <ele>863.6</ele>
   </trkpt>
   <trkpt lat="40.7210080" lon="-3.0590320">
    <ele>863.6</ele>
   </trkpt>
   <trkpt lat="40.7209700" lon="-3.0590940">
    <ele>863.4</ele>
   </trkpt>
   <trkpt lat="40.7209320" lon="-3.0591570">
    <ele>863.4</ele>
   </trkpt>
   <trkpt lat="40.7208900" lon="-3.0592200">
    <ele>863.4</ele>
   </trkpt>
   <trkpt lat="40.7208480" lon="-3.0592810">
    <ele>863.2</ele>
   </trkpt>
   <trkpt lat="40.7208100" lon="-3.0593430">
    <ele>863.2</ele>
   </trkpt>
   <trkpt lat="40.7207680" lon="-3.0594040">
    <ele>863.0</ele>
   </trkpt>
   <trkpt lat="40.7207220" lon="-3.0594640">
    <ele>863.0</ele>
   </trkpt>
   <trkpt lat="40.7206800" lon="-3.0595240">
    <ele>862.8</ele>
   </trkpt>
   <trkpt lat="40.7206380" lon="-3.0595830">
    <ele>862.8</ele>
   </trkpt>
   <trkpt lat="40.7205930" lon="-3.0596410">
    <ele>862.6</ele>
   </trkpt>
   <trkpt lat="40.7205470" lon="-3.0596940">
    <ele>862.4</ele>
   </trkpt>
   <trkpt lat="40.7205010" lon="-3.0597470">
    <ele>862.4</ele>
   </trkpt>
   <trkpt lat="40.7204550" lon="-3.0597960">
    <ele>862.2</ele>
   </trkpt>
   <trkpt lat="40.7204060" lon="-3.0598420">
    <ele>862.2</ele>
   </trkpt>
   <trkpt lat="40.7203520" lon="-3.0598860">
    <ele>862.0</ele>
   </trkpt>
   <trkpt lat="40.7203030" lon="-3.0599290">
    <ele>862.0</ele>
   </trkpt>
   <trkpt lat="40.7202530" lon="-3.0599730">
    <ele>862.2</ele>
   </trkpt>
   <trkpt lat="40.7202030" lon="-3.0600120">
    <ele>862.2</ele>
   </trkpt>
   <trkpt lat="40.7201540" lon="-3.0600500">
    <ele>862.2</ele>
   </trkpt>
   <trkpt lat="40.7201040" lon="-3.0600840">
    <ele>862.2</ele>
   </trkpt>
   <trkpt lat="40.7200550" lon="-3.0601180">
    <ele>862.2</ele>
   </trkpt>
   <trkpt lat="40.7200090" lon="-3.0601480">
    <ele>862.2</ele>
   </trkpt>
   <trkpt lat="40.7199630" lon="-3.0601770">
    <ele>862.2</ele>
   </trkpt>
   <trkpt lat="40.7199170" lon="-3.0602070">
    <ele>862.2</ele>
   </trkpt>
   <trkpt lat="40.7198720" lon="-3.0602320">
    <ele>862.2</ele>
   </trkpt>
   <trkpt lat="40.7198220" lon="-3.0602540">
    <ele>862.2</ele>
   </trkpt>
   <trkpt lat="40.7197720" lon="-3.0602770">
    <ele>862.2</ele>
   </trkpt>
   <trkpt lat="40.7197230" lon="-3.0603010">
    <ele>862.2</ele>
   </trkpt>
   <trkpt lat="40.7196690" lon="-3.0603230">
    <ele>862.4</ele>
   </trkpt>
   <trkpt lat="40.7196200" lon="-3.0603450">
    <ele>862.4</ele>
   </trkpt>
   <trkpt lat="40.7195740" lon="-3.0603650">
    <ele>862.6</ele>
   </trkpt>
   <trkpt lat="40.7195240" lon="-3.0603830">
    <ele>862.6</ele>
   </trkpt>
   <trkpt lat="40.7194790" lon="-3.0603980">
    <ele>862.8</ele>
   </trkpt>
   <trkpt lat="40.7194330" lon="-3.0604120">
    <ele>863.0</ele>
   </trkpt>
   <trkpt lat="40.7193910" lon="-3.0604230">
    <ele>863.2</ele>
   </trkpt>
   <trkpt lat="40.7193490" lon="-3.0604290">
    <ele>863.2</ele>
   </trkpt>
   <trkpt lat="40.7193070" lon="-3.0604300">
    <ele>863.4</ele>
   </trkpt>
   <trkpt lat="40.7192650" lon="-3.0604270">
    <ele>863.6</ele>
   </trkpt>
   <trkpt lat="40.7192190" lon="-3.0604200">
    <ele>863.6</ele>
   </trkpt>
   <trkpt lat="40.7191730" lon="-3.0604100">
    <ele>863.8</ele>
   </trkpt>
   <trkpt lat="40.7191310" lon="-3.0604040">
    <ele>863.8</ele>
   </trkpt>
   <trkpt lat="40.7190890" lon="-3.0604030">
    <ele>864.0</ele>
   </trkpt>
   <trkpt lat="40.7190510" lon="-3.0604090">
    <ele>864.0</ele>
   </trkpt>
   <trkpt lat="40.7190130" lon="-3.0604240">
    <ele>864.2</ele>
   </trkpt>
   <trkpt lat="40.7189860" lon="-3.0604480">
    <ele>864.2</ele>
   </trkpt>
   <trkpt lat="40.7189600" lon="-3.0604740">
    <ele>864.4</ele>
   </trkpt>
   <trkpt lat="40.7189330" lon="-3.0604960">
    <ele>864.6</ele>
   </trkpt>
   <trkpt lat="40.7189100" lon="-3.0605150">
    <ele>864.6</ele>
   </trkpt>
   <trkpt lat="40.7188870" lon="-3.0605340">
    <ele>864.8</ele>
   </trkpt>
   <trkpt lat="40.7188640" lon="-3.0605580">
    <ele>864.8</ele>
   </trkpt>
   <trkpt lat="40.7188450" lon="-3.0605890">
    <ele>864.8</ele>
   </trkpt>
   <trkpt lat="40.7188380" lon="-3.0606260">
    <ele>864.8</ele>
   </trkpt>
   <trkpt lat="40.7188340" lon="-3.0606660">
    <ele>864.8</ele>
   </trkpt>
   <trkpt lat="40.7188340" lon="-3.0607100">
    <ele>864.6</ele>
   </trkpt>
   <trkpt lat="40.7188380" lon="-3.0607570">
    <ele>864.4</ele>
   </trkpt>
   <trkpt lat="40.7188420" lon="-3.0608060">
    <ele>864.2</ele>
   </trkpt>
   <trkpt lat="40.7188450" lon="-3.0608480">
    <ele>864.0</ele>
   </trkpt>
   <trkpt lat="40.7188530" lon="-3.0608830">
    <ele>863.8</ele>
   </trkpt>
   <trkpt lat="40.7188530" lon="-3.0609090">
    <ele>863.8</ele>
   </trkpt>
   <trkpt lat="40.7188480" lon="-3.0609680">
    <ele>863.6</ele>
   </trkpt>
   <trkpt lat="40.7188430" lon="-3.0610140">
    <ele>863.0</ele>
   </trkpt>
   <trkpt lat="40.7188380" lon="-3.0610590">
    <ele>863.0</ele>
   </trkpt>
   <trkpt lat="40.7188260" lon="-3.0611230">
    <ele>862.6</ele>
   </trkpt>
   <trkpt lat="40.7188070" lon="-3.0611980">
    <ele>862.2</ele>
   </trkpt>
   <trkpt lat="40.7187840" lon="-3.0612760">
    <ele>862.0</ele>
   </trkpt>
   <trkpt lat="40.7187610" lon="-3.0613530">
    <ele>861.4</ele>
   </trkpt>
   <trkpt lat="40.7187310" lon="-3.0614310">
    <ele>861.0</ele>
   </trkpt>
   <trkpt lat="40.7187040" lon="-3.0615090">
    <ele>860.8</ele>
   </trkpt>
   <trkpt lat="40.7186780" lon="-3.0615870">
    <ele>860.4</ele>
   </trkpt>
   <trkpt lat="40.7186580" lon="-3.0616660">
    <ele>860.2</ele>
   </trkpt>
   <trkpt lat="40.7186390" lon="-3.0617420">
    <ele>860.0</ele>
   </trkpt>
   <trkpt lat="40.7186160" lon="-3.0618170">
    <ele>859.8</ele>
   </trkpt>
   <trkpt lat="40.7185940" lon="-3.0619030">
    <ele>859.8</ele>
   </trkpt>
   <trkpt lat="40.7185740" lon="-3.0619720">
    <ele>859.8</ele>
   </trkpt>
   <trkpt lat="40.7185520" lon="-3.0620350">
    <ele>859.8</ele>
   </trkpt>
   <trkpt lat="40.7185250" lon="-3.0621010">
    <ele>859.6</ele>
   </trkpt>
   <trkpt lat="40.7185020" lon="-3.0621660">
    <ele>859.6</ele>
   </trkpt>
   <trkpt lat="40.7184750" lon="-3.0622280">
    <ele>859.6</ele>
   </trkpt>
   <trkpt lat="40.7184490" lon="-3.0622850">
    <ele>859.8</ele>
   </trkpt>
   <trkpt lat="40.7184180" lon="-3.0623380">
    <ele>859.8</ele>
   </trkpt>
   <trkpt lat="40.7183880" lon="-3.0623870">
    <ele>859.8</ele>
   </trkpt>
   <trkpt lat="40.7183610" lon="-3.0624330">
    <ele>859.8</ele>
   </trkpt>
   <trkpt lat="40.7183340" lon="-3.0624780">
    <ele>860.0</ele>
   </trkpt>
   <trkpt lat="40.7183110" lon="-3.0625220">
    <ele>860.0</ele>
   </trkpt>
   <trkpt lat="40.7182850" lon="-3.0625650">
    <ele>860.0</ele>
   </trkpt>
   <trkpt lat="40.7182580" lon="-3.0626080">
    <ele>859.8</ele>
   </trkpt>
   <trkpt lat="40.7182270" lon="-3.0626500">
    <ele>859.8</ele>
   </trkpt>
   <trkpt lat="40.7181970" lon="-3.0626910">
    <ele>859.8</ele>
   </trkpt>
   <trkpt lat="40.7181700" lon="-3.0627300">
    <ele>859.8</ele>
   </trkpt>
   <trkpt lat="40.7181510" lon="-3.0627610">
    <ele>859.8</ele>
   </trkpt>
   <trkpt lat="40.7181400" lon="-3.0627790">
    <ele>860.0</ele>
   </trkpt>
   <trkpt lat="40.7181360" lon="-3.0627830">
    <ele>860.0</ele>
   </trkpt>
   <trkpt lat="40.7181360" lon="-3.0627830">
    <ele>860.0</ele>
   </trkpt>
   <trkpt lat="40.7181360" lon="-3.0627830">
    <ele>860.0</ele>
   </trkpt>
   <trkpt lat="40.7181360" lon="-3.0627830">
    <ele>860.2</ele>
   </trkpt>
   <trkpt lat="40.7181360" lon="-3.0627830">
    <ele>860.2</ele>
   </trkpt>
   <trkpt lat="40.7181360" lon="-3.0627830">
    <ele>860.2</ele>
   </trkpt>
   <trkpt lat="40.7181130" lon="-3.0628140">
    <ele>860.2</ele>
   </trkpt>
   <trkpt lat="40.7180980" lon="-3.0628340">
    <ele>860.2</ele>
   </trkpt>
   <trkpt lat="40.7180750" lon="-3.0628580">
    <ele>860.2</ele>
   </trkpt>
   <trkpt lat="40.7180520" lon="-3.0628900">
    <ele>860.0</ele>
   </trkpt>
   <trkpt lat="40.7180250" lon="-3.0629310">
    <ele>859.8</ele>
   </trkpt>
   <trkpt lat="40.7179910" lon="-3.0629760">
    <ele>859.8</ele>
   </trkpt>
   <trkpt lat="40.7179560" lon="-3.0630240">
    <ele>859.6</ele>
   </trkpt>
   <trkpt lat="40.7179220" lon="-3.0630720">
    <ele>859.6</ele>
   </trkpt>
   <trkpt lat="40.7178840" lon="-3.0631210">
    <ele>859.4</ele>
   </trkpt>
   <trkpt lat="40.7178500" lon="-3.0631690">
    <ele>859.4</ele>
   </trkpt>
   <trkpt lat="40.7178190" lon="-3.0632150">
    <ele>859.2</ele>
   </trkpt>
   <trkpt lat="40.7177850" lon="-3.0632600">
    <ele>859.2</ele>
   </trkpt>
   <trkpt lat="40.7177510" lon="-3.0633060">
    <ele>859.0</ele>
   </trkpt>
   <trkpt lat="40.7177160" lon="-3.0633530">
    <ele>859.0</ele>
   </trkpt>
   <trkpt lat="40.7176780" lon="-3.0633990">
    <ele>858.8</ele>
   </trkpt>
   <trkpt lat="40.7176400" lon="-3.0634440">
    <ele>858.8</ele>
   </trkpt>
   <trkpt lat="40.7176020" lon="-3.0634890">
    <ele>858.6</ele>
   </trkpt>
   <trkpt lat="40.7175640" lon="-3.0635390">
    <ele>858.6</ele>
   </trkpt>
   <trkpt lat="40.7175220" lon="-3.0635930">
    <ele>858.4</ele>
   </trkpt>
   <trkpt lat="40.7174830" lon="-3.0636490">
    <ele>858.2</ele>
   </trkpt>
   <trkpt lat="40.7174420" lon="-3.0637060">
    <ele>858.2</ele>
   </trkpt>
   <trkpt lat="40.7174000" lon="-3.0637640">
    <ele>858.0</ele>
   </trkpt>
   <trkpt lat="40.7173610" lon="-3.0638210">
    <ele>857.8</ele>
   </trkpt>
   <trkpt lat="40.7173190" lon="-3.0638770">
    <ele>857.6</ele>
   </trkpt>
   <trkpt lat="40.7172770" lon="-3.0639340">
    <ele>857.6</ele>
   </trkpt>
   <trkpt lat="40.7172360" lon="-3.0639910">
    <ele>857.4</ele>
   </trkpt>
   <trkpt lat="40.7171940" lon="-3.0640500">
    <ele>857.4</ele>
   </trkpt>
   <trkpt lat="40.7171550" lon="-3.0641080">
    <ele>857.2</ele>
   </trkpt>
   <trkpt lat="40.7171130" lon="-3.0641630">
    <ele>857.2</ele>
   </trkpt>
   <trkpt lat="40.7170720" lon="-3.0642190">
    <ele>857.2</ele>
   </trkpt>
   <trkpt lat="40.7170300" lon="-3.0642740">
    <ele>857.0</ele>
   </trkpt>
   <trkpt lat="40.7169840" lon="-3.0643290">
    <ele>857.0</ele>
   </trkpt>
   <trkpt lat="40.7169420" lon="-3.0643860">
    <ele>856.8</ele>
   </trkpt>
   <trkpt lat="40.7168960" lon="-3.0644420">
    <ele>856.8</ele>
   </trkpt>
   <trkpt lat="40.7168500" lon="-3.0644990">
    <ele>856.8</ele>
   </trkpt>
   <trkpt lat="40.7168040" lon="-3.0645570">
    <ele>856.6</ele>
   </trkpt>
   <trkpt lat="40.7167620" lon="-3.0646130">
    <ele>856.6</ele>
   </trkpt>
   <trkpt lat="40.7167210" lon="-3.0646660">
    <ele>856.6</ele>
   </trkpt>
   <trkpt lat="40.7166790" lon="-3.0647170">
    <ele>856.6</ele>
   </trkpt>
   <trkpt lat="40.7166400" lon="-3.0647680">
    <ele>856.4</ele>
   </trkpt>
   <trkpt lat="40.7165980" lon="-3.0648190">
    <ele>856.4</ele>
   </trkpt>
   <trkpt lat="40.7165570" lon="-3.0648720">
    <ele>856.4</ele>
   </trkpt>
   <trkpt lat="40.7165150" lon="-3.0649240">
    <ele>856.2</ele>
   </trkpt>
   <trkpt lat="40.7164690" lon="-3.0649770">
    <ele>856.2</ele>
   </trkpt>
   <trkpt lat="40.7164310" lon="-3.0650290">
    <ele>856.2</ele>
   </trkpt>
   <trkpt lat="40.7163890" lon="-3.0650820">
    <ele>856.2</ele>
   </trkpt>
   <trkpt lat="40.7163510" lon="-3.0651360">
    <ele>856.2</ele>
   </trkpt>
   <trkpt lat="40.7163120" lon="-3.0651880">
    <ele>856.2</ele>
   </trkpt>
   <trkpt lat="40.7162740" lon="-3.0652370">
    <ele>856.2</ele>
   </trkpt>
   <trkpt lat="40.7162320" lon="-3.0652870">
    <ele>856.2</ele>
   </trkpt>
   <trkpt lat="40.7161940" lon="-3.0653380">
    <ele>856.2</ele>
   </trkpt>
   <trkpt lat="40.7161560" lon="-3.0653890">
    <ele>856.2</ele>
   </trkpt>
   <trkpt lat="40.7161140" lon="-3.0654410">
    <ele>856.2</ele>
   </trkpt>
   <trkpt lat="40.7160720" lon="-3.0654920">
    <ele>856.2</ele>
   </trkpt>
   <trkpt lat="40.7160340" lon="-3.0655460">
    <ele>856.2</ele>
   </trkpt>
   <trkpt lat="40.7159960" lon="-3.0656010">
    <ele>856.0</ele>
   </trkpt>
   <trkpt lat="40.7159580" lon="-3.0656560">
    <ele>856.0</ele>
   </trkpt>
   <trkpt lat="40.7159190" lon="-3.0657150">
    <ele>856.0</ele>
   </trkpt>
   <trkpt lat="40.7158850" lon="-3.0657730">
    <ele>856.0</ele>
   </trkpt>
   <trkpt lat="40.7158390" lon="-3.0658400">
    <ele>856.0</ele>
   </trkpt>
   <trkpt lat="40.7158010" lon="-3.0658950">
    <ele>856.0</ele>
   </trkpt>
   <trkpt lat="40.7157670" lon="-3.0659480">
    <ele>855.8</ele>
   </trkpt>
   <trkpt lat="40.7157290" lon="-3.0660040">
    <ele>855.8</ele>
   </trkpt>
   <trkpt lat="40.7156870" lon="-3.0660620">
    <ele>855.6</ele>
   </trkpt>
   <trkpt lat="40.7156410" lon="-3.0661160">
    <ele>855.6</ele>
   </trkpt>
   <trkpt lat="40.7155990" lon="-3.0661660">
    <ele>855.6</ele>
   </trkpt>
   <trkpt lat="40.7155570" lon="-3.0662180">
    <ele>855.4</ele>
   </trkpt>
   <trkpt lat="40.7155110" lon="-3.0662710">
    <ele>855.4</ele>
   </trkpt>
   <trkpt lat="40.7154660" lon="-3.0663250">
    <ele>855.2</ele>
   </trkpt>
   <trkpt lat="40.7154200" lon="-3.0663790">
    <ele>855.0</ele>
   </trkpt>
   <trkpt lat="40.7153740" lon="-3.0664340">
    <ele>854.8</ele>
   </trkpt>
   <trkpt lat="40.7153240" lon="-3.0664890">
    <ele>854.4</ele>
   </trkpt>
   <trkpt lat="40.7152710" lon="-3.0665430">
    <ele>854.2</ele>
   </trkpt>
   <trkpt lat="40.7152180" lon="-3.0666000">
    <ele>853.8</ele>
   </trkpt>
   <trkpt lat="40.7151600" lon="-3.0666570">
    <ele>853.6</ele>
   </trkpt>
   <trkpt lat="40.7151070" lon="-3.0667150">
    <ele>853.4</ele>
   </trkpt>
   <trkpt lat="40.7150570" lon="-3.0667740">
    <ele>853.2</ele>
   </trkpt>
   <trkpt lat="40.7150080" lon="-3.0668330">
    <ele>853.0</ele>
   </trkpt>
   <trkpt lat="40.7149620" lon="-3.0668910">
    <ele>852.8</ele>
   </trkpt>
   <trkpt lat="40.7149160" lon="-3.0669440">
    <ele>852.8</ele>
   </trkpt>
   <trkpt lat="40.7148740" lon="-3.0669990">
    <ele>852.8</ele>
   </trkpt>
   <trkpt lat="40.7148320" lon="-3.0670550">
    <ele>852.8</ele>
   </trkpt>
   <trkpt lat="40.7147900" lon="-3.0671080">
    <ele>852.6</ele>
   </trkpt>
   <trkpt lat="40.7147480" lon="-3.0671620">
    <ele>852.6</ele>
   </trkpt>
   <trkpt lat="40.7147060" lon="-3.0672170">
    <ele>852.6</ele>
   </trkpt>
   <trkpt lat="40.7146610" lon="-3.0672700">
    <ele>852.6</ele>
   </trkpt>
   <trkpt lat="40.7146190" lon="-3.0673210">
    <ele>852.4</ele>
   </trkpt>
   <trkpt lat="40.7145810" lon="-3.0673730">
    <ele>852.4</ele>
   </trkpt>
   <trkpt lat="40.7145420" lon="-3.0674290">
    <ele>852.4</ele>
   </trkpt>
   <trkpt lat="40.7145000" lon="-3.0674830">
    <ele>852.6</ele>
   </trkpt>
   <trkpt lat="40.7144620" lon="-3.0675340">
    <ele>852.6</ele>
   </trkpt>
   <trkpt lat="40.7144240" lon="-3.0675850">
    <ele>852.6</ele>
   </trkpt>
   <trkpt lat="40.7143900" lon="-3.0676350">
    <ele>852.4</ele>
   </trkpt>
   <trkpt lat="40.7143520" lon="-3.0676850">
    <ele>852.4</ele>
   </trkpt>
   <trkpt lat="40.7143210" lon="-3.0677360">
    <ele>852.6</ele>
   </trkpt>
   <trkpt lat="40.7142870" lon="-3.0677850">
    <ele>852.4</ele>
   </trkpt>
   <trkpt lat="40.7142490" lon="-3.0678320">
    <ele>852.4</ele>
   </trkpt>
   <trkpt lat="40.7142110" lon="-3.0678790">
    <ele>852.4</ele>
   </trkpt>
   <trkpt lat="40.7141720" lon="-3.0679290">
    <ele>852.4</ele>
   </trkpt>
   <trkpt lat="40.7141340" lon="-3.0679790">
    <ele>852.4</ele>
   </trkpt>
   <trkpt lat="40.7140960" lon="-3.0680280">
    <ele>852.4</ele>
   </trkpt>
   <trkpt lat="40.7140540" lon="-3.0680780">
    <ele>852.2</ele>
   </trkpt>
   <trkpt lat="40.7140120" lon="-3.0681300">
    <ele>852.0</ele>
   </trkpt>
   <trkpt lat="40.7139740" lon="-3.0681870">
    <ele>851.8</ele>
   </trkpt>
   <trkpt lat="40.7139320" lon="-3.0682440">
    <ele>851.6</ele>
   </trkpt>
   <trkpt lat="40.7138860" lon="-3.0683000">
    <ele>851.6</ele>
   </trkpt>
   <trkpt lat="40.7138440" lon="-3.0683550">
    <ele>851.4</ele>
   </trkpt>
   <trkpt lat="40.7138020" lon="-3.0684090">
    <ele>851.2</ele>
   </trkpt>
   <trkpt lat="40.7137600" lon="-3.0684640">
    <ele>851.0</ele>
   </trkpt>
   <trkpt lat="40.7137180" lon="-3.0685190">
    <ele>850.8</ele>
   </trkpt>
   <trkpt lat="40.7136760" lon="-3.0685730">
    <ele>850.8</ele>
   </trkpt>
   <trkpt lat="40.7136340" lon="-3.0686270">
    <ele>850.6</ele>
   </trkpt>
   <trkpt lat="40.7135890" lon="-3.0686800">
    <ele>850.4</ele>
   </trkpt>
   <trkpt lat="40.7135470" lon="-3.0687370">
    <ele>850.2</ele>
   </trkpt>
   <trkpt lat="40.7135050" lon="-3.0687920">
    <ele>850.0</ele>
   </trkpt>
   <trkpt lat="40.7134590" lon="-3.0688460">
    <ele>850.0</ele>
   </trkpt>
   <trkpt lat="40.7134170" lon="-3.0689000">
    <ele>849.8</ele>
   </trkpt>
   <trkpt lat="40.7133750" lon="-3.0689500">
    <ele>849.8</ele>
   </trkpt>
   <trkpt lat="40.7133370" lon="-3.0689990">
    <ele>849.8</ele>
   </trkpt>
   <trkpt lat="40.7132950" lon="-3.0690470">
    <ele>849.6</ele>
   </trkpt>
   <trkpt lat="40.7132570" lon="-3.0690980">
    <ele>849.6</ele>
   </trkpt>
   <trkpt lat="40.7132190" lon="-3.0691470">
    <ele>849.6</ele>
   </trkpt>
   <trkpt lat="40.7131810" lon="-3.0692020">
    <ele>849.6</ele>
   </trkpt>
   <trkpt lat="40.7131460" lon="-3.0692580">
    <ele>849.6</ele>
   </trkpt>
   <trkpt lat="40.7131080" lon="-3.0693110">
    <ele>849.6</ele>
   </trkpt>
   <trkpt lat="40.7130660" lon="-3.0693590">
    <ele>849.6</ele>
   </trkpt>
   <trkpt lat="40.7130280" lon="-3.0694070">
    <ele>849.6</ele>
   </trkpt>
   <trkpt lat="40.7129860" lon="-3.0694570">
    <ele>849.6</ele>
   </trkpt>
   <trkpt lat="40.7129400" lon="-3.0695090">
    <ele>849.4</ele>
   </trkpt>
   <trkpt lat="40.7129020" lon="-3.0695610">
    <ele>849.4</ele>
   </trkpt>
   <trkpt lat="40.7128600" lon="-3.0696110">
    <ele>849.4</ele>
   </trkpt>
   <trkpt lat="40.7128220" lon="-3.0696600">
    <ele>849.4</ele>
   </trkpt>
   <trkpt lat="40.7127760" lon="-3.0697080">
    <ele>849.2</ele>
   </trkpt>
   <trkpt lat="40.7127340" lon="-3.0697570">
    <ele>849.0</ele>
   </trkpt>
   <trkpt lat="40.7126880" lon="-3.0698090">
    <ele>848.6</ele>
   </trkpt>
   <trkpt lat="40.7126430" lon="-3.0698630">
    <ele>848.4</ele>
   </trkpt>
   <trkpt lat="40.7125970" lon="-3.0699190">
    <ele>848.2</ele>
   </trkpt>
   <trkpt lat="40.7125470" lon="-3.0699760">
    <ele>848.0</ele>
   </trkpt>
   <trkpt lat="40.7124980" lon="-3.0700300">
    <ele>847.6</ele>
   </trkpt>
   <trkpt lat="40.7124440" lon="-3.0700880">
    <ele>847.4</ele>
   </trkpt>
   <trkpt lat="40.7123870" lon="-3.0701460">
    <ele>847.0</ele>
   </trkpt>
   <trkpt lat="40.7123340" lon="-3.0702020">
    <ele>846.6</ele>
   </trkpt>
   <trkpt lat="40.7122800" lon="-3.0702590">
    <ele>846.4</ele>
   </trkpt>
   <trkpt lat="40.7122230" lon="-3.0703140">
    <ele>846.0</ele>
   </trkpt>
   <trkpt lat="40.7121660" lon="-3.0703710">
    <ele>845.8</ele>
   </trkpt>
   <trkpt lat="40.7121120" lon="-3.0704260">
    <ele>845.6</ele>
   </trkpt>
   <trkpt lat="40.7120590" lon="-3.0704820">
    <ele>845.2</ele>
   </trkpt>
   <trkpt lat="40.7120090" lon="-3.0705390">
    <ele>845.2</ele>
   </trkpt>
   <trkpt lat="40.7119600" lon="-3.0705940">
    <ele>845.0</ele>
   </trkpt>
   <trkpt lat="40.7119100" lon="-3.0706460">
    <ele>845.0</ele>
   </trkpt>
   <trkpt lat="40.7118640" lon="-3.0706950">
    <ele>845.0</ele>
   </trkpt>
   <trkpt lat="40.7118150" lon="-3.0707420">
    <ele>844.8</ele>
   </trkpt>
   <trkpt lat="40.7117690" lon="-3.0707870">
    <ele>844.8</ele>
   </trkpt>
   <trkpt lat="40.7117160" lon="-3.0708330">
    <ele>844.6</ele>
   </trkpt>
   <trkpt lat="40.7116660" lon="-3.0708800">
    <ele>844.2</ele>
   </trkpt>
   <trkpt lat="40.7116130" lon="-3.0709300">
    <ele>844.0</ele>
   </trkpt>
   <trkpt lat="40.7115590" lon="-3.0709800">
    <ele>843.8</ele>
   </trkpt>
   <trkpt lat="40.7115020" lon="-3.0710300">
    <ele>843.6</ele>
   </trkpt>
   <trkpt lat="40.7114410" lon="-3.0710810">
    <ele>843.4</ele>
   </trkpt>
   <trkpt lat="40.7113840" lon="-3.0711290">
    <ele>843.2</ele>
   </trkpt>
   <trkpt lat="40.7113230" lon="-3.0711750">
    <ele>843.0</ele>
   </trkpt>
   <trkpt lat="40.7112660" lon="-3.0712190">
    <ele>842.8</ele>
   </trkpt>
   <trkpt lat="40.7112120" lon="-3.0712610">
    <ele>842.6</ele>
   </trkpt>
   <trkpt lat="40.7111550" lon="-3.0713030">
    <ele>842.4</ele>
   </trkpt>
   <trkpt lat="40.7110980" lon="-3.0713430">
    <ele>842.2</ele>
   </trkpt>
   <trkpt lat="40.7110400" lon="-3.0713810">
    <ele>842.0</ele>
   </trkpt>
   <trkpt lat="40.7109830" lon="-3.0714170">
    <ele>841.8</ele>
   </trkpt>
   <trkpt lat="40.7109260" lon="-3.0714540">
    <ele>841.6</ele>
   </trkpt>
   <trkpt lat="40.7108760" lon="-3.0714930">
    <ele>841.6</ele>
   </trkpt>
   <trkpt lat="40.7108310" lon="-3.0715330">
    <ele>841.6</ele>
   </trkpt>
   <trkpt lat="40.7107810" lon="-3.0715720">
    <ele>841.4</ele>
   </trkpt>
   <trkpt lat="40.7107310" lon="-3.0716110">
    <ele>841.4</ele>
   </trkpt>
   <trkpt lat="40.7106820" lon="-3.0716530">
    <ele>841.2</ele>
   </trkpt>
   <trkpt lat="40.7106290" lon="-3.0716970">
    <ele>841.2</ele>
   </trkpt>
   <trkpt lat="40.7105710" lon="-3.0717390">
    <ele>841.0</ele>
   </trkpt>
   <trkpt lat="40.7105100" lon="-3.0717840">
    <ele>840.8</ele>
   </trkpt>
   <trkpt lat="40.7104490" lon="-3.0718270">
    <ele>840.8</ele>
   </trkpt>
   <trkpt lat="40.7103920" lon="-3.0718680">
    <ele>840.8</ele>
   </trkpt>
   <trkpt lat="40.7103310" lon="-3.0719030">
    <ele>840.8</ele>
   </trkpt>
   <trkpt lat="40.7102740" lon="-3.0719350">
    <ele>840.8</ele>
   </trkpt>
   <trkpt lat="40.7102160" lon="-3.0719720">
    <ele>840.6</ele>
   </trkpt>
   <trkpt lat="40.7101550" lon="-3.0720110">
    <ele>840.4</ele>
   </trkpt>
   <trkpt lat="40.7100940" lon="-3.0720530">
    <ele>840.0</ele>
   </trkpt>
   <trkpt lat="40.7100330" lon="-3.0720920">
    <ele>839.8</ele>
   </trkpt>
   <trkpt lat="40.7099650" lon="-3.0721290">
    <ele>839.6</ele>
   </trkpt>
   <trkpt lat="40.7098960" lon="-3.0721670">
    <ele>839.4</ele>
   </trkpt>
   <trkpt lat="40.7098310" lon="-3.0722060">
    <ele>839.2</ele>
   </trkpt>
   <trkpt lat="40.7097700" lon="-3.0722460">
    <ele>839.0</ele>
   </trkpt>
   <trkpt lat="40.7097130" lon="-3.0722850">
    <ele>839.0</ele>
   </trkpt>
   <trkpt lat="40.7096560" lon="-3.0723230">
    <ele>838.8</ele>
   </trkpt>
   <trkpt lat="40.7095990" lon="-3.0723620">
    <ele>838.8</ele>
   </trkpt>
   <trkpt lat="40.7095410" lon="-3.0724010">
    <ele>838.8</ele>
   </trkpt>
   <trkpt lat="40.7094840" lon="-3.0724360">
    <ele>838.6</ele>
   </trkpt>
   <trkpt lat="40.7094350" lon="-3.0724690">
    <ele>838.6</ele>
   </trkpt>
   <trkpt lat="40.7093810" lon="-3.0725020">
    <ele>838.6</ele>
   </trkpt>
   <trkpt lat="40.7093320" lon="-3.0725360">
    <ele>838.4</ele>
   </trkpt>
   <trkpt lat="40.7092780" lon="-3.0725680">
    <ele>838.4</ele>
   </trkpt>
   <trkpt lat="40.7092210" lon="-3.0726000">
    <ele>838.2</ele>
   </trkpt>
   <trkpt lat="40.7091670" lon="-3.0726340">
    <ele>838.0</ele>
   </trkpt>
   <trkpt lat="40.7091140" lon="-3.0726770">
    <ele>838.0</ele>
   </trkpt>
   <trkpt lat="40.7090640" lon="-3.0727230">
    <ele>838.2</ele>
   </trkpt>
   <trkpt lat="40.7090150" lon="-3.0727680">
    <ele>838.2</ele>
   </trkpt>
   <trkpt lat="40.7089650" lon="-3.0728110">
    <ele>838.4</ele>
   </trkpt>
   <trkpt lat="40.7089160" lon="-3.0728510">
    <ele>838.4</ele>
   </trkpt>
   <trkpt lat="40.7088620" lon="-3.0728910">
    <ele>838.4</ele>
   </trkpt>
   <trkpt lat="40.7088130" lon="-3.0729280">
    <ele>838.6</ele>
   </trkpt>
   <trkpt lat="40.7087590" lon="-3.0729630">
    <ele>838.6</ele>
   </trkpt>
   <trkpt lat="40.7087100" lon="-3.0729970">
    <ele>838.4</ele>
   </trkpt>
   <trkpt lat="40.7086560" lon="-3.0730320">
    <ele>838.4</ele>
   </trkpt>
   <trkpt lat="40.7085990" lon="-3.0730670">
    <ele>838.2</ele>
   </trkpt>
   <trkpt lat="40.7085420" lon="-3.0731030">
    <ele>838.0</ele>
   </trkpt>
   <trkpt lat="40.7084850" lon="-3.0731400">
    <ele>837.8</ele>
   </trkpt>
   <trkpt lat="40.7084270" lon="-3.0731770">
    <ele>837.6</ele>
   </trkpt>
   <trkpt lat="40.7083660" lon="-3.0732150">
    <ele>837.4</ele>
   </trkpt>
   <trkpt lat="40.7083090" lon="-3.0732540">
    <ele>837.0</ele>
   </trkpt>
   <trkpt lat="40.7082480" lon="-3.0732940">
    <ele>836.8</ele>
   </trkpt>
   <trkpt lat="40.7081910" lon="-3.0733310">
    <ele>836.8</ele>
   </trkpt>
   <trkpt lat="40.7081410" lon="-3.0733640">
    <ele>837.0</ele>
   </trkpt>
   <trkpt lat="40.7080920" lon="-3.0733960">
    <ele>837.0</ele>
   </trkpt>
   <trkpt lat="40.7080460" lon="-3.0734290">
    <ele>837.0</ele>
   </trkpt>
   <trkpt lat="40.7079960" lon="-3.0734620">
    <ele>837.0</ele>
   </trkpt>
   <trkpt lat="40.7079470" lon="-3.0734970">
    <ele>837.0</ele>
   </trkpt>
   <trkpt lat="40.7078970" lon="-3.0735320">
    <ele>837.0</ele>
   </trkpt>
   <trkpt lat="40.7078510" lon="-3.0735670">
    <ele>837.0</ele>
   </trkpt>
   <trkpt lat="40.7077980" lon="-3.0736010">
    <ele>837.0</ele>
   </trkpt>
   <trkpt lat="40.7077450" lon="-3.0736370">
    <ele>837.2</ele>
   </trkpt>
   <trkpt lat="40.7076950" lon="-3.0736680">
    <ele>837.2</ele>
   </trkpt>
   <trkpt lat="40.7076490" lon="-3.0736960">
    <ele>837.2</ele>
   </trkpt>
   <trkpt lat="40.7076000" lon="-3.0737260">
    <ele>837.4</ele>
   </trkpt>
   <trkpt lat="40.7075460" lon="-3.0737560">
    <ele>837.4</ele>
   </trkpt>
   <trkpt lat="40.7074970" lon="-3.0737880">
    <ele>837.4</ele>
   </trkpt>
   <trkpt lat="40.7074510" lon="-3.0738220">
    <ele>837.6</ele>
   </trkpt>
   <trkpt lat="40.7074090" lon="-3.0738490">
    <ele>837.6</ele>
   </trkpt>
   <trkpt lat="40.7073630" lon="-3.0738740">
    <ele>837.6</ele>
   </trkpt>
   <trkpt lat="40.7073170" lon="-3.0738980">
    <ele>837.4</ele>
   </trkpt>
   <trkpt lat="40.7072640" lon="-3.0739270">
    <ele>837.2</ele>
   </trkpt>
   <trkpt lat="40.7072140" lon="-3.0739600">
    <ele>837.0</ele>
   </trkpt>
   <trkpt lat="40.7071610" lon="-3.0739940">
    <ele>836.8</ele>
   </trkpt>
   <trkpt lat="40.7071040" lon="-3.0740310">
    <ele>836.6</ele>
   </trkpt>
   <trkpt lat="40.7070470" lon="-3.0740700">
    <ele>836.2</ele>
   </trkpt>
   <trkpt lat="40.7069820" lon="-3.0741170">
    <ele>836.0</ele>
   </trkpt>
   <trkpt lat="40.7069320" lon="-3.0741550">
    <ele>835.8</ele>
   </trkpt>
   <trkpt lat="40.7068790" lon="-3.0741930">
    <ele>835.4</ele>
   </trkpt>
   <trkpt lat="40.7068250" lon="-3.0742340">
    <ele>835.2</ele>
   </trkpt>
   <trkpt lat="40.7067640" lon="-3.0742720">
    <ele>835.0</ele>
   </trkpt>
   <trkpt lat="40.7067070" lon="-3.0743050">
    <ele>835.0</ele>
   </trkpt>
   <trkpt lat="40.7066500" lon="-3.0743350">
    <ele>834.8</ele>
   </trkpt>
   <trkpt lat="40.7065930" lon="-3.0743620">
    <ele>834.6</ele>
   </trkpt>
   <trkpt lat="40.7065350" lon="-3.0743910">
    <ele>834.6</ele>
   </trkpt>
   <trkpt lat="40.7064700" lon="-3.0744240">
    <ele>834.4</ele>
   </trkpt>
   <trkpt lat="40.7064130" lon="-3.0744520">
    <ele>834.4</ele>
   </trkpt>
   <trkpt lat="40.7063600" lon="-3.0744790">
    <ele>834.2</ele>
   </trkpt>
   <trkpt lat="40.7063060" lon="-3.0745130">
    <ele>834.2</ele>
   </trkpt>
   <trkpt lat="40.7062530" lon="-3.0745500">
    <ele>834.2</ele>
   </trkpt>
   <trkpt lat="40.7062000" lon="-3.0745890">
    <ele>834.2</ele>
   </trkpt>
   <trkpt lat="40.7061460" lon="-3.0746320">
    <ele>834.2</ele>
   </trkpt>
   <trkpt lat="40.7060970" lon="-3.0746760">
    <ele>834.4</ele>
   </trkpt>
   <trkpt lat="40.7060470" lon="-3.0747180">
    <ele>834.4</ele>
   </trkpt>
   <trkpt lat="40.7059940" lon="-3.0747580">
    <ele>834.6</ele>
   </trkpt>
   <trkpt lat="40.7059440" lon="-3.0747950">
    <ele>834.6</ele>
   </trkpt>
   <trkpt lat="40.7058940" lon="-3.0748340">
    <ele>834.8</ele>
   </trkpt>
   <trkpt lat="40.7058490" lon="-3.0748720">
    <ele>834.8</ele>
   </trkpt>
   <trkpt lat="40.7057950" lon="-3.0749130">
    <ele>834.8</ele>
   </trkpt>
   <trkpt lat="40.7057500" lon="-3.0749480">
    <ele>835.0</ele>
   </trkpt>
   <trkpt lat="40.7057040" lon="-3.0749800">
    <ele>835.0</ele>
   </trkpt>
   <trkpt lat="40.7056540" lon="-3.0750120">
    <ele>835.0</ele>
   </trkpt>
   <trkpt lat="40.7056080" lon="-3.0750450">
    <ele>835.0</ele>
   </trkpt>
   <trkpt lat="40.7055630" lon="-3.0750770">
    <ele>834.8</ele>
   </trkpt>
   <trkpt lat="40.7055170" lon="-3.0751100">
    <ele>834.8</ele>
   </trkpt>
   <trkpt lat="40.7054710" lon="-3.0751460">
    <ele>834.6</ele>
   </trkpt>
   <trkpt lat="40.7054250" lon="-3.0751820">
    <ele>834.4</ele>
   </trkpt>
   <trkpt lat="40.7053790" lon="-3.0752180">
    <ele>834.2</ele>
   </trkpt>
   <trkpt lat="40.7053340" lon="-3.0752560">
    <ele>834.2</ele>
   </trkpt>
   <trkpt lat="40.7052880" lon="-3.0752930">
    <ele>834.0</ele>
   </trkpt>
   <trkpt lat="40.7052420" lon="-3.0753310">
    <ele>833.8</ele>
   </trkpt>
   <trkpt lat="40.7051960" lon="-3.0753700">
    <ele>833.8</ele>
   </trkpt>
   <trkpt lat="40.7051510" lon="-3.0754070">
    <ele>833.6</ele>
   </trkpt>
   <trkpt lat="40.7051050" lon="-3.0754430">
    <ele>833.4</ele>
   </trkpt>
   <trkpt lat="40.7050590" lon="-3.0754820">
    <ele>833.2</ele>
   </trkpt>
   <trkpt lat="40.7050170" lon="-3.0755220">
    <ele>833.0</ele>
   </trkpt>
   <trkpt lat="40.7049670" lon="-3.0755640">
    <ele>832.8</ele>
   </trkpt>
   <trkpt lat="40.7049140" lon="-3.0756090">
    <ele>832.6</ele>
   </trkpt>
   <trkpt lat="40.7048610" lon="-3.0756590">
    <ele>832.4</ele>
   </trkpt>
   <trkpt lat="40.7048110" lon="-3.0757110">
    <ele>832.2</ele>
   </trkpt>
   <trkpt lat="40.7047610" lon="-3.0757630">
    <ele>832.0</ele>
   </trkpt>
   <trkpt lat="40.7047160" lon="-3.0758140">
    <ele>832.0</ele>
   </trkpt>
   <trkpt lat="40.7046700" lon="-3.0758640">
    <ele>832.0</ele>
   </trkpt>
   <trkpt lat="40.7046240" lon="-3.0759130">
    <ele>832.0</ele>
   </trkpt>
   <trkpt lat="40.7045780" lon="-3.0759610">
    <ele>831.8</ele>
   </trkpt>
   <trkpt lat="40.7045400" lon="-3.0760060">
    <ele>831.8</ele>
   </trkpt>
   <trkpt lat="40.7044980" lon="-3.0760530">
    <ele>831.8</ele>
   </trkpt>
   <trkpt lat="40.7044520" lon="-3.0761020">
    <ele>831.8</ele>
   </trkpt>
   <trkpt lat="40.7044030" lon="-3.0761540">
    <ele>831.8</ele>
   </trkpt>
   <trkpt lat="40.7043570" lon="-3.0762100">
    <ele>831.8</ele>
   </trkpt>
   <trkpt lat="40.7043080" lon="-3.0762670">
    <ele>831.8</ele>
   </trkpt>
   <trkpt lat="40.7042620" lon="-3.0763260">
    <ele>831.8</ele>
   </trkpt>
   <trkpt lat="40.7042240" lon="-3.0763880">
    <ele>831.8</ele>
   </trkpt>
   <trkpt lat="40.7041850" lon="-3.0764490">
    <ele>832.0</ele>
   </trkpt>
   <trkpt lat="40.7041470" lon="-3.0765120">
    <ele>832.2</ele>
   </trkpt>
   <trkpt lat="40.7041130" lon="-3.0765760">
    <ele>832.4</ele>
   </trkpt>
   <trkpt lat="40.7040750" lon="-3.0766390">
    <ele>832.6</ele>
   </trkpt>
   <trkpt lat="40.7040370" lon="-3.0767010">
    <ele>832.8</ele>
   </trkpt>
   <trkpt lat="40.7040020" lon="-3.0767600">
    <ele>833.0</ele>
   </trkpt>
   <trkpt lat="40.7039680" lon="-3.0768170">
    <ele>833.2</ele>
   </trkpt>
   <trkpt lat="40.7039340" lon="-3.0768730">
    <ele>833.2</ele>
   </trkpt>
   <trkpt lat="40.7038990" lon="-3.0769300">
    <ele>833.0</ele>
   </trkpt>
   <trkpt lat="40.7038570" lon="-3.0769870">
    <ele>832.8</ele>
   </trkpt>
   <trkpt lat="40.7038150" lon="-3.0770490">
    <ele>832.6</ele>
   </trkpt>
   <trkpt lat="40.7037700" lon="-3.0771140">
    <ele>832.4</ele>
   </trkpt>
   <trkpt lat="40.7037240" lon="-3.0771780">
    <ele>832.2</ele>
   </trkpt>
   <trkpt lat="40.7036780" lon="-3.0772460">
    <ele>832.0</ele>
   </trkpt>
   <trkpt lat="40.7036320" lon="-3.0773170">
    <ele>831.6</ele>
   </trkpt>
   <trkpt lat="40.7035900" lon="-3.0773880">
    <ele>831.4</ele>
   </trkpt>
   <trkpt lat="40.7035480" lon="-3.0774540">
    <ele>831.4</ele>
   </trkpt>
   <trkpt lat="40.7035100" lon="-3.0775160">
    <ele>831.4</ele>
   </trkpt>
   <trkpt lat="40.7034720" lon="-3.0775780">
    <ele>831.2</ele>
   </trkpt>
   <trkpt lat="40.7034300" lon="-3.0776370">
    <ele>831.2</ele>
   </trkpt>
   <trkpt lat="40.7033920" lon="-3.0776990">
    <ele>831.2</ele>
   </trkpt>
   <trkpt lat="40.7033500" lon="-3.0777630">
    <ele>831.2</ele>
   </trkpt>
   <trkpt lat="40.7033080" lon="-3.0778280">
    <ele>831.0</ele>
   </trkpt>
   <trkpt lat="40.7032700" lon="-3.0778940">
    <ele>831.0</ele>
   </trkpt>
   <trkpt lat="40.7032280" lon="-3.0779580">
    <ele>831.0</ele>
   </trkpt>
   <trkpt lat="40.7031820" lon="-3.0780210">
    <ele>830.8</ele>
   </trkpt>
   <trkpt lat="40.7031400" lon="-3.0780800">
    <ele>830.8</ele>
   </trkpt>
   <trkpt lat="40.7030980" lon="-3.0781380">
    <ele>830.8</ele>
   </trkpt>
   <trkpt lat="40.7030530" lon="-3.0781940">
    <ele>831.0</ele>
   </trkpt>
   <trkpt lat="40.7030110" lon="-3.0782510">
    <ele>831.0</ele>
   </trkpt>
   <trkpt lat="40.7029690" lon="-3.0783080">
    <ele>831.2</ele>
   </trkpt>
   <trkpt lat="40.7029270" lon="-3.0783650">
    <ele>831.2</ele>
   </trkpt>
   <trkpt lat="40.7028890" lon="-3.0784230">
    <ele>831.2</ele>
   </trkpt>
   <trkpt lat="40.7028470" lon="-3.0784820">
    <ele>831.0</ele>
   </trkpt>
   <trkpt lat="40.7028050" lon="-3.0785430">
    <ele>831.0</ele>
   </trkpt>
   <trkpt lat="40.7027630" lon="-3.0786060">
    <ele>830.8</ele>
   </trkpt>
   <trkpt lat="40.7027210" lon="-3.0786680">
    <ele>830.8</ele>
   </trkpt>
   <trkpt lat="40.7026790" lon="-3.0787280">
    <ele>830.8</ele>
   </trkpt>
   <trkpt lat="40.7026370" lon="-3.0787870">
    <ele>830.6</ele>
   </trkpt>
   <trkpt lat="40.7025910" lon="-3.0788470">
    <ele>830.4</ele>
   </trkpt>
   <trkpt lat="40.7025450" lon="-3.0789090">
    <ele>830.4</ele>
   </trkpt>
   <trkpt lat="40.7024990" lon="-3.0789720">
    <ele>830.0</ele>
   </trkpt>
   <trkpt lat="40.7024540" lon="-3.0790350">
    <ele>829.6</ele>
   </trkpt>
   <trkpt lat="40.7024040" lon="-3.0791030">
    <ele>829.4</ele>
   </trkpt>
   <trkpt lat="40.7023540" lon="-3.0791720">
    <ele>829.0</ele>
   </trkpt>
   <trkpt lat="40.7023010" lon="-3.0792410">
    <ele>828.6</ele>
   </trkpt>
   <trkpt lat="40.7022510" lon="-3.0793120">
    <ele>828.2</ele>
   </trkpt>
   <trkpt lat="40.7022020" lon="-3.0793850">
    <ele>828.0</ele>
   </trkpt>
   <trkpt lat="40.7021520" lon="-3.0794560">
    <ele>827.6</ele>
   </trkpt>
   <trkpt lat="40.7021060" lon="-3.0795260">
    <ele>827.4</ele>
   </trkpt>
   <trkpt lat="40.7020610" lon="-3.0795970">
    <ele>827.2</ele>
   </trkpt>
   <trkpt lat="40.7020150" lon="-3.0796660">
    <ele>826.8</ele>
   </trkpt>
   <trkpt lat="40.7019690" lon="-3.0797330">
    <ele>826.8</ele>
   </trkpt>
   <trkpt lat="40.7019270" lon="-3.0797980">
    <ele>826.6</ele>
   </trkpt>
   <trkpt lat="40.7018850" lon="-3.0798600">
    <ele>826.6</ele>
   </trkpt>
   <trkpt lat="40.7018430" lon="-3.0799210">
    <ele>826.6</ele>
   </trkpt>
   <trkpt lat="40.7018010" lon="-3.0799830">
    <ele>826.6</ele>
   </trkpt>
   <trkpt lat="40.7017590" lon="-3.0800440">
    <ele>826.8</ele>
   </trkpt>
   <trkpt lat="40.7017210" lon="-3.0801030">
    <ele>826.8</ele>
   </trkpt>
   <trkpt lat="40.7016830" lon="-3.0801580">
    <ele>826.8</ele>
   </trkpt>
   <trkpt lat="40.7016450" lon="-3.0802150">
    <ele>826.8</ele>
   </trkpt>
   <trkpt lat="40.7016070" lon="-3.0802710">
    <ele>826.8</ele>
   </trkpt>
   <trkpt lat="40.7015690" lon="-3.0803250">
    <ele>826.8</ele>
   </trkpt>
   <trkpt lat="40.7015300" lon="-3.0803800">
    <ele>826.8</ele>
   </trkpt>
   <trkpt lat="40.7014920" lon="-3.0804340">
    <ele>826.6</ele>
   </trkpt>
   <trkpt lat="40.7014500" lon="-3.0804880">
    <ele>826.6</ele>
   </trkpt>
   <trkpt lat="40.7014080" lon="-3.0805440">
    <ele>826.6</ele>
   </trkpt>
   <trkpt lat="40.7013700" lon="-3.0806020">
    <ele>826.4</ele>
   </trkpt>
   <trkpt lat="40.7013320" lon="-3.0806580">
    <ele>826.4</ele>
   </trkpt>
   <trkpt lat="40.7012860" lon="-3.0807130">
    <ele>826.2</ele>
   </trkpt>
   <trkpt lat="40.7012410" lon="-3.0807690">
    <ele>826.2</ele>
   </trkpt>
   <trkpt lat="40.7011950" lon="-3.0808260">
    <ele>826.2</ele>
   </trkpt>
   <trkpt lat="40.7011490" lon="-3.0808830">
    <ele>826.2</ele>
   </trkpt>
   <trkpt lat="40.7011030" lon="-3.0809390">
    <ele>826.0</ele>
   </trkpt>
   <trkpt lat="40.7010570" lon="-3.0809940">
    <ele>826.0</ele>
   </trkpt>
   <trkpt lat="40.7010150" lon="-3.0810480">
    <ele>825.8</ele>
   </trkpt>
   <trkpt lat="40.7009700" lon="-3.0811010">
    <ele>825.8</ele>
   </trkpt>
   <trkpt lat="40.7009200" lon="-3.0811530">
    <ele>825.6</ele>
   </trkpt>
   <trkpt lat="40.7008740" lon="-3.0812070">
    <ele>825.6</ele>
   </trkpt>
   <trkpt lat="40.7008250" lon="-3.0812610">
    <ele>825.6</ele>
   </trkpt>
   <trkpt lat="40.7007750" lon="-3.0813120">
    <ele>825.4</ele>
   </trkpt>
   <trkpt lat="40.7007290" lon="-3.0813600">
    <ele>825.4</ele>
   </trkpt>
   <trkpt lat="40.7006840" lon="-3.0814050">
    <ele>825.2</ele>
   </trkpt>
   <trkpt lat="40.7006380" lon="-3.0814540">
    <ele>825.2</ele>
   </trkpt>
   <trkpt lat="40.7005920" lon="-3.0815030">
    <ele>825.0</ele>
   </trkpt>
   <trkpt lat="40.7005460" lon="-3.0815500">
    <ele>825.0</ele>
   </trkpt>
   <trkpt lat="40.7005010" lon="-3.0815960">
    <ele>824.8</ele>
   </trkpt>
   <trkpt lat="40.7004550" lon="-3.0816440">
    <ele>824.6</ele>
   </trkpt>
   <trkpt lat="40.7004090" lon="-3.0816930">
    <ele>824.6</ele>
   </trkpt>
   <trkpt lat="40.7003590" lon="-3.0817390">
    <ele>824.4</ele>
   </trkpt>
   <trkpt lat="40.7003140" lon="-3.0817840">
    <ele>824.2</ele>
   </trkpt>
   <trkpt lat="40.7002680" lon="-3.0818310">
    <ele>823.8</ele>
   </trkpt>
   <trkpt lat="40.7002180" lon="-3.0818790">
    <ele>823.6</ele>
   </trkpt>
   <trkpt lat="40.7001720" lon="-3.0819250">
    <ele>823.6</ele>
   </trkpt>
   <trkpt lat="40.7001300" lon="-3.0819620">
    <ele>823.6</ele>
   </trkpt>
   <trkpt lat="40.7000880" lon="-3.0819950">
    <ele>823.6</ele>
   </trkpt>
   <trkpt lat="40.7000430" lon="-3.0820290">
    <ele>823.4</ele>
   </trkpt>
   <trkpt lat="40.6999970" lon="-3.0820660">
    <ele>823.2</ele>
   </trkpt>
   <trkpt lat="40.6999510" lon="-3.0821040">
    <ele>823.2</ele>
   </trkpt>
   <trkpt lat="40.6999050" lon="-3.0821440">
    <ele>823.0</ele>
   </trkpt>
   <trkpt lat="40.6998560" lon="-3.0821840">
    <ele>822.8</ele>
   </trkpt>
   <trkpt lat="40.6998060" lon="-3.0822240">
    <ele>822.8</ele>
   </trkpt>
   <trkpt lat="40.6997570" lon="-3.0822640">
    <ele>822.6</ele>
   </trkpt>
   <trkpt lat="40.6997070" lon="-3.0823040">
    <ele>822.6</ele>
   </trkpt>
   <trkpt lat="40.6996540" lon="-3.0823430">
    <ele>822.4</ele>
   </trkpt>
   <trkpt lat="40.6996040" lon="-3.0823800">
    <ele>822.4</ele>
   </trkpt>
   <trkpt lat="40.6995510" lon="-3.0824180">
    <ele>822.2</ele>
   </trkpt>
   <trkpt lat="40.6994970" lon="-3.0824580">
    <ele>822.2</ele>
   </trkpt>
   <trkpt lat="40.6994480" lon="-3.0824970">
    <ele>822.0</ele>
   </trkpt>
   <trkpt lat="40.6993980" lon="-3.0825330">
    <ele>822.0</ele>
   </trkpt>
   <trkpt lat="40.6993480" lon="-3.0825670">
    <ele>821.8</ele>
   </trkpt>
   <trkpt lat="40.6992990" lon="-3.0826030">
    <ele>821.6</ele>
   </trkpt>
   <trkpt lat="40.6992490" lon="-3.0826380">
    <ele>821.6</ele>
   </trkpt>
   <trkpt lat="40.6992030" lon="-3.0826690">
    <ele>821.4</ele>
   </trkpt>
   <trkpt lat="40.6991580" lon="-3.0826980">
    <ele>821.4</ele>
   </trkpt>
   <trkpt lat="40.6991120" lon="-3.0827280">
    <ele>821.4</ele>
   </trkpt>
   <trkpt lat="40.6990660" lon="-3.0827600">
    <ele>821.4</ele>
   </trkpt>
   <trkpt lat="40.6990170" lon="-3.0827940">
    <ele>821.2</ele>
   </trkpt>
   <trkpt lat="40.6989710" lon="-3.0828290">
    <ele>821.2</ele>
   </trkpt>
   <trkpt lat="40.6989170" lon="-3.0828650">
    <ele>821.0</ele>
   </trkpt>
   <trkpt lat="40.6988640" lon="-3.0828990">
    <ele>821.0</ele>
   </trkpt>
   <trkpt lat="40.6988110" lon="-3.0829310">
    <ele>820.8</ele>
   </trkpt>
   <trkpt lat="40.6987530" lon="-3.0829650">
    <ele>820.8</ele>
   </trkpt>
   <trkpt lat="40.6987000" lon="-3.0829980">
    <ele>820.8</ele>
   </trkpt>
   <trkpt lat="40.6986470" lon="-3.0830300">
    <ele>820.8</ele>
   </trkpt>
   <trkpt lat="40.6985930" lon="-3.0830620">
    <ele>820.8</ele>
   </trkpt>
   <trkpt lat="40.6985430" lon="-3.0830920">
    <ele>820.6</ele>
   </trkpt>
   <trkpt lat="40.6984980" lon="-3.0831200">
    <ele>820.6</ele>
   </trkpt>
   <trkpt lat="40.6984480" lon="-3.0831460">
    <ele>820.6</ele>
   </trkpt>
   <trkpt lat="40.6984020" lon="-3.0831720">
    <ele>820.6</ele>
   </trkpt>
   <trkpt lat="40.6983530" lon="-3.0831990">
    <ele>820.4</ele>
   </trkpt>
   <trkpt lat="40.6983030" lon="-3.0832240">
    <ele>820.4</ele>
   </trkpt>
   <trkpt lat="40.6982540" lon="-3.0832510">
    <ele>820.2</ele>
   </trkpt>
   <trkpt lat="40.6982000" lon="-3.0832780">
    <ele>820.2</ele>
   </trkpt>
   <trkpt lat="40.6981470" lon="-3.0833040">
    <ele>820.2</ele>
   </trkpt>
   <trkpt lat="40.6980930" lon="-3.0833280">
    <ele>820.4</ele>
   </trkpt>
   <trkpt lat="40.6980400" lon="-3.0833510">
    <ele>820.4</ele>
   </trkpt>
   <trkpt lat="40.6979900" lon="-3.0833770">
    <ele>820.4</ele>
   </trkpt>
   <trkpt lat="40.6979410" lon="-3.0834050">
    <ele>820.4</ele>
   </trkpt>
   <trkpt lat="40.6978950" lon="-3.0834300">
    <ele>820.4</ele>
   </trkpt>
   <trkpt lat="40.6978490" lon="-3.0834500">
    <ele>820.4</ele>
   </trkpt>
   <trkpt lat="40.6978030" lon="-3.0834710">
    <ele>820.6</ele>
   </trkpt>
   <trkpt lat="40.6977580" lon="-3.0834950">
    <ele>820.6</ele>
   </trkpt>
   <trkpt lat="40.6977120" lon="-3.0835210">
    <ele>820.6</ele>
   </trkpt>
   <trkpt lat="40.6976700" lon="-3.0835450">
    <ele>820.6</ele>
   </trkpt>
   <trkpt lat="40.6976240" lon="-3.0835690">
    <ele>820.6</ele>
   </trkpt>
   <trkpt lat="40.6975820" lon="-3.0835890">
    <ele>820.6</ele>
   </trkpt>
   <trkpt lat="40.6975360" lon="-3.0836070">
    <ele>820.4</ele>
   </trkpt>
   <trkpt lat="40.6974870" lon="-3.0836290">
    <ele>820.4</ele>
   </trkpt>
   <trkpt lat="40.6974370" lon="-3.0836500">
    <ele>820.4</ele>
   </trkpt>
   <trkpt lat="40.6973880" lon="-3.0836700">
    <ele>820.4</ele>
   </trkpt>
   <trkpt lat="40.6973380" lon="-3.0836900">
    <ele>820.2</ele>
   </trkpt>
   <trkpt lat="40.6972920" lon="-3.0837130">
    <ele>820.2</ele>
   </trkpt>
   <trkpt lat="40.6972430" lon="-3.0837350">
    <ele>820.2</ele>
   </trkpt>
   <trkpt lat="40.6971890" lon="-3.0837550">
    <ele>820.2</ele>
   </trkpt>
   <trkpt lat="40.6971360" lon="-3.0837750">
    <ele>820.0</ele>
   </trkpt>
   <trkpt lat="40.6970830" lon="-3.0837970">
    <ele>820.0</ele>
   </trkpt>
   <trkpt lat="40.6970290" lon="-3.0838190">
    <ele>820.0</ele>
   </trkpt>
   <trkpt lat="40.6969760" lon="-3.0838400">
    <ele>819.8</ele>
   </trkpt>
   <trkpt lat="40.6969260" lon="-3.0838610">
    <ele>819.8</ele>
   </trkpt>
   <trkpt lat="40.6968730" lon="-3.0838820">
    <ele>819.8</ele>
   </trkpt>
   <trkpt lat="40.6968230" lon="-3.0839020">
    <ele>819.6</ele>
   </trkpt>
   <trkpt lat="40.6967700" lon="-3.0839230">
    <ele>819.6</ele>
   </trkpt>
   <trkpt lat="40.6967120" lon="-3.0839430">
    <ele>819.6</ele>
   </trkpt>
   <trkpt lat="40.6966630" lon="-3.0839650">
    <ele>819.6</ele>
   </trkpt>
   <trkpt lat="40.6966090" lon="-3.0839870">
    <ele>819.4</ele>
   </trkpt>
   <trkpt lat="40.6965600" lon="-3.0840090">
    <ele>819.4</ele>
   </trkpt>
   <trkpt lat="40.6965140" lon="-3.0840290">
    <ele>819.4</ele>
   </trkpt>
   <trkpt lat="40.6964610" lon="-3.0840490">
    <ele>819.2</ele>
   </trkpt>
   <trkpt lat="40.6964070" lon="-3.0840680">
    <ele>819.2</ele>
   </trkpt>
   <trkpt lat="40.6963620" lon="-3.0840870">
    <ele>819.2</ele>
   </trkpt>
   <trkpt lat="40.6963120" lon="-3.0841080">
    <ele>819.2</ele>
   </trkpt>
   <trkpt lat="40.6962660" lon="-3.0841260">
    <ele>819.2</ele>
   </trkpt>
   <trkpt lat="40.6962240" lon="-3.0841460">
    <ele>819.2</ele>
   </trkpt>
   <trkpt lat="40.6961750" lon="-3.0841670">
    <ele>819.2</ele>
   </trkpt>
   <trkpt lat="40.6961290" lon="-3.0841860">
    <ele>819.2</ele>
   </trkpt>
   <trkpt lat="40.6960790" lon="-3.0842060">
    <ele>819.2</ele>
   </trkpt>
   <trkpt lat="40.6960330" lon="-3.0842260">
    <ele>819.0</ele>
   </trkpt>
   <trkpt lat="40.6959840" lon="-3.0842450">
    <ele>819.0</ele>
   </trkpt>
   <trkpt lat="40.6959380" lon="-3.0842640">
    <ele>819.0</ele>
   </trkpt>
   <trkpt lat="40.6958890" lon="-3.0842840">
    <ele>819.0</ele>
   </trkpt>
   <trkpt lat="40.6958350" lon="-3.0843050">
    <ele>819.0</ele>
   </trkpt>
   <trkpt lat="40.6957860" lon="-3.0843290">
    <ele>819.0</ele>
   </trkpt>
   <trkpt lat="40.6957320" lon="-3.0843530">
    <ele>819.0</ele>
   </trkpt>
   <trkpt lat="40.6956790" lon="-3.0843760">
    <ele>819.0</ele>
   </trkpt>
   <trkpt lat="40.6956250" lon="-3.0843960">
    <ele>819.0</ele>
   </trkpt>
   <trkpt lat="40.6955760" lon="-3.0844160">
    <ele>819.0</ele>
   </trkpt>
   <trkpt lat="40.6955220" lon="-3.0844380">
    <ele>818.8</ele>
   </trkpt>
   <trkpt lat="40.6954690" lon="-3.0844600">
    <ele>818.8</ele>
   </trkpt>
   <trkpt lat="40.6954150" lon="-3.0844810">
    <ele>818.8</ele>
   </trkpt>
   <trkpt lat="40.6953620" lon="-3.0845000">
    <ele>818.8</ele>
   </trkpt>
   <trkpt lat="40.6953120" lon="-3.0845200">
    <ele>818.8</ele>
   </trkpt>
   <trkpt lat="40.6952590" lon="-3.0845400">
    <ele>818.8</ele>
   </trkpt>
   <trkpt lat="40.6952060" lon="-3.0845580">
    <ele>818.8</ele>
   </trkpt>
   <trkpt lat="40.6951560" lon="-3.0845730">
    <ele>819.0</ele>
   </trkpt>
   <trkpt lat="40.6951030" lon="-3.0845880">
    <ele>819.0</ele>
   </trkpt>
   <trkpt lat="40.6950530" lon="-3.0846050">
    <ele>819.0</ele>
   </trkpt>
   <trkpt lat="40.6950030" lon="-3.0846240">
    <ele>819.0</ele>
   </trkpt>
   <trkpt lat="40.6949540" lon="-3.0846410">
    <ele>819.0</ele>
   </trkpt>
   <trkpt lat="40.6949040" lon="-3.0846590">
    <ele>819.0</ele>
   </trkpt>
   <trkpt lat="40.6948590" lon="-3.0846790">
    <ele>819.0</ele>
   </trkpt>
   <trkpt lat="40.6948090" lon="-3.0847040">
    <ele>819.0</ele>
   </trkpt>
   <trkpt lat="40.6947560" lon="-3.0847340">
    <ele>819.0</ele>
   </trkpt>
   <trkpt lat="40.6947060" lon="-3.0847640">
    <ele>819.0</ele>
   </trkpt>
   <trkpt lat="40.6946530" lon="-3.0847950">
    <ele>818.8</ele>
   </trkpt>
   <trkpt lat="40.6945990" lon="-3.0848260">
    <ele>818.8</ele>
   </trkpt>
   <trkpt lat="40.6945530" lon="-3.0848540">
    <ele>818.8</ele>
   </trkpt>
   <trkpt lat="40.6945040" lon="-3.0848830">
    <ele>818.8</ele>
   </trkpt>
   <trkpt lat="40.6944540" lon="-3.0849090">
    <ele>818.8</ele>
   </trkpt>
   <trkpt lat="40.6944010" lon="-3.0849330">
    <ele>818.8</ele>
   </trkpt>
   <trkpt lat="40.6943470" lon="-3.0849550">
    <ele>818.8</ele>
   </trkpt>
   <trkpt lat="40.6942900" lon="-3.0849760">
    <ele>818.8</ele>
   </trkpt>
   <trkpt lat="40.6942370" lon="-3.0849960">
    <ele>818.8</ele>
   </trkpt>
   <trkpt lat="40.6941830" lon="-3.0850180">
    <ele>818.8</ele>
   </trkpt>
   <trkpt lat="40.6941260" lon="-3.0850400">
    <ele>819.0</ele>
   </trkpt>
   <trkpt lat="40.6940730" lon="-3.0850620">
    <ele>819.0</ele>
   </trkpt>
   <trkpt lat="40.6940230" lon="-3.0850850">
    <ele>819.0</ele>
   </trkpt>
   <trkpt lat="40.6939700" lon="-3.0851090">
    <ele>819.0</ele>
   </trkpt>
   <trkpt lat="40.6939160" lon="-3.0851320">
    <ele>819.2</ele>
   </trkpt>
   <trkpt lat="40.6938630" lon="-3.0851530">
    <ele>819.2</ele>
   </trkpt>
   <trkpt lat="40.6938090" lon="-3.0851730">
    <ele>819.2</ele>
   </trkpt>
   <trkpt lat="40.6937520" lon="-3.0851930">
    <ele>819.2</ele>
   </trkpt>
   <trkpt lat="40.6937030" lon="-3.0852140">
    <ele>819.2</ele>
   </trkpt>
   <trkpt lat="40.6936490" lon="-3.0852330">
    <ele>819.4</ele>
   </trkpt>
   <trkpt lat="40.6936000" lon="-3.0852520">
    <ele>819.6</ele>
   </trkpt>
   <trkpt lat="40.6935460" lon="-3.0852750">
    <ele>819.8</ele>
   </trkpt>
   <trkpt lat="40.6934930" lon="-3.0852970">
    <ele>819.8</ele>
   </trkpt>
   <trkpt lat="40.6934360" lon="-3.0853170">
    <ele>820.0</ele>
   </trkpt>
   <trkpt lat="40.6933860" lon="-3.0853340">
    <ele>820.2</ele>
   </trkpt>
   <trkpt lat="40.6933400" lon="-3.0853520">
    <ele>820.2</ele>
   </trkpt>
   <trkpt lat="40.6932910" lon="-3.0853700">
    <ele>820.2</ele>
   </trkpt>
   <trkpt lat="40.6932450" lon="-3.0853890">
    <ele>820.2</ele>
   </trkpt>
   <trkpt lat="40.6931950" lon="-3.0854110">
    <ele>820.4</ele>
   </trkpt>
   <trkpt lat="40.6931500" lon="-3.0854340">
    <ele>820.4</ele>
   </trkpt>
   <trkpt lat="40.6931000" lon="-3.0854560">
    <ele>820.4</ele>
   </trkpt>
   <trkpt lat="40.6930540" lon="-3.0854790">
    <ele>820.4</ele>
   </trkpt>
   <trkpt lat="40.6930080" lon="-3.0854980">
    <ele>820.4</ele>
   </trkpt>
   <trkpt lat="40.6929660" lon="-3.0855180">
    <ele>820.2</ele>
   </trkpt>
   <trkpt lat="40.6929250" lon="-3.0855400">
    <ele>820.2</ele>
   </trkpt>
   <trkpt lat="40.6928790" lon="-3.0855620">
    <ele>820.2</ele>
   </trkpt>
   <trkpt lat="40.6928370" lon="-3.0855860">
    <ele>820.0</ele>
   </trkpt>
   <trkpt lat="40.6927910" lon="-3.0856110">
    <ele>819.8</ele>
   </trkpt>
   <trkpt lat="40.6927410" lon="-3.0856350">
    <ele>819.8</ele>
   </trkpt>
   <trkpt lat="40.6926920" lon="-3.0856580">
    <ele>819.8</ele>
   </trkpt>
   <trkpt lat="40.6926420" lon="-3.0856810">
    <ele>819.6</ele>
   </trkpt>
   <trkpt lat="40.6926000" lon="-3.0857060">
    <ele>819.6</ele>
   </trkpt>
   <trkpt lat="40.6925620" lon="-3.0857280">
    <ele>819.4</ele>
   </trkpt>
   <trkpt lat="40.6925240" lon="-3.0857450">
    <ele>819.4</ele>
   </trkpt>
   <trkpt lat="40.6924820" lon="-3.0857580">
    <ele>819.2</ele>
   </trkpt>
   <trkpt lat="40.6924360" lon="-3.0857690">
    <ele>819.2</ele>
   </trkpt>
   <trkpt lat="40.6923940" lon="-3.0857780">
    <ele>819.0</ele>
   </trkpt>
   <trkpt lat="40.6923560" lon="-3.0857820">
    <ele>818.8</ele>
   </trkpt>
   <trkpt lat="40.6923180" lon="-3.0857890">
    <ele>818.6</ele>
   </trkpt>
   <trkpt lat="40.6922760" lon="-3.0857980">
    <ele>818.4</ele>
   </trkpt>
   <trkpt lat="40.6922300" lon="-3.0858110">
    <ele>818.2</ele>
   </trkpt>
   <trkpt lat="40.6921880" lon="-3.0858310">
    <ele>818.0</ele>
   </trkpt>
   <trkpt lat="40.6921390" lon="-3.0858580">
    <ele>817.8</ele>
   </trkpt>
   <trkpt lat="40.6920850" lon="-3.0858870">
    <ele>817.6</ele>
   </trkpt>
   <trkpt lat="40.6920280" lon="-3.0859180">
    <ele>817.4</ele>
   </trkpt>
   <trkpt lat="40.6919670" lon="-3.0859510">
    <ele>817.2</ele>
   </trkpt>
   <trkpt lat="40.6919100" lon="-3.0859830">
    <ele>817.2</ele>
   </trkpt>
   <trkpt lat="40.6918530" lon="-3.0860150">
    <ele>817.0</ele>
   </trkpt>
   <trkpt lat="40.6917990" lon="-3.0860460">
    <ele>817.0</ele>
   </trkpt>
   <trkpt lat="40.6917420" lon="-3.0860750">
    <ele>817.0</ele>
   </trkpt>
   <trkpt lat="40.6916850" lon="-3.0861020">
    <ele>817.0</ele>
   </trkpt>
   <trkpt lat="40.6916280" lon="-3.0861260">
    <ele>817.0</ele>
   </trkpt>
   <trkpt lat="40.6915780" lon="-3.0861500">
    <ele>817.0</ele>
   </trkpt>
   <trkpt lat="40.6915280" lon="-3.0861720">
    <ele>817.0</ele>
   </trkpt>
   <trkpt lat="40.6914790" lon="-3.0861940">
    <ele>817.0</ele>
   </trkpt>
   <trkpt lat="40.6914370" lon="-3.0862150">
    <ele>817.0</ele>
   </trkpt>
   <trkpt lat="40.6913910" lon="-3.0862330">
    <ele>817.0</ele>
   </trkpt>
   <trkpt lat="40.6913450" lon="-3.0862510">
    <ele>817.0</ele>
   </trkpt>
   <trkpt lat="40.6913030" lon="-3.0862680">
    <ele>817.0</ele>
   </trkpt>
   <trkpt lat="40.6912650" lon="-3.0862870">
    <ele>817.0</ele>
   </trkpt>
   <trkpt lat="40.6912270" lon="-3.0863050">
    <ele>817.0</ele>
   </trkpt>
   <trkpt lat="40.6911930" lon="-3.0863200">
    <ele>817.0</ele>
   </trkpt>
   <trkpt lat="40.6911620" lon="-3.0863340">
    <ele>817.2</ele>
   </trkpt>
   <trkpt lat="40.6911350" lon="-3.0863460">
    <ele>817.2</ele>
   </trkpt>
   <trkpt lat="40.6911200" lon="-3.0863510">
    <ele>817.2</ele>
   </trkpt>
   <trkpt lat="40.6910930" lon="-3.0863590">
    <ele>817.6</ele>
   </trkpt>
   <trkpt lat="40.6910780" lon="-3.0863660">
    <ele>817.6</ele>
   </trkpt>
   <trkpt lat="40.6910590" lon="-3.0863710">
    <ele>817.4</ele>
   </trkpt>
   <trkpt lat="40.6910360" lon="-3.0863760">
    <ele>817.4</ele>
   </trkpt>
   <trkpt lat="40.6910130" lon="-3.0863830">
    <ele>817.4</ele>
   </trkpt>
   <trkpt lat="40.6909870" lon="-3.0863910">
    <ele>817.4</ele>
   </trkpt>
   <trkpt lat="40.6909600" lon="-3.0864040">
    <ele>817.6</ele>
   </trkpt>
   <trkpt lat="40.6909330" lon="-3.0864160">
    <ele>817.4</ele>
   </trkpt>
   <trkpt lat="40.6909060" lon="-3.0864260">
    <ele>817.4</ele>
   </trkpt>
   <trkpt lat="40.6908760" lon="-3.0864380">
    <ele>817.4</ele>
   </trkpt>
   <trkpt lat="40.6908420" lon="-3.0864530">
    <ele>817.2</ele>
   </trkpt>
   <trkpt lat="40.6908030" lon="-3.0864690">
    <ele>817.0</ele>
   </trkpt>
   <trkpt lat="40.6907580" lon="-3.0864850">
    <ele>816.8</ele>
   </trkpt>
   <trkpt lat="40.6907120" lon="-3.0865040">
    <ele>816.6</ele>
   </trkpt>
   <trkpt lat="40.6906620" lon="-3.0865270">
    <ele>816.6</ele>
   </trkpt>
   <trkpt lat="40.6906130" lon="-3.0865500">
    <ele>816.4</ele>
   </trkpt>
   <trkpt lat="40.6905630" lon="-3.0865740">
    <ele>816.4</ele>
   </trkpt>
   <trkpt lat="40.6905140" lon="-3.0866000">
    <ele>816.2</ele>
   </trkpt>
   <trkpt lat="40.6904640" lon="-3.0866270">
    <ele>816.2</ele>
   </trkpt>
   <trkpt lat="40.6904110" lon="-3.0866530">
    <ele>816.2</ele>
   </trkpt>
   <trkpt lat="40.6903570" lon="-3.0866790">
    <ele>816.0</ele>
   </trkpt>
   <trkpt lat="40.6903080" lon="-3.0867060">
    <ele>816.0</ele>
   </trkpt>
   <trkpt lat="40.6902540" lon="-3.0867340">
    <ele>816.0</ele>
   </trkpt>
   <trkpt lat="40.6902010" lon="-3.0867600">
    <ele>815.8</ele>
   </trkpt>
   <trkpt lat="40.6901470" lon="-3.0867850">
    <ele>815.8</ele>
   </trkpt>
   <trkpt lat="40.6900940" lon="-3.0868080">
    <ele>815.8</ele>
   </trkpt>
   <trkpt lat="40.6900410" lon="-3.0868330">
    <ele>815.6</ele>
   </trkpt>
   <trkpt lat="40.6899910" lon="-3.0868610">
    <ele>815.6</ele>
   </trkpt>
   <trkpt lat="40.6899410" lon="-3.0868880">
    <ele>815.6</ele>
   </trkpt>
   <trkpt lat="40.6898960" lon="-3.0869130">
    <ele>815.6</ele>
   </trkpt>
   <trkpt lat="40.6898460" lon="-3.0869390">
    <ele>815.8</ele>
   </trkpt>
   <trkpt lat="40.6898000" lon="-3.0869640">
    <ele>815.8</ele>
   </trkpt>
   <trkpt lat="40.6897470" lon="-3.0869880">
    <ele>815.6</ele>
   </trkpt>
   <trkpt lat="40.6896930" lon="-3.0870080">
    <ele>815.6</ele>
   </trkpt>
   <trkpt lat="40.6896360" lon="-3.0870310">
    <ele>815.4</ele>
   </trkpt>
   <trkpt lat="40.6895830" lon="-3.0870520">
    <ele>815.2</ele>
   </trkpt>
   <trkpt lat="40.6895260" lon="-3.0870750">
    <ele>815.2</ele>
   </trkpt>
   <trkpt lat="40.6894720" lon="-3.0870990">
    <ele>815.0</ele>
   </trkpt>
   <trkpt lat="40.6894190" lon="-3.0871210">
    <ele>814.8</ele>
   </trkpt>
   <trkpt lat="40.6893580" lon="-3.0871480">
    <ele>814.6</ele>
   </trkpt>
   <trkpt lat="40.6893010" lon="-3.0871750">
    <ele>814.4</ele>
   </trkpt>
   <trkpt lat="40.6892470" lon="-3.0872010">
    <ele>814.4</ele>
   </trkpt>
   <trkpt lat="40.6891940" lon="-3.0872270">
    <ele>814.2</ele>
   </trkpt>
   <trkpt lat="40.6891400" lon="-3.0872550">
    <ele>814.2</ele>
   </trkpt>
   <trkpt lat="40.6890870" lon="-3.0872820">
    <ele>814.0</ele>
   </trkpt>
   <trkpt lat="40.6890330" lon="-3.0873090">
    <ele>814.0</ele>
   </trkpt>
   <trkpt lat="40.6889840" lon="-3.0873360">
    <ele>813.8</ele>
   </trkpt>
   <trkpt lat="40.6889300" lon="-3.0873630">
    <ele>813.6</ele>
   </trkpt>
   <trkpt lat="40.6888770" lon="-3.0873910">
    <ele>813.6</ele>
   </trkpt>
   <trkpt lat="40.6888240" lon="-3.0874210">
    <ele>813.4</ele>
   </trkpt>
   <trkpt lat="40.6887660" lon="-3.0874500">
    <ele>813.2</ele>
   </trkpt>
   <trkpt lat="40.6887130" lon="-3.0874760">
    <ele>813.2</ele>
   </trkpt>
   <trkpt lat="40.6886560" lon="-3.0875030">
    <ele>813.2</ele>
   </trkpt>
   <trkpt lat="40.6886020" lon="-3.0875300">
    <ele>813.2</ele>
   </trkpt>
   <trkpt lat="40.6885490" lon="-3.0875580">
    <ele>813.2</ele>
   </trkpt>
   <trkpt lat="40.6884960" lon="-3.0875880">
    <ele>813.2</ele>
   </trkpt>
   <trkpt lat="40.6884420" lon="-3.0876200">
    <ele>813.2</ele>
   </trkpt>
   <trkpt lat="40.6883890" lon="-3.0876540">
    <ele>813.2</ele>
   </trkpt>
   <trkpt lat="40.6883350" lon="-3.0876850">
    <ele>813.2</ele>
   </trkpt>
   <trkpt lat="40.6882820" lon="-3.0877150">
    <ele>813.2</ele>
   </trkpt>
   <trkpt lat="40.6882320" lon="-3.0877450">
    <ele>813.4</ele>
   </trkpt>
   <trkpt lat="40.6881870" lon="-3.0877750">
    <ele>813.4</ele>
   </trkpt>
   <trkpt lat="40.6881410" lon="-3.0878060">
    <ele>813.4</ele>
   </trkpt>
   <trkpt lat="40.6880910" lon="-3.0878360">
    <ele>813.6</ele>
   </trkpt>
   <trkpt lat="40.6880450" lon="-3.0878630">
    <ele>813.6</ele>
   </trkpt>
   <trkpt lat="40.6880000" lon="-3.0878890">
    <ele>813.4</ele>
   </trkpt>
   <trkpt lat="40.6879500" lon="-3.0879090">
    <ele>813.4</ele>
   </trkpt>
   <trkpt lat="40.6878970" lon="-3.0879260">
    <ele>813.4</ele>
   </trkpt>
   <trkpt lat="40.6878430" lon="-3.0879360">
    <ele>813.4</ele>
   </trkpt>
   <trkpt lat="40.6877900" lon="-3.0879400">
    <ele>813.2</ele>
   </trkpt>
   <trkpt lat="40.6877360" lon="-3.0879390">
    <ele>813.2</ele>
   </trkpt>
   <trkpt lat="40.6876830" lon="-3.0879340">
    <ele>813.2</ele>
   </trkpt>
   <trkpt lat="40.6876300" lon="-3.0879230">
    <ele>813.0</ele>
   </trkpt>
   <trkpt lat="40.6875800" lon="-3.0879100">
    <ele>813.0</ele>
   </trkpt>
   <trkpt lat="40.6875340" lon="-3.0878970">
    <ele>813.0</ele>
   </trkpt>
   <trkpt lat="40.6874890" lon="-3.0878830">
    <ele>813.0</ele>
   </trkpt>
   <trkpt lat="40.6874470" lon="-3.0878710">
    <ele>813.2</ele>
   </trkpt>
   <trkpt lat="40.6874050" lon="-3.0878620">
    <ele>813.0</ele>
   </trkpt>
   <trkpt lat="40.6873630" lon="-3.0878550">
    <ele>813.0</ele>
   </trkpt>
   <trkpt lat="40.6873210" lon="-3.0878470">
    <ele>813.0</ele>
   </trkpt>
   <trkpt lat="40.6872790" lon="-3.0878370">
    <ele>812.8</ele>
   </trkpt>
   <trkpt lat="40.6872370" lon="-3.0878250">
    <ele>812.6</ele>
   </trkpt>
   <trkpt lat="40.6871910" lon="-3.0878080">
    <ele>812.4</ele>
   </trkpt>
   <trkpt lat="40.6871450" lon="-3.0877930">
    <ele>812.2</ele>
   </trkpt>
   <trkpt lat="40.6870920" lon="-3.0877810">
    <ele>812.0</ele>
   </trkpt>
   <trkpt lat="40.6870380" lon="-3.0877740">
    <ele>811.8</ele>
   </trkpt>
   <trkpt lat="40.6869850" lon="-3.0877730">
    <ele>811.6</ele>
   </trkpt>
   <trkpt lat="40.6869320" lon="-3.0877810">
    <ele>811.4</ele>
   </trkpt>
   <trkpt lat="40.6868820" lon="-3.0877980">
    <ele>811.2</ele>
   </trkpt>
   <trkpt lat="40.6868360" lon="-3.0878190">
    <ele>811.0</ele>
   </trkpt>
   <trkpt lat="40.6867900" lon="-3.0878430">
    <ele>810.8</ele>
   </trkpt>
   <trkpt lat="40.6867410" lon="-3.0878720">
    <ele>810.4</ele>
   </trkpt>
   <trkpt lat="40.6866870" lon="-3.0879060">
    <ele>810.2</ele>
   </trkpt>
   <trkpt lat="40.6866300" lon="-3.0879430">
    <ele>810.0</ele>
   </trkpt>
   <trkpt lat="40.6865730" lon="-3.0879810">
    <ele>809.8</ele>
   </trkpt>
   <trkpt lat="40.6865200" lon="-3.0880220">
    <ele>809.8</ele>
   </trkpt>
   <trkpt lat="40.6864700" lon="-3.0880630">
    <ele>809.8</ele>
   </trkpt>
   <trkpt lat="40.6864200" lon="-3.0881020">
    <ele>809.6</ele>
   </trkpt>
   <trkpt lat="40.6863670" lon="-3.0881370">
    <ele>809.6</ele>
   </trkpt>
   <trkpt lat="40.6863140" lon="-3.0881770">
    <ele>809.4</ele>
   </trkpt>
   <trkpt lat="40.6862640" lon="-3.0882190">
    <ele>809.4</ele>
   </trkpt>
   <trkpt lat="40.6862300" lon="-3.0882640">
    <ele>809.4</ele>
   </trkpt>
   <trkpt lat="40.6862070" lon="-3.0883110">
    <ele>809.6</ele>
   </trkpt>
   <trkpt lat="40.6861950" lon="-3.0883560">
    <ele>809.8</ele>
   </trkpt>
   <trkpt lat="40.6862030" lon="-3.0883950">
    <ele>810.0</ele>
   </trkpt>
   <trkpt lat="40.6862220" lon="-3.0884230">
    <ele>810.2</ele>
   </trkpt>
   <trkpt lat="40.6862490" lon="-3.0884400">
    <ele>810.2</ele>
   </trkpt>
   <trkpt lat="40.6862870" lon="-3.0884540">
    <ele>810.2</ele>
   </trkpt>
   <trkpt lat="40.6863330" lon="-3.0884740">
    <ele>810.2</ele>
   </trkpt>
   <trkpt lat="40.6863710" lon="-3.0885090">
    <ele>810.2</ele>
   </trkpt>
   <trkpt lat="40.6864050" lon="-3.0885560">
    <ele>810.0</ele>
   </trkpt>
   <trkpt lat="40.6864280" lon="-3.0886140">
    <ele>810.0</ele>
   </trkpt>
   <trkpt lat="40.6864280" lon="-3.0886770">
    <ele>810.0</ele>
   </trkpt>
   <trkpt lat="40.6864200" lon="-3.0887400">
    <ele>810.0</ele>
   </trkpt>
   <trkpt lat="40.6864010" lon="-3.0888000">
    <ele>809.8</ele>
   </trkpt>
   <trkpt lat="40.6863590" lon="-3.0888510">
    <ele>809.8</ele>
   </trkpt>
   <trkpt lat="40.6863140" lon="-3.0888910">
    <ele>809.6</ele>
   </trkpt>
   <trkpt lat="40.6862640" lon="-3.0889140">
    <ele>809.4</ele>
   </trkpt>
   <trkpt lat="40.6862110" lon="-3.0889180">
    <ele>809.4</ele>
   </trkpt>
   <trkpt lat="40.6861530" lon="-3.0888990">
    <ele>809.2</ele>
   </trkpt>
   <trkpt lat="40.6860920" lon="-3.0888660">
    <ele>809.2</ele>
   </trkpt>
   <trkpt lat="40.6860430" lon="-3.0888410">
    <ele>809.0</ele>
   </trkpt>
   <trkpt lat="40.6859930" lon="-3.0888360">
    <ele>809.0</ele>
   </trkpt>
   <trkpt lat="40.6859470" lon="-3.0888470">
    <ele>809.0</ele>
   </trkpt>
   <trkpt lat="40.6859090" lon="-3.0888720">
    <ele>809.0</ele>
   </trkpt>
   <trkpt lat="40.6858710" lon="-3.0889110">
    <ele>809.0</ele>
   </trkpt>
   <trkpt lat="40.6858410" lon="-3.0889580">
    <ele>809.0</ele>
   </trkpt>
   <trkpt lat="40.6858180" lon="-3.0890100">
    <ele>809.0</ele>
   </trkpt>
   <trkpt lat="40.6857990" lon="-3.0890610">
    <ele>809.0</ele>
   </trkpt>
   <trkpt lat="40.6857800" lon="-3.0891120">
    <ele>809.0</ele>
   </trkpt>
   <trkpt lat="40.6857640" lon="-3.0891590">
    <ele>809.2</ele>
   </trkpt>
   <trkpt lat="40.6857570" lon="-3.0892030">
    <ele>809.2</ele>
   </trkpt>
   <trkpt lat="40.6857490" lon="-3.0892400">
    <ele>809.4</ele>
   </trkpt>
   <trkpt lat="40.6857410" lon="-3.0892620">
    <ele>809.4</ele>
   </trkpt>
   <trkpt lat="40.6857480" lon="-3.0891850">
    <ele>809.6</ele>
   </trkpt>
   <trkpt lat="40.6857570" lon="-3.0890980">
    <ele>809.6</ele>
   </trkpt>
   <trkpt lat="40.6857670" lon="-3.0890100">
    <ele>809.8</ele>
   </trkpt>
   <trkpt lat="40.6857760" lon="-3.0889220">
    <ele>809.8</ele>
   </trkpt>
   <trkpt lat="40.6857990" lon="-3.0888730">
    <ele>809.8</ele>
   </trkpt>
   <trkpt lat="40.6858290" lon="-3.0888250">
    <ele>809.8</ele>
   </trkpt>
   <trkpt lat="40.6858600" lon="-3.0887800">
    <ele>810.0</ele>
   </trkpt>
   <trkpt lat="40.6858860" lon="-3.0887400">
    <ele>810.0</ele>
   </trkpt>
   <trkpt lat="40.6859170" lon="-3.0886990">
    <ele>810.0</ele>
   </trkpt>
   <trkpt lat="40.6859440" lon="-3.0886580">
    <ele>810.0</ele>
   </trkpt>
   <trkpt lat="40.6859700" lon="-3.0886180">
    <ele>810.0</ele>
   </trkpt>
   <trkpt lat="40.6860010" lon="-3.0885760">
    <ele>810.0</ele>
   </trkpt>
   <trkpt lat="40.6860270" lon="-3.0885340">
    <ele>810.0</ele>
   </trkpt>
   <trkpt lat="40.6860500" lon="-3.0884950">
    <ele>810.2</ele>
   </trkpt>
   <trkpt lat="40.6860850" lon="-3.0884630">
    <ele>810.2</ele>
   </trkpt>
   <trkpt lat="40.6861190" lon="-3.0884370">
    <ele>810.2</ele>
   </trkpt>
   <trkpt lat="40.6861570" lon="-3.0884150">
    <ele>810.4</ele>
   </trkpt>
   <trkpt lat="40.6861990" lon="-3.0883990">
    <ele>810.4</ele>
   </trkpt>
   <trkpt lat="40.6862410" lon="-3.0883880">
    <ele>810.4</ele>
   </trkpt>
   <trkpt lat="40.6862790" lon="-3.0883860">
    <ele>810.6</ele>
   </trkpt>
   <trkpt lat="40.6863210" lon="-3.0883950">
    <ele>810.6</ele>
   </trkpt>
   <trkpt lat="40.6863590" lon="-3.0884150">
    <ele>810.6</ele>
   </trkpt>
   <trkpt lat="40.6863940" lon="-3.0884450">
    <ele>810.8</ele>
   </trkpt>
   <trkpt lat="40.6864200" lon="-3.0884890">
    <ele>810.8</ele>
   </trkpt>
   <trkpt lat="40.6864470" lon="-3.0885410">
    <ele>810.8</ele>
   </trkpt>
   <trkpt lat="40.6864620" lon="-3.0885960">
    <ele>810.8</ele>
   </trkpt>
   <trkpt lat="40.6864700" lon="-3.0886580">
    <ele>810.8</ele>
   </trkpt>
   <trkpt lat="40.6864740" lon="-3.0887240">
    <ele>810.8</ele>
   </trkpt>
   <trkpt lat="40.6864700" lon="-3.0887920">
    <ele>810.6</ele>
   </trkpt>
   <trkpt lat="40.6864740" lon="-3.0888590">
    <ele>810.6</ele>
   </trkpt>
   <trkpt lat="40.6864850" lon="-3.0889240">
    <ele>810.4</ele>
   </trkpt>
   <trkpt lat="40.6865010" lon="-3.0889880">
    <ele>810.2</ele>
   </trkpt>
   <trkpt lat="40.6865310" lon="-3.0890530">
    <ele>810.2</ele>
   </trkpt>
   <trkpt lat="40.6865650" lon="-3.0891130">
    <ele>810.2</ele>
   </trkpt>
   <trkpt lat="40.6865880" lon="-3.0891580">
    <ele>810.2</ele>
   </trkpt>
   <trkpt lat="40.6866070" lon="-3.0891970">
    <ele>810.2</ele>
   </trkpt>
   <trkpt lat="40.6866260" lon="-3.0892370">
    <ele>810.2</ele>
   </trkpt>
   <trkpt lat="40.6866490" lon="-3.0892740">
    <ele>810.2</ele>
   </trkpt>
   <trkpt lat="40.6866800" lon="-3.0893280">
    <ele>810.2</ele>
   </trkpt>
   <trkpt lat="40.6867180" lon="-3.0893940">
    <ele>810.2</ele>
   </trkpt>
   <trkpt lat="40.6867480" lon="-3.0894600">
    <ele>810.2</ele>
   </trkpt>
   <trkpt lat="40.6867830" lon="-3.0895200">
    <ele>810.2</ele>
   </trkpt>
   <trkpt lat="40.6868250" lon="-3.0895790">
    <ele>810.2</ele>
   </trkpt>
   <trkpt lat="40.6868670" lon="-3.0896390">
    <ele>810.2</ele>
   </trkpt>
   <trkpt lat="40.6869050" lon="-3.0896910">
    <ele>810.2</ele>
   </trkpt>
   <trkpt lat="40.6869320" lon="-3.0897380">
    <ele>810.2</ele>
   </trkpt>
   <trkpt lat="40.6869510" lon="-3.0897860">
    <ele>810.2</ele>
   </trkpt>
   <trkpt lat="40.6869810" lon="-3.0898380">
    <ele>810.2</ele>
   </trkpt>
   <trkpt lat="40.6870120" lon="-3.0898800">
    <ele>810.2</ele>
   </trkpt>
   <trkpt lat="40.6870500" lon="-3.0899080">
    <ele>810.2</ele>
   </trkpt>
   <trkpt lat="40.6870960" lon="-3.0899250">
    <ele>810.4</ele>
   </trkpt>
   <trkpt lat="40.6871380" lon="-3.0899400">
    <ele>810.6</ele>
   </trkpt>
   <trkpt lat="40.6871800" lon="-3.0899600">
    <ele>810.6</ele>
   </trkpt>
   <trkpt lat="40.6872180" lon="-3.0899910">
    <ele>810.6</ele>
   </trkpt>
   <trkpt lat="40.6872480" lon="-3.0900320">
    <ele>810.8</ele>
   </trkpt>
   <trkpt lat="40.6872710" lon="-3.0900800">
    <ele>810.8</ele>
   </trkpt>
   <trkpt lat="40.6872900" lon="-3.0901320">
    <ele>811.0</ele>
   </trkpt>
   <trkpt lat="40.6873020" lon="-3.0901860">
    <ele>811.0</ele>
   </trkpt>
   <trkpt lat="40.6873020" lon="-3.0902380">
    <ele>811.0</ele>
   </trkpt>
   <trkpt lat="40.6872940" lon="-3.0902900">
    <ele>811.2</ele>
   </trkpt>
   <trkpt lat="40.6872750" lon="-3.0903410">
    <ele>811.2</ele>
   </trkpt>
   <trkpt lat="40.6872520" lon="-3.0903890">
    <ele>811.2</ele>
   </trkpt>
   <trkpt lat="40.6872180" lon="-3.0904280">
    <ele>811.2</ele>
   </trkpt>
   <trkpt lat="40.6871720" lon="-3.0904560">
    <ele>811.2</ele>
   </trkpt>
   <trkpt lat="40.6871220" lon="-3.0904710">
    <ele>811.2</ele>
   </trkpt>
   <trkpt lat="40.6870770" lon="-3.0904710">
    <ele>811.0</ele>
   </trkpt>
   <trkpt lat="40.6870310" lon="-3.0904560">
    <ele>811.0</ele>
   </trkpt>
   <trkpt lat="40.6869930" lon="-3.0904280">
    <ele>811.0</ele>
   </trkpt>
   <trkpt lat="40.6869550" lon="-3.0903860">
    <ele>811.0</ele>
   </trkpt>
   <trkpt lat="40.6869280" lon="-3.0903380">
    <ele>810.8</ele>
   </trkpt>
   <trkpt lat="40.6869050" lon="-3.0902850">
    <ele>810.8</ele>
   </trkpt>
   <trkpt lat="40.6868900" lon="-3.0902300">
    <ele>810.8</ele>
   </trkpt>
   <trkpt lat="40.6868820" lon="-3.0901740">
    <ele>810.8</ele>
   </trkpt>
   <trkpt lat="40.6868860" lon="-3.0901170">
    <ele>810.6</ele>
   </trkpt>
   <trkpt lat="40.6868900" lon="-3.0900610">
    <ele>810.6</ele>
   </trkpt>
   <trkpt lat="40.6868930" lon="-3.0900070">
    <ele>810.6</ele>
   </trkpt>
   <trkpt lat="40.6868900" lon="-3.0899530">
    <ele>810.6</ele>
   </trkpt>
   <trkpt lat="40.6868740" lon="-3.0899010">
    <ele>810.4</ele>
   </trkpt>
   <trkpt lat="40.6868480" lon="-3.0898510">
    <ele>810.4</ele>
   </trkpt>
   <trkpt lat="40.6868250" lon="-3.0898010">
    <ele>810.2</ele>
   </trkpt>
   <trkpt lat="40.6867980" lon="-3.0897540">
    <ele>810.2</ele>
   </trkpt>
   <trkpt lat="40.6867710" lon="-3.0897080">
    <ele>810.0</ele>
   </trkpt>
   <trkpt lat="40.6867410" lon="-3.0896600">
    <ele>810.0</ele>
   </trkpt>
   <trkpt lat="40.6867100" lon="-3.0896050">
    <ele>809.8</ele>
   </trkpt>
   <trkpt lat="40.6866840" lon="-3.0895480">
    <ele>809.8</ele>
   </trkpt>
   <trkpt lat="40.6866450" lon="-3.0894860">
    <ele>809.6</ele>
   </trkpt>
   <trkpt lat="40.6866150" lon="-3.0894400">
    <ele>809.6</ele>
   </trkpt>
   <trkpt lat="40.6865880" lon="-3.0893920">
    <ele>809.4</ele>
   </trkpt>
   <trkpt lat="40.6865500" lon="-3.0893320">
    <ele>809.4</ele>
   </trkpt>
   <trkpt lat="40.6865160" lon="-3.0892780">
    <ele>809.2</ele>
   </trkpt>
   <trkpt lat="40.6864850" lon="-3.0892270">
    <ele>809.2</ele>
   </trkpt>
   <trkpt lat="40.6864620" lon="-3.0891820">
    <ele>809.2</ele>
   </trkpt>
   <trkpt lat="40.6864240" lon="-3.0891010">
    <ele>809.2</ele>
   </trkpt>
   <trkpt lat="40.6863860" lon="-3.0890190">
    <ele>809.2</ele>
   </trkpt>
   <trkpt lat="40.6863520" lon="-3.0889720">
    <ele>809.2</ele>
   </trkpt>
   <trkpt lat="40.6863100" lon="-3.0889360">
    <ele>809.2</ele>
   </trkpt>
   <trkpt lat="40.6862640" lon="-3.0889060">
    <ele>809.2</ele>
   </trkpt>
   <trkpt lat="40.6862140" lon="-3.0888870">
    <ele>809.2</ele>
   </trkpt>
   <trkpt lat="40.6861650" lon="-3.0888670">
    <ele>809.2</ele>
   </trkpt>
   <trkpt lat="40.6861190" lon="-3.0888400">
    <ele>809.2</ele>
   </trkpt>
   <trkpt lat="40.6860770" lon="-3.0888160">
    <ele>809.2</ele>
   </trkpt>
   <trkpt lat="40.6860310" lon="-3.0888020">
    <ele>809.2</ele>
   </trkpt>
   <trkpt lat="40.6859860" lon="-3.0888010">
    <ele>809.2</ele>
   </trkpt>
   <trkpt lat="40.6859360" lon="-3.0888170">
    <ele>809.2</ele>
   </trkpt>
   <trkpt lat="40.6858900" lon="-3.0888490">
    <ele>809.2</ele>
   </trkpt>
   <trkpt lat="40.6858520" lon="-3.0888940">
    <ele>809.0</ele>
   </trkpt>
   <trkpt lat="40.6858140" lon="-3.0889510">
    <ele>809.0</ele>
   </trkpt>
   <trkpt lat="40.6857800" lon="-3.0890190">
    <ele>809.0</ele>
   </trkpt>
   <trkpt lat="40.6857570" lon="-3.0890860">
    <ele>809.0</ele>
   </trkpt>
   <trkpt lat="40.6857340" lon="-3.0891520">
    <ele>809.0</ele>
   </trkpt>
   <trkpt lat="40.6857110" lon="-3.0892160">
    <ele>809.0</ele>
   </trkpt>
   <trkpt lat="40.6856920" lon="-3.0892780">
    <ele>809.0</ele>
   </trkpt>
   <trkpt lat="40.6856690" lon="-3.0893400">
    <ele>809.2</ele>
   </trkpt>
   <trkpt lat="40.6856460" lon="-3.0893980">
    <ele>809.2</ele>
   </trkpt>
   <trkpt lat="40.6856190" lon="-3.0894520">
    <ele>809.2</ele>
   </trkpt>
   <trkpt lat="40.6855850" lon="-3.0895040">
    <ele>809.2</ele>
   </trkpt>
   <trkpt lat="40.6855510" lon="-3.0895520">
    <ele>809.2</ele>
   </trkpt>
   <trkpt lat="40.6855160" lon="-3.0895920">
    <ele>809.2</ele>
   </trkpt>
   <trkpt lat="40.6854780" lon="-3.0896260">
    <ele>809.2</ele>
   </trkpt>
   <trkpt lat="40.6854440" lon="-3.0896560">
    <ele>809.2</ele>
   </trkpt>
   <trkpt lat="40.6854100" lon="-3.0896840">
    <ele>809.0</ele>
   </trkpt>
   <trkpt lat="40.6853680" lon="-3.0897100">
    <ele>809.0</ele>
   </trkpt>
   <trkpt lat="40.6853220" lon="-3.0897380">
    <ele>808.8</ele>
   </trkpt>
   <trkpt lat="40.6852760" lon="-3.0897660">
    <ele>808.8</ele>
   </trkpt>
   <trkpt lat="40.6852260" lon="-3.0897950">
    <ele>808.6</ele>
   </trkpt>
   <trkpt lat="40.6851810" lon="-3.0898230">
    <ele>808.4</ele>
   </trkpt>
   <trkpt lat="40.6851310" lon="-3.0898500">
    <ele>808.4</ele>
   </trkpt>
   <trkpt lat="40.6850780" lon="-3.0898760">
    <ele>808.2</ele>
   </trkpt>
   <trkpt lat="40.6850280" lon="-3.0899020">
    <ele>808.0</ele>
   </trkpt>
   <trkpt lat="40.6849780" lon="-3.0899300">
    <ele>808.0</ele>
   </trkpt>
   <trkpt lat="40.6849330" lon="-3.0899580">
    <ele>807.8</ele>
   </trkpt>
   <trkpt lat="40.6848790" lon="-3.0899900">
    <ele>807.8</ele>
   </trkpt>
   <trkpt lat="40.6848370" lon="-3.0900160">
    <ele>807.6</ele>
   </trkpt>
   <trkpt lat="40.6847950" lon="-3.0900430">
    <ele>807.6</ele>
   </trkpt>
   <trkpt lat="40.6847530" lon="-3.0900730">
    <ele>807.6</ele>
   </trkpt>
   <trkpt lat="40.6847080" lon="-3.0901010">
    <ele>807.4</ele>
   </trkpt>
   <trkpt lat="40.6846580" lon="-3.0901280">
    <ele>807.4</ele>
   </trkpt>
   <trkpt lat="40.6846160" lon="-3.0901590">
    <ele>807.2</ele>
   </trkpt>
   <trkpt lat="40.6845700" lon="-3.0901900">
    <ele>807.2</ele>
   </trkpt>
   <trkpt lat="40.6845280" lon="-3.0902210">
    <ele>807.2</ele>
   </trkpt>
   <trkpt lat="40.6844860" lon="-3.0902510">
    <ele>807.0</ele>
   </trkpt>
   <trkpt lat="40.6844410" lon="-3.0902780">
    <ele>807.0</ele>
   </trkpt>
   <trkpt lat="40.6843950" lon="-3.0903000">
    <ele>806.8</ele>
   </trkpt>
   <trkpt lat="40.6843490" lon="-3.0903210">
    <ele>806.8</ele>
   </trkpt>
   <trkpt lat="40.6843030" lon="-3.0903440">
    <ele>806.8</ele>
   </trkpt>
   <trkpt lat="40.6842570" lon="-3.0903690">
    <ele>806.6</ele>
   </trkpt>
   <trkpt lat="40.6842120" lon="-3.0903960">
    <ele>806.6</ele>
   </trkpt>
   <trkpt lat="40.6841660" lon="-3.0904260">
    <ele>806.4</ele>
   </trkpt>
   <trkpt lat="40.6841200" lon="-3.0904550">
    <ele>806.2</ele>
   </trkpt>
   <trkpt lat="40.6840740" lon="-3.0904840">
    <ele>806.2</ele>
   </trkpt>
   <trkpt lat="40.6840290" lon="-3.0905140">
    <ele>806.2</ele>
   </trkpt>
   <trkpt lat="40.6839790" lon="-3.0905450">
    <ele>806.0</ele>
   </trkpt>
   <trkpt lat="40.6839260" lon="-3.0905750">
    <ele>806.0</ele>
   </trkpt>
   <trkpt lat="40.6838680" lon="-3.0906060">
    <ele>805.8</ele>
   </trkpt>
   <trkpt lat="40.6838150" lon="-3.0906410">
    <ele>805.8</ele>
   </trkpt>
   <trkpt lat="40.6837650" lon="-3.0906780">
    <ele>805.6</ele>
   </trkpt>
   <trkpt lat="40.6837160" lon="-3.0907160">
    <ele>805.6</ele>
   </trkpt>
   <trkpt lat="40.6836660" lon="-3.0907500">
    <ele>805.4</ele>
   </trkpt>
   <trkpt lat="40.6836170" lon="-3.0907800">
    <ele>805.4</ele>
   </trkpt>
   <trkpt lat="40.6835710" lon="-3.0908070">
    <ele>805.4</ele>
   </trkpt>
   <trkpt lat="40.6835250" lon="-3.0908340">
    <ele>805.4</ele>
   </trkpt>
   <trkpt lat="40.6834790" lon="-3.0908670">
    <ele>805.4</ele>
   </trkpt>
   <trkpt lat="40.6834410" lon="-3.0909070">
    <ele>805.2</ele>
   </trkpt>
   <trkpt lat="40.6834070" lon="-3.0909460">
    <ele>805.2</ele>
   </trkpt>
   <trkpt lat="40.6833650" lon="-3.0909860">
    <ele>805.2</ele>
   </trkpt>
   <trkpt lat="40.6833270" lon="-3.0910270">
    <ele>805.2</ele>
   </trkpt>
   <trkpt lat="40.6832850" lon="-3.0910700">
    <ele>805.4</ele>
   </trkpt>
   <trkpt lat="40.6832430" lon="-3.0911190">
    <ele>805.4</ele>
   </trkpt>
   <trkpt lat="40.6832050" lon="-3.0911720">
    <ele>805.4</ele>
   </trkpt>
   <trkpt lat="40.6831780" lon="-3.0912270">
    <ele>805.4</ele>
   </trkpt>
   <trkpt lat="40.6831630" lon="-3.0912900">
    <ele>805.6</ele>
   </trkpt>
   <trkpt lat="40.6831550" lon="-3.0913620">
    <ele>805.6</ele>
   </trkpt>
   <trkpt lat="40.6831440" lon="-3.0914350">
    <ele>805.8</ele>
   </trkpt>
   <trkpt lat="40.6831360" lon="-3.0915050">
    <ele>805.8</ele>
   </trkpt>
   <trkpt lat="40.6831280" lon="-3.0915760">
    <ele>806.0</ele>
   </trkpt>
   <trkpt lat="40.6831210" lon="-3.0916490">
    <ele>806.2</ele>
   </trkpt>
   <trkpt lat="40.6831090" lon="-3.0917200">
    <ele>806.4</ele>
   </trkpt>
   <trkpt lat="40.6830940" lon="-3.0917900">
    <ele>806.4</ele>
   </trkpt>
   <trkpt lat="40.6830830" lon="-3.0918580">
    <ele>806.6</ele>
   </trkpt>
   <trkpt lat="40.6830710" lon="-3.0919240">
    <ele>806.8</ele>
   </trkpt>
   <trkpt lat="40.6830630" lon="-3.0919900">
    <ele>807.0</ele>
   </trkpt>
   <trkpt lat="40.6830560" lon="-3.0920540">
    <ele>807.2</ele>
   </trkpt>
   <trkpt lat="40.6830440" lon="-3.0921190">
    <ele>807.4</ele>
   </trkpt>
   <trkpt lat="40.6830370" lon="-3.0921860">
    <ele>807.8</ele>
   </trkpt>
   <trkpt lat="40.6830370" lon="-3.0922470">
    <ele>808.0</ele>
   </trkpt>
   <trkpt lat="40.6830410" lon="-3.0923030">
    <ele>808.4</ele>
   </trkpt>
   <trkpt lat="40.6830520" lon="-3.0923530">
    <ele>808.8</ele>
   </trkpt>
   <trkpt lat="40.6830600" lon="-3.0923960">
    <ele>809.2</ele>
   </trkpt>
   <trkpt lat="40.6830560" lon="-3.0924330">
    <ele>809.4</ele>
   </trkpt>
   <trkpt lat="40.6830440" lon="-3.0924700">
    <ele>809.4</ele>
   </trkpt>
   <trkpt lat="40.6830250" lon="-3.0925070">
    <ele>809.4</ele>
   </trkpt>
   <trkpt lat="40.6829910" lon="-3.0925420">
    <ele>809.4</ele>
   </trkpt>
   <trkpt lat="40.6829570" lon="-3.0925780">
    <ele>809.4</ele>
   </trkpt>
   <trkpt lat="40.6829150" lon="-3.0926140">
    <ele>809.4</ele>
   </trkpt>
   <trkpt lat="40.6828730" lon="-3.0926480">
    <ele>809.4</ele>
   </trkpt>
   <trkpt lat="40.6828270" lon="-3.0926790">
    <ele>809.4</ele>
   </trkpt>
   <trkpt lat="40.6827850" lon="-3.0927120">
    <ele>809.4</ele>
   </trkpt>
   <trkpt lat="40.6827390" lon="-3.0927480">
    <ele>809.4</ele>
   </trkpt>
   <trkpt lat="40.6826970" lon="-3.0927860">
    <ele>809.4</ele>
   </trkpt>
   <trkpt lat="40.6826510" lon="-3.0928260">
    <ele>809.4</ele>
   </trkpt>
   <trkpt lat="40.6826060" lon="-3.0928670">
    <ele>809.4</ele>
   </trkpt>
   <trkpt lat="40.6825560" lon="-3.0929090">
    <ele>809.6</ele>
   </trkpt>
   <trkpt lat="40.6825140" lon="-3.0929500">
    <ele>809.6</ele>
   </trkpt>
   <trkpt lat="40.6824680" lon="-3.0929920">
    <ele>809.6</ele>
   </trkpt>
   <trkpt lat="40.6824300" lon="-3.0930350">
    <ele>809.6</ele>
   </trkpt>
   <trkpt lat="40.6823880" lon="-3.0930840">
    <ele>809.6</ele>
   </trkpt>
   <trkpt lat="40.6823460" lon="-3.0931270">
    <ele>809.8</ele>
   </trkpt>
   <trkpt lat="40.6823010" lon="-3.0931660">
    <ele>809.8</ele>
   </trkpt>
   <trkpt lat="40.6822590" lon="-3.0932040">
    <ele>809.8</ele>
   </trkpt>
   <trkpt lat="40.6822130" lon="-3.0932430">
    <ele>810.0</ele>
   </trkpt>
   <trkpt lat="40.6821630" lon="-3.0932800">
    <ele>810.0</ele>
   </trkpt>
   <trkpt lat="40.6821170" lon="-3.0933190">
    <ele>810.0</ele>
   </trkpt>
   <trkpt lat="40.6820720" lon="-3.0933570">
    <ele>810.2</ele>
   </trkpt>
   <trkpt lat="40.6820260" lon="-3.0933950">
    <ele>810.2</ele>
   </trkpt>
   <trkpt lat="40.6819840" lon="-3.0934280">
    <ele>810.2</ele>
   </trkpt>
   <trkpt lat="40.6819380" lon="-3.0934620">
    <ele>810.2</ele>
   </trkpt>
   <trkpt lat="40.6818960" lon="-3.0935020">
    <ele>810.2</ele>
   </trkpt>
   <trkpt lat="40.6818500" lon="-3.0935440">
    <ele>810.2</ele>
   </trkpt>
   <trkpt lat="40.6818080" lon="-3.0935870">
    <ele>810.4</ele>
   </trkpt>
   <trkpt lat="40.6817630" lon="-3.0936260">
    <ele>810.4</ele>
   </trkpt>
   <trkpt lat="40.6817170" lon="-3.0936670">
    <ele>810.4</ele>
   </trkpt>
   <trkpt lat="40.6816670" lon="-3.0937070">
    <ele>810.6</ele>
   </trkpt>
   <trkpt lat="40.6816180" lon="-3.0937490">
    <ele>810.6</ele>
   </trkpt>
   <trkpt lat="40.6815760" lon="-3.0937920">
    <ele>810.6</ele>
   </trkpt>
   <trkpt lat="40.6815340" lon="-3.0938350">
    <ele>810.8</ele>
   </trkpt>
   <trkpt lat="40.6814960" lon="-3.0938720">
    <ele>810.8</ele>
   </trkpt>
   <trkpt lat="40.6814540" lon="-3.0939090">
    <ele>810.8</ele>
   </trkpt>
   <trkpt lat="40.6814120" lon="-3.0939510">
    <ele>810.8</ele>
   </trkpt>
   <trkpt lat="40.6813700" lon="-3.0939940">
    <ele>810.8</ele>
   </trkpt>
   <trkpt lat="40.6813240" lon="-3.0940370">
    <ele>810.8</ele>
   </trkpt>
   <trkpt lat="40.6812820" lon="-3.0940790">
    <ele>810.8</ele>
   </trkpt>
   <trkpt lat="40.6812400" lon="-3.0941190">
    <ele>810.6</ele>
   </trkpt>
   <trkpt lat="40.6811980" lon="-3.0941600">
    <ele>810.6</ele>
   </trkpt>
   <trkpt lat="40.6811560" lon="-3.0941990">
    <ele>810.6</ele>
   </trkpt>
   <trkpt lat="40.6811100" lon="-3.0942380">
    <ele>810.4</ele>
   </trkpt>
   <trkpt lat="40.6810680" lon="-3.0942750">
    <ele>810.4</ele>
   </trkpt>
   <trkpt lat="40.6810260" lon="-3.0943130">
    <ele>810.2</ele>
   </trkpt>
   <trkpt lat="40.6809810" lon="-3.0943520">
    <ele>810.2</ele>
   </trkpt>
   <trkpt lat="40.6809390" lon="-3.0943900">
    <ele>810.0</ele>
   </trkpt>
   <trkpt lat="40.6809010" lon="-3.0944280">
    <ele>810.0</ele>
   </trkpt>
   <trkpt lat="40.6808590" lon="-3.0944660">
    <ele>809.8</ele>
   </trkpt>
   <trkpt lat="40.6808130" lon="-3.0945020">
    <ele>809.8</ele>
   </trkpt>
   <trkpt lat="40.6807710" lon="-3.0945380">
    <ele>809.6</ele>
   </trkpt>
   <trkpt lat="40.6807250" lon="-3.0945780">
    <ele>809.6</ele>
   </trkpt>
   <trkpt lat="40.6806790" lon="-3.0946170">
    <ele>809.4</ele>
   </trkpt>
   <trkpt lat="40.6806300" lon="-3.0946560">
    <ele>809.2</ele>
   </trkpt>
   <trkpt lat="40.6805800" lon="-3.0946960">
    <ele>809.2</ele>
   </trkpt>
   <trkpt lat="40.6805310" lon="-3.0947380">
    <ele>809.0</ele>
   </trkpt>
   <trkpt lat="40.6804810" lon="-3.0947810">
    <ele>808.8</ele>
   </trkpt>
   <trkpt lat="40.6804310" lon="-3.0948250">
    <ele>808.8</ele>
   </trkpt>
   <trkpt lat="40.6803820" lon="-3.0948700">
    <ele>808.8</ele>
   </trkpt>
   <trkpt lat="40.6803320" lon="-3.0949150">
    <ele>808.6</ele>
   </trkpt>
   <trkpt lat="40.6802860" lon="-3.0949600">
    <ele>808.6</ele>
   </trkpt>
   <trkpt lat="40.6802370" lon="-3.0950050">
    <ele>808.6</ele>
   </trkpt>
   <trkpt lat="40.6801910" lon="-3.0950510">
    <ele>808.4</ele>
   </trkpt>
   <trkpt lat="40.6801450" lon="-3.0950990">
    <ele>808.4</ele>
   </trkpt>
   <trkpt lat="40.6800990" lon="-3.0951470">
    <ele>808.4</ele>
   </trkpt>
   <trkpt lat="40.6800500" lon="-3.0951940">
    <ele>808.4</ele>
   </trkpt>
   <trkpt lat="40.6800040" lon="-3.0952430">
    <ele>808.4</ele>
   </trkpt>
   <trkpt lat="40.6799550" lon="-3.0952940">
    <ele>808.4</ele>
   </trkpt>
   <trkpt lat="40.6799130" lon="-3.0953430">
    <ele>808.4</ele>
   </trkpt>
   <trkpt lat="40.6798740" lon="-3.0953910">
    <ele>808.4</ele>
   </trkpt>
   <trkpt lat="40.6798320" lon="-3.0954380">
    <ele>808.2</ele>
   </trkpt>
   <trkpt lat="40.6797900" lon="-3.0954820">
    <ele>808.2</ele>
   </trkpt>
   <trkpt lat="40.6797520" lon="-3.0955210">
    <ele>808.0</ele>
   </trkpt>
   <trkpt lat="40.6797140" lon="-3.0955600">
    <ele>808.2</ele>
   </trkpt>
   <trkpt lat="40.6796760" lon="-3.0955920">
    <ele>808.2</ele>
   </trkpt>
   <trkpt lat="40.6796450" lon="-3.0956050">
    <ele>808.2</ele>
   </trkpt>
   <trkpt lat="40.6796190" lon="-3.0956090">
    <ele>808.4</ele>
   </trkpt>
   <trkpt lat="40.6795960" lon="-3.0956020">
    <ele>808.4</ele>
   </trkpt>
   <trkpt lat="40.6795810" lon="-3.0955920">
    <ele>808.4</ele>
   </trkpt>
   <trkpt lat="40.6795730" lon="-3.0955820">
    <ele>808.4</ele>
   </trkpt>
   <trkpt lat="40.6795540" lon="-3.0955670">
    <ele>808.2</ele>
   </trkpt>
   <trkpt lat="40.6795350" lon="-3.0955600">
    <ele>808.2</ele>
   </trkpt>
   <trkpt lat="40.6795010" lon="-3.0955590">
    <ele>808.0</ele>
   </trkpt>
   <trkpt lat="40.6794590" lon="-3.0955750">
    <ele>808.0</ele>
   </trkpt>
   <trkpt lat="40.6794200" lon="-3.0955990">
    <ele>808.0</ele>
   </trkpt>
   <trkpt lat="40.6793790" lon="-3.0956350">
    <ele>807.8</ele>
   </trkpt>
   <trkpt lat="40.6793370" lon="-3.0956780">
    <ele>807.8</ele>
   </trkpt>
   <trkpt lat="40.6792950" lon="-3.0957200">
    <ele>807.8</ele>
   </trkpt>
   <trkpt lat="40.6792490" lon="-3.0957590">
    <ele>807.8</ele>
   </trkpt>
   <trkpt lat="40.6792030" lon="-3.0957970">
    <ele>807.8</ele>
   </trkpt>
   <trkpt lat="40.6791570" lon="-3.0958340">
    <ele>807.6</ele>
   </trkpt>
   <trkpt lat="40.6791080" lon="-3.0958700">
    <ele>807.6</ele>
   </trkpt>
   <trkpt lat="40.6790580" lon="-3.0959040">
    <ele>807.4</ele>
   </trkpt>
   <trkpt lat="40.6790120" lon="-3.0959370">
    <ele>807.2</ele>
   </trkpt>
   <trkpt lat="40.6789630" lon="-3.0959740">
    <ele>806.8</ele>
   </trkpt>
   <trkpt lat="40.6789090" lon="-3.0960140">
    <ele>806.6</ele>
   </trkpt>
   <trkpt lat="40.6788560" lon="-3.0960550">
    <ele>806.2</ele>
   </trkpt>
   <trkpt lat="40.6787990" lon="-3.0960970">
    <ele>805.8</ele>
   </trkpt>
   <trkpt lat="40.6787450" lon="-3.0961400">
    <ele>805.4</ele>
   </trkpt>
   <trkpt lat="40.6786920" lon="-3.0961850">
    <ele>805.0</ele>
   </trkpt>
   <trkpt lat="40.6786380" lon="-3.0962300">
    <ele>804.6</ele>
   </trkpt>
   <trkpt lat="40.6785890" lon="-3.0962750">
    <ele>804.0</ele>
   </trkpt>
   <trkpt lat="40.6785390" lon="-3.0963230">
    <ele>803.6</ele>
   </trkpt>
   <trkpt lat="40.6784860" lon="-3.0963720">
    <ele>803.0</ele>
   </trkpt>
   <trkpt lat="40.6784320" lon="-3.0964210">
    <ele>802.4</ele>
   </trkpt>
   <trkpt lat="40.6783790" lon="-3.0964670">
    <ele>801.8</ele>
   </trkpt>
   <trkpt lat="40.6783260" lon="-3.0965150">
    <ele>801.4</ele>
   </trkpt>
   <trkpt lat="40.6782720" lon="-3.0965660">
    <ele>800.8</ele>
   </trkpt>
   <trkpt lat="40.6782150" lon="-3.0966210">
    <ele>800.4</ele>
   </trkpt>
   <trkpt lat="40.6781580" lon="-3.0966770">
    <ele>800.0</ele>
   </trkpt>
   <trkpt lat="40.6781080" lon="-3.0967310">
    <ele>799.8</ele>
   </trkpt>
   <trkpt lat="40.6780550" lon="-3.0967830">
    <ele>799.4</ele>
   </trkpt>
   <trkpt lat="40.6780050" lon="-3.0968350">
    <ele>799.2</ele>
   </trkpt>
   <trkpt lat="40.6779560" lon="-3.0968870">
    <ele>798.8</ele>
   </trkpt>
   <trkpt lat="40.6779020" lon="-3.0969380">
    <ele>798.6</ele>
   </trkpt>
   <trkpt lat="40.6778490" lon="-3.0969930">
    <ele>798.4</ele>
   </trkpt>
   <trkpt lat="40.6777990" lon="-3.0970490">
    <ele>798.2</ele>
   </trkpt>
   <trkpt lat="40.6777460" lon="-3.0971070">
    <ele>798.0</ele>
   </trkpt>
   <trkpt lat="40.6776890" lon="-3.0971660">
    <ele>797.8</ele>
   </trkpt>
   <trkpt lat="40.6776310" lon="-3.0972240">
    <ele>797.4</ele>
   </trkpt>
   <trkpt lat="40.6775780" lon="-3.0972830">
    <ele>797.2</ele>
   </trkpt>
   <trkpt lat="40.6775170" lon="-3.0973420">
    <ele>796.8</ele>
   </trkpt>
   <trkpt lat="40.6774560" lon="-3.0974000">
    <ele>796.4</ele>
   </trkpt>
   <trkpt lat="40.6773990" lon="-3.0974550">
    <ele>796.2</ele>
   </trkpt>
   <trkpt lat="40.6773410" lon="-3.0975080">
    <ele>796.0</ele>
   </trkpt>
   <trkpt lat="40.6772840" lon="-3.0975590">
    <ele>796.0</ele>
   </trkpt>
   <trkpt lat="40.6772270" lon="-3.0976050">
    <ele>795.8</ele>
   </trkpt>
   <trkpt lat="40.6771740" lon="-3.0976500">
    <ele>795.8</ele>
   </trkpt>
   <trkpt lat="40.6771200" lon="-3.0976970">
    <ele>795.8</ele>
   </trkpt>
   <trkpt lat="40.6770710" lon="-3.0977450">
    <ele>795.6</ele>
   </trkpt>
   <trkpt lat="40.6770210" lon="-3.0977950">
    <ele>795.6</ele>
   </trkpt>
   <trkpt lat="40.6769680" lon="-3.0978450">
    <ele>795.2</ele>
   </trkpt>
   <trkpt lat="40.6769180" lon="-3.0978930">
    <ele>795.2</ele>
   </trkpt>
   <trkpt lat="40.6768680" lon="-3.0979420">
    <ele>795.0</ele>
   </trkpt>
   <trkpt lat="40.6768150" lon="-3.0979940">
    <ele>794.8</ele>
   </trkpt>
   <trkpt lat="40.6767620" lon="-3.0980470">
    <ele>794.8</ele>
   </trkpt>
   <trkpt lat="40.6767120" lon="-3.0980990">
    <ele>794.8</ele>
   </trkpt>
   <trkpt lat="40.6766660" lon="-3.0981470">
    <ele>794.8</ele>
   </trkpt>
   <trkpt lat="40.6766170" lon="-3.0981980">
    <ele>794.6</ele>
   </trkpt>
   <trkpt lat="40.6765670" lon="-3.0982510">
    <ele>794.4</ele>
   </trkpt>
   <trkpt lat="40.6765170" lon="-3.0983070">
    <ele>794.4</ele>
   </trkpt>
   <trkpt lat="40.6764720" lon="-3.0983640">
    <ele>794.2</ele>
   </trkpt>
   <trkpt lat="40.6764340" lon="-3.0984200">
    <ele>794.0</ele>
   </trkpt>
   <trkpt lat="40.6763880" lon="-3.0984750">
    <ele>793.8</ele>
   </trkpt>
   <trkpt lat="40.6763420" lon="-3.0985310">
    <ele>793.6</ele>
   </trkpt>
   <trkpt lat="40.6763000" lon="-3.0985860">
    <ele>793.6</ele>
   </trkpt>
   <trkpt lat="40.6762620" lon="-3.0986360">
    <ele>793.4</ele>
   </trkpt>
   <trkpt lat="40.6762200" lon="-3.0986820">
    <ele>793.2</ele>
   </trkpt>
   <trkpt lat="40.6761780" lon="-3.0987240">
    <ele>793.2</ele>
   </trkpt>
   <trkpt lat="40.6761360" lon="-3.0987680">
    <ele>793.2</ele>
   </trkpt>
   <trkpt lat="40.6760940" lon="-3.0988100">
    <ele>793.0</ele>
   </trkpt>
   <trkpt lat="40.6760560" lon="-3.0988510">
    <ele>793.0</ele>
   </trkpt>
   <trkpt lat="40.6760140" lon="-3.0988870">
    <ele>792.8</ele>
   </trkpt>
   <trkpt lat="40.6759760" lon="-3.0989200">
    <ele>792.8</ele>
   </trkpt>
   <trkpt lat="40.6759380" lon="-3.0989540">
    <ele>793.0</ele>
   </trkpt>
   <trkpt lat="40.6758990" lon="-3.0989930">
    <ele>792.8</ele>
   </trkpt>
   <trkpt lat="40.6758580" lon="-3.0990310">
    <ele>792.6</ele>
   </trkpt>
   <trkpt lat="40.6758160" lon="-3.0990690">
    <ele>792.6</ele>
   </trkpt>
   <trkpt lat="40.6757740" lon="-3.0991110">
    <ele>792.2</ele>
   </trkpt>
   <trkpt lat="40.6757240" lon="-3.0991570">
    <ele>791.8</ele>
   </trkpt>
   <trkpt lat="40.6756740" lon="-3.0992050">
    <ele>791.4</ele>
   </trkpt>
   <trkpt lat="40.6756290" lon="-3.0992530">
    <ele>791.2</ele>
   </trkpt>
   <trkpt lat="40.6755790" lon="-3.0993010">
    <ele>791.0</ele>
   </trkpt>
   <trkpt lat="40.6755290" lon="-3.0993470">
    <ele>791.0</ele>
   </trkpt>
   <trkpt lat="40.6754840" lon="-3.0993930">
    <ele>790.8</ele>
   </trkpt>
   <trkpt lat="40.6754380" lon="-3.0994390">
    <ele>790.8</ele>
   </trkpt>
   <trkpt lat="40.6753920" lon="-3.0994840">
    <ele>790.8</ele>
   </trkpt>
   <trkpt lat="40.6753430" lon="-3.0995290">
    <ele>790.8</ele>
   </trkpt>
   <trkpt lat="40.6752970" lon="-3.0995720">
    <ele>790.8</ele>
   </trkpt>
   <trkpt lat="40.6752550" lon="-3.0996160">
    <ele>790.6</ele>
   </trkpt>
   <trkpt lat="40.6752090" lon="-3.0996620">
    <ele>790.6</ele>
   </trkpt>
   <trkpt lat="40.6751670" lon="-3.0997060">
    <ele>790.6</ele>
   </trkpt>
   <trkpt lat="40.6751250" lon="-3.0997500">
    <ele>790.4</ele>
   </trkpt>
   <trkpt lat="40.6750790" lon="-3.0997940">
    <ele>790.4</ele>
   </trkpt>
   <trkpt lat="40.6750370" lon="-3.0998390">
    <ele>790.4</ele>
   </trkpt>
   <trkpt lat="40.6749950" lon="-3.0998830">
    <ele>790.2</ele>
   </trkpt>
   <trkpt lat="40.6749530" lon="-3.0999250">
    <ele>790.2</ele>
   </trkpt>
   <trkpt lat="40.6749040" lon="-3.0999680">
    <ele>790.4</ele>
   </trkpt>
   <trkpt lat="40.6748620" lon="-3.1000110">
    <ele>790.4</ele>
   </trkpt>
   <trkpt lat="40.6748160" lon="-3.1000550">
    <ele>790.4</ele>
   </trkpt>
   <trkpt lat="40.6747740" lon="-3.1000960">
    <ele>790.4</ele>
   </trkpt>
   <trkpt lat="40.6747320" lon="-3.1001370">
    <ele>790.4</ele>
   </trkpt>
   <trkpt lat="40.6746900" lon="-3.1001780">
    <ele>790.4</ele>
   </trkpt>
   <trkpt lat="40.6746440" lon="-3.1002190">
    <ele>790.2</ele>
   </trkpt>
   <trkpt lat="40.6745990" lon="-3.1002600">
    <ele>790.0</ele>
   </trkpt>
   <trkpt lat="40.6745530" lon="-3.1003020">
    <ele>790.0</ele>
   </trkpt>
   <trkpt lat="40.6745110" lon="-3.1003430">
    <ele>789.8</ele>
   </trkpt>
   <trkpt lat="40.6744650" lon="-3.1003850">
    <ele>789.8</ele>
   </trkpt>
   <trkpt lat="40.6744160" lon="-3.1004270">
    <ele>789.6</ele>
   </trkpt>
   <trkpt lat="40.6743700" lon="-3.1004700">
    <ele>789.6</ele>
   </trkpt>
   <trkpt lat="40.6743240" lon="-3.1005140">
    <ele>789.4</ele>
   </trkpt>
   <trkpt lat="40.6742740" lon="-3.1005570">
    <ele>789.4</ele>
   </trkpt>
   <trkpt lat="40.6742290" lon="-3.1006000">
    <ele>789.4</ele>
   </trkpt>
   <trkpt lat="40.6741870" lon="-3.1006430">
    <ele>789.4</ele>
   </trkpt>
   <trkpt lat="40.6741410" lon="-3.1006860">
    <ele>789.2</ele>
   </trkpt>
   <trkpt lat="40.6740950" lon="-3.1007300">
    <ele>789.2</ele>
   </trkpt>
   <trkpt lat="40.6740490" lon="-3.1007720">
    <ele>789.2</ele>
   </trkpt>
   <trkpt lat="40.6740040" lon="-3.1008160">
    <ele>789.0</ele>
   </trkpt>
   <trkpt lat="40.6739580" lon="-3.1008610">
    <ele>789.0</ele>
   </trkpt>
   <trkpt lat="40.6739120" lon="-3.1009070">
    <ele>788.8</ele>
   </trkpt>
   <trkpt lat="40.6738660" lon="-3.1009520">
    <ele>788.6</ele>
   </trkpt>
   <trkpt lat="40.6738170" lon="-3.1009970">
    <ele>788.4</ele>
   </trkpt>
   <trkpt lat="40.6737710" lon="-3.1010440">
    <ele>788.2</ele>
   </trkpt>
   <trkpt lat="40.6737170" lon="-3.1010900">
    <ele>788.2</ele>
   </trkpt>
   <trkpt lat="40.6736640" lon="-3.1011370">
    <ele>788.2</ele>
   </trkpt>
   <trkpt lat="40.6736140" lon="-3.1011830">
    <ele>788.2</ele>
   </trkpt>
   <trkpt lat="40.6735650" lon="-3.1012310">
    <ele>788.2</ele>
   </trkpt>
   <trkpt lat="40.6735150" lon="-3.1012820">
    <ele>788.2</ele>
   </trkpt>
   <trkpt lat="40.6734700" lon="-3.1013330">
    <ele>788.2</ele>
   </trkpt>
   <trkpt lat="40.6734200" lon="-3.1013830">
    <ele>788.2</ele>
   </trkpt>
   <trkpt lat="40.6733700" lon="-3.1014300">
    <ele>788.4</ele>
   </trkpt>
   <trkpt lat="40.6733210" lon="-3.1014770">
    <ele>788.4</ele>
   </trkpt>
   <trkpt lat="40.6732710" lon="-3.1015220">
    <ele>788.2</ele>
   </trkpt>
   <trkpt lat="40.6732250" lon="-3.1015660">
    <ele>788.0</ele>
   </trkpt>
   <trkpt lat="40.6731800" lon="-3.1016120">
    <ele>787.8</ele>
   </trkpt>
   <trkpt lat="40.6731300" lon="-3.1016570">
    <ele>787.6</ele>
   </trkpt>
   <trkpt lat="40.6730800" lon="-3.1017030">
    <ele>787.4</ele>
   </trkpt>
   <trkpt lat="40.6730310" lon="-3.1017500">
    <ele>787.4</ele>
   </trkpt>
   <trkpt lat="40.6729810" lon="-3.1017960">
    <ele>787.4</ele>
   </trkpt>
   <trkpt lat="40.6729320" lon="-3.1018410">
    <ele>787.2</ele>
   </trkpt>
   <trkpt lat="40.6728820" lon="-3.1018850">
    <ele>787.0</ele>
   </trkpt>
   <trkpt lat="40.6728360" lon="-3.1019270">
    <ele>787.0</ele>
   </trkpt>
   <trkpt lat="40.6727870" lon="-3.1019700">
    <ele>786.8</ele>
   </trkpt>
   <trkpt lat="40.6727410" lon="-3.1020120">
    <ele>786.8</ele>
   </trkpt>
   <trkpt lat="40.6726950" lon="-3.1020530">
    <ele>786.6</ele>
   </trkpt>
   <trkpt lat="40.6726460" lon="-3.1020880">
    <ele>786.4</ele>
   </trkpt>
   <trkpt lat="40.6725960" lon="-3.1021240">
    <ele>786.4</ele>
   </trkpt>
   <trkpt lat="40.6725430" lon="-3.1021580">
    <ele>786.2</ele>
   </trkpt>
   <trkpt lat="40.6724850" lon="-3.1021910">
    <ele>786.0</ele>
   </trkpt>
   <trkpt lat="40.6724280" lon="-3.1022260">
    <ele>785.6</ele>
   </trkpt>
   <trkpt lat="40.6723710" lon="-3.1022600">
    <ele>785.4</ele>
   </trkpt>
   <trkpt lat="40.6723140" lon="-3.1022940">
    <ele>785.6</ele>
   </trkpt>
   <trkpt lat="40.6722600" lon="-3.1023310">
    <ele>785.6</ele>
   </trkpt>
   <trkpt lat="40.6722110" lon="-3.1023710">
    <ele>785.6</ele>
   </trkpt>
   <trkpt lat="40.6721650" lon="-3.1024100">
    <ele>785.6</ele>
   </trkpt>
   <trkpt lat="40.6721230" lon="-3.1024470">
    <ele>785.4</ele>
   </trkpt>
   <trkpt lat="40.6720770" lon="-3.1024850">
    <ele>785.2</ele>
   </trkpt>
   <trkpt lat="40.6720390" lon="-3.1025230">
    <ele>785.0</ele>
   </trkpt>
   <trkpt lat="40.6720010" lon="-3.1025600">
    <ele>785.0</ele>
   </trkpt>
   <trkpt lat="40.6719660" lon="-3.1025970">
    <ele>785.0</ele>
   </trkpt>
   <trkpt lat="40.6719280" lon="-3.1026350">
    <ele>785.0</ele>
   </trkpt>
   <trkpt lat="40.6718900" lon="-3.1026740">
    <ele>784.8</ele>
   </trkpt>
   <trkpt lat="40.6718440" lon="-3.1027160">
    <ele>784.8</ele>
   </trkpt>
   <trkpt lat="40.6717990" lon="-3.1027610">
    <ele>784.6</ele>
   </trkpt>
   <trkpt lat="40.6717490" lon="-3.1028050">
    <ele>784.4</ele>
   </trkpt>
   <trkpt lat="40.6717000" lon="-3.1028500">
    <ele>784.4</ele>
   </trkpt>
   <trkpt lat="40.6716540" lon="-3.1028990">
    <ele>784.4</ele>
   </trkpt>
   <trkpt lat="40.6716080" lon="-3.1029470">
    <ele>784.4</ele>
   </trkpt>
   <trkpt lat="40.6715620" lon="-3.1029940">
    <ele>784.2</ele>
   </trkpt>
   <trkpt lat="40.6715160" lon="-3.1030390">
    <ele>784.4</ele>
   </trkpt>
   <trkpt lat="40.6714710" lon="-3.1030830">
    <ele>784.2</ele>
   </trkpt>
   <trkpt lat="40.6714250" lon="-3.1031250">
    <ele>784.4</ele>
   </trkpt>
   <trkpt lat="40.6713830" lon="-3.1031640">
    <ele>784.4</ele>
   </trkpt>
   <trkpt lat="40.6713410" lon="-3.1032050">
    <ele>784.4</ele>
   </trkpt>
   <trkpt lat="40.6712950" lon="-3.1032490">
    <ele>784.4</ele>
   </trkpt>
   <trkpt lat="40.6712570" lon="-3.1032920">
    <ele>784.6</ele>
   </trkpt>
   <trkpt lat="40.6712110" lon="-3.1033320">
    <ele>784.6</ele>
   </trkpt>
   <trkpt lat="40.6711690" lon="-3.1033730">
    <ele>784.2</ele>
   </trkpt>
   <trkpt lat="40.6711310" lon="-3.1034110">
    <ele>784.2</ele>
   </trkpt>
   <trkpt lat="40.6710890" lon="-3.1034460">
    <ele>784.4</ele>
   </trkpt>
   <trkpt lat="40.6710510" lon="-3.1034780">
    <ele>784.6</ele>
   </trkpt>
   <trkpt lat="40.6710210" lon="-3.1035070">
    <ele>784.8</ele>
   </trkpt>
   <trkpt lat="40.6709940" lon="-3.1035300">
    <ele>785.2</ele>
   </trkpt>
   <trkpt lat="40.6709790" lon="-3.1035460">
    <ele>785.4</ele>
   </trkpt>
   <trkpt lat="40.6709710" lon="-3.1035520">
    <ele>785.6</ele>
   </trkpt>
   <trkpt lat="40.6709590" lon="-3.1035630">
    <ele>786.4</ele>
   </trkpt>
   <trkpt lat="40.6709480" lon="-3.1035750">
    <ele>786.4</ele>
   </trkpt>
   <trkpt lat="40.6709370" lon="-3.1035890">
    <ele>786.4</ele>
   </trkpt>
   <trkpt lat="40.6709210" lon="-3.1036070">
    <ele>786.4</ele>
   </trkpt>
   <trkpt lat="40.6709060" lon="-3.1036260">
    <ele>786.2</ele>
   </trkpt>
   <trkpt lat="40.6708830" lon="-3.1036500">
    <ele>786.0</ele>
   </trkpt>
   <trkpt lat="40.6708560" lon="-3.1036800">
    <ele>785.8</ele>
   </trkpt>
   <trkpt lat="40.6708220" lon="-3.1037170">
    <ele>785.6</ele>
   </trkpt>
   <trkpt lat="40.6707880" lon="-3.1037540">
    <ele>785.4</ele>
   </trkpt>
   <trkpt lat="40.6707570" lon="-3.1037900">
    <ele>785.4</ele>
   </trkpt>
   <trkpt lat="40.6707270" lon="-3.1038230">
    <ele>785.4</ele>
   </trkpt>
   <trkpt lat="40.6706960" lon="-3.1038560">
    <ele>785.4</ele>
   </trkpt>
   <trkpt lat="40.6706620" lon="-3.1038900">
    <ele>785.2</ele>
   </trkpt>
   <trkpt lat="40.6706280" lon="-3.1039250">
    <ele>785.2</ele>
   </trkpt>
   <trkpt lat="40.6705860" lon="-3.1039600">
    <ele>785.0</ele>
   </trkpt>
   <trkpt lat="40.6705470" lon="-3.1039960">
    <ele>784.8</ele>
   </trkpt>
   <trkpt lat="40.6705090" lon="-3.1040320">
    <ele>784.8</ele>
   </trkpt>
   <trkpt lat="40.6704670" lon="-3.1040710">
    <ele>784.8</ele>
   </trkpt>
   <trkpt lat="40.6704250" lon="-3.1041090">
    <ele>784.8</ele>
   </trkpt>
   <trkpt lat="40.6703830" lon="-3.1041480">
    <ele>784.6</ele>
   </trkpt>
   <trkpt lat="40.6703410" lon="-3.1041850">
    <ele>784.4</ele>
   </trkpt>
   <trkpt lat="40.6703030" lon="-3.1042220">
    <ele>784.2</ele>
   </trkpt>
   <trkpt lat="40.6702650" lon="-3.1042580">
    <ele>784.0</ele>
   </trkpt>
   <trkpt lat="40.6702270" lon="-3.1042910">
    <ele>784.0</ele>
   </trkpt>
   <trkpt lat="40.6701930" lon="-3.1043220">
    <ele>783.8</ele>
   </trkpt>
   <trkpt lat="40.6701620" lon="-3.1043530">
    <ele>783.8</ele>
   </trkpt>
   <trkpt lat="40.6701280" lon="-3.1043830">
    <ele>783.8</ele>
   </trkpt>
   <trkpt lat="40.6700900" lon="-3.1044130">
    <ele>783.8</ele>
   </trkpt>
   <trkpt lat="40.6700520" lon="-3.1044430">
    <ele>783.8</ele>
   </trkpt>
   <trkpt lat="40.6700100" lon="-3.1044720">
    <ele>783.8</ele>
   </trkpt>
   <trkpt lat="40.6699680" lon="-3.1044990">
    <ele>783.4</ele>
   </trkpt>
   <trkpt lat="40.6699260" lon="-3.1045310">
    <ele>783.2</ele>
   </trkpt>
   <trkpt lat="40.6698760" lon="-3.1045700">
    <ele>783.0</ele>
   </trkpt>
   <trkpt lat="40.6698300" lon="-3.1046130">
    <ele>783.0</ele>
   </trkpt>
   <trkpt lat="40.6697850" lon="-3.1046540">
    <ele>783.0</ele>
   </trkpt>
   <trkpt lat="40.6697390" lon="-3.1046960">
    <ele>783.0</ele>
   </trkpt>
   <trkpt lat="40.6696970" lon="-3.1047380">
    <ele>782.8</ele>
   </trkpt>
   <trkpt lat="40.6696510" lon="-3.1047820">
    <ele>782.8</ele>
   </trkpt>
   <trkpt lat="40.6696050" lon="-3.1048250">
    <ele>782.8</ele>
   </trkpt>
   <trkpt lat="40.6695590" lon="-3.1048660">
    <ele>782.8</ele>
   </trkpt>
   <trkpt lat="40.6695140" lon="-3.1049050">
    <ele>782.6</ele>
   </trkpt>
   <trkpt lat="40.6694680" lon="-3.1049450">
    <ele>782.6</ele>
   </trkpt>
   <trkpt lat="40.6694220" lon="-3.1049850">
    <ele>782.6</ele>
   </trkpt>
   <trkpt lat="40.6693760" lon="-3.1050240">
    <ele>782.8</ele>
   </trkpt>
   <trkpt lat="40.6693340" lon="-3.1050640">
    <ele>782.8</ele>
   </trkpt>
   <trkpt lat="40.6692920" lon="-3.1051060">
    <ele>782.8</ele>
   </trkpt>
   <trkpt lat="40.6692510" lon="-3.1051470">
    <ele>783.0</ele>
   </trkpt>
   <trkpt lat="40.6692090" lon="-3.1051870">
    <ele>783.0</ele>
   </trkpt>
   <trkpt lat="40.6691670" lon="-3.1052270">
    <ele>783.0</ele>
   </trkpt>
   <trkpt lat="40.6691250" lon="-3.1052660">
    <ele>783.0</ele>
   </trkpt>
   <trkpt lat="40.6690860" lon="-3.1053020">
    <ele>783.0</ele>
   </trkpt>
   <trkpt lat="40.6690480" lon="-3.1053400">
    <ele>783.0</ele>
   </trkpt>
   <trkpt lat="40.6690100" lon="-3.1053770">
    <ele>783.0</ele>
   </trkpt>
   <trkpt lat="40.6689720" lon="-3.1054160">
    <ele>782.8</ele>
   </trkpt>
   <trkpt lat="40.6689300" lon="-3.1054540">
    <ele>782.8</ele>
   </trkpt>
   <trkpt lat="40.6688880" lon="-3.1054930">
    <ele>782.6</ele>
   </trkpt>
   <trkpt lat="40.6688460" lon="-3.1055310">
    <ele>782.6</ele>
   </trkpt>
   <trkpt lat="40.6688040" lon="-3.1055710">
    <ele>782.6</ele>
   </trkpt>
   <trkpt lat="40.6687620" lon="-3.1056110">
    <ele>782.6</ele>
   </trkpt>
   <trkpt lat="40.6687200" lon="-3.1056510">
    <ele>782.6</ele>
   </trkpt>
   <trkpt lat="40.6686740" lon="-3.1056920">
    <ele>782.8</ele>
   </trkpt>
   <trkpt lat="40.6686290" lon="-3.1057320">
    <ele>782.8</ele>
   </trkpt>
   <trkpt lat="40.6685870" lon="-3.1057700">
    <ele>782.8</ele>
   </trkpt>
   <trkpt lat="40.6685450" lon="-3.1058060">
    <ele>783.0</ele>
   </trkpt>
   <trkpt lat="40.6685070" lon="-3.1058400">
    <ele>783.0</ele>
   </trkpt>
   <trkpt lat="40.6684650" lon="-3.1058740">
    <ele>782.8</ele>
   </trkpt>
   <trkpt lat="40.6684230" lon="-3.1059110">
    <ele>782.8</ele>
   </trkpt>
   <trkpt lat="40.6683810" lon="-3.1059490">
    <ele>782.8</ele>
   </trkpt>
   <trkpt lat="40.6683390" lon="-3.1059880">
    <ele>782.8</ele>
   </trkpt>
   <trkpt lat="40.6683010" lon="-3.1060270">
    <ele>782.8</ele>
   </trkpt>
   <trkpt lat="40.6682590" lon="-3.1060690">
    <ele>782.6</ele>
   </trkpt>
   <trkpt lat="40.6682210" lon="-3.1061150">
    <ele>782.4</ele>
   </trkpt>
   <trkpt lat="40.6681820" lon="-3.1061600">
    <ele>782.2</ele>
   </trkpt>
   <trkpt lat="40.6681400" lon="-3.1062040">
    <ele>782.0</ele>
   </trkpt>
   <trkpt lat="40.6680950" lon="-3.1062480">
    <ele>781.8</ele>
   </trkpt>
   <trkpt lat="40.6680450" lon="-3.1062880">
    <ele>781.8</ele>
   </trkpt>
   <trkpt lat="40.6680070" lon="-3.1063260">
    <ele>781.8</ele>
   </trkpt>
   <trkpt lat="40.6679650" lon="-3.1063660">
    <ele>781.6</ele>
   </trkpt>
   <trkpt lat="40.6679230" lon="-3.1064100">
    <ele>781.6</ele>
   </trkpt>
   <trkpt lat="40.6678770" lon="-3.1064530">
    <ele>781.4</ele>
   </trkpt>
   <trkpt lat="40.6678350" lon="-3.1064950">
    <ele>781.2</ele>
   </trkpt>
   <trkpt lat="40.6677890" lon="-3.1065360">
    <ele>781.0</ele>
   </trkpt>
   <trkpt lat="40.6677400" lon="-3.1065790">
    <ele>780.8</ele>
   </trkpt>
   <trkpt lat="40.6676940" lon="-3.1066240">
    <ele>780.6</ele>
   </trkpt>
   <trkpt lat="40.6676480" lon="-3.1066700">
    <ele>780.4</ele>
   </trkpt>
   <trkpt lat="40.6675950" lon="-3.1067140">
    <ele>780.2</ele>
   </trkpt>
   <trkpt lat="40.6675450" lon="-3.1067600">
    <ele>780.0</ele>
   </trkpt>
   <trkpt lat="40.6675000" lon="-3.1068040">
    <ele>779.8</ele>
   </trkpt>
   <trkpt lat="40.6674540" lon="-3.1068490">
    <ele>779.6</ele>
   </trkpt>
   <trkpt lat="40.6674080" lon="-3.1068930">
    <ele>779.4</ele>
   </trkpt>
   <trkpt lat="40.6673620" lon="-3.1069360">
    <ele>779.2</ele>
   </trkpt>
   <trkpt lat="40.6673130" lon="-3.1069790">
    <ele>779.0</ele>
   </trkpt>
   <trkpt lat="40.6672670" lon="-3.1070250">
    <ele>778.8</ele>
   </trkpt>
   <trkpt lat="40.6672170" lon="-3.1070740">
    <ele>778.8</ele>
   </trkpt>
   <trkpt lat="40.6671680" lon="-3.1071250">
    <ele>778.6</ele>
   </trkpt>
   <trkpt lat="40.6671180" lon="-3.1071750">
    <ele>778.4</ele>
   </trkpt>
   <trkpt lat="40.6670680" lon="-3.1072240">
    <ele>778.2</ele>
   </trkpt>
   <trkpt lat="40.6670230" lon="-3.1072700">
    <ele>778.2</ele>
   </trkpt>
   <trkpt lat="40.6669730" lon="-3.1073160">
    <ele>778.0</ele>
   </trkpt>
   <trkpt lat="40.6669240" lon="-3.1073610">
    <ele>778.0</ele>
   </trkpt>
   <trkpt lat="40.6668740" lon="-3.1074010">
    <ele>778.0</ele>
   </trkpt>
   <trkpt lat="40.6668280" lon="-3.1074410">
    <ele>778.0</ele>
   </trkpt>
   <trkpt lat="40.6667860" lon="-3.1074820">
    <ele>778.0</ele>
   </trkpt>
   <trkpt lat="40.6667400" lon="-3.1075220">
    <ele>778.0</ele>
   </trkpt>
   <trkpt lat="40.6666950" lon="-3.1075630">
    <ele>778.0</ele>
   </trkpt>
   <trkpt lat="40.6666450" lon="-3.1076060">
    <ele>778.0</ele>
   </trkpt>
   <trkpt lat="40.6665920" lon="-3.1076490">
    <ele>777.8</ele>
   </trkpt>
   <trkpt lat="40.6665420" lon="-3.1076940">
    <ele>777.8</ele>
   </trkpt>
   <trkpt lat="40.6664960" lon="-3.1077390">
    <ele>777.8</ele>
   </trkpt>
   <trkpt lat="40.6664470" lon="-3.1077860">
    <ele>777.8</ele>
   </trkpt>
   <trkpt lat="40.6664010" lon="-3.1078320">
    <ele>777.6</ele>
   </trkpt>
   <trkpt lat="40.6663510" lon="-3.1078750">
    <ele>777.6</ele>
   </trkpt>
   <trkpt lat="40.6663060" lon="-3.1079150">
    <ele>777.4</ele>
   </trkpt>
   <trkpt lat="40.6662560" lon="-3.1079570">
    <ele>777.2</ele>
   </trkpt>
   <trkpt lat="40.6662100" lon="-3.1079980">
    <ele>777.0</ele>
   </trkpt>
   <trkpt lat="40.6661640" lon="-3.1080410">
    <ele>777.0</ele>
   </trkpt>
   <trkpt lat="40.6661190" lon="-3.1080850">
    <ele>776.8</ele>
   </trkpt>
   <trkpt lat="40.6660770" lon="-3.1081310">
    <ele>776.6</ele>
   </trkpt>
   <trkpt lat="40.6660310" lon="-3.1081780">
    <ele>776.4</ele>
   </trkpt>
   <trkpt lat="40.6659850" lon="-3.1082250">
    <ele>776.2</ele>
   </trkpt>
   <trkpt lat="40.6659390" lon="-3.1082710">
    <ele>776.2</ele>
   </trkpt>
   <trkpt lat="40.6658940" lon="-3.1083190">
    <ele>776.0</ele>
   </trkpt>
   <trkpt lat="40.6658440" lon="-3.1083660">
    <ele>775.8</ele>
   </trkpt>
   <trkpt lat="40.6657910" lon="-3.1084110">
    <ele>775.8</ele>
   </trkpt>
   <trkpt lat="40.6657410" lon="-3.1084570">
    <ele>775.6</ele>
   </trkpt>
   <trkpt lat="40.6656950" lon="-3.1085030">
    <ele>775.2</ele>
   </trkpt>
   <trkpt lat="40.6656460" lon="-3.1085500">
    <ele>775.0</ele>
   </trkpt>
   <trkpt lat="40.6655920" lon="-3.1085970">
    <ele>774.8</ele>
   </trkpt>
   <trkpt lat="40.6655430" lon="-3.1086420">
    <ele>774.6</ele>
   </trkpt>
   <trkpt lat="40.6654930" lon="-3.1086860">
    <ele>774.4</ele>
   </trkpt>
   <trkpt lat="40.6654430" lon="-3.1087300">
    <ele>774.4</ele>
   </trkpt>
   <trkpt lat="40.6653980" lon="-3.1087740">
    <ele>774.2</ele>
   </trkpt>
   <trkpt lat="40.6653480" lon="-3.1088180">
    <ele>774.0</ele>
   </trkpt>
   <trkpt lat="40.6652980" lon="-3.1088630">
    <ele>773.6</ele>
   </trkpt>
   <trkpt lat="40.6652410" lon="-3.1089100">
    <ele>773.4</ele>
   </trkpt>
   <trkpt lat="40.6651840" lon="-3.1089590">
    <ele>773.0</ele>
   </trkpt>
   <trkpt lat="40.6651270" lon="-3.1090100">
    <ele>772.6</ele>
   </trkpt>
   <trkpt lat="40.6650660" lon="-3.1090600">
    <ele>772.2</ele>
   </trkpt>
   <trkpt lat="40.6650050" lon="-3.1091110">
    <ele>771.8</ele>
   </trkpt>
   <trkpt lat="40.6649400" lon="-3.1091620">
    <ele>771.2</ele>
   </trkpt>
   <trkpt lat="40.6648710" lon="-3.1092110">
    <ele>770.8</ele>
   </trkpt>
   <trkpt lat="40.6647990" lon="-3.1092590">
    <ele>770.4</ele>
   </trkpt>
   <trkpt lat="40.6647260" lon="-3.1093090">
    <ele>770.0</ele>
   </trkpt>
   <trkpt lat="40.6646610" lon="-3.1093590">
    <ele>769.4</ele>
   </trkpt>
   <trkpt lat="40.6645930" lon="-3.1094090">
    <ele>769.0</ele>
   </trkpt>
   <trkpt lat="40.6645240" lon="-3.1094610">
    <ele>768.6</ele>
   </trkpt>
   <trkpt lat="40.6644550" lon="-3.1095170">
    <ele>768.2</ele>
   </trkpt>
   <trkpt lat="40.6643910" lon="-3.1095740">
    <ele>768.0</ele>
   </trkpt>
   <trkpt lat="40.6643260" lon="-3.1096290">
    <ele>767.8</ele>
   </trkpt>
   <trkpt lat="40.6642650" lon="-3.1096890">
    <ele>767.4</ele>
   </trkpt>
   <trkpt lat="40.6642070" lon="-3.1097520">
    <ele>767.2</ele>
   </trkpt>
   <trkpt lat="40.6641500" lon="-3.1098150">
    <ele>766.8</ele>
   </trkpt>
   <trkpt lat="40.6640930" lon="-3.1098790">
    <ele>766.6</ele>
   </trkpt>
   <trkpt lat="40.6640400" lon="-3.1099400">
    <ele>766.4</ele>
   </trkpt>
   <trkpt lat="40.6639820" lon="-3.1099960">
    <ele>766.2</ele>
   </trkpt>
   <trkpt lat="40.6639290" lon="-3.1100470">
    <ele>766.0</ele>
   </trkpt>
   <trkpt lat="40.6638760" lon="-3.1100990">
    <ele>765.8</ele>
   </trkpt>
   <trkpt lat="40.6638220" lon="-3.1101530">
    <ele>765.4</ele>
   </trkpt>
   <trkpt lat="40.6637650" lon="-3.1102080">
    <ele>765.2</ele>
   </trkpt>
   <trkpt lat="40.6637110" lon="-3.1102640">
    <ele>765.0</ele>
   </trkpt>
   <trkpt lat="40.6636580" lon="-3.1103210">
    <ele>764.6</ele>
   </trkpt>
   <trkpt lat="40.6636010" lon="-3.1103790">
    <ele>764.4</ele>
   </trkpt>
   <trkpt lat="40.6635470" lon="-3.1104380">
    <ele>764.0</ele>
   </trkpt>
   <trkpt lat="40.6634940" lon="-3.1104980">
    <ele>763.8</ele>
   </trkpt>
   <trkpt lat="40.6634450" lon="-3.1105600">
    <ele>763.4</ele>
   </trkpt>
   <trkpt lat="40.6633950" lon="-3.1106250">
    <ele>763.2</ele>
   </trkpt>
   <trkpt lat="40.6633420" lon="-3.1106910">
    <ele>763.0</ele>
   </trkpt>
   <trkpt lat="40.6632920" lon="-3.1107590">
    <ele>762.6</ele>
   </trkpt>
   <trkpt lat="40.6632460" lon="-3.1108300">
    <ele>762.4</ele>
   </trkpt>
   <trkpt lat="40.6632000" lon="-3.1109020">
    <ele>762.4</ele>
   </trkpt>
   <trkpt lat="40.6631550" lon="-3.1109750">
    <ele>762.2</ele>
   </trkpt>
   <trkpt lat="40.6631130" lon="-3.1110480">
    <ele>762.2</ele>
   </trkpt>
   <trkpt lat="40.6630670" lon="-3.1111250">
    <ele>762.0</ele>
   </trkpt>
   <trkpt lat="40.6630210" lon="-3.1112000">
    <ele>761.6</ele>
   </trkpt>
   <trkpt lat="40.6629790" lon="-3.1112760">
    <ele>761.4</ele>
   </trkpt>
   <trkpt lat="40.6629370" lon="-3.1113530">
    <ele>761.2</ele>
   </trkpt>
   <trkpt lat="40.6628950" lon="-3.1114270">
    <ele>760.8</ele>
   </trkpt>
   <trkpt lat="40.6628570" lon="-3.1115060">
    <ele>760.8</ele>
   </trkpt>
   <trkpt lat="40.6628150" lon="-3.1115800">
    <ele>760.6</ele>
   </trkpt>
   <trkpt lat="40.6627770" lon="-3.1116510">
    <ele>760.6</ele>
   </trkpt>
   <trkpt lat="40.6627390" lon="-3.1117220">
    <ele>760.2</ele>
   </trkpt>
   <trkpt lat="40.6626970" lon="-3.1117960">
    <ele>760.0</ele>
   </trkpt>
   <trkpt lat="40.6626590" lon="-3.1118710">
    <ele>759.8</ele>
   </trkpt>
   <trkpt lat="40.6626170" lon="-3.1119470">
    <ele>759.6</ele>
   </trkpt>
   <trkpt lat="40.6625710" lon="-3.1120240">
    <ele>759.4</ele>
   </trkpt>
   <trkpt lat="40.6625290" lon="-3.1120990">
    <ele>759.2</ele>
   </trkpt>
   <trkpt lat="40.6624870" lon="-3.1121740">
    <ele>759.0</ele>
   </trkpt>
   <trkpt lat="40.6624450" lon="-3.1122500">
    <ele>759.0</ele>
   </trkpt>
   <trkpt lat="40.6624030" lon="-3.1123250">
    <ele>759.0</ele>
   </trkpt>
   <trkpt lat="40.6623610" lon="-3.1123990">
    <ele>759.0</ele>
   </trkpt>
   <trkpt lat="40.6623190" lon="-3.1124730">
    <ele>758.8</ele>
   </trkpt>
   <trkpt lat="40.6622770" lon="-3.1125430">
    <ele>758.6</ele>
   </trkpt>
   <trkpt lat="40.6622350" lon="-3.1126140">
    <ele>758.6</ele>
   </trkpt>
   <trkpt lat="40.6621930" lon="-3.1126860">
    <ele>758.4</ele>
   </trkpt>
   <trkpt lat="40.6621550" lon="-3.1127610">
    <ele>758.4</ele>
   </trkpt>
   <trkpt lat="40.6621130" lon="-3.1128360">
    <ele>758.2</ele>
   </trkpt>
   <trkpt lat="40.6620750" lon="-3.1129100">
    <ele>758.2</ele>
   </trkpt>
   <trkpt lat="40.6620370" lon="-3.1129830">
    <ele>758.0</ele>
   </trkpt>
   <trkpt lat="40.6619950" lon="-3.1130580">
    <ele>757.8</ele>
   </trkpt>
   <trkpt lat="40.6619530" lon="-3.1131330">
    <ele>757.6</ele>
   </trkpt>
   <trkpt lat="40.6619110" lon="-3.1132070">
    <ele>757.4</ele>
   </trkpt>
   <trkpt lat="40.6618690" lon="-3.1132800">
    <ele>757.0</ele>
   </trkpt>
   <trkpt lat="40.6618270" lon="-3.1133490">
    <ele>757.0</ele>
   </trkpt>
   <trkpt lat="40.6617850" lon="-3.1134160">
    <ele>756.8</ele>
   </trkpt>
   <trkpt lat="40.6617430" lon="-3.1134850">
    <ele>756.8</ele>
   </trkpt>
   <trkpt lat="40.6617010" lon="-3.1135550">
    <ele>756.6</ele>
   </trkpt>
   <trkpt lat="40.6616550" lon="-3.1136250">
    <ele>756.6</ele>
   </trkpt>
   <trkpt lat="40.6616100" lon="-3.1136970">
    <ele>756.4</ele>
   </trkpt>
   <trkpt lat="40.6615640" lon="-3.1137700">
    <ele>756.4</ele>
   </trkpt>
   <trkpt lat="40.6615180" lon="-3.1138410">
    <ele>756.2</ele>
   </trkpt>
   <trkpt lat="40.6614720" lon="-3.1139110">
    <ele>756.0</ele>
   </trkpt>
   <trkpt lat="40.6614230" lon="-3.1139840">
    <ele>755.8</ele>
   </trkpt>
   <trkpt lat="40.6613730" lon="-3.1140570">
    <ele>755.6</ele>
   </trkpt>
   <trkpt lat="40.6613270" lon="-3.1141280">
    <ele>755.6</ele>
   </trkpt>
   <trkpt lat="40.6612780" lon="-3.1141990">
    <ele>755.6</ele>
   </trkpt>
   <trkpt lat="40.6612320" lon="-3.1142690">
    <ele>755.4</ele>
   </trkpt>
   <trkpt lat="40.6611860" lon="-3.1143360">
    <ele>755.2</ele>
   </trkpt>
   <trkpt lat="40.6611370" lon="-3.1144070">
    <ele>755.0</ele>
   </trkpt>
   <trkpt lat="40.6610910" lon="-3.1144810">
    <ele>754.8</ele>
   </trkpt>
   <trkpt lat="40.6610410" lon="-3.1145530">
    <ele>754.8</ele>
   </trkpt>
   <trkpt lat="40.6609880" lon="-3.1146200">
    <ele>755.0</ele>
   </trkpt>
   <trkpt lat="40.6609380" lon="-3.1146820">
    <ele>754.8</ele>
   </trkpt>
   <trkpt lat="40.6608920" lon="-3.1147390">
    <ele>754.8</ele>
   </trkpt>
   <trkpt lat="40.6608390" lon="-3.1147950">
    <ele>755.0</ele>
   </trkpt>
   <trkpt lat="40.6607860" lon="-3.1148450">
    <ele>755.0</ele>
   </trkpt>
   <trkpt lat="40.6607320" lon="-3.1148870">
    <ele>755.0</ele>
   </trkpt>
   <trkpt lat="40.6606750" lon="-3.1149200">
    <ele>755.0</ele>
   </trkpt>
   <trkpt lat="40.6606180" lon="-3.1149440">
    <ele>755.2</ele>
   </trkpt>
   <trkpt lat="40.6605530" lon="-3.1149580">
    <ele>755.2</ele>
   </trkpt>
   <trkpt lat="40.6604880" lon="-3.1149630">
    <ele>755.4</ele>
   </trkpt>
   <trkpt lat="40.6604230" lon="-3.1149620">
    <ele>755.4</ele>
   </trkpt>
   <trkpt lat="40.6603620" lon="-3.1149590">
    <ele>755.6</ele>
   </trkpt>
   <trkpt lat="40.6603090" lon="-3.1149530">
    <ele>755.6</ele>
   </trkpt>
   <trkpt lat="40.6602550" lon="-3.1149430">
    <ele>755.6</ele>
   </trkpt>
   <trkpt lat="40.6601980" lon="-3.1149280">
    <ele>755.8</ele>
   </trkpt>
   <trkpt lat="40.6601450" lon="-3.1149070">
    <ele>755.8</ele>
   </trkpt>
   <trkpt lat="40.6600950" lon="-3.1148780">
    <ele>755.8</ele>
   </trkpt>
   <trkpt lat="40.6600530" lon="-3.1148360">
    <ele>756.0</ele>
   </trkpt>
   <trkpt lat="40.6600110" lon="-3.1147810">
    <ele>756.0</ele>
   </trkpt>
   <trkpt lat="40.6599730" lon="-3.1147240">
    <ele>756.0</ele>
   </trkpt>
   <trkpt lat="40.6599350" lon="-3.1146700">
    <ele>756.0</ele>
   </trkpt>
   <trkpt lat="40.6598930" lon="-3.1146200">
    <ele>756.0</ele>
   </trkpt>
   <trkpt lat="40.6598510" lon="-3.1145740">
    <ele>756.0</ele>
   </trkpt>
   <trkpt lat="40.6598090" lon="-3.1145250">
    <ele>756.0</ele>
   </trkpt>
   <trkpt lat="40.6597670" lon="-3.1144730">
    <ele>756.2</ele>
   </trkpt>
   <trkpt lat="40.6597250" lon="-3.1144180">
    <ele>756.2</ele>
   </trkpt>
   <trkpt lat="40.6596870" lon="-3.1143650">
    <ele>756.2</ele>
   </trkpt>
   <trkpt lat="40.6596530" lon="-3.1143130">
    <ele>756.4</ele>
   </trkpt>
   <trkpt lat="40.6596180" lon="-3.1142630">
    <ele>756.4</ele>
   </trkpt>
   <trkpt lat="40.6595840" lon="-3.1142170">
    <ele>756.6</ele>
   </trkpt>
   <trkpt lat="40.6595500" lon="-3.1141740">
    <ele>756.8</ele>
   </trkpt>
   <trkpt lat="40.6595190" lon="-3.1141400">
    <ele>757.0</ele>
   </trkpt>
   <trkpt lat="40.6594850" lon="-3.1141140">
    <ele>757.2</ele>
   </trkpt>
   <trkpt lat="40.6594510" lon="-3.1141050">
    <ele>757.4</ele>
   </trkpt>
   <trkpt lat="40.6594240" lon="-3.1141120">
    <ele>757.6</ele>
   </trkpt>
   <trkpt lat="40.6594010" lon="-3.1141320">
    <ele>757.6</ele>
   </trkpt>
   <trkpt lat="40.6593820" lon="-3.1141570">
    <ele>757.8</ele>
   </trkpt>
   <trkpt lat="40.6593670" lon="-3.1141810">
    <ele>758.0</ele>
   </trkpt>
   <trkpt lat="40.6593590" lon="-3.1142010">
    <ele>758.2</ele>
   </trkpt>
   <trkpt lat="40.6593510" lon="-3.1142180">
    <ele>758.4</ele>
   </trkpt>
   <trkpt lat="40.6593480" lon="-3.1142360">
    <ele>758.6</ele>
   </trkpt>
   <trkpt lat="40.6593510" lon="-3.1142550">
    <ele>758.6</ele>
   </trkpt>
   <trkpt lat="40.6593550" lon="-3.1142730">
    <ele>758.8</ele>
   </trkpt>
   <trkpt lat="40.6593630" lon="-3.1142870">
    <ele>758.8</ele>
   </trkpt>
   <trkpt lat="40.6593740" lon="-3.1142990">
    <ele>759.0</ele>
   </trkpt>
   <trkpt lat="40.6593890" lon="-3.1143110">
    <ele>759.0</ele>
   </trkpt>
   <trkpt lat="40.6594010" lon="-3.1143220">
    <ele>759.2</ele>
   </trkpt>
   <trkpt lat="40.6594280" lon="-3.1143400">
    <ele>759.4</ele>
   </trkpt>
   <trkpt lat="40.6594470" lon="-3.1143550">
    <ele>759.4</ele>
   </trkpt>
   <trkpt lat="40.6594730" lon="-3.1143780">
    <ele>759.4</ele>
   </trkpt>
   <trkpt lat="40.6595000" lon="-3.1144040">
    <ele>759.4</ele>
   </trkpt>
   <trkpt lat="40.6595270" lon="-3.1144310">
    <ele>759.4</ele>
   </trkpt>
   <trkpt lat="40.6595610" lon="-3.1144620">
    <ele>759.2</ele>
   </trkpt>
   <trkpt lat="40.6595920" lon="-3.1144950">
    <ele>759.2</ele>
   </trkpt>
   <trkpt lat="40.6596260" lon="-3.1145310">
    <ele>759.2</ele>
   </trkpt>
   <trkpt lat="40.6596640" lon="-3.1145680">
    <ele>759.2</ele>
   </trkpt>
   <trkpt lat="40.6596980" lon="-3.1146070">
    <ele>759.2</ele>
   </trkpt>
   <trkpt lat="40.6597330" lon="-3.1146470">
    <ele>759.2</ele>
   </trkpt>
   <trkpt lat="40.6597710" lon="-3.1146870">
    <ele>759.2</ele>
   </trkpt>
   <trkpt lat="40.6598050" lon="-3.1147270">
    <ele>759.2</ele>
   </trkpt>
   <trkpt lat="40.6598360" lon="-3.1147640">
    <ele>759.2</ele>
   </trkpt>
   <trkpt lat="40.6598700" lon="-3.1147980">
    <ele>759.4</ele>
   </trkpt>
   <trkpt lat="40.6599010" lon="-3.1148290">
    <ele>759.4</ele>
   </trkpt>
   <trkpt lat="40.6599310" lon="-3.1148570">
    <ele>759.4</ele>
   </trkpt>
   <trkpt lat="40.6599620" lon="-3.1148830">
    <ele>759.6</ele>
   </trkpt>
   <trkpt lat="40.6599810" lon="-3.1149040">
    <ele>759.6</ele>
   </trkpt>
   <trkpt lat="40.6599960" lon="-3.1149200">
    <ele>759.8</ele>
   </trkpt>
   <trkpt lat="40.6600040" lon="-3.1149290">
    <ele>759.8</ele>
   </trkpt>
   <trkpt lat="40.6600040" lon="-3.1149320">
    <ele>760.0</ele>
   </trkpt>
   <trkpt lat="40.6600040" lon="-3.1149320">
    <ele>760.0</ele>
   </trkpt>
   <trkpt lat="40.6600040" lon="-3.1149320">
    <ele>760.0</ele>
   </trkpt>
   <trkpt lat="40.6600040" lon="-3.1149320">
    <ele>760.0</ele>
   </trkpt>
   <trkpt lat="40.6600040" lon="-3.1149390">
    <ele>760.2</ele>
   </trkpt>
   <trkpt lat="40.6600110" lon="-3.1149520">
    <ele>760.0</ele>
   </trkpt>
   <trkpt lat="40.6600230" lon="-3.1149730">
    <ele>760.0</ele>
   </trkpt>
   <trkpt lat="40.6600420" lon="-3.1149990">
    <ele>760.0</ele>
   </trkpt>
   <trkpt lat="40.6600650" lon="-3.1150230">
    <ele>760.2</ele>
   </trkpt>
   <trkpt lat="40.6600880" lon="-3.1150430">
    <ele>760.2</ele>
   </trkpt>
   <trkpt lat="40.6601100" lon="-3.1150570">
    <ele>760.2</ele>
   </trkpt>
   <trkpt lat="40.6601290" lon="-3.1150650">
    <ele>760.4</ele>
   </trkpt>
   <trkpt lat="40.6601490" lon="-3.1150730">
    <ele>760.4</ele>
   </trkpt>
   <trkpt lat="40.6601680" lon="-3.1150800">
    <ele>760.4</ele>
   </trkpt>
   <trkpt lat="40.6601870" lon="-3.1150880">
    <ele>760.4</ele>
   </trkpt>
   <trkpt lat="40.6602170" lon="-3.1150970">
    <ele>760.4</ele>
   </trkpt>
   <trkpt lat="40.6602590" lon="-3.1151010">
    <ele>760.4</ele>
   </trkpt>
   <trkpt lat="40.6603090" lon="-3.1151010">
    <ele>760.4</ele>
   </trkpt>
   <trkpt lat="40.6603620" lon="-3.1151000">
    <ele>760.4</ele>
   </trkpt>
   <trkpt lat="40.6604190" lon="-3.1151060">
    <ele>760.4</ele>
   </trkpt>
   <trkpt lat="40.6604690" lon="-3.1151230">
    <ele>760.4</ele>
   </trkpt>
   <trkpt lat="40.6605190" lon="-3.1151530">
    <ele>760.6</ele>
   </trkpt>
   <trkpt lat="40.6605680" lon="-3.1151980">
    <ele>760.6</ele>
   </trkpt>
   <trkpt lat="40.6606030" lon="-3.1152530">
    <ele>760.4</ele>
   </trkpt>
   <trkpt lat="40.6606290" lon="-3.1153170">
    <ele>760.4</ele>
   </trkpt>
   <trkpt lat="40.6606480" lon="-3.1153870">
    <ele>760.4</ele>
   </trkpt>
   <trkpt lat="40.6606520" lon="-3.1154610">
    <ele>760.4</ele>
   </trkpt>
   <trkpt lat="40.6606520" lon="-3.1155340">
    <ele>760.4</ele>
   </trkpt>
   <trkpt lat="40.6606560" lon="-3.1156060">
    <ele>760.6</ele>
   </trkpt>
   <trkpt lat="40.6606710" lon="-3.1156730">
    <ele>760.8</ele>
   </trkpt>
   <trkpt lat="40.6606980" lon="-3.1157340">
    <ele>760.8</ele>
   </trkpt>
   <trkpt lat="40.6607280" lon="-3.1157880">
    <ele>761.0</ele>
   </trkpt>
   <trkpt lat="40.6607630" lon="-3.1158340">
    <ele>761.2</ele>
   </trkpt>
   <trkpt lat="40.6607970" lon="-3.1158770">
    <ele>761.4</ele>
   </trkpt>
   <trkpt lat="40.6608310" lon="-3.1159160">
    <ele>761.8</ele>
   </trkpt>
   <trkpt lat="40.6608700" lon="-3.1159550">
    <ele>761.8</ele>
   </trkpt>
   <trkpt lat="40.6609080" lon="-3.1159940">
    <ele>762.0</ele>
   </trkpt>
   <trkpt lat="40.6609420" lon="-3.1160360">
    <ele>762.0</ele>
   </trkpt>
   <trkpt lat="40.6609760" lon="-3.1160800">
    <ele>762.0</ele>
   </trkpt>
   <trkpt lat="40.6610150" lon="-3.1161250">
    <ele>762.0</ele>
   </trkpt>
   <trkpt lat="40.6610530" lon="-3.1161720">
    <ele>761.8</ele>
   </trkpt>
   <trkpt lat="40.6610910" lon="-3.1162190">
    <ele>761.8</ele>
   </trkpt>
   <trkpt lat="40.6611330" lon="-3.1162660">
    <ele>761.8</ele>
   </trkpt>
   <trkpt lat="40.6611790" lon="-3.1163050">
    <ele>761.8</ele>
   </trkpt>
   <trkpt lat="40.6612360" lon="-3.1163290">
    <ele>761.8</ele>
   </trkpt>
   <trkpt lat="40.6612930" lon="-3.1163420">
    <ele>761.8</ele>
   </trkpt>
   <trkpt lat="40.6613500" lon="-3.1163460">
    <ele>761.6</ele>
   </trkpt>
   <trkpt lat="40.6614070" lon="-3.1163500">
    <ele>761.6</ele>
   </trkpt>
   <trkpt lat="40.6614650" lon="-3.1163650">
    <ele>761.4</ele>
   </trkpt>
   <trkpt lat="40.6615140" lon="-3.1163950">
    <ele>761.2</ele>
   </trkpt>
   <trkpt lat="40.6615640" lon="-3.1164400">
    <ele>761.0</ele>
   </trkpt>
   <trkpt lat="40.6616020" lon="-3.1164980">
    <ele>760.6</ele>
   </trkpt>
   <trkpt lat="40.6616330" lon="-3.1165640">
    <ele>760.4</ele>
   </trkpt>
   <trkpt lat="40.6616550" lon="-3.1166340">
    <ele>760.4</ele>
   </trkpt>
   <trkpt lat="40.6616670" lon="-3.1167090">
    <ele>760.2</ele>
   </trkpt>
   <trkpt lat="40.6616550" lon="-3.1167840">
    <ele>760.2</ele>
   </trkpt>
   <trkpt lat="40.6616360" lon="-3.1168540">
    <ele>760.0</ele>
   </trkpt>
   <trkpt lat="40.6616020" lon="-3.1169160">
    <ele>759.8</ele>
   </trkpt>
   <trkpt lat="40.6615560" lon="-3.1169700">
    <ele>759.8</ele>
   </trkpt>
   <trkpt lat="40.6615030" lon="-3.1170150">
    <ele>759.6</ele>
   </trkpt>
   <trkpt lat="40.6614420" lon="-3.1170440">
    <ele>759.4</ele>
   </trkpt>
   <trkpt lat="40.6613730" lon="-3.1170480">
    <ele>759.2</ele>
   </trkpt>
   <trkpt lat="40.6612970" lon="-3.1170350">
    <ele>759.2</ele>
   </trkpt>
   <trkpt lat="40.6612280" lon="-3.1170150">
    <ele>759.2</ele>
   </trkpt>
   <trkpt lat="40.6611560" lon="-3.1169980">
    <ele>759.0</ele>
   </trkpt>
   <trkpt lat="40.6610830" lon="-3.1169980">
    <ele>758.8</ele>
   </trkpt>
   <trkpt lat="40.6610110" lon="-3.1170170">
    <ele>758.4</ele>
   </trkpt>
   <trkpt lat="40.6609340" lon="-3.1170550">
    <ele>758.2</ele>
   </trkpt>
   <trkpt lat="40.6608660" lon="-3.1171080">
    <ele>757.6</ele>
   </trkpt>
   <trkpt lat="40.6607930" lon="-3.1171650">
    <ele>757.2</ele>
   </trkpt>
   <trkpt lat="40.6607210" lon="-3.1172230">
    <ele>757.0</ele>
   </trkpt>
   <trkpt lat="40.6606440" lon="-3.1172840">
    <ele>756.6</ele>
   </trkpt>
   <trkpt lat="40.6605640" lon="-3.1173450">
    <ele>756.0</ele>
   </trkpt>
   <trkpt lat="40.6604880" lon="-3.1174080">
    <ele>755.4</ele>
   </trkpt>
   <trkpt lat="40.6604120" lon="-3.1174780">
    <ele>754.6</ele>
   </trkpt>
   <trkpt lat="40.6603320" lon="-3.1175540">
    <ele>754.0</ele>
   </trkpt>
   <trkpt lat="40.6602590" lon="-3.1176390">
    <ele>753.4</ele>
   </trkpt>
   <trkpt lat="40.6601870" lon="-3.1177300">
    <ele>752.8</ele>
   </trkpt>
   <trkpt lat="40.6601180" lon="-3.1178260">
    <ele>752.4</ele>
   </trkpt>
   <trkpt lat="40.6600530" lon="-3.1179240">
    <ele>752.0</ele>
   </trkpt>
   <trkpt lat="40.6599850" lon="-3.1180180">
    <ele>751.6</ele>
   </trkpt>
   <trkpt lat="40.6599240" lon="-3.1181120">
    <ele>751.4</ele>
   </trkpt>
   <trkpt lat="40.6598630" lon="-3.1182030">
    <ele>751.0</ele>
   </trkpt>
   <trkpt lat="40.6597980" lon="-3.1182930">
    <ele>750.6</ele>
   </trkpt>
   <trkpt lat="40.6597370" lon="-3.1183820">
    <ele>750.4</ele>
   </trkpt>
   <trkpt lat="40.6596790" lon="-3.1184690">
    <ele>750.2</ele>
   </trkpt>
   <trkpt lat="40.6596180" lon="-3.1185530">
    <ele>750.2</ele>
   </trkpt>
   <trkpt lat="40.6595610" lon="-3.1186370">
    <ele>750.2</ele>
   </trkpt>
   <trkpt lat="40.6595040" lon="-3.1187200">
    <ele>750.2</ele>
   </trkpt>
   <trkpt lat="40.6594470" lon="-3.1188080">
    <ele>750.2</ele>
   </trkpt>
   <trkpt lat="40.6593890" lon="-3.1188930">
    <ele>750.2</ele>
   </trkpt>
   <trkpt lat="40.6593320" lon="-3.1189760">
    <ele>750.0</ele>
   </trkpt>
   <trkpt lat="40.6592710" lon="-3.1190570">
    <ele>750.0</ele>
   </trkpt>
   <trkpt lat="40.6592180" lon="-3.1191390">
    <ele>750.0</ele>
   </trkpt>
   <trkpt lat="40.6591640" lon="-3.1192170">
    <ele>750.0</ele>
   </trkpt>
   <trkpt lat="40.6591110" lon="-3.1192930">
    <ele>749.8</ele>
   </trkpt>
   <trkpt lat="40.6590580" lon="-3.1193690">
    <ele>749.8</ele>
   </trkpt>
   <trkpt lat="40.6590040" lon="-3.1194440">
    <ele>749.8</ele>
   </trkpt>
   <trkpt lat="40.6589550" lon="-3.1195190">
    <ele>749.6</ele>
   </trkpt>
   <trkpt lat="40.6589010" lon="-3.1195970">
    <ele>749.6</ele>
   </trkpt>
   <trkpt lat="40.6588480" lon="-3.1196740">
    <ele>749.6</ele>
   </trkpt>
   <trkpt lat="40.6587940" lon="-3.1197500">
    <ele>749.6</ele>
   </trkpt>
   <trkpt lat="40.6587410" lon="-3.1198260">
    <ele>749.4</ele>
   </trkpt>
   <trkpt lat="40.6586910" lon="-3.1199030">
    <ele>749.4</ele>
   </trkpt>
   <trkpt lat="40.6586420" lon="-3.1199800">
    <ele>749.2</ele>
   </trkpt>
   <trkpt lat="40.6585880" lon="-3.1200580">
    <ele>749.0</ele>
   </trkpt>
   <trkpt lat="40.6585350" lon="-3.1201380">
    <ele>749.0</ele>
   </trkpt>
   <trkpt lat="40.6584780" lon="-3.1202180">
    <ele>748.8</ele>
   </trkpt>
   <trkpt lat="40.6584210" lon="-3.1202980">
    <ele>748.8</ele>
   </trkpt>
   <trkpt lat="40.6583670" lon="-3.1203770">
    <ele>748.6</ele>
   </trkpt>
   <trkpt lat="40.6583140" lon="-3.1204550">
    <ele>748.2</ele>
   </trkpt>
   <trkpt lat="40.6582600" lon="-3.1205320">
    <ele>748.2</ele>
   </trkpt>
   <trkpt lat="40.6582070" lon="-3.1206070">
    <ele>748.0</ele>
   </trkpt>
   <trkpt lat="40.6581540" lon="-3.1206840">
    <ele>748.0</ele>
   </trkpt>
   <trkpt lat="40.6581000" lon="-3.1207610">
    <ele>747.8</ele>
   </trkpt>
   <trkpt lat="40.6580510" lon="-3.1208370">
    <ele>747.6</ele>
   </trkpt>
   <trkpt lat="40.6579970" lon="-3.1209110">
    <ele>747.4</ele>
   </trkpt>
   <trkpt lat="40.6579440" lon="-3.1209880">
    <ele>747.4</ele>
   </trkpt>
   <trkpt lat="40.6578900" lon="-3.1210630">
    <ele>747.4</ele>
   </trkpt>
   <trkpt lat="40.6578410" lon="-3.1211370">
    <ele>747.4</ele>
   </trkpt>
   <trkpt lat="40.6577870" lon="-3.1212110">
    <ele>747.4</ele>
   </trkpt>
   <trkpt lat="40.6577380" lon="-3.1212840">
    <ele>747.4</ele>
   </trkpt>
   <trkpt lat="40.6576880" lon="-3.1213570">
    <ele>747.2</ele>
   </trkpt>
   <trkpt lat="40.6576350" lon="-3.1214300">
    <ele>747.4</ele>
   </trkpt>
   <trkpt lat="40.6575850" lon="-3.1215040">
    <ele>747.2</ele>
   </trkpt>
   <trkpt lat="40.6575320" lon="-3.1215770">
    <ele>747.2</ele>
   </trkpt>
   <trkpt lat="40.6574820" lon="-3.1216490">
    <ele>747.2</ele>
   </trkpt>
   <trkpt lat="40.6574330" lon="-3.1217210">
    <ele>747.2</ele>
   </trkpt>
   <trkpt lat="40.6573790" lon="-3.1217910">
    <ele>747.2</ele>
   </trkpt>
   <trkpt lat="40.6573300" lon="-3.1218580">
    <ele>747.4</ele>
   </trkpt>
   <trkpt lat="40.6572840" lon="-3.1219230">
    <ele>747.6</ele>
   </trkpt>
   <trkpt lat="40.6572340" lon="-3.1219860">
    <ele>747.8</ele>
   </trkpt>
   <trkpt lat="40.6571850" lon="-3.1220480">
    <ele>747.8</ele>
   </trkpt>
   <trkpt lat="40.6571350" lon="-3.1221060">
    <ele>747.8</ele>
   </trkpt>
   <trkpt lat="40.6570890" lon="-3.1221630">
    <ele>748.0</ele>
   </trkpt>
   <trkpt lat="40.6570430" lon="-3.1222200">
    <ele>748.2</ele>
   </trkpt>
   <trkpt lat="40.6570010" lon="-3.1222740">
    <ele>748.4</ele>
   </trkpt>
   <trkpt lat="40.6569560" lon="-3.1223250">
    <ele>748.6</ele>
   </trkpt>
   <trkpt lat="40.6569140" lon="-3.1223750">
    <ele>748.8</ele>
   </trkpt>
   <trkpt lat="40.6568720" lon="-3.1224210">
    <ele>749.0</ele>
   </trkpt>
   <trkpt lat="40.6568300" lon="-3.1224630">
    <ele>749.2</ele>
   </trkpt>
   <trkpt lat="40.6567920" lon="-3.1225040">
    <ele>749.6</ele>
   </trkpt>
   <trkpt lat="40.6567540" lon="-3.1225450">
    <ele>749.8</ele>
   </trkpt>
   <trkpt lat="40.6567150" lon="-3.1225860">
    <ele>750.0</ele>
   </trkpt>
   <trkpt lat="40.6566770" lon="-3.1226230">
    <ele>750.2</ele>
   </trkpt>
   <trkpt lat="40.6566350" lon="-3.1226600">
    <ele>750.4</ele>
   </trkpt>
   <trkpt lat="40.6565970" lon="-3.1226970">
    <ele>750.8</ele>
   </trkpt>
   <trkpt lat="40.6565630" lon="-3.1227340">
    <ele>751.0</ele>
   </trkpt>
   <trkpt lat="40.6565280" lon="-3.1227690">
    <ele>751.2</ele>
   </trkpt>
   <trkpt lat="40.6564900" lon="-3.1228060">
    <ele>751.4</ele>
   </trkpt>
   <trkpt lat="40.6564520" lon="-3.1228450">
    <ele>751.6</ele>
   </trkpt>
   <trkpt lat="40.6564100" lon="-3.1228820">
    <ele>751.8</ele>
   </trkpt>
   <trkpt lat="40.6563720" lon="-3.1229190">
    <ele>752.0</ele>
   </trkpt>
   <trkpt lat="40.6563300" lon="-3.1229530">
    <ele>752.0</ele>
   </trkpt>
   <trkpt lat="40.6562920" lon="-3.1229880">
    <ele>752.2</ele>
   </trkpt>
   <trkpt lat="40.6562500" lon="-3.1230230">
    <ele>752.4</ele>
   </trkpt>
   <trkpt lat="40.6562080" lon="-3.1230590">
    <ele>752.6</ele>
   </trkpt>
   <trkpt lat="40.6561660" lon="-3.1230950">
    <ele>752.8</ele>
   </trkpt>
   <trkpt lat="40.6561240" lon="-3.1231320">
    <ele>753.0</ele>
   </trkpt>
   <trkpt lat="40.6560860" lon="-3.1231670">
    <ele>753.2</ele>
   </trkpt>
   <trkpt lat="40.6560440" lon="-3.1232000">
    <ele>753.4</ele>
   </trkpt>
   <trkpt lat="40.6560020" lon="-3.1232330">
    <ele>753.6</ele>
   </trkpt>
   <trkpt lat="40.6559640" lon="-3.1232640">
    <ele>753.8</ele>
   </trkpt>
   <trkpt lat="40.6559260" lon="-3.1232970">
    <ele>754.0</ele>
   </trkpt>
   <trkpt lat="40.6558910" lon="-3.1233280">
    <ele>754.4</ele>
   </trkpt>
   <trkpt lat="40.6558530" lon="-3.1233570">
    <ele>754.4</ele>
   </trkpt>
   <trkpt lat="40.6558150" lon="-3.1233850">
    <ele>754.6</ele>
   </trkpt>
   <trkpt lat="40.6557770" lon="-3.1234130">
    <ele>754.8</ele>
   </trkpt>
   <trkpt lat="40.6557430" lon="-3.1234390">
    <ele>755.0</ele>
   </trkpt>
   <trkpt lat="40.6557050" lon="-3.1234670">
    <ele>755.2</ele>
   </trkpt>
   <trkpt lat="40.6556700" lon="-3.1234940">
    <ele>755.4</ele>
   </trkpt>
   <trkpt lat="40.6556320" lon="-3.1235190">
    <ele>755.6</ele>
   </trkpt>
   <trkpt lat="40.6555980" lon="-3.1235440">
    <ele>755.8</ele>
   </trkpt>
   <trkpt lat="40.6555600" lon="-3.1235700">
    <ele>755.8</ele>
   </trkpt>
   <trkpt lat="40.6555180" lon="-3.1235960">
    <ele>756.0</ele>
   </trkpt>
   <trkpt lat="40.6554790" lon="-3.1236210">
    <ele>756.2</ele>
   </trkpt>
   <trkpt lat="40.6554410" lon="-3.1236450">
    <ele>756.4</ele>
   </trkpt>
   <trkpt lat="40.6554070" lon="-3.1236690">
    <ele>756.4</ele>
   </trkpt>
   <trkpt lat="40.6553650" lon="-3.1236940">
    <ele>756.6</ele>
   </trkpt>
   <trkpt lat="40.6553230" lon="-3.1237180">
    <ele>756.8</ele>
   </trkpt>
   <trkpt lat="40.6552810" lon="-3.1237450">
    <ele>756.8</ele>
   </trkpt>
   <trkpt lat="40.6552390" lon="-3.1237720">
    <ele>757.0</ele>
   </trkpt>
   <trkpt lat="40.6552010" lon="-3.1237970">
    <ele>757.2</ele>
   </trkpt>
   <trkpt lat="40.6551630" lon="-3.1238230">
    <ele>757.2</ele>
   </trkpt>
   <trkpt lat="40.6551250" lon="-3.1238460">
    <ele>757.4</ele>
   </trkpt>
   <trkpt lat="40.6550830" lon="-3.1238670">
    <ele>757.6</ele>
   </trkpt>
   <trkpt lat="40.6550450" lon="-3.1238890">
    <ele>757.6</ele>
   </trkpt>
   <trkpt lat="40.6550060" lon="-3.1239120">
    <ele>757.8</ele>
   </trkpt>
   <trkpt lat="40.6549680" lon="-3.1239350">
    <ele>757.8</ele>
   </trkpt>
   <trkpt lat="40.6549300" lon="-3.1239560">
    <ele>758.0</ele>
   </trkpt>
   <trkpt lat="40.6548920" lon="-3.1239770">
    <ele>758.2</ele>
   </trkpt>
   <trkpt lat="40.6548540" lon="-3.1239970">
    <ele>758.2</ele>
   </trkpt>
   <trkpt lat="40.6548120" lon="-3.1240160">
    <ele>758.2</ele>
   </trkpt>
   <trkpt lat="40.6547740" lon="-3.1240370">
    <ele>758.4</ele>
   </trkpt>
   <trkpt lat="40.6547320" lon="-3.1240610">
    <ele>758.6</ele>
   </trkpt>
   <trkpt lat="40.6546940" lon="-3.1240850">
    <ele>758.8</ele>
   </trkpt>
   <trkpt lat="40.6546550" lon="-3.1241130">
    <ele>758.8</ele>
   </trkpt>
   <trkpt lat="40.6546210" lon="-3.1241420">
    <ele>759.0</ele>
   </trkpt>
   <trkpt lat="40.6545870" lon="-3.1241670">
    <ele>759.0</ele>
   </trkpt>
   <trkpt lat="40.6545490" lon="-3.1241890">
    <ele>759.2</ele>
   </trkpt>
   <trkpt lat="40.6545140" lon="-3.1242070">
    <ele>759.4</ele>
   </trkpt>
   <trkpt lat="40.6544800" lon="-3.1242250">
    <ele>759.4</ele>
   </trkpt>
   <trkpt lat="40.6544460" lon="-3.1242450">
    <ele>759.4</ele>
   </trkpt>
   <trkpt lat="40.6544070" lon="-3.1242660">
    <ele>759.6</ele>
   </trkpt>
   <trkpt lat="40.6543690" lon="-3.1242870">
    <ele>759.6</ele>
   </trkpt>
   <trkpt lat="40.6543310" lon="-3.1243100">
    <ele>759.6</ele>
   </trkpt>
   <trkpt lat="40.6542930" lon="-3.1243310">
    <ele>759.6</ele>
   </trkpt>
   <trkpt lat="40.6542550" lon="-3.1243490">
    <ele>759.8</ele>
   </trkpt>
   <trkpt lat="40.6542210" lon="-3.1243680">
    <ele>760.0</ele>
   </trkpt>
   <trkpt lat="40.6541820" lon="-3.1243880">
    <ele>760.0</ele>
   </trkpt>
   <trkpt lat="40.6541480" lon="-3.1244100">
    <ele>760.2</ele>
   </trkpt>
   <trkpt lat="40.6541100" lon="-3.1244320">
    <ele>760.2</ele>
   </trkpt>
   <trkpt lat="40.6540760" lon="-3.1244530">
    <ele>760.2</ele>
   </trkpt>
   <trkpt lat="40.6540370" lon="-3.1244730">
    <ele>760.2</ele>
   </trkpt>
   <trkpt lat="40.6539990" lon="-3.1244920">
    <ele>760.4</ele>
   </trkpt>
   <trkpt lat="40.6539570" lon="-3.1245100">
    <ele>760.4</ele>
   </trkpt>
   <trkpt lat="40.6539190" lon="-3.1245310">
    <ele>760.4</ele>
   </trkpt>
   <trkpt lat="40.6538810" lon="-3.1245510">
    <ele>760.4</ele>
   </trkpt>
   <trkpt lat="40.6538430" lon="-3.1245710">
    <ele>760.6</ele>
   </trkpt>
   <trkpt lat="40.6538090" lon="-3.1245910">
    <ele>760.6</ele>
   </trkpt>
   <trkpt lat="40.6537700" lon="-3.1246110">
    <ele>760.6</ele>
   </trkpt>
   <trkpt lat="40.6537320" lon="-3.1246320">
    <ele>760.6</ele>
   </trkpt>
   <trkpt lat="40.6536940" lon="-3.1246550">
    <ele>760.8</ele>
   </trkpt>
   <trkpt lat="40.6536560" lon="-3.1246770">
    <ele>760.8</ele>
   </trkpt>
   <trkpt lat="40.6536140" lon="-3.1246990">
    <ele>760.8</ele>
   </trkpt>
   <trkpt lat="40.6535720" lon="-3.1247210">
    <ele>760.8</ele>
   </trkpt>
   <trkpt lat="40.6535300" lon="-3.1247430">
    <ele>760.8</ele>
   </trkpt>
   <trkpt lat="40.6534840" lon="-3.1247670">
    <ele>761.0</ele>
   </trkpt>
   <trkpt lat="40.6534390" lon="-3.1247900">
    <ele>761.0</ele>
   </trkpt>
   <trkpt lat="40.6533970" lon="-3.1248140">
    <ele>761.0</ele>
   </trkpt>
   <trkpt lat="40.6533550" lon="-3.1248400">
    <ele>761.0</ele>
   </trkpt>
   <trkpt lat="40.6533090" lon="-3.1248650">
    <ele>761.2</ele>
   </trkpt>
   <trkpt lat="40.6532670" lon="-3.1248890">
    <ele>761.2</ele>
   </trkpt>
   <trkpt lat="40.6532250" lon="-3.1249140">
    <ele>761.2</ele>
   </trkpt>
   <trkpt lat="40.6531790" lon="-3.1249390">
    <ele>761.2</ele>
   </trkpt>
   <trkpt lat="40.6531370" lon="-3.1249650">
    <ele>761.4</ele>
   </trkpt>
   <trkpt lat="40.6530950" lon="-3.1249940">
    <ele>761.4</ele>
   </trkpt>
   <trkpt lat="40.6530490" lon="-3.1250230">
    <ele>761.4</ele>
   </trkpt>
   <trkpt lat="40.6530070" lon="-3.1250510">
    <ele>761.4</ele>
   </trkpt>
   <trkpt lat="40.6529660" lon="-3.1250790">
    <ele>761.6</ele>
   </trkpt>
   <trkpt lat="40.6529240" lon="-3.1251080">
    <ele>761.6</ele>
   </trkpt>
   <trkpt lat="40.6528780" lon="-3.1251380">
    <ele>761.6</ele>
   </trkpt>
   <trkpt lat="40.6528400" lon="-3.1251710">
    <ele>761.6</ele>
   </trkpt>
   <trkpt lat="40.6527940" lon="-3.1252020">
    <ele>761.6</ele>
   </trkpt>
   <trkpt lat="40.6527520" lon="-3.1252320">
    <ele>761.8</ele>
   </trkpt>
   <trkpt lat="40.6527100" lon="-3.1252640">
    <ele>761.8</ele>
   </trkpt>
   <trkpt lat="40.6526680" lon="-3.1252960">
    <ele>762.0</ele>
   </trkpt>
   <trkpt lat="40.6526220" lon="-3.1253290">
    <ele>762.0</ele>
   </trkpt>
   <trkpt lat="40.6525840" lon="-3.1253640">
    <ele>762.0</ele>
   </trkpt>
   <trkpt lat="40.6525460" lon="-3.1253990">
    <ele>762.0</ele>
   </trkpt>
   <trkpt lat="40.6525080" lon="-3.1254340">
    <ele>762.2</ele>
   </trkpt>
   <trkpt lat="40.6524620" lon="-3.1254660">
    <ele>762.2</ele>
   </trkpt>
   <trkpt lat="40.6524200" lon="-3.1255000">
    <ele>762.2</ele>
   </trkpt>
   <trkpt lat="40.6523780" lon="-3.1255370">
    <ele>762.2</ele>
   </trkpt>
   <trkpt lat="40.6523400" lon="-3.1255760">
    <ele>762.2</ele>
   </trkpt>
   <trkpt lat="40.6523060" lon="-3.1256150">
    <ele>762.4</ele>
   </trkpt>
   <trkpt lat="40.6522670" lon="-3.1256530">
    <ele>762.4</ele>
   </trkpt>
   <trkpt lat="40.6522290" lon="-3.1256920">
    <ele>762.4</ele>
   </trkpt>
   <trkpt lat="40.6521950" lon="-3.1257330">
    <ele>762.4</ele>
   </trkpt>
   <trkpt lat="40.6521570" lon="-3.1257730">
    <ele>762.4</ele>
   </trkpt>
   <trkpt lat="40.6521150" lon="-3.1258120">
    <ele>762.4</ele>
   </trkpt>
   <trkpt lat="40.6520730" lon="-3.1258530">
    <ele>762.4</ele>
   </trkpt>
   <trkpt lat="40.6520310" lon="-3.1258980">
    <ele>762.4</ele>
   </trkpt>
   <trkpt lat="40.6519930" lon="-3.1259470">
    <ele>762.4</ele>
   </trkpt>
   <trkpt lat="40.6519510" lon="-3.1259970">
    <ele>762.4</ele>
   </trkpt>
   <trkpt lat="40.6519160" lon="-3.1260450">
    <ele>762.4</ele>
   </trkpt>
   <trkpt lat="40.6518820" lon="-3.1260920">
    <ele>762.6</ele>
   </trkpt>
   <trkpt lat="40.6518440" lon="-3.1261410">
    <ele>762.6</ele>
   </trkpt>
   <trkpt lat="40.6518060" lon="-3.1261920">
    <ele>762.6</ele>
   </trkpt>
   <trkpt lat="40.6517720" lon="-3.1262420">
    <ele>762.6</ele>
   </trkpt>
   <trkpt lat="40.6517370" lon="-3.1262890">
    <ele>762.6</ele>
   </trkpt>
   <trkpt lat="40.6516990" lon="-3.1263370">
    <ele>762.6</ele>
   </trkpt>
   <trkpt lat="40.6516570" lon="-3.1263870">
    <ele>762.6</ele>
   </trkpt>
   <trkpt lat="40.6516190" lon="-3.1264390">
    <ele>762.6</ele>
   </trkpt>
   <trkpt lat="40.6515850" lon="-3.1264950">
    <ele>762.6</ele>
   </trkpt>
   <trkpt lat="40.6515500" lon="-3.1265520">
    <ele>762.8</ele>
   </trkpt>
   <trkpt lat="40.6515160" lon="-3.1266100">
    <ele>762.8</ele>
   </trkpt>
   <trkpt lat="40.6514780" lon="-3.1266650">
    <ele>762.8</ele>
   </trkpt>
   <trkpt lat="40.6514430" lon="-3.1267210">
    <ele>762.8</ele>
   </trkpt>
   <trkpt lat="40.6514050" lon="-3.1267790">
    <ele>762.8</ele>
   </trkpt>
   <trkpt lat="40.6513750" lon="-3.1268380">
    <ele>762.8</ele>
   </trkpt>
   <trkpt lat="40.6513400" lon="-3.1268990">
    <ele>762.8</ele>
   </trkpt>
   <trkpt lat="40.6513060" lon="-3.1269580">
    <ele>763.0</ele>
   </trkpt>
   <trkpt lat="40.6512720" lon="-3.1270160">
    <ele>763.0</ele>
   </trkpt>
   <trkpt lat="40.6512410" lon="-3.1270740">
    <ele>763.0</ele>
   </trkpt>
   <trkpt lat="40.6512070" lon="-3.1271340">
    <ele>763.0</ele>
   </trkpt>
   <trkpt lat="40.6511760" lon="-3.1271920">
    <ele>763.0</ele>
   </trkpt>
   <trkpt lat="40.6511420" lon="-3.1272530">
    <ele>763.0</ele>
   </trkpt>
   <trkpt lat="40.6511120" lon="-3.1273150">
    <ele>763.0</ele>
   </trkpt>
   <trkpt lat="40.6510850" lon="-3.1273780">
    <ele>763.0</ele>
   </trkpt>
   <trkpt lat="40.6510540" lon="-3.1274420">
    <ele>763.0</ele>
   </trkpt>
   <trkpt lat="40.6510280" lon="-3.1275050">
    <ele>763.0</ele>
   </trkpt>
   <trkpt lat="40.6509970" lon="-3.1275660">
    <ele>763.0</ele>
   </trkpt>
   <trkpt lat="40.6509700" lon="-3.1276290">
    <ele>763.0</ele>
   </trkpt>
   <trkpt lat="40.6509440" lon="-3.1276910">
    <ele>763.0</ele>
   </trkpt>
   <trkpt lat="40.6509210" lon="-3.1277530">
    <ele>763.2</ele>
   </trkpt>
   <trkpt lat="40.6508940" lon="-3.1278150">
    <ele>763.2</ele>
   </trkpt>
   <trkpt lat="40.6508640" lon="-3.1278810">
    <ele>763.4</ele>
   </trkpt>
   <trkpt lat="40.6508410" lon="-3.1279490">
    <ele>763.4</ele>
   </trkpt>
   <trkpt lat="40.6508180" lon="-3.1280160">
    <ele>763.2</ele>
   </trkpt>
   <trkpt lat="40.6507910" lon="-3.1280850">
    <ele>763.2</ele>
   </trkpt>
   <trkpt lat="40.6507680" lon="-3.1281560">
    <ele>763.2</ele>
   </trkpt>
   <trkpt lat="40.6507450" lon="-3.1282270">
    <ele>763.4</ele>
   </trkpt>
   <trkpt lat="40.6507220" lon="-3.1282980">
    <ele>763.4</ele>
   </trkpt>
   <trkpt lat="40.6507030" lon="-3.1283670">
    <ele>763.2</ele>
   </trkpt>
   <trkpt lat="40.6506840" lon="-3.1284340">
    <ele>763.2</ele>
   </trkpt>
   <trkpt lat="40.6506650" lon="-3.1284990">
    <ele>763.4</ele>
   </trkpt>
   <trkpt lat="40.6506460" lon="-3.1285610">
    <ele>763.4</ele>
   </trkpt>
   <trkpt lat="40.6506270" lon="-3.1286250">
    <ele>763.4</ele>
   </trkpt>
   <trkpt lat="40.6506120" lon="-3.1286890">
    <ele>763.4</ele>
   </trkpt>
   <trkpt lat="40.6505970" lon="-3.1287520">
    <ele>763.6</ele>
   </trkpt>
   <trkpt lat="40.6505780" lon="-3.1288200">
    <ele>763.4</ele>
   </trkpt>
   <trkpt lat="40.6505620" lon="-3.1288920">
    <ele>763.4</ele>
   </trkpt>
   <trkpt lat="40.6505390" lon="-3.1289670">
    <ele>763.4</ele>
   </trkpt>
   <trkpt lat="40.6505200" lon="-3.1290430">
    <ele>763.4</ele>
   </trkpt>
   <trkpt lat="40.6505050" lon="-3.1291180">
    <ele>763.4</ele>
   </trkpt>
   <trkpt lat="40.6504860" lon="-3.1291960">
    <ele>763.4</ele>
   </trkpt>
   <trkpt lat="40.6504710" lon="-3.1292740">
    <ele>763.4</ele>
   </trkpt>
   <trkpt lat="40.6504550" lon="-3.1293510">
    <ele>763.4</ele>
   </trkpt>
   <trkpt lat="40.6504400" lon="-3.1294290">
    <ele>763.2</ele>
   </trkpt>
   <trkpt lat="40.6504250" lon="-3.1295060">
    <ele>763.0</ele>
   </trkpt>
   <trkpt lat="40.6504060" lon="-3.1295840">
    <ele>763.0</ele>
   </trkpt>
   <trkpt lat="40.6503910" lon="-3.1296610">
    <ele>762.8</ele>
   </trkpt>
   <trkpt lat="40.6503750" lon="-3.1297370">
    <ele>762.6</ele>
   </trkpt>
   <trkpt lat="40.6503600" lon="-3.1298150">
    <ele>762.6</ele>
   </trkpt>
   <trkpt lat="40.6503410" lon="-3.1298970">
    <ele>762.4</ele>
   </trkpt>
   <trkpt lat="40.6503180" lon="-3.1299810">
    <ele>762.2</ele>
   </trkpt>
   <trkpt lat="40.6502990" lon="-3.1300680">
    <ele>762.0</ele>
   </trkpt>
   <trkpt lat="40.6502760" lon="-3.1301570">
    <ele>761.8</ele>
   </trkpt>
   <trkpt lat="40.6502530" lon="-3.1302480">
    <ele>761.8</ele>
   </trkpt>
   <trkpt lat="40.6502300" lon="-3.1303400">
    <ele>761.6</ele>
   </trkpt>
   <trkpt lat="40.6502070" lon="-3.1304310">
    <ele>761.4</ele>
   </trkpt>
   <trkpt lat="40.6501880" lon="-3.1305220">
    <ele>761.2</ele>
   </trkpt>
   <trkpt lat="40.6501690" lon="-3.1306120">
    <ele>761.2</ele>
   </trkpt>
   <trkpt lat="40.6501460" lon="-3.1307000">
    <ele>761.0</ele>
   </trkpt>
   <trkpt lat="40.6501270" lon="-3.1307890">
    <ele>760.8</ele>
   </trkpt>
   <trkpt lat="40.6501040" lon="-3.1308780">
    <ele>760.4</ele>
   </trkpt>
   <trkpt lat="40.6500850" lon="-3.1309680">
    <ele>760.2</ele>
   </trkpt>
   <trkpt lat="40.6500700" lon="-3.1310570">
    <ele>760.0</ele>
   </trkpt>
   <trkpt lat="40.6500510" lon="-3.1311460">
    <ele>759.8</ele>
   </trkpt>
   <trkpt lat="40.6500280" lon="-3.1312360">
    <ele>759.4</ele>
   </trkpt>
   <trkpt lat="40.6500090" lon="-3.1313300">
    <ele>759.2</ele>
   </trkpt>
   <trkpt lat="40.6499900" lon="-3.1314260">
    <ele>759.0</ele>
   </trkpt>
   <trkpt lat="40.6499670" lon="-3.1315230">
    <ele>758.6</ele>
   </trkpt>
   <trkpt lat="40.6499440" lon="-3.1316230">
    <ele>758.2</ele>
   </trkpt>
   <trkpt lat="40.6499180" lon="-3.1317220">
    <ele>757.8</ele>
   </trkpt>
   <trkpt lat="40.6498990" lon="-3.1318220">
    <ele>757.4</ele>
   </trkpt>
   <trkpt lat="40.6498760" lon="-3.1319220">
    <ele>757.2</ele>
   </trkpt>
   <trkpt lat="40.6498490" lon="-3.1320240">
    <ele>756.8</ele>
   </trkpt>
   <trkpt lat="40.6498260" lon="-3.1321250">
    <ele>756.4</ele>
   </trkpt>
   <trkpt lat="40.6497990" lon="-3.1322220">
    <ele>756.0</ele>
   </trkpt>
   <trkpt lat="40.6497800" lon="-3.1323210">
    <ele>755.6</ele>
   </trkpt>
   <trkpt lat="40.6497610" lon="-3.1324220">
    <ele>755.4</ele>
   </trkpt>
   <trkpt lat="40.6497380" lon="-3.1325210">
    <ele>755.2</ele>
   </trkpt>
   <trkpt lat="40.6497150" lon="-3.1326200">
    <ele>754.8</ele>
   </trkpt>
   <trkpt lat="40.6496890" lon="-3.1327220">
    <ele>754.4</ele>
   </trkpt>
   <trkpt lat="40.6496620" lon="-3.1328260">
    <ele>754.2</ele>
   </trkpt>
   <trkpt lat="40.6496280" lon="-3.1329300">
    <ele>753.8</ele>
   </trkpt>
   <trkpt lat="40.6495890" lon="-3.1330370">
    <ele>753.4</ele>
   </trkpt>
   <trkpt lat="40.6495550" lon="-3.1331440">
    <ele>753.0</ele>
   </trkpt>
   <trkpt lat="40.6495130" lon="-3.1332530">
    <ele>752.6</ele>
   </trkpt>
   <trkpt lat="40.6494710" lon="-3.1333590">
    <ele>752.2</ele>
   </trkpt>
   <trkpt lat="40.6494250" lon="-3.1334660">
    <ele>751.8</ele>
   </trkpt>
   <trkpt lat="40.6493840" lon="-3.1335680">
    <ele>751.4</ele>
   </trkpt>
   <trkpt lat="40.6493380" lon="-3.1336750">
    <ele>751.0</ele>
   </trkpt>
   <trkpt lat="40.6492880" lon="-3.1337820">
    <ele>750.4</ele>
   </trkpt>
   <trkpt lat="40.6492350" lon="-3.1338860">
    <ele>750.0</ele>
   </trkpt>
   <trkpt lat="40.6491780" lon="-3.1339900">
    <ele>749.6</ele>
   </trkpt>
   <trkpt lat="40.6491240" lon="-3.1340890">
    <ele>749.2</ele>
   </trkpt>
   <trkpt lat="40.6490670" lon="-3.1341880">
    <ele>749.0</ele>
   </trkpt>
   <trkpt lat="40.6490060" lon="-3.1342890">
    <ele>748.6</ele>
   </trkpt>
   <trkpt lat="40.6489450" lon="-3.1343870">
    <ele>748.4</ele>
   </trkpt>
   <trkpt lat="40.6488880" lon="-3.1344830">
    <ele>748.0</ele>
   </trkpt>
   <trkpt lat="40.6488340" lon="-3.1345770">
    <ele>747.8</ele>
   </trkpt>
   <trkpt lat="40.6487770" lon="-3.1346710">
    <ele>747.8</ele>
   </trkpt>
   <trkpt lat="40.6487240" lon="-3.1347620">
    <ele>747.8</ele>
   </trkpt>
   <trkpt lat="40.6486660" lon="-3.1348510">
    <ele>747.6</ele>
   </trkpt>
   <trkpt lat="40.6486090" lon="-3.1349430">
    <ele>747.6</ele>
   </trkpt>
   <trkpt lat="40.6485520" lon="-3.1350350">
    <ele>747.6</ele>
   </trkpt>
   <trkpt lat="40.6484990" lon="-3.1351250">
    <ele>747.6</ele>
   </trkpt>
   <trkpt lat="40.6484490" lon="-3.1352120">
    <ele>747.6</ele>
   </trkpt>
   <trkpt lat="40.6483990" lon="-3.1352970">
    <ele>747.8</ele>
   </trkpt>
   <trkpt lat="40.6483500" lon="-3.1353820">
    <ele>747.8</ele>
   </trkpt>
   <trkpt lat="40.6483040" lon="-3.1354660">
    <ele>747.8</ele>
   </trkpt>
   <trkpt lat="40.6482540" lon="-3.1355480">
    <ele>748.0</ele>
   </trkpt>
   <trkpt lat="40.6482090" lon="-3.1356290">
    <ele>748.0</ele>
   </trkpt>
   <trkpt lat="40.6481590" lon="-3.1357090">
    <ele>748.0</ele>
   </trkpt>
   <trkpt lat="40.6481130" lon="-3.1357860">
    <ele>748.2</ele>
   </trkpt>
   <trkpt lat="40.6480710" lon="-3.1358600">
    <ele>748.2</ele>
   </trkpt>
   <trkpt lat="40.6480290" lon="-3.1359310">
    <ele>748.4</ele>
   </trkpt>
   <trkpt lat="40.6479910" lon="-3.1360000">
    <ele>748.6</ele>
   </trkpt>
   <trkpt lat="40.6479490" lon="-3.1360700">
    <ele>749.0</ele>
   </trkpt>
   <trkpt lat="40.6479110" lon="-3.1361400">
    <ele>749.0</ele>
   </trkpt>
   <trkpt lat="40.6478690" lon="-3.1362110">
    <ele>749.2</ele>
   </trkpt>
   <trkpt lat="40.6478270" lon="-3.1362810">
    <ele>749.2</ele>
   </trkpt>
   <trkpt lat="40.6477850" lon="-3.1363500">
    <ele>749.4</ele>
   </trkpt>
   <trkpt lat="40.6477470" lon="-3.1364210">
    <ele>749.4</ele>
   </trkpt>
   <trkpt lat="40.6477090" lon="-3.1364920">
    <ele>749.6</ele>
   </trkpt>
   <trkpt lat="40.6476710" lon="-3.1365600">
    <ele>749.6</ele>
   </trkpt>
   <trkpt lat="40.6476330" lon="-3.1366260">
    <ele>749.8</ele>
   </trkpt>
   <trkpt lat="40.6475940" lon="-3.1366910">
    <ele>750.0</ele>
   </trkpt>
   <trkpt lat="40.6475560" lon="-3.1367550">
    <ele>750.0</ele>
   </trkpt>
   <trkpt lat="40.6475220" lon="-3.1368220">
    <ele>750.0</ele>
   </trkpt>
   <trkpt lat="40.6474880" lon="-3.1368910">
    <ele>750.2</ele>
   </trkpt>
   <trkpt lat="40.6474570" lon="-3.1369580">
    <ele>750.2</ele>
   </trkpt>
   <trkpt lat="40.6474230" lon="-3.1370230">
    <ele>750.2</ele>
   </trkpt>
   <trkpt lat="40.6473920" lon="-3.1370880">
    <ele>750.2</ele>
   </trkpt>
   <trkpt lat="40.6473620" lon="-3.1371560">
    <ele>750.4</ele>
   </trkpt>
   <trkpt lat="40.6473350" lon="-3.1372130">
    <ele>750.4</ele>
   </trkpt>
   <trkpt lat="40.6473010" lon="-3.1372850">
    <ele>750.4</ele>
   </trkpt>
   <trkpt lat="40.6472660" lon="-3.1373580">
    <ele>750.4</ele>
   </trkpt>
   <trkpt lat="40.6472400" lon="-3.1374160">
    <ele>750.4</ele>
   </trkpt>
   <trkpt lat="40.6472050" lon="-3.1374870">
    <ele>750.4</ele>
   </trkpt>
   <trkpt lat="40.6471750" lon="-3.1375590">
    <ele>750.4</ele>
   </trkpt>
   <trkpt lat="40.6471440" lon="-3.1376290">
    <ele>750.4</ele>
   </trkpt>
   <trkpt lat="40.6471140" lon="-3.1377010">
    <ele>750.4</ele>
   </trkpt>
   <trkpt lat="40.6470830" lon="-3.1377720">
    <ele>750.4</ele>
   </trkpt>
   <trkpt lat="40.6470570" lon="-3.1378430">
    <ele>750.4</ele>
   </trkpt>
   <trkpt lat="40.6470260" lon="-3.1379130">
    <ele>750.4</ele>
   </trkpt>
   <trkpt lat="40.6469960" lon="-3.1379830">
    <ele>750.4</ele>
   </trkpt>
   <trkpt lat="40.6469650" lon="-3.1380540">
    <ele>750.4</ele>
   </trkpt>
   <trkpt lat="40.6469380" lon="-3.1381270">
    <ele>750.2</ele>
   </trkpt>
   <trkpt lat="40.6469120" lon="-3.1382010">
    <ele>750.2</ele>
   </trkpt>
   <trkpt lat="40.6468850" lon="-3.1382770">
    <ele>750.2</ele>
   </trkpt>
   <trkpt lat="40.6468580" lon="-3.1383500">
    <ele>750.0</ele>
   </trkpt>
   <trkpt lat="40.6468320" lon="-3.1384240">
    <ele>750.0</ele>
   </trkpt>
   <trkpt lat="40.6468120" lon="-3.1384970">
    <ele>750.0</ele>
   </trkpt>
   <trkpt lat="40.6467900" lon="-3.1385700">
    <ele>750.0</ele>
   </trkpt>
   <trkpt lat="40.6467700" lon="-3.1386430">
    <ele>750.0</ele>
   </trkpt>
   <trkpt lat="40.6467550" lon="-3.1387160">
    <ele>750.0</ele>
   </trkpt>
   <trkpt lat="40.6467440" lon="-3.1387890">
    <ele>750.0</ele>
   </trkpt>
   <trkpt lat="40.6467320" lon="-3.1388630">
    <ele>750.0</ele>
   </trkpt>
   <trkpt lat="40.6467250" lon="-3.1389370">
    <ele>749.8</ele>
   </trkpt>
   <trkpt lat="40.6467170" lon="-3.1390130">
    <ele>749.8</ele>
   </trkpt>
   <trkpt lat="40.6467130" lon="-3.1390910">
    <ele>749.8</ele>
   </trkpt>
   <trkpt lat="40.6467170" lon="-3.1391680">
    <ele>749.8</ele>
   </trkpt>
   <trkpt lat="40.6467210" lon="-3.1392430">
    <ele>749.8</ele>
   </trkpt>
   <trkpt lat="40.6467290" lon="-3.1393180">
    <ele>749.8</ele>
   </trkpt>
   <trkpt lat="40.6467400" lon="-3.1393940">
    <ele>749.6</ele>
   </trkpt>
   <trkpt lat="40.6467550" lon="-3.1394720">
    <ele>749.6</ele>
   </trkpt>
   <trkpt lat="40.6467700" lon="-3.1395460">
    <ele>749.6</ele>
   </trkpt>
   <trkpt lat="40.6467860" lon="-3.1396170">
    <ele>749.4</ele>
   </trkpt>
   <trkpt lat="40.6468090" lon="-3.1396860">
    <ele>749.2</ele>
   </trkpt>
   <trkpt lat="40.6468320" lon="-3.1397510">
    <ele>749.2</ele>
   </trkpt>
   <trkpt lat="40.6468580" lon="-3.1398150">
    <ele>749.0</ele>
   </trkpt>
   <trkpt lat="40.6468850" lon="-3.1398800">
    <ele>748.8</ele>
   </trkpt>
   <trkpt lat="40.6469150" lon="-3.1399440">
    <ele>748.6</ele>
   </trkpt>
   <trkpt lat="40.6469420" lon="-3.1400050">
    <ele>748.6</ele>
   </trkpt>
   <trkpt lat="40.6469760" lon="-3.1400640">
    <ele>748.2</ele>
   </trkpt>
   <trkpt lat="40.6470110" lon="-3.1401230">
    <ele>748.2</ele>
   </trkpt>
   <trkpt lat="40.6470530" lon="-3.1401800">
    <ele>748.2</ele>
   </trkpt>
   <trkpt lat="40.6470990" lon="-3.1402370">
    <ele>748.0</ele>
   </trkpt>
   <trkpt lat="40.6471440" lon="-3.1402900">
    <ele>747.6</ele>
   </trkpt>
   <trkpt lat="40.6471940" lon="-3.1403410">
    <ele>747.4</ele>
   </trkpt>
   <trkpt lat="40.6472470" lon="-3.1403890">
    <ele>747.0</ele>
   </trkpt>
   <trkpt lat="40.6473010" lon="-3.1404350">
    <ele>746.8</ele>
   </trkpt>
   <trkpt lat="40.6473580" lon="-3.1404780">
    <ele>746.4</ele>
   </trkpt>
   <trkpt lat="40.6474190" lon="-3.1405170">
    <ele>746.0</ele>
   </trkpt>
   <trkpt lat="40.6474800" lon="-3.1405510">
    <ele>745.8</ele>
   </trkpt>
   <trkpt lat="40.6475450" lon="-3.1405860">
    <ele>745.4</ele>
   </trkpt>
   <trkpt lat="40.6476140" lon="-3.1406210">
    <ele>745.2</ele>
   </trkpt>
   <trkpt lat="40.6476780" lon="-3.1406590">
    <ele>745.0</ele>
   </trkpt>
   <trkpt lat="40.6477390" lon="-3.1407030">
    <ele>744.8</ele>
   </trkpt>
   <trkpt lat="40.6477930" lon="-3.1407590">
    <ele>744.6</ele>
   </trkpt>
   <trkpt lat="40.6478390" lon="-3.1408290">
    <ele>744.4</ele>
   </trkpt>
   <trkpt lat="40.6478690" lon="-3.1409070">
    <ele>744.2</ele>
   </trkpt>
   <trkpt lat="40.6478920" lon="-3.1409920">
    <ele>744.2</ele>
   </trkpt>
   <trkpt lat="40.6478960" lon="-3.1410790">
    <ele>744.0</ele>
   </trkpt>
   <trkpt lat="40.6478920" lon="-3.1411650">
    <ele>744.0</ele>
   </trkpt>
   <trkpt lat="40.6478770" lon="-3.1412480">
    <ele>744.0</ele>
   </trkpt>
   <trkpt lat="40.6478460" lon="-3.1413260">
    <ele>743.8</ele>
   </trkpt>
   <trkpt lat="40.6478120" lon="-3.1413970">
    <ele>743.8</ele>
   </trkpt>
   <trkpt lat="40.6477660" lon="-3.1414620">
    <ele>744.0</ele>
   </trkpt>
   <trkpt lat="40.6477280" lon="-3.1415190">
    <ele>744.0</ele>
   </trkpt>
   <trkpt lat="40.6476940" lon="-3.1415730">
    <ele>744.0</ele>
   </trkpt>
   <trkpt lat="40.6476710" lon="-3.1416300">
    <ele>743.8</ele>
   </trkpt>
   <trkpt lat="40.6476630" lon="-3.1416970">
    <ele>743.8</ele>
   </trkpt>
   <trkpt lat="40.6476590" lon="-3.1417730">
    <ele>743.8</ele>
   </trkpt>
   <trkpt lat="40.6476480" lon="-3.1418570">
    <ele>743.8</ele>
   </trkpt>
   <trkpt lat="40.6476330" lon="-3.1419450">
    <ele>743.8</ele>
   </trkpt>
   <trkpt lat="40.6476020" lon="-3.1420320">
    <ele>743.8</ele>
   </trkpt>
   <trkpt lat="40.6475600" lon="-3.1421140">
    <ele>743.8</ele>
   </trkpt>
   <trkpt lat="40.6475070" lon="-3.1421800">
    <ele>743.8</ele>
   </trkpt>
   <trkpt lat="40.6474460" lon="-3.1422280">
    <ele>743.8</ele>
   </trkpt>
   <trkpt lat="40.6473770" lon="-3.1422580">
    <ele>743.8</ele>
   </trkpt>
   <trkpt lat="40.6473080" lon="-3.1422730">
    <ele>743.8</ele>
   </trkpt>
   <trkpt lat="40.6472430" lon="-3.1422740">
    <ele>743.8</ele>
   </trkpt>
   <trkpt lat="40.6471710" lon="-3.1422610">
    <ele>743.8</ele>
   </trkpt>
   <trkpt lat="40.6471060" lon="-3.1422350">
    <ele>743.6</ele>
   </trkpt>
   <trkpt lat="40.6470450" lon="-3.1421920">
    <ele>743.6</ele>
   </trkpt>
   <trkpt lat="40.6469960" lon="-3.1421340">
    <ele>743.6</ele>
   </trkpt>
   <trkpt lat="40.6469500" lon="-3.1420630">
    <ele>743.6</ele>
   </trkpt>
   <trkpt lat="40.6469080" lon="-3.1419860">
    <ele>743.6</ele>
   </trkpt>
   <trkpt lat="40.6468700" lon="-3.1419070">
    <ele>743.6</ele>
   </trkpt>
   <trkpt lat="40.6468240" lon="-3.1418310">
    <ele>743.6</ele>
   </trkpt>
   <trkpt lat="40.6467740" lon="-3.1417620">
    <ele>743.4</ele>
   </trkpt>
   <trkpt lat="40.6467290" lon="-3.1417120">
    <ele>743.6</ele>
   </trkpt>
   <trkpt lat="40.6466750" lon="-3.1416720">
    <ele>743.6</ele>
   </trkpt>
   <trkpt lat="40.6466060" lon="-3.1416340">
    <ele>743.6</ele>
   </trkpt>
   <trkpt lat="40.6465380" lon="-3.1416090">
    <ele>743.6</ele>
   </trkpt>
   <trkpt lat="40.6464730" lon="-3.1415950">
    <ele>743.6</ele>
   </trkpt>
   <trkpt lat="40.6464080" lon="-3.1415820">
    <ele>743.6</ele>
   </trkpt>
   <trkpt lat="40.6463430" lon="-3.1415690">
    <ele>743.6</ele>
   </trkpt>
   <trkpt lat="40.6462750" lon="-3.1415610">
    <ele>743.6</ele>
   </trkpt>
   <trkpt lat="40.6462100" lon="-3.1415550">
    <ele>743.6</ele>
   </trkpt>
   <trkpt lat="40.6461450" lon="-3.1415530">
    <ele>743.6</ele>
   </trkpt>
   <trkpt lat="40.6460800" lon="-3.1415560">
    <ele>743.6</ele>
   </trkpt>
   <trkpt lat="40.6460150" lon="-3.1415620">
    <ele>743.6</ele>
   </trkpt>
   <trkpt lat="40.6459500" lon="-3.1415730">
    <ele>743.6</ele>
   </trkpt>
   <trkpt lat="40.6458890" lon="-3.1415900">
    <ele>743.6</ele>
   </trkpt>
   <trkpt lat="40.6458240" lon="-3.1416090">
    <ele>743.8</ele>
   </trkpt>
   <trkpt lat="40.6457630" lon="-3.1416330">
    <ele>743.8</ele>
   </trkpt>
   <trkpt lat="40.6457020" lon="-3.1416580">
    <ele>743.8</ele>
   </trkpt>
   <trkpt lat="40.6456410" lon="-3.1416850">
    <ele>743.8</ele>
   </trkpt>
   <trkpt lat="40.6455840" lon="-3.1417110">
    <ele>744.0</ele>
   </trkpt>
   <trkpt lat="40.6455310" lon="-3.1417360">
    <ele>744.0</ele>
   </trkpt>
   <trkpt lat="40.6454810" lon="-3.1417600">
    <ele>744.2</ele>
   </trkpt>
   <trkpt lat="40.6454310" lon="-3.1417830">
    <ele>744.4</ele>
   </trkpt>
   <trkpt lat="40.6453820" lon="-3.1418080">
    <ele>744.4</ele>
   </trkpt>
   <trkpt lat="40.6453320" lon="-3.1418330">
    <ele>744.6</ele>
   </trkpt>
   <trkpt lat="40.6452790" lon="-3.1418570">
    <ele>744.6</ele>
   </trkpt>
   <trkpt lat="40.6452290" lon="-3.1418810">
    <ele>744.8</ele>
   </trkpt>
   <trkpt lat="40.6451800" lon="-3.1419060">
    <ele>744.8</ele>
   </trkpt>
   <trkpt lat="40.6451260" lon="-3.1419310">
    <ele>744.8</ele>
   </trkpt>
   <trkpt lat="40.6450770" lon="-3.1419560">
    <ele>744.8</ele>
   </trkpt>
   <trkpt lat="40.6450270" lon="-3.1419810">
    <ele>744.8</ele>
   </trkpt>
   <trkpt lat="40.6449740" lon="-3.1420060">
    <ele>744.8</ele>
   </trkpt>
   <trkpt lat="40.6449240" lon="-3.1420310">
    <ele>745.0</ele>
   </trkpt>
   <trkpt lat="40.6448710" lon="-3.1420560">
    <ele>745.0</ele>
   </trkpt>
   <trkpt lat="40.6448210" lon="-3.1420810">
    <ele>745.0</ele>
   </trkpt>
   <trkpt lat="40.6447720" lon="-3.1421070">
    <ele>745.0</ele>
   </trkpt>
   <trkpt lat="40.6447180" lon="-3.1421340">
    <ele>745.0</ele>
   </trkpt>
   <trkpt lat="40.6446690" lon="-3.1421600">
    <ele>745.0</ele>
   </trkpt>
   <trkpt lat="40.6446150" lon="-3.1421840">
    <ele>745.0</ele>
   </trkpt>
   <trkpt lat="40.6445580" lon="-3.1422080">
    <ele>745.2</ele>
   </trkpt>
   <trkpt lat="40.6445080" lon="-3.1422330">
    <ele>745.2</ele>
   </trkpt>
   <trkpt lat="40.6444590" lon="-3.1422610">
    <ele>745.4</ele>
   </trkpt>
   <trkpt lat="40.6444090" lon="-3.1422920">
    <ele>745.6</ele>
   </trkpt>
   <trkpt lat="40.6443630" lon="-3.1423260">
    <ele>745.8</ele>
   </trkpt>
   <trkpt lat="40.6443290" lon="-3.1423560">
    <ele>746.2</ele>
   </trkpt>
   <trkpt lat="40.6443060" lon="-3.1423800">
    <ele>746.2</ele>
   </trkpt>
   <trkpt lat="40.6442910" lon="-3.1424040">
    <ele>746.4</ele>
   </trkpt>
   <trkpt lat="40.6442680" lon="-3.1424330">
    <ele>746.4</ele>
   </trkpt>
   <trkpt lat="40.6442450" lon="-3.1424720">
    <ele>746.4</ele>
   </trkpt>
   <trkpt lat="40.6442220" lon="-3.1425190">
    <ele>746.0</ele>
   </trkpt>
   <trkpt lat="40.6441880" lon="-3.1425700">
    <ele>745.8</ele>
   </trkpt>
   <trkpt lat="40.6441460" lon="-3.1426160">
    <ele>745.8</ele>
   </trkpt>
   <trkpt lat="40.6440930" lon="-3.1426540">
    <ele>745.8</ele>
   </trkpt>
   <trkpt lat="40.6440390" lon="-3.1426790">
    <ele>745.6</ele>
   </trkpt>
   <trkpt lat="40.6439820" lon="-3.1426900">
    <ele>745.6</ele>
   </trkpt>
   <trkpt lat="40.6439210" lon="-3.1426830">
    <ele>745.6</ele>
   </trkpt>
   <trkpt lat="40.6438640" lon="-3.1426590">
    <ele>745.8</ele>
   </trkpt>
   <trkpt lat="40.6438220" lon="-3.1426240">
    <ele>745.8</ele>
   </trkpt>
   <trkpt lat="40.6437760" lon="-3.1425680">
    <ele>745.8</ele>
   </trkpt>
   <trkpt lat="40.6437380" lon="-3.1425050">
    <ele>746.0</ele>
   </trkpt>
   <trkpt lat="40.6437070" lon="-3.1424470">
    <ele>746.0</ele>
   </trkpt>
   <trkpt lat="40.6436730" lon="-3.1424030">
    <ele>746.0</ele>
   </trkpt>
   <trkpt lat="40.6436390" lon="-3.1423800">
    <ele>746.0</ele>
   </trkpt>
   <trkpt lat="40.6435970" lon="-3.1423820">
    <ele>746.0</ele>
   </trkpt>
   <trkpt lat="40.6435550" lon="-3.1423990">
    <ele>746.2</ele>
   </trkpt>
   <trkpt lat="40.6435050" lon="-3.1424210">
    <ele>746.2</ele>
   </trkpt>
   <trkpt lat="40.6434630" lon="-3.1424450">
    <ele>746.4</ele>
   </trkpt>
   <trkpt lat="40.6434170" lon="-3.1424680">
    <ele>746.4</ele>
   </trkpt>
   <trkpt lat="40.6433720" lon="-3.1424900">
    <ele>746.4</ele>
   </trkpt>
   <trkpt lat="40.6433330" lon="-3.1425090">
    <ele>746.4</ele>
   </trkpt>
   <trkpt lat="40.6432840" lon="-3.1425330">
    <ele>746.4</ele>
   </trkpt>
   <trkpt lat="40.6432380" lon="-3.1425580">
    <ele>746.4</ele>
   </trkpt>
   <trkpt lat="40.6431920" lon="-3.1425810">
    <ele>746.4</ele>
   </trkpt>
   <trkpt lat="40.6431460" lon="-3.1426020">
    <ele>746.4</ele>
   </trkpt>
   <trkpt lat="40.6431010" lon="-3.1426200">
    <ele>746.6</ele>
   </trkpt>
   <trkpt lat="40.6430550" lon="-3.1426390">
    <ele>746.8</ele>
   </trkpt>
   <trkpt lat="40.6430090" lon="-3.1426610">
    <ele>746.8</ele>
   </trkpt>
   <trkpt lat="40.6429600" lon="-3.1426830">
    <ele>746.8</ele>
   </trkpt>
   <trkpt lat="40.6429140" lon="-3.1427010">
    <ele>746.8</ele>
   </trkpt>
   <trkpt lat="40.6428640" lon="-3.1427170">
    <ele>746.8</ele>
   </trkpt>
   <trkpt lat="40.6428180" lon="-3.1427310">
    <ele>746.8</ele>
   </trkpt>
   <trkpt lat="40.6427800" lon="-3.1427450">
    <ele>747.0</ele>
   </trkpt>
   <trkpt lat="40.6427380" lon="-3.1427590">
    <ele>747.0</ele>
   </trkpt>
   <trkpt lat="40.6426960" lon="-3.1427730">
    <ele>747.0</ele>
   </trkpt>
   <trkpt lat="40.6426510" lon="-3.1427880">
    <ele>747.0</ele>
   </trkpt>
   <trkpt lat="40.6426050" lon="-3.1428030">
    <ele>747.0</ele>
   </trkpt>
   <trkpt lat="40.6425590" lon="-3.1428170">
    <ele>747.0</ele>
   </trkpt>
   <trkpt lat="40.6425170" lon="-3.1428320">
    <ele>747.2</ele>
   </trkpt>
   <trkpt lat="40.6424670" lon="-3.1428450">
    <ele>747.2</ele>
   </trkpt>
   <trkpt lat="40.6424180" lon="-3.1428560">
    <ele>747.2</ele>
   </trkpt>
   <trkpt lat="40.6423720" lon="-3.1428660">
    <ele>747.2</ele>
   </trkpt>
   <trkpt lat="40.6423260" lon="-3.1428760">
    <ele>747.2</ele>
   </trkpt>
   <trkpt lat="40.6422840" lon="-3.1428840">
    <ele>747.4</ele>
   </trkpt>
   <trkpt lat="40.6422390" lon="-3.1428950">
    <ele>747.4</ele>
   </trkpt>
   <trkpt lat="40.6421890" lon="-3.1429060">
    <ele>747.6</ele>
   </trkpt>
   <trkpt lat="40.6421470" lon="-3.1429160">
    <ele>747.6</ele>
   </trkpt>
   <trkpt lat="40.6421010" lon="-3.1429260">
    <ele>747.6</ele>
   </trkpt>
   <trkpt lat="40.6420560" lon="-3.1429360">
    <ele>747.6</ele>
   </trkpt>
   <trkpt lat="40.6420060" lon="-3.1429460">
    <ele>747.8</ele>
   </trkpt>
   <trkpt lat="40.6419600" lon="-3.1429540">
    <ele>747.8</ele>
   </trkpt>
   <trkpt lat="40.6419100" lon="-3.1429620">
    <ele>747.8</ele>
   </trkpt>
   <trkpt lat="40.6418610" lon="-3.1429690">
    <ele>748.0</ele>
   </trkpt>
   <trkpt lat="40.6418110" lon="-3.1429740">
    <ele>748.0</ele>
   </trkpt>
   <trkpt lat="40.6417660" lon="-3.1429780">
    <ele>748.0</ele>
   </trkpt>
   <trkpt lat="40.6417200" lon="-3.1429840">
    <ele>748.0</ele>
   </trkpt>
   <trkpt lat="40.6416740" lon="-3.1429920">
    <ele>748.0</ele>
   </trkpt>
   <trkpt lat="40.6416280" lon="-3.1429990">
    <ele>748.0</ele>
   </trkpt>
   <trkpt lat="40.6415860" lon="-3.1430030">
    <ele>748.0</ele>
   </trkpt>
   <trkpt lat="40.6415410" lon="-3.1430050">
    <ele>748.0</ele>
   </trkpt>
   <trkpt lat="40.6414950" lon="-3.1430050">
    <ele>748.0</ele>
   </trkpt>
   <trkpt lat="40.6414450" lon="-3.1430060">
    <ele>748.0</ele>
   </trkpt>
   <trkpt lat="40.6413990" lon="-3.1430070">
    <ele>748.0</ele>
   </trkpt>
   <trkpt lat="40.6413540" lon="-3.1430090">
    <ele>748.2</ele>
   </trkpt>
   <trkpt lat="40.6413040" lon="-3.1430100">
    <ele>748.2</ele>
   </trkpt>
   <trkpt lat="40.6412540" lon="-3.1430110">
    <ele>748.2</ele>
   </trkpt>
   <trkpt lat="40.6412050" lon="-3.1430130">
    <ele>748.2</ele>
   </trkpt>
   <trkpt lat="40.6411590" lon="-3.1430150">
    <ele>748.2</ele>
   </trkpt>
   <trkpt lat="40.6411090" lon="-3.1430180">
    <ele>748.2</ele>
   </trkpt>
   <trkpt lat="40.6410600" lon="-3.1430190">
    <ele>748.4</ele>
   </trkpt>
   <trkpt lat="40.6410140" lon="-3.1430210">
    <ele>748.4</ele>
   </trkpt>
   <trkpt lat="40.6409650" lon="-3.1430220">
    <ele>748.4</ele>
   </trkpt>
   <trkpt lat="40.6409190" lon="-3.1430240">
    <ele>748.4</ele>
   </trkpt>
   <trkpt lat="40.6408690" lon="-3.1430270">
    <ele>748.6</ele>
   </trkpt>
   <trkpt lat="40.6408200" lon="-3.1430290">
    <ele>748.6</ele>
   </trkpt>
   <trkpt lat="40.6407700" lon="-3.1430290">
    <ele>748.6</ele>
   </trkpt>
   <trkpt lat="40.6407200" lon="-3.1430270">
    <ele>748.6</ele>
   </trkpt>
   <trkpt lat="40.6406750" lon="-3.1430270">
    <ele>748.6</ele>
   </trkpt>
   <trkpt lat="40.6406250" lon="-3.1430270">
    <ele>748.8</ele>
   </trkpt>
   <trkpt lat="40.6405750" lon="-3.1430280">
    <ele>748.8</ele>
   </trkpt>
   <trkpt lat="40.6405300" lon="-3.1430290">
    <ele>748.8</ele>
   </trkpt>
   <trkpt lat="40.6404800" lon="-3.1430320">
    <ele>748.8</ele>
   </trkpt>
   <trkpt lat="40.6404340" lon="-3.1430330">
    <ele>748.8</ele>
   </trkpt>
   <trkpt lat="40.6403850" lon="-3.1430320">
    <ele>749.0</ele>
   </trkpt>
   <trkpt lat="40.6403350" lon="-3.1430310">
    <ele>749.0</ele>
   </trkpt>
   <trkpt lat="40.6402890" lon="-3.1430310">
    <ele>749.0</ele>
   </trkpt>
   <trkpt lat="40.6402400" lon="-3.1430340">
    <ele>749.2</ele>
   </trkpt>
   <trkpt lat="40.6401900" lon="-3.1430370">
    <ele>749.2</ele>
   </trkpt>
   <trkpt lat="40.6401440" lon="-3.1430400">
    <ele>749.2</ele>
   </trkpt>
   <trkpt lat="40.6400990" lon="-3.1430420">
    <ele>749.4</ele>
   </trkpt>
   <trkpt lat="40.6400450" lon="-3.1430430">
    <ele>749.4</ele>
   </trkpt>
   <trkpt lat="40.6399960" lon="-3.1430420">
    <ele>749.4</ele>
   </trkpt>
   <trkpt lat="40.6399460" lon="-3.1430390">
    <ele>749.6</ele>
   </trkpt>
   <trkpt lat="40.6398960" lon="-3.1430380">
    <ele>749.6</ele>
   </trkpt>
   <trkpt lat="40.6398470" lon="-3.1430400">
    <ele>749.6</ele>
   </trkpt>
   <trkpt lat="40.6398010" lon="-3.1430430">
    <ele>749.8</ele>
   </trkpt>
   <trkpt lat="40.6397550" lon="-3.1430430">
    <ele>750.0</ele>
   </trkpt>
   <trkpt lat="40.6397130" lon="-3.1430440">
    <ele>750.0</ele>
   </trkpt>
   <trkpt lat="40.6396640" lon="-3.1430450">
    <ele>750.2</ele>
   </trkpt>
   <trkpt lat="40.6396140" lon="-3.1430470">
    <ele>750.2</ele>
   </trkpt>
   <trkpt lat="40.6395640" lon="-3.1430480">
    <ele>750.4</ele>
   </trkpt>
   <trkpt lat="40.6395150" lon="-3.1430480">
    <ele>750.4</ele>
   </trkpt>
   <trkpt lat="40.6394650" lon="-3.1430480">
    <ele>750.6</ele>
   </trkpt>
   <trkpt lat="40.6394230" lon="-3.1430480">
    <ele>750.8</ele>
   </trkpt>
   <trkpt lat="40.6393740" lon="-3.1430490">
    <ele>751.0</ele>
   </trkpt>
   <trkpt lat="40.6393240" lon="-3.1430500">
    <ele>751.0</ele>
   </trkpt>
   <trkpt lat="40.6392780" lon="-3.1430510">
    <ele>751.2</ele>
   </trkpt>
   <trkpt lat="40.6392400" lon="-3.1430520">
    <ele>751.4</ele>
   </trkpt>
   <trkpt lat="40.6392020" lon="-3.1430530">
    <ele>751.8</ele>
   </trkpt>
   <trkpt lat="40.6391560" lon="-3.1430540">
    <ele>751.8</ele>
   </trkpt>
   <trkpt lat="40.6391110" lon="-3.1430570">
    <ele>752.0</ele>
   </trkpt>
   <trkpt lat="40.6390720" lon="-3.1430580">
    <ele>752.2</ele>
   </trkpt>
   <trkpt lat="40.6390380" lon="-3.1430600">
    <ele>752.4</ele>
   </trkpt>
   <trkpt lat="40.6389920" lon="-3.1430640">
    <ele>752.4</ele>
   </trkpt>
   <trkpt lat="40.6389500" lon="-3.1430660">
    <ele>752.6</ele>
   </trkpt>
   <trkpt lat="40.6389080" lon="-3.1430690">
    <ele>752.8</ele>
   </trkpt>
   <trkpt lat="40.6388700" lon="-3.1430730">
    <ele>753.0</ele>
   </trkpt>
   <trkpt lat="40.6388280" lon="-3.1430770">
    <ele>753.0</ele>
   </trkpt>
   <trkpt lat="40.6387900" lon="-3.1430810">
    <ele>753.2</ele>
   </trkpt>
   <trkpt lat="40.6387440" lon="-3.1430850">
    <ele>753.4</ele>
   </trkpt>
   <trkpt lat="40.6387060" lon="-3.1430890">
    <ele>753.6</ele>
   </trkpt>
   <trkpt lat="40.6386720" lon="-3.1430920">
    <ele>753.8</ele>
   </trkpt>
   <trkpt lat="40.6386260" lon="-3.1430960">
    <ele>754.0</ele>
   </trkpt>
   <trkpt lat="40.6385880" lon="-3.1431010">
    <ele>754.0</ele>
   </trkpt>
   <trkpt lat="40.6385460" lon="-3.1431090">
    <ele>754.2</ele>
   </trkpt>
   <trkpt lat="40.6385080" lon="-3.1431170">
    <ele>754.2</ele>
   </trkpt>
   <trkpt lat="40.6384660" lon="-3.1431260">
    <ele>754.4</ele>
   </trkpt>
   <trkpt lat="40.6384240" lon="-3.1431340">
    <ele>754.4</ele>
   </trkpt>
   <trkpt lat="40.6383860" lon="-3.1431420">
    <ele>754.6</ele>
   </trkpt>
   <trkpt lat="40.6383440" lon="-3.1431500">
    <ele>754.8</ele>
   </trkpt>
   <trkpt lat="40.6383090" lon="-3.1431580">
    <ele>754.8</ele>
   </trkpt>
   <trkpt lat="40.6382670" lon="-3.1431660">
    <ele>755.0</ele>
   </trkpt>
   <trkpt lat="40.6382220" lon="-3.1431780">
    <ele>755.2</ele>
   </trkpt>
   <trkpt lat="40.6381840" lon="-3.1431920">
    <ele>755.4</ele>
   </trkpt>
   <trkpt lat="40.6381450" lon="-3.1432040">
    <ele>755.6</ele>
   </trkpt>
   <trkpt lat="40.6381070" lon="-3.1432150">
    <ele>755.8</ele>
   </trkpt>
   <trkpt lat="40.6380650" lon="-3.1432280">
    <ele>756.0</ele>
   </trkpt>
   <trkpt lat="40.6380230" lon="-3.1432430">
    <ele>756.2</ele>
   </trkpt>
   <trkpt lat="40.6379850" lon="-3.1432600">
    <ele>756.2</ele>
   </trkpt>
   <trkpt lat="40.6379510" lon="-3.1432740">
    <ele>756.4</ele>
   </trkpt>
   <trkpt lat="40.6379090" lon="-3.1432890">
    <ele>756.4</ele>
   </trkpt>
   <trkpt lat="40.6378630" lon="-3.1433050">
    <ele>756.6</ele>
   </trkpt>
   <trkpt lat="40.6378210" lon="-3.1433200">
    <ele>756.6</ele>
   </trkpt>
   <trkpt lat="40.6377830" lon="-3.1433350">
    <ele>756.8</ele>
   </trkpt>
   <trkpt lat="40.6377490" lon="-3.1433480">
    <ele>756.8</ele>
   </trkpt>
   <trkpt lat="40.6377140" lon="-3.1433620">
    <ele>757.0</ele>
   </trkpt>
   <trkpt lat="40.6376800" lon="-3.1433760">
    <ele>757.0</ele>
   </trkpt>
   <trkpt lat="40.6376420" lon="-3.1433920">
    <ele>756.8</ele>
   </trkpt>
   <trkpt lat="40.6376080" lon="-3.1434080">
    <ele>756.8</ele>
   </trkpt>
   <trkpt lat="40.6375730" lon="-3.1434250">
    <ele>756.6</ele>
   </trkpt>
   <trkpt lat="40.6375270" lon="-3.1434460">
    <ele>756.8</ele>
   </trkpt>
   <trkpt lat="40.6374860" lon="-3.1434650">
    <ele>756.8</ele>
   </trkpt>
   <trkpt lat="40.6374470" lon="-3.1434860">
    <ele>756.6</ele>
   </trkpt>
   <trkpt lat="40.6374130" lon="-3.1435040">
    <ele>756.8</ele>
   </trkpt>
   <trkpt lat="40.6373670" lon="-3.1435270">
    <ele>756.8</ele>
   </trkpt>
   <trkpt lat="40.6373210" lon="-3.1435530">
    <ele>756.8</ele>
   </trkpt>
   <trkpt lat="40.6372790" lon="-3.1435770">
    <ele>756.8</ele>
   </trkpt>
   <trkpt lat="40.6372450" lon="-3.1435980">
    <ele>756.8</ele>
   </trkpt>
   <trkpt lat="40.6372030" lon="-3.1436240">
    <ele>756.8</ele>
   </trkpt>
   <trkpt lat="40.6371570" lon="-3.1436510">
    <ele>756.8</ele>
   </trkpt>
   <trkpt lat="40.6371150" lon="-3.1436750">
    <ele>756.8</ele>
   </trkpt>
   <trkpt lat="40.6370770" lon="-3.1436990">
    <ele>756.6</ele>
   </trkpt>
   <trkpt lat="40.6370390" lon="-3.1437230">
    <ele>756.6</ele>
   </trkpt>
   <trkpt lat="40.6369970" lon="-3.1437500">
    <ele>756.4</ele>
   </trkpt>
   <trkpt lat="40.6369590" lon="-3.1437780">
    <ele>756.4</ele>
   </trkpt>
   <trkpt lat="40.6369210" lon="-3.1438070">
    <ele>756.2</ele>
   </trkpt>
   <trkpt lat="40.6368750" lon="-3.1438360">
    <ele>756.0</ele>
   </trkpt>
   <trkpt lat="40.6368370" lon="-3.1438640">
    <ele>756.0</ele>
   </trkpt>
   <trkpt lat="40.6367950" lon="-3.1439010">
    <ele>755.8</ele>
   </trkpt>
   <trkpt lat="40.6367530" lon="-3.1439390">
    <ele>755.8</ele>
   </trkpt>
   <trkpt lat="40.6367070" lon="-3.1439740">
    <ele>755.6</ele>
   </trkpt>
   <trkpt lat="40.6366610" lon="-3.1440090">
    <ele>755.4</ele>
   </trkpt>
   <trkpt lat="40.6366160" lon="-3.1440450">
    <ele>755.4</ele>
   </trkpt>
   <trkpt lat="40.6365700" lon="-3.1440830">
    <ele>755.2</ele>
   </trkpt>
   <trkpt lat="40.6365200" lon="-3.1441210">
    <ele>755.2</ele>
   </trkpt>
   <trkpt lat="40.6364750" lon="-3.1441600">
    <ele>755.0</ele>
   </trkpt>
   <trkpt lat="40.6364250" lon="-3.1441990">
    <ele>754.8</ele>
   </trkpt>
   <trkpt lat="40.6363750" lon="-3.1442400">
    <ele>754.6</ele>
   </trkpt>
   <trkpt lat="40.6363260" lon="-3.1442830">
    <ele>754.2</ele>
   </trkpt>
   <trkpt lat="40.6362690" lon="-3.1443260">
    <ele>754.0</ele>
   </trkpt>
   <trkpt lat="40.6362110" lon="-3.1443710">
    <ele>753.6</ele>
   </trkpt>
   <trkpt lat="40.6361500" lon="-3.1444180">
    <ele>753.2</ele>
   </trkpt>
   <trkpt lat="40.6360930" lon="-3.1444670">
    <ele>752.8</ele>
   </trkpt>
   <trkpt lat="40.6360320" lon="-3.1445210">
    <ele>752.4</ele>
   </trkpt>
   <trkpt lat="40.6359670" lon="-3.1445740">
    <ele>751.8</ele>
   </trkpt>
   <trkpt lat="40.6359020" lon="-3.1446270">
    <ele>751.4</ele>
   </trkpt>
   <trkpt lat="40.6358340" lon="-3.1446800">
    <ele>751.0</ele>
   </trkpt>
   <trkpt lat="40.6357690" lon="-3.1447360">
    <ele>750.6</ele>
   </trkpt>
   <trkpt lat="40.6357000" lon="-3.1447940">
    <ele>750.2</ele>
   </trkpt>
   <trkpt lat="40.6356320" lon="-3.1448490">
    <ele>749.8</ele>
   </trkpt>
   <trkpt lat="40.6355710" lon="-3.1448960">
    <ele>749.4</ele>
   </trkpt>
   <trkpt lat="40.6354980" lon="-3.1449560">
    <ele>748.8</ele>
   </trkpt>
   <trkpt lat="40.6354220" lon="-3.1450160">
    <ele>748.4</ele>
   </trkpt>
   <trkpt lat="40.6353610" lon="-3.1450660">
    <ele>748.0</ele>
   </trkpt>
   <trkpt lat="40.6352880" lon="-3.1451280">
    <ele>747.6</ele>
   </trkpt>
   <trkpt lat="40.6352120" lon="-3.1451900">
    <ele>747.2</ele>
   </trkpt>
   <trkpt lat="40.6351390" lon="-3.1452470">
    <ele>746.6</ele>
   </trkpt>
   <trkpt lat="40.6350670" lon="-3.1453030">
    <ele>746.2</ele>
   </trkpt>
   <trkpt lat="40.6349910" lon="-3.1453600">
    <ele>745.8</ele>
   </trkpt>
   <trkpt lat="40.6349260" lon="-3.1454110">
    <ele>745.4</ele>
   </trkpt>
   <trkpt lat="40.6348460" lon="-3.1454740">
    <ele>745.0</ele>
   </trkpt>
   <trkpt lat="40.6347620" lon="-3.1455390">
    <ele>744.6</ele>
   </trkpt>
   <trkpt lat="40.6346780" lon="-3.1456010">
    <ele>744.2</ele>
   </trkpt>
   <trkpt lat="40.6345980" lon="-3.1456640">
    <ele>743.8</ele>
   </trkpt>
   <trkpt lat="40.6345180" lon="-3.1457290">
    <ele>743.4</ele>
   </trkpt>
   <trkpt lat="40.6344410" lon="-3.1457930">
    <ele>743.2</ele>
   </trkpt>
   <trkpt lat="40.6343610" lon="-3.1458590">
    <ele>743.0</ele>
   </trkpt>
   <trkpt lat="40.6342850" lon="-3.1459250">
    <ele>743.0</ele>
   </trkpt>
   <trkpt lat="40.6342050" lon="-3.1459870">
    <ele>742.8</ele>
   </trkpt>
   <trkpt lat="40.6341290" lon="-3.1460490">
    <ele>742.4</ele>
   </trkpt>
   <trkpt lat="40.6340480" lon="-3.1461110">
    <ele>742.2</ele>
   </trkpt>
   <trkpt lat="40.6339870" lon="-3.1461670">
    <ele>742.2</ele>
   </trkpt>
   <trkpt lat="40.6339230" lon="-3.1462240">
    <ele>742.0</ele>
   </trkpt>
   <trkpt lat="40.6338500" lon="-3.1462830">
    <ele>742.0</ele>
   </trkpt>
   <trkpt lat="40.6337740" lon="-3.1463480">
    <ele>741.8</ele>
   </trkpt>
   <trkpt lat="40.6336970" lon="-3.1464090">
    <ele>741.6</ele>
   </trkpt>
   <trkpt lat="40.6336290" lon="-3.1464640">
    <ele>741.6</ele>
   </trkpt>
   <trkpt lat="40.6335750" lon="-3.1465110">
    <ele>741.6</ele>
   </trkpt>
   <trkpt lat="40.6335030" lon="-3.1465650">
    <ele>741.6</ele>
   </trkpt>
   <trkpt lat="40.6334300" lon="-3.1466200">
    <ele>741.6</ele>
   </trkpt>
   <trkpt lat="40.6333620" lon="-3.1466710">
    <ele>741.4</ele>
   </trkpt>
   <trkpt lat="40.6332930" lon="-3.1467220">
    <ele>741.2</ele>
   </trkpt>
   <trkpt lat="40.6332400" lon="-3.1467670">
    <ele>741.0</ele>
   </trkpt>
   <trkpt lat="40.6331750" lon="-3.1468140">
    <ele>740.8</ele>
   </trkpt>
   <trkpt lat="40.6331020" lon="-3.1468730">
    <ele>740.8</ele>
   </trkpt>
   <trkpt lat="40.6330410" lon="-3.1469250">
    <ele>740.6</ele>
   </trkpt>
   <trkpt lat="40.6329840" lon="-3.1469750">
    <ele>740.6</ele>
   </trkpt>
   <trkpt lat="40.6329150" lon="-3.1470340">
    <ele>740.6</ele>
   </trkpt>
   <trkpt lat="40.6328510" lon="-3.1470890">
    <ele>740.8</ele>
   </trkpt>
   <trkpt lat="40.6327900" lon="-3.1471390">
    <ele>740.6</ele>
   </trkpt>
   <trkpt lat="40.6327250" lon="-3.1471880">
    <ele>740.6</ele>
   </trkpt>
   <trkpt lat="40.6326710" lon="-3.1472300">
    <ele>740.6</ele>
   </trkpt>
   <trkpt lat="40.6326140" lon="-3.1472740">
    <ele>740.6</ele>
   </trkpt>
   <trkpt lat="40.6325450" lon="-3.1473290">
    <ele>740.6</ele>
   </trkpt>
   <trkpt lat="40.6324920" lon="-3.1473750">
    <ele>740.8</ele>
   </trkpt>
   <trkpt lat="40.6324420" lon="-3.1474190">
    <ele>740.8</ele>
   </trkpt>
   <trkpt lat="40.6323890" lon="-3.1474670">
    <ele>741.0</ele>
   </trkpt>
   <trkpt lat="40.6323320" lon="-3.1475170">
    <ele>741.2</ele>
   </trkpt>
   <trkpt lat="40.6322780" lon="-3.1475630">
    <ele>741.2</ele>
   </trkpt>
   <trkpt lat="40.6322360" lon="-3.1475980">
    <ele>741.4</ele>
   </trkpt>
   <trkpt lat="40.6321830" lon="-3.1476370">
    <ele>741.8</ele>
   </trkpt>
   <trkpt lat="40.6321330" lon="-3.1476760">
    <ele>742.0</ele>
   </trkpt>
   <trkpt lat="40.6320920" lon="-3.1477100">
    <ele>742.4</ele>
   </trkpt>
   <trkpt lat="40.6320530" lon="-3.1477370">
    <ele>742.8</ele>
   </trkpt>
   <trkpt lat="40.6320150" lon="-3.1477640">
    <ele>743.2</ele>
   </trkpt>
   <trkpt lat="40.6319730" lon="-3.1477960">
    <ele>743.4</ele>
   </trkpt>
   <trkpt lat="40.6319350" lon="-3.1478250">
    <ele>743.8</ele>
   </trkpt>
   <trkpt lat="40.6318970" lon="-3.1478530">
    <ele>744.0</ele>
   </trkpt>
   <trkpt lat="40.6318700" lon="-3.1478760">
    <ele>744.2</ele>
   </trkpt>
   <trkpt lat="40.6318400" lon="-3.1479000">
    <ele>744.6</ele>
   </trkpt>
   <trkpt lat="40.6318020" lon="-3.1479270">
    <ele>744.8</ele>
   </trkpt>
   <trkpt lat="40.6317630" lon="-3.1479520">
    <ele>745.0</ele>
   </trkpt>
   <trkpt lat="40.6317290" lon="-3.1479750">
    <ele>745.4</ele>
   </trkpt>
   <trkpt lat="40.6316950" lon="-3.1480000">
    <ele>745.6</ele>
   </trkpt>
   <trkpt lat="40.6316600" lon="-3.1480230">
    <ele>745.8</ele>
   </trkpt>
   <trkpt lat="40.6316340" lon="-3.1480430">
    <ele>746.0</ele>
   </trkpt>
   <trkpt lat="40.6315990" lon="-3.1480690">
    <ele>746.2</ele>
   </trkpt>
   <trkpt lat="40.6315650" lon="-3.1480900">
    <ele>746.6</ele>
   </trkpt>
   <trkpt lat="40.6315310" lon="-3.1481100">
    <ele>746.8</ele>
   </trkpt>
   <trkpt lat="40.6314960" lon="-3.1481330">
    <ele>747.0</ele>
   </trkpt>
   <trkpt lat="40.6314620" lon="-3.1481580">
    <ele>747.2</ele>
   </trkpt>
   <trkpt lat="40.6314320" lon="-3.1481770">
    <ele>747.4</ele>
   </trkpt>
   <trkpt lat="40.6314010" lon="-3.1481980">
    <ele>747.4</ele>
   </trkpt>
   <trkpt lat="40.6313740" lon="-3.1482220">
    <ele>747.6</ele>
   </trkpt>
   <trkpt lat="40.6313400" lon="-3.1482470">
    <ele>747.8</ele>
   </trkpt>
   <trkpt lat="40.6313060" lon="-3.1482730">
    <ele>748.0</ele>
   </trkpt>
   <trkpt lat="40.6312870" lon="-3.1482970">
    <ele>748.2</ele>
   </trkpt>
   <trkpt lat="40.6312600" lon="-3.1483200">
    <ele>748.2</ele>
   </trkpt>
   <trkpt lat="40.6312290" lon="-3.1483490">
    <ele>748.4</ele>
   </trkpt>
   <trkpt lat="40.6311950" lon="-3.1483760">
    <ele>748.6</ele>
   </trkpt>
   <trkpt lat="40.6311720" lon="-3.1483980">
    <ele>748.8</ele>
   </trkpt>
   <trkpt lat="40.6311450" lon="-3.1484210">
    <ele>749.0</ele>
   </trkpt>
   <trkpt lat="40.6311110" lon="-3.1484480">
    <ele>749.2</ele>
   </trkpt>
   <trkpt lat="40.6310810" lon="-3.1484730">
    <ele>749.4</ele>
   </trkpt>
   <trkpt lat="40.6310500" lon="-3.1485000">
    <ele>749.6</ele>
   </trkpt>
   <trkpt lat="40.6310310" lon="-3.1485240">
    <ele>749.6</ele>
   </trkpt>
   <trkpt lat="40.6310040" lon="-3.1485490">
    <ele>749.8</ele>
   </trkpt>
   <trkpt lat="40.6309780" lon="-3.1485780">
    <ele>750.0</ele>
   </trkpt>
   <trkpt lat="40.6309510" lon="-3.1486110">
    <ele>750.0</ele>
   </trkpt>
   <trkpt lat="40.6309200" lon="-3.1486420">
    <ele>750.2</ele>
   </trkpt>
   <trkpt lat="40.6308940" lon="-3.1486680">
    <ele>750.2</ele>
   </trkpt>
   <trkpt lat="40.6308630" lon="-3.1487040">
    <ele>750.4</ele>
   </trkpt>
   <trkpt lat="40.6308360" lon="-3.1487420">
    <ele>750.4</ele>
   </trkpt>
   <trkpt lat="40.6308170" lon="-3.1487780">
    <ele>750.6</ele>
   </trkpt>
   <trkpt lat="40.6307980" lon="-3.1488180">
    <ele>750.6</ele>
   </trkpt>
   <trkpt lat="40.6307830" lon="-3.1488610">
    <ele>750.8</ele>
   </trkpt>
   <trkpt lat="40.6307680" lon="-3.1488990">
    <ele>750.8</ele>
   </trkpt>
   <trkpt lat="40.6307530" lon="-3.1489460">
    <ele>751.0</ele>
   </trkpt>
   <trkpt lat="40.6307410" lon="-3.1489940">
    <ele>751.2</ele>
   </trkpt>
   <trkpt lat="40.6307330" lon="-3.1490340">
    <ele>751.4</ele>
   </trkpt>
   <trkpt lat="40.6307220" lon="-3.1490760">
    <ele>751.6</ele>
   </trkpt>
   <trkpt lat="40.6307140" lon="-3.1491210">
    <ele>751.6</ele>
   </trkpt>
   <trkpt lat="40.6307030" lon="-3.1491470">
    <ele>751.8</ele>
   </trkpt>
   <trkpt lat="40.6306840" lon="-3.1491520">
    <ele>752.0</ele>
   </trkpt>
   <trkpt lat="40.6306610" lon="-3.1491490">
    <ele>752.0</ele>
   </trkpt>
   <trkpt lat="40.6306420" lon="-3.1491500">
    <ele>752.0</ele>
   </trkpt>
   <trkpt lat="40.6306150" lon="-3.1491600">
    <ele>752.0</ele>
   </trkpt>
   <trkpt lat="40.6305920" lon="-3.1491730">
    <ele>752.2</ele>
   </trkpt>
   <trkpt lat="40.6305660" lon="-3.1491860">
    <ele>752.4</ele>
   </trkpt>
   <trkpt lat="40.6305390" lon="-3.1491980">
    <ele>752.6</ele>
   </trkpt>
   <trkpt lat="40.6305080" lon="-3.1492060">
    <ele>752.8</ele>
   </trkpt>
   <trkpt lat="40.6304820" lon="-3.1492160">
    <ele>753.0</ele>
   </trkpt>
   <trkpt lat="40.6304550" lon="-3.1492340">
    <ele>753.0</ele>
   </trkpt>
   <trkpt lat="40.6304280" lon="-3.1492560">
    <ele>753.2</ele>
   </trkpt>
   <trkpt lat="40.6304090" lon="-3.1492740">
    <ele>753.2</ele>
   </trkpt>
   <trkpt lat="40.6303860" lon="-3.1492980">
    <ele>753.4</ele>
   </trkpt>
   <trkpt lat="40.6303750" lon="-3.1493260">
    <ele>753.4</ele>
   </trkpt>
   <trkpt lat="40.6303710" lon="-3.1493520">
    <ele>753.6</ele>
   </trkpt>
   <trkpt lat="40.6303710" lon="-3.1493770">
    <ele>753.4</ele>
   </trkpt>
   <trkpt lat="40.6303670" lon="-3.1494090">
    <ele>753.4</ele>
   </trkpt>
   <trkpt lat="40.6303630" lon="-3.1494410">
    <ele>753.4</ele>
   </trkpt>
   <trkpt lat="40.6303560" lon="-3.1494710">
    <ele>753.4</ele>
   </trkpt>
   <trkpt lat="40.6303520" lon="-3.1494980">
    <ele>753.4</ele>
   </trkpt>
   <trkpt lat="40.6303480" lon="-3.1495170">
    <ele>753.4</ele>
   </trkpt>
   <trkpt lat="40.6303330" lon="-3.1495360">
    <ele>753.4</ele>
   </trkpt>
   <trkpt lat="40.6303060" lon="-3.1495500">
    <ele>753.2</ele>
   </trkpt>
   <trkpt lat="40.6302800" lon="-3.1495610">
    <ele>753.2</ele>
   </trkpt>
   <trkpt lat="40.6302530" lon="-3.1495700">
    <ele>753.0</ele>
   </trkpt>
   <trkpt lat="40.6302340" lon="-3.1495710">
    <ele>753.0</ele>
   </trkpt>
   <trkpt lat="40.6302110" lon="-3.1495590">
    <ele>753.0</ele>
   </trkpt>
   <trkpt lat="40.6301960" lon="-3.1495390">
    <ele>753.0</ele>
   </trkpt>
   <trkpt lat="40.6301920" lon="-3.1495210">
    <ele>753.2</ele>
   </trkpt>
   <trkpt lat="40.6301960" lon="-3.1495010">
    <ele>753.2</ele>
   </trkpt>
   <trkpt lat="40.6302030" lon="-3.1494790">
    <ele>753.4</ele>
   </trkpt>
   <trkpt lat="40.6301960" lon="-3.1494570">
    <ele>753.4</ele>
   </trkpt>
   <trkpt lat="40.6301800" lon="-3.1494430">
    <ele>753.4</ele>
   </trkpt>
   <trkpt lat="40.6301570" lon="-3.1494410">
    <ele>753.4</ele>
   </trkpt>
   <trkpt lat="40.6301310" lon="-3.1494470">
    <ele>753.2</ele>
   </trkpt>
   <trkpt lat="40.6300960" lon="-3.1494570">
    <ele>753.2</ele>
   </trkpt>
   <trkpt lat="40.6300620" lon="-3.1494640">
    <ele>753.0</ele>
   </trkpt>
   <trkpt lat="40.6300320" lon="-3.1494710">
    <ele>752.8</ele>
   </trkpt>
   <trkpt lat="40.6300010" lon="-3.1494780">
    <ele>752.8</ele>
   </trkpt>
   <trkpt lat="40.6299670" lon="-3.1494820">
    <ele>752.6</ele>
   </trkpt>
   <trkpt lat="40.6299320" lon="-3.1494820">
    <ele>752.6</ele>
   </trkpt>
   <trkpt lat="40.6299060" lon="-3.1494740">
    <ele>752.6</ele>
   </trkpt>
   <trkpt lat="40.6298870" lon="-3.1494560">
    <ele>752.6</ele>
   </trkpt>
   <trkpt lat="40.6298680" lon="-3.1494360">
    <ele>752.8</ele>
   </trkpt>
   <trkpt lat="40.6298520" lon="-3.1494160">
    <ele>752.8</ele>
   </trkpt>
   <trkpt lat="40.6298290" lon="-3.1494030">
    <ele>752.8</ele>
   </trkpt>
   <trkpt lat="40.6298070" lon="-3.1493970">
    <ele>752.8</ele>
   </trkpt>
   <trkpt lat="40.6297840" lon="-3.1493910">
    <ele>752.8</ele>
   </trkpt>
   <trkpt lat="40.6297530" lon="-3.1493820">
    <ele>752.8</ele>
   </trkpt>
   <trkpt lat="40.6297190" lon="-3.1493730">
    <ele>752.8</ele>
   </trkpt>
   <trkpt lat="40.6296810" lon="-3.1493630">
    <ele>752.8</ele>
   </trkpt>
   <trkpt lat="40.6296460" lon="-3.1493550">
    <ele>752.8</ele>
   </trkpt>
   <trkpt lat="40.6296120" lon="-3.1493460">
    <ele>752.8</ele>
   </trkpt>
   <trkpt lat="40.6295780" lon="-3.1493410">
    <ele>752.8</ele>
   </trkpt>
   <trkpt lat="40.6295320" lon="-3.1493400">
    <ele>752.6</ele>
   </trkpt>
   <trkpt lat="40.6294940" lon="-3.1493440">
    <ele>752.6</ele>
   </trkpt>
   <trkpt lat="40.6294590" lon="-3.1493520">
    <ele>752.6</ele>
   </trkpt>
   <trkpt lat="40.6294330" lon="-3.1493590">
    <ele>752.6</ele>
   </trkpt>
   <trkpt lat="40.6293980" lon="-3.1493710">
    <ele>752.6</ele>
   </trkpt>
   <trkpt lat="40.6293600" lon="-3.1493930">
    <ele>752.6</ele>
   </trkpt>
   <trkpt lat="40.6293220" lon="-3.1494180">
    <ele>752.4</ele>
   </trkpt>
   <trkpt lat="40.6292800" lon="-3.1494440">
    <ele>752.4</ele>
   </trkpt>
   <trkpt lat="40.6292380" lon="-3.1494680">
    <ele>752.2</ele>
   </trkpt>
   <trkpt lat="40.6291920" lon="-3.1494900">
    <ele>752.2</ele>
   </trkpt>
   <trkpt lat="40.6291470" lon="-3.1495090">
    <ele>752.2</ele>
   </trkpt>
   <trkpt lat="40.6291050" lon="-3.1495280">
    <ele>752.0</ele>
   </trkpt>
   <trkpt lat="40.6290660" lon="-3.1495420">
    <ele>752.0</ele>
   </trkpt>
   <trkpt lat="40.6290210" lon="-3.1495530">
    <ele>752.0</ele>
   </trkpt>
   <trkpt lat="40.6289710" lon="-3.1495600">
    <ele>752.0</ele>
   </trkpt>
   <trkpt lat="40.6289290" lon="-3.1495660">
    <ele>752.2</ele>
   </trkpt>
   <trkpt lat="40.6288830" lon="-3.1495750">
    <ele>752.2</ele>
   </trkpt>
   <trkpt lat="40.6288340" lon="-3.1495850">
    <ele>752.2</ele>
   </trkpt>
   <trkpt lat="40.6287730" lon="-3.1495950">
    <ele>752.2</ele>
   </trkpt>
   <trkpt lat="40.6287150" lon="-3.1496050">
    <ele>752.2</ele>
   </trkpt>
   <trkpt lat="40.6286700" lon="-3.1496140">
    <ele>752.2</ele>
   </trkpt>
   <trkpt lat="40.6286200" lon="-3.1496230">
    <ele>752.4</ele>
   </trkpt>
   <trkpt lat="40.6285630" lon="-3.1496330">
    <ele>752.4</ele>
   </trkpt>
   <trkpt lat="40.6285170" lon="-3.1496450">
    <ele>752.4</ele>
   </trkpt>
   <trkpt lat="40.6284710" lon="-3.1496590">
    <ele>752.4</ele>
   </trkpt>
   <trkpt lat="40.6284330" lon="-3.1496720">
    <ele>752.2</ele>
   </trkpt>
   <trkpt lat="40.6283910" lon="-3.1496850">
    <ele>752.2</ele>
   </trkpt>
   <trkpt lat="40.6283340" lon="-3.1497020">
    <ele>752.0</ele>
   </trkpt>
   <trkpt lat="40.6282840" lon="-3.1497180">
    <ele>751.8</ele>
   </trkpt>
   <trkpt lat="40.6282420" lon="-3.1497320">
    <ele>751.6</ele>
   </trkpt>
   <trkpt lat="40.6281890" lon="-3.1497490">
    <ele>751.4</ele>
   </trkpt>
   <trkpt lat="40.6281470" lon="-3.1497630">
    <ele>751.4</ele>
   </trkpt>
   <trkpt lat="40.6280940" lon="-3.1497680">
    <ele>751.2</ele>
   </trkpt>
   <trkpt lat="40.6280440" lon="-3.1497700">
    <ele>751.0</ele>
   </trkpt>
   <trkpt lat="40.6279980" lon="-3.1497750">
    <ele>751.0</ele>
   </trkpt>
   <trkpt lat="40.6279490" lon="-3.1497900">
    <ele>750.8</ele>
   </trkpt>
   <trkpt lat="40.6278990" lon="-3.1498110">
    <ele>750.6</ele>
   </trkpt>
   <trkpt lat="40.6278460" lon="-3.1498310">
    <ele>750.6</ele>
   </trkpt>
   <trkpt lat="40.6277960" lon="-3.1498510">
    <ele>750.4</ele>
   </trkpt>
   <trkpt lat="40.6277430" lon="-3.1498710">
    <ele>750.4</ele>
   </trkpt>
   <trkpt lat="40.6276970" lon="-3.1498910">
    <ele>750.2</ele>
   </trkpt>
   <trkpt lat="40.6276470" lon="-3.1499110">
    <ele>750.2</ele>
   </trkpt>
   <trkpt lat="40.6275900" lon="-3.1499320">
    <ele>750.0</ele>
   </trkpt>
   <trkpt lat="40.6275480" lon="-3.1499540">
    <ele>749.8</ele>
   </trkpt>
   <trkpt lat="40.6275060" lon="-3.1499820">
    <ele>749.8</ele>
   </trkpt>
   <trkpt lat="40.6274640" lon="-3.1500160">
    <ele>749.6</ele>
   </trkpt>
   <trkpt lat="40.6274150" lon="-3.1500560">
    <ele>749.6</ele>
   </trkpt>
   <trkpt lat="40.6273650" lon="-3.1500930">
    <ele>749.4</ele>
   </trkpt>
   <trkpt lat="40.6273270" lon="-3.1501220">
    <ele>749.4</ele>
   </trkpt>
   <trkpt lat="40.6272810" lon="-3.1501510">
    <ele>749.2</ele>
   </trkpt>
   <trkpt lat="40.6272320" lon="-3.1501800">
    <ele>749.2</ele>
   </trkpt>
   <trkpt lat="40.6271820" lon="-3.1502090">
    <ele>749.0</ele>
   </trkpt>
   <trkpt lat="40.6271360" lon="-3.1502370">
    <ele>749.0</ele>
   </trkpt>
   <trkpt lat="40.6270900" lon="-3.1502620">
    <ele>748.8</ele>
   </trkpt>
   <trkpt lat="40.6270330" lon="-3.1502880">
    <ele>748.6</ele>
   </trkpt>
   <trkpt lat="40.6269910" lon="-3.1503090">
    <ele>748.6</ele>
   </trkpt>
   <trkpt lat="40.6269450" lon="-3.1503250">
    <ele>748.6</ele>
   </trkpt>
   <trkpt lat="40.6269000" lon="-3.1503390">
    <ele>748.6</ele>
   </trkpt>
   <trkpt lat="40.6268620" lon="-3.1503550">
    <ele>748.4</ele>
   </trkpt>
   <trkpt lat="40.6268200" lon="-3.1503730">
    <ele>748.4</ele>
   </trkpt>
   <trkpt lat="40.6267660" lon="-3.1503940">
    <ele>748.4</ele>
   </trkpt>
   <trkpt lat="40.6267240" lon="-3.1504160">
    <ele>748.2</ele>
   </trkpt>
   <trkpt lat="40.6266900" lon="-3.1504360">
    <ele>748.2</ele>
   </trkpt>
   <trkpt lat="40.6266590" lon="-3.1504610">
    <ele>748.2</ele>
   </trkpt>
   <trkpt lat="40.6266250" lon="-3.1504890">
    <ele>748.2</ele>
   </trkpt>
   <trkpt lat="40.6265870" lon="-3.1505120">
    <ele>748.2</ele>
   </trkpt>
   <trkpt lat="40.6265490" lon="-3.1505280">
    <ele>748.2</ele>
   </trkpt>
   <trkpt lat="40.6265030" lon="-3.1505470">
    <ele>748.2</ele>
   </trkpt>
   <trkpt lat="40.6264530" lon="-3.1505750">
    <ele>748.2</ele>
   </trkpt>
   <trkpt lat="40.6264040" lon="-3.1506040">
    <ele>748.2</ele>
   </trkpt>
   <trkpt lat="40.6263580" lon="-3.1506280">
    <ele>748.2</ele>
   </trkpt>
   <trkpt lat="40.6263120" lon="-3.1506500">
    <ele>748.4</ele>
   </trkpt>
   <trkpt lat="40.6262660" lon="-3.1506730">
    <ele>748.4</ele>
   </trkpt>
   <trkpt lat="40.6262170" lon="-3.1507000">
    <ele>748.4</ele>
   </trkpt>
   <trkpt lat="40.6261600" lon="-3.1507310">
    <ele>748.6</ele>
   </trkpt>
   <trkpt lat="40.6261100" lon="-3.1507580">
    <ele>748.6</ele>
   </trkpt>
   <trkpt lat="40.6260640" lon="-3.1507830">
    <ele>748.6</ele>
   </trkpt>
   <trkpt lat="40.6259990" lon="-3.1508090">
    <ele>748.8</ele>
   </trkpt>
   <trkpt lat="40.6259420" lon="-3.1508340">
    <ele>748.8</ele>
   </trkpt>
   <trkpt lat="40.6258930" lon="-3.1508630">
    <ele>749.0</ele>
   </trkpt>
   <trkpt lat="40.6258430" lon="-3.1508880">
    <ele>749.0</ele>
   </trkpt>
   <trkpt lat="40.6257900" lon="-3.1509150">
    <ele>749.2</ele>
   </trkpt>
   <trkpt lat="40.6257320" lon="-3.1509510">
    <ele>749.2</ele>
   </trkpt>
   <trkpt lat="40.6256790" lon="-3.1509920">
    <ele>749.4</ele>
   </trkpt>
   <trkpt lat="40.6256370" lon="-3.1510290">
    <ele>749.6</ele>
   </trkpt>
   <trkpt lat="40.6255910" lon="-3.1510690">
    <ele>749.6</ele>
   </trkpt>
   <trkpt lat="40.6255340" lon="-3.1511070">
    <ele>749.8</ele>
   </trkpt>
   <trkpt lat="40.6254840" lon="-3.1511450">
    <ele>750.0</ele>
   </trkpt>
   <trkpt lat="40.6254390" lon="-3.1511860">
    <ele>750.2</ele>
   </trkpt>
   <trkpt lat="40.6254000" lon="-3.1512220">
    <ele>750.4</ele>
   </trkpt>
   <trkpt lat="40.6253660" lon="-3.1512520">
    <ele>750.6</ele>
   </trkpt>
   <trkpt lat="40.6253240" lon="-3.1512890">
    <ele>750.8</ele>
   </trkpt>
   <trkpt lat="40.6252860" lon="-3.1513300">
    <ele>751.0</ele>
   </trkpt>
   <trkpt lat="40.6252520" lon="-3.1513630">
    <ele>751.2</ele>
   </trkpt>
   <trkpt lat="40.6252170" lon="-3.1513960">
    <ele>751.4</ele>
   </trkpt>
   <trkpt lat="40.6251750" lon="-3.1514340">
    <ele>751.6</ele>
   </trkpt>
   <trkpt lat="40.6251410" lon="-3.1514720">
    <ele>751.8</ele>
   </trkpt>
   <trkpt lat="40.6251140" lon="-3.1515070">
    <ele>752.0</ele>
   </trkpt>
   <trkpt lat="40.6250840" lon="-3.1515400">
    <ele>752.4</ele>
   </trkpt>
   <trkpt lat="40.6250610" lon="-3.1515670">
    <ele>752.6</ele>
   </trkpt>
   <trkpt lat="40.6250340" lon="-3.1515960">
    <ele>752.8</ele>
   </trkpt>
   <trkpt lat="40.6250110" lon="-3.1516270">
    <ele>753.0</ele>
   </trkpt>
   <trkpt lat="40.6249920" lon="-3.1516530">
    <ele>753.2</ele>
   </trkpt>
   <trkpt lat="40.6249770" lon="-3.1516830">
    <ele>753.4</ele>
   </trkpt>
   <trkpt lat="40.6249690" lon="-3.1517100">
    <ele>753.4</ele>
   </trkpt>
   <trkpt lat="40.6249620" lon="-3.1517380">
    <ele>753.6</ele>
   </trkpt>
   <trkpt lat="40.6249500" lon="-3.1517660">
    <ele>753.6</ele>
   </trkpt>
   <trkpt lat="40.6249350" lon="-3.1517960">
    <ele>753.6</ele>
   </trkpt>
   <trkpt lat="40.6249200" lon="-3.1518280">
    <ele>753.6</ele>
   </trkpt>
   <trkpt lat="40.6249080" lon="-3.1518660">
    <ele>753.8</ele>
   </trkpt>
   <trkpt lat="40.6249010" lon="-3.1519050">
    <ele>753.8</ele>
   </trkpt>
   <trkpt lat="40.6248860" lon="-3.1519360">
    <ele>754.0</ele>
   </trkpt>
   <trkpt lat="40.6248660" lon="-3.1519580">
    <ele>754.0</ele>
   </trkpt>
   <trkpt lat="40.6248470" lon="-3.1519730">
    <ele>754.2</ele>
   </trkpt>
   <trkpt lat="40.6248280" lon="-3.1519870">
    <ele>754.6</ele>
   </trkpt>
   <trkpt lat="40.6248090" lon="-3.1520080">
    <ele>754.8</ele>
   </trkpt>
   <trkpt lat="40.6247940" lon="-3.1520330">
    <ele>755.0</ele>
   </trkpt>
   <trkpt lat="40.6247830" lon="-3.1520520">
    <ele>755.4</ele>
   </trkpt>
   <trkpt lat="40.6247670" lon="-3.1520710">
    <ele>755.6</ele>
   </trkpt>
   <trkpt lat="40.6247480" lon="-3.1520900">
    <ele>755.8</ele>
   </trkpt>
   <trkpt lat="40.6247410" lon="-3.1521070">
    <ele>756.2</ele>
   </trkpt>
   <trkpt lat="40.6247250" lon="-3.1521230">
    <ele>756.4</ele>
   </trkpt>
   <trkpt lat="40.6247100" lon="-3.1521460">
    <ele>756.6</ele>
   </trkpt>
   <trkpt lat="40.6246950" lon="-3.1521690">
    <ele>756.8</ele>
   </trkpt>
   <trkpt lat="40.6246760" lon="-3.1521900">
    <ele>756.8</ele>
   </trkpt>
   <trkpt lat="40.6246530" lon="-3.1522090">
    <ele>757.0</ele>
   </trkpt>
   <trkpt lat="40.6246260" lon="-3.1522320">
    <ele>757.0</ele>
   </trkpt>
   <trkpt lat="40.6246070" lon="-3.1522580">
    <ele>757.0</ele>
   </trkpt>
   <trkpt lat="40.6245800" lon="-3.1522850">
    <ele>757.0</ele>
   </trkpt>
   <trkpt lat="40.6245540" lon="-3.1523140">
    <ele>757.0</ele>
   </trkpt>
   <trkpt lat="40.6245230" lon="-3.1523440">
    <ele>757.0</ele>
   </trkpt>
   <trkpt lat="40.6244850" lon="-3.1523750">
    <ele>757.2</ele>
   </trkpt>
   <trkpt lat="40.6244550" lon="-3.1524100">
    <ele>757.2</ele>
   </trkpt>
   <trkpt lat="40.6244240" lon="-3.1524470">
    <ele>757.2</ele>
   </trkpt>
   <trkpt lat="40.6244010" lon="-3.1524800">
    <ele>757.2</ele>
   </trkpt>
   <trkpt lat="40.6243780" lon="-3.1525210">
    <ele>757.2</ele>
   </trkpt>
   <trkpt lat="40.6243550" lon="-3.1525610">
    <ele>757.2</ele>
   </trkpt>
   <trkpt lat="40.6243320" lon="-3.1525990">
    <ele>757.2</ele>
   </trkpt>
   <trkpt lat="40.6243060" lon="-3.1526370">
    <ele>757.2</ele>
   </trkpt>
   <trkpt lat="40.6242790" lon="-3.1526770">
    <ele>757.2</ele>
   </trkpt>
   <trkpt lat="40.6242520" lon="-3.1527120">
    <ele>757.2</ele>
   </trkpt>
   <trkpt lat="40.6242220" lon="-3.1527570">
    <ele>757.0</ele>
   </trkpt>
   <trkpt lat="40.6241870" lon="-3.1528050">
    <ele>756.8</ele>
   </trkpt>
   <trkpt lat="40.6241610" lon="-3.1528480">
    <ele>756.6</ele>
   </trkpt>
   <trkpt lat="40.6241300" lon="-3.1528940">
    <ele>756.4</ele>
   </trkpt>
   <trkpt lat="40.6240960" lon="-3.1529480">
    <ele>756.0</ele>
   </trkpt>
   <trkpt lat="40.6240620" lon="-3.1530070">
    <ele>755.6</ele>
   </trkpt>
   <trkpt lat="40.6240160" lon="-3.1530730">
    <ele>755.2</ele>
   </trkpt>
   <trkpt lat="40.6239780" lon="-3.1531270">
    <ele>754.8</ele>
   </trkpt>
   <trkpt lat="40.6239470" lon="-3.1531780">
    <ele>754.6</ele>
   </trkpt>
   <trkpt lat="40.6239050" lon="-3.1532400">
    <ele>754.2</ele>
   </trkpt>
   <trkpt lat="40.6238630" lon="-3.1533000">
    <ele>754.0</ele>
   </trkpt>
   <trkpt lat="40.6238170" lon="-3.1533520">
    <ele>753.8</ele>
   </trkpt>
   <trkpt lat="40.6237720" lon="-3.1533930">
    <ele>753.8</ele>
   </trkpt>
   <trkpt lat="40.6237300" lon="-3.1534320">
    <ele>753.8</ele>
   </trkpt>
   <trkpt lat="40.6236920" lon="-3.1534750">
    <ele>753.8</ele>
   </trkpt>
   <trkpt lat="40.6236500" lon="-3.1535230">
    <ele>753.8</ele>
   </trkpt>
   <trkpt lat="40.6236150" lon="-3.1535620">
    <ele>754.0</ele>
   </trkpt>
   <trkpt lat="40.6235770" lon="-3.1536000">
    <ele>754.0</ele>
   </trkpt>
   <trkpt lat="40.6235390" lon="-3.1536450">
    <ele>754.2</ele>
   </trkpt>
   <trkpt lat="40.6235050" lon="-3.1536940">
    <ele>754.2</ele>
   </trkpt>
   <trkpt lat="40.6234740" lon="-3.1537440">
    <ele>754.2</ele>
   </trkpt>
   <trkpt lat="40.6234400" lon="-3.1537950">
    <ele>754.4</ele>
   </trkpt>
   <trkpt lat="40.6234130" lon="-3.1538430">
    <ele>754.4</ele>
   </trkpt>
   <trkpt lat="40.6233830" lon="-3.1538970">
    <ele>754.6</ele>
   </trkpt>
   <trkpt lat="40.6233480" lon="-3.1539540">
    <ele>754.6</ele>
   </trkpt>
   <trkpt lat="40.6233180" lon="-3.1540020">
    <ele>754.8</ele>
   </trkpt>
   <trkpt lat="40.6232910" lon="-3.1540540">
    <ele>755.0</ele>
   </trkpt>
   <trkpt lat="40.6232570" lon="-3.1541110">
    <ele>755.0</ele>
   </trkpt>
   <trkpt lat="40.6232190" lon="-3.1541630">
    <ele>755.2</ele>
   </trkpt>
   <trkpt lat="40.6231880" lon="-3.1542070">
    <ele>755.4</ele>
   </trkpt>
   <trkpt lat="40.6231570" lon="-3.1542400">
    <ele>755.4</ele>
   </trkpt>
   <trkpt lat="40.6231310" lon="-3.1542790">
    <ele>755.4</ele>
   </trkpt>
   <trkpt lat="40.6231080" lon="-3.1543350">
    <ele>755.4</ele>
   </trkpt>
   <trkpt lat="40.6230890" lon="-3.1543930">
    <ele>755.4</ele>
   </trkpt>
   <trkpt lat="40.6230660" lon="-3.1544570">
    <ele>755.4</ele>
   </trkpt>
   <trkpt lat="40.6230510" lon="-3.1545360">
    <ele>755.2</ele>
   </trkpt>
   <trkpt lat="40.6230390" lon="-3.1546090">
    <ele>755.2</ele>
   </trkpt>
   <trkpt lat="40.6230240" lon="-3.1546950">
    <ele>755.0</ele>
   </trkpt>
   <trkpt lat="40.6230050" lon="-3.1547790">
    <ele>755.0</ele>
   </trkpt>
   <trkpt lat="40.6229860" lon="-3.1548530">
    <ele>755.0</ele>
   </trkpt>
   <trkpt lat="40.6229740" lon="-3.1549160">
    <ele>755.0</ele>
   </trkpt>
   <trkpt lat="40.6229550" lon="-3.1549860">
    <ele>755.0</ele>
   </trkpt>
   <trkpt lat="40.6229320" lon="-3.1550530">
    <ele>755.0</ele>
   </trkpt>
   <trkpt lat="40.6229130" lon="-3.1551100">
    <ele>755.0</ele>
   </trkpt>
   <trkpt lat="40.6228940" lon="-3.1551720">
    <ele>755.0</ele>
   </trkpt>
   <trkpt lat="40.6228830" lon="-3.1552340">
    <ele>755.0</ele>
   </trkpt>
   <trkpt lat="40.6228870" lon="-3.1553060">
    <ele>755.0</ele>
   </trkpt>
   <trkpt lat="40.6228940" lon="-3.1553740">
    <ele>755.0</ele>
   </trkpt>
   <trkpt lat="40.6228940" lon="-3.1554270">
    <ele>755.0</ele>
   </trkpt>
   <trkpt lat="40.6228710" lon="-3.1554880">
    <ele>754.8</ele>
   </trkpt>
   <trkpt lat="40.6228480" lon="-3.1555560">
    <ele>754.8</ele>
   </trkpt>
   <trkpt lat="40.6228180" lon="-3.1556270">
    <ele>754.8</ele>
   </trkpt>
   <trkpt lat="40.6227870" lon="-3.1556930">
    <ele>754.8</ele>
   </trkpt>
   <trkpt lat="40.6227340" lon="-3.1557510">
    <ele>754.8</ele>
   </trkpt>
   <trkpt lat="40.6227000" lon="-3.1557980">
    <ele>754.8</ele>
   </trkpt>
   <trkpt lat="40.6226810" lon="-3.1558500">
    <ele>755.0</ele>
   </trkpt>
   <trkpt lat="40.6226730" lon="-3.1559080">
    <ele>755.0</ele>
   </trkpt>
   <trkpt lat="40.6226730" lon="-3.1559720">
    <ele>755.2</ele>
   </trkpt>
   <trkpt lat="40.6226690" lon="-3.1560360">
    <ele>755.2</ele>
   </trkpt>
   <trkpt lat="40.6226620" lon="-3.1561120">
    <ele>755.2</ele>
   </trkpt>
   <trkpt lat="40.6226430" lon="-3.1561840">
    <ele>755.4</ele>
   </trkpt>
   <trkpt lat="40.6226230" lon="-3.1562410">
    <ele>755.4</ele>
   </trkpt>
   <trkpt lat="40.6226040" lon="-3.1563000">
    <ele>755.4</ele>
   </trkpt>
   <trkpt lat="40.6225810" lon="-3.1563630">
    <ele>755.4</ele>
   </trkpt>
   <trkpt lat="40.6225620" lon="-3.1564380">
    <ele>755.6</ele>
   </trkpt>
   <trkpt lat="40.6225470" lon="-3.1565100">
    <ele>755.6</ele>
   </trkpt>
   <trkpt lat="40.6225430" lon="-3.1565630">
    <ele>755.6</ele>
   </trkpt>
   <trkpt lat="40.6225430" lon="-3.1566130">
    <ele>755.6</ele>
   </trkpt>
   <trkpt lat="40.6225280" lon="-3.1566660">
    <ele>755.6</ele>
   </trkpt>
   <trkpt lat="40.6225090" lon="-3.1567180">
    <ele>755.6</ele>
   </trkpt>
   <trkpt lat="40.6224940" lon="-3.1567750">
    <ele>755.6</ele>
   </trkpt>
   <trkpt lat="40.6224860" lon="-3.1568240">
    <ele>755.6</ele>
   </trkpt>
   <trkpt lat="40.6224710" lon="-3.1568810">
    <ele>755.4</ele>
   </trkpt>
   <trkpt lat="40.6224590" lon="-3.1569450">
    <ele>755.2</ele>
   </trkpt>
   <trkpt lat="40.6224440" lon="-3.1570070">
    <ele>755.0</ele>
   </trkpt>
   <trkpt lat="40.6224290" lon="-3.1570700">
    <ele>754.8</ele>
   </trkpt>
   <trkpt lat="40.6224210" lon="-3.1571300">
    <ele>754.6</ele>
   </trkpt>
   <trkpt lat="40.6224100" lon="-3.1571960">
    <ele>754.2</ele>
   </trkpt>
   <trkpt lat="40.6223980" lon="-3.1572730">
    <ele>754.2</ele>
   </trkpt>
   <trkpt lat="40.6223910" lon="-3.1573430">
    <ele>754.0</ele>
   </trkpt>
   <trkpt lat="40.6223830" lon="-3.1573980">
    <ele>754.0</ele>
   </trkpt>
   <trkpt lat="40.6223830" lon="-3.1574570">
    <ele>753.8</ele>
   </trkpt>
   <trkpt lat="40.6223790" lon="-3.1575220">
    <ele>753.8</ele>
   </trkpt>
   <trkpt lat="40.6223750" lon="-3.1575760">
    <ele>753.8</ele>
   </trkpt>
   <trkpt lat="40.6223790" lon="-3.1576160">
    <ele>753.8</ele>
   </trkpt>
   <trkpt lat="40.6223950" lon="-3.1576650">
    <ele>754.0</ele>
   </trkpt>
   <trkpt lat="40.6224020" lon="-3.1577120">
    <ele>754.0</ele>
   </trkpt>
   <trkpt lat="40.6224060" lon="-3.1577660">
    <ele>754.0</ele>
   </trkpt>
   <trkpt lat="40.6224020" lon="-3.1578100">
    <ele>753.8</ele>
   </trkpt>
   <trkpt lat="40.6223950" lon="-3.1578530">
    <ele>753.8</ele>
   </trkpt>
   <trkpt lat="40.6223870" lon="-3.1579000">
    <ele>753.8</ele>
   </trkpt>
   <trkpt lat="40.6223830" lon="-3.1579470">
    <ele>753.8</ele>
   </trkpt>
   <trkpt lat="40.6223830" lon="-3.1579980">
    <ele>753.8</ele>
   </trkpt>
   <trkpt lat="40.6223830" lon="-3.1580410">
    <ele>753.8</ele>
   </trkpt>
   <trkpt lat="40.6223790" lon="-3.1580810">
    <ele>753.8</ele>
   </trkpt>
   <trkpt lat="40.6223720" lon="-3.1581140">
    <ele>753.6</ele>
   </trkpt>
   <trkpt lat="40.6223600" lon="-3.1581500">
    <ele>753.6</ele>
   </trkpt>
   <trkpt lat="40.6223490" lon="-3.1581930">
    <ele>753.4</ele>
   </trkpt>
   <trkpt lat="40.6223490" lon="-3.1582350">
    <ele>753.4</ele>
   </trkpt>
   <trkpt lat="40.6223530" lon="-3.1582750">
    <ele>753.4</ele>
   </trkpt>
   <trkpt lat="40.6223600" lon="-3.1583180">
    <ele>753.2</ele>
   </trkpt>
   <trkpt lat="40.6223830" lon="-3.1583670">
    <ele>753.2</ele>
   </trkpt>
   <trkpt lat="40.6224100" lon="-3.1584140">
    <ele>753.0</ele>
   </trkpt>
   <trkpt lat="40.6224480" lon="-3.1584630">
    <ele>752.8</ele>
   </trkpt>
   <trkpt lat="40.6224940" lon="-3.1585090">
    <ele>752.6</ele>
   </trkpt>
   <trkpt lat="40.6225360" lon="-3.1585380">
    <ele>752.4</ele>
   </trkpt>
   <trkpt lat="40.6225970" lon="-3.1585740">
    <ele>752.4</ele>
   </trkpt>
  </trkseg>
 </trk>
</gpx>
