<?xml version="1.0" encoding="UTF-8"?>
<gpx creator="StravaGPX" version="1.1" xmlns="http://www.topografix.com/GPX/1/1" xmlns:xsi="http://www.w3.org/2001/XMLSchema-instance" xsi:schemaLocation="http://www.topografix.com/GPX/1/1 http://www.topografix.com/GPX/1/1/gpx.xsd">
 <trk>
  <name>Aldeanueva guapa</name>
  <type>cycling</type>
  <trkseg>
   <trkpt lat="40.6231990" lon="-3.1579910">
    <ele>721.4</ele>
   </trkpt>
   <trkpt lat="40.6231460" lon="-3.1579800">
    <ele>721.4</ele>
   </trkpt>
   <trkpt lat="40.6230930" lon="-3.1579500">
    <ele>721.6</ele>
   </trkpt>
   <trkpt lat="40.6230430" lon="-3.1579300">
    <ele>721.8</ele>
   </trkpt>
   <trkpt lat="40.6229970" lon="-3.1579090">
    <ele>722.0</ele>
   </trkpt>
   <trkpt lat="40.6229550" lon="-3.1578870">
    <ele>722.2</ele>
   </trkpt>
   <trkpt lat="40.6229170" lon="-3.1578600">
    <ele>722.4</ele>
   </trkpt>
   <trkpt lat="40.6228790" lon="-3.1578390">
    <ele>722.6</ele>
   </trkpt>
   <trkpt lat="40.6228410" lon="-3.1578170">
    <ele>722.8</ele>
   </trkpt>
   <trkpt lat="40.6228030" lon="-3.1577920">
    <ele>723.0</ele>
   </trkpt>
   <trkpt lat="40.6227650" lon="-3.1577650">
    <ele>723.2</ele>
   </trkpt>
   <trkpt lat="40.6227300" lon="-3.1577420">
    <ele>723.4</ele>
   </trkpt>
   <trkpt lat="40.6226960" lon="-3.1577240">
    <ele>723.6</ele>
   </trkpt>
   <trkpt lat="40.6226580" lon="-3.1577040">
    <ele>723.8</ele>
   </trkpt>
   <trkpt lat="40.6226270" lon="-3.1576860">
    <ele>724.0</ele>
   </trkpt>
   <trkpt lat="40.6225890" lon="-3.1576690">
    <ele>724.2</ele>
   </trkpt>
   <trkpt lat="40.6225510" lon="-3.1576530">
    <ele>724.4</ele>
   </trkpt>
   <trkpt lat="40.6225170" lon="-3.1576390">
    <ele>724.6</ele>
   </trkpt>
   <trkpt lat="40.6224780" lon="-3.1576270">
    <ele>724.8</ele>
   </trkpt>
   <trkpt lat="40.6224400" lon="-3.1576060">
    <ele>724.8</ele>
   </trkpt>
   <trkpt lat="40.6224020" lon="-3.1575870">
    <ele>724.8</ele>
   </trkpt>
   <trkpt lat="40.6223680" lon="-3.1575650">
    <ele>725.0</ele>
   </trkpt>
   <trkpt lat="40.6223370" lon="-3.1575370">
    <ele>725.0</ele>
   </trkpt>
   <trkpt lat="40.6223180" lon="-3.1575010">
    <ele>725.0</ele>
   </trkpt>
   <trkpt lat="40.6223070" lon="-3.1574620">
    <ele>725.0</ele>
   </trkpt>
   <trkpt lat="40.6222990" lon="-3.1574140">
    <ele>725.0</ele>
   </trkpt>
   <trkpt lat="40.6223070" lon="-3.1573580">
    <ele>725.0</ele>
   </trkpt>
   <trkpt lat="40.6223110" lon="-3.1572970">
    <ele>725.0</ele>
   </trkpt>
   <trkpt lat="40.6223180" lon="-3.1572370">
    <ele>725.0</ele>
   </trkpt>
   <trkpt lat="40.6223260" lon="-3.1571770">
    <ele>725.0</ele>
   </trkpt>
   <trkpt lat="40.6223330" lon="-3.1571150">
    <ele>725.0</ele>
   </trkpt>
   <trkpt lat="40.6223490" lon="-3.1570550">
    <ele>725.2</ele>
   </trkpt>
   <trkpt lat="40.6223680" lon="-3.1570040">
    <ele>725.2</ele>
   </trkpt>
   <trkpt lat="40.6223950" lon="-3.1569560">
    <ele>725.4</ele>
   </trkpt>
   <trkpt lat="40.6224250" lon="-3.1569090">
    <ele>725.6</ele>
   </trkpt>
   <trkpt lat="40.6224480" lon="-3.1568640">
    <ele>725.8</ele>
   </trkpt>
   <trkpt lat="40.6224590" lon="-3.1568190">
    <ele>726.0</ele>
   </trkpt>
   <trkpt lat="40.6224710" lon="-3.1567740">
    <ele>726.2</ele>
   </trkpt>
   <trkpt lat="40.6224820" lon="-3.1567240">
    <ele>726.4</ele>
   </trkpt>
   <trkpt lat="40.6224940" lon="-3.1566760">
    <ele>726.4</ele>
   </trkpt>
   <trkpt lat="40.6225090" lon="-3.1566250">
    <ele>726.6</ele>
   </trkpt>
   <trkpt lat="40.6225200" lon="-3.1565700">
    <ele>726.6</ele>
   </trkpt>
   <trkpt lat="40.6225360" lon="-3.1565200">
    <ele>726.8</ele>
   </trkpt>
   <trkpt lat="40.6225510" lon="-3.1564700">
    <ele>726.8</ele>
   </trkpt>
   <trkpt lat="40.6225660" lon="-3.1564120">
    <ele>726.8</ele>
   </trkpt>
   <trkpt lat="40.6225810" lon="-3.1563530">
    <ele>726.8</ele>
   </trkpt>
   <trkpt lat="40.6225970" lon="-3.1562950">
    <ele>726.6</ele>
   </trkpt>
   <trkpt lat="40.6226080" lon="-3.1562350">
    <ele>726.6</ele>
   </trkpt>
   <trkpt lat="40.6226270" lon="-3.1561730">
    <ele>726.6</ele>
   </trkpt>
   <trkpt lat="40.6226460" lon="-3.1561120">
    <ele>726.6</ele>
   </trkpt>
   <trkpt lat="40.6226620" lon="-3.1560460">
    <ele>726.4</ele>
   </trkpt>
   <trkpt lat="40.6226770" lon="-3.1559780">
    <ele>726.4</ele>
   </trkpt>
   <trkpt lat="40.6226880" lon="-3.1559110">
    <ele>726.2</ele>
   </trkpt>
   <trkpt lat="40.6227070" lon="-3.1558450">
    <ele>726.0</ele>
   </trkpt>
   <trkpt lat="40.6227260" lon="-3.1557840">
    <ele>726.0</ele>
   </trkpt>
   <trkpt lat="40.6227460" lon="-3.1557220">
    <ele>725.8</ele>
   </trkpt>
   <trkpt lat="40.6227650" lon="-3.1556630">
    <ele>725.8</ele>
   </trkpt>
   <trkpt lat="40.6227840" lon="-3.1556040">
    <ele>725.8</ele>
   </trkpt>
   <trkpt lat="40.6227990" lon="-3.1555430">
    <ele>725.6</ele>
   </trkpt>
   <trkpt lat="40.6228140" lon="-3.1554820">
    <ele>725.6</ele>
   </trkpt>
   <trkpt lat="40.6228290" lon="-3.1554180">
    <ele>725.6</ele>
   </trkpt>
   <trkpt lat="40.6228480" lon="-3.1553530">
    <ele>725.6</ele>
   </trkpt>
   <trkpt lat="40.6228680" lon="-3.1552860">
    <ele>725.6</ele>
   </trkpt>
   <trkpt lat="40.6228870" lon="-3.1552230">
    <ele>725.6</ele>
   </trkpt>
   <trkpt lat="40.6229100" lon="-3.1551550">
    <ele>725.6</ele>
   </trkpt>
   <trkpt lat="40.6229250" lon="-3.1550900">
    <ele>725.6</ele>
   </trkpt>
   <trkpt lat="40.6229480" lon="-3.1550220">
    <ele>725.6</ele>
   </trkpt>
   <trkpt lat="40.6229670" lon="-3.1549600">
    <ele>725.8</ele>
   </trkpt>
   <trkpt lat="40.6229820" lon="-3.1548940">
    <ele>725.8</ele>
   </trkpt>
   <trkpt lat="40.6230050" lon="-3.1548230">
    <ele>725.8</ele>
   </trkpt>
   <trkpt lat="40.6230240" lon="-3.1547580">
    <ele>726.0</ele>
   </trkpt>
   <trkpt lat="40.6230470" lon="-3.1546980">
    <ele>726.0</ele>
   </trkpt>
   <trkpt lat="40.6230660" lon="-3.1546340">
    <ele>726.2</ele>
   </trkpt>
   <trkpt lat="40.6230810" lon="-3.1545680">
    <ele>726.2</ele>
   </trkpt>
   <trkpt lat="40.6231000" lon="-3.1544950">
    <ele>726.2</ele>
   </trkpt>
   <trkpt lat="40.6231160" lon="-3.1544330">
    <ele>726.2</ele>
   </trkpt>
   <trkpt lat="40.6231380" lon="-3.1543730">
    <ele>726.2</ele>
   </trkpt>
   <trkpt lat="40.6231730" lon="-3.1543030">
    <ele>726.2</ele>
   </trkpt>
   <trkpt lat="40.6232070" lon="-3.1542370">
    <ele>726.2</ele>
   </trkpt>
   <trkpt lat="40.6232490" lon="-3.1541790">
    <ele>726.0</ele>
   </trkpt>
   <trkpt lat="40.6232910" lon="-3.1541220">
    <ele>726.0</ele>
   </trkpt>
   <trkpt lat="40.6233330" lon="-3.1540630">
    <ele>725.8</ele>
   </trkpt>
   <trkpt lat="40.6233750" lon="-3.1540060">
    <ele>725.8</ele>
   </trkpt>
   <trkpt lat="40.6234170" lon="-3.1539520">
    <ele>725.8</ele>
   </trkpt>
   <trkpt lat="40.6234550" lon="-3.1538890">
    <ele>725.8</ele>
   </trkpt>
   <trkpt lat="40.6234930" lon="-3.1538360">
    <ele>725.8</ele>
   </trkpt>
   <trkpt lat="40.6235310" lon="-3.1537840">
    <ele>725.6</ele>
   </trkpt>
   <trkpt lat="40.6235730" lon="-3.1537320">
    <ele>725.6</ele>
   </trkpt>
   <trkpt lat="40.6236150" lon="-3.1536730">
    <ele>725.4</ele>
   </trkpt>
   <trkpt lat="40.6236570" lon="-3.1536130">
    <ele>725.2</ele>
   </trkpt>
   <trkpt lat="40.6236990" lon="-3.1535550">
    <ele>725.0</ele>
   </trkpt>
   <trkpt lat="40.6237450" lon="-3.1534970">
    <ele>724.8</ele>
   </trkpt>
   <trkpt lat="40.6237870" lon="-3.1534400">
    <ele>724.6</ele>
   </trkpt>
   <trkpt lat="40.6238290" lon="-3.1533780">
    <ele>724.6</ele>
   </trkpt>
   <trkpt lat="40.6238710" lon="-3.1533150">
    <ele>724.6</ele>
   </trkpt>
   <trkpt lat="40.6239170" lon="-3.1532570">
    <ele>724.6</ele>
   </trkpt>
   <trkpt lat="40.6239550" lon="-3.1532000">
    <ele>724.8</ele>
   </trkpt>
   <trkpt lat="40.6239930" lon="-3.1531470">
    <ele>725.0</ele>
   </trkpt>
   <trkpt lat="40.6240350" lon="-3.1530990">
    <ele>725.2</ele>
   </trkpt>
   <trkpt lat="40.6240650" lon="-3.1530530">
    <ele>725.4</ele>
   </trkpt>
   <trkpt lat="40.6241000" lon="-3.1530080">
    <ele>725.6</ele>
   </trkpt>
   <trkpt lat="40.6241260" lon="-3.1529640">
    <ele>726.0</ele>
   </trkpt>
   <trkpt lat="40.6241570" lon="-3.1529210">
    <ele>726.2</ele>
   </trkpt>
   <trkpt lat="40.6241870" lon="-3.1528810">
    <ele>726.6</ele>
   </trkpt>
   <trkpt lat="40.6242140" lon="-3.1528410">
    <ele>726.8</ele>
   </trkpt>
   <trkpt lat="40.6242410" lon="-3.1528050">
    <ele>727.2</ele>
   </trkpt>
   <trkpt lat="40.6242680" lon="-3.1527650">
    <ele>727.4</ele>
   </trkpt>
   <trkpt lat="40.6242940" lon="-3.1527260">
    <ele>727.6</ele>
   </trkpt>
   <trkpt lat="40.6243210" lon="-3.1526860">
    <ele>727.8</ele>
   </trkpt>
   <trkpt lat="40.6243520" lon="-3.1526450">
    <ele>727.8</ele>
   </trkpt>
   <trkpt lat="40.6243780" lon="-3.1526060">
    <ele>727.8</ele>
   </trkpt>
   <trkpt lat="40.6244090" lon="-3.1525660">
    <ele>727.8</ele>
   </trkpt>
   <trkpt lat="40.6244390" lon="-3.1525240">
    <ele>727.8</ele>
   </trkpt>
   <trkpt lat="40.6244700" lon="-3.1524830">
    <ele>727.8</ele>
   </trkpt>
   <trkpt lat="40.6245080" lon="-3.1524410">
    <ele>727.6</ele>
   </trkpt>
   <trkpt lat="40.6245420" lon="-3.1523960">
    <ele>727.6</ele>
   </trkpt>
   <trkpt lat="40.6245730" lon="-3.1523540">
    <ele>727.6</ele>
   </trkpt>
   <trkpt lat="40.6246070" lon="-3.1523090">
    <ele>727.6</ele>
   </trkpt>
   <trkpt lat="40.6246450" lon="-3.1522670">
    <ele>727.6</ele>
   </trkpt>
   <trkpt lat="40.6246830" lon="-3.1522230">
    <ele>727.6</ele>
   </trkpt>
   <trkpt lat="40.6247210" lon="-3.1521790">
    <ele>727.6</ele>
   </trkpt>
   <trkpt lat="40.6247520" lon="-3.1521410">
    <ele>727.4</ele>
   </trkpt>
   <trkpt lat="40.6247860" lon="-3.1521050">
    <ele>727.2</ele>
   </trkpt>
   <trkpt lat="40.6248240" lon="-3.1520660">
    <ele>726.8</ele>
   </trkpt>
   <trkpt lat="40.6248550" lon="-3.1520300">
    <ele>726.6</ele>
   </trkpt>
   <trkpt lat="40.6248860" lon="-3.1519890">
    <ele>726.2</ele>
   </trkpt>
   <trkpt lat="40.6249160" lon="-3.1519510">
    <ele>725.8</ele>
   </trkpt>
   <trkpt lat="40.6249430" lon="-3.1519130">
    <ele>725.4</ele>
   </trkpt>
   <trkpt lat="40.6249620" lon="-3.1518760">
    <ele>725.2</ele>
   </trkpt>
   <trkpt lat="40.6249810" lon="-3.1518410">
    <ele>725.0</ele>
   </trkpt>
   <trkpt lat="40.6250000" lon="-3.1518010">
    <ele>724.8</ele>
   </trkpt>
   <trkpt lat="40.6250110" lon="-3.1517550">
    <ele>724.6</ele>
   </trkpt>
   <trkpt lat="40.6250270" lon="-3.1517000">
    <ele>724.4</ele>
   </trkpt>
   <trkpt lat="40.6250570" lon="-3.1516470">
    <ele>724.2</ele>
   </trkpt>
   <trkpt lat="40.6250990" lon="-3.1515950">
    <ele>723.8</ele>
   </trkpt>
   <trkpt lat="40.6251560" lon="-3.1515430">
    <ele>723.4</ele>
   </trkpt>
   <trkpt lat="40.6251980" lon="-3.1515020">
    <ele>723.0</ele>
   </trkpt>
   <trkpt lat="40.6252520" lon="-3.1514510">
    <ele>722.6</ele>
   </trkpt>
   <trkpt lat="40.6253090" lon="-3.1513970">
    <ele>722.4</ele>
   </trkpt>
   <trkpt lat="40.6253620" lon="-3.1513440">
    <ele>722.0</ele>
   </trkpt>
   <trkpt lat="40.6254230" lon="-3.1512900">
    <ele>721.8</ele>
   </trkpt>
   <trkpt lat="40.6254770" lon="-3.1512350">
    <ele>721.4</ele>
   </trkpt>
   <trkpt lat="40.6255340" lon="-3.1511820">
    <ele>721.2</ele>
   </trkpt>
   <trkpt lat="40.6255870" lon="-3.1511310">
    <ele>721.0</ele>
   </trkpt>
   <trkpt lat="40.6256450" lon="-3.1510820">
    <ele>720.6</ele>
   </trkpt>
   <trkpt lat="40.6256980" lon="-3.1510360">
    <ele>720.4</ele>
   </trkpt>
   <trkpt lat="40.6257550" lon="-3.1509890">
    <ele>720.2</ele>
   </trkpt>
   <trkpt lat="40.6258090" lon="-3.1509460">
    <ele>720.0</ele>
   </trkpt>
   <trkpt lat="40.6258620" lon="-3.1509040">
    <ele>719.8</ele>
   </trkpt>
   <trkpt lat="40.6259190" lon="-3.1508650">
    <ele>719.4</ele>
   </trkpt>
   <trkpt lat="40.6259770" lon="-3.1508280">
    <ele>719.2</ele>
   </trkpt>
   <trkpt lat="40.6260380" lon="-3.1507910">
    <ele>719.0</ele>
   </trkpt>
   <trkpt lat="40.6260990" lon="-3.1507580">
    <ele>718.8</ele>
   </trkpt>
   <trkpt lat="40.6261560" lon="-3.1507250">
    <ele>718.8</ele>
   </trkpt>
   <trkpt lat="40.6262130" lon="-3.1506920">
    <ele>718.6</ele>
   </trkpt>
   <trkpt lat="40.6262740" lon="-3.1506580">
    <ele>718.6</ele>
   </trkpt>
   <trkpt lat="40.6263350" lon="-3.1506260">
    <ele>718.4</ele>
   </trkpt>
   <trkpt lat="40.6263920" lon="-3.1505950">
    <ele>718.4</ele>
   </trkpt>
   <trkpt lat="40.6264650" lon="-3.1505620">
    <ele>718.2</ele>
   </trkpt>
   <trkpt lat="40.6265110" lon="-3.1505380">
    <ele>718.2</ele>
   </trkpt>
   <trkpt lat="40.6265680" lon="-3.1505090">
    <ele>718.2</ele>
   </trkpt>
   <trkpt lat="40.6266250" lon="-3.1504820">
    <ele>718.2</ele>
   </trkpt>
   <trkpt lat="40.6266780" lon="-3.1504550">
    <ele>718.2</ele>
   </trkpt>
   <trkpt lat="40.6267280" lon="-3.1504290">
    <ele>718.2</ele>
   </trkpt>
   <trkpt lat="40.6267780" lon="-3.1504070">
    <ele>718.4</ele>
   </trkpt>
   <trkpt lat="40.6268200" lon="-3.1503820">
    <ele>718.4</ele>
   </trkpt>
   <trkpt lat="40.6268580" lon="-3.1503590">
    <ele>718.6</ele>
   </trkpt>
   <trkpt lat="40.6268920" lon="-3.1503410">
    <ele>718.6</ele>
   </trkpt>
   <trkpt lat="40.6269300" lon="-3.1503250">
    <ele>718.6</ele>
   </trkpt>
   <trkpt lat="40.6269680" lon="-3.1503140">
    <ele>718.8</ele>
   </trkpt>
   <trkpt lat="40.6269990" lon="-3.1502990">
    <ele>718.8</ele>
   </trkpt>
   <trkpt lat="40.6270370" lon="-3.1502790">
    <ele>719.0</ele>
   </trkpt>
   <trkpt lat="40.6270710" lon="-3.1502570">
    <ele>719.0</ele>
   </trkpt>
   <trkpt lat="40.6271130" lon="-3.1502340">
    <ele>719.0</ele>
   </trkpt>
   <trkpt lat="40.6271510" lon="-3.1502100">
    <ele>719.2</ele>
   </trkpt>
   <trkpt lat="40.6271930" lon="-3.1501870">
    <ele>719.2</ele>
   </trkpt>
   <trkpt lat="40.6272350" lon="-3.1501640">
    <ele>719.2</ele>
   </trkpt>
   <trkpt lat="40.6272770" lon="-3.1501390">
    <ele>719.4</ele>
   </trkpt>
   <trkpt lat="40.6273160" lon="-3.1501170">
    <ele>719.6</ele>
   </trkpt>
   <trkpt lat="40.6273540" lon="-3.1500970">
    <ele>719.8</ele>
   </trkpt>
   <trkpt lat="40.6273880" lon="-3.1500790">
    <ele>719.8</ele>
   </trkpt>
   <trkpt lat="40.6274190" lon="-3.1500550">
    <ele>720.0</ele>
   </trkpt>
   <trkpt lat="40.6274490" lon="-3.1500300">
    <ele>720.0</ele>
   </trkpt>
   <trkpt lat="40.6274800" lon="-3.1500030">
    <ele>720.0</ele>
   </trkpt>
   <trkpt lat="40.6275140" lon="-3.1499770">
    <ele>720.0</ele>
   </trkpt>
   <trkpt lat="40.6275520" lon="-3.1499570">
    <ele>720.2</ele>
   </trkpt>
   <trkpt lat="40.6275900" lon="-3.1499390">
    <ele>720.2</ele>
   </trkpt>
   <trkpt lat="40.6276280" lon="-3.1499240">
    <ele>720.0</ele>
   </trkpt>
   <trkpt lat="40.6276660" lon="-3.1499090">
    <ele>720.2</ele>
   </trkpt>
   <trkpt lat="40.6277050" lon="-3.1498870">
    <ele>720.4</ele>
   </trkpt>
   <trkpt lat="40.6277430" lon="-3.1498690">
    <ele>720.4</ele>
   </trkpt>
   <trkpt lat="40.6277770" lon="-3.1498580">
    <ele>720.6</ele>
   </trkpt>
   <trkpt lat="40.6278190" lon="-3.1498440">
    <ele>720.6</ele>
   </trkpt>
   <trkpt lat="40.6278500" lon="-3.1498350">
    <ele>720.8</ele>
   </trkpt>
   <trkpt lat="40.6278880" lon="-3.1498300">
    <ele>720.8</ele>
   </trkpt>
   <trkpt lat="40.6279260" lon="-3.1498190">
    <ele>721.0</ele>
   </trkpt>
   <trkpt lat="40.6279640" lon="-3.1498010">
    <ele>721.2</ele>
   </trkpt>
   <trkpt lat="40.6280020" lon="-3.1497910">
    <ele>721.4</ele>
   </trkpt>
   <trkpt lat="40.6280400" lon="-3.1497890">
    <ele>721.6</ele>
   </trkpt>
   <trkpt lat="40.6280820" lon="-3.1497930">
    <ele>721.8</ele>
   </trkpt>
   <trkpt lat="40.6281240" lon="-3.1497950">
    <ele>721.8</ele>
   </trkpt>
   <trkpt lat="40.6281660" lon="-3.1497900">
    <ele>722.0</ele>
   </trkpt>
   <trkpt lat="40.6282000" lon="-3.1497790">
    <ele>722.0</ele>
   </trkpt>
   <trkpt lat="40.6282390" lon="-3.1497640">
    <ele>722.2</ele>
   </trkpt>
   <trkpt lat="40.6282690" lon="-3.1497510">
    <ele>722.2</ele>
   </trkpt>
   <trkpt lat="40.6283030" lon="-3.1497410">
    <ele>722.4</ele>
   </trkpt>
   <trkpt lat="40.6283380" lon="-3.1497310">
    <ele>722.6</ele>
   </trkpt>
   <trkpt lat="40.6283720" lon="-3.1497190">
    <ele>722.6</ele>
   </trkpt>
   <trkpt lat="40.6284140" lon="-3.1497040">
    <ele>722.8</ele>
   </trkpt>
   <trkpt lat="40.6284480" lon="-3.1496960">
    <ele>722.8</ele>
   </trkpt>
   <trkpt lat="40.6284830" lon="-3.1496860">
    <ele>723.0</ele>
   </trkpt>
   <trkpt lat="40.6285210" lon="-3.1496760">
    <ele>723.0</ele>
   </trkpt>
   <trkpt lat="40.6285630" lon="-3.1496630">
    <ele>723.0</ele>
   </trkpt>
   <trkpt lat="40.6286010" lon="-3.1496530">
    <ele>723.0</ele>
   </trkpt>
   <trkpt lat="40.6286390" lon="-3.1496470">
    <ele>723.0</ele>
   </trkpt>
   <trkpt lat="40.6286850" lon="-3.1496410">
    <ele>723.0</ele>
   </trkpt>
   <trkpt lat="40.6287310" lon="-3.1496290">
    <ele>723.0</ele>
   </trkpt>
   <trkpt lat="40.6287800" lon="-3.1496140">
    <ele>723.0</ele>
   </trkpt>
   <trkpt lat="40.6288300" lon="-3.1496030">
    <ele>723.0</ele>
   </trkpt>
   <trkpt lat="40.6288790" lon="-3.1495940">
    <ele>723.0</ele>
   </trkpt>
   <trkpt lat="40.6289290" lon="-3.1495810">
    <ele>722.8</ele>
   </trkpt>
   <trkpt lat="40.6289670" lon="-3.1495690">
    <ele>722.8</ele>
   </trkpt>
   <trkpt lat="40.6290210" lon="-3.1495580">
    <ele>722.6</ele>
   </trkpt>
   <trkpt lat="40.6290820" lon="-3.1495460">
    <ele>722.6</ele>
   </trkpt>
   <trkpt lat="40.6291390" lon="-3.1495270">
    <ele>722.6</ele>
   </trkpt>
   <trkpt lat="40.6291850" lon="-3.1494980">
    <ele>722.6</ele>
   </trkpt>
   <trkpt lat="40.6292380" lon="-3.1494670">
    <ele>722.8</ele>
   </trkpt>
   <trkpt lat="40.6292840" lon="-3.1494390">
    <ele>723.0</ele>
   </trkpt>
   <trkpt lat="40.6293260" lon="-3.1494100">
    <ele>723.2</ele>
   </trkpt>
   <trkpt lat="40.6293640" lon="-3.1493890">
    <ele>723.2</ele>
   </trkpt>
   <trkpt lat="40.6294020" lon="-3.1493650">
    <ele>723.4</ele>
   </trkpt>
   <trkpt lat="40.6294440" lon="-3.1493440">
    <ele>723.4</ele>
   </trkpt>
   <trkpt lat="40.6294860" lon="-3.1493320">
    <ele>723.4</ele>
   </trkpt>
   <trkpt lat="40.6295360" lon="-3.1493300">
    <ele>723.4</ele>
   </trkpt>
   <trkpt lat="40.6295850" lon="-3.1493300">
    <ele>723.4</ele>
   </trkpt>
   <trkpt lat="40.6296350" lon="-3.1493390">
    <ele>723.4</ele>
   </trkpt>
   <trkpt lat="40.6296840" lon="-3.1493510">
    <ele>723.2</ele>
   </trkpt>
   <trkpt lat="40.6297340" lon="-3.1493630">
    <ele>723.2</ele>
   </trkpt>
   <trkpt lat="40.6297800" lon="-3.1493840">
    <ele>723.2</ele>
   </trkpt>
   <trkpt lat="40.6298180" lon="-3.1494180">
    <ele>723.2</ele>
   </trkpt>
   <trkpt lat="40.6298480" lon="-3.1494640">
    <ele>723.2</ele>
   </trkpt>
   <trkpt lat="40.6298870" lon="-3.1494990">
    <ele>723.2</ele>
   </trkpt>
   <trkpt lat="40.6299250" lon="-3.1495130">
    <ele>723.2</ele>
   </trkpt>
   <trkpt lat="40.6299670" lon="-3.1495040">
    <ele>723.2</ele>
   </trkpt>
   <trkpt lat="40.6300160" lon="-3.1494860">
    <ele>723.2</ele>
   </trkpt>
   <trkpt lat="40.6300580" lon="-3.1494730">
    <ele>723.2</ele>
   </trkpt>
   <trkpt lat="40.6300960" lon="-3.1494610">
    <ele>723.4</ele>
   </trkpt>
   <trkpt lat="40.6301310" lon="-3.1494470">
    <ele>723.6</ele>
   </trkpt>
   <trkpt lat="40.6301570" lon="-3.1494310">
    <ele>723.8</ele>
   </trkpt>
   <trkpt lat="40.6301840" lon="-3.1494220">
    <ele>724.0</ele>
   </trkpt>
   <trkpt lat="40.6302110" lon="-3.1494290">
    <ele>724.0</ele>
   </trkpt>
   <trkpt lat="40.6302340" lon="-3.1494440">
    <ele>724.2</ele>
   </trkpt>
   <trkpt lat="40.6302570" lon="-3.1494570">
    <ele>724.2</ele>
   </trkpt>
   <trkpt lat="40.6302800" lon="-3.1494720">
    <ele>724.2</ele>
   </trkpt>
   <trkpt lat="40.6302950" lon="-3.1494850">
    <ele>724.4</ele>
   </trkpt>
   <trkpt lat="40.6303100" lon="-3.1494910">
    <ele>724.4</ele>
   </trkpt>
   <trkpt lat="40.6303290" lon="-3.1494840">
    <ele>724.4</ele>
   </trkpt>
   <trkpt lat="40.6303520" lon="-3.1494610">
    <ele>724.2</ele>
   </trkpt>
   <trkpt lat="40.6303670" lon="-3.1494210">
    <ele>724.2</ele>
   </trkpt>
   <trkpt lat="40.6303830" lon="-3.1493730">
    <ele>724.2</ele>
   </trkpt>
   <trkpt lat="40.6304050" lon="-3.1493300">
    <ele>724.2</ele>
   </trkpt>
   <trkpt lat="40.6304360" lon="-3.1492980">
    <ele>724.2</ele>
   </trkpt>
   <trkpt lat="40.6304660" lon="-3.1492670">
    <ele>724.0</ele>
   </trkpt>
   <trkpt lat="40.6305010" lon="-3.1492390">
    <ele>724.0</ele>
   </trkpt>
   <trkpt lat="40.6305390" lon="-3.1492190">
    <ele>724.0</ele>
   </trkpt>
   <trkpt lat="40.6305770" lon="-3.1492020">
    <ele>723.8</ele>
   </trkpt>
   <trkpt lat="40.6306080" lon="-3.1491800">
    <ele>723.6</ele>
   </trkpt>
   <trkpt lat="40.6306300" lon="-3.1491540">
    <ele>723.6</ele>
   </trkpt>
   <trkpt lat="40.6306530" lon="-3.1491070">
    <ele>723.4</ele>
   </trkpt>
   <trkpt lat="40.6306650" lon="-3.1490410">
    <ele>723.0</ele>
   </trkpt>
   <trkpt lat="40.6306840" lon="-3.1489670">
    <ele>722.6</ele>
   </trkpt>
   <trkpt lat="40.6307030" lon="-3.1488860">
    <ele>722.2</ele>
   </trkpt>
   <trkpt lat="40.6307260" lon="-3.1488060">
    <ele>722.0</ele>
   </trkpt>
   <trkpt lat="40.6307600" lon="-3.1487270">
    <ele>721.6</ele>
   </trkpt>
   <trkpt lat="40.6308020" lon="-3.1486480">
    <ele>721.2</ele>
   </trkpt>
   <trkpt lat="40.6308480" lon="-3.1485750">
    <ele>720.8</ele>
   </trkpt>
   <trkpt lat="40.6308940" lon="-3.1485070">
    <ele>720.6</ele>
   </trkpt>
   <trkpt lat="40.6309470" lon="-3.1484500">
    <ele>720.4</ele>
   </trkpt>
   <trkpt lat="40.6310010" lon="-3.1483970">
    <ele>720.2</ele>
   </trkpt>
   <trkpt lat="40.6310540" lon="-3.1483510">
    <ele>719.8</ele>
   </trkpt>
   <trkpt lat="40.6311070" lon="-3.1483020">
    <ele>719.6</ele>
   </trkpt>
   <trkpt lat="40.6311610" lon="-3.1482560">
    <ele>719.2</ele>
   </trkpt>
   <trkpt lat="40.6312180" lon="-3.1482090">
    <ele>719.0</ele>
   </trkpt>
   <trkpt lat="40.6312750" lon="-3.1481620">
    <ele>718.8</ele>
   </trkpt>
   <trkpt lat="40.6313290" lon="-3.1481170">
    <ele>718.4</ele>
   </trkpt>
   <trkpt lat="40.6313860" lon="-3.1480690">
    <ele>718.0</ele>
   </trkpt>
   <trkpt lat="40.6314430" lon="-3.1480200">
    <ele>717.8</ele>
   </trkpt>
   <trkpt lat="40.6314890" lon="-3.1479790">
    <ele>717.6</ele>
   </trkpt>
   <trkpt lat="40.6315540" lon="-3.1479240">
    <ele>717.2</ele>
   </trkpt>
   <trkpt lat="40.6316030" lon="-3.1478850">
    <ele>716.8</ele>
   </trkpt>
   <trkpt lat="40.6316760" lon="-3.1478310">
    <ele>716.2</ele>
   </trkpt>
   <trkpt lat="40.6317370" lon="-3.1477840">
    <ele>716.0</ele>
   </trkpt>
   <trkpt lat="40.6317860" lon="-3.1477430">
    <ele>715.6</ele>
   </trkpt>
   <trkpt lat="40.6318630" lon="-3.1476800">
    <ele>715.0</ele>
   </trkpt>
   <trkpt lat="40.6319240" lon="-3.1476250">
    <ele>714.6</ele>
   </trkpt>
   <trkpt lat="40.6319890" lon="-3.1475670">
    <ele>714.2</ele>
   </trkpt>
   <trkpt lat="40.6320500" lon="-3.1475150">
    <ele>713.8</ele>
   </trkpt>
   <trkpt lat="40.6321030" lon="-3.1474720">
    <ele>713.4</ele>
   </trkpt>
   <trkpt lat="40.6321680" lon="-3.1474180">
    <ele>713.0</ele>
   </trkpt>
   <trkpt lat="40.6322480" lon="-3.1473560">
    <ele>712.8</ele>
   </trkpt>
   <trkpt lat="40.6323130" lon="-3.1473030">
    <ele>712.6</ele>
   </trkpt>
   <trkpt lat="40.6323620" lon="-3.1472600">
    <ele>712.4</ele>
   </trkpt>
   <trkpt lat="40.6324350" lon="-3.1471970">
    <ele>712.2</ele>
   </trkpt>
   <trkpt lat="40.6324960" lon="-3.1471470">
    <ele>712.0</ele>
   </trkpt>
   <trkpt lat="40.6325530" lon="-3.1470990">
    <ele>711.8</ele>
   </trkpt>
   <trkpt lat="40.6326100" lon="-3.1470550">
    <ele>711.8</ele>
   </trkpt>
   <trkpt lat="40.6326560" lon="-3.1470190">
    <ele>711.6</ele>
   </trkpt>
   <trkpt lat="40.6327170" lon="-3.1469660">
    <ele>711.6</ele>
   </trkpt>
   <trkpt lat="40.6327710" lon="-3.1469230">
    <ele>711.6</ele>
   </trkpt>
   <trkpt lat="40.6328120" lon="-3.1468880">
    <ele>711.6</ele>
   </trkpt>
   <trkpt lat="40.6328620" lon="-3.1468460">
    <ele>711.6</ele>
   </trkpt>
   <trkpt lat="40.6329190" lon="-3.1468000">
    <ele>711.6</ele>
   </trkpt>
   <trkpt lat="40.6329690" lon="-3.1467600">
    <ele>711.6</ele>
   </trkpt>
   <trkpt lat="40.6330070" lon="-3.1467260">
    <ele>711.6</ele>
   </trkpt>
   <trkpt lat="40.6330570" lon="-3.1466840">
    <ele>711.4</ele>
   </trkpt>
   <trkpt lat="40.6330990" lon="-3.1466410">
    <ele>711.6</ele>
   </trkpt>
   <trkpt lat="40.6331440" lon="-3.1466010">
    <ele>711.6</ele>
   </trkpt>
   <trkpt lat="40.6331860" lon="-3.1465650">
    <ele>711.6</ele>
   </trkpt>
   <trkpt lat="40.6332320" lon="-3.1465250">
    <ele>711.8</ele>
   </trkpt>
   <trkpt lat="40.6332660" lon="-3.1464960">
    <ele>712.0</ele>
   </trkpt>
   <trkpt lat="40.6332930" lon="-3.1464760">
    <ele>712.2</ele>
   </trkpt>
   <trkpt lat="40.6333200" lon="-3.1464540">
    <ele>712.4</ele>
   </trkpt>
   <trkpt lat="40.6333390" lon="-3.1464280">
    <ele>712.6</ele>
   </trkpt>
   <trkpt lat="40.6333470" lon="-3.1463980">
    <ele>712.6</ele>
   </trkpt>
   <trkpt lat="40.6333540" lon="-3.1463680">
    <ele>712.4</ele>
   </trkpt>
   <trkpt lat="40.6333620" lon="-3.1463320">
    <ele>712.0</ele>
   </trkpt>
   <trkpt lat="40.6333660" lon="-3.1462850">
    <ele>711.4</ele>
   </trkpt>
   <trkpt lat="40.6333620" lon="-3.1462320">
    <ele>711.0</ele>
   </trkpt>
   <trkpt lat="40.6333540" lon="-3.1461870">
    <ele>710.8</ele>
   </trkpt>
   <trkpt lat="40.6333350" lon="-3.1461410">
    <ele>710.4</ele>
   </trkpt>
   <trkpt lat="40.6333120" lon="-3.1460890">
    <ele>710.2</ele>
   </trkpt>
   <trkpt lat="40.6333050" lon="-3.1460390">
    <ele>710.2</ele>
   </trkpt>
   <trkpt lat="40.6333200" lon="-3.1459730">
    <ele>710.0</ele>
   </trkpt>
   <trkpt lat="40.6333470" lon="-3.1459020">
    <ele>710.0</ele>
   </trkpt>
   <trkpt lat="40.6333350" lon="-3.1458490">
    <ele>710.0</ele>
   </trkpt>
   <trkpt lat="40.6333080" lon="-3.1458050">
    <ele>710.0</ele>
   </trkpt>
   <trkpt lat="40.6332740" lon="-3.1457710">
    <ele>710.0</ele>
   </trkpt>
   <trkpt lat="40.6332360" lon="-3.1457490">
    <ele>710.0</ele>
   </trkpt>
   <trkpt lat="40.6332170" lon="-3.1457360">
    <ele>710.2</ele>
   </trkpt>
   <trkpt lat="40.6332020" lon="-3.1457280">
    <ele>710.4</ele>
   </trkpt>
   <trkpt lat="40.6331710" lon="-3.1457000">
    <ele>710.6</ele>
   </trkpt>
   <trkpt lat="40.6331520" lon="-3.1456710">
    <ele>711.0</ele>
   </trkpt>
   <trkpt lat="40.6331520" lon="-3.1456620">
    <ele>711.2</ele>
   </trkpt>
   <trkpt lat="40.6331520" lon="-3.1456610">
    <ele>711.4</ele>
   </trkpt>
   <trkpt lat="40.6331480" lon="-3.1456580">
    <ele>711.6</ele>
   </trkpt>
   <trkpt lat="40.6331410" lon="-3.1456460">
    <ele>711.8</ele>
   </trkpt>
   <trkpt lat="40.6331330" lon="-3.1456390">
    <ele>712.0</ele>
   </trkpt>
   <trkpt lat="40.6331250" lon="-3.1456330">
    <ele>712.2</ele>
   </trkpt>
   <trkpt lat="40.6331250" lon="-3.1456250">
    <ele>712.6</ele>
   </trkpt>
   <trkpt lat="40.6331180" lon="-3.1456150">
    <ele>712.8</ele>
   </trkpt>
   <trkpt lat="40.6331180" lon="-3.1456120">
    <ele>713.0</ele>
   </trkpt>
   <trkpt lat="40.6331180" lon="-3.1456120">
    <ele>713.0</ele>
   </trkpt>
   <trkpt lat="40.6331180" lon="-3.1456120">
    <ele>713.2</ele>
   </trkpt>
   <trkpt lat="40.6331180" lon="-3.1456120">
    <ele>713.2</ele>
   </trkpt>
   <trkpt lat="40.6331180" lon="-3.1456120">
    <ele>713.2</ele>
   </trkpt>
   <trkpt lat="40.6331180" lon="-3.1456120">
    <ele>713.2</ele>
   </trkpt>
   <trkpt lat="40.6331180" lon="-3.1456120">
    <ele>713.2</ele>
   </trkpt>
   <trkpt lat="40.6331180" lon="-3.1456120">
    <ele>713.4</ele>
   </trkpt>
   <trkpt lat="40.6331180" lon="-3.1456120">
    <ele>713.4</ele>
   </trkpt>
   <trkpt lat="40.6331180" lon="-3.1456120">
    <ele>713.4</ele>
   </trkpt>
   <trkpt lat="40.6331330" lon="-3.1455910">
    <ele>713.4</ele>
   </trkpt>
   <trkpt lat="40.6331440" lon="-3.1455850">
    <ele>713.2</ele>
   </trkpt>
   <trkpt lat="40.6331670" lon="-3.1455820">
    <ele>713.2</ele>
   </trkpt>
   <trkpt lat="40.6331980" lon="-3.1455830">
    <ele>713.0</ele>
   </trkpt>
   <trkpt lat="40.6332250" lon="-3.1455850">
    <ele>713.0</ele>
   </trkpt>
   <trkpt lat="40.6332550" lon="-3.1455780">
    <ele>713.2</ele>
   </trkpt>
   <trkpt lat="40.6332930" lon="-3.1455660">
    <ele>713.2</ele>
   </trkpt>
   <trkpt lat="40.6333310" lon="-3.1455540">
    <ele>713.4</ele>
   </trkpt>
   <trkpt lat="40.6333620" lon="-3.1455370">
    <ele>713.8</ele>
   </trkpt>
   <trkpt lat="40.6333920" lon="-3.1455170">
    <ele>714.0</ele>
   </trkpt>
   <trkpt lat="40.6334230" lon="-3.1454970">
    <ele>714.0</ele>
   </trkpt>
   <trkpt lat="40.6334530" lon="-3.1454770">
    <ele>714.2</ele>
   </trkpt>
   <trkpt lat="40.6334880" lon="-3.1454570">
    <ele>714.4</ele>
   </trkpt>
   <trkpt lat="40.6335220" lon="-3.1454370">
    <ele>714.4</ele>
   </trkpt>
   <trkpt lat="40.6335560" lon="-3.1454140">
    <ele>714.6</ele>
   </trkpt>
   <trkpt lat="40.6335870" lon="-3.1453910">
    <ele>714.6</ele>
   </trkpt>
   <trkpt lat="40.6336170" lon="-3.1453710">
    <ele>714.8</ele>
   </trkpt>
   <trkpt lat="40.6336520" lon="-3.1453490">
    <ele>714.8</ele>
   </trkpt>
   <trkpt lat="40.6336820" lon="-3.1453220">
    <ele>714.8</ele>
   </trkpt>
   <trkpt lat="40.6337200" lon="-3.1452950">
    <ele>715.0</ele>
   </trkpt>
   <trkpt lat="40.6337590" lon="-3.1452620">
    <ele>715.0</ele>
   </trkpt>
   <trkpt lat="40.6337850" lon="-3.1452380">
    <ele>715.0</ele>
   </trkpt>
   <trkpt lat="40.6338200" lon="-3.1452050">
    <ele>715.0</ele>
   </trkpt>
   <trkpt lat="40.6338540" lon="-3.1451720">
    <ele>715.0</ele>
   </trkpt>
   <trkpt lat="40.6338920" lon="-3.1451400">
    <ele>715.0</ele>
   </trkpt>
   <trkpt lat="40.6339300" lon="-3.1451080">
    <ele>715.0</ele>
   </trkpt>
   <trkpt lat="40.6339680" lon="-3.1450750">
    <ele>715.0</ele>
   </trkpt>
   <trkpt lat="40.6340100" lon="-3.1450400">
    <ele>715.0</ele>
   </trkpt>
   <trkpt lat="40.6340480" lon="-3.1450060">
    <ele>715.0</ele>
   </trkpt>
   <trkpt lat="40.6340900" lon="-3.1449700">
    <ele>715.0</ele>
   </trkpt>
   <trkpt lat="40.6341320" lon="-3.1449330">
    <ele>714.8</ele>
   </trkpt>
   <trkpt lat="40.6341740" lon="-3.1449020">
    <ele>714.8</ele>
   </trkpt>
   <trkpt lat="40.6342160" lon="-3.1448700">
    <ele>715.0</ele>
   </trkpt>
   <trkpt lat="40.6342540" lon="-3.1448380">
    <ele>715.0</ele>
   </trkpt>
   <trkpt lat="40.6343000" lon="-3.1447990">
    <ele>715.0</ele>
   </trkpt>
   <trkpt lat="40.6343350" lon="-3.1447720">
    <ele>715.0</ele>
   </trkpt>
   <trkpt lat="40.6343730" lon="-3.1447370">
    <ele>715.0</ele>
   </trkpt>
   <trkpt lat="40.6344110" lon="-3.1447070">
    <ele>715.0</ele>
   </trkpt>
   <trkpt lat="40.6344570" lon="-3.1446740">
    <ele>715.0</ele>
   </trkpt>
   <trkpt lat="40.6344950" lon="-3.1446500">
    <ele>715.0</ele>
   </trkpt>
   <trkpt lat="40.6345370" lon="-3.1446200">
    <ele>715.0</ele>
   </trkpt>
   <trkpt lat="40.6345790" lon="-3.1445880">
    <ele>715.0</ele>
   </trkpt>
   <trkpt lat="40.6346210" lon="-3.1445590">
    <ele>715.0</ele>
   </trkpt>
   <trkpt lat="40.6346630" lon="-3.1445280">
    <ele>715.2</ele>
   </trkpt>
   <trkpt lat="40.6347050" lon="-3.1444970">
    <ele>715.2</ele>
   </trkpt>
   <trkpt lat="40.6347470" lon="-3.1444690">
    <ele>715.2</ele>
   </trkpt>
   <trkpt lat="40.6347880" lon="-3.1444400">
    <ele>715.2</ele>
   </trkpt>
   <trkpt lat="40.6348300" lon="-3.1444120">
    <ele>715.4</ele>
   </trkpt>
   <trkpt lat="40.6348720" lon="-3.1443820">
    <ele>715.4</ele>
   </trkpt>
   <trkpt lat="40.6349110" lon="-3.1443500">
    <ele>715.6</ele>
   </trkpt>
   <trkpt lat="40.6349490" lon="-3.1443240">
    <ele>715.6</ele>
   </trkpt>
   <trkpt lat="40.6349870" lon="-3.1442950">
    <ele>715.8</ele>
   </trkpt>
   <trkpt lat="40.6350290" lon="-3.1442630">
    <ele>715.8</ele>
   </trkpt>
   <trkpt lat="40.6350590" lon="-3.1442320">
    <ele>716.2</ele>
   </trkpt>
   <trkpt lat="40.6350940" lon="-3.1442050">
    <ele>716.2</ele>
   </trkpt>
   <trkpt lat="40.6351280" lon="-3.1441720">
    <ele>716.4</ele>
   </trkpt>
   <trkpt lat="40.6351510" lon="-3.1441500">
    <ele>716.6</ele>
   </trkpt>
   <trkpt lat="40.6351810" lon="-3.1441240">
    <ele>716.8</ele>
   </trkpt>
   <trkpt lat="40.6352120" lon="-3.1440970">
    <ele>717.0</ele>
   </trkpt>
   <trkpt lat="40.6352420" lon="-3.1440740">
    <ele>717.2</ele>
   </trkpt>
   <trkpt lat="40.6352770" lon="-3.1440490">
    <ele>717.4</ele>
   </trkpt>
   <trkpt lat="40.6353030" lon="-3.1440270">
    <ele>717.6</ele>
   </trkpt>
   <trkpt lat="40.6353260" lon="-3.1440060">
    <ele>717.8</ele>
   </trkpt>
   <trkpt lat="40.6353490" lon="-3.1439850">
    <ele>718.0</ele>
   </trkpt>
   <trkpt lat="40.6353760" lon="-3.1439650">
    <ele>718.2</ele>
   </trkpt>
   <trkpt lat="40.6354030" lon="-3.1439450">
    <ele>718.4</ele>
   </trkpt>
   <trkpt lat="40.6354260" lon="-3.1439220">
    <ele>718.6</ele>
   </trkpt>
   <trkpt lat="40.6354480" lon="-3.1438970">
    <ele>718.8</ele>
   </trkpt>
   <trkpt lat="40.6354750" lon="-3.1438720">
    <ele>719.0</ele>
   </trkpt>
   <trkpt lat="40.6355020" lon="-3.1438470">
    <ele>719.2</ele>
   </trkpt>
   <trkpt lat="40.6355290" lon="-3.1438200">
    <ele>719.4</ele>
   </trkpt>
   <trkpt lat="40.6355550" lon="-3.1437940">
    <ele>719.4</ele>
   </trkpt>
   <trkpt lat="40.6355820" lon="-3.1437690">
    <ele>719.4</ele>
   </trkpt>
   <trkpt lat="40.6356050" lon="-3.1437420">
    <ele>719.6</ele>
   </trkpt>
   <trkpt lat="40.6356320" lon="-3.1437170">
    <ele>719.6</ele>
   </trkpt>
   <trkpt lat="40.6356580" lon="-3.1436870">
    <ele>719.8</ele>
   </trkpt>
   <trkpt lat="40.6356810" lon="-3.1436670">
    <ele>719.8</ele>
   </trkpt>
   <trkpt lat="40.6357080" lon="-3.1436400">
    <ele>720.0</ele>
   </trkpt>
   <trkpt lat="40.6357310" lon="-3.1436130">
    <ele>720.0</ele>
   </trkpt>
   <trkpt lat="40.6357610" lon="-3.1435800">
    <ele>720.2</ele>
   </trkpt>
   <trkpt lat="40.6357800" lon="-3.1435590">
    <ele>720.2</ele>
   </trkpt>
   <trkpt lat="40.6358070" lon="-3.1435370">
    <ele>720.4</ele>
   </trkpt>
   <trkpt lat="40.6358380" lon="-3.1435170">
    <ele>720.4</ele>
   </trkpt>
   <trkpt lat="40.6358680" lon="-3.1434910">
    <ele>720.4</ele>
   </trkpt>
   <trkpt lat="40.6358990" lon="-3.1434550">
    <ele>720.6</ele>
   </trkpt>
   <trkpt lat="40.6359210" lon="-3.1434280">
    <ele>720.6</ele>
   </trkpt>
   <trkpt lat="40.6359480" lon="-3.1433950">
    <ele>720.6</ele>
   </trkpt>
   <trkpt lat="40.6359710" lon="-3.1433580">
    <ele>720.8</ele>
   </trkpt>
   <trkpt lat="40.6359900" lon="-3.1433250">
    <ele>720.8</ele>
   </trkpt>
   <trkpt lat="40.6360090" lon="-3.1432860">
    <ele>720.8</ele>
   </trkpt>
   <trkpt lat="40.6360280" lon="-3.1432520">
    <ele>720.8</ele>
   </trkpt>
   <trkpt lat="40.6360470" lon="-3.1432200">
    <ele>721.0</ele>
   </trkpt>
   <trkpt lat="40.6360700" lon="-3.1431880">
    <ele>721.0</ele>
   </trkpt>
   <trkpt lat="40.6361010" lon="-3.1431490">
    <ele>721.2</ele>
   </trkpt>
   <trkpt lat="40.6361200" lon="-3.1431200">
    <ele>721.2</ele>
   </trkpt>
   <trkpt lat="40.6361390" lon="-3.1430840">
    <ele>721.4</ele>
   </trkpt>
   <trkpt lat="40.6361660" lon="-3.1430420">
    <ele>721.4</ele>
   </trkpt>
   <trkpt lat="40.6361850" lon="-3.1430130">
    <ele>721.6</ele>
   </trkpt>
   <trkpt lat="40.6362040" lon="-3.1429780">
    <ele>721.8</ele>
   </trkpt>
   <trkpt lat="40.6362270" lon="-3.1429430">
    <ele>721.8</ele>
   </trkpt>
   <trkpt lat="40.6362460" lon="-3.1429080">
    <ele>721.8</ele>
   </trkpt>
   <trkpt lat="40.6362690" lon="-3.1428750">
    <ele>722.0</ele>
   </trkpt>
   <trkpt lat="40.6362920" lon="-3.1428400">
    <ele>722.0</ele>
   </trkpt>
   <trkpt lat="40.6363110" lon="-3.1428030">
    <ele>722.2</ele>
   </trkpt>
   <trkpt lat="40.6363330" lon="-3.1427660">
    <ele>722.4</ele>
   </trkpt>
   <trkpt lat="40.6363600" lon="-3.1427230">
    <ele>722.4</ele>
   </trkpt>
   <trkpt lat="40.6363720" lon="-3.1426910">
    <ele>722.6</ele>
   </trkpt>
   <trkpt lat="40.6363910" lon="-3.1426530">
    <ele>722.8</ele>
   </trkpt>
   <trkpt lat="40.6364060" lon="-3.1426130">
    <ele>723.0</ele>
   </trkpt>
   <trkpt lat="40.6364250" lon="-3.1425760">
    <ele>723.0</ele>
   </trkpt>
   <trkpt lat="40.6364400" lon="-3.1425380">
    <ele>723.2</ele>
   </trkpt>
   <trkpt lat="40.6364590" lon="-3.1424990">
    <ele>723.4</ele>
   </trkpt>
   <trkpt lat="40.6364750" lon="-3.1424580">
    <ele>723.4</ele>
   </trkpt>
   <trkpt lat="40.6364900" lon="-3.1424130">
    <ele>723.6</ele>
   </trkpt>
   <trkpt lat="40.6365090" lon="-3.1423710">
    <ele>723.6</ele>
   </trkpt>
   <trkpt lat="40.6365200" lon="-3.1423300">
    <ele>723.8</ele>
   </trkpt>
   <trkpt lat="40.6365360" lon="-3.1422910">
    <ele>724.0</ele>
   </trkpt>
   <trkpt lat="40.6365470" lon="-3.1422500">
    <ele>724.0</ele>
   </trkpt>
   <trkpt lat="40.6365620" lon="-3.1422080">
    <ele>724.2</ele>
   </trkpt>
   <trkpt lat="40.6365810" lon="-3.1421680">
    <ele>724.2</ele>
   </trkpt>
   <trkpt lat="40.6366000" lon="-3.1421300">
    <ele>724.4</ele>
   </trkpt>
   <trkpt lat="40.6366230" lon="-3.1420930">
    <ele>724.6</ele>
   </trkpt>
   <trkpt lat="40.6366390" lon="-3.1420550">
    <ele>724.6</ele>
   </trkpt>
   <trkpt lat="40.6366540" lon="-3.1420150">
    <ele>724.8</ele>
   </trkpt>
   <trkpt lat="40.6366730" lon="-3.1419740">
    <ele>725.0</ele>
   </trkpt>
   <trkpt lat="40.6366920" lon="-3.1419330">
    <ele>725.2</ele>
   </trkpt>
   <trkpt lat="40.6367070" lon="-3.1419030">
    <ele>725.4</ele>
   </trkpt>
   <trkpt lat="40.6367230" lon="-3.1418660">
    <ele>725.6</ele>
   </trkpt>
   <trkpt lat="40.6367380" lon="-3.1418280">
    <ele>725.6</ele>
   </trkpt>
   <trkpt lat="40.6367570" lon="-3.1417950">
    <ele>726.0</ele>
   </trkpt>
   <trkpt lat="40.6367680" lon="-3.1417600">
    <ele>726.2</ele>
   </trkpt>
   <trkpt lat="40.6367760" lon="-3.1417290">
    <ele>726.4</ele>
   </trkpt>
   <trkpt lat="40.6367910" lon="-3.1416980">
    <ele>726.6</ele>
   </trkpt>
   <trkpt lat="40.6368030" lon="-3.1416630">
    <ele>726.6</ele>
   </trkpt>
   <trkpt lat="40.6368220" lon="-3.1416300">
    <ele>726.8</ele>
   </trkpt>
   <trkpt lat="40.6368330" lon="-3.1415960">
    <ele>727.0</ele>
   </trkpt>
   <trkpt lat="40.6368480" lon="-3.1415610">
    <ele>727.0</ele>
   </trkpt>
   <trkpt lat="40.6368640" lon="-3.1415150">
    <ele>727.2</ele>
   </trkpt>
   <trkpt lat="40.6368750" lon="-3.1414830">
    <ele>727.4</ele>
   </trkpt>
   <trkpt lat="40.6368900" lon="-3.1414460">
    <ele>727.4</ele>
   </trkpt>
   <trkpt lat="40.6369020" lon="-3.1414060">
    <ele>727.6</ele>
   </trkpt>
   <trkpt lat="40.6369130" lon="-3.1413680">
    <ele>727.8</ele>
   </trkpt>
   <trkpt lat="40.6369290" lon="-3.1413290">
    <ele>727.8</ele>
   </trkpt>
   <trkpt lat="40.6369440" lon="-3.1412850">
    <ele>727.8</ele>
   </trkpt>
   <trkpt lat="40.6369550" lon="-3.1412550">
    <ele>728.0</ele>
   </trkpt>
   <trkpt lat="40.6369710" lon="-3.1412180">
    <ele>728.0</ele>
   </trkpt>
   <trkpt lat="40.6369860" lon="-3.1411800">
    <ele>728.2</ele>
   </trkpt>
   <trkpt lat="40.6370050" lon="-3.1411390">
    <ele>728.2</ele>
   </trkpt>
   <trkpt lat="40.6370200" lon="-3.1411120">
    <ele>728.4</ele>
   </trkpt>
   <trkpt lat="40.6370350" lon="-3.1410780">
    <ele>728.4</ele>
   </trkpt>
   <trkpt lat="40.6370510" lon="-3.1410420">
    <ele>728.6</ele>
   </trkpt>
   <trkpt lat="40.6370620" lon="-3.1410050">
    <ele>728.8</ele>
   </trkpt>
   <trkpt lat="40.6370730" lon="-3.1409680">
    <ele>728.8</ele>
   </trkpt>
   <trkpt lat="40.6370850" lon="-3.1409280">
    <ele>729.0</ele>
   </trkpt>
   <trkpt lat="40.6370960" lon="-3.1408890">
    <ele>729.0</ele>
   </trkpt>
   <trkpt lat="40.6371080" lon="-3.1408500">
    <ele>729.2</ele>
   </trkpt>
   <trkpt lat="40.6371190" lon="-3.1408090">
    <ele>729.4</ele>
   </trkpt>
   <trkpt lat="40.6371380" lon="-3.1407580">
    <ele>729.4</ele>
   </trkpt>
   <trkpt lat="40.6371500" lon="-3.1407240">
    <ele>729.6</ele>
   </trkpt>
   <trkpt lat="40.6371610" lon="-3.1406830">
    <ele>729.6</ele>
   </trkpt>
   <trkpt lat="40.6371730" lon="-3.1406380">
    <ele>729.8</ele>
   </trkpt>
   <trkpt lat="40.6371760" lon="-3.1405930">
    <ele>729.8</ele>
   </trkpt>
   <trkpt lat="40.6371880" lon="-3.1405490">
    <ele>730.0</ele>
   </trkpt>
   <trkpt lat="40.6371960" lon="-3.1405040">
    <ele>730.2</ele>
   </trkpt>
   <trkpt lat="40.6372070" lon="-3.1404580">
    <ele>730.2</ele>
   </trkpt>
   <trkpt lat="40.6372110" lon="-3.1404090">
    <ele>730.4</ele>
   </trkpt>
   <trkpt lat="40.6372180" lon="-3.1403610">
    <ele>730.4</ele>
   </trkpt>
   <trkpt lat="40.6372220" lon="-3.1403160">
    <ele>730.6</ele>
   </trkpt>
   <trkpt lat="40.6372300" lon="-3.1402730">
    <ele>730.8</ele>
   </trkpt>
   <trkpt lat="40.6372380" lon="-3.1402290">
    <ele>730.8</ele>
   </trkpt>
   <trkpt lat="40.6372450" lon="-3.1401840">
    <ele>731.0</ele>
   </trkpt>
   <trkpt lat="40.6372570" lon="-3.1401410">
    <ele>731.0</ele>
   </trkpt>
   <trkpt lat="40.6372600" lon="-3.1400960">
    <ele>731.2</ele>
   </trkpt>
   <trkpt lat="40.6372680" lon="-3.1400510">
    <ele>731.4</ele>
   </trkpt>
   <trkpt lat="40.6372760" lon="-3.1400080">
    <ele>731.6</ele>
   </trkpt>
   <trkpt lat="40.6372870" lon="-3.1399640">
    <ele>731.6</ele>
   </trkpt>
   <trkpt lat="40.6372950" lon="-3.1399190">
    <ele>731.8</ele>
   </trkpt>
   <trkpt lat="40.6372990" lon="-3.1398730">
    <ele>731.8</ele>
   </trkpt>
   <trkpt lat="40.6373060" lon="-3.1398280">
    <ele>732.0</ele>
   </trkpt>
   <trkpt lat="40.6373100" lon="-3.1397830">
    <ele>732.2</ele>
   </trkpt>
   <trkpt lat="40.6373210" lon="-3.1397370">
    <ele>732.2</ele>
   </trkpt>
   <trkpt lat="40.6373290" lon="-3.1396880">
    <ele>732.4</ele>
   </trkpt>
   <trkpt lat="40.6373370" lon="-3.1396430">
    <ele>732.4</ele>
   </trkpt>
   <trkpt lat="40.6373440" lon="-3.1395960">
    <ele>732.4</ele>
   </trkpt>
   <trkpt lat="40.6373520" lon="-3.1395490">
    <ele>732.4</ele>
   </trkpt>
   <trkpt lat="40.6373600" lon="-3.1395060">
    <ele>732.6</ele>
   </trkpt>
   <trkpt lat="40.6373670" lon="-3.1394620">
    <ele>732.8</ele>
   </trkpt>
   <trkpt lat="40.6373750" lon="-3.1394160">
    <ele>732.8</ele>
   </trkpt>
   <trkpt lat="40.6373830" lon="-3.1393710">
    <ele>733.0</ele>
   </trkpt>
   <trkpt lat="40.6373900" lon="-3.1393280">
    <ele>733.2</ele>
   </trkpt>
   <trkpt lat="40.6374020" lon="-3.1392860">
    <ele>733.2</ele>
   </trkpt>
   <trkpt lat="40.6374090" lon="-3.1392410">
    <ele>733.4</ele>
   </trkpt>
   <trkpt lat="40.6374170" lon="-3.1391930">
    <ele>733.6</ele>
   </trkpt>
   <trkpt lat="40.6374240" lon="-3.1391470">
    <ele>733.8</ele>
   </trkpt>
   <trkpt lat="40.6374320" lon="-3.1390990">
    <ele>733.8</ele>
   </trkpt>
   <trkpt lat="40.6374400" lon="-3.1390530">
    <ele>734.0</ele>
   </trkpt>
   <trkpt lat="40.6374470" lon="-3.1390040">
    <ele>734.2</ele>
   </trkpt>
   <trkpt lat="40.6374550" lon="-3.1389560">
    <ele>734.2</ele>
   </trkpt>
   <trkpt lat="40.6374630" lon="-3.1389110">
    <ele>734.4</ele>
   </trkpt>
   <trkpt lat="40.6374700" lon="-3.1388640">
    <ele>734.4</ele>
   </trkpt>
   <trkpt lat="40.6374820" lon="-3.1388160">
    <ele>734.4</ele>
   </trkpt>
   <trkpt lat="40.6374890" lon="-3.1387710">
    <ele>734.6</ele>
   </trkpt>
   <trkpt lat="40.6374930" lon="-3.1387240">
    <ele>734.8</ele>
   </trkpt>
   <trkpt lat="40.6375010" lon="-3.1386800">
    <ele>734.8</ele>
   </trkpt>
   <trkpt lat="40.6375080" lon="-3.1386360">
    <ele>735.0</ele>
   </trkpt>
   <trkpt lat="40.6375160" lon="-3.1385890">
    <ele>735.2</ele>
   </trkpt>
   <trkpt lat="40.6375240" lon="-3.1385460">
    <ele>735.2</ele>
   </trkpt>
   <trkpt lat="40.6375310" lon="-3.1385040">
    <ele>735.4</ele>
   </trkpt>
   <trkpt lat="40.6375390" lon="-3.1384610">
    <ele>735.6</ele>
   </trkpt>
   <trkpt lat="40.6375470" lon="-3.1384160">
    <ele>735.6</ele>
   </trkpt>
   <trkpt lat="40.6375540" lon="-3.1383680">
    <ele>735.6</ele>
   </trkpt>
   <trkpt lat="40.6375580" lon="-3.1383240">
    <ele>735.8</ele>
   </trkpt>
   <trkpt lat="40.6375620" lon="-3.1382790">
    <ele>735.8</ele>
   </trkpt>
   <trkpt lat="40.6375690" lon="-3.1382360">
    <ele>736.0</ele>
   </trkpt>
   <trkpt lat="40.6375730" lon="-3.1381930">
    <ele>736.0</ele>
   </trkpt>
   <trkpt lat="40.6375810" lon="-3.1381490">
    <ele>736.2</ele>
   </trkpt>
   <trkpt lat="40.6375880" lon="-3.1381080">
    <ele>736.4</ele>
   </trkpt>
   <trkpt lat="40.6375960" lon="-3.1380680">
    <ele>736.4</ele>
   </trkpt>
   <trkpt lat="40.6376040" lon="-3.1380240">
    <ele>736.6</ele>
   </trkpt>
   <trkpt lat="40.6376110" lon="-3.1379790">
    <ele>736.8</ele>
   </trkpt>
   <trkpt lat="40.6376150" lon="-3.1379340">
    <ele>737.0</ele>
   </trkpt>
   <trkpt lat="40.6376270" lon="-3.1378890">
    <ele>737.0</ele>
   </trkpt>
   <trkpt lat="40.6376340" lon="-3.1378430">
    <ele>737.2</ele>
   </trkpt>
   <trkpt lat="40.6376420" lon="-3.1377980">
    <ele>737.2</ele>
   </trkpt>
   <trkpt lat="40.6376460" lon="-3.1377530">
    <ele>737.4</ele>
   </trkpt>
   <trkpt lat="40.6376530" lon="-3.1377080">
    <ele>737.4</ele>
   </trkpt>
   <trkpt lat="40.6376610" lon="-3.1376610">
    <ele>737.6</ele>
   </trkpt>
   <trkpt lat="40.6376650" lon="-3.1376090">
    <ele>737.6</ele>
   </trkpt>
   <trkpt lat="40.6376720" lon="-3.1375630">
    <ele>737.8</ele>
   </trkpt>
   <trkpt lat="40.6376800" lon="-3.1375190">
    <ele>737.8</ele>
   </trkpt>
   <trkpt lat="40.6376840" lon="-3.1374760">
    <ele>738.0</ele>
   </trkpt>
   <trkpt lat="40.6376910" lon="-3.1374310">
    <ele>738.0</ele>
   </trkpt>
   <trkpt lat="40.6376910" lon="-3.1373880">
    <ele>738.2</ele>
   </trkpt>
   <trkpt lat="40.6376950" lon="-3.1373430">
    <ele>738.2</ele>
   </trkpt>
   <trkpt lat="40.6377030" lon="-3.1372980">
    <ele>738.4</ele>
   </trkpt>
   <trkpt lat="40.6377070" lon="-3.1372490">
    <ele>738.6</ele>
   </trkpt>
   <trkpt lat="40.6377070" lon="-3.1372040">
    <ele>738.6</ele>
   </trkpt>
   <trkpt lat="40.6377110" lon="-3.1371590">
    <ele>738.8</ele>
   </trkpt>
   <trkpt lat="40.6377140" lon="-3.1371160">
    <ele>738.8</ele>
   </trkpt>
   <trkpt lat="40.6377180" lon="-3.1370730">
    <ele>739.0</ele>
   </trkpt>
   <trkpt lat="40.6377180" lon="-3.1370310">
    <ele>739.0</ele>
   </trkpt>
   <trkpt lat="40.6377220" lon="-3.1369900">
    <ele>739.2</ele>
   </trkpt>
   <trkpt lat="40.6377300" lon="-3.1369490">
    <ele>739.4</ele>
   </trkpt>
   <trkpt lat="40.6377330" lon="-3.1369060">
    <ele>739.4</ele>
   </trkpt>
   <trkpt lat="40.6377370" lon="-3.1368640">
    <ele>739.6</ele>
   </trkpt>
   <trkpt lat="40.6377450" lon="-3.1368250">
    <ele>739.6</ele>
   </trkpt>
   <trkpt lat="40.6377490" lon="-3.1367830">
    <ele>739.8</ele>
   </trkpt>
   <trkpt lat="40.6377520" lon="-3.1367360">
    <ele>740.0</ele>
   </trkpt>
   <trkpt lat="40.6377600" lon="-3.1366930">
    <ele>740.0</ele>
   </trkpt>
   <trkpt lat="40.6377680" lon="-3.1366480">
    <ele>740.2</ele>
   </trkpt>
   <trkpt lat="40.6377720" lon="-3.1366140">
    <ele>740.4</ele>
   </trkpt>
   <trkpt lat="40.6377750" lon="-3.1365700">
    <ele>740.4</ele>
   </trkpt>
   <trkpt lat="40.6377790" lon="-3.1365280">
    <ele>740.6</ele>
   </trkpt>
   <trkpt lat="40.6377830" lon="-3.1364880">
    <ele>740.8</ele>
   </trkpt>
   <trkpt lat="40.6377870" lon="-3.1364480">
    <ele>741.0</ele>
   </trkpt>
   <trkpt lat="40.6377910" lon="-3.1364040">
    <ele>741.2</ele>
   </trkpt>
   <trkpt lat="40.6377940" lon="-3.1363630">
    <ele>741.2</ele>
   </trkpt>
   <trkpt lat="40.6377980" lon="-3.1363160">
    <ele>741.4</ele>
   </trkpt>
   <trkpt lat="40.6378020" lon="-3.1362760">
    <ele>741.8</ele>
   </trkpt>
   <trkpt lat="40.6378060" lon="-3.1362330">
    <ele>742.0</ele>
   </trkpt>
   <trkpt lat="40.6378140" lon="-3.1361950">
    <ele>742.0</ele>
   </trkpt>
   <trkpt lat="40.6378140" lon="-3.1361600">
    <ele>742.2</ele>
   </trkpt>
   <trkpt lat="40.6378170" lon="-3.1361200">
    <ele>742.4</ele>
   </trkpt>
   <trkpt lat="40.6378210" lon="-3.1360820">
    <ele>742.6</ele>
   </trkpt>
   <trkpt lat="40.6378250" lon="-3.1360460">
    <ele>742.8</ele>
   </trkpt>
   <trkpt lat="40.6378330" lon="-3.1360100">
    <ele>743.0</ele>
   </trkpt>
   <trkpt lat="40.6378360" lon="-3.1359780">
    <ele>743.2</ele>
   </trkpt>
   <trkpt lat="40.6378400" lon="-3.1359450">
    <ele>743.4</ele>
   </trkpt>
   <trkpt lat="40.6378480" lon="-3.1359120">
    <ele>743.6</ele>
   </trkpt>
   <trkpt lat="40.6378520" lon="-3.1358790">
    <ele>743.8</ele>
   </trkpt>
   <trkpt lat="40.6378560" lon="-3.1358520">
    <ele>744.0</ele>
   </trkpt>
   <trkpt lat="40.6378560" lon="-3.1358250">
    <ele>744.2</ele>
   </trkpt>
   <trkpt lat="40.6378560" lon="-3.1357990">
    <ele>744.4</ele>
   </trkpt>
   <trkpt lat="40.6378590" lon="-3.1357760">
    <ele>744.6</ele>
   </trkpt>
   <trkpt lat="40.6378630" lon="-3.1357510">
    <ele>744.8</ele>
   </trkpt>
   <trkpt lat="40.6378710" lon="-3.1357240">
    <ele>745.2</ele>
   </trkpt>
   <trkpt lat="40.6378750" lon="-3.1356990">
    <ele>745.4</ele>
   </trkpt>
   <trkpt lat="40.6378780" lon="-3.1356740">
    <ele>745.6</ele>
   </trkpt>
   <trkpt lat="40.6378820" lon="-3.1356490">
    <ele>746.0</ele>
   </trkpt>
   <trkpt lat="40.6378940" lon="-3.1356290">
    <ele>746.2</ele>
   </trkpt>
   <trkpt lat="40.6379010" lon="-3.1356040">
    <ele>746.4</ele>
   </trkpt>
   <trkpt lat="40.6379090" lon="-3.1355770">
    <ele>746.8</ele>
   </trkpt>
   <trkpt lat="40.6379130" lon="-3.1355470">
    <ele>747.0</ele>
   </trkpt>
   <trkpt lat="40.6379130" lon="-3.1355170">
    <ele>747.4</ele>
   </trkpt>
   <trkpt lat="40.6379130" lon="-3.1354880">
    <ele>747.6</ele>
   </trkpt>
   <trkpt lat="40.6379170" lon="-3.1354550">
    <ele>747.8</ele>
   </trkpt>
   <trkpt lat="40.6379170" lon="-3.1354300">
    <ele>748.0</ele>
   </trkpt>
   <trkpt lat="40.6379240" lon="-3.1354040">
    <ele>748.4</ele>
   </trkpt>
   <trkpt lat="40.6379280" lon="-3.1353750">
    <ele>748.6</ele>
   </trkpt>
   <trkpt lat="40.6379360" lon="-3.1353470">
    <ele>748.8</ele>
   </trkpt>
   <trkpt lat="40.6379470" lon="-3.1353160">
    <ele>749.0</ele>
   </trkpt>
   <trkpt lat="40.6379550" lon="-3.1352940">
    <ele>749.2</ele>
   </trkpt>
   <trkpt lat="40.6379620" lon="-3.1352640">
    <ele>749.4</ele>
   </trkpt>
   <trkpt lat="40.6379700" lon="-3.1352350">
    <ele>749.6</ele>
   </trkpt>
   <trkpt lat="40.6379740" lon="-3.1352050">
    <ele>749.8</ele>
   </trkpt>
   <trkpt lat="40.6379780" lon="-3.1351740">
    <ele>749.8</ele>
   </trkpt>
   <trkpt lat="40.6379850" lon="-3.1351440">
    <ele>750.0</ele>
   </trkpt>
   <trkpt lat="40.6379890" lon="-3.1351100">
    <ele>750.0</ele>
   </trkpt>
   <trkpt lat="40.6379970" lon="-3.1350790">
    <ele>750.2</ele>
   </trkpt>
   <trkpt lat="40.6380040" lon="-3.1350480">
    <ele>750.4</ele>
   </trkpt>
   <trkpt lat="40.6380080" lon="-3.1350150">
    <ele>750.4</ele>
   </trkpt>
   <trkpt lat="40.6380160" lon="-3.1349830">
    <ele>750.6</ele>
   </trkpt>
   <trkpt lat="40.6380160" lon="-3.1349550">
    <ele>750.8</ele>
   </trkpt>
   <trkpt lat="40.6380200" lon="-3.1349270">
    <ele>751.0</ele>
   </trkpt>
   <trkpt lat="40.6380160" lon="-3.1348950">
    <ele>751.2</ele>
   </trkpt>
   <trkpt lat="40.6380160" lon="-3.1348650">
    <ele>751.4</ele>
   </trkpt>
   <trkpt lat="40.6380160" lon="-3.1348370">
    <ele>751.6</ele>
   </trkpt>
   <trkpt lat="40.6380200" lon="-3.1348070">
    <ele>751.8</ele>
   </trkpt>
   <trkpt lat="40.6380230" lon="-3.1347790">
    <ele>752.0</ele>
   </trkpt>
   <trkpt lat="40.6380230" lon="-3.1347520">
    <ele>752.4</ele>
   </trkpt>
   <trkpt lat="40.6380230" lon="-3.1347220">
    <ele>752.4</ele>
   </trkpt>
   <trkpt lat="40.6380230" lon="-3.1346920">
    <ele>752.8</ele>
   </trkpt>
   <trkpt lat="40.6380230" lon="-3.1346670">
    <ele>753.0</ele>
   </trkpt>
   <trkpt lat="40.6380230" lon="-3.1346350">
    <ele>753.2</ele>
   </trkpt>
   <trkpt lat="40.6380200" lon="-3.1346070">
    <ele>753.4</ele>
   </trkpt>
   <trkpt lat="40.6380160" lon="-3.1345820">
    <ele>753.6</ele>
   </trkpt>
   <trkpt lat="40.6380160" lon="-3.1345500">
    <ele>753.8</ele>
   </trkpt>
   <trkpt lat="40.6380120" lon="-3.1345180">
    <ele>754.0</ele>
   </trkpt>
   <trkpt lat="40.6380160" lon="-3.1344850">
    <ele>754.2</ele>
   </trkpt>
   <trkpt lat="40.6380200" lon="-3.1344540">
    <ele>754.4</ele>
   </trkpt>
   <trkpt lat="40.6380230" lon="-3.1344280">
    <ele>754.6</ele>
   </trkpt>
   <trkpt lat="40.6380270" lon="-3.1343980">
    <ele>754.8</ele>
   </trkpt>
   <trkpt lat="40.6380310" lon="-3.1343670">
    <ele>755.0</ele>
   </trkpt>
   <trkpt lat="40.6380310" lon="-3.1343350">
    <ele>755.2</ele>
   </trkpt>
   <trkpt lat="40.6380350" lon="-3.1343070">
    <ele>755.4</ele>
   </trkpt>
   <trkpt lat="40.6380390" lon="-3.1342780">
    <ele>755.6</ele>
   </trkpt>
   <trkpt lat="40.6380420" lon="-3.1342520">
    <ele>755.8</ele>
   </trkpt>
   <trkpt lat="40.6380500" lon="-3.1342270">
    <ele>755.8</ele>
   </trkpt>
   <trkpt lat="40.6380540" lon="-3.1341940">
    <ele>756.0</ele>
   </trkpt>
   <trkpt lat="40.6380580" lon="-3.1341720">
    <ele>756.2</ele>
   </trkpt>
   <trkpt lat="40.6380580" lon="-3.1341420">
    <ele>756.4</ele>
   </trkpt>
   <trkpt lat="40.6380620" lon="-3.1341120">
    <ele>756.4</ele>
   </trkpt>
   <trkpt lat="40.6380620" lon="-3.1340800">
    <ele>756.6</ele>
   </trkpt>
   <trkpt lat="40.6380620" lon="-3.1340500">
    <ele>756.8</ele>
   </trkpt>
   <trkpt lat="40.6380620" lon="-3.1340150">
    <ele>756.8</ele>
   </trkpt>
   <trkpt lat="40.6380580" lon="-3.1339820">
    <ele>757.0</ele>
   </trkpt>
   <trkpt lat="40.6380500" lon="-3.1339520">
    <ele>757.0</ele>
   </trkpt>
   <trkpt lat="40.6380460" lon="-3.1339270">
    <ele>757.2</ele>
   </trkpt>
   <trkpt lat="40.6380420" lon="-3.1339020">
    <ele>757.2</ele>
   </trkpt>
   <trkpt lat="40.6380420" lon="-3.1338770">
    <ele>757.4</ele>
   </trkpt>
   <trkpt lat="40.6380350" lon="-3.1338490">
    <ele>757.4</ele>
   </trkpt>
   <trkpt lat="40.6380270" lon="-3.1338240">
    <ele>757.6</ele>
   </trkpt>
   <trkpt lat="40.6380200" lon="-3.1337950">
    <ele>757.6</ele>
   </trkpt>
   <trkpt lat="40.6380120" lon="-3.1337630">
    <ele>757.8</ele>
   </trkpt>
   <trkpt lat="40.6380080" lon="-3.1337330">
    <ele>757.8</ele>
   </trkpt>
   <trkpt lat="40.6380010" lon="-3.1337000">
    <ele>758.0</ele>
   </trkpt>
   <trkpt lat="40.6379970" lon="-3.1336670">
    <ele>758.2</ele>
   </trkpt>
   <trkpt lat="40.6379930" lon="-3.1336300">
    <ele>758.2</ele>
   </trkpt>
   <trkpt lat="40.6379890" lon="-3.1336030">
    <ele>758.4</ele>
   </trkpt>
   <trkpt lat="40.6379850" lon="-3.1335730">
    <ele>758.4</ele>
   </trkpt>
   <trkpt lat="40.6379850" lon="-3.1335410">
    <ele>758.6</ele>
   </trkpt>
   <trkpt lat="40.6379850" lon="-3.1335070">
    <ele>758.6</ele>
   </trkpt>
   <trkpt lat="40.6379810" lon="-3.1334730">
    <ele>758.8</ele>
   </trkpt>
   <trkpt lat="40.6379810" lon="-3.1334400">
    <ele>759.0</ele>
   </trkpt>
   <trkpt lat="40.6379850" lon="-3.1334100">
    <ele>759.0</ele>
   </trkpt>
   <trkpt lat="40.6379810" lon="-3.1333780">
    <ele>759.2</ele>
   </trkpt>
   <trkpt lat="40.6379810" lon="-3.1333430">
    <ele>759.2</ele>
   </trkpt>
   <trkpt lat="40.6379850" lon="-3.1333100">
    <ele>759.4</ele>
   </trkpt>
   <trkpt lat="40.6379890" lon="-3.1332750">
    <ele>759.6</ele>
   </trkpt>
   <trkpt lat="40.6379930" lon="-3.1332420">
    <ele>759.8</ele>
   </trkpt>
   <trkpt lat="40.6379970" lon="-3.1332100">
    <ele>759.8</ele>
   </trkpt>
   <trkpt lat="40.6379970" lon="-3.1331780">
    <ele>760.0</ele>
   </trkpt>
   <trkpt lat="40.6380010" lon="-3.1331470">
    <ele>760.2</ele>
   </trkpt>
   <trkpt lat="40.6380010" lon="-3.1331130">
    <ele>760.4</ele>
   </trkpt>
   <trkpt lat="40.6380040" lon="-3.1330820">
    <ele>760.6</ele>
   </trkpt>
   <trkpt lat="40.6380080" lon="-3.1330500">
    <ele>760.6</ele>
   </trkpt>
   <trkpt lat="40.6380120" lon="-3.1330180">
    <ele>760.8</ele>
   </trkpt>
   <trkpt lat="40.6380120" lon="-3.1329840">
    <ele>761.0</ele>
   </trkpt>
   <trkpt lat="40.6380120" lon="-3.1329520">
    <ele>761.2</ele>
   </trkpt>
   <trkpt lat="40.6380160" lon="-3.1329230">
    <ele>761.6</ele>
   </trkpt>
   <trkpt lat="40.6380200" lon="-3.1328870">
    <ele>761.8</ele>
   </trkpt>
   <trkpt lat="40.6380200" lon="-3.1328630">
    <ele>762.0</ele>
   </trkpt>
   <trkpt lat="40.6380200" lon="-3.1328320">
    <ele>762.2</ele>
   </trkpt>
   <trkpt lat="40.6380200" lon="-3.1328070">
    <ele>762.6</ele>
   </trkpt>
   <trkpt lat="40.6380200" lon="-3.1327850">
    <ele>762.8</ele>
   </trkpt>
   <trkpt lat="40.6380230" lon="-3.1327560">
    <ele>763.2</ele>
   </trkpt>
   <trkpt lat="40.6380230" lon="-3.1327340">
    <ele>763.4</ele>
   </trkpt>
   <trkpt lat="40.6380270" lon="-3.1327080">
    <ele>763.6</ele>
   </trkpt>
   <trkpt lat="40.6380310" lon="-3.1326750">
    <ele>764.0</ele>
   </trkpt>
   <trkpt lat="40.6380350" lon="-3.1326520">
    <ele>764.2</ele>
   </trkpt>
   <trkpt lat="40.6380350" lon="-3.1326240">
    <ele>764.6</ele>
   </trkpt>
   <trkpt lat="40.6380270" lon="-3.1325950">
    <ele>764.8</ele>
   </trkpt>
   <trkpt lat="40.6380200" lon="-3.1325640">
    <ele>765.0</ele>
   </trkpt>
   <trkpt lat="40.6380120" lon="-3.1325430">
    <ele>765.2</ele>
   </trkpt>
   <trkpt lat="40.6380080" lon="-3.1325120">
    <ele>765.6</ele>
   </trkpt>
   <trkpt lat="40.6380080" lon="-3.1324820">
    <ele>765.8</ele>
   </trkpt>
   <trkpt lat="40.6380080" lon="-3.1324550">
    <ele>766.0</ele>
   </trkpt>
   <trkpt lat="40.6380080" lon="-3.1324270">
    <ele>766.2</ele>
   </trkpt>
   <trkpt lat="40.6380040" lon="-3.1324000">
    <ele>766.4</ele>
   </trkpt>
   <trkpt lat="40.6380010" lon="-3.1323700">
    <ele>766.6</ele>
   </trkpt>
   <trkpt lat="40.6379970" lon="-3.1323380">
    <ele>766.8</ele>
   </trkpt>
   <trkpt lat="40.6379970" lon="-3.1323080">
    <ele>767.0</ele>
   </trkpt>
   <trkpt lat="40.6379970" lon="-3.1322800">
    <ele>767.2</ele>
   </trkpt>
   <trkpt lat="40.6379970" lon="-3.1322490">
    <ele>767.4</ele>
   </trkpt>
   <trkpt lat="40.6379970" lon="-3.1322200">
    <ele>767.6</ele>
   </trkpt>
   <trkpt lat="40.6379970" lon="-3.1321920">
    <ele>767.8</ele>
   </trkpt>
   <trkpt lat="40.6379970" lon="-3.1321620">
    <ele>768.0</ele>
   </trkpt>
   <trkpt lat="40.6379930" lon="-3.1321300">
    <ele>768.2</ele>
   </trkpt>
   <trkpt lat="40.6379970" lon="-3.1320950">
    <ele>768.4</ele>
   </trkpt>
   <trkpt lat="40.6379970" lon="-3.1320680">
    <ele>768.6</ele>
   </trkpt>
   <trkpt lat="40.6380010" lon="-3.1320350">
    <ele>769.0</ele>
   </trkpt>
   <trkpt lat="40.6380010" lon="-3.1320050">
    <ele>769.2</ele>
   </trkpt>
   <trkpt lat="40.6380010" lon="-3.1319780">
    <ele>769.4</ele>
   </trkpt>
   <trkpt lat="40.6380040" lon="-3.1319460">
    <ele>769.6</ele>
   </trkpt>
   <trkpt lat="40.6380040" lon="-3.1319250">
    <ele>770.0</ele>
   </trkpt>
   <trkpt lat="40.6380040" lon="-3.1318970">
    <ele>770.2</ele>
   </trkpt>
   <trkpt lat="40.6380040" lon="-3.1318660">
    <ele>770.4</ele>
   </trkpt>
   <trkpt lat="40.6380080" lon="-3.1318370">
    <ele>770.6</ele>
   </trkpt>
   <trkpt lat="40.6380080" lon="-3.1318090">
    <ele>771.0</ele>
   </trkpt>
   <trkpt lat="40.6380080" lon="-3.1317820">
    <ele>771.2</ele>
   </trkpt>
   <trkpt lat="40.6380080" lon="-3.1317540">
    <ele>771.4</ele>
   </trkpt>
   <trkpt lat="40.6380040" lon="-3.1317320">
    <ele>771.8</ele>
   </trkpt>
   <trkpt lat="40.6380040" lon="-3.1317090">
    <ele>772.0</ele>
   </trkpt>
   <trkpt lat="40.6380010" lon="-3.1316800">
    <ele>772.2</ele>
   </trkpt>
   <trkpt lat="40.6379970" lon="-3.1316530">
    <ele>772.4</ele>
   </trkpt>
   <trkpt lat="40.6379970" lon="-3.1316210">
    <ele>772.6</ele>
   </trkpt>
   <trkpt lat="40.6379970" lon="-3.1315870">
    <ele>772.8</ele>
   </trkpt>
   <trkpt lat="40.6379930" lon="-3.1315550">
    <ele>773.0</ele>
   </trkpt>
   <trkpt lat="40.6379890" lon="-3.1315220">
    <ele>773.2</ele>
   </trkpt>
   <trkpt lat="40.6379850" lon="-3.1314950">
    <ele>773.4</ele>
   </trkpt>
   <trkpt lat="40.6379850" lon="-3.1314620">
    <ele>773.4</ele>
   </trkpt>
   <trkpt lat="40.6379810" lon="-3.1314300">
    <ele>773.6</ele>
   </trkpt>
   <trkpt lat="40.6379780" lon="-3.1313900">
    <ele>773.8</ele>
   </trkpt>
   <trkpt lat="40.6379700" lon="-3.1313630">
    <ele>773.8</ele>
   </trkpt>
   <trkpt lat="40.6379700" lon="-3.1313280">
    <ele>774.0</ele>
   </trkpt>
   <trkpt lat="40.6379660" lon="-3.1312950">
    <ele>774.0</ele>
   </trkpt>
   <trkpt lat="40.6379660" lon="-3.1312610">
    <ele>774.2</ele>
   </trkpt>
   <trkpt lat="40.6379660" lon="-3.1312230">
    <ele>774.2</ele>
   </trkpt>
   <trkpt lat="40.6379660" lon="-3.1311880">
    <ele>774.2</ele>
   </trkpt>
   <trkpt lat="40.6379620" lon="-3.1311510">
    <ele>774.4</ele>
   </trkpt>
   <trkpt lat="40.6379620" lon="-3.1311170">
    <ele>774.4</ele>
   </trkpt>
   <trkpt lat="40.6379620" lon="-3.1310800">
    <ele>774.6</ele>
   </trkpt>
   <trkpt lat="40.6379620" lon="-3.1310430">
    <ele>774.6</ele>
   </trkpt>
   <trkpt lat="40.6379620" lon="-3.1310060">
    <ele>774.8</ele>
   </trkpt>
   <trkpt lat="40.6379620" lon="-3.1309680">
    <ele>774.8</ele>
   </trkpt>
   <trkpt lat="40.6379620" lon="-3.1309320">
    <ele>774.8</ele>
   </trkpt>
   <trkpt lat="40.6379660" lon="-3.1308980">
    <ele>775.0</ele>
   </trkpt>
   <trkpt lat="40.6379700" lon="-3.1308640">
    <ele>775.2</ele>
   </trkpt>
   <trkpt lat="40.6379700" lon="-3.1308300">
    <ele>775.4</ele>
   </trkpt>
   <trkpt lat="40.6379700" lon="-3.1307950">
    <ele>775.4</ele>
   </trkpt>
   <trkpt lat="40.6379740" lon="-3.1307540">
    <ele>775.6</ele>
   </trkpt>
   <trkpt lat="40.6379780" lon="-3.1307220">
    <ele>775.8</ele>
   </trkpt>
   <trkpt lat="40.6379810" lon="-3.1306920">
    <ele>776.0</ele>
   </trkpt>
   <trkpt lat="40.6379850" lon="-3.1306660">
    <ele>776.2</ele>
   </trkpt>
   <trkpt lat="40.6379890" lon="-3.1306300">
    <ele>776.4</ele>
   </trkpt>
   <trkpt lat="40.6379930" lon="-3.1305980">
    <ele>776.6</ele>
   </trkpt>
   <trkpt lat="40.6379930" lon="-3.1305670">
    <ele>776.8</ele>
   </trkpt>
   <trkpt lat="40.6380010" lon="-3.1305380">
    <ele>777.0</ele>
   </trkpt>
   <trkpt lat="40.6380040" lon="-3.1305060">
    <ele>777.2</ele>
   </trkpt>
   <trkpt lat="40.6380080" lon="-3.1304720">
    <ele>777.4</ele>
   </trkpt>
   <trkpt lat="40.6380080" lon="-3.1304410">
    <ele>777.4</ele>
   </trkpt>
   <trkpt lat="40.6380160" lon="-3.1304080">
    <ele>777.6</ele>
   </trkpt>
   <trkpt lat="40.6380160" lon="-3.1303750">
    <ele>777.8</ele>
   </trkpt>
   <trkpt lat="40.6380200" lon="-3.1303420">
    <ele>778.0</ele>
   </trkpt>
   <trkpt lat="40.6380230" lon="-3.1303100">
    <ele>778.0</ele>
   </trkpt>
   <trkpt lat="40.6380230" lon="-3.1302700">
    <ele>778.2</ele>
   </trkpt>
   <trkpt lat="40.6380230" lon="-3.1302420">
    <ele>778.4</ele>
   </trkpt>
   <trkpt lat="40.6380270" lon="-3.1302100">
    <ele>778.6</ele>
   </trkpt>
   <trkpt lat="40.6380270" lon="-3.1301740">
    <ele>778.6</ele>
   </trkpt>
   <trkpt lat="40.6380310" lon="-3.1301280">
    <ele>778.8</ele>
   </trkpt>
   <trkpt lat="40.6380310" lon="-3.1300930">
    <ele>778.8</ele>
   </trkpt>
   <trkpt lat="40.6380350" lon="-3.1300570">
    <ele>779.0</ele>
   </trkpt>
   <trkpt lat="40.6380390" lon="-3.1300300">
    <ele>779.0</ele>
   </trkpt>
   <trkpt lat="40.6380390" lon="-3.1299930">
    <ele>779.2</ele>
   </trkpt>
   <trkpt lat="40.6380390" lon="-3.1299480">
    <ele>779.2</ele>
   </trkpt>
   <trkpt lat="40.6380350" lon="-3.1299190">
    <ele>779.4</ele>
   </trkpt>
   <trkpt lat="40.6380350" lon="-3.1298760">
    <ele>779.4</ele>
   </trkpt>
   <trkpt lat="40.6380350" lon="-3.1298350">
    <ele>779.6</ele>
   </trkpt>
   <trkpt lat="40.6380350" lon="-3.1297980">
    <ele>779.6</ele>
   </trkpt>
   <trkpt lat="40.6380350" lon="-3.1297610">
    <ele>779.8</ele>
   </trkpt>
   <trkpt lat="40.6380350" lon="-3.1297240">
    <ele>779.8</ele>
   </trkpt>
   <trkpt lat="40.6380310" lon="-3.1296860">
    <ele>780.0</ele>
   </trkpt>
   <trkpt lat="40.6380270" lon="-3.1296460">
    <ele>780.0</ele>
   </trkpt>
   <trkpt lat="40.6380230" lon="-3.1295970">
    <ele>780.0</ele>
   </trkpt>
   <trkpt lat="40.6380200" lon="-3.1295630">
    <ele>780.2</ele>
   </trkpt>
   <trkpt lat="40.6380160" lon="-3.1295320">
    <ele>780.2</ele>
   </trkpt>
   <trkpt lat="40.6380120" lon="-3.1294890">
    <ele>780.4</ele>
   </trkpt>
   <trkpt lat="40.6380080" lon="-3.1294540">
    <ele>780.4</ele>
   </trkpt>
   <trkpt lat="40.6380040" lon="-3.1294040">
    <ele>780.6</ele>
   </trkpt>
   <trkpt lat="40.6380040" lon="-3.1293690">
    <ele>780.8</ele>
   </trkpt>
   <trkpt lat="40.6380010" lon="-3.1293310">
    <ele>780.8</ele>
   </trkpt>
   <trkpt lat="40.6379970" lon="-3.1292860">
    <ele>781.0</ele>
   </trkpt>
   <trkpt lat="40.6379970" lon="-3.1292470">
    <ele>781.0</ele>
   </trkpt>
   <trkpt lat="40.6379970" lon="-3.1292090">
    <ele>781.2</ele>
   </trkpt>
   <trkpt lat="40.6379930" lon="-3.1291690">
    <ele>781.2</ele>
   </trkpt>
   <trkpt lat="40.6379890" lon="-3.1291310">
    <ele>781.4</ele>
   </trkpt>
   <trkpt lat="40.6379850" lon="-3.1290900">
    <ele>781.4</ele>
   </trkpt>
   <trkpt lat="40.6379810" lon="-3.1290410">
    <ele>781.6</ele>
   </trkpt>
   <trkpt lat="40.6379810" lon="-3.1290120">
    <ele>781.8</ele>
   </trkpt>
   <trkpt lat="40.6379780" lon="-3.1289720">
    <ele>781.8</ele>
   </trkpt>
   <trkpt lat="40.6379740" lon="-3.1289300">
    <ele>781.8</ele>
   </trkpt>
   <trkpt lat="40.6379700" lon="-3.1288810">
    <ele>782.0</ele>
   </trkpt>
   <trkpt lat="40.6379700" lon="-3.1288450">
    <ele>782.0</ele>
   </trkpt>
   <trkpt lat="40.6379660" lon="-3.1288020">
    <ele>782.2</ele>
   </trkpt>
   <trkpt lat="40.6379620" lon="-3.1287610">
    <ele>782.2</ele>
   </trkpt>
   <trkpt lat="40.6379620" lon="-3.1287170">
    <ele>782.2</ele>
   </trkpt>
   <trkpt lat="40.6379620" lon="-3.1286670">
    <ele>782.2</ele>
   </trkpt>
   <trkpt lat="40.6379620" lon="-3.1286210">
    <ele>782.2</ele>
   </trkpt>
   <trkpt lat="40.6379620" lon="-3.1285800">
    <ele>782.0</ele>
   </trkpt>
   <trkpt lat="40.6379590" lon="-3.1285160">
    <ele>781.8</ele>
   </trkpt>
   <trkpt lat="40.6379620" lon="-3.1284640">
    <ele>781.4</ele>
   </trkpt>
   <trkpt lat="40.6379620" lon="-3.1283820">
    <ele>781.4</ele>
   </trkpt>
   <trkpt lat="40.6379620" lon="-3.1283200">
    <ele>781.0</ele>
   </trkpt>
   <trkpt lat="40.6379590" lon="-3.1282440">
    <ele>780.6</ele>
   </trkpt>
   <trkpt lat="40.6379590" lon="-3.1281640">
    <ele>780.2</ele>
   </trkpt>
   <trkpt lat="40.6379550" lon="-3.1280640">
    <ele>779.6</ele>
   </trkpt>
   <trkpt lat="40.6379510" lon="-3.1279910">
    <ele>779.2</ele>
   </trkpt>
   <trkpt lat="40.6379430" lon="-3.1278950">
    <ele>778.6</ele>
   </trkpt>
   <trkpt lat="40.6379320" lon="-3.1277790">
    <ele>778.2</ele>
   </trkpt>
   <trkpt lat="40.6379170" lon="-3.1276800">
    <ele>777.6</ele>
   </trkpt>
   <trkpt lat="40.6379010" lon="-3.1276000">
    <ele>777.0</ele>
   </trkpt>
   <trkpt lat="40.6378820" lon="-3.1274990">
    <ele>776.6</ele>
   </trkpt>
   <trkpt lat="40.6378590" lon="-3.1273990">
    <ele>776.0</ele>
   </trkpt>
   <trkpt lat="40.6378290" lon="-3.1272990">
    <ele>775.6</ele>
   </trkpt>
   <trkpt lat="40.6377980" lon="-3.1271980">
    <ele>774.8</ele>
   </trkpt>
   <trkpt lat="40.6377520" lon="-3.1270660">
    <ele>773.8</ele>
   </trkpt>
   <trkpt lat="40.6377260" lon="-3.1269700">
    <ele>772.8</ele>
   </trkpt>
   <trkpt lat="40.6376910" lon="-3.1268470">
    <ele>772.0</ele>
   </trkpt>
   <trkpt lat="40.6376530" lon="-3.1266970">
    <ele>771.0</ele>
   </trkpt>
   <trkpt lat="40.6376270" lon="-3.1265720">
    <ele>770.2</ele>
   </trkpt>
   <trkpt lat="40.6376110" lon="-3.1264640">
    <ele>769.6</ele>
   </trkpt>
   <trkpt lat="40.6376040" lon="-3.1263280">
    <ele>769.0</ele>
   </trkpt>
   <trkpt lat="40.6376040" lon="-3.1261890">
    <ele>768.6</ele>
   </trkpt>
   <trkpt lat="40.6376150" lon="-3.1260570">
    <ele>768.4</ele>
   </trkpt>
   <trkpt lat="40.6376300" lon="-3.1259070">
    <ele>768.0</ele>
   </trkpt>
   <trkpt lat="40.6376420" lon="-3.1257930">
    <ele>767.8</ele>
   </trkpt>
   <trkpt lat="40.6376530" lon="-3.1256770">
    <ele>767.8</ele>
   </trkpt>
   <trkpt lat="40.6376690" lon="-3.1255350">
    <ele>767.6</ele>
   </trkpt>
   <trkpt lat="40.6376800" lon="-3.1254370">
    <ele>767.6</ele>
   </trkpt>
   <trkpt lat="40.6376950" lon="-3.1253020">
    <ele>767.4</ele>
   </trkpt>
   <trkpt lat="40.6377070" lon="-3.1252090">
    <ele>767.4</ele>
   </trkpt>
   <trkpt lat="40.6377260" lon="-3.1251030">
    <ele>767.4</ele>
   </trkpt>
   <trkpt lat="40.6377410" lon="-3.1249960">
    <ele>767.2</ele>
   </trkpt>
   <trkpt lat="40.6377600" lon="-3.1248880">
    <ele>767.0</ele>
   </trkpt>
   <trkpt lat="40.6377750" lon="-3.1247830">
    <ele>766.8</ele>
   </trkpt>
   <trkpt lat="40.6377910" lon="-3.1246780">
    <ele>766.6</ele>
   </trkpt>
   <trkpt lat="40.6378020" lon="-3.1245770">
    <ele>766.6</ele>
   </trkpt>
   <trkpt lat="40.6378140" lon="-3.1244750">
    <ele>766.6</ele>
   </trkpt>
   <trkpt lat="40.6378330" lon="-3.1243540">
    <ele>766.4</ele>
   </trkpt>
   <trkpt lat="40.6378440" lon="-3.1242820">
    <ele>766.4</ele>
   </trkpt>
   <trkpt lat="40.6378590" lon="-3.1241940">
    <ele>766.4</ele>
   </trkpt>
   <trkpt lat="40.6378710" lon="-3.1240890">
    <ele>766.4</ele>
   </trkpt>
   <trkpt lat="40.6378780" lon="-3.1240210">
    <ele>766.4</ele>
   </trkpt>
   <trkpt lat="40.6378900" lon="-3.1239380">
    <ele>766.6</ele>
   </trkpt>
   <trkpt lat="40.6379050" lon="-3.1238540">
    <ele>766.6</ele>
   </trkpt>
   <trkpt lat="40.6379170" lon="-3.1237760">
    <ele>766.6</ele>
   </trkpt>
   <trkpt lat="40.6379240" lon="-3.1237010">
    <ele>766.8</ele>
   </trkpt>
   <trkpt lat="40.6379360" lon="-3.1236130">
    <ele>766.8</ele>
   </trkpt>
   <trkpt lat="40.6379430" lon="-3.1235510">
    <ele>766.8</ele>
   </trkpt>
   <trkpt lat="40.6379590" lon="-3.1234790">
    <ele>766.8</ele>
   </trkpt>
   <trkpt lat="40.6379740" lon="-3.1233980">
    <ele>766.8</ele>
   </trkpt>
   <trkpt lat="40.6379810" lon="-3.1233290">
    <ele>766.8</ele>
   </trkpt>
   <trkpt lat="40.6379850" lon="-3.1232730">
    <ele>766.8</ele>
   </trkpt>
   <trkpt lat="40.6379930" lon="-3.1231990">
    <ele>766.8</ele>
   </trkpt>
   <trkpt lat="40.6379930" lon="-3.1231280">
    <ele>767.0</ele>
   </trkpt>
   <trkpt lat="40.6379930" lon="-3.1230530">
    <ele>767.0</ele>
   </trkpt>
   <trkpt lat="40.6379970" lon="-3.1229850">
    <ele>767.2</ele>
   </trkpt>
   <trkpt lat="40.6379890" lon="-3.1229000">
    <ele>767.2</ele>
   </trkpt>
   <trkpt lat="40.6379850" lon="-3.1228400">
    <ele>767.4</ele>
   </trkpt>
   <trkpt lat="40.6379780" lon="-3.1227770">
    <ele>767.6</ele>
   </trkpt>
   <trkpt lat="40.6379700" lon="-3.1227180">
    <ele>767.8</ele>
   </trkpt>
   <trkpt lat="40.6379590" lon="-3.1226490">
    <ele>768.0</ele>
   </trkpt>
   <trkpt lat="40.6379510" lon="-3.1226070">
    <ele>768.2</ele>
   </trkpt>
   <trkpt lat="40.6379430" lon="-3.1225590">
    <ele>768.6</ele>
   </trkpt>
   <trkpt lat="40.6379320" lon="-3.1225050">
    <ele>768.8</ele>
   </trkpt>
   <trkpt lat="40.6379280" lon="-3.1224680">
    <ele>769.2</ele>
   </trkpt>
   <trkpt lat="40.6379170" lon="-3.1224240">
    <ele>769.4</ele>
   </trkpt>
   <trkpt lat="40.6379090" lon="-3.1223830">
    <ele>769.8</ele>
   </trkpt>
   <trkpt lat="40.6379050" lon="-3.1223450">
    <ele>770.2</ele>
   </trkpt>
   <trkpt lat="40.6378940" lon="-3.1223090">
    <ele>770.4</ele>
   </trkpt>
   <trkpt lat="40.6378860" lon="-3.1222720">
    <ele>770.8</ele>
   </trkpt>
   <trkpt lat="40.6378780" lon="-3.1222410">
    <ele>771.2</ele>
   </trkpt>
   <trkpt lat="40.6378670" lon="-3.1222050">
    <ele>771.6</ele>
   </trkpt>
   <trkpt lat="40.6378560" lon="-3.1221690">
    <ele>771.8</ele>
   </trkpt>
   <trkpt lat="40.6378480" lon="-3.1221450">
    <ele>772.2</ele>
   </trkpt>
   <trkpt lat="40.6378400" lon="-3.1221170">
    <ele>772.4</ele>
   </trkpt>
   <trkpt lat="40.6378290" lon="-3.1220900">
    <ele>772.8</ele>
   </trkpt>
   <trkpt lat="40.6378100" lon="-3.1220600">
    <ele>773.0</ele>
   </trkpt>
   <trkpt lat="40.6377910" lon="-3.1220270">
    <ele>773.2</ele>
   </trkpt>
   <trkpt lat="40.6377720" lon="-3.1220040">
    <ele>773.4</ele>
   </trkpt>
   <trkpt lat="40.6377560" lon="-3.1219800">
    <ele>773.6</ele>
   </trkpt>
   <trkpt lat="40.6377410" lon="-3.1219530">
    <ele>773.6</ele>
   </trkpt>
   <trkpt lat="40.6377180" lon="-3.1219170">
    <ele>773.8</ele>
   </trkpt>
   <trkpt lat="40.6376950" lon="-3.1218800">
    <ele>774.0</ele>
   </trkpt>
   <trkpt lat="40.6376800" lon="-3.1218500">
    <ele>774.0</ele>
   </trkpt>
   <trkpt lat="40.6376570" lon="-3.1218170">
    <ele>774.2</ele>
   </trkpt>
   <trkpt lat="40.6376380" lon="-3.1217890">
    <ele>774.2</ele>
   </trkpt>
   <trkpt lat="40.6376190" lon="-3.1217490">
    <ele>774.4</ele>
   </trkpt>
   <trkpt lat="40.6376110" lon="-3.1217080">
    <ele>774.4</ele>
   </trkpt>
   <trkpt lat="40.6376080" lon="-3.1216640">
    <ele>774.6</ele>
   </trkpt>
   <trkpt lat="40.6376000" lon="-3.1216120">
    <ele>774.4</ele>
   </trkpt>
   <trkpt lat="40.6376000" lon="-3.1215500">
    <ele>774.2</ele>
   </trkpt>
   <trkpt lat="40.6376040" lon="-3.1214850">
    <ele>774.2</ele>
   </trkpt>
   <trkpt lat="40.6376230" lon="-3.1214210">
    <ele>774.0</ele>
   </trkpt>
   <trkpt lat="40.6376380" lon="-3.1213840">
    <ele>774.0</ele>
   </trkpt>
   <trkpt lat="40.6376570" lon="-3.1213350">
    <ele>774.0</ele>
   </trkpt>
   <trkpt lat="40.6376880" lon="-3.1212980">
    <ele>774.0</ele>
   </trkpt>
   <trkpt lat="40.6377180" lon="-3.1212700">
    <ele>774.0</ele>
   </trkpt>
   <trkpt lat="40.6377560" lon="-3.1212430">
    <ele>774.0</ele>
   </trkpt>
   <trkpt lat="40.6377940" lon="-3.1212140">
    <ele>774.0</ele>
   </trkpt>
   <trkpt lat="40.6378330" lon="-3.1211710">
    <ele>774.0</ele>
   </trkpt>
   <trkpt lat="40.6378710" lon="-3.1211240">
    <ele>774.0</ele>
   </trkpt>
   <trkpt lat="40.6378970" lon="-3.1210970">
    <ele>774.2</ele>
   </trkpt>
   <trkpt lat="40.6379320" lon="-3.1210650">
    <ele>774.2</ele>
   </trkpt>
   <trkpt lat="40.6379620" lon="-3.1210330">
    <ele>774.2</ele>
   </trkpt>
   <trkpt lat="40.6379970" lon="-3.1209930">
    <ele>774.2</ele>
   </trkpt>
   <trkpt lat="40.6380200" lon="-3.1209550">
    <ele>774.2</ele>
   </trkpt>
   <trkpt lat="40.6380390" lon="-3.1209200">
    <ele>774.2</ele>
   </trkpt>
   <trkpt lat="40.6380540" lon="-3.1208660">
    <ele>774.4</ele>
   </trkpt>
   <trkpt lat="40.6380620" lon="-3.1208280">
    <ele>774.4</ele>
   </trkpt>
   <trkpt lat="40.6380580" lon="-3.1207720">
    <ele>774.4</ele>
   </trkpt>
   <trkpt lat="40.6380460" lon="-3.1207230">
    <ele>774.6</ele>
   </trkpt>
   <trkpt lat="40.6380350" lon="-3.1206860">
    <ele>774.6</ele>
   </trkpt>
   <trkpt lat="40.6380200" lon="-3.1206470">
    <ele>774.8</ele>
   </trkpt>
   <trkpt lat="40.6380080" lon="-3.1206160">
    <ele>774.8</ele>
   </trkpt>
   <trkpt lat="40.6380010" lon="-3.1205750">
    <ele>775.0</ele>
   </trkpt>
   <trkpt lat="40.6379890" lon="-3.1205140">
    <ele>775.2</ele>
   </trkpt>
   <trkpt lat="40.6379810" lon="-3.1204760">
    <ele>775.4</ele>
   </trkpt>
   <trkpt lat="40.6379810" lon="-3.1204320">
    <ele>775.6</ele>
   </trkpt>
   <trkpt lat="40.6379810" lon="-3.1203810">
    <ele>775.8</ele>
   </trkpt>
   <trkpt lat="40.6379890" lon="-3.1203310">
    <ele>776.0</ele>
   </trkpt>
   <trkpt lat="40.6379970" lon="-3.1202910">
    <ele>776.2</ele>
   </trkpt>
   <trkpt lat="40.6380040" lon="-3.1202430">
    <ele>776.4</ele>
   </trkpt>
   <trkpt lat="40.6380010" lon="-3.1201830">
    <ele>776.6</ele>
   </trkpt>
   <trkpt lat="40.6380010" lon="-3.1201280">
    <ele>776.8</ele>
   </trkpt>
   <trkpt lat="40.6380080" lon="-3.1200840">
    <ele>777.0</ele>
   </trkpt>
   <trkpt lat="40.6380120" lon="-3.1200470">
    <ele>777.2</ele>
   </trkpt>
   <trkpt lat="40.6380200" lon="-3.1199990">
    <ele>777.4</ele>
   </trkpt>
   <trkpt lat="40.6380230" lon="-3.1199460">
    <ele>777.6</ele>
   </trkpt>
   <trkpt lat="40.6380310" lon="-3.1199050">
    <ele>777.8</ele>
   </trkpt>
   <trkpt lat="40.6380350" lon="-3.1198690">
    <ele>778.0</ele>
   </trkpt>
   <trkpt lat="40.6380390" lon="-3.1198260">
    <ele>778.2</ele>
   </trkpt>
   <trkpt lat="40.6380420" lon="-3.1197800">
    <ele>778.4</ele>
   </trkpt>
   <trkpt lat="40.6380390" lon="-3.1197240">
    <ele>778.6</ele>
   </trkpt>
   <trkpt lat="40.6380420" lon="-3.1196770">
    <ele>778.6</ele>
   </trkpt>
   <trkpt lat="40.6380420" lon="-3.1196320">
    <ele>778.8</ele>
   </trkpt>
   <trkpt lat="40.6380390" lon="-3.1195800">
    <ele>779.0</ele>
   </trkpt>
   <trkpt lat="40.6380420" lon="-3.1195240">
    <ele>779.0</ele>
   </trkpt>
   <trkpt lat="40.6380460" lon="-3.1194810">
    <ele>779.2</ele>
   </trkpt>
   <trkpt lat="40.6380500" lon="-3.1194340">
    <ele>779.2</ele>
   </trkpt>
   <trkpt lat="40.6380420" lon="-3.1193940">
    <ele>779.4</ele>
   </trkpt>
   <trkpt lat="40.6380390" lon="-3.1193520">
    <ele>779.4</ele>
   </trkpt>
   <trkpt lat="40.6380350" lon="-3.1193070">
    <ele>779.6</ele>
   </trkpt>
   <trkpt lat="40.6380270" lon="-3.1192660">
    <ele>779.6</ele>
   </trkpt>
   <trkpt lat="40.6380230" lon="-3.1192270">
    <ele>779.6</ele>
   </trkpt>
   <trkpt lat="40.6380230" lon="-3.1191790">
    <ele>779.8</ele>
   </trkpt>
   <trkpt lat="40.6380200" lon="-3.1191330">
    <ele>779.8</ele>
   </trkpt>
   <trkpt lat="40.6380120" lon="-3.1190780">
    <ele>780.0</ele>
   </trkpt>
   <trkpt lat="40.6380080" lon="-3.1190390">
    <ele>780.2</ele>
   </trkpt>
   <trkpt lat="40.6380080" lon="-3.1189890">
    <ele>780.2</ele>
   </trkpt>
   <trkpt lat="40.6380040" lon="-3.1189410">
    <ele>780.4</ele>
   </trkpt>
   <trkpt lat="40.6380010" lon="-3.1188920">
    <ele>780.4</ele>
   </trkpt>
   <trkpt lat="40.6380010" lon="-3.1188420">
    <ele>780.6</ele>
   </trkpt>
   <trkpt lat="40.6380010" lon="-3.1187860">
    <ele>780.6</ele>
   </trkpt>
   <trkpt lat="40.6379970" lon="-3.1187490">
    <ele>780.8</ele>
   </trkpt>
   <trkpt lat="40.6379970" lon="-3.1187040">
    <ele>781.0</ele>
   </trkpt>
   <trkpt lat="40.6379970" lon="-3.1186570">
    <ele>781.0</ele>
   </trkpt>
   <trkpt lat="40.6379970" lon="-3.1186010">
    <ele>781.2</ele>
   </trkpt>
   <trkpt lat="40.6379930" lon="-3.1185640">
    <ele>781.2</ele>
   </trkpt>
   <trkpt lat="40.6379930" lon="-3.1185200">
    <ele>781.4</ele>
   </trkpt>
   <trkpt lat="40.6379930" lon="-3.1184810">
    <ele>781.6</ele>
   </trkpt>
   <trkpt lat="40.6379970" lon="-3.1184500">
    <ele>781.6</ele>
   </trkpt>
   <trkpt lat="40.6379970" lon="-3.1184220">
    <ele>781.8</ele>
   </trkpt>
   <trkpt lat="40.6379970" lon="-3.1183900">
    <ele>781.8</ele>
   </trkpt>
   <trkpt lat="40.6379930" lon="-3.1183540">
    <ele>782.0</ele>
   </trkpt>
   <trkpt lat="40.6379890" lon="-3.1183100">
    <ele>782.0</ele>
   </trkpt>
   <trkpt lat="40.6379850" lon="-3.1182610">
    <ele>782.2</ele>
   </trkpt>
   <trkpt lat="40.6379850" lon="-3.1182200">
    <ele>782.4</ele>
   </trkpt>
   <trkpt lat="40.6379850" lon="-3.1181820">
    <ele>782.4</ele>
   </trkpt>
   <trkpt lat="40.6379850" lon="-3.1181360">
    <ele>782.6</ele>
   </trkpt>
   <trkpt lat="40.6379850" lon="-3.1180930">
    <ele>782.8</ele>
   </trkpt>
   <trkpt lat="40.6379850" lon="-3.1180400">
    <ele>783.0</ele>
   </trkpt>
   <trkpt lat="40.6379810" lon="-3.1180040">
    <ele>783.0</ele>
   </trkpt>
   <trkpt lat="40.6379780" lon="-3.1179620">
    <ele>783.2</ele>
   </trkpt>
   <trkpt lat="40.6379700" lon="-3.1179130">
    <ele>783.4</ele>
   </trkpt>
   <trkpt lat="40.6379700" lon="-3.1178770">
    <ele>783.6</ele>
   </trkpt>
   <trkpt lat="40.6379700" lon="-3.1178320">
    <ele>783.8</ele>
   </trkpt>
   <trkpt lat="40.6379700" lon="-3.1177870">
    <ele>784.0</ele>
   </trkpt>
   <trkpt lat="40.6379700" lon="-3.1177430">
    <ele>784.2</ele>
   </trkpt>
   <trkpt lat="40.6379700" lon="-3.1176990">
    <ele>784.2</ele>
   </trkpt>
   <trkpt lat="40.6379700" lon="-3.1176450">
    <ele>784.4</ele>
   </trkpt>
   <trkpt lat="40.6379660" lon="-3.1176090">
    <ele>784.6</ele>
   </trkpt>
   <trkpt lat="40.6379660" lon="-3.1175680">
    <ele>784.8</ele>
   </trkpt>
   <trkpt lat="40.6379660" lon="-3.1175300">
    <ele>785.0</ele>
   </trkpt>
   <trkpt lat="40.6379620" lon="-3.1174860">
    <ele>785.2</ele>
   </trkpt>
   <trkpt lat="40.6379620" lon="-3.1174420">
    <ele>785.4</ele>
   </trkpt>
   <trkpt lat="40.6379620" lon="-3.1174010">
    <ele>785.6</ele>
   </trkpt>
   <trkpt lat="40.6379590" lon="-3.1173590">
    <ele>785.8</ele>
   </trkpt>
   <trkpt lat="40.6379590" lon="-3.1173080">
    <ele>786.0</ele>
   </trkpt>
   <trkpt lat="40.6379620" lon="-3.1172720">
    <ele>786.2</ele>
   </trkpt>
   <trkpt lat="40.6379590" lon="-3.1172280">
    <ele>786.4</ele>
   </trkpt>
   <trkpt lat="40.6379590" lon="-3.1171860">
    <ele>786.6</ele>
   </trkpt>
   <trkpt lat="40.6379590" lon="-3.1171430">
    <ele>786.8</ele>
   </trkpt>
   <trkpt lat="40.6379590" lon="-3.1171000">
    <ele>787.0</ele>
   </trkpt>
   <trkpt lat="40.6379590" lon="-3.1170480">
    <ele>787.2</ele>
   </trkpt>
   <trkpt lat="40.6379550" lon="-3.1170140">
    <ele>787.4</ele>
   </trkpt>
   <trkpt lat="40.6379550" lon="-3.1169720">
    <ele>787.6</ele>
   </trkpt>
   <trkpt lat="40.6379510" lon="-3.1169210">
    <ele>787.8</ele>
   </trkpt>
   <trkpt lat="40.6379470" lon="-3.1168860">
    <ele>788.0</ele>
   </trkpt>
   <trkpt lat="40.6379430" lon="-3.1168420">
    <ele>788.2</ele>
   </trkpt>
   <trkpt lat="40.6379430" lon="-3.1168010">
    <ele>788.4</ele>
   </trkpt>
   <trkpt lat="40.6379430" lon="-3.1167610">
    <ele>788.6</ele>
   </trkpt>
   <trkpt lat="40.6379390" lon="-3.1167190">
    <ele>788.8</ele>
   </trkpt>
   <trkpt lat="40.6379360" lon="-3.1166770">
    <ele>788.8</ele>
   </trkpt>
   <trkpt lat="40.6379320" lon="-3.1166340">
    <ele>789.0</ele>
   </trkpt>
   <trkpt lat="40.6379280" lon="-3.1165910">
    <ele>789.2</ele>
   </trkpt>
   <trkpt lat="40.6379240" lon="-3.1165450">
    <ele>789.4</ele>
   </trkpt>
   <trkpt lat="40.6379240" lon="-3.1164960">
    <ele>789.6</ele>
   </trkpt>
   <trkpt lat="40.6379200" lon="-3.1164660">
    <ele>789.8</ele>
   </trkpt>
   <trkpt lat="40.6379200" lon="-3.1164270">
    <ele>790.0</ele>
   </trkpt>
   <trkpt lat="40.6379170" lon="-3.1163850">
    <ele>790.2</ele>
   </trkpt>
   <trkpt lat="40.6379170" lon="-3.1163330">
    <ele>790.4</ele>
   </trkpt>
   <trkpt lat="40.6379170" lon="-3.1163030">
    <ele>790.6</ele>
   </trkpt>
   <trkpt lat="40.6379170" lon="-3.1162630">
    <ele>790.8</ele>
   </trkpt>
   <trkpt lat="40.6379130" lon="-3.1162230">
    <ele>791.0</ele>
   </trkpt>
   <trkpt lat="40.6379130" lon="-3.1161820">
    <ele>791.2</ele>
   </trkpt>
   <trkpt lat="40.6379090" lon="-3.1161390">
    <ele>791.4</ele>
   </trkpt>
   <trkpt lat="40.6379050" lon="-3.1160900">
    <ele>791.4</ele>
   </trkpt>
   <trkpt lat="40.6379050" lon="-3.1160580">
    <ele>791.6</ele>
   </trkpt>
   <trkpt lat="40.6379010" lon="-3.1160190">
    <ele>791.8</ele>
   </trkpt>
   <trkpt lat="40.6379010" lon="-3.1159810">
    <ele>792.0</ele>
   </trkpt>
   <trkpt lat="40.6378970" lon="-3.1159350">
    <ele>792.0</ele>
   </trkpt>
   <trkpt lat="40.6378940" lon="-3.1159040">
    <ele>792.2</ele>
   </trkpt>
   <trkpt lat="40.6378900" lon="-3.1158640">
    <ele>792.4</ele>
   </trkpt>
   <trkpt lat="40.6378860" lon="-3.1158190">
    <ele>792.6</ele>
   </trkpt>
   <trkpt lat="40.6378820" lon="-3.1157780">
    <ele>792.8</ele>
   </trkpt>
   <trkpt lat="40.6378780" lon="-3.1157380">
    <ele>792.8</ele>
   </trkpt>
   <trkpt lat="40.6378780" lon="-3.1156990">
    <ele>793.0</ele>
   </trkpt>
   <trkpt lat="40.6378780" lon="-3.1156570">
    <ele>793.2</ele>
   </trkpt>
   <trkpt lat="40.6378710" lon="-3.1156080">
    <ele>793.4</ele>
   </trkpt>
   <trkpt lat="40.6378670" lon="-3.1155740">
    <ele>793.6</ele>
   </trkpt>
   <trkpt lat="40.6378630" lon="-3.1155250">
    <ele>793.8</ele>
   </trkpt>
   <trkpt lat="40.6378590" lon="-3.1154910">
    <ele>794.0</ele>
   </trkpt>
   <trkpt lat="40.6378560" lon="-3.1154460">
    <ele>794.2</ele>
   </trkpt>
   <trkpt lat="40.6378520" lon="-3.1154010">
    <ele>794.4</ele>
   </trkpt>
   <trkpt lat="40.6378520" lon="-3.1153630">
    <ele>794.6</ele>
   </trkpt>
   <trkpt lat="40.6378480" lon="-3.1153240">
    <ele>794.8</ele>
   </trkpt>
   <trkpt lat="40.6378480" lon="-3.1152880">
    <ele>795.0</ele>
   </trkpt>
   <trkpt lat="40.6378440" lon="-3.1152510">
    <ele>795.2</ele>
   </trkpt>
   <trkpt lat="40.6378400" lon="-3.1152140">
    <ele>795.4</ele>
   </trkpt>
   <trkpt lat="40.6378360" lon="-3.1151730">
    <ele>795.6</ele>
   </trkpt>
   <trkpt lat="40.6378330" lon="-3.1151430">
    <ele>795.8</ele>
   </trkpt>
   <trkpt lat="40.6378290" lon="-3.1151050">
    <ele>796.0</ele>
   </trkpt>
   <trkpt lat="40.6378250" lon="-3.1150690">
    <ele>796.2</ele>
   </trkpt>
   <trkpt lat="40.6378250" lon="-3.1150280">
    <ele>796.4</ele>
   </trkpt>
   <trkpt lat="40.6378250" lon="-3.1149960">
    <ele>796.6</ele>
   </trkpt>
   <trkpt lat="40.6378210" lon="-3.1149590">
    <ele>796.8</ele>
   </trkpt>
   <trkpt lat="40.6378170" lon="-3.1149210">
    <ele>797.0</ele>
   </trkpt>
   <trkpt lat="40.6378170" lon="-3.1148830">
    <ele>797.2</ele>
   </trkpt>
   <trkpt lat="40.6378140" lon="-3.1148480">
    <ele>797.4</ele>
   </trkpt>
   <trkpt lat="40.6378140" lon="-3.1148130">
    <ele>797.6</ele>
   </trkpt>
   <trkpt lat="40.6378060" lon="-3.1147790">
    <ele>797.8</ele>
   </trkpt>
   <trkpt lat="40.6378020" lon="-3.1147430">
    <ele>798.0</ele>
   </trkpt>
   <trkpt lat="40.6377980" lon="-3.1147080">
    <ele>798.2</ele>
   </trkpt>
   <trkpt lat="40.6377940" lon="-3.1146700">
    <ele>798.4</ele>
   </trkpt>
   <trkpt lat="40.6377910" lon="-3.1146350">
    <ele>798.6</ele>
   </trkpt>
   <trkpt lat="40.6377870" lon="-3.1146030">
    <ele>798.8</ele>
   </trkpt>
   <trkpt lat="40.6377870" lon="-3.1145690">
    <ele>799.0</ele>
   </trkpt>
   <trkpt lat="40.6377870" lon="-3.1145370">
    <ele>799.2</ele>
   </trkpt>
   <trkpt lat="40.6377870" lon="-3.1145030">
    <ele>799.4</ele>
   </trkpt>
   <trkpt lat="40.6377790" lon="-3.1144680">
    <ele>799.6</ele>
   </trkpt>
   <trkpt lat="40.6377750" lon="-3.1144310">
    <ele>799.8</ele>
   </trkpt>
   <trkpt lat="40.6377720" lon="-3.1143960">
    <ele>800.0</ele>
   </trkpt>
   <trkpt lat="40.6377680" lon="-3.1143620">
    <ele>800.2</ele>
   </trkpt>
   <trkpt lat="40.6377600" lon="-3.1143260">
    <ele>800.4</ele>
   </trkpt>
   <trkpt lat="40.6377520" lon="-3.1142850">
    <ele>800.6</ele>
   </trkpt>
   <trkpt lat="40.6377490" lon="-3.1142560">
    <ele>800.8</ele>
   </trkpt>
   <trkpt lat="40.6377410" lon="-3.1142190">
    <ele>801.0</ele>
   </trkpt>
   <trkpt lat="40.6377410" lon="-3.1141830">
    <ele>801.2</ele>
   </trkpt>
   <trkpt lat="40.6377370" lon="-3.1141480">
    <ele>801.4</ele>
   </trkpt>
   <trkpt lat="40.6377330" lon="-3.1141110">
    <ele>801.6</ele>
   </trkpt>
   <trkpt lat="40.6377300" lon="-3.1140680">
    <ele>801.8</ele>
   </trkpt>
   <trkpt lat="40.6377260" lon="-3.1140400">
    <ele>802.0</ele>
   </trkpt>
   <trkpt lat="40.6377220" lon="-3.1140060">
    <ele>802.2</ele>
   </trkpt>
   <trkpt lat="40.6377140" lon="-3.1139710">
    <ele>802.4</ele>
   </trkpt>
   <trkpt lat="40.6377070" lon="-3.1139280">
    <ele>802.6</ele>
   </trkpt>
   <trkpt lat="40.6377030" lon="-3.1138920">
    <ele>802.8</ele>
   </trkpt>
   <trkpt lat="40.6376990" lon="-3.1138640">
    <ele>803.2</ele>
   </trkpt>
   <trkpt lat="40.6376950" lon="-3.1138230">
    <ele>803.4</ele>
   </trkpt>
   <trkpt lat="40.6376880" lon="-3.1137890">
    <ele>803.6</ele>
   </trkpt>
   <trkpt lat="40.6376800" lon="-3.1137530">
    <ele>803.8</ele>
   </trkpt>
   <trkpt lat="40.6376760" lon="-3.1137180">
    <ele>804.0</ele>
   </trkpt>
   <trkpt lat="40.6376650" lon="-3.1136800">
    <ele>804.2</ele>
   </trkpt>
   <trkpt lat="40.6376570" lon="-3.1136520">
    <ele>804.4</ele>
   </trkpt>
   <trkpt lat="40.6376460" lon="-3.1136140">
    <ele>804.6</ele>
   </trkpt>
   <trkpt lat="40.6376340" lon="-3.1135840">
    <ele>804.8</ele>
   </trkpt>
   <trkpt lat="40.6376270" lon="-3.1135540">
    <ele>805.0</ele>
   </trkpt>
   <trkpt lat="40.6376190" lon="-3.1135280">
    <ele>805.2</ele>
   </trkpt>
   <trkpt lat="40.6376080" lon="-3.1134920">
    <ele>805.4</ele>
   </trkpt>
   <trkpt lat="40.6375960" lon="-3.1134670">
    <ele>805.6</ele>
   </trkpt>
   <trkpt lat="40.6375810" lon="-3.1134310">
    <ele>805.8</ele>
   </trkpt>
   <trkpt lat="40.6375660" lon="-3.1134020">
    <ele>806.0</ele>
   </trkpt>
   <trkpt lat="40.6375540" lon="-3.1133800">
    <ele>806.2</ele>
   </trkpt>
   <trkpt lat="40.6375310" lon="-3.1133520">
    <ele>806.6</ele>
   </trkpt>
   <trkpt lat="40.6375120" lon="-3.1133270">
    <ele>806.8</ele>
   </trkpt>
   <trkpt lat="40.6374930" lon="-3.1133040">
    <ele>807.0</ele>
   </trkpt>
   <trkpt lat="40.6374740" lon="-3.1132870">
    <ele>807.2</ele>
   </trkpt>
   <trkpt lat="40.6374510" lon="-3.1132650">
    <ele>807.4</ele>
   </trkpt>
   <trkpt lat="40.6374240" lon="-3.1132390">
    <ele>807.6</ele>
   </trkpt>
   <trkpt lat="40.6374050" lon="-3.1132170">
    <ele>807.8</ele>
   </trkpt>
   <trkpt lat="40.6373860" lon="-3.1131940">
    <ele>808.2</ele>
   </trkpt>
   <trkpt lat="40.6373710" lon="-3.1131760">
    <ele>808.4</ele>
   </trkpt>
   <trkpt lat="40.6373480" lon="-3.1131520">
    <ele>808.6</ele>
   </trkpt>
   <trkpt lat="40.6373210" lon="-3.1131310">
    <ele>808.8</ele>
   </trkpt>
   <trkpt lat="40.6373020" lon="-3.1131130">
    <ele>809.0</ele>
   </trkpt>
   <trkpt lat="40.6372790" lon="-3.1130910">
    <ele>809.2</ele>
   </trkpt>
   <trkpt lat="40.6372530" lon="-3.1130660">
    <ele>809.4</ele>
   </trkpt>
   <trkpt lat="40.6372300" lon="-3.1130460">
    <ele>809.6</ele>
   </trkpt>
   <trkpt lat="40.6372070" lon="-3.1130260">
    <ele>809.8</ele>
   </trkpt>
   <trkpt lat="40.6371920" lon="-3.1130110">
    <ele>810.0</ele>
   </trkpt>
   <trkpt lat="40.6371730" lon="-3.1129880">
    <ele>810.2</ele>
   </trkpt>
   <trkpt lat="40.6371500" lon="-3.1129590">
    <ele>810.4</ele>
   </trkpt>
   <trkpt lat="40.6371270" lon="-3.1129360">
    <ele>810.6</ele>
   </trkpt>
   <trkpt lat="40.6371000" lon="-3.1129120">
    <ele>810.8</ele>
   </trkpt>
   <trkpt lat="40.6370850" lon="-3.1128920">
    <ele>811.0</ele>
   </trkpt>
   <trkpt lat="40.6370620" lon="-3.1128620">
    <ele>811.2</ele>
   </trkpt>
   <trkpt lat="40.6370470" lon="-3.1128330">
    <ele>811.4</ele>
   </trkpt>
   <trkpt lat="40.6370280" lon="-3.1128090">
    <ele>811.6</ele>
   </trkpt>
   <trkpt lat="40.6370090" lon="-3.1127820">
    <ele>811.8</ele>
   </trkpt>
   <trkpt lat="40.6369930" lon="-3.1127540">
    <ele>812.0</ele>
   </trkpt>
   <trkpt lat="40.6369740" lon="-3.1127270">
    <ele>812.2</ele>
   </trkpt>
   <trkpt lat="40.6369630" lon="-3.1127000">
    <ele>812.4</ele>
   </trkpt>
   <trkpt lat="40.6369510" lon="-3.1126710">
    <ele>812.6</ele>
   </trkpt>
   <trkpt lat="40.6369400" lon="-3.1126390">
    <ele>812.8</ele>
   </trkpt>
   <trkpt lat="40.6369290" lon="-3.1126160">
    <ele>813.0</ele>
   </trkpt>
   <trkpt lat="40.6369170" lon="-3.1125780">
    <ele>813.2</ele>
   </trkpt>
   <trkpt lat="40.6369090" lon="-3.1125470">
    <ele>813.4</ele>
   </trkpt>
   <trkpt lat="40.6368980" lon="-3.1125150">
    <ele>813.6</ele>
   </trkpt>
   <trkpt lat="40.6368900" lon="-3.1124840">
    <ele>813.8</ele>
   </trkpt>
   <trkpt lat="40.6368870" lon="-3.1124560">
    <ele>813.8</ele>
   </trkpt>
   <trkpt lat="40.6368710" lon="-3.1124180">
    <ele>814.0</ele>
   </trkpt>
   <trkpt lat="40.6368600" lon="-3.1123880">
    <ele>814.2</ele>
   </trkpt>
   <trkpt lat="40.6368520" lon="-3.1123550">
    <ele>814.4</ele>
   </trkpt>
   <trkpt lat="40.6368450" lon="-3.1123310">
    <ele>814.6</ele>
   </trkpt>
   <trkpt lat="40.6368290" lon="-3.1122960">
    <ele>814.8</ele>
   </trkpt>
   <trkpt lat="40.6368180" lon="-3.1122630">
    <ele>815.0</ele>
   </trkpt>
   <trkpt lat="40.6368070" lon="-3.1122300">
    <ele>815.2</ele>
   </trkpt>
   <trkpt lat="40.6367950" lon="-3.1121980">
    <ele>815.4</ele>
   </trkpt>
   <trkpt lat="40.6367800" lon="-3.1121680">
    <ele>815.6</ele>
   </trkpt>
   <trkpt lat="40.6367650" lon="-3.1121400">
    <ele>815.6</ele>
   </trkpt>
   <trkpt lat="40.6367530" lon="-3.1121130">
    <ele>815.8</ele>
   </trkpt>
   <trkpt lat="40.6367340" lon="-3.1120850">
    <ele>816.0</ele>
   </trkpt>
   <trkpt lat="40.6367190" lon="-3.1120600">
    <ele>816.2</ele>
   </trkpt>
   <trkpt lat="40.6367000" lon="-3.1120350">
    <ele>816.6</ele>
   </trkpt>
   <trkpt lat="40.6366810" lon="-3.1120120">
    <ele>816.8</ele>
   </trkpt>
   <trkpt lat="40.6366610" lon="-3.1119920">
    <ele>817.0</ele>
   </trkpt>
   <trkpt lat="40.6366390" lon="-3.1119720">
    <ele>817.2</ele>
   </trkpt>
   <trkpt lat="40.6366160" lon="-3.1119580">
    <ele>817.4</ele>
   </trkpt>
   <trkpt lat="40.6365930" lon="-3.1119420">
    <ele>817.6</ele>
   </trkpt>
   <trkpt lat="40.6365700" lon="-3.1119280">
    <ele>817.8</ele>
   </trkpt>
   <trkpt lat="40.6365470" lon="-3.1119180">
    <ele>818.0</ele>
   </trkpt>
   <trkpt lat="40.6365200" lon="-3.1119060">
    <ele>818.2</ele>
   </trkpt>
   <trkpt lat="40.6364970" lon="-3.1118960">
    <ele>818.4</ele>
   </trkpt>
   <trkpt lat="40.6364750" lon="-3.1118880">
    <ele>818.6</ele>
   </trkpt>
   <trkpt lat="40.6364520" lon="-3.1118810">
    <ele>818.8</ele>
   </trkpt>
   <trkpt lat="40.6364290" lon="-3.1118750">
    <ele>819.0</ele>
   </trkpt>
   <trkpt lat="40.6364100" lon="-3.1118700">
    <ele>819.4</ele>
   </trkpt>
   <trkpt lat="40.6363790" lon="-3.1118650">
    <ele>819.6</ele>
   </trkpt>
   <trkpt lat="40.6363560" lon="-3.1118590">
    <ele>819.6</ele>
   </trkpt>
   <trkpt lat="40.6363330" lon="-3.1118490">
    <ele>819.8</ele>
   </trkpt>
   <trkpt lat="40.6363110" lon="-3.1118360">
    <ele>820.0</ele>
   </trkpt>
   <trkpt lat="40.6362880" lon="-3.1118210">
    <ele>820.2</ele>
   </trkpt>
   <trkpt lat="40.6362690" lon="-3.1118020">
    <ele>820.4</ele>
   </trkpt>
   <trkpt lat="40.6362500" lon="-3.1117790">
    <ele>820.6</ele>
   </trkpt>
   <trkpt lat="40.6362270" lon="-3.1117570">
    <ele>820.8</ele>
   </trkpt>
   <trkpt lat="40.6362110" lon="-3.1117320">
    <ele>820.8</ele>
   </trkpt>
   <trkpt lat="40.6361960" lon="-3.1117110">
    <ele>821.0</ele>
   </trkpt>
   <trkpt lat="40.6361810" lon="-3.1116890">
    <ele>821.2</ele>
   </trkpt>
   <trkpt lat="40.6361620" lon="-3.1116650">
    <ele>821.4</ele>
   </trkpt>
   <trkpt lat="40.6361470" lon="-3.1116400">
    <ele>821.6</ele>
   </trkpt>
   <trkpt lat="40.6361270" lon="-3.1116130">
    <ele>821.6</ele>
   </trkpt>
   <trkpt lat="40.6361120" lon="-3.1115850">
    <ele>821.8</ele>
   </trkpt>
   <trkpt lat="40.6360930" lon="-3.1115590">
    <ele>822.0</ele>
   </trkpt>
   <trkpt lat="40.6360820" lon="-3.1115370">
    <ele>822.2</ele>
   </trkpt>
   <trkpt lat="40.6360700" lon="-3.1115220">
    <ele>822.4</ele>
   </trkpt>
   <trkpt lat="40.6360550" lon="-3.1114950">
    <ele>822.6</ele>
   </trkpt>
   <trkpt lat="40.6360360" lon="-3.1114720">
    <ele>822.8</ele>
   </trkpt>
   <trkpt lat="40.6360210" lon="-3.1114470">
    <ele>823.0</ele>
   </trkpt>
   <trkpt lat="40.6360050" lon="-3.1114230">
    <ele>823.2</ele>
   </trkpt>
   <trkpt lat="40.6359900" lon="-3.1113970">
    <ele>823.4</ele>
   </trkpt>
   <trkpt lat="40.6359710" lon="-3.1113700">
    <ele>823.8</ele>
   </trkpt>
   <trkpt lat="40.6359560" lon="-3.1113450">
    <ele>823.8</ele>
   </trkpt>
   <trkpt lat="40.6359370" lon="-3.1113220">
    <ele>824.0</ele>
   </trkpt>
   <trkpt lat="40.6359250" lon="-3.1113040">
    <ele>824.2</ele>
   </trkpt>
   <trkpt lat="40.6359100" lon="-3.1112770">
    <ele>824.4</ele>
   </trkpt>
   <trkpt lat="40.6358950" lon="-3.1112520">
    <ele>824.6</ele>
   </trkpt>
   <trkpt lat="40.6358830" lon="-3.1112270">
    <ele>824.8</ele>
   </trkpt>
   <trkpt lat="40.6358720" lon="-3.1111970">
    <ele>825.0</ele>
   </trkpt>
   <trkpt lat="40.6358570" lon="-3.1111670">
    <ele>825.2</ele>
   </trkpt>
   <trkpt lat="40.6358450" lon="-3.1111380">
    <ele>825.2</ele>
   </trkpt>
   <trkpt lat="40.6358340" lon="-3.1111100">
    <ele>825.4</ele>
   </trkpt>
   <trkpt lat="40.6358260" lon="-3.1110820">
    <ele>825.6</ele>
   </trkpt>
   <trkpt lat="40.6358150" lon="-3.1110530">
    <ele>825.8</ele>
   </trkpt>
   <trkpt lat="40.6358030" lon="-3.1110250">
    <ele>826.0</ele>
   </trkpt>
   <trkpt lat="40.6357960" lon="-3.1109950">
    <ele>826.0</ele>
   </trkpt>
   <trkpt lat="40.6357800" lon="-3.1109650">
    <ele>826.2</ele>
   </trkpt>
   <trkpt lat="40.6357730" lon="-3.1109430">
    <ele>826.2</ele>
   </trkpt>
   <trkpt lat="40.6357650" lon="-3.1109110">
    <ele>826.4</ele>
   </trkpt>
   <trkpt lat="40.6357500" lon="-3.1108780">
    <ele>826.6</ele>
   </trkpt>
   <trkpt lat="40.6357420" lon="-3.1108510">
    <ele>826.6</ele>
   </trkpt>
   <trkpt lat="40.6357310" lon="-3.1108170">
    <ele>826.8</ele>
   </trkpt>
   <trkpt lat="40.6357190" lon="-3.1107850">
    <ele>826.8</ele>
   </trkpt>
   <trkpt lat="40.6357000" lon="-3.1107620">
    <ele>827.0</ele>
   </trkpt>
   <trkpt lat="40.6356850" lon="-3.1107350">
    <ele>827.2</ele>
   </trkpt>
   <trkpt lat="40.6356740" lon="-3.1107090">
    <ele>827.4</ele>
   </trkpt>
   <trkpt lat="40.6356580" lon="-3.1106840">
    <ele>827.6</ele>
   </trkpt>
   <trkpt lat="40.6356470" lon="-3.1106630">
    <ele>827.8</ele>
   </trkpt>
   <trkpt lat="40.6356280" lon="-3.1106300">
    <ele>828.0</ele>
   </trkpt>
   <trkpt lat="40.6356130" lon="-3.1106050">
    <ele>828.2</ele>
   </trkpt>
   <trkpt lat="40.6355970" lon="-3.1105800">
    <ele>828.4</ele>
   </trkpt>
   <trkpt lat="40.6355820" lon="-3.1105570">
    <ele>828.6</ele>
   </trkpt>
   <trkpt lat="40.6355670" lon="-3.1105340">
    <ele>828.8</ele>
   </trkpt>
   <trkpt lat="40.6355480" lon="-3.1105140">
    <ele>829.0</ele>
   </trkpt>
   <trkpt lat="40.6355290" lon="-3.1104980">
    <ele>829.0</ele>
   </trkpt>
   <trkpt lat="40.6355130" lon="-3.1104880">
    <ele>829.2</ele>
   </trkpt>
   <trkpt lat="40.6354900" lon="-3.1104720">
    <ele>829.4</ele>
   </trkpt>
   <trkpt lat="40.6354640" lon="-3.1104580">
    <ele>829.6</ele>
   </trkpt>
   <trkpt lat="40.6354450" lon="-3.1104500">
    <ele>829.8</ele>
   </trkpt>
   <trkpt lat="40.6354220" lon="-3.1104430">
    <ele>829.8</ele>
   </trkpt>
   <trkpt lat="40.6353950" lon="-3.1104400">
    <ele>830.0</ele>
   </trkpt>
   <trkpt lat="40.6353720" lon="-3.1104400">
    <ele>830.2</ele>
   </trkpt>
   <trkpt lat="40.6353490" lon="-3.1104400">
    <ele>830.4</ele>
   </trkpt>
   <trkpt lat="40.6353260" lon="-3.1104440">
    <ele>830.6</ele>
   </trkpt>
   <trkpt lat="40.6353030" lon="-3.1104470">
    <ele>830.8</ele>
   </trkpt>
   <trkpt lat="40.6352770" lon="-3.1104540">
    <ele>831.0</ele>
   </trkpt>
   <trkpt lat="40.6352540" lon="-3.1104570">
    <ele>831.2</ele>
   </trkpt>
   <trkpt lat="40.6352270" lon="-3.1104640">
    <ele>831.4</ele>
   </trkpt>
   <trkpt lat="40.6352040" lon="-3.1104720">
    <ele>831.6</ele>
   </trkpt>
   <trkpt lat="40.6351810" lon="-3.1104750">
    <ele>831.8</ele>
   </trkpt>
   <trkpt lat="40.6351590" lon="-3.1104790">
    <ele>832.0</ele>
   </trkpt>
   <trkpt lat="40.6351360" lon="-3.1104840">
    <ele>832.2</ele>
   </trkpt>
   <trkpt lat="40.6351130" lon="-3.1104920">
    <ele>832.4</ele>
   </trkpt>
   <trkpt lat="40.6350900" lon="-3.1105010">
    <ele>832.6</ele>
   </trkpt>
   <trkpt lat="40.6350630" lon="-3.1105110">
    <ele>832.8</ele>
   </trkpt>
   <trkpt lat="40.6350400" lon="-3.1105190">
    <ele>833.0</ele>
   </trkpt>
   <trkpt lat="40.6350170" lon="-3.1105270">
    <ele>833.2</ele>
   </trkpt>
   <trkpt lat="40.6349950" lon="-3.1105330">
    <ele>833.4</ele>
   </trkpt>
   <trkpt lat="40.6349720" lon="-3.1105350">
    <ele>833.6</ele>
   </trkpt>
   <trkpt lat="40.6349450" lon="-3.1105330">
    <ele>833.6</ele>
   </trkpt>
   <trkpt lat="40.6349180" lon="-3.1105300">
    <ele>833.8</ele>
   </trkpt>
   <trkpt lat="40.6348950" lon="-3.1105300">
    <ele>834.0</ele>
   </trkpt>
   <trkpt lat="40.6348690" lon="-3.1105280">
    <ele>834.2</ele>
   </trkpt>
   <trkpt lat="40.6348420" lon="-3.1105230">
    <ele>834.2</ele>
   </trkpt>
   <trkpt lat="40.6348150" lon="-3.1105160">
    <ele>834.4</ele>
   </trkpt>
   <trkpt lat="40.6347920" lon="-3.1105080">
    <ele>834.6</ele>
   </trkpt>
   <trkpt lat="40.6347690" lon="-3.1104980">
    <ele>834.6</ele>
   </trkpt>
   <trkpt lat="40.6347470" lon="-3.1104860">
    <ele>834.8</ele>
   </trkpt>
   <trkpt lat="40.6347310" lon="-3.1104710">
    <ele>835.0</ele>
   </trkpt>
   <trkpt lat="40.6347120" lon="-3.1104470">
    <ele>835.2</ele>
   </trkpt>
   <trkpt lat="40.6346930" lon="-3.1104200">
    <ele>835.4</ele>
   </trkpt>
   <trkpt lat="40.6346820" lon="-3.1103880">
    <ele>835.6</ele>
   </trkpt>
   <trkpt lat="40.6346660" lon="-3.1103560">
    <ele>835.6</ele>
   </trkpt>
   <trkpt lat="40.6346630" lon="-3.1103220">
    <ele>835.8</ele>
   </trkpt>
   <trkpt lat="40.6346550" lon="-3.1102850">
    <ele>836.0</ele>
   </trkpt>
   <trkpt lat="40.6346550" lon="-3.1102440">
    <ele>836.2</ele>
   </trkpt>
   <trkpt lat="40.6346590" lon="-3.1102080">
    <ele>836.4</ele>
   </trkpt>
   <trkpt lat="40.6346660" lon="-3.1101710">
    <ele>836.6</ele>
   </trkpt>
   <trkpt lat="40.6346660" lon="-3.1101370">
    <ele>836.6</ele>
   </trkpt>
   <trkpt lat="40.6346700" lon="-3.1101050">
    <ele>836.8</ele>
   </trkpt>
   <trkpt lat="40.6346780" lon="-3.1100720">
    <ele>837.0</ele>
   </trkpt>
   <trkpt lat="40.6346850" lon="-3.1100390">
    <ele>837.2</ele>
   </trkpt>
   <trkpt lat="40.6346930" lon="-3.1100080">
    <ele>837.6</ele>
   </trkpt>
   <trkpt lat="40.6346970" lon="-3.1099770">
    <ele>837.8</ele>
   </trkpt>
   <trkpt lat="40.6347050" lon="-3.1099450">
    <ele>837.8</ele>
   </trkpt>
   <trkpt lat="40.6347080" lon="-3.1099170">
    <ele>838.0</ele>
   </trkpt>
   <trkpt lat="40.6347160" lon="-3.1098860">
    <ele>838.2</ele>
   </trkpt>
   <trkpt lat="40.6347200" lon="-3.1098520">
    <ele>838.4</ele>
   </trkpt>
   <trkpt lat="40.6347310" lon="-3.1098220">
    <ele>838.6</ele>
   </trkpt>
   <trkpt lat="40.6347390" lon="-3.1097880">
    <ele>838.6</ele>
   </trkpt>
   <trkpt lat="40.6347470" lon="-3.1097550">
    <ele>838.8</ele>
   </trkpt>
   <trkpt lat="40.6347540" lon="-3.1097200">
    <ele>839.0</ele>
   </trkpt>
   <trkpt lat="40.6347660" lon="-3.1096830">
    <ele>839.2</ele>
   </trkpt>
   <trkpt lat="40.6347770" lon="-3.1096500">
    <ele>839.4</ele>
   </trkpt>
   <trkpt lat="40.6347880" lon="-3.1096150">
    <ele>839.6</ele>
   </trkpt>
   <trkpt lat="40.6348040" lon="-3.1095840">
    <ele>839.8</ele>
   </trkpt>
   <trkpt lat="40.6348230" lon="-3.1095570">
    <ele>840.0</ele>
   </trkpt>
   <trkpt lat="40.6348460" lon="-3.1095300">
    <ele>840.0</ele>
   </trkpt>
   <trkpt lat="40.6348690" lon="-3.1095090">
    <ele>840.2</ele>
   </trkpt>
   <trkpt lat="40.6348950" lon="-3.1094890">
    <ele>840.4</ele>
   </trkpt>
   <trkpt lat="40.6349220" lon="-3.1094690">
    <ele>840.4</ele>
   </trkpt>
   <trkpt lat="40.6349490" lon="-3.1094520">
    <ele>840.6</ele>
   </trkpt>
   <trkpt lat="40.6349750" lon="-3.1094320">
    <ele>840.8</ele>
   </trkpt>
   <trkpt lat="40.6350020" lon="-3.1094120">
    <ele>841.0</ele>
   </trkpt>
   <trkpt lat="40.6350290" lon="-3.1093910">
    <ele>841.0</ele>
   </trkpt>
   <trkpt lat="40.6350480" lon="-3.1093720">
    <ele>841.2</ele>
   </trkpt>
   <trkpt lat="40.6350780" lon="-3.1093450">
    <ele>841.4</ele>
   </trkpt>
   <trkpt lat="40.6351010" lon="-3.1093220">
    <ele>841.6</ele>
   </trkpt>
   <trkpt lat="40.6351240" lon="-3.1093000">
    <ele>841.8</ele>
   </trkpt>
   <trkpt lat="40.6351510" lon="-3.1092750">
    <ele>841.8</ele>
   </trkpt>
   <trkpt lat="40.6351740" lon="-3.1092500">
    <ele>842.0</ele>
   </trkpt>
   <trkpt lat="40.6352000" lon="-3.1092230">
    <ele>842.2</ele>
   </trkpt>
   <trkpt lat="40.6352230" lon="-3.1091950">
    <ele>842.2</ele>
   </trkpt>
   <trkpt lat="40.6352460" lon="-3.1091650">
    <ele>842.4</ele>
   </trkpt>
   <trkpt lat="40.6352690" lon="-3.1091370">
    <ele>842.6</ele>
   </trkpt>
   <trkpt lat="40.6352880" lon="-3.1091070">
    <ele>842.8</ele>
   </trkpt>
   <trkpt lat="40.6353110" lon="-3.1090770">
    <ele>843.0</ele>
   </trkpt>
   <trkpt lat="40.6353300" lon="-3.1090500">
    <ele>843.2</ele>
   </trkpt>
   <trkpt lat="40.6353530" lon="-3.1090230">
    <ele>843.4</ele>
   </trkpt>
   <trkpt lat="40.6353720" lon="-3.1089970">
    <ele>843.6</ele>
   </trkpt>
   <trkpt lat="40.6353950" lon="-3.1089720">
    <ele>843.8</ele>
   </trkpt>
   <trkpt lat="40.6354180" lon="-3.1089490">
    <ele>844.0</ele>
   </trkpt>
   <trkpt lat="40.6354370" lon="-3.1089270">
    <ele>844.2</ele>
   </trkpt>
   <trkpt lat="40.6354600" lon="-3.1089020">
    <ele>844.4</ele>
   </trkpt>
   <trkpt lat="40.6354830" lon="-3.1088790">
    <ele>844.6</ele>
   </trkpt>
   <trkpt lat="40.6355020" lon="-3.1088550">
    <ele>844.8</ele>
   </trkpt>
   <trkpt lat="40.6355290" lon="-3.1088320">
    <ele>845.2</ele>
   </trkpt>
   <trkpt lat="40.6355510" lon="-3.1088070">
    <ele>845.4</ele>
   </trkpt>
   <trkpt lat="40.6355710" lon="-3.1087840">
    <ele>845.6</ele>
   </trkpt>
   <trkpt lat="40.6355930" lon="-3.1087600">
    <ele>845.8</ele>
   </trkpt>
   <trkpt lat="40.6356200" lon="-3.1087390">
    <ele>845.8</ele>
   </trkpt>
   <trkpt lat="40.6356430" lon="-3.1087190">
    <ele>846.0</ele>
   </trkpt>
   <trkpt lat="40.6356660" lon="-3.1087010">
    <ele>846.2</ele>
   </trkpt>
   <trkpt lat="40.6356930" lon="-3.1086860">
    <ele>846.4</ele>
   </trkpt>
   <trkpt lat="40.6357190" lon="-3.1086730">
    <ele>846.6</ele>
   </trkpt>
   <trkpt lat="40.6357460" lon="-3.1086610">
    <ele>846.8</ele>
   </trkpt>
   <trkpt lat="40.6357730" lon="-3.1086510">
    <ele>846.8</ele>
   </trkpt>
   <trkpt lat="40.6358030" lon="-3.1086450">
    <ele>847.0</ele>
   </trkpt>
   <trkpt lat="40.6358300" lon="-3.1086440">
    <ele>847.0</ele>
   </trkpt>
   <trkpt lat="40.6358600" lon="-3.1086470">
    <ele>847.2</ele>
   </trkpt>
   <trkpt lat="40.6358910" lon="-3.1086540">
    <ele>847.2</ele>
   </trkpt>
   <trkpt lat="40.6359210" lon="-3.1086660">
    <ele>847.4</ele>
   </trkpt>
   <trkpt lat="40.6359480" lon="-3.1086830">
    <ele>847.6</ele>
   </trkpt>
   <trkpt lat="40.6359750" lon="-3.1087030">
    <ele>847.6</ele>
   </trkpt>
   <trkpt lat="40.6360020" lon="-3.1087190">
    <ele>847.8</ele>
   </trkpt>
   <trkpt lat="40.6360240" lon="-3.1087310">
    <ele>847.8</ele>
   </trkpt>
   <trkpt lat="40.6360590" lon="-3.1087460">
    <ele>848.0</ele>
   </trkpt>
   <trkpt lat="40.6360930" lon="-3.1087590">
    <ele>848.0</ele>
   </trkpt>
   <trkpt lat="40.6361200" lon="-3.1087670">
    <ele>848.2</ele>
   </trkpt>
   <trkpt lat="40.6361500" lon="-3.1087730">
    <ele>848.4</ele>
   </trkpt>
   <trkpt lat="40.6361810" lon="-3.1087730">
    <ele>848.6</ele>
   </trkpt>
   <trkpt lat="40.6362110" lon="-3.1087660">
    <ele>848.8</ele>
   </trkpt>
   <trkpt lat="40.6362380" lon="-3.1087540">
    <ele>849.0</ele>
   </trkpt>
   <trkpt lat="40.6362650" lon="-3.1087410">
    <ele>849.4</ele>
   </trkpt>
   <trkpt lat="40.6362880" lon="-3.1087240">
    <ele>849.6</ele>
   </trkpt>
   <trkpt lat="40.6363070" lon="-3.1087070">
    <ele>849.8</ele>
   </trkpt>
   <trkpt lat="40.6363180" lon="-3.1086920">
    <ele>850.0</ele>
   </trkpt>
   <trkpt lat="40.6363410" lon="-3.1086650">
    <ele>850.4</ele>
   </trkpt>
   <trkpt lat="40.6363600" lon="-3.1086420">
    <ele>850.4</ele>
   </trkpt>
   <trkpt lat="40.6363830" lon="-3.1086190">
    <ele>850.6</ele>
   </trkpt>
   <trkpt lat="40.6364060" lon="-3.1085970">
    <ele>850.8</ele>
   </trkpt>
   <trkpt lat="40.6364290" lon="-3.1085770">
    <ele>850.8</ele>
   </trkpt>
   <trkpt lat="40.6364520" lon="-3.1085570">
    <ele>851.0</ele>
   </trkpt>
   <trkpt lat="40.6364780" lon="-3.1085370">
    <ele>851.0</ele>
   </trkpt>
   <trkpt lat="40.6365010" lon="-3.1085210">
    <ele>851.2</ele>
   </trkpt>
   <trkpt lat="40.6365280" lon="-3.1085040">
    <ele>851.6</ele>
   </trkpt>
   <trkpt lat="40.6365550" lon="-3.1084910">
    <ele>851.8</ele>
   </trkpt>
   <trkpt lat="40.6365810" lon="-3.1084810">
    <ele>852.0</ele>
   </trkpt>
   <trkpt lat="40.6366080" lon="-3.1084730">
    <ele>852.2</ele>
   </trkpt>
   <trkpt lat="40.6366350" lon="-3.1084680">
    <ele>852.4</ele>
   </trkpt>
   <trkpt lat="40.6366650" lon="-3.1084650">
    <ele>852.6</ele>
   </trkpt>
   <trkpt lat="40.6366920" lon="-3.1084650">
    <ele>852.8</ele>
   </trkpt>
   <trkpt lat="40.6367230" lon="-3.1084630">
    <ele>853.0</ele>
   </trkpt>
   <trkpt lat="40.6367490" lon="-3.1084620">
    <ele>853.0</ele>
   </trkpt>
   <trkpt lat="40.6367800" lon="-3.1084630">
    <ele>853.2</ele>
   </trkpt>
   <trkpt lat="40.6368100" lon="-3.1084650">
    <ele>853.4</ele>
   </trkpt>
   <trkpt lat="40.6368410" lon="-3.1084670">
    <ele>853.4</ele>
   </trkpt>
   <trkpt lat="40.6368710" lon="-3.1084680">
    <ele>853.6</ele>
   </trkpt>
   <trkpt lat="40.6369020" lon="-3.1084690">
    <ele>853.6</ele>
   </trkpt>
   <trkpt lat="40.6369360" lon="-3.1084740">
    <ele>853.8</ele>
   </trkpt>
   <trkpt lat="40.6369710" lon="-3.1084810">
    <ele>853.8</ele>
   </trkpt>
   <trkpt lat="40.6370050" lon="-3.1084940">
    <ele>853.8</ele>
   </trkpt>
   <trkpt lat="40.6370390" lon="-3.1085040">
    <ele>853.8</ele>
   </trkpt>
   <trkpt lat="40.6370730" lon="-3.1085160">
    <ele>854.0</ele>
   </trkpt>
   <trkpt lat="40.6371080" lon="-3.1085340">
    <ele>854.0</ele>
   </trkpt>
   <trkpt lat="40.6371420" lon="-3.1085510">
    <ele>853.8</ele>
   </trkpt>
   <trkpt lat="40.6371760" lon="-3.1085700">
    <ele>853.8</ele>
   </trkpt>
   <trkpt lat="40.6372150" lon="-3.1085890">
    <ele>853.8</ele>
   </trkpt>
   <trkpt lat="40.6372570" lon="-3.1086070">
    <ele>854.0</ele>
   </trkpt>
   <trkpt lat="40.6372990" lon="-3.1086180">
    <ele>854.0</ele>
   </trkpt>
   <trkpt lat="40.6373370" lon="-3.1086190">
    <ele>854.0</ele>
   </trkpt>
   <trkpt lat="40.6373790" lon="-3.1086130">
    <ele>853.8</ele>
   </trkpt>
   <trkpt lat="40.6374240" lon="-3.1085970">
    <ele>853.8</ele>
   </trkpt>
   <trkpt lat="40.6374700" lon="-3.1085730">
    <ele>853.6</ele>
   </trkpt>
   <trkpt lat="40.6375160" lon="-3.1085420">
    <ele>853.4</ele>
   </trkpt>
   <trkpt lat="40.6375500" lon="-3.1085130">
    <ele>853.4</ele>
   </trkpt>
   <trkpt lat="40.6376080" lon="-3.1084720">
    <ele>853.2</ele>
   </trkpt>
   <trkpt lat="40.6376610" lon="-3.1084480">
    <ele>853.0</ele>
   </trkpt>
   <trkpt lat="40.6377180" lon="-3.1084410">
    <ele>852.8</ele>
   </trkpt>
   <trkpt lat="40.6377750" lon="-3.1084570">
    <ele>852.6</ele>
   </trkpt>
   <trkpt lat="40.6378290" lon="-3.1084890">
    <ele>852.6</ele>
   </trkpt>
   <trkpt lat="40.6378780" lon="-3.1085340">
    <ele>852.4</ele>
   </trkpt>
   <trkpt lat="40.6379200" lon="-3.1085880">
    <ele>852.4</ele>
   </trkpt>
   <trkpt lat="40.6379550" lon="-3.1086500">
    <ele>852.2</ele>
   </trkpt>
   <trkpt lat="40.6379850" lon="-3.1087140">
    <ele>852.2</ele>
   </trkpt>
   <trkpt lat="40.6380080" lon="-3.1087800">
    <ele>852.2</ele>
   </trkpt>
   <trkpt lat="40.6380420" lon="-3.1088400">
    <ele>852.2</ele>
   </trkpt>
   <trkpt lat="40.6380730" lon="-3.1088940">
    <ele>852.0</ele>
   </trkpt>
   <trkpt lat="40.6381030" lon="-3.1089340">
    <ele>852.0</ele>
   </trkpt>
   <trkpt lat="40.6381610" lon="-3.1089760">
    <ele>852.0</ele>
   </trkpt>
   <trkpt lat="40.6382100" lon="-3.1089870">
    <ele>852.2</ele>
   </trkpt>
   <trkpt lat="40.6382640" lon="-3.1089840">
    <ele>852.2</ele>
   </trkpt>
   <trkpt lat="40.6383170" lon="-3.1089720">
    <ele>852.4</ele>
   </trkpt>
   <trkpt lat="40.6383700" lon="-3.1089500">
    <ele>852.4</ele>
   </trkpt>
   <trkpt lat="40.6384200" lon="-3.1089270">
    <ele>852.6</ele>
   </trkpt>
   <trkpt lat="40.6384660" lon="-3.1089060">
    <ele>852.8</ele>
   </trkpt>
   <trkpt lat="40.6385120" lon="-3.1088840">
    <ele>853.0</ele>
   </trkpt>
   <trkpt lat="40.6385540" lon="-3.1088640">
    <ele>853.2</ele>
   </trkpt>
   <trkpt lat="40.6385960" lon="-3.1088490">
    <ele>853.4</ele>
   </trkpt>
   <trkpt lat="40.6386380" lon="-3.1088400">
    <ele>853.6</ele>
   </trkpt>
   <trkpt lat="40.6386830" lon="-3.1088370">
    <ele>853.6</ele>
   </trkpt>
   <trkpt lat="40.6387250" lon="-3.1088350">
    <ele>853.8</ele>
   </trkpt>
   <trkpt lat="40.6387670" lon="-3.1088390">
    <ele>853.8</ele>
   </trkpt>
   <trkpt lat="40.6388090" lon="-3.1088480">
    <ele>854.0</ele>
   </trkpt>
   <trkpt lat="40.6388510" lon="-3.1088630">
    <ele>854.0</ele>
   </trkpt>
   <trkpt lat="40.6388890" lon="-3.1088790">
    <ele>854.2</ele>
   </trkpt>
   <trkpt lat="40.6389310" lon="-3.1088960">
    <ele>854.2</ele>
   </trkpt>
   <trkpt lat="40.6389730" lon="-3.1089150">
    <ele>854.4</ele>
   </trkpt>
   <trkpt lat="40.6390080" lon="-3.1089350">
    <ele>854.4</ele>
   </trkpt>
   <trkpt lat="40.6390460" lon="-3.1089530">
    <ele>854.6</ele>
   </trkpt>
   <trkpt lat="40.6390800" lon="-3.1089730">
    <ele>854.8</ele>
   </trkpt>
   <trkpt lat="40.6391110" lon="-3.1089890">
    <ele>855.0</ele>
   </trkpt>
   <trkpt lat="40.6391490" lon="-3.1090010">
    <ele>855.0</ele>
   </trkpt>
   <trkpt lat="40.6391870" lon="-3.1090100">
    <ele>855.2</ele>
   </trkpt>
   <trkpt lat="40.6392250" lon="-3.1090150">
    <ele>855.4</ele>
   </trkpt>
   <trkpt lat="40.6392630" lon="-3.1090200">
    <ele>855.6</ele>
   </trkpt>
   <trkpt lat="40.6392970" lon="-3.1090230">
    <ele>855.6</ele>
   </trkpt>
   <trkpt lat="40.6393360" lon="-3.1090250">
    <ele>855.8</ele>
   </trkpt>
   <trkpt lat="40.6393660" lon="-3.1090270">
    <ele>856.0</ele>
   </trkpt>
   <trkpt lat="40.6393970" lon="-3.1090300">
    <ele>856.2</ele>
   </trkpt>
   <trkpt lat="40.6394310" lon="-3.1090340">
    <ele>856.4</ele>
   </trkpt>
   <trkpt lat="40.6394610" lon="-3.1090370">
    <ele>856.6</ele>
   </trkpt>
   <trkpt lat="40.6394960" lon="-3.1090420">
    <ele>856.8</ele>
   </trkpt>
   <trkpt lat="40.6395300" lon="-3.1090430">
    <ele>857.0</ele>
   </trkpt>
   <trkpt lat="40.6395640" lon="-3.1090430">
    <ele>857.2</ele>
   </trkpt>
   <trkpt lat="40.6395950" lon="-3.1090410">
    <ele>857.2</ele>
   </trkpt>
   <trkpt lat="40.6396260" lon="-3.1090380">
    <ele>857.4</ele>
   </trkpt>
   <trkpt lat="40.6396560" lon="-3.1090300">
    <ele>857.8</ele>
   </trkpt>
   <trkpt lat="40.6396870" lon="-3.1090190">
    <ele>858.0</ele>
   </trkpt>
   <trkpt lat="40.6397170" lon="-3.1090080">
    <ele>858.2</ele>
   </trkpt>
   <trkpt lat="40.6397480" lon="-3.1089960">
    <ele>858.4</ele>
   </trkpt>
   <trkpt lat="40.6397780" lon="-3.1089840">
    <ele>858.6</ele>
   </trkpt>
   <trkpt lat="40.6398050" lon="-3.1089690">
    <ele>858.8</ele>
   </trkpt>
   <trkpt lat="40.6398320" lon="-3.1089560">
    <ele>859.0</ele>
   </trkpt>
   <trkpt lat="40.6398660" lon="-3.1089440">
    <ele>859.2</ele>
   </trkpt>
   <trkpt lat="40.6398930" lon="-3.1089330">
    <ele>859.4</ele>
   </trkpt>
   <trkpt lat="40.6399270" lon="-3.1089270">
    <ele>859.6</ele>
   </trkpt>
   <trkpt lat="40.6399540" lon="-3.1089230">
    <ele>859.8</ele>
   </trkpt>
   <trkpt lat="40.6399880" lon="-3.1089160">
    <ele>859.8</ele>
   </trkpt>
   <trkpt lat="40.6400180" lon="-3.1089100">
    <ele>860.0</ele>
   </trkpt>
   <trkpt lat="40.6400530" lon="-3.1089050">
    <ele>860.2</ele>
   </trkpt>
   <trkpt lat="40.6400790" lon="-3.1089000">
    <ele>860.4</ele>
   </trkpt>
   <trkpt lat="40.6401140" lon="-3.1088980">
    <ele>860.4</ele>
   </trkpt>
   <trkpt lat="40.6401440" lon="-3.1088950">
    <ele>860.6</ele>
   </trkpt>
   <trkpt lat="40.6401790" lon="-3.1088920">
    <ele>860.8</ele>
   </trkpt>
   <trkpt lat="40.6402130" lon="-3.1088900">
    <ele>861.0</ele>
   </trkpt>
   <trkpt lat="40.6402440" lon="-3.1088900">
    <ele>861.0</ele>
   </trkpt>
   <trkpt lat="40.6402780" lon="-3.1088920">
    <ele>861.2</ele>
   </trkpt>
   <trkpt lat="40.6403080" lon="-3.1088920">
    <ele>861.4</ele>
   </trkpt>
   <trkpt lat="40.6403470" lon="-3.1088940">
    <ele>861.6</ele>
   </trkpt>
   <trkpt lat="40.6403810" lon="-3.1088970">
    <ele>861.6</ele>
   </trkpt>
   <trkpt lat="40.6404150" lon="-3.1089020">
    <ele>861.8</ele>
   </trkpt>
   <trkpt lat="40.6404500" lon="-3.1089050">
    <ele>861.8</ele>
   </trkpt>
   <trkpt lat="40.6404840" lon="-3.1089070">
    <ele>862.0</ele>
   </trkpt>
   <trkpt lat="40.6405180" lon="-3.1089070">
    <ele>862.2</ele>
   </trkpt>
   <trkpt lat="40.6405520" lon="-3.1089050">
    <ele>862.2</ele>
   </trkpt>
   <trkpt lat="40.6405870" lon="-3.1089070">
    <ele>862.4</ele>
   </trkpt>
   <trkpt lat="40.6406210" lon="-3.1089070">
    <ele>862.6</ele>
   </trkpt>
   <trkpt lat="40.6406520" lon="-3.1089070">
    <ele>862.8</ele>
   </trkpt>
   <trkpt lat="40.6406820" lon="-3.1089050">
    <ele>862.8</ele>
   </trkpt>
   <trkpt lat="40.6407200" lon="-3.1089030">
    <ele>863.0</ele>
   </trkpt>
   <trkpt lat="40.6407550" lon="-3.1089000">
    <ele>863.2</ele>
   </trkpt>
   <trkpt lat="40.6407890" lon="-3.1088970">
    <ele>863.2</ele>
   </trkpt>
   <trkpt lat="40.6408230" lon="-3.1088910">
    <ele>863.4</ele>
   </trkpt>
   <trkpt lat="40.6408540" lon="-3.1088880">
    <ele>863.6</ele>
   </trkpt>
   <trkpt lat="40.6408880" lon="-3.1088790">
    <ele>863.6</ele>
   </trkpt>
   <trkpt lat="40.6409190" lon="-3.1088690">
    <ele>863.8</ele>
   </trkpt>
   <trkpt lat="40.6409490" lon="-3.1088580">
    <ele>864.0</ele>
   </trkpt>
   <trkpt lat="40.6409840" lon="-3.1088440">
    <ele>864.0</ele>
   </trkpt>
   <trkpt lat="40.6410180" lon="-3.1088310">
    <ele>864.2</ele>
   </trkpt>
   <trkpt lat="40.6410480" lon="-3.1088180">
    <ele>864.4</ele>
   </trkpt>
   <trkpt lat="40.6410830" lon="-3.1088040">
    <ele>864.6</ele>
   </trkpt>
   <trkpt lat="40.6411130" lon="-3.1087940">
    <ele>864.8</ele>
   </trkpt>
   <trkpt lat="40.6411480" lon="-3.1087840">
    <ele>865.0</ele>
   </trkpt>
   <trkpt lat="40.6411780" lon="-3.1087700">
    <ele>865.0</ele>
   </trkpt>
   <trkpt lat="40.6412090" lon="-3.1087500">
    <ele>865.2</ele>
   </trkpt>
   <trkpt lat="40.6412430" lon="-3.1087250">
    <ele>865.4</ele>
   </trkpt>
   <trkpt lat="40.6412730" lon="-3.1086990">
    <ele>865.4</ele>
   </trkpt>
   <trkpt lat="40.6413080" lon="-3.1086750">
    <ele>865.6</ele>
   </trkpt>
   <trkpt lat="40.6413380" lon="-3.1086550">
    <ele>865.8</ele>
   </trkpt>
   <trkpt lat="40.6413730" lon="-3.1086350">
    <ele>865.8</ele>
   </trkpt>
   <trkpt lat="40.6413990" lon="-3.1086150">
    <ele>866.0</ele>
   </trkpt>
   <trkpt lat="40.6414340" lon="-3.1085930">
    <ele>866.2</ele>
   </trkpt>
   <trkpt lat="40.6414640" lon="-3.1085720">
    <ele>866.2</ele>
   </trkpt>
   <trkpt lat="40.6414990" lon="-3.1085500">
    <ele>866.4</ele>
   </trkpt>
   <trkpt lat="40.6415330" lon="-3.1085270">
    <ele>866.6</ele>
   </trkpt>
   <trkpt lat="40.6415670" lon="-3.1085040">
    <ele>866.6</ele>
   </trkpt>
   <trkpt lat="40.6415980" lon="-3.1084800">
    <ele>866.8</ele>
   </trkpt>
   <trkpt lat="40.6416320" lon="-3.1084530">
    <ele>866.8</ele>
   </trkpt>
   <trkpt lat="40.6416700" lon="-3.1084250">
    <ele>867.0</ele>
   </trkpt>
   <trkpt lat="40.6417050" lon="-3.1083970">
    <ele>867.0</ele>
   </trkpt>
   <trkpt lat="40.6417350" lon="-3.1083670">
    <ele>867.2</ele>
   </trkpt>
   <trkpt lat="40.6417690" lon="-3.1083350">
    <ele>867.4</ele>
   </trkpt>
   <trkpt lat="40.6418000" lon="-3.1082990">
    <ele>867.4</ele>
   </trkpt>
   <trkpt lat="40.6418300" lon="-3.1082590">
    <ele>867.6</ele>
   </trkpt>
   <trkpt lat="40.6418570" lon="-3.1082170">
    <ele>867.6</ele>
   </trkpt>
   <trkpt lat="40.6418840" lon="-3.1081740">
    <ele>867.8</ele>
   </trkpt>
   <trkpt lat="40.6419070" lon="-3.1081310">
    <ele>868.0</ele>
   </trkpt>
   <trkpt lat="40.6419330" lon="-3.1080800">
    <ele>868.0</ele>
   </trkpt>
   <trkpt lat="40.6419560" lon="-3.1080310">
    <ele>868.2</ele>
   </trkpt>
   <trkpt lat="40.6419750" lon="-3.1079810">
    <ele>868.4</ele>
   </trkpt>
   <trkpt lat="40.6419910" lon="-3.1079320">
    <ele>868.4</ele>
   </trkpt>
   <trkpt lat="40.6420100" lon="-3.1078820">
    <ele>868.6</ele>
   </trkpt>
   <trkpt lat="40.6420210" lon="-3.1078320">
    <ele>868.8</ele>
   </trkpt>
   <trkpt lat="40.6420330" lon="-3.1077820">
    <ele>869.0</ele>
   </trkpt>
   <trkpt lat="40.6420480" lon="-3.1077320">
    <ele>869.2</ele>
   </trkpt>
   <trkpt lat="40.6420560" lon="-3.1076790">
    <ele>869.4</ele>
   </trkpt>
   <trkpt lat="40.6420630" lon="-3.1076280">
    <ele>869.6</ele>
   </trkpt>
   <trkpt lat="40.6420750" lon="-3.1075790">
    <ele>869.8</ele>
   </trkpt>
   <trkpt lat="40.6420780" lon="-3.1075310">
    <ele>870.0</ele>
   </trkpt>
   <trkpt lat="40.6420860" lon="-3.1074860">
    <ele>870.2</ele>
   </trkpt>
   <trkpt lat="40.6420940" lon="-3.1074410">
    <ele>870.4</ele>
   </trkpt>
   <trkpt lat="40.6421010" lon="-3.1073960">
    <ele>870.6</ele>
   </trkpt>
   <trkpt lat="40.6421130" lon="-3.1073510">
    <ele>870.8</ele>
   </trkpt>
   <trkpt lat="40.6421240" lon="-3.1073060">
    <ele>871.0</ele>
   </trkpt>
   <trkpt lat="40.6421390" lon="-3.1072610">
    <ele>871.2</ele>
   </trkpt>
   <trkpt lat="40.6421510" lon="-3.1072190">
    <ele>871.4</ele>
   </trkpt>
   <trkpt lat="40.6421620" lon="-3.1071780">
    <ele>871.4</ele>
   </trkpt>
   <trkpt lat="40.6421740" lon="-3.1071340">
    <ele>871.6</ele>
   </trkpt>
   <trkpt lat="40.6421890" lon="-3.1070890">
    <ele>871.8</ele>
   </trkpt>
   <trkpt lat="40.6422040" lon="-3.1070480">
    <ele>872.0</ele>
   </trkpt>
   <trkpt lat="40.6422200" lon="-3.1070090">
    <ele>872.0</ele>
   </trkpt>
   <trkpt lat="40.6422350" lon="-3.1069700">
    <ele>872.2</ele>
   </trkpt>
   <trkpt lat="40.6422460" lon="-3.1069290">
    <ele>872.4</ele>
   </trkpt>
   <trkpt lat="40.6422610" lon="-3.1068880">
    <ele>872.6</ele>
   </trkpt>
   <trkpt lat="40.6422730" lon="-3.1068480">
    <ele>872.8</ele>
   </trkpt>
   <trkpt lat="40.6422840" lon="-3.1068060">
    <ele>873.0</ele>
   </trkpt>
   <trkpt lat="40.6422960" lon="-3.1067610">
    <ele>873.0</ele>
   </trkpt>
   <trkpt lat="40.6423070" lon="-3.1067170">
    <ele>873.2</ele>
   </trkpt>
   <trkpt lat="40.6423190" lon="-3.1066760">
    <ele>873.4</ele>
   </trkpt>
   <trkpt lat="40.6423340" lon="-3.1066360">
    <ele>873.6</ele>
   </trkpt>
   <trkpt lat="40.6423450" lon="-3.1065920">
    <ele>873.8</ele>
   </trkpt>
   <trkpt lat="40.6423570" lon="-3.1065490">
    <ele>873.8</ele>
   </trkpt>
   <trkpt lat="40.6423720" lon="-3.1065090">
    <ele>874.0</ele>
   </trkpt>
   <trkpt lat="40.6423870" lon="-3.1064640">
    <ele>874.2</ele>
   </trkpt>
   <trkpt lat="40.6424030" lon="-3.1064220">
    <ele>874.2</ele>
   </trkpt>
   <trkpt lat="40.6424140" lon="-3.1063810">
    <ele>874.4</ele>
   </trkpt>
   <trkpt lat="40.6424250" lon="-3.1063380">
    <ele>874.6</ele>
   </trkpt>
   <trkpt lat="40.6424410" lon="-3.1062970">
    <ele>874.8</ele>
   </trkpt>
   <trkpt lat="40.6424520" lon="-3.1062620">
    <ele>875.0</ele>
   </trkpt>
   <trkpt lat="40.6424670" lon="-3.1062110">
    <ele>875.2</ele>
   </trkpt>
   <trkpt lat="40.6424830" lon="-3.1061710">
    <ele>875.2</ele>
   </trkpt>
   <trkpt lat="40.6424940" lon="-3.1061300">
    <ele>875.4</ele>
   </trkpt>
   <trkpt lat="40.6425060" lon="-3.1060890">
    <ele>875.6</ele>
   </trkpt>
   <trkpt lat="40.6425170" lon="-3.1060460">
    <ele>875.8</ele>
   </trkpt>
   <trkpt lat="40.6425320" lon="-3.1060040">
    <ele>876.0</ele>
   </trkpt>
   <trkpt lat="40.6425440" lon="-3.1059610">
    <ele>876.0</ele>
   </trkpt>
   <trkpt lat="40.6425590" lon="-3.1059160">
    <ele>876.2</ele>
   </trkpt>
   <trkpt lat="40.6425700" lon="-3.1058740">
    <ele>876.4</ele>
   </trkpt>
   <trkpt lat="40.6425820" lon="-3.1058320">
    <ele>876.6</ele>
   </trkpt>
   <trkpt lat="40.6425930" lon="-3.1057890">
    <ele>876.8</ele>
   </trkpt>
   <trkpt lat="40.6426050" lon="-3.1057460">
    <ele>876.8</ele>
   </trkpt>
   <trkpt lat="40.6426160" lon="-3.1056990">
    <ele>877.0</ele>
   </trkpt>
   <trkpt lat="40.6426240" lon="-3.1056540">
    <ele>877.2</ele>
   </trkpt>
   <trkpt lat="40.6426320" lon="-3.1056070">
    <ele>877.4</ele>
   </trkpt>
   <trkpt lat="40.6426350" lon="-3.1055610">
    <ele>877.6</ele>
   </trkpt>
   <trkpt lat="40.6426430" lon="-3.1055140">
    <ele>877.8</ele>
   </trkpt>
   <trkpt lat="40.6426470" lon="-3.1054670">
    <ele>878.0</ele>
   </trkpt>
   <trkpt lat="40.6426470" lon="-3.1054190">
    <ele>878.2</ele>
   </trkpt>
   <trkpt lat="40.6426390" lon="-3.1053720">
    <ele>878.4</ele>
   </trkpt>
   <trkpt lat="40.6426350" lon="-3.1053270">
    <ele>878.4</ele>
   </trkpt>
   <trkpt lat="40.6426320" lon="-3.1052810">
    <ele>878.6</ele>
   </trkpt>
   <trkpt lat="40.6426280" lon="-3.1052360">
    <ele>878.8</ele>
   </trkpt>
   <trkpt lat="40.6426240" lon="-3.1051910">
    <ele>879.0</ele>
   </trkpt>
   <trkpt lat="40.6426160" lon="-3.1051450">
    <ele>879.2</ele>
   </trkpt>
   <trkpt lat="40.6426090" lon="-3.1050990">
    <ele>879.4</ele>
   </trkpt>
   <trkpt lat="40.6426050" lon="-3.1050540">
    <ele>879.6</ele>
   </trkpt>
   <trkpt lat="40.6425970" lon="-3.1050090">
    <ele>879.8</ele>
   </trkpt>
   <trkpt lat="40.6425930" lon="-3.1049660">
    <ele>880.0</ele>
   </trkpt>
   <trkpt lat="40.6425860" lon="-3.1049240">
    <ele>880.2</ele>
   </trkpt>
   <trkpt lat="40.6425860" lon="-3.1048840">
    <ele>880.4</ele>
   </trkpt>
   <trkpt lat="40.6425820" lon="-3.1048400">
    <ele>880.6</ele>
   </trkpt>
   <trkpt lat="40.6425740" lon="-3.1047980">
    <ele>880.8</ele>
   </trkpt>
   <trkpt lat="40.6425700" lon="-3.1047540">
    <ele>881.0</ele>
   </trkpt>
   <trkpt lat="40.6425670" lon="-3.1047110">
    <ele>881.2</ele>
   </trkpt>
   <trkpt lat="40.6425590" lon="-3.1046690">
    <ele>881.4</ele>
   </trkpt>
   <trkpt lat="40.6425550" lon="-3.1046240">
    <ele>881.6</ele>
   </trkpt>
   <trkpt lat="40.6425510" lon="-3.1045810">
    <ele>881.8</ele>
   </trkpt>
   <trkpt lat="40.6425480" lon="-3.1045400">
    <ele>882.0</ele>
   </trkpt>
   <trkpt lat="40.6425480" lon="-3.1044990">
    <ele>882.2</ele>
   </trkpt>
   <trkpt lat="40.6425440" lon="-3.1044590">
    <ele>882.4</ele>
   </trkpt>
   <trkpt lat="40.6425440" lon="-3.1044180">
    <ele>882.6</ele>
   </trkpt>
   <trkpt lat="40.6425400" lon="-3.1043770">
    <ele>882.8</ele>
   </trkpt>
   <trkpt lat="40.6425360" lon="-3.1043350">
    <ele>883.0</ele>
   </trkpt>
   <trkpt lat="40.6425320" lon="-3.1042980">
    <ele>883.2</ele>
   </trkpt>
   <trkpt lat="40.6425320" lon="-3.1042480">
    <ele>883.4</ele>
   </trkpt>
   <trkpt lat="40.6425280" lon="-3.1042070">
    <ele>883.6</ele>
   </trkpt>
   <trkpt lat="40.6425210" lon="-3.1041680">
    <ele>883.8</ele>
   </trkpt>
   <trkpt lat="40.6425210" lon="-3.1041260">
    <ele>884.0</ele>
   </trkpt>
   <trkpt lat="40.6425210" lon="-3.1040840">
    <ele>884.2</ele>
   </trkpt>
   <trkpt lat="40.6425250" lon="-3.1040390">
    <ele>884.2</ele>
   </trkpt>
   <trkpt lat="40.6425280" lon="-3.1039940">
    <ele>884.4</ele>
   </trkpt>
   <trkpt lat="40.6425280" lon="-3.1039480">
    <ele>884.6</ele>
   </trkpt>
   <trkpt lat="40.6425360" lon="-3.1039100">
    <ele>884.6</ele>
   </trkpt>
   <trkpt lat="40.6425400" lon="-3.1038570">
    <ele>884.8</ele>
   </trkpt>
   <trkpt lat="40.6425510" lon="-3.1038140">
    <ele>885.0</ele>
   </trkpt>
   <trkpt lat="40.6425590" lon="-3.1037730">
    <ele>885.2</ele>
   </trkpt>
   <trkpt lat="40.6425670" lon="-3.1037310">
    <ele>885.4</ele>
   </trkpt>
   <trkpt lat="40.6425740" lon="-3.1036990">
    <ele>885.6</ele>
   </trkpt>
   <trkpt lat="40.6425820" lon="-3.1036510">
    <ele>885.8</ele>
   </trkpt>
   <trkpt lat="40.6425930" lon="-3.1036080">
    <ele>886.0</ele>
   </trkpt>
   <trkpt lat="40.6426010" lon="-3.1035740">
    <ele>886.2</ele>
   </trkpt>
   <trkpt lat="40.6426090" lon="-3.1035340">
    <ele>886.4</ele>
   </trkpt>
   <trkpt lat="40.6426200" lon="-3.1034880">
    <ele>886.8</ele>
   </trkpt>
   <trkpt lat="40.6426320" lon="-3.1034500">
    <ele>887.0</ele>
   </trkpt>
   <trkpt lat="40.6426350" lon="-3.1034110">
    <ele>887.2</ele>
   </trkpt>
   <trkpt lat="40.6426430" lon="-3.1033830">
    <ele>887.4</ele>
   </trkpt>
   <trkpt lat="40.6426540" lon="-3.1033440">
    <ele>887.6</ele>
   </trkpt>
   <trkpt lat="40.6426620" lon="-3.1033060">
    <ele>887.8</ele>
   </trkpt>
   <trkpt lat="40.6426740" lon="-3.1032620">
    <ele>888.0</ele>
   </trkpt>
   <trkpt lat="40.6426770" lon="-3.1032250">
    <ele>888.2</ele>
   </trkpt>
   <trkpt lat="40.6426850" lon="-3.1031920">
    <ele>888.4</ele>
   </trkpt>
   <trkpt lat="40.6426960" lon="-3.1031510">
    <ele>888.6</ele>
   </trkpt>
   <trkpt lat="40.6427040" lon="-3.1031170">
    <ele>888.8</ele>
   </trkpt>
   <trkpt lat="40.6427120" lon="-3.1030800">
    <ele>889.0</ele>
   </trkpt>
   <trkpt lat="40.6427190" lon="-3.1030410">
    <ele>889.2</ele>
   </trkpt>
   <trkpt lat="40.6427270" lon="-3.1030110">
    <ele>889.4</ele>
   </trkpt>
   <trkpt lat="40.6427270" lon="-3.1029690">
    <ele>889.6</ele>
   </trkpt>
   <trkpt lat="40.6427310" lon="-3.1029320">
    <ele>889.8</ele>
   </trkpt>
   <trkpt lat="40.6427350" lon="-3.1028990">
    <ele>890.0</ele>
   </trkpt>
   <trkpt lat="40.6427380" lon="-3.1028570">
    <ele>890.0</ele>
   </trkpt>
   <trkpt lat="40.6427380" lon="-3.1028110">
    <ele>890.2</ele>
   </trkpt>
   <trkpt lat="40.6427380" lon="-3.1027730">
    <ele>890.6</ele>
   </trkpt>
   <trkpt lat="40.6427380" lon="-3.1027350">
    <ele>890.8</ele>
   </trkpt>
   <trkpt lat="40.6427380" lon="-3.1027060">
    <ele>891.0</ele>
   </trkpt>
   <trkpt lat="40.6427380" lon="-3.1026670">
    <ele>891.2</ele>
   </trkpt>
   <trkpt lat="40.6427350" lon="-3.1026210">
    <ele>891.4</ele>
   </trkpt>
   <trkpt lat="40.6427310" lon="-3.1025870">
    <ele>891.6</ele>
   </trkpt>
   <trkpt lat="40.6427310" lon="-3.1025530">
    <ele>891.8</ele>
   </trkpt>
   <trkpt lat="40.6427270" lon="-3.1025160">
    <ele>891.8</ele>
   </trkpt>
   <trkpt lat="40.6427230" lon="-3.1024740">
    <ele>892.0</ele>
   </trkpt>
   <trkpt lat="40.6427150" lon="-3.1024340">
    <ele>892.2</ele>
   </trkpt>
   <trkpt lat="40.6427120" lon="-3.1023960">
    <ele>892.4</ele>
   </trkpt>
   <trkpt lat="40.6427080" lon="-3.1023560">
    <ele>892.4</ele>
   </trkpt>
   <trkpt lat="40.6427040" lon="-3.1023160">
    <ele>892.6</ele>
   </trkpt>
   <trkpt lat="40.6427000" lon="-3.1022760">
    <ele>892.6</ele>
   </trkpt>
   <trkpt lat="40.6427000" lon="-3.1022340">
    <ele>892.8</ele>
   </trkpt>
   <trkpt lat="40.6426960" lon="-3.1021930">
    <ele>892.8</ele>
   </trkpt>
   <trkpt lat="40.6426930" lon="-3.1021510">
    <ele>892.8</ele>
   </trkpt>
   <trkpt lat="40.6426890" lon="-3.1021210">
    <ele>893.0</ele>
   </trkpt>
   <trkpt lat="40.6426890" lon="-3.1020790">
    <ele>893.0</ele>
   </trkpt>
   <trkpt lat="40.6426850" lon="-3.1020270">
    <ele>893.2</ele>
   </trkpt>
   <trkpt lat="40.6426810" lon="-3.1019830">
    <ele>893.4</ele>
   </trkpt>
   <trkpt lat="40.6426770" lon="-3.1019470">
    <ele>893.6</ele>
   </trkpt>
   <trkpt lat="40.6426740" lon="-3.1018910">
    <ele>893.6</ele>
   </trkpt>
   <trkpt lat="40.6426700" lon="-3.1018450">
    <ele>893.8</ele>
   </trkpt>
   <trkpt lat="40.6426700" lon="-3.1018010">
    <ele>894.0</ele>
   </trkpt>
   <trkpt lat="40.6426660" lon="-3.1017620">
    <ele>894.2</ele>
   </trkpt>
   <trkpt lat="40.6426620" lon="-3.1017170">
    <ele>894.6</ele>
   </trkpt>
   <trkpt lat="40.6426620" lon="-3.1016700">
    <ele>894.8</ele>
   </trkpt>
   <trkpt lat="40.6426620" lon="-3.1016330">
    <ele>895.0</ele>
   </trkpt>
   <trkpt lat="40.6426580" lon="-3.1015950">
    <ele>895.2</ele>
   </trkpt>
   <trkpt lat="40.6426540" lon="-3.1015660">
    <ele>895.6</ele>
   </trkpt>
   <trkpt lat="40.6426470" lon="-3.1015210">
    <ele>895.8</ele>
   </trkpt>
   <trkpt lat="40.6426470" lon="-3.1014850">
    <ele>896.0</ele>
   </trkpt>
   <trkpt lat="40.6426430" lon="-3.1014470">
    <ele>896.2</ele>
   </trkpt>
   <trkpt lat="40.6426430" lon="-3.1014080">
    <ele>896.4</ele>
   </trkpt>
   <trkpt lat="40.6426430" lon="-3.1013780">
    <ele>896.6</ele>
   </trkpt>
   <trkpt lat="40.6426430" lon="-3.1013350">
    <ele>896.8</ele>
   </trkpt>
   <trkpt lat="40.6426430" lon="-3.1013000">
    <ele>897.0</ele>
   </trkpt>
   <trkpt lat="40.6426430" lon="-3.1012630">
    <ele>897.2</ele>
   </trkpt>
   <trkpt lat="40.6426430" lon="-3.1012340">
    <ele>897.4</ele>
   </trkpt>
   <trkpt lat="40.6426390" lon="-3.1011930">
    <ele>897.6</ele>
   </trkpt>
   <trkpt lat="40.6426390" lon="-3.1011570">
    <ele>897.8</ele>
   </trkpt>
   <trkpt lat="40.6426390" lon="-3.1011290">
    <ele>898.2</ele>
   </trkpt>
   <trkpt lat="40.6426350" lon="-3.1010940">
    <ele>898.4</ele>
   </trkpt>
   <trkpt lat="40.6426320" lon="-3.1010590">
    <ele>898.6</ele>
   </trkpt>
   <trkpt lat="40.6426350" lon="-3.1010230">
    <ele>898.8</ele>
   </trkpt>
   <trkpt lat="40.6426350" lon="-3.1009860">
    <ele>899.0</ele>
   </trkpt>
   <trkpt lat="40.6426350" lon="-3.1009490">
    <ele>899.2</ele>
   </trkpt>
   <trkpt lat="40.6426390" lon="-3.1009090">
    <ele>899.4</ele>
   </trkpt>
   <trkpt lat="40.6426430" lon="-3.1008720">
    <ele>899.6</ele>
   </trkpt>
   <trkpt lat="40.6426510" lon="-3.1008260">
    <ele>899.8</ele>
   </trkpt>
   <trkpt lat="40.6426540" lon="-3.1007960">
    <ele>900.0</ele>
   </trkpt>
   <trkpt lat="40.6426580" lon="-3.1007610">
    <ele>900.2</ele>
   </trkpt>
   <trkpt lat="40.6426620" lon="-3.1007280">
    <ele>900.4</ele>
   </trkpt>
   <trkpt lat="40.6426660" lon="-3.1006900">
    <ele>900.8</ele>
   </trkpt>
   <trkpt lat="40.6426740" lon="-3.1006470">
    <ele>901.0</ele>
   </trkpt>
   <trkpt lat="40.6426850" lon="-3.1006130">
    <ele>901.2</ele>
   </trkpt>
   <trkpt lat="40.6426930" lon="-3.1005850">
    <ele>901.4</ele>
   </trkpt>
   <trkpt lat="40.6427040" lon="-3.1005450">
    <ele>901.6</ele>
   </trkpt>
   <trkpt lat="40.6427120" lon="-3.1005170">
    <ele>901.8</ele>
   </trkpt>
   <trkpt lat="40.6427230" lon="-3.1004820">
    <ele>902.0</ele>
   </trkpt>
   <trkpt lat="40.6427310" lon="-3.1004420">
    <ele>902.2</ele>
   </trkpt>
   <trkpt lat="40.6427380" lon="-3.1004130">
    <ele>902.2</ele>
   </trkpt>
   <trkpt lat="40.6427500" lon="-3.1003790">
    <ele>902.4</ele>
   </trkpt>
   <trkpt lat="40.6427610" lon="-3.1003400">
    <ele>902.6</ele>
   </trkpt>
   <trkpt lat="40.6427690" lon="-3.1003180">
    <ele>902.8</ele>
   </trkpt>
   <trkpt lat="40.6427800" lon="-3.1002850">
    <ele>903.0</ele>
   </trkpt>
   <trkpt lat="40.6427920" lon="-3.1002530">
    <ele>903.0</ele>
   </trkpt>
   <trkpt lat="40.6427960" lon="-3.1002180">
    <ele>903.2</ele>
   </trkpt>
   <trkpt lat="40.6428030" lon="-3.1001830">
    <ele>903.4</ele>
   </trkpt>
   <trkpt lat="40.6428070" lon="-3.1001470">
    <ele>903.6</ele>
   </trkpt>
   <trkpt lat="40.6428150" lon="-3.1001110">
    <ele>903.8</ele>
   </trkpt>
   <trkpt lat="40.6428180" lon="-3.1000700">
    <ele>904.0</ele>
   </trkpt>
   <trkpt lat="40.6428220" lon="-3.1000430">
    <ele>904.2</ele>
   </trkpt>
   <trkpt lat="40.6428260" lon="-3.1000100">
    <ele>904.4</ele>
   </trkpt>
   <trkpt lat="40.6428300" lon="-3.0999720">
    <ele>904.6</ele>
   </trkpt>
   <trkpt lat="40.6428300" lon="-3.0999450">
    <ele>904.8</ele>
   </trkpt>
   <trkpt lat="40.6428300" lon="-3.0999130">
    <ele>905.0</ele>
   </trkpt>
   <trkpt lat="40.6428300" lon="-3.0998810">
    <ele>905.4</ele>
   </trkpt>
   <trkpt lat="40.6428260" lon="-3.0998440">
    <ele>905.6</ele>
   </trkpt>
   <trkpt lat="40.6428260" lon="-3.0998180">
    <ele>905.8</ele>
   </trkpt>
   <trkpt lat="40.6428220" lon="-3.0997890">
    <ele>906.0</ele>
   </trkpt>
   <trkpt lat="40.6428180" lon="-3.0997580">
    <ele>906.2</ele>
   </trkpt>
   <trkpt lat="40.6428150" lon="-3.0997200">
    <ele>906.4</ele>
   </trkpt>
   <trkpt lat="40.6428150" lon="-3.0996890">
    <ele>906.6</ele>
   </trkpt>
   <trkpt lat="40.6428110" lon="-3.0996600">
    <ele>906.8</ele>
   </trkpt>
   <trkpt lat="40.6428070" lon="-3.0996250">
    <ele>907.0</ele>
   </trkpt>
   <trkpt lat="40.6428030" lon="-3.0995930">
    <ele>907.2</ele>
   </trkpt>
   <trkpt lat="40.6427960" lon="-3.0995630">
    <ele>907.4</ele>
   </trkpt>
   <trkpt lat="40.6427920" lon="-3.0995320">
    <ele>907.6</ele>
   </trkpt>
   <trkpt lat="40.6427880" lon="-3.0995000">
    <ele>907.8</ele>
   </trkpt>
   <trkpt lat="40.6427840" lon="-3.0994660">
    <ele>908.0</ele>
   </trkpt>
   <trkpt lat="40.6427800" lon="-3.0994270">
    <ele>908.2</ele>
   </trkpt>
   <trkpt lat="40.6427760" lon="-3.0993940">
    <ele>908.4</ele>
   </trkpt>
   <trkpt lat="40.6427730" lon="-3.0993680">
    <ele>908.6</ele>
   </trkpt>
   <trkpt lat="40.6427650" lon="-3.0993270">
    <ele>908.8</ele>
   </trkpt>
   <trkpt lat="40.6427610" lon="-3.0993010">
    <ele>909.0</ele>
   </trkpt>
   <trkpt lat="40.6427540" lon="-3.0992680">
    <ele>909.2</ele>
   </trkpt>
   <trkpt lat="40.6427460" lon="-3.0992290">
    <ele>909.2</ele>
   </trkpt>
   <trkpt lat="40.6427460" lon="-3.0992010">
    <ele>909.4</ele>
   </trkpt>
   <trkpt lat="40.6427420" lon="-3.0991680">
    <ele>909.6</ele>
   </trkpt>
   <trkpt lat="40.6427380" lon="-3.0991300">
    <ele>909.8</ele>
   </trkpt>
   <trkpt lat="40.6427380" lon="-3.0991050">
    <ele>910.0</ele>
   </trkpt>
   <trkpt lat="40.6427350" lon="-3.0990750">
    <ele>910.2</ele>
   </trkpt>
   <trkpt lat="40.6427270" lon="-3.0990430">
    <ele>910.2</ele>
   </trkpt>
   <trkpt lat="40.6427270" lon="-3.0990130">
    <ele>910.4</ele>
   </trkpt>
   <trkpt lat="40.6427190" lon="-3.0989810">
    <ele>910.6</ele>
   </trkpt>
   <trkpt lat="40.6427150" lon="-3.0989420">
    <ele>910.8</ele>
   </trkpt>
   <trkpt lat="40.6427150" lon="-3.0989180">
    <ele>911.0</ele>
   </trkpt>
   <trkpt lat="40.6427120" lon="-3.0988850">
    <ele>911.2</ele>
   </trkpt>
   <trkpt lat="40.6427080" lon="-3.0988510">
    <ele>911.4</ele>
   </trkpt>
   <trkpt lat="40.6427000" lon="-3.0988200">
    <ele>911.6</ele>
   </trkpt>
   <trkpt lat="40.6426960" lon="-3.0987880">
    <ele>911.8</ele>
   </trkpt>
   <trkpt lat="40.6426960" lon="-3.0987550">
    <ele>912.0</ele>
   </trkpt>
   <trkpt lat="40.6426930" lon="-3.0987210">
    <ele>912.0</ele>
   </trkpt>
   <trkpt lat="40.6426890" lon="-3.0986840">
    <ele>912.2</ele>
   </trkpt>
   <trkpt lat="40.6426850" lon="-3.0986570">
    <ele>912.4</ele>
   </trkpt>
   <trkpt lat="40.6426810" lon="-3.0986250">
    <ele>912.6</ele>
   </trkpt>
   <trkpt lat="40.6426770" lon="-3.0985930">
    <ele>912.6</ele>
   </trkpt>
   <trkpt lat="40.6426740" lon="-3.0985620">
    <ele>912.8</ele>
   </trkpt>
   <trkpt lat="40.6426740" lon="-3.0985280">
    <ele>912.8</ele>
   </trkpt>
   <trkpt lat="40.6426660" lon="-3.0984890">
    <ele>913.0</ele>
   </trkpt>
   <trkpt lat="40.6426580" lon="-3.0984620">
    <ele>913.2</ele>
   </trkpt>
   <trkpt lat="40.6426540" lon="-3.0984310">
    <ele>913.4</ele>
   </trkpt>
   <trkpt lat="40.6426510" lon="-3.0983950">
    <ele>913.6</ele>
   </trkpt>
   <trkpt lat="40.6426510" lon="-3.0983700">
    <ele>913.8</ele>
   </trkpt>
   <trkpt lat="40.6426470" lon="-3.0983380">
    <ele>913.8</ele>
   </trkpt>
   <trkpt lat="40.6426470" lon="-3.0983010">
    <ele>914.0</ele>
   </trkpt>
   <trkpt lat="40.6426430" lon="-3.0982680">
    <ele>914.2</ele>
   </trkpt>
   <trkpt lat="40.6426390" lon="-3.0982350">
    <ele>914.2</ele>
   </trkpt>
   <trkpt lat="40.6426350" lon="-3.0981980">
    <ele>914.4</ele>
   </trkpt>
   <trkpt lat="40.6426320" lon="-3.0981650">
    <ele>914.6</ele>
   </trkpt>
   <trkpt lat="40.6426280" lon="-3.0981300">
    <ele>914.6</ele>
   </trkpt>
   <trkpt lat="40.6426240" lon="-3.0980960">
    <ele>914.8</ele>
   </trkpt>
   <trkpt lat="40.6426200" lon="-3.0980630">
    <ele>915.0</ele>
   </trkpt>
   <trkpt lat="40.6426120" lon="-3.0980240">
    <ele>915.2</ele>
   </trkpt>
   <trkpt lat="40.6426090" lon="-3.0979970">
    <ele>915.2</ele>
   </trkpt>
   <trkpt lat="40.6426050" lon="-3.0979630">
    <ele>915.4</ele>
   </trkpt>
   <trkpt lat="40.6426010" lon="-3.0979240">
    <ele>915.6</ele>
   </trkpt>
   <trkpt lat="40.6425970" lon="-3.0978940">
    <ele>915.8</ele>
   </trkpt>
   <trkpt lat="40.6425930" lon="-3.0978580">
    <ele>916.0</ele>
   </trkpt>
   <trkpt lat="40.6425900" lon="-3.0978250">
    <ele>916.2</ele>
   </trkpt>
   <trkpt lat="40.6425860" lon="-3.0977920">
    <ele>916.2</ele>
   </trkpt>
   <trkpt lat="40.6425860" lon="-3.0977590">
    <ele>916.4</ele>
   </trkpt>
   <trkpt lat="40.6425820" lon="-3.0977220">
    <ele>916.6</ele>
   </trkpt>
   <trkpt lat="40.6425780" lon="-3.0976970">
    <ele>916.8</ele>
   </trkpt>
   <trkpt lat="40.6425740" lon="-3.0976650">
    <ele>916.8</ele>
   </trkpt>
   <trkpt lat="40.6425740" lon="-3.0976300">
    <ele>917.0</ele>
   </trkpt>
   <trkpt lat="40.6425670" lon="-3.0975950">
    <ele>917.2</ele>
   </trkpt>
   <trkpt lat="40.6425670" lon="-3.0975610">
    <ele>917.4</ele>
   </trkpt>
   <trkpt lat="40.6425630" lon="-3.0975280">
    <ele>917.4</ele>
   </trkpt>
   <trkpt lat="40.6425590" lon="-3.0974910">
    <ele>917.6</ele>
   </trkpt>
   <trkpt lat="40.6425590" lon="-3.0974580">
    <ele>917.8</ele>
   </trkpt>
   <trkpt lat="40.6425550" lon="-3.0974260">
    <ele>918.0</ele>
   </trkpt>
   <trkpt lat="40.6425550" lon="-3.0973920">
    <ele>918.2</ele>
   </trkpt>
   <trkpt lat="40.6425550" lon="-3.0973600">
    <ele>918.4</ele>
   </trkpt>
   <trkpt lat="40.6425510" lon="-3.0973270">
    <ele>918.4</ele>
   </trkpt>
   <trkpt lat="40.6425480" lon="-3.0972930">
    <ele>918.6</ele>
   </trkpt>
   <trkpt lat="40.6425480" lon="-3.0972600">
    <ele>918.8</ele>
   </trkpt>
   <trkpt lat="40.6425440" lon="-3.0972250">
    <ele>919.0</ele>
   </trkpt>
   <trkpt lat="40.6425400" lon="-3.0971890">
    <ele>919.0</ele>
   </trkpt>
   <trkpt lat="40.6425400" lon="-3.0971520">
    <ele>919.2</ele>
   </trkpt>
   <trkpt lat="40.6425400" lon="-3.0971280">
    <ele>919.4</ele>
   </trkpt>
   <trkpt lat="40.6425400" lon="-3.0970970">
    <ele>919.6</ele>
   </trkpt>
   <trkpt lat="40.6425360" lon="-3.0970650">
    <ele>919.6</ele>
   </trkpt>
   <trkpt lat="40.6425360" lon="-3.0970320">
    <ele>919.8</ele>
   </trkpt>
   <trkpt lat="40.6425320" lon="-3.0969990">
    <ele>920.0</ele>
   </trkpt>
   <trkpt lat="40.6425320" lon="-3.0969600">
    <ele>920.2</ele>
   </trkpt>
   <trkpt lat="40.6425280" lon="-3.0969310">
    <ele>920.4</ele>
   </trkpt>
   <trkpt lat="40.6425280" lon="-3.0968980">
    <ele>920.6</ele>
   </trkpt>
   <trkpt lat="40.6425280" lon="-3.0968680">
    <ele>920.8</ele>
   </trkpt>
   <trkpt lat="40.6425280" lon="-3.0968320">
    <ele>921.0</ele>
   </trkpt>
   <trkpt lat="40.6425250" lon="-3.0968080">
    <ele>921.0</ele>
   </trkpt>
   <trkpt lat="40.6425250" lon="-3.0967770">
    <ele>921.2</ele>
   </trkpt>
   <trkpt lat="40.6425250" lon="-3.0967460">
    <ele>921.4</ele>
   </trkpt>
   <trkpt lat="40.6425280" lon="-3.0967130">
    <ele>921.6</ele>
   </trkpt>
   <trkpt lat="40.6425280" lon="-3.0966780">
    <ele>921.8</ele>
   </trkpt>
   <trkpt lat="40.6425320" lon="-3.0966370">
    <ele>921.8</ele>
   </trkpt>
   <trkpt lat="40.6425320" lon="-3.0966100">
    <ele>922.0</ele>
   </trkpt>
   <trkpt lat="40.6425360" lon="-3.0965760">
    <ele>922.2</ele>
   </trkpt>
   <trkpt lat="40.6425360" lon="-3.0965370">
    <ele>922.2</ele>
   </trkpt>
   <trkpt lat="40.6425360" lon="-3.0965080">
    <ele>922.4</ele>
   </trkpt>
   <trkpt lat="40.6425360" lon="-3.0964730">
    <ele>922.4</ele>
   </trkpt>
   <trkpt lat="40.6425400" lon="-3.0964380">
    <ele>922.6</ele>
   </trkpt>
   <trkpt lat="40.6425440" lon="-3.0963970">
    <ele>922.8</ele>
   </trkpt>
   <trkpt lat="40.6425440" lon="-3.0963640">
    <ele>923.0</ele>
   </trkpt>
   <trkpt lat="40.6425480" lon="-3.0963360">
    <ele>923.0</ele>
   </trkpt>
   <trkpt lat="40.6425510" lon="-3.0963030">
    <ele>923.2</ele>
   </trkpt>
   <trkpt lat="40.6425550" lon="-3.0962640">
    <ele>923.4</ele>
   </trkpt>
   <trkpt lat="40.6425590" lon="-3.0962240">
    <ele>923.6</ele>
   </trkpt>
   <trkpt lat="40.6425670" lon="-3.0961780">
    <ele>923.6</ele>
   </trkpt>
   <trkpt lat="40.6425670" lon="-3.0961460">
    <ele>923.8</ele>
   </trkpt>
   <trkpt lat="40.6425740" lon="-3.0961090">
    <ele>924.0</ele>
   </trkpt>
   <trkpt lat="40.6425820" lon="-3.0960650">
    <ele>924.2</ele>
   </trkpt>
   <trkpt lat="40.6425900" lon="-3.0960280">
    <ele>924.2</ele>
   </trkpt>
   <trkpt lat="40.6425970" lon="-3.0959990">
    <ele>924.4</ele>
   </trkpt>
   <trkpt lat="40.6426050" lon="-3.0959610">
    <ele>924.6</ele>
   </trkpt>
   <trkpt lat="40.6426090" lon="-3.0959260">
    <ele>924.8</ele>
   </trkpt>
   <trkpt lat="40.6426200" lon="-3.0958870">
    <ele>925.0</ele>
   </trkpt>
   <trkpt lat="40.6426280" lon="-3.0958430">
    <ele>925.0</ele>
   </trkpt>
   <trkpt lat="40.6426350" lon="-3.0958050">
    <ele>925.2</ele>
   </trkpt>
   <trkpt lat="40.6426430" lon="-3.0957790">
    <ele>925.2</ele>
   </trkpt>
   <trkpt lat="40.6426510" lon="-3.0957380">
    <ele>925.4</ele>
   </trkpt>
   <trkpt lat="40.6426620" lon="-3.0957030">
    <ele>925.6</ele>
   </trkpt>
   <trkpt lat="40.6426700" lon="-3.0956750">
    <ele>925.8</ele>
   </trkpt>
   <trkpt lat="40.6426850" lon="-3.0956350">
    <ele>926.0</ele>
   </trkpt>
   <trkpt lat="40.6426930" lon="-3.0956080">
    <ele>926.2</ele>
   </trkpt>
   <trkpt lat="40.6427000" lon="-3.0955740">
    <ele>926.4</ele>
   </trkpt>
   <trkpt lat="40.6427150" lon="-3.0955330">
    <ele>926.6</ele>
   </trkpt>
   <trkpt lat="40.6427270" lon="-3.0955000">
    <ele>927.0</ele>
   </trkpt>
   <trkpt lat="40.6427380" lon="-3.0954710">
    <ele>927.0</ele>
   </trkpt>
   <trkpt lat="40.6427540" lon="-3.0954350">
    <ele>927.2</ele>
   </trkpt>
   <trkpt lat="40.6427650" lon="-3.0954030">
    <ele>927.4</ele>
   </trkpt>
   <trkpt lat="40.6427800" lon="-3.0953710">
    <ele>927.6</ele>
   </trkpt>
   <trkpt lat="40.6427920" lon="-3.0953400">
    <ele>927.8</ele>
   </trkpt>
   <trkpt lat="40.6428030" lon="-3.0953150">
    <ele>927.8</ele>
   </trkpt>
   <trkpt lat="40.6428150" lon="-3.0952810">
    <ele>928.0</ele>
   </trkpt>
   <trkpt lat="40.6428260" lon="-3.0952480">
    <ele>928.2</ele>
   </trkpt>
   <trkpt lat="40.6428410" lon="-3.0952150">
    <ele>928.4</ele>
   </trkpt>
   <trkpt lat="40.6428570" lon="-3.0951780">
    <ele>928.6</ele>
   </trkpt>
   <trkpt lat="40.6428680" lon="-3.0951420">
    <ele>928.8</ele>
   </trkpt>
   <trkpt lat="40.6428790" lon="-3.0951090">
    <ele>929.0</ele>
   </trkpt>
   <trkpt lat="40.6428910" lon="-3.0950700">
    <ele>929.2</ele>
   </trkpt>
   <trkpt lat="40.6429020" lon="-3.0950450">
    <ele>929.4</ele>
   </trkpt>
   <trkpt lat="40.6429140" lon="-3.0950070">
    <ele>929.6</ele>
   </trkpt>
   <trkpt lat="40.6429250" lon="-3.0949780">
    <ele>929.8</ele>
   </trkpt>
   <trkpt lat="40.6429400" lon="-3.0949460">
    <ele>930.0</ele>
   </trkpt>
   <trkpt lat="40.6429560" lon="-3.0949080">
    <ele>930.2</ele>
   </trkpt>
   <trkpt lat="40.6429670" lon="-3.0948830">
    <ele>930.4</ele>
   </trkpt>
   <trkpt lat="40.6429790" lon="-3.0948520">
    <ele>930.6</ele>
   </trkpt>
   <trkpt lat="40.6429940" lon="-3.0948150">
    <ele>930.8</ele>
   </trkpt>
   <trkpt lat="40.6430050" lon="-3.0947880">
    <ele>931.0</ele>
   </trkpt>
   <trkpt lat="40.6430170" lon="-3.0947560">
    <ele>931.2</ele>
   </trkpt>
   <trkpt lat="40.6430320" lon="-3.0947170">
    <ele>931.4</ele>
   </trkpt>
   <trkpt lat="40.6430400" lon="-3.0946900">
    <ele>931.6</ele>
   </trkpt>
   <trkpt lat="40.6430550" lon="-3.0946580">
    <ele>931.6</ele>
   </trkpt>
   <trkpt lat="40.6430660" lon="-3.0946260">
    <ele>931.8</ele>
   </trkpt>
   <trkpt lat="40.6430780" lon="-3.0945930">
    <ele>932.0</ele>
   </trkpt>
   <trkpt lat="40.6430930" lon="-3.0945630">
    <ele>932.2</ele>
   </trkpt>
   <trkpt lat="40.6431050" lon="-3.0945330">
    <ele>932.4</ele>
   </trkpt>
   <trkpt lat="40.6431160" lon="-3.0945030">
    <ele>932.6</ele>
   </trkpt>
   <trkpt lat="40.6431310" lon="-3.0944670">
    <ele>932.6</ele>
   </trkpt>
   <trkpt lat="40.6431430" lon="-3.0944400">
    <ele>932.8</ele>
   </trkpt>
   <trkpt lat="40.6431540" lon="-3.0944080">
    <ele>933.0</ele>
   </trkpt>
   <trkpt lat="40.6431660" lon="-3.0943700">
    <ele>933.2</ele>
   </trkpt>
   <trkpt lat="40.6431730" lon="-3.0943370">
    <ele>933.4</ele>
   </trkpt>
   <trkpt lat="40.6431810" lon="-3.0943080">
    <ele>933.6</ele>
   </trkpt>
   <trkpt lat="40.6431850" lon="-3.0942730">
    <ele>933.6</ele>
   </trkpt>
   <trkpt lat="40.6431920" lon="-3.0942360">
    <ele>933.8</ele>
   </trkpt>
   <trkpt lat="40.6432000" lon="-3.0941990">
    <ele>934.0</ele>
   </trkpt>
   <trkpt lat="40.6432080" lon="-3.0941530">
    <ele>934.0</ele>
   </trkpt>
   <trkpt lat="40.6432150" lon="-3.0941150">
    <ele>934.2</ele>
   </trkpt>
   <trkpt lat="40.6432190" lon="-3.0940840">
    <ele>934.6</ele>
   </trkpt>
   <trkpt lat="40.6432230" lon="-3.0940430">
    <ele>934.8</ele>
   </trkpt>
   <trkpt lat="40.6432270" lon="-3.0940070">
    <ele>935.0</ele>
   </trkpt>
   <trkpt lat="40.6432300" lon="-3.0939770">
    <ele>935.2</ele>
   </trkpt>
   <trkpt lat="40.6432340" lon="-3.0939350">
    <ele>935.4</ele>
   </trkpt>
   <trkpt lat="40.6432420" lon="-3.0939060">
    <ele>935.6</ele>
   </trkpt>
   <trkpt lat="40.6432460" lon="-3.0938700">
    <ele>935.8</ele>
   </trkpt>
   <trkpt lat="40.6432500" lon="-3.0938350">
    <ele>936.2</ele>
   </trkpt>
   <trkpt lat="40.6432530" lon="-3.0938000">
    <ele>936.4</ele>
   </trkpt>
   <trkpt lat="40.6432570" lon="-3.0937680">
    <ele>936.6</ele>
   </trkpt>
   <trkpt lat="40.6432610" lon="-3.0937330">
    <ele>937.0</ele>
   </trkpt>
   <trkpt lat="40.6432650" lon="-3.0937010">
    <ele>937.2</ele>
   </trkpt>
   <trkpt lat="40.6432720" lon="-3.0936650">
    <ele>937.4</ele>
   </trkpt>
   <trkpt lat="40.6432800" lon="-3.0936370">
    <ele>937.6</ele>
   </trkpt>
   <trkpt lat="40.6432880" lon="-3.0936110">
    <ele>938.0</ele>
   </trkpt>
   <trkpt lat="40.6432950" lon="-3.0935730">
    <ele>938.2</ele>
   </trkpt>
   <trkpt lat="40.6433030" lon="-3.0935420">
    <ele>938.4</ele>
   </trkpt>
   <trkpt lat="40.6433110" lon="-3.0935120">
    <ele>938.8</ele>
   </trkpt>
   <trkpt lat="40.6433140" lon="-3.0934860">
    <ele>939.0</ele>
   </trkpt>
   <trkpt lat="40.6433220" lon="-3.0934550">
    <ele>939.2</ele>
   </trkpt>
   <trkpt lat="40.6433330" lon="-3.0934260">
    <ele>939.4</ele>
   </trkpt>
   <trkpt lat="40.6433410" lon="-3.0933930">
    <ele>939.6</ele>
   </trkpt>
   <trkpt lat="40.6433530" lon="-3.0933650">
    <ele>940.0</ele>
   </trkpt>
   <trkpt lat="40.6433600" lon="-3.0933430">
    <ele>940.2</ele>
   </trkpt>
   <trkpt lat="40.6433720" lon="-3.0933150">
    <ele>940.4</ele>
   </trkpt>
   <trkpt lat="40.6433830" lon="-3.0932810">
    <ele>940.6</ele>
   </trkpt>
   <trkpt lat="40.6433940" lon="-3.0932450">
    <ele>941.0</ele>
   </trkpt>
   <trkpt lat="40.6434060" lon="-3.0932200">
    <ele>941.2</ele>
   </trkpt>
   <trkpt lat="40.6434210" lon="-3.0931900">
    <ele>941.4</ele>
   </trkpt>
   <trkpt lat="40.6434330" lon="-3.0931620">
    <ele>941.6</ele>
   </trkpt>
   <trkpt lat="40.6434400" lon="-3.0931330">
    <ele>941.8</ele>
   </trkpt>
   <trkpt lat="40.6434550" lon="-3.0931010">
    <ele>942.0</ele>
   </trkpt>
   <trkpt lat="40.6434630" lon="-3.0930770">
    <ele>942.2</ele>
   </trkpt>
   <trkpt lat="40.6434750" lon="-3.0930460">
    <ele>942.4</ele>
   </trkpt>
   <trkpt lat="40.6434900" lon="-3.0930150">
    <ele>942.6</ele>
   </trkpt>
   <trkpt lat="40.6435050" lon="-3.0929930">
    <ele>942.8</ele>
   </trkpt>
   <trkpt lat="40.6435170" lon="-3.0929650">
    <ele>943.2</ele>
   </trkpt>
   <trkpt lat="40.6435280" lon="-3.0929370">
    <ele>943.4</ele>
   </trkpt>
   <trkpt lat="40.6435390" lon="-3.0929100">
    <ele>943.6</ele>
   </trkpt>
   <trkpt lat="40.6435510" lon="-3.0928810">
    <ele>943.8</ele>
   </trkpt>
   <trkpt lat="40.6435660" lon="-3.0928490">
    <ele>944.0</ele>
   </trkpt>
   <trkpt lat="40.6435780" lon="-3.0928270">
    <ele>944.2</ele>
   </trkpt>
   <trkpt lat="40.6435930" lon="-3.0928030">
    <ele>944.4</ele>
   </trkpt>
   <trkpt lat="40.6436040" lon="-3.0927740">
    <ele>944.6</ele>
   </trkpt>
   <trkpt lat="40.6436160" lon="-3.0927470">
    <ele>944.8</ele>
   </trkpt>
   <trkpt lat="40.6436350" lon="-3.0927150">
    <ele>945.2</ele>
   </trkpt>
   <trkpt lat="40.6436420" lon="-3.0926930">
    <ele>945.4</ele>
   </trkpt>
   <trkpt lat="40.6436540" lon="-3.0926650">
    <ele>945.6</ele>
   </trkpt>
   <trkpt lat="40.6436650" lon="-3.0926350">
    <ele>945.8</ele>
   </trkpt>
   <trkpt lat="40.6436770" lon="-3.0926070">
    <ele>946.0</ele>
   </trkpt>
   <trkpt lat="40.6436880" lon="-3.0925800">
    <ele>946.2</ele>
   </trkpt>
   <trkpt lat="40.6437030" lon="-3.0925520">
    <ele>946.4</ele>
   </trkpt>
   <trkpt lat="40.6437150" lon="-3.0925240">
    <ele>946.6</ele>
   </trkpt>
   <trkpt lat="40.6437300" lon="-3.0924970">
    <ele>946.8</ele>
   </trkpt>
   <trkpt lat="40.6437530" lon="-3.0924700">
    <ele>947.0</ele>
   </trkpt>
   <trkpt lat="40.6437680" lon="-3.0924450">
    <ele>947.2</ele>
   </trkpt>
   <trkpt lat="40.6437840" lon="-3.0924240">
    <ele>947.4</ele>
   </trkpt>
   <trkpt lat="40.6437950" lon="-3.0923980">
    <ele>947.6</ele>
   </trkpt>
   <trkpt lat="40.6438100" lon="-3.0923700">
    <ele>947.8</ele>
   </trkpt>
   <trkpt lat="40.6438330" lon="-3.0923340">
    <ele>948.0</ele>
   </trkpt>
   <trkpt lat="40.6438450" lon="-3.0923120">
    <ele>948.2</ele>
   </trkpt>
   <trkpt lat="40.6438600" lon="-3.0922870">
    <ele>948.4</ele>
   </trkpt>
   <trkpt lat="40.6438790" lon="-3.0922590">
    <ele>948.4</ele>
   </trkpt>
   <trkpt lat="40.6438940" lon="-3.0922390">
    <ele>948.6</ele>
   </trkpt>
   <trkpt lat="40.6439090" lon="-3.0922140">
    <ele>948.8</ele>
   </trkpt>
   <trkpt lat="40.6439250" lon="-3.0921890">
    <ele>949.0</ele>
   </trkpt>
   <trkpt lat="40.6439400" lon="-3.0921620">
    <ele>949.0</ele>
   </trkpt>
   <trkpt lat="40.6439630" lon="-3.0921340">
    <ele>949.2</ele>
   </trkpt>
   <trkpt lat="40.6439820" lon="-3.0921100">
    <ele>949.4</ele>
   </trkpt>
   <trkpt lat="40.6439970" lon="-3.0920920">
    <ele>949.4</ele>
   </trkpt>
   <trkpt lat="40.6440160" lon="-3.0920690">
    <ele>949.6</ele>
   </trkpt>
   <trkpt lat="40.6440320" lon="-3.0920440">
    <ele>949.6</ele>
   </trkpt>
   <trkpt lat="40.6440510" lon="-3.0920180">
    <ele>949.8</ele>
   </trkpt>
   <trkpt lat="40.6440730" lon="-3.0919900">
    <ele>949.8</ele>
   </trkpt>
   <trkpt lat="40.6440890" lon="-3.0919700">
    <ele>950.0</ele>
   </trkpt>
   <trkpt lat="40.6441120" lon="-3.0919450">
    <ele>950.0</ele>
   </trkpt>
   <trkpt lat="40.6441340" lon="-3.0919140">
    <ele>950.2</ele>
   </trkpt>
   <trkpt lat="40.6441500" lon="-3.0918920">
    <ele>950.2</ele>
   </trkpt>
   <trkpt lat="40.6441760" lon="-3.0918630">
    <ele>950.2</ele>
   </trkpt>
   <trkpt lat="40.6441990" lon="-3.0918330">
    <ele>950.4</ele>
   </trkpt>
   <trkpt lat="40.6442260" lon="-3.0918030">
    <ele>950.4</ele>
   </trkpt>
   <trkpt lat="40.6442530" lon="-3.0917710">
    <ele>950.4</ele>
   </trkpt>
   <trkpt lat="40.6442830" lon="-3.0917320">
    <ele>950.4</ele>
   </trkpt>
   <trkpt lat="40.6442990" lon="-3.0917050">
    <ele>950.4</ele>
   </trkpt>
   <trkpt lat="40.6443250" lon="-3.0916730">
    <ele>950.4</ele>
   </trkpt>
   <trkpt lat="40.6443600" lon="-3.0916350">
    <ele>950.4</ele>
   </trkpt>
   <trkpt lat="40.6443820" lon="-3.0916060">
    <ele>950.4</ele>
   </trkpt>
   <trkpt lat="40.6444130" lon="-3.0915710">
    <ele>950.4</ele>
   </trkpt>
   <trkpt lat="40.6444470" lon="-3.0915340">
    <ele>950.2</ele>
   </trkpt>
   <trkpt lat="40.6444780" lon="-3.0914960">
    <ele>950.2</ele>
   </trkpt>
   <trkpt lat="40.6445080" lon="-3.0914600">
    <ele>950.2</ele>
   </trkpt>
   <trkpt lat="40.6445430" lon="-3.0914210">
    <ele>950.2</ele>
   </trkpt>
   <trkpt lat="40.6445770" lon="-3.0913830">
    <ele>950.2</ele>
   </trkpt>
   <trkpt lat="40.6446110" lon="-3.0913430">
    <ele>950.0</ele>
   </trkpt>
   <trkpt lat="40.6446460" lon="-3.0913010">
    <ele>950.0</ele>
   </trkpt>
   <trkpt lat="40.6446800" lon="-3.0912610">
    <ele>950.0</ele>
   </trkpt>
   <trkpt lat="40.6447180" lon="-3.0912190">
    <ele>950.0</ele>
   </trkpt>
   <trkpt lat="40.6447520" lon="-3.0911760">
    <ele>950.0</ele>
   </trkpt>
   <trkpt lat="40.6447870" lon="-3.0911340">
    <ele>949.8</ele>
   </trkpt>
   <trkpt lat="40.6448170" lon="-3.0910940">
    <ele>949.8</ele>
   </trkpt>
   <trkpt lat="40.6448520" lon="-3.0910530">
    <ele>949.8</ele>
   </trkpt>
   <trkpt lat="40.6448860" lon="-3.0910090">
    <ele>949.8</ele>
   </trkpt>
   <trkpt lat="40.6449200" lon="-3.0909640">
    <ele>949.8</ele>
   </trkpt>
   <trkpt lat="40.6449550" lon="-3.0909190">
    <ele>949.8</ele>
   </trkpt>
   <trkpt lat="40.6449890" lon="-3.0908720">
    <ele>949.6</ele>
   </trkpt>
   <trkpt lat="40.6450270" lon="-3.0908260">
    <ele>949.6</ele>
   </trkpt>
   <trkpt lat="40.6450650" lon="-3.0907790">
    <ele>949.6</ele>
   </trkpt>
   <trkpt lat="40.6451030" lon="-3.0907310">
    <ele>949.4</ele>
   </trkpt>
   <trkpt lat="40.6451420" lon="-3.0906780">
    <ele>949.4</ele>
   </trkpt>
   <trkpt lat="40.6451760" lon="-3.0906240">
    <ele>949.4</ele>
   </trkpt>
   <trkpt lat="40.6452140" lon="-3.0905650">
    <ele>949.2</ele>
   </trkpt>
   <trkpt lat="40.6452480" lon="-3.0905070">
    <ele>949.2</ele>
   </trkpt>
   <trkpt lat="40.6452870" lon="-3.0904480">
    <ele>949.2</ele>
   </trkpt>
   <trkpt lat="40.6453170" lon="-3.0903920">
    <ele>949.0</ele>
   </trkpt>
   <trkpt lat="40.6453510" lon="-3.0903320">
    <ele>948.8</ele>
   </trkpt>
   <trkpt lat="40.6453860" lon="-3.0902740">
    <ele>948.8</ele>
   </trkpt>
   <trkpt lat="40.6454240" lon="-3.0902170">
    <ele>948.6</ele>
   </trkpt>
   <trkpt lat="40.6454580" lon="-3.0901580">
    <ele>948.4</ele>
   </trkpt>
   <trkpt lat="40.6454960" lon="-3.0900970">
    <ele>948.4</ele>
   </trkpt>
   <trkpt lat="40.6455310" lon="-3.0900350">
    <ele>948.2</ele>
   </trkpt>
   <trkpt lat="40.6455690" lon="-3.0899720">
    <ele>948.2</ele>
   </trkpt>
   <trkpt lat="40.6456070" lon="-3.0899110">
    <ele>948.0</ele>
   </trkpt>
   <trkpt lat="40.6456410" lon="-3.0898520">
    <ele>948.0</ele>
   </trkpt>
   <trkpt lat="40.6456790" lon="-3.0897880">
    <ele>948.0</ele>
   </trkpt>
   <trkpt lat="40.6457180" lon="-3.0897270">
    <ele>948.0</ele>
   </trkpt>
   <trkpt lat="40.6457520" lon="-3.0896650">
    <ele>948.0</ele>
   </trkpt>
   <trkpt lat="40.6457900" lon="-3.0896070">
    <ele>948.0</ele>
   </trkpt>
   <trkpt lat="40.6458240" lon="-3.0895480">
    <ele>948.0</ele>
   </trkpt>
   <trkpt lat="40.6458630" lon="-3.0894790">
    <ele>948.0</ele>
   </trkpt>
   <trkpt lat="40.6458930" lon="-3.0894320">
    <ele>948.0</ele>
   </trkpt>
   <trkpt lat="40.6459270" lon="-3.0893710">
    <ele>948.0</ele>
   </trkpt>
   <trkpt lat="40.6459660" lon="-3.0893120">
    <ele>948.0</ele>
   </trkpt>
   <trkpt lat="40.6460000" lon="-3.0892490">
    <ele>948.0</ele>
   </trkpt>
   <trkpt lat="40.6460380" lon="-3.0891890">
    <ele>948.2</ele>
   </trkpt>
   <trkpt lat="40.6460690" lon="-3.0891250">
    <ele>948.0</ele>
   </trkpt>
   <trkpt lat="40.6461030" lon="-3.0890590">
    <ele>948.0</ele>
   </trkpt>
   <trkpt lat="40.6461370" lon="-3.0889930">
    <ele>948.0</ele>
   </trkpt>
   <trkpt lat="40.6461680" lon="-3.0889280">
    <ele>948.0</ele>
   </trkpt>
   <trkpt lat="40.6461980" lon="-3.0888650">
    <ele>948.2</ele>
   </trkpt>
   <trkpt lat="40.6462250" lon="-3.0888010">
    <ele>948.2</ele>
   </trkpt>
   <trkpt lat="40.6462560" lon="-3.0887400">
    <ele>948.2</ele>
   </trkpt>
   <trkpt lat="40.6462820" lon="-3.0886760">
    <ele>948.2</ele>
   </trkpt>
   <trkpt lat="40.6463090" lon="-3.0886150">
    <ele>948.4</ele>
   </trkpt>
   <trkpt lat="40.6463360" lon="-3.0885520">
    <ele>948.4</ele>
   </trkpt>
   <trkpt lat="40.6463620" lon="-3.0884880">
    <ele>948.6</ele>
   </trkpt>
   <trkpt lat="40.6463890" lon="-3.0884240">
    <ele>948.6</ele>
   </trkpt>
   <trkpt lat="40.6464160" lon="-3.0883600">
    <ele>948.6</ele>
   </trkpt>
   <trkpt lat="40.6464420" lon="-3.0882950">
    <ele>948.8</ele>
   </trkpt>
   <trkpt lat="40.6464690" lon="-3.0882300">
    <ele>948.8</ele>
   </trkpt>
   <trkpt lat="40.6464960" lon="-3.0881650">
    <ele>948.8</ele>
   </trkpt>
   <trkpt lat="40.6465220" lon="-3.0881000">
    <ele>948.8</ele>
   </trkpt>
   <trkpt lat="40.6465490" lon="-3.0880330">
    <ele>948.6</ele>
   </trkpt>
   <trkpt lat="40.6465800" lon="-3.0879660">
    <ele>948.6</ele>
   </trkpt>
   <trkpt lat="40.6466060" lon="-3.0879000">
    <ele>948.8</ele>
   </trkpt>
   <trkpt lat="40.6466330" lon="-3.0878330">
    <ele>948.8</ele>
   </trkpt>
   <trkpt lat="40.6466600" lon="-3.0877660">
    <ele>948.8</ele>
   </trkpt>
   <trkpt lat="40.6466870" lon="-3.0876990">
    <ele>948.8</ele>
   </trkpt>
   <trkpt lat="40.6467130" lon="-3.0876350">
    <ele>948.6</ele>
   </trkpt>
   <trkpt lat="40.6467440" lon="-3.0875700">
    <ele>948.6</ele>
   </trkpt>
   <trkpt lat="40.6467700" lon="-3.0875030">
    <ele>948.6</ele>
   </trkpt>
   <trkpt lat="40.6468010" lon="-3.0874350">
    <ele>948.6</ele>
   </trkpt>
   <trkpt lat="40.6468280" lon="-3.0873680">
    <ele>948.8</ele>
   </trkpt>
   <trkpt lat="40.6468580" lon="-3.0873010">
    <ele>948.8</ele>
   </trkpt>
   <trkpt lat="40.6468850" lon="-3.0872340">
    <ele>948.8</ele>
   </trkpt>
   <trkpt lat="40.6469150" lon="-3.0871660">
    <ele>948.8</ele>
   </trkpt>
   <trkpt lat="40.6469460" lon="-3.0870980">
    <ele>948.8</ele>
   </trkpt>
   <trkpt lat="40.6469760" lon="-3.0870280">
    <ele>948.8</ele>
   </trkpt>
   <trkpt lat="40.6470030" lon="-3.0869560">
    <ele>948.6</ele>
   </trkpt>
   <trkpt lat="40.6470300" lon="-3.0868840">
    <ele>948.6</ele>
   </trkpt>
   <trkpt lat="40.6470640" lon="-3.0868130">
    <ele>948.4</ele>
   </trkpt>
   <trkpt lat="40.6470950" lon="-3.0867410">
    <ele>948.4</ele>
   </trkpt>
   <trkpt lat="40.6471290" lon="-3.0866690">
    <ele>948.2</ele>
   </trkpt>
   <trkpt lat="40.6471600" lon="-3.0865960">
    <ele>948.0</ele>
   </trkpt>
   <trkpt lat="40.6471900" lon="-3.0865230">
    <ele>947.6</ele>
   </trkpt>
   <trkpt lat="40.6472210" lon="-3.0864480">
    <ele>947.6</ele>
   </trkpt>
   <trkpt lat="40.6472550" lon="-3.0863690">
    <ele>947.6</ele>
   </trkpt>
   <trkpt lat="40.6472850" lon="-3.0862910">
    <ele>947.4</ele>
   </trkpt>
   <trkpt lat="40.6473240" lon="-3.0862090">
    <ele>947.0</ele>
   </trkpt>
   <trkpt lat="40.6473580" lon="-3.0861290">
    <ele>946.8</ele>
   </trkpt>
   <trkpt lat="40.6473960" lon="-3.0860490">
    <ele>946.8</ele>
   </trkpt>
   <trkpt lat="40.6474340" lon="-3.0859690">
    <ele>946.6</ele>
   </trkpt>
   <trkpt lat="40.6474650" lon="-3.0858920">
    <ele>946.6</ele>
   </trkpt>
   <trkpt lat="40.6475030" lon="-3.0858150">
    <ele>946.4</ele>
   </trkpt>
   <trkpt lat="40.6475330" lon="-3.0857390">
    <ele>946.4</ele>
   </trkpt>
   <trkpt lat="40.6475640" lon="-3.0856610">
    <ele>946.2</ele>
   </trkpt>
   <trkpt lat="40.6476020" lon="-3.0855820">
    <ele>946.0</ele>
   </trkpt>
   <trkpt lat="40.6476360" lon="-3.0855020">
    <ele>946.0</ele>
   </trkpt>
   <trkpt lat="40.6476670" lon="-3.0854230">
    <ele>946.0</ele>
   </trkpt>
   <trkpt lat="40.6476940" lon="-3.0853470">
    <ele>946.0</ele>
   </trkpt>
   <trkpt lat="40.6477240" lon="-3.0852720">
    <ele>945.8</ele>
   </trkpt>
   <trkpt lat="40.6477550" lon="-3.0851940">
    <ele>945.8</ele>
   </trkpt>
   <trkpt lat="40.6477890" lon="-3.0851180">
    <ele>945.8</ele>
   </trkpt>
   <trkpt lat="40.6478190" lon="-3.0850430">
    <ele>946.0</ele>
   </trkpt>
   <trkpt lat="40.6478500" lon="-3.0849710">
    <ele>946.0</ele>
   </trkpt>
   <trkpt lat="40.6478810" lon="-3.0849010">
    <ele>946.0</ele>
   </trkpt>
   <trkpt lat="40.6479070" lon="-3.0848330">
    <ele>946.0</ele>
   </trkpt>
   <trkpt lat="40.6479380" lon="-3.0847690">
    <ele>946.0</ele>
   </trkpt>
   <trkpt lat="40.6479720" lon="-3.0847050">
    <ele>946.2</ele>
   </trkpt>
   <trkpt lat="40.6480140" lon="-3.0846490">
    <ele>946.4</ele>
   </trkpt>
   <trkpt lat="40.6480600" lon="-3.0846010">
    <ele>946.6</ele>
   </trkpt>
   <trkpt lat="40.6481060" lon="-3.0845580">
    <ele>946.8</ele>
   </trkpt>
   <trkpt lat="40.6481590" lon="-3.0845220">
    <ele>947.0</ele>
   </trkpt>
   <trkpt lat="40.6482120" lon="-3.0844880">
    <ele>947.0</ele>
   </trkpt>
   <trkpt lat="40.6482660" lon="-3.0844600">
    <ele>947.0</ele>
   </trkpt>
   <trkpt lat="40.6483230" lon="-3.0844300">
    <ele>947.2</ele>
   </trkpt>
   <trkpt lat="40.6483760" lon="-3.0844000">
    <ele>947.2</ele>
   </trkpt>
   <trkpt lat="40.6484300" lon="-3.0843680">
    <ele>947.4</ele>
   </trkpt>
   <trkpt lat="40.6484830" lon="-3.0843350">
    <ele>947.6</ele>
   </trkpt>
   <trkpt lat="40.6485370" lon="-3.0843010">
    <ele>947.6</ele>
   </trkpt>
   <trkpt lat="40.6485900" lon="-3.0842680">
    <ele>947.8</ele>
   </trkpt>
   <trkpt lat="40.6486440" lon="-3.0842390">
    <ele>948.0</ele>
   </trkpt>
   <trkpt lat="40.6486930" lon="-3.0842120">
    <ele>948.0</ele>
   </trkpt>
   <trkpt lat="40.6487460" lon="-3.0841820">
    <ele>948.0</ele>
   </trkpt>
   <trkpt lat="40.6488000" lon="-3.0841540">
    <ele>948.2</ele>
   </trkpt>
   <trkpt lat="40.6488490" lon="-3.0841250">
    <ele>948.2</ele>
   </trkpt>
   <trkpt lat="40.6489030" lon="-3.0840950">
    <ele>948.2</ele>
   </trkpt>
   <trkpt lat="40.6489560" lon="-3.0840660">
    <ele>948.2</ele>
   </trkpt>
   <trkpt lat="40.6490060" lon="-3.0840350">
    <ele>948.0</ele>
   </trkpt>
   <trkpt lat="40.6490590" lon="-3.0840050">
    <ele>948.0</ele>
   </trkpt>
   <trkpt lat="40.6491130" lon="-3.0839770">
    <ele>948.0</ele>
   </trkpt>
   <trkpt lat="40.6491700" lon="-3.0839540">
    <ele>948.0</ele>
   </trkpt>
   <trkpt lat="40.6492270" lon="-3.0839360">
    <ele>948.0</ele>
   </trkpt>
   <trkpt lat="40.6492840" lon="-3.0839240">
    <ele>947.6</ele>
   </trkpt>
   <trkpt lat="40.6493450" lon="-3.0839140">
    <ele>947.4</ele>
   </trkpt>
   <trkpt lat="40.6494060" lon="-3.0839010">
    <ele>947.0</ele>
   </trkpt>
   <trkpt lat="40.6494750" lon="-3.0838860">
    <ele>946.6</ele>
   </trkpt>
   <trkpt lat="40.6495440" lon="-3.0838720">
    <ele>946.0</ele>
   </trkpt>
   <trkpt lat="40.6496160" lon="-3.0838570">
    <ele>945.8</ele>
   </trkpt>
   <trkpt lat="40.6496890" lon="-3.0838410">
    <ele>945.2</ele>
   </trkpt>
   <trkpt lat="40.6497690" lon="-3.0838280">
    <ele>944.8</ele>
   </trkpt>
   <trkpt lat="40.6498450" lon="-3.0838140">
    <ele>944.4</ele>
   </trkpt>
   <trkpt lat="40.6499250" lon="-3.0838050">
    <ele>943.8</ele>
   </trkpt>
   <trkpt lat="40.6500010" lon="-3.0837940">
    <ele>943.6</ele>
   </trkpt>
   <trkpt lat="40.6500820" lon="-3.0837810">
    <ele>943.2</ele>
   </trkpt>
   <trkpt lat="40.6501580" lon="-3.0837690">
    <ele>943.0</ele>
   </trkpt>
   <trkpt lat="40.6502300" lon="-3.0837560">
    <ele>942.8</ele>
   </trkpt>
   <trkpt lat="40.6503110" lon="-3.0837420">
    <ele>942.6</ele>
   </trkpt>
   <trkpt lat="40.6503830" lon="-3.0837280">
    <ele>942.4</ele>
   </trkpt>
   <trkpt lat="40.6504550" lon="-3.0837160">
    <ele>942.4</ele>
   </trkpt>
   <trkpt lat="40.6505280" lon="-3.0837040">
    <ele>942.6</ele>
   </trkpt>
   <trkpt lat="40.6505970" lon="-3.0836940">
    <ele>942.8</ele>
   </trkpt>
   <trkpt lat="40.6506610" lon="-3.0836810">
    <ele>942.8</ele>
   </trkpt>
   <trkpt lat="40.6507260" lon="-3.0836690">
    <ele>942.8</ele>
   </trkpt>
   <trkpt lat="40.6507910" lon="-3.0836540">
    <ele>943.0</ele>
   </trkpt>
   <trkpt lat="40.6508520" lon="-3.0836430">
    <ele>943.0</ele>
   </trkpt>
   <trkpt lat="40.6509170" lon="-3.0836300">
    <ele>943.0</ele>
   </trkpt>
   <trkpt lat="40.6509860" lon="-3.0836190">
    <ele>942.8</ele>
   </trkpt>
   <trkpt lat="40.6510580" lon="-3.0836070">
    <ele>942.6</ele>
   </trkpt>
   <trkpt lat="40.6511310" lon="-3.0835940">
    <ele>942.4</ele>
   </trkpt>
   <trkpt lat="40.6511950" lon="-3.0835800">
    <ele>942.2</ele>
   </trkpt>
   <trkpt lat="40.6512760" lon="-3.0835640">
    <ele>941.8</ele>
   </trkpt>
   <trkpt lat="40.6513520" lon="-3.0835490">
    <ele>941.6</ele>
   </trkpt>
   <trkpt lat="40.6514280" lon="-3.0835340">
    <ele>941.2</ele>
   </trkpt>
   <trkpt lat="40.6515080" lon="-3.0835210">
    <ele>941.0</ele>
   </trkpt>
   <trkpt lat="40.6515880" lon="-3.0835060">
    <ele>940.6</ele>
   </trkpt>
   <trkpt lat="40.6516720" lon="-3.0834890">
    <ele>940.2</ele>
   </trkpt>
   <trkpt lat="40.6517560" lon="-3.0834720">
    <ele>939.6</ele>
   </trkpt>
   <trkpt lat="40.6518400" lon="-3.0834520">
    <ele>939.0</ele>
   </trkpt>
   <trkpt lat="40.6519240" lon="-3.0834280">
    <ele>938.2</ele>
   </trkpt>
   <trkpt lat="40.6520160" lon="-3.0833960">
    <ele>937.6</ele>
   </trkpt>
   <trkpt lat="40.6521030" lon="-3.0833450">
    <ele>936.6</ele>
   </trkpt>
   <trkpt lat="40.6521870" lon="-3.0832790">
    <ele>935.6</ele>
   </trkpt>
   <trkpt lat="40.6522750" lon="-3.0832020">
    <ele>934.8</ele>
   </trkpt>
   <trkpt lat="40.6523550" lon="-3.0831170">
    <ele>933.6</ele>
   </trkpt>
   <trkpt lat="40.6524350" lon="-3.0830260">
    <ele>932.6</ele>
   </trkpt>
   <trkpt lat="40.6525150" lon="-3.0829350">
    <ele>931.8</ele>
   </trkpt>
   <trkpt lat="40.6525950" lon="-3.0828400">
    <ele>931.0</ele>
   </trkpt>
   <trkpt lat="40.6526760" lon="-3.0827480">
    <ele>930.4</ele>
   </trkpt>
   <trkpt lat="40.6527600" lon="-3.0826580">
    <ele>929.8</ele>
   </trkpt>
   <trkpt lat="40.6528400" lon="-3.0825680">
    <ele>929.4</ele>
   </trkpt>
   <trkpt lat="40.6529160" lon="-3.0824800">
    <ele>929.0</ele>
   </trkpt>
   <trkpt lat="40.6529960" lon="-3.0823950">
    <ele>928.8</ele>
   </trkpt>
   <trkpt lat="40.6530760" lon="-3.0823120">
    <ele>928.4</ele>
   </trkpt>
   <trkpt lat="40.6531750" lon="-3.0822200">
    <ele>928.2</ele>
   </trkpt>
   <trkpt lat="40.6532480" lon="-3.0821670">
    <ele>927.8</ele>
   </trkpt>
   <trkpt lat="40.6533360" lon="-3.0821140">
    <ele>927.4</ele>
   </trkpt>
   <trkpt lat="40.6534390" lon="-3.0820740">
    <ele>927.2</ele>
   </trkpt>
   <trkpt lat="40.6535340" lon="-3.0820420">
    <ele>927.0</ele>
   </trkpt>
   <trkpt lat="40.6536250" lon="-3.0820130">
    <ele>926.8</ele>
   </trkpt>
   <trkpt lat="40.6537210" lon="-3.0819850">
    <ele>926.8</ele>
   </trkpt>
   <trkpt lat="40.6538160" lon="-3.0819580">
    <ele>926.6</ele>
   </trkpt>
   <trkpt lat="40.6539120" lon="-3.0819340">
    <ele>926.4</ele>
   </trkpt>
   <trkpt lat="40.6540070" lon="-3.0819100">
    <ele>926.0</ele>
   </trkpt>
   <trkpt lat="40.6541020" lon="-3.0818860">
    <ele>925.6</ele>
   </trkpt>
   <trkpt lat="40.6541940" lon="-3.0818640">
    <ele>925.6</ele>
   </trkpt>
   <trkpt lat="40.6542890" lon="-3.0818400">
    <ele>925.6</ele>
   </trkpt>
   <trkpt lat="40.6543850" lon="-3.0818170">
    <ele>925.6</ele>
   </trkpt>
   <trkpt lat="40.6544880" lon="-3.0817890">
    <ele>925.8</ele>
   </trkpt>
   <trkpt lat="40.6545520" lon="-3.0817720">
    <ele>926.0</ele>
   </trkpt>
   <trkpt lat="40.6546330" lon="-3.0817450">
    <ele>926.0</ele>
   </trkpt>
   <trkpt lat="40.6547130" lon="-3.0817200">
    <ele>926.2</ele>
   </trkpt>
   <trkpt lat="40.6547890" lon="-3.0816930">
    <ele>926.4</ele>
   </trkpt>
   <trkpt lat="40.6548650" lon="-3.0816650">
    <ele>926.4</ele>
   </trkpt>
   <trkpt lat="40.6549340" lon="-3.0816280">
    <ele>926.6</ele>
   </trkpt>
   <trkpt lat="40.6550030" lon="-3.0815830">
    <ele>926.6</ele>
   </trkpt>
   <trkpt lat="40.6550670" lon="-3.0815330">
    <ele>926.6</ele>
   </trkpt>
   <trkpt lat="40.6551320" lon="-3.0814780">
    <ele>926.4</ele>
   </trkpt>
   <trkpt lat="40.6551900" lon="-3.0814200">
    <ele>926.4</ele>
   </trkpt>
   <trkpt lat="40.6552510" lon="-3.0813600">
    <ele>926.2</ele>
   </trkpt>
   <trkpt lat="40.6553080" lon="-3.0813020">
    <ele>926.2</ele>
   </trkpt>
   <trkpt lat="40.6553650" lon="-3.0812440">
    <ele>926.4</ele>
   </trkpt>
   <trkpt lat="40.6554180" lon="-3.0811870">
    <ele>926.4</ele>
   </trkpt>
   <trkpt lat="40.6554720" lon="-3.0811320">
    <ele>926.2</ele>
   </trkpt>
   <trkpt lat="40.6555290" lon="-3.0810750">
    <ele>926.2</ele>
   </trkpt>
   <trkpt lat="40.6555790" lon="-3.0810170">
    <ele>926.2</ele>
   </trkpt>
   <trkpt lat="40.6556320" lon="-3.0809590">
    <ele>926.0</ele>
   </trkpt>
   <trkpt lat="40.6556850" lon="-3.0809020">
    <ele>925.8</ele>
   </trkpt>
   <trkpt lat="40.6557430" lon="-3.0808480">
    <ele>925.8</ele>
   </trkpt>
   <trkpt lat="40.6557960" lon="-3.0807920">
    <ele>925.8</ele>
   </trkpt>
   <trkpt lat="40.6558530" lon="-3.0807370">
    <ele>925.6</ele>
   </trkpt>
   <trkpt lat="40.6559070" lon="-3.0806820">
    <ele>925.6</ele>
   </trkpt>
   <trkpt lat="40.6559640" lon="-3.0806290">
    <ele>925.6</ele>
   </trkpt>
   <trkpt lat="40.6560250" lon="-3.0805790">
    <ele>925.4</ele>
   </trkpt>
   <trkpt lat="40.6560820" lon="-3.0805290">
    <ele>925.4</ele>
   </trkpt>
   <trkpt lat="40.6561360" lon="-3.0804750">
    <ele>925.2</ele>
   </trkpt>
   <trkpt lat="40.6561930" lon="-3.0804240">
    <ele>925.2</ele>
   </trkpt>
   <trkpt lat="40.6562500" lon="-3.0803750">
    <ele>925.4</ele>
   </trkpt>
   <trkpt lat="40.6563070" lon="-3.0803290">
    <ele>925.4</ele>
   </trkpt>
   <trkpt lat="40.6563530" lon="-3.0802870">
    <ele>925.8</ele>
   </trkpt>
   <trkpt lat="40.6564060" lon="-3.0802460">
    <ele>926.0</ele>
   </trkpt>
   <trkpt lat="40.6564520" lon="-3.0802080">
    <ele>926.2</ele>
   </trkpt>
   <trkpt lat="40.6565020" lon="-3.0801730">
    <ele>926.6</ele>
   </trkpt>
   <trkpt lat="40.6565440" lon="-3.0801430">
    <ele>927.0</ele>
   </trkpt>
   <trkpt lat="40.6565860" lon="-3.0801150">
    <ele>927.4</ele>
   </trkpt>
   <trkpt lat="40.6566240" lon="-3.0800900">
    <ele>927.8</ele>
   </trkpt>
   <trkpt lat="40.6566580" lon="-3.0800690">
    <ele>928.0</ele>
   </trkpt>
   <trkpt lat="40.6566890" lon="-3.0800490">
    <ele>928.4</ele>
   </trkpt>
   <trkpt lat="40.6567230" lon="-3.0800310">
    <ele>928.8</ele>
   </trkpt>
   <trkpt lat="40.6567540" lon="-3.0800140">
    <ele>929.0</ele>
   </trkpt>
   <trkpt lat="40.6567800" lon="-3.0799990">
    <ele>929.4</ele>
   </trkpt>
   <trkpt lat="40.6568110" lon="-3.0799870">
    <ele>929.6</ele>
   </trkpt>
   <trkpt lat="40.6568410" lon="-3.0799720">
    <ele>929.8</ele>
   </trkpt>
   <trkpt lat="40.6568720" lon="-3.0799590">
    <ele>930.0</ele>
   </trkpt>
   <trkpt lat="40.6568990" lon="-3.0799480">
    <ele>930.2</ele>
   </trkpt>
   <trkpt lat="40.6569250" lon="-3.0799380">
    <ele>930.4</ele>
   </trkpt>
   <trkpt lat="40.6569520" lon="-3.0799280">
    <ele>930.6</ele>
   </trkpt>
   <trkpt lat="40.6569820" lon="-3.0799200">
    <ele>930.8</ele>
   </trkpt>
   <trkpt lat="40.6570130" lon="-3.0799100">
    <ele>931.0</ele>
   </trkpt>
   <trkpt lat="40.6570430" lon="-3.0799000">
    <ele>931.2</ele>
   </trkpt>
   <trkpt lat="40.6570700" lon="-3.0798930">
    <ele>931.4</ele>
   </trkpt>
   <trkpt lat="40.6571010" lon="-3.0798850">
    <ele>931.6</ele>
   </trkpt>
   <trkpt lat="40.6571310" lon="-3.0798760">
    <ele>931.8</ele>
   </trkpt>
   <trkpt lat="40.6571620" lon="-3.0798680">
    <ele>932.0</ele>
   </trkpt>
   <trkpt lat="40.6571880" lon="-3.0798590">
    <ele>932.2</ele>
   </trkpt>
   <trkpt lat="40.6572190" lon="-3.0798510">
    <ele>932.4</ele>
   </trkpt>
   <trkpt lat="40.6572490" lon="-3.0798430">
    <ele>932.6</ele>
   </trkpt>
   <trkpt lat="40.6572800" lon="-3.0798330">
    <ele>932.8</ele>
   </trkpt>
   <trkpt lat="40.6573070" lon="-3.0798280">
    <ele>933.0</ele>
   </trkpt>
   <trkpt lat="40.6573370" lon="-3.0798210">
    <ele>933.2</ele>
   </trkpt>
   <trkpt lat="40.6573640" lon="-3.0798130">
    <ele>933.4</ele>
   </trkpt>
   <trkpt lat="40.6573980" lon="-3.0798040">
    <ele>933.4</ele>
   </trkpt>
   <trkpt lat="40.6574290" lon="-3.0797960">
    <ele>933.6</ele>
   </trkpt>
   <trkpt lat="40.6574590" lon="-3.0797850">
    <ele>934.0</ele>
   </trkpt>
   <trkpt lat="40.6574820" lon="-3.0797780">
    <ele>934.2</ele>
   </trkpt>
   <trkpt lat="40.6575130" lon="-3.0797700">
    <ele>934.2</ele>
   </trkpt>
   <trkpt lat="40.6575430" lon="-3.0797630">
    <ele>934.4</ele>
   </trkpt>
   <trkpt lat="40.6575700" lon="-3.0797540">
    <ele>934.6</ele>
   </trkpt>
   <trkpt lat="40.6576000" lon="-3.0797440">
    <ele>934.8</ele>
   </trkpt>
   <trkpt lat="40.6576310" lon="-3.0797350">
    <ele>935.0</ele>
   </trkpt>
   <trkpt lat="40.6576610" lon="-3.0797280">
    <ele>935.0</ele>
   </trkpt>
   <trkpt lat="40.6576880" lon="-3.0797200">
    <ele>935.2</ele>
   </trkpt>
   <trkpt lat="40.6577190" lon="-3.0797110">
    <ele>935.4</ele>
   </trkpt>
   <trkpt lat="40.6577490" lon="-3.0797010">
    <ele>935.6</ele>
   </trkpt>
   <trkpt lat="40.6577760" lon="-3.0796950">
    <ele>935.8</ele>
   </trkpt>
   <trkpt lat="40.6578060" lon="-3.0796900">
    <ele>935.8</ele>
   </trkpt>
   <trkpt lat="40.6578330" lon="-3.0796810">
    <ele>936.0</ele>
   </trkpt>
   <trkpt lat="40.6578640" lon="-3.0796710">
    <ele>936.2</ele>
   </trkpt>
   <trkpt lat="40.6578900" lon="-3.0796630">
    <ele>936.4</ele>
   </trkpt>
   <trkpt lat="40.6579210" lon="-3.0796530">
    <ele>936.6</ele>
   </trkpt>
   <trkpt lat="40.6579510" lon="-3.0796430">
    <ele>936.8</ele>
   </trkpt>
   <trkpt lat="40.6579780" lon="-3.0796360">
    <ele>937.0</ele>
   </trkpt>
   <trkpt lat="40.6580050" lon="-3.0796310">
    <ele>937.2</ele>
   </trkpt>
   <trkpt lat="40.6580350" lon="-3.0796260">
    <ele>937.4</ele>
   </trkpt>
   <trkpt lat="40.6580660" lon="-3.0796210">
    <ele>937.4</ele>
   </trkpt>
   <trkpt lat="40.6581000" lon="-3.0796110">
    <ele>937.6</ele>
   </trkpt>
   <trkpt lat="40.6581270" lon="-3.0796030">
    <ele>937.8</ele>
   </trkpt>
   <trkpt lat="40.6581540" lon="-3.0795950">
    <ele>938.0</ele>
   </trkpt>
   <trkpt lat="40.6581880" lon="-3.0795860">
    <ele>938.2</ele>
   </trkpt>
   <trkpt lat="40.6582150" lon="-3.0795780">
    <ele>938.4</ele>
   </trkpt>
   <trkpt lat="40.6582450" lon="-3.0795700">
    <ele>938.6</ele>
   </trkpt>
   <trkpt lat="40.6582720" lon="-3.0795610">
    <ele>938.8</ele>
   </trkpt>
   <trkpt lat="40.6582980" lon="-3.0795560">
    <ele>939.0</ele>
   </trkpt>
   <trkpt lat="40.6583290" lon="-3.0795480">
    <ele>939.2</ele>
   </trkpt>
   <trkpt lat="40.6583560" lon="-3.0795410">
    <ele>939.4</ele>
   </trkpt>
   <trkpt lat="40.6583860" lon="-3.0795310">
    <ele>939.6</ele>
   </trkpt>
   <trkpt lat="40.6584130" lon="-3.0795190">
    <ele>939.8</ele>
   </trkpt>
   <trkpt lat="40.6584430" lon="-3.0795090">
    <ele>940.0</ele>
   </trkpt>
   <trkpt lat="40.6584740" lon="-3.0795030">
    <ele>940.0</ele>
   </trkpt>
   <trkpt lat="40.6585040" lon="-3.0794960">
    <ele>940.2</ele>
   </trkpt>
   <trkpt lat="40.6585310" lon="-3.0794880">
    <ele>940.4</ele>
   </trkpt>
   <trkpt lat="40.6585620" lon="-3.0794780">
    <ele>940.6</ele>
   </trkpt>
   <trkpt lat="40.6585920" lon="-3.0794680">
    <ele>940.6</ele>
   </trkpt>
   <trkpt lat="40.6586230" lon="-3.0794590">
    <ele>940.8</ele>
   </trkpt>
   <trkpt lat="40.6586530" lon="-3.0794530">
    <ele>941.0</ele>
   </trkpt>
   <trkpt lat="40.6586800" lon="-3.0794460">
    <ele>941.2</ele>
   </trkpt>
   <trkpt lat="40.6587100" lon="-3.0794380">
    <ele>941.4</ele>
   </trkpt>
   <trkpt lat="40.6587410" lon="-3.0794300">
    <ele>941.6</ele>
   </trkpt>
   <trkpt lat="40.6587720" lon="-3.0794210">
    <ele>941.6</ele>
   </trkpt>
   <trkpt lat="40.6587980" lon="-3.0794150">
    <ele>941.8</ele>
   </trkpt>
   <trkpt lat="40.6588290" lon="-3.0794100">
    <ele>942.0</ele>
   </trkpt>
   <trkpt lat="40.6588550" lon="-3.0794030">
    <ele>942.0</ele>
   </trkpt>
   <trkpt lat="40.6588860" lon="-3.0793940">
    <ele>942.2</ele>
   </trkpt>
   <trkpt lat="40.6589200" lon="-3.0793830">
    <ele>942.4</ele>
   </trkpt>
   <trkpt lat="40.6589510" lon="-3.0793730">
    <ele>942.6</ele>
   </trkpt>
   <trkpt lat="40.6589810" lon="-3.0793630">
    <ele>942.6</ele>
   </trkpt>
   <trkpt lat="40.6590160" lon="-3.0793530">
    <ele>942.8</ele>
   </trkpt>
   <trkpt lat="40.6590420" lon="-3.0793450">
    <ele>942.8</ele>
   </trkpt>
   <trkpt lat="40.6590770" lon="-3.0793360">
    <ele>943.0</ele>
   </trkpt>
   <trkpt lat="40.6591110" lon="-3.0793260">
    <ele>943.0</ele>
   </trkpt>
   <trkpt lat="40.6591450" lon="-3.0793160">
    <ele>943.2</ele>
   </trkpt>
   <trkpt lat="40.6591800" lon="-3.0793040">
    <ele>943.2</ele>
   </trkpt>
   <trkpt lat="40.6592140" lon="-3.0792940">
    <ele>943.4</ele>
   </trkpt>
   <trkpt lat="40.6592520" lon="-3.0792860">
    <ele>943.4</ele>
   </trkpt>
   <trkpt lat="40.6592870" lon="-3.0792740">
    <ele>943.6</ele>
   </trkpt>
   <trkpt lat="40.6593250" lon="-3.0792630">
    <ele>943.8</ele>
   </trkpt>
   <trkpt lat="40.6593590" lon="-3.0792510">
    <ele>943.8</ele>
   </trkpt>
   <trkpt lat="40.6593970" lon="-3.0792360">
    <ele>943.8</ele>
   </trkpt>
   <trkpt lat="40.6594350" lon="-3.0792190">
    <ele>944.0</ele>
   </trkpt>
   <trkpt lat="40.6594700" lon="-3.0792010">
    <ele>944.0</ele>
   </trkpt>
   <trkpt lat="40.6595040" lon="-3.0791820">
    <ele>944.0</ele>
   </trkpt>
   <trkpt lat="40.6595420" lon="-3.0791620">
    <ele>944.0</ele>
   </trkpt>
   <trkpt lat="40.6595800" lon="-3.0791400">
    <ele>944.0</ele>
   </trkpt>
   <trkpt lat="40.6596180" lon="-3.0791180">
    <ele>944.0</ele>
   </trkpt>
   <trkpt lat="40.6596600" lon="-3.0790930">
    <ele>944.2</ele>
   </trkpt>
   <trkpt lat="40.6596980" lon="-3.0790630">
    <ele>944.0</ele>
   </trkpt>
   <trkpt lat="40.6597400" lon="-3.0790350">
    <ele>944.2</ele>
   </trkpt>
   <trkpt lat="40.6597790" lon="-3.0790030">
    <ele>944.0</ele>
   </trkpt>
   <trkpt lat="40.6598210" lon="-3.0789700">
    <ele>944.0</ele>
   </trkpt>
   <trkpt lat="40.6598590" lon="-3.0789350">
    <ele>944.2</ele>
   </trkpt>
   <trkpt lat="40.6598970" lon="-3.0789000">
    <ele>944.2</ele>
   </trkpt>
   <trkpt lat="40.6599310" lon="-3.0788630">
    <ele>944.0</ele>
   </trkpt>
   <trkpt lat="40.6599690" lon="-3.0788260">
    <ele>943.8</ele>
   </trkpt>
   <trkpt lat="40.6600070" lon="-3.0787840">
    <ele>943.8</ele>
   </trkpt>
   <trkpt lat="40.6600460" lon="-3.0787410">
    <ele>943.6</ele>
   </trkpt>
   <trkpt lat="40.6600840" lon="-3.0786940">
    <ele>943.4</ele>
   </trkpt>
   <trkpt lat="40.6601220" lon="-3.0786470">
    <ele>943.4</ele>
   </trkpt>
   <trkpt lat="40.6601640" lon="-3.0785990">
    <ele>943.4</ele>
   </trkpt>
   <trkpt lat="40.6602020" lon="-3.0785520">
    <ele>943.2</ele>
   </trkpt>
   <trkpt lat="40.6602440" lon="-3.0785020">
    <ele>943.0</ele>
   </trkpt>
   <trkpt lat="40.6602900" lon="-3.0784520">
    <ele>942.8</ele>
   </trkpt>
   <trkpt lat="40.6603360" lon="-3.0784000">
    <ele>942.6</ele>
   </trkpt>
   <trkpt lat="40.6603780" lon="-3.0783470">
    <ele>942.4</ele>
   </trkpt>
   <trkpt lat="40.6604230" lon="-3.0782920">
    <ele>942.2</ele>
   </trkpt>
   <trkpt lat="40.6604690" lon="-3.0782390">
    <ele>942.2</ele>
   </trkpt>
   <trkpt lat="40.6605190" lon="-3.0781850">
    <ele>942.0</ele>
   </trkpt>
   <trkpt lat="40.6605680" lon="-3.0781300">
    <ele>941.8</ele>
   </trkpt>
   <trkpt lat="40.6606140" lon="-3.0780700">
    <ele>941.6</ele>
   </trkpt>
   <trkpt lat="40.6606640" lon="-3.0780120">
    <ele>941.4</ele>
   </trkpt>
   <trkpt lat="40.6607130" lon="-3.0779530">
    <ele>941.2</ele>
   </trkpt>
   <trkpt lat="40.6607630" lon="-3.0778940">
    <ele>941.0</ele>
   </trkpt>
   <trkpt lat="40.6608120" lon="-3.0778350">
    <ele>940.6</ele>
   </trkpt>
   <trkpt lat="40.6608620" lon="-3.0777750">
    <ele>940.6</ele>
   </trkpt>
   <trkpt lat="40.6609150" lon="-3.0777140">
    <ele>940.2</ele>
   </trkpt>
   <trkpt lat="40.6609650" lon="-3.0776550">
    <ele>940.0</ele>
   </trkpt>
   <trkpt lat="40.6610180" lon="-3.0775930">
    <ele>939.8</ele>
   </trkpt>
   <trkpt lat="40.6610680" lon="-3.0775320">
    <ele>939.6</ele>
   </trkpt>
   <trkpt lat="40.6611210" lon="-3.0774690">
    <ele>939.2</ele>
   </trkpt>
   <trkpt lat="40.6611750" lon="-3.0774080">
    <ele>939.2</ele>
   </trkpt>
   <trkpt lat="40.6612280" lon="-3.0773460">
    <ele>939.0</ele>
   </trkpt>
   <trkpt lat="40.6612850" lon="-3.0772880">
    <ele>938.8</ele>
   </trkpt>
   <trkpt lat="40.6613430" lon="-3.0772300">
    <ele>938.6</ele>
   </trkpt>
   <trkpt lat="40.6614040" lon="-3.0771710">
    <ele>938.2</ele>
   </trkpt>
   <trkpt lat="40.6614610" lon="-3.0771160">
    <ele>938.0</ele>
   </trkpt>
   <trkpt lat="40.6615220" lon="-3.0770630">
    <ele>937.8</ele>
   </trkpt>
   <trkpt lat="40.6615790" lon="-3.0770080">
    <ele>937.8</ele>
   </trkpt>
   <trkpt lat="40.6616400" lon="-3.0769570">
    <ele>937.6</ele>
   </trkpt>
   <trkpt lat="40.6616940" lon="-3.0769050">
    <ele>937.6</ele>
   </trkpt>
   <trkpt lat="40.6617470" lon="-3.0768570">
    <ele>937.6</ele>
   </trkpt>
   <trkpt lat="40.6618000" lon="-3.0768110">
    <ele>937.6</ele>
   </trkpt>
   <trkpt lat="40.6618540" lon="-3.0767660">
    <ele>937.4</ele>
   </trkpt>
   <trkpt lat="40.6619070" lon="-3.0767210">
    <ele>937.6</ele>
   </trkpt>
   <trkpt lat="40.6619610" lon="-3.0766730">
    <ele>937.6</ele>
   </trkpt>
   <trkpt lat="40.6620220" lon="-3.0766200">
    <ele>937.6</ele>
   </trkpt>
   <trkpt lat="40.6620640" lon="-3.0765830">
    <ele>937.6</ele>
   </trkpt>
   <trkpt lat="40.6621130" lon="-3.0765350">
    <ele>937.6</ele>
   </trkpt>
   <trkpt lat="40.6621630" lon="-3.0764910">
    <ele>937.6</ele>
   </trkpt>
   <trkpt lat="40.6622120" lon="-3.0764430">
    <ele>937.6</ele>
   </trkpt>
   <trkpt lat="40.6622700" lon="-3.0763900">
    <ele>937.6</ele>
   </trkpt>
   <trkpt lat="40.6623150" lon="-3.0763510">
    <ele>937.6</ele>
   </trkpt>
   <trkpt lat="40.6623650" lon="-3.0763050">
    <ele>937.6</ele>
   </trkpt>
   <trkpt lat="40.6624260" lon="-3.0762500">
    <ele>937.6</ele>
   </trkpt>
   <trkpt lat="40.6624680" lon="-3.0762130">
    <ele>937.4</ele>
   </trkpt>
   <trkpt lat="40.6625170" lon="-3.0761680">
    <ele>937.4</ele>
   </trkpt>
   <trkpt lat="40.6625670" lon="-3.0761210">
    <ele>937.4</ele>
   </trkpt>
   <trkpt lat="40.6626210" lon="-3.0760760">
    <ele>937.2</ele>
   </trkpt>
   <trkpt lat="40.6626660" lon="-3.0760330">
    <ele>937.2</ele>
   </trkpt>
   <trkpt lat="40.6627120" lon="-3.0759920">
    <ele>937.0</ele>
   </trkpt>
   <trkpt lat="40.6627620" lon="-3.0759530">
    <ele>937.0</ele>
   </trkpt>
   <trkpt lat="40.6628070" lon="-3.0759150">
    <ele>937.0</ele>
   </trkpt>
   <trkpt lat="40.6628490" lon="-3.0758750">
    <ele>937.0</ele>
   </trkpt>
   <trkpt lat="40.6628880" lon="-3.0758350">
    <ele>937.2</ele>
   </trkpt>
   <trkpt lat="40.6629300" lon="-3.0757970">
    <ele>937.2</ele>
   </trkpt>
   <trkpt lat="40.6629710" lon="-3.0757570">
    <ele>937.4</ele>
   </trkpt>
   <trkpt lat="40.6630060" lon="-3.0757220">
    <ele>937.4</ele>
   </trkpt>
   <trkpt lat="40.6630440" lon="-3.0756830">
    <ele>937.6</ele>
   </trkpt>
   <trkpt lat="40.6630820" lon="-3.0756430">
    <ele>937.8</ele>
   </trkpt>
   <trkpt lat="40.6631160" lon="-3.0756020">
    <ele>937.8</ele>
   </trkpt>
   <trkpt lat="40.6631470" lon="-3.0755580">
    <ele>938.0</ele>
   </trkpt>
   <trkpt lat="40.6631770" lon="-3.0755150">
    <ele>938.0</ele>
   </trkpt>
   <trkpt lat="40.6632120" lon="-3.0754710">
    <ele>938.2</ele>
   </trkpt>
   <trkpt lat="40.6632420" lon="-3.0754260">
    <ele>938.4</ele>
   </trkpt>
   <trkpt lat="40.6632730" lon="-3.0753780">
    <ele>938.4</ele>
   </trkpt>
   <trkpt lat="40.6633000" lon="-3.0753300">
    <ele>938.4</ele>
   </trkpt>
   <trkpt lat="40.6633300" lon="-3.0752690">
    <ele>938.4</ele>
   </trkpt>
   <trkpt lat="40.6633490" lon="-3.0752270">
    <ele>938.4</ele>
   </trkpt>
   <trkpt lat="40.6633760" lon="-3.0751740">
    <ele>938.4</ele>
   </trkpt>
   <trkpt lat="40.6634030" lon="-3.0751200">
    <ele>938.4</ele>
   </trkpt>
   <trkpt lat="40.6634290" lon="-3.0750650">
    <ele>938.2</ele>
   </trkpt>
   <trkpt lat="40.6634600" lon="-3.0750080">
    <ele>938.2</ele>
   </trkpt>
   <trkpt lat="40.6634980" lon="-3.0749390">
    <ele>938.0</ele>
   </trkpt>
   <trkpt lat="40.6635210" lon="-3.0748900">
    <ele>937.8</ele>
   </trkpt>
   <trkpt lat="40.6635470" lon="-3.0748280">
    <ele>937.8</ele>
   </trkpt>
   <trkpt lat="40.6635860" lon="-3.0747520">
    <ele>937.6</ele>
   </trkpt>
   <trkpt lat="40.6636160" lon="-3.0746890">
    <ele>937.6</ele>
   </trkpt>
   <trkpt lat="40.6636430" lon="-3.0746370">
    <ele>937.4</ele>
   </trkpt>
   <trkpt lat="40.6636770" lon="-3.0745720">
    <ele>937.2</ele>
   </trkpt>
   <trkpt lat="40.6637110" lon="-3.0745070">
    <ele>937.0</ele>
   </trkpt>
   <trkpt lat="40.6637460" lon="-3.0744400">
    <ele>936.8</ele>
   </trkpt>
   <trkpt lat="40.6637800" lon="-3.0743750">
    <ele>936.8</ele>
   </trkpt>
   <trkpt lat="40.6638150" lon="-3.0743090">
    <ele>936.8</ele>
   </trkpt>
   <trkpt lat="40.6638450" lon="-3.0742420">
    <ele>936.6</ele>
   </trkpt>
   <trkpt lat="40.6638760" lon="-3.0741730">
    <ele>936.6</ele>
   </trkpt>
   <trkpt lat="40.6639060" lon="-3.0741030">
    <ele>936.6</ele>
   </trkpt>
   <trkpt lat="40.6639370" lon="-3.0740170">
    <ele>936.4</ele>
   </trkpt>
   <trkpt lat="40.6639600" lon="-3.0739570">
    <ele>936.4</ele>
   </trkpt>
   <trkpt lat="40.6639860" lon="-3.0738830">
    <ele>936.2</ele>
   </trkpt>
   <trkpt lat="40.6640130" lon="-3.0737900">
    <ele>936.2</ele>
   </trkpt>
   <trkpt lat="40.6640360" lon="-3.0737150">
    <ele>936.0</ele>
   </trkpt>
   <trkpt lat="40.6640510" lon="-3.0736580">
    <ele>936.0</ele>
   </trkpt>
   <trkpt lat="40.6640700" lon="-3.0735820">
    <ele>935.8</ele>
   </trkpt>
   <trkpt lat="40.6640930" lon="-3.0735060">
    <ele>935.8</ele>
   </trkpt>
   <trkpt lat="40.6641120" lon="-3.0734280">
    <ele>935.8</ele>
   </trkpt>
   <trkpt lat="40.6641390" lon="-3.0733410">
    <ele>935.8</ele>
   </trkpt>
   <trkpt lat="40.6641540" lon="-3.0732790">
    <ele>935.8</ele>
   </trkpt>
   <trkpt lat="40.6641730" lon="-3.0732030">
    <ele>936.0</ele>
   </trkpt>
   <trkpt lat="40.6641960" lon="-3.0731130">
    <ele>936.0</ele>
   </trkpt>
   <trkpt lat="40.6642150" lon="-3.0730540">
    <ele>935.8</ele>
   </trkpt>
   <trkpt lat="40.6642300" lon="-3.0729790">
    <ele>936.0</ele>
   </trkpt>
   <trkpt lat="40.6642530" lon="-3.0729060">
    <ele>936.0</ele>
   </trkpt>
   <trkpt lat="40.6642720" lon="-3.0728350">
    <ele>936.0</ele>
   </trkpt>
   <trkpt lat="40.6642950" lon="-3.0727540">
    <ele>936.2</ele>
   </trkpt>
   <trkpt lat="40.6643180" lon="-3.0726850">
    <ele>936.4</ele>
   </trkpt>
   <trkpt lat="40.6643330" lon="-3.0726280">
    <ele>936.4</ele>
   </trkpt>
   <trkpt lat="40.6643490" lon="-3.0725570">
    <ele>936.6</ele>
   </trkpt>
   <trkpt lat="40.6643680" lon="-3.0724870">
    <ele>936.6</ele>
   </trkpt>
   <trkpt lat="40.6643910" lon="-3.0724080">
    <ele>936.6</ele>
   </trkpt>
   <trkpt lat="40.6644130" lon="-3.0723420">
    <ele>936.8</ele>
   </trkpt>
   <trkpt lat="40.6644290" lon="-3.0722890">
    <ele>937.0</ele>
   </trkpt>
   <trkpt lat="40.6644480" lon="-3.0722220">
    <ele>937.0</ele>
   </trkpt>
   <trkpt lat="40.6644740" lon="-3.0721430">
    <ele>937.2</ele>
   </trkpt>
   <trkpt lat="40.6644940" lon="-3.0720790">
    <ele>937.2</ele>
   </trkpt>
   <trkpt lat="40.6645130" lon="-3.0720240">
    <ele>937.2</ele>
   </trkpt>
   <trkpt lat="40.6645360" lon="-3.0719580">
    <ele>937.4</ele>
   </trkpt>
   <trkpt lat="40.6645580" lon="-3.0718920">
    <ele>937.4</ele>
   </trkpt>
   <trkpt lat="40.6645810" lon="-3.0718260">
    <ele>937.4</ele>
   </trkpt>
   <trkpt lat="40.6646120" lon="-3.0717490">
    <ele>937.6</ele>
   </trkpt>
   <trkpt lat="40.6646270" lon="-3.0716930">
    <ele>937.6</ele>
   </trkpt>
   <trkpt lat="40.6646500" lon="-3.0716300">
    <ele>937.6</ele>
   </trkpt>
   <trkpt lat="40.6646690" lon="-3.0715700">
    <ele>938.0</ele>
   </trkpt>
   <trkpt lat="40.6646880" lon="-3.0715170">
    <ele>938.2</ele>
   </trkpt>
   <trkpt lat="40.6647070" lon="-3.0714680">
    <ele>938.4</ele>
   </trkpt>
   <trkpt lat="40.6647300" lon="-3.0714190">
    <ele>938.6</ele>
   </trkpt>
   <trkpt lat="40.6647490" lon="-3.0713720">
    <ele>938.6</ele>
   </trkpt>
   <trkpt lat="40.6647680" lon="-3.0713240">
    <ele>938.8</ele>
   </trkpt>
   <trkpt lat="40.6647870" lon="-3.0712810">
    <ele>939.0</ele>
   </trkpt>
   <trkpt lat="40.6648060" lon="-3.0712330">
    <ele>939.0</ele>
   </trkpt>
   <trkpt lat="40.6648370" lon="-3.0711940">
    <ele>939.2</ele>
   </trkpt>
   <trkpt lat="40.6648640" lon="-3.0711490">
    <ele>939.2</ele>
   </trkpt>
   <trkpt lat="40.6648900" lon="-3.0711040">
    <ele>939.4</ele>
   </trkpt>
   <trkpt lat="40.6649130" lon="-3.0710570">
    <ele>939.6</ele>
   </trkpt>
   <trkpt lat="40.6649320" lon="-3.0710020">
    <ele>939.6</ele>
   </trkpt>
   <trkpt lat="40.6649470" lon="-3.0709500">
    <ele>939.8</ele>
   </trkpt>
   <trkpt lat="40.6649440" lon="-3.0709100">
    <ele>940.2</ele>
   </trkpt>
   <trkpt lat="40.6649550" lon="-3.0708590">
    <ele>940.2</ele>
   </trkpt>
   <trkpt lat="40.6649700" lon="-3.0708130">
    <ele>940.4</ele>
   </trkpt>
   <trkpt lat="40.6649860" lon="-3.0707590">
    <ele>940.6</ele>
   </trkpt>
   <trkpt lat="40.6650010" lon="-3.0707080">
    <ele>940.6</ele>
   </trkpt>
   <trkpt lat="40.6650200" lon="-3.0706550">
    <ele>940.8</ele>
   </trkpt>
   <trkpt lat="40.6650390" lon="-3.0706060">
    <ele>940.8</ele>
   </trkpt>
   <trkpt lat="40.6650620" lon="-3.0705570">
    <ele>941.0</ele>
   </trkpt>
   <trkpt lat="40.6650890" lon="-3.0705100">
    <ele>941.2</ele>
   </trkpt>
   <trkpt lat="40.6651120" lon="-3.0704670">
    <ele>941.4</ele>
   </trkpt>
   <trkpt lat="40.6651340" lon="-3.0704240">
    <ele>941.6</ele>
   </trkpt>
   <trkpt lat="40.6651540" lon="-3.0703810">
    <ele>941.6</ele>
   </trkpt>
   <trkpt lat="40.6651800" lon="-3.0703370">
    <ele>941.8</ele>
   </trkpt>
   <trkpt lat="40.6652030" lon="-3.0702940">
    <ele>942.0</ele>
   </trkpt>
   <trkpt lat="40.6652300" lon="-3.0702510">
    <ele>942.0</ele>
   </trkpt>
   <trkpt lat="40.6652560" lon="-3.0702110">
    <ele>942.0</ele>
   </trkpt>
   <trkpt lat="40.6652830" lon="-3.0701730">
    <ele>942.2</ele>
   </trkpt>
   <trkpt lat="40.6653100" lon="-3.0701350">
    <ele>942.4</ele>
   </trkpt>
   <trkpt lat="40.6653400" lon="-3.0700960">
    <ele>942.4</ele>
   </trkpt>
   <trkpt lat="40.6653710" lon="-3.0700600">
    <ele>942.6</ele>
   </trkpt>
   <trkpt lat="40.6654010" lon="-3.0700250">
    <ele>942.6</ele>
   </trkpt>
   <trkpt lat="40.6654360" lon="-3.0699880">
    <ele>942.8</ele>
   </trkpt>
   <trkpt lat="40.6654620" lon="-3.0699530">
    <ele>942.8</ele>
   </trkpt>
   <trkpt lat="40.6654970" lon="-3.0699180">
    <ele>943.0</ele>
   </trkpt>
   <trkpt lat="40.6655270" lon="-3.0698870">
    <ele>943.0</ele>
   </trkpt>
   <trkpt lat="40.6655620" lon="-3.0698570">
    <ele>943.0</ele>
   </trkpt>
   <trkpt lat="40.6656000" lon="-3.0698300">
    <ele>943.2</ele>
   </trkpt>
   <trkpt lat="40.6656300" lon="-3.0698020">
    <ele>943.4</ele>
   </trkpt>
   <trkpt lat="40.6656610" lon="-3.0697760">
    <ele>943.6</ele>
   </trkpt>
   <trkpt lat="40.6657030" lon="-3.0697380">
    <ele>943.6</ele>
   </trkpt>
   <trkpt lat="40.6657330" lon="-3.0697070">
    <ele>943.8</ele>
   </trkpt>
   <trkpt lat="40.6657680" lon="-3.0696770">
    <ele>943.8</ele>
   </trkpt>
   <trkpt lat="40.6658020" lon="-3.0696470">
    <ele>944.0</ele>
   </trkpt>
   <trkpt lat="40.6658400" lon="-3.0696180">
    <ele>944.0</ele>
   </trkpt>
   <trkpt lat="40.6658740" lon="-3.0695890">
    <ele>944.2</ele>
   </trkpt>
   <trkpt lat="40.6659090" lon="-3.0695620">
    <ele>944.2</ele>
   </trkpt>
   <trkpt lat="40.6659470" lon="-3.0695330">
    <ele>944.4</ele>
   </trkpt>
   <trkpt lat="40.6659810" lon="-3.0695050">
    <ele>944.6</ele>
   </trkpt>
   <trkpt lat="40.6660190" lon="-3.0694800">
    <ele>944.6</ele>
   </trkpt>
   <trkpt lat="40.6660540" lon="-3.0694570">
    <ele>944.8</ele>
   </trkpt>
   <trkpt lat="40.6660920" lon="-3.0694300">
    <ele>945.0</ele>
   </trkpt>
   <trkpt lat="40.6661260" lon="-3.0694020">
    <ele>945.2</ele>
   </trkpt>
   <trkpt lat="40.6661610" lon="-3.0693750">
    <ele>945.2</ele>
   </trkpt>
   <trkpt lat="40.6661950" lon="-3.0693480">
    <ele>945.2</ele>
   </trkpt>
   <trkpt lat="40.6662290" lon="-3.0693210">
    <ele>945.4</ele>
   </trkpt>
   <trkpt lat="40.6662670" lon="-3.0692930">
    <ele>945.4</ele>
   </trkpt>
   <trkpt lat="40.6663060" lon="-3.0692650">
    <ele>945.6</ele>
   </trkpt>
   <trkpt lat="40.6663440" lon="-3.0692380">
    <ele>945.6</ele>
   </trkpt>
   <trkpt lat="40.6663780" lon="-3.0692080">
    <ele>945.8</ele>
   </trkpt>
   <trkpt lat="40.6664160" lon="-3.0691790">
    <ele>945.8</ele>
   </trkpt>
   <trkpt lat="40.6664500" lon="-3.0691550">
    <ele>945.8</ele>
   </trkpt>
   <trkpt lat="40.6664890" lon="-3.0691230">
    <ele>946.0</ele>
   </trkpt>
   <trkpt lat="40.6665310" lon="-3.0690890">
    <ele>946.0</ele>
   </trkpt>
   <trkpt lat="40.6665800" lon="-3.0690540">
    <ele>946.2</ele>
   </trkpt>
   <trkpt lat="40.6666110" lon="-3.0690300">
    <ele>946.2</ele>
   </trkpt>
   <trkpt lat="40.6666560" lon="-3.0689960">
    <ele>946.2</ele>
   </trkpt>
   <trkpt lat="40.6667100" lon="-3.0689580">
    <ele>946.2</ele>
   </trkpt>
   <trkpt lat="40.6667560" lon="-3.0689270">
    <ele>946.4</ele>
   </trkpt>
   <trkpt lat="40.6667900" lon="-3.0689020">
    <ele>946.4</ele>
   </trkpt>
   <trkpt lat="40.6668360" lon="-3.0688720">
    <ele>946.4</ele>
   </trkpt>
   <trkpt lat="40.6668850" lon="-3.0688440">
    <ele>946.4</ele>
   </trkpt>
   <trkpt lat="40.6669350" lon="-3.0688160">
    <ele>946.2</ele>
   </trkpt>
   <trkpt lat="40.6669960" lon="-3.0687850">
    <ele>946.0</ele>
   </trkpt>
   <trkpt lat="40.6670530" lon="-3.0687600">
    <ele>946.0</ele>
   </trkpt>
   <trkpt lat="40.6670950" lon="-3.0687380">
    <ele>945.8</ele>
   </trkpt>
   <trkpt lat="40.6671600" lon="-3.0687090">
    <ele>945.8</ele>
   </trkpt>
   <trkpt lat="40.6672130" lon="-3.0686840">
    <ele>945.8</ele>
   </trkpt>
   <trkpt lat="40.6672590" lon="-3.0686650">
    <ele>945.6</ele>
   </trkpt>
   <trkpt lat="40.6673160" lon="-3.0686440">
    <ele>945.4</ele>
   </trkpt>
   <trkpt lat="40.6673740" lon="-3.0686220">
    <ele>945.2</ele>
   </trkpt>
   <trkpt lat="40.6674390" lon="-3.0685970">
    <ele>945.0</ele>
   </trkpt>
   <trkpt lat="40.6675000" lon="-3.0685720">
    <ele>944.8</ele>
   </trkpt>
   <trkpt lat="40.6675610" lon="-3.0685520">
    <ele>944.6</ele>
   </trkpt>
   <trkpt lat="40.6676250" lon="-3.0685320">
    <ele>944.4</ele>
   </trkpt>
   <trkpt lat="40.6676900" lon="-3.0685100">
    <ele>944.4</ele>
   </trkpt>
   <trkpt lat="40.6677590" lon="-3.0684870">
    <ele>944.2</ele>
   </trkpt>
   <trkpt lat="40.6678240" lon="-3.0684650">
    <ele>943.8</ele>
   </trkpt>
   <trkpt lat="40.6678890" lon="-3.0684420">
    <ele>943.8</ele>
   </trkpt>
   <trkpt lat="40.6679530" lon="-3.0684190">
    <ele>943.8</ele>
   </trkpt>
   <trkpt lat="40.6680180" lon="-3.0683970">
    <ele>944.0</ele>
   </trkpt>
   <trkpt lat="40.6680790" lon="-3.0683760">
    <ele>944.0</ele>
   </trkpt>
   <trkpt lat="40.6681400" lon="-3.0683550">
    <ele>944.2</ele>
   </trkpt>
   <trkpt lat="40.6682010" lon="-3.0683350">
    <ele>944.2</ele>
   </trkpt>
   <trkpt lat="40.6682620" lon="-3.0683120">
    <ele>944.2</ele>
   </trkpt>
   <trkpt lat="40.6683230" lon="-3.0682900">
    <ele>944.4</ele>
   </trkpt>
   <trkpt lat="40.6683850" lon="-3.0682700">
    <ele>944.4</ele>
   </trkpt>
   <trkpt lat="40.6684460" lon="-3.0682480">
    <ele>944.6</ele>
   </trkpt>
   <trkpt lat="40.6685180" lon="-3.0682220">
    <ele>944.6</ele>
   </trkpt>
   <trkpt lat="40.6685790" lon="-3.0682010">
    <ele>944.6</ele>
   </trkpt>
   <trkpt lat="40.6686290" lon="-3.0681840">
    <ele>944.8</ele>
   </trkpt>
   <trkpt lat="40.6686860" lon="-3.0681640">
    <ele>944.8</ele>
   </trkpt>
   <trkpt lat="40.6687470" lon="-3.0681440">
    <ele>945.0</ele>
   </trkpt>
   <trkpt lat="40.6688040" lon="-3.0681200">
    <ele>945.0</ele>
   </trkpt>
   <trkpt lat="40.6688650" lon="-3.0680950">
    <ele>945.2</ele>
   </trkpt>
   <trkpt lat="40.6689220" lon="-3.0680680">
    <ele>945.2</ele>
   </trkpt>
   <trkpt lat="40.6689910" lon="-3.0680350">
    <ele>945.2</ele>
   </trkpt>
   <trkpt lat="40.6690480" lon="-3.0680030">
    <ele>945.2</ele>
   </trkpt>
   <trkpt lat="40.6691020" lon="-3.0679700">
    <ele>945.4</ele>
   </trkpt>
   <trkpt lat="40.6691470" lon="-3.0679430">
    <ele>945.4</ele>
   </trkpt>
   <trkpt lat="40.6692050" lon="-3.0679080">
    <ele>945.4</ele>
   </trkpt>
   <trkpt lat="40.6692580" lon="-3.0678710">
    <ele>945.6</ele>
   </trkpt>
   <trkpt lat="40.6693230" lon="-3.0678240">
    <ele>945.6</ele>
   </trkpt>
   <trkpt lat="40.6693760" lon="-3.0677850">
    <ele>945.8</ele>
   </trkpt>
   <trkpt lat="40.6694220" lon="-3.0677530">
    <ele>945.8</ele>
   </trkpt>
   <trkpt lat="40.6694760" lon="-3.0677150">
    <ele>945.8</ele>
   </trkpt>
   <trkpt lat="40.6695400" lon="-3.0676690">
    <ele>946.0</ele>
   </trkpt>
   <trkpt lat="40.6695980" lon="-3.0676300">
    <ele>946.0</ele>
   </trkpt>
   <trkpt lat="40.6696430" lon="-3.0675980">
    <ele>946.0</ele>
   </trkpt>
   <trkpt lat="40.6697010" lon="-3.0675610">
    <ele>946.2</ele>
   </trkpt>
   <trkpt lat="40.6697650" lon="-3.0675160">
    <ele>946.2</ele>
   </trkpt>
   <trkpt lat="40.6698190" lon="-3.0674760">
    <ele>946.4</ele>
   </trkpt>
   <trkpt lat="40.6698650" lon="-3.0674460">
    <ele>946.6</ele>
   </trkpt>
   <trkpt lat="40.6699220" lon="-3.0674100">
    <ele>946.6</ele>
   </trkpt>
   <trkpt lat="40.6699790" lon="-3.0673740">
    <ele>946.8</ele>
   </trkpt>
   <trkpt lat="40.6700320" lon="-3.0673390">
    <ele>946.8</ele>
   </trkpt>
   <trkpt lat="40.6700900" lon="-3.0673010">
    <ele>947.0</ele>
   </trkpt>
   <trkpt lat="40.6701430" lon="-3.0672650">
    <ele>947.0</ele>
   </trkpt>
   <trkpt lat="40.6701960" lon="-3.0672280">
    <ele>947.2</ele>
   </trkpt>
   <trkpt lat="40.6702500" lon="-3.0671910">
    <ele>947.2</ele>
   </trkpt>
   <trkpt lat="40.6703150" lon="-3.0671480">
    <ele>947.2</ele>
   </trkpt>
   <trkpt lat="40.6703680" lon="-3.0671130">
    <ele>947.4</ele>
   </trkpt>
   <trkpt lat="40.6704100" lon="-3.0670830">
    <ele>947.4</ele>
   </trkpt>
   <trkpt lat="40.6704640" lon="-3.0670480">
    <ele>947.6</ele>
   </trkpt>
   <trkpt lat="40.6705250" lon="-3.0670080">
    <ele>947.6</ele>
   </trkpt>
   <trkpt lat="40.6705700" lon="-3.0669830">
    <ele>947.6</ele>
   </trkpt>
   <trkpt lat="40.6706240" lon="-3.0669460">
    <ele>947.6</ele>
   </trkpt>
   <trkpt lat="40.6706890" lon="-3.0669050">
    <ele>947.8</ele>
   </trkpt>
   <trkpt lat="40.6707310" lon="-3.0668760">
    <ele>947.8</ele>
   </trkpt>
   <trkpt lat="40.6707880" lon="-3.0668410">
    <ele>947.6</ele>
   </trkpt>
   <trkpt lat="40.6708560" lon="-3.0668030">
    <ele>947.6</ele>
   </trkpt>
   <trkpt lat="40.6709020" lon="-3.0667770">
    <ele>947.6</ele>
   </trkpt>
   <trkpt lat="40.6709560" lon="-3.0667440">
    <ele>947.6</ele>
   </trkpt>
   <trkpt lat="40.6710210" lon="-3.0667070">
    <ele>947.8</ele>
   </trkpt>
   <trkpt lat="40.6710660" lon="-3.0666800">
    <ele>947.8</ele>
   </trkpt>
   <trkpt lat="40.6711240" lon="-3.0666480">
    <ele>947.8</ele>
   </trkpt>
   <trkpt lat="40.6711770" lon="-3.0666170">
    <ele>948.0</ele>
   </trkpt>
   <trkpt lat="40.6712340" lon="-3.0665840">
    <ele>948.0</ele>
   </trkpt>
   <trkpt lat="40.6712990" lon="-3.0665470">
    <ele>948.2</ele>
   </trkpt>
   <trkpt lat="40.6713450" lon="-3.0665210">
    <ele>948.2</ele>
   </trkpt>
   <trkpt lat="40.6713980" lon="-3.0664860">
    <ele>948.2</ele>
   </trkpt>
   <trkpt lat="40.6714520" lon="-3.0664530">
    <ele>948.4</ele>
   </trkpt>
   <trkpt lat="40.6715090" lon="-3.0664190">
    <ele>948.4</ele>
   </trkpt>
   <trkpt lat="40.6715740" lon="-3.0663810">
    <ele>948.6</ele>
   </trkpt>
   <trkpt lat="40.6716310" lon="-3.0663500">
    <ele>948.6</ele>
   </trkpt>
   <trkpt lat="40.6716770" lon="-3.0663250">
    <ele>948.6</ele>
   </trkpt>
   <trkpt lat="40.6717300" lon="-3.0662930">
    <ele>948.8</ele>
   </trkpt>
   <trkpt lat="40.6717830" lon="-3.0662580">
    <ele>948.8</ele>
   </trkpt>
   <trkpt lat="40.6718410" lon="-3.0662260">
    <ele>948.8</ele>
   </trkpt>
   <trkpt lat="40.6719050" lon="-3.0661880">
    <ele>948.8</ele>
   </trkpt>
   <trkpt lat="40.6719510" lon="-3.0661610">
    <ele>948.8</ele>
   </trkpt>
   <trkpt lat="40.6720050" lon="-3.0661280">
    <ele>948.8</ele>
   </trkpt>
   <trkpt lat="40.6720730" lon="-3.0660900">
    <ele>948.8</ele>
   </trkpt>
   <trkpt lat="40.6721310" lon="-3.0660580">
    <ele>948.8</ele>
   </trkpt>
   <trkpt lat="40.6721730" lon="-3.0660310">
    <ele>948.8</ele>
   </trkpt>
   <trkpt lat="40.6722300" lon="-3.0659960">
    <ele>949.0</ele>
   </trkpt>
   <trkpt lat="40.6722870" lon="-3.0659610">
    <ele>949.0</ele>
   </trkpt>
   <trkpt lat="40.6723400" lon="-3.0659240">
    <ele>949.0</ele>
   </trkpt>
   <trkpt lat="40.6723980" lon="-3.0658900">
    <ele>949.0</ele>
   </trkpt>
   <trkpt lat="40.6724510" lon="-3.0658550">
    <ele>949.2</ele>
   </trkpt>
   <trkpt lat="40.6725040" lon="-3.0658230">
    <ele>949.2</ele>
   </trkpt>
   <trkpt lat="40.6725580" lon="-3.0657950">
    <ele>949.2</ele>
   </trkpt>
   <trkpt lat="40.6726070" lon="-3.0657670">
    <ele>949.2</ele>
   </trkpt>
   <trkpt lat="40.6726570" lon="-3.0657380">
    <ele>949.4</ele>
   </trkpt>
   <trkpt lat="40.6727100" lon="-3.0657100">
    <ele>949.4</ele>
   </trkpt>
   <trkpt lat="40.6727560" lon="-3.0656810">
    <ele>949.4</ele>
   </trkpt>
   <trkpt lat="40.6728060" lon="-3.0656500">
    <ele>949.6</ele>
   </trkpt>
   <trkpt lat="40.6728550" lon="-3.0656250">
    <ele>949.8</ele>
   </trkpt>
   <trkpt lat="40.6729010" lon="-3.0655980">
    <ele>949.8</ele>
   </trkpt>
   <trkpt lat="40.6729510" lon="-3.0655700">
    <ele>950.0</ele>
   </trkpt>
   <trkpt lat="40.6729960" lon="-3.0655440">
    <ele>950.2</ele>
   </trkpt>
   <trkpt lat="40.6730460" lon="-3.0655190">
    <ele>950.2</ele>
   </trkpt>
   <trkpt lat="40.6730960" lon="-3.0654950">
    <ele>950.4</ele>
   </trkpt>
   <trkpt lat="40.6731410" lon="-3.0654700">
    <ele>950.6</ele>
   </trkpt>
   <trkpt lat="40.6731870" lon="-3.0654440">
    <ele>950.8</ele>
   </trkpt>
   <trkpt lat="40.6732330" lon="-3.0654180">
    <ele>950.8</ele>
   </trkpt>
   <trkpt lat="40.6732830" lon="-3.0653970">
    <ele>951.0</ele>
   </trkpt>
   <trkpt lat="40.6733280" lon="-3.0653790">
    <ele>951.0</ele>
   </trkpt>
   <trkpt lat="40.6733780" lon="-3.0653590">
    <ele>951.2</ele>
   </trkpt>
   <trkpt lat="40.6734240" lon="-3.0653370">
    <ele>951.2</ele>
   </trkpt>
   <trkpt lat="40.6734660" lon="-3.0653140">
    <ele>951.4</ele>
   </trkpt>
   <trkpt lat="40.6735110" lon="-3.0652900">
    <ele>951.4</ele>
   </trkpt>
   <trkpt lat="40.6735570" lon="-3.0652700">
    <ele>951.4</ele>
   </trkpt>
   <trkpt lat="40.6736070" lon="-3.0652520">
    <ele>951.4</ele>
   </trkpt>
   <trkpt lat="40.6736530" lon="-3.0652300">
    <ele>951.4</ele>
   </trkpt>
   <trkpt lat="40.6736980" lon="-3.0652090">
    <ele>951.4</ele>
   </trkpt>
   <trkpt lat="40.6737480" lon="-3.0651870">
    <ele>951.4</ele>
   </trkpt>
   <trkpt lat="40.6737980" lon="-3.0651650">
    <ele>951.4</ele>
   </trkpt>
   <trkpt lat="40.6738470" lon="-3.0651400">
    <ele>951.6</ele>
   </trkpt>
   <trkpt lat="40.6738970" lon="-3.0651150">
    <ele>951.6</ele>
   </trkpt>
   <trkpt lat="40.6739460" lon="-3.0650900">
    <ele>951.6</ele>
   </trkpt>
   <trkpt lat="40.6739960" lon="-3.0650650">
    <ele>951.6</ele>
   </trkpt>
   <trkpt lat="40.6740460" lon="-3.0650390">
    <ele>951.8</ele>
   </trkpt>
   <trkpt lat="40.6740990" lon="-3.0650140">
    <ele>951.8</ele>
   </trkpt>
   <trkpt lat="40.6741450" lon="-3.0649880">
    <ele>951.8</ele>
   </trkpt>
   <trkpt lat="40.6741940" lon="-3.0649640">
    <ele>951.8</ele>
   </trkpt>
   <trkpt lat="40.6742440" lon="-3.0649400">
    <ele>952.0</ele>
   </trkpt>
   <trkpt lat="40.6742930" lon="-3.0649150">
    <ele>952.2</ele>
   </trkpt>
   <trkpt lat="40.6743390" lon="-3.0648940">
    <ele>952.2</ele>
   </trkpt>
   <trkpt lat="40.6743890" lon="-3.0648700">
    <ele>952.4</ele>
   </trkpt>
   <trkpt lat="40.6744380" lon="-3.0648470">
    <ele>952.4</ele>
   </trkpt>
   <trkpt lat="40.6744880" lon="-3.0648220">
    <ele>952.6</ele>
   </trkpt>
   <trkpt lat="40.6745340" lon="-3.0647970">
    <ele>952.6</ele>
   </trkpt>
   <trkpt lat="40.6745800" lon="-3.0647740">
    <ele>952.8</ele>
   </trkpt>
   <trkpt lat="40.6746250" lon="-3.0647520">
    <ele>953.0</ele>
   </trkpt>
   <trkpt lat="40.6746670" lon="-3.0647300">
    <ele>953.2</ele>
   </trkpt>
   <trkpt lat="40.6747130" lon="-3.0647080">
    <ele>953.4</ele>
   </trkpt>
   <trkpt lat="40.6747590" lon="-3.0646850">
    <ele>953.4</ele>
   </trkpt>
   <trkpt lat="40.6748010" lon="-3.0646620">
    <ele>953.6</ele>
   </trkpt>
   <trkpt lat="40.6748430" lon="-3.0646400">
    <ele>953.6</ele>
   </trkpt>
   <trkpt lat="40.6748890" lon="-3.0646170">
    <ele>953.8</ele>
   </trkpt>
   <trkpt lat="40.6749380" lon="-3.0645940">
    <ele>953.8</ele>
   </trkpt>
   <trkpt lat="40.6749840" lon="-3.0645720">
    <ele>954.0</ele>
   </trkpt>
   <trkpt lat="40.6750300" lon="-3.0645500">
    <ele>954.0</ele>
   </trkpt>
   <trkpt lat="40.6750760" lon="-3.0645290">
    <ele>954.2</ele>
   </trkpt>
   <trkpt lat="40.6751210" lon="-3.0645090">
    <ele>954.2</ele>
   </trkpt>
   <trkpt lat="40.6751670" lon="-3.0644890">
    <ele>954.2</ele>
   </trkpt>
   <trkpt lat="40.6752130" lon="-3.0644700">
    <ele>954.2</ele>
   </trkpt>
   <trkpt lat="40.6752590" lon="-3.0644490">
    <ele>954.4</ele>
   </trkpt>
   <trkpt lat="40.6753040" lon="-3.0644310">
    <ele>954.4</ele>
   </trkpt>
   <trkpt lat="40.6753540" lon="-3.0644120">
    <ele>954.6</ele>
   </trkpt>
   <trkpt lat="40.6754000" lon="-3.0643920">
    <ele>954.6</ele>
   </trkpt>
   <trkpt lat="40.6754490" lon="-3.0643720">
    <ele>954.6</ele>
   </trkpt>
   <trkpt lat="40.6754950" lon="-3.0643540">
    <ele>954.6</ele>
   </trkpt>
   <trkpt lat="40.6755370" lon="-3.0643360">
    <ele>954.8</ele>
   </trkpt>
   <trkpt lat="40.6755790" lon="-3.0643180">
    <ele>954.8</ele>
   </trkpt>
   <trkpt lat="40.6756250" lon="-3.0643020">
    <ele>954.8</ele>
   </trkpt>
   <trkpt lat="40.6756710" lon="-3.0642860">
    <ele>955.0</ele>
   </trkpt>
   <trkpt lat="40.6757130" lon="-3.0642690">
    <ele>955.2</ele>
   </trkpt>
   <trkpt lat="40.6757580" lon="-3.0642520">
    <ele>955.2</ele>
   </trkpt>
   <trkpt lat="40.6758040" lon="-3.0642350">
    <ele>955.2</ele>
   </trkpt>
   <trkpt lat="40.6758540" lon="-3.0642140">
    <ele>955.2</ele>
   </trkpt>
   <trkpt lat="40.6758990" lon="-3.0641960">
    <ele>955.4</ele>
   </trkpt>
   <trkpt lat="40.6759490" lon="-3.0641790">
    <ele>955.4</ele>
   </trkpt>
   <trkpt lat="40.6759950" lon="-3.0641640">
    <ele>955.4</ele>
   </trkpt>
   <trkpt lat="40.6760410" lon="-3.0641470">
    <ele>955.4</ele>
   </trkpt>
   <trkpt lat="40.6760790" lon="-3.0641310">
    <ele>955.4</ele>
   </trkpt>
   <trkpt lat="40.6761320" lon="-3.0641120">
    <ele>955.4</ele>
   </trkpt>
   <trkpt lat="40.6761780" lon="-3.0640940">
    <ele>955.4</ele>
   </trkpt>
   <trkpt lat="40.6762200" lon="-3.0640760">
    <ele>955.4</ele>
   </trkpt>
   <trkpt lat="40.6762700" lon="-3.0640550">
    <ele>955.4</ele>
   </trkpt>
   <trkpt lat="40.6763190" lon="-3.0640340">
    <ele>955.4</ele>
   </trkpt>
   <trkpt lat="40.6763690" lon="-3.0640120">
    <ele>955.2</ele>
   </trkpt>
   <trkpt lat="40.6764180" lon="-3.0639960">
    <ele>955.2</ele>
   </trkpt>
   <trkpt lat="40.6764640" lon="-3.0639770">
    <ele>955.2</ele>
   </trkpt>
   <trkpt lat="40.6765140" lon="-3.0639590">
    <ele>955.2</ele>
   </trkpt>
   <trkpt lat="40.6765630" lon="-3.0639390">
    <ele>955.0</ele>
   </trkpt>
   <trkpt lat="40.6766130" lon="-3.0639170">
    <ele>955.0</ele>
   </trkpt>
   <trkpt lat="40.6766620" lon="-3.0638930">
    <ele>954.8</ele>
   </trkpt>
   <trkpt lat="40.6767160" lon="-3.0638680">
    <ele>954.8</ele>
   </trkpt>
   <trkpt lat="40.6767690" lon="-3.0638440">
    <ele>954.6</ele>
   </trkpt>
   <trkpt lat="40.6768230" lon="-3.0638220">
    <ele>954.6</ele>
   </trkpt>
   <trkpt lat="40.6768800" lon="-3.0638000">
    <ele>954.6</ele>
   </trkpt>
   <trkpt lat="40.6769330" lon="-3.0637790">
    <ele>954.4</ele>
   </trkpt>
   <trkpt lat="40.6769870" lon="-3.0637560">
    <ele>954.2</ele>
   </trkpt>
   <trkpt lat="40.6770480" lon="-3.0637300">
    <ele>954.2</ele>
   </trkpt>
   <trkpt lat="40.6771010" lon="-3.0637000">
    <ele>954.0</ele>
   </trkpt>
   <trkpt lat="40.6771580" lon="-3.0636660">
    <ele>953.8</ele>
   </trkpt>
   <trkpt lat="40.6772160" lon="-3.0636220">
    <ele>953.6</ele>
   </trkpt>
   <trkpt lat="40.6772650" lon="-3.0635740">
    <ele>953.6</ele>
   </trkpt>
   <trkpt lat="40.6773150" lon="-3.0635230">
    <ele>953.4</ele>
   </trkpt>
   <trkpt lat="40.6773610" lon="-3.0634700">
    <ele>953.2</ele>
   </trkpt>
   <trkpt lat="40.6774060" lon="-3.0634130">
    <ele>953.0</ele>
   </trkpt>
   <trkpt lat="40.6774520" lon="-3.0633550">
    <ele>952.8</ele>
   </trkpt>
   <trkpt lat="40.6775060" lon="-3.0632940">
    <ele>952.4</ele>
   </trkpt>
   <trkpt lat="40.6775550" lon="-3.0632350">
    <ele>952.2</ele>
   </trkpt>
   <trkpt lat="40.6776050" lon="-3.0631690">
    <ele>951.8</ele>
   </trkpt>
   <trkpt lat="40.6776540" lon="-3.0631060">
    <ele>951.6</ele>
   </trkpt>
   <trkpt lat="40.6777080" lon="-3.0630390">
    <ele>951.4</ele>
   </trkpt>
   <trkpt lat="40.6777610" lon="-3.0629710">
    <ele>951.2</ele>
   </trkpt>
   <trkpt lat="40.6778140" lon="-3.0629050">
    <ele>950.8</ele>
   </trkpt>
   <trkpt lat="40.6778680" lon="-3.0628380">
    <ele>950.8</ele>
   </trkpt>
   <trkpt lat="40.6779210" lon="-3.0627730">
    <ele>950.8</ele>
   </trkpt>
   <trkpt lat="40.6779780" lon="-3.0627100">
    <ele>950.8</ele>
   </trkpt>
   <trkpt lat="40.6780280" lon="-3.0626460">
    <ele>950.8</ele>
   </trkpt>
   <trkpt lat="40.6780820" lon="-3.0625860">
    <ele>950.8</ele>
   </trkpt>
   <trkpt lat="40.6781350" lon="-3.0625280">
    <ele>950.8</ele>
   </trkpt>
   <trkpt lat="40.6781880" lon="-3.0624700">
    <ele>950.6</ele>
   </trkpt>
   <trkpt lat="40.6782460" lon="-3.0624120">
    <ele>950.6</ele>
   </trkpt>
   <trkpt lat="40.6782990" lon="-3.0623530">
    <ele>950.4</ele>
   </trkpt>
   <trkpt lat="40.6783520" lon="-3.0622930">
    <ele>950.4</ele>
   </trkpt>
   <trkpt lat="40.6784060" lon="-3.0622380">
    <ele>950.4</ele>
   </trkpt>
   <trkpt lat="40.6784630" lon="-3.0621780">
    <ele>950.4</ele>
   </trkpt>
   <trkpt lat="40.6785200" lon="-3.0621170">
    <ele>950.2</ele>
   </trkpt>
   <trkpt lat="40.6785740" lon="-3.0620580">
    <ele>950.0</ele>
   </trkpt>
   <trkpt lat="40.6786270" lon="-3.0620000">
    <ele>950.0</ele>
   </trkpt>
   <trkpt lat="40.6786800" lon="-3.0619450">
    <ele>950.0</ele>
   </trkpt>
   <trkpt lat="40.6787340" lon="-3.0618910">
    <ele>950.0</ele>
   </trkpt>
   <trkpt lat="40.6787870" lon="-3.0618360">
    <ele>949.8</ele>
   </trkpt>
   <trkpt lat="40.6788440" lon="-3.0617800">
    <ele>949.8</ele>
   </trkpt>
   <trkpt lat="40.6788980" lon="-3.0617220">
    <ele>949.8</ele>
   </trkpt>
   <trkpt lat="40.6789510" lon="-3.0616650">
    <ele>949.6</ele>
   </trkpt>
   <trkpt lat="40.6790050" lon="-3.0616100">
    <ele>949.6</ele>
   </trkpt>
   <trkpt lat="40.6790620" lon="-3.0615570">
    <ele>949.4</ele>
   </trkpt>
   <trkpt lat="40.6791150" lon="-3.0615020">
    <ele>949.4</ele>
   </trkpt>
   <trkpt lat="40.6791730" lon="-3.0614450">
    <ele>949.4</ele>
   </trkpt>
   <trkpt lat="40.6792260" lon="-3.0613880">
    <ele>949.4</ele>
   </trkpt>
   <trkpt lat="40.6792790" lon="-3.0613320">
    <ele>949.4</ele>
   </trkpt>
   <trkpt lat="40.6793330" lon="-3.0612770">
    <ele>949.4</ele>
   </trkpt>
   <trkpt lat="40.6793860" lon="-3.0612240">
    <ele>949.4</ele>
   </trkpt>
   <trkpt lat="40.6794400" lon="-3.0611700">
    <ele>949.6</ele>
   </trkpt>
   <trkpt lat="40.6794970" lon="-3.0611180">
    <ele>949.4</ele>
   </trkpt>
   <trkpt lat="40.6795500" lon="-3.0610630">
    <ele>949.4</ele>
   </trkpt>
   <trkpt lat="40.6796040" lon="-3.0610070">
    <ele>949.6</ele>
   </trkpt>
   <trkpt lat="40.6796570" lon="-3.0609520">
    <ele>949.6</ele>
   </trkpt>
   <trkpt lat="40.6797100" lon="-3.0608970">
    <ele>949.4</ele>
   </trkpt>
   <trkpt lat="40.6797640" lon="-3.0608430">
    <ele>949.4</ele>
   </trkpt>
   <trkpt lat="40.6798170" lon="-3.0607920">
    <ele>949.4</ele>
   </trkpt>
   <trkpt lat="40.6798630" lon="-3.0607420">
    <ele>949.4</ele>
   </trkpt>
   <trkpt lat="40.6799090" lon="-3.0606940">
    <ele>949.2</ele>
   </trkpt>
   <trkpt lat="40.6799580" lon="-3.0606440">
    <ele>949.2</ele>
   </trkpt>
   <trkpt lat="40.6800080" lon="-3.0605920">
    <ele>949.2</ele>
   </trkpt>
   <trkpt lat="40.6800580" lon="-3.0605420">
    <ele>949.2</ele>
   </trkpt>
   <trkpt lat="40.6801070" lon="-3.0604920">
    <ele>949.2</ele>
   </trkpt>
   <trkpt lat="40.6801600" lon="-3.0604410">
    <ele>949.2</ele>
   </trkpt>
   <trkpt lat="40.6802060" lon="-3.0603880">
    <ele>949.0</ele>
   </trkpt>
   <trkpt lat="40.6802560" lon="-3.0603370">
    <ele>949.0</ele>
   </trkpt>
   <trkpt lat="40.6803050" lon="-3.0602840">
    <ele>949.0</ele>
   </trkpt>
   <trkpt lat="40.6803590" lon="-3.0602310">
    <ele>949.0</ele>
   </trkpt>
   <trkpt lat="40.6804120" lon="-3.0601790">
    <ele>949.0</ele>
   </trkpt>
   <trkpt lat="40.6804660" lon="-3.0601290">
    <ele>949.2</ele>
   </trkpt>
   <trkpt lat="40.6805150" lon="-3.0600760">
    <ele>949.0</ele>
   </trkpt>
   <trkpt lat="40.6805650" lon="-3.0600160">
    <ele>949.0</ele>
   </trkpt>
   <trkpt lat="40.6806110" lon="-3.0599560">
    <ele>948.8</ele>
   </trkpt>
   <trkpt lat="40.6806530" lon="-3.0598900">
    <ele>948.8</ele>
   </trkpt>
   <trkpt lat="40.6806950" lon="-3.0598240">
    <ele>948.8</ele>
   </trkpt>
   <trkpt lat="40.6807290" lon="-3.0597540">
    <ele>948.8</ele>
   </trkpt>
   <trkpt lat="40.6807590" lon="-3.0596790">
    <ele>948.8</ele>
   </trkpt>
   <trkpt lat="40.6807860" lon="-3.0595980">
    <ele>948.6</ele>
   </trkpt>
   <trkpt lat="40.6808050" lon="-3.0595180">
    <ele>948.6</ele>
   </trkpt>
   <trkpt lat="40.6808240" lon="-3.0594380">
    <ele>948.6</ele>
   </trkpt>
   <trkpt lat="40.6808430" lon="-3.0593600">
    <ele>948.4</ele>
   </trkpt>
   <trkpt lat="40.6808660" lon="-3.0592780">
    <ele>948.2</ele>
   </trkpt>
   <trkpt lat="40.6808850" lon="-3.0591970">
    <ele>948.2</ele>
   </trkpt>
   <trkpt lat="40.6809010" lon="-3.0591120">
    <ele>948.0</ele>
   </trkpt>
   <trkpt lat="40.6809200" lon="-3.0590260">
    <ele>947.8</ele>
   </trkpt>
   <trkpt lat="40.6809390" lon="-3.0589400">
    <ele>947.6</ele>
   </trkpt>
   <trkpt lat="40.6809580" lon="-3.0588550">
    <ele>947.6</ele>
   </trkpt>
   <trkpt lat="40.6809770" lon="-3.0587690">
    <ele>947.4</ele>
   </trkpt>
   <trkpt lat="40.6809920" lon="-3.0586850">
    <ele>947.2</ele>
   </trkpt>
   <trkpt lat="40.6810110" lon="-3.0586010">
    <ele>947.0</ele>
   </trkpt>
   <trkpt lat="40.6810300" lon="-3.0585180">
    <ele>946.8</ele>
   </trkpt>
   <trkpt lat="40.6810490" lon="-3.0584380">
    <ele>946.6</ele>
   </trkpt>
   <trkpt lat="40.6810680" lon="-3.0583550">
    <ele>946.6</ele>
   </trkpt>
   <trkpt lat="40.6810840" lon="-3.0582730">
    <ele>946.4</ele>
   </trkpt>
   <trkpt lat="40.6810990" lon="-3.0581860">
    <ele>946.4</ele>
   </trkpt>
   <trkpt lat="40.6811100" lon="-3.0581010">
    <ele>946.2</ele>
   </trkpt>
   <trkpt lat="40.6811180" lon="-3.0580130">
    <ele>946.2</ele>
   </trkpt>
   <trkpt lat="40.6811220" lon="-3.0579240">
    <ele>946.0</ele>
   </trkpt>
   <trkpt lat="40.6811220" lon="-3.0578350">
    <ele>945.8</ele>
   </trkpt>
   <trkpt lat="40.6811180" lon="-3.0577480">
    <ele>945.6</ele>
   </trkpt>
   <trkpt lat="40.6811100" lon="-3.0576580">
    <ele>945.4</ele>
   </trkpt>
   <trkpt lat="40.6811030" lon="-3.0575560">
    <ele>945.2</ele>
   </trkpt>
   <trkpt lat="40.6810990" lon="-3.0574850">
    <ele>945.2</ele>
   </trkpt>
   <trkpt lat="40.6810910" lon="-3.0573960">
    <ele>945.0</ele>
   </trkpt>
   <trkpt lat="40.6810840" lon="-3.0573080">
    <ele>945.0</ele>
   </trkpt>
   <trkpt lat="40.6810800" lon="-3.0572200">
    <ele>944.8</ele>
   </trkpt>
   <trkpt lat="40.6810760" lon="-3.0571330">
    <ele>944.8</ele>
   </trkpt>
   <trkpt lat="40.6810680" lon="-3.0570480">
    <ele>944.6</ele>
   </trkpt>
   <trkpt lat="40.6810610" lon="-3.0569650">
    <ele>944.4</ele>
   </trkpt>
   <trkpt lat="40.6810530" lon="-3.0568800">
    <ele>944.4</ele>
   </trkpt>
   <trkpt lat="40.6810460" lon="-3.0567970">
    <ele>944.2</ele>
   </trkpt>
   <trkpt lat="40.6810380" lon="-3.0567130">
    <ele>944.2</ele>
   </trkpt>
   <trkpt lat="40.6810260" lon="-3.0566280">
    <ele>944.2</ele>
   </trkpt>
   <trkpt lat="40.6810190" lon="-3.0565430">
    <ele>944.2</ele>
   </trkpt>
   <trkpt lat="40.6810110" lon="-3.0564560">
    <ele>944.0</ele>
   </trkpt>
   <trkpt lat="40.6810040" lon="-3.0563680">
    <ele>943.8</ele>
   </trkpt>
   <trkpt lat="40.6809960" lon="-3.0562800">
    <ele>943.8</ele>
   </trkpt>
   <trkpt lat="40.6809880" lon="-3.0561960">
    <ele>943.6</ele>
   </trkpt>
   <trkpt lat="40.6809810" lon="-3.0561100">
    <ele>943.6</ele>
   </trkpt>
   <trkpt lat="40.6809690" lon="-3.0560250">
    <ele>943.4</ele>
   </trkpt>
   <trkpt lat="40.6809580" lon="-3.0559420">
    <ele>943.4</ele>
   </trkpt>
   <trkpt lat="40.6809430" lon="-3.0558560">
    <ele>943.4</ele>
   </trkpt>
   <trkpt lat="40.6809270" lon="-3.0557690">
    <ele>943.2</ele>
   </trkpt>
   <trkpt lat="40.6809160" lon="-3.0556820">
    <ele>943.0</ele>
   </trkpt>
   <trkpt lat="40.6809010" lon="-3.0555910">
    <ele>943.0</ele>
   </trkpt>
   <trkpt lat="40.6808890" lon="-3.0555010">
    <ele>942.8</ele>
   </trkpt>
   <trkpt lat="40.6808740" lon="-3.0554130">
    <ele>942.6</ele>
   </trkpt>
   <trkpt lat="40.6808620" lon="-3.0553240">
    <ele>942.4</ele>
   </trkpt>
   <trkpt lat="40.6808430" lon="-3.0552350">
    <ele>942.2</ele>
   </trkpt>
   <trkpt lat="40.6808280" lon="-3.0551500">
    <ele>942.0</ele>
   </trkpt>
   <trkpt lat="40.6808130" lon="-3.0550640">
    <ele>941.8</ele>
   </trkpt>
   <trkpt lat="40.6808010" lon="-3.0549750">
    <ele>941.6</ele>
   </trkpt>
   <trkpt lat="40.6807860" lon="-3.0548840">
    <ele>941.4</ele>
   </trkpt>
   <trkpt lat="40.6807710" lon="-3.0547940">
    <ele>941.2</ele>
   </trkpt>
   <trkpt lat="40.6807560" lon="-3.0547040">
    <ele>941.2</ele>
   </trkpt>
   <trkpt lat="40.6807440" lon="-3.0546130">
    <ele>941.0</ele>
   </trkpt>
   <trkpt lat="40.6807290" lon="-3.0545250">
    <ele>940.8</ele>
   </trkpt>
   <trkpt lat="40.6807170" lon="-3.0544420">
    <ele>940.8</ele>
   </trkpt>
   <trkpt lat="40.6807100" lon="-3.0543580">
    <ele>940.8</ele>
   </trkpt>
   <trkpt lat="40.6806980" lon="-3.0542730">
    <ele>940.8</ele>
   </trkpt>
   <trkpt lat="40.6806950" lon="-3.0541870">
    <ele>940.6</ele>
   </trkpt>
   <trkpt lat="40.6806910" lon="-3.0541000">
    <ele>940.4</ele>
   </trkpt>
   <trkpt lat="40.6806910" lon="-3.0540130">
    <ele>940.4</ele>
   </trkpt>
   <trkpt lat="40.6806910" lon="-3.0539230">
    <ele>940.2</ele>
   </trkpt>
   <trkpt lat="40.6806950" lon="-3.0538290">
    <ele>939.8</ele>
   </trkpt>
   <trkpt lat="40.6807020" lon="-3.0537400">
    <ele>939.6</ele>
   </trkpt>
   <trkpt lat="40.6807100" lon="-3.0536410">
    <ele>939.2</ele>
   </trkpt>
   <trkpt lat="40.6807140" lon="-3.0535460">
    <ele>938.8</ele>
   </trkpt>
   <trkpt lat="40.6807250" lon="-3.0534490">
    <ele>938.6</ele>
   </trkpt>
   <trkpt lat="40.6807330" lon="-3.0533530">
    <ele>938.6</ele>
   </trkpt>
   <trkpt lat="40.6807370" lon="-3.0532620">
    <ele>938.4</ele>
   </trkpt>
   <trkpt lat="40.6807440" lon="-3.0531700">
    <ele>938.4</ele>
   </trkpt>
   <trkpt lat="40.6807480" lon="-3.0530810">
    <ele>938.4</ele>
   </trkpt>
   <trkpt lat="40.6807520" lon="-3.0529900">
    <ele>938.4</ele>
   </trkpt>
   <trkpt lat="40.6807560" lon="-3.0529000">
    <ele>938.6</ele>
   </trkpt>
   <trkpt lat="40.6807590" lon="-3.0528150">
    <ele>938.8</ele>
   </trkpt>
   <trkpt lat="40.6807630" lon="-3.0527360">
    <ele>939.0</ele>
   </trkpt>
   <trkpt lat="40.6807670" lon="-3.0526590">
    <ele>939.2</ele>
   </trkpt>
   <trkpt lat="40.6807710" lon="-3.0525880">
    <ele>939.6</ele>
   </trkpt>
   <trkpt lat="40.6807710" lon="-3.0525190">
    <ele>939.8</ele>
   </trkpt>
   <trkpt lat="40.6807750" lon="-3.0524510">
    <ele>940.0</ele>
   </trkpt>
   <trkpt lat="40.6807750" lon="-3.0523840">
    <ele>940.2</ele>
   </trkpt>
   <trkpt lat="40.6807780" lon="-3.0523190">
    <ele>940.4</ele>
   </trkpt>
   <trkpt lat="40.6807820" lon="-3.0522540">
    <ele>940.6</ele>
   </trkpt>
   <trkpt lat="40.6807820" lon="-3.0521890">
    <ele>940.8</ele>
   </trkpt>
   <trkpt lat="40.6807820" lon="-3.0521250">
    <ele>941.0</ele>
   </trkpt>
   <trkpt lat="40.6807860" lon="-3.0520560">
    <ele>941.2</ele>
   </trkpt>
   <trkpt lat="40.6807860" lon="-3.0519910">
    <ele>941.4</ele>
   </trkpt>
   <trkpt lat="40.6807900" lon="-3.0519280">
    <ele>941.4</ele>
   </trkpt>
   <trkpt lat="40.6807940" lon="-3.0518640">
    <ele>941.6</ele>
   </trkpt>
   <trkpt lat="40.6807940" lon="-3.0518010">
    <ele>941.6</ele>
   </trkpt>
   <trkpt lat="40.6807980" lon="-3.0517370">
    <ele>941.8</ele>
   </trkpt>
   <trkpt lat="40.6808050" lon="-3.0516690">
    <ele>941.8</ele>
   </trkpt>
   <trkpt lat="40.6808050" lon="-3.0516020">
    <ele>942.0</ele>
   </trkpt>
   <trkpt lat="40.6808130" lon="-3.0515340">
    <ele>942.0</ele>
   </trkpt>
   <trkpt lat="40.6808200" lon="-3.0514660">
    <ele>942.0</ele>
   </trkpt>
   <trkpt lat="40.6808280" lon="-3.0513980">
    <ele>942.0</ele>
   </trkpt>
   <trkpt lat="40.6808390" lon="-3.0513330">
    <ele>942.0</ele>
   </trkpt>
   <trkpt lat="40.6808550" lon="-3.0512640">
    <ele>942.0</ele>
   </trkpt>
   <trkpt lat="40.6808700" lon="-3.0511970">
    <ele>941.8</ele>
   </trkpt>
   <trkpt lat="40.6808890" lon="-3.0511330">
    <ele>941.8</ele>
   </trkpt>
   <trkpt lat="40.6809080" lon="-3.0510670">
    <ele>941.6</ele>
   </trkpt>
   <trkpt lat="40.6809230" lon="-3.0510010">
    <ele>941.6</ele>
   </trkpt>
   <trkpt lat="40.6809430" lon="-3.0509310">
    <ele>941.4</ele>
   </trkpt>
   <trkpt lat="40.6809580" lon="-3.0508590">
    <ele>941.2</ele>
   </trkpt>
   <trkpt lat="40.6809730" lon="-3.0507880">
    <ele>941.2</ele>
   </trkpt>
   <trkpt lat="40.6809880" lon="-3.0507190">
    <ele>941.0</ele>
   </trkpt>
   <trkpt lat="40.6810040" lon="-3.0506490">
    <ele>941.2</ele>
   </trkpt>
   <trkpt lat="40.6810190" lon="-3.0505810">
    <ele>941.0</ele>
   </trkpt>
   <trkpt lat="40.6810340" lon="-3.0505120">
    <ele>940.8</ele>
   </trkpt>
   <trkpt lat="40.6810530" lon="-3.0504300">
    <ele>940.6</ele>
   </trkpt>
   <trkpt lat="40.6810650" lon="-3.0503760">
    <ele>940.6</ele>
   </trkpt>
   <trkpt lat="40.6810800" lon="-3.0503070">
    <ele>940.4</ele>
   </trkpt>
   <trkpt lat="40.6810950" lon="-3.0502410">
    <ele>940.4</ele>
   </trkpt>
   <trkpt lat="40.6811140" lon="-3.0501720">
    <ele>940.2</ele>
   </trkpt>
   <trkpt lat="40.6811330" lon="-3.0501020">
    <ele>940.0</ele>
   </trkpt>
   <trkpt lat="40.6811450" lon="-3.0500340">
    <ele>939.8</ele>
   </trkpt>
   <trkpt lat="40.6811600" lon="-3.0499680">
    <ele>939.6</ele>
   </trkpt>
   <trkpt lat="40.6811790" lon="-3.0499050">
    <ele>939.4</ele>
   </trkpt>
   <trkpt lat="40.6811980" lon="-3.0498410">
    <ele>939.2</ele>
   </trkpt>
   <trkpt lat="40.6812170" lon="-3.0497770">
    <ele>939.2</ele>
   </trkpt>
   <trkpt lat="40.6812320" lon="-3.0497130">
    <ele>939.2</ele>
   </trkpt>
   <trkpt lat="40.6812480" lon="-3.0496480">
    <ele>939.0</ele>
   </trkpt>
   <trkpt lat="40.6812590" lon="-3.0495840">
    <ele>939.0</ele>
   </trkpt>
   <trkpt lat="40.6812740" lon="-3.0495180">
    <ele>939.0</ele>
   </trkpt>
   <trkpt lat="40.6812900" lon="-3.0494530">
    <ele>939.0</ele>
   </trkpt>
   <trkpt lat="40.6813050" lon="-3.0493900">
    <ele>938.8</ele>
   </trkpt>
   <trkpt lat="40.6813160" lon="-3.0493260">
    <ele>938.8</ele>
   </trkpt>
   <trkpt lat="40.6813320" lon="-3.0492650">
    <ele>938.6</ele>
   </trkpt>
   <trkpt lat="40.6813470" lon="-3.0492020">
    <ele>938.6</ele>
   </trkpt>
   <trkpt lat="40.6813580" lon="-3.0491380">
    <ele>938.4</ele>
   </trkpt>
   <trkpt lat="40.6813740" lon="-3.0490730">
    <ele>938.4</ele>
   </trkpt>
   <trkpt lat="40.6813890" lon="-3.0490110">
    <ele>938.2</ele>
   </trkpt>
   <trkpt lat="40.6814040" lon="-3.0489510">
    <ele>938.2</ele>
   </trkpt>
   <trkpt lat="40.6814190" lon="-3.0488950">
    <ele>938.0</ele>
   </trkpt>
   <trkpt lat="40.6814310" lon="-3.0488350">
    <ele>937.8</ele>
   </trkpt>
   <trkpt lat="40.6814460" lon="-3.0487780">
    <ele>937.8</ele>
   </trkpt>
   <trkpt lat="40.6814610" lon="-3.0487190">
    <ele>937.6</ele>
   </trkpt>
   <trkpt lat="40.6814770" lon="-3.0486600">
    <ele>937.6</ele>
   </trkpt>
   <trkpt lat="40.6814920" lon="-3.0486010">
    <ele>937.4</ele>
   </trkpt>
   <trkpt lat="40.6815070" lon="-3.0485430">
    <ele>937.4</ele>
   </trkpt>
   <trkpt lat="40.6815190" lon="-3.0484820">
    <ele>937.4</ele>
   </trkpt>
   <trkpt lat="40.6815340" lon="-3.0484200">
    <ele>937.2</ele>
   </trkpt>
   <trkpt lat="40.6815450" lon="-3.0483610">
    <ele>937.0</ele>
   </trkpt>
   <trkpt lat="40.6815570" lon="-3.0483010">
    <ele>937.0</ele>
   </trkpt>
   <trkpt lat="40.6815720" lon="-3.0482390">
    <ele>936.8</ele>
   </trkpt>
   <trkpt lat="40.6815830" lon="-3.0481760">
    <ele>936.8</ele>
   </trkpt>
   <trkpt lat="40.6815950" lon="-3.0481160">
    <ele>936.8</ele>
   </trkpt>
   <trkpt lat="40.6816060" lon="-3.0480540">
    <ele>936.6</ele>
   </trkpt>
   <trkpt lat="40.6816180" lon="-3.0479930">
    <ele>936.6</ele>
   </trkpt>
   <trkpt lat="40.6816290" lon="-3.0479310">
    <ele>936.4</ele>
   </trkpt>
   <trkpt lat="40.6816410" lon="-3.0478720">
    <ele>936.4</ele>
   </trkpt>
   <trkpt lat="40.6816560" lon="-3.0478130">
    <ele>936.2</ele>
   </trkpt>
   <trkpt lat="40.6816710" lon="-3.0477550">
    <ele>936.2</ele>
   </trkpt>
   <trkpt lat="40.6816860" lon="-3.0477000">
    <ele>936.0</ele>
   </trkpt>
   <trkpt lat="40.6817050" lon="-3.0476510">
    <ele>936.0</ele>
   </trkpt>
   <trkpt lat="40.6817210" lon="-3.0476060">
    <ele>935.8</ele>
   </trkpt>
   <trkpt lat="40.6817320" lon="-3.0475640">
    <ele>935.8</ele>
   </trkpt>
   <trkpt lat="40.6817440" lon="-3.0475200">
    <ele>935.6</ele>
   </trkpt>
   <trkpt lat="40.6817550" lon="-3.0474760">
    <ele>935.6</ele>
   </trkpt>
   <trkpt lat="40.6817670" lon="-3.0474320">
    <ele>935.6</ele>
   </trkpt>
   <trkpt lat="40.6817700" lon="-3.0473830">
    <ele>935.6</ele>
   </trkpt>
   <trkpt lat="40.6817860" lon="-3.0473340">
    <ele>935.4</ele>
   </trkpt>
   <trkpt lat="40.6818010" lon="-3.0472890">
    <ele>935.4</ele>
   </trkpt>
   <trkpt lat="40.6818120" lon="-3.0472480">
    <ele>935.4</ele>
   </trkpt>
   <trkpt lat="40.6818240" lon="-3.0472090">
    <ele>935.4</ele>
   </trkpt>
   <trkpt lat="40.6818350" lon="-3.0471760">
    <ele>935.4</ele>
   </trkpt>
   <trkpt lat="40.6818470" lon="-3.0471470">
    <ele>935.4</ele>
   </trkpt>
   <trkpt lat="40.6818690" lon="-3.0471240">
    <ele>935.4</ele>
   </trkpt>
   <trkpt lat="40.6818920" lon="-3.0471110">
    <ele>935.4</ele>
   </trkpt>
   <trkpt lat="40.6819150" lon="-3.0471050">
    <ele>935.4</ele>
   </trkpt>
   <trkpt lat="40.6819380" lon="-3.0470980">
    <ele>935.4</ele>
   </trkpt>
   <trkpt lat="40.6819610" lon="-3.0470940">
    <ele>935.4</ele>
   </trkpt>
   <trkpt lat="40.6819760" lon="-3.0470990">
    <ele>935.4</ele>
   </trkpt>
   <trkpt lat="40.6819920" lon="-3.0471060">
    <ele>935.4</ele>
   </trkpt>
   <trkpt lat="40.6820070" lon="-3.0471160">
    <ele>935.6</ele>
   </trkpt>
   <trkpt lat="40.6820260" lon="-3.0471220">
    <ele>935.6</ele>
   </trkpt>
   <trkpt lat="40.6820450" lon="-3.0471250">
    <ele>935.6</ele>
   </trkpt>
   <trkpt lat="40.6820600" lon="-3.0471310">
    <ele>935.8</ele>
   </trkpt>
   <trkpt lat="40.6820720" lon="-3.0471420">
    <ele>935.8</ele>
   </trkpt>
   <trkpt lat="40.6820870" lon="-3.0471510">
    <ele>935.8</ele>
   </trkpt>
   <trkpt lat="40.6820980" lon="-3.0471610">
    <ele>936.0</ele>
   </trkpt>
   <trkpt lat="40.6821140" lon="-3.0471700">
    <ele>936.0</ele>
   </trkpt>
   <trkpt lat="40.6821290" lon="-3.0471740">
    <ele>936.2</ele>
   </trkpt>
   <trkpt lat="40.6821370" lon="-3.0471840">
    <ele>936.2</ele>
   </trkpt>
   <trkpt lat="40.6821330" lon="-3.0471910">
    <ele>936.2</ele>
   </trkpt>
   <trkpt lat="40.6821170" lon="-3.0471860">
    <ele>936.0</ele>
   </trkpt>
   <trkpt lat="40.6820980" lon="-3.0471780">
    <ele>936.0</ele>
   </trkpt>
   <trkpt lat="40.6820790" lon="-3.0471640">
    <ele>936.0</ele>
   </trkpt>
   <trkpt lat="40.6820530" lon="-3.0471520">
    <ele>935.8</ele>
   </trkpt>
   <trkpt lat="40.6820300" lon="-3.0471380">
    <ele>935.8</ele>
   </trkpt>
   <trkpt lat="40.6820070" lon="-3.0471250">
    <ele>935.6</ele>
   </trkpt>
   <trkpt lat="40.6819760" lon="-3.0471170">
    <ele>935.6</ele>
   </trkpt>
   <trkpt lat="40.6819460" lon="-3.0471160">
    <ele>935.6</ele>
   </trkpt>
   <trkpt lat="40.6819150" lon="-3.0471240">
    <ele>935.6</ele>
   </trkpt>
   <trkpt lat="40.6818890" lon="-3.0471410">
    <ele>935.6</ele>
   </trkpt>
   <trkpt lat="40.6818730" lon="-3.0471630">
    <ele>935.6</ele>
   </trkpt>
   <trkpt lat="40.6818620" lon="-3.0471830">
    <ele>935.6</ele>
   </trkpt>
   <trkpt lat="40.6818580" lon="-3.0471990">
    <ele>935.6</ele>
   </trkpt>
   <trkpt lat="40.6818580" lon="-3.0472160">
    <ele>935.8</ele>
   </trkpt>
   <trkpt lat="40.6818620" lon="-3.0472260">
    <ele>935.8</ele>
   </trkpt>
   <trkpt lat="40.6818690" lon="-3.0472390">
    <ele>935.8</ele>
   </trkpt>
   <trkpt lat="40.6818770" lon="-3.0472550">
    <ele>936.0</ele>
   </trkpt>
   <trkpt lat="40.6818920" lon="-3.0472770">
    <ele>936.0</ele>
   </trkpt>
   <trkpt lat="40.6819040" lon="-3.0472880">
    <ele>936.0</ele>
   </trkpt>
   <trkpt lat="40.6819190" lon="-3.0472970">
    <ele>936.2</ele>
   </trkpt>
   <trkpt lat="40.6819380" lon="-3.0473030">
    <ele>936.2</ele>
   </trkpt>
   <trkpt lat="40.6819460" lon="-3.0473160">
    <ele>936.2</ele>
   </trkpt>
   <trkpt lat="40.6819500" lon="-3.0473340">
    <ele>936.4</ele>
   </trkpt>
   <trkpt lat="40.6819460" lon="-3.0473490">
    <ele>936.4</ele>
   </trkpt>
   <trkpt lat="40.6819380" lon="-3.0473530">
    <ele>936.4</ele>
   </trkpt>
   <trkpt lat="40.6819270" lon="-3.0473570">
    <ele>936.4</ele>
   </trkpt>
   <trkpt lat="40.6819270" lon="-3.0473580">
    <ele>936.4</ele>
   </trkpt>
   <trkpt lat="40.6819270" lon="-3.0473580">
    <ele>936.4</ele>
   </trkpt>
   <trkpt lat="40.6819270" lon="-3.0473580">
    <ele>936.4</ele>
   </trkpt>
   <trkpt lat="40.6819270" lon="-3.0473580">
    <ele>936.4</ele>
   </trkpt>
   <trkpt lat="40.6819270" lon="-3.0473580">
    <ele>936.4</ele>
   </trkpt>
   <trkpt lat="40.6819270" lon="-3.0473580">
    <ele>936.4</ele>
   </trkpt>
   <trkpt lat="40.6819270" lon="-3.0473580">
    <ele>936.4</ele>
   </trkpt>
   <trkpt lat="40.6819270" lon="-3.0473580">
    <ele>936.4</ele>
   </trkpt>
   <trkpt lat="40.6819270" lon="-3.0473580">
    <ele>936.4</ele>
   </trkpt>
   <trkpt lat="40.6819270" lon="-3.0473580">
    <ele>936.4</ele>
   </trkpt>
   <trkpt lat="40.6819110" lon="-3.0473510">
    <ele>936.4</ele>
   </trkpt>
   <trkpt lat="40.6819000" lon="-3.0473370">
    <ele>936.4</ele>
   </trkpt>
   <trkpt lat="40.6818850" lon="-3.0473130">
    <ele>936.4</ele>
   </trkpt>
   <trkpt lat="40.6818810" lon="-3.0472900">
    <ele>936.4</ele>
   </trkpt>
   <trkpt lat="40.6818690" lon="-3.0472670">
    <ele>936.4</ele>
   </trkpt>
   <trkpt lat="40.6818580" lon="-3.0472430">
    <ele>936.4</ele>
   </trkpt>
   <trkpt lat="40.6818430" lon="-3.0472170">
    <ele>936.2</ele>
   </trkpt>
   <trkpt lat="40.6818350" lon="-3.0471880">
    <ele>936.2</ele>
   </trkpt>
   <trkpt lat="40.6818310" lon="-3.0471560">
    <ele>936.2</ele>
   </trkpt>
   <trkpt lat="40.6818350" lon="-3.0471210">
    <ele>936.2</ele>
   </trkpt>
   <trkpt lat="40.6818500" lon="-3.0470840">
    <ele>936.0</ele>
   </trkpt>
   <trkpt lat="40.6818660" lon="-3.0470420">
    <ele>936.0</ele>
   </trkpt>
   <trkpt lat="40.6818810" lon="-3.0470140">
    <ele>935.8</ele>
   </trkpt>
   <trkpt lat="40.6818960" lon="-3.0469780">
    <ele>935.6</ele>
   </trkpt>
   <trkpt lat="40.6819110" lon="-3.0469430">
    <ele>935.6</ele>
   </trkpt>
   <trkpt lat="40.6819270" lon="-3.0469030">
    <ele>935.4</ele>
   </trkpt>
   <trkpt lat="40.6819420" lon="-3.0468630">
    <ele>935.2</ele>
   </trkpt>
   <trkpt lat="40.6819610" lon="-3.0468210">
    <ele>935.0</ele>
   </trkpt>
   <trkpt lat="40.6819800" lon="-3.0467800">
    <ele>935.0</ele>
   </trkpt>
   <trkpt lat="40.6820030" lon="-3.0467450">
    <ele>934.8</ele>
   </trkpt>
   <trkpt lat="40.6820180" lon="-3.0467130">
    <ele>934.8</ele>
   </trkpt>
   <trkpt lat="40.6820370" lon="-3.0466830">
    <ele>934.6</ele>
   </trkpt>
   <trkpt lat="40.6820450" lon="-3.0466510">
    <ele>934.6</ele>
   </trkpt>
   <trkpt lat="40.6820560" lon="-3.0466200">
    <ele>934.6</ele>
   </trkpt>
   <trkpt lat="40.6820640" lon="-3.0465920">
    <ele>934.6</ele>
   </trkpt>
   <trkpt lat="40.6820720" lon="-3.0465780">
    <ele>934.6</ele>
   </trkpt>
   <trkpt lat="40.6820790" lon="-3.0465730">
    <ele>934.6</ele>
   </trkpt>
   <trkpt lat="40.6820790" lon="-3.0465730">
    <ele>934.6</ele>
   </trkpt>
   <trkpt lat="40.6820790" lon="-3.0465730">
    <ele>934.6</ele>
   </trkpt>
   <trkpt lat="40.6820790" lon="-3.0465730">
    <ele>934.6</ele>
   </trkpt>
   <trkpt lat="40.6820790" lon="-3.0465730">
    <ele>934.8</ele>
   </trkpt>
   <trkpt lat="40.6820950" lon="-3.0465610">
    <ele>934.6</ele>
   </trkpt>
   <trkpt lat="40.6821100" lon="-3.0465570">
    <ele>934.6</ele>
   </trkpt>
   <trkpt lat="40.6821250" lon="-3.0465540">
    <ele>934.6</ele>
   </trkpt>
   <trkpt lat="40.6821520" lon="-3.0465420">
    <ele>934.6</ele>
   </trkpt>
   <trkpt lat="40.6821630" lon="-3.0465270">
    <ele>934.4</ele>
   </trkpt>
   <trkpt lat="40.6821790" lon="-3.0465000">
    <ele>934.2</ele>
   </trkpt>
   <trkpt lat="40.6822010" lon="-3.0464730">
    <ele>934.2</ele>
   </trkpt>
   <trkpt lat="40.6822170" lon="-3.0464430">
    <ele>934.0</ele>
   </trkpt>
   <trkpt lat="40.6822280" lon="-3.0464130">
    <ele>933.8</ele>
   </trkpt>
   <trkpt lat="40.6822430" lon="-3.0463800">
    <ele>933.6</ele>
   </trkpt>
   <trkpt lat="40.6822590" lon="-3.0463540">
    <ele>933.6</ele>
   </trkpt>
   <trkpt lat="40.6822780" lon="-3.0463440">
    <ele>933.4</ele>
   </trkpt>
   <trkpt lat="40.6822930" lon="-3.0463270">
    <ele>933.2</ele>
   </trkpt>
   <trkpt lat="40.6823010" lon="-3.0463050">
    <ele>932.8</ele>
   </trkpt>
   <trkpt lat="40.6823080" lon="-3.0462850">
    <ele>932.8</ele>
   </trkpt>
   <trkpt lat="40.6823230" lon="-3.0462580">
    <ele>932.6</ele>
   </trkpt>
   <trkpt lat="40.6823350" lon="-3.0462250">
    <ele>932.2</ele>
   </trkpt>
   <trkpt lat="40.6823460" lon="-3.0461930">
    <ele>932.0</ele>
   </trkpt>
   <trkpt lat="40.6823540" lon="-3.0461580">
    <ele>931.8</ele>
   </trkpt>
   <trkpt lat="40.6823580" lon="-3.0461210">
    <ele>931.6</ele>
   </trkpt>
   <trkpt lat="40.6823620" lon="-3.0460930">
    <ele>931.4</ele>
   </trkpt>
   <trkpt lat="40.6823620" lon="-3.0460630">
    <ele>931.2</ele>
   </trkpt>
   <trkpt lat="40.6823580" lon="-3.0460520">
    <ele>931.2</ele>
   </trkpt>
   <trkpt lat="40.6823580" lon="-3.0460520">
    <ele>931.0</ele>
   </trkpt>
   <trkpt lat="40.6823580" lon="-3.0460520">
    <ele>931.0</ele>
   </trkpt>
   <trkpt lat="40.6823580" lon="-3.0460520">
    <ele>931.0</ele>
   </trkpt>
   <trkpt lat="40.6823580" lon="-3.0460520">
    <ele>931.0</ele>
   </trkpt>
   <trkpt lat="40.6823580" lon="-3.0460520">
    <ele>930.8</ele>
   </trkpt>
   <trkpt lat="40.6823460" lon="-3.0460140">
    <ele>930.6</ele>
   </trkpt>
   <trkpt lat="40.6823310" lon="-3.0459760">
    <ele>930.6</ele>
   </trkpt>
   <trkpt lat="40.6823160" lon="-3.0459460">
    <ele>930.4</ele>
   </trkpt>
   <trkpt lat="40.6822970" lon="-3.0459140">
    <ele>930.0</ele>
   </trkpt>
   <trkpt lat="40.6822820" lon="-3.0458830">
    <ele>929.6</ele>
   </trkpt>
   <trkpt lat="40.6822700" lon="-3.0458460">
    <ele>929.2</ele>
   </trkpt>
   <trkpt lat="40.6822820" lon="-3.0458180">
    <ele>928.6</ele>
   </trkpt>
   <trkpt lat="40.6823080" lon="-3.0458080">
    <ele>928.2</ele>
   </trkpt>
   <trkpt lat="40.6823390" lon="-3.0458070">
    <ele>927.6</ele>
   </trkpt>
   <trkpt lat="40.6823580" lon="-3.0458150">
    <ele>927.2</ele>
   </trkpt>
   <trkpt lat="40.6823840" lon="-3.0458370">
    <ele>926.6</ele>
   </trkpt>
   <trkpt lat="40.6824150" lon="-3.0458740">
    <ele>926.0</ele>
   </trkpt>
   <trkpt lat="40.6824450" lon="-3.0459070">
    <ele>925.6</ele>
   </trkpt>
   <trkpt lat="40.6824720" lon="-3.0459370">
    <ele>925.0</ele>
   </trkpt>
   <trkpt lat="40.6825070" lon="-3.0459720">
    <ele>924.6</ele>
   </trkpt>
   <trkpt lat="40.6825410" lon="-3.0460020">
    <ele>924.2</ele>
   </trkpt>
   <trkpt lat="40.6825870" lon="-3.0460280">
    <ele>923.6</ele>
   </trkpt>
   <trkpt lat="40.6826250" lon="-3.0460410">
    <ele>922.8</ele>
   </trkpt>
   <trkpt lat="40.6826780" lon="-3.0460540">
    <ele>922.2</ele>
   </trkpt>
   <trkpt lat="40.6827320" lon="-3.0460640">
    <ele>921.4</ele>
   </trkpt>
   <trkpt lat="40.6827890" lon="-3.0460780">
    <ele>920.8</ele>
   </trkpt>
   <trkpt lat="40.6828500" lon="-3.0460930">
    <ele>920.2</ele>
   </trkpt>
   <trkpt lat="40.6829070" lon="-3.0461090">
    <ele>919.8</ele>
   </trkpt>
   <trkpt lat="40.6829600" lon="-3.0461280">
    <ele>919.4</ele>
   </trkpt>
   <trkpt lat="40.6830100" lon="-3.0461450">
    <ele>919.0</ele>
   </trkpt>
   <trkpt lat="40.6830440" lon="-3.0461500">
    <ele>918.8</ele>
   </trkpt>
   <trkpt lat="40.6830710" lon="-3.0461570">
    <ele>918.4</ele>
   </trkpt>
   <trkpt lat="40.6830980" lon="-3.0461620">
    <ele>918.2</ele>
   </trkpt>
   <trkpt lat="40.6831210" lon="-3.0461670">
    <ele>918.0</ele>
   </trkpt>
   <trkpt lat="40.6831550" lon="-3.0461790">
    <ele>917.8</ele>
   </trkpt>
   <trkpt lat="40.6831820" lon="-3.0461920">
    <ele>917.8</ele>
   </trkpt>
   <trkpt lat="40.6832080" lon="-3.0462020">
    <ele>917.8</ele>
   </trkpt>
   <trkpt lat="40.6832350" lon="-3.0462010">
    <ele>918.0</ele>
   </trkpt>
   <trkpt lat="40.6832620" lon="-3.0461980">
    <ele>918.2</ele>
   </trkpt>
   <trkpt lat="40.6832770" lon="-3.0461880">
    <ele>918.4</ele>
   </trkpt>
   <trkpt lat="40.6832920" lon="-3.0461880">
    <ele>918.4</ele>
   </trkpt>
   <trkpt lat="40.6832960" lon="-3.0461900">
    <ele>918.6</ele>
   </trkpt>
   <trkpt lat="40.6832920" lon="-3.0461920">
    <ele>918.6</ele>
   </trkpt>
   <trkpt lat="40.6832730" lon="-3.0461930">
    <ele>918.6</ele>
   </trkpt>
   <trkpt lat="40.6832470" lon="-3.0461930">
    <ele>918.4</ele>
   </trkpt>
   <trkpt lat="40.6832160" lon="-3.0461910">
    <ele>918.2</ele>
   </trkpt>
   <trkpt lat="40.6831820" lon="-3.0461850">
    <ele>918.0</ele>
   </trkpt>
   <trkpt lat="40.6831510" lon="-3.0461760">
    <ele>918.0</ele>
   </trkpt>
   <trkpt lat="40.6831280" lon="-3.0461660">
    <ele>918.0</ele>
   </trkpt>
   <trkpt lat="40.6831130" lon="-3.0461630">
    <ele>917.8</ele>
   </trkpt>
   <trkpt lat="40.6831130" lon="-3.0461630">
    <ele>917.8</ele>
   </trkpt>
   <trkpt lat="40.6831130" lon="-3.0461630">
    <ele>917.8</ele>
   </trkpt>
   <trkpt lat="40.6831130" lon="-3.0461630">
    <ele>917.8</ele>
   </trkpt>
   <trkpt lat="40.6831130" lon="-3.0461630">
    <ele>917.8</ele>
   </trkpt>
   <trkpt lat="40.6831130" lon="-3.0461630">
    <ele>917.8</ele>
   </trkpt>
   <trkpt lat="40.6831020" lon="-3.0461450">
    <ele>917.8</ele>
   </trkpt>
   <trkpt lat="40.6830980" lon="-3.0461280">
    <ele>917.8</ele>
   </trkpt>
   <trkpt lat="40.6830980" lon="-3.0461200">
    <ele>917.8</ele>
   </trkpt>
   <trkpt lat="40.6831020" lon="-3.0461200">
    <ele>917.8</ele>
   </trkpt>
   <trkpt lat="40.6831020" lon="-3.0461200">
    <ele>917.8</ele>
   </trkpt>
   <trkpt lat="40.6831020" lon="-3.0461170">
    <ele>917.6</ele>
   </trkpt>
   <trkpt lat="40.6831020" lon="-3.0461170">
    <ele>917.6</ele>
   </trkpt>
   <trkpt lat="40.6831020" lon="-3.0461170">
    <ele>917.6</ele>
   </trkpt>
   <trkpt lat="40.6831240" lon="-3.0461370">
    <ele>917.6</ele>
   </trkpt>
   <trkpt lat="40.6831360" lon="-3.0461450">
    <ele>917.6</ele>
   </trkpt>
   <trkpt lat="40.6831510" lon="-3.0461560">
    <ele>917.6</ele>
   </trkpt>
   <trkpt lat="40.6831740" lon="-3.0461650">
    <ele>917.8</ele>
   </trkpt>
   <trkpt lat="40.6831930" lon="-3.0461740">
    <ele>917.8</ele>
   </trkpt>
   <trkpt lat="40.6832120" lon="-3.0461770">
    <ele>918.0</ele>
   </trkpt>
   <trkpt lat="40.6832350" lon="-3.0461860">
    <ele>918.0</ele>
   </trkpt>
   <trkpt lat="40.6832470" lon="-3.0461940">
    <ele>918.2</ele>
   </trkpt>
   <trkpt lat="40.6832660" lon="-3.0461980">
    <ele>918.4</ele>
   </trkpt>
   <trkpt lat="40.6832890" lon="-3.0462000">
    <ele>918.6</ele>
   </trkpt>
   <trkpt lat="40.6833080" lon="-3.0462000">
    <ele>918.8</ele>
   </trkpt>
   <trkpt lat="40.6833270" lon="-3.0462000">
    <ele>918.8</ele>
   </trkpt>
   <trkpt lat="40.6833500" lon="-3.0462020">
    <ele>919.0</ele>
   </trkpt>
   <trkpt lat="40.6833760" lon="-3.0462050">
    <ele>919.2</ele>
   </trkpt>
   <trkpt lat="40.6833920" lon="-3.0462010">
    <ele>919.4</ele>
   </trkpt>
   <trkpt lat="40.6834180" lon="-3.0461980">
    <ele>919.6</ele>
   </trkpt>
   <trkpt lat="40.6834450" lon="-3.0461980">
    <ele>919.8</ele>
   </trkpt>
   <trkpt lat="40.6834680" lon="-3.0462000">
    <ele>920.2</ele>
   </trkpt>
   <trkpt lat="40.6834910" lon="-3.0462020">
    <ele>920.4</ele>
   </trkpt>
   <trkpt lat="40.6835100" lon="-3.0462100">
    <ele>920.6</ele>
   </trkpt>
   <trkpt lat="40.6835250" lon="-3.0462270">
    <ele>921.0</ele>
   </trkpt>
   <trkpt lat="40.6835290" lon="-3.0462460">
    <ele>921.2</ele>
   </trkpt>
   <trkpt lat="40.6835210" lon="-3.0462690">
    <ele>921.6</ele>
   </trkpt>
   <trkpt lat="40.6835060" lon="-3.0462890">
    <ele>921.8</ele>
   </trkpt>
   <trkpt lat="40.6834870" lon="-3.0463120">
    <ele>922.2</ele>
   </trkpt>
   <trkpt lat="40.6834750" lon="-3.0463300">
    <ele>922.6</ele>
   </trkpt>
   <trkpt lat="40.6834600" lon="-3.0463530">
    <ele>923.0</ele>
   </trkpt>
   <trkpt lat="40.6834450" lon="-3.0463690">
    <ele>923.4</ele>
   </trkpt>
   <trkpt lat="40.6834340" lon="-3.0463860">
    <ele>923.8</ele>
   </trkpt>
   <trkpt lat="40.6834110" lon="-3.0464050">
    <ele>924.0</ele>
   </trkpt>
   <trkpt lat="40.6833990" lon="-3.0464170">
    <ele>924.4</ele>
   </trkpt>
   <trkpt lat="40.6833800" lon="-3.0464310">
    <ele>924.8</ele>
   </trkpt>
   <trkpt lat="40.6833610" lon="-3.0464520">
    <ele>925.2</ele>
   </trkpt>
   <trkpt lat="40.6833420" lon="-3.0464700">
    <ele>925.4</ele>
   </trkpt>
   <trkpt lat="40.6833270" lon="-3.0464770">
    <ele>925.8</ele>
   </trkpt>
   <trkpt lat="40.6833080" lon="-3.0464830">
    <ele>926.0</ele>
   </trkpt>
   <trkpt lat="40.6832850" lon="-3.0464870">
    <ele>926.4</ele>
   </trkpt>
   <trkpt lat="40.6832620" lon="-3.0464900">
    <ele>926.8</ele>
   </trkpt>
   <trkpt lat="40.6832470" lon="-3.0464950">
    <ele>927.0</ele>
   </trkpt>
   <trkpt lat="40.6832240" lon="-3.0465040">
    <ele>927.4</ele>
   </trkpt>
   <trkpt lat="40.6832080" lon="-3.0465120">
    <ele>927.8</ele>
   </trkpt>
   <trkpt lat="40.6831820" lon="-3.0465240">
    <ele>928.2</ele>
   </trkpt>
   <trkpt lat="40.6831630" lon="-3.0465350">
    <ele>928.4</ele>
   </trkpt>
   <trkpt lat="40.6831440" lon="-3.0465420">
    <ele>928.8</ele>
   </trkpt>
   <trkpt lat="40.6831280" lon="-3.0465520">
    <ele>929.2</ele>
   </trkpt>
   <trkpt lat="40.6831050" lon="-3.0465570">
    <ele>929.6</ele>
   </trkpt>
   <trkpt lat="40.6830860" lon="-3.0465620">
    <ele>929.8</ele>
   </trkpt>
   <trkpt lat="40.6830750" lon="-3.0465650">
    <ele>930.2</ele>
   </trkpt>
   <trkpt lat="40.6830600" lon="-3.0465740">
    <ele>930.6</ele>
   </trkpt>
   <trkpt lat="40.6830440" lon="-3.0465840">
    <ele>930.8</ele>
   </trkpt>
   <trkpt lat="40.6830330" lon="-3.0466010">
    <ele>931.0</ele>
   </trkpt>
   <trkpt lat="40.6830330" lon="-3.0466320">
    <ele>931.4</ele>
   </trkpt>
   <trkpt lat="40.6830330" lon="-3.0466590">
    <ele>931.6</ele>
   </trkpt>
   <trkpt lat="40.6830220" lon="-3.0466910">
    <ele>932.0</ele>
   </trkpt>
   <trkpt lat="40.6830180" lon="-3.0467110">
    <ele>932.2</ele>
   </trkpt>
   <trkpt lat="40.6830100" lon="-3.0467340">
    <ele>932.4</ele>
   </trkpt>
   <trkpt lat="40.6830020" lon="-3.0467590">
    <ele>932.6</ele>
   </trkpt>
   <trkpt lat="40.6829910" lon="-3.0467800">
    <ele>933.0</ele>
   </trkpt>
   <trkpt lat="40.6829830" lon="-3.0468020">
    <ele>933.2</ele>
   </trkpt>
   <trkpt lat="40.6829830" lon="-3.0468250">
    <ele>933.4</ele>
   </trkpt>
   <trkpt lat="40.6829760" lon="-3.0468460">
    <ele>933.6</ele>
   </trkpt>
   <trkpt lat="40.6829680" lon="-3.0468650">
    <ele>933.8</ele>
   </trkpt>
   <trkpt lat="40.6829600" lon="-3.0468830">
    <ele>933.8</ele>
   </trkpt>
   <trkpt lat="40.6829570" lon="-3.0469000">
    <ele>934.0</ele>
   </trkpt>
   <trkpt lat="40.6829570" lon="-3.0469220">
    <ele>934.2</ele>
   </trkpt>
   <trkpt lat="40.6829570" lon="-3.0469470">
    <ele>934.4</ele>
   </trkpt>
   <trkpt lat="40.6829570" lon="-3.0469750">
    <ele>934.4</ele>
   </trkpt>
   <trkpt lat="40.6829530" lon="-3.0469970">
    <ele>934.6</ele>
   </trkpt>
   <trkpt lat="40.6829530" lon="-3.0470250">
    <ele>934.8</ele>
   </trkpt>
   <trkpt lat="40.6829530" lon="-3.0470570">
    <ele>934.8</ele>
   </trkpt>
   <trkpt lat="40.6829570" lon="-3.0470810">
    <ele>935.0</ele>
   </trkpt>
   <trkpt lat="40.6829570" lon="-3.0471140">
    <ele>935.2</ele>
   </trkpt>
   <trkpt lat="40.6829530" lon="-3.0471450">
    <ele>935.4</ele>
   </trkpt>
   <trkpt lat="40.6829450" lon="-3.0471770">
    <ele>935.4</ele>
   </trkpt>
   <trkpt lat="40.6829380" lon="-3.0472090">
    <ele>935.6</ele>
   </trkpt>
   <trkpt lat="40.6829300" lon="-3.0472440">
    <ele>935.8</ele>
   </trkpt>
   <trkpt lat="40.6829300" lon="-3.0472820">
    <ele>936.0</ele>
   </trkpt>
   <trkpt lat="40.6829300" lon="-3.0473170">
    <ele>936.0</ele>
   </trkpt>
   <trkpt lat="40.6829260" lon="-3.0473510">
    <ele>936.2</ele>
   </trkpt>
   <trkpt lat="40.6829150" lon="-3.0473840">
    <ele>936.4</ele>
   </trkpt>
   <trkpt lat="40.6828990" lon="-3.0474230">
    <ele>936.4</ele>
   </trkpt>
   <trkpt lat="40.6828920" lon="-3.0474570">
    <ele>936.4</ele>
   </trkpt>
   <trkpt lat="40.6828880" lon="-3.0474890">
    <ele>936.6</ele>
   </trkpt>
   <trkpt lat="40.6828800" lon="-3.0475260">
    <ele>936.6</ele>
   </trkpt>
   <trkpt lat="40.6828730" lon="-3.0475640">
    <ele>936.8</ele>
   </trkpt>
   <trkpt lat="40.6828540" lon="-3.0476010">
    <ele>936.8</ele>
   </trkpt>
   <trkpt lat="40.6828420" lon="-3.0476410">
    <ele>937.0</ele>
   </trkpt>
   <trkpt lat="40.6828270" lon="-3.0476740">
    <ele>937.0</ele>
   </trkpt>
   <trkpt lat="40.6828120" lon="-3.0477140">
    <ele>937.2</ele>
   </trkpt>
   <trkpt lat="40.6827850" lon="-3.0477520">
    <ele>937.2</ele>
   </trkpt>
   <trkpt lat="40.6827660" lon="-3.0477820">
    <ele>937.4</ele>
   </trkpt>
   <trkpt lat="40.6827550" lon="-3.0478060">
    <ele>937.4</ele>
   </trkpt>
   <trkpt lat="40.6827320" lon="-3.0478250">
    <ele>937.6</ele>
   </trkpt>
   <trkpt lat="40.6827050" lon="-3.0478290">
    <ele>937.6</ele>
   </trkpt>
   <trkpt lat="40.6826670" lon="-3.0478100">
    <ele>937.8</ele>
   </trkpt>
   <trkpt lat="40.6826320" lon="-3.0477850">
    <ele>937.8</ele>
   </trkpt>
   <trkpt lat="40.6826020" lon="-3.0477590">
    <ele>938.0</ele>
   </trkpt>
   <trkpt lat="40.6825750" lon="-3.0477400">
    <ele>938.0</ele>
   </trkpt>
   <trkpt lat="40.6825450" lon="-3.0477170">
    <ele>938.2</ele>
   </trkpt>
   <trkpt lat="40.6825140" lon="-3.0476980">
    <ele>938.2</ele>
   </trkpt>
   <trkpt lat="40.6824840" lon="-3.0476890">
    <ele>938.4</ele>
   </trkpt>
   <trkpt lat="40.6824570" lon="-3.0476800">
    <ele>938.4</ele>
   </trkpt>
   <trkpt lat="40.6824260" lon="-3.0476880">
    <ele>938.6</ele>
   </trkpt>
   <trkpt lat="40.6824000" lon="-3.0476840">
    <ele>938.6</ele>
   </trkpt>
   <trkpt lat="40.6823770" lon="-3.0476910">
    <ele>938.8</ele>
   </trkpt>
   <trkpt lat="40.6823620" lon="-3.0476820">
    <ele>938.8</ele>
   </trkpt>
   <trkpt lat="40.6823500" lon="-3.0476670">
    <ele>938.8</ele>
   </trkpt>
   <trkpt lat="40.6823390" lon="-3.0476530">
    <ele>939.0</ele>
   </trkpt>
   <trkpt lat="40.6823230" lon="-3.0476420">
    <ele>939.0</ele>
   </trkpt>
   <trkpt lat="40.6822970" lon="-3.0476290">
    <ele>939.0</ele>
   </trkpt>
   <trkpt lat="40.6822660" lon="-3.0476140">
    <ele>938.8</ele>
   </trkpt>
   <trkpt lat="40.6822360" lon="-3.0475950">
    <ele>938.8</ele>
   </trkpt>
   <trkpt lat="40.6822050" lon="-3.0475720">
    <ele>938.8</ele>
   </trkpt>
   <trkpt lat="40.6821790" lon="-3.0475500">
    <ele>938.8</ele>
   </trkpt>
   <trkpt lat="40.6821400" lon="-3.0475250">
    <ele>938.8</ele>
   </trkpt>
   <trkpt lat="40.6821060" lon="-3.0475010">
    <ele>938.8</ele>
   </trkpt>
   <trkpt lat="40.6820790" lon="-3.0474730">
    <ele>938.6</ele>
   </trkpt>
   <trkpt lat="40.6820560" lon="-3.0474430">
    <ele>938.6</ele>
   </trkpt>
   <trkpt lat="40.6820450" lon="-3.0474170">
    <ele>938.6</ele>
   </trkpt>
   <trkpt lat="40.6820330" lon="-3.0474010">
    <ele>938.6</ele>
   </trkpt>
   <trkpt lat="40.6820330" lon="-3.0473980">
    <ele>938.8</ele>
   </trkpt>
   <trkpt lat="40.6820330" lon="-3.0473980">
    <ele>938.8</ele>
   </trkpt>
   <trkpt lat="40.6820330" lon="-3.0473980">
    <ele>938.8</ele>
   </trkpt>
   <trkpt lat="40.6820330" lon="-3.0473980">
    <ele>938.8</ele>
   </trkpt>
   <trkpt lat="40.6820330" lon="-3.0473980">
    <ele>938.8</ele>
   </trkpt>
   <trkpt lat="40.6820070" lon="-3.0473810">
    <ele>938.8</ele>
   </trkpt>
   <trkpt lat="40.6819800" lon="-3.0473670">
    <ele>938.8</ele>
   </trkpt>
   <trkpt lat="40.6819500" lon="-3.0473490">
    <ele>938.8</ele>
   </trkpt>
   <trkpt lat="40.6819190" lon="-3.0473270">
    <ele>938.8</ele>
   </trkpt>
   <trkpt lat="40.6818890" lon="-3.0473040">
    <ele>938.8</ele>
   </trkpt>
   <trkpt lat="40.6818580" lon="-3.0472800">
    <ele>938.8</ele>
   </trkpt>
   <trkpt lat="40.6818280" lon="-3.0472560">
    <ele>938.6</ele>
   </trkpt>
   <trkpt lat="40.6817930" lon="-3.0472290">
    <ele>938.6</ele>
   </trkpt>
   <trkpt lat="40.6817630" lon="-3.0472080">
    <ele>938.4</ele>
   </trkpt>
   <trkpt lat="40.6817250" lon="-3.0471940">
    <ele>938.4</ele>
   </trkpt>
   <trkpt lat="40.6816940" lon="-3.0471880">
    <ele>938.4</ele>
   </trkpt>
   <trkpt lat="40.6816480" lon="-3.0471850">
    <ele>938.4</ele>
   </trkpt>
   <trkpt lat="40.6816100" lon="-3.0471800">
    <ele>938.4</ele>
   </trkpt>
   <trkpt lat="40.6815640" lon="-3.0471730">
    <ele>938.4</ele>
   </trkpt>
   <trkpt lat="40.6815340" lon="-3.0471620">
    <ele>938.4</ele>
   </trkpt>
   <trkpt lat="40.6814990" lon="-3.0471610">
    <ele>938.4</ele>
   </trkpt>
   <trkpt lat="40.6814610" lon="-3.0471600">
    <ele>938.6</ele>
   </trkpt>
   <trkpt lat="40.6814190" lon="-3.0471590">
    <ele>938.6</ele>
   </trkpt>
   <trkpt lat="40.6813850" lon="-3.0471530">
    <ele>938.6</ele>
   </trkpt>
   <trkpt lat="40.6813470" lon="-3.0471420">
    <ele>938.6</ele>
   </trkpt>
   <trkpt lat="40.6813130" lon="-3.0471300">
    <ele>938.8</ele>
   </trkpt>
   <trkpt lat="40.6812710" lon="-3.0471120">
    <ele>938.8</ele>
   </trkpt>
   <trkpt lat="40.6812320" lon="-3.0470940">
    <ele>938.8</ele>
   </trkpt>
   <trkpt lat="40.6811940" lon="-3.0470770">
    <ele>939.0</ele>
   </trkpt>
   <trkpt lat="40.6811600" lon="-3.0470620">
    <ele>939.0</ele>
   </trkpt>
   <trkpt lat="40.6811290" lon="-3.0470450">
    <ele>939.2</ele>
   </trkpt>
   <trkpt lat="40.6810950" lon="-3.0470270">
    <ele>939.4</ele>
   </trkpt>
   <trkpt lat="40.6810650" lon="-3.0470090">
    <ele>939.4</ele>
   </trkpt>
   <trkpt lat="40.6810340" lon="-3.0469920">
    <ele>939.6</ele>
   </trkpt>
   <trkpt lat="40.6810040" lon="-3.0469790">
    <ele>939.8</ele>
   </trkpt>
   <trkpt lat="40.6809690" lon="-3.0469650">
    <ele>940.0</ele>
   </trkpt>
   <trkpt lat="40.6809390" lon="-3.0469450">
    <ele>940.2</ele>
   </trkpt>
   <trkpt lat="40.6809010" lon="-3.0469240">
    <ele>940.4</ele>
   </trkpt>
   <trkpt lat="40.6808660" lon="-3.0469110">
    <ele>940.6</ele>
   </trkpt>
   <trkpt lat="40.6808280" lon="-3.0469010">
    <ele>940.8</ele>
   </trkpt>
   <trkpt lat="40.6807900" lon="-3.0468970">
    <ele>940.8</ele>
   </trkpt>
   <trkpt lat="40.6807480" lon="-3.0468970">
    <ele>941.0</ele>
   </trkpt>
   <trkpt lat="40.6807060" lon="-3.0469020">
    <ele>941.0</ele>
   </trkpt>
   <trkpt lat="40.6806680" lon="-3.0469120">
    <ele>941.0</ele>
   </trkpt>
   <trkpt lat="40.6806220" lon="-3.0469210">
    <ele>941.2</ele>
   </trkpt>
   <trkpt lat="40.6805840" lon="-3.0469310">
    <ele>941.2</ele>
   </trkpt>
   <trkpt lat="40.6805420" lon="-3.0469390">
    <ele>941.2</ele>
   </trkpt>
   <trkpt lat="40.6805000" lon="-3.0469500">
    <ele>941.4</ele>
   </trkpt>
   <trkpt lat="40.6804580" lon="-3.0469660">
    <ele>941.4</ele>
   </trkpt>
   <trkpt lat="40.6804160" lon="-3.0469820">
    <ele>941.6</ele>
   </trkpt>
   <trkpt lat="40.6803820" lon="-3.0470030">
    <ele>941.6</ele>
   </trkpt>
   <trkpt lat="40.6803400" lon="-3.0470220">
    <ele>941.8</ele>
   </trkpt>
   <trkpt lat="40.6802980" lon="-3.0470450">
    <ele>942.0</ele>
   </trkpt>
   <trkpt lat="40.6802630" lon="-3.0470670">
    <ele>942.0</ele>
   </trkpt>
   <trkpt lat="40.6802290" lon="-3.0470920">
    <ele>942.2</ele>
   </trkpt>
   <trkpt lat="40.6801910" lon="-3.0471170">
    <ele>942.4</ele>
   </trkpt>
   <trkpt lat="40.6801570" lon="-3.0471370">
    <ele>942.6</ele>
   </trkpt>
   <trkpt lat="40.6801220" lon="-3.0471570">
    <ele>942.6</ele>
   </trkpt>
   <trkpt lat="40.6800840" lon="-3.0471800">
    <ele>942.8</ele>
   </trkpt>
   <trkpt lat="40.6800460" lon="-3.0472010">
    <ele>942.8</ele>
   </trkpt>
   <trkpt lat="40.6800080" lon="-3.0472160">
    <ele>943.0</ele>
   </trkpt>
   <trkpt lat="40.6799700" lon="-3.0472290">
    <ele>943.0</ele>
   </trkpt>
   <trkpt lat="40.6799350" lon="-3.0472480">
    <ele>943.0</ele>
   </trkpt>
   <trkpt lat="40.6798970" lon="-3.0472700">
    <ele>943.0</ele>
   </trkpt>
   <trkpt lat="40.6798590" lon="-3.0472880">
    <ele>943.0</ele>
   </trkpt>
   <trkpt lat="40.6798130" lon="-3.0473070">
    <ele>943.0</ele>
   </trkpt>
   <trkpt lat="40.6797680" lon="-3.0473240">
    <ele>943.0</ele>
   </trkpt>
   <trkpt lat="40.6797260" lon="-3.0473410">
    <ele>943.0</ele>
   </trkpt>
   <trkpt lat="40.6796800" lon="-3.0473560">
    <ele>943.0</ele>
   </trkpt>
   <trkpt lat="40.6796300" lon="-3.0473690">
    <ele>943.0</ele>
   </trkpt>
   <trkpt lat="40.6795840" lon="-3.0473840">
    <ele>943.0</ele>
   </trkpt>
   <trkpt lat="40.6795390" lon="-3.0473960">
    <ele>943.0</ele>
   </trkpt>
   <trkpt lat="40.6795010" lon="-3.0474100">
    <ele>943.0</ele>
   </trkpt>
   <trkpt lat="40.6794590" lon="-3.0474260">
    <ele>943.0</ele>
   </trkpt>
   <trkpt lat="40.6794200" lon="-3.0474450">
    <ele>943.0</ele>
   </trkpt>
   <trkpt lat="40.6793790" lon="-3.0474610">
    <ele>943.0</ele>
   </trkpt>
   <trkpt lat="40.6793400" lon="-3.0474770">
    <ele>943.0</ele>
   </trkpt>
   <trkpt lat="40.6792980" lon="-3.0474940">
    <ele>942.8</ele>
   </trkpt>
   <trkpt lat="40.6792530" lon="-3.0475110">
    <ele>942.8</ele>
   </trkpt>
   <trkpt lat="40.6792140" lon="-3.0475280">
    <ele>942.6</ele>
   </trkpt>
   <trkpt lat="40.6791690" lon="-3.0475440">
    <ele>942.6</ele>
   </trkpt>
   <trkpt lat="40.6791270" lon="-3.0475590">
    <ele>942.4</ele>
   </trkpt>
   <trkpt lat="40.6790890" lon="-3.0475780">
    <ele>942.2</ele>
   </trkpt>
   <trkpt lat="40.6790430" lon="-3.0475930">
    <ele>942.0</ele>
   </trkpt>
   <trkpt lat="40.6790010" lon="-3.0476060">
    <ele>941.8</ele>
   </trkpt>
   <trkpt lat="40.6789550" lon="-3.0476110">
    <ele>941.6</ele>
   </trkpt>
   <trkpt lat="40.6789090" lon="-3.0476230">
    <ele>941.4</ele>
   </trkpt>
   <trkpt lat="40.6788670" lon="-3.0476370">
    <ele>941.0</ele>
   </trkpt>
   <trkpt lat="40.6788220" lon="-3.0476600">
    <ele>940.8</ele>
   </trkpt>
   <trkpt lat="40.6787800" lon="-3.0476870">
    <ele>940.4</ele>
   </trkpt>
   <trkpt lat="40.6787380" lon="-3.0477230">
    <ele>940.0</ele>
   </trkpt>
   <trkpt lat="40.6787000" lon="-3.0477660">
    <ele>939.6</ele>
   </trkpt>
   <trkpt lat="40.6786580" lon="-3.0478040">
    <ele>939.0</ele>
   </trkpt>
   <trkpt lat="40.6786120" lon="-3.0478410">
    <ele>938.6</ele>
   </trkpt>
   <trkpt lat="40.6785660" lon="-3.0478780">
    <ele>938.0</ele>
   </trkpt>
   <trkpt lat="40.6785200" lon="-3.0479180">
    <ele>937.4</ele>
   </trkpt>
   <trkpt lat="40.6784740" lon="-3.0479570">
    <ele>936.8</ele>
   </trkpt>
   <trkpt lat="40.6784320" lon="-3.0479960">
    <ele>936.2</ele>
   </trkpt>
   <trkpt lat="40.6783870" lon="-3.0480320">
    <ele>935.6</ele>
   </trkpt>
   <trkpt lat="40.6783450" lon="-3.0480690">
    <ele>934.8</ele>
   </trkpt>
   <trkpt lat="40.6783030" lon="-3.0480990">
    <ele>934.2</ele>
   </trkpt>
   <trkpt lat="40.6782650" lon="-3.0481290">
    <ele>933.6</ele>
   </trkpt>
   <trkpt lat="40.6782190" lon="-3.0481590">
    <ele>932.8</ele>
   </trkpt>
   <trkpt lat="40.6781650" lon="-3.0481870">
    <ele>932.0</ele>
   </trkpt>
   <trkpt lat="40.6781120" lon="-3.0482210">
    <ele>931.4</ele>
   </trkpt>
   <trkpt lat="40.6780550" lon="-3.0482550">
    <ele>930.8</ele>
   </trkpt>
   <trkpt lat="40.6780010" lon="-3.0482860">
    <ele>930.2</ele>
   </trkpt>
   <trkpt lat="40.6779560" lon="-3.0483090">
    <ele>929.8</ele>
   </trkpt>
   <trkpt lat="40.6779250" lon="-3.0483240">
    <ele>929.6</ele>
   </trkpt>
   <trkpt lat="40.6778950" lon="-3.0483370">
    <ele>929.2</ele>
   </trkpt>
   <trkpt lat="40.6778680" lon="-3.0483470">
    <ele>929.0</ele>
   </trkpt>
   <trkpt lat="40.6778450" lon="-3.0483560">
    <ele>928.6</ele>
   </trkpt>
   <trkpt lat="40.6778140" lon="-3.0483640">
    <ele>928.4</ele>
   </trkpt>
   <trkpt lat="40.6777880" lon="-3.0483720">
    <ele>928.2</ele>
   </trkpt>
   <trkpt lat="40.6777650" lon="-3.0483840">
    <ele>928.0</ele>
   </trkpt>
   <trkpt lat="40.6777570" lon="-3.0483880">
    <ele>927.8</ele>
   </trkpt>
   <trkpt lat="40.6777310" lon="-3.0484120">
    <ele>927.4</ele>
   </trkpt>
   <trkpt lat="40.6777040" lon="-3.0484360">
    <ele>927.4</ele>
   </trkpt>
   <trkpt lat="40.6776770" lon="-3.0484710">
    <ele>927.2</ele>
   </trkpt>
   <trkpt lat="40.6776470" lon="-3.0485110">
    <ele>927.2</ele>
   </trkpt>
   <trkpt lat="40.6776160" lon="-3.0485520">
    <ele>927.0</ele>
   </trkpt>
   <trkpt lat="40.6775630" lon="-3.0485960">
    <ele>926.8</ele>
   </trkpt>
   <trkpt lat="40.6775320" lon="-3.0486340">
    <ele>926.4</ele>
   </trkpt>
   <trkpt lat="40.6775020" lon="-3.0486730">
    <ele>926.2</ele>
   </trkpt>
   <trkpt lat="40.6774710" lon="-3.0487110">
    <ele>926.0</ele>
   </trkpt>
   <trkpt lat="40.6774330" lon="-3.0487420">
    <ele>925.6</ele>
   </trkpt>
   <trkpt lat="40.6774020" lon="-3.0487720">
    <ele>925.4</ele>
   </trkpt>
   <trkpt lat="40.6773680" lon="-3.0487970">
    <ele>925.0</ele>
   </trkpt>
   <trkpt lat="40.6773220" lon="-3.0488270">
    <ele>924.4</ele>
   </trkpt>
   <trkpt lat="40.6772690" lon="-3.0488530">
    <ele>924.0</ele>
   </trkpt>
   <trkpt lat="40.6772270" lon="-3.0488690">
    <ele>923.6</ele>
   </trkpt>
   <trkpt lat="40.6771740" lon="-3.0488790">
    <ele>923.2</ele>
   </trkpt>
   <trkpt lat="40.6771280" lon="-3.0488940">
    <ele>922.8</ele>
   </trkpt>
   <trkpt lat="40.6770930" lon="-3.0489260">
    <ele>922.4</ele>
   </trkpt>
   <trkpt lat="40.6770710" lon="-3.0489760">
    <ele>922.2</ele>
   </trkpt>
   <trkpt lat="40.6770550" lon="-3.0490170">
    <ele>921.8</ele>
   </trkpt>
   <trkpt lat="40.6770400" lon="-3.0490510">
    <ele>921.6</ele>
   </trkpt>
   <trkpt lat="40.6770360" lon="-3.0490880">
    <ele>921.4</ele>
   </trkpt>
   <trkpt lat="40.6770170" lon="-3.0491270">
    <ele>921.0</ele>
   </trkpt>
   <trkpt lat="40.6769940" lon="-3.0491640">
    <ele>920.6</ele>
   </trkpt>
   <trkpt lat="40.6769750" lon="-3.0491930">
    <ele>920.4</ele>
   </trkpt>
   <trkpt lat="40.6769640" lon="-3.0492100">
    <ele>920.2</ele>
   </trkpt>
   <trkpt lat="40.6769600" lon="-3.0492150">
    <ele>920.2</ele>
   </trkpt>
   <trkpt lat="40.6769600" lon="-3.0492150">
    <ele>920.0</ele>
   </trkpt>
   <trkpt lat="40.6769600" lon="-3.0492150">
    <ele>920.0</ele>
   </trkpt>
   <trkpt lat="40.6769600" lon="-3.0492150">
    <ele>920.0</ele>
   </trkpt>
   <trkpt lat="40.6769600" lon="-3.0492150">
    <ele>919.8</ele>
   </trkpt>
   <trkpt lat="40.6769600" lon="-3.0492150">
    <ele>919.8</ele>
   </trkpt>
   <trkpt lat="40.6769600" lon="-3.0492150">
    <ele>919.8</ele>
   </trkpt>
   <trkpt lat="40.6769410" lon="-3.0491990">
    <ele>919.6</ele>
   </trkpt>
   <trkpt lat="40.6769220" lon="-3.0491770">
    <ele>919.6</ele>
   </trkpt>
   <trkpt lat="40.6768950" lon="-3.0491490">
    <ele>919.6</ele>
   </trkpt>
   <trkpt lat="40.6768840" lon="-3.0491050">
    <ele>919.6</ele>
   </trkpt>
   <trkpt lat="40.6768800" lon="-3.0490730">
    <ele>919.4</ele>
   </trkpt>
   <trkpt lat="40.6768760" lon="-3.0490440">
    <ele>919.4</ele>
   </trkpt>
   <trkpt lat="40.6768530" lon="-3.0490260">
    <ele>919.4</ele>
   </trkpt>
   <trkpt lat="40.6768300" lon="-3.0490180">
    <ele>919.4</ele>
   </trkpt>
   <trkpt lat="40.6768190" lon="-3.0490130">
    <ele>919.4</ele>
   </trkpt>
   <trkpt lat="40.6768150" lon="-3.0490150">
    <ele>919.4</ele>
   </trkpt>
   <trkpt lat="40.6768150" lon="-3.0490150">
    <ele>919.4</ele>
   </trkpt>
   <trkpt lat="40.6768150" lon="-3.0490150">
    <ele>919.4</ele>
   </trkpt>
   <trkpt lat="40.6768150" lon="-3.0490150">
    <ele>919.4</ele>
   </trkpt>
   <trkpt lat="40.6768150" lon="-3.0490150">
    <ele>919.4</ele>
   </trkpt>
   <trkpt lat="40.6768340" lon="-3.0490170">
    <ele>919.6</ele>
   </trkpt>
   <trkpt lat="40.6768420" lon="-3.0490170">
    <ele>919.6</ele>
   </trkpt>
   <trkpt lat="40.6768420" lon="-3.0490240">
    <ele>919.6</ele>
   </trkpt>
   <trkpt lat="40.6768490" lon="-3.0490410">
    <ele>919.6</ele>
   </trkpt>
   <trkpt lat="40.6768570" lon="-3.0490630">
    <ele>919.6</ele>
   </trkpt>
   <trkpt lat="40.6768610" lon="-3.0490900">
    <ele>919.6</ele>
   </trkpt>
   <trkpt lat="40.6768680" lon="-3.0491150">
    <ele>919.8</ele>
   </trkpt>
   <trkpt lat="40.6768840" lon="-3.0491340">
    <ele>920.0</ele>
   </trkpt>
   <trkpt lat="40.6769070" lon="-3.0491520">
    <ele>920.2</ele>
   </trkpt>
   <trkpt lat="40.6769220" lon="-3.0491650">
    <ele>920.4</ele>
   </trkpt>
   <trkpt lat="40.6769370" lon="-3.0491660">
    <ele>920.6</ele>
   </trkpt>
   <trkpt lat="40.6769600" lon="-3.0491520">
    <ele>920.8</ele>
   </trkpt>
   <trkpt lat="40.6769790" lon="-3.0491250">
    <ele>921.2</ele>
   </trkpt>
   <trkpt lat="40.6769980" lon="-3.0490950">
    <ele>921.4</ele>
   </trkpt>
   <trkpt lat="40.6770170" lon="-3.0490650">
    <ele>921.6</ele>
   </trkpt>
   <trkpt lat="40.6770320" lon="-3.0490330">
    <ele>922.0</ele>
   </trkpt>
   <trkpt lat="40.6770520" lon="-3.0490060">
    <ele>922.2</ele>
   </trkpt>
   <trkpt lat="40.6770710" lon="-3.0489800">
    <ele>922.4</ele>
   </trkpt>
   <trkpt lat="40.6770860" lon="-3.0489560">
    <ele>922.6</ele>
   </trkpt>
   <trkpt lat="40.6771010" lon="-3.0489290">
    <ele>922.8</ele>
   </trkpt>
   <trkpt lat="40.6771010" lon="-3.0489060">
    <ele>923.0</ele>
   </trkpt>
   <trkpt lat="40.6770780" lon="-3.0488980">
    <ele>923.0</ele>
   </trkpt>
   <trkpt lat="40.6770550" lon="-3.0488980">
    <ele>922.8</ele>
   </trkpt>
   <trkpt lat="40.6770250" lon="-3.0488930">
    <ele>922.8</ele>
   </trkpt>
   <trkpt lat="40.6769980" lon="-3.0488860">
    <ele>922.6</ele>
   </trkpt>
   <trkpt lat="40.6769710" lon="-3.0488790">
    <ele>922.4</ele>
   </trkpt>
   <trkpt lat="40.6769450" lon="-3.0488670">
    <ele>922.4</ele>
   </trkpt>
   <trkpt lat="40.6769140" lon="-3.0488510">
    <ele>922.2</ele>
   </trkpt>
   <trkpt lat="40.6768880" lon="-3.0488350">
    <ele>922.0</ele>
   </trkpt>
   <trkpt lat="40.6768610" lon="-3.0488160">
    <ele>922.0</ele>
   </trkpt>
   <trkpt lat="40.6768420" lon="-3.0488000">
    <ele>922.0</ele>
   </trkpt>
   <trkpt lat="40.6768380" lon="-3.0487950">
    <ele>922.0</ele>
   </trkpt>
   <trkpt lat="40.6768380" lon="-3.0487950">
    <ele>922.0</ele>
   </trkpt>
   <trkpt lat="40.6768380" lon="-3.0487950">
    <ele>922.0</ele>
   </trkpt>
   <trkpt lat="40.6768380" lon="-3.0487950">
    <ele>922.0</ele>
   </trkpt>
   <trkpt lat="40.6768380" lon="-3.0487950">
    <ele>922.0</ele>
   </trkpt>
   <trkpt lat="40.6768380" lon="-3.0487950">
    <ele>922.0</ele>
   </trkpt>
   <trkpt lat="40.6768530" lon="-3.0488190">
    <ele>922.0</ele>
   </trkpt>
   <trkpt lat="40.6768680" lon="-3.0488290">
    <ele>922.0</ele>
   </trkpt>
   <trkpt lat="40.6768880" lon="-3.0488390">
    <ele>922.0</ele>
   </trkpt>
   <trkpt lat="40.6769070" lon="-3.0488490">
    <ele>922.2</ele>
   </trkpt>
   <trkpt lat="40.6769220" lon="-3.0488570">
    <ele>922.2</ele>
   </trkpt>
   <trkpt lat="40.6769450" lon="-3.0488640">
    <ele>922.4</ele>
   </trkpt>
   <trkpt lat="40.6769680" lon="-3.0488650">
    <ele>922.6</ele>
   </trkpt>
   <trkpt lat="40.6769910" lon="-3.0488690">
    <ele>922.6</ele>
   </trkpt>
   <trkpt lat="40.6770130" lon="-3.0488850">
    <ele>922.8</ele>
   </trkpt>
   <trkpt lat="40.6770250" lon="-3.0489070">
    <ele>922.8</ele>
   </trkpt>
   <trkpt lat="40.6770400" lon="-3.0489340">
    <ele>922.8</ele>
   </trkpt>
   <trkpt lat="40.6770440" lon="-3.0489680">
    <ele>922.8</ele>
   </trkpt>
   <trkpt lat="40.6770320" lon="-3.0490120">
    <ele>922.6</ele>
   </trkpt>
   <trkpt lat="40.6770210" lon="-3.0490620">
    <ele>922.4</ele>
   </trkpt>
   <trkpt lat="40.6770020" lon="-3.0491130">
    <ele>922.2</ele>
   </trkpt>
   <trkpt lat="40.6769870" lon="-3.0491550">
    <ele>921.8</ele>
   </trkpt>
   <trkpt lat="40.6769710" lon="-3.0491900">
    <ele>921.6</ele>
   </trkpt>
   <trkpt lat="40.6769600" lon="-3.0492160">
    <ele>921.6</ele>
   </trkpt>
   <trkpt lat="40.6769490" lon="-3.0492270">
    <ele>921.4</ele>
   </trkpt>
   <trkpt lat="40.6769290" lon="-3.0492260">
    <ele>921.0</ele>
   </trkpt>
   <trkpt lat="40.6769100" lon="-3.0492170">
    <ele>920.8</ele>
   </trkpt>
   <trkpt lat="40.6768910" lon="-3.0491950">
    <ele>920.4</ele>
   </trkpt>
   <trkpt lat="40.6768720" lon="-3.0491750">
    <ele>920.0</ele>
   </trkpt>
   <trkpt lat="40.6768530" lon="-3.0491670">
    <ele>919.8</ele>
   </trkpt>
   <trkpt lat="40.6768420" lon="-3.0491690">
    <ele>919.4</ele>
   </trkpt>
   <trkpt lat="40.6768340" lon="-3.0491700">
    <ele>919.2</ele>
   </trkpt>
   <trkpt lat="40.6768260" lon="-3.0491720">
    <ele>919.0</ele>
   </trkpt>
   <trkpt lat="40.6768260" lon="-3.0491720">
    <ele>919.0</ele>
   </trkpt>
   <trkpt lat="40.6768260" lon="-3.0491720">
    <ele>918.8</ele>
   </trkpt>
   <trkpt lat="40.6768260" lon="-3.0491720">
    <ele>918.8</ele>
   </trkpt>
   <trkpt lat="40.6768260" lon="-3.0491720">
    <ele>918.8</ele>
   </trkpt>
   <trkpt lat="40.6768260" lon="-3.0491720">
    <ele>918.6</ele>
   </trkpt>
   <trkpt lat="40.6768070" lon="-3.0491950">
    <ele>918.2</ele>
   </trkpt>
   <trkpt lat="40.6767920" lon="-3.0492200">
    <ele>918.2</ele>
   </trkpt>
   <trkpt lat="40.6767810" lon="-3.0492430">
    <ele>918.0</ele>
   </trkpt>
   <trkpt lat="40.6767730" lon="-3.0492630">
    <ele>917.8</ele>
   </trkpt>
   <trkpt lat="40.6767620" lon="-3.0492810">
    <ele>917.6</ele>
   </trkpt>
   <trkpt lat="40.6767540" lon="-3.0493000">
    <ele>917.2</ele>
   </trkpt>
   <trkpt lat="40.6767430" lon="-3.0493230">
    <ele>916.8</ele>
   </trkpt>
   <trkpt lat="40.6767430" lon="-3.0493440">
    <ele>916.4</ele>
   </trkpt>
   <trkpt lat="40.6767350" lon="-3.0493710">
    <ele>916.0</ele>
   </trkpt>
   <trkpt lat="40.6767160" lon="-3.0494070">
    <ele>915.6</ele>
   </trkpt>
   <trkpt lat="40.6766890" lon="-3.0494400">
    <ele>915.2</ele>
   </trkpt>
   <trkpt lat="40.6766700" lon="-3.0494690">
    <ele>914.8</ele>
   </trkpt>
   <trkpt lat="40.6766510" lon="-3.0494990">
    <ele>914.2</ele>
   </trkpt>
   <trkpt lat="40.6766280" lon="-3.0495310">
    <ele>913.8</ele>
   </trkpt>
   <trkpt lat="40.6766090" lon="-3.0495640">
    <ele>913.4</ele>
   </trkpt>
   <trkpt lat="40.6765860" lon="-3.0495970">
    <ele>913.0</ele>
   </trkpt>
   <trkpt lat="40.6765630" lon="-3.0496260">
    <ele>912.4</ele>
   </trkpt>
   <trkpt lat="40.6765400" lon="-3.0496500">
    <ele>912.0</ele>
   </trkpt>
   <trkpt lat="40.6765210" lon="-3.0496800">
    <ele>911.6</ele>
   </trkpt>
   <trkpt lat="40.6765020" lon="-3.0497080">
    <ele>911.2</ele>
   </trkpt>
   <trkpt lat="40.6764950" lon="-3.0497250">
    <ele>910.8</ele>
   </trkpt>
   <trkpt lat="40.6764790" lon="-3.0497410">
    <ele>910.4</ele>
   </trkpt>
   <trkpt lat="40.6764600" lon="-3.0497560">
    <ele>910.0</ele>
   </trkpt>
   <trkpt lat="40.6764490" lon="-3.0497640">
    <ele>909.6</ele>
   </trkpt>
   <trkpt lat="40.6764370" lon="-3.0497770">
    <ele>909.2</ele>
   </trkpt>
   <trkpt lat="40.6764260" lon="-3.0497890">
    <ele>908.8</ele>
   </trkpt>
   <trkpt lat="40.6764070" lon="-3.0498000">
    <ele>908.6</ele>
   </trkpt>
   <trkpt lat="40.6764030" lon="-3.0498070">
    <ele>908.4</ele>
   </trkpt>
   <trkpt lat="40.6764030" lon="-3.0498070">
    <ele>908.2</ele>
   </trkpt>
   <trkpt lat="40.6764030" lon="-3.0498100">
    <ele>908.0</ele>
   </trkpt>
   <trkpt lat="40.6763950" lon="-3.0498170">
    <ele>907.8</ele>
   </trkpt>
   <trkpt lat="40.6763920" lon="-3.0498240">
    <ele>907.6</ele>
   </trkpt>
   <trkpt lat="40.6763800" lon="-3.0498390">
    <ele>907.2</ele>
   </trkpt>
   <trkpt lat="40.6763690" lon="-3.0498510">
    <ele>907.0</ele>
   </trkpt>
   <trkpt lat="40.6763570" lon="-3.0498620">
    <ele>906.6</ele>
   </trkpt>
   <trkpt lat="40.6763500" lon="-3.0498670">
    <ele>906.2</ele>
   </trkpt>
   <trkpt lat="40.6763380" lon="-3.0498770">
    <ele>906.0</ele>
   </trkpt>
   <trkpt lat="40.6763230" lon="-3.0498890">
    <ele>905.4</ele>
   </trkpt>
   <trkpt lat="40.6763000" lon="-3.0499050">
    <ele>905.0</ele>
   </trkpt>
   <trkpt lat="40.6762810" lon="-3.0499230">
    <ele>904.6</ele>
   </trkpt>
   <trkpt lat="40.6762620" lon="-3.0499390">
    <ele>904.2</ele>
   </trkpt>
   <trkpt lat="40.6762470" lon="-3.0499530">
    <ele>903.8</ele>
   </trkpt>
   <trkpt lat="40.6762390" lon="-3.0499680">
    <ele>903.4</ele>
   </trkpt>
   <trkpt lat="40.6762280" lon="-3.0499830">
    <ele>903.0</ele>
   </trkpt>
   <trkpt lat="40.6762200" lon="-3.0500010">
    <ele>902.6</ele>
   </trkpt>
   <trkpt lat="40.6762120" lon="-3.0500230">
    <ele>902.2</ele>
   </trkpt>
   <trkpt lat="40.6762080" lon="-3.0500370">
    <ele>901.8</ele>
   </trkpt>
   <trkpt lat="40.6761930" lon="-3.0500490">
    <ele>901.6</ele>
   </trkpt>
   <trkpt lat="40.6761860" lon="-3.0500640">
    <ele>901.2</ele>
   </trkpt>
   <trkpt lat="40.6761780" lon="-3.0500740">
    <ele>901.0</ele>
   </trkpt>
   <trkpt lat="40.6761740" lon="-3.0500820">
    <ele>900.6</ele>
   </trkpt>
   <trkpt lat="40.6761740" lon="-3.0500850">
    <ele>900.4</ele>
   </trkpt>
   <trkpt lat="40.6761740" lon="-3.0500890">
    <ele>900.2</ele>
   </trkpt>
   <trkpt lat="40.6761660" lon="-3.0501030">
    <ele>900.0</ele>
   </trkpt>
   <trkpt lat="40.6761630" lon="-3.0501180">
    <ele>899.6</ele>
   </trkpt>
   <trkpt lat="40.6761550" lon="-3.0501380">
    <ele>899.4</ele>
   </trkpt>
   <trkpt lat="40.6761400" lon="-3.0501640">
    <ele>899.2</ele>
   </trkpt>
   <trkpt lat="40.6761280" lon="-3.0501890">
    <ele>898.8</ele>
   </trkpt>
   <trkpt lat="40.6761170" lon="-3.0502020">
    <ele>898.6</ele>
   </trkpt>
   <trkpt lat="40.6761130" lon="-3.0502050">
    <ele>898.4</ele>
   </trkpt>
   <trkpt lat="40.6761130" lon="-3.0502050">
    <ele>898.2</ele>
   </trkpt>
   <trkpt lat="40.6761130" lon="-3.0502050">
    <ele>898.2</ele>
   </trkpt>
   <trkpt lat="40.6761130" lon="-3.0502050">
    <ele>898.0</ele>
   </trkpt>
   <trkpt lat="40.6761130" lon="-3.0502050">
    <ele>898.0</ele>
   </trkpt>
   <trkpt lat="40.6761130" lon="-3.0502050">
    <ele>898.0</ele>
   </trkpt>
   <trkpt lat="40.6760980" lon="-3.0501960">
    <ele>897.6</ele>
   </trkpt>
   <trkpt lat="40.6760860" lon="-3.0501820">
    <ele>897.6</ele>
   </trkpt>
   <trkpt lat="40.6760750" lon="-3.0501710">
    <ele>897.6</ele>
   </trkpt>
   <trkpt lat="40.6760630" lon="-3.0501620">
    <ele>897.4</ele>
   </trkpt>
   <trkpt lat="40.6760480" lon="-3.0501490">
    <ele>897.2</ele>
   </trkpt>
   <trkpt lat="40.6760370" lon="-3.0501300">
    <ele>897.0</ele>
   </trkpt>
   <trkpt lat="40.6760220" lon="-3.0501060">
    <ele>896.8</ele>
   </trkpt>
   <trkpt lat="40.6760140" lon="-3.0500910">
    <ele>896.6</ele>
   </trkpt>
   <trkpt lat="40.6760060" lon="-3.0500760">
    <ele>896.4</ele>
   </trkpt>
   <trkpt lat="40.6759990" lon="-3.0500630">
    <ele>896.2</ele>
   </trkpt>
   <trkpt lat="40.6759830" lon="-3.0500530">
    <ele>895.8</ele>
   </trkpt>
   <trkpt lat="40.6759720" lon="-3.0500440">
    <ele>895.6</ele>
   </trkpt>
   <trkpt lat="40.6759610" lon="-3.0500330">
    <ele>895.4</ele>
   </trkpt>
   <trkpt lat="40.6759490" lon="-3.0500240">
    <ele>895.2</ele>
   </trkpt>
   <trkpt lat="40.6759410" lon="-3.0500140">
    <ele>894.8</ele>
   </trkpt>
   <trkpt lat="40.6759300" lon="-3.0499990">
    <ele>894.6</ele>
   </trkpt>
   <trkpt lat="40.6759190" lon="-3.0499840">
    <ele>894.4</ele>
   </trkpt>
   <trkpt lat="40.6759110" lon="-3.0499690">
    <ele>894.0</ele>
   </trkpt>
   <trkpt lat="40.6759030" lon="-3.0499630">
    <ele>893.8</ele>
   </trkpt>
   <trkpt lat="40.6759030" lon="-3.0499630">
    <ele>893.6</ele>
   </trkpt>
   <trkpt lat="40.6759030" lon="-3.0499630">
    <ele>893.4</ele>
   </trkpt>
   <trkpt lat="40.6759030" lon="-3.0499640">
    <ele>893.2</ele>
   </trkpt>
   <trkpt lat="40.6758990" lon="-3.0499690">
    <ele>893.2</ele>
   </trkpt>
   <trkpt lat="40.6758920" lon="-3.0499750">
    <ele>893.0</ele>
   </trkpt>
   <trkpt lat="40.6758770" lon="-3.0499800">
    <ele>893.0</ele>
   </trkpt>
   <trkpt lat="40.6758730" lon="-3.0499820">
    <ele>892.8</ele>
   </trkpt>
   <trkpt lat="40.6758650" lon="-3.0499880">
    <ele>892.6</ele>
   </trkpt>
   <trkpt lat="40.6758610" lon="-3.0500010">
    <ele>892.4</ele>
   </trkpt>
   <trkpt lat="40.6758540" lon="-3.0500120">
    <ele>892.2</ele>
   </trkpt>
   <trkpt lat="40.6758540" lon="-3.0500170">
    <ele>892.0</ele>
   </trkpt>
   <trkpt lat="40.6758500" lon="-3.0500190">
    <ele>891.8</ele>
   </trkpt>
   <trkpt lat="40.6758460" lon="-3.0500250">
    <ele>891.6</ele>
   </trkpt>
   <trkpt lat="40.6758420" lon="-3.0500270">
    <ele>891.6</ele>
   </trkpt>
   <trkpt lat="40.6758420" lon="-3.0500270">
    <ele>891.4</ele>
   </trkpt>
   <trkpt lat="40.6758420" lon="-3.0500270">
    <ele>891.4</ele>
   </trkpt>
   <trkpt lat="40.6758420" lon="-3.0500270">
    <ele>891.2</ele>
   </trkpt>
   <trkpt lat="40.6758420" lon="-3.0500300">
    <ele>891.0</ele>
   </trkpt>
   <trkpt lat="40.6758380" lon="-3.0500330">
    <ele>891.0</ele>
   </trkpt>
   <trkpt lat="40.6758380" lon="-3.0500330">
    <ele>890.8</ele>
   </trkpt>
   <trkpt lat="40.6758380" lon="-3.0500640">
    <ele>890.6</ele>
   </trkpt>
   <trkpt lat="40.6758420" lon="-3.0500760">
    <ele>890.4</ele>
   </trkpt>
   <trkpt lat="40.6758420" lon="-3.0500890">
    <ele>890.4</ele>
   </trkpt>
   <trkpt lat="40.6758420" lon="-3.0500960">
    <ele>890.2</ele>
   </trkpt>
   <trkpt lat="40.6758380" lon="-3.0501060">
    <ele>890.0</ele>
   </trkpt>
   <trkpt lat="40.6758380" lon="-3.0501180">
    <ele>889.8</ele>
   </trkpt>
   <trkpt lat="40.6758380" lon="-3.0501310">
    <ele>889.6</ele>
   </trkpt>
   <trkpt lat="40.6758380" lon="-3.0501500">
    <ele>889.4</ele>
   </trkpt>
   <trkpt lat="40.6758380" lon="-3.0501770">
    <ele>889.2</ele>
   </trkpt>
   <trkpt lat="40.6758350" lon="-3.0502040">
    <ele>889.0</ele>
   </trkpt>
   <trkpt lat="40.6758270" lon="-3.0502300">
    <ele>888.8</ele>
   </trkpt>
   <trkpt lat="40.6758190" lon="-3.0502520">
    <ele>888.4</ele>
   </trkpt>
   <trkpt lat="40.6758080" lon="-3.0502790">
    <ele>888.2</ele>
   </trkpt>
   <trkpt lat="40.6758040" lon="-3.0502930">
    <ele>887.8</ele>
   </trkpt>
   <trkpt lat="40.6757970" lon="-3.0503150">
    <ele>887.6</ele>
   </trkpt>
   <trkpt lat="40.6757890" lon="-3.0503340">
    <ele>887.2</ele>
   </trkpt>
   <trkpt lat="40.6757770" lon="-3.0503450">
    <ele>886.8</ele>
   </trkpt>
   <trkpt lat="40.6757770" lon="-3.0503500">
    <ele>886.6</ele>
   </trkpt>
   <trkpt lat="40.6757770" lon="-3.0503510">
    <ele>886.4</ele>
   </trkpt>
   <trkpt lat="40.6757770" lon="-3.0503620">
    <ele>886.2</ele>
   </trkpt>
   <trkpt lat="40.6757770" lon="-3.0503670">
    <ele>886.0</ele>
   </trkpt>
   <trkpt lat="40.6757770" lon="-3.0503670">
    <ele>885.8</ele>
   </trkpt>
   <trkpt lat="40.6757770" lon="-3.0503670">
    <ele>885.6</ele>
   </trkpt>
   <trkpt lat="40.6757320" lon="-3.0504100">
    <ele>885.0</ele>
   </trkpt>
   <trkpt lat="40.6757200" lon="-3.0504130">
    <ele>884.8</ele>
   </trkpt>
   <trkpt lat="40.6757050" lon="-3.0504110">
    <ele>884.8</ele>
   </trkpt>
   <trkpt lat="40.6756940" lon="-3.0504050">
    <ele>884.6</ele>
   </trkpt>
   <trkpt lat="40.6756860" lon="-3.0503950">
    <ele>884.4</ele>
   </trkpt>
   <trkpt lat="40.6756780" lon="-3.0503860">
    <ele>884.2</ele>
   </trkpt>
   <trkpt lat="40.6756780" lon="-3.0503760">
    <ele>884.0</ele>
   </trkpt>
   <trkpt lat="40.6756710" lon="-3.0503730">
    <ele>883.8</ele>
   </trkpt>
   <trkpt lat="40.6756630" lon="-3.0503690">
    <ele>883.6</ele>
   </trkpt>
   <trkpt lat="40.6756630" lon="-3.0503590">
    <ele>883.4</ele>
   </trkpt>
   <trkpt lat="40.6756630" lon="-3.0503480">
    <ele>883.2</ele>
   </trkpt>
   <trkpt lat="40.6756630" lon="-3.0503390">
    <ele>883.0</ele>
   </trkpt>
   <trkpt lat="40.6756590" lon="-3.0503290">
    <ele>882.8</ele>
   </trkpt>
   <trkpt lat="40.6756550" lon="-3.0503180">
    <ele>882.6</ele>
   </trkpt>
   <trkpt lat="40.6756520" lon="-3.0503060">
    <ele>882.4</ele>
   </trkpt>
   <trkpt lat="40.6756480" lon="-3.0502980">
    <ele>882.2</ele>
   </trkpt>
   <trkpt lat="40.6756480" lon="-3.0502950">
    <ele>882.0</ele>
   </trkpt>
   <trkpt lat="40.6756480" lon="-3.0502880">
    <ele>881.8</ele>
   </trkpt>
   <trkpt lat="40.6756480" lon="-3.0502860">
    <ele>881.6</ele>
   </trkpt>
   <trkpt lat="40.6756480" lon="-3.0502760">
    <ele>881.4</ele>
   </trkpt>
   <trkpt lat="40.6756480" lon="-3.0502730">
    <ele>881.2</ele>
   </trkpt>
   <trkpt lat="40.6756480" lon="-3.0502730">
    <ele>881.2</ele>
   </trkpt>
   <trkpt lat="40.6756480" lon="-3.0502730">
    <ele>881.0</ele>
   </trkpt>
   <trkpt lat="40.6756480" lon="-3.0502730">
    <ele>881.0</ele>
   </trkpt>
   <trkpt lat="40.6756400" lon="-3.0502670">
    <ele>880.8</ele>
   </trkpt>
   <trkpt lat="40.6756290" lon="-3.0502510">
    <ele>880.6</ele>
   </trkpt>
   <trkpt lat="40.6756210" lon="-3.0502360">
    <ele>880.4</ele>
   </trkpt>
   <trkpt lat="40.6756060" lon="-3.0502200">
    <ele>880.0</ele>
   </trkpt>
   <trkpt lat="40.6755940" lon="-3.0502040">
    <ele>879.8</ele>
   </trkpt>
   <trkpt lat="40.6755830" lon="-3.0501880">
    <ele>879.4</ele>
   </trkpt>
   <trkpt lat="40.6755710" lon="-3.0501760">
    <ele>879.2</ele>
   </trkpt>
   <trkpt lat="40.6755640" lon="-3.0501680">
    <ele>879.0</ele>
   </trkpt>
   <trkpt lat="40.6755560" lon="-3.0501630">
    <ele>878.8</ele>
   </trkpt>
   <trkpt lat="40.6755490" lon="-3.0501600">
    <ele>878.6</ele>
   </trkpt>
   <trkpt lat="40.6755450" lon="-3.0501580">
    <ele>878.4</ele>
   </trkpt>
   <trkpt lat="40.6755450" lon="-3.0501560">
    <ele>878.2</ele>
   </trkpt>
   <trkpt lat="40.6755330" lon="-3.0501480">
    <ele>878.0</ele>
   </trkpt>
   <trkpt lat="40.6755330" lon="-3.0501410">
    <ele>878.0</ele>
   </trkpt>
   <trkpt lat="40.6755410" lon="-3.0501350">
    <ele>877.8</ele>
   </trkpt>
   <trkpt lat="40.6755410" lon="-3.0501330">
    <ele>877.8</ele>
   </trkpt>
   <trkpt lat="40.6755410" lon="-3.0501350">
    <ele>877.6</ele>
   </trkpt>
   <trkpt lat="40.6755370" lon="-3.0501350">
    <ele>877.6</ele>
   </trkpt>
   <trkpt lat="40.6755290" lon="-3.0501330">
    <ele>877.4</ele>
   </trkpt>
   <trkpt lat="40.6754150" lon="-3.0501130">
    <ele>876.8</ele>
   </trkpt>
   <trkpt lat="40.6754110" lon="-3.0501100">
    <ele>876.8</ele>
   </trkpt>
   <trkpt lat="40.6754110" lon="-3.0501100">
    <ele>876.8</ele>
   </trkpt>
   <trkpt lat="40.6754110" lon="-3.0501100">
    <ele>876.8</ele>
   </trkpt>
   <trkpt lat="40.6754110" lon="-3.0501100">
    <ele>876.8</ele>
   </trkpt>
   <trkpt lat="40.6754110" lon="-3.0501100">
    <ele>876.8</ele>
   </trkpt>
   <trkpt lat="40.6754110" lon="-3.0501100">
    <ele>876.8</ele>
   </trkpt>
   <trkpt lat="40.6753580" lon="-3.0500490">
    <ele>877.2</ele>
   </trkpt>
   <trkpt lat="40.6753500" lon="-3.0500400">
    <ele>877.2</ele>
   </trkpt>
   <trkpt lat="40.6753430" lon="-3.0500350">
    <ele>877.0</ele>
   </trkpt>
   <trkpt lat="40.6753310" lon="-3.0500280">
    <ele>877.0</ele>
   </trkpt>
   <trkpt lat="40.6753200" lon="-3.0500180">
    <ele>877.0</ele>
   </trkpt>
   <trkpt lat="40.6753080" lon="-3.0500130">
    <ele>877.0</ele>
   </trkpt>
   <trkpt lat="40.6752970" lon="-3.0500040">
    <ele>876.8</ele>
   </trkpt>
   <trkpt lat="40.6752970" lon="-3.0500000">
    <ele>876.8</ele>
   </trkpt>
   <trkpt lat="40.6752970" lon="-3.0500000">
    <ele>876.8</ele>
   </trkpt>
   <trkpt lat="40.6752970" lon="-3.0500000">
    <ele>876.6</ele>
   </trkpt>
   <trkpt lat="40.6752970" lon="-3.0500000">
    <ele>876.6</ele>
   </trkpt>
   <trkpt lat="40.6752970" lon="-3.0500000">
    <ele>876.6</ele>
   </trkpt>
   <trkpt lat="40.6752970" lon="-3.0500000">
    <ele>876.4</ele>
   </trkpt>
   <trkpt lat="40.6752780" lon="-3.0499880">
    <ele>876.4</ele>
   </trkpt>
   <trkpt lat="40.6752700" lon="-3.0499780">
    <ele>876.4</ele>
   </trkpt>
   <trkpt lat="40.6752660" lon="-3.0499760">
    <ele>876.2</ele>
   </trkpt>
   <trkpt lat="40.6752700" lon="-3.0499660">
    <ele>876.2</ele>
   </trkpt>
   <trkpt lat="40.6752700" lon="-3.0499560">
    <ele>876.2</ele>
   </trkpt>
   <trkpt lat="40.6752700" lon="-3.0499520">
    <ele>876.2</ele>
   </trkpt>
   <trkpt lat="40.6752700" lon="-3.0499520">
    <ele>876.2</ele>
   </trkpt>
   <trkpt lat="40.6752700" lon="-3.0499520">
    <ele>876.2</ele>
   </trkpt>
   <trkpt lat="40.6752700" lon="-3.0499510">
    <ele>876.2</ele>
   </trkpt>
   <trkpt lat="40.6752620" lon="-3.0499480">
    <ele>876.0</ele>
   </trkpt>
   <trkpt lat="40.6752510" lon="-3.0499430">
    <ele>876.0</ele>
   </trkpt>
   <trkpt lat="40.6752360" lon="-3.0499340">
    <ele>876.0</ele>
   </trkpt>
   <trkpt lat="40.6752170" lon="-3.0499220">
    <ele>875.8</ele>
   </trkpt>
   <trkpt lat="40.6752050" lon="-3.0499090">
    <ele>875.6</ele>
   </trkpt>
   <trkpt lat="40.6751900" lon="-3.0498900">
    <ele>875.4</ele>
   </trkpt>
   <trkpt lat="40.6751670" lon="-3.0498700">
    <ele>875.2</ele>
   </trkpt>
   <trkpt lat="40.6751440" lon="-3.0498440">
    <ele>874.8</ele>
   </trkpt>
   <trkpt lat="40.6751330" lon="-3.0498250">
    <ele>874.6</ele>
   </trkpt>
   <trkpt lat="40.6751100" lon="-3.0498050">
    <ele>874.4</ele>
   </trkpt>
   <trkpt lat="40.6750950" lon="-3.0497800">
    <ele>874.0</ele>
   </trkpt>
   <trkpt lat="40.6750760" lon="-3.0497570">
    <ele>873.8</ele>
   </trkpt>
   <trkpt lat="40.6750490" lon="-3.0497320">
    <ele>873.6</ele>
   </trkpt>
   <trkpt lat="40.6750220" lon="-3.0497080">
    <ele>873.2</ele>
   </trkpt>
   <trkpt lat="40.6749920" lon="-3.0496870">
    <ele>873.0</ele>
   </trkpt>
   <trkpt lat="40.6749530" lon="-3.0496650">
    <ele>872.8</ele>
   </trkpt>
   <trkpt lat="40.6749230" lon="-3.0496440">
    <ele>872.4</ele>
   </trkpt>
   <trkpt lat="40.6748960" lon="-3.0496270">
    <ele>872.2</ele>
   </trkpt>
   <trkpt lat="40.6748580" lon="-3.0496020">
    <ele>872.0</ele>
   </trkpt>
   <trkpt lat="40.6748280" lon="-3.0495820">
    <ele>871.6</ele>
   </trkpt>
   <trkpt lat="40.6747890" lon="-3.0495640">
    <ele>871.4</ele>
   </trkpt>
   <trkpt lat="40.6747470" lon="-3.0495450">
    <ele>871.0</ele>
   </trkpt>
   <trkpt lat="40.6747210" lon="-3.0495360">
    <ele>870.8</ele>
   </trkpt>
   <trkpt lat="40.6746940" lon="-3.0495280">
    <ele>870.6</ele>
   </trkpt>
   <trkpt lat="40.6746710" lon="-3.0495160">
    <ele>870.2</ele>
   </trkpt>
   <trkpt lat="40.6746480" lon="-3.0495110">
    <ele>869.8</ele>
   </trkpt>
   <trkpt lat="40.6746290" lon="-3.0495070">
    <ele>869.4</ele>
   </trkpt>
   <trkpt lat="40.6746060" lon="-3.0495100">
    <ele>868.8</ele>
   </trkpt>
   <trkpt lat="40.6745950" lon="-3.0495070">
    <ele>868.4</ele>
   </trkpt>
   <trkpt lat="40.6745720" lon="-3.0495170">
    <ele>868.0</ele>
   </trkpt>
   <trkpt lat="40.6745490" lon="-3.0495240">
    <ele>867.6</ele>
   </trkpt>
   <trkpt lat="40.6745260" lon="-3.0495270">
    <ele>867.2</ele>
   </trkpt>
   <trkpt lat="40.6745030" lon="-3.0495270">
    <ele>866.8</ele>
   </trkpt>
   <trkpt lat="40.6744770" lon="-3.0495280">
    <ele>866.4</ele>
   </trkpt>
   <trkpt lat="40.6744540" lon="-3.0495280">
    <ele>866.0</ele>
   </trkpt>
   <trkpt lat="40.6744500" lon="-3.0495270">
    <ele>865.8</ele>
   </trkpt>
   <trkpt lat="40.6744270" lon="-3.0495340">
    <ele>865.4</ele>
   </trkpt>
   <trkpt lat="40.6744080" lon="-3.0495270">
    <ele>865.2</ele>
   </trkpt>
   <trkpt lat="40.6743850" lon="-3.0495260">
    <ele>865.0</ele>
   </trkpt>
   <trkpt lat="40.6743580" lon="-3.0495240">
    <ele>864.8</ele>
   </trkpt>
   <trkpt lat="40.6743320" lon="-3.0495160">
    <ele>864.6</ele>
   </trkpt>
   <trkpt lat="40.6743010" lon="-3.0495040">
    <ele>864.4</ele>
   </trkpt>
   <trkpt lat="40.6742670" lon="-3.0494890">
    <ele>864.0</ele>
   </trkpt>
   <trkpt lat="40.6742360" lon="-3.0494760">
    <ele>863.8</ele>
   </trkpt>
   <trkpt lat="40.6742060" lon="-3.0494640">
    <ele>863.6</ele>
   </trkpt>
   <trkpt lat="40.6741680" lon="-3.0494530">
    <ele>863.2</ele>
   </trkpt>
   <trkpt lat="40.6741290" lon="-3.0494480">
    <ele>863.0</ele>
   </trkpt>
   <trkpt lat="40.6740950" lon="-3.0494450">
    <ele>862.8</ele>
   </trkpt>
   <trkpt lat="40.6740650" lon="-3.0494470">
    <ele>862.6</ele>
   </trkpt>
   <trkpt lat="40.6740230" lon="-3.0494500">
    <ele>862.4</ele>
   </trkpt>
   <trkpt lat="40.6739920" lon="-3.0494500">
    <ele>862.2</ele>
   </trkpt>
   <trkpt lat="40.6739580" lon="-3.0494450">
    <ele>862.0</ele>
   </trkpt>
   <trkpt lat="40.6739200" lon="-3.0494390">
    <ele>861.8</ele>
   </trkpt>
   <trkpt lat="40.6738850" lon="-3.0494310">
    <ele>861.6</ele>
   </trkpt>
   <trkpt lat="40.6738550" lon="-3.0494180">
    <ele>861.4</ele>
   </trkpt>
   <trkpt lat="40.6738280" lon="-3.0494110">
    <ele>861.2</ele>
   </trkpt>
   <trkpt lat="40.6737980" lon="-3.0494070">
    <ele>861.0</ele>
   </trkpt>
   <trkpt lat="40.6737630" lon="-3.0494030">
    <ele>860.6</ele>
   </trkpt>
   <trkpt lat="40.6737290" lon="-3.0494000">
    <ele>860.2</ele>
   </trkpt>
   <trkpt lat="40.6736980" lon="-3.0493960">
    <ele>859.8</ele>
   </trkpt>
   <trkpt lat="40.6736680" lon="-3.0493930">
    <ele>859.2</ele>
   </trkpt>
   <trkpt lat="40.6736410" lon="-3.0493900">
    <ele>858.8</ele>
   </trkpt>
   <trkpt lat="40.6736030" lon="-3.0493940">
    <ele>858.2</ele>
   </trkpt>
   <trkpt lat="40.6735650" lon="-3.0493990">
    <ele>857.8</ele>
   </trkpt>
   <trkpt lat="40.6735270" lon="-3.0494030">
    <ele>857.2</ele>
   </trkpt>
   <trkpt lat="40.6734890" lon="-3.0494140">
    <ele>856.6</ele>
   </trkpt>
   <trkpt lat="40.6734470" lon="-3.0494260">
    <ele>856.2</ele>
   </trkpt>
   <trkpt lat="40.6733970" lon="-3.0494440">
    <ele>855.8</ele>
   </trkpt>
   <trkpt lat="40.6733510" lon="-3.0494540">
    <ele>855.4</ele>
   </trkpt>
   <trkpt lat="40.6733090" lon="-3.0494500">
    <ele>855.2</ele>
   </trkpt>
   <trkpt lat="40.6732600" lon="-3.0494500">
    <ele>855.0</ele>
   </trkpt>
   <trkpt lat="40.6732100" lon="-3.0494500">
    <ele>854.8</ele>
   </trkpt>
   <trkpt lat="40.6731720" lon="-3.0494480">
    <ele>854.8</ele>
   </trkpt>
   <trkpt lat="40.6731220" lon="-3.0494480">
    <ele>854.8</ele>
   </trkpt>
   <trkpt lat="40.6730800" lon="-3.0494360">
    <ele>854.6</ele>
   </trkpt>
   <trkpt lat="40.6730420" lon="-3.0494290">
    <ele>854.6</ele>
   </trkpt>
   <trkpt lat="40.6730120" lon="-3.0494180">
    <ele>854.4</ele>
   </trkpt>
   <trkpt lat="40.6729810" lon="-3.0494040">
    <ele>854.0</ele>
   </trkpt>
   <trkpt lat="40.6729320" lon="-3.0493910">
    <ele>853.6</ele>
   </trkpt>
   <trkpt lat="40.6728820" lon="-3.0493780">
    <ele>853.2</ele>
   </trkpt>
   <trkpt lat="40.6728320" lon="-3.0493660">
    <ele>852.8</ele>
   </trkpt>
   <trkpt lat="40.6727830" lon="-3.0493510">
    <ele>852.4</ele>
   </trkpt>
   <trkpt lat="40.6727410" lon="-3.0493420">
    <ele>852.0</ele>
   </trkpt>
   <trkpt lat="40.6726910" lon="-3.0493280">
    <ele>851.6</ele>
   </trkpt>
   <trkpt lat="40.6726490" lon="-3.0493220">
    <ele>851.2</ele>
   </trkpt>
   <trkpt lat="40.6726150" lon="-3.0493220">
    <ele>850.8</ele>
   </trkpt>
   <trkpt lat="40.6725840" lon="-3.0493200">
    <ele>850.4</ele>
   </trkpt>
   <trkpt lat="40.6725390" lon="-3.0493130">
    <ele>849.8</ele>
   </trkpt>
   <trkpt lat="40.6725080" lon="-3.0493080">
    <ele>849.4</ele>
   </trkpt>
   <trkpt lat="40.6724780" lon="-3.0493010">
    <ele>849.0</ele>
   </trkpt>
   <trkpt lat="40.6724430" lon="-3.0492980">
    <ele>848.6</ele>
   </trkpt>
   <trkpt lat="40.6724170" lon="-3.0492960">
    <ele>848.4</ele>
   </trkpt>
   <trkpt lat="40.6724010" lon="-3.0492950">
    <ele>848.2</ele>
   </trkpt>
   <trkpt lat="40.6723940" lon="-3.0492950">
    <ele>848.0</ele>
   </trkpt>
   <trkpt lat="40.6723900" lon="-3.0492970">
    <ele>847.8</ele>
   </trkpt>
   <trkpt lat="40.6723790" lon="-3.0492940">
    <ele>847.4</ele>
   </trkpt>
   <trkpt lat="40.6723560" lon="-3.0492890">
    <ele>847.2</ele>
   </trkpt>
   <trkpt lat="40.6723330" lon="-3.0492720">
    <ele>847.2</ele>
   </trkpt>
   <trkpt lat="40.6723020" lon="-3.0492550">
    <ele>847.0</ele>
   </trkpt>
   <trkpt lat="40.6722760" lon="-3.0492320">
    <ele>847.0</ele>
   </trkpt>
   <trkpt lat="40.6722490" lon="-3.0492070">
    <ele>846.8</ele>
   </trkpt>
   <trkpt lat="40.6722180" lon="-3.0491780">
    <ele>846.6</ele>
   </trkpt>
   <trkpt lat="40.6721920" lon="-3.0491440">
    <ele>846.6</ele>
   </trkpt>
   <trkpt lat="40.6721650" lon="-3.0491040">
    <ele>846.4</ele>
   </trkpt>
   <trkpt lat="40.6721380" lon="-3.0490620">
    <ele>846.4</ele>
   </trkpt>
   <trkpt lat="40.6721150" lon="-3.0490190">
    <ele>846.2</ele>
   </trkpt>
   <trkpt lat="40.6720890" lon="-3.0489750">
    <ele>846.2</ele>
   </trkpt>
   <trkpt lat="40.6720620" lon="-3.0489330">
    <ele>845.8</ele>
   </trkpt>
   <trkpt lat="40.6720390" lon="-3.0488910">
    <ele>845.6</ele>
   </trkpt>
   <trkpt lat="40.6720200" lon="-3.0488410">
    <ele>845.4</ele>
   </trkpt>
   <trkpt lat="40.6720010" lon="-3.0487820">
    <ele>845.0</ele>
   </trkpt>
   <trkpt lat="40.6719930" lon="-3.0487130">
    <ele>844.6</ele>
   </trkpt>
   <trkpt lat="40.6719890" lon="-3.0486430">
    <ele>844.2</ele>
   </trkpt>
   <trkpt lat="40.6719890" lon="-3.0485700">
    <ele>843.8</ele>
   </trkpt>
   <trkpt lat="40.6719930" lon="-3.0485000">
    <ele>843.6</ele>
   </trkpt>
   <trkpt lat="40.6720010" lon="-3.0484360">
    <ele>843.2</ele>
   </trkpt>
   <trkpt lat="40.6720160" lon="-3.0483740">
    <ele>842.8</ele>
   </trkpt>
   <trkpt lat="40.6720310" lon="-3.0483150">
    <ele>842.4</ele>
   </trkpt>
   <trkpt lat="40.6720430" lon="-3.0482570">
    <ele>842.0</ele>
   </trkpt>
   <trkpt lat="40.6720540" lon="-3.0482000">
    <ele>841.4</ele>
   </trkpt>
   <trkpt lat="40.6720580" lon="-3.0481520">
    <ele>841.0</ele>
   </trkpt>
   <trkpt lat="40.6720580" lon="-3.0481090">
    <ele>840.6</ele>
   </trkpt>
   <trkpt lat="40.6720470" lon="-3.0480760">
    <ele>840.2</ele>
   </trkpt>
   <trkpt lat="40.6720280" lon="-3.0480450">
    <ele>839.8</ele>
   </trkpt>
   <trkpt lat="40.6720010" lon="-3.0480180">
    <ele>839.4</ele>
   </trkpt>
   <trkpt lat="40.6719630" lon="-3.0479980">
    <ele>839.0</ele>
   </trkpt>
   <trkpt lat="40.6719250" lon="-3.0479760">
    <ele>838.6</ele>
   </trkpt>
   <trkpt lat="40.6718790" lon="-3.0479470">
    <ele>838.2</ele>
   </trkpt>
   <trkpt lat="40.6718330" lon="-3.0479070">
    <ele>837.8</ele>
   </trkpt>
   <trkpt lat="40.6717830" lon="-3.0478580">
    <ele>837.2</ele>
   </trkpt>
   <trkpt lat="40.6717340" lon="-3.0478010">
    <ele>836.8</ele>
   </trkpt>
   <trkpt lat="40.6716840" lon="-3.0477400">
    <ele>836.4</ele>
   </trkpt>
   <trkpt lat="40.6716390" lon="-3.0476750">
    <ele>836.0</ele>
   </trkpt>
   <trkpt lat="40.6716000" lon="-3.0476070">
    <ele>835.8</ele>
   </trkpt>
   <trkpt lat="40.6715700" lon="-3.0475370">
    <ele>835.6</ele>
   </trkpt>
   <trkpt lat="40.6715390" lon="-3.0474760">
    <ele>835.6</ele>
   </trkpt>
   <trkpt lat="40.6715130" lon="-3.0474200">
    <ele>835.6</ele>
   </trkpt>
   <trkpt lat="40.6714820" lon="-3.0473680">
    <ele>835.6</ele>
   </trkpt>
   <trkpt lat="40.6714590" lon="-3.0473150">
    <ele>835.6</ele>
   </trkpt>
   <trkpt lat="40.6714320" lon="-3.0472720">
    <ele>835.6</ele>
   </trkpt>
   <trkpt lat="40.6714210" lon="-3.0472390">
    <ele>835.8</ele>
   </trkpt>
   <trkpt lat="40.6714250" lon="-3.0472240">
    <ele>835.8</ele>
   </trkpt>
   <trkpt lat="40.6714360" lon="-3.0472280">
    <ele>835.8</ele>
   </trkpt>
   <trkpt lat="40.6714400" lon="-3.0472440">
    <ele>835.8</ele>
   </trkpt>
   <trkpt lat="40.6714480" lon="-3.0472690">
    <ele>835.8</ele>
   </trkpt>
   <trkpt lat="40.6714550" lon="-3.0473010">
    <ele>835.8</ele>
   </trkpt>
   <trkpt lat="40.6714710" lon="-3.0473320">
    <ele>835.8</ele>
   </trkpt>
   <trkpt lat="40.6714860" lon="-3.0473680">
    <ele>835.8</ele>
   </trkpt>
   <trkpt lat="40.6715050" lon="-3.0474000">
    <ele>835.8</ele>
   </trkpt>
   <trkpt lat="40.6715200" lon="-3.0474240">
    <ele>835.8</ele>
   </trkpt>
   <trkpt lat="40.6715280" lon="-3.0474340">
    <ele>835.8</ele>
   </trkpt>
   <trkpt lat="40.6715320" lon="-3.0474370">
    <ele>835.8</ele>
   </trkpt>
   <trkpt lat="40.6715320" lon="-3.0474370">
    <ele>835.8</ele>
   </trkpt>
   <trkpt lat="40.6715320" lon="-3.0474370">
    <ele>835.8</ele>
   </trkpt>
   <trkpt lat="40.6715320" lon="-3.0474370">
    <ele>835.8</ele>
   </trkpt>
   <trkpt lat="40.6715320" lon="-3.0474370">
    <ele>835.8</ele>
   </trkpt>
   <trkpt lat="40.6715320" lon="-3.0474370">
    <ele>835.8</ele>
   </trkpt>
   <trkpt lat="40.6715050" lon="-3.0474200">
    <ele>835.8</ele>
   </trkpt>
   <trkpt lat="40.6714900" lon="-3.0473900">
    <ele>835.8</ele>
   </trkpt>
   <trkpt lat="40.6714710" lon="-3.0473560">
    <ele>835.8</ele>
   </trkpt>
   <trkpt lat="40.6714520" lon="-3.0473210">
    <ele>835.8</ele>
   </trkpt>
   <trkpt lat="40.6714400" lon="-3.0472840">
    <ele>835.8</ele>
   </trkpt>
   <trkpt lat="40.6714290" lon="-3.0472490">
    <ele>836.0</ele>
   </trkpt>
   <trkpt lat="40.6714250" lon="-3.0472180">
    <ele>836.0</ele>
   </trkpt>
   <trkpt lat="40.6714170" lon="-3.0471890">
    <ele>836.2</ele>
   </trkpt>
   <trkpt lat="40.6714130" lon="-3.0471700">
    <ele>836.2</ele>
   </trkpt>
   <trkpt lat="40.6714100" lon="-3.0471650">
    <ele>836.2</ele>
   </trkpt>
   <trkpt lat="40.6714100" lon="-3.0471650">
    <ele>836.2</ele>
   </trkpt>
   <trkpt lat="40.6714100" lon="-3.0471650">
    <ele>836.2</ele>
   </trkpt>
   <trkpt lat="40.6714100" lon="-3.0471650">
    <ele>836.4</ele>
   </trkpt>
   <trkpt lat="40.6714100" lon="-3.0471650">
    <ele>836.4</ele>
   </trkpt>
   <trkpt lat="40.6713980" lon="-3.0471530">
    <ele>836.4</ele>
   </trkpt>
   <trkpt lat="40.6713790" lon="-3.0471420">
    <ele>836.4</ele>
   </trkpt>
   <trkpt lat="40.6713600" lon="-3.0471260">
    <ele>836.4</ele>
   </trkpt>
   <trkpt lat="40.6713330" lon="-3.0471120">
    <ele>836.4</ele>
   </trkpt>
   <trkpt lat="40.6713070" lon="-3.0470930">
    <ele>836.4</ele>
   </trkpt>
   <trkpt lat="40.6712800" lon="-3.0470700">
    <ele>836.6</ele>
   </trkpt>
   <trkpt lat="40.6712490" lon="-3.0470490">
    <ele>836.6</ele>
   </trkpt>
   <trkpt lat="40.6712230" lon="-3.0470340">
    <ele>836.6</ele>
   </trkpt>
   <trkpt lat="40.6711880" lon="-3.0470190">
    <ele>836.8</ele>
   </trkpt>
   <trkpt lat="40.6711580" lon="-3.0470120">
    <ele>837.0</ele>
   </trkpt>
   <trkpt lat="40.6711270" lon="-3.0470160">
    <ele>837.2</ele>
   </trkpt>
   <trkpt lat="40.6710970" lon="-3.0470310">
    <ele>837.4</ele>
   </trkpt>
   <trkpt lat="40.6710820" lon="-3.0470520">
    <ele>837.6</ele>
   </trkpt>
   <trkpt lat="40.6710700" lon="-3.0470770">
    <ele>837.6</ele>
   </trkpt>
   <trkpt lat="40.6710590" lon="-3.0471010">
    <ele>837.6</ele>
   </trkpt>
   <trkpt lat="40.6710400" lon="-3.0471390">
    <ele>837.6</ele>
   </trkpt>
   <trkpt lat="40.6710240" lon="-3.0471720">
    <ele>837.6</ele>
   </trkpt>
   <trkpt lat="40.6710090" lon="-3.0471940">
    <ele>837.6</ele>
   </trkpt>
   <trkpt lat="40.6709900" lon="-3.0472080">
    <ele>837.6</ele>
   </trkpt>
   <trkpt lat="40.6709790" lon="-3.0472250">
    <ele>837.6</ele>
   </trkpt>
   <trkpt lat="40.6709590" lon="-3.0472500">
    <ele>837.4</ele>
   </trkpt>
   <trkpt lat="40.6709440" lon="-3.0472670">
    <ele>837.4</ele>
   </trkpt>
   <trkpt lat="40.6709210" lon="-3.0472770">
    <ele>837.6</ele>
   </trkpt>
   <trkpt lat="40.6708980" lon="-3.0472810">
    <ele>837.6</ele>
   </trkpt>
   <trkpt lat="40.6708720" lon="-3.0472770">
    <ele>837.6</ele>
   </trkpt>
   <trkpt lat="40.6708530" lon="-3.0472640">
    <ele>837.8</ele>
   </trkpt>
   <trkpt lat="40.6708220" lon="-3.0472470">
    <ele>837.8</ele>
   </trkpt>
   <trkpt lat="40.6707950" lon="-3.0472330">
    <ele>837.8</ele>
   </trkpt>
   <trkpt lat="40.6707650" lon="-3.0472250">
    <ele>838.0</ele>
   </trkpt>
   <trkpt lat="40.6707380" lon="-3.0472230">
    <ele>838.0</ele>
   </trkpt>
   <trkpt lat="40.6707110" lon="-3.0472370">
    <ele>837.8</ele>
   </trkpt>
   <trkpt lat="40.6706890" lon="-3.0472710">
    <ele>837.8</ele>
   </trkpt>
   <trkpt lat="40.6706660" lon="-3.0473130">
    <ele>837.6</ele>
   </trkpt>
   <trkpt lat="40.6706390" lon="-3.0473620">
    <ele>837.2</ele>
   </trkpt>
   <trkpt lat="40.6706090" lon="-3.0474140">
    <ele>837.0</ele>
   </trkpt>
   <trkpt lat="40.6705780" lon="-3.0474690">
    <ele>836.6</ele>
   </trkpt>
   <trkpt lat="40.6705470" lon="-3.0475180">
    <ele>836.2</ele>
   </trkpt>
   <trkpt lat="40.6705130" lon="-3.0475650">
    <ele>836.0</ele>
   </trkpt>
   <trkpt lat="40.6704710" lon="-3.0476090">
    <ele>835.8</ele>
   </trkpt>
   <trkpt lat="40.6704250" lon="-3.0476570">
    <ele>835.6</ele>
   </trkpt>
   <trkpt lat="40.6703870" lon="-3.0477020">
    <ele>835.4</ele>
   </trkpt>
   <trkpt lat="40.6703530" lon="-3.0477520">
    <ele>835.2</ele>
   </trkpt>
   <trkpt lat="40.6703220" lon="-3.0477970">
    <ele>835.2</ele>
   </trkpt>
   <trkpt lat="40.6702960" lon="-3.0478340">
    <ele>835.4</ele>
   </trkpt>
   <trkpt lat="40.6702770" lon="-3.0478660">
    <ele>835.4</ele>
   </trkpt>
   <trkpt lat="40.6702650" lon="-3.0478970">
    <ele>835.4</ele>
   </trkpt>
   <trkpt lat="40.6702500" lon="-3.0479250">
    <ele>835.6</ele>
   </trkpt>
   <trkpt lat="40.6702350" lon="-3.0479560">
    <ele>835.6</ele>
   </trkpt>
   <trkpt lat="40.6702190" lon="-3.0479930">
    <ele>835.6</ele>
   </trkpt>
   <trkpt lat="40.6702040" lon="-3.0480270">
    <ele>835.8</ele>
   </trkpt>
   <trkpt lat="40.6701850" lon="-3.0480630">
    <ele>835.8</ele>
   </trkpt>
   <trkpt lat="40.6701770" lon="-3.0480990">
    <ele>835.8</ele>
   </trkpt>
   <trkpt lat="40.6701700" lon="-3.0481350">
    <ele>835.6</ele>
   </trkpt>
   <trkpt lat="40.6701700" lon="-3.0481770">
    <ele>835.4</ele>
   </trkpt>
   <trkpt lat="40.6701740" lon="-3.0482240">
    <ele>835.4</ele>
   </trkpt>
   <trkpt lat="40.6701810" lon="-3.0482760">
    <ele>835.2</ele>
   </trkpt>
   <trkpt lat="40.6701810" lon="-3.0483380">
    <ele>835.0</ele>
   </trkpt>
   <trkpt lat="40.6701740" lon="-3.0483970">
    <ele>835.0</ele>
   </trkpt>
   <trkpt lat="40.6701620" lon="-3.0484430">
    <ele>835.0</ele>
   </trkpt>
   <trkpt lat="40.6701510" lon="-3.0484900">
    <ele>835.2</ele>
   </trkpt>
   <trkpt lat="40.6701430" lon="-3.0485370">
    <ele>835.4</ele>
   </trkpt>
   <trkpt lat="40.6701320" lon="-3.0485730">
    <ele>835.6</ele>
   </trkpt>
   <trkpt lat="40.6701240" lon="-3.0486120">
    <ele>835.8</ele>
   </trkpt>
   <trkpt lat="40.6701130" lon="-3.0486410">
    <ele>835.8</ele>
   </trkpt>
   <trkpt lat="40.6700940" lon="-3.0486750">
    <ele>835.6</ele>
   </trkpt>
   <trkpt lat="40.6700710" lon="-3.0487130">
    <ele>835.4</ele>
   </trkpt>
   <trkpt lat="40.6700440" lon="-3.0487530">
    <ele>835.2</ele>
   </trkpt>
   <trkpt lat="40.6700210" lon="-3.0487930">
    <ele>834.8</ele>
   </trkpt>
   <trkpt lat="40.6699980" lon="-3.0488390">
    <ele>834.4</ele>
   </trkpt>
   <trkpt lat="40.6699710" lon="-3.0488880">
    <ele>834.2</ele>
   </trkpt>
   <trkpt lat="40.6699560" lon="-3.0489430">
    <ele>833.8</ele>
   </trkpt>
   <trkpt lat="40.6699370" lon="-3.0490010">
    <ele>833.4</ele>
   </trkpt>
   <trkpt lat="40.6699220" lon="-3.0490580">
    <ele>833.4</ele>
   </trkpt>
   <trkpt lat="40.6699030" lon="-3.0491080">
    <ele>833.2</ele>
   </trkpt>
   <trkpt lat="40.6698800" lon="-3.0491530">
    <ele>833.0</ele>
   </trkpt>
   <trkpt lat="40.6698570" lon="-3.0491950">
    <ele>833.0</ele>
   </trkpt>
   <trkpt lat="40.6698380" lon="-3.0492400">
    <ele>832.8</ele>
   </trkpt>
   <trkpt lat="40.6698190" lon="-3.0492890">
    <ele>832.8</ele>
   </trkpt>
   <trkpt lat="40.6697960" lon="-3.0493350">
    <ele>832.8</ele>
   </trkpt>
   <trkpt lat="40.6697730" lon="-3.0493800">
    <ele>832.8</ele>
   </trkpt>
   <trkpt lat="40.6697500" lon="-3.0494270">
    <ele>832.6</ele>
   </trkpt>
   <trkpt lat="40.6697270" lon="-3.0494770">
    <ele>832.6</ele>
   </trkpt>
   <trkpt lat="40.6697080" lon="-3.0495210">
    <ele>832.6</ele>
   </trkpt>
   <trkpt lat="40.6696850" lon="-3.0495620">
    <ele>832.6</ele>
   </trkpt>
   <trkpt lat="40.6696700" lon="-3.0495950">
    <ele>832.6</ele>
   </trkpt>
   <trkpt lat="40.6696550" lon="-3.0496160">
    <ele>832.6</ele>
   </trkpt>
   <trkpt lat="40.6696400" lon="-3.0496350">
    <ele>832.6</ele>
   </trkpt>
   <trkpt lat="40.6696280" lon="-3.0496530">
    <ele>832.6</ele>
   </trkpt>
   <trkpt lat="40.6696200" lon="-3.0496690">
    <ele>832.6</ele>
   </trkpt>
   <trkpt lat="40.6696170" lon="-3.0496770">
    <ele>832.6</ele>
   </trkpt>
   <trkpt lat="40.6696130" lon="-3.0497100">
    <ele>832.4</ele>
   </trkpt>
   <trkpt lat="40.6696010" lon="-3.0497340">
    <ele>832.4</ele>
   </trkpt>
   <trkpt lat="40.6695900" lon="-3.0497640">
    <ele>832.4</ele>
   </trkpt>
   <trkpt lat="40.6695790" lon="-3.0497980">
    <ele>832.4</ele>
   </trkpt>
   <trkpt lat="40.6695630" lon="-3.0498310">
    <ele>832.4</ele>
   </trkpt>
   <trkpt lat="40.6695480" lon="-3.0498660">
    <ele>832.4</ele>
   </trkpt>
   <trkpt lat="40.6695370" lon="-3.0499060">
    <ele>832.4</ele>
   </trkpt>
   <trkpt lat="40.6695250" lon="-3.0499480">
    <ele>832.4</ele>
   </trkpt>
   <trkpt lat="40.6695100" lon="-3.0499920">
    <ele>832.2</ele>
   </trkpt>
   <trkpt lat="40.6695020" lon="-3.0500380">
    <ele>832.2</ele>
   </trkpt>
   <trkpt lat="40.6694870" lon="-3.0500860">
    <ele>832.2</ele>
   </trkpt>
   <trkpt lat="40.6694680" lon="-3.0501310">
    <ele>832.2</ele>
   </trkpt>
   <trkpt lat="40.6694490" lon="-3.0501660">
    <ele>832.2</ele>
   </trkpt>
   <trkpt lat="40.6694260" lon="-3.0502140">
    <ele>832.0</ele>
   </trkpt>
   <trkpt lat="40.6693990" lon="-3.0502710">
    <ele>832.0</ele>
   </trkpt>
   <trkpt lat="40.6693800" lon="-3.0503200">
    <ele>832.0</ele>
   </trkpt>
   <trkpt lat="40.6693570" lon="-3.0503720">
    <ele>831.8</ele>
   </trkpt>
   <trkpt lat="40.6693420" lon="-3.0504260">
    <ele>831.8</ele>
   </trkpt>
   <trkpt lat="40.6693340" lon="-3.0504790">
    <ele>831.8</ele>
   </trkpt>
   <trkpt lat="40.6693310" lon="-3.0505320">
    <ele>831.8</ele>
   </trkpt>
   <trkpt lat="40.6693340" lon="-3.0505850">
    <ele>831.6</ele>
   </trkpt>
   <trkpt lat="40.6693380" lon="-3.0506340">
    <ele>831.6</ele>
   </trkpt>
   <trkpt lat="40.6693500" lon="-3.0506850">
    <ele>831.6</ele>
   </trkpt>
   <trkpt lat="40.6693570" lon="-3.0507330">
    <ele>831.2</ele>
   </trkpt>
   <trkpt lat="40.6693530" lon="-3.0507740">
    <ele>831.2</ele>
   </trkpt>
   <trkpt lat="40.6693500" lon="-3.0508010">
    <ele>831.0</ele>
   </trkpt>
   <trkpt lat="40.6693380" lon="-3.0508140">
    <ele>830.8</ele>
   </trkpt>
   <trkpt lat="40.6693150" lon="-3.0508290">
    <ele>830.8</ele>
   </trkpt>
   <trkpt lat="40.6692920" lon="-3.0508440">
    <ele>830.6</ele>
   </trkpt>
   <trkpt lat="40.6692620" lon="-3.0508550">
    <ele>830.6</ele>
   </trkpt>
   <trkpt lat="40.6692350" lon="-3.0508630">
    <ele>830.6</ele>
   </trkpt>
   <trkpt lat="40.6692090" lon="-3.0508760">
    <ele>830.6</ele>
   </trkpt>
   <trkpt lat="40.6691890" lon="-3.0508930">
    <ele>830.6</ele>
   </trkpt>
   <trkpt lat="40.6691670" lon="-3.0509180">
    <ele>830.6</ele>
   </trkpt>
   <trkpt lat="40.6691400" lon="-3.0509420">
    <ele>830.6</ele>
   </trkpt>
   <trkpt lat="40.6691170" lon="-3.0509670">
    <ele>830.6</ele>
   </trkpt>
   <trkpt lat="40.6690900" lon="-3.0510000">
    <ele>830.6</ele>
   </trkpt>
   <trkpt lat="40.6690640" lon="-3.0510230">
    <ele>830.6</ele>
   </trkpt>
   <trkpt lat="40.6690330" lon="-3.0510430">
    <ele>830.6</ele>
   </trkpt>
   <trkpt lat="40.6690060" lon="-3.0510620">
    <ele>830.6</ele>
   </trkpt>
   <trkpt lat="40.6689680" lon="-3.0510830">
    <ele>830.6</ele>
   </trkpt>
   <trkpt lat="40.6689300" lon="-3.0511050">
    <ele>830.6</ele>
   </trkpt>
   <trkpt lat="40.6688960" lon="-3.0511270">
    <ele>830.6</ele>
   </trkpt>
   <trkpt lat="40.6688650" lon="-3.0511510">
    <ele>830.4</ele>
   </trkpt>
   <trkpt lat="40.6688350" lon="-3.0511770">
    <ele>830.4</ele>
   </trkpt>
   <trkpt lat="40.6687970" lon="-3.0512050">
    <ele>830.4</ele>
   </trkpt>
   <trkpt lat="40.6687580" lon="-3.0512340">
    <ele>830.4</ele>
   </trkpt>
   <trkpt lat="40.6687240" lon="-3.0512600">
    <ele>830.4</ele>
   </trkpt>
   <trkpt lat="40.6686900" lon="-3.0512900">
    <ele>830.2</ele>
   </trkpt>
   <trkpt lat="40.6686550" lon="-3.0513170">
    <ele>830.2</ele>
   </trkpt>
   <trkpt lat="40.6686250" lon="-3.0513490">
    <ele>830.2</ele>
   </trkpt>
   <trkpt lat="40.6685910" lon="-3.0513770">
    <ele>830.0</ele>
   </trkpt>
   <trkpt lat="40.6685600" lon="-3.0514110">
    <ele>830.0</ele>
   </trkpt>
   <trkpt lat="40.6685290" lon="-3.0514420">
    <ele>830.0</ele>
   </trkpt>
   <trkpt lat="40.6684990" lon="-3.0514740">
    <ele>830.0</ele>
   </trkpt>
   <trkpt lat="40.6684680" lon="-3.0515060">
    <ele>830.0</ele>
   </trkpt>
   <trkpt lat="40.6684380" lon="-3.0515350">
    <ele>830.0</ele>
   </trkpt>
   <trkpt lat="40.6684070" lon="-3.0515610">
    <ele>829.8</ele>
   </trkpt>
   <trkpt lat="40.6683730" lon="-3.0515830">
    <ele>829.8</ele>
   </trkpt>
   <trkpt lat="40.6683460" lon="-3.0516020">
    <ele>829.8</ele>
   </trkpt>
   <trkpt lat="40.6683200" lon="-3.0516230">
    <ele>829.8</ele>
   </trkpt>
   <trkpt lat="40.6682890" lon="-3.0516410">
    <ele>829.8</ele>
   </trkpt>
   <trkpt lat="40.6682590" lon="-3.0516600">
    <ele>829.8</ele>
   </trkpt>
   <trkpt lat="40.6682240" lon="-3.0516800">
    <ele>829.8</ele>
   </trkpt>
   <trkpt lat="40.6681980" lon="-3.0516970">
    <ele>829.8</ele>
   </trkpt>
   <trkpt lat="40.6681630" lon="-3.0517210">
    <ele>829.8</ele>
   </trkpt>
   <trkpt lat="40.6681400" lon="-3.0517380">
    <ele>829.8</ele>
   </trkpt>
   <trkpt lat="40.6681180" lon="-3.0517560">
    <ele>829.8</ele>
   </trkpt>
   <trkpt lat="40.6680950" lon="-3.0517750">
    <ele>829.8</ele>
   </trkpt>
   <trkpt lat="40.6680760" lon="-3.0517890">
    <ele>829.8</ele>
   </trkpt>
   <trkpt lat="40.6680570" lon="-3.0518030">
    <ele>829.8</ele>
   </trkpt>
   <trkpt lat="40.6680410" lon="-3.0518180">
    <ele>829.8</ele>
   </trkpt>
   <trkpt lat="40.6680220" lon="-3.0518370">
    <ele>829.8</ele>
   </trkpt>
   <trkpt lat="40.6680030" lon="-3.0518560">
    <ele>829.8</ele>
   </trkpt>
   <trkpt lat="40.6679880" lon="-3.0518700">
    <ele>829.8</ele>
   </trkpt>
   <trkpt lat="40.6679610" lon="-3.0518870">
    <ele>829.8</ele>
   </trkpt>
   <trkpt lat="40.6679380" lon="-3.0519010">
    <ele>829.8</ele>
   </trkpt>
   <trkpt lat="40.6679150" lon="-3.0519120">
    <ele>829.8</ele>
   </trkpt>
   <trkpt lat="40.6679000" lon="-3.0519230">
    <ele>829.8</ele>
   </trkpt>
   <trkpt lat="40.6678810" lon="-3.0519360">
    <ele>829.8</ele>
   </trkpt>
   <trkpt lat="40.6678580" lon="-3.0519510">
    <ele>829.8</ele>
   </trkpt>
   <trkpt lat="40.6678350" lon="-3.0519630">
    <ele>829.8</ele>
   </trkpt>
   <trkpt lat="40.6678160" lon="-3.0519800">
    <ele>829.8</ele>
   </trkpt>
   <trkpt lat="40.6677930" lon="-3.0519960">
    <ele>829.8</ele>
   </trkpt>
   <trkpt lat="40.6677670" lon="-3.0520110">
    <ele>829.8</ele>
   </trkpt>
   <trkpt lat="40.6677400" lon="-3.0520300">
    <ele>829.8</ele>
   </trkpt>
   <trkpt lat="40.6676980" lon="-3.0520530">
    <ele>830.0</ele>
   </trkpt>
   <trkpt lat="40.6676710" lon="-3.0520750">
    <ele>830.0</ele>
   </trkpt>
   <trkpt lat="40.6676440" lon="-3.0520920">
    <ele>830.2</ele>
   </trkpt>
   <trkpt lat="40.6676140" lon="-3.0521040">
    <ele>830.2</ele>
   </trkpt>
   <trkpt lat="40.6675800" lon="-3.0521150">
    <ele>830.4</ele>
   </trkpt>
   <trkpt lat="40.6675450" lon="-3.0521150">
    <ele>830.4</ele>
   </trkpt>
   <trkpt lat="40.6675150" lon="-3.0521200">
    <ele>830.6</ele>
   </trkpt>
   <trkpt lat="40.6674800" lon="-3.0521220">
    <ele>830.8</ele>
   </trkpt>
   <trkpt lat="40.6674500" lon="-3.0521270">
    <ele>831.0</ele>
   </trkpt>
   <trkpt lat="40.6674190" lon="-3.0521340">
    <ele>831.2</ele>
   </trkpt>
   <trkpt lat="40.6673930" lon="-3.0521440">
    <ele>831.4</ele>
   </trkpt>
   <trkpt lat="40.6673660" lon="-3.0521580">
    <ele>831.8</ele>
   </trkpt>
   <trkpt lat="40.6673430" lon="-3.0521730">
    <ele>832.0</ele>
   </trkpt>
   <trkpt lat="40.6673200" lon="-3.0521880">
    <ele>832.0</ele>
   </trkpt>
   <trkpt lat="40.6673010" lon="-3.0522010">
    <ele>832.2</ele>
   </trkpt>
   <trkpt lat="40.6672820" lon="-3.0522140">
    <ele>832.2</ele>
   </trkpt>
   <trkpt lat="40.6672550" lon="-3.0522240">
    <ele>832.0</ele>
   </trkpt>
   <trkpt lat="40.6672290" lon="-3.0522360">
    <ele>831.8</ele>
   </trkpt>
   <trkpt lat="40.6671940" lon="-3.0522530">
    <ele>831.4</ele>
   </trkpt>
   <trkpt lat="40.6671410" lon="-3.0522770">
    <ele>831.0</ele>
   </trkpt>
   <trkpt lat="40.6670910" lon="-3.0523060">
    <ele>830.8</ele>
   </trkpt>
   <trkpt lat="40.6670420" lon="-3.0523360">
    <ele>830.6</ele>
   </trkpt>
   <trkpt lat="40.6669920" lon="-3.0523700">
    <ele>830.4</ele>
   </trkpt>
   <trkpt lat="40.6669430" lon="-3.0524080">
    <ele>830.2</ele>
   </trkpt>
   <trkpt lat="40.6668970" lon="-3.0524440">
    <ele>830.2</ele>
   </trkpt>
   <trkpt lat="40.6668590" lon="-3.0524830">
    <ele>830.0</ele>
   </trkpt>
   <trkpt lat="40.6668130" lon="-3.0525180">
    <ele>829.8</ele>
   </trkpt>
   <trkpt lat="40.6667670" lon="-3.0525560">
    <ele>829.6</ele>
   </trkpt>
   <trkpt lat="40.6667210" lon="-3.0525870">
    <ele>829.4</ele>
   </trkpt>
   <trkpt lat="40.6666790" lon="-3.0526190">
    <ele>829.2</ele>
   </trkpt>
   <trkpt lat="40.6666410" lon="-3.0526500">
    <ele>829.0</ele>
   </trkpt>
   <trkpt lat="40.6666110" lon="-3.0526760">
    <ele>829.0</ele>
   </trkpt>
   <trkpt lat="40.6665610" lon="-3.0527120">
    <ele>828.8</ele>
   </trkpt>
   <trkpt lat="40.6665230" lon="-3.0527380">
    <ele>828.6</ele>
   </trkpt>
   <trkpt lat="40.6664770" lon="-3.0527560">
    <ele>828.6</ele>
   </trkpt>
   <trkpt lat="40.6664390" lon="-3.0527710">
    <ele>828.6</ele>
   </trkpt>
   <trkpt lat="40.6664050" lon="-3.0527840">
    <ele>828.6</ele>
   </trkpt>
   <trkpt lat="40.6663740" lon="-3.0527920">
    <ele>828.8</ele>
   </trkpt>
   <trkpt lat="40.6663440" lon="-3.0528020">
    <ele>828.8</ele>
   </trkpt>
   <trkpt lat="40.6663090" lon="-3.0528100">
    <ele>828.8</ele>
   </trkpt>
   <trkpt lat="40.6662790" lon="-3.0528190">
    <ele>828.8</ele>
   </trkpt>
   <trkpt lat="40.6662480" lon="-3.0528280">
    <ele>828.6</ele>
   </trkpt>
   <trkpt lat="40.6661990" lon="-3.0528450">
    <ele>828.6</ele>
   </trkpt>
   <trkpt lat="40.6661530" lon="-3.0528610">
    <ele>828.6</ele>
   </trkpt>
   <trkpt lat="40.6661110" lon="-3.0528800">
    <ele>828.6</ele>
   </trkpt>
   <trkpt lat="40.6660730" lon="-3.0528960">
    <ele>828.6</ele>
   </trkpt>
   <trkpt lat="40.6660350" lon="-3.0529130">
    <ele>828.8</ele>
   </trkpt>
   <trkpt lat="40.6659970" lon="-3.0529280">
    <ele>828.8</ele>
   </trkpt>
   <trkpt lat="40.6659580" lon="-3.0529370">
    <ele>828.8</ele>
   </trkpt>
   <trkpt lat="40.6659160" lon="-3.0529430">
    <ele>828.8</ele>
   </trkpt>
   <trkpt lat="40.6658820" lon="-3.0529450">
    <ele>828.8</ele>
   </trkpt>
   <trkpt lat="40.6658330" lon="-3.0529430">
    <ele>828.8</ele>
   </trkpt>
   <trkpt lat="40.6657910" lon="-3.0529390">
    <ele>828.8</ele>
   </trkpt>
   <trkpt lat="40.6657450" lon="-3.0529350">
    <ele>828.8</ele>
   </trkpt>
   <trkpt lat="40.6657070" lon="-3.0529310">
    <ele>828.8</ele>
   </trkpt>
   <trkpt lat="40.6656690" lon="-3.0529250">
    <ele>828.8</ele>
   </trkpt>
   <trkpt lat="40.6656300" lon="-3.0529180">
    <ele>828.8</ele>
   </trkpt>
   <trkpt lat="40.6655960" lon="-3.0529200">
    <ele>828.8</ele>
   </trkpt>
   <trkpt lat="40.6655650" lon="-3.0529250">
    <ele>828.8</ele>
   </trkpt>
   <trkpt lat="40.6655310" lon="-3.0529270">
    <ele>828.8</ele>
   </trkpt>
   <trkpt lat="40.6654970" lon="-3.0529290">
    <ele>828.8</ele>
   </trkpt>
   <trkpt lat="40.6654620" lon="-3.0529300">
    <ele>828.8</ele>
   </trkpt>
   <trkpt lat="40.6654240" lon="-3.0529280">
    <ele>828.8</ele>
   </trkpt>
   <trkpt lat="40.6653860" lon="-3.0529270">
    <ele>828.8</ele>
   </trkpt>
   <trkpt lat="40.6653480" lon="-3.0529250">
    <ele>828.8</ele>
   </trkpt>
   <trkpt lat="40.6653140" lon="-3.0529230">
    <ele>828.6</ele>
   </trkpt>
   <trkpt lat="40.6652720" lon="-3.0529240">
    <ele>828.6</ele>
   </trkpt>
   <trkpt lat="40.6652370" lon="-3.0529260">
    <ele>828.4</ele>
   </trkpt>
   <trkpt lat="40.6651880" lon="-3.0529370">
    <ele>828.4</ele>
   </trkpt>
   <trkpt lat="40.6651540" lon="-3.0529510">
    <ele>828.4</ele>
   </trkpt>
   <trkpt lat="40.6651190" lon="-3.0529610">
    <ele>828.2</ele>
   </trkpt>
   <trkpt lat="40.6650850" lon="-3.0529740">
    <ele>828.2</ele>
   </trkpt>
   <trkpt lat="40.6650540" lon="-3.0529890">
    <ele>828.2</ele>
   </trkpt>
   <trkpt lat="40.6650200" lon="-3.0530040">
    <ele>828.2</ele>
   </trkpt>
   <trkpt lat="40.6649740" lon="-3.0530230">
    <ele>828.2</ele>
   </trkpt>
   <trkpt lat="40.6649360" lon="-3.0530390">
    <ele>828.2</ele>
   </trkpt>
   <trkpt lat="40.6648980" lon="-3.0530530">
    <ele>828.2</ele>
   </trkpt>
   <trkpt lat="40.6648560" lon="-3.0530700">
    <ele>828.2</ele>
   </trkpt>
   <trkpt lat="40.6648140" lon="-3.0530880">
    <ele>828.2</ele>
   </trkpt>
   <trkpt lat="40.6647680" lon="-3.0531050">
    <ele>828.4</ele>
   </trkpt>
   <trkpt lat="40.6647220" lon="-3.0531210">
    <ele>828.4</ele>
   </trkpt>
   <trkpt lat="40.6646730" lon="-3.0531390">
    <ele>828.4</ele>
   </trkpt>
   <trkpt lat="40.6646310" lon="-3.0531480">
    <ele>828.6</ele>
   </trkpt>
   <trkpt lat="40.6645850" lon="-3.0531470">
    <ele>828.6</ele>
   </trkpt>
   <trkpt lat="40.6645390" lon="-3.0531520">
    <ele>828.6</ele>
   </trkpt>
   <trkpt lat="40.6645010" lon="-3.0531510">
    <ele>828.6</ele>
   </trkpt>
   <trkpt lat="40.6644550" lon="-3.0531500">
    <ele>828.6</ele>
   </trkpt>
   <trkpt lat="40.6644170" lon="-3.0531470">
    <ele>828.4</ele>
   </trkpt>
   <trkpt lat="40.6643830" lon="-3.0531450">
    <ele>828.4</ele>
   </trkpt>
   <trkpt lat="40.6643290" lon="-3.0531540">
    <ele>828.2</ele>
   </trkpt>
   <trkpt lat="40.6642760" lon="-3.0531690">
    <ele>828.2</ele>
   </trkpt>
   <trkpt lat="40.6642340" lon="-3.0531850">
    <ele>828.0</ele>
   </trkpt>
   <trkpt lat="40.6641690" lon="-3.0532080">
    <ele>828.0</ele>
   </trkpt>
   <trkpt lat="40.6641160" lon="-3.0532260">
    <ele>827.8</ele>
   </trkpt>
   <trkpt lat="40.6640620" lon="-3.0532410">
    <ele>827.8</ele>
   </trkpt>
   <trkpt lat="40.6640210" lon="-3.0532570">
    <ele>827.6</ele>
   </trkpt>
   <trkpt lat="40.6639710" lon="-3.0532820">
    <ele>827.6</ele>
   </trkpt>
   <trkpt lat="40.6639180" lon="-3.0533200">
    <ele>827.6</ele>
   </trkpt>
   <trkpt lat="40.6638640" lon="-3.0533570">
    <ele>827.6</ele>
   </trkpt>
   <trkpt lat="40.6638110" lon="-3.0533800">
    <ele>827.6</ele>
   </trkpt>
   <trkpt lat="40.6637530" lon="-3.0533980">
    <ele>827.6</ele>
   </trkpt>
   <trkpt lat="40.6637110" lon="-3.0534130">
    <ele>827.6</ele>
   </trkpt>
   <trkpt lat="40.6636500" lon="-3.0534350">
    <ele>827.4</ele>
   </trkpt>
   <trkpt lat="40.6635970" lon="-3.0534550">
    <ele>827.4</ele>
   </trkpt>
   <trkpt lat="40.6635470" lon="-3.0534800">
    <ele>827.4</ele>
   </trkpt>
   <trkpt lat="40.6635060" lon="-3.0535040">
    <ele>827.6</ele>
   </trkpt>
   <trkpt lat="40.6634450" lon="-3.0535390">
    <ele>827.6</ele>
   </trkpt>
   <trkpt lat="40.6633990" lon="-3.0535750">
    <ele>827.6</ele>
   </trkpt>
   <trkpt lat="40.6633530" lon="-3.0536110">
    <ele>827.6</ele>
   </trkpt>
   <trkpt lat="40.6633030" lon="-3.0536440">
    <ele>827.6</ele>
   </trkpt>
   <trkpt lat="40.6632580" lon="-3.0536790">
    <ele>827.6</ele>
   </trkpt>
   <trkpt lat="40.6632120" lon="-3.0537160">
    <ele>827.6</ele>
   </trkpt>
   <trkpt lat="40.6631660" lon="-3.0537560">
    <ele>827.6</ele>
   </trkpt>
   <trkpt lat="40.6631160" lon="-3.0537960">
    <ele>827.6</ele>
   </trkpt>
   <trkpt lat="40.6630820" lon="-3.0538300">
    <ele>827.6</ele>
   </trkpt>
   <trkpt lat="40.6630320" lon="-3.0538800">
    <ele>827.6</ele>
   </trkpt>
   <trkpt lat="40.6629910" lon="-3.0539200">
    <ele>827.8</ele>
   </trkpt>
   <trkpt lat="40.6629520" lon="-3.0539590">
    <ele>827.8</ele>
   </trkpt>
   <trkpt lat="40.6629220" lon="-3.0539850">
    <ele>828.0</ele>
   </trkpt>
   <trkpt lat="40.6628800" lon="-3.0540180">
    <ele>828.2</ele>
   </trkpt>
   <trkpt lat="40.6628380" lon="-3.0540520">
    <ele>828.4</ele>
   </trkpt>
   <trkpt lat="40.6627960" lon="-3.0540810">
    <ele>828.6</ele>
   </trkpt>
   <trkpt lat="40.6627620" lon="-3.0541120">
    <ele>828.8</ele>
   </trkpt>
   <trkpt lat="40.6627240" lon="-3.0541420">
    <ele>829.0</ele>
   </trkpt>
   <trkpt lat="40.6626930" lon="-3.0541640">
    <ele>829.2</ele>
   </trkpt>
   <trkpt lat="40.6626510" lon="-3.0541950">
    <ele>829.4</ele>
   </trkpt>
   <trkpt lat="40.6626170" lon="-3.0542160">
    <ele>829.4</ele>
   </trkpt>
   <trkpt lat="40.6625790" lon="-3.0542360">
    <ele>829.6</ele>
   </trkpt>
   <trkpt lat="40.6625440" lon="-3.0542560">
    <ele>829.8</ele>
   </trkpt>
   <trkpt lat="40.6625170" lon="-3.0542700">
    <ele>829.8</ele>
   </trkpt>
   <trkpt lat="40.6624720" lon="-3.0542900">
    <ele>830.0</ele>
   </trkpt>
   <trkpt lat="40.6624340" lon="-3.0543060">
    <ele>830.0</ele>
   </trkpt>
   <trkpt lat="40.6623990" lon="-3.0543210">
    <ele>830.2</ele>
   </trkpt>
   <trkpt lat="40.6623610" lon="-3.0543360">
    <ele>830.2</ele>
   </trkpt>
   <trkpt lat="40.6623230" lon="-3.0543470">
    <ele>830.2</ele>
   </trkpt>
   <trkpt lat="40.6622810" lon="-3.0543610">
    <ele>830.2</ele>
   </trkpt>
   <trkpt lat="40.6622430" lon="-3.0543790">
    <ele>830.2</ele>
   </trkpt>
   <trkpt lat="40.6622120" lon="-3.0543950">
    <ele>830.2</ele>
   </trkpt>
   <trkpt lat="40.6621700" lon="-3.0544140">
    <ele>830.0</ele>
   </trkpt>
   <trkpt lat="40.6621170" lon="-3.0544380">
    <ele>829.8</ele>
   </trkpt>
   <trkpt lat="40.6620710" lon="-3.0544550">
    <ele>829.8</ele>
   </trkpt>
   <trkpt lat="40.6620250" lon="-3.0544730">
    <ele>829.6</ele>
   </trkpt>
   <trkpt lat="40.6619720" lon="-3.0544930">
    <ele>829.6</ele>
   </trkpt>
   <trkpt lat="40.6619260" lon="-3.0545150">
    <ele>829.4</ele>
   </trkpt>
   <trkpt lat="40.6618800" lon="-3.0545370">
    <ele>829.4</ele>
   </trkpt>
   <trkpt lat="40.6618310" lon="-3.0545590">
    <ele>829.4</ele>
   </trkpt>
   <trkpt lat="40.6617930" lon="-3.0545730">
    <ele>829.6</ele>
   </trkpt>
   <trkpt lat="40.6617430" lon="-3.0545890">
    <ele>829.8</ele>
   </trkpt>
   <trkpt lat="40.6616860" lon="-3.0545990">
    <ele>830.0</ele>
   </trkpt>
   <trkpt lat="40.6616440" lon="-3.0546070">
    <ele>830.2</ele>
   </trkpt>
   <trkpt lat="40.6616060" lon="-3.0546080">
    <ele>830.4</ele>
   </trkpt>
   <trkpt lat="40.6615640" lon="-3.0546100">
    <ele>830.6</ele>
   </trkpt>
   <trkpt lat="40.6615300" lon="-3.0546100">
    <ele>830.8</ele>
   </trkpt>
   <trkpt lat="40.6614910" lon="-3.0546140">
    <ele>831.2</ele>
   </trkpt>
   <trkpt lat="40.6614570" lon="-3.0546170">
    <ele>831.4</ele>
   </trkpt>
   <trkpt lat="40.6614300" lon="-3.0546200">
    <ele>831.6</ele>
   </trkpt>
   <trkpt lat="40.6613960" lon="-3.0546240">
    <ele>831.8</ele>
   </trkpt>
   <trkpt lat="40.6613580" lon="-3.0546300">
    <ele>832.0</ele>
   </trkpt>
   <trkpt lat="40.6613230" lon="-3.0546280">
    <ele>832.2</ele>
   </trkpt>
   <trkpt lat="40.6612930" lon="-3.0546300">
    <ele>832.4</ele>
   </trkpt>
   <trkpt lat="40.6612660" lon="-3.0546340">
    <ele>832.6</ele>
   </trkpt>
   <trkpt lat="40.6612400" lon="-3.0546400">
    <ele>832.8</ele>
   </trkpt>
   <trkpt lat="40.6612090" lon="-3.0546440">
    <ele>833.0</ele>
   </trkpt>
   <trkpt lat="40.6611710" lon="-3.0546480">
    <ele>833.2</ele>
   </trkpt>
   <trkpt lat="40.6611400" lon="-3.0546480">
    <ele>833.4</ele>
   </trkpt>
   <trkpt lat="40.6611140" lon="-3.0546500">
    <ele>833.6</ele>
   </trkpt>
   <trkpt lat="40.6610830" lon="-3.0546480">
    <ele>833.6</ele>
   </trkpt>
   <trkpt lat="40.6610490" lon="-3.0546460">
    <ele>833.8</ele>
   </trkpt>
   <trkpt lat="40.6610260" lon="-3.0546450">
    <ele>833.6</ele>
   </trkpt>
   <trkpt lat="40.6609960" lon="-3.0546470">
    <ele>833.4</ele>
   </trkpt>
   <trkpt lat="40.6609650" lon="-3.0546470">
    <ele>833.2</ele>
   </trkpt>
   <trkpt lat="40.6609310" lon="-3.0546470">
    <ele>832.8</ele>
   </trkpt>
   <trkpt lat="40.6608700" lon="-3.0546540">
    <ele>832.4</ele>
   </trkpt>
   <trkpt lat="40.6608010" lon="-3.0546620">
    <ele>832.0</ele>
   </trkpt>
   <trkpt lat="40.6607360" lon="-3.0546670">
    <ele>831.6</ele>
   </trkpt>
   <trkpt lat="40.6606830" lon="-3.0546670">
    <ele>831.2</ele>
   </trkpt>
   <trkpt lat="40.6606060" lon="-3.0546630">
    <ele>830.8</ele>
   </trkpt>
   <trkpt lat="40.6605380" lon="-3.0546600">
    <ele>830.4</ele>
   </trkpt>
   <trkpt lat="40.6604730" lon="-3.0546640">
    <ele>830.0</ele>
   </trkpt>
   <trkpt lat="40.6604160" lon="-3.0546670">
    <ele>829.6</ele>
   </trkpt>
   <trkpt lat="40.6603430" lon="-3.0546680">
    <ele>829.2</ele>
   </trkpt>
   <trkpt lat="40.6602590" lon="-3.0546590">
    <ele>829.0</ele>
   </trkpt>
   <trkpt lat="40.6601910" lon="-3.0546480">
    <ele>828.8</ele>
   </trkpt>
   <trkpt lat="40.6601220" lon="-3.0546410">
    <ele>828.6</ele>
   </trkpt>
   <trkpt lat="40.6600570" lon="-3.0546350">
    <ele>828.4</ele>
   </trkpt>
   <trkpt lat="40.6600070" lon="-3.0546330">
    <ele>828.4</ele>
   </trkpt>
   <trkpt lat="40.6599500" lon="-3.0546220">
    <ele>828.4</ele>
   </trkpt>
   <trkpt lat="40.6598850" lon="-3.0546050">
    <ele>828.2</ele>
   </trkpt>
   <trkpt lat="40.6598470" lon="-3.0545950">
    <ele>828.2</ele>
   </trkpt>
   <trkpt lat="40.6597980" lon="-3.0545800">
    <ele>828.0</ele>
   </trkpt>
   <trkpt lat="40.6597400" lon="-3.0545670">
    <ele>827.6</ele>
   </trkpt>
   <trkpt lat="40.6596950" lon="-3.0545650">
    <ele>827.4</ele>
   </trkpt>
   <trkpt lat="40.6596530" lon="-3.0545580">
    <ele>827.0</ele>
   </trkpt>
   <trkpt lat="40.6595990" lon="-3.0545530">
    <ele>826.6</ele>
   </trkpt>
   <trkpt lat="40.6595270" lon="-3.0545440">
    <ele>826.0</ele>
   </trkpt>
   <trkpt lat="40.6594390" lon="-3.0545520">
    <ele>825.4</ele>
   </trkpt>
   <trkpt lat="40.6593510" lon="-3.0545580">
    <ele>824.6</ele>
   </trkpt>
   <trkpt lat="40.6592670" lon="-3.0545800">
    <ele>823.8</ele>
   </trkpt>
   <trkpt lat="40.6591870" lon="-3.0545970">
    <ele>823.0</ele>
   </trkpt>
   <trkpt lat="40.6591030" lon="-3.0546020">
    <ele>822.4</ele>
   </trkpt>
   <trkpt lat="40.6590270" lon="-3.0546000">
    <ele>822.0</ele>
   </trkpt>
   <trkpt lat="40.6589430" lon="-3.0545960">
    <ele>821.6</ele>
   </trkpt>
   <trkpt lat="40.6588740" lon="-3.0545900">
    <ele>821.2</ele>
   </trkpt>
   <trkpt lat="40.6587940" lon="-3.0545710">
    <ele>820.8</ele>
   </trkpt>
   <trkpt lat="40.6587070" lon="-3.0545420">
    <ele>820.6</ele>
   </trkpt>
   <trkpt lat="40.6586380" lon="-3.0545230">
    <ele>820.4</ele>
   </trkpt>
   <trkpt lat="40.6585620" lon="-3.0545120">
    <ele>820.2</ele>
   </trkpt>
   <trkpt lat="40.6584890" lon="-3.0545090">
    <ele>820.0</ele>
   </trkpt>
   <trkpt lat="40.6584320" lon="-3.0545160">
    <ele>820.0</ele>
   </trkpt>
   <trkpt lat="40.6583520" lon="-3.0545360">
    <ele>820.0</ele>
   </trkpt>
   <trkpt lat="40.6582910" lon="-3.0545560">
    <ele>820.0</ele>
   </trkpt>
   <trkpt lat="40.6582300" lon="-3.0545690">
    <ele>820.2</ele>
   </trkpt>
   <trkpt lat="40.6581730" lon="-3.0545740">
    <ele>820.0</ele>
   </trkpt>
   <trkpt lat="40.6581230" lon="-3.0545670">
    <ele>820.0</ele>
   </trkpt>
   <trkpt lat="40.6580540" lon="-3.0545490">
    <ele>820.0</ele>
   </trkpt>
   <trkpt lat="40.6580010" lon="-3.0545280">
    <ele>819.8</ele>
   </trkpt>
   <trkpt lat="40.6579510" lon="-3.0544980">
    <ele>819.8</ele>
   </trkpt>
   <trkpt lat="40.6578980" lon="-3.0544630">
    <ele>819.6</ele>
   </trkpt>
   <trkpt lat="40.6578410" lon="-3.0544320">
    <ele>819.4</ele>
   </trkpt>
   <trkpt lat="40.6577830" lon="-3.0544110">
    <ele>819.2</ele>
   </trkpt>
   <trkpt lat="40.6577300" lon="-3.0543980">
    <ele>819.2</ele>
   </trkpt>
   <trkpt lat="40.6576770" lon="-3.0543880">
    <ele>819.2</ele>
   </trkpt>
   <trkpt lat="40.6576270" lon="-3.0543780">
    <ele>819.2</ele>
   </trkpt>
   <trkpt lat="40.6575700" lon="-3.0543690">
    <ele>819.2</ele>
   </trkpt>
   <trkpt lat="40.6575160" lon="-3.0543590">
    <ele>819.0</ele>
   </trkpt>
   <trkpt lat="40.6574630" lon="-3.0543490">
    <ele>818.8</ele>
   </trkpt>
   <trkpt lat="40.6574100" lon="-3.0543360">
    <ele>818.6</ele>
   </trkpt>
   <trkpt lat="40.6573490" lon="-3.0543260">
    <ele>818.4</ele>
   </trkpt>
   <trkpt lat="40.6572880" lon="-3.0543160">
    <ele>818.2</ele>
   </trkpt>
   <trkpt lat="40.6572270" lon="-3.0543040">
    <ele>818.0</ele>
   </trkpt>
   <trkpt lat="40.6571650" lon="-3.0542910">
    <ele>817.8</ele>
   </trkpt>
   <trkpt lat="40.6571040" lon="-3.0542750">
    <ele>817.4</ele>
   </trkpt>
   <trkpt lat="40.6570400" lon="-3.0542570">
    <ele>817.2</ele>
   </trkpt>
   <trkpt lat="40.6569750" lon="-3.0542400">
    <ele>816.8</ele>
   </trkpt>
   <trkpt lat="40.6569060" lon="-3.0542260">
    <ele>816.4</ele>
   </trkpt>
   <trkpt lat="40.6568410" lon="-3.0542120">
    <ele>816.2</ele>
   </trkpt>
   <trkpt lat="40.6567760" lon="-3.0541960">
    <ele>815.8</ele>
   </trkpt>
   <trkpt lat="40.6567120" lon="-3.0541810">
    <ele>815.6</ele>
   </trkpt>
   <trkpt lat="40.6566500" lon="-3.0541660">
    <ele>815.4</ele>
   </trkpt>
   <trkpt lat="40.6565930" lon="-3.0541510">
    <ele>815.2</ele>
   </trkpt>
   <trkpt lat="40.6565360" lon="-3.0541360">
    <ele>814.8</ele>
   </trkpt>
   <trkpt lat="40.6564830" lon="-3.0541170">
    <ele>814.6</ele>
   </trkpt>
   <trkpt lat="40.6564220" lon="-3.0541010">
    <ele>814.4</ele>
   </trkpt>
   <trkpt lat="40.6563610" lon="-3.0540840">
    <ele>814.2</ele>
   </trkpt>
   <trkpt lat="40.6563000" lon="-3.0540680">
    <ele>814.0</ele>
   </trkpt>
   <trkpt lat="40.6562350" lon="-3.0540480">
    <ele>813.8</ele>
   </trkpt>
   <trkpt lat="40.6561740" lon="-3.0540230">
    <ele>813.6</ele>
   </trkpt>
   <trkpt lat="40.6561130" lon="-3.0539960">
    <ele>813.6</ele>
   </trkpt>
   <trkpt lat="40.6560590" lon="-3.0539680">
    <ele>813.4</ele>
   </trkpt>
   <trkpt lat="40.6560020" lon="-3.0539410">
    <ele>813.4</ele>
   </trkpt>
   <trkpt lat="40.6559490" lon="-3.0539150">
    <ele>813.2</ele>
   </trkpt>
   <trkpt lat="40.6558990" lon="-3.0538880">
    <ele>813.2</ele>
   </trkpt>
   <trkpt lat="40.6558420" lon="-3.0538580">
    <ele>813.2</ele>
   </trkpt>
   <trkpt lat="40.6557880" lon="-3.0538310">
    <ele>813.2</ele>
   </trkpt>
   <trkpt lat="40.6557350" lon="-3.0538050">
    <ele>813.2</ele>
   </trkpt>
   <trkpt lat="40.6556780" lon="-3.0537800">
    <ele>813.0</ele>
   </trkpt>
   <trkpt lat="40.6556170" lon="-3.0537600">
    <ele>813.0</ele>
   </trkpt>
   <trkpt lat="40.6555600" lon="-3.0537430">
    <ele>813.0</ele>
   </trkpt>
   <trkpt lat="40.6555060" lon="-3.0537330">
    <ele>813.0</ele>
   </trkpt>
   <trkpt lat="40.6554530" lon="-3.0537240">
    <ele>813.0</ele>
   </trkpt>
   <trkpt lat="40.6553990" lon="-3.0537160">
    <ele>813.0</ele>
   </trkpt>
   <trkpt lat="40.6553420" lon="-3.0537060">
    <ele>813.0</ele>
   </trkpt>
   <trkpt lat="40.6552890" lon="-3.0537030">
    <ele>813.0</ele>
   </trkpt>
   <trkpt lat="40.6552350" lon="-3.0537010">
    <ele>813.0</ele>
   </trkpt>
   <trkpt lat="40.6551820" lon="-3.0536990">
    <ele>813.2</ele>
   </trkpt>
   <trkpt lat="40.6551320" lon="-3.0536930">
    <ele>813.2</ele>
   </trkpt>
   <trkpt lat="40.6550790" lon="-3.0536840">
    <ele>813.4</ele>
   </trkpt>
   <trkpt lat="40.6550290" lon="-3.0536740">
    <ele>813.6</ele>
   </trkpt>
   <trkpt lat="40.6549800" lon="-3.0536660">
    <ele>813.6</ele>
   </trkpt>
   <trkpt lat="40.6549300" lon="-3.0536550">
    <ele>813.8</ele>
   </trkpt>
   <trkpt lat="40.6548840" lon="-3.0536420">
    <ele>813.8</ele>
   </trkpt>
   <trkpt lat="40.6548350" lon="-3.0536310">
    <ele>813.8</ele>
   </trkpt>
   <trkpt lat="40.6547850" lon="-3.0536200">
    <ele>813.8</ele>
   </trkpt>
   <trkpt lat="40.6547390" lon="-3.0536190">
    <ele>813.8</ele>
   </trkpt>
   <trkpt lat="40.6546900" lon="-3.0536240">
    <ele>813.6</ele>
   </trkpt>
   <trkpt lat="40.6546360" lon="-3.0536290">
    <ele>813.4</ele>
   </trkpt>
   <trkpt lat="40.6545790" lon="-3.0536340">
    <ele>813.2</ele>
   </trkpt>
   <trkpt lat="40.6545180" lon="-3.0536370">
    <ele>813.0</ele>
   </trkpt>
   <trkpt lat="40.6544570" lon="-3.0536400">
    <ele>813.0</ele>
   </trkpt>
   <trkpt lat="40.6544000" lon="-3.0536450">
    <ele>813.0</ele>
   </trkpt>
   <trkpt lat="40.6543430" lon="-3.0536470">
    <ele>812.8</ele>
   </trkpt>
   <trkpt lat="40.6542850" lon="-3.0536470">
    <ele>813.0</ele>
   </trkpt>
   <trkpt lat="40.6542360" lon="-3.0536460">
    <ele>813.0</ele>
   </trkpt>
   <trkpt lat="40.6541900" lon="-3.0536430">
    <ele>813.0</ele>
   </trkpt>
   <trkpt lat="40.6541480" lon="-3.0536400">
    <ele>813.2</ele>
   </trkpt>
   <trkpt lat="40.6541180" lon="-3.0536400">
    <ele>813.4</ele>
   </trkpt>
   <trkpt lat="40.6540910" lon="-3.0536440">
    <ele>813.6</ele>
   </trkpt>
   <trkpt lat="40.6540640" lon="-3.0536510">
    <ele>813.8</ele>
   </trkpt>
   <trkpt lat="40.6540370" lon="-3.0536680">
    <ele>813.8</ele>
   </trkpt>
   <trkpt lat="40.6540030" lon="-3.0536920">
    <ele>813.6</ele>
   </trkpt>
   <trkpt lat="40.6539730" lon="-3.0537230">
    <ele>813.4</ele>
   </trkpt>
   <trkpt lat="40.6539380" lon="-3.0537560">
    <ele>813.4</ele>
   </trkpt>
   <trkpt lat="40.6539040" lon="-3.0537870">
    <ele>813.2</ele>
   </trkpt>
   <trkpt lat="40.6538660" lon="-3.0538130">
    <ele>813.0</ele>
   </trkpt>
   <trkpt lat="40.6538200" lon="-3.0538390">
    <ele>812.8</ele>
   </trkpt>
   <trkpt lat="40.6537740" lon="-3.0538640">
    <ele>812.6</ele>
   </trkpt>
   <trkpt lat="40.6537280" lon="-3.0538900">
    <ele>812.4</ele>
   </trkpt>
   <trkpt lat="40.6536830" lon="-3.0539170">
    <ele>812.2</ele>
   </trkpt>
   <trkpt lat="40.6536370" lon="-3.0539450">
    <ele>812.0</ele>
   </trkpt>
   <trkpt lat="40.6535910" lon="-3.0539670">
    <ele>812.0</ele>
   </trkpt>
   <trkpt lat="40.6535450" lon="-3.0539850">
    <ele>811.8</ele>
   </trkpt>
   <trkpt lat="40.6535000" lon="-3.0540070">
    <ele>811.8</ele>
   </trkpt>
   <trkpt lat="40.6534580" lon="-3.0540320">
    <ele>811.8</ele>
   </trkpt>
   <trkpt lat="40.6534160" lon="-3.0540620">
    <ele>811.6</ele>
   </trkpt>
   <trkpt lat="40.6533740" lon="-3.0540940">
    <ele>811.6</ele>
   </trkpt>
   <trkpt lat="40.6533390" lon="-3.0541260">
    <ele>811.6</ele>
   </trkpt>
   <trkpt lat="40.6532970" lon="-3.0541580">
    <ele>811.6</ele>
   </trkpt>
   <trkpt lat="40.6532550" lon="-3.0541890">
    <ele>811.6</ele>
   </trkpt>
   <trkpt lat="40.6532210" lon="-3.0542240">
    <ele>811.6</ele>
   </trkpt>
   <trkpt lat="40.6531870" lon="-3.0542580">
    <ele>811.4</ele>
   </trkpt>
   <trkpt lat="40.6531520" lon="-3.0542950">
    <ele>811.4</ele>
   </trkpt>
   <trkpt lat="40.6531180" lon="-3.0543320">
    <ele>811.2</ele>
   </trkpt>
   <trkpt lat="40.6530880" lon="-3.0543700">
    <ele>811.2</ele>
   </trkpt>
   <trkpt lat="40.6530570" lon="-3.0544140">
    <ele>811.0</ele>
   </trkpt>
   <trkpt lat="40.6530270" lon="-3.0544580">
    <ele>810.8</ele>
   </trkpt>
   <trkpt lat="40.6529920" lon="-3.0544980">
    <ele>810.8</ele>
   </trkpt>
   <trkpt lat="40.6529580" lon="-3.0545350">
    <ele>810.8</ele>
   </trkpt>
   <trkpt lat="40.6529310" lon="-3.0545630">
    <ele>810.8</ele>
   </trkpt>
   <trkpt lat="40.6529080" lon="-3.0545830">
    <ele>810.8</ele>
   </trkpt>
   <trkpt lat="40.6528890" lon="-3.0545980">
    <ele>810.8</ele>
   </trkpt>
   <trkpt lat="40.6528700" lon="-3.0546090">
    <ele>810.6</ele>
   </trkpt>
   <trkpt lat="40.6528550" lon="-3.0546210">
    <ele>810.6</ele>
   </trkpt>
   <trkpt lat="40.6528320" lon="-3.0546360">
    <ele>810.6</ele>
   </trkpt>
   <trkpt lat="40.6528090" lon="-3.0546460">
    <ele>810.4</ele>
   </trkpt>
   <trkpt lat="40.6527820" lon="-3.0546500">
    <ele>810.4</ele>
   </trkpt>
   <trkpt lat="40.6527560" lon="-3.0546480">
    <ele>810.4</ele>
   </trkpt>
   <trkpt lat="40.6527330" lon="-3.0546470">
    <ele>810.4</ele>
   </trkpt>
   <trkpt lat="40.6527140" lon="-3.0546470">
    <ele>810.4</ele>
   </trkpt>
   <trkpt lat="40.6527060" lon="-3.0546480">
    <ele>810.4</ele>
   </trkpt>
   <trkpt lat="40.6526950" lon="-3.0546650">
    <ele>810.2</ele>
   </trkpt>
   <trkpt lat="40.6526790" lon="-3.0546840">
    <ele>810.4</ele>
   </trkpt>
   <trkpt lat="40.6526530" lon="-3.0547110">
    <ele>810.2</ele>
   </trkpt>
   <trkpt lat="40.6526260" lon="-3.0547390">
    <ele>810.2</ele>
   </trkpt>
   <trkpt lat="40.6525880" lon="-3.0547690">
    <ele>810.0</ele>
   </trkpt>
   <trkpt lat="40.6525460" lon="-3.0547960">
    <ele>809.8</ele>
   </trkpt>
   <trkpt lat="40.6525000" lon="-3.0548220">
    <ele>809.8</ele>
   </trkpt>
   <trkpt lat="40.6524540" lon="-3.0548510">
    <ele>809.6</ele>
   </trkpt>
   <trkpt lat="40.6524090" lon="-3.0548790">
    <ele>809.4</ele>
   </trkpt>
   <trkpt lat="40.6523670" lon="-3.0549110">
    <ele>809.4</ele>
   </trkpt>
   <trkpt lat="40.6523170" lon="-3.0549480">
    <ele>809.4</ele>
   </trkpt>
   <trkpt lat="40.6522670" lon="-3.0549840">
    <ele>809.4</ele>
   </trkpt>
   <trkpt lat="40.6522140" lon="-3.0550170">
    <ele>809.6</ele>
   </trkpt>
   <trkpt lat="40.6521640" lon="-3.0550430">
    <ele>809.6</ele>
   </trkpt>
   <trkpt lat="40.6521150" lon="-3.0550670">
    <ele>809.6</ele>
   </trkpt>
   <trkpt lat="40.6520650" lon="-3.0550920">
    <ele>809.6</ele>
   </trkpt>
   <trkpt lat="40.6520190" lon="-3.0551210">
    <ele>809.8</ele>
   </trkpt>
   <trkpt lat="40.6519700" lon="-3.0551430">
    <ele>809.8</ele>
   </trkpt>
   <trkpt lat="40.6519280" lon="-3.0551610">
    <ele>809.8</ele>
   </trkpt>
   <trkpt lat="40.6518860" lon="-3.0551800">
    <ele>810.0</ele>
   </trkpt>
   <trkpt lat="40.6518480" lon="-3.0552010">
    <ele>810.0</ele>
   </trkpt>
   <trkpt lat="40.6518100" lon="-3.0552300">
    <ele>810.0</ele>
   </trkpt>
   <trkpt lat="40.6517680" lon="-3.0552600">
    <ele>810.0</ele>
   </trkpt>
   <trkpt lat="40.6517220" lon="-3.0552960">
    <ele>810.0</ele>
   </trkpt>
   <trkpt lat="40.6516800" lon="-3.0553290">
    <ele>810.2</ele>
   </trkpt>
   <trkpt lat="40.6516420" lon="-3.0553610">
    <ele>810.2</ele>
   </trkpt>
   <trkpt lat="40.6516000" lon="-3.0553900">
    <ele>810.2</ele>
   </trkpt>
   <trkpt lat="40.6515690" lon="-3.0554120">
    <ele>810.2</ele>
   </trkpt>
   <trkpt lat="40.6515350" lon="-3.0554360">
    <ele>810.2</ele>
   </trkpt>
   <trkpt lat="40.6515080" lon="-3.0554580">
    <ele>810.2</ele>
   </trkpt>
   <trkpt lat="40.6514850" lon="-3.0554810">
    <ele>810.2</ele>
   </trkpt>
   <trkpt lat="40.6514590" lon="-3.0555060">
    <ele>810.2</ele>
   </trkpt>
   <trkpt lat="40.6514280" lon="-3.0555400">
    <ele>810.2</ele>
   </trkpt>
   <trkpt lat="40.6513980" lon="-3.0555680">
    <ele>810.0</ele>
   </trkpt>
   <trkpt lat="40.6513630" lon="-3.0555980">
    <ele>810.0</ele>
   </trkpt>
   <trkpt lat="40.6513330" lon="-3.0556260">
    <ele>810.0</ele>
   </trkpt>
   <trkpt lat="40.6513020" lon="-3.0556520">
    <ele>810.0</ele>
   </trkpt>
   <trkpt lat="40.6512720" lon="-3.0556790">
    <ele>810.2</ele>
   </trkpt>
   <trkpt lat="40.6512410" lon="-3.0557010">
    <ele>810.2</ele>
   </trkpt>
   <trkpt lat="40.6512110" lon="-3.0557210">
    <ele>810.2</ele>
   </trkpt>
   <trkpt lat="40.6511800" lon="-3.0557410">
    <ele>810.2</ele>
   </trkpt>
   <trkpt lat="40.6511540" lon="-3.0557570">
    <ele>810.2</ele>
   </trkpt>
   <trkpt lat="40.6511230" lon="-3.0557720">
    <ele>810.2</ele>
   </trkpt>
   <trkpt lat="40.6510930" lon="-3.0557920">
    <ele>810.0</ele>
   </trkpt>
   <trkpt lat="40.6510700" lon="-3.0558180">
    <ele>810.0</ele>
   </trkpt>
   <trkpt lat="40.6510470" lon="-3.0558400">
    <ele>809.8</ele>
   </trkpt>
   <trkpt lat="40.6510280" lon="-3.0558590">
    <ele>809.8</ele>
   </trkpt>
   <trkpt lat="40.6510090" lon="-3.0558720">
    <ele>809.8</ele>
   </trkpt>
   <trkpt lat="40.6509930" lon="-3.0558890">
    <ele>809.6</ele>
   </trkpt>
   <trkpt lat="40.6509740" lon="-3.0559040">
    <ele>809.6</ele>
   </trkpt>
   <trkpt lat="40.6509550" lon="-3.0559140">
    <ele>809.6</ele>
   </trkpt>
   <trkpt lat="40.6509210" lon="-3.0559360">
    <ele>809.6</ele>
   </trkpt>
   <trkpt lat="40.6509200" lon="-3.0559370">
    <ele>809.6</ele>
   </trkpt>
   <trkpt lat="40.6509190" lon="-3.0559370">
    <ele>809.6</ele>
   </trkpt>
   <trkpt lat="40.6509180" lon="-3.0559380">
    <ele>809.6</ele>
   </trkpt>
   <trkpt lat="40.6507390" lon="-3.0560520">
    <ele>809.4</ele>
   </trkpt>
   <trkpt lat="40.6507380" lon="-3.0560530">
    <ele>809.4</ele>
   </trkpt>
   <trkpt lat="40.6506800" lon="-3.0560920">
    <ele>809.4</ele>
   </trkpt>
   <trkpt lat="40.6506190" lon="-3.0561310">
    <ele>809.4</ele>
   </trkpt>
   <trkpt lat="40.6505660" lon="-3.0561690">
    <ele>809.6</ele>
   </trkpt>
   <trkpt lat="40.6505130" lon="-3.0562080">
    <ele>809.6</ele>
   </trkpt>
   <trkpt lat="40.6504590" lon="-3.0562440">
    <ele>809.6</ele>
   </trkpt>
   <trkpt lat="40.6504100" lon="-3.0562760">
    <ele>809.8</ele>
   </trkpt>
   <trkpt lat="40.6503720" lon="-3.0563070">
    <ele>810.0</ele>
   </trkpt>
   <trkpt lat="40.6503370" lon="-3.0563370">
    <ele>810.2</ele>
   </trkpt>
   <trkpt lat="40.6503030" lon="-3.0563630">
    <ele>810.2</ele>
   </trkpt>
   <trkpt lat="40.6502720" lon="-3.0563870">
    <ele>810.4</ele>
   </trkpt>
   <trkpt lat="40.6502380" lon="-3.0564100">
    <ele>810.6</ele>
   </trkpt>
   <trkpt lat="40.6501920" lon="-3.0564300">
    <ele>810.8</ele>
   </trkpt>
   <trkpt lat="40.6501540" lon="-3.0564520">
    <ele>810.8</ele>
   </trkpt>
   <trkpt lat="40.6501200" lon="-3.0564770">
    <ele>811.0</ele>
   </trkpt>
   <trkpt lat="40.6500820" lon="-3.0565000">
    <ele>811.0</ele>
   </trkpt>
   <trkpt lat="40.6500470" lon="-3.0565250">
    <ele>811.2</ele>
   </trkpt>
   <trkpt lat="40.6500210" lon="-3.0565520">
    <ele>811.2</ele>
   </trkpt>
   <trkpt lat="40.6499900" lon="-3.0565750">
    <ele>811.2</ele>
   </trkpt>
   <trkpt lat="40.6499600" lon="-3.0565970">
    <ele>811.2</ele>
   </trkpt>
   <trkpt lat="40.6499210" lon="-3.0566170">
    <ele>811.4</ele>
   </trkpt>
   <trkpt lat="40.6498760" lon="-3.0566370">
    <ele>811.4</ele>
   </trkpt>
   <trkpt lat="40.6498220" lon="-3.0566650">
    <ele>811.6</ele>
   </trkpt>
   <trkpt lat="40.6497650" lon="-3.0567000">
    <ele>811.6</ele>
   </trkpt>
   <trkpt lat="40.6497150" lon="-3.0567330">
    <ele>811.8</ele>
   </trkpt>
   <trkpt lat="40.6496770" lon="-3.0567740">
    <ele>812.0</ele>
   </trkpt>
   <trkpt lat="40.6496280" lon="-3.0568040">
    <ele>812.0</ele>
   </trkpt>
   <trkpt lat="40.6495820" lon="-3.0568380">
    <ele>812.2</ele>
   </trkpt>
   <trkpt lat="40.6495440" lon="-3.0568840">
    <ele>812.2</ele>
   </trkpt>
   <trkpt lat="40.6494980" lon="-3.0569370">
    <ele>812.2</ele>
   </trkpt>
   <trkpt lat="40.6494560" lon="-3.0569810">
    <ele>812.4</ele>
   </trkpt>
   <trkpt lat="40.6494060" lon="-3.0570140">
    <ele>812.4</ele>
   </trkpt>
   <trkpt lat="40.6493720" lon="-3.0570500">
    <ele>812.4</ele>
   </trkpt>
   <trkpt lat="40.6493340" lon="-3.0570760">
    <ele>812.4</ele>
   </trkpt>
   <trkpt lat="40.6492920" lon="-3.0571100">
    <ele>812.4</ele>
   </trkpt>
   <trkpt lat="40.6492500" lon="-3.0571450">
    <ele>812.2</ele>
   </trkpt>
   <trkpt lat="40.6492080" lon="-3.0571830">
    <ele>812.2</ele>
   </trkpt>
   <trkpt lat="40.6491660" lon="-3.0572230">
    <ele>812.2</ele>
   </trkpt>
   <trkpt lat="40.6491280" lon="-3.0572600">
    <ele>812.4</ele>
   </trkpt>
   <trkpt lat="40.6490900" lon="-3.0572980">
    <ele>812.4</ele>
   </trkpt>
   <trkpt lat="40.6490440" lon="-3.0573400">
    <ele>812.4</ele>
   </trkpt>
   <trkpt lat="40.6490020" lon="-3.0573780">
    <ele>812.4</ele>
   </trkpt>
   <trkpt lat="40.6489560" lon="-3.0574150">
    <ele>812.4</ele>
   </trkpt>
   <trkpt lat="40.6489140" lon="-3.0574500">
    <ele>812.6</ele>
   </trkpt>
   <trkpt lat="40.6488760" lon="-3.0574880">
    <ele>812.6</ele>
   </trkpt>
   <trkpt lat="40.6488420" lon="-3.0575300">
    <ele>812.6</ele>
   </trkpt>
   <trkpt lat="40.6488080" lon="-3.0575710">
    <ele>812.6</ele>
   </trkpt>
   <trkpt lat="40.6487690" lon="-3.0576130">
    <ele>812.6</ele>
   </trkpt>
   <trkpt lat="40.6487310" lon="-3.0576550">
    <ele>812.4</ele>
   </trkpt>
   <trkpt lat="40.6486890" lon="-3.0576960">
    <ele>812.4</ele>
   </trkpt>
   <trkpt lat="40.6486470" lon="-3.0577340">
    <ele>812.2</ele>
   </trkpt>
   <trkpt lat="40.6486130" lon="-3.0577660">
    <ele>812.0</ele>
   </trkpt>
   <trkpt lat="40.6485630" lon="-3.0578070">
    <ele>811.8</ele>
   </trkpt>
   <trkpt lat="40.6485060" lon="-3.0578570">
    <ele>811.6</ele>
   </trkpt>
   <trkpt lat="40.6484530" lon="-3.0579020">
    <ele>811.4</ele>
   </trkpt>
   <trkpt lat="40.6483990" lon="-3.0579490">
    <ele>811.0</ele>
   </trkpt>
   <trkpt lat="40.6483420" lon="-3.0579970">
    <ele>810.8</ele>
   </trkpt>
   <trkpt lat="40.6482770" lon="-3.0580440">
    <ele>810.4</ele>
   </trkpt>
   <trkpt lat="40.6482160" lon="-3.0580940">
    <ele>810.2</ele>
   </trkpt>
   <trkpt lat="40.6481510" lon="-3.0581420">
    <ele>809.8</ele>
   </trkpt>
   <trkpt lat="40.6480870" lon="-3.0581890">
    <ele>809.6</ele>
   </trkpt>
   <trkpt lat="40.6480180" lon="-3.0582350">
    <ele>809.2</ele>
   </trkpt>
   <trkpt lat="40.6479530" lon="-3.0582840">
    <ele>809.0</ele>
   </trkpt>
   <trkpt lat="40.6478880" lon="-3.0583300">
    <ele>808.8</ele>
   </trkpt>
   <trkpt lat="40.6478270" lon="-3.0583790">
    <ele>808.6</ele>
   </trkpt>
   <trkpt lat="40.6477620" lon="-3.0584300">
    <ele>808.4</ele>
   </trkpt>
   <trkpt lat="40.6477010" lon="-3.0584810">
    <ele>808.2</ele>
   </trkpt>
   <trkpt lat="40.6476360" lon="-3.0585300">
    <ele>808.0</ele>
   </trkpt>
   <trkpt lat="40.6475720" lon="-3.0585750">
    <ele>807.8</ele>
   </trkpt>
   <trkpt lat="40.6475070" lon="-3.0586180">
    <ele>807.8</ele>
   </trkpt>
   <trkpt lat="40.6474420" lon="-3.0586580">
    <ele>807.6</ele>
   </trkpt>
   <trkpt lat="40.6473730" lon="-3.0587000">
    <ele>807.6</ele>
   </trkpt>
   <trkpt lat="40.6473080" lon="-3.0587400">
    <ele>807.6</ele>
   </trkpt>
   <trkpt lat="40.6472430" lon="-3.0587810">
    <ele>807.4</ele>
   </trkpt>
   <trkpt lat="40.6471790" lon="-3.0588180">
    <ele>807.4</ele>
   </trkpt>
   <trkpt lat="40.6471140" lon="-3.0588560">
    <ele>807.4</ele>
   </trkpt>
   <trkpt lat="40.6470490" lon="-3.0588960">
    <ele>807.4</ele>
   </trkpt>
   <trkpt lat="40.6469880" lon="-3.0589330">
    <ele>807.4</ele>
   </trkpt>
   <trkpt lat="40.6469270" lon="-3.0589700">
    <ele>807.4</ele>
   </trkpt>
   <trkpt lat="40.6468700" lon="-3.0590080">
    <ele>807.4</ele>
   </trkpt>
   <trkpt lat="40.6468090" lon="-3.0590520">
    <ele>807.4</ele>
   </trkpt>
   <trkpt lat="40.6467550" lon="-3.0591020">
    <ele>807.4</ele>
   </trkpt>
   <trkpt lat="40.6466980" lon="-3.0591530">
    <ele>807.4</ele>
   </trkpt>
   <trkpt lat="40.6466450" lon="-3.0592040">
    <ele>807.2</ele>
   </trkpt>
   <trkpt lat="40.6465910" lon="-3.0592570">
    <ele>807.2</ele>
   </trkpt>
   <trkpt lat="40.6465340" lon="-3.0593090">
    <ele>807.2</ele>
   </trkpt>
   <trkpt lat="40.6464810" lon="-3.0593640">
    <ele>807.2</ele>
   </trkpt>
   <trkpt lat="40.6464270" lon="-3.0594200">
    <ele>807.2</ele>
   </trkpt>
   <trkpt lat="40.6463780" lon="-3.0594780">
    <ele>807.2</ele>
   </trkpt>
   <trkpt lat="40.6463280" lon="-3.0595360">
    <ele>807.2</ele>
   </trkpt>
   <trkpt lat="40.6462780" lon="-3.0595910">
    <ele>807.2</ele>
   </trkpt>
   <trkpt lat="40.6462210" lon="-3.0596530">
    <ele>807.2</ele>
   </trkpt>
   <trkpt lat="40.6461720" lon="-3.0597100">
    <ele>807.2</ele>
   </trkpt>
   <trkpt lat="40.6461220" lon="-3.0597680">
    <ele>807.4</ele>
   </trkpt>
   <trkpt lat="40.6460720" lon="-3.0598230">
    <ele>807.4</ele>
   </trkpt>
   <trkpt lat="40.6460190" lon="-3.0598790">
    <ele>807.4</ele>
   </trkpt>
   <trkpt lat="40.6459660" lon="-3.0599310">
    <ele>807.4</ele>
   </trkpt>
   <trkpt lat="40.6459160" lon="-3.0599780">
    <ele>807.4</ele>
   </trkpt>
   <trkpt lat="40.6458630" lon="-3.0600220">
    <ele>807.4</ele>
   </trkpt>
   <trkpt lat="40.6458090" lon="-3.0600650">
    <ele>807.4</ele>
   </trkpt>
   <trkpt lat="40.6457520" lon="-3.0601070">
    <ele>807.4</ele>
   </trkpt>
   <trkpt lat="40.6456950" lon="-3.0601480">
    <ele>807.4</ele>
   </trkpt>
   <trkpt lat="40.6456410" lon="-3.0601860">
    <ele>807.6</ele>
   </trkpt>
   <trkpt lat="40.6455840" lon="-3.0602170">
    <ele>807.4</ele>
   </trkpt>
   <trkpt lat="40.6455230" lon="-3.0602460">
    <ele>807.4</ele>
   </trkpt>
   <trkpt lat="40.6454660" lon="-3.0602740">
    <ele>807.2</ele>
   </trkpt>
   <trkpt lat="40.6454010" lon="-3.0602970">
    <ele>807.0</ele>
   </trkpt>
   <trkpt lat="40.6453400" lon="-3.0603180">
    <ele>807.0</ele>
   </trkpt>
   <trkpt lat="40.6452750" lon="-3.0603400">
    <ele>806.8</ele>
   </trkpt>
   <trkpt lat="40.6452060" lon="-3.0603620">
    <ele>806.6</ele>
   </trkpt>
   <trkpt lat="40.6451380" lon="-3.0603810">
    <ele>806.4</ele>
   </trkpt>
   <trkpt lat="40.6450730" lon="-3.0603980">
    <ele>806.4</ele>
   </trkpt>
   <trkpt lat="40.6450080" lon="-3.0604160">
    <ele>806.2</ele>
   </trkpt>
   <trkpt lat="40.6449470" lon="-3.0604290">
    <ele>806.2</ele>
   </trkpt>
   <trkpt lat="40.6448860" lon="-3.0604370">
    <ele>806.2</ele>
   </trkpt>
   <trkpt lat="40.6448290" lon="-3.0604400">
    <ele>806.2</ele>
   </trkpt>
   <trkpt lat="40.6447680" lon="-3.0604430">
    <ele>806.0</ele>
   </trkpt>
   <trkpt lat="40.6447110" lon="-3.0604440">
    <ele>806.0</ele>
   </trkpt>
   <trkpt lat="40.6446490" lon="-3.0604450">
    <ele>806.0</ele>
   </trkpt>
   <trkpt lat="40.6445920" lon="-3.0604430">
    <ele>806.2</ele>
   </trkpt>
   <trkpt lat="40.6445350" lon="-3.0604440">
    <ele>806.2</ele>
   </trkpt>
   <trkpt lat="40.6444820" lon="-3.0604530">
    <ele>806.2</ele>
   </trkpt>
   <trkpt lat="40.6444320" lon="-3.0604680">
    <ele>806.2</ele>
   </trkpt>
   <trkpt lat="40.6443790" lon="-3.0604880">
    <ele>806.2</ele>
   </trkpt>
   <trkpt lat="40.6443250" lon="-3.0605100">
    <ele>806.2</ele>
   </trkpt>
   <trkpt lat="40.6442680" lon="-3.0605300">
    <ele>806.4</ele>
   </trkpt>
   <trkpt lat="40.6442070" lon="-3.0605480">
    <ele>806.4</ele>
   </trkpt>
   <trkpt lat="40.6441500" lon="-3.0605630">
    <ele>806.2</ele>
   </trkpt>
   <trkpt lat="40.6440960" lon="-3.0605820">
    <ele>806.2</ele>
   </trkpt>
   <trkpt lat="40.6440390" lon="-3.0606050">
    <ele>806.2</ele>
   </trkpt>
   <trkpt lat="40.6439860" lon="-3.0606310">
    <ele>806.2</ele>
   </trkpt>
   <trkpt lat="40.6439360" lon="-3.0606570">
    <ele>806.2</ele>
   </trkpt>
   <trkpt lat="40.6438830" lon="-3.0606840">
    <ele>806.2</ele>
   </trkpt>
   <trkpt lat="40.6438290" lon="-3.0607090">
    <ele>806.2</ele>
   </trkpt>
   <trkpt lat="40.6437720" lon="-3.0607370">
    <ele>806.2</ele>
   </trkpt>
   <trkpt lat="40.6437190" lon="-3.0607660">
    <ele>806.2</ele>
   </trkpt>
   <trkpt lat="40.6436650" lon="-3.0608010">
    <ele>806.2</ele>
   </trkpt>
   <trkpt lat="40.6436120" lon="-3.0608400">
    <ele>806.2</ele>
   </trkpt>
   <trkpt lat="40.6435580" lon="-3.0608840">
    <ele>806.2</ele>
   </trkpt>
   <trkpt lat="40.6435090" lon="-3.0609380">
    <ele>806.2</ele>
   </trkpt>
   <trkpt lat="40.6434710" lon="-3.0609970">
    <ele>806.2</ele>
   </trkpt>
   <trkpt lat="40.6434330" lon="-3.0610710">
    <ele>806.2</ele>
   </trkpt>
   <trkpt lat="40.6433980" lon="-3.0611470">
    <ele>806.0</ele>
   </trkpt>
   <trkpt lat="40.6433680" lon="-3.0612220">
    <ele>806.0</ele>
   </trkpt>
   <trkpt lat="40.6433300" lon="-3.0612880">
    <ele>806.2</ele>
   </trkpt>
   <trkpt lat="40.6432910" lon="-3.0613500">
    <ele>806.2</ele>
   </trkpt>
   <trkpt lat="40.6432530" lon="-3.0614080">
    <ele>806.2</ele>
   </trkpt>
   <trkpt lat="40.6432110" lon="-3.0614750">
    <ele>806.2</ele>
   </trkpt>
   <trkpt lat="40.6431770" lon="-3.0615380">
    <ele>806.2</ele>
   </trkpt>
   <trkpt lat="40.6431270" lon="-3.0615960">
    <ele>806.2</ele>
   </trkpt>
   <trkpt lat="40.6430890" lon="-3.0616540">
    <ele>806.2</ele>
   </trkpt>
   <trkpt lat="40.6430470" lon="-3.0617090">
    <ele>806.2</ele>
   </trkpt>
   <trkpt lat="40.6430050" lon="-3.0617680">
    <ele>806.0</ele>
   </trkpt>
   <trkpt lat="40.6429670" lon="-3.0618260">
    <ele>806.0</ele>
   </trkpt>
   <trkpt lat="40.6429250" lon="-3.0618810">
    <ele>806.0</ele>
   </trkpt>
   <trkpt lat="40.6428790" lon="-3.0619340">
    <ele>805.8</ele>
   </trkpt>
   <trkpt lat="40.6428340" lon="-3.0619930">
    <ele>805.8</ele>
   </trkpt>
   <trkpt lat="40.6427880" lon="-3.0620550">
    <ele>805.8</ele>
   </trkpt>
   <trkpt lat="40.6427460" lon="-3.0621160">
    <ele>805.8</ele>
   </trkpt>
   <trkpt lat="40.6427080" lon="-3.0621730">
    <ele>805.8</ele>
   </trkpt>
   <trkpt lat="40.6426740" lon="-3.0622290">
    <ele>805.8</ele>
   </trkpt>
   <trkpt lat="40.6426430" lon="-3.0622860">
    <ele>805.8</ele>
   </trkpt>
   <trkpt lat="40.6426160" lon="-3.0623450">
    <ele>805.8</ele>
   </trkpt>
   <trkpt lat="40.6425900" lon="-3.0624010">
    <ele>805.6</ele>
   </trkpt>
   <trkpt lat="40.6425590" lon="-3.0624610">
    <ele>805.6</ele>
   </trkpt>
   <trkpt lat="40.6425320" lon="-3.0625200">
    <ele>805.6</ele>
   </trkpt>
   <trkpt lat="40.6424980" lon="-3.0625790">
    <ele>805.6</ele>
   </trkpt>
   <trkpt lat="40.6424670" lon="-3.0626340">
    <ele>805.8</ele>
   </trkpt>
   <trkpt lat="40.6424370" lon="-3.0626920">
    <ele>805.8</ele>
   </trkpt>
   <trkpt lat="40.6424060" lon="-3.0627480">
    <ele>805.8</ele>
   </trkpt>
   <trkpt lat="40.6423760" lon="-3.0628060">
    <ele>806.0</ele>
   </trkpt>
   <trkpt lat="40.6423450" lon="-3.0628640">
    <ele>806.0</ele>
   </trkpt>
   <trkpt lat="40.6423150" lon="-3.0629190">
    <ele>806.0</ele>
   </trkpt>
   <trkpt lat="40.6422840" lon="-3.0629670">
    <ele>806.0</ele>
   </trkpt>
   <trkpt lat="40.6422540" lon="-3.0630150">
    <ele>806.2</ele>
   </trkpt>
   <trkpt lat="40.6422200" lon="-3.0630600">
    <ele>806.2</ele>
   </trkpt>
   <trkpt lat="40.6421810" lon="-3.0631020">
    <ele>806.0</ele>
   </trkpt>
   <trkpt lat="40.6421360" lon="-3.0631430">
    <ele>806.0</ele>
   </trkpt>
   <trkpt lat="40.6420970" lon="-3.0631810">
    <ele>805.6</ele>
   </trkpt>
   <trkpt lat="40.6420400" lon="-3.0632370">
    <ele>805.4</ele>
   </trkpt>
   <trkpt lat="40.6419910" lon="-3.0632860">
    <ele>805.0</ele>
   </trkpt>
   <trkpt lat="40.6419410" lon="-3.0633420">
    <ele>804.8</ele>
   </trkpt>
   <trkpt lat="40.6419030" lon="-3.0633870">
    <ele>804.2</ele>
   </trkpt>
   <trkpt lat="40.6418490" lon="-3.0634410">
    <ele>803.8</ele>
   </trkpt>
   <trkpt lat="40.6417810" lon="-3.0635000">
    <ele>803.4</ele>
   </trkpt>
   <trkpt lat="40.6417160" lon="-3.0635400">
    <ele>803.0</ele>
   </trkpt>
   <trkpt lat="40.6416510" lon="-3.0635770">
    <ele>802.6</ele>
   </trkpt>
   <trkpt lat="40.6415900" lon="-3.0636030">
    <ele>802.2</ele>
   </trkpt>
   <trkpt lat="40.6415180" lon="-3.0636380">
    <ele>801.8</ele>
   </trkpt>
   <trkpt lat="40.6414340" lon="-3.0636780">
    <ele>801.6</ele>
   </trkpt>
   <trkpt lat="40.6413570" lon="-3.0637100">
    <ele>801.2</ele>
   </trkpt>
   <trkpt lat="40.6412810" lon="-3.0637400">
    <ele>800.8</ele>
   </trkpt>
   <trkpt lat="40.6412120" lon="-3.0637670">
    <ele>800.6</ele>
   </trkpt>
   <trkpt lat="40.6411400" lon="-3.0637920">
    <ele>800.4</ele>
   </trkpt>
   <trkpt lat="40.6410640" lon="-3.0638130">
    <ele>800.0</ele>
   </trkpt>
   <trkpt lat="40.6409950" lon="-3.0638290">
    <ele>799.8</ele>
   </trkpt>
   <trkpt lat="40.6409230" lon="-3.0638430">
    <ele>799.6</ele>
   </trkpt>
   <trkpt lat="40.6408500" lon="-3.0638560">
    <ele>799.4</ele>
   </trkpt>
   <trkpt lat="40.6407780" lon="-3.0638640">
    <ele>799.4</ele>
   </trkpt>
   <trkpt lat="40.6406940" lon="-3.0638740">
    <ele>799.2</ele>
   </trkpt>
   <trkpt lat="40.6406170" lon="-3.0638830">
    <ele>799.0</ele>
   </trkpt>
   <trkpt lat="40.6405450" lon="-3.0638940">
    <ele>799.0</ele>
   </trkpt>
   <trkpt lat="40.6404720" lon="-3.0639090">
    <ele>798.8</ele>
   </trkpt>
   <trkpt lat="40.6403960" lon="-3.0639240">
    <ele>798.8</ele>
   </trkpt>
   <trkpt lat="40.6403240" lon="-3.0639380">
    <ele>798.6</ele>
   </trkpt>
   <trkpt lat="40.6402510" lon="-3.0639530">
    <ele>798.4</ele>
   </trkpt>
   <trkpt lat="40.6401860" lon="-3.0639660">
    <ele>798.2</ele>
   </trkpt>
   <trkpt lat="40.6400950" lon="-3.0639830">
    <ele>798.2</ele>
   </trkpt>
   <trkpt lat="40.6400180" lon="-3.0639980">
    <ele>798.0</ele>
   </trkpt>
   <trkpt lat="40.6399420" lon="-3.0640130">
    <ele>798.0</ele>
   </trkpt>
   <trkpt lat="40.6398620" lon="-3.0640280">
    <ele>797.8</ele>
   </trkpt>
   <trkpt lat="40.6397860" lon="-3.0640450">
    <ele>797.8</ele>
   </trkpt>
   <trkpt lat="40.6397170" lon="-3.0640630">
    <ele>797.8</ele>
   </trkpt>
   <trkpt lat="40.6396410" lon="-3.0640830">
    <ele>797.8</ele>
   </trkpt>
   <trkpt lat="40.6395640" lon="-3.0641050">
    <ele>797.6</ele>
   </trkpt>
   <trkpt lat="40.6394880" lon="-3.0641230">
    <ele>797.6</ele>
   </trkpt>
   <trkpt lat="40.6394160" lon="-3.0641380">
    <ele>797.6</ele>
   </trkpt>
   <trkpt lat="40.6393360" lon="-3.0641540">
    <ele>797.4</ele>
   </trkpt>
   <trkpt lat="40.6392560" lon="-3.0641680">
    <ele>797.2</ele>
   </trkpt>
   <trkpt lat="40.6391790" lon="-3.0641850">
    <ele>797.2</ele>
   </trkpt>
   <trkpt lat="40.6390990" lon="-3.0642010">
    <ele>797.0</ele>
   </trkpt>
   <trkpt lat="40.6390230" lon="-3.0642140">
    <ele>797.0</ele>
   </trkpt>
   <trkpt lat="40.6389430" lon="-3.0642270">
    <ele>796.8</ele>
   </trkpt>
   <trkpt lat="40.6388630" lon="-3.0642380">
    <ele>796.8</ele>
   </trkpt>
   <trkpt lat="40.6387860" lon="-3.0642510">
    <ele>796.8</ele>
   </trkpt>
   <trkpt lat="40.6387100" lon="-3.0642660">
    <ele>796.8</ele>
   </trkpt>
   <trkpt lat="40.6386340" lon="-3.0642840">
    <ele>796.8</ele>
   </trkpt>
   <trkpt lat="40.6385570" lon="-3.0643070">
    <ele>796.6</ele>
   </trkpt>
   <trkpt lat="40.6384850" lon="-3.0643380">
    <ele>796.6</ele>
   </trkpt>
   <trkpt lat="40.6384120" lon="-3.0643730">
    <ele>796.8</ele>
   </trkpt>
   <trkpt lat="40.6383480" lon="-3.0644090">
    <ele>796.8</ele>
   </trkpt>
   <trkpt lat="40.6382790" lon="-3.0644480">
    <ele>797.0</ele>
   </trkpt>
   <trkpt lat="40.6382060" lon="-3.0644810">
    <ele>797.0</ele>
   </trkpt>
   <trkpt lat="40.6381340" lon="-3.0645070">
    <ele>797.0</ele>
   </trkpt>
   <trkpt lat="40.6380620" lon="-3.0645260">
    <ele>797.0</ele>
   </trkpt>
   <trkpt lat="40.6379930" lon="-3.0645410">
    <ele>796.8</ele>
   </trkpt>
   <trkpt lat="40.6379200" lon="-3.0645480">
    <ele>796.6</ele>
   </trkpt>
   <trkpt lat="40.6378480" lon="-3.0645500">
    <ele>796.6</ele>
   </trkpt>
   <trkpt lat="40.6377790" lon="-3.0645460">
    <ele>796.4</ele>
   </trkpt>
   <trkpt lat="40.6376880" lon="-3.0645360">
    <ele>796.2</ele>
   </trkpt>
   <trkpt lat="40.6376110" lon="-3.0645240">
    <ele>796.0</ele>
   </trkpt>
   <trkpt lat="40.6375350" lon="-3.0645160">
    <ele>795.8</ele>
   </trkpt>
   <trkpt lat="40.6374590" lon="-3.0645100">
    <ele>795.8</ele>
   </trkpt>
   <trkpt lat="40.6373830" lon="-3.0645050">
    <ele>795.6</ele>
   </trkpt>
   <trkpt lat="40.6373020" lon="-3.0645020">
    <ele>795.6</ele>
   </trkpt>
   <trkpt lat="40.6372300" lon="-3.0645070">
    <ele>795.4</ele>
   </trkpt>
   <trkpt lat="40.6371570" lon="-3.0645180">
    <ele>795.4</ele>
   </trkpt>
   <trkpt lat="40.6370850" lon="-3.0645310">
    <ele>795.4</ele>
   </trkpt>
   <trkpt lat="40.6370090" lon="-3.0645480">
    <ele>795.2</ele>
   </trkpt>
   <trkpt lat="40.6369320" lon="-3.0645630">
    <ele>795.2</ele>
   </trkpt>
   <trkpt lat="40.6368600" lon="-3.0645760">
    <ele>795.0</ele>
   </trkpt>
   <trkpt lat="40.6367840" lon="-3.0645930">
    <ele>795.0</ele>
   </trkpt>
   <trkpt lat="40.6367110" lon="-3.0646100">
    <ele>794.8</ele>
   </trkpt>
   <trkpt lat="40.6366310" lon="-3.0646300">
    <ele>794.6</ele>
   </trkpt>
   <trkpt lat="40.6365550" lon="-3.0646500">
    <ele>794.6</ele>
   </trkpt>
   <trkpt lat="40.6364780" lon="-3.0646730">
    <ele>794.4</ele>
   </trkpt>
   <trkpt lat="40.6364020" lon="-3.0646950">
    <ele>794.4</ele>
   </trkpt>
   <trkpt lat="40.6363260" lon="-3.0647150">
    <ele>794.4</ele>
   </trkpt>
   <trkpt lat="40.6362530" lon="-3.0647350">
    <ele>794.4</ele>
   </trkpt>
   <trkpt lat="40.6361810" lon="-3.0647510">
    <ele>794.6</ele>
   </trkpt>
   <trkpt lat="40.6361050" lon="-3.0647680">
    <ele>794.6</ele>
   </trkpt>
   <trkpt lat="40.6360400" lon="-3.0647850">
    <ele>794.8</ele>
   </trkpt>
   <trkpt lat="40.6359710" lon="-3.0648010">
    <ele>794.8</ele>
   </trkpt>
   <trkpt lat="40.6359020" lon="-3.0648120">
    <ele>795.0</ele>
   </trkpt>
   <trkpt lat="40.6358530" lon="-3.0648210">
    <ele>795.0</ele>
   </trkpt>
   <trkpt lat="40.6357840" lon="-3.0648310">
    <ele>795.0</ele>
   </trkpt>
   <trkpt lat="40.6357080" lon="-3.0648420">
    <ele>795.2</ele>
   </trkpt>
   <trkpt lat="40.6356390" lon="-3.0648530">
    <ele>795.2</ele>
   </trkpt>
   <trkpt lat="40.6355740" lon="-3.0648640">
    <ele>795.2</ele>
   </trkpt>
   <trkpt lat="40.6355130" lon="-3.0648720">
    <ele>795.2</ele>
   </trkpt>
   <trkpt lat="40.6354600" lon="-3.0648770">
    <ele>795.2</ele>
   </trkpt>
   <trkpt lat="40.6353870" lon="-3.0648870">
    <ele>795.2</ele>
   </trkpt>
   <trkpt lat="40.6353260" lon="-3.0648940">
    <ele>795.4</ele>
   </trkpt>
   <trkpt lat="40.6352650" lon="-3.0648990">
    <ele>795.4</ele>
   </trkpt>
   <trkpt lat="40.6352000" lon="-3.0649050">
    <ele>795.6</ele>
   </trkpt>
   <trkpt lat="40.6351390" lon="-3.0649100">
    <ele>795.8</ele>
   </trkpt>
   <trkpt lat="40.6350860" lon="-3.0649150">
    <ele>796.0</ele>
   </trkpt>
   <trkpt lat="40.6350290" lon="-3.0649190">
    <ele>796.2</ele>
   </trkpt>
   <trkpt lat="40.6349750" lon="-3.0649240">
    <ele>796.4</ele>
   </trkpt>
   <trkpt lat="40.6349220" lon="-3.0649320">
    <ele>796.6</ele>
   </trkpt>
   <trkpt lat="40.6348690" lon="-3.0649410">
    <ele>796.8</ele>
   </trkpt>
   <trkpt lat="40.6348190" lon="-3.0649530">
    <ele>797.0</ele>
   </trkpt>
   <trkpt lat="40.6347690" lon="-3.0649690">
    <ele>797.0</ele>
   </trkpt>
   <trkpt lat="40.6347270" lon="-3.0649800">
    <ele>797.2</ele>
   </trkpt>
   <trkpt lat="40.6346700" lon="-3.0649940">
    <ele>797.2</ele>
   </trkpt>
   <trkpt lat="40.6346170" lon="-3.0650020">
    <ele>797.2</ele>
   </trkpt>
   <trkpt lat="40.6345600" lon="-3.0650090">
    <ele>797.0</ele>
   </trkpt>
   <trkpt lat="40.6345180" lon="-3.0650120">
    <ele>797.0</ele>
   </trkpt>
   <trkpt lat="40.6344570" lon="-3.0650150">
    <ele>796.8</ele>
   </trkpt>
   <trkpt lat="40.6343960" lon="-3.0650170">
    <ele>796.6</ele>
   </trkpt>
   <trkpt lat="40.6343230" lon="-3.0650280">
    <ele>796.4</ele>
   </trkpt>
   <trkpt lat="40.6342580" lon="-3.0650430">
    <ele>796.4</ele>
   </trkpt>
   <trkpt lat="40.6341970" lon="-3.0650620">
    <ele>796.2</ele>
   </trkpt>
   <trkpt lat="40.6341360" lon="-3.0650850">
    <ele>796.0</ele>
   </trkpt>
   <trkpt lat="40.6340750" lon="-3.0651070">
    <ele>795.8</ele>
   </trkpt>
   <trkpt lat="40.6340180" lon="-3.0651260">
    <ele>795.8</ele>
   </trkpt>
   <trkpt lat="40.6339570" lon="-3.0651450">
    <ele>795.6</ele>
   </trkpt>
   <trkpt lat="40.6339000" lon="-3.0651670">
    <ele>795.4</ele>
   </trkpt>
   <trkpt lat="40.6338390" lon="-3.0651870">
    <ele>795.2</ele>
   </trkpt>
   <trkpt lat="40.6337780" lon="-3.0652070">
    <ele>795.0</ele>
   </trkpt>
   <trkpt lat="40.6337170" lon="-3.0652260">
    <ele>794.8</ele>
   </trkpt>
   <trkpt lat="40.6336550" lon="-3.0652440">
    <ele>794.6</ele>
   </trkpt>
   <trkpt lat="40.6335870" lon="-3.0652580">
    <ele>794.4</ele>
   </trkpt>
   <trkpt lat="40.6335220" lon="-3.0652740">
    <ele>794.2</ele>
   </trkpt>
   <trkpt lat="40.6334570" lon="-3.0652890">
    <ele>794.0</ele>
   </trkpt>
   <trkpt lat="40.6333850" lon="-3.0653010">
    <ele>793.8</ele>
   </trkpt>
   <trkpt lat="40.6333270" lon="-3.0653130">
    <ele>793.6</ele>
   </trkpt>
   <trkpt lat="40.6332510" lon="-3.0653290">
    <ele>793.6</ele>
   </trkpt>
   <trkpt lat="40.6331790" lon="-3.0653450">
    <ele>793.6</ele>
   </trkpt>
   <trkpt lat="40.6331100" lon="-3.0653640">
    <ele>793.4</ele>
   </trkpt>
   <trkpt lat="40.6330410" lon="-3.0653870">
    <ele>793.6</ele>
   </trkpt>
   <trkpt lat="40.6329760" lon="-3.0654100">
    <ele>793.6</ele>
   </trkpt>
   <trkpt lat="40.6329120" lon="-3.0654370">
    <ele>793.8</ele>
   </trkpt>
   <trkpt lat="40.6328510" lon="-3.0654600">
    <ele>794.0</ele>
   </trkpt>
   <trkpt lat="40.6327930" lon="-3.0654790">
    <ele>794.0</ele>
   </trkpt>
   <trkpt lat="40.6327360" lon="-3.0654910">
    <ele>794.2</ele>
   </trkpt>
   <trkpt lat="40.6326750" lon="-3.0655010">
    <ele>794.2</ele>
   </trkpt>
   <trkpt lat="40.6326140" lon="-3.0655090">
    <ele>794.4</ele>
   </trkpt>
   <trkpt lat="40.6325490" lon="-3.0655150">
    <ele>794.4</ele>
   </trkpt>
   <trkpt lat="40.6325030" lon="-3.0655190">
    <ele>794.4</ele>
   </trkpt>
   <trkpt lat="40.6324310" lon="-3.0655220">
    <ele>794.6</ele>
   </trkpt>
   <trkpt lat="40.6323700" lon="-3.0655220">
    <ele>794.4</ele>
   </trkpt>
   <trkpt lat="40.6323050" lon="-3.0655240">
    <ele>794.4</ele>
   </trkpt>
   <trkpt lat="40.6322400" lon="-3.0655260">
    <ele>794.4</ele>
   </trkpt>
   <trkpt lat="40.6321750" lon="-3.0655300">
    <ele>794.4</ele>
   </trkpt>
   <trkpt lat="40.6321140" lon="-3.0655340">
    <ele>794.2</ele>
   </trkpt>
   <trkpt lat="40.6320460" lon="-3.0655390">
    <ele>794.2</ele>
   </trkpt>
   <trkpt lat="40.6319770" lon="-3.0655420">
    <ele>793.8</ele>
   </trkpt>
   <trkpt lat="40.6319200" lon="-3.0655460">
    <ele>793.6</ele>
   </trkpt>
   <trkpt lat="40.6318510" lon="-3.0655540">
    <ele>793.4</ele>
   </trkpt>
   <trkpt lat="40.6317710" lon="-3.0655680">
    <ele>793.0</ele>
   </trkpt>
   <trkpt lat="40.6316830" lon="-3.0655860">
    <ele>792.8</ele>
   </trkpt>
   <trkpt lat="40.6316070" lon="-3.0656030">
    <ele>792.6</ele>
   </trkpt>
   <trkpt lat="40.6315310" lon="-3.0656170">
    <ele>792.2</ele>
   </trkpt>
   <trkpt lat="40.6314510" lon="-3.0656270">
    <ele>792.0</ele>
   </trkpt>
   <trkpt lat="40.6313740" lon="-3.0656340">
    <ele>791.6</ele>
   </trkpt>
   <trkpt lat="40.6312940" lon="-3.0656410">
    <ele>791.4</ele>
   </trkpt>
   <trkpt lat="40.6312180" lon="-3.0656490">
    <ele>791.2</ele>
   </trkpt>
   <trkpt lat="40.6311490" lon="-3.0656560">
    <ele>791.0</ele>
   </trkpt>
   <trkpt lat="40.6310580" lon="-3.0656670">
    <ele>790.8</ele>
   </trkpt>
   <trkpt lat="40.6309850" lon="-3.0656770">
    <ele>790.8</ele>
   </trkpt>
   <trkpt lat="40.6309280" lon="-3.0656880">
    <ele>790.6</ele>
   </trkpt>
   <trkpt lat="40.6308560" lon="-3.0656990">
    <ele>790.8</ele>
   </trkpt>
   <trkpt lat="40.6307790" lon="-3.0657070">
    <ele>790.8</ele>
   </trkpt>
   <trkpt lat="40.6306990" lon="-3.0657130">
    <ele>790.8</ele>
   </trkpt>
   <trkpt lat="40.6306300" lon="-3.0657130">
    <ele>791.0</ele>
   </trkpt>
   <trkpt lat="40.6305770" lon="-3.0657050">
    <ele>791.2</ele>
   </trkpt>
   <trkpt lat="40.6305160" lon="-3.0656970">
    <ele>791.6</ele>
   </trkpt>
   <trkpt lat="40.6304590" lon="-3.0656860">
    <ele>791.8</ele>
   </trkpt>
   <trkpt lat="40.6303980" lon="-3.0656720">
    <ele>792.0</ele>
   </trkpt>
   <trkpt lat="40.6303330" lon="-3.0656520">
    <ele>792.2</ele>
   </trkpt>
   <trkpt lat="40.6302910" lon="-3.0656350">
    <ele>792.4</ele>
   </trkpt>
   <trkpt lat="40.6302380" lon="-3.0656130">
    <ele>792.4</ele>
   </trkpt>
   <trkpt lat="40.6301800" lon="-3.0655910">
    <ele>792.6</ele>
   </trkpt>
   <trkpt lat="40.6301190" lon="-3.0655650">
    <ele>792.6</ele>
   </trkpt>
   <trkpt lat="40.6300660" lon="-3.0655400">
    <ele>792.8</ele>
   </trkpt>
   <trkpt lat="40.6300200" lon="-3.0655220">
    <ele>792.8</ele>
   </trkpt>
   <trkpt lat="40.6299670" lon="-3.0655000">
    <ele>792.8</ele>
   </trkpt>
   <trkpt lat="40.6299020" lon="-3.0654770">
    <ele>792.8</ele>
   </trkpt>
   <trkpt lat="40.6298520" lon="-3.0654550">
    <ele>793.0</ele>
   </trkpt>
   <trkpt lat="40.6298100" lon="-3.0654380">
    <ele>793.0</ele>
   </trkpt>
   <trkpt lat="40.6297650" lon="-3.0654170">
    <ele>793.2</ele>
   </trkpt>
   <trkpt lat="40.6297150" lon="-3.0653930">
    <ele>793.2</ele>
   </trkpt>
   <trkpt lat="40.6296580" lon="-3.0653670">
    <ele>793.2</ele>
   </trkpt>
   <trkpt lat="40.6296200" lon="-3.0653490">
    <ele>793.4</ele>
   </trkpt>
   <trkpt lat="40.6295700" lon="-3.0653290">
    <ele>793.6</ele>
   </trkpt>
   <trkpt lat="40.6295280" lon="-3.0653080">
    <ele>793.6</ele>
   </trkpt>
   <trkpt lat="40.6294750" lon="-3.0652770">
    <ele>793.8</ele>
   </trkpt>
   <trkpt lat="40.6294400" lon="-3.0652550">
    <ele>794.0</ele>
   </trkpt>
   <trkpt lat="40.6293940" lon="-3.0652300">
    <ele>794.2</ele>
   </trkpt>
   <trkpt lat="40.6293600" lon="-3.0652150">
    <ele>794.4</ele>
   </trkpt>
   <trkpt lat="40.6293220" lon="-3.0651950">
    <ele>794.6</ele>
   </trkpt>
   <trkpt lat="40.6292840" lon="-3.0651740">
    <ele>794.6</ele>
   </trkpt>
   <trkpt lat="40.6292420" lon="-3.0651430">
    <ele>794.8</ele>
   </trkpt>
   <trkpt lat="40.6292080" lon="-3.0651160">
    <ele>795.0</ele>
   </trkpt>
   <trkpt lat="40.6291810" lon="-3.0650910">
    <ele>795.0</ele>
   </trkpt>
   <trkpt lat="40.6291500" lon="-3.0650630">
    <ele>795.2</ele>
   </trkpt>
   <trkpt lat="40.6291160" lon="-3.0650290">
    <ele>795.2</ele>
   </trkpt>
   <trkpt lat="40.6290780" lon="-3.0649940">
    <ele>795.4</ele>
   </trkpt>
   <trkpt lat="40.6290510" lon="-3.0649650">
    <ele>795.4</ele>
   </trkpt>
   <trkpt lat="40.6290210" lon="-3.0649370">
    <ele>795.4</ele>
   </trkpt>
   <trkpt lat="40.6289860" lon="-3.0648960">
    <ele>795.6</ele>
   </trkpt>
   <trkpt lat="40.6289600" lon="-3.0648620">
    <ele>795.6</ele>
   </trkpt>
   <trkpt lat="40.6289290" lon="-3.0648340">
    <ele>795.6</ele>
   </trkpt>
   <trkpt lat="40.6288990" lon="-3.0648010">
    <ele>795.8</ele>
   </trkpt>
   <trkpt lat="40.6288640" lon="-3.0647690">
    <ele>795.8</ele>
   </trkpt>
   <trkpt lat="40.6288220" lon="-3.0647310">
    <ele>795.8</ele>
   </trkpt>
   <trkpt lat="40.6287880" lon="-3.0647000">
    <ele>796.0</ele>
   </trkpt>
   <trkpt lat="40.6287610" lon="-3.0646760">
    <ele>796.0</ele>
   </trkpt>
   <trkpt lat="40.6287190" lon="-3.0646400">
    <ele>796.2</ele>
   </trkpt>
   <trkpt lat="40.6286810" lon="-3.0646110">
    <ele>796.2</ele>
   </trkpt>
   <trkpt lat="40.6286470" lon="-3.0645870">
    <ele>796.4</ele>
   </trkpt>
   <trkpt lat="40.6286090" lon="-3.0645640">
    <ele>796.4</ele>
   </trkpt>
   <trkpt lat="40.6285740" lon="-3.0645470">
    <ele>796.6</ele>
   </trkpt>
   <trkpt lat="40.6285360" lon="-3.0645260">
    <ele>796.6</ele>
   </trkpt>
   <trkpt lat="40.6284790" lon="-3.0645000">
    <ele>796.6</ele>
   </trkpt>
   <trkpt lat="40.6284290" lon="-3.0644820">
    <ele>796.6</ele>
   </trkpt>
   <trkpt lat="40.6283840" lon="-3.0644690">
    <ele>796.6</ele>
   </trkpt>
   <trkpt lat="40.6283340" lon="-3.0644610">
    <ele>796.6</ele>
   </trkpt>
   <trkpt lat="40.6282960" lon="-3.0644540">
    <ele>796.6</ele>
   </trkpt>
   <trkpt lat="40.6282390" lon="-3.0644420">
    <ele>796.4</ele>
   </trkpt>
   <trkpt lat="40.6281930" lon="-3.0644250">
    <ele>796.4</ele>
   </trkpt>
   <trkpt lat="40.6281430" lon="-3.0644120">
    <ele>796.2</ele>
   </trkpt>
   <trkpt lat="40.6280940" lon="-3.0643990">
    <ele>796.0</ele>
   </trkpt>
   <trkpt lat="40.6280480" lon="-3.0643900">
    <ele>795.8</ele>
   </trkpt>
   <trkpt lat="40.6279790" lon="-3.0643700">
    <ele>795.6</ele>
   </trkpt>
   <trkpt lat="40.6279140" lon="-3.0643520">
    <ele>795.2</ele>
   </trkpt>
   <trkpt lat="40.6278500" lon="-3.0643360">
    <ele>794.8</ele>
   </trkpt>
   <trkpt lat="40.6277920" lon="-3.0643240">
    <ele>794.4</ele>
   </trkpt>
   <trkpt lat="40.6277120" lon="-3.0643060">
    <ele>794.0</ele>
   </trkpt>
   <trkpt lat="40.6276440" lon="-3.0642900">
    <ele>793.8</ele>
   </trkpt>
   <trkpt lat="40.6275710" lon="-3.0642700">
    <ele>793.4</ele>
   </trkpt>
   <trkpt lat="40.6274990" lon="-3.0642540">
    <ele>793.0</ele>
   </trkpt>
   <trkpt lat="40.6274380" lon="-3.0642390">
    <ele>792.6</ele>
   </trkpt>
   <trkpt lat="40.6273500" lon="-3.0642220">
    <ele>792.2</ele>
   </trkpt>
   <trkpt lat="40.6272700" lon="-3.0642090">
    <ele>791.8</ele>
   </trkpt>
   <trkpt lat="40.6271930" lon="-3.0641960">
    <ele>791.4</ele>
   </trkpt>
   <trkpt lat="40.6271290" lon="-3.0641830">
    <ele>791.0</ele>
   </trkpt>
   <trkpt lat="40.6270370" lon="-3.0641620">
    <ele>790.8</ele>
   </trkpt>
   <trkpt lat="40.6269570" lon="-3.0641390">
    <ele>790.4</ele>
   </trkpt>
   <trkpt lat="40.6268840" lon="-3.0641220">
    <ele>790.2</ele>
   </trkpt>
   <trkpt lat="40.6268200" lon="-3.0641120">
    <ele>790.0</ele>
   </trkpt>
   <trkpt lat="40.6267430" lon="-3.0640950">
    <ele>789.8</ele>
   </trkpt>
   <trkpt lat="40.6266560" lon="-3.0640750">
    <ele>789.6</ele>
   </trkpt>
   <trkpt lat="40.6265870" lon="-3.0640530">
    <ele>789.4</ele>
   </trkpt>
   <trkpt lat="40.6265140" lon="-3.0640280">
    <ele>789.2</ele>
   </trkpt>
   <trkpt lat="40.6264380" lon="-3.0640050">
    <ele>789.0</ele>
   </trkpt>
   <trkpt lat="40.6263580" lon="-3.0639910">
    <ele>788.8</ele>
   </trkpt>
   <trkpt lat="40.6262780" lon="-3.0639780">
    <ele>788.6</ele>
   </trkpt>
   <trkpt lat="40.6262020" lon="-3.0639700">
    <ele>788.6</ele>
   </trkpt>
   <trkpt lat="40.6261330" lon="-3.0639670">
    <ele>788.4</ele>
   </trkpt>
   <trkpt lat="40.6260570" lon="-3.0639670">
    <ele>788.4</ele>
   </trkpt>
   <trkpt lat="40.6259690" lon="-3.0639720">
    <ele>788.2</ele>
   </trkpt>
   <trkpt lat="40.6258890" lon="-3.0639810">
    <ele>788.2</ele>
   </trkpt>
   <trkpt lat="40.6258160" lon="-3.0639960">
    <ele>788.2</ele>
   </trkpt>
   <trkpt lat="40.6257550" lon="-3.0640100">
    <ele>788.2</ele>
   </trkpt>
   <trkpt lat="40.6256830" lon="-3.0640300">
    <ele>788.0</ele>
   </trkpt>
   <trkpt lat="40.6255950" lon="-3.0640530">
    <ele>788.0</ele>
   </trkpt>
   <trkpt lat="40.6255150" lon="-3.0640730">
    <ele>787.8</ele>
   </trkpt>
   <trkpt lat="40.6254420" lon="-3.0640930">
    <ele>787.4</ele>
   </trkpt>
   <trkpt lat="40.6253740" lon="-3.0641100">
    <ele>787.0</ele>
   </trkpt>
   <trkpt lat="40.6252820" lon="-3.0641370">
    <ele>786.8</ele>
   </trkpt>
   <trkpt lat="40.6251980" lon="-3.0641570">
    <ele>786.6</ele>
   </trkpt>
   <trkpt lat="40.6251180" lon="-3.0641750">
    <ele>786.2</ele>
   </trkpt>
   <trkpt lat="40.6250420" lon="-3.0641910">
    <ele>786.0</ele>
   </trkpt>
   <trkpt lat="40.6249770" lon="-3.0642050">
    <ele>785.8</ele>
   </trkpt>
   <trkpt lat="40.6248860" lon="-3.0642300">
    <ele>785.4</ele>
   </trkpt>
   <trkpt lat="40.6248090" lon="-3.0642500">
    <ele>785.2</ele>
   </trkpt>
   <trkpt lat="40.6247330" lon="-3.0642700">
    <ele>785.2</ele>
   </trkpt>
   <trkpt lat="40.6246640" lon="-3.0642870">
    <ele>785.0</ele>
   </trkpt>
   <trkpt lat="40.6245690" lon="-3.0643100">
    <ele>784.8</ele>
   </trkpt>
   <trkpt lat="40.6244890" lon="-3.0643280">
    <ele>784.6</ele>
   </trkpt>
   <trkpt lat="40.6244090" lon="-3.0643450">
    <ele>784.2</ele>
   </trkpt>
   <trkpt lat="40.6243320" lon="-3.0643590">
    <ele>784.0</ele>
   </trkpt>
   <trkpt lat="40.6242640" lon="-3.0643690">
    <ele>783.6</ele>
   </trkpt>
   <trkpt lat="40.6241800" lon="-3.0643810">
    <ele>783.2</ele>
   </trkpt>
   <trkpt lat="40.6240960" lon="-3.0643960">
    <ele>782.8</ele>
   </trkpt>
   <trkpt lat="40.6240120" lon="-3.0644090">
    <ele>782.4</ele>
   </trkpt>
   <trkpt lat="40.6239090" lon="-3.0644220">
    <ele>782.0</ele>
   </trkpt>
   <trkpt lat="40.6238400" lon="-3.0644330">
    <ele>781.6</ele>
   </trkpt>
   <trkpt lat="40.6237340" lon="-3.0644480">
    <ele>781.2</ele>
   </trkpt>
   <trkpt lat="40.6236500" lon="-3.0644590">
    <ele>781.0</ele>
   </trkpt>
   <trkpt lat="40.6235660" lon="-3.0644690">
    <ele>780.8</ele>
   </trkpt>
   <trkpt lat="40.6234820" lon="-3.0644690">
    <ele>780.6</ele>
   </trkpt>
   <trkpt lat="40.6234020" lon="-3.0644540">
    <ele>780.4</ele>
   </trkpt>
   <trkpt lat="40.6233330" lon="-3.0644250">
    <ele>780.4</ele>
   </trkpt>
   <trkpt lat="40.6232640" lon="-3.0643810">
    <ele>780.2</ele>
   </trkpt>
   <trkpt lat="40.6231960" lon="-3.0643270">
    <ele>780.2</ele>
   </trkpt>
   <trkpt lat="40.6231350" lon="-3.0642710">
    <ele>780.2</ele>
   </trkpt>
   <trkpt lat="40.6230850" lon="-3.0642230">
    <ele>780.2</ele>
   </trkpt>
   <trkpt lat="40.6230280" lon="-3.0641660">
    <ele>780.2</ele>
   </trkpt>
   <trkpt lat="40.6229630" lon="-3.0641010">
    <ele>780.4</ele>
   </trkpt>
   <trkpt lat="40.6229170" lon="-3.0640570">
    <ele>780.6</ele>
   </trkpt>
   <trkpt lat="40.6228640" lon="-3.0640070">
    <ele>780.8</ele>
   </trkpt>
   <trkpt lat="40.6227990" lon="-3.0639490">
    <ele>781.0</ele>
   </trkpt>
   <trkpt lat="40.6227460" lon="-3.0639030">
    <ele>781.2</ele>
   </trkpt>
   <trkpt lat="40.6227000" lon="-3.0638670">
    <ele>781.2</ele>
   </trkpt>
   <trkpt lat="40.6226460" lon="-3.0638280">
    <ele>781.2</ele>
   </trkpt>
   <trkpt lat="40.6225890" lon="-3.0637890">
    <ele>781.2</ele>
   </trkpt>
   <trkpt lat="40.6225200" lon="-3.0637480">
    <ele>781.0</ele>
   </trkpt>
   <trkpt lat="40.6224590" lon="-3.0637110">
    <ele>781.0</ele>
   </trkpt>
   <trkpt lat="40.6223980" lon="-3.0636740">
    <ele>781.0</ele>
   </trkpt>
   <trkpt lat="40.6223410" lon="-3.0636380">
    <ele>780.8</ele>
   </trkpt>
   <trkpt lat="40.6222800" lon="-3.0636010">
    <ele>780.8</ele>
   </trkpt>
   <trkpt lat="40.6222230" lon="-3.0635660">
    <ele>780.6</ele>
   </trkpt>
   <trkpt lat="40.6221580" lon="-3.0635360">
    <ele>780.6</ele>
   </trkpt>
   <trkpt lat="40.6220970" lon="-3.0635090">
    <ele>780.6</ele>
   </trkpt>
   <trkpt lat="40.6220280" lon="-3.0634820">
    <ele>780.6</ele>
   </trkpt>
   <trkpt lat="40.6219630" lon="-3.0634550">
    <ele>780.6</ele>
   </trkpt>
   <trkpt lat="40.6219020" lon="-3.0634340">
    <ele>780.8</ele>
   </trkpt>
   <trkpt lat="40.6218410" lon="-3.0634160">
    <ele>781.0</ele>
   </trkpt>
   <trkpt lat="40.6217800" lon="-3.0634010">
    <ele>781.0</ele>
   </trkpt>
   <trkpt lat="40.6217310" lon="-3.0633950">
    <ele>781.2</ele>
   </trkpt>
   <trkpt lat="40.6216620" lon="-3.0633860">
    <ele>781.2</ele>
   </trkpt>
   <trkpt lat="40.6216050" lon="-3.0633830">
    <ele>781.2</ele>
   </trkpt>
   <trkpt lat="40.6215590" lon="-3.0633830">
    <ele>781.4</ele>
   </trkpt>
   <trkpt lat="40.6215060" lon="-3.0633850">
    <ele>781.4</ele>
   </trkpt>
   <trkpt lat="40.6214520" lon="-3.0633870">
    <ele>781.4</ele>
   </trkpt>
   <trkpt lat="40.6213910" lon="-3.0633870">
    <ele>781.4</ele>
   </trkpt>
   <trkpt lat="40.6213340" lon="-3.0633890">
    <ele>781.4</ele>
   </trkpt>
   <trkpt lat="40.6212730" lon="-3.0633900">
    <ele>781.4</ele>
   </trkpt>
   <trkpt lat="40.6212120" lon="-3.0633940">
    <ele>781.2</ele>
   </trkpt>
   <trkpt lat="40.6211510" lon="-3.0633970">
    <ele>781.0</ele>
   </trkpt>
   <trkpt lat="40.6210820" lon="-3.0634000">
    <ele>780.8</ele>
   </trkpt>
   <trkpt lat="40.6210100" lon="-3.0633980">
    <ele>780.6</ele>
   </trkpt>
   <trkpt lat="40.6209490" lon="-3.0633890">
    <ele>780.2</ele>
   </trkpt>
   <trkpt lat="40.6208880" lon="-3.0633790">
    <ele>780.2</ele>
   </trkpt>
   <trkpt lat="40.6208040" lon="-3.0633600">
    <ele>780.0</ele>
   </trkpt>
   <trkpt lat="40.6207350" lon="-3.0633420">
    <ele>779.8</ele>
   </trkpt>
   <trkpt lat="40.6206820" lon="-3.0633220">
    <ele>779.6</ele>
   </trkpt>
   <trkpt lat="40.6206170" lon="-3.0632940">
    <ele>779.6</ele>
   </trkpt>
   <trkpt lat="40.6205480" lon="-3.0632640">
    <ele>779.4</ele>
   </trkpt>
   <trkpt lat="40.6204680" lon="-3.0632300">
    <ele>779.4</ele>
   </trkpt>
   <trkpt lat="40.6203990" lon="-3.0632000">
    <ele>779.2</ele>
   </trkpt>
   <trkpt lat="40.6203460" lon="-3.0631780">
    <ele>779.0</ele>
   </trkpt>
   <trkpt lat="40.6202810" lon="-3.0631520">
    <ele>779.0</ele>
   </trkpt>
   <trkpt lat="40.6202200" lon="-3.0631230">
    <ele>779.0</ele>
   </trkpt>
   <trkpt lat="40.6201510" lon="-3.0630960">
    <ele>779.0</ele>
   </trkpt>
   <trkpt lat="40.6200750" lon="-3.0630660">
    <ele>778.8</ele>
   </trkpt>
   <trkpt lat="40.6200220" lon="-3.0630510">
    <ele>778.8</ele>
   </trkpt>
   <trkpt lat="40.6199530" lon="-3.0630360">
    <ele>778.6</ele>
   </trkpt>
   <trkpt lat="40.6198810" lon="-3.0630300">
    <ele>778.4</ele>
   </trkpt>
   <trkpt lat="40.6198080" lon="-3.0630250">
    <ele>778.2</ele>
   </trkpt>
   <trkpt lat="40.6197400" lon="-3.0630220">
    <ele>778.2</ele>
   </trkpt>
   <trkpt lat="40.6196670" lon="-3.0630270">
    <ele>778.0</ele>
   </trkpt>
   <trkpt lat="40.6195950" lon="-3.0630340">
    <ele>778.0</ele>
   </trkpt>
   <trkpt lat="40.6195220" lon="-3.0630390">
    <ele>778.0</ele>
   </trkpt>
   <trkpt lat="40.6194500" lon="-3.0630420">
    <ele>777.8</ele>
   </trkpt>
   <trkpt lat="40.6193810" lon="-3.0630450">
    <ele>777.8</ele>
   </trkpt>
   <trkpt lat="40.6193080" lon="-3.0630490">
    <ele>777.8</ele>
   </trkpt>
   <trkpt lat="40.6192360" lon="-3.0630550">
    <ele>777.8</ele>
   </trkpt>
   <trkpt lat="40.6191710" lon="-3.0630600">
    <ele>777.8</ele>
   </trkpt>
   <trkpt lat="40.6191020" lon="-3.0630660">
    <ele>777.8</ele>
   </trkpt>
   <trkpt lat="40.6190380" lon="-3.0630740">
    <ele>777.8</ele>
   </trkpt>
   <trkpt lat="40.6189690" lon="-3.0630770">
    <ele>777.8</ele>
   </trkpt>
   <trkpt lat="40.6189040" lon="-3.0630780">
    <ele>777.8</ele>
   </trkpt>
   <trkpt lat="40.6188350" lon="-3.0630710">
    <ele>777.8</ele>
   </trkpt>
   <trkpt lat="40.6187670" lon="-3.0630610">
    <ele>777.8</ele>
   </trkpt>
   <trkpt lat="40.6186980" lon="-3.0630420">
    <ele>777.6</ele>
   </trkpt>
   <trkpt lat="40.6186290" lon="-3.0630210">
    <ele>777.6</ele>
   </trkpt>
   <trkpt lat="40.6185650" lon="-3.0629990">
    <ele>777.6</ele>
   </trkpt>
   <trkpt lat="40.6184960" lon="-3.0629740">
    <ele>777.6</ele>
   </trkpt>
   <trkpt lat="40.6184310" lon="-3.0629540">
    <ele>777.6</ele>
   </trkpt>
   <trkpt lat="40.6183660" lon="-3.0629470">
    <ele>777.6</ele>
   </trkpt>
   <trkpt lat="40.6182980" lon="-3.0629490">
    <ele>777.4</ele>
   </trkpt>
   <trkpt lat="40.6182330" lon="-3.0629640">
    <ele>777.4</ele>
   </trkpt>
   <trkpt lat="40.6181720" lon="-3.0629870">
    <ele>777.4</ele>
   </trkpt>
   <trkpt lat="40.6180990" lon="-3.0630170">
    <ele>777.4</ele>
   </trkpt>
   <trkpt lat="40.6180340" lon="-3.0630520">
    <ele>777.4</ele>
   </trkpt>
   <trkpt lat="40.6179730" lon="-3.0630890">
    <ele>777.4</ele>
   </trkpt>
   <trkpt lat="40.6179120" lon="-3.0631270">
    <ele>777.2</ele>
   </trkpt>
   <trkpt lat="40.6178510" lon="-3.0631630">
    <ele>777.2</ele>
   </trkpt>
   <trkpt lat="40.6177860" lon="-3.0631960">
    <ele>777.0</ele>
   </trkpt>
   <trkpt lat="40.6177210" lon="-3.0632260">
    <ele>777.0</ele>
   </trkpt>
   <trkpt lat="40.6176570" lon="-3.0632550">
    <ele>777.0</ele>
   </trkpt>
   <trkpt lat="40.6175880" lon="-3.0632770">
    <ele>777.0</ele>
   </trkpt>
   <trkpt lat="40.6175190" lon="-3.0632920">
    <ele>777.0</ele>
   </trkpt>
   <trkpt lat="40.6174470" lon="-3.0632980">
    <ele>777.0</ele>
   </trkpt>
   <trkpt lat="40.6173780" lon="-3.0632960">
    <ele>777.0</ele>
   </trkpt>
   <trkpt lat="40.6173100" lon="-3.0632930">
    <ele>776.8</ele>
   </trkpt>
   <trkpt lat="40.6172410" lon="-3.0632880">
    <ele>776.8</ele>
   </trkpt>
   <trkpt lat="40.6171760" lon="-3.0632780">
    <ele>776.6</ele>
   </trkpt>
   <trkpt lat="40.6171110" lon="-3.0632680">
    <ele>776.6</ele>
   </trkpt>
   <trkpt lat="40.6170420" lon="-3.0632560">
    <ele>776.6</ele>
   </trkpt>
   <trkpt lat="40.6169740" lon="-3.0632480">
    <ele>776.6</ele>
   </trkpt>
   <trkpt lat="40.6169090" lon="-3.0632400">
    <ele>776.6</ele>
   </trkpt>
   <trkpt lat="40.6168400" lon="-3.0632330">
    <ele>776.4</ele>
   </trkpt>
   <trkpt lat="40.6167720" lon="-3.0632300">
    <ele>776.4</ele>
   </trkpt>
   <trkpt lat="40.6167030" lon="-3.0632300">
    <ele>776.4</ele>
   </trkpt>
   <trkpt lat="40.6166310" lon="-3.0632330">
    <ele>776.2</ele>
   </trkpt>
   <trkpt lat="40.6165620" lon="-3.0632330">
    <ele>776.4</ele>
   </trkpt>
   <trkpt lat="40.6164930" lon="-3.0632370">
    <ele>776.4</ele>
   </trkpt>
   <trkpt lat="40.6164250" lon="-3.0632400">
    <ele>776.4</ele>
   </trkpt>
   <trkpt lat="40.6163600" lon="-3.0632440">
    <ele>776.6</ele>
   </trkpt>
   <trkpt lat="40.6162950" lon="-3.0632480">
    <ele>776.6</ele>
   </trkpt>
   <trkpt lat="40.6162260" lon="-3.0632520">
    <ele>776.6</ele>
   </trkpt>
   <trkpt lat="40.6161610" lon="-3.0632530">
    <ele>776.6</ele>
   </trkpt>
   <trkpt lat="40.6161000" lon="-3.0632530">
    <ele>776.8</ele>
   </trkpt>
   <trkpt lat="40.6160390" lon="-3.0632500">
    <ele>777.0</ele>
   </trkpt>
   <trkpt lat="40.6159740" lon="-3.0632410">
    <ele>777.0</ele>
   </trkpt>
   <trkpt lat="40.6159210" lon="-3.0632280">
    <ele>777.2</ele>
   </trkpt>
   <trkpt lat="40.6158600" lon="-3.0632110">
    <ele>777.4</ele>
   </trkpt>
   <trkpt lat="40.6158070" lon="-3.0631930">
    <ele>777.6</ele>
   </trkpt>
   <trkpt lat="40.6157490" lon="-3.0631730">
    <ele>777.8</ele>
   </trkpt>
   <trkpt lat="40.6156960" lon="-3.0631510">
    <ele>777.8</ele>
   </trkpt>
   <trkpt lat="40.6156430" lon="-3.0631270">
    <ele>778.0</ele>
   </trkpt>
   <trkpt lat="40.6155970" lon="-3.0631010">
    <ele>778.0</ele>
   </trkpt>
   <trkpt lat="40.6155430" lon="-3.0630660">
    <ele>778.0</ele>
   </trkpt>
   <trkpt lat="40.6154940" lon="-3.0630330">
    <ele>778.0</ele>
   </trkpt>
   <trkpt lat="40.6154440" lon="-3.0629980">
    <ele>778.0</ele>
   </trkpt>
   <trkpt lat="40.6153980" lon="-3.0629640">
    <ele>778.0</ele>
   </trkpt>
   <trkpt lat="40.6153410" lon="-3.0629230">
    <ele>778.0</ele>
   </trkpt>
   <trkpt lat="40.6152950" lon="-3.0628850">
    <ele>778.0</ele>
   </trkpt>
   <trkpt lat="40.6152460" lon="-3.0628450">
    <ele>778.2</ele>
   </trkpt>
   <trkpt lat="40.6151960" lon="-3.0628070">
    <ele>778.0</ele>
   </trkpt>
   <trkpt lat="40.6151430" lon="-3.0627690">
    <ele>778.0</ele>
   </trkpt>
   <trkpt lat="40.6150890" lon="-3.0627300">
    <ele>778.0</ele>
   </trkpt>
   <trkpt lat="40.6150360" lon="-3.0626880">
    <ele>778.0</ele>
   </trkpt>
   <trkpt lat="40.6149860" lon="-3.0626450">
    <ele>778.0</ele>
   </trkpt>
   <trkpt lat="40.6149370" lon="-3.0626020">
    <ele>778.0</ele>
   </trkpt>
   <trkpt lat="40.6148910" lon="-3.0625590">
    <ele>778.0</ele>
   </trkpt>
   <trkpt lat="40.6148380" lon="-3.0625190">
    <ele>778.0</ele>
   </trkpt>
   <trkpt lat="40.6147840" lon="-3.0624770">
    <ele>778.0</ele>
   </trkpt>
   <trkpt lat="40.6147350" lon="-3.0624350">
    <ele>778.0</ele>
   </trkpt>
   <trkpt lat="40.6146810" lon="-3.0623940">
    <ele>778.0</ele>
   </trkpt>
   <trkpt lat="40.6146280" lon="-3.0623550">
    <ele>778.2</ele>
   </trkpt>
   <trkpt lat="40.6145740" lon="-3.0623190">
    <ele>778.2</ele>
   </trkpt>
   <trkpt lat="40.6145250" lon="-3.0622840">
    <ele>778.4</ele>
   </trkpt>
   <trkpt lat="40.6144750" lon="-3.0622470">
    <ele>778.4</ele>
   </trkpt>
   <trkpt lat="40.6144260" lon="-3.0622120">
    <ele>778.6</ele>
   </trkpt>
   <trkpt lat="40.6143760" lon="-3.0621750">
    <ele>778.8</ele>
   </trkpt>
   <trkpt lat="40.6143190" lon="-3.0621310">
    <ele>778.8</ele>
   </trkpt>
   <trkpt lat="40.6142810" lon="-3.0621000">
    <ele>778.8</ele>
   </trkpt>
   <trkpt lat="40.6142310" lon="-3.0620600">
    <ele>779.0</ele>
   </trkpt>
   <trkpt lat="40.6141740" lon="-3.0620130">
    <ele>779.0</ele>
   </trkpt>
   <trkpt lat="40.6141360" lon="-3.0619800">
    <ele>779.0</ele>
   </trkpt>
   <trkpt lat="40.6140860" lon="-3.0619390">
    <ele>779.0</ele>
   </trkpt>
   <trkpt lat="40.6140440" lon="-3.0618940">
    <ele>779.0</ele>
   </trkpt>
   <trkpt lat="40.6139980" lon="-3.0618440">
    <ele>778.8</ele>
   </trkpt>
   <trkpt lat="40.6139530" lon="-3.0617920">
    <ele>778.8</ele>
   </trkpt>
   <trkpt lat="40.6138920" lon="-3.0617290">
    <ele>778.6</ele>
   </trkpt>
   <trkpt lat="40.6138460" lon="-3.0616770">
    <ele>778.6</ele>
   </trkpt>
   <trkpt lat="40.6138080" lon="-3.0616370">
    <ele>778.6</ele>
   </trkpt>
   <trkpt lat="40.6137540" lon="-3.0615840">
    <ele>778.6</ele>
   </trkpt>
   <trkpt lat="40.6137160" lon="-3.0615500">
    <ele>778.4</ele>
   </trkpt>
   <trkpt lat="40.6136740" lon="-3.0615050">
    <ele>778.4</ele>
   </trkpt>
   <trkpt lat="40.6136320" lon="-3.0614620">
    <ele>778.2</ele>
   </trkpt>
   <trkpt lat="40.6135860" lon="-3.0614180">
    <ele>778.2</ele>
   </trkpt>
   <trkpt lat="40.6135410" lon="-3.0613750">
    <ele>778.0</ele>
   </trkpt>
   <trkpt lat="40.6134950" lon="-3.0613320">
    <ele>777.8</ele>
   </trkpt>
   <trkpt lat="40.6134450" lon="-3.0612830">
    <ele>777.6</ele>
   </trkpt>
   <trkpt lat="40.6133920" lon="-3.0612370">
    <ele>777.6</ele>
   </trkpt>
   <trkpt lat="40.6133380" lon="-3.0611930">
    <ele>777.4</ele>
   </trkpt>
   <trkpt lat="40.6132850" lon="-3.0611430">
    <ele>777.2</ele>
   </trkpt>
   <trkpt lat="40.6132320" lon="-3.0610950">
    <ele>777.0</ele>
   </trkpt>
   <trkpt lat="40.6131740" lon="-3.0610500">
    <ele>777.0</ele>
   </trkpt>
   <trkpt lat="40.6131210" lon="-3.0610020">
    <ele>776.8</ele>
   </trkpt>
   <trkpt lat="40.6130600" lon="-3.0609430">
    <ele>776.8</ele>
   </trkpt>
   <trkpt lat="40.6130180" lon="-3.0609010">
    <ele>776.6</ele>
   </trkpt>
   <trkpt lat="40.6129680" lon="-3.0608490">
    <ele>776.4</ele>
   </trkpt>
   <trkpt lat="40.6129190" lon="-3.0607980">
    <ele>776.2</ele>
   </trkpt>
   <trkpt lat="40.6128730" lon="-3.0607450">
    <ele>776.0</ele>
   </trkpt>
   <trkpt lat="40.6128230" lon="-3.0606930">
    <ele>776.0</ele>
   </trkpt>
   <trkpt lat="40.6127660" lon="-3.0606430">
    <ele>775.8</ele>
   </trkpt>
   <trkpt lat="40.6127090" lon="-3.0605980">
    <ele>775.6</ele>
   </trkpt>
   <trkpt lat="40.6126520" lon="-3.0605550">
    <ele>775.6</ele>
   </trkpt>
   <trkpt lat="40.6125950" lon="-3.0605130">
    <ele>775.4</ele>
   </trkpt>
   <trkpt lat="40.6125340" lon="-3.0604670">
    <ele>775.4</ele>
   </trkpt>
   <trkpt lat="40.6124760" lon="-3.0604250">
    <ele>775.2</ele>
   </trkpt>
   <trkpt lat="40.6124230" lon="-3.0603850">
    <ele>775.2</ele>
   </trkpt>
   <trkpt lat="40.6123690" lon="-3.0603430">
    <ele>775.0</ele>
   </trkpt>
   <trkpt lat="40.6123160" lon="-3.0603040">
    <ele>775.0</ele>
   </trkpt>
   <trkpt lat="40.6122590" lon="-3.0602670">
    <ele>775.0</ele>
   </trkpt>
   <trkpt lat="40.6122090" lon="-3.0602320">
    <ele>775.0</ele>
   </trkpt>
   <trkpt lat="40.6121560" lon="-3.0602010">
    <ele>775.0</ele>
   </trkpt>
   <trkpt lat="40.6121030" lon="-3.0601650">
    <ele>775.0</ele>
   </trkpt>
   <trkpt lat="40.6120490" lon="-3.0601260">
    <ele>775.0</ele>
   </trkpt>
   <trkpt lat="40.6120000" lon="-3.0600860">
    <ele>774.8</ele>
   </trkpt>
   <trkpt lat="40.6119350" lon="-3.0600370">
    <ele>774.8</ele>
   </trkpt>
   <trkpt lat="40.6118930" lon="-3.0600030">
    <ele>774.8</ele>
   </trkpt>
   <trkpt lat="40.6118350" lon="-3.0599560">
    <ele>774.6</ele>
   </trkpt>
   <trkpt lat="40.6117860" lon="-3.0599080">
    <ele>774.4</ele>
   </trkpt>
   <trkpt lat="40.6117360" lon="-3.0598570">
    <ele>774.4</ele>
   </trkpt>
   <trkpt lat="40.6116790" lon="-3.0597990">
    <ele>774.2</ele>
   </trkpt>
   <trkpt lat="40.6116450" lon="-3.0597600">
    <ele>774.2</ele>
   </trkpt>
   <trkpt lat="40.6116030" lon="-3.0597110">
    <ele>774.2</ele>
   </trkpt>
   <trkpt lat="40.6115570" lon="-3.0596630">
    <ele>774.2</ele>
   </trkpt>
   <trkpt lat="40.6115190" lon="-3.0596110">
    <ele>774.2</ele>
   </trkpt>
   <trkpt lat="40.6114850" lon="-3.0595580">
    <ele>774.0</ele>
   </trkpt>
   <trkpt lat="40.6114500" lon="-3.0595100">
    <ele>774.0</ele>
   </trkpt>
   <trkpt lat="40.6114200" lon="-3.0594650">
    <ele>774.0</ele>
   </trkpt>
   <trkpt lat="40.6113890" lon="-3.0594220">
    <ele>774.0</ele>
   </trkpt>
   <trkpt lat="40.6113510" lon="-3.0593780">
    <ele>774.0</ele>
   </trkpt>
   <trkpt lat="40.6113200" lon="-3.0593300">
    <ele>773.8</ele>
   </trkpt>
   <trkpt lat="40.6112820" lon="-3.0592740">
    <ele>773.6</ele>
   </trkpt>
   <trkpt lat="40.6112480" lon="-3.0592160">
    <ele>773.6</ele>
   </trkpt>
   <trkpt lat="40.6112020" lon="-3.0591520">
    <ele>773.4</ele>
   </trkpt>
   <trkpt lat="40.6111600" lon="-3.0590830">
    <ele>773.2</ele>
   </trkpt>
   <trkpt lat="40.6111260" lon="-3.0590030">
    <ele>773.0</ele>
   </trkpt>
   <trkpt lat="40.6110990" lon="-3.0589240">
    <ele>772.8</ele>
   </trkpt>
   <trkpt lat="40.6110760" lon="-3.0588540">
    <ele>772.6</ele>
   </trkpt>
   <trkpt lat="40.6110500" lon="-3.0587830">
    <ele>772.6</ele>
   </trkpt>
   <trkpt lat="40.6110270" lon="-3.0587130">
    <ele>772.6</ele>
   </trkpt>
   <trkpt lat="40.6110040" lon="-3.0586470">
    <ele>772.4</ele>
   </trkpt>
   <trkpt lat="40.6109770" lon="-3.0585820">
    <ele>772.6</ele>
   </trkpt>
   <trkpt lat="40.6109500" lon="-3.0585190">
    <ele>772.6</ele>
   </trkpt>
   <trkpt lat="40.6109240" lon="-3.0584590">
    <ele>772.6</ele>
   </trkpt>
   <trkpt lat="40.6109010" lon="-3.0584010">
    <ele>772.8</ele>
   </trkpt>
   <trkpt lat="40.6108820" lon="-3.0583430">
    <ele>772.8</ele>
   </trkpt>
   <trkpt lat="40.6108630" lon="-3.0582850">
    <ele>773.0</ele>
   </trkpt>
   <trkpt lat="40.6108400" lon="-3.0582220">
    <ele>773.2</ele>
   </trkpt>
   <trkpt lat="40.6108250" lon="-3.0581650">
    <ele>773.2</ele>
   </trkpt>
   <trkpt lat="40.6108020" lon="-3.0581170">
    <ele>773.2</ele>
   </trkpt>
   <trkpt lat="40.6107710" lon="-3.0580700">
    <ele>773.4</ele>
   </trkpt>
   <trkpt lat="40.6107410" lon="-3.0580230">
    <ele>773.4</ele>
   </trkpt>
   <trkpt lat="40.6107140" lon="-3.0579750">
    <ele>773.4</ele>
   </trkpt>
   <trkpt lat="40.6106870" lon="-3.0579300">
    <ele>773.6</ele>
   </trkpt>
   <trkpt lat="40.6106610" lon="-3.0578810">
    <ele>773.6</ele>
   </trkpt>
   <trkpt lat="40.6106340" lon="-3.0578310">
    <ele>773.4</ele>
   </trkpt>
   <trkpt lat="40.6106070" lon="-3.0577800">
    <ele>773.4</ele>
   </trkpt>
   <trkpt lat="40.6105770" lon="-3.0577200">
    <ele>773.2</ele>
   </trkpt>
   <trkpt lat="40.6105500" lon="-3.0576590">
    <ele>773.2</ele>
   </trkpt>
   <trkpt lat="40.6105190" lon="-3.0576010">
    <ele>773.2</ele>
   </trkpt>
   <trkpt lat="40.6104930" lon="-3.0575420">
    <ele>773.0</ele>
   </trkpt>
   <trkpt lat="40.6104660" lon="-3.0574860">
    <ele>773.0</ele>
   </trkpt>
   <trkpt lat="40.6104430" lon="-3.0574270">
    <ele>773.0</ele>
   </trkpt>
   <trkpt lat="40.6104160" lon="-3.0573700">
    <ele>773.0</ele>
   </trkpt>
   <trkpt lat="40.6103900" lon="-3.0573170">
    <ele>773.0</ele>
   </trkpt>
   <trkpt lat="40.6103670" lon="-3.0572630">
    <ele>773.0</ele>
   </trkpt>
   <trkpt lat="40.6103440" lon="-3.0572090">
    <ele>773.0</ele>
   </trkpt>
   <trkpt lat="40.6103210" lon="-3.0571570">
    <ele>773.0</ele>
   </trkpt>
   <trkpt lat="40.6103060" lon="-3.0571060">
    <ele>773.0</ele>
   </trkpt>
   <trkpt lat="40.6102870" lon="-3.0570560">
    <ele>773.0</ele>
   </trkpt>
   <trkpt lat="40.6102750" lon="-3.0570100">
    <ele>773.2</ele>
   </trkpt>
   <trkpt lat="40.6102640" lon="-3.0569630">
    <ele>773.2</ele>
   </trkpt>
   <trkpt lat="40.6102560" lon="-3.0569130">
    <ele>773.0</ele>
   </trkpt>
   <trkpt lat="40.6102490" lon="-3.0568620">
    <ele>772.8</ele>
   </trkpt>
   <trkpt lat="40.6102410" lon="-3.0568030">
    <ele>772.8</ele>
   </trkpt>
   <trkpt lat="40.6102410" lon="-3.0567430">
    <ele>772.8</ele>
   </trkpt>
   <trkpt lat="40.6102410" lon="-3.0566800">
    <ele>772.6</ele>
   </trkpt>
   <trkpt lat="40.6102410" lon="-3.0566180">
    <ele>772.4</ele>
   </trkpt>
   <trkpt lat="40.6102450" lon="-3.0565530">
    <ele>772.2</ele>
   </trkpt>
   <trkpt lat="40.6102520" lon="-3.0564820">
    <ele>771.8</ele>
   </trkpt>
   <trkpt lat="40.6102640" lon="-3.0564160">
    <ele>771.6</ele>
   </trkpt>
   <trkpt lat="40.6102790" lon="-3.0563540">
    <ele>771.4</ele>
   </trkpt>
   <trkpt lat="40.6102870" lon="-3.0562920">
    <ele>771.0</ele>
   </trkpt>
   <trkpt lat="40.6102980" lon="-3.0562360">
    <ele>770.8</ele>
   </trkpt>
   <trkpt lat="40.6103130" lon="-3.0561880">
    <ele>770.6</ele>
   </trkpt>
   <trkpt lat="40.6103250" lon="-3.0561410">
    <ele>770.2</ele>
   </trkpt>
   <trkpt lat="40.6103400" lon="-3.0560870">
    <ele>769.8</ele>
   </trkpt>
   <trkpt lat="40.6103480" lon="-3.0560110">
    <ele>769.4</ele>
   </trkpt>
   <trkpt lat="40.6103400" lon="-3.0559310">
    <ele>769.0</ele>
   </trkpt>
   <trkpt lat="40.6103210" lon="-3.0558560">
    <ele>768.4</ele>
   </trkpt>
   <trkpt lat="40.6103020" lon="-3.0557890">
    <ele>768.2</ele>
   </trkpt>
   <trkpt lat="40.6102980" lon="-3.0557140">
    <ele>767.8</ele>
   </trkpt>
   <trkpt lat="40.6103020" lon="-3.0556410">
    <ele>767.4</ele>
   </trkpt>
   <trkpt lat="40.6103130" lon="-3.0555710">
    <ele>767.2</ele>
   </trkpt>
   <trkpt lat="40.6103210" lon="-3.0554980">
    <ele>766.8</ele>
   </trkpt>
   <trkpt lat="40.6103290" lon="-3.0554250">
    <ele>766.6</ele>
   </trkpt>
   <trkpt lat="40.6103400" lon="-3.0553660">
    <ele>766.2</ele>
   </trkpt>
   <trkpt lat="40.6103440" lon="-3.0553140">
    <ele>766.0</ele>
   </trkpt>
   <trkpt lat="40.6103400" lon="-3.0552780">
    <ele>765.8</ele>
   </trkpt>
   <trkpt lat="40.6103170" lon="-3.0552560">
    <ele>765.6</ele>
   </trkpt>
   <trkpt lat="40.6103060" lon="-3.0552290">
    <ele>765.4</ele>
   </trkpt>
   <trkpt lat="40.6103100" lon="-3.0551960">
    <ele>765.2</ele>
   </trkpt>
   <trkpt lat="40.6103210" lon="-3.0551600">
    <ele>764.8</ele>
   </trkpt>
   <trkpt lat="40.6103320" lon="-3.0551220">
    <ele>764.6</ele>
   </trkpt>
   <trkpt lat="40.6103400" lon="-3.0550850">
    <ele>764.6</ele>
   </trkpt>
   <trkpt lat="40.6103590" lon="-3.0550480">
    <ele>764.4</ele>
   </trkpt>
   <trkpt lat="40.6103670" lon="-3.0550070">
    <ele>764.4</ele>
   </trkpt>
   <trkpt lat="40.6103740" lon="-3.0549650">
    <ele>764.4</ele>
   </trkpt>
   <trkpt lat="40.6103820" lon="-3.0549250">
    <ele>764.4</ele>
   </trkpt>
   <trkpt lat="40.6103940" lon="-3.0548870">
    <ele>764.4</ele>
   </trkpt>
   <trkpt lat="40.6104010" lon="-3.0548540">
    <ele>764.4</ele>
   </trkpt>
   <trkpt lat="40.6104050" lon="-3.0548220">
    <ele>764.4</ele>
   </trkpt>
   <trkpt lat="40.6104090" lon="-3.0547890">
    <ele>764.2</ele>
   </trkpt>
   <trkpt lat="40.6104130" lon="-3.0547520">
    <ele>764.2</ele>
   </trkpt>
   <trkpt lat="40.6104280" lon="-3.0547160">
    <ele>764.0</ele>
   </trkpt>
   <trkpt lat="40.6104470" lon="-3.0546850">
    <ele>764.0</ele>
   </trkpt>
   <trkpt lat="40.6104740" lon="-3.0546560">
    <ele>763.8</ele>
   </trkpt>
   <trkpt lat="40.6104960" lon="-3.0546270">
    <ele>763.8</ele>
   </trkpt>
   <trkpt lat="40.6105080" lon="-3.0546080">
    <ele>763.8</ele>
   </trkpt>
   <trkpt lat="40.6105160" lon="-3.0545870">
    <ele>763.8</ele>
   </trkpt>
   <trkpt lat="40.6105230" lon="-3.0545630">
    <ele>763.8</ele>
   </trkpt>
   <trkpt lat="40.6105310" lon="-3.0545360">
    <ele>764.0</ele>
   </trkpt>
   <trkpt lat="40.6105380" lon="-3.0545060">
    <ele>764.0</ele>
   </trkpt>
   <trkpt lat="40.6105500" lon="-3.0544680">
    <ele>764.2</ele>
   </trkpt>
   <trkpt lat="40.6105610" lon="-3.0544430">
    <ele>764.4</ele>
   </trkpt>
   <trkpt lat="40.6105770" lon="-3.0544150">
    <ele>764.8</ele>
   </trkpt>
   <trkpt lat="40.6105920" lon="-3.0543770">
    <ele>765.0</ele>
   </trkpt>
   <trkpt lat="40.6106070" lon="-3.0543390">
    <ele>765.2</ele>
   </trkpt>
   <trkpt lat="40.6106110" lon="-3.0543060">
    <ele>765.6</ele>
   </trkpt>
   <trkpt lat="40.6105990" lon="-3.0542740">
    <ele>765.8</ele>
   </trkpt>
   <trkpt lat="40.6105840" lon="-3.0542380">
    <ele>766.0</ele>
   </trkpt>
   <trkpt lat="40.6105840" lon="-3.0542090">
    <ele>766.2</ele>
   </trkpt>
   <trkpt lat="40.6105990" lon="-3.0541680">
    <ele>766.2</ele>
   </trkpt>
   <trkpt lat="40.6106220" lon="-3.0541260">
    <ele>766.4</ele>
   </trkpt>
   <trkpt lat="40.6106450" lon="-3.0540800">
    <ele>766.6</ele>
   </trkpt>
   <trkpt lat="40.6106570" lon="-3.0540290">
    <ele>766.8</ele>
   </trkpt>
   <trkpt lat="40.6106760" lon="-3.0539820">
    <ele>767.0</ele>
   </trkpt>
   <trkpt lat="40.6106830" lon="-3.0539480">
    <ele>767.2</ele>
   </trkpt>
   <trkpt lat="40.6106830" lon="-3.0539210">
    <ele>767.2</ele>
   </trkpt>
   <trkpt lat="40.6106800" lon="-3.0538900">
    <ele>767.4</ele>
   </trkpt>
   <trkpt lat="40.6106870" lon="-3.0538540">
    <ele>767.2</ele>
   </trkpt>
   <trkpt lat="40.6107060" lon="-3.0538170">
    <ele>767.2</ele>
   </trkpt>
   <trkpt lat="40.6107330" lon="-3.0537640">
    <ele>767.0</ele>
   </trkpt>
   <trkpt lat="40.6107640" lon="-3.0537150">
    <ele>766.8</ele>
   </trkpt>
   <trkpt lat="40.6107900" lon="-3.0536740">
    <ele>766.6</ele>
   </trkpt>
   <trkpt lat="40.6108320" lon="-3.0536220">
    <ele>766.4</ele>
   </trkpt>
   <trkpt lat="40.6108630" lon="-3.0535790">
    <ele>766.2</ele>
   </trkpt>
   <trkpt lat="40.6108860" lon="-3.0535400">
    <ele>766.0</ele>
   </trkpt>
   <trkpt lat="40.6109090" lon="-3.0534970">
    <ele>766.0</ele>
   </trkpt>
   <trkpt lat="40.6109280" lon="-3.0534540">
    <ele>766.0</ele>
   </trkpt>
   <trkpt lat="40.6109390" lon="-3.0534100">
    <ele>766.0</ele>
   </trkpt>
   <trkpt lat="40.6109540" lon="-3.0533730">
    <ele>765.8</ele>
   </trkpt>
   <trkpt lat="40.6109660" lon="-3.0533410">
    <ele>765.6</ele>
   </trkpt>
   <trkpt lat="40.6109810" lon="-3.0533040">
    <ele>765.6</ele>
   </trkpt>
   <trkpt lat="40.6109890" lon="-3.0532780">
    <ele>765.4</ele>
   </trkpt>
   <trkpt lat="40.6109960" lon="-3.0532510">
    <ele>765.2</ele>
   </trkpt>
   <trkpt lat="40.6109960" lon="-3.0532270">
    <ele>765.0</ele>
   </trkpt>
   <trkpt lat="40.6109850" lon="-3.0532100">
    <ele>764.8</ele>
   </trkpt>
   <trkpt lat="40.6109730" lon="-3.0531940">
    <ele>764.4</ele>
   </trkpt>
   <trkpt lat="40.6109730" lon="-3.0531850">
    <ele>764.2</ele>
   </trkpt>
   <trkpt lat="40.6109770" lon="-3.0531780">
    <ele>764.0</ele>
   </trkpt>
   <trkpt lat="40.6109730" lon="-3.0531790">
    <ele>764.0</ele>
   </trkpt>
   <trkpt lat="40.6109620" lon="-3.0531860">
    <ele>763.8</ele>
   </trkpt>
   <trkpt lat="40.6109540" lon="-3.0532050">
    <ele>763.6</ele>
   </trkpt>
   <trkpt lat="40.6109500" lon="-3.0532250">
    <ele>763.6</ele>
   </trkpt>
   <trkpt lat="40.6109470" lon="-3.0532480">
    <ele>763.4</ele>
   </trkpt>
   <trkpt lat="40.6109310" lon="-3.0532820">
    <ele>763.2</ele>
   </trkpt>
   <trkpt lat="40.6109090" lon="-3.0533080">
    <ele>763.0</ele>
   </trkpt>
   <trkpt lat="40.6108890" lon="-3.0533310">
    <ele>762.6</ele>
   </trkpt>
   <trkpt lat="40.6108780" lon="-3.0533420">
    <ele>762.4</ele>
   </trkpt>
   <trkpt lat="40.6108630" lon="-3.0533410">
    <ele>762.2</ele>
   </trkpt>
   <trkpt lat="40.6108400" lon="-3.0533330">
    <ele>761.8</ele>
   </trkpt>
   <trkpt lat="40.6108130" lon="-3.0533260">
    <ele>761.6</ele>
   </trkpt>
   <trkpt lat="40.6107750" lon="-3.0533230">
    <ele>761.4</ele>
   </trkpt>
   <trkpt lat="40.6107560" lon="-3.0533270">
    <ele>761.4</ele>
   </trkpt>
   <trkpt lat="40.6107410" lon="-3.0533290">
    <ele>761.2</ele>
   </trkpt>
   <trkpt lat="40.6107330" lon="-3.0533310">
    <ele>761.0</ele>
   </trkpt>
   <trkpt lat="40.6107060" lon="-3.0533520">
    <ele>760.8</ele>
   </trkpt>
   <trkpt lat="40.6106800" lon="-3.0533990">
    <ele>760.8</ele>
   </trkpt>
   <trkpt lat="40.6106340" lon="-3.0534520">
    <ele>760.6</ele>
   </trkpt>
   <trkpt lat="40.6105960" lon="-3.0534990">
    <ele>760.4</ele>
   </trkpt>
   <trkpt lat="40.6105650" lon="-3.0535310">
    <ele>760.2</ele>
   </trkpt>
   <trkpt lat="40.6105270" lon="-3.0535670">
    <ele>760.2</ele>
   </trkpt>
   <trkpt lat="40.6104930" lon="-3.0535980">
    <ele>760.2</ele>
   </trkpt>
   <trkpt lat="40.6104660" lon="-3.0536180">
    <ele>760.2</ele>
   </trkpt>
   <trkpt lat="40.6104430" lon="-3.0536420">
    <ele>760.2</ele>
   </trkpt>
   <trkpt lat="40.6104320" lon="-3.0536650">
    <ele>760.0</ele>
   </trkpt>
   <trkpt lat="40.6104160" lon="-3.0536920">
    <ele>760.0</ele>
   </trkpt>
   <trkpt lat="40.6103970" lon="-3.0537210">
    <ele>760.0</ele>
   </trkpt>
   <trkpt lat="40.6103710" lon="-3.0537500">
    <ele>760.0</ele>
   </trkpt>
   <trkpt lat="40.6103480" lon="-3.0537700">
    <ele>759.8</ele>
   </trkpt>
   <trkpt lat="40.6103250" lon="-3.0537950">
    <ele>759.8</ele>
   </trkpt>
   <trkpt lat="40.6102980" lon="-3.0538320">
    <ele>759.8</ele>
   </trkpt>
   <trkpt lat="40.6102940" lon="-3.0538590">
    <ele>759.8</ele>
   </trkpt>
   <trkpt lat="40.6102790" lon="-3.0538920">
    <ele>759.8</ele>
   </trkpt>
   <trkpt lat="40.6102790" lon="-3.0539160">
    <ele>759.8</ele>
   </trkpt>
   <trkpt lat="40.6102870" lon="-3.0539340">
    <ele>759.8</ele>
   </trkpt>
   <trkpt lat="40.6102870" lon="-3.0539460">
    <ele>759.8</ele>
   </trkpt>
   <trkpt lat="40.6102870" lon="-3.0539550">
    <ele>759.8</ele>
   </trkpt>
   <trkpt lat="40.6102870" lon="-3.0539540">
    <ele>759.8</ele>
   </trkpt>
   <trkpt lat="40.6102750" lon="-3.0539440">
    <ele>759.8</ele>
   </trkpt>
   <trkpt lat="40.6102600" lon="-3.0539300">
    <ele>759.8</ele>
   </trkpt>
   <trkpt lat="40.6102600" lon="-3.0539300">
    <ele>759.8</ele>
   </trkpt>
   <trkpt lat="40.6102590" lon="-3.0539290">
    <ele>759.8</ele>
   </trkpt>
   <trkpt lat="40.6102590" lon="-3.0539290">
    <ele>759.8</ele>
   </trkpt>
   <trkpt lat="40.6102590" lon="-3.0539290">
    <ele>759.8</ele>
   </trkpt>
   <trkpt lat="40.6102590" lon="-3.0539280">
    <ele>759.8</ele>
   </trkpt>
   <trkpt lat="40.6102580" lon="-3.0539280">
    <ele>759.8</ele>
   </trkpt>
   <trkpt lat="40.6102470" lon="-3.0539150">
    <ele>759.8</ele>
   </trkpt>
   <trkpt lat="40.6102470" lon="-3.0539140">
    <ele>759.8</ele>
   </trkpt>
   <trkpt lat="40.6102470" lon="-3.0539140">
    <ele>759.8</ele>
   </trkpt>
   <trkpt lat="40.6102460" lon="-3.0539140">
    <ele>759.8</ele>
   </trkpt>
   <trkpt lat="40.6102460" lon="-3.0539130">
    <ele>759.8</ele>
   </trkpt>
   <trkpt lat="40.6102460" lon="-3.0539130">
    <ele>759.8</ele>
   </trkpt>
   <trkpt lat="40.6102460" lon="-3.0539130">
    <ele>759.8</ele>
   </trkpt>
   <trkpt lat="40.6102450" lon="-3.0539130">
    <ele>759.8</ele>
   </trkpt>
   <trkpt lat="40.6102450" lon="-3.0539120">
    <ele>759.8</ele>
   </trkpt>
   <trkpt lat="40.6102450" lon="-3.0539120">
    <ele>759.6</ele>
   </trkpt>
   <trkpt lat="40.6102450" lon="-3.0539120">
    <ele>759.6</ele>
   </trkpt>
   <trkpt lat="40.6102440" lon="-3.0539110">
    <ele>759.6</ele>
   </trkpt>
   <trkpt lat="40.6102440" lon="-3.0539110">
    <ele>759.6</ele>
   </trkpt>
   <trkpt lat="40.6102440" lon="-3.0539110">
    <ele>759.6</ele>
   </trkpt>
   <trkpt lat="40.6102430" lon="-3.0539100">
    <ele>759.6</ele>
   </trkpt>
   <trkpt lat="40.6102430" lon="-3.0539100">
    <ele>759.6</ele>
   </trkpt>
   <trkpt lat="40.6102430" lon="-3.0539100">
    <ele>759.6</ele>
   </trkpt>
   <trkpt lat="40.6102430" lon="-3.0539090">
    <ele>759.6</ele>
   </trkpt>
   <trkpt lat="40.6102420" lon="-3.0539090">
    <ele>759.6</ele>
   </trkpt>
   <trkpt lat="40.6102420" lon="-3.0539090">
    <ele>759.6</ele>
   </trkpt>
   <trkpt lat="40.6102420" lon="-3.0539090">
    <ele>759.6</ele>
   </trkpt>
   <trkpt lat="40.6102420" lon="-3.0539080">
    <ele>759.6</ele>
   </trkpt>
   <trkpt lat="40.6101490" lon="-3.0537980">
    <ele>759.4</ele>
   </trkpt>
   <trkpt lat="40.6101490" lon="-3.0537980">
    <ele>759.4</ele>
   </trkpt>
   <trkpt lat="40.6101150" lon="-3.0537730">
    <ele>759.4</ele>
   </trkpt>
   <trkpt lat="40.6100920" lon="-3.0537490">
    <ele>759.6</ele>
   </trkpt>
   <trkpt lat="40.6100960" lon="-3.0537210">
    <ele>759.6</ele>
   </trkpt>
   <trkpt lat="40.6100920" lon="-3.0537020">
    <ele>759.6</ele>
   </trkpt>
   <trkpt lat="40.6100730" lon="-3.0536890">
    <ele>759.6</ele>
   </trkpt>
   <trkpt lat="40.6100500" lon="-3.0536840">
    <ele>759.6</ele>
   </trkpt>
   <trkpt lat="40.6100200" lon="-3.0536900">
    <ele>759.6</ele>
   </trkpt>
   <trkpt lat="40.6099890" lon="-3.0537060">
    <ele>759.6</ele>
   </trkpt>
   <trkpt lat="40.6099620" lon="-3.0537210">
    <ele>759.6</ele>
   </trkpt>
   <trkpt lat="40.6099400" lon="-3.0537290">
    <ele>759.6</ele>
   </trkpt>
   <trkpt lat="40.6099050" lon="-3.0537430">
    <ele>759.8</ele>
   </trkpt>
   <trkpt lat="40.6098750" lon="-3.0537570">
    <ele>759.8</ele>
   </trkpt>
   <trkpt lat="40.6098440" lon="-3.0537570">
    <ele>759.8</ele>
   </trkpt>
   <trkpt lat="40.6098060" lon="-3.0537640">
    <ele>759.8</ele>
   </trkpt>
   <trkpt lat="40.6097790" lon="-3.0537660">
    <ele>760.0</ele>
   </trkpt>
   <trkpt lat="40.6097530" lon="-3.0537740">
    <ele>760.0</ele>
   </trkpt>
   <trkpt lat="40.6097300" lon="-3.0537860">
    <ele>760.0</ele>
   </trkpt>
   <trkpt lat="40.6097070" lon="-3.0537920">
    <ele>760.0</ele>
   </trkpt>
   <trkpt lat="40.6096880" lon="-3.0537990">
    <ele>760.2</ele>
   </trkpt>
   <trkpt lat="40.6096650" lon="-3.0538070">
    <ele>760.2</ele>
   </trkpt>
   <trkpt lat="40.6096380" lon="-3.0538140">
    <ele>760.2</ele>
   </trkpt>
   <trkpt lat="40.6096120" lon="-3.0538260">
    <ele>760.2</ele>
   </trkpt>
   <trkpt lat="40.6095810" lon="-3.0538360">
    <ele>760.2</ele>
   </trkpt>
   <trkpt lat="40.6095580" lon="-3.0538440">
    <ele>760.4</ele>
   </trkpt>
   <trkpt lat="40.6095310" lon="-3.0538540">
    <ele>760.4</ele>
   </trkpt>
   <trkpt lat="40.6095010" lon="-3.0538690">
    <ele>760.4</ele>
   </trkpt>
   <trkpt lat="40.6094740" lon="-3.0538830">
    <ele>760.4</ele>
   </trkpt>
   <trkpt lat="40.6094510" lon="-3.0539010">
    <ele>760.4</ele>
   </trkpt>
   <trkpt lat="40.6094250" lon="-3.0539130">
    <ele>760.4</ele>
   </trkpt>
   <trkpt lat="40.6094020" lon="-3.0539220">
    <ele>760.4</ele>
   </trkpt>
   <trkpt lat="40.6093830" lon="-3.0539300">
    <ele>760.2</ele>
   </trkpt>
   <trkpt lat="40.6093670" lon="-3.0539320">
    <ele>760.2</ele>
   </trkpt>
   <trkpt lat="40.6093640" lon="-3.0539320">
    <ele>760.2</ele>
   </trkpt>
   <trkpt lat="40.6093640" lon="-3.0539320">
    <ele>760.2</ele>
   </trkpt>
   <trkpt lat="40.6093480" lon="-3.0539250">
    <ele>760.2</ele>
   </trkpt>
   <trkpt lat="40.6093250" lon="-3.0539180">
    <ele>760.2</ele>
   </trkpt>
   <trkpt lat="40.6092990" lon="-3.0539170">
    <ele>760.2</ele>
   </trkpt>
   <trkpt lat="40.6092720" lon="-3.0539170">
    <ele>760.2</ele>
   </trkpt>
   <trkpt lat="40.6092340" lon="-3.0539170">
    <ele>760.0</ele>
   </trkpt>
   <trkpt lat="40.6091880" lon="-3.0539150">
    <ele>760.0</ele>
   </trkpt>
   <trkpt lat="40.6091350" lon="-3.0539150">
    <ele>759.8</ele>
   </trkpt>
   <trkpt lat="40.6090770" lon="-3.0539160">
    <ele>759.6</ele>
   </trkpt>
   <trkpt lat="40.6090280" lon="-3.0539110">
    <ele>759.6</ele>
   </trkpt>
   <trkpt lat="40.6089630" lon="-3.0539030">
    <ele>759.6</ele>
   </trkpt>
   <trkpt lat="40.6089060" lon="-3.0538940">
    <ele>759.4</ele>
   </trkpt>
   <trkpt lat="40.6088560" lon="-3.0538860">
    <ele>759.4</ele>
   </trkpt>
   <trkpt lat="40.6088030" lon="-3.0538800">
    <ele>759.4</ele>
   </trkpt>
   <trkpt lat="40.6087460" lon="-3.0538760">
    <ele>759.4</ele>
   </trkpt>
   <trkpt lat="40.6086880" lon="-3.0538690">
    <ele>759.4</ele>
   </trkpt>
   <trkpt lat="40.6086350" lon="-3.0538590">
    <ele>759.4</ele>
   </trkpt>
   <trkpt lat="40.6085820" lon="-3.0538490">
    <ele>759.4</ele>
   </trkpt>
   <trkpt lat="40.6085280" lon="-3.0538390">
    <ele>759.6</ele>
   </trkpt>
   <trkpt lat="40.6084750" lon="-3.0538330">
    <ele>759.6</ele>
   </trkpt>
   <trkpt lat="40.6084210" lon="-3.0538260">
    <ele>759.8</ele>
   </trkpt>
   <trkpt lat="40.6083640" lon="-3.0538190">
    <ele>760.0</ele>
   </trkpt>
   <trkpt lat="40.6083260" lon="-3.0538140">
    <ele>760.2</ele>
   </trkpt>
   <trkpt lat="40.6082800" lon="-3.0538040">
    <ele>760.4</ele>
   </trkpt>
   <trkpt lat="40.6082340" lon="-3.0537910">
    <ele>760.6</ele>
   </trkpt>
   <trkpt lat="40.6081920" lon="-3.0537770">
    <ele>760.8</ele>
   </trkpt>
   <trkpt lat="40.6081500" lon="-3.0537640">
    <ele>761.0</ele>
   </trkpt>
   <trkpt lat="40.6081120" lon="-3.0537510">
    <ele>761.2</ele>
   </trkpt>
   <trkpt lat="40.6080780" lon="-3.0537330">
    <ele>761.6</ele>
   </trkpt>
   <trkpt lat="40.6080470" lon="-3.0537080">
    <ele>761.8</ele>
   </trkpt>
   <trkpt lat="40.6080250" lon="-3.0536800">
    <ele>762.0</ele>
   </trkpt>
   <trkpt lat="40.6079980" lon="-3.0536510">
    <ele>762.0</ele>
   </trkpt>
   <trkpt lat="40.6079710" lon="-3.0536220">
    <ele>762.2</ele>
   </trkpt>
   <trkpt lat="40.6079440" lon="-3.0535860">
    <ele>762.2</ele>
   </trkpt>
   <trkpt lat="40.6079220" lon="-3.0535380">
    <ele>762.2</ele>
   </trkpt>
   <trkpt lat="40.6078990" lon="-3.0534920">
    <ele>762.0</ele>
   </trkpt>
   <trkpt lat="40.6078720" lon="-3.0534530">
    <ele>762.0</ele>
   </trkpt>
   <trkpt lat="40.6078410" lon="-3.0534010">
    <ele>761.8</ele>
   </trkpt>
   <trkpt lat="40.6078150" lon="-3.0533470">
    <ele>761.6</ele>
   </trkpt>
   <trkpt lat="40.6077880" lon="-3.0532920">
    <ele>761.4</ele>
   </trkpt>
   <trkpt lat="40.6077610" lon="-3.0532340">
    <ele>761.2</ele>
   </trkpt>
   <trkpt lat="40.6077310" lon="-3.0531790">
    <ele>761.0</ele>
   </trkpt>
   <trkpt lat="40.6076960" lon="-3.0531230">
    <ele>760.8</ele>
   </trkpt>
   <trkpt lat="40.6076620" lon="-3.0530550">
    <ele>760.8</ele>
   </trkpt>
   <trkpt lat="40.6076280" lon="-3.0529960">
    <ele>760.8</ele>
   </trkpt>
   <trkpt lat="40.6076010" lon="-3.0529470">
    <ele>760.6</ele>
   </trkpt>
   <trkpt lat="40.6075670" lon="-3.0528910">
    <ele>760.4</ele>
   </trkpt>
   <trkpt lat="40.6075360" lon="-3.0528330">
    <ele>760.4</ele>
   </trkpt>
   <trkpt lat="40.6075020" lon="-3.0527660">
    <ele>760.4</ele>
   </trkpt>
   <trkpt lat="40.6074680" lon="-3.0527160">
    <ele>760.6</ele>
   </trkpt>
   <trkpt lat="40.6074410" lon="-3.0526780">
    <ele>760.8</ele>
   </trkpt>
   <trkpt lat="40.6074070" lon="-3.0526370">
    <ele>761.0</ele>
   </trkpt>
   <trkpt lat="40.6073760" lon="-3.0525940">
    <ele>761.2</ele>
   </trkpt>
   <trkpt lat="40.6073420" lon="-3.0525440">
    <ele>761.4</ele>
   </trkpt>
   <trkpt lat="40.6073190" lon="-3.0525080">
    <ele>761.4</ele>
   </trkpt>
   <trkpt lat="40.6072880" lon="-3.0524660">
    <ele>761.6</ele>
   </trkpt>
   <trkpt lat="40.6072580" lon="-3.0524210">
    <ele>761.6</ele>
   </trkpt>
   <trkpt lat="40.6072310" lon="-3.0523720">
    <ele>761.6</ele>
   </trkpt>
   <trkpt lat="40.6072040" lon="-3.0523380">
    <ele>761.8</ele>
   </trkpt>
   <trkpt lat="40.6071700" lon="-3.0522930">
    <ele>761.8</ele>
   </trkpt>
   <trkpt lat="40.6071400" lon="-3.0522440">
    <ele>761.8</ele>
   </trkpt>
   <trkpt lat="40.6071090" lon="-3.0521940">
    <ele>762.0</ele>
   </trkpt>
   <trkpt lat="40.6070750" lon="-3.0521380">
    <ele>762.0</ele>
   </trkpt>
   <trkpt lat="40.6070480" lon="-3.0520910">
    <ele>762.0</ele>
   </trkpt>
   <trkpt lat="40.6070250" lon="-3.0520430">
    <ele>762.0</ele>
   </trkpt>
   <trkpt lat="40.6070020" lon="-3.0520020">
    <ele>762.2</ele>
   </trkpt>
   <trkpt lat="40.6069720" lon="-3.0519490">
    <ele>762.2</ele>
   </trkpt>
   <trkpt lat="40.6069490" lon="-3.0519070">
    <ele>762.2</ele>
   </trkpt>
   <trkpt lat="40.6069220" lon="-3.0518500">
    <ele>762.2</ele>
   </trkpt>
   <trkpt lat="40.6068990" lon="-3.0518040">
    <ele>762.4</ele>
   </trkpt>
   <trkpt lat="40.6068760" lon="-3.0517640">
    <ele>762.4</ele>
   </trkpt>
   <trkpt lat="40.6068500" lon="-3.0517060">
    <ele>762.6</ele>
   </trkpt>
   <trkpt lat="40.6068270" lon="-3.0516580">
    <ele>762.6</ele>
   </trkpt>
   <trkpt lat="40.6068080" lon="-3.0516180">
    <ele>762.8</ele>
   </trkpt>
   <trkpt lat="40.6067850" lon="-3.0515730">
    <ele>762.8</ele>
   </trkpt>
   <trkpt lat="40.6067580" lon="-3.0515300">
    <ele>762.8</ele>
   </trkpt>
   <trkpt lat="40.6067310" lon="-3.0514770">
    <ele>763.0</ele>
   </trkpt>
   <trkpt lat="40.6067090" lon="-3.0514360">
    <ele>763.0</ele>
   </trkpt>
   <trkpt lat="40.6066890" lon="-3.0514070">
    <ele>763.2</ele>
   </trkpt>
   <trkpt lat="40.6066670" lon="-3.0513660">
    <ele>763.4</ele>
   </trkpt>
   <trkpt lat="40.6066440" lon="-3.0513170">
    <ele>763.6</ele>
   </trkpt>
   <trkpt lat="40.6066250" lon="-3.0512770">
    <ele>764.0</ele>
   </trkpt>
   <trkpt lat="40.6066060" lon="-3.0512440">
    <ele>764.2</ele>
   </trkpt>
   <trkpt lat="40.6065900" lon="-3.0512150">
    <ele>764.4</ele>
   </trkpt>
   <trkpt lat="40.6065790" lon="-3.0511920">
    <ele>764.6</ele>
   </trkpt>
   <trkpt lat="40.6065600" lon="-3.0511610">
    <ele>764.8</ele>
   </trkpt>
   <trkpt lat="40.6065410" lon="-3.0511350">
    <ele>765.0</ele>
   </trkpt>
   <trkpt lat="40.6065220" lon="-3.0511100">
    <ele>765.2</ele>
   </trkpt>
   <trkpt lat="40.6065100" lon="-3.0510930">
    <ele>765.4</ele>
   </trkpt>
   <trkpt lat="40.6064910" lon="-3.0510730">
    <ele>765.8</ele>
   </trkpt>
   <trkpt lat="40.6064680" lon="-3.0510540">
    <ele>766.0</ele>
   </trkpt>
   <trkpt lat="40.6064490" lon="-3.0510380">
    <ele>766.2</ele>
   </trkpt>
   <trkpt lat="40.6064340" lon="-3.0510290">
    <ele>766.6</ele>
   </trkpt>
   <trkpt lat="40.6064260" lon="-3.0510230">
    <ele>766.8</ele>
   </trkpt>
   <trkpt lat="40.6064190" lon="-3.0510220">
    <ele>767.0</ele>
   </trkpt>
   <trkpt lat="40.6064110" lon="-3.0510160">
    <ele>767.4</ele>
   </trkpt>
   <trkpt lat="40.6063960" lon="-3.0510140">
    <ele>767.4</ele>
   </trkpt>
   <trkpt lat="40.6063770" lon="-3.0510170">
    <ele>767.6</ele>
   </trkpt>
   <trkpt lat="40.6063540" lon="-3.0510240">
    <ele>767.6</ele>
   </trkpt>
   <trkpt lat="40.6063310" lon="-3.0510290">
    <ele>767.8</ele>
   </trkpt>
   <trkpt lat="40.6063160" lon="-3.0510370">
    <ele>767.8</ele>
   </trkpt>
   <trkpt lat="40.6062970" lon="-3.0510460">
    <ele>768.0</ele>
   </trkpt>
   <trkpt lat="40.6062700" lon="-3.0510540">
    <ele>768.2</ele>
   </trkpt>
   <trkpt lat="40.6062470" lon="-3.0510650">
    <ele>768.2</ele>
   </trkpt>
   <trkpt lat="40.6062320" lon="-3.0510670">
    <ele>768.4</ele>
   </trkpt>
   <trkpt lat="40.6062090" lon="-3.0510740">
    <ele>768.6</ele>
   </trkpt>
   <trkpt lat="40.6061860" lon="-3.0510840">
    <ele>768.8</ele>
   </trkpt>
   <trkpt lat="40.6061670" lon="-3.0510920">
    <ele>768.8</ele>
   </trkpt>
   <trkpt lat="40.6061440" lon="-3.0510990">
    <ele>769.0</ele>
   </trkpt>
   <trkpt lat="40.6061250" lon="-3.0511060">
    <ele>769.2</ele>
   </trkpt>
   <trkpt lat="40.6061020" lon="-3.0511140">
    <ele>769.4</ele>
   </trkpt>
   <trkpt lat="40.6060790" lon="-3.0511210">
    <ele>769.4</ele>
   </trkpt>
   <trkpt lat="40.6060560" lon="-3.0511270">
    <ele>769.6</ele>
   </trkpt>
   <trkpt lat="40.6060370" lon="-3.0511360">
    <ele>769.8</ele>
   </trkpt>
   <trkpt lat="40.6060100" lon="-3.0511420">
    <ele>770.0</ele>
   </trkpt>
   <trkpt lat="40.6059880" lon="-3.0511490">
    <ele>770.0</ele>
   </trkpt>
   <trkpt lat="40.6059650" lon="-3.0511540">
    <ele>770.2</ele>
   </trkpt>
   <trkpt lat="40.6059420" lon="-3.0511570">
    <ele>770.4</ele>
   </trkpt>
   <trkpt lat="40.6059230" lon="-3.0511570">
    <ele>770.6</ele>
   </trkpt>
   <trkpt lat="40.6059000" lon="-3.0511630">
    <ele>770.8</ele>
   </trkpt>
   <trkpt lat="40.6058770" lon="-3.0511740">
    <ele>770.8</ele>
   </trkpt>
   <trkpt lat="40.6058500" lon="-3.0511800">
    <ele>771.0</ele>
   </trkpt>
   <trkpt lat="40.6058230" lon="-3.0511870">
    <ele>771.2</ele>
   </trkpt>
   <trkpt lat="40.6058040" lon="-3.0511920">
    <ele>771.4</ele>
   </trkpt>
   <trkpt lat="40.6057780" lon="-3.0511990">
    <ele>771.4</ele>
   </trkpt>
   <trkpt lat="40.6057510" lon="-3.0512080">
    <ele>771.6</ele>
   </trkpt>
   <trkpt lat="40.6057280" lon="-3.0512190">
    <ele>771.8</ele>
   </trkpt>
   <trkpt lat="40.6057050" lon="-3.0512290">
    <ele>772.0</ele>
   </trkpt>
   <trkpt lat="40.6056790" lon="-3.0512430">
    <ele>772.2</ele>
   </trkpt>
   <trkpt lat="40.6056590" lon="-3.0512540">
    <ele>772.2</ele>
   </trkpt>
   <trkpt lat="40.6056330" lon="-3.0512680">
    <ele>772.4</ele>
   </trkpt>
   <trkpt lat="40.6056100" lon="-3.0512810">
    <ele>772.6</ele>
   </trkpt>
   <trkpt lat="40.6055910" lon="-3.0512950">
    <ele>772.6</ele>
   </trkpt>
   <trkpt lat="40.6055720" lon="-3.0513110">
    <ele>772.8</ele>
   </trkpt>
   <trkpt lat="40.6055490" lon="-3.0513300">
    <ele>773.0</ele>
   </trkpt>
   <trkpt lat="40.6055300" lon="-3.0513500">
    <ele>773.2</ele>
   </trkpt>
   <trkpt lat="40.6055110" lon="-3.0513700">
    <ele>773.2</ele>
   </trkpt>
   <trkpt lat="40.6054920" lon="-3.0513940">
    <ele>773.4</ele>
   </trkpt>
   <trkpt lat="40.6054760" lon="-3.0514170">
    <ele>773.6</ele>
   </trkpt>
   <trkpt lat="40.6054530" lon="-3.0514400">
    <ele>773.8</ele>
   </trkpt>
   <trkpt lat="40.6054380" lon="-3.0514640">
    <ele>773.8</ele>
   </trkpt>
   <trkpt lat="40.6054150" lon="-3.0514940">
    <ele>774.0</ele>
   </trkpt>
   <trkpt lat="40.6053960" lon="-3.0515170">
    <ele>774.2</ele>
   </trkpt>
   <trkpt lat="40.6053810" lon="-3.0515390">
    <ele>774.4</ele>
   </trkpt>
   <trkpt lat="40.6053580" lon="-3.0515670">
    <ele>774.6</ele>
   </trkpt>
   <trkpt lat="40.6053430" lon="-3.0515900">
    <ele>774.8</ele>
   </trkpt>
   <trkpt lat="40.6053240" lon="-3.0516170">
    <ele>774.8</ele>
   </trkpt>
   <trkpt lat="40.6053120" lon="-3.0516390">
    <ele>775.0</ele>
   </trkpt>
   <trkpt lat="40.6052970" lon="-3.0516640">
    <ele>775.2</ele>
   </trkpt>
   <trkpt lat="40.6052820" lon="-3.0516930">
    <ele>775.4</ele>
   </trkpt>
   <trkpt lat="40.6052670" lon="-3.0517240">
    <ele>775.6</ele>
   </trkpt>
   <trkpt lat="40.6052470" lon="-3.0517500">
    <ele>775.8</ele>
   </trkpt>
   <trkpt lat="40.6052280" lon="-3.0517770">
    <ele>776.0</ele>
   </trkpt>
   <trkpt lat="40.6052130" lon="-3.0518040">
    <ele>776.0</ele>
   </trkpt>
   <trkpt lat="40.6051980" lon="-3.0518300">
    <ele>776.2</ele>
   </trkpt>
   <trkpt lat="40.6051790" lon="-3.0518570">
    <ele>776.4</ele>
   </trkpt>
   <trkpt lat="40.6051640" lon="-3.0518860">
    <ele>776.6</ele>
   </trkpt>
   <trkpt lat="40.6051520" lon="-3.0519170">
    <ele>776.6</ele>
   </trkpt>
   <trkpt lat="40.6051480" lon="-3.0519460">
    <ele>776.8</ele>
   </trkpt>
   <trkpt lat="40.6051480" lon="-3.0519740">
    <ele>777.0</ele>
   </trkpt>
   <trkpt lat="40.6051440" lon="-3.0520040">
    <ele>777.2</ele>
   </trkpt>
   <trkpt lat="40.6051480" lon="-3.0520300">
    <ele>777.4</ele>
   </trkpt>
   <trkpt lat="40.6051560" lon="-3.0520640">
    <ele>777.6</ele>
   </trkpt>
   <trkpt lat="40.6051640" lon="-3.0520940">
    <ele>777.8</ele>
   </trkpt>
   <trkpt lat="40.6051710" lon="-3.0521240">
    <ele>777.8</ele>
   </trkpt>
   <trkpt lat="40.6051830" lon="-3.0521540">
    <ele>778.0</ele>
   </trkpt>
   <trkpt lat="40.6051900" lon="-3.0521800">
    <ele>778.2</ele>
   </trkpt>
   <trkpt lat="40.6052020" lon="-3.0522030">
    <ele>778.4</ele>
   </trkpt>
   <trkpt lat="40.6052090" lon="-3.0522390">
    <ele>778.6</ele>
   </trkpt>
   <trkpt lat="40.6052170" lon="-3.0522670">
    <ele>778.8</ele>
   </trkpt>
   <trkpt lat="40.6052280" lon="-3.0522890">
    <ele>778.8</ele>
   </trkpt>
   <trkpt lat="40.6052400" lon="-3.0523160">
    <ele>779.0</ele>
   </trkpt>
   <trkpt lat="40.6052590" lon="-3.0523450">
    <ele>779.2</ele>
   </trkpt>
   <trkpt lat="40.6052740" lon="-3.0523670">
    <ele>779.4</ele>
   </trkpt>
   <trkpt lat="40.6052930" lon="-3.0523870">
    <ele>779.6</ele>
   </trkpt>
   <trkpt lat="40.6053160" lon="-3.0524070">
    <ele>779.8</ele>
   </trkpt>
   <trkpt lat="40.6053350" lon="-3.0524250">
    <ele>780.0</ele>
   </trkpt>
   <trkpt lat="40.6053500" lon="-3.0524430">
    <ele>780.4</ele>
   </trkpt>
   <trkpt lat="40.6053730" lon="-3.0524630">
    <ele>780.6</ele>
   </trkpt>
   <trkpt lat="40.6053920" lon="-3.0524810">
    <ele>780.8</ele>
   </trkpt>
   <trkpt lat="40.6054190" lon="-3.0525000">
    <ele>781.0</ele>
   </trkpt>
   <trkpt lat="40.6054460" lon="-3.0525230">
    <ele>781.0</ele>
   </trkpt>
   <trkpt lat="40.6054690" lon="-3.0525400">
    <ele>781.2</ele>
   </trkpt>
   <trkpt lat="40.6054920" lon="-3.0525600">
    <ele>781.4</ele>
   </trkpt>
   <trkpt lat="40.6055070" lon="-3.0525750">
    <ele>781.6</ele>
   </trkpt>
   <trkpt lat="40.6055300" lon="-3.0525950">
    <ele>781.8</ele>
   </trkpt>
   <trkpt lat="40.6055570" lon="-3.0526130">
    <ele>782.0</ele>
   </trkpt>
   <trkpt lat="40.6055760" lon="-3.0526310">
    <ele>782.2</ele>
   </trkpt>
   <trkpt lat="40.6055950" lon="-3.0526500">
    <ele>782.4</ele>
   </trkpt>
   <trkpt lat="40.6056100" lon="-3.0526670">
    <ele>782.6</ele>
   </trkpt>
   <trkpt lat="40.6056330" lon="-3.0526900">
    <ele>782.8</ele>
   </trkpt>
   <trkpt lat="40.6056440" lon="-3.0527090">
    <ele>783.0</ele>
   </trkpt>
   <trkpt lat="40.6056630" lon="-3.0527380">
    <ele>783.2</ele>
   </trkpt>
   <trkpt lat="40.6056750" lon="-3.0527610">
    <ele>783.4</ele>
   </trkpt>
   <trkpt lat="40.6056940" lon="-3.0527950">
    <ele>783.6</ele>
   </trkpt>
   <trkpt lat="40.6057090" lon="-3.0528240">
    <ele>783.8</ele>
   </trkpt>
   <trkpt lat="40.6057240" lon="-3.0528540">
    <ele>784.0</ele>
   </trkpt>
   <trkpt lat="40.6057360" lon="-3.0528840">
    <ele>784.2</ele>
   </trkpt>
   <trkpt lat="40.6057430" lon="-3.0529120">
    <ele>784.4</ele>
   </trkpt>
   <trkpt lat="40.6057510" lon="-3.0529400">
    <ele>784.6</ele>
   </trkpt>
   <trkpt lat="40.6057590" lon="-3.0529750">
    <ele>784.6</ele>
   </trkpt>
   <trkpt lat="40.6057620" lon="-3.0530090">
    <ele>784.8</ele>
   </trkpt>
   <trkpt lat="40.6057660" lon="-3.0530370">
    <ele>785.0</ele>
   </trkpt>
   <trkpt lat="40.6057700" lon="-3.0530760">
    <ele>785.0</ele>
   </trkpt>
   <trkpt lat="40.6057740" lon="-3.0531110">
    <ele>785.2</ele>
   </trkpt>
   <trkpt lat="40.6057740" lon="-3.0531460">
    <ele>785.4</ele>
   </trkpt>
   <trkpt lat="40.6057780" lon="-3.0531730">
    <ele>785.4</ele>
   </trkpt>
   <trkpt lat="40.6057820" lon="-3.0532050">
    <ele>785.6</ele>
   </trkpt>
   <trkpt lat="40.6057820" lon="-3.0532410">
    <ele>785.8</ele>
   </trkpt>
   <trkpt lat="40.6057820" lon="-3.0532750">
    <ele>785.8</ele>
   </trkpt>
   <trkpt lat="40.6057890" lon="-3.0533080">
    <ele>786.0</ele>
   </trkpt>
   <trkpt lat="40.6057970" lon="-3.0533410">
    <ele>786.2</ele>
   </trkpt>
   <trkpt lat="40.6058010" lon="-3.0533730">
    <ele>786.2</ele>
   </trkpt>
   <trkpt lat="40.6058120" lon="-3.0534040">
    <ele>786.4</ele>
   </trkpt>
   <trkpt lat="40.6058230" lon="-3.0534360">
    <ele>786.6</ele>
   </trkpt>
   <trkpt lat="40.6058350" lon="-3.0534650">
    <ele>786.8</ele>
   </trkpt>
   <trkpt lat="40.6058500" lon="-3.0534940">
    <ele>787.0</ele>
   </trkpt>
   <trkpt lat="40.6058620" lon="-3.0535230">
    <ele>787.2</ele>
   </trkpt>
   <trkpt lat="40.6058730" lon="-3.0535560">
    <ele>787.4</ele>
   </trkpt>
   <trkpt lat="40.6058880" lon="-3.0535840">
    <ele>787.6</ele>
   </trkpt>
   <trkpt lat="40.6059040" lon="-3.0536140">
    <ele>787.8</ele>
   </trkpt>
   <trkpt lat="40.6059190" lon="-3.0536460">
    <ele>788.0</ele>
   </trkpt>
   <trkpt lat="40.6059340" lon="-3.0536770">
    <ele>788.2</ele>
   </trkpt>
   <trkpt lat="40.6059460" lon="-3.0537030">
    <ele>788.4</ele>
   </trkpt>
   <trkpt lat="40.6059610" lon="-3.0537390">
    <ele>788.6</ele>
   </trkpt>
   <trkpt lat="40.6059680" lon="-3.0537620">
    <ele>788.8</ele>
   </trkpt>
   <trkpt lat="40.6059800" lon="-3.0537910">
    <ele>789.0</ele>
   </trkpt>
   <trkpt lat="40.6059880" lon="-3.0538230">
    <ele>789.2</ele>
   </trkpt>
   <trkpt lat="40.6059950" lon="-3.0538630">
    <ele>789.4</ele>
   </trkpt>
   <trkpt lat="40.6059990" lon="-3.0538940">
    <ele>789.6</ele>
   </trkpt>
   <trkpt lat="40.6060070" lon="-3.0539210">
    <ele>789.8</ele>
   </trkpt>
   <trkpt lat="40.6060070" lon="-3.0539550">
    <ele>790.0</ele>
   </trkpt>
   <trkpt lat="40.6060070" lon="-3.0539950">
    <ele>790.2</ele>
   </trkpt>
   <trkpt lat="40.6060070" lon="-3.0540230">
    <ele>790.4</ele>
   </trkpt>
   <trkpt lat="40.6059990" lon="-3.0540560">
    <ele>790.6</ele>
   </trkpt>
   <trkpt lat="40.6059950" lon="-3.0540880">
    <ele>790.8</ele>
   </trkpt>
   <trkpt lat="40.6059910" lon="-3.0541190">
    <ele>791.0</ele>
   </trkpt>
   <trkpt lat="40.6059880" lon="-3.0541510">
    <ele>791.2</ele>
   </trkpt>
   <trkpt lat="40.6059800" lon="-3.0541810">
    <ele>791.4</ele>
   </trkpt>
   <trkpt lat="40.6059680" lon="-3.0542130">
    <ele>791.6</ele>
   </trkpt>
   <trkpt lat="40.6059570" lon="-3.0542420">
    <ele>791.8</ele>
   </trkpt>
   <trkpt lat="40.6059420" lon="-3.0542680">
    <ele>792.0</ele>
   </trkpt>
   <trkpt lat="40.6059230" lon="-3.0542950">
    <ele>792.2</ele>
   </trkpt>
   <trkpt lat="40.6059110" lon="-3.0543140">
    <ele>792.4</ele>
   </trkpt>
   <trkpt lat="40.6059000" lon="-3.0543350">
    <ele>792.6</ele>
   </trkpt>
   <trkpt lat="40.6058840" lon="-3.0543590">
    <ele>792.8</ele>
   </trkpt>
   <trkpt lat="40.6058690" lon="-3.0543870">
    <ele>793.0</ele>
   </trkpt>
   <trkpt lat="40.6058540" lon="-3.0544080">
    <ele>793.0</ele>
   </trkpt>
   <trkpt lat="40.6058310" lon="-3.0544250">
    <ele>793.2</ele>
   </trkpt>
   <trkpt lat="40.6058120" lon="-3.0544460">
    <ele>793.4</ele>
   </trkpt>
   <trkpt lat="40.6057930" lon="-3.0544740">
    <ele>793.6</ele>
   </trkpt>
   <trkpt lat="40.6057700" lon="-3.0544950">
    <ele>793.8</ele>
   </trkpt>
   <trkpt lat="40.6057470" lon="-3.0545120">
    <ele>793.8</ele>
   </trkpt>
   <trkpt lat="40.6057240" lon="-3.0545340">
    <ele>794.0</ele>
   </trkpt>
   <trkpt lat="40.6057050" lon="-3.0545500">
    <ele>794.2</ele>
   </trkpt>
   <trkpt lat="40.6056860" lon="-3.0545660">
    <ele>794.4</ele>
   </trkpt>
   <trkpt lat="40.6056710" lon="-3.0545830">
    <ele>794.6</ele>
   </trkpt>
   <trkpt lat="40.6056520" lon="-3.0546010">
    <ele>794.8</ele>
   </trkpt>
   <trkpt lat="40.6056250" lon="-3.0546180">
    <ele>794.8</ele>
   </trkpt>
   <trkpt lat="40.6056060" lon="-3.0546310">
    <ele>795.0</ele>
   </trkpt>
   <trkpt lat="40.6055830" lon="-3.0546440">
    <ele>795.2</ele>
   </trkpt>
   <trkpt lat="40.6055600" lon="-3.0546560">
    <ele>795.4</ele>
   </trkpt>
   <trkpt lat="40.6055410" lon="-3.0546720">
    <ele>795.4</ele>
   </trkpt>
   <trkpt lat="40.6055180" lon="-3.0546880">
    <ele>795.6</ele>
   </trkpt>
   <trkpt lat="40.6054990" lon="-3.0547050">
    <ele>795.8</ele>
   </trkpt>
   <trkpt lat="40.6054800" lon="-3.0547210">
    <ele>796.0</ele>
   </trkpt>
   <trkpt lat="40.6054500" lon="-3.0547390">
    <ele>796.2</ele>
   </trkpt>
   <trkpt lat="40.6054230" lon="-3.0547600">
    <ele>796.2</ele>
   </trkpt>
   <trkpt lat="40.6054000" lon="-3.0547790">
    <ele>796.4</ele>
   </trkpt>
   <trkpt lat="40.6053810" lon="-3.0547950">
    <ele>796.6</ele>
   </trkpt>
   <trkpt lat="40.6053540" lon="-3.0548150">
    <ele>796.8</ele>
   </trkpt>
   <trkpt lat="40.6053310" lon="-3.0548330">
    <ele>796.8</ele>
   </trkpt>
   <trkpt lat="40.6053080" lon="-3.0548500">
    <ele>797.0</ele>
   </trkpt>
   <trkpt lat="40.6052890" lon="-3.0548710">
    <ele>797.2</ele>
   </trkpt>
   <trkpt lat="40.6052700" lon="-3.0548860">
    <ele>797.4</ele>
   </trkpt>
   <trkpt lat="40.6052470" lon="-3.0549070">
    <ele>797.6</ele>
   </trkpt>
   <trkpt lat="40.6052280" lon="-3.0549260">
    <ele>797.6</ele>
   </trkpt>
   <trkpt lat="40.6052020" lon="-3.0549450">
    <ele>797.8</ele>
   </trkpt>
   <trkpt lat="40.6051750" lon="-3.0549630">
    <ele>798.0</ele>
   </trkpt>
   <trkpt lat="40.6051520" lon="-3.0549820">
    <ele>798.2</ele>
   </trkpt>
   <trkpt lat="40.6051250" lon="-3.0550060">
    <ele>798.4</ele>
   </trkpt>
   <trkpt lat="40.6051060" lon="-3.0550310">
    <ele>798.6</ele>
   </trkpt>
   <trkpt lat="40.6050870" lon="-3.0550480">
    <ele>798.6</ele>
   </trkpt>
   <trkpt lat="40.6050610" lon="-3.0550690">
    <ele>798.8</ele>
   </trkpt>
   <trkpt lat="40.6050340" lon="-3.0550950">
    <ele>799.0</ele>
   </trkpt>
   <trkpt lat="40.6050110" lon="-3.0551150">
    <ele>799.2</ele>
   </trkpt>
   <trkpt lat="40.6049880" lon="-3.0551330">
    <ele>799.4</ele>
   </trkpt>
   <trkpt lat="40.6049650" lon="-3.0551510">
    <ele>799.6</ele>
   </trkpt>
   <trkpt lat="40.6049460" lon="-3.0551690">
    <ele>799.8</ele>
   </trkpt>
   <trkpt lat="40.6049230" lon="-3.0551930">
    <ele>799.8</ele>
   </trkpt>
   <trkpt lat="40.6049000" lon="-3.0552100">
    <ele>800.0</ele>
   </trkpt>
   <trkpt lat="40.6048810" lon="-3.0552240">
    <ele>800.2</ele>
   </trkpt>
   <trkpt lat="40.6048580" lon="-3.0552380">
    <ele>800.4</ele>
   </trkpt>
   <trkpt lat="40.6048390" lon="-3.0552530">
    <ele>800.6</ele>
   </trkpt>
   <trkpt lat="40.6048160" lon="-3.0552660">
    <ele>800.8</ele>
   </trkpt>
   <trkpt lat="40.6047900" lon="-3.0552790">
    <ele>801.0</ele>
   </trkpt>
   <trkpt lat="40.6047670" lon="-3.0552910">
    <ele>801.0</ele>
   </trkpt>
   <trkpt lat="40.6047440" lon="-3.0552990">
    <ele>801.2</ele>
   </trkpt>
   <trkpt lat="40.6047170" lon="-3.0553090">
    <ele>801.4</ele>
   </trkpt>
   <trkpt lat="40.6046910" lon="-3.0553190">
    <ele>801.4</ele>
   </trkpt>
   <trkpt lat="40.6046640" lon="-3.0553270">
    <ele>801.6</ele>
   </trkpt>
   <trkpt lat="40.6046370" lon="-3.0553380">
    <ele>801.8</ele>
   </trkpt>
   <trkpt lat="40.6046180" lon="-3.0553470">
    <ele>801.8</ele>
   </trkpt>
   <trkpt lat="40.6045910" lon="-3.0553580">
    <ele>802.0</ele>
   </trkpt>
   <trkpt lat="40.6045680" lon="-3.0553690">
    <ele>802.2</ele>
   </trkpt>
   <trkpt lat="40.6045460" lon="-3.0553790">
    <ele>802.2</ele>
   </trkpt>
   <trkpt lat="40.6045270" lon="-3.0553890">
    <ele>802.4</ele>
   </trkpt>
   <trkpt lat="40.6045040" lon="-3.0553990">
    <ele>802.6</ele>
   </trkpt>
   <trkpt lat="40.6044730" lon="-3.0554120">
    <ele>802.8</ele>
   </trkpt>
   <trkpt lat="40.6044500" lon="-3.0554240">
    <ele>802.8</ele>
   </trkpt>
   <trkpt lat="40.6044310" lon="-3.0554340">
    <ele>803.0</ele>
   </trkpt>
   <trkpt lat="40.6044080" lon="-3.0554410">
    <ele>803.2</ele>
   </trkpt>
   <trkpt lat="40.6043780" lon="-3.0554520">
    <ele>803.4</ele>
   </trkpt>
   <trkpt lat="40.6043510" lon="-3.0554610">
    <ele>803.6</ele>
   </trkpt>
   <trkpt lat="40.6043280" lon="-3.0554710">
    <ele>803.6</ele>
   </trkpt>
   <trkpt lat="40.6043050" lon="-3.0554790">
    <ele>803.8</ele>
   </trkpt>
   <trkpt lat="40.6042820" lon="-3.0554910">
    <ele>804.0</ele>
   </trkpt>
   <trkpt lat="40.6042590" lon="-3.0555030">
    <ele>804.2</ele>
   </trkpt>
   <trkpt lat="40.6042370" lon="-3.0555150">
    <ele>804.4</ele>
   </trkpt>
   <trkpt lat="40.6042170" lon="-3.0555290">
    <ele>804.6</ele>
   </trkpt>
   <trkpt lat="40.6041980" lon="-3.0555420">
    <ele>804.6</ele>
   </trkpt>
   <trkpt lat="40.6041790" lon="-3.0555600">
    <ele>804.8</ele>
   </trkpt>
   <trkpt lat="40.6041600" lon="-3.0555770">
    <ele>805.0</ele>
   </trkpt>
   <trkpt lat="40.6041410" lon="-3.0555970">
    <ele>805.2</ele>
   </trkpt>
   <trkpt lat="40.6041220" lon="-3.0556170">
    <ele>805.4</ele>
   </trkpt>
   <trkpt lat="40.6041030" lon="-3.0556390">
    <ele>805.6</ele>
   </trkpt>
   <trkpt lat="40.6040880" lon="-3.0556630">
    <ele>805.6</ele>
   </trkpt>
   <trkpt lat="40.6040730" lon="-3.0556930">
    <ele>805.8</ele>
   </trkpt>
   <trkpt lat="40.6040610" lon="-3.0557270">
    <ele>806.0</ele>
   </trkpt>
   <trkpt lat="40.6040530" lon="-3.0557550">
    <ele>806.2</ele>
   </trkpt>
   <trkpt lat="40.6040460" lon="-3.0557940">
    <ele>806.4</ele>
   </trkpt>
   <trkpt lat="40.6040380" lon="-3.0558280">
    <ele>806.6</ele>
   </trkpt>
   <trkpt lat="40.6040340" lon="-3.0558590">
    <ele>806.8</ele>
   </trkpt>
   <trkpt lat="40.6040310" lon="-3.0558930">
    <ele>807.0</ele>
   </trkpt>
   <trkpt lat="40.6040340" lon="-3.0559240">
    <ele>807.2</ele>
   </trkpt>
   <trkpt lat="40.6040380" lon="-3.0559590">
    <ele>807.4</ele>
   </trkpt>
   <trkpt lat="40.6040380" lon="-3.0559910">
    <ele>807.6</ele>
   </trkpt>
   <trkpt lat="40.6040460" lon="-3.0560250">
    <ele>807.6</ele>
   </trkpt>
   <trkpt lat="40.6040500" lon="-3.0560570">
    <ele>807.8</ele>
   </trkpt>
   <trkpt lat="40.6040530" lon="-3.0560870">
    <ele>808.0</ele>
   </trkpt>
   <trkpt lat="40.6040530" lon="-3.0561240">
    <ele>808.0</ele>
   </trkpt>
   <trkpt lat="40.6040530" lon="-3.0561570">
    <ele>808.2</ele>
   </trkpt>
   <trkpt lat="40.6040610" lon="-3.0561870">
    <ele>808.4</ele>
   </trkpt>
   <trkpt lat="40.6040650" lon="-3.0562110">
    <ele>808.6</ele>
   </trkpt>
   <trkpt lat="40.6040730" lon="-3.0562430">
    <ele>808.6</ele>
   </trkpt>
   <trkpt lat="40.6040800" lon="-3.0562780">
    <ele>808.8</ele>
   </trkpt>
   <trkpt lat="40.6040920" lon="-3.0563090">
    <ele>809.0</ele>
   </trkpt>
   <trkpt lat="40.6041070" lon="-3.0563390">
    <ele>809.2</ele>
   </trkpt>
   <trkpt lat="40.6041180" lon="-3.0563690">
    <ele>809.4</ele>
   </trkpt>
   <trkpt lat="40.6041300" lon="-3.0563990">
    <ele>809.6</ele>
   </trkpt>
   <trkpt lat="40.6041450" lon="-3.0564210">
    <ele>809.8</ele>
   </trkpt>
   <trkpt lat="40.6041640" lon="-3.0564520">
    <ele>810.0</ele>
   </trkpt>
   <trkpt lat="40.6041830" lon="-3.0564730">
    <ele>810.2</ele>
   </trkpt>
   <trkpt lat="40.6042060" lon="-3.0564910">
    <ele>810.4</ele>
   </trkpt>
   <trkpt lat="40.6042250" lon="-3.0565080">
    <ele>810.6</ele>
   </trkpt>
   <trkpt lat="40.6042480" lon="-3.0565210">
    <ele>810.8</ele>
   </trkpt>
   <trkpt lat="40.6042710" lon="-3.0565350">
    <ele>811.0</ele>
   </trkpt>
   <trkpt lat="40.6042900" lon="-3.0565500">
    <ele>811.2</ele>
   </trkpt>
   <trkpt lat="40.6043050" lon="-3.0565650">
    <ele>811.4</ele>
   </trkpt>
   <trkpt lat="40.6043320" lon="-3.0565850">
    <ele>811.6</ele>
   </trkpt>
   <trkpt lat="40.6043550" lon="-3.0566010">
    <ele>811.8</ele>
   </trkpt>
   <trkpt lat="40.6043700" lon="-3.0566110">
    <ele>812.0</ele>
   </trkpt>
   <trkpt lat="40.6043930" lon="-3.0566280">
    <ele>812.4</ele>
   </trkpt>
   <trkpt lat="40.6044120" lon="-3.0566470">
    <ele>812.4</ele>
   </trkpt>
   <trkpt lat="40.6044350" lon="-3.0566720">
    <ele>812.6</ele>
   </trkpt>
   <trkpt lat="40.6044500" lon="-3.0566930">
    <ele>812.8</ele>
   </trkpt>
   <trkpt lat="40.6044650" lon="-3.0567150">
    <ele>813.0</ele>
   </trkpt>
   <trkpt lat="40.6044850" lon="-3.0567390">
    <ele>813.2</ele>
   </trkpt>
   <trkpt lat="40.6045000" lon="-3.0567660">
    <ele>813.6</ele>
   </trkpt>
   <trkpt lat="40.6045150" lon="-3.0567940">
    <ele>813.8</ele>
   </trkpt>
   <trkpt lat="40.6045300" lon="-3.0568240">
    <ele>813.8</ele>
   </trkpt>
   <trkpt lat="40.6045420" lon="-3.0568520">
    <ele>814.0</ele>
   </trkpt>
   <trkpt lat="40.6045490" lon="-3.0568740">
    <ele>814.2</ele>
   </trkpt>
   <trkpt lat="40.6045610" lon="-3.0569030">
    <ele>814.4</ele>
   </trkpt>
   <trkpt lat="40.6045680" lon="-3.0569410">
    <ele>814.6</ele>
   </trkpt>
   <trkpt lat="40.6045680" lon="-3.0569720">
    <ele>814.8</ele>
   </trkpt>
   <trkpt lat="40.6045680" lon="-3.0570030">
    <ele>814.8</ele>
   </trkpt>
   <trkpt lat="40.6045760" lon="-3.0570360">
    <ele>815.0</ele>
   </trkpt>
   <trkpt lat="40.6045800" lon="-3.0570700">
    <ele>815.2</ele>
   </trkpt>
   <trkpt lat="40.6045840" lon="-3.0571030">
    <ele>815.4</ele>
   </trkpt>
   <trkpt lat="40.6045880" lon="-3.0571360">
    <ele>815.6</ele>
   </trkpt>
   <trkpt lat="40.6045880" lon="-3.0571680">
    <ele>815.6</ele>
   </trkpt>
   <trkpt lat="40.6045840" lon="-3.0571970">
    <ele>815.8</ele>
   </trkpt>
   <trkpt lat="40.6045800" lon="-3.0572260">
    <ele>816.0</ele>
   </trkpt>
   <trkpt lat="40.6045760" lon="-3.0572560">
    <ele>816.2</ele>
   </trkpt>
   <trkpt lat="40.6045680" lon="-3.0572900">
    <ele>816.4</ele>
   </trkpt>
   <trkpt lat="40.6045680" lon="-3.0573230">
    <ele>816.6</ele>
   </trkpt>
   <trkpt lat="40.6045650" lon="-3.0573560">
    <ele>816.6</ele>
   </trkpt>
   <trkpt lat="40.6045570" lon="-3.0573870">
    <ele>816.8</ele>
   </trkpt>
   <trkpt lat="40.6045530" lon="-3.0574120">
    <ele>817.0</ele>
   </trkpt>
   <trkpt lat="40.6045420" lon="-3.0574430">
    <ele>817.2</ele>
   </trkpt>
   <trkpt lat="40.6045270" lon="-3.0574790">
    <ele>817.4</ele>
   </trkpt>
   <trkpt lat="40.6045150" lon="-3.0575090">
    <ele>817.6</ele>
   </trkpt>
   <trkpt lat="40.6045000" lon="-3.0575390">
    <ele>817.8</ele>
   </trkpt>
   <trkpt lat="40.6044880" lon="-3.0575690">
    <ele>818.0</ele>
   </trkpt>
   <trkpt lat="40.6044810" lon="-3.0575930">
    <ele>818.2</ele>
   </trkpt>
   <trkpt lat="40.6044650" lon="-3.0576260">
    <ele>818.2</ele>
   </trkpt>
   <trkpt lat="40.6044500" lon="-3.0576560">
    <ele>818.4</ele>
   </trkpt>
   <trkpt lat="40.6044350" lon="-3.0576830">
    <ele>818.6</ele>
   </trkpt>
   <trkpt lat="40.6044240" lon="-3.0577060">
    <ele>818.8</ele>
   </trkpt>
   <trkpt lat="40.6044040" lon="-3.0577350">
    <ele>819.0</ele>
   </trkpt>
   <trkpt lat="40.6043890" lon="-3.0577610">
    <ele>819.2</ele>
   </trkpt>
   <trkpt lat="40.6043780" lon="-3.0577870">
    <ele>819.2</ele>
   </trkpt>
   <trkpt lat="40.6043630" lon="-3.0578080">
    <ele>819.4</ele>
   </trkpt>
   <trkpt lat="40.6043430" lon="-3.0578390">
    <ele>819.6</ele>
   </trkpt>
   <trkpt lat="40.6043240" lon="-3.0578620">
    <ele>819.8</ele>
   </trkpt>
   <trkpt lat="40.6043050" lon="-3.0578850">
    <ele>819.8</ele>
   </trkpt>
   <trkpt lat="40.6042900" lon="-3.0579070">
    <ele>820.0</ele>
   </trkpt>
   <trkpt lat="40.6042710" lon="-3.0579260">
    <ele>820.2</ele>
   </trkpt>
   <trkpt lat="40.6042520" lon="-3.0579540">
    <ele>820.4</ele>
   </trkpt>
   <trkpt lat="40.6042370" lon="-3.0579790">
    <ele>820.6</ele>
   </trkpt>
   <trkpt lat="40.6042170" lon="-3.0580010">
    <ele>820.6</ele>
   </trkpt>
   <trkpt lat="40.6041980" lon="-3.0580240">
    <ele>820.8</ele>
   </trkpt>
   <trkpt lat="40.6041790" lon="-3.0580470">
    <ele>821.0</ele>
   </trkpt>
   <trkpt lat="40.6041600" lon="-3.0580680">
    <ele>821.2</ele>
   </trkpt>
   <trkpt lat="40.6041410" lon="-3.0580900">
    <ele>821.4</ele>
   </trkpt>
   <trkpt lat="40.6041220" lon="-3.0581100">
    <ele>821.6</ele>
   </trkpt>
   <trkpt lat="40.6041030" lon="-3.0581310">
    <ele>821.8</ele>
   </trkpt>
   <trkpt lat="40.6040800" lon="-3.0581510">
    <ele>821.8</ele>
   </trkpt>
   <trkpt lat="40.6040610" lon="-3.0581710">
    <ele>822.0</ele>
   </trkpt>
   <trkpt lat="40.6040380" lon="-3.0581900">
    <ele>822.2</ele>
   </trkpt>
   <trkpt lat="40.6040230" lon="-3.0582110">
    <ele>822.2</ele>
   </trkpt>
   <trkpt lat="40.6040080" lon="-3.0582280">
    <ele>822.4</ele>
   </trkpt>
   <trkpt lat="40.6039850" lon="-3.0582570">
    <ele>822.6</ele>
   </trkpt>
   <trkpt lat="40.6039660" lon="-3.0582830">
    <ele>822.8</ele>
   </trkpt>
   <trkpt lat="40.6039500" lon="-3.0583080">
    <ele>823.0</ele>
   </trkpt>
   <trkpt lat="40.6039350" lon="-3.0583260">
    <ele>823.2</ele>
   </trkpt>
   <trkpt lat="40.6039160" lon="-3.0583480">
    <ele>823.4</ele>
   </trkpt>
   <trkpt lat="40.6038890" lon="-3.0583710">
    <ele>823.4</ele>
   </trkpt>
   <trkpt lat="40.6038700" lon="-3.0583930">
    <ele>823.6</ele>
   </trkpt>
   <trkpt lat="40.6038510" lon="-3.0584150">
    <ele>823.8</ele>
   </trkpt>
   <trkpt lat="40.6038320" lon="-3.0584360">
    <ele>824.0</ele>
   </trkpt>
   <trkpt lat="40.6038130" lon="-3.0584530">
    <ele>824.0</ele>
   </trkpt>
   <trkpt lat="40.6037900" lon="-3.0584770">
    <ele>824.2</ele>
   </trkpt>
   <trkpt lat="40.6037670" lon="-3.0585000">
    <ele>824.2</ele>
   </trkpt>
   <trkpt lat="40.6037450" lon="-3.0585260">
    <ele>824.4</ele>
   </trkpt>
   <trkpt lat="40.6037250" lon="-3.0585500">
    <ele>824.4</ele>
   </trkpt>
   <trkpt lat="40.6037060" lon="-3.0585750">
    <ele>824.6</ele>
   </trkpt>
   <trkpt lat="40.6036830" lon="-3.0586000">
    <ele>824.6</ele>
   </trkpt>
   <trkpt lat="40.6036570" lon="-3.0586280">
    <ele>824.8</ele>
   </trkpt>
   <trkpt lat="40.6036380" lon="-3.0586570">
    <ele>824.8</ele>
   </trkpt>
   <trkpt lat="40.6036220" lon="-3.0586820">
    <ele>825.0</ele>
   </trkpt>
   <trkpt lat="40.6036030" lon="-3.0587190">
    <ele>825.0</ele>
   </trkpt>
   <trkpt lat="40.6035840" lon="-3.0587530">
    <ele>825.2</ele>
   </trkpt>
   <trkpt lat="40.6035650" lon="-3.0587820">
    <ele>825.4</ele>
   </trkpt>
   <trkpt lat="40.6035460" lon="-3.0588160">
    <ele>825.4</ele>
   </trkpt>
   <trkpt lat="40.6035310" lon="-3.0588510">
    <ele>825.6</ele>
   </trkpt>
   <trkpt lat="40.6035120" lon="-3.0588860">
    <ele>825.8</ele>
   </trkpt>
   <trkpt lat="40.6034970" lon="-3.0589180">
    <ele>825.8</ele>
   </trkpt>
   <trkpt lat="40.6034890" lon="-3.0589450">
    <ele>826.0</ele>
   </trkpt>
   <trkpt lat="40.6034700" lon="-3.0589860">
    <ele>826.0</ele>
   </trkpt>
   <trkpt lat="40.6034580" lon="-3.0590220">
    <ele>826.2</ele>
   </trkpt>
   <trkpt lat="40.6034510" lon="-3.0590610">
    <ele>826.4</ele>
   </trkpt>
   <trkpt lat="40.6034390" lon="-3.0590970">
    <ele>826.4</ele>
   </trkpt>
   <trkpt lat="40.6034320" lon="-3.0591350">
    <ele>826.4</ele>
   </trkpt>
   <trkpt lat="40.6034240" lon="-3.0591710">
    <ele>826.6</ele>
   </trkpt>
   <trkpt lat="40.6034130" lon="-3.0592080">
    <ele>826.8</ele>
   </trkpt>
   <trkpt lat="40.6034010" lon="-3.0592440">
    <ele>826.8</ele>
   </trkpt>
   <trkpt lat="40.6033940" lon="-3.0592760">
    <ele>827.0</ele>
   </trkpt>
   <trkpt lat="40.6033860" lon="-3.0593090">
    <ele>827.0</ele>
   </trkpt>
   <trkpt lat="40.6033740" lon="-3.0593510">
    <ele>827.2</ele>
   </trkpt>
   <trkpt lat="40.6033670" lon="-3.0593880">
    <ele>827.4</ele>
   </trkpt>
   <trkpt lat="40.6033590" lon="-3.0594280">
    <ele>827.4</ele>
   </trkpt>
   <trkpt lat="40.6033550" lon="-3.0594670">
    <ele>827.6</ele>
   </trkpt>
   <trkpt lat="40.6033480" lon="-3.0595020">
    <ele>827.8</ele>
   </trkpt>
   <trkpt lat="40.6033400" lon="-3.0595360">
    <ele>827.8</ele>
   </trkpt>
   <trkpt lat="40.6033360" lon="-3.0595530">
    <ele>828.2</ele>
   </trkpt>
   <trkpt lat="40.6033330" lon="-3.0595670">
    <ele>828.2</ele>
   </trkpt>
   <trkpt lat="40.6033250" lon="-3.0595870">
    <ele>828.2</ele>
   </trkpt>
   <trkpt lat="40.6033170" lon="-3.0596130">
    <ele>828.4</ele>
   </trkpt>
   <trkpt lat="40.6033060" lon="-3.0596450">
    <ele>828.4</ele>
   </trkpt>
   <trkpt lat="40.6032980" lon="-3.0596820">
    <ele>828.6</ele>
   </trkpt>
   <trkpt lat="40.6032870" lon="-3.0597180">
    <ele>828.6</ele>
   </trkpt>
   <trkpt lat="40.6032750" lon="-3.0597550">
    <ele>828.8</ele>
   </trkpt>
   <trkpt lat="40.6032600" lon="-3.0597920">
    <ele>829.0</ele>
   </trkpt>
   <trkpt lat="40.6032450" lon="-3.0598260">
    <ele>829.2</ele>
   </trkpt>
   <trkpt lat="40.6032330" lon="-3.0598550">
    <ele>829.4</ele>
   </trkpt>
   <trkpt lat="40.6032180" lon="-3.0598930">
    <ele>829.6</ele>
   </trkpt>
   <trkpt lat="40.6032070" lon="-3.0599320">
    <ele>829.6</ele>
   </trkpt>
   <trkpt lat="40.6031950" lon="-3.0599670">
    <ele>829.8</ele>
   </trkpt>
   <trkpt lat="40.6031800" lon="-3.0600010">
    <ele>830.0</ele>
   </trkpt>
   <trkpt lat="40.6031650" lon="-3.0600370">
    <ele>830.2</ele>
   </trkpt>
   <trkpt lat="40.6031530" lon="-3.0600710">
    <ele>830.4</ele>
   </trkpt>
   <trkpt lat="40.6031380" lon="-3.0601070">
    <ele>830.6</ele>
   </trkpt>
   <trkpt lat="40.6031270" lon="-3.0601440">
    <ele>830.8</ele>
   </trkpt>
   <trkpt lat="40.6031150" lon="-3.0601820">
    <ele>831.0</ele>
   </trkpt>
   <trkpt lat="40.6031000" lon="-3.0602220">
    <ele>831.2</ele>
   </trkpt>
   <trkpt lat="40.6030880" lon="-3.0602600">
    <ele>831.4</ele>
   </trkpt>
   <trkpt lat="40.6030810" lon="-3.0602970">
    <ele>831.6</ele>
   </trkpt>
   <trkpt lat="40.6030690" lon="-3.0603330">
    <ele>831.8</ele>
   </trkpt>
   <trkpt lat="40.6030620" lon="-3.0603700">
    <ele>832.0</ele>
   </trkpt>
   <trkpt lat="40.6030580" lon="-3.0604080">
    <ele>832.2</ele>
   </trkpt>
   <trkpt lat="40.6030540" lon="-3.0604460">
    <ele>832.4</ele>
   </trkpt>
   <trkpt lat="40.6030500" lon="-3.0604830">
    <ele>832.6</ele>
   </trkpt>
   <trkpt lat="40.6030430" lon="-3.0605210">
    <ele>832.8</ele>
   </trkpt>
   <trkpt lat="40.6030390" lon="-3.0605520">
    <ele>833.2</ele>
   </trkpt>
   <trkpt lat="40.6030350" lon="-3.0605950">
    <ele>833.4</ele>
   </trkpt>
   <trkpt lat="40.6030270" lon="-3.0606310">
    <ele>833.6</ele>
   </trkpt>
   <trkpt lat="40.6030230" lon="-3.0606710">
    <ele>833.8</ele>
   </trkpt>
   <trkpt lat="40.6030200" lon="-3.0607020">
    <ele>834.0</ele>
   </trkpt>
   <trkpt lat="40.6030160" lon="-3.0607480">
    <ele>834.2</ele>
   </trkpt>
   <trkpt lat="40.6030080" lon="-3.0607850">
    <ele>834.4</ele>
   </trkpt>
   <trkpt lat="40.6030010" lon="-3.0608210">
    <ele>834.6</ele>
   </trkpt>
   <trkpt lat="40.6029930" lon="-3.0608500">
    <ele>834.8</ele>
   </trkpt>
   <trkpt lat="40.6029820" lon="-3.0608850">
    <ele>835.0</ele>
   </trkpt>
   <trkpt lat="40.6029620" lon="-3.0609280">
    <ele>835.2</ele>
   </trkpt>
   <trkpt lat="40.6029430" lon="-3.0609620">
    <ele>835.4</ele>
   </trkpt>
   <trkpt lat="40.6029280" lon="-3.0609950">
    <ele>835.6</ele>
   </trkpt>
   <trkpt lat="40.6029130" lon="-3.0610220">
    <ele>835.6</ele>
   </trkpt>
   <trkpt lat="40.6028900" lon="-3.0610530">
    <ele>836.0</ele>
   </trkpt>
   <trkpt lat="40.6028630" lon="-3.0610860">
    <ele>836.2</ele>
   </trkpt>
   <trkpt lat="40.6028400" lon="-3.0611120">
    <ele>836.4</ele>
   </trkpt>
   <trkpt lat="40.6028180" lon="-3.0611370">
    <ele>836.6</ele>
   </trkpt>
   <trkpt lat="40.6027950" lon="-3.0611580">
    <ele>836.8</ele>
   </trkpt>
   <trkpt lat="40.6027680" lon="-3.0611820">
    <ele>837.0</ele>
   </trkpt>
   <trkpt lat="40.6027410" lon="-3.0612030">
    <ele>837.2</ele>
   </trkpt>
   <trkpt lat="40.6027150" lon="-3.0612200">
    <ele>837.4</ele>
   </trkpt>
   <trkpt lat="40.6026880" lon="-3.0612360">
    <ele>837.6</ele>
   </trkpt>
   <trkpt lat="40.6026650" lon="-3.0612480">
    <ele>837.6</ele>
   </trkpt>
   <trkpt lat="40.6026310" lon="-3.0612650">
    <ele>837.8</ele>
   </trkpt>
   <trkpt lat="40.6026040" lon="-3.0612810">
    <ele>838.0</ele>
   </trkpt>
   <trkpt lat="40.6025770" lon="-3.0612960">
    <ele>838.2</ele>
   </trkpt>
   <trkpt lat="40.6025510" lon="-3.0613140">
    <ele>838.4</ele>
   </trkpt>
   <trkpt lat="40.6025280" lon="-3.0613330">
    <ele>838.6</ele>
   </trkpt>
   <trkpt lat="40.6025050" lon="-3.0613570">
    <ele>838.8</ele>
   </trkpt>
   <trkpt lat="40.6024820" lon="-3.0613830">
    <ele>839.0</ele>
   </trkpt>
   <trkpt lat="40.6024630" lon="-3.0614120">
    <ele>839.0</ele>
   </trkpt>
   <trkpt lat="40.6024440" lon="-3.0614420">
    <ele>839.2</ele>
   </trkpt>
   <trkpt lat="40.6024280" lon="-3.0614740">
    <ele>839.4</ele>
   </trkpt>
   <trkpt lat="40.6024130" lon="-3.0615060">
    <ele>839.6</ele>
   </trkpt>
   <trkpt lat="40.6023980" lon="-3.0615410">
    <ele>839.8</ele>
   </trkpt>
   <trkpt lat="40.6023790" lon="-3.0615760">
    <ele>840.0</ele>
   </trkpt>
   <trkpt lat="40.6023600" lon="-3.0616060">
    <ele>840.2</ele>
   </trkpt>
   <trkpt lat="40.6023440" lon="-3.0616370">
    <ele>840.4</ele>
   </trkpt>
   <trkpt lat="40.6023250" lon="-3.0616690">
    <ele>840.6</ele>
   </trkpt>
   <trkpt lat="40.6023100" lon="-3.0616990">
    <ele>840.8</ele>
   </trkpt>
   <trkpt lat="40.6022870" lon="-3.0617250">
    <ele>841.0</ele>
   </trkpt>
   <trkpt lat="40.6022720" lon="-3.0617460">
    <ele>841.0</ele>
   </trkpt>
   <trkpt lat="40.6022490" lon="-3.0617770">
    <ele>841.2</ele>
   </trkpt>
   <trkpt lat="40.6022260" lon="-3.0618040">
    <ele>841.4</ele>
   </trkpt>
   <trkpt lat="40.6022030" lon="-3.0618280">
    <ele>841.6</ele>
   </trkpt>
   <trkpt lat="40.6021840" lon="-3.0618490">
    <ele>841.8</ele>
   </trkpt>
   <trkpt lat="40.6021610" lon="-3.0618790">
    <ele>842.0</ele>
   </trkpt>
   <trkpt lat="40.6021350" lon="-3.0619040">
    <ele>842.2</ele>
   </trkpt>
   <trkpt lat="40.6021120" lon="-3.0619300">
    <ele>842.4</ele>
   </trkpt>
   <trkpt lat="40.6020890" lon="-3.0619570">
    <ele>842.4</ele>
   </trkpt>
   <trkpt lat="40.6020660" lon="-3.0619780">
    <ele>842.6</ele>
   </trkpt>
   <trkpt lat="40.6020430" lon="-3.0620090">
    <ele>842.8</ele>
   </trkpt>
   <trkpt lat="40.6020200" lon="-3.0620360">
    <ele>843.0</ele>
   </trkpt>
   <trkpt lat="40.6019970" lon="-3.0620620">
    <ele>843.0</ele>
   </trkpt>
   <trkpt lat="40.6019780" lon="-3.0620890">
    <ele>843.2</ele>
   </trkpt>
   <trkpt lat="40.6019550" lon="-3.0621130">
    <ele>843.4</ele>
   </trkpt>
   <trkpt lat="40.6019360" lon="-3.0621390">
    <ele>843.4</ele>
   </trkpt>
   <trkpt lat="40.6019130" lon="-3.0621630">
    <ele>843.6</ele>
   </trkpt>
   <trkpt lat="40.6018940" lon="-3.0621800">
    <ele>843.8</ele>
   </trkpt>
   <trkpt lat="40.6018640" lon="-3.0622010">
    <ele>844.0</ele>
   </trkpt>
   <trkpt lat="40.6018330" lon="-3.0622270">
    <ele>844.2</ele>
   </trkpt>
   <trkpt lat="40.6018140" lon="-3.0622490">
    <ele>844.2</ele>
   </trkpt>
   <trkpt lat="40.6017880" lon="-3.0622690">
    <ele>844.4</ele>
   </trkpt>
   <trkpt lat="40.6017610" lon="-3.0622860">
    <ele>844.6</ele>
   </trkpt>
   <trkpt lat="40.6017340" lon="-3.0622990">
    <ele>844.8</ele>
   </trkpt>
   <trkpt lat="40.6017070" lon="-3.0623180">
    <ele>845.0</ele>
   </trkpt>
   <trkpt lat="40.6016850" lon="-3.0623360">
    <ele>845.2</ele>
   </trkpt>
   <trkpt lat="40.6016620" lon="-3.0623470">
    <ele>845.2</ele>
   </trkpt>
   <trkpt lat="40.6016350" lon="-3.0623610">
    <ele>845.4</ele>
   </trkpt>
   <trkpt lat="40.6016040" lon="-3.0623770">
    <ele>845.6</ele>
   </trkpt>
   <trkpt lat="40.6015780" lon="-3.0623910">
    <ele>845.8</ele>
   </trkpt>
   <trkpt lat="40.6015510" lon="-3.0624060">
    <ele>846.0</ele>
   </trkpt>
   <trkpt lat="40.6015280" lon="-3.0624160">
    <ele>846.2</ele>
   </trkpt>
   <trkpt lat="40.6014980" lon="-3.0624330">
    <ele>846.4</ele>
   </trkpt>
   <trkpt lat="40.6014670" lon="-3.0624490">
    <ele>846.6</ele>
   </trkpt>
   <trkpt lat="40.6014400" lon="-3.0624610">
    <ele>846.8</ele>
   </trkpt>
   <trkpt lat="40.6014140" lon="-3.0624740">
    <ele>847.0</ele>
   </trkpt>
   <trkpt lat="40.6013870" lon="-3.0624870">
    <ele>847.2</ele>
   </trkpt>
   <trkpt lat="40.6013640" lon="-3.0624990">
    <ele>847.4</ele>
   </trkpt>
   <trkpt lat="40.6013370" lon="-3.0625160">
    <ele>847.6</ele>
   </trkpt>
   <trkpt lat="40.6013150" lon="-3.0625350">
    <ele>847.6</ele>
   </trkpt>
   <trkpt lat="40.6012880" lon="-3.0625560">
    <ele>847.8</ele>
   </trkpt>
   <trkpt lat="40.6012690" lon="-3.0625720">
    <ele>848.0</ele>
   </trkpt>
   <trkpt lat="40.6012420" lon="-3.0625980">
    <ele>848.2</ele>
   </trkpt>
   <trkpt lat="40.6012190" lon="-3.0626270">
    <ele>848.4</ele>
   </trkpt>
   <trkpt lat="40.6011960" lon="-3.0626550">
    <ele>848.6</ele>
   </trkpt>
   <trkpt lat="40.6011770" lon="-3.0626870">
    <ele>848.8</ele>
   </trkpt>
   <trkpt lat="40.6011580" lon="-3.0627180">
    <ele>848.8</ele>
   </trkpt>
   <trkpt lat="40.6011430" lon="-3.0627500">
    <ele>849.0</ele>
   </trkpt>
   <trkpt lat="40.6011240" lon="-3.0627820">
    <ele>849.2</ele>
   </trkpt>
   <trkpt lat="40.6011090" lon="-3.0628110">
    <ele>849.4</ele>
   </trkpt>
   <trkpt lat="40.6010970" lon="-3.0628390">
    <ele>849.6</ele>
   </trkpt>
   <trkpt lat="40.6010820" lon="-3.0628730">
    <ele>849.6</ele>
   </trkpt>
   <trkpt lat="40.6010670" lon="-3.0629070">
    <ele>849.8</ele>
   </trkpt>
   <trkpt lat="40.6010470" lon="-3.0629410">
    <ele>850.0</ele>
   </trkpt>
   <trkpt lat="40.6010360" lon="-3.0629680">
    <ele>850.0</ele>
   </trkpt>
   <trkpt lat="40.6010130" lon="-3.0630070">
    <ele>850.2</ele>
   </trkpt>
   <trkpt lat="40.6009900" lon="-3.0630390">
    <ele>850.2</ele>
   </trkpt>
   <trkpt lat="40.6009710" lon="-3.0630700">
    <ele>850.4</ele>
   </trkpt>
   <trkpt lat="40.6009480" lon="-3.0630950">
    <ele>850.6</ele>
   </trkpt>
   <trkpt lat="40.6009220" lon="-3.0631190">
    <ele>850.6</ele>
   </trkpt>
   <trkpt lat="40.6009060" lon="-3.0631380">
    <ele>850.8</ele>
   </trkpt>
   <trkpt lat="40.6008830" lon="-3.0631610">
    <ele>851.0</ele>
   </trkpt>
   <trkpt lat="40.6008530" lon="-3.0631840">
    <ele>851.0</ele>
   </trkpt>
   <trkpt lat="40.6008220" lon="-3.0631990">
    <ele>851.2</ele>
   </trkpt>
   <trkpt lat="40.6008030" lon="-3.0632160">
    <ele>851.4</ele>
   </trkpt>
   <trkpt lat="40.6007730" lon="-3.0632340">
    <ele>851.6</ele>
   </trkpt>
   <trkpt lat="40.6007460" lon="-3.0632490">
    <ele>851.6</ele>
   </trkpt>
   <trkpt lat="40.6007270" lon="-3.0632610">
    <ele>851.8</ele>
   </trkpt>
   <trkpt lat="40.6007000" lon="-3.0632780">
    <ele>852.0</ele>
   </trkpt>
   <trkpt lat="40.6006700" lon="-3.0633030">
    <ele>852.2</ele>
   </trkpt>
   <trkpt lat="40.6006470" lon="-3.0633230">
    <ele>852.4</ele>
   </trkpt>
   <trkpt lat="40.6006200" lon="-3.0633450">
    <ele>852.6</ele>
   </trkpt>
   <trkpt lat="40.6005970" lon="-3.0633680">
    <ele>852.8</ele>
   </trkpt>
   <trkpt lat="40.6005820" lon="-3.0633860">
    <ele>853.0</ele>
   </trkpt>
   <trkpt lat="40.6005630" lon="-3.0634150">
    <ele>853.2</ele>
   </trkpt>
   <trkpt lat="40.6005400" lon="-3.0634450">
    <ele>853.4</ele>
   </trkpt>
   <trkpt lat="40.6005250" lon="-3.0634760">
    <ele>853.6</ele>
   </trkpt>
   <trkpt lat="40.6005100" lon="-3.0635030">
    <ele>853.8</ele>
   </trkpt>
   <trkpt lat="40.6004910" lon="-3.0635370">
    <ele>854.0</ele>
   </trkpt>
   <trkpt lat="40.6004680" lon="-3.0635710">
    <ele>854.2</ele>
   </trkpt>
   <trkpt lat="40.6004450" lon="-3.0636010">
    <ele>854.4</ele>
   </trkpt>
   <trkpt lat="40.6004260" lon="-3.0636310">
    <ele>854.6</ele>
   </trkpt>
   <trkpt lat="40.6004070" lon="-3.0636510">
    <ele>854.8</ele>
   </trkpt>
   <trkpt lat="40.6003840" lon="-3.0636790">
    <ele>855.0</ele>
   </trkpt>
   <trkpt lat="40.6003570" lon="-3.0637090">
    <ele>855.2</ele>
   </trkpt>
   <trkpt lat="40.6003340" lon="-3.0637340">
    <ele>855.4</ele>
   </trkpt>
   <trkpt lat="40.6003150" lon="-3.0637570">
    <ele>855.6</ele>
   </trkpt>
   <trkpt lat="40.6002960" lon="-3.0637730">
    <ele>855.8</ele>
   </trkpt>
   <trkpt lat="40.6002690" lon="-3.0637990">
    <ele>856.0</ele>
   </trkpt>
   <trkpt lat="40.6002460" lon="-3.0638220">
    <ele>856.2</ele>
   </trkpt>
   <trkpt lat="40.6002240" lon="-3.0638420">
    <ele>856.4</ele>
   </trkpt>
   <trkpt lat="40.6002010" lon="-3.0638610">
    <ele>856.6</ele>
   </trkpt>
   <trkpt lat="40.6001820" lon="-3.0638790">
    <ele>856.8</ele>
   </trkpt>
   <trkpt lat="40.6001550" lon="-3.0639080">
    <ele>857.0</ele>
   </trkpt>
   <trkpt lat="40.6001320" lon="-3.0639360">
    <ele>857.2</ele>
   </trkpt>
   <trkpt lat="40.6001130" lon="-3.0639610">
    <ele>857.4</ele>
   </trkpt>
   <trkpt lat="40.6000940" lon="-3.0639810">
    <ele>857.6</ele>
   </trkpt>
   <trkpt lat="40.6000710" lon="-3.0640040">
    <ele>857.8</ele>
   </trkpt>
   <trkpt lat="40.6000400" lon="-3.0640320">
    <ele>858.0</ele>
   </trkpt>
   <trkpt lat="40.6000170" lon="-3.0640550">
    <ele>858.2</ele>
   </trkpt>
   <trkpt lat="40.5999910" lon="-3.0640750">
    <ele>858.4</ele>
   </trkpt>
   <trkpt lat="40.5999680" lon="-3.0641010">
    <ele>858.6</ele>
   </trkpt>
   <trkpt lat="40.5999450" lon="-3.0641260">
    <ele>858.8</ele>
   </trkpt>
   <trkpt lat="40.5999220" lon="-3.0641510">
    <ele>859.0</ele>
   </trkpt>
   <trkpt lat="40.5998990" lon="-3.0641750">
    <ele>859.2</ele>
   </trkpt>
   <trkpt lat="40.5998800" lon="-3.0641980">
    <ele>859.4</ele>
   </trkpt>
   <trkpt lat="40.5998610" lon="-3.0642170">
    <ele>859.6</ele>
   </trkpt>
   <trkpt lat="40.5998380" lon="-3.0642420">
    <ele>859.8</ele>
   </trkpt>
   <trkpt lat="40.5998150" lon="-3.0642690">
    <ele>859.8</ele>
   </trkpt>
   <trkpt lat="40.5997960" lon="-3.0642910">
    <ele>860.0</ele>
   </trkpt>
   <trkpt lat="40.5997730" lon="-3.0643090">
    <ele>860.2</ele>
   </trkpt>
   <trkpt lat="40.5997540" lon="-3.0643300">
    <ele>860.4</ele>
   </trkpt>
   <trkpt lat="40.5997310" lon="-3.0643560">
    <ele>860.6</ele>
   </trkpt>
   <trkpt lat="40.5997090" lon="-3.0643850">
    <ele>860.8</ele>
   </trkpt>
   <trkpt lat="40.5996890" lon="-3.0644090">
    <ele>861.0</ele>
   </trkpt>
   <trkpt lat="40.5996670" lon="-3.0644360">
    <ele>861.2</ele>
   </trkpt>
   <trkpt lat="40.5996510" lon="-3.0644640">
    <ele>861.4</ele>
   </trkpt>
   <trkpt lat="40.5996320" lon="-3.0644960">
    <ele>861.6</ele>
   </trkpt>
   <trkpt lat="40.5996170" lon="-3.0645300">
    <ele>861.6</ele>
   </trkpt>
   <trkpt lat="40.5996090" lon="-3.0645660">
    <ele>861.8</ele>
   </trkpt>
   <trkpt lat="40.5996020" lon="-3.0646020">
    <ele>862.2</ele>
   </trkpt>
   <trkpt lat="40.5995900" lon="-3.0646440">
    <ele>862.4</ele>
   </trkpt>
   <trkpt lat="40.5995830" lon="-3.0646770">
    <ele>862.6</ele>
   </trkpt>
   <trkpt lat="40.5995750" lon="-3.0647220">
    <ele>862.8</ele>
   </trkpt>
   <trkpt lat="40.5995710" lon="-3.0647540">
    <ele>863.2</ele>
   </trkpt>
   <trkpt lat="40.5995600" lon="-3.0647980">
    <ele>863.4</ele>
   </trkpt>
   <trkpt lat="40.5995520" lon="-3.0648330">
    <ele>863.6</ele>
   </trkpt>
   <trkpt lat="40.5995450" lon="-3.0648630">
    <ele>864.0</ele>
   </trkpt>
   <trkpt lat="40.5995330" lon="-3.0648960">
    <ele>864.2</ele>
   </trkpt>
   <trkpt lat="40.5995180" lon="-3.0649320">
    <ele>864.2</ele>
   </trkpt>
   <trkpt lat="40.5995030" lon="-3.0649720">
    <ele>864.4</ele>
   </trkpt>
   <trkpt lat="40.5994870" lon="-3.0650000">
    <ele>864.6</ele>
   </trkpt>
   <trkpt lat="40.5994680" lon="-3.0650330">
    <ele>864.8</ele>
   </trkpt>
   <trkpt lat="40.5994530" lon="-3.0650540">
    <ele>865.0</ele>
   </trkpt>
   <trkpt lat="40.5994300" lon="-3.0650840">
    <ele>865.2</ele>
   </trkpt>
   <trkpt lat="40.5994070" lon="-3.0651060">
    <ele>865.4</ele>
   </trkpt>
   <trkpt lat="40.5993880" lon="-3.0651230">
    <ele>865.6</ele>
   </trkpt>
   <trkpt lat="40.5993730" lon="-3.0651410">
    <ele>865.8</ele>
   </trkpt>
   <trkpt lat="40.5993580" lon="-3.0651580">
    <ele>866.0</ele>
   </trkpt>
   <trkpt lat="40.5993500" lon="-3.0651700">
    <ele>866.0</ele>
   </trkpt>
   <trkpt lat="40.5992130" lon="-3.0652900">
    <ele>866.6</ele>
   </trkpt>
   <trkpt lat="40.5991900" lon="-3.0653150">
    <ele>866.6</ele>
   </trkpt>
   <trkpt lat="40.5991630" lon="-3.0653510">
    <ele>866.6</ele>
   </trkpt>
   <trkpt lat="40.5991330" lon="-3.0653980">
    <ele>866.8</ele>
   </trkpt>
   <trkpt lat="40.5991100" lon="-3.0654320">
    <ele>867.0</ele>
   </trkpt>
   <trkpt lat="40.5990830" lon="-3.0654740">
    <ele>867.2</ele>
   </trkpt>
   <trkpt lat="40.5990600" lon="-3.0655180">
    <ele>867.4</ele>
   </trkpt>
   <trkpt lat="40.5990410" lon="-3.0655520">
    <ele>867.6</ele>
   </trkpt>
   <trkpt lat="40.5990180" lon="-3.0655920">
    <ele>868.0</ele>
   </trkpt>
   <trkpt lat="40.5989910" lon="-3.0656390">
    <ele>868.4</ele>
   </trkpt>
   <trkpt lat="40.5989720" lon="-3.0656800">
    <ele>868.6</ele>
   </trkpt>
   <trkpt lat="40.5989490" lon="-3.0657140">
    <ele>869.0</ele>
   </trkpt>
   <trkpt lat="40.5989230" lon="-3.0657580">
    <ele>869.4</ele>
   </trkpt>
   <trkpt lat="40.5988960" lon="-3.0657930">
    <ele>869.6</ele>
   </trkpt>
   <trkpt lat="40.5988690" lon="-3.0658300">
    <ele>870.0</ele>
   </trkpt>
   <trkpt lat="40.5988430" lon="-3.0658680">
    <ele>870.2</ele>
   </trkpt>
   <trkpt lat="40.5988200" lon="-3.0659010">
    <ele>870.4</ele>
   </trkpt>
   <trkpt lat="40.5987890" lon="-3.0659420">
    <ele>870.6</ele>
   </trkpt>
   <trkpt lat="40.5987620" lon="-3.0659750">
    <ele>871.0</ele>
   </trkpt>
   <trkpt lat="40.5987400" lon="-3.0660010">
    <ele>871.2</ele>
   </trkpt>
   <trkpt lat="40.5987130" lon="-3.0660280">
    <ele>871.6</ele>
   </trkpt>
   <trkpt lat="40.5986750" lon="-3.0660580">
    <ele>871.6</ele>
   </trkpt>
   <trkpt lat="40.5986480" lon="-3.0660790">
    <ele>871.8</ele>
   </trkpt>
   <trkpt lat="40.5986100" lon="-3.0661100">
    <ele>872.0</ele>
   </trkpt>
   <trkpt lat="40.5985870" lon="-3.0661320">
    <ele>872.2</ele>
   </trkpt>
   <trkpt lat="40.5985600" lon="-3.0661590">
    <ele>872.6</ele>
   </trkpt>
   <trkpt lat="40.5985340" lon="-3.0661910">
    <ele>872.8</ele>
   </trkpt>
   <trkpt lat="40.5985110" lon="-3.0662190">
    <ele>873.0</ele>
   </trkpt>
   <trkpt lat="40.5984880" lon="-3.0662440">
    <ele>873.2</ele>
   </trkpt>
   <trkpt lat="40.5984610" lon="-3.0662760">
    <ele>873.4</ele>
   </trkpt>
   <trkpt lat="40.5984340" lon="-3.0663040">
    <ele>873.6</ele>
   </trkpt>
   <trkpt lat="40.5984120" lon="-3.0663330">
    <ele>873.8</ele>
   </trkpt>
   <trkpt lat="40.5983920" lon="-3.0663690">
    <ele>874.2</ele>
   </trkpt>
   <trkpt lat="40.5983730" lon="-3.0664010">
    <ele>874.4</ele>
   </trkpt>
   <trkpt lat="40.5983580" lon="-3.0664260">
    <ele>874.8</ele>
   </trkpt>
   <trkpt lat="40.5983390" lon="-3.0664580">
    <ele>875.0</ele>
   </trkpt>
   <trkpt lat="40.5983160" lon="-3.0664920">
    <ele>875.2</ele>
   </trkpt>
   <trkpt lat="40.5982970" lon="-3.0665190">
    <ele>875.4</ele>
   </trkpt>
   <trkpt lat="40.5982820" lon="-3.0665420">
    <ele>875.6</ele>
   </trkpt>
   <trkpt lat="40.5982630" lon="-3.0665710">
    <ele>875.8</ele>
   </trkpt>
   <trkpt lat="40.5982400" lon="-3.0666040">
    <ele>876.0</ele>
   </trkpt>
   <trkpt lat="40.5982210" lon="-3.0666270">
    <ele>876.2</ele>
   </trkpt>
   <trkpt lat="40.5981980" lon="-3.0666540">
    <ele>876.4</ele>
   </trkpt>
   <trkpt lat="40.5981750" lon="-3.0666840">
    <ele>876.6</ele>
   </trkpt>
   <trkpt lat="40.5981600" lon="-3.0667060">
    <ele>876.8</ele>
   </trkpt>
   <trkpt lat="40.5981370" lon="-3.0667320">
    <ele>877.0</ele>
   </trkpt>
   <trkpt lat="40.5981140" lon="-3.0667600">
    <ele>877.2</ele>
   </trkpt>
   <trkpt lat="40.5980950" lon="-3.0667830">
    <ele>877.4</ele>
   </trkpt>
   <trkpt lat="40.5980800" lon="-3.0668040">
    <ele>877.6</ele>
   </trkpt>
   <trkpt lat="40.5980570" lon="-3.0668300">
    <ele>877.8</ele>
   </trkpt>
   <trkpt lat="40.5980340" lon="-3.0668500">
    <ele>878.0</ele>
   </trkpt>
   <trkpt lat="40.5980110" lon="-3.0668700">
    <ele>878.2</ele>
   </trkpt>
   <trkpt lat="40.5979880" lon="-3.0668920">
    <ele>878.4</ele>
   </trkpt>
   <trkpt lat="40.5979690" lon="-3.0669150">
    <ele>878.6</ele>
   </trkpt>
   <trkpt lat="40.5979460" lon="-3.0669390">
    <ele>878.8</ele>
   </trkpt>
   <trkpt lat="40.5979230" lon="-3.0669650">
    <ele>879.0</ele>
   </trkpt>
   <trkpt lat="40.5979040" lon="-3.0669890">
    <ele>879.2</ele>
   </trkpt>
   <trkpt lat="40.5978850" lon="-3.0670130">
    <ele>879.4</ele>
   </trkpt>
   <trkpt lat="40.5978740" lon="-3.0670370">
    <ele>879.6</ele>
   </trkpt>
   <trkpt lat="40.5978580" lon="-3.0670670">
    <ele>879.8</ele>
   </trkpt>
   <trkpt lat="40.5978430" lon="-3.0670890">
    <ele>880.0</ele>
   </trkpt>
   <trkpt lat="40.5978280" lon="-3.0671100">
    <ele>880.4</ele>
   </trkpt>
   <trkpt lat="40.5978090" lon="-3.0671470">
    <ele>880.6</ele>
   </trkpt>
   <trkpt lat="40.5977900" lon="-3.0671850">
    <ele>880.8</ele>
   </trkpt>
   <trkpt lat="40.5977780" lon="-3.0672260">
    <ele>881.0</ele>
   </trkpt>
   <trkpt lat="40.5977630" lon="-3.0672640">
    <ele>881.2</ele>
   </trkpt>
   <trkpt lat="40.5977480" lon="-3.0673030">
    <ele>881.4</ele>
   </trkpt>
   <trkpt lat="40.5977330" lon="-3.0673380">
    <ele>881.6</ele>
   </trkpt>
   <trkpt lat="40.5977130" lon="-3.0673730">
    <ele>881.8</ele>
   </trkpt>
   <trkpt lat="40.5976940" lon="-3.0674060">
    <ele>882.0</ele>
   </trkpt>
   <trkpt lat="40.5976750" lon="-3.0674360">
    <ele>882.2</ele>
   </trkpt>
   <trkpt lat="40.5976600" lon="-3.0674640">
    <ele>882.4</ele>
   </trkpt>
   <trkpt lat="40.5976490" lon="-3.0674940">
    <ele>882.6</ele>
   </trkpt>
   <trkpt lat="40.5976370" lon="-3.0675260">
    <ele>882.8</ele>
   </trkpt>
   <trkpt lat="40.5976220" lon="-3.0675560">
    <ele>883.0</ele>
   </trkpt>
   <trkpt lat="40.5976070" lon="-3.0675840">
    <ele>883.0</ele>
   </trkpt>
   <trkpt lat="40.5975910" lon="-3.0676140">
    <ele>883.2</ele>
   </trkpt>
   <trkpt lat="40.5975760" lon="-3.0676420">
    <ele>883.4</ele>
   </trkpt>
   <trkpt lat="40.5975610" lon="-3.0676690">
    <ele>883.6</ele>
   </trkpt>
   <trkpt lat="40.5975420" lon="-3.0676950">
    <ele>883.8</ele>
   </trkpt>
   <trkpt lat="40.5975270" lon="-3.0677200">
    <ele>884.0</ele>
   </trkpt>
   <trkpt lat="40.5975110" lon="-3.0677440">
    <ele>884.2</ele>
   </trkpt>
   <trkpt lat="40.5974920" lon="-3.0677650">
    <ele>884.4</ele>
   </trkpt>
   <trkpt lat="40.5974730" lon="-3.0677870">
    <ele>884.6</ele>
   </trkpt>
   <trkpt lat="40.5974540" lon="-3.0678140">
    <ele>884.8</ele>
   </trkpt>
   <trkpt lat="40.5974430" lon="-3.0678370">
    <ele>885.0</ele>
   </trkpt>
   <trkpt lat="40.5974350" lon="-3.0678620">
    <ele>885.2</ele>
   </trkpt>
   <trkpt lat="40.5974270" lon="-3.0678850">
    <ele>885.2</ele>
   </trkpt>
   <trkpt lat="40.5974310" lon="-3.0679180">
    <ele>885.4</ele>
   </trkpt>
   <trkpt lat="40.5974390" lon="-3.0679570">
    <ele>885.6</ele>
   </trkpt>
   <trkpt lat="40.5974540" lon="-3.0679930">
    <ele>885.8</ele>
   </trkpt>
   <trkpt lat="40.5974690" lon="-3.0680260">
    <ele>886.0</ele>
   </trkpt>
   <trkpt lat="40.5974810" lon="-3.0680560">
    <ele>886.2</ele>
   </trkpt>
   <trkpt lat="40.5975000" lon="-3.0680860">
    <ele>886.4</ele>
   </trkpt>
   <trkpt lat="40.5975190" lon="-3.0681210">
    <ele>886.4</ele>
   </trkpt>
   <trkpt lat="40.5975380" lon="-3.0681550">
    <ele>886.6</ele>
   </trkpt>
   <trkpt lat="40.5975610" lon="-3.0681870">
    <ele>886.8</ele>
   </trkpt>
   <trkpt lat="40.5975840" lon="-3.0682210">
    <ele>887.0</ele>
   </trkpt>
   <trkpt lat="40.5976070" lon="-3.0682530">
    <ele>887.2</ele>
   </trkpt>
   <trkpt lat="40.5976260" lon="-3.0682840">
    <ele>887.4</ele>
   </trkpt>
   <trkpt lat="40.5976450" lon="-3.0683110">
    <ele>887.6</ele>
   </trkpt>
   <trkpt lat="40.5976680" lon="-3.0683390">
    <ele>887.8</ele>
   </trkpt>
   <trkpt lat="40.5976870" lon="-3.0683660">
    <ele>888.2</ele>
   </trkpt>
   <trkpt lat="40.5977100" lon="-3.0683890">
    <ele>888.4</ele>
   </trkpt>
   <trkpt lat="40.5977330" lon="-3.0684150">
    <ele>888.6</ele>
   </trkpt>
   <trkpt lat="40.5977550" lon="-3.0684420">
    <ele>888.8</ele>
   </trkpt>
   <trkpt lat="40.5977780" lon="-3.0684710">
    <ele>889.0</ele>
   </trkpt>
   <trkpt lat="40.5978010" lon="-3.0684990">
    <ele>889.2</ele>
   </trkpt>
   <trkpt lat="40.5978200" lon="-3.0685230">
    <ele>889.4</ele>
   </trkpt>
   <trkpt lat="40.5978430" lon="-3.0685440">
    <ele>889.6</ele>
   </trkpt>
   <trkpt lat="40.5978660" lon="-3.0685740">
    <ele>889.8</ele>
   </trkpt>
   <trkpt lat="40.5978850" lon="-3.0686000">
    <ele>890.0</ele>
   </trkpt>
   <trkpt lat="40.5979080" lon="-3.0686240">
    <ele>890.0</ele>
   </trkpt>
   <trkpt lat="40.5979310" lon="-3.0686520">
    <ele>890.2</ele>
   </trkpt>
   <trkpt lat="40.5979540" lon="-3.0686810">
    <ele>890.4</ele>
   </trkpt>
   <trkpt lat="40.5979770" lon="-3.0687090">
    <ele>890.6</ele>
   </trkpt>
   <trkpt lat="40.5980000" lon="-3.0687360">
    <ele>890.8</ele>
   </trkpt>
   <trkpt lat="40.5980220" lon="-3.0687660">
    <ele>891.0</ele>
   </trkpt>
   <trkpt lat="40.5980420" lon="-3.0687860">
    <ele>891.2</ele>
   </trkpt>
   <trkpt lat="40.5980640" lon="-3.0688130">
    <ele>891.4</ele>
   </trkpt>
   <trkpt lat="40.5980910" lon="-3.0688440">
    <ele>891.6</ele>
   </trkpt>
   <trkpt lat="40.5981100" lon="-3.0688700">
    <ele>891.8</ele>
   </trkpt>
   <trkpt lat="40.5981290" lon="-3.0688920">
    <ele>891.8</ele>
   </trkpt>
   <trkpt lat="40.5981480" lon="-3.0689170">
    <ele>892.0</ele>
   </trkpt>
   <trkpt lat="40.5981710" lon="-3.0689460">
    <ele>892.2</ele>
   </trkpt>
   <trkpt lat="40.5981900" lon="-3.0689770">
    <ele>892.4</ele>
   </trkpt>
   <trkpt lat="40.5982130" lon="-3.0689990">
    <ele>892.6</ele>
   </trkpt>
   <trkpt lat="40.5982360" lon="-3.0690250">
    <ele>892.8</ele>
   </trkpt>
   <trkpt lat="40.5982590" lon="-3.0690500">
    <ele>893.0</ele>
   </trkpt>
   <trkpt lat="40.5982860" lon="-3.0690830">
    <ele>893.0</ele>
   </trkpt>
   <trkpt lat="40.5983090" lon="-3.0691130">
    <ele>893.2</ele>
   </trkpt>
   <trkpt lat="40.5983280" lon="-3.0691370">
    <ele>893.4</ele>
   </trkpt>
   <trkpt lat="40.5983510" lon="-3.0691660">
    <ele>893.6</ele>
   </trkpt>
   <trkpt lat="40.5983770" lon="-3.0692000">
    <ele>893.8</ele>
   </trkpt>
   <trkpt lat="40.5983960" lon="-3.0692240">
    <ele>893.8</ele>
   </trkpt>
   <trkpt lat="40.5984190" lon="-3.0692520">
    <ele>894.0</ele>
   </trkpt>
   <trkpt lat="40.5984420" lon="-3.0692790">
    <ele>894.2</ele>
   </trkpt>
   <trkpt lat="40.5984610" lon="-3.0693060">
    <ele>894.4</ele>
   </trkpt>
   <trkpt lat="40.5984840" lon="-3.0693360">
    <ele>894.6</ele>
   </trkpt>
   <trkpt lat="40.5985070" lon="-3.0693730">
    <ele>894.6</ele>
   </trkpt>
   <trkpt lat="40.5985220" lon="-3.0694030">
    <ele>894.8</ele>
   </trkpt>
   <trkpt lat="40.5985370" lon="-3.0694400">
    <ele>895.0</ele>
   </trkpt>
   <trkpt lat="40.5985490" lon="-3.0694800">
    <ele>895.2</ele>
   </trkpt>
   <trkpt lat="40.5985600" lon="-3.0695210">
    <ele>895.4</ele>
   </trkpt>
   <trkpt lat="40.5985760" lon="-3.0695710">
    <ele>895.4</ele>
   </trkpt>
   <trkpt lat="40.5985830" lon="-3.0696130">
    <ele>895.6</ele>
   </trkpt>
   <trkpt lat="40.5985870" lon="-3.0696500">
    <ele>895.6</ele>
   </trkpt>
   <trkpt lat="40.5985950" lon="-3.0696970">
    <ele>895.8</ele>
   </trkpt>
   <trkpt lat="40.5985950" lon="-3.0697490">
    <ele>896.0</ele>
   </trkpt>
   <trkpt lat="40.5985910" lon="-3.0697930">
    <ele>896.0</ele>
   </trkpt>
   <trkpt lat="40.5985870" lon="-3.0698320">
    <ele>896.2</ele>
   </trkpt>
   <trkpt lat="40.5985830" lon="-3.0698780">
    <ele>896.2</ele>
   </trkpt>
   <trkpt lat="40.5985760" lon="-3.0699310">
    <ele>896.4</ele>
   </trkpt>
   <trkpt lat="40.5985640" lon="-3.0699710">
    <ele>896.4</ele>
   </trkpt>
   <trkpt lat="40.5985570" lon="-3.0700050">
    <ele>896.4</ele>
   </trkpt>
   <trkpt lat="40.5985450" lon="-3.0700440">
    <ele>896.6</ele>
   </trkpt>
   <trkpt lat="40.5985340" lon="-3.0700870">
    <ele>896.8</ele>
   </trkpt>
   <trkpt lat="40.5985260" lon="-3.0701310">
    <ele>896.8</ele>
   </trkpt>
   <trkpt lat="40.5985150" lon="-3.0701840">
    <ele>897.0</ele>
   </trkpt>
   <trkpt lat="40.5985030" lon="-3.0702280">
    <ele>897.2</ele>
   </trkpt>
   <trkpt lat="40.5984950" lon="-3.0702650">
    <ele>897.2</ele>
   </trkpt>
   <trkpt lat="40.5984800" lon="-3.0703170">
    <ele>897.4</ele>
   </trkpt>
   <trkpt lat="40.5984650" lon="-3.0703640">
    <ele>897.6</ele>
   </trkpt>
   <trkpt lat="40.5984540" lon="-3.0704120">
    <ele>897.6</ele>
   </trkpt>
   <trkpt lat="40.5984420" lon="-3.0704570">
    <ele>897.8</ele>
   </trkpt>
   <trkpt lat="40.5984340" lon="-3.0705020">
    <ele>898.0</ele>
   </trkpt>
   <trkpt lat="40.5984230" lon="-3.0705470">
    <ele>898.2</ele>
   </trkpt>
   <trkpt lat="40.5984120" lon="-3.0705910">
    <ele>898.2</ele>
   </trkpt>
   <trkpt lat="40.5984000" lon="-3.0706270">
    <ele>898.4</ele>
   </trkpt>
   <trkpt lat="40.5983890" lon="-3.0706710">
    <ele>898.6</ele>
   </trkpt>
   <trkpt lat="40.5983770" lon="-3.0707240">
    <ele>898.8</ele>
   </trkpt>
   <trkpt lat="40.5983700" lon="-3.0707640">
    <ele>899.0</ele>
   </trkpt>
   <trkpt lat="40.5983580" lon="-3.0708060">
    <ele>899.2</ele>
   </trkpt>
   <trkpt lat="40.5983470" lon="-3.0708480">
    <ele>899.4</ele>
   </trkpt>
   <trkpt lat="40.5983350" lon="-3.0708920">
    <ele>899.6</ele>
   </trkpt>
   <trkpt lat="40.5983280" lon="-3.0709360">
    <ele>899.6</ele>
   </trkpt>
   <trkpt lat="40.5983160" lon="-3.0709790">
    <ele>899.8</ele>
   </trkpt>
   <trkpt lat="40.5983090" lon="-3.0710220">
    <ele>900.0</ele>
   </trkpt>
   <trkpt lat="40.5983010" lon="-3.0710590">
    <ele>900.2</ele>
   </trkpt>
   <trkpt lat="40.5982930" lon="-3.0711030">
    <ele>900.4</ele>
   </trkpt>
   <trkpt lat="40.5982820" lon="-3.0711500">
    <ele>900.6</ele>
   </trkpt>
   <trkpt lat="40.5982700" lon="-3.0711900">
    <ele>901.0</ele>
   </trkpt>
   <trkpt lat="40.5982590" lon="-3.0712270">
    <ele>901.2</ele>
   </trkpt>
   <trkpt lat="40.5982510" lon="-3.0712650">
    <ele>901.4</ele>
   </trkpt>
   <trkpt lat="40.5982440" lon="-3.0713020">
    <ele>901.6</ele>
   </trkpt>
   <trkpt lat="40.5982400" lon="-3.0713400">
    <ele>901.8</ele>
   </trkpt>
   <trkpt lat="40.5982320" lon="-3.0713820">
    <ele>902.0</ele>
   </trkpt>
   <trkpt lat="40.5982250" lon="-3.0714230">
    <ele>902.2</ele>
   </trkpt>
   <trkpt lat="40.5982170" lon="-3.0714630">
    <ele>902.4</ele>
   </trkpt>
   <trkpt lat="40.5982090" lon="-3.0715020">
    <ele>902.6</ele>
   </trkpt>
   <trkpt lat="40.5982020" lon="-3.0715420">
    <ele>902.8</ele>
   </trkpt>
   <trkpt lat="40.5981980" lon="-3.0715810">
    <ele>903.2</ele>
   </trkpt>
   <trkpt lat="40.5981940" lon="-3.0716130">
    <ele>903.4</ele>
   </trkpt>
   <trkpt lat="40.5981860" lon="-3.0716600">
    <ele>903.6</ele>
   </trkpt>
   <trkpt lat="40.5981830" lon="-3.0717000">
    <ele>903.8</ele>
   </trkpt>
   <trkpt lat="40.5981830" lon="-3.0717400">
    <ele>904.2</ele>
   </trkpt>
   <trkpt lat="40.5981860" lon="-3.0717800">
    <ele>904.4</ele>
   </trkpt>
   <trkpt lat="40.5981860" lon="-3.0718140">
    <ele>904.6</ele>
   </trkpt>
   <trkpt lat="40.5981830" lon="-3.0718560">
    <ele>904.8</ele>
   </trkpt>
   <trkpt lat="40.5981790" lon="-3.0719030">
    <ele>905.0</ele>
   </trkpt>
   <trkpt lat="40.5981790" lon="-3.0719430">
    <ele>905.2</ele>
   </trkpt>
   <trkpt lat="40.5981750" lon="-3.0719750">
    <ele>905.4</ele>
   </trkpt>
   <trkpt lat="40.5981750" lon="-3.0720170">
    <ele>905.6</ele>
   </trkpt>
   <trkpt lat="40.5981750" lon="-3.0720650">
    <ele>905.8</ele>
   </trkpt>
   <trkpt lat="40.5981710" lon="-3.0721050">
    <ele>906.0</ele>
   </trkpt>
   <trkpt lat="40.5981710" lon="-3.0721460">
    <ele>906.2</ele>
   </trkpt>
   <trkpt lat="40.5981710" lon="-3.0721850">
    <ele>906.4</ele>
   </trkpt>
   <trkpt lat="40.5981670" lon="-3.0722410">
    <ele>906.4</ele>
   </trkpt>
   <trkpt lat="40.5981640" lon="-3.0722880">
    <ele>906.6</ele>
   </trkpt>
   <trkpt lat="40.5981560" lon="-3.0723350">
    <ele>906.6</ele>
   </trkpt>
   <trkpt lat="40.5981480" lon="-3.0723810">
    <ele>906.8</ele>
   </trkpt>
   <trkpt lat="40.5981410" lon="-3.0724210">
    <ele>907.0</ele>
   </trkpt>
   <trkpt lat="40.5981290" lon="-3.0724660">
    <ele>907.0</ele>
   </trkpt>
   <trkpt lat="40.5981140" lon="-3.0725190">
    <ele>907.2</ele>
   </trkpt>
   <trkpt lat="40.5980990" lon="-3.0725600">
    <ele>907.4</ele>
   </trkpt>
   <trkpt lat="40.5980760" lon="-3.0726000">
    <ele>907.6</ele>
   </trkpt>
   <trkpt lat="40.5980570" lon="-3.0726400">
    <ele>907.6</ele>
   </trkpt>
   <trkpt lat="40.5980340" lon="-3.0726790">
    <ele>907.8</ele>
   </trkpt>
   <trkpt lat="40.5980110" lon="-3.0727190">
    <ele>908.0</ele>
   </trkpt>
   <trkpt lat="40.5979880" lon="-3.0727560">
    <ele>908.0</ele>
   </trkpt>
   <trkpt lat="40.5979650" lon="-3.0727880">
    <ele>908.0</ele>
   </trkpt>
   <trkpt lat="40.5979420" lon="-3.0728280">
    <ele>908.2</ele>
   </trkpt>
   <trkpt lat="40.5979190" lon="-3.0728650">
    <ele>908.4</ele>
   </trkpt>
   <trkpt lat="40.5978890" lon="-3.0729100">
    <ele>908.4</ele>
   </trkpt>
   <trkpt lat="40.5978660" lon="-3.0729470">
    <ele>908.6</ele>
   </trkpt>
   <trkpt lat="40.5978430" lon="-3.0729860">
    <ele>908.6</ele>
   </trkpt>
   <trkpt lat="40.5978200" lon="-3.0730190">
    <ele>908.8</ele>
   </trkpt>
   <trkpt lat="40.5977900" lon="-3.0730670">
    <ele>908.8</ele>
   </trkpt>
   <trkpt lat="40.5977670" lon="-3.0731060">
    <ele>909.0</ele>
   </trkpt>
   <trkpt lat="40.5977440" lon="-3.0731380">
    <ele>909.0</ele>
   </trkpt>
   <trkpt lat="40.5977170" lon="-3.0731780">
    <ele>909.2</ele>
   </trkpt>
   <trkpt lat="40.5976870" lon="-3.0732250">
    <ele>909.2</ele>
   </trkpt>
   <trkpt lat="40.5976680" lon="-3.0732650">
    <ele>909.4</ele>
   </trkpt>
   <trkpt lat="40.5976410" lon="-3.0733010">
    <ele>909.6</ele>
   </trkpt>
   <trkpt lat="40.5976180" lon="-3.0733460">
    <ele>909.6</ele>
   </trkpt>
   <trkpt lat="40.5975910" lon="-3.0733790">
    <ele>909.8</ele>
   </trkpt>
   <trkpt lat="40.5975680" lon="-3.0734210">
    <ele>910.0</ele>
   </trkpt>
   <trkpt lat="40.5975340" lon="-3.0734680">
    <ele>910.0</ele>
   </trkpt>
   <trkpt lat="40.5975110" lon="-3.0735020">
    <ele>910.2</ele>
   </trkpt>
   <trkpt lat="40.5974850" lon="-3.0735420">
    <ele>910.2</ele>
   </trkpt>
   <trkpt lat="40.5974580" lon="-3.0735820">
    <ele>910.4</ele>
   </trkpt>
   <trkpt lat="40.5974350" lon="-3.0736250">
    <ele>910.6</ele>
   </trkpt>
   <trkpt lat="40.5974080" lon="-3.0736670">
    <ele>910.6</ele>
   </trkpt>
   <trkpt lat="40.5973850" lon="-3.0737100">
    <ele>910.8</ele>
   </trkpt>
   <trkpt lat="40.5973630" lon="-3.0737520">
    <ele>910.8</ele>
   </trkpt>
   <trkpt lat="40.5973360" lon="-3.0737940">
    <ele>911.0</ele>
   </trkpt>
   <trkpt lat="40.5973090" lon="-3.0738410">
    <ele>911.2</ele>
   </trkpt>
   <trkpt lat="40.5972860" lon="-3.0738720">
    <ele>911.2</ele>
   </trkpt>
   <trkpt lat="40.5972600" lon="-3.0739120">
    <ele>911.4</ele>
   </trkpt>
   <trkpt lat="40.5972330" lon="-3.0739580">
    <ele>911.6</ele>
   </trkpt>
   <trkpt lat="40.5972140" lon="-3.0739900">
    <ele>911.6</ele>
   </trkpt>
   <trkpt lat="40.5971870" lon="-3.0740320">
    <ele>911.8</ele>
   </trkpt>
   <trkpt lat="40.5971600" lon="-3.0740720">
    <ele>912.0</ele>
   </trkpt>
   <trkpt lat="40.5971340" lon="-3.0741130">
    <ele>912.0</ele>
   </trkpt>
   <trkpt lat="40.5971030" lon="-3.0741640">
    <ele>912.2</ele>
   </trkpt>
   <trkpt lat="40.5970800" lon="-3.0742050">
    <ele>912.2</ele>
   </trkpt>
   <trkpt lat="40.5970570" lon="-3.0742400">
    <ele>912.2</ele>
   </trkpt>
   <trkpt lat="40.5970340" lon="-3.0742830">
    <ele>912.2</ele>
   </trkpt>
   <trkpt lat="40.5970000" lon="-3.0743330">
    <ele>912.4</ele>
   </trkpt>
   <trkpt lat="40.5969730" lon="-3.0743690">
    <ele>912.4</ele>
   </trkpt>
   <trkpt lat="40.5969470" lon="-3.0744120">
    <ele>912.4</ele>
   </trkpt>
   <trkpt lat="40.5969240" lon="-3.0744520">
    <ele>912.6</ele>
   </trkpt>
   <trkpt lat="40.5968970" lon="-3.0744940">
    <ele>912.6</ele>
   </trkpt>
   <trkpt lat="40.5968700" lon="-3.0745370">
    <ele>912.6</ele>
   </trkpt>
   <trkpt lat="40.5968440" lon="-3.0745830">
    <ele>912.6</ele>
   </trkpt>
   <trkpt lat="40.5968130" lon="-3.0746290">
    <ele>912.6</ele>
   </trkpt>
   <trkpt lat="40.5967830" lon="-3.0746780">
    <ele>912.4</ele>
   </trkpt>
   <trkpt lat="40.5967560" lon="-3.0747260">
    <ele>912.4</ele>
   </trkpt>
   <trkpt lat="40.5967250" lon="-3.0747730">
    <ele>912.4</ele>
   </trkpt>
   <trkpt lat="40.5966950" lon="-3.0748210">
    <ele>912.4</ele>
   </trkpt>
   <trkpt lat="40.5966640" lon="-3.0748710">
    <ele>912.4</ele>
   </trkpt>
   <trkpt lat="40.5966340" lon="-3.0749220">
    <ele>912.4</ele>
   </trkpt>
   <trkpt lat="40.5965960" lon="-3.0749820">
    <ele>912.4</ele>
   </trkpt>
   <trkpt lat="40.5965690" lon="-3.0750230">
    <ele>912.4</ele>
   </trkpt>
   <trkpt lat="40.5965390" lon="-3.0750760">
    <ele>912.4</ele>
   </trkpt>
   <trkpt lat="40.5965080" lon="-3.0751300">
    <ele>912.2</ele>
   </trkpt>
   <trkpt lat="40.5964740" lon="-3.0751850">
    <ele>912.2</ele>
   </trkpt>
   <trkpt lat="40.5964390" lon="-3.0752430">
    <ele>912.0</ele>
   </trkpt>
   <trkpt lat="40.5963940" lon="-3.0753110">
    <ele>911.6</ele>
   </trkpt>
   <trkpt lat="40.5963630" lon="-3.0753640">
    <ele>911.2</ele>
   </trkpt>
   <trkpt lat="40.5963210" lon="-3.0754290">
    <ele>911.0</ele>
   </trkpt>
   <trkpt lat="40.5962790" lon="-3.0754980">
    <ele>910.6</ele>
   </trkpt>
   <trkpt lat="40.5962330" lon="-3.0755670">
    <ele>910.0</ele>
   </trkpt>
   <trkpt lat="40.5961910" lon="-3.0756380">
    <ele>909.8</ele>
   </trkpt>
   <trkpt lat="40.5961460" lon="-3.0757100">
    <ele>909.6</ele>
   </trkpt>
   <trkpt lat="40.5961000" lon="-3.0757830">
    <ele>909.2</ele>
   </trkpt>
   <trkpt lat="40.5960540" lon="-3.0758560">
    <ele>909.0</ele>
   </trkpt>
   <trkpt lat="40.5960040" lon="-3.0759320">
    <ele>908.6</ele>
   </trkpt>
   <trkpt lat="40.5959590" lon="-3.0760070">
    <ele>908.4</ele>
   </trkpt>
   <trkpt lat="40.5959130" lon="-3.0760860">
    <ele>908.2</ele>
   </trkpt>
   <trkpt lat="40.5958560" lon="-3.0761740">
    <ele>908.2</ele>
   </trkpt>
   <trkpt lat="40.5958210" lon="-3.0762310">
    <ele>908.2</ele>
   </trkpt>
   <trkpt lat="40.5957760" lon="-3.0763000">
    <ele>908.2</ele>
   </trkpt>
   <trkpt lat="40.5957300" lon="-3.0763720">
    <ele>908.2</ele>
   </trkpt>
   <trkpt lat="40.5956920" lon="-3.0764390">
    <ele>908.4</ele>
   </trkpt>
   <trkpt lat="40.5956540" lon="-3.0765070">
    <ele>908.6</ele>
   </trkpt>
   <trkpt lat="40.5956150" lon="-3.0765740">
    <ele>908.6</ele>
   </trkpt>
   <trkpt lat="40.5955850" lon="-3.0766440">
    <ele>908.6</ele>
   </trkpt>
   <trkpt lat="40.5955580" lon="-3.0767170">
    <ele>908.8</ele>
   </trkpt>
   <trkpt lat="40.5955280" lon="-3.0768000">
    <ele>909.0</ele>
   </trkpt>
   <trkpt lat="40.5955050" lon="-3.0768600">
    <ele>909.2</ele>
   </trkpt>
   <trkpt lat="40.5954780" lon="-3.0769300">
    <ele>909.2</ele>
   </trkpt>
   <trkpt lat="40.5954590" lon="-3.0770050">
    <ele>909.4</ele>
   </trkpt>
   <trkpt lat="40.5954360" lon="-3.0770800">
    <ele>909.4</ele>
   </trkpt>
   <trkpt lat="40.5954090" lon="-3.0771550">
    <ele>909.6</ele>
   </trkpt>
   <trkpt lat="40.5953900" lon="-3.0772310">
    <ele>909.6</ele>
   </trkpt>
   <trkpt lat="40.5953670" lon="-3.0773050">
    <ele>909.6</ele>
   </trkpt>
   <trkpt lat="40.5953480" lon="-3.0773770">
    <ele>909.6</ele>
   </trkpt>
   <trkpt lat="40.5953290" lon="-3.0774530">
    <ele>909.6</ele>
   </trkpt>
   <trkpt lat="40.5953060" lon="-3.0775310">
    <ele>909.6</ele>
   </trkpt>
   <trkpt lat="40.5952830" lon="-3.0776050">
    <ele>909.6</ele>
   </trkpt>
   <trkpt lat="40.5952610" lon="-3.0776830">
    <ele>909.6</ele>
   </trkpt>
   <trkpt lat="40.5952380" lon="-3.0777640">
    <ele>909.6</ele>
   </trkpt>
   <trkpt lat="40.5952150" lon="-3.0778420">
    <ele>909.6</ele>
   </trkpt>
   <trkpt lat="40.5951960" lon="-3.0779200">
    <ele>909.6</ele>
   </trkpt>
   <trkpt lat="40.5951690" lon="-3.0779950">
    <ele>909.4</ele>
   </trkpt>
   <trkpt lat="40.5951460" lon="-3.0780680">
    <ele>909.4</ele>
   </trkpt>
   <trkpt lat="40.5951230" lon="-3.0781430">
    <ele>909.2</ele>
   </trkpt>
   <trkpt lat="40.5951040" lon="-3.0782160">
    <ele>909.2</ele>
   </trkpt>
   <trkpt lat="40.5950780" lon="-3.0782920">
    <ele>909.4</ele>
   </trkpt>
   <trkpt lat="40.5950580" lon="-3.0783680">
    <ele>909.4</ele>
   </trkpt>
   <trkpt lat="40.5950390" lon="-3.0784410">
    <ele>909.4</ele>
   </trkpt>
   <trkpt lat="40.5950200" lon="-3.0785180">
    <ele>909.4</ele>
   </trkpt>
   <trkpt lat="40.5950010" lon="-3.0785910">
    <ele>909.4</ele>
   </trkpt>
   <trkpt lat="40.5949820" lon="-3.0786660">
    <ele>909.4</ele>
   </trkpt>
   <trkpt lat="40.5949550" lon="-3.0787420">
    <ele>909.2</ele>
   </trkpt>
   <trkpt lat="40.5949360" lon="-3.0788150">
    <ele>909.2</ele>
   </trkpt>
   <trkpt lat="40.5949140" lon="-3.0788920">
    <ele>909.2</ele>
   </trkpt>
   <trkpt lat="40.5948910" lon="-3.0789720">
    <ele>909.0</ele>
   </trkpt>
   <trkpt lat="40.5948680" lon="-3.0790500">
    <ele>909.0</ele>
   </trkpt>
   <trkpt lat="40.5948410" lon="-3.0791300">
    <ele>908.8</ele>
   </trkpt>
   <trkpt lat="40.5948180" lon="-3.0792100">
    <ele>908.6</ele>
   </trkpt>
   <trkpt lat="40.5947950" lon="-3.0792890">
    <ele>908.6</ele>
   </trkpt>
   <trkpt lat="40.5947760" lon="-3.0793660">
    <ele>908.6</ele>
   </trkpt>
   <trkpt lat="40.5947490" lon="-3.0794450">
    <ele>908.6</ele>
   </trkpt>
   <trkpt lat="40.5947270" lon="-3.0795250">
    <ele>908.6</ele>
   </trkpt>
   <trkpt lat="40.5947040" lon="-3.0796050">
    <ele>908.6</ele>
   </trkpt>
   <trkpt lat="40.5946810" lon="-3.0796840">
    <ele>908.4</ele>
   </trkpt>
   <trkpt lat="40.5946580" lon="-3.0797640">
    <ele>908.4</ele>
   </trkpt>
   <trkpt lat="40.5946350" lon="-3.0798420">
    <ele>908.2</ele>
   </trkpt>
   <trkpt lat="40.5946160" lon="-3.0799200">
    <ele>908.2</ele>
   </trkpt>
   <trkpt lat="40.5945930" lon="-3.0799950">
    <ele>908.0</ele>
   </trkpt>
   <trkpt lat="40.5945660" lon="-3.0800720">
    <ele>907.8</ele>
   </trkpt>
   <trkpt lat="40.5945470" lon="-3.0801500">
    <ele>907.8</ele>
   </trkpt>
   <trkpt lat="40.5945210" lon="-3.0802290">
    <ele>907.8</ele>
   </trkpt>
   <trkpt lat="40.5944940" lon="-3.0803090">
    <ele>907.6</ele>
   </trkpt>
   <trkpt lat="40.5944710" lon="-3.0803870">
    <ele>907.6</ele>
   </trkpt>
   <trkpt lat="40.5944520" lon="-3.0804650">
    <ele>907.6</ele>
   </trkpt>
   <trkpt lat="40.5944250" lon="-3.0805420">
    <ele>907.4</ele>
   </trkpt>
   <trkpt lat="40.5944060" lon="-3.0806200">
    <ele>907.2</ele>
   </trkpt>
   <trkpt lat="40.5943830" lon="-3.0806960">
    <ele>907.2</ele>
   </trkpt>
   <trkpt lat="40.5943600" lon="-3.0807720">
    <ele>907.2</ele>
   </trkpt>
   <trkpt lat="40.5943370" lon="-3.0808510">
    <ele>907.0</ele>
   </trkpt>
   <trkpt lat="40.5943150" lon="-3.0809320">
    <ele>907.0</ele>
   </trkpt>
   <trkpt lat="40.5942960" lon="-3.0810100">
    <ele>907.0</ele>
   </trkpt>
   <trkpt lat="40.5942730" lon="-3.0810880">
    <ele>907.0</ele>
   </trkpt>
   <trkpt lat="40.5942500" lon="-3.0811660">
    <ele>907.0</ele>
   </trkpt>
   <trkpt lat="40.5942270" lon="-3.0812430">
    <ele>906.8</ele>
   </trkpt>
   <trkpt lat="40.5942040" lon="-3.0813230">
    <ele>906.8</ele>
   </trkpt>
   <trkpt lat="40.5941810" lon="-3.0814000">
    <ele>906.8</ele>
   </trkpt>
   <trkpt lat="40.5941540" lon="-3.0814760">
    <ele>906.8</ele>
   </trkpt>
   <trkpt lat="40.5941310" lon="-3.0815520">
    <ele>906.8</ele>
   </trkpt>
   <trkpt lat="40.5941120" lon="-3.0816300">
    <ele>906.8</ele>
   </trkpt>
   <trkpt lat="40.5940860" lon="-3.0817080">
    <ele>906.8</ele>
   </trkpt>
   <trkpt lat="40.5940630" lon="-3.0817870">
    <ele>906.8</ele>
   </trkpt>
   <trkpt lat="40.5940400" lon="-3.0818650">
    <ele>907.0</ele>
   </trkpt>
   <trkpt lat="40.5940210" lon="-3.0819410">
    <ele>907.0</ele>
   </trkpt>
   <trkpt lat="40.5940020" lon="-3.0820160">
    <ele>906.8</ele>
   </trkpt>
   <trkpt lat="40.5939790" lon="-3.0820920">
    <ele>906.8</ele>
   </trkpt>
   <trkpt lat="40.5939520" lon="-3.0821700">
    <ele>906.6</ele>
   </trkpt>
   <trkpt lat="40.5939330" lon="-3.0822430">
    <ele>906.6</ele>
   </trkpt>
   <trkpt lat="40.5939060" lon="-3.0823210">
    <ele>906.6</ele>
   </trkpt>
   <trkpt lat="40.5938840" lon="-3.0823970">
    <ele>906.6</ele>
   </trkpt>
   <trkpt lat="40.5938610" lon="-3.0824730">
    <ele>906.6</ele>
   </trkpt>
   <trkpt lat="40.5938340" lon="-3.0825640">
    <ele>906.6</ele>
   </trkpt>
   <trkpt lat="40.5938110" lon="-3.0826270">
    <ele>906.6</ele>
   </trkpt>
   <trkpt lat="40.5937880" lon="-3.0827040">
    <ele>906.6</ele>
   </trkpt>
   <trkpt lat="40.5937650" lon="-3.0827790">
    <ele>906.6</ele>
   </trkpt>
   <trkpt lat="40.5937420" lon="-3.0828570">
    <ele>906.6</ele>
   </trkpt>
   <trkpt lat="40.5937200" lon="-3.0829360">
    <ele>906.6</ele>
   </trkpt>
   <trkpt lat="40.5937000" lon="-3.0830130">
    <ele>906.6</ele>
   </trkpt>
   <trkpt lat="40.5936740" lon="-3.0830910">
    <ele>906.6</ele>
   </trkpt>
   <trkpt lat="40.5936470" lon="-3.0831680">
    <ele>906.6</ele>
   </trkpt>
   <trkpt lat="40.5936280" lon="-3.0832430">
    <ele>906.4</ele>
   </trkpt>
   <trkpt lat="40.5936050" lon="-3.0833200">
    <ele>906.6</ele>
   </trkpt>
   <trkpt lat="40.5935860" lon="-3.0833980">
    <ele>906.6</ele>
   </trkpt>
   <trkpt lat="40.5935630" lon="-3.0834780">
    <ele>906.4</ele>
   </trkpt>
   <trkpt lat="40.5935440" lon="-3.0835550">
    <ele>906.6</ele>
   </trkpt>
   <trkpt lat="40.5935210" lon="-3.0836320">
    <ele>906.6</ele>
   </trkpt>
   <trkpt lat="40.5934980" lon="-3.0837090">
    <ele>906.6</ele>
   </trkpt>
   <trkpt lat="40.5934750" lon="-3.0837880">
    <ele>906.4</ele>
   </trkpt>
   <trkpt lat="40.5934520" lon="-3.0838670">
    <ele>906.4</ele>
   </trkpt>
   <trkpt lat="40.5934300" lon="-3.0839450">
    <ele>906.4</ele>
   </trkpt>
   <trkpt lat="40.5934030" lon="-3.0840220">
    <ele>906.4</ele>
   </trkpt>
   <trkpt lat="40.5933760" lon="-3.0840990">
    <ele>906.2</ele>
   </trkpt>
   <trkpt lat="40.5933530" lon="-3.0841790">
    <ele>906.4</ele>
   </trkpt>
   <trkpt lat="40.5933340" lon="-3.0842590">
    <ele>906.2</ele>
   </trkpt>
   <trkpt lat="40.5933110" lon="-3.0843370">
    <ele>906.2</ele>
   </trkpt>
   <trkpt lat="40.5932920" lon="-3.0844150">
    <ele>906.4</ele>
   </trkpt>
   <trkpt lat="40.5932660" lon="-3.0844930">
    <ele>906.4</ele>
   </trkpt>
   <trkpt lat="40.5932430" lon="-3.0845720">
    <ele>906.4</ele>
   </trkpt>
   <trkpt lat="40.5932200" lon="-3.0846500">
    <ele>906.4</ele>
   </trkpt>
   <trkpt lat="40.5931930" lon="-3.0847290">
    <ele>906.4</ele>
   </trkpt>
   <trkpt lat="40.5931660" lon="-3.0848100">
    <ele>906.6</ele>
   </trkpt>
   <trkpt lat="40.5931430" lon="-3.0848920">
    <ele>906.6</ele>
   </trkpt>
   <trkpt lat="40.5931210" lon="-3.0849750">
    <ele>906.6</ele>
   </trkpt>
   <trkpt lat="40.5930980" lon="-3.0850540">
    <ele>906.4</ele>
   </trkpt>
   <trkpt lat="40.5930790" lon="-3.0851340">
    <ele>906.4</ele>
   </trkpt>
   <trkpt lat="40.5930560" lon="-3.0852150">
    <ele>906.4</ele>
   </trkpt>
   <trkpt lat="40.5930370" lon="-3.0852970">
    <ele>906.4</ele>
   </trkpt>
   <trkpt lat="40.5930140" lon="-3.0853770">
    <ele>906.4</ele>
   </trkpt>
   <trkpt lat="40.5929950" lon="-3.0854550">
    <ele>906.6</ele>
   </trkpt>
   <trkpt lat="40.5929720" lon="-3.0855270">
    <ele>906.4</ele>
   </trkpt>
   <trkpt lat="40.5929410" lon="-3.0856080">
    <ele>906.6</ele>
   </trkpt>
   <trkpt lat="40.5929180" lon="-3.0856850">
    <ele>906.6</ele>
   </trkpt>
   <trkpt lat="40.5928920" lon="-3.0857640">
    <ele>906.6</ele>
   </trkpt>
   <trkpt lat="40.5928690" lon="-3.0858420">
    <ele>906.6</ele>
   </trkpt>
   <trkpt lat="40.5928460" lon="-3.0859230">
    <ele>906.6</ele>
   </trkpt>
   <trkpt lat="40.5928190" lon="-3.0860060">
    <ele>906.4</ele>
   </trkpt>
   <trkpt lat="40.5927960" lon="-3.0860910">
    <ele>906.2</ele>
   </trkpt>
   <trkpt lat="40.5927730" lon="-3.0861740">
    <ele>906.2</ele>
   </trkpt>
   <trkpt lat="40.5927510" lon="-3.0862590">
    <ele>906.0</ele>
   </trkpt>
   <trkpt lat="40.5927280" lon="-3.0863450">
    <ele>905.8</ele>
   </trkpt>
   <trkpt lat="40.5927010" lon="-3.0864290">
    <ele>905.8</ele>
   </trkpt>
   <trkpt lat="40.5926740" lon="-3.0865110">
    <ele>905.6</ele>
   </trkpt>
   <trkpt lat="40.5926480" lon="-3.0865960">
    <ele>905.6</ele>
   </trkpt>
   <trkpt lat="40.5926250" lon="-3.0866810">
    <ele>905.4</ele>
   </trkpt>
   <trkpt lat="40.5925980" lon="-3.0867680">
    <ele>905.2</ele>
   </trkpt>
   <trkpt lat="40.5925750" lon="-3.0868540">
    <ele>905.0</ele>
   </trkpt>
   <trkpt lat="40.5925480" lon="-3.0869410">
    <ele>904.6</ele>
   </trkpt>
   <trkpt lat="40.5925180" lon="-3.0870260">
    <ele>904.4</ele>
   </trkpt>
   <trkpt lat="40.5924910" lon="-3.0871100">
    <ele>904.4</ele>
   </trkpt>
   <trkpt lat="40.5924640" lon="-3.0871930">
    <ele>904.4</ele>
   </trkpt>
   <trkpt lat="40.5924420" lon="-3.0872760">
    <ele>904.4</ele>
   </trkpt>
   <trkpt lat="40.5924190" lon="-3.0873590">
    <ele>904.4</ele>
   </trkpt>
   <trkpt lat="40.5923920" lon="-3.0874420">
    <ele>904.6</ele>
   </trkpt>
   <trkpt lat="40.5923730" lon="-3.0875270">
    <ele>904.6</ele>
   </trkpt>
   <trkpt lat="40.5923460" lon="-3.0876120">
    <ele>904.6</ele>
   </trkpt>
   <trkpt lat="40.5923190" lon="-3.0876960">
    <ele>904.8</ele>
   </trkpt>
   <trkpt lat="40.5923000" lon="-3.0877770">
    <ele>904.8</ele>
   </trkpt>
   <trkpt lat="40.5922770" lon="-3.0878610">
    <ele>904.8</ele>
   </trkpt>
   <trkpt lat="40.5922510" lon="-3.0879440">
    <ele>904.8</ele>
   </trkpt>
   <trkpt lat="40.5922240" lon="-3.0880280">
    <ele>904.8</ele>
   </trkpt>
   <trkpt lat="40.5922010" lon="-3.0881100">
    <ele>904.8</ele>
   </trkpt>
   <trkpt lat="40.5921750" lon="-3.0881920">
    <ele>904.8</ele>
   </trkpt>
   <trkpt lat="40.5921520" lon="-3.0882680">
    <ele>904.8</ele>
   </trkpt>
   <trkpt lat="40.5921250" lon="-3.0883490">
    <ele>904.8</ele>
   </trkpt>
   <trkpt lat="40.5921060" lon="-3.0884290">
    <ele>904.8</ele>
   </trkpt>
   <trkpt lat="40.5920830" lon="-3.0885140">
    <ele>904.8</ele>
   </trkpt>
   <trkpt lat="40.5920600" lon="-3.0885950">
    <ele>904.8</ele>
   </trkpt>
   <trkpt lat="40.5920370" lon="-3.0886770">
    <ele>904.8</ele>
   </trkpt>
   <trkpt lat="40.5920140" lon="-3.0887590">
    <ele>904.8</ele>
   </trkpt>
   <trkpt lat="40.5919910" lon="-3.0888410">
    <ele>904.8</ele>
   </trkpt>
   <trkpt lat="40.5919650" lon="-3.0889230">
    <ele>905.0</ele>
   </trkpt>
   <trkpt lat="40.5919420" lon="-3.0890050">
    <ele>905.0</ele>
   </trkpt>
   <trkpt lat="40.5919190" lon="-3.0890870">
    <ele>905.2</ele>
   </trkpt>
   <trkpt lat="40.5918960" lon="-3.0891650">
    <ele>905.0</ele>
   </trkpt>
   <trkpt lat="40.5918690" lon="-3.0892470">
    <ele>905.2</ele>
   </trkpt>
   <trkpt lat="40.5918460" lon="-3.0893280">
    <ele>905.2</ele>
   </trkpt>
   <trkpt lat="40.5918240" lon="-3.0894130">
    <ele>905.2</ele>
   </trkpt>
   <trkpt lat="40.5917930" lon="-3.0894970">
    <ele>905.0</ele>
   </trkpt>
   <trkpt lat="40.5917700" lon="-3.0895800">
    <ele>905.0</ele>
   </trkpt>
   <trkpt lat="40.5917470" lon="-3.0896640">
    <ele>905.0</ele>
   </trkpt>
   <trkpt lat="40.5917240" lon="-3.0897490">
    <ele>905.2</ele>
   </trkpt>
   <trkpt lat="40.5916980" lon="-3.0898300">
    <ele>905.2</ele>
   </trkpt>
   <trkpt lat="40.5916710" lon="-3.0899160">
    <ele>905.0</ele>
   </trkpt>
   <trkpt lat="40.5916440" lon="-3.0900010">
    <ele>905.0</ele>
   </trkpt>
   <trkpt lat="40.5916180" lon="-3.0900900">
    <ele>905.0</ele>
   </trkpt>
   <trkpt lat="40.5915910" lon="-3.0901750">
    <ele>905.0</ele>
   </trkpt>
   <trkpt lat="40.5915640" lon="-3.0902550">
    <ele>905.0</ele>
   </trkpt>
   <trkpt lat="40.5915410" lon="-3.0903380">
    <ele>905.0</ele>
   </trkpt>
   <trkpt lat="40.5915110" lon="-3.0904310">
    <ele>905.2</ele>
   </trkpt>
   <trkpt lat="40.5914880" lon="-3.0904970">
    <ele>905.2</ele>
   </trkpt>
   <trkpt lat="40.5914650" lon="-3.0905750">
    <ele>905.2</ele>
   </trkpt>
   <trkpt lat="40.5914340" lon="-3.0906560">
    <ele>905.0</ele>
   </trkpt>
   <trkpt lat="40.5914150" lon="-3.0907380">
    <ele>905.0</ele>
   </trkpt>
   <trkpt lat="40.5913890" lon="-3.0908210">
    <ele>905.2</ele>
   </trkpt>
   <trkpt lat="40.5913660" lon="-3.0909020">
    <ele>905.2</ele>
   </trkpt>
   <trkpt lat="40.5913430" lon="-3.0909820">
    <ele>905.0</ele>
   </trkpt>
   <trkpt lat="40.5913240" lon="-3.0910600">
    <ele>905.0</ele>
   </trkpt>
   <trkpt lat="40.5913010" lon="-3.0911390">
    <ele>905.2</ele>
   </trkpt>
   <trkpt lat="40.5912820" lon="-3.0912180">
    <ele>905.4</ele>
   </trkpt>
   <trkpt lat="40.5912590" lon="-3.0912930">
    <ele>905.2</ele>
   </trkpt>
   <trkpt lat="40.5912360" lon="-3.0913680">
    <ele>905.4</ele>
   </trkpt>
   <trkpt lat="40.5912170" lon="-3.0914430">
    <ele>905.6</ele>
   </trkpt>
   <trkpt lat="40.5911940" lon="-3.0915170">
    <ele>905.6</ele>
   </trkpt>
   <trkpt lat="40.5911750" lon="-3.0915860">
    <ele>905.6</ele>
   </trkpt>
   <trkpt lat="40.5911560" lon="-3.0916560">
    <ele>905.8</ele>
   </trkpt>
   <trkpt lat="40.5911370" lon="-3.0917260">
    <ele>905.6</ele>
   </trkpt>
   <trkpt lat="40.5911180" lon="-3.0917960">
    <ele>905.6</ele>
   </trkpt>
   <trkpt lat="40.5911030" lon="-3.0918640">
    <ele>905.8</ele>
   </trkpt>
   <trkpt lat="40.5910870" lon="-3.0919330">
    <ele>906.0</ele>
   </trkpt>
   <trkpt lat="40.5910800" lon="-3.0920010">
    <ele>906.0</ele>
   </trkpt>
   <trkpt lat="40.5910680" lon="-3.0920690">
    <ele>906.0</ele>
   </trkpt>
   <trkpt lat="40.5910610" lon="-3.0921370">
    <ele>906.2</ele>
   </trkpt>
   <trkpt lat="40.5910530" lon="-3.0922020">
    <ele>906.4</ele>
   </trkpt>
   <trkpt lat="40.5910450" lon="-3.0922630">
    <ele>906.4</ele>
   </trkpt>
   <trkpt lat="40.5910420" lon="-3.0923240">
    <ele>906.6</ele>
   </trkpt>
   <trkpt lat="40.5910380" lon="-3.0923870">
    <ele>906.6</ele>
   </trkpt>
   <trkpt lat="40.5910380" lon="-3.0924480">
    <ele>906.8</ele>
   </trkpt>
   <trkpt lat="40.5910380" lon="-3.0925100">
    <ele>906.8</ele>
   </trkpt>
   <trkpt lat="40.5910380" lon="-3.0925710">
    <ele>907.0</ele>
   </trkpt>
   <trkpt lat="40.5910340" lon="-3.0926310">
    <ele>907.2</ele>
   </trkpt>
   <trkpt lat="40.5910340" lon="-3.0926900">
    <ele>907.2</ele>
   </trkpt>
   <trkpt lat="40.5910380" lon="-3.0927500">
    <ele>907.4</ele>
   </trkpt>
   <trkpt lat="40.5910420" lon="-3.0928070">
    <ele>907.6</ele>
   </trkpt>
   <trkpt lat="40.5910420" lon="-3.0928650">
    <ele>907.8</ele>
   </trkpt>
   <trkpt lat="40.5910450" lon="-3.0929220">
    <ele>908.0</ele>
   </trkpt>
   <trkpt lat="40.5910490" lon="-3.0929760">
    <ele>908.0</ele>
   </trkpt>
   <trkpt lat="40.5910570" lon="-3.0930310">
    <ele>908.2</ele>
   </trkpt>
   <trkpt lat="40.5910610" lon="-3.0930850">
    <ele>908.4</ele>
   </trkpt>
   <trkpt lat="40.5910680" lon="-3.0931400">
    <ele>908.4</ele>
   </trkpt>
   <trkpt lat="40.5910720" lon="-3.0931930">
    <ele>908.6</ele>
   </trkpt>
   <trkpt lat="40.5910830" lon="-3.0932480">
    <ele>908.8</ele>
   </trkpt>
   <trkpt lat="40.5910910" lon="-3.0933020">
    <ele>908.8</ele>
   </trkpt>
   <trkpt lat="40.5911030" lon="-3.0933540">
    <ele>909.0</ele>
   </trkpt>
   <trkpt lat="40.5911100" lon="-3.0934080">
    <ele>909.2</ele>
   </trkpt>
   <trkpt lat="40.5911220" lon="-3.0934610">
    <ele>909.2</ele>
   </trkpt>
   <trkpt lat="40.5911330" lon="-3.0935140">
    <ele>909.4</ele>
   </trkpt>
   <trkpt lat="40.5911450" lon="-3.0935660">
    <ele>909.4</ele>
   </trkpt>
   <trkpt lat="40.5911600" lon="-3.0936200">
    <ele>909.6</ele>
   </trkpt>
   <trkpt lat="40.5911710" lon="-3.0936710">
    <ele>909.6</ele>
   </trkpt>
   <trkpt lat="40.5911860" lon="-3.0937260">
    <ele>909.8</ele>
   </trkpt>
   <trkpt lat="40.5912060" lon="-3.0937760">
    <ele>910.0</ele>
   </trkpt>
   <trkpt lat="40.5912210" lon="-3.0938260">
    <ele>910.0</ele>
   </trkpt>
   <trkpt lat="40.5912360" lon="-3.0938780">
    <ele>910.2</ele>
   </trkpt>
   <trkpt lat="40.5912510" lon="-3.0939310">
    <ele>910.4</ele>
   </trkpt>
   <trkpt lat="40.5912630" lon="-3.0939840">
    <ele>910.4</ele>
   </trkpt>
   <trkpt lat="40.5912780" lon="-3.0940360">
    <ele>910.4</ele>
   </trkpt>
   <trkpt lat="40.5912930" lon="-3.0940860">
    <ele>910.6</ele>
   </trkpt>
   <trkpt lat="40.5913090" lon="-3.0941380">
    <ele>910.6</ele>
   </trkpt>
   <trkpt lat="40.5913240" lon="-3.0941880">
    <ele>910.8</ele>
   </trkpt>
   <trkpt lat="40.5913430" lon="-3.0942390">
    <ele>911.0</ele>
   </trkpt>
   <trkpt lat="40.5913580" lon="-3.0942890">
    <ele>911.0</ele>
   </trkpt>
   <trkpt lat="40.5913730" lon="-3.0943410">
    <ele>911.2</ele>
   </trkpt>
   <trkpt lat="40.5913890" lon="-3.0943910">
    <ele>911.4</ele>
   </trkpt>
   <trkpt lat="40.5914000" lon="-3.0944410">
    <ele>911.6</ele>
   </trkpt>
   <trkpt lat="40.5914120" lon="-3.0944940">
    <ele>911.6</ele>
   </trkpt>
   <trkpt lat="40.5914270" lon="-3.0945480">
    <ele>911.8</ele>
   </trkpt>
   <trkpt lat="40.5914340" lon="-3.0945990">
    <ele>912.0</ele>
   </trkpt>
   <trkpt lat="40.5914500" lon="-3.0946500">
    <ele>912.2</ele>
   </trkpt>
   <trkpt lat="40.5914570" lon="-3.0947050">
    <ele>912.4</ele>
   </trkpt>
   <trkpt lat="40.5914690" lon="-3.0947600">
    <ele>912.6</ele>
   </trkpt>
   <trkpt lat="40.5914760" lon="-3.0948160">
    <ele>912.6</ele>
   </trkpt>
   <trkpt lat="40.5914880" lon="-3.0948710">
    <ele>912.8</ele>
   </trkpt>
   <trkpt lat="40.5914960" lon="-3.0949260">
    <ele>912.8</ele>
   </trkpt>
   <trkpt lat="40.5915030" lon="-3.0949780">
    <ele>912.8</ele>
   </trkpt>
   <trkpt lat="40.5915180" lon="-3.0950330">
    <ele>912.8</ele>
   </trkpt>
   <trkpt lat="40.5915370" lon="-3.0950870">
    <ele>912.8</ele>
   </trkpt>
   <trkpt lat="40.5915600" lon="-3.0951400">
    <ele>912.8</ele>
   </trkpt>
   <trkpt lat="40.5915910" lon="-3.0951890">
    <ele>912.8</ele>
   </trkpt>
   <trkpt lat="40.5916250" lon="-3.0952370">
    <ele>912.8</ele>
   </trkpt>
   <trkpt lat="40.5916630" lon="-3.0952780">
    <ele>912.8</ele>
   </trkpt>
   <trkpt lat="40.5917050" lon="-3.0953160">
    <ele>912.8</ele>
   </trkpt>
   <trkpt lat="40.5917470" lon="-3.0953470">
    <ele>912.8</ele>
   </trkpt>
   <trkpt lat="40.5917930" lon="-3.0953660">
    <ele>912.8</ele>
   </trkpt>
   <trkpt lat="40.5918390" lon="-3.0953810">
    <ele>912.6</ele>
   </trkpt>
   <trkpt lat="40.5918880" lon="-3.0953950">
    <ele>912.6</ele>
   </trkpt>
   <trkpt lat="40.5919380" lon="-3.0954140">
    <ele>912.4</ele>
   </trkpt>
   <trkpt lat="40.5919880" lon="-3.0954390">
    <ele>912.4</ele>
   </trkpt>
   <trkpt lat="40.5920370" lon="-3.0954740">
    <ele>912.2</ele>
   </trkpt>
   <trkpt lat="40.5920870" lon="-3.0955200">
    <ele>912.2</ele>
   </trkpt>
   <trkpt lat="40.5921290" lon="-3.0955800">
    <ele>912.0</ele>
   </trkpt>
   <trkpt lat="40.5921630" lon="-3.0956480">
    <ele>911.8</ele>
   </trkpt>
   <trkpt lat="40.5921860" lon="-3.0957170">
    <ele>911.6</ele>
   </trkpt>
   <trkpt lat="40.5922050" lon="-3.0957970">
    <ele>911.4</ele>
   </trkpt>
   <trkpt lat="40.5922130" lon="-3.0958790">
    <ele>911.4</ele>
   </trkpt>
   <trkpt lat="40.5922050" lon="-3.0959690">
    <ele>911.2</ele>
   </trkpt>
   <trkpt lat="40.5921860" lon="-3.0960530">
    <ele>911.0</ele>
   </trkpt>
   <trkpt lat="40.5921630" lon="-3.0961340">
    <ele>910.8</ele>
   </trkpt>
   <trkpt lat="40.5921330" lon="-3.0962140">
    <ele>910.8</ele>
   </trkpt>
   <trkpt lat="40.5921060" lon="-3.0962940">
    <ele>910.8</ele>
   </trkpt>
   <trkpt lat="40.5920870" lon="-3.0963790">
    <ele>910.6</ele>
   </trkpt>
   <trkpt lat="40.5920680" lon="-3.0964630">
    <ele>910.6</ele>
   </trkpt>
   <trkpt lat="40.5920600" lon="-3.0965490">
    <ele>910.4</ele>
   </trkpt>
   <trkpt lat="40.5920560" lon="-3.0966480">
    <ele>910.4</ele>
   </trkpt>
   <trkpt lat="40.5920600" lon="-3.0967200">
    <ele>910.4</ele>
   </trkpt>
   <trkpt lat="40.5920720" lon="-3.0968070">
    <ele>910.4</ele>
   </trkpt>
   <trkpt lat="40.5920910" lon="-3.0968920">
    <ele>910.4</ele>
   </trkpt>
   <trkpt lat="40.5921170" lon="-3.0969890">
    <ele>910.4</ele>
   </trkpt>
   <trkpt lat="40.5921400" lon="-3.0970520">
    <ele>910.6</ele>
   </trkpt>
   <trkpt lat="40.5921670" lon="-3.0971280">
    <ele>910.6</ele>
   </trkpt>
   <trkpt lat="40.5921900" lon="-3.0972030">
    <ele>910.8</ele>
   </trkpt>
   <trkpt lat="40.5922160" lon="-3.0972770">
    <ele>911.0</ele>
   </trkpt>
   <trkpt lat="40.5922390" lon="-3.0973480">
    <ele>911.0</ele>
   </trkpt>
   <trkpt lat="40.5922660" lon="-3.0974200">
    <ele>911.0</ele>
   </trkpt>
   <trkpt lat="40.5922890" lon="-3.0974910">
    <ele>911.2</ele>
   </trkpt>
   <trkpt lat="40.5923160" lon="-3.0975560">
    <ele>911.2</ele>
   </trkpt>
   <trkpt lat="40.5923420" lon="-3.0976250">
    <ele>911.4</ele>
   </trkpt>
   <trkpt lat="40.5923690" lon="-3.0976910">
    <ele>911.4</ele>
   </trkpt>
   <trkpt lat="40.5923960" lon="-3.0977560">
    <ele>911.6</ele>
   </trkpt>
   <trkpt lat="40.5924220" lon="-3.0978210">
    <ele>911.6</ele>
   </trkpt>
   <trkpt lat="40.5924530" lon="-3.0978840">
    <ele>911.8</ele>
   </trkpt>
   <trkpt lat="40.5924840" lon="-3.0979480">
    <ele>911.8</ele>
   </trkpt>
   <trkpt lat="40.5925140" lon="-3.0980100">
    <ele>912.0</ele>
   </trkpt>
   <trkpt lat="40.5925450" lon="-3.0980690">
    <ele>912.2</ele>
   </trkpt>
   <trkpt lat="40.5925790" lon="-3.0981270">
    <ele>912.2</ele>
   </trkpt>
   <trkpt lat="40.5926170" lon="-3.0981850">
    <ele>912.4</ele>
   </trkpt>
   <trkpt lat="40.5926510" lon="-3.0982420">
    <ele>912.4</ele>
   </trkpt>
   <trkpt lat="40.5926860" lon="-3.0982980">
    <ele>912.6</ele>
   </trkpt>
   <trkpt lat="40.5927240" lon="-3.0983550">
    <ele>912.6</ele>
   </trkpt>
   <trkpt lat="40.5927620" lon="-3.0984110">
    <ele>912.8</ele>
   </trkpt>
   <trkpt lat="40.5928000" lon="-3.0984630">
    <ele>913.0</ele>
   </trkpt>
   <trkpt lat="40.5928380" lon="-3.0985150">
    <ele>913.0</ele>
   </trkpt>
   <trkpt lat="40.5928800" lon="-3.0985650">
    <ele>913.2</ele>
   </trkpt>
   <trkpt lat="40.5929180" lon="-3.0986160">
    <ele>913.2</ele>
   </trkpt>
   <trkpt lat="40.5929600" lon="-3.0986680">
    <ele>913.4</ele>
   </trkpt>
   <trkpt lat="40.5930020" lon="-3.0987180">
    <ele>913.4</ele>
   </trkpt>
   <trkpt lat="40.5930440" lon="-3.0987680">
    <ele>913.4</ele>
   </trkpt>
   <trkpt lat="40.5930900" lon="-3.0988190">
    <ele>913.4</ele>
   </trkpt>
   <trkpt lat="40.5931400" lon="-3.0988820">
    <ele>913.6</ele>
   </trkpt>
   <trkpt lat="40.5931740" lon="-3.0989270">
    <ele>913.6</ele>
   </trkpt>
   <trkpt lat="40.5932120" lon="-3.0989810">
    <ele>913.6</ele>
   </trkpt>
   <trkpt lat="40.5932540" lon="-3.0990350">
    <ele>913.6</ele>
   </trkpt>
   <trkpt lat="40.5932960" lon="-3.0990870">
    <ele>913.8</ele>
   </trkpt>
   <trkpt lat="40.5933490" lon="-3.0991470">
    <ele>913.8</ele>
   </trkpt>
   <trkpt lat="40.5933840" lon="-3.0991910">
    <ele>913.8</ele>
   </trkpt>
   <trkpt lat="40.5934300" lon="-3.0992420">
    <ele>913.8</ele>
   </trkpt>
   <trkpt lat="40.5934750" lon="-3.0992980">
    <ele>914.0</ele>
   </trkpt>
   <trkpt lat="40.5935290" lon="-3.0993610">
    <ele>914.0</ele>
   </trkpt>
   <trkpt lat="40.5935630" lon="-3.0994030">
    <ele>913.8</ele>
   </trkpt>
   <trkpt lat="40.5936050" lon="-3.0994550">
    <ele>913.8</ele>
   </trkpt>
   <trkpt lat="40.5936510" lon="-3.0995080">
    <ele>913.8</ele>
   </trkpt>
   <trkpt lat="40.5937000" lon="-3.0995600">
    <ele>913.6</ele>
   </trkpt>
   <trkpt lat="40.5937420" lon="-3.0996130">
    <ele>913.6</ele>
   </trkpt>
   <trkpt lat="40.5937880" lon="-3.0996650">
    <ele>913.6</ele>
   </trkpt>
   <trkpt lat="40.5938340" lon="-3.0997220">
    <ele>913.6</ele>
   </trkpt>
   <trkpt lat="40.5938800" lon="-3.0997770">
    <ele>913.4</ele>
   </trkpt>
   <trkpt lat="40.5939250" lon="-3.0998340">
    <ele>913.4</ele>
   </trkpt>
   <trkpt lat="40.5939670" lon="-3.0998950">
    <ele>913.4</ele>
   </trkpt>
   <trkpt lat="40.5940250" lon="-3.0999630">
    <ele>913.4</ele>
   </trkpt>
   <trkpt lat="40.5940630" lon="-3.1000110">
    <ele>913.2</ele>
   </trkpt>
   <trkpt lat="40.5941120" lon="-3.1000680">
    <ele>913.2</ele>
   </trkpt>
   <trkpt lat="40.5941620" lon="-3.1001250">
    <ele>913.2</ele>
   </trkpt>
   <trkpt lat="40.5942190" lon="-3.1001910">
    <ele>913.2</ele>
   </trkpt>
   <trkpt lat="40.5942570" lon="-3.1002390">
    <ele>913.0</ele>
   </trkpt>
   <trkpt lat="40.5943030" lon="-3.1002980">
    <ele>912.8</ele>
   </trkpt>
   <trkpt lat="40.5943600" lon="-3.1003660">
    <ele>912.8</ele>
   </trkpt>
   <trkpt lat="40.5943990" lon="-3.1004140">
    <ele>912.6</ele>
   </trkpt>
   <trkpt lat="40.5944520" lon="-3.1004740">
    <ele>912.6</ele>
   </trkpt>
   <trkpt lat="40.5945050" lon="-3.1005300">
    <ele>912.6</ele>
   </trkpt>
   <trkpt lat="40.5945590" lon="-3.1005870">
    <ele>912.4</ele>
   </trkpt>
   <trkpt lat="40.5946080" lon="-3.1006490">
    <ele>912.4</ele>
   </trkpt>
   <trkpt lat="40.5946580" lon="-3.1007120">
    <ele>912.2</ele>
   </trkpt>
   <trkpt lat="40.5947070" lon="-3.1007780">
    <ele>912.2</ele>
   </trkpt>
   <trkpt lat="40.5947610" lon="-3.1008430">
    <ele>912.0</ele>
   </trkpt>
   <trkpt lat="40.5948140" lon="-3.1009070">
    <ele>912.0</ele>
   </trkpt>
   <trkpt lat="40.5948680" lon="-3.1009690">
    <ele>911.8</ele>
   </trkpt>
   <trkpt lat="40.5949170" lon="-3.1010330">
    <ele>911.6</ele>
   </trkpt>
   <trkpt lat="40.5949710" lon="-3.1010940">
    <ele>911.4</ele>
   </trkpt>
   <trkpt lat="40.5950200" lon="-3.1011590">
    <ele>911.2</ele>
   </trkpt>
   <trkpt lat="40.5950740" lon="-3.1012240">
    <ele>911.0</ele>
   </trkpt>
   <trkpt lat="40.5951270" lon="-3.1012890">
    <ele>911.0</ele>
   </trkpt>
   <trkpt lat="40.5951770" lon="-3.1013530">
    <ele>910.8</ele>
   </trkpt>
   <trkpt lat="40.5952300" lon="-3.1014200">
    <ele>910.8</ele>
   </trkpt>
   <trkpt lat="40.5952870" lon="-3.1014860">
    <ele>910.8</ele>
   </trkpt>
   <trkpt lat="40.5953410" lon="-3.1015490">
    <ele>910.6</ele>
   </trkpt>
   <trkpt lat="40.5953940" lon="-3.1016140">
    <ele>910.6</ele>
   </trkpt>
   <trkpt lat="40.5954480" lon="-3.1016780">
    <ele>910.4</ele>
   </trkpt>
   <trkpt lat="40.5955010" lon="-3.1017430">
    <ele>910.4</ele>
   </trkpt>
   <trkpt lat="40.5955540" lon="-3.1018070">
    <ele>910.4</ele>
   </trkpt>
   <trkpt lat="40.5956080" lon="-3.1018720">
    <ele>910.4</ele>
   </trkpt>
   <trkpt lat="40.5956610" lon="-3.1019380">
    <ele>910.2</ele>
   </trkpt>
   <trkpt lat="40.5957180" lon="-3.1020050">
    <ele>910.2</ele>
   </trkpt>
   <trkpt lat="40.5957720" lon="-3.1020730">
    <ele>910.0</ele>
   </trkpt>
   <trkpt lat="40.5958250" lon="-3.1021390">
    <ele>910.0</ele>
   </trkpt>
   <trkpt lat="40.5958790" lon="-3.1022040">
    <ele>910.0</ele>
   </trkpt>
   <trkpt lat="40.5959320" lon="-3.1022690">
    <ele>910.0</ele>
   </trkpt>
   <trkpt lat="40.5959850" lon="-3.1023340">
    <ele>910.0</ele>
   </trkpt>
   <trkpt lat="40.5960390" lon="-3.1024010">
    <ele>910.0</ele>
   </trkpt>
   <trkpt lat="40.5960920" lon="-3.1024670">
    <ele>910.0</ele>
   </trkpt>
   <trkpt lat="40.5961460" lon="-3.1025340">
    <ele>909.8</ele>
   </trkpt>
   <trkpt lat="40.5961990" lon="-3.1026000">
    <ele>909.8</ele>
   </trkpt>
   <trkpt lat="40.5962520" lon="-3.1026660">
    <ele>910.0</ele>
   </trkpt>
   <trkpt lat="40.5963100" lon="-3.1027310">
    <ele>909.8</ele>
   </trkpt>
   <trkpt lat="40.5963590" lon="-3.1027960">
    <ele>909.8</ele>
   </trkpt>
   <trkpt lat="40.5964160" lon="-3.1028620">
    <ele>909.8</ele>
   </trkpt>
   <trkpt lat="40.5964700" lon="-3.1029280">
    <ele>909.8</ele>
   </trkpt>
   <trkpt lat="40.5965190" lon="-3.1029940">
    <ele>909.6</ele>
   </trkpt>
   <trkpt lat="40.5965730" lon="-3.1030570">
    <ele>909.6</ele>
   </trkpt>
   <trkpt lat="40.5966260" lon="-3.1031200">
    <ele>909.8</ele>
   </trkpt>
   <trkpt lat="40.5966870" lon="-3.1031910">
    <ele>909.8</ele>
   </trkpt>
   <trkpt lat="40.5967250" lon="-3.1032430">
    <ele>909.8</ele>
   </trkpt>
   <trkpt lat="40.5967790" lon="-3.1033040">
    <ele>909.8</ele>
   </trkpt>
   <trkpt lat="40.5968320" lon="-3.1033640">
    <ele>909.8</ele>
   </trkpt>
   <trkpt lat="40.5968780" lon="-3.1034220">
    <ele>910.0</ele>
   </trkpt>
   <trkpt lat="40.5969280" lon="-3.1034800">
    <ele>910.2</ele>
   </trkpt>
   <trkpt lat="40.5969730" lon="-3.1035360">
    <ele>910.2</ele>
   </trkpt>
   <trkpt lat="40.5970150" lon="-3.1035910">
    <ele>910.4</ele>
   </trkpt>
   <trkpt lat="40.5970570" lon="-3.1036450">
    <ele>910.6</ele>
   </trkpt>
   <trkpt lat="40.5971030" lon="-3.1036970">
    <ele>910.6</ele>
   </trkpt>
   <trkpt lat="40.5971490" lon="-3.1037500">
    <ele>910.6</ele>
   </trkpt>
   <trkpt lat="40.5971980" lon="-3.1038020">
    <ele>910.8</ele>
   </trkpt>
   <trkpt lat="40.5972440" lon="-3.1038580">
    <ele>910.8</ele>
   </trkpt>
   <trkpt lat="40.5972900" lon="-3.1039140">
    <ele>911.0</ele>
   </trkpt>
   <trkpt lat="40.5973320" lon="-3.1039690">
    <ele>911.0</ele>
   </trkpt>
   <trkpt lat="40.5973740" lon="-3.1040230">
    <ele>910.8</ele>
   </trkpt>
   <trkpt lat="40.5974200" lon="-3.1040780">
    <ele>910.8</ele>
   </trkpt>
   <trkpt lat="40.5974620" lon="-3.1041310">
    <ele>910.8</ele>
   </trkpt>
   <trkpt lat="40.5975040" lon="-3.1041860">
    <ele>911.0</ele>
   </trkpt>
   <trkpt lat="40.5975570" lon="-3.1042470">
    <ele>911.0</ele>
   </trkpt>
   <trkpt lat="40.5975950" lon="-3.1042900">
    <ele>911.0</ele>
   </trkpt>
   <trkpt lat="40.5976370" lon="-3.1043430">
    <ele>911.2</ele>
   </trkpt>
   <trkpt lat="40.5976790" lon="-3.1043970">
    <ele>911.2</ele>
   </trkpt>
   <trkpt lat="40.5977290" lon="-3.1044590">
    <ele>911.2</ele>
   </trkpt>
   <trkpt lat="40.5977590" lon="-3.1045010">
    <ele>911.4</ele>
   </trkpt>
   <trkpt lat="40.5978050" lon="-3.1045520">
    <ele>911.4</ele>
   </trkpt>
   <trkpt lat="40.5978580" lon="-3.1046110">
    <ele>911.4</ele>
   </trkpt>
   <trkpt lat="40.5978890" lon="-3.1046530">
    <ele>911.4</ele>
   </trkpt>
   <trkpt lat="40.5979350" lon="-3.1047050">
    <ele>911.6</ele>
   </trkpt>
   <trkpt lat="40.5979770" lon="-3.1047580">
    <ele>911.6</ele>
   </trkpt>
   <trkpt lat="40.5980190" lon="-3.1048090">
    <ele>911.6</ele>
   </trkpt>
   <trkpt lat="40.5980610" lon="-3.1048600">
    <ele>911.8</ele>
   </trkpt>
   <trkpt lat="40.5981030" lon="-3.1049110">
    <ele>911.8</ele>
   </trkpt>
   <trkpt lat="40.5981440" lon="-3.1049620">
    <ele>911.8</ele>
   </trkpt>
   <trkpt lat="40.5981860" lon="-3.1050140">
    <ele>911.8</ele>
   </trkpt>
   <trkpt lat="40.5982400" lon="-3.1050760">
    <ele>911.8</ele>
   </trkpt>
   <trkpt lat="40.5982700" lon="-3.1051190">
    <ele>911.8</ele>
   </trkpt>
   <trkpt lat="40.5983160" lon="-3.1051740">
    <ele>911.8</ele>
   </trkpt>
   <trkpt lat="40.5983620" lon="-3.1052290">
    <ele>911.8</ele>
   </trkpt>
   <trkpt lat="40.5984040" lon="-3.1052830">
    <ele>911.8</ele>
   </trkpt>
   <trkpt lat="40.5984500" lon="-3.1053360">
    <ele>911.8</ele>
   </trkpt>
   <trkpt lat="40.5984990" lon="-3.1053960">
    <ele>912.0</ele>
   </trkpt>
   <trkpt lat="40.5985340" lon="-3.1054370">
    <ele>912.0</ele>
   </trkpt>
   <trkpt lat="40.5985720" lon="-3.1054890">
    <ele>912.0</ele>
   </trkpt>
   <trkpt lat="40.5986140" lon="-3.1055430">
    <ele>912.0</ele>
   </trkpt>
   <trkpt lat="40.5986560" lon="-3.1055950">
    <ele>912.0</ele>
   </trkpt>
   <trkpt lat="40.5986940" lon="-3.1056470">
    <ele>912.0</ele>
   </trkpt>
   <trkpt lat="40.5987400" lon="-3.1056980">
    <ele>912.0</ele>
   </trkpt>
   <trkpt lat="40.5987850" lon="-3.1057480">
    <ele>912.0</ele>
   </trkpt>
   <trkpt lat="40.5988270" lon="-3.1058000">
    <ele>912.2</ele>
   </trkpt>
   <trkpt lat="40.5988650" lon="-3.1058510">
    <ele>912.2</ele>
   </trkpt>
   <trkpt lat="40.5989070" lon="-3.1059020">
    <ele>912.2</ele>
   </trkpt>
   <trkpt lat="40.5989460" lon="-3.1059540">
    <ele>912.2</ele>
   </trkpt>
   <trkpt lat="40.5989880" lon="-3.1060100">
    <ele>912.4</ele>
   </trkpt>
   <trkpt lat="40.5990410" lon="-3.1060710">
    <ele>912.4</ele>
   </trkpt>
   <trkpt lat="40.5990750" lon="-3.1061130">
    <ele>912.4</ele>
   </trkpt>
   <trkpt lat="40.5991210" lon="-3.1061630">
    <ele>912.4</ele>
   </trkpt>
   <trkpt lat="40.5991630" lon="-3.1062130">
    <ele>912.4</ele>
   </trkpt>
   <trkpt lat="40.5992090" lon="-3.1062670">
    <ele>912.6</ele>
   </trkpt>
   <trkpt lat="40.5992510" lon="-3.1063200">
    <ele>912.6</ele>
   </trkpt>
   <trkpt lat="40.5992930" lon="-3.1063730">
    <ele>912.6</ele>
   </trkpt>
   <trkpt lat="40.5993310" lon="-3.1064260">
    <ele>912.6</ele>
   </trkpt>
   <trkpt lat="40.5993800" lon="-3.1064850">
    <ele>912.8</ele>
   </trkpt>
   <trkpt lat="40.5994150" lon="-3.1065270">
    <ele>912.8</ele>
   </trkpt>
   <trkpt lat="40.5994610" lon="-3.1065800">
    <ele>913.0</ele>
   </trkpt>
   <trkpt lat="40.5995060" lon="-3.1066320">
    <ele>913.0</ele>
   </trkpt>
   <trkpt lat="40.5995480" lon="-3.1066830">
    <ele>913.0</ele>
   </trkpt>
   <trkpt lat="40.5995900" lon="-3.1067330">
    <ele>913.2</ele>
   </trkpt>
   <trkpt lat="40.5996440" lon="-3.1067920">
    <ele>913.2</ele>
   </trkpt>
   <trkpt lat="40.5996780" lon="-3.1068350">
    <ele>913.2</ele>
   </trkpt>
   <trkpt lat="40.5997240" lon="-3.1068870">
    <ele>913.2</ele>
   </trkpt>
   <trkpt lat="40.5997700" lon="-3.1069380">
    <ele>913.4</ele>
   </trkpt>
   <trkpt lat="40.5998150" lon="-3.1069900">
    <ele>913.4</ele>
   </trkpt>
   <trkpt lat="40.5998570" lon="-3.1070390">
    <ele>913.4</ele>
   </trkpt>
   <trkpt lat="40.5999030" lon="-3.1070880">
    <ele>913.4</ele>
   </trkpt>
   <trkpt lat="40.5999450" lon="-3.1071410">
    <ele>913.4</ele>
   </trkpt>
   <trkpt lat="40.5999980" lon="-3.1072000">
    <ele>913.4</ele>
   </trkpt>
   <trkpt lat="40.6000400" lon="-3.1072500">
    <ele>913.4</ele>
   </trkpt>
   <trkpt lat="40.6000790" lon="-3.1072910">
    <ele>913.6</ele>
   </trkpt>
   <trkpt lat="40.6001210" lon="-3.1073410">
    <ele>913.6</ele>
   </trkpt>
   <trkpt lat="40.6001740" lon="-3.1073990">
    <ele>913.8</ele>
   </trkpt>
   <trkpt lat="40.6002080" lon="-3.1074400">
    <ele>913.8</ele>
   </trkpt>
   <trkpt lat="40.6002500" lon="-3.1074900">
    <ele>913.8</ele>
   </trkpt>
   <trkpt lat="40.6002920" lon="-3.1075400">
    <ele>913.8</ele>
   </trkpt>
   <trkpt lat="40.6003340" lon="-3.1075900">
    <ele>914.0</ele>
   </trkpt>
   <trkpt lat="40.6003760" lon="-3.1076390">
    <ele>914.0</ele>
   </trkpt>
   <trkpt lat="40.6004300" lon="-3.1076960">
    <ele>914.0</ele>
   </trkpt>
   <trkpt lat="40.6004640" lon="-3.1077360">
    <ele>914.2</ele>
   </trkpt>
   <trkpt lat="40.6005060" lon="-3.1077860">
    <ele>914.2</ele>
   </trkpt>
   <trkpt lat="40.6005520" lon="-3.1078360">
    <ele>914.2</ele>
   </trkpt>
   <trkpt lat="40.6005940" lon="-3.1078860">
    <ele>914.4</ele>
   </trkpt>
   <trkpt lat="40.6006390" lon="-3.1079350">
    <ele>914.4</ele>
   </trkpt>
   <trkpt lat="40.6006810" lon="-3.1079850">
    <ele>914.4</ele>
   </trkpt>
   <trkpt lat="40.6007270" lon="-3.1080350">
    <ele>914.2</ele>
   </trkpt>
   <trkpt lat="40.6007730" lon="-3.1080830">
    <ele>914.4</ele>
   </trkpt>
   <trkpt lat="40.6008150" lon="-3.1081330">
    <ele>914.4</ele>
   </trkpt>
   <trkpt lat="40.6008570" lon="-3.1081830">
    <ele>914.4</ele>
   </trkpt>
   <trkpt lat="40.6008990" lon="-3.1082320">
    <ele>914.6</ele>
   </trkpt>
   <trkpt lat="40.6009410" lon="-3.1082820">
    <ele>914.6</ele>
   </trkpt>
   <trkpt lat="40.6009830" lon="-3.1083310">
    <ele>914.6</ele>
   </trkpt>
   <trkpt lat="40.6010250" lon="-3.1083810">
    <ele>914.6</ele>
   </trkpt>
   <trkpt lat="40.6010670" lon="-3.1084290">
    <ele>914.6</ele>
   </trkpt>
   <trkpt lat="40.6011050" lon="-3.1084750">
    <ele>914.8</ele>
   </trkpt>
   <trkpt lat="40.6011500" lon="-3.1085320">
    <ele>914.8</ele>
   </trkpt>
   <trkpt lat="40.6011770" lon="-3.1085700">
    <ele>914.8</ele>
   </trkpt>
   <trkpt lat="40.6012080" lon="-3.1086160">
    <ele>914.8</ele>
   </trkpt>
   <trkpt lat="40.6012380" lon="-3.1086600">
    <ele>914.8</ele>
   </trkpt>
   <trkpt lat="40.6012610" lon="-3.1087080">
    <ele>915.0</ele>
   </trkpt>
   <trkpt lat="40.6012760" lon="-3.1087550">
    <ele>915.0</ele>
   </trkpt>
   <trkpt lat="40.6012950" lon="-3.1088080">
    <ele>915.2</ele>
   </trkpt>
   <trkpt lat="40.6013150" lon="-3.1088350">
    <ele>915.2</ele>
   </trkpt>
   <trkpt lat="40.6013340" lon="-3.1088660">
    <ele>915.4</ele>
   </trkpt>
   <trkpt lat="40.6013410" lon="-3.1089000">
    <ele>915.4</ele>
   </trkpt>
   <trkpt lat="40.6013420" lon="-3.1089010">
    <ele>915.6</ele>
   </trkpt>
   <trkpt lat="40.6013430" lon="-3.1089020">
    <ele>915.6</ele>
   </trkpt>
   <trkpt lat="40.6013440" lon="-3.1089030">
    <ele>915.6</ele>
   </trkpt>
   <trkpt lat="40.6015610" lon="-3.1091250">
    <ele>915.8</ele>
   </trkpt>
   <trkpt lat="40.6015620" lon="-3.1091260">
    <ele>915.8</ele>
   </trkpt>
   <trkpt lat="40.6016040" lon="-3.1091820">
    <ele>915.8</ele>
   </trkpt>
   <trkpt lat="40.6016540" lon="-3.1092400">
    <ele>915.8</ele>
   </trkpt>
   <trkpt lat="40.6017000" lon="-3.1092990">
    <ele>916.0</ele>
   </trkpt>
   <trkpt lat="40.6017530" lon="-3.1093730">
    <ele>916.0</ele>
   </trkpt>
   <trkpt lat="40.6017880" lon="-3.1094260">
    <ele>916.0</ele>
   </trkpt>
   <trkpt lat="40.6018330" lon="-3.1094900">
    <ele>916.2</ele>
   </trkpt>
   <trkpt lat="40.6018750" lon="-3.1095540">
    <ele>916.2</ele>
   </trkpt>
   <trkpt lat="40.6019210" lon="-3.1096180">
    <ele>916.2</ele>
   </trkpt>
   <trkpt lat="40.6019630" lon="-3.1096830">
    <ele>916.2</ele>
   </trkpt>
   <trkpt lat="40.6020160" lon="-3.1097620">
    <ele>916.2</ele>
   </trkpt>
   <trkpt lat="40.6020510" lon="-3.1098140">
    <ele>916.2</ele>
   </trkpt>
   <trkpt lat="40.6020930" lon="-3.1098770">
    <ele>916.4</ele>
   </trkpt>
   <trkpt lat="40.6021310" lon="-3.1099410">
    <ele>916.6</ele>
   </trkpt>
   <trkpt lat="40.6021730" lon="-3.1100030">
    <ele>916.6</ele>
   </trkpt>
   <trkpt lat="40.6022110" lon="-3.1100670">
    <ele>916.8</ele>
   </trkpt>
   <trkpt lat="40.6022530" lon="-3.1101300">
    <ele>916.8</ele>
   </trkpt>
   <trkpt lat="40.6022950" lon="-3.1101960">
    <ele>916.8</ele>
   </trkpt>
   <trkpt lat="40.6023370" lon="-3.1102670">
    <ele>916.8</ele>
   </trkpt>
   <trkpt lat="40.6023670" lon="-3.1103160">
    <ele>917.0</ele>
   </trkpt>
   <trkpt lat="40.6024090" lon="-3.1103820">
    <ele>917.2</ele>
   </trkpt>
   <trkpt lat="40.6024440" lon="-3.1104440">
    <ele>917.4</ele>
   </trkpt>
   <trkpt lat="40.6024820" lon="-3.1105040">
    <ele>917.4</ele>
   </trkpt>
   <trkpt lat="40.6025160" lon="-3.1105610">
    <ele>917.6</ele>
   </trkpt>
   <trkpt lat="40.6025580" lon="-3.1106240">
    <ele>917.8</ele>
   </trkpt>
   <trkpt lat="40.6025890" lon="-3.1106670">
    <ele>918.0</ele>
   </trkpt>
   <trkpt lat="40.6026230" lon="-3.1107190">
    <ele>918.0</ele>
   </trkpt>
   <trkpt lat="40.6026650" lon="-3.1107740">
    <ele>918.2</ele>
   </trkpt>
   <trkpt lat="40.6026920" lon="-3.1108120">
    <ele>918.4</ele>
   </trkpt>
   <trkpt lat="40.6027260" lon="-3.1108560">
    <ele>918.6</ele>
   </trkpt>
   <trkpt lat="40.6027640" lon="-3.1108990">
    <ele>918.8</ele>
   </trkpt>
   <trkpt lat="40.6027980" lon="-3.1109440">
    <ele>919.0</ele>
   </trkpt>
   <trkpt lat="40.6028370" lon="-3.1109870">
    <ele>919.2</ele>
   </trkpt>
   <trkpt lat="40.6028710" lon="-3.1110320">
    <ele>919.4</ele>
   </trkpt>
   <trkpt lat="40.6029090" lon="-3.1110720">
    <ele>919.6</ele>
   </trkpt>
   <trkpt lat="40.6029470" lon="-3.1111120">
    <ele>919.8</ele>
   </trkpt>
   <trkpt lat="40.6029820" lon="-3.1111540">
    <ele>920.0</ele>
   </trkpt>
   <trkpt lat="40.6030120" lon="-3.1111940">
    <ele>920.2</ele>
   </trkpt>
   <trkpt lat="40.6030430" lon="-3.1112320">
    <ele>920.4</ele>
   </trkpt>
   <trkpt lat="40.6030810" lon="-3.1112740">
    <ele>920.6</ele>
   </trkpt>
   <trkpt lat="40.6031040" lon="-3.1113030">
    <ele>920.8</ele>
   </trkpt>
   <trkpt lat="40.6031300" lon="-3.1113400">
    <ele>921.0</ele>
   </trkpt>
   <trkpt lat="40.6031690" lon="-3.1113840">
    <ele>921.2</ele>
   </trkpt>
   <trkpt lat="40.6031910" lon="-3.1114150">
    <ele>921.4</ele>
   </trkpt>
   <trkpt lat="40.6032220" lon="-3.1114530">
    <ele>921.6</ele>
   </trkpt>
   <trkpt lat="40.6032520" lon="-3.1114890">
    <ele>921.8</ele>
   </trkpt>
   <trkpt lat="40.6032910" lon="-3.1115310">
    <ele>922.0</ele>
   </trkpt>
   <trkpt lat="40.6033130" lon="-3.1115620">
    <ele>922.0</ele>
   </trkpt>
   <trkpt lat="40.6033440" lon="-3.1116000">
    <ele>922.2</ele>
   </trkpt>
   <trkpt lat="40.6033710" lon="-3.1116370">
    <ele>922.4</ele>
   </trkpt>
   <trkpt lat="40.6034010" lon="-3.1116740">
    <ele>922.6</ele>
   </trkpt>
   <trkpt lat="40.6034350" lon="-3.1117120">
    <ele>922.6</ele>
   </trkpt>
   <trkpt lat="40.6034700" lon="-3.1117540">
    <ele>922.8</ele>
   </trkpt>
   <trkpt lat="40.6034970" lon="-3.1117830">
    <ele>923.0</ele>
   </trkpt>
   <trkpt lat="40.6035270" lon="-3.1118200">
    <ele>923.0</ele>
   </trkpt>
   <trkpt lat="40.6035580" lon="-3.1118570">
    <ele>923.2</ele>
   </trkpt>
   <trkpt lat="40.6035840" lon="-3.1118940">
    <ele>923.2</ele>
   </trkpt>
   <trkpt lat="40.6036150" lon="-3.1119300">
    <ele>923.4</ele>
   </trkpt>
   <trkpt lat="40.6036410" lon="-3.1119700">
    <ele>923.6</ele>
   </trkpt>
   <trkpt lat="40.6036640" lon="-3.1120070">
    <ele>923.8</ele>
   </trkpt>
   <trkpt lat="40.6036950" lon="-3.1120430">
    <ele>924.0</ele>
   </trkpt>
   <trkpt lat="40.6037220" lon="-3.1120810">
    <ele>924.2</ele>
   </trkpt>
   <trkpt lat="40.6037600" lon="-3.1121220">
    <ele>924.2</ele>
   </trkpt>
   <trkpt lat="40.6037830" lon="-3.1121510">
    <ele>924.4</ele>
   </trkpt>
   <trkpt lat="40.6038170" lon="-3.1121910">
    <ele>924.6</ele>
   </trkpt>
   <trkpt lat="40.6038440" lon="-3.1122220">
    <ele>924.8</ele>
   </trkpt>
   <trkpt lat="40.6038740" lon="-3.1122600">
    <ele>925.0</ele>
   </trkpt>
   <trkpt lat="40.6039010" lon="-3.1122950">
    <ele>925.2</ele>
   </trkpt>
   <trkpt lat="40.6039310" lon="-3.1123340">
    <ele>925.4</ele>
   </trkpt>
   <trkpt lat="40.6039660" lon="-3.1123780">
    <ele>925.6</ele>
   </trkpt>
   <trkpt lat="40.6039890" lon="-3.1124070">
    <ele>925.8</ele>
   </trkpt>
   <trkpt lat="40.6040190" lon="-3.1124420">
    <ele>926.0</ele>
   </trkpt>
   <trkpt lat="40.6040500" lon="-3.1124790">
    <ele>926.2</ele>
   </trkpt>
   <trkpt lat="40.6040880" lon="-3.1125210">
    <ele>926.2</ele>
   </trkpt>
   <trkpt lat="40.6041110" lon="-3.1125530">
    <ele>926.4</ele>
   </trkpt>
   <trkpt lat="40.6041410" lon="-3.1125900">
    <ele>926.6</ele>
   </trkpt>
   <trkpt lat="40.6041680" lon="-3.1126250">
    <ele>926.8</ele>
   </trkpt>
   <trkpt lat="40.6041980" lon="-3.1126620">
    <ele>927.0</ele>
   </trkpt>
   <trkpt lat="40.6042290" lon="-3.1126990">
    <ele>927.0</ele>
   </trkpt>
   <trkpt lat="40.6042560" lon="-3.1127370">
    <ele>927.2</ele>
   </trkpt>
   <trkpt lat="40.6042860" lon="-3.1127730">
    <ele>927.4</ele>
   </trkpt>
   <trkpt lat="40.6043170" lon="-3.1128100">
    <ele>927.4</ele>
   </trkpt>
   <trkpt lat="40.6043470" lon="-3.1128470">
    <ele>927.6</ele>
   </trkpt>
   <trkpt lat="40.6043740" lon="-3.1128850">
    <ele>927.8</ele>
   </trkpt>
   <trkpt lat="40.6044040" lon="-3.1129250">
    <ele>928.0</ele>
   </trkpt>
   <trkpt lat="40.6044350" lon="-3.1129610">
    <ele>928.0</ele>
   </trkpt>
   <trkpt lat="40.6044650" lon="-3.1129930">
    <ele>928.2</ele>
   </trkpt>
   <trkpt lat="40.6044960" lon="-3.1130280">
    <ele>928.4</ele>
   </trkpt>
   <trkpt lat="40.6045300" lon="-3.1130660">
    <ele>928.4</ele>
   </trkpt>
   <trkpt lat="40.6045650" lon="-3.1131100">
    <ele>928.6</ele>
   </trkpt>
   <trkpt lat="40.6045880" lon="-3.1131400">
    <ele>928.8</ele>
   </trkpt>
   <trkpt lat="40.6046100" lon="-3.1131760">
    <ele>928.8</ele>
   </trkpt>
   <trkpt lat="40.6046370" lon="-3.1132120">
    <ele>929.0</ele>
   </trkpt>
   <trkpt lat="40.6046640" lon="-3.1132490">
    <ele>929.2</ele>
   </trkpt>
   <trkpt lat="40.6047020" lon="-3.1132910">
    <ele>929.4</ele>
   </trkpt>
   <trkpt lat="40.6047290" lon="-3.1133220">
    <ele>929.6</ele>
   </trkpt>
   <trkpt lat="40.6047630" lon="-3.1133570">
    <ele>929.6</ele>
   </trkpt>
   <trkpt lat="40.6047970" lon="-3.1133900">
    <ele>929.8</ele>
   </trkpt>
   <trkpt lat="40.6048280" lon="-3.1134250">
    <ele>930.0</ele>
   </trkpt>
   <trkpt lat="40.6048580" lon="-3.1134620">
    <ele>930.2</ele>
   </trkpt>
   <trkpt lat="40.6048890" lon="-3.1135000">
    <ele>930.4</ele>
   </trkpt>
   <trkpt lat="40.6049190" lon="-3.1135370">
    <ele>930.6</ele>
   </trkpt>
   <trkpt lat="40.6049540" lon="-3.1135760">
    <ele>930.8</ele>
   </trkpt>
   <trkpt lat="40.6049880" lon="-3.1136190">
    <ele>931.0</ele>
   </trkpt>
   <trkpt lat="40.6050150" lon="-3.1136490">
    <ele>931.2</ele>
   </trkpt>
   <trkpt lat="40.6050450" lon="-3.1136880">
    <ele>931.2</ele>
   </trkpt>
   <trkpt lat="40.6050720" lon="-3.1137270">
    <ele>931.4</ele>
   </trkpt>
   <trkpt lat="40.6050990" lon="-3.1137650">
    <ele>931.6</ele>
   </trkpt>
   <trkpt lat="40.6051250" lon="-3.1138020">
    <ele>932.0</ele>
   </trkpt>
   <trkpt lat="40.6051560" lon="-3.1138350">
    <ele>932.2</ele>
   </trkpt>
   <trkpt lat="40.6051900" lon="-3.1138710">
    <ele>932.2</ele>
   </trkpt>
   <trkpt lat="40.6052210" lon="-3.1139130">
    <ele>932.4</ele>
   </trkpt>
   <trkpt lat="40.6052590" lon="-3.1139600">
    <ele>932.6</ele>
   </trkpt>
   <trkpt lat="40.6052860" lon="-3.1139970">
    <ele>932.8</ele>
   </trkpt>
   <trkpt lat="40.6053160" lon="-3.1140410">
    <ele>932.8</ele>
   </trkpt>
   <trkpt lat="40.6053470" lon="-3.1140860">
    <ele>933.0</ele>
   </trkpt>
   <trkpt lat="40.6053770" lon="-3.1141360">
    <ele>933.2</ele>
   </trkpt>
   <trkpt lat="40.6054000" lon="-3.1141670">
    <ele>933.4</ele>
   </trkpt>
   <trkpt lat="40.6054230" lon="-3.1142070">
    <ele>933.4</ele>
   </trkpt>
   <trkpt lat="40.6054500" lon="-3.1142480">
    <ele>933.6</ele>
   </trkpt>
   <trkpt lat="40.6054760" lon="-3.1142910">
    <ele>933.8</ele>
   </trkpt>
   <trkpt lat="40.6054990" lon="-3.1143380">
    <ele>933.8</ele>
   </trkpt>
   <trkpt lat="40.6055180" lon="-3.1143860">
    <ele>934.0</ele>
   </trkpt>
   <trkpt lat="40.6055410" lon="-3.1144340">
    <ele>934.2</ele>
   </trkpt>
   <trkpt lat="40.6055600" lon="-3.1144900">
    <ele>934.4</ele>
   </trkpt>
   <trkpt lat="40.6055760" lon="-3.1145300">
    <ele>934.4</ele>
   </trkpt>
   <trkpt lat="40.6055950" lon="-3.1145820">
    <ele>934.6</ele>
   </trkpt>
   <trkpt lat="40.6056180" lon="-3.1146350">
    <ele>934.6</ele>
   </trkpt>
   <trkpt lat="40.6056370" lon="-3.1146890">
    <ele>934.6</ele>
   </trkpt>
   <trkpt lat="40.6056590" lon="-3.1147460">
    <ele>934.6</ele>
   </trkpt>
   <trkpt lat="40.6056790" lon="-3.1148110">
    <ele>934.6</ele>
   </trkpt>
   <trkpt lat="40.6057010" lon="-3.1148610">
    <ele>934.8</ele>
   </trkpt>
   <trkpt lat="40.6057240" lon="-3.1149240">
    <ele>934.6</ele>
   </trkpt>
   <trkpt lat="40.6057550" lon="-3.1149980">
    <ele>934.6</ele>
   </trkpt>
   <trkpt lat="40.6057780" lon="-3.1150650">
    <ele>934.6</ele>
   </trkpt>
   <trkpt lat="40.6057970" lon="-3.1151320">
    <ele>934.4</ele>
   </trkpt>
   <trkpt lat="40.6058200" lon="-3.1151870">
    <ele>934.4</ele>
   </trkpt>
   <trkpt lat="40.6058430" lon="-3.1152550">
    <ele>934.4</ele>
   </trkpt>
   <trkpt lat="40.6058650" lon="-3.1153240">
    <ele>934.4</ele>
   </trkpt>
   <trkpt lat="40.6058920" lon="-3.1154050">
    <ele>934.2</ele>
   </trkpt>
   <trkpt lat="40.6059110" lon="-3.1154710">
    <ele>934.2</ele>
   </trkpt>
   <trkpt lat="40.6059300" lon="-3.1155310">
    <ele>934.2</ele>
   </trkpt>
   <trkpt lat="40.6059530" lon="-3.1156120">
    <ele>934.0</ele>
   </trkpt>
   <trkpt lat="40.6059720" lon="-3.1156670">
    <ele>934.0</ele>
   </trkpt>
   <trkpt lat="40.6060030" lon="-3.1157430">
    <ele>934.0</ele>
   </trkpt>
   <trkpt lat="40.6060260" lon="-3.1157980">
    <ele>934.0</ele>
   </trkpt>
   <trkpt lat="40.6060490" lon="-3.1158670">
    <ele>934.0</ele>
   </trkpt>
   <trkpt lat="40.6060830" lon="-3.1159360">
    <ele>934.0</ele>
   </trkpt>
   <trkpt lat="40.6061170" lon="-3.1159820">
    <ele>934.0</ele>
   </trkpt>
   <trkpt lat="40.6061550" lon="-3.1160040">
    <ele>934.0</ele>
   </trkpt>
   <trkpt lat="40.6062090" lon="-3.1160260">
    <ele>934.0</ele>
   </trkpt>
   <trkpt lat="40.6062470" lon="-3.1160370">
    <ele>934.0</ele>
   </trkpt>
   <trkpt lat="40.6062930" lon="-3.1160440">
    <ele>934.2</ele>
   </trkpt>
   <trkpt lat="40.6063500" lon="-3.1160470">
    <ele>934.2</ele>
   </trkpt>
   <trkpt lat="40.6063880" lon="-3.1160570">
    <ele>934.4</ele>
   </trkpt>
   <trkpt lat="40.6064300" lon="-3.1160770">
    <ele>934.4</ele>
   </trkpt>
   <trkpt lat="40.6064640" lon="-3.1161200">
    <ele>934.6</ele>
   </trkpt>
   <trkpt lat="40.6064830" lon="-3.1161680">
    <ele>934.6</ele>
   </trkpt>
   <trkpt lat="40.6064870" lon="-3.1162170">
    <ele>934.6</ele>
   </trkpt>
   <trkpt lat="40.6064870" lon="-3.1162920">
    <ele>934.8</ele>
   </trkpt>
   <trkpt lat="40.6064830" lon="-3.1163420">
    <ele>934.8</ele>
   </trkpt>
   <trkpt lat="40.6064720" lon="-3.1164040">
    <ele>934.8</ele>
   </trkpt>
   <trkpt lat="40.6064640" lon="-3.1164660">
    <ele>934.6</ele>
   </trkpt>
   <trkpt lat="40.6064610" lon="-3.1165310">
    <ele>934.6</ele>
   </trkpt>
   <trkpt lat="40.6064640" lon="-3.1165980">
    <ele>934.6</ele>
   </trkpt>
   <trkpt lat="40.6064830" lon="-3.1166640">
    <ele>934.6</ele>
   </trkpt>
   <trkpt lat="40.6065060" lon="-3.1167350">
    <ele>934.6</ele>
   </trkpt>
   <trkpt lat="40.6065290" lon="-3.1167910">
    <ele>934.8</ele>
   </trkpt>
   <trkpt lat="40.6065520" lon="-3.1168330">
    <ele>934.8</ele>
   </trkpt>
   <trkpt lat="40.6065790" lon="-3.1168840">
    <ele>935.0</ele>
   </trkpt>
   <trkpt lat="40.6066090" lon="-3.1169410">
    <ele>935.0</ele>
   </trkpt>
   <trkpt lat="40.6066320" lon="-3.1169890">
    <ele>935.0</ele>
   </trkpt>
   <trkpt lat="40.6066470" lon="-3.1170330">
    <ele>934.8</ele>
   </trkpt>
   <trkpt lat="40.6066670" lon="-3.1170940">
    <ele>934.8</ele>
   </trkpt>
   <trkpt lat="40.6066890" lon="-3.1171560">
    <ele>934.8</ele>
   </trkpt>
   <trkpt lat="40.6067120" lon="-3.1172200">
    <ele>934.6</ele>
   </trkpt>
   <trkpt lat="40.6067310" lon="-3.1172950">
    <ele>934.4</ele>
   </trkpt>
   <trkpt lat="40.6067540" lon="-3.1173480">
    <ele>934.2</ele>
   </trkpt>
   <trkpt lat="40.6067810" lon="-3.1174140">
    <ele>933.8</ele>
   </trkpt>
   <trkpt lat="40.6068120" lon="-3.1174970">
    <ele>933.4</ele>
   </trkpt>
   <trkpt lat="40.6068340" lon="-3.1175650">
    <ele>933.0</ele>
   </trkpt>
   <trkpt lat="40.6068530" lon="-3.1176230">
    <ele>932.8</ele>
   </trkpt>
   <trkpt lat="40.6068760" lon="-3.1176860">
    <ele>932.4</ele>
   </trkpt>
   <trkpt lat="40.6068990" lon="-3.1177450">
    <ele>932.0</ele>
   </trkpt>
   <trkpt lat="40.6069260" lon="-3.1178010">
    <ele>931.6</ele>
   </trkpt>
   <trkpt lat="40.6069530" lon="-3.1178600">
    <ele>931.2</ele>
   </trkpt>
   <trkpt lat="40.6069760" lon="-3.1179240">
    <ele>931.0</ele>
   </trkpt>
   <trkpt lat="40.6069870" lon="-3.1179700">
    <ele>930.8</ele>
   </trkpt>
   <trkpt lat="40.6069870" lon="-3.1180220">
    <ele>930.6</ele>
   </trkpt>
   <trkpt lat="40.6069830" lon="-3.1180720">
    <ele>930.4</ele>
   </trkpt>
   <trkpt lat="40.6069760" lon="-3.1181110">
    <ele>930.2</ele>
   </trkpt>
   <trkpt lat="40.6069830" lon="-3.1181420">
    <ele>930.0</ele>
   </trkpt>
   <trkpt lat="40.6070020" lon="-3.1181790">
    <ele>929.6</ele>
   </trkpt>
   <trkpt lat="40.6070440" lon="-3.1182160">
    <ele>929.4</ele>
   </trkpt>
   <trkpt lat="40.6070940" lon="-3.1182380">
    <ele>929.0</ele>
   </trkpt>
   <trkpt lat="40.6071400" lon="-3.1182560">
    <ele>928.6</ele>
   </trkpt>
   <trkpt lat="40.6072040" lon="-3.1182870">
    <ele>928.2</ele>
   </trkpt>
   <trkpt lat="40.6072540" lon="-3.1183140">
    <ele>927.8</ele>
   </trkpt>
   <trkpt lat="40.6073150" lon="-3.1183530">
    <ele>927.4</ele>
   </trkpt>
   <trkpt lat="40.6073800" lon="-3.1183970">
    <ele>927.0</ele>
   </trkpt>
   <trkpt lat="40.6074260" lon="-3.1184290">
    <ele>926.8</ele>
   </trkpt>
   <trkpt lat="40.6074870" lon="-3.1184770">
    <ele>926.4</ele>
   </trkpt>
   <trkpt lat="40.6075550" lon="-3.1185330">
    <ele>925.8</ele>
   </trkpt>
   <trkpt lat="40.6076200" lon="-3.1185790">
    <ele>925.4</ele>
   </trkpt>
   <trkpt lat="40.6076770" lon="-3.1186180">
    <ele>925.0</ele>
   </trkpt>
   <trkpt lat="40.6077420" lon="-3.1186680">
    <ele>924.4</ele>
   </trkpt>
   <trkpt lat="40.6078110" lon="-3.1187140">
    <ele>924.0</ele>
   </trkpt>
   <trkpt lat="40.6078830" lon="-3.1187550">
    <ele>923.6</ele>
   </trkpt>
   <trkpt lat="40.6079710" lon="-3.1188110">
    <ele>923.0</ele>
   </trkpt>
   <trkpt lat="40.6080550" lon="-3.1188590">
    <ele>922.6</ele>
   </trkpt>
   <trkpt lat="40.6081350" lon="-3.1188990">
    <ele>922.2</ele>
   </trkpt>
   <trkpt lat="40.6082000" lon="-3.1189200">
    <ele>921.6</ele>
   </trkpt>
   <trkpt lat="40.6082920" lon="-3.1189280">
    <ele>920.8</ele>
   </trkpt>
   <trkpt lat="40.6083980" lon="-3.1189050">
    <ele>920.2</ele>
   </trkpt>
   <trkpt lat="40.6084750" lon="-3.1188680">
    <ele>919.6</ele>
   </trkpt>
   <trkpt lat="40.6085590" lon="-3.1188090">
    <ele>919.2</ele>
   </trkpt>
   <trkpt lat="40.6086430" lon="-3.1187240">
    <ele>918.8</ele>
   </trkpt>
   <trkpt lat="40.6087040" lon="-3.1186380">
    <ele>918.2</ele>
   </trkpt>
   <trkpt lat="40.6087420" lon="-3.1185550">
    <ele>917.8</ele>
   </trkpt>
   <trkpt lat="40.6087800" lon="-3.1184430">
    <ele>917.2</ele>
   </trkpt>
   <trkpt lat="40.6087950" lon="-3.1183160">
    <ele>916.8</ele>
   </trkpt>
   <trkpt lat="40.6088070" lon="-3.1181670">
    <ele>916.4</ele>
   </trkpt>
   <trkpt lat="40.6088140" lon="-3.1180310">
    <ele>915.8</ele>
   </trkpt>
   <trkpt lat="40.6088220" lon="-3.1179030">
    <ele>915.4</ele>
   </trkpt>
   <trkpt lat="40.6088370" lon="-3.1177940">
    <ele>914.8</ele>
   </trkpt>
   <trkpt lat="40.6088560" lon="-3.1176460">
    <ele>914.4</ele>
   </trkpt>
   <trkpt lat="40.6088600" lon="-3.1175390">
    <ele>914.0</ele>
   </trkpt>
   <trkpt lat="40.6088710" lon="-3.1174160">
    <ele>913.8</ele>
   </trkpt>
   <trkpt lat="40.6088750" lon="-3.1172880">
    <ele>913.4</ele>
   </trkpt>
   <trkpt lat="40.6088870" lon="-3.1171690">
    <ele>913.0</ele>
   </trkpt>
   <trkpt lat="40.6088830" lon="-3.1170490">
    <ele>912.8</ele>
   </trkpt>
   <trkpt lat="40.6088640" lon="-3.1169110">
    <ele>912.6</ele>
   </trkpt>
   <trkpt lat="40.6088450" lon="-3.1168000">
    <ele>912.4</ele>
   </trkpt>
   <trkpt lat="40.6088180" lon="-3.1166900">
    <ele>912.2</ele>
   </trkpt>
   <trkpt lat="40.6087990" lon="-3.1166000">
    <ele>912.0</ele>
   </trkpt>
   <trkpt lat="40.6087800" lon="-3.1164720">
    <ele>911.8</ele>
   </trkpt>
   <trkpt lat="40.6087720" lon="-3.1163680">
    <ele>911.8</ele>
   </trkpt>
   <trkpt lat="40.6087910" lon="-3.1162690">
    <ele>911.6</ele>
   </trkpt>
   <trkpt lat="40.6088180" lon="-3.1161940">
    <ele>911.4</ele>
   </trkpt>
   <trkpt lat="40.6088750" lon="-3.1161080">
    <ele>911.2</ele>
   </trkpt>
   <trkpt lat="40.6089400" lon="-3.1161070">
    <ele>911.0</ele>
   </trkpt>
   <trkpt lat="40.6090010" lon="-3.1161300">
    <ele>911.0</ele>
   </trkpt>
   <trkpt lat="40.6090810" lon="-3.1161790">
    <ele>910.8</ele>
   </trkpt>
   <trkpt lat="40.6091380" lon="-3.1162400">
    <ele>910.6</ele>
   </trkpt>
   <trkpt lat="40.6092030" lon="-3.1163140">
    <ele>910.4</ele>
   </trkpt>
   <trkpt lat="40.6092800" lon="-3.1163950">
    <ele>910.2</ele>
   </trkpt>
   <trkpt lat="40.6093410" lon="-3.1164560">
    <ele>909.8</ele>
   </trkpt>
   <trkpt lat="40.6094090" lon="-3.1165270">
    <ele>909.6</ele>
   </trkpt>
   <trkpt lat="40.6094740" lon="-3.1165980">
    <ele>909.4</ele>
   </trkpt>
   <trkpt lat="40.6095430" lon="-3.1166650">
    <ele>909.0</ele>
   </trkpt>
   <trkpt lat="40.6096080" lon="-3.1167380">
    <ele>908.8</ele>
   </trkpt>
   <trkpt lat="40.6096840" lon="-3.1168220">
    <ele>908.6</ele>
   </trkpt>
   <trkpt lat="40.6097410" lon="-3.1168790">
    <ele>908.2</ele>
   </trkpt>
   <trkpt lat="40.6098210" lon="-3.1169600">
    <ele>908.0</ele>
   </trkpt>
   <trkpt lat="40.6098900" lon="-3.1170230">
    <ele>907.8</ele>
   </trkpt>
   <trkpt lat="40.6099510" lon="-3.1170770">
    <ele>907.6</ele>
   </trkpt>
   <trkpt lat="40.6100350" lon="-3.1171440">
    <ele>907.4</ele>
   </trkpt>
   <trkpt lat="40.6101000" lon="-3.1171910">
    <ele>907.0</ele>
   </trkpt>
   <trkpt lat="40.6101950" lon="-3.1172460">
    <ele>906.8</ele>
   </trkpt>
   <trkpt lat="40.6102790" lon="-3.1172950">
    <ele>906.6</ele>
   </trkpt>
   <trkpt lat="40.6103590" lon="-3.1173470">
    <ele>906.4</ele>
   </trkpt>
   <trkpt lat="40.6104350" lon="-3.1173960">
    <ele>906.4</ele>
   </trkpt>
   <trkpt lat="40.6105190" lon="-3.1174410">
    <ele>906.2</ele>
   </trkpt>
   <trkpt lat="40.6105990" lon="-3.1174880">
    <ele>906.0</ele>
   </trkpt>
   <trkpt lat="40.6106830" lon="-3.1175370">
    <ele>905.8</ele>
   </trkpt>
   <trkpt lat="40.6107640" lon="-3.1175870">
    <ele>905.6</ele>
   </trkpt>
   <trkpt lat="40.6108280" lon="-3.1176280">
    <ele>905.6</ele>
   </trkpt>
   <trkpt lat="40.6109090" lon="-3.1176800">
    <ele>905.4</ele>
   </trkpt>
   <trkpt lat="40.6109850" lon="-3.1177310">
    <ele>905.4</ele>
   </trkpt>
   <trkpt lat="40.6110570" lon="-3.1177760">
    <ele>905.2</ele>
   </trkpt>
   <trkpt lat="40.6111300" lon="-3.1178190">
    <ele>905.0</ele>
   </trkpt>
   <trkpt lat="40.6112020" lon="-3.1178620">
    <ele>904.8</ele>
   </trkpt>
   <trkpt lat="40.6112940" lon="-3.1179070">
    <ele>904.8</ele>
   </trkpt>
   <trkpt lat="40.6113740" lon="-3.1179400">
    <ele>904.8</ele>
   </trkpt>
   <trkpt lat="40.6114500" lon="-3.1179700">
    <ele>904.6</ele>
   </trkpt>
   <trkpt lat="40.6115150" lon="-3.1179950">
    <ele>904.6</ele>
   </trkpt>
   <trkpt lat="40.6116070" lon="-3.1180350">
    <ele>904.4</ele>
   </trkpt>
   <trkpt lat="40.6116830" lon="-3.1180670">
    <ele>904.4</ele>
   </trkpt>
   <trkpt lat="40.6117480" lon="-3.1180920">
    <ele>904.2</ele>
   </trkpt>
   <trkpt lat="40.6118470" lon="-3.1181250">
    <ele>904.0</ele>
   </trkpt>
   <trkpt lat="40.6119160" lon="-3.1181500">
    <ele>904.0</ele>
   </trkpt>
   <trkpt lat="40.6119960" lon="-3.1181820">
    <ele>903.8</ele>
   </trkpt>
   <trkpt lat="40.6120870" lon="-3.1182190">
    <ele>903.8</ele>
   </trkpt>
   <trkpt lat="40.6121520" lon="-3.1182440">
    <ele>903.8</ele>
   </trkpt>
   <trkpt lat="40.6122250" lon="-3.1182750">
    <ele>903.6</ele>
   </trkpt>
   <trkpt lat="40.6123160" lon="-3.1183130">
    <ele>903.6</ele>
   </trkpt>
   <trkpt lat="40.6123850" lon="-3.1183440">
    <ele>903.4</ele>
   </trkpt>
   <trkpt lat="40.6124460" lon="-3.1183720">
    <ele>903.4</ele>
   </trkpt>
   <trkpt lat="40.6125260" lon="-3.1184140">
    <ele>903.2</ele>
   </trkpt>
   <trkpt lat="40.6125870" lon="-3.1184420">
    <ele>902.8</ele>
   </trkpt>
   <trkpt lat="40.6126630" lon="-3.1184730">
    <ele>902.4</ele>
   </trkpt>
   <trkpt lat="40.6127360" lon="-3.1185010">
    <ele>902.2</ele>
   </trkpt>
   <trkpt lat="40.6128120" lon="-3.1185270">
    <ele>902.0</ele>
   </trkpt>
   <trkpt lat="40.6129000" lon="-3.1185530">
    <ele>901.8</ele>
   </trkpt>
   <trkpt lat="40.6129610" lon="-3.1185640">
    <ele>901.8</ele>
   </trkpt>
   <trkpt lat="40.6130450" lon="-3.1185760">
    <ele>901.6</ele>
   </trkpt>
   <trkpt lat="40.6131360" lon="-3.1185780">
    <ele>901.6</ele>
   </trkpt>
   <trkpt lat="40.6132010" lon="-3.1185600">
    <ele>901.2</ele>
   </trkpt>
   <trkpt lat="40.6132810" lon="-3.1185220">
    <ele>901.0</ele>
   </trkpt>
   <trkpt lat="40.6133610" lon="-3.1184580">
    <ele>900.8</ele>
   </trkpt>
   <trkpt lat="40.6134190" lon="-3.1183870">
    <ele>900.4</ele>
   </trkpt>
   <trkpt lat="40.6134800" lon="-3.1183050">
    <ele>900.2</ele>
   </trkpt>
   <trkpt lat="40.6135370" lon="-3.1182170">
    <ele>899.8</ele>
   </trkpt>
   <trkpt lat="40.6135940" lon="-3.1181300">
    <ele>899.2</ele>
   </trkpt>
   <trkpt lat="40.6136510" lon="-3.1180450">
    <ele>898.8</ele>
   </trkpt>
   <trkpt lat="40.6137120" lon="-3.1179590">
    <ele>898.4</ele>
   </trkpt>
   <trkpt lat="40.6137730" lon="-3.1178730">
    <ele>897.8</ele>
   </trkpt>
   <trkpt lat="40.6138270" lon="-3.1178000">
    <ele>897.4</ele>
   </trkpt>
   <trkpt lat="40.6138990" lon="-3.1176930">
    <ele>897.0</ele>
   </trkpt>
   <trkpt lat="40.6139600" lon="-3.1176030">
    <ele>896.6</ele>
   </trkpt>
   <trkpt lat="40.6140170" lon="-3.1175300">
    <ele>896.0</ele>
   </trkpt>
   <trkpt lat="40.6140820" lon="-3.1174390">
    <ele>895.6</ele>
   </trkpt>
   <trkpt lat="40.6141400" lon="-3.1173420">
    <ele>895.2</ele>
   </trkpt>
   <trkpt lat="40.6141970" lon="-3.1172370">
    <ele>894.6</ele>
   </trkpt>
   <trkpt lat="40.6142540" lon="-3.1171090">
    <ele>894.2</ele>
   </trkpt>
   <trkpt lat="40.6142960" lon="-3.1169960">
    <ele>893.6</ele>
   </trkpt>
   <trkpt lat="40.6143380" lon="-3.1168840">
    <ele>893.0</ele>
   </trkpt>
   <trkpt lat="40.6143720" lon="-3.1167910">
    <ele>892.6</ele>
   </trkpt>
   <trkpt lat="40.6144260" lon="-3.1166600">
    <ele>892.0</ele>
   </trkpt>
   <trkpt lat="40.6144680" lon="-3.1165510">
    <ele>891.4</ele>
   </trkpt>
   <trkpt lat="40.6145130" lon="-3.1164460">
    <ele>891.2</ele>
   </trkpt>
   <trkpt lat="40.6145590" lon="-3.1163680">
    <ele>890.6</ele>
   </trkpt>
   <trkpt lat="40.6146390" lon="-3.1162760">
    <ele>890.2</ele>
   </trkpt>
   <trkpt lat="40.6147080" lon="-3.1162180">
    <ele>889.6</ele>
   </trkpt>
   <trkpt lat="40.6147800" lon="-3.1161760">
    <ele>889.2</ele>
   </trkpt>
   <trkpt lat="40.6148410" lon="-3.1161600">
    <ele>888.8</ele>
   </trkpt>
   <trkpt lat="40.6149330" lon="-3.1161710">
    <ele>888.6</ele>
   </trkpt>
   <trkpt lat="40.6150090" lon="-3.1162180">
    <ele>888.2</ele>
   </trkpt>
   <trkpt lat="40.6150630" lon="-3.1162950">
    <ele>888.0</ele>
   </trkpt>
   <trkpt lat="40.6150970" lon="-3.1163960">
    <ele>887.6</ele>
   </trkpt>
   <trkpt lat="40.6150930" lon="-3.1164960">
    <ele>887.2</ele>
   </trkpt>
   <trkpt lat="40.6150630" lon="-3.1165910">
    <ele>886.6</ele>
   </trkpt>
   <trkpt lat="40.6150170" lon="-3.1166980">
    <ele>886.2</ele>
   </trkpt>
   <trkpt lat="40.6149710" lon="-3.1168120">
    <ele>885.6</ele>
   </trkpt>
   <trkpt lat="40.6149440" lon="-3.1169190">
    <ele>885.2</ele>
   </trkpt>
   <trkpt lat="40.6149100" lon="-3.1170570">
    <ele>884.4</ele>
   </trkpt>
   <trkpt lat="40.6148830" lon="-3.1172240">
    <ele>883.8</ele>
   </trkpt>
   <trkpt lat="40.6148640" lon="-3.1173670">
    <ele>883.0</ele>
   </trkpt>
   <trkpt lat="40.6148450" lon="-3.1175140">
    <ele>882.2</ele>
   </trkpt>
   <trkpt lat="40.6148300" lon="-3.1176630">
    <ele>881.6</ele>
   </trkpt>
   <trkpt lat="40.6148150" lon="-3.1178130">
    <ele>880.8</ele>
   </trkpt>
   <trkpt lat="40.6147990" lon="-3.1179640">
    <ele>880.2</ele>
   </trkpt>
   <trkpt lat="40.6147800" lon="-3.1181160">
    <ele>879.6</ele>
   </trkpt>
   <trkpt lat="40.6147650" lon="-3.1182640">
    <ele>879.0</ele>
   </trkpt>
   <trkpt lat="40.6147540" lon="-3.1184160">
    <ele>878.2</ele>
   </trkpt>
   <trkpt lat="40.6147460" lon="-3.1185600">
    <ele>877.4</ele>
   </trkpt>
   <trkpt lat="40.6147380" lon="-3.1187090">
    <ele>876.8</ele>
   </trkpt>
   <trkpt lat="40.6147270" lon="-3.1188540">
    <ele>876.2</ele>
   </trkpt>
   <trkpt lat="40.6147230" lon="-3.1190010">
    <ele>875.6</ele>
   </trkpt>
   <trkpt lat="40.6147120" lon="-3.1191490">
    <ele>875.2</ele>
   </trkpt>
   <trkpt lat="40.6147040" lon="-3.1192970">
    <ele>874.6</ele>
   </trkpt>
   <trkpt lat="40.6146960" lon="-3.1194420">
    <ele>874.2</ele>
   </trkpt>
   <trkpt lat="40.6147000" lon="-3.1195750">
    <ele>873.8</ele>
   </trkpt>
   <trkpt lat="40.6147000" lon="-3.1197120">
    <ele>873.0</ele>
   </trkpt>
   <trkpt lat="40.6147120" lon="-3.1198800">
    <ele>872.4</ele>
   </trkpt>
   <trkpt lat="40.6147270" lon="-3.1200220">
    <ele>871.8</ele>
   </trkpt>
   <trkpt lat="40.6147460" lon="-3.1201620">
    <ele>871.0</ele>
   </trkpt>
   <trkpt lat="40.6147570" lon="-3.1203020">
    <ele>870.4</ele>
   </trkpt>
   <trkpt lat="40.6147420" lon="-3.1204390">
    <ele>870.0</ele>
   </trkpt>
   <trkpt lat="40.6147080" lon="-3.1205690">
    <ele>869.4</ele>
   </trkpt>
   <trkpt lat="40.6146580" lon="-3.1206840">
    <ele>868.8</ele>
   </trkpt>
   <trkpt lat="40.6145970" lon="-3.1207740">
    <ele>868.0</ele>
   </trkpt>
   <trkpt lat="40.6145290" lon="-3.1208550">
    <ele>867.2</ele>
   </trkpt>
   <trkpt lat="40.6144680" lon="-3.1209460">
    <ele>866.4</ele>
   </trkpt>
   <trkpt lat="40.6144100" lon="-3.1210500">
    <ele>865.6</ele>
   </trkpt>
   <trkpt lat="40.6143570" lon="-3.1211640">
    <ele>864.8</ele>
   </trkpt>
   <trkpt lat="40.6143190" lon="-3.1212670">
    <ele>863.8</ele>
   </trkpt>
   <trkpt lat="40.6142620" lon="-3.1214120">
    <ele>863.2</ele>
   </trkpt>
   <trkpt lat="40.6142200" lon="-3.1215370">
    <ele>862.6</ele>
   </trkpt>
   <trkpt lat="40.6141810" lon="-3.1216640">
    <ele>862.0</ele>
   </trkpt>
   <trkpt lat="40.6141400" lon="-3.1217920">
    <ele>861.0</ele>
   </trkpt>
   <trkpt lat="40.6140980" lon="-3.1219180">
    <ele>860.2</ele>
   </trkpt>
   <trkpt lat="40.6140560" lon="-3.1220510">
    <ele>859.4</ele>
   </trkpt>
   <trkpt lat="40.6140170" lon="-3.1221850">
    <ele>858.8</ele>
   </trkpt>
   <trkpt lat="40.6139790" lon="-3.1223180">
    <ele>858.0</ele>
   </trkpt>
   <trkpt lat="40.6139490" lon="-3.1224570">
    <ele>857.0</ele>
   </trkpt>
   <trkpt lat="40.6139300" lon="-3.1225770">
    <ele>856.0</ele>
   </trkpt>
   <trkpt lat="40.6139110" lon="-3.1227510">
    <ele>855.0</ele>
   </trkpt>
   <trkpt lat="40.6139070" lon="-3.1229020">
    <ele>854.0</ele>
   </trkpt>
   <trkpt lat="40.6139220" lon="-3.1230500">
    <ele>853.0</ele>
   </trkpt>
   <trkpt lat="40.6139410" lon="-3.1231740">
    <ele>852.2</ele>
   </trkpt>
   <trkpt lat="40.6139790" lon="-3.1233410">
    <ele>851.8</ele>
   </trkpt>
   <trkpt lat="40.6140210" lon="-3.1234780">
    <ele>851.0</ele>
   </trkpt>
   <trkpt lat="40.6140710" lon="-3.1236130">
    <ele>850.2</ele>
   </trkpt>
   <trkpt lat="40.6141280" lon="-3.1237440">
    <ele>849.6</ele>
   </trkpt>
   <trkpt lat="40.6141890" lon="-3.1238760">
    <ele>849.0</ele>
   </trkpt>
   <trkpt lat="40.6142500" lon="-3.1240080">
    <ele>848.4</ele>
   </trkpt>
   <trkpt lat="40.6143040" lon="-3.1241410">
    <ele>848.0</ele>
   </trkpt>
   <trkpt lat="40.6143610" lon="-3.1242780">
    <ele>847.4</ele>
   </trkpt>
   <trkpt lat="40.6144100" lon="-3.1244190">
    <ele>846.6</ele>
   </trkpt>
   <trkpt lat="40.6144520" lon="-3.1245640">
    <ele>846.0</ele>
   </trkpt>
   <trkpt lat="40.6144750" lon="-3.1247160">
    <ele>845.4</ele>
   </trkpt>
   <trkpt lat="40.6144910" lon="-3.1248700">
    <ele>844.8</ele>
   </trkpt>
   <trkpt lat="40.6144910" lon="-3.1250260">
    <ele>844.0</ele>
   </trkpt>
   <trkpt lat="40.6144680" lon="-3.1251800">
    <ele>843.6</ele>
   </trkpt>
   <trkpt lat="40.6144330" lon="-3.1253290">
    <ele>842.8</ele>
   </trkpt>
   <trkpt lat="40.6143880" lon="-3.1254710">
    <ele>841.8</ele>
   </trkpt>
   <trkpt lat="40.6143260" lon="-3.1256060">
    <ele>840.8</ele>
   </trkpt>
   <trkpt lat="40.6142620" lon="-3.1257360">
    <ele>840.0</ele>
   </trkpt>
   <trkpt lat="40.6141890" lon="-3.1258640">
    <ele>839.2</ele>
   </trkpt>
   <trkpt lat="40.6141200" lon="-3.1259980">
    <ele>838.2</ele>
   </trkpt>
   <trkpt lat="40.6140480" lon="-3.1261290">
    <ele>837.4</ele>
   </trkpt>
   <trkpt lat="40.6139790" lon="-3.1262580">
    <ele>836.6</ele>
   </trkpt>
   <trkpt lat="40.6139220" lon="-3.1263890">
    <ele>835.8</ele>
   </trkpt>
   <trkpt lat="40.6138610" lon="-3.1265210">
    <ele>835.0</ele>
   </trkpt>
   <trkpt lat="40.6138040" lon="-3.1266570">
    <ele>834.2</ele>
   </trkpt>
   <trkpt lat="40.6137470" lon="-3.1267950">
    <ele>833.4</ele>
   </trkpt>
   <trkpt lat="40.6136970" lon="-3.1269300">
    <ele>832.6</ele>
   </trkpt>
   <trkpt lat="40.6136510" lon="-3.1270610">
    <ele>832.2</ele>
   </trkpt>
   <trkpt lat="40.6136050" lon="-3.1271940">
    <ele>831.8</ele>
   </trkpt>
   <trkpt lat="40.6135560" lon="-3.1273270">
    <ele>831.2</ele>
   </trkpt>
   <trkpt lat="40.6135100" lon="-3.1274580">
    <ele>830.2</ele>
   </trkpt>
   <trkpt lat="40.6134640" lon="-3.1275890">
    <ele>829.4</ele>
   </trkpt>
   <trkpt lat="40.6134190" lon="-3.1277170">
    <ele>828.8</ele>
   </trkpt>
   <trkpt lat="40.6133690" lon="-3.1278540">
    <ele>828.2</ele>
   </trkpt>
   <trkpt lat="40.6133230" lon="-3.1279870">
    <ele>827.6</ele>
   </trkpt>
   <trkpt lat="40.6132770" lon="-3.1281150">
    <ele>827.2</ele>
   </trkpt>
   <trkpt lat="40.6132390" lon="-3.1282240">
    <ele>826.4</ele>
   </trkpt>
   <trkpt lat="40.6131900" lon="-3.1283800">
    <ele>825.8</ele>
   </trkpt>
   <trkpt lat="40.6131480" lon="-3.1285150">
    <ele>825.0</ele>
   </trkpt>
   <trkpt lat="40.6131020" lon="-3.1286520">
    <ele>824.6</ele>
   </trkpt>
   <trkpt lat="40.6130520" lon="-3.1287910">
    <ele>823.8</ele>
   </trkpt>
   <trkpt lat="40.6130030" lon="-3.1289260">
    <ele>823.2</ele>
   </trkpt>
   <trkpt lat="40.6129650" lon="-3.1290620">
    <ele>822.2</ele>
   </trkpt>
   <trkpt lat="40.6129260" lon="-3.1292000">
    <ele>821.6</ele>
   </trkpt>
   <trkpt lat="40.6128960" lon="-3.1293430">
    <ele>820.8</ele>
   </trkpt>
   <trkpt lat="40.6128650" lon="-3.1294850">
    <ele>820.2</ele>
   </trkpt>
   <trkpt lat="40.6128350" lon="-3.1296270">
    <ele>819.6</ele>
   </trkpt>
   <trkpt lat="40.6128160" lon="-3.1297680">
    <ele>818.8</ele>
   </trkpt>
   <trkpt lat="40.6127970" lon="-3.1299080">
    <ele>818.0</ele>
   </trkpt>
   <trkpt lat="40.6127820" lon="-3.1300470">
    <ele>817.4</ele>
   </trkpt>
   <trkpt lat="40.6127590" lon="-3.1301880">
    <ele>816.6</ele>
   </trkpt>
   <trkpt lat="40.6127400" lon="-3.1303270">
    <ele>816.0</ele>
   </trkpt>
   <trkpt lat="40.6127170" lon="-3.1304680">
    <ele>815.2</ele>
   </trkpt>
   <trkpt lat="40.6126980" lon="-3.1306090">
    <ele>814.8</ele>
   </trkpt>
   <trkpt lat="40.6126790" lon="-3.1307280">
    <ele>814.0</ele>
   </trkpt>
   <trkpt lat="40.6126480" lon="-3.1308980">
    <ele>813.4</ele>
   </trkpt>
   <trkpt lat="40.6126330" lon="-3.1310390">
    <ele>812.8</ele>
   </trkpt>
   <trkpt lat="40.6126140" lon="-3.1311740">
    <ele>812.2</ele>
   </trkpt>
   <trkpt lat="40.6126020" lon="-3.1312910">
    <ele>811.6</ele>
   </trkpt>
   <trkpt lat="40.6125790" lon="-3.1314330">
    <ele>811.0</ele>
   </trkpt>
   <trkpt lat="40.6125560" lon="-3.1315980">
    <ele>810.4</ele>
   </trkpt>
   <trkpt lat="40.6125450" lon="-3.1317500">
    <ele>810.0</ele>
   </trkpt>
   <trkpt lat="40.6125370" lon="-3.1318980">
    <ele>809.4</ele>
   </trkpt>
   <trkpt lat="40.6125340" lon="-3.1320450">
    <ele>809.0</ele>
   </trkpt>
   <trkpt lat="40.6125340" lon="-3.1321880">
    <ele>808.4</ele>
   </trkpt>
   <trkpt lat="40.6125340" lon="-3.1323330">
    <ele>808.0</ele>
   </trkpt>
   <trkpt lat="40.6125340" lon="-3.1324730">
    <ele>807.6</ele>
   </trkpt>
   <trkpt lat="40.6125340" lon="-3.1325920">
    <ele>806.8</ele>
   </trkpt>
   <trkpt lat="40.6125340" lon="-3.1327410">
    <ele>806.0</ele>
   </trkpt>
   <trkpt lat="40.6125340" lon="-3.1329130">
    <ele>805.6</ele>
   </trkpt>
   <trkpt lat="40.6125340" lon="-3.1330600">
    <ele>804.8</ele>
   </trkpt>
   <trkpt lat="40.6125340" lon="-3.1332080">
    <ele>804.0</ele>
   </trkpt>
   <trkpt lat="40.6125410" lon="-3.1333550">
    <ele>803.4</ele>
   </trkpt>
   <trkpt lat="40.6125600" lon="-3.1335030">
    <ele>802.8</ele>
   </trkpt>
   <trkpt lat="40.6125790" lon="-3.1336490">
    <ele>802.0</ele>
   </trkpt>
   <trkpt lat="40.6126100" lon="-3.1337900">
    <ele>801.6</ele>
   </trkpt>
   <trkpt lat="40.6126370" lon="-3.1339050">
    <ele>801.0</ele>
   </trkpt>
   <trkpt lat="40.6126790" lon="-3.1340470">
    <ele>800.4</ele>
   </trkpt>
   <trkpt lat="40.6127320" lon="-3.1342050">
    <ele>799.8</ele>
   </trkpt>
   <trkpt lat="40.6127780" lon="-3.1343360">
    <ele>799.2</ele>
   </trkpt>
   <trkpt lat="40.6128120" lon="-3.1344450">
    <ele>798.6</ele>
   </trkpt>
   <trkpt lat="40.6128540" lon="-3.1345780">
    <ele>798.2</ele>
   </trkpt>
   <trkpt lat="40.6129000" lon="-3.1347080">
    <ele>797.6</ele>
   </trkpt>
   <trkpt lat="40.6129420" lon="-3.1348400">
    <ele>797.0</ele>
   </trkpt>
   <trkpt lat="40.6129840" lon="-3.1349690">
    <ele>796.4</ele>
   </trkpt>
   <trkpt lat="40.6130260" lon="-3.1350960">
    <ele>795.6</ele>
   </trkpt>
   <trkpt lat="40.6130640" lon="-3.1352220">
    <ele>795.0</ele>
   </trkpt>
   <trkpt lat="40.6131100" lon="-3.1353460">
    <ele>794.6</ele>
   </trkpt>
   <trkpt lat="40.6131590" lon="-3.1354890">
    <ele>794.2</ele>
   </trkpt>
   <trkpt lat="40.6131970" lon="-3.1356070">
    <ele>793.8</ele>
   </trkpt>
   <trkpt lat="40.6132320" lon="-3.1357030">
    <ele>793.4</ele>
   </trkpt>
   <trkpt lat="40.6132770" lon="-3.1358250">
    <ele>793.0</ele>
   </trkpt>
   <trkpt lat="40.6133230" lon="-3.1359430">
    <ele>792.6</ele>
   </trkpt>
   <trkpt lat="40.6133690" lon="-3.1360610">
    <ele>792.0</ele>
   </trkpt>
   <trkpt lat="40.6134260" lon="-3.1361990">
    <ele>791.4</ele>
   </trkpt>
   <trkpt lat="40.6134760" lon="-3.1363140">
    <ele>791.0</ele>
   </trkpt>
   <trkpt lat="40.6135250" lon="-3.1364270">
    <ele>790.4</ele>
   </trkpt>
   <trkpt lat="40.6135710" lon="-3.1365250">
    <ele>790.0</ele>
   </trkpt>
   <trkpt lat="40.6136320" lon="-3.1366670">
    <ele>789.4</ele>
   </trkpt>
   <trkpt lat="40.6136820" lon="-3.1367870">
    <ele>788.6</ele>
   </trkpt>
   <trkpt lat="40.6137200" lon="-3.1368890">
    <ele>788.0</ele>
   </trkpt>
   <trkpt lat="40.6137660" lon="-3.1370140">
    <ele>787.2</ele>
   </trkpt>
   <trkpt lat="40.6138190" lon="-3.1371350">
    <ele>786.6</ele>
   </trkpt>
   <trkpt lat="40.6138730" lon="-3.1372580">
    <ele>786.0</ele>
   </trkpt>
   <trkpt lat="40.6139260" lon="-3.1373980">
    <ele>785.6</ele>
   </trkpt>
   <trkpt lat="40.6139720" lon="-3.1375130">
    <ele>785.2</ele>
   </trkpt>
   <trkpt lat="40.6140100" lon="-3.1376090">
    <ele>784.8</ele>
   </trkpt>
   <trkpt lat="40.6140560" lon="-3.1377280">
    <ele>784.4</ele>
   </trkpt>
   <trkpt lat="40.6141090" lon="-3.1378610">
    <ele>784.0</ele>
   </trkpt>
   <trkpt lat="40.6141550" lon="-3.1379740">
    <ele>783.8</ele>
   </trkpt>
   <trkpt lat="40.6141890" lon="-3.1380680">
    <ele>783.4</ele>
   </trkpt>
   <trkpt lat="40.6142390" lon="-3.1381850">
    <ele>783.2</ele>
   </trkpt>
   <trkpt lat="40.6142810" lon="-3.1382620">
    <ele>782.8</ele>
   </trkpt>
   <trkpt lat="40.6143230" lon="-3.1383030">
    <ele>782.6</ele>
   </trkpt>
   <trkpt lat="40.6143880" lon="-3.1383340">
    <ele>782.4</ele>
   </trkpt>
   <trkpt lat="40.6144450" lon="-3.1383160">
    <ele>782.2</ele>
   </trkpt>
   <trkpt lat="40.6145320" lon="-3.1382770">
    <ele>782.4</ele>
   </trkpt>
   <trkpt lat="40.6146090" lon="-3.1382260">
    <ele>782.6</ele>
   </trkpt>
   <trkpt lat="40.6146700" lon="-3.1381530">
    <ele>783.0</ele>
   </trkpt>
   <trkpt lat="40.6147080" lon="-3.1380800">
    <ele>783.2</ele>
   </trkpt>
   <trkpt lat="40.6147540" lon="-3.1379900">
    <ele>783.2</ele>
   </trkpt>
   <trkpt lat="40.6147990" lon="-3.1379060">
    <ele>783.4</ele>
   </trkpt>
   <trkpt lat="40.6148530" lon="-3.1378370">
    <ele>783.4</ele>
   </trkpt>
   <trkpt lat="40.6149140" lon="-3.1377930">
    <ele>783.4</ele>
   </trkpt>
   <trkpt lat="40.6149790" lon="-3.1377800">
    <ele>783.4</ele>
   </trkpt>
   <trkpt lat="40.6150360" lon="-3.1377960">
    <ele>783.4</ele>
   </trkpt>
   <trkpt lat="40.6150930" lon="-3.1378370">
    <ele>783.4</ele>
   </trkpt>
   <trkpt lat="40.6151540" lon="-3.1378710">
    <ele>783.6</ele>
   </trkpt>
   <trkpt lat="40.6152110" lon="-3.1379010">
    <ele>783.6</ele>
   </trkpt>
   <trkpt lat="40.6152690" lon="-3.1379270">
    <ele>783.6</ele>
   </trkpt>
   <trkpt lat="40.6153180" lon="-3.1379680">
    <ele>783.6</ele>
   </trkpt>
   <trkpt lat="40.6153600" lon="-3.1380370">
    <ele>783.8</ele>
   </trkpt>
   <trkpt lat="40.6153790" lon="-3.1381110">
    <ele>783.6</ele>
   </trkpt>
   <trkpt lat="40.6153830" lon="-3.1381900">
    <ele>783.6</ele>
   </trkpt>
   <trkpt lat="40.6153830" lon="-3.1382620">
    <ele>783.2</ele>
   </trkpt>
   <trkpt lat="40.6153870" lon="-3.1383620">
    <ele>782.8</ele>
   </trkpt>
   <trkpt lat="40.6153950" lon="-3.1384530">
    <ele>782.0</ele>
   </trkpt>
   <trkpt lat="40.6154100" lon="-3.1385500">
    <ele>781.6</ele>
   </trkpt>
   <trkpt lat="40.6154290" lon="-3.1386460">
    <ele>781.0</ele>
   </trkpt>
   <trkpt lat="40.6154520" lon="-3.1387290">
    <ele>780.4</ele>
   </trkpt>
   <trkpt lat="40.6154790" lon="-3.1388480">
    <ele>779.8</ele>
   </trkpt>
   <trkpt lat="40.6155090" lon="-3.1389500">
    <ele>779.2</ele>
   </trkpt>
   <trkpt lat="40.6155320" lon="-3.1390340">
    <ele>778.8</ele>
   </trkpt>
   <trkpt lat="40.6155590" lon="-3.1391330">
    <ele>778.6</ele>
   </trkpt>
   <trkpt lat="40.6155970" lon="-3.1392320">
    <ele>778.2</ele>
   </trkpt>
   <trkpt lat="40.6156310" lon="-3.1393320">
    <ele>777.8</ele>
   </trkpt>
   <trkpt lat="40.6156620" lon="-3.1394330">
    <ele>777.6</ele>
   </trkpt>
   <trkpt lat="40.6157040" lon="-3.1395440">
    <ele>777.4</ele>
   </trkpt>
   <trkpt lat="40.6157380" lon="-3.1396130">
    <ele>777.2</ele>
   </trkpt>
   <trkpt lat="40.6157840" lon="-3.1396940">
    <ele>776.8</ele>
   </trkpt>
   <trkpt lat="40.6158370" lon="-3.1397850">
    <ele>776.4</ele>
   </trkpt>
   <trkpt lat="40.6158830" lon="-3.1398710">
    <ele>775.8</ele>
   </trkpt>
   <trkpt lat="40.6159130" lon="-3.1399660">
    <ele>775.4</ele>
   </trkpt>
   <trkpt lat="40.6159210" lon="-3.1400520">
    <ele>775.0</ele>
   </trkpt>
   <trkpt lat="40.6159210" lon="-3.1401690">
    <ele>774.6</ele>
   </trkpt>
   <trkpt lat="40.6159100" lon="-3.1402480">
    <ele>774.4</ele>
   </trkpt>
   <trkpt lat="40.6158980" lon="-3.1403410">
    <ele>774.0</ele>
   </trkpt>
   <trkpt lat="40.6158900" lon="-3.1404280">
    <ele>773.6</ele>
   </trkpt>
   <trkpt lat="40.6158980" lon="-3.1405080">
    <ele>773.2</ele>
   </trkpt>
   <trkpt lat="40.6159210" lon="-3.1405970">
    <ele>773.0</ele>
   </trkpt>
   <trkpt lat="40.6159590" lon="-3.1406660">
    <ele>772.6</ele>
   </trkpt>
   <trkpt lat="40.6160090" lon="-3.1407210">
    <ele>772.2</ele>
   </trkpt>
   <trkpt lat="40.6160550" lon="-3.1407660">
    <ele>771.8</ele>
   </trkpt>
   <trkpt lat="40.6161190" lon="-3.1408190">
    <ele>771.2</ele>
   </trkpt>
   <trkpt lat="40.6161840" lon="-3.1408710">
    <ele>771.0</ele>
   </trkpt>
   <trkpt lat="40.6162450" lon="-3.1409250">
    <ele>770.6</ele>
   </trkpt>
   <trkpt lat="40.6163100" lon="-3.1409810">
    <ele>770.2</ele>
   </trkpt>
   <trkpt lat="40.6163670" lon="-3.1410380">
    <ele>769.8</ele>
   </trkpt>
   <trkpt lat="40.6164360" lon="-3.1411140">
    <ele>769.6</ele>
   </trkpt>
   <trkpt lat="40.6164890" lon="-3.1411800">
    <ele>769.2</ele>
   </trkpt>
   <trkpt lat="40.6165310" lon="-3.1412450">
    <ele>768.8</ele>
   </trkpt>
   <trkpt lat="40.6165810" lon="-3.1413290">
    <ele>768.2</ele>
   </trkpt>
   <trkpt lat="40.6166380" lon="-3.1414210">
    <ele>767.8</ele>
   </trkpt>
   <trkpt lat="40.6167070" lon="-3.1415250">
    <ele>767.4</ele>
   </trkpt>
   <trkpt lat="40.6167640" lon="-3.1416180">
    <ele>766.8</ele>
   </trkpt>
   <trkpt lat="40.6168170" lon="-3.1417070">
    <ele>766.2</ele>
   </trkpt>
   <trkpt lat="40.6168630" lon="-3.1417820">
    <ele>765.6</ele>
   </trkpt>
   <trkpt lat="40.6169280" lon="-3.1418900">
    <ele>765.2</ele>
   </trkpt>
   <trkpt lat="40.6169850" lon="-3.1419760">
    <ele>764.8</ele>
   </trkpt>
   <trkpt lat="40.6170310" lon="-3.1420470">
    <ele>764.4</ele>
   </trkpt>
   <trkpt lat="40.6170840" lon="-3.1421290">
    <ele>764.0</ele>
   </trkpt>
   <trkpt lat="40.6171420" lon="-3.1422160">
    <ele>763.6</ele>
   </trkpt>
   <trkpt lat="40.6172030" lon="-3.1423180">
    <ele>763.4</ele>
   </trkpt>
   <trkpt lat="40.6172600" lon="-3.1424060">
    <ele>763.2</ele>
   </trkpt>
   <trkpt lat="40.6173170" lon="-3.1424850">
    <ele>763.0</ele>
   </trkpt>
   <trkpt lat="40.6173590" lon="-3.1425500">
    <ele>762.8</ele>
   </trkpt>
   <trkpt lat="40.6174200" lon="-3.1426240">
    <ele>762.6</ele>
   </trkpt>
   <trkpt lat="40.6174850" lon="-3.1426950">
    <ele>762.2</ele>
   </trkpt>
   <trkpt lat="40.6175570" lon="-3.1427720">
    <ele>761.8</ele>
   </trkpt>
   <trkpt lat="40.6176150" lon="-3.1428220">
    <ele>761.4</ele>
   </trkpt>
   <trkpt lat="40.6176870" lon="-3.1428840">
    <ele>761.0</ele>
   </trkpt>
   <trkpt lat="40.6177670" lon="-3.1429600">
    <ele>760.8</ele>
   </trkpt>
   <trkpt lat="40.6178320" lon="-3.1430190">
    <ele>760.4</ele>
   </trkpt>
   <trkpt lat="40.6178890" lon="-3.1430690">
    <ele>760.2</ele>
   </trkpt>
   <trkpt lat="40.6179620" lon="-3.1431330">
    <ele>760.0</ele>
   </trkpt>
   <trkpt lat="40.6180190" lon="-3.1431760">
    <ele>759.8</ele>
   </trkpt>
   <trkpt lat="40.6181030" lon="-3.1432300">
    <ele>759.6</ele>
   </trkpt>
   <trkpt lat="40.6181790" lon="-3.1432710">
    <ele>759.4</ele>
   </trkpt>
   <trkpt lat="40.6182590" lon="-3.1433100">
    <ele>759.4</ele>
   </trkpt>
   <trkpt lat="40.6183360" lon="-3.1433450">
    <ele>759.0</ele>
   </trkpt>
   <trkpt lat="40.6184120" lon="-3.1433850">
    <ele>758.8</ele>
   </trkpt>
   <trkpt lat="40.6184850" lon="-3.1434310">
    <ele>758.6</ele>
   </trkpt>
   <trkpt lat="40.6185570" lon="-3.1434830">
    <ele>758.6</ele>
   </trkpt>
   <trkpt lat="40.6186220" lon="-3.1435410">
    <ele>758.6</ele>
   </trkpt>
   <trkpt lat="40.6186680" lon="-3.1435920">
    <ele>758.6</ele>
   </trkpt>
   <trkpt lat="40.6187250" lon="-3.1436610">
    <ele>758.4</ele>
   </trkpt>
   <trkpt lat="40.6187740" lon="-3.1437320">
    <ele>758.4</ele>
   </trkpt>
   <trkpt lat="40.6188200" lon="-3.1438070">
    <ele>758.2</ele>
   </trkpt>
   <trkpt lat="40.6188660" lon="-3.1438790">
    <ele>758.0</ele>
   </trkpt>
   <trkpt lat="40.6189160" lon="-3.1439480">
    <ele>757.8</ele>
   </trkpt>
   <trkpt lat="40.6189730" lon="-3.1440240">
    <ele>757.8</ele>
   </trkpt>
   <trkpt lat="40.6190220" lon="-3.1440760">
    <ele>757.8</ele>
   </trkpt>
   <trkpt lat="40.6190680" lon="-3.1441060">
    <ele>757.6</ele>
   </trkpt>
   <trkpt lat="40.6191290" lon="-3.1441460">
    <ele>757.6</ele>
   </trkpt>
   <trkpt lat="40.6191980" lon="-3.1441950">
    <ele>757.4</ele>
   </trkpt>
   <trkpt lat="40.6192360" lon="-3.1442360">
    <ele>757.4</ele>
   </trkpt>
   <trkpt lat="40.6192890" lon="-3.1442890">
    <ele>757.2</ele>
   </trkpt>
   <trkpt lat="40.6193390" lon="-3.1443360">
    <ele>757.2</ele>
   </trkpt>
   <trkpt lat="40.6193850" lon="-3.1443750">
    <ele>757.2</ele>
   </trkpt>
   <trkpt lat="40.6194420" lon="-3.1444230">
    <ele>757.2</ele>
   </trkpt>
   <trkpt lat="40.6194800" lon="-3.1444620">
    <ele>757.2</ele>
   </trkpt>
   <trkpt lat="40.6195260" lon="-3.1445090">
    <ele>757.0</ele>
   </trkpt>
   <trkpt lat="40.6195720" lon="-3.1445570">
    <ele>756.8</ele>
   </trkpt>
   <trkpt lat="40.6196290" lon="-3.1446110">
    <ele>756.4</ele>
   </trkpt>
   <trkpt lat="40.6196710" lon="-3.1446490">
    <ele>756.0</ele>
   </trkpt>
   <trkpt lat="40.6197240" lon="-3.1446970">
    <ele>755.6</ele>
   </trkpt>
   <trkpt lat="40.6197780" lon="-3.1447480">
    <ele>755.0</ele>
   </trkpt>
   <trkpt lat="40.6198390" lon="-3.1447930">
    <ele>754.8</ele>
   </trkpt>
   <trkpt lat="40.6198920" lon="-3.1448360">
    <ele>754.6</ele>
   </trkpt>
   <trkpt lat="40.6199420" lon="-3.1448920">
    <ele>754.0</ele>
   </trkpt>
   <trkpt lat="40.6199840" lon="-3.1449660">
    <ele>753.6</ele>
   </trkpt>
   <trkpt lat="40.6200260" lon="-3.1450430">
    <ele>753.0</ele>
   </trkpt>
   <trkpt lat="40.6200750" lon="-3.1451190">
    <ele>752.6</ele>
   </trkpt>
   <trkpt lat="40.6201210" lon="-3.1451880">
    <ele>752.0</ele>
   </trkpt>
   <trkpt lat="40.6201780" lon="-3.1452530">
    <ele>751.6</ele>
   </trkpt>
   <trkpt lat="40.6202430" lon="-3.1453110">
    <ele>751.0</ele>
   </trkpt>
   <trkpt lat="40.6203120" lon="-3.1453660">
    <ele>750.4</ele>
   </trkpt>
   <trkpt lat="40.6203800" lon="-3.1454150">
    <ele>750.0</ele>
   </trkpt>
   <trkpt lat="40.6204530" lon="-3.1454580">
    <ele>749.6</ele>
   </trkpt>
   <trkpt lat="40.6205250" lon="-3.1455000">
    <ele>749.0</ele>
   </trkpt>
   <trkpt lat="40.6206020" lon="-3.1455410">
    <ele>748.4</ele>
   </trkpt>
   <trkpt lat="40.6206780" lon="-3.1455810">
    <ele>748.2</ele>
   </trkpt>
   <trkpt lat="40.6207500" lon="-3.1456260">
    <ele>748.0</ele>
   </trkpt>
   <trkpt lat="40.6208270" lon="-3.1456690">
    <ele>747.8</ele>
   </trkpt>
   <trkpt lat="40.6208950" lon="-3.1457090">
    <ele>747.8</ele>
   </trkpt>
   <trkpt lat="40.6209640" lon="-3.1457450">
    <ele>747.8</ele>
   </trkpt>
   <trkpt lat="40.6210330" lon="-3.1457770">
    <ele>747.6</ele>
   </trkpt>
   <trkpt lat="40.6211050" lon="-3.1458030">
    <ele>747.4</ele>
   </trkpt>
   <trkpt lat="40.6211740" lon="-3.1458170">
    <ele>747.2</ele>
   </trkpt>
   <trkpt lat="40.6212500" lon="-3.1458180">
    <ele>747.2</ele>
   </trkpt>
   <trkpt lat="40.6213230" lon="-3.1458200">
    <ele>747.0</ele>
   </trkpt>
   <trkpt lat="40.6213950" lon="-3.1458180">
    <ele>747.0</ele>
   </trkpt>
   <trkpt lat="40.6214640" lon="-3.1458180">
    <ele>747.0</ele>
   </trkpt>
   <trkpt lat="40.6215320" lon="-3.1458180">
    <ele>746.8</ele>
   </trkpt>
   <trkpt lat="40.6216050" lon="-3.1458200">
    <ele>746.8</ele>
   </trkpt>
   <trkpt lat="40.6216740" lon="-3.1458230">
    <ele>746.6</ele>
   </trkpt>
   <trkpt lat="40.6217420" lon="-3.1458290">
    <ele>746.6</ele>
   </trkpt>
   <trkpt lat="40.6218180" lon="-3.1458390">
    <ele>746.4</ele>
   </trkpt>
   <trkpt lat="40.6218870" lon="-3.1458490">
    <ele>746.4</ele>
   </trkpt>
   <trkpt lat="40.6219600" lon="-3.1458690">
    <ele>746.2</ele>
   </trkpt>
   <trkpt lat="40.6220360" lon="-3.1459030">
    <ele>746.0</ele>
   </trkpt>
   <trkpt lat="40.6220860" lon="-3.1459400">
    <ele>745.8</ele>
   </trkpt>
   <trkpt lat="40.6221430" lon="-3.1459970">
    <ele>745.6</ele>
   </trkpt>
   <trkpt lat="40.6221960" lon="-3.1460570">
    <ele>745.4</ele>
   </trkpt>
   <trkpt lat="40.6222570" lon="-3.1461130">
    <ele>745.2</ele>
   </trkpt>
   <trkpt lat="40.6223140" lon="-3.1461660">
    <ele>745.0</ele>
   </trkpt>
   <trkpt lat="40.6223870" lon="-3.1462340">
    <ele>744.8</ele>
   </trkpt>
   <trkpt lat="40.6224290" lon="-3.1462820">
    <ele>744.6</ele>
   </trkpt>
   <trkpt lat="40.6224860" lon="-3.1463390">
    <ele>744.4</ele>
   </trkpt>
   <trkpt lat="40.6225470" lon="-3.1463950">
    <ele>744.0</ele>
   </trkpt>
   <trkpt lat="40.6226080" lon="-3.1464480">
    <ele>743.8</ele>
   </trkpt>
   <trkpt lat="40.6226730" lon="-3.1464990">
    <ele>743.6</ele>
   </trkpt>
   <trkpt lat="40.6227340" lon="-3.1465520">
    <ele>743.6</ele>
   </trkpt>
   <trkpt lat="40.6227910" lon="-3.1466070">
    <ele>743.4</ele>
   </trkpt>
   <trkpt lat="40.6228370" lon="-3.1466760">
    <ele>743.2</ele>
   </trkpt>
   <trkpt lat="40.6228710" lon="-3.1467510">
    <ele>743.0</ele>
   </trkpt>
   <trkpt lat="40.6229020" lon="-3.1468330">
    <ele>742.6</ele>
   </trkpt>
   <trkpt lat="40.6229290" lon="-3.1469190">
    <ele>742.2</ele>
   </trkpt>
   <trkpt lat="40.6229550" lon="-3.1470020">
    <ele>742.0</ele>
   </trkpt>
   <trkpt lat="40.6229900" lon="-3.1470830">
    <ele>741.8</ele>
   </trkpt>
   <trkpt lat="40.6230240" lon="-3.1471710">
    <ele>741.6</ele>
   </trkpt>
   <trkpt lat="40.6230510" lon="-3.1472300">
    <ele>741.6</ele>
   </trkpt>
   <trkpt lat="40.6230890" lon="-3.1473000">
    <ele>741.4</ele>
   </trkpt>
   <trkpt lat="40.6231310" lon="-3.1473670">
    <ele>741.0</ele>
   </trkpt>
   <trkpt lat="40.6231770" lon="-3.1474350">
    <ele>740.6</ele>
   </trkpt>
   <trkpt lat="40.6232220" lon="-3.1475040">
    <ele>740.2</ele>
   </trkpt>
   <trkpt lat="40.6232720" lon="-3.1475760">
    <ele>739.8</ele>
   </trkpt>
   <trkpt lat="40.6233250" lon="-3.1476520">
    <ele>739.0</ele>
   </trkpt>
   <trkpt lat="40.6233790" lon="-3.1477340">
    <ele>738.6</ele>
   </trkpt>
   <trkpt lat="40.6234400" lon="-3.1478280">
    <ele>738.0</ele>
   </trkpt>
   <trkpt lat="40.6234860" lon="-3.1478860">
    <ele>737.6</ele>
   </trkpt>
   <trkpt lat="40.6235390" lon="-3.1479620">
    <ele>737.2</ele>
   </trkpt>
   <trkpt lat="40.6235920" lon="-3.1480380">
    <ele>737.0</ele>
   </trkpt>
   <trkpt lat="40.6236460" lon="-3.1481140">
    <ele>736.6</ele>
   </trkpt>
   <trkpt lat="40.6236950" lon="-3.1481870">
    <ele>736.4</ele>
   </trkpt>
   <trkpt lat="40.6237450" lon="-3.1482540">
    <ele>736.2</ele>
   </trkpt>
   <trkpt lat="40.6237910" lon="-3.1483290">
    <ele>735.8</ele>
   </trkpt>
   <trkpt lat="40.6238330" lon="-3.1483960">
    <ele>735.8</ele>
   </trkpt>
   <trkpt lat="40.6238710" lon="-3.1484560">
    <ele>735.8</ele>
   </trkpt>
   <trkpt lat="40.6239090" lon="-3.1485290">
    <ele>735.6</ele>
   </trkpt>
   <trkpt lat="40.6239470" lon="-3.1485880">
    <ele>735.6</ele>
   </trkpt>
   <trkpt lat="40.6239850" lon="-3.1486480">
    <ele>735.6</ele>
   </trkpt>
   <trkpt lat="40.6240310" lon="-3.1486980">
    <ele>735.6</ele>
   </trkpt>
   <trkpt lat="40.6240810" lon="-3.1487420">
    <ele>735.8</ele>
   </trkpt>
   <trkpt lat="40.6241340" lon="-3.1487780">
    <ele>735.8</ele>
   </trkpt>
   <trkpt lat="40.6241950" lon="-3.1488060">
    <ele>735.6</ele>
   </trkpt>
   <trkpt lat="40.6242560" lon="-3.1488340">
    <ele>735.4</ele>
   </trkpt>
   <trkpt lat="40.6243170" lon="-3.1488620">
    <ele>735.2</ele>
   </trkpt>
   <trkpt lat="40.6243900" lon="-3.1488980">
    <ele>735.0</ele>
   </trkpt>
   <trkpt lat="40.6244470" lon="-3.1489250">
    <ele>734.8</ele>
   </trkpt>
   <trkpt lat="40.6245120" lon="-3.1489580">
    <ele>734.4</ele>
   </trkpt>
   <trkpt lat="40.6245840" lon="-3.1489860">
    <ele>734.0</ele>
   </trkpt>
   <trkpt lat="40.6246530" lon="-3.1490160">
    <ele>733.8</ele>
   </trkpt>
   <trkpt lat="40.6247250" lon="-3.1490480">
    <ele>733.4</ele>
   </trkpt>
   <trkpt lat="40.6248050" lon="-3.1490820">
    <ele>733.2</ele>
   </trkpt>
   <trkpt lat="40.6248630" lon="-3.1491050">
    <ele>732.8</ele>
   </trkpt>
   <trkpt lat="40.6249350" lon="-3.1491350">
    <ele>732.4</ele>
   </trkpt>
   <trkpt lat="40.6250040" lon="-3.1491690">
    <ele>732.0</ele>
   </trkpt>
   <trkpt lat="40.6250720" lon="-3.1492160">
    <ele>731.6</ele>
   </trkpt>
   <trkpt lat="40.6251300" lon="-3.1492830">
    <ele>731.2</ele>
   </trkpt>
   <trkpt lat="40.6251750" lon="-3.1493590">
    <ele>731.0</ele>
   </trkpt>
   <trkpt lat="40.6252060" lon="-3.1494300">
    <ele>730.8</ele>
   </trkpt>
   <trkpt lat="40.6252360" lon="-3.1494920">
    <ele>730.6</ele>
   </trkpt>
   <trkpt lat="40.6252900" lon="-3.1495410">
    <ele>730.4</ele>
   </trkpt>
   <trkpt lat="40.6253550" lon="-3.1495850">
    <ele>730.2</ele>
   </trkpt>
   <trkpt lat="40.6254080" lon="-3.1496170">
    <ele>730.2</ele>
   </trkpt>
   <trkpt lat="40.6254770" lon="-3.1496710">
    <ele>730.0</ele>
   </trkpt>
   <trkpt lat="40.6255150" lon="-3.1497260">
    <ele>729.8</ele>
   </trkpt>
   <trkpt lat="40.6255460" lon="-3.1498070">
    <ele>729.8</ele>
   </trkpt>
   <trkpt lat="40.6255610" lon="-3.1499010">
    <ele>729.6</ele>
   </trkpt>
   <trkpt lat="40.6255610" lon="-3.1499960">
    <ele>729.6</ele>
   </trkpt>
   <trkpt lat="40.6255530" lon="-3.1500920">
    <ele>729.4</ele>
   </trkpt>
   <trkpt lat="40.6255460" lon="-3.1501930">
    <ele>729.4</ele>
   </trkpt>
   <trkpt lat="40.6255530" lon="-3.1502640">
    <ele>729.0</ele>
   </trkpt>
   <trkpt lat="40.6255720" lon="-3.1503570">
    <ele>728.8</ele>
   </trkpt>
   <trkpt lat="40.6255910" lon="-3.1504530">
    <ele>728.2</ele>
   </trkpt>
   <trkpt lat="40.6256220" lon="-3.1505430">
    <ele>727.8</ele>
   </trkpt>
   <trkpt lat="40.6256520" lon="-3.1506290">
    <ele>727.6</ele>
   </trkpt>
   <trkpt lat="40.6256750" lon="-3.1507140">
    <ele>727.4</ele>
   </trkpt>
   <trkpt lat="40.6256980" lon="-3.1507680">
    <ele>727.4</ele>
   </trkpt>
   <trkpt lat="40.6257210" lon="-3.1508190">
    <ele>727.4</ele>
   </trkpt>
   <trkpt lat="40.6257360" lon="-3.1508470">
    <ele>727.6</ele>
   </trkpt>
   <trkpt lat="40.6257480" lon="-3.1508710">
    <ele>727.6</ele>
   </trkpt>
   <trkpt lat="40.6257550" lon="-3.1509020">
    <ele>727.6</ele>
   </trkpt>
   <trkpt lat="40.6257510" lon="-3.1509390">
    <ele>727.6</ele>
   </trkpt>
   <trkpt lat="40.6257290" lon="-3.1509780">
    <ele>727.6</ele>
   </trkpt>
   <trkpt lat="40.6256870" lon="-3.1510250">
    <ele>727.8</ele>
   </trkpt>
   <trkpt lat="40.6256520" lon="-3.1510590">
    <ele>727.8</ele>
   </trkpt>
   <trkpt lat="40.6256030" lon="-3.1510990">
    <ele>728.0</ele>
   </trkpt>
   <trkpt lat="40.6255490" lon="-3.1511460">
    <ele>728.0</ele>
   </trkpt>
   <trkpt lat="40.6255110" lon="-3.1511810">
    <ele>728.2</ele>
   </trkpt>
   <trkpt lat="40.6254650" lon="-3.1512200">
    <ele>728.4</ele>
   </trkpt>
   <trkpt lat="40.6254200" lon="-3.1512590">
    <ele>728.6</ele>
   </trkpt>
   <trkpt lat="40.6253780" lon="-3.1512990">
    <ele>728.8</ele>
   </trkpt>
   <trkpt lat="40.6253360" lon="-3.1513370">
    <ele>729.0</ele>
   </trkpt>
   <trkpt lat="40.6252940" lon="-3.1513740">
    <ele>729.2</ele>
   </trkpt>
   <trkpt lat="40.6252520" lon="-3.1514120">
    <ele>729.6</ele>
   </trkpt>
   <trkpt lat="40.6252140" lon="-3.1514470">
    <ele>729.8</ele>
   </trkpt>
   <trkpt lat="40.6251720" lon="-3.1514840">
    <ele>730.0</ele>
   </trkpt>
   <trkpt lat="40.6251340" lon="-3.1515200">
    <ele>730.2</ele>
   </trkpt>
   <trkpt lat="40.6250950" lon="-3.1515570">
    <ele>730.6</ele>
   </trkpt>
   <trkpt lat="40.6250570" lon="-3.1515920">
    <ele>730.8</ele>
   </trkpt>
   <trkpt lat="40.6250190" lon="-3.1516280">
    <ele>731.0</ele>
   </trkpt>
   <trkpt lat="40.6249810" lon="-3.1516720">
    <ele>731.2</ele>
   </trkpt>
   <trkpt lat="40.6249620" lon="-3.1517060">
    <ele>731.2</ele>
   </trkpt>
   <trkpt lat="40.6249430" lon="-3.1517500">
    <ele>731.4</ele>
   </trkpt>
   <trkpt lat="40.6249350" lon="-3.1517990">
    <ele>731.4</ele>
   </trkpt>
   <trkpt lat="40.6249310" lon="-3.1518550">
    <ele>731.4</ele>
   </trkpt>
   <trkpt lat="40.6249160" lon="-3.1519160">
    <ele>731.4</ele>
   </trkpt>
   <trkpt lat="40.6248890" lon="-3.1519740">
    <ele>731.6</ele>
   </trkpt>
   <trkpt lat="40.6248630" lon="-3.1520040">
    <ele>731.8</ele>
   </trkpt>
   <trkpt lat="40.6248400" lon="-3.1520320">
    <ele>732.2</ele>
   </trkpt>
   <trkpt lat="40.6248210" lon="-3.1520570">
    <ele>732.6</ele>
   </trkpt>
   <trkpt lat="40.6248020" lon="-3.1520810">
    <ele>732.8</ele>
   </trkpt>
   <trkpt lat="40.6247860" lon="-3.1521040">
    <ele>733.2</ele>
   </trkpt>
   <trkpt lat="40.6247670" lon="-3.1521230">
    <ele>733.6</ele>
   </trkpt>
   <trkpt lat="40.6247480" lon="-3.1521390">
    <ele>734.0</ele>
   </trkpt>
   <trkpt lat="40.6247330" lon="-3.1521530">
    <ele>734.2</ele>
   </trkpt>
   <trkpt lat="40.6247140" lon="-3.1521680">
    <ele>734.4</ele>
   </trkpt>
   <trkpt lat="40.6246950" lon="-3.1521890">
    <ele>734.6</ele>
   </trkpt>
   <trkpt lat="40.6246720" lon="-3.1522130">
    <ele>734.8</ele>
   </trkpt>
   <trkpt lat="40.6246490" lon="-3.1522400">
    <ele>735.0</ele>
   </trkpt>
   <trkpt lat="40.6246260" lon="-3.1522700">
    <ele>735.0</ele>
   </trkpt>
   <trkpt lat="40.6245990" lon="-3.1523060">
    <ele>735.0</ele>
   </trkpt>
   <trkpt lat="40.6245770" lon="-3.1523310">
    <ele>735.0</ele>
   </trkpt>
   <trkpt lat="40.6245460" lon="-3.1523650">
    <ele>735.0</ele>
   </trkpt>
   <trkpt lat="40.6245160" lon="-3.1524020">
    <ele>735.0</ele>
   </trkpt>
   <trkpt lat="40.6244850" lon="-3.1524390">
    <ele>735.0</ele>
   </trkpt>
   <trkpt lat="40.6244550" lon="-3.1524790">
    <ele>735.0</ele>
   </trkpt>
   <trkpt lat="40.6244240" lon="-3.1525200">
    <ele>735.0</ele>
   </trkpt>
   <trkpt lat="40.6243930" lon="-3.1525630">
    <ele>735.0</ele>
   </trkpt>
   <trkpt lat="40.6243590" lon="-3.1526120">
    <ele>735.2</ele>
   </trkpt>
   <trkpt lat="40.6243320" lon="-3.1526530">
    <ele>735.2</ele>
   </trkpt>
   <trkpt lat="40.6243020" lon="-3.1526980">
    <ele>735.0</ele>
   </trkpt>
   <trkpt lat="40.6242710" lon="-3.1527450">
    <ele>734.8</ele>
   </trkpt>
   <trkpt lat="40.6242330" lon="-3.1528010">
    <ele>734.8</ele>
   </trkpt>
   <trkpt lat="40.6242030" lon="-3.1528470">
    <ele>734.6</ele>
   </trkpt>
   <trkpt lat="40.6241650" lon="-3.1529060">
    <ele>734.4</ele>
   </trkpt>
   <trkpt lat="40.6241230" lon="-3.1529660">
    <ele>734.0</ele>
   </trkpt>
   <trkpt lat="40.6240810" lon="-3.1530280">
    <ele>733.6</ele>
   </trkpt>
   <trkpt lat="40.6240350" lon="-3.1530940">
    <ele>733.2</ele>
   </trkpt>
   <trkpt lat="40.6239780" lon="-3.1531700">
    <ele>732.6</ele>
   </trkpt>
   <trkpt lat="40.6239400" lon="-3.1532260">
    <ele>732.2</ele>
   </trkpt>
   <trkpt lat="40.6238980" lon="-3.1532930">
    <ele>732.0</ele>
   </trkpt>
   <trkpt lat="40.6238560" lon="-3.1533580">
    <ele>731.8</ele>
   </trkpt>
   <trkpt lat="40.6238140" lon="-3.1534220">
    <ele>731.6</ele>
   </trkpt>
   <trkpt lat="40.6237600" lon="-3.1534910">
    <ele>731.8</ele>
   </trkpt>
   <trkpt lat="40.6237300" lon="-3.1535380">
    <ele>731.8</ele>
   </trkpt>
   <trkpt lat="40.6236880" lon="-3.1535910">
    <ele>731.8</ele>
   </trkpt>
   <trkpt lat="40.6236420" lon="-3.1536540">
    <ele>732.0</ele>
   </trkpt>
   <trkpt lat="40.6236080" lon="-3.1536990">
    <ele>732.2</ele>
   </trkpt>
   <trkpt lat="40.6235660" lon="-3.1537570">
    <ele>732.2</ele>
   </trkpt>
   <trkpt lat="40.6235240" lon="-3.1538180">
    <ele>732.2</ele>
   </trkpt>
   <trkpt lat="40.6234700" lon="-3.1538810">
    <ele>732.4</ele>
   </trkpt>
   <trkpt lat="40.6234360" lon="-3.1539270">
    <ele>732.4</ele>
   </trkpt>
   <trkpt lat="40.6233940" lon="-3.1539840">
    <ele>732.6</ele>
   </trkpt>
   <trkpt lat="40.6233520" lon="-3.1540420">
    <ele>732.6</ele>
   </trkpt>
   <trkpt lat="40.6233140" lon="-3.1541000">
    <ele>732.8</ele>
   </trkpt>
   <trkpt lat="40.6232760" lon="-3.1541590">
    <ele>732.8</ele>
   </trkpt>
   <trkpt lat="40.6232340" lon="-3.1542130">
    <ele>733.0</ele>
   </trkpt>
   <trkpt lat="40.6231960" lon="-3.1542650">
    <ele>733.2</ele>
   </trkpt>
   <trkpt lat="40.6231610" lon="-3.1543160">
    <ele>733.2</ele>
   </trkpt>
   <trkpt lat="40.6231270" lon="-3.1543650">
    <ele>733.2</ele>
   </trkpt>
   <trkpt lat="40.6230960" lon="-3.1544230">
    <ele>733.2</ele>
   </trkpt>
   <trkpt lat="40.6230770" lon="-3.1544840">
    <ele>733.2</ele>
   </trkpt>
   <trkpt lat="40.6230580" lon="-3.1545480">
    <ele>733.2</ele>
   </trkpt>
   <trkpt lat="40.6230390" lon="-3.1546120">
    <ele>733.2</ele>
   </trkpt>
   <trkpt lat="40.6230200" lon="-3.1546890">
    <ele>733.2</ele>
   </trkpt>
   <trkpt lat="40.6230050" lon="-3.1547430">
    <ele>733.2</ele>
   </trkpt>
   <trkpt lat="40.6229900" lon="-3.1548060">
    <ele>733.2</ele>
   </trkpt>
   <trkpt lat="40.6229670" lon="-3.1548710">
    <ele>733.0</ele>
   </trkpt>
   <trkpt lat="40.6229440" lon="-3.1549400">
    <ele>733.0</ele>
   </trkpt>
   <trkpt lat="40.6229170" lon="-3.1550140">
    <ele>732.8</ele>
   </trkpt>
   <trkpt lat="40.6228900" lon="-3.1550890">
    <ele>732.8</ele>
   </trkpt>
   <trkpt lat="40.6228600" lon="-3.1551670">
    <ele>732.6</ele>
   </trkpt>
   <trkpt lat="40.6228290" lon="-3.1552370">
    <ele>732.6</ele>
   </trkpt>
   <trkpt lat="40.6227990" lon="-3.1553080">
    <ele>732.4</ele>
   </trkpt>
   <trkpt lat="40.6227800" lon="-3.1553770">
    <ele>732.4</ele>
   </trkpt>
   <trkpt lat="40.6227610" lon="-3.1554560">
    <ele>732.4</ele>
   </trkpt>
   <trkpt lat="40.6227490" lon="-3.1555360">
    <ele>732.4</ele>
   </trkpt>
   <trkpt lat="40.6227300" lon="-3.1556200">
    <ele>732.4</ele>
   </trkpt>
   <trkpt lat="40.6227150" lon="-3.1557070">
    <ele>732.6</ele>
   </trkpt>
   <trkpt lat="40.6227070" lon="-3.1557930">
    <ele>732.8</ele>
   </trkpt>
   <trkpt lat="40.6226880" lon="-3.1558780">
    <ele>732.8</ele>
   </trkpt>
   <trkpt lat="40.6226650" lon="-3.1559660">
    <ele>732.8</ele>
   </trkpt>
   <trkpt lat="40.6226460" lon="-3.1560500">
    <ele>732.8</ele>
   </trkpt>
   <trkpt lat="40.6226310" lon="-3.1561360">
    <ele>733.0</ele>
   </trkpt>
   <trkpt lat="40.6226160" lon="-3.1562200">
    <ele>733.0</ele>
   </trkpt>
   <trkpt lat="40.6226080" lon="-3.1562990">
    <ele>733.2</ele>
   </trkpt>
   <trkpt lat="40.6225890" lon="-3.1563800">
    <ele>733.2</ele>
   </trkpt>
   <trkpt lat="40.6225660" lon="-3.1564590">
    <ele>733.4</ele>
   </trkpt>
   <trkpt lat="40.6225470" lon="-3.1565380">
    <ele>733.4</ele>
   </trkpt>
   <trkpt lat="40.6225240" lon="-3.1566110">
    <ele>733.4</ele>
   </trkpt>
   <trkpt lat="40.6225010" lon="-3.1566870">
    <ele>733.4</ele>
   </trkpt>
   <trkpt lat="40.6224750" lon="-3.1567640">
    <ele>733.4</ele>
   </trkpt>
   <trkpt lat="40.6224520" lon="-3.1568410">
    <ele>733.2</ele>
   </trkpt>
   <trkpt lat="40.6224290" lon="-3.1569180">
    <ele>732.8</ele>
   </trkpt>
   <trkpt lat="40.6224100" lon="-3.1569980">
    <ele>732.6</ele>
   </trkpt>
   <trkpt lat="40.6224020" lon="-3.1570830">
    <ele>732.4</ele>
   </trkpt>
   <trkpt lat="40.6223980" lon="-3.1571650">
    <ele>732.2</ele>
   </trkpt>
   <trkpt lat="40.6223910" lon="-3.1572510">
    <ele>732.0</ele>
   </trkpt>
   <trkpt lat="40.6223950" lon="-3.1573330">
    <ele>732.0</ele>
   </trkpt>
   <trkpt lat="40.6224060" lon="-3.1574180">
    <ele>731.8</ele>
   </trkpt>
   <trkpt lat="40.6224100" lon="-3.1574910">
    <ele>731.8</ele>
   </trkpt>
   <trkpt lat="40.6224140" lon="-3.1575530">
    <ele>732.0</ele>
   </trkpt>
   <trkpt lat="40.6224020" lon="-3.1576030">
    <ele>732.0</ele>
   </trkpt>
   <trkpt lat="40.6223680" lon="-3.1576410">
    <ele>732.0</ele>
   </trkpt>
   <trkpt lat="40.6223180" lon="-3.1576680">
    <ele>732.0</ele>
   </trkpt>
   <trkpt lat="40.6222840" lon="-3.1577030">
    <ele>732.0</ele>
   </trkpt>
   <trkpt lat="40.6222650" lon="-3.1577360">
    <ele>731.8</ele>
   </trkpt>
   <trkpt lat="40.6222570" lon="-3.1577790">
    <ele>731.8</ele>
   </trkpt>
   <trkpt lat="40.6222530" lon="-3.1578160">
    <ele>731.8</ele>
   </trkpt>
   <trkpt lat="40.6222460" lon="-3.1578610">
    <ele>731.8</ele>
   </trkpt>
   <trkpt lat="40.6222420" lon="-3.1579160">
    <ele>731.6</ele>
   </trkpt>
   <trkpt lat="40.6222420" lon="-3.1579600">
    <ele>731.6</ele>
   </trkpt>
   <trkpt lat="40.6222500" lon="-3.1580130">
    <ele>731.4</ele>
   </trkpt>
   <trkpt lat="40.6222570" lon="-3.1580730">
    <ele>731.2</ele>
   </trkpt>
   <trkpt lat="40.6222760" lon="-3.1581440">
    <ele>731.2</ele>
   </trkpt>
   <trkpt lat="40.6223030" lon="-3.1582260">
    <ele>731.2</ele>
   </trkpt>
   <trkpt lat="40.6223260" lon="-3.1582830">
    <ele>731.0</ele>
   </trkpt>
   <trkpt lat="40.6223560" lon="-3.1583470">
    <ele>730.8</ele>
   </trkpt>
   <trkpt lat="40.6223910" lon="-3.1584090">
    <ele>730.6</ele>
   </trkpt>
   <trkpt lat="40.6224330" lon="-3.1584690">
    <ele>730.4</ele>
   </trkpt>
   <trkpt lat="40.6224780" lon="-3.1585230">
    <ele>730.2</ele>
   </trkpt>
   <trkpt lat="40.6225280" lon="-3.1585740">
    <ele>730.0</ele>
   </trkpt>
   <trkpt lat="40.6225740" lon="-3.1586270">
    <ele>730.0</ele>
   </trkpt>
   <trkpt lat="40.6226270" lon="-3.1586850">
    <ele>729.8</ele>
   </trkpt>
  </trkseg>
 </trk>
</gpx>
