<?xml version="1.0" encoding="UTF-8"?>
<gpx creator="StravaGPX" version="1.1" xmlns="http://www.topografix.com/GPX/1/1" xmlns:xsi="http://www.w3.org/2001/XMLSchema-instance" xsi:schemaLocation="http://www.topografix.com/GPX/1/1 http://www.topografix.com/GPX/1/1/gpx.xsd">
 <trk>
  <name>Guada - Lupiana- Centenera - Guada</name>
  <type>cycling</type>
  <trkseg>
   <trkpt lat="40.6215740" lon="-3.1583470">
    <ele>726.6</ele>
   </trkpt>
   <trkpt lat="40.6215210" lon="-3.1582660">
    <ele>726.6</ele>
   </trkpt>
   <trkpt lat="40.6214710" lon="-3.1582040">
    <ele>726.8</ele>
   </trkpt>
   <trkpt lat="40.6214140" lon="-3.1581470">
    <ele>726.8</ele>
   </trkpt>
   <trkpt lat="40.6213570" lon="-3.1580930">
    <ele>726.8</ele>
   </trkpt>
   <trkpt lat="40.6213070" lon="-3.1580380">
    <ele>727.0</ele>
   </trkpt>
   <trkpt lat="40.6212420" lon="-3.1579830">
    <ele>727.0</ele>
   </trkpt>
   <trkpt lat="40.6211930" lon="-3.1579460">
    <ele>727.2</ele>
   </trkpt>
   <trkpt lat="40.6211360" lon="-3.1579050">
    <ele>727.4</ele>
   </trkpt>
   <trkpt lat="40.6210780" lon="-3.1578660">
    <ele>727.8</ele>
   </trkpt>
   <trkpt lat="40.6210100" lon="-3.1578280">
    <ele>728.0</ele>
   </trkpt>
   <trkpt lat="40.6209680" lon="-3.1578020">
    <ele>728.0</ele>
   </trkpt>
   <trkpt lat="40.6209110" lon="-3.1577770">
    <ele>728.2</ele>
   </trkpt>
   <trkpt lat="40.6208570" lon="-3.1577520">
    <ele>728.4</ele>
   </trkpt>
   <trkpt lat="40.6208000" lon="-3.1577290">
    <ele>728.6</ele>
   </trkpt>
   <trkpt lat="40.6207470" lon="-3.1577110">
    <ele>728.8</ele>
   </trkpt>
   <trkpt lat="40.6206930" lon="-3.1576920">
    <ele>728.8</ele>
   </trkpt>
   <trkpt lat="40.6206400" lon="-3.1576750">
    <ele>729.0</ele>
   </trkpt>
   <trkpt lat="40.6205860" lon="-3.1576600">
    <ele>729.0</ele>
   </trkpt>
   <trkpt lat="40.6205330" lon="-3.1576450">
    <ele>729.2</ele>
   </trkpt>
   <trkpt lat="40.6204800" lon="-3.1576320">
    <ele>729.4</ele>
   </trkpt>
   <trkpt lat="40.6204150" lon="-3.1576170">
    <ele>729.6</ele>
   </trkpt>
   <trkpt lat="40.6203690" lon="-3.1576120">
    <ele>729.6</ele>
   </trkpt>
   <trkpt lat="40.6203120" lon="-3.1576050">
    <ele>729.8</ele>
   </trkpt>
   <trkpt lat="40.6202470" lon="-3.1576030">
    <ele>730.0</ele>
   </trkpt>
   <trkpt lat="40.6201930" lon="-3.1575980">
    <ele>730.0</ele>
   </trkpt>
   <trkpt lat="40.6201400" lon="-3.1575900">
    <ele>730.2</ele>
   </trkpt>
   <trkpt lat="40.6200680" lon="-3.1575750">
    <ele>730.4</ele>
   </trkpt>
   <trkpt lat="40.6200220" lon="-3.1575620">
    <ele>730.4</ele>
   </trkpt>
   <trkpt lat="40.6199570" lon="-3.1575460">
    <ele>730.6</ele>
   </trkpt>
   <trkpt lat="40.6199000" lon="-3.1575320">
    <ele>730.8</ele>
   </trkpt>
   <trkpt lat="40.6198540" lon="-3.1575220">
    <ele>730.8</ele>
   </trkpt>
   <trkpt lat="40.6198010" lon="-3.1575070">
    <ele>731.0</ele>
   </trkpt>
   <trkpt lat="40.6197360" lon="-3.1574940">
    <ele>731.0</ele>
   </trkpt>
   <trkpt lat="40.6196900" lon="-3.1574840">
    <ele>731.0</ele>
   </trkpt>
   <trkpt lat="40.6196370" lon="-3.1574670">
    <ele>731.0</ele>
   </trkpt>
   <trkpt lat="40.6195750" lon="-3.1574520">
    <ele>731.0</ele>
   </trkpt>
   <trkpt lat="40.6195220" lon="-3.1574370">
    <ele>731.0</ele>
   </trkpt>
   <trkpt lat="40.6194610" lon="-3.1574220">
    <ele>731.0</ele>
   </trkpt>
   <trkpt lat="40.6194000" lon="-3.1574070">
    <ele>730.8</ele>
   </trkpt>
   <trkpt lat="40.6193350" lon="-3.1573930">
    <ele>730.8</ele>
   </trkpt>
   <trkpt lat="40.6192740" lon="-3.1573770">
    <ele>730.8</ele>
   </trkpt>
   <trkpt lat="40.6192090" lon="-3.1573590">
    <ele>730.6</ele>
   </trkpt>
   <trkpt lat="40.6191330" lon="-3.1573360">
    <ele>730.4</ele>
   </trkpt>
   <trkpt lat="40.6190760" lon="-3.1573190">
    <ele>730.4</ele>
   </trkpt>
   <trkpt lat="40.6190110" lon="-3.1573060">
    <ele>730.4</ele>
   </trkpt>
   <trkpt lat="40.6189420" lon="-3.1572950">
    <ele>730.2</ele>
   </trkpt>
   <trkpt lat="40.6188700" lon="-3.1572840">
    <ele>730.2</ele>
   </trkpt>
   <trkpt lat="40.6188050" lon="-3.1572700">
    <ele>730.2</ele>
   </trkpt>
   <trkpt lat="40.6187360" lon="-3.1572570">
    <ele>730.0</ele>
   </trkpt>
   <trkpt lat="40.6186680" lon="-3.1572450">
    <ele>730.0</ele>
   </trkpt>
   <trkpt lat="40.6185910" lon="-3.1572350">
    <ele>730.0</ele>
   </trkpt>
   <trkpt lat="40.6185070" lon="-3.1572250">
    <ele>730.0</ele>
   </trkpt>
   <trkpt lat="40.6184460" lon="-3.1572170">
    <ele>730.0</ele>
   </trkpt>
   <trkpt lat="40.6183700" lon="-3.1572070">
    <ele>730.2</ele>
   </trkpt>
   <trkpt lat="40.6182940" lon="-3.1571910">
    <ele>730.2</ele>
   </trkpt>
   <trkpt lat="40.6182100" lon="-3.1571610">
    <ele>730.4</ele>
   </trkpt>
   <trkpt lat="40.6181490" lon="-3.1571330">
    <ele>730.6</ele>
   </trkpt>
   <trkpt lat="40.6180840" lon="-3.1570910">
    <ele>730.6</ele>
   </trkpt>
   <trkpt lat="40.6180190" lon="-3.1570400">
    <ele>730.8</ele>
   </trkpt>
   <trkpt lat="40.6179620" lon="-3.1569820">
    <ele>731.0</ele>
   </trkpt>
   <trkpt lat="40.6179200" lon="-3.1569200">
    <ele>731.2</ele>
   </trkpt>
   <trkpt lat="40.6178820" lon="-3.1568590">
    <ele>731.6</ele>
   </trkpt>
   <trkpt lat="40.6178470" lon="-3.1567960">
    <ele>731.8</ele>
   </trkpt>
   <trkpt lat="40.6178130" lon="-3.1567290">
    <ele>732.2</ele>
   </trkpt>
   <trkpt lat="40.6177900" lon="-3.1566620">
    <ele>732.6</ele>
   </trkpt>
   <trkpt lat="40.6177670" lon="-3.1565950">
    <ele>733.0</ele>
   </trkpt>
   <trkpt lat="40.6177480" lon="-3.1565260">
    <ele>733.4</ele>
   </trkpt>
   <trkpt lat="40.6177370" lon="-3.1564550">
    <ele>733.8</ele>
   </trkpt>
   <trkpt lat="40.6177210" lon="-3.1563870">
    <ele>734.0</ele>
   </trkpt>
   <trkpt lat="40.6177100" lon="-3.1563220">
    <ele>734.4</ele>
   </trkpt>
   <trkpt lat="40.6177060" lon="-3.1562600">
    <ele>734.6</ele>
   </trkpt>
   <trkpt lat="40.6176950" lon="-3.1562020">
    <ele>735.0</ele>
   </trkpt>
   <trkpt lat="40.6176910" lon="-3.1561430">
    <ele>735.4</ele>
   </trkpt>
   <trkpt lat="40.6176800" lon="-3.1560850">
    <ele>735.6</ele>
   </trkpt>
   <trkpt lat="40.6176680" lon="-3.1560270">
    <ele>736.0</ele>
   </trkpt>
   <trkpt lat="40.6176570" lon="-3.1559670">
    <ele>736.2</ele>
   </trkpt>
   <trkpt lat="40.6176450" lon="-3.1559110">
    <ele>736.4</ele>
   </trkpt>
   <trkpt lat="40.6176380" lon="-3.1558560">
    <ele>736.8</ele>
   </trkpt>
   <trkpt lat="40.6176300" lon="-3.1558030">
    <ele>737.0</ele>
   </trkpt>
   <trkpt lat="40.6176220" lon="-3.1557500">
    <ele>737.2</ele>
   </trkpt>
   <trkpt lat="40.6176110" lon="-3.1556950">
    <ele>737.6</ele>
   </trkpt>
   <trkpt lat="40.6176030" lon="-3.1556450">
    <ele>737.8</ele>
   </trkpt>
   <trkpt lat="40.6175960" lon="-3.1555920">
    <ele>738.2</ele>
   </trkpt>
   <trkpt lat="40.6175880" lon="-3.1555420">
    <ele>738.4</ele>
   </trkpt>
   <trkpt lat="40.6175800" lon="-3.1554930">
    <ele>738.6</ele>
   </trkpt>
   <trkpt lat="40.6175730" lon="-3.1554420">
    <ele>739.0</ele>
   </trkpt>
   <trkpt lat="40.6175650" lon="-3.1553960">
    <ele>739.2</ele>
   </trkpt>
   <trkpt lat="40.6175610" lon="-3.1553530">
    <ele>739.4</ele>
   </trkpt>
   <trkpt lat="40.6175500" lon="-3.1553100">
    <ele>739.6</ele>
   </trkpt>
   <trkpt lat="40.6175380" lon="-3.1552660">
    <ele>739.8</ele>
   </trkpt>
   <trkpt lat="40.6175310" lon="-3.1552210">
    <ele>740.2</ele>
   </trkpt>
   <trkpt lat="40.6175230" lon="-3.1551760">
    <ele>740.4</ele>
   </trkpt>
   <trkpt lat="40.6175160" lon="-3.1551300">
    <ele>740.6</ele>
   </trkpt>
   <trkpt lat="40.6175040" lon="-3.1550800">
    <ele>740.8</ele>
   </trkpt>
   <trkpt lat="40.6174960" lon="-3.1550310">
    <ele>741.2</ele>
   </trkpt>
   <trkpt lat="40.6174850" lon="-3.1549880">
    <ele>741.4</ele>
   </trkpt>
   <trkpt lat="40.6174770" lon="-3.1549330">
    <ele>741.6</ele>
   </trkpt>
   <trkpt lat="40.6174700" lon="-3.1548980">
    <ele>741.8</ele>
   </trkpt>
   <trkpt lat="40.6174620" lon="-3.1548510">
    <ele>742.0</ele>
   </trkpt>
   <trkpt lat="40.6174550" lon="-3.1548030">
    <ele>742.2</ele>
   </trkpt>
   <trkpt lat="40.6174470" lon="-3.1547570">
    <ele>742.4</ele>
   </trkpt>
   <trkpt lat="40.6174390" lon="-3.1547110">
    <ele>742.8</ele>
   </trkpt>
   <trkpt lat="40.6174320" lon="-3.1546660">
    <ele>743.0</ele>
   </trkpt>
   <trkpt lat="40.6174200" lon="-3.1546180">
    <ele>743.2</ele>
   </trkpt>
   <trkpt lat="40.6174130" lon="-3.1545720">
    <ele>743.4</ele>
   </trkpt>
   <trkpt lat="40.6174050" lon="-3.1545230">
    <ele>743.6</ele>
   </trkpt>
   <trkpt lat="40.6173970" lon="-3.1544780">
    <ele>744.0</ele>
   </trkpt>
   <trkpt lat="40.6173900" lon="-3.1544340">
    <ele>744.2</ele>
   </trkpt>
   <trkpt lat="40.6173820" lon="-3.1543920">
    <ele>744.4</ele>
   </trkpt>
   <trkpt lat="40.6173740" lon="-3.1543480">
    <ele>744.6</ele>
   </trkpt>
   <trkpt lat="40.6173670" lon="-3.1543050">
    <ele>745.0</ele>
   </trkpt>
   <trkpt lat="40.6173590" lon="-3.1542600">
    <ele>745.2</ele>
   </trkpt>
   <trkpt lat="40.6173520" lon="-3.1542130">
    <ele>745.4</ele>
   </trkpt>
   <trkpt lat="40.6173400" lon="-3.1541660">
    <ele>745.6</ele>
   </trkpt>
   <trkpt lat="40.6173320" lon="-3.1541220">
    <ele>745.8</ele>
   </trkpt>
   <trkpt lat="40.6173250" lon="-3.1540760">
    <ele>746.0</ele>
   </trkpt>
   <trkpt lat="40.6173130" lon="-3.1540190">
    <ele>746.2</ele>
   </trkpt>
   <trkpt lat="40.6173060" lon="-3.1539810">
    <ele>746.4</ele>
   </trkpt>
   <trkpt lat="40.6172980" lon="-3.1539360">
    <ele>746.6</ele>
   </trkpt>
   <trkpt lat="40.6172910" lon="-3.1538910">
    <ele>746.8</ele>
   </trkpt>
   <trkpt lat="40.6172790" lon="-3.1538460">
    <ele>747.0</ele>
   </trkpt>
   <trkpt lat="40.6172750" lon="-3.1538010">
    <ele>747.2</ele>
   </trkpt>
   <trkpt lat="40.6172680" lon="-3.1537580">
    <ele>747.6</ele>
   </trkpt>
   <trkpt lat="40.6172600" lon="-3.1537150">
    <ele>747.6</ele>
   </trkpt>
   <trkpt lat="40.6172490" lon="-3.1536700">
    <ele>747.8</ele>
   </trkpt>
   <trkpt lat="40.6172450" lon="-3.1536250">
    <ele>748.0</ele>
   </trkpt>
   <trkpt lat="40.6172330" lon="-3.1535820">
    <ele>748.2</ele>
   </trkpt>
   <trkpt lat="40.6172260" lon="-3.1535360">
    <ele>748.4</ele>
   </trkpt>
   <trkpt lat="40.6172180" lon="-3.1534950">
    <ele>748.6</ele>
   </trkpt>
   <trkpt lat="40.6172070" lon="-3.1534510">
    <ele>748.8</ele>
   </trkpt>
   <trkpt lat="40.6171990" lon="-3.1534060">
    <ele>749.0</ele>
   </trkpt>
   <trkpt lat="40.6171950" lon="-3.1533640">
    <ele>749.2</ele>
   </trkpt>
   <trkpt lat="40.6171870" lon="-3.1533200">
    <ele>749.4</ele>
   </trkpt>
   <trkpt lat="40.6171800" lon="-3.1532750">
    <ele>749.6</ele>
   </trkpt>
   <trkpt lat="40.6171720" lon="-3.1532280">
    <ele>749.6</ele>
   </trkpt>
   <trkpt lat="40.6171650" lon="-3.1531850">
    <ele>749.8</ele>
   </trkpt>
   <trkpt lat="40.6171530" lon="-3.1531280">
    <ele>750.0</ele>
   </trkpt>
   <trkpt lat="40.6171450" lon="-3.1530890">
    <ele>750.2</ele>
   </trkpt>
   <trkpt lat="40.6171380" lon="-3.1530430">
    <ele>750.4</ele>
   </trkpt>
   <trkpt lat="40.6171260" lon="-3.1529970">
    <ele>750.6</ele>
   </trkpt>
   <trkpt lat="40.6171150" lon="-3.1529440">
    <ele>750.6</ele>
   </trkpt>
   <trkpt lat="40.6171070" lon="-3.1529100">
    <ele>750.8</ele>
   </trkpt>
   <trkpt lat="40.6171000" lon="-3.1528650">
    <ele>751.0</ele>
   </trkpt>
   <trkpt lat="40.6170920" lon="-3.1528170">
    <ele>751.0</ele>
   </trkpt>
   <trkpt lat="40.6170810" lon="-3.1527650">
    <ele>751.2</ele>
   </trkpt>
   <trkpt lat="40.6170690" lon="-3.1527130">
    <ele>751.4</ele>
   </trkpt>
   <trkpt lat="40.6170580" lon="-3.1526620">
    <ele>751.6</ele>
   </trkpt>
   <trkpt lat="40.6170500" lon="-3.1526090">
    <ele>751.6</ele>
   </trkpt>
   <trkpt lat="40.6170350" lon="-3.1525480">
    <ele>751.8</ele>
   </trkpt>
   <trkpt lat="40.6170310" lon="-3.1525080">
    <ele>752.0</ele>
   </trkpt>
   <trkpt lat="40.6170230" lon="-3.1524580">
    <ele>752.2</ele>
   </trkpt>
   <trkpt lat="40.6170160" lon="-3.1524090">
    <ele>752.4</ele>
   </trkpt>
   <trkpt lat="40.6170080" lon="-3.1523570">
    <ele>752.6</ele>
   </trkpt>
   <trkpt lat="40.6170010" lon="-3.1523070">
    <ele>752.8</ele>
   </trkpt>
   <trkpt lat="40.6169890" lon="-3.1522440">
    <ele>753.0</ele>
   </trkpt>
   <trkpt lat="40.6169810" lon="-3.1522000">
    <ele>753.2</ele>
   </trkpt>
   <trkpt lat="40.6169740" lon="-3.1521450">
    <ele>753.4</ele>
   </trkpt>
   <trkpt lat="40.6169620" lon="-3.1520860">
    <ele>753.4</ele>
   </trkpt>
   <trkpt lat="40.6169550" lon="-3.1520450">
    <ele>753.6</ele>
   </trkpt>
   <trkpt lat="40.6169470" lon="-3.1519970">
    <ele>753.8</ele>
   </trkpt>
   <trkpt lat="40.6169400" lon="-3.1519470">
    <ele>754.0</ele>
   </trkpt>
   <trkpt lat="40.6169280" lon="-3.1519020">
    <ele>754.2</ele>
   </trkpt>
   <trkpt lat="40.6169200" lon="-3.1518550">
    <ele>754.4</ele>
   </trkpt>
   <trkpt lat="40.6169090" lon="-3.1517970">
    <ele>754.6</ele>
   </trkpt>
   <trkpt lat="40.6168980" lon="-3.1517580">
    <ele>754.6</ele>
   </trkpt>
   <trkpt lat="40.6168900" lon="-3.1517110">
    <ele>754.8</ele>
   </trkpt>
   <trkpt lat="40.6168820" lon="-3.1516620">
    <ele>755.0</ele>
   </trkpt>
   <trkpt lat="40.6168750" lon="-3.1516110">
    <ele>755.2</ele>
   </trkpt>
   <trkpt lat="40.6168670" lon="-3.1515620">
    <ele>755.2</ele>
   </trkpt>
   <trkpt lat="40.6168590" lon="-3.1515120">
    <ele>755.4</ele>
   </trkpt>
   <trkpt lat="40.6168520" lon="-3.1514730">
    <ele>755.6</ele>
   </trkpt>
   <trkpt lat="40.6168440" lon="-3.1514190">
    <ele>755.8</ele>
   </trkpt>
   <trkpt lat="40.6168330" lon="-3.1513600">
    <ele>756.0</ele>
   </trkpt>
   <trkpt lat="40.6168250" lon="-3.1513210">
    <ele>756.2</ele>
   </trkpt>
   <trkpt lat="40.6168170" lon="-3.1512700">
    <ele>756.4</ele>
   </trkpt>
   <trkpt lat="40.6168060" lon="-3.1512100">
    <ele>756.6</ele>
   </trkpt>
   <trkpt lat="40.6167980" lon="-3.1511700">
    <ele>756.6</ele>
   </trkpt>
   <trkpt lat="40.6167950" lon="-3.1511200">
    <ele>756.8</ele>
   </trkpt>
   <trkpt lat="40.6167870" lon="-3.1510720">
    <ele>757.0</ele>
   </trkpt>
   <trkpt lat="40.6167790" lon="-3.1510260">
    <ele>757.2</ele>
   </trkpt>
   <trkpt lat="40.6167720" lon="-3.1509780">
    <ele>757.4</ele>
   </trkpt>
   <trkpt lat="40.6167600" lon="-3.1509170">
    <ele>757.6</ele>
   </trkpt>
   <trkpt lat="40.6167560" lon="-3.1508800">
    <ele>757.8</ele>
   </trkpt>
   <trkpt lat="40.6167490" lon="-3.1508300">
    <ele>758.0</ele>
   </trkpt>
   <trkpt lat="40.6167410" lon="-3.1507720">
    <ele>758.0</ele>
   </trkpt>
   <trkpt lat="40.6167340" lon="-3.1507220">
    <ele>758.2</ele>
   </trkpt>
   <trkpt lat="40.6167260" lon="-3.1506810">
    <ele>758.4</ele>
   </trkpt>
   <trkpt lat="40.6167180" lon="-3.1506290">
    <ele>758.6</ele>
   </trkpt>
   <trkpt lat="40.6167140" lon="-3.1505780">
    <ele>758.6</ele>
   </trkpt>
   <trkpt lat="40.6167070" lon="-3.1505310">
    <ele>758.8</ele>
   </trkpt>
   <trkpt lat="40.6167030" lon="-3.1504690">
    <ele>759.0</ele>
   </trkpt>
   <trkpt lat="40.6166950" lon="-3.1504270">
    <ele>759.0</ele>
   </trkpt>
   <trkpt lat="40.6166920" lon="-3.1503750">
    <ele>759.2</ele>
   </trkpt>
   <trkpt lat="40.6166840" lon="-3.1503180">
    <ele>759.4</ele>
   </trkpt>
   <trkpt lat="40.6166760" lon="-3.1502640">
    <ele>759.6</ele>
   </trkpt>
   <trkpt lat="40.6166650" lon="-3.1501970">
    <ele>759.8</ele>
   </trkpt>
   <trkpt lat="40.6166610" lon="-3.1501510">
    <ele>760.0</ele>
   </trkpt>
   <trkpt lat="40.6166530" lon="-3.1500970">
    <ele>760.0</ele>
   </trkpt>
   <trkpt lat="40.6166500" lon="-3.1500470">
    <ele>760.2</ele>
   </trkpt>
   <trkpt lat="40.6166420" lon="-3.1499840">
    <ele>760.4</ele>
   </trkpt>
   <trkpt lat="40.6166380" lon="-3.1499400">
    <ele>760.6</ele>
   </trkpt>
   <trkpt lat="40.6166340" lon="-3.1498840">
    <ele>760.6</ele>
   </trkpt>
   <trkpt lat="40.6166270" lon="-3.1498180">
    <ele>760.8</ele>
   </trkpt>
   <trkpt lat="40.6166190" lon="-3.1497730">
    <ele>761.0</ele>
   </trkpt>
   <trkpt lat="40.6166150" lon="-3.1497170">
    <ele>761.2</ele>
   </trkpt>
   <trkpt lat="40.6166110" lon="-3.1496630">
    <ele>761.4</ele>
   </trkpt>
   <trkpt lat="40.6166080" lon="-3.1496110">
    <ele>761.6</ele>
   </trkpt>
   <trkpt lat="40.6166040" lon="-3.1495540">
    <ele>761.8</ele>
   </trkpt>
   <trkpt lat="40.6165960" lon="-3.1494950">
    <ele>762.0</ele>
   </trkpt>
   <trkpt lat="40.6165890" lon="-3.1494360">
    <ele>762.0</ele>
   </trkpt>
   <trkpt lat="40.6165850" lon="-3.1493740">
    <ele>762.2</ele>
   </trkpt>
   <trkpt lat="40.6165770" lon="-3.1493010">
    <ele>762.4</ele>
   </trkpt>
   <trkpt lat="40.6165730" lon="-3.1492410">
    <ele>762.6</ele>
   </trkpt>
   <trkpt lat="40.6165660" lon="-3.1491910">
    <ele>762.8</ele>
   </trkpt>
   <trkpt lat="40.6165620" lon="-3.1491320">
    <ele>763.0</ele>
   </trkpt>
   <trkpt lat="40.6165540" lon="-3.1490630">
    <ele>763.0</ele>
   </trkpt>
   <trkpt lat="40.6165470" lon="-3.1490040">
    <ele>763.2</ele>
   </trkpt>
   <trkpt lat="40.6165430" lon="-3.1489580">
    <ele>763.4</ele>
   </trkpt>
   <trkpt lat="40.6165350" lon="-3.1488930">
    <ele>763.6</ele>
   </trkpt>
   <trkpt lat="40.6165270" lon="-3.1488460">
    <ele>763.6</ele>
   </trkpt>
   <trkpt lat="40.6165240" lon="-3.1487870">
    <ele>763.8</ele>
   </trkpt>
   <trkpt lat="40.6165200" lon="-3.1487160">
    <ele>764.0</ele>
   </trkpt>
   <trkpt lat="40.6165120" lon="-3.1486680">
    <ele>764.2</ele>
   </trkpt>
   <trkpt lat="40.6165080" lon="-3.1486110">
    <ele>764.4</ele>
   </trkpt>
   <trkpt lat="40.6165010" lon="-3.1485410">
    <ele>764.4</ele>
   </trkpt>
   <trkpt lat="40.6164970" lon="-3.1484930">
    <ele>764.6</ele>
   </trkpt>
   <trkpt lat="40.6164930" lon="-3.1484310">
    <ele>764.8</ele>
   </trkpt>
   <trkpt lat="40.6164860" lon="-3.1483580">
    <ele>764.8</ele>
   </trkpt>
   <trkpt lat="40.6164820" lon="-3.1483100">
    <ele>764.8</ele>
   </trkpt>
   <trkpt lat="40.6164740" lon="-3.1482510">
    <ele>765.0</ele>
   </trkpt>
   <trkpt lat="40.6164660" lon="-3.1481920">
    <ele>765.0</ele>
   </trkpt>
   <trkpt lat="40.6164630" lon="-3.1481320">
    <ele>765.2</ele>
   </trkpt>
   <trkpt lat="40.6164550" lon="-3.1480720">
    <ele>765.2</ele>
   </trkpt>
   <trkpt lat="40.6164470" lon="-3.1480110">
    <ele>765.4</ele>
   </trkpt>
   <trkpt lat="40.6164400" lon="-3.1479500">
    <ele>765.4</ele>
   </trkpt>
   <trkpt lat="40.6164360" lon="-3.1478770">
    <ele>765.6</ele>
   </trkpt>
   <trkpt lat="40.6164320" lon="-3.1478260">
    <ele>765.6</ele>
   </trkpt>
   <trkpt lat="40.6164250" lon="-3.1477650">
    <ele>765.8</ele>
   </trkpt>
   <trkpt lat="40.6164210" lon="-3.1477040">
    <ele>766.0</ele>
   </trkpt>
   <trkpt lat="40.6164130" lon="-3.1476320">
    <ele>766.0</ele>
   </trkpt>
   <trkpt lat="40.6164090" lon="-3.1475730">
    <ele>766.2</ele>
   </trkpt>
   <trkpt lat="40.6164020" lon="-3.1475280">
    <ele>766.4</ele>
   </trkpt>
   <trkpt lat="40.6163940" lon="-3.1474600">
    <ele>766.6</ele>
   </trkpt>
   <trkpt lat="40.6163900" lon="-3.1474130">
    <ele>766.6</ele>
   </trkpt>
   <trkpt lat="40.6163830" lon="-3.1473440">
    <ele>766.8</ele>
   </trkpt>
   <trkpt lat="40.6163750" lon="-3.1472870">
    <ele>767.0</ele>
   </trkpt>
   <trkpt lat="40.6163710" lon="-3.1472410">
    <ele>767.0</ele>
   </trkpt>
   <trkpt lat="40.6163600" lon="-3.1471850">
    <ele>767.2</ele>
   </trkpt>
   <trkpt lat="40.6163440" lon="-3.1471170">
    <ele>767.4</ele>
   </trkpt>
   <trkpt lat="40.6163370" lon="-3.1470700">
    <ele>767.6</ele>
   </trkpt>
   <trkpt lat="40.6163250" lon="-3.1470130">
    <ele>767.6</ele>
   </trkpt>
   <trkpt lat="40.6163100" lon="-3.1469570">
    <ele>767.8</ele>
   </trkpt>
   <trkpt lat="40.6162990" lon="-3.1468980">
    <ele>767.8</ele>
   </trkpt>
   <trkpt lat="40.6162910" lon="-3.1468270">
    <ele>767.8</ele>
   </trkpt>
   <trkpt lat="40.6162800" lon="-3.1467760">
    <ele>768.0</ele>
   </trkpt>
   <trkpt lat="40.6162680" lon="-3.1467180">
    <ele>768.0</ele>
   </trkpt>
   <trkpt lat="40.6162570" lon="-3.1466590">
    <ele>768.0</ele>
   </trkpt>
   <trkpt lat="40.6162490" lon="-3.1465990">
    <ele>768.2</ele>
   </trkpt>
   <trkpt lat="40.6162340" lon="-3.1465300">
    <ele>768.2</ele>
   </trkpt>
   <trkpt lat="40.6162260" lon="-3.1464830">
    <ele>768.4</ele>
   </trkpt>
   <trkpt lat="40.6162150" lon="-3.1464230">
    <ele>768.6</ele>
   </trkpt>
   <trkpt lat="40.6162030" lon="-3.1463650">
    <ele>768.8</ele>
   </trkpt>
   <trkpt lat="40.6161920" lon="-3.1462950">
    <ele>768.8</ele>
   </trkpt>
   <trkpt lat="40.6161800" lon="-3.1462480">
    <ele>769.0</ele>
   </trkpt>
   <trkpt lat="40.6161690" lon="-3.1461920">
    <ele>769.2</ele>
   </trkpt>
   <trkpt lat="40.6161540" lon="-3.1461260">
    <ele>769.2</ele>
   </trkpt>
   <trkpt lat="40.6161380" lon="-3.1460680">
    <ele>769.4</ele>
   </trkpt>
   <trkpt lat="40.6161230" lon="-3.1460210">
    <ele>769.6</ele>
   </trkpt>
   <trkpt lat="40.6161080" lon="-3.1459550">
    <ele>769.6</ele>
   </trkpt>
   <trkpt lat="40.6160970" lon="-3.1459100">
    <ele>769.8</ele>
   </trkpt>
   <trkpt lat="40.6160850" lon="-3.1458550">
    <ele>769.8</ele>
   </trkpt>
   <trkpt lat="40.6160660" lon="-3.1458000">
    <ele>770.0</ele>
   </trkpt>
   <trkpt lat="40.6160510" lon="-3.1457430">
    <ele>770.0</ele>
   </trkpt>
   <trkpt lat="40.6160320" lon="-3.1456880">
    <ele>770.2</ele>
   </trkpt>
   <trkpt lat="40.6160130" lon="-3.1456300">
    <ele>770.4</ele>
   </trkpt>
   <trkpt lat="40.6159930" lon="-3.1455730">
    <ele>770.4</ele>
   </trkpt>
   <trkpt lat="40.6159780" lon="-3.1455180">
    <ele>770.6</ele>
   </trkpt>
   <trkpt lat="40.6159590" lon="-3.1454650">
    <ele>770.8</ele>
   </trkpt>
   <trkpt lat="40.6159400" lon="-3.1454150">
    <ele>770.8</ele>
   </trkpt>
   <trkpt lat="40.6159210" lon="-3.1453630">
    <ele>771.0</ele>
   </trkpt>
   <trkpt lat="40.6158980" lon="-3.1453000">
    <ele>771.2</ele>
   </trkpt>
   <trkpt lat="40.6158790" lon="-3.1452480">
    <ele>771.2</ele>
   </trkpt>
   <trkpt lat="40.6158640" lon="-3.1452060">
    <ele>771.4</ele>
   </trkpt>
   <trkpt lat="40.6158490" lon="-3.1451550">
    <ele>771.4</ele>
   </trkpt>
   <trkpt lat="40.6158260" lon="-3.1450950">
    <ele>771.6</ele>
   </trkpt>
   <trkpt lat="40.6158100" lon="-3.1450530">
    <ele>771.8</ele>
   </trkpt>
   <trkpt lat="40.6157910" lon="-3.1450000">
    <ele>771.8</ele>
   </trkpt>
   <trkpt lat="40.6157760" lon="-3.1449480">
    <ele>772.0</ele>
   </trkpt>
   <trkpt lat="40.6157570" lon="-3.1448970">
    <ele>772.0</ele>
   </trkpt>
   <trkpt lat="40.6157420" lon="-3.1448450">
    <ele>772.2</ele>
   </trkpt>
   <trkpt lat="40.6157190" lon="-3.1447800">
    <ele>772.4</ele>
   </trkpt>
   <trkpt lat="40.6157040" lon="-3.1447270">
    <ele>772.4</ele>
   </trkpt>
   <trkpt lat="40.6156880" lon="-3.1446810">
    <ele>772.6</ele>
   </trkpt>
   <trkpt lat="40.6156730" lon="-3.1446260">
    <ele>772.8</ele>
   </trkpt>
   <trkpt lat="40.6156580" lon="-3.1445720">
    <ele>772.8</ele>
   </trkpt>
   <trkpt lat="40.6156390" lon="-3.1445040">
    <ele>773.0</ele>
   </trkpt>
   <trkpt lat="40.6156270" lon="-3.1444580">
    <ele>773.0</ele>
   </trkpt>
   <trkpt lat="40.6156120" lon="-3.1443900">
    <ele>773.2</ele>
   </trkpt>
   <trkpt lat="40.6155970" lon="-3.1443350">
    <ele>773.2</ele>
   </trkpt>
   <trkpt lat="40.6155890" lon="-3.1442820">
    <ele>773.4</ele>
   </trkpt>
   <trkpt lat="40.6155780" lon="-3.1442250">
    <ele>773.4</ele>
   </trkpt>
   <trkpt lat="40.6155660" lon="-3.1441670">
    <ele>773.6</ele>
   </trkpt>
   <trkpt lat="40.6155550" lon="-3.1441080">
    <ele>773.6</ele>
   </trkpt>
   <trkpt lat="40.6155430" lon="-3.1440490">
    <ele>773.6</ele>
   </trkpt>
   <trkpt lat="40.6155360" lon="-3.1439880">
    <ele>773.6</ele>
   </trkpt>
   <trkpt lat="40.6155240" lon="-3.1439400">
    <ele>773.8</ele>
   </trkpt>
   <trkpt lat="40.6155130" lon="-3.1438620">
    <ele>773.8</ele>
   </trkpt>
   <trkpt lat="40.6155010" lon="-3.1437950">
    <ele>773.8</ele>
   </trkpt>
   <trkpt lat="40.6154940" lon="-3.1437250">
    <ele>773.8</ele>
   </trkpt>
   <trkpt lat="40.6154820" lon="-3.1436550">
    <ele>773.6</ele>
   </trkpt>
   <trkpt lat="40.6154750" lon="-3.1435850">
    <ele>773.6</ele>
   </trkpt>
   <trkpt lat="40.6154630" lon="-3.1435270">
    <ele>773.6</ele>
   </trkpt>
   <trkpt lat="40.6154560" lon="-3.1434380">
    <ele>773.6</ele>
   </trkpt>
   <trkpt lat="40.6154480" lon="-3.1433620">
    <ele>773.6</ele>
   </trkpt>
   <trkpt lat="40.6154400" lon="-3.1432990">
    <ele>773.6</ele>
   </trkpt>
   <trkpt lat="40.6154370" lon="-3.1432180">
    <ele>773.6</ele>
   </trkpt>
   <trkpt lat="40.6154290" lon="-3.1431340">
    <ele>773.4</ele>
   </trkpt>
   <trkpt lat="40.6154210" lon="-3.1430350">
    <ele>773.4</ele>
   </trkpt>
   <trkpt lat="40.6154170" lon="-3.1429640">
    <ele>773.2</ele>
   </trkpt>
   <trkpt lat="40.6154100" lon="-3.1428770">
    <ele>773.0</ele>
   </trkpt>
   <trkpt lat="40.6154020" lon="-3.1427910">
    <ele>772.8</ele>
   </trkpt>
   <trkpt lat="40.6153950" lon="-3.1427040">
    <ele>772.6</ele>
   </trkpt>
   <trkpt lat="40.6153830" lon="-3.1425960">
    <ele>772.6</ele>
   </trkpt>
   <trkpt lat="40.6153750" lon="-3.1425010">
    <ele>772.4</ele>
   </trkpt>
   <trkpt lat="40.6153680" lon="-3.1424080">
    <ele>772.2</ele>
   </trkpt>
   <trkpt lat="40.6153600" lon="-3.1423110">
    <ele>771.8</ele>
   </trkpt>
   <trkpt lat="40.6153530" lon="-3.1422130">
    <ele>771.6</ele>
   </trkpt>
   <trkpt lat="40.6153410" lon="-3.1421150">
    <ele>771.4</ele>
   </trkpt>
   <trkpt lat="40.6153340" lon="-3.1420150">
    <ele>771.2</ele>
   </trkpt>
   <trkpt lat="40.6153220" lon="-3.1419330">
    <ele>771.0</ele>
   </trkpt>
   <trkpt lat="40.6153110" lon="-3.1418300">
    <ele>770.8</ele>
   </trkpt>
   <trkpt lat="40.6152990" lon="-3.1417100">
    <ele>770.6</ele>
   </trkpt>
   <trkpt lat="40.6152880" lon="-3.1416310">
    <ele>770.4</ele>
   </trkpt>
   <trkpt lat="40.6152720" lon="-3.1415330">
    <ele>770.2</ele>
   </trkpt>
   <trkpt lat="40.6152570" lon="-3.1414160">
    <ele>770.2</ele>
   </trkpt>
   <trkpt lat="40.6152500" lon="-3.1413230">
    <ele>770.0</ele>
   </trkpt>
   <trkpt lat="40.6152380" lon="-3.1412300">
    <ele>770.0</ele>
   </trkpt>
   <trkpt lat="40.6152270" lon="-3.1411520">
    <ele>770.0</ele>
   </trkpt>
   <trkpt lat="40.6152110" lon="-3.1410610">
    <ele>770.0</ele>
   </trkpt>
   <trkpt lat="40.6151960" lon="-3.1409680">
    <ele>770.0</ele>
   </trkpt>
   <trkpt lat="40.6151770" lon="-3.1408580">
    <ele>770.0</ele>
   </trkpt>
   <trkpt lat="40.6151660" lon="-3.1407870">
    <ele>770.2</ele>
   </trkpt>
   <trkpt lat="40.6151500" lon="-3.1406980">
    <ele>770.2</ele>
   </trkpt>
   <trkpt lat="40.6151280" lon="-3.1405950">
    <ele>770.2</ele>
   </trkpt>
   <trkpt lat="40.6151080" lon="-3.1405060">
    <ele>770.4</ele>
   </trkpt>
   <trkpt lat="40.6150890" lon="-3.1404220">
    <ele>770.6</ele>
   </trkpt>
   <trkpt lat="40.6150670" lon="-3.1403410">
    <ele>770.8</ele>
   </trkpt>
   <trkpt lat="40.6150470" lon="-3.1402750">
    <ele>770.8</ele>
   </trkpt>
   <trkpt lat="40.6150130" lon="-3.1401830">
    <ele>771.0</ele>
   </trkpt>
   <trkpt lat="40.6149900" lon="-3.1401050">
    <ele>771.2</ele>
   </trkpt>
   <trkpt lat="40.6149670" lon="-3.1400420">
    <ele>771.4</ele>
   </trkpt>
   <trkpt lat="40.6149410" lon="-3.1399720">
    <ele>771.4</ele>
   </trkpt>
   <trkpt lat="40.6149100" lon="-3.1398870">
    <ele>771.6</ele>
   </trkpt>
   <trkpt lat="40.6148800" lon="-3.1398240">
    <ele>772.0</ele>
   </trkpt>
   <trkpt lat="40.6148530" lon="-3.1397600">
    <ele>772.0</ele>
   </trkpt>
   <trkpt lat="40.6148300" lon="-3.1397110">
    <ele>772.4</ele>
   </trkpt>
   <trkpt lat="40.6148030" lon="-3.1396390">
    <ele>772.6</ele>
   </trkpt>
   <trkpt lat="40.6147800" lon="-3.1395910">
    <ele>772.8</ele>
   </trkpt>
   <trkpt lat="40.6147500" lon="-3.1395230">
    <ele>773.2</ele>
   </trkpt>
   <trkpt lat="40.6147350" lon="-3.1394760">
    <ele>773.4</ele>
   </trkpt>
   <trkpt lat="40.6147080" lon="-3.1394210">
    <ele>773.6</ele>
   </trkpt>
   <trkpt lat="40.6146810" lon="-3.1393580">
    <ele>774.0</ele>
   </trkpt>
   <trkpt lat="40.6146580" lon="-3.1393080">
    <ele>774.2</ele>
   </trkpt>
   <trkpt lat="40.6146430" lon="-3.1392670">
    <ele>774.4</ele>
   </trkpt>
   <trkpt lat="40.6146240" lon="-3.1392180">
    <ele>774.6</ele>
   </trkpt>
   <trkpt lat="40.6146050" lon="-3.1391680">
    <ele>774.8</ele>
   </trkpt>
   <trkpt lat="40.6145860" lon="-3.1391210">
    <ele>775.0</ele>
   </trkpt>
   <trkpt lat="40.6145630" lon="-3.1390660">
    <ele>775.2</ele>
   </trkpt>
   <trkpt lat="40.6145440" lon="-3.1390220">
    <ele>775.4</ele>
   </trkpt>
   <trkpt lat="40.6145250" lon="-3.1389780">
    <ele>775.6</ele>
   </trkpt>
   <trkpt lat="40.6145100" lon="-3.1389360">
    <ele>775.8</ele>
   </trkpt>
   <trkpt lat="40.6144910" lon="-3.1388920">
    <ele>776.0</ele>
   </trkpt>
   <trkpt lat="40.6144710" lon="-3.1388450">
    <ele>776.2</ele>
   </trkpt>
   <trkpt lat="40.6144520" lon="-3.1387970">
    <ele>776.4</ele>
   </trkpt>
   <trkpt lat="40.6144330" lon="-3.1387490">
    <ele>776.4</ele>
   </trkpt>
   <trkpt lat="40.6144180" lon="-3.1387090">
    <ele>776.6</ele>
   </trkpt>
   <trkpt lat="40.6143990" lon="-3.1386510">
    <ele>776.8</ele>
   </trkpt>
   <trkpt lat="40.6143800" lon="-3.1386060">
    <ele>777.0</ele>
   </trkpt>
   <trkpt lat="40.6143610" lon="-3.1385600">
    <ele>777.2</ele>
   </trkpt>
   <trkpt lat="40.6143460" lon="-3.1385190">
    <ele>777.4</ele>
   </trkpt>
   <trkpt lat="40.6143230" lon="-3.1384740">
    <ele>777.4</ele>
   </trkpt>
   <trkpt lat="40.6143000" lon="-3.1384300">
    <ele>777.6</ele>
   </trkpt>
   <trkpt lat="40.6142810" lon="-3.1383840">
    <ele>777.8</ele>
   </trkpt>
   <trkpt lat="40.6142620" lon="-3.1383370">
    <ele>778.0</ele>
   </trkpt>
   <trkpt lat="40.6142460" lon="-3.1382880">
    <ele>778.2</ele>
   </trkpt>
   <trkpt lat="40.6142230" lon="-3.1382440">
    <ele>778.4</ele>
   </trkpt>
   <trkpt lat="40.6142080" lon="-3.1382000">
    <ele>778.6</ele>
   </trkpt>
   <trkpt lat="40.6141850" lon="-3.1381590">
    <ele>778.6</ele>
   </trkpt>
   <trkpt lat="40.6141660" lon="-3.1381140">
    <ele>778.8</ele>
   </trkpt>
   <trkpt lat="40.6141470" lon="-3.1380660">
    <ele>779.0</ele>
   </trkpt>
   <trkpt lat="40.6141280" lon="-3.1380210">
    <ele>779.2</ele>
   </trkpt>
   <trkpt lat="40.6141090" lon="-3.1379810">
    <ele>779.4</ele>
   </trkpt>
   <trkpt lat="40.6140900" lon="-3.1379380">
    <ele>779.6</ele>
   </trkpt>
   <trkpt lat="40.6140750" lon="-3.1378930">
    <ele>779.8</ele>
   </trkpt>
   <trkpt lat="40.6140560" lon="-3.1378430">
    <ele>780.0</ele>
   </trkpt>
   <trkpt lat="40.6140370" lon="-3.1377960">
    <ele>780.2</ele>
   </trkpt>
   <trkpt lat="40.6140170" lon="-3.1377510">
    <ele>780.4</ele>
   </trkpt>
   <trkpt lat="40.6139980" lon="-3.1377050">
    <ele>780.6</ele>
   </trkpt>
   <trkpt lat="40.6139790" lon="-3.1376590">
    <ele>780.8</ele>
   </trkpt>
   <trkpt lat="40.6139600" lon="-3.1376150">
    <ele>781.2</ele>
   </trkpt>
   <trkpt lat="40.6139450" lon="-3.1375690">
    <ele>781.4</ele>
   </trkpt>
   <trkpt lat="40.6139260" lon="-3.1375250">
    <ele>781.6</ele>
   </trkpt>
   <trkpt lat="40.6139070" lon="-3.1374800">
    <ele>781.8</ele>
   </trkpt>
   <trkpt lat="40.6138880" lon="-3.1374390">
    <ele>782.0</ele>
   </trkpt>
   <trkpt lat="40.6138650" lon="-3.1373980">
    <ele>782.2</ele>
   </trkpt>
   <trkpt lat="40.6138500" lon="-3.1373570">
    <ele>782.4</ele>
   </trkpt>
   <trkpt lat="40.6138340" lon="-3.1373160">
    <ele>782.6</ele>
   </trkpt>
   <trkpt lat="40.6138150" lon="-3.1372760">
    <ele>782.8</ele>
   </trkpt>
   <trkpt lat="40.6138000" lon="-3.1372350">
    <ele>783.0</ele>
   </trkpt>
   <trkpt lat="40.6137810" lon="-3.1371930">
    <ele>783.2</ele>
   </trkpt>
   <trkpt lat="40.6137700" lon="-3.1371640">
    <ele>783.4</ele>
   </trkpt>
   <trkpt lat="40.6137500" lon="-3.1371240">
    <ele>783.6</ele>
   </trkpt>
   <trkpt lat="40.6137280" lon="-3.1370730">
    <ele>783.8</ele>
   </trkpt>
   <trkpt lat="40.6137080" lon="-3.1370300">
    <ele>784.0</ele>
   </trkpt>
   <trkpt lat="40.6136890" lon="-3.1369890">
    <ele>784.2</ele>
   </trkpt>
   <trkpt lat="40.6136700" lon="-3.1369480">
    <ele>784.4</ele>
   </trkpt>
   <trkpt lat="40.6136550" lon="-3.1369070">
    <ele>784.4</ele>
   </trkpt>
   <trkpt lat="40.6136360" lon="-3.1368670">
    <ele>784.6</ele>
   </trkpt>
   <trkpt lat="40.6136210" lon="-3.1368270">
    <ele>784.8</ele>
   </trkpt>
   <trkpt lat="40.6136050" lon="-3.1367870">
    <ele>785.0</ele>
   </trkpt>
   <trkpt lat="40.6135940" lon="-3.1367560">
    <ele>785.2</ele>
   </trkpt>
   <trkpt lat="40.6135750" lon="-3.1367090">
    <ele>785.4</ele>
   </trkpt>
   <trkpt lat="40.6135600" lon="-3.1366710">
    <ele>785.6</ele>
   </trkpt>
   <trkpt lat="40.6135410" lon="-3.1366310">
    <ele>785.8</ele>
   </trkpt>
   <trkpt lat="40.6135250" lon="-3.1365900">
    <ele>786.0</ele>
   </trkpt>
   <trkpt lat="40.6135100" lon="-3.1365500">
    <ele>786.2</ele>
   </trkpt>
   <trkpt lat="40.6134950" lon="-3.1365120">
    <ele>786.4</ele>
   </trkpt>
   <trkpt lat="40.6134760" lon="-3.1364700">
    <ele>786.6</ele>
   </trkpt>
   <trkpt lat="40.6134570" lon="-3.1364280">
    <ele>786.8</ele>
   </trkpt>
   <trkpt lat="40.6134410" lon="-3.1363900">
    <ele>787.0</ele>
   </trkpt>
   <trkpt lat="40.6134220" lon="-3.1363530">
    <ele>787.2</ele>
   </trkpt>
   <trkpt lat="40.6134070" lon="-3.1363130">
    <ele>787.4</ele>
   </trkpt>
   <trkpt lat="40.6133920" lon="-3.1362730">
    <ele>787.6</ele>
   </trkpt>
   <trkpt lat="40.6133770" lon="-3.1362330">
    <ele>787.8</ele>
   </trkpt>
   <trkpt lat="40.6133580" lon="-3.1361930">
    <ele>788.0</ele>
   </trkpt>
   <trkpt lat="40.6133380" lon="-3.1361510">
    <ele>788.0</ele>
   </trkpt>
   <trkpt lat="40.6133230" lon="-3.1361080">
    <ele>788.2</ele>
   </trkpt>
   <trkpt lat="40.6133080" lon="-3.1360650">
    <ele>788.4</ele>
   </trkpt>
   <trkpt lat="40.6132890" lon="-3.1360230">
    <ele>788.6</ele>
   </trkpt>
   <trkpt lat="40.6132700" lon="-3.1359820">
    <ele>788.8</ele>
   </trkpt>
   <trkpt lat="40.6132580" lon="-3.1359410">
    <ele>789.0</ele>
   </trkpt>
   <trkpt lat="40.6132390" lon="-3.1359010">
    <ele>789.2</ele>
   </trkpt>
   <trkpt lat="40.6132240" lon="-3.1358600">
    <ele>789.4</ele>
   </trkpt>
   <trkpt lat="40.6132090" lon="-3.1358200">
    <ele>789.6</ele>
   </trkpt>
   <trkpt lat="40.6131940" lon="-3.1357780">
    <ele>789.8</ele>
   </trkpt>
   <trkpt lat="40.6131780" lon="-3.1357380">
    <ele>790.0</ele>
   </trkpt>
   <trkpt lat="40.6131630" lon="-3.1356980">
    <ele>790.2</ele>
   </trkpt>
   <trkpt lat="40.6131520" lon="-3.1356660">
    <ele>790.4</ele>
   </trkpt>
   <trkpt lat="40.6131360" lon="-3.1356170">
    <ele>790.6</ele>
   </trkpt>
   <trkpt lat="40.6131250" lon="-3.1355780">
    <ele>790.6</ele>
   </trkpt>
   <trkpt lat="40.6131100" lon="-3.1355360">
    <ele>790.8</ele>
   </trkpt>
   <trkpt lat="40.6130940" lon="-3.1354980">
    <ele>791.0</ele>
   </trkpt>
   <trkpt lat="40.6130830" lon="-3.1354590">
    <ele>791.2</ele>
   </trkpt>
   <trkpt lat="40.6130680" lon="-3.1354200">
    <ele>791.4</ele>
   </trkpt>
   <trkpt lat="40.6130560" lon="-3.1353770">
    <ele>791.4</ele>
   </trkpt>
   <trkpt lat="40.6130410" lon="-3.1353350">
    <ele>791.6</ele>
   </trkpt>
   <trkpt lat="40.6130260" lon="-3.1352950">
    <ele>791.8</ele>
   </trkpt>
   <trkpt lat="40.6130140" lon="-3.1352520">
    <ele>792.0</ele>
   </trkpt>
   <trkpt lat="40.6130030" lon="-3.1352070">
    <ele>792.2</ele>
   </trkpt>
   <trkpt lat="40.6129870" lon="-3.1351650">
    <ele>792.4</ele>
   </trkpt>
   <trkpt lat="40.6129720" lon="-3.1351250">
    <ele>792.6</ele>
   </trkpt>
   <trkpt lat="40.6129570" lon="-3.1350850">
    <ele>792.6</ele>
   </trkpt>
   <trkpt lat="40.6129420" lon="-3.1350420">
    <ele>793.0</ele>
   </trkpt>
   <trkpt lat="40.6129300" lon="-3.1349980">
    <ele>793.0</ele>
   </trkpt>
   <trkpt lat="40.6129150" lon="-3.1349550">
    <ele>793.2</ele>
   </trkpt>
   <trkpt lat="40.6129040" lon="-3.1349200">
    <ele>793.4</ele>
   </trkpt>
   <trkpt lat="40.6128840" lon="-3.1348690">
    <ele>793.6</ele>
   </trkpt>
   <trkpt lat="40.6128690" lon="-3.1348270">
    <ele>793.8</ele>
   </trkpt>
   <trkpt lat="40.6128540" lon="-3.1347810">
    <ele>794.0</ele>
   </trkpt>
   <trkpt lat="40.6128390" lon="-3.1347380">
    <ele>794.2</ele>
   </trkpt>
   <trkpt lat="40.6128310" lon="-3.1347110">
    <ele>794.4</ele>
   </trkpt>
   <trkpt lat="40.6128200" lon="-3.1346740">
    <ele>794.6</ele>
   </trkpt>
   <trkpt lat="40.6127970" lon="-3.1346130">
    <ele>794.6</ele>
   </trkpt>
   <trkpt lat="40.6127850" lon="-3.1345680">
    <ele>794.8</ele>
   </trkpt>
   <trkpt lat="40.6127700" lon="-3.1345290">
    <ele>795.0</ele>
   </trkpt>
   <trkpt lat="40.6127550" lon="-3.1344850">
    <ele>795.2</ele>
   </trkpt>
   <trkpt lat="40.6127430" lon="-3.1344440">
    <ele>795.4</ele>
   </trkpt>
   <trkpt lat="40.6127280" lon="-3.1344000">
    <ele>795.6</ele>
   </trkpt>
   <trkpt lat="40.6127130" lon="-3.1343560">
    <ele>795.8</ele>
   </trkpt>
   <trkpt lat="40.6127010" lon="-3.1343130">
    <ele>796.0</ele>
   </trkpt>
   <trkpt lat="40.6126860" lon="-3.1342690">
    <ele>796.4</ele>
   </trkpt>
   <trkpt lat="40.6126710" lon="-3.1342260">
    <ele>796.6</ele>
   </trkpt>
   <trkpt lat="40.6126590" lon="-3.1341830">
    <ele>796.8</ele>
   </trkpt>
   <trkpt lat="40.6126440" lon="-3.1341400">
    <ele>797.0</ele>
   </trkpt>
   <trkpt lat="40.6126370" lon="-3.1341080">
    <ele>797.2</ele>
   </trkpt>
   <trkpt lat="40.6126210" lon="-3.1340570">
    <ele>797.4</ele>
   </trkpt>
   <trkpt lat="40.6126060" lon="-3.1340130">
    <ele>797.6</ele>
   </trkpt>
   <trkpt lat="40.6125950" lon="-3.1339710">
    <ele>797.8</ele>
   </trkpt>
   <trkpt lat="40.6125790" lon="-3.1339330">
    <ele>798.0</ele>
   </trkpt>
   <trkpt lat="40.6125680" lon="-3.1338980">
    <ele>798.2</ele>
   </trkpt>
   <trkpt lat="40.6125560" lon="-3.1338460">
    <ele>798.4</ele>
   </trkpt>
   <trkpt lat="40.6125450" lon="-3.1338010">
    <ele>798.6</ele>
   </trkpt>
   <trkpt lat="40.6125340" lon="-3.1337550">
    <ele>798.8</ele>
   </trkpt>
   <trkpt lat="40.6125220" lon="-3.1337100">
    <ele>799.0</ele>
   </trkpt>
   <trkpt lat="40.6125140" lon="-3.1336660">
    <ele>799.2</ele>
   </trkpt>
   <trkpt lat="40.6125110" lon="-3.1336230">
    <ele>799.4</ele>
   </trkpt>
   <trkpt lat="40.6125030" lon="-3.1335780">
    <ele>799.4</ele>
   </trkpt>
   <trkpt lat="40.6124990" lon="-3.1335330">
    <ele>799.6</ele>
   </trkpt>
   <trkpt lat="40.6124920" lon="-3.1334900">
    <ele>799.8</ele>
   </trkpt>
   <trkpt lat="40.6124840" lon="-3.1334480">
    <ele>800.0</ele>
   </trkpt>
   <trkpt lat="40.6124760" lon="-3.1334050">
    <ele>800.2</ele>
   </trkpt>
   <trkpt lat="40.6124690" lon="-3.1333580">
    <ele>800.4</ele>
   </trkpt>
   <trkpt lat="40.6124650" lon="-3.1333130">
    <ele>800.6</ele>
   </trkpt>
   <trkpt lat="40.6124650" lon="-3.1332780">
    <ele>800.8</ele>
   </trkpt>
   <trkpt lat="40.6124610" lon="-3.1332240">
    <ele>801.0</ele>
   </trkpt>
   <trkpt lat="40.6124570" lon="-3.1331810">
    <ele>801.2</ele>
   </trkpt>
   <trkpt lat="40.6124570" lon="-3.1331370">
    <ele>801.2</ele>
   </trkpt>
   <trkpt lat="40.6124570" lon="-3.1330990">
    <ele>801.4</ele>
   </trkpt>
   <trkpt lat="40.6124530" lon="-3.1330450">
    <ele>801.6</ele>
   </trkpt>
   <trkpt lat="40.6124570" lon="-3.1329990">
    <ele>801.8</ele>
   </trkpt>
   <trkpt lat="40.6124570" lon="-3.1329550">
    <ele>802.0</ele>
   </trkpt>
   <trkpt lat="40.6124570" lon="-3.1329100">
    <ele>802.2</ele>
   </trkpt>
   <trkpt lat="40.6124570" lon="-3.1328630">
    <ele>802.2</ele>
   </trkpt>
   <trkpt lat="40.6124530" lon="-3.1328160">
    <ele>802.4</ele>
   </trkpt>
   <trkpt lat="40.6124530" lon="-3.1327700">
    <ele>802.6</ele>
   </trkpt>
   <trkpt lat="40.6124530" lon="-3.1327210">
    <ele>802.8</ele>
   </trkpt>
   <trkpt lat="40.6124530" lon="-3.1326750">
    <ele>803.0</ele>
   </trkpt>
   <trkpt lat="40.6124530" lon="-3.1326360">
    <ele>803.2</ele>
   </trkpt>
   <trkpt lat="40.6124530" lon="-3.1325820">
    <ele>803.2</ele>
   </trkpt>
   <trkpt lat="40.6124530" lon="-3.1325360">
    <ele>803.4</ele>
   </trkpt>
   <trkpt lat="40.6124530" lon="-3.1324930">
    <ele>803.6</ele>
   </trkpt>
   <trkpt lat="40.6124530" lon="-3.1324500">
    <ele>803.8</ele>
   </trkpt>
   <trkpt lat="40.6124570" lon="-3.1324030">
    <ele>804.0</ele>
   </trkpt>
   <trkpt lat="40.6124570" lon="-3.1323560">
    <ele>804.2</ele>
   </trkpt>
   <trkpt lat="40.6124530" lon="-3.1323110">
    <ele>804.4</ele>
   </trkpt>
   <trkpt lat="40.6124530" lon="-3.1322680">
    <ele>804.6</ele>
   </trkpt>
   <trkpt lat="40.6124530" lon="-3.1322230">
    <ele>804.8</ele>
   </trkpt>
   <trkpt lat="40.6124530" lon="-3.1321810">
    <ele>805.0</ele>
   </trkpt>
   <trkpt lat="40.6124530" lon="-3.1321390">
    <ele>805.2</ele>
   </trkpt>
   <trkpt lat="40.6124530" lon="-3.1320960">
    <ele>805.4</ele>
   </trkpt>
   <trkpt lat="40.6124500" lon="-3.1320510">
    <ele>805.6</ele>
   </trkpt>
   <trkpt lat="40.6124460" lon="-3.1320150">
    <ele>805.8</ele>
   </trkpt>
   <trkpt lat="40.6124460" lon="-3.1319600">
    <ele>805.8</ele>
   </trkpt>
   <trkpt lat="40.6124460" lon="-3.1319130">
    <ele>806.0</ele>
   </trkpt>
   <trkpt lat="40.6124500" lon="-3.1318680">
    <ele>806.2</ele>
   </trkpt>
   <trkpt lat="40.6124500" lon="-3.1318310">
    <ele>806.4</ele>
   </trkpt>
   <trkpt lat="40.6124530" lon="-3.1317860">
    <ele>806.6</ele>
   </trkpt>
   <trkpt lat="40.6124530" lon="-3.1317320">
    <ele>806.8</ele>
   </trkpt>
   <trkpt lat="40.6124570" lon="-3.1316860">
    <ele>807.0</ele>
   </trkpt>
   <trkpt lat="40.6124610" lon="-3.1316390">
    <ele>807.2</ele>
   </trkpt>
   <trkpt lat="40.6124650" lon="-3.1315930">
    <ele>807.4</ele>
   </trkpt>
   <trkpt lat="40.6124690" lon="-3.1315560">
    <ele>807.6</ele>
   </trkpt>
   <trkpt lat="40.6124730" lon="-3.1315020">
    <ele>807.6</ele>
   </trkpt>
   <trkpt lat="40.6124800" lon="-3.1314530">
    <ele>807.8</ele>
   </trkpt>
   <trkpt lat="40.6124840" lon="-3.1314080">
    <ele>808.0</ele>
   </trkpt>
   <trkpt lat="40.6124880" lon="-3.1313710">
    <ele>808.2</ele>
   </trkpt>
   <trkpt lat="40.6124950" lon="-3.1313180">
    <ele>808.4</ele>
   </trkpt>
   <trkpt lat="40.6125030" lon="-3.1312750">
    <ele>808.6</ele>
   </trkpt>
   <trkpt lat="40.6125070" lon="-3.1312300">
    <ele>808.8</ele>
   </trkpt>
   <trkpt lat="40.6125140" lon="-3.1311950">
    <ele>808.8</ele>
   </trkpt>
   <trkpt lat="40.6125180" lon="-3.1311510">
    <ele>809.0</ele>
   </trkpt>
   <trkpt lat="40.6125300" lon="-3.1310980">
    <ele>809.2</ele>
   </trkpt>
   <trkpt lat="40.6125370" lon="-3.1310560">
    <ele>809.4</ele>
   </trkpt>
   <trkpt lat="40.6125450" lon="-3.1310110">
    <ele>809.6</ele>
   </trkpt>
   <trkpt lat="40.6125530" lon="-3.1309760">
    <ele>809.6</ele>
   </trkpt>
   <trkpt lat="40.6125600" lon="-3.1309250">
    <ele>809.8</ele>
   </trkpt>
   <trkpt lat="40.6125720" lon="-3.1308780">
    <ele>810.0</ele>
   </trkpt>
   <trkpt lat="40.6125790" lon="-3.1308320">
    <ele>810.2</ele>
   </trkpt>
   <trkpt lat="40.6125870" lon="-3.1307890">
    <ele>810.4</ele>
   </trkpt>
   <trkpt lat="40.6125980" lon="-3.1307460">
    <ele>810.4</ele>
   </trkpt>
   <trkpt lat="40.6126060" lon="-3.1307030">
    <ele>810.6</ele>
   </trkpt>
   <trkpt lat="40.6126100" lon="-3.1306610">
    <ele>810.8</ele>
   </trkpt>
   <trkpt lat="40.6126100" lon="-3.1306160">
    <ele>811.0</ele>
   </trkpt>
   <trkpt lat="40.6126140" lon="-3.1305790">
    <ele>811.2</ele>
   </trkpt>
   <trkpt lat="40.6126210" lon="-3.1305300">
    <ele>811.4</ele>
   </trkpt>
   <trkpt lat="40.6126290" lon="-3.1304900">
    <ele>811.6</ele>
   </trkpt>
   <trkpt lat="40.6126370" lon="-3.1304500">
    <ele>811.8</ele>
   </trkpt>
   <trkpt lat="40.6126440" lon="-3.1304100">
    <ele>812.0</ele>
   </trkpt>
   <trkpt lat="40.6126560" lon="-3.1303680">
    <ele>812.2</ele>
   </trkpt>
   <trkpt lat="40.6126630" lon="-3.1303250">
    <ele>812.4</ele>
   </trkpt>
   <trkpt lat="40.6126670" lon="-3.1302810">
    <ele>812.6</ele>
   </trkpt>
   <trkpt lat="40.6126750" lon="-3.1302460">
    <ele>812.8</ele>
   </trkpt>
   <trkpt lat="40.6126820" lon="-3.1302050">
    <ele>813.0</ele>
   </trkpt>
   <trkpt lat="40.6126940" lon="-3.1301530">
    <ele>813.2</ele>
   </trkpt>
   <trkpt lat="40.6127010" lon="-3.1301080">
    <ele>813.4</ele>
   </trkpt>
   <trkpt lat="40.6127090" lon="-3.1300630">
    <ele>813.6</ele>
   </trkpt>
   <trkpt lat="40.6127170" lon="-3.1300200">
    <ele>813.8</ele>
   </trkpt>
   <trkpt lat="40.6127240" lon="-3.1299780">
    <ele>814.0</ele>
   </trkpt>
   <trkpt lat="40.6127320" lon="-3.1299350">
    <ele>814.2</ele>
   </trkpt>
   <trkpt lat="40.6127400" lon="-3.1299000">
    <ele>814.4</ele>
   </trkpt>
   <trkpt lat="40.6127470" lon="-3.1298480">
    <ele>814.6</ele>
   </trkpt>
   <trkpt lat="40.6127550" lon="-3.1298050">
    <ele>814.8</ele>
   </trkpt>
   <trkpt lat="40.6127620" lon="-3.1297700">
    <ele>815.0</ele>
   </trkpt>
   <trkpt lat="40.6127700" lon="-3.1297260">
    <ele>815.2</ele>
   </trkpt>
   <trkpt lat="40.6127820" lon="-3.1296760">
    <ele>815.4</ele>
   </trkpt>
   <trkpt lat="40.6127850" lon="-3.1296410">
    <ele>815.6</ele>
   </trkpt>
   <trkpt lat="40.6127970" lon="-3.1295980">
    <ele>815.8</ele>
   </trkpt>
   <trkpt lat="40.6128010" lon="-3.1295460">
    <ele>816.0</ele>
   </trkpt>
   <trkpt lat="40.6128080" lon="-3.1295050">
    <ele>816.4</ele>
   </trkpt>
   <trkpt lat="40.6128200" lon="-3.1294620">
    <ele>816.6</ele>
   </trkpt>
   <trkpt lat="40.6128270" lon="-3.1294180">
    <ele>816.8</ele>
   </trkpt>
   <trkpt lat="40.6128350" lon="-3.1293830">
    <ele>817.0</ele>
   </trkpt>
   <trkpt lat="40.6128460" lon="-3.1293310">
    <ele>817.2</ele>
   </trkpt>
   <trkpt lat="40.6128540" lon="-3.1292880">
    <ele>817.4</ele>
   </trkpt>
   <trkpt lat="40.6128620" lon="-3.1292540">
    <ele>817.6</ele>
   </trkpt>
   <trkpt lat="40.6128690" lon="-3.1292030">
    <ele>817.8</ele>
   </trkpt>
   <trkpt lat="40.6128810" lon="-3.1291610">
    <ele>818.0</ele>
   </trkpt>
   <trkpt lat="40.6128920" lon="-3.1291220">
    <ele>818.2</ele>
   </trkpt>
   <trkpt lat="40.6129040" lon="-3.1290810">
    <ele>818.4</ele>
   </trkpt>
   <trkpt lat="40.6129150" lon="-3.1290490">
    <ele>818.6</ele>
   </trkpt>
   <trkpt lat="40.6129300" lon="-3.1290030">
    <ele>818.8</ele>
   </trkpt>
   <trkpt lat="40.6129420" lon="-3.1289630">
    <ele>819.2</ele>
   </trkpt>
   <trkpt lat="40.6129530" lon="-3.1289250">
    <ele>819.4</ele>
   </trkpt>
   <trkpt lat="40.6129650" lon="-3.1288830">
    <ele>819.6</ele>
   </trkpt>
   <trkpt lat="40.6129760" lon="-3.1288510">
    <ele>819.8</ele>
   </trkpt>
   <trkpt lat="40.6129870" lon="-3.1288110">
    <ele>820.0</ele>
   </trkpt>
   <trkpt lat="40.6130030" lon="-3.1287620">
    <ele>820.2</ele>
   </trkpt>
   <trkpt lat="40.6130180" lon="-3.1287190">
    <ele>820.4</ele>
   </trkpt>
   <trkpt lat="40.6130290" lon="-3.1286840">
    <ele>820.6</ele>
   </trkpt>
   <trkpt lat="40.6130450" lon="-3.1286340">
    <ele>820.8</ele>
   </trkpt>
   <trkpt lat="40.6130600" lon="-3.1285950">
    <ele>821.0</ele>
   </trkpt>
   <trkpt lat="40.6130710" lon="-3.1285630">
    <ele>821.2</ele>
   </trkpt>
   <trkpt lat="40.6130870" lon="-3.1285250">
    <ele>821.4</ele>
   </trkpt>
   <trkpt lat="40.6130980" lon="-3.1284850">
    <ele>821.6</ele>
   </trkpt>
   <trkpt lat="40.6131130" lon="-3.1284430">
    <ele>821.8</ele>
   </trkpt>
   <trkpt lat="40.6131250" lon="-3.1284000">
    <ele>822.0</ele>
   </trkpt>
   <trkpt lat="40.6131360" lon="-3.1283580">
    <ele>822.0</ele>
   </trkpt>
   <trkpt lat="40.6131480" lon="-3.1283190">
    <ele>822.2</ele>
   </trkpt>
   <trkpt lat="40.6131630" lon="-3.1282780">
    <ele>822.4</ele>
   </trkpt>
   <trkpt lat="40.6131780" lon="-3.1282380">
    <ele>822.6</ele>
   </trkpt>
   <trkpt lat="40.6131940" lon="-3.1281970">
    <ele>822.8</ele>
   </trkpt>
   <trkpt lat="40.6132050" lon="-3.1281550">
    <ele>823.0</ele>
   </trkpt>
   <trkpt lat="40.6132200" lon="-3.1281130">
    <ele>823.2</ele>
   </trkpt>
   <trkpt lat="40.6132350" lon="-3.1280670">
    <ele>823.4</ele>
   </trkpt>
   <trkpt lat="40.6132430" lon="-3.1280360">
    <ele>823.6</ele>
   </trkpt>
   <trkpt lat="40.6132620" lon="-3.1279900">
    <ele>823.8</ele>
   </trkpt>
   <trkpt lat="40.6132740" lon="-3.1279510">
    <ele>824.0</ele>
   </trkpt>
   <trkpt lat="40.6132850" lon="-3.1279210">
    <ele>824.4</ele>
   </trkpt>
   <trkpt lat="40.6133000" lon="-3.1278730">
    <ele>824.6</ele>
   </trkpt>
   <trkpt lat="40.6133160" lon="-3.1278340">
    <ele>824.8</ele>
   </trkpt>
   <trkpt lat="40.6133270" lon="-3.1277980">
    <ele>825.0</ele>
   </trkpt>
   <trkpt lat="40.6133420" lon="-3.1277590">
    <ele>825.2</ele>
   </trkpt>
   <trkpt lat="40.6133580" lon="-3.1277210">
    <ele>825.4</ele>
   </trkpt>
   <trkpt lat="40.6133730" lon="-3.1276850">
    <ele>825.6</ele>
   </trkpt>
   <trkpt lat="40.6133920" lon="-3.1276480">
    <ele>825.8</ele>
   </trkpt>
   <trkpt lat="40.6134030" lon="-3.1276110">
    <ele>826.0</ele>
   </trkpt>
   <trkpt lat="40.6134150" lon="-3.1275790">
    <ele>826.2</ele>
   </trkpt>
   <trkpt lat="40.6134340" lon="-3.1275330">
    <ele>826.4</ele>
   </trkpt>
   <trkpt lat="40.6134450" lon="-3.1274940">
    <ele>826.6</ele>
   </trkpt>
   <trkpt lat="40.6134610" lon="-3.1274560">
    <ele>826.8</ele>
   </trkpt>
   <trkpt lat="40.6134720" lon="-3.1274180">
    <ele>827.0</ele>
   </trkpt>
   <trkpt lat="40.6134830" lon="-3.1273860">
    <ele>827.2</ele>
   </trkpt>
   <trkpt lat="40.6134990" lon="-3.1273410">
    <ele>827.4</ele>
   </trkpt>
   <trkpt lat="40.6135140" lon="-3.1273030">
    <ele>827.6</ele>
   </trkpt>
   <trkpt lat="40.6135250" lon="-3.1272660">
    <ele>827.8</ele>
   </trkpt>
   <trkpt lat="40.6135410" lon="-3.1272290">
    <ele>828.0</ele>
   </trkpt>
   <trkpt lat="40.6135520" lon="-3.1271910">
    <ele>828.2</ele>
   </trkpt>
   <trkpt lat="40.6135630" lon="-3.1271530">
    <ele>828.4</ele>
   </trkpt>
   <trkpt lat="40.6135750" lon="-3.1271150">
    <ele>828.6</ele>
   </trkpt>
   <trkpt lat="40.6135900" lon="-3.1270750">
    <ele>828.8</ele>
   </trkpt>
   <trkpt lat="40.6136020" lon="-3.1270430">
    <ele>829.0</ele>
   </trkpt>
   <trkpt lat="40.6136170" lon="-3.1269980">
    <ele>829.2</ele>
   </trkpt>
   <trkpt lat="40.6136320" lon="-3.1269610">
    <ele>829.4</ele>
   </trkpt>
   <trkpt lat="40.6136440" lon="-3.1269290">
    <ele>829.6</ele>
   </trkpt>
   <trkpt lat="40.6136590" lon="-3.1268910">
    <ele>829.8</ele>
   </trkpt>
   <trkpt lat="40.6136740" lon="-3.1268450">
    <ele>830.0</ele>
   </trkpt>
   <trkpt lat="40.6136890" lon="-3.1268030">
    <ele>830.2</ele>
   </trkpt>
   <trkpt lat="40.6137010" lon="-3.1267710">
    <ele>830.4</ele>
   </trkpt>
   <trkpt lat="40.6137160" lon="-3.1267330">
    <ele>830.6</ele>
   </trkpt>
   <trkpt lat="40.6137280" lon="-3.1266940">
    <ele>830.8</ele>
   </trkpt>
   <trkpt lat="40.6137430" lon="-3.1266480">
    <ele>831.0</ele>
   </trkpt>
   <trkpt lat="40.6137500" lon="-3.1266210">
    <ele>831.2</ele>
   </trkpt>
   <trkpt lat="40.6137660" lon="-3.1265800">
    <ele>831.4</ele>
   </trkpt>
   <trkpt lat="40.6137810" lon="-3.1265490">
    <ele>831.6</ele>
   </trkpt>
   <trkpt lat="40.6137920" lon="-3.1265140">
    <ele>831.8</ele>
   </trkpt>
   <trkpt lat="40.6138120" lon="-3.1264800">
    <ele>832.0</ele>
   </trkpt>
   <trkpt lat="40.6138270" lon="-3.1264380">
    <ele>832.2</ele>
   </trkpt>
   <trkpt lat="40.6138460" lon="-3.1264060">
    <ele>832.6</ele>
   </trkpt>
   <trkpt lat="40.6138570" lon="-3.1263810">
    <ele>832.6</ele>
   </trkpt>
   <trkpt lat="40.6138760" lon="-3.1263440">
    <ele>832.8</ele>
   </trkpt>
   <trkpt lat="40.6138990" lon="-3.1263010">
    <ele>833.0</ele>
   </trkpt>
   <trkpt lat="40.6139180" lon="-3.1262650">
    <ele>833.2</ele>
   </trkpt>
   <trkpt lat="40.6139370" lon="-3.1262280">
    <ele>833.4</ele>
   </trkpt>
   <trkpt lat="40.6139560" lon="-3.1261910">
    <ele>833.6</ele>
   </trkpt>
   <trkpt lat="40.6139680" lon="-3.1261610">
    <ele>833.8</ele>
   </trkpt>
   <trkpt lat="40.6139870" lon="-3.1261210">
    <ele>834.0</ele>
   </trkpt>
   <trkpt lat="40.6140060" lon="-3.1260860">
    <ele>834.2</ele>
   </trkpt>
   <trkpt lat="40.6140170" lon="-3.1260510">
    <ele>834.4</ele>
   </trkpt>
   <trkpt lat="40.6140330" lon="-3.1260240">
    <ele>834.6</ele>
   </trkpt>
   <trkpt lat="40.6140560" lon="-3.1259880">
    <ele>834.8</ele>
   </trkpt>
   <trkpt lat="40.6140750" lon="-3.1259590">
    <ele>835.0</ele>
   </trkpt>
   <trkpt lat="40.6140940" lon="-3.1259280">
    <ele>835.2</ele>
   </trkpt>
   <trkpt lat="40.6141050" lon="-3.1259010">
    <ele>835.4</ele>
   </trkpt>
   <trkpt lat="40.6141240" lon="-3.1258600">
    <ele>835.6</ele>
   </trkpt>
   <trkpt lat="40.6141430" lon="-3.1258290">
    <ele>835.8</ele>
   </trkpt>
   <trkpt lat="40.6141660" lon="-3.1258010">
    <ele>836.0</ele>
   </trkpt>
   <trkpt lat="40.6141890" lon="-3.1257740">
    <ele>836.2</ele>
   </trkpt>
   <trkpt lat="40.6142080" lon="-3.1257390">
    <ele>836.4</ele>
   </trkpt>
   <trkpt lat="40.6142230" lon="-3.1257010">
    <ele>836.6</ele>
   </trkpt>
   <trkpt lat="40.6142390" lon="-3.1256660">
    <ele>836.8</ele>
   </trkpt>
   <trkpt lat="40.6142580" lon="-3.1256280">
    <ele>837.0</ele>
   </trkpt>
   <trkpt lat="40.6142770" lon="-3.1255880">
    <ele>837.2</ele>
   </trkpt>
   <trkpt lat="40.6142880" lon="-3.1255530">
    <ele>837.4</ele>
   </trkpt>
   <trkpt lat="40.6143040" lon="-3.1255160">
    <ele>837.6</ele>
   </trkpt>
   <trkpt lat="40.6143190" lon="-3.1254780">
    <ele>837.8</ele>
   </trkpt>
   <trkpt lat="40.6143340" lon="-3.1254410">
    <ele>838.0</ele>
   </trkpt>
   <trkpt lat="40.6143490" lon="-3.1254090">
    <ele>838.2</ele>
   </trkpt>
   <trkpt lat="40.6143650" lon="-3.1253750">
    <ele>838.4</ele>
   </trkpt>
   <trkpt lat="40.6143800" lon="-3.1253360">
    <ele>838.6</ele>
   </trkpt>
   <trkpt lat="40.6143910" lon="-3.1252950">
    <ele>838.8</ele>
   </trkpt>
   <trkpt lat="40.6143990" lon="-3.1252630">
    <ele>839.0</ele>
   </trkpt>
   <trkpt lat="40.6144070" lon="-3.1252230">
    <ele>839.2</ele>
   </trkpt>
   <trkpt lat="40.6144180" lon="-3.1251760">
    <ele>839.4</ele>
   </trkpt>
   <trkpt lat="40.6144220" lon="-3.1251360">
    <ele>839.6</ele>
   </trkpt>
   <trkpt lat="40.6144260" lon="-3.1250960">
    <ele>839.8</ele>
   </trkpt>
   <trkpt lat="40.6144290" lon="-3.1250560">
    <ele>840.0</ele>
   </trkpt>
   <trkpt lat="40.6144330" lon="-3.1250160">
    <ele>840.2</ele>
   </trkpt>
   <trkpt lat="40.6144370" lon="-3.1249780">
    <ele>840.4</ele>
   </trkpt>
   <trkpt lat="40.6144410" lon="-3.1249390">
    <ele>840.6</ele>
   </trkpt>
   <trkpt lat="40.6144410" lon="-3.1249030">
    <ele>840.8</ele>
   </trkpt>
   <trkpt lat="40.6144410" lon="-3.1248730">
    <ele>841.0</ele>
   </trkpt>
   <trkpt lat="40.6144410" lon="-3.1248330">
    <ele>841.2</ele>
   </trkpt>
   <trkpt lat="40.6144410" lon="-3.1247980">
    <ele>841.4</ele>
   </trkpt>
   <trkpt lat="40.6144410" lon="-3.1247610">
    <ele>841.6</ele>
   </trkpt>
   <trkpt lat="40.6144330" lon="-3.1247250">
    <ele>841.8</ele>
   </trkpt>
   <trkpt lat="40.6144290" lon="-3.1246880">
    <ele>841.8</ele>
   </trkpt>
   <trkpt lat="40.6144290" lon="-3.1246500">
    <ele>842.0</ele>
   </trkpt>
   <trkpt lat="40.6144220" lon="-3.1246130">
    <ele>842.2</ele>
   </trkpt>
   <trkpt lat="40.6144180" lon="-3.1245760">
    <ele>842.4</ele>
   </trkpt>
   <trkpt lat="40.6144100" lon="-3.1245460">
    <ele>842.6</ele>
   </trkpt>
   <trkpt lat="40.6143990" lon="-3.1245030">
    <ele>842.8</ele>
   </trkpt>
   <trkpt lat="40.6143910" lon="-3.1244660">
    <ele>843.0</ele>
   </trkpt>
   <trkpt lat="40.6143840" lon="-3.1244310">
    <ele>843.2</ele>
   </trkpt>
   <trkpt lat="40.6143760" lon="-3.1244030">
    <ele>843.4</ele>
   </trkpt>
   <trkpt lat="40.6143610" lon="-3.1243610">
    <ele>843.6</ele>
   </trkpt>
   <trkpt lat="40.6143490" lon="-3.1243280">
    <ele>843.8</ele>
   </trkpt>
   <trkpt lat="40.6143380" lon="-3.1242940">
    <ele>844.0</ele>
   </trkpt>
   <trkpt lat="40.6143230" lon="-3.1242610">
    <ele>844.2</ele>
   </trkpt>
   <trkpt lat="40.6143070" lon="-3.1242290">
    <ele>844.4</ele>
   </trkpt>
   <trkpt lat="40.6142960" lon="-3.1241970">
    <ele>844.6</ele>
   </trkpt>
   <trkpt lat="40.6142880" lon="-3.1241660">
    <ele>844.8</ele>
   </trkpt>
   <trkpt lat="40.6142730" lon="-3.1241360">
    <ele>845.0</ele>
   </trkpt>
   <trkpt lat="40.6142580" lon="-3.1241060">
    <ele>845.2</ele>
   </trkpt>
   <trkpt lat="40.6142430" lon="-3.1240730">
    <ele>845.4</ele>
   </trkpt>
   <trkpt lat="40.6142270" lon="-3.1240390">
    <ele>845.6</ele>
   </trkpt>
   <trkpt lat="40.6142160" lon="-3.1240080">
    <ele>845.8</ele>
   </trkpt>
   <trkpt lat="40.6142010" lon="-3.1239760">
    <ele>846.0</ele>
   </trkpt>
   <trkpt lat="40.6141850" lon="-3.1239440">
    <ele>846.2</ele>
   </trkpt>
   <trkpt lat="40.6141700" lon="-3.1239110">
    <ele>846.4</ele>
   </trkpt>
   <trkpt lat="40.6141550" lon="-3.1238790">
    <ele>846.6</ele>
   </trkpt>
   <trkpt lat="40.6141430" lon="-3.1238480">
    <ele>846.8</ele>
   </trkpt>
   <trkpt lat="40.6141320" lon="-3.1238190">
    <ele>847.0</ele>
   </trkpt>
   <trkpt lat="40.6141200" lon="-3.1237860">
    <ele>847.2</ele>
   </trkpt>
   <trkpt lat="40.6141010" lon="-3.1237480">
    <ele>847.4</ele>
   </trkpt>
   <trkpt lat="40.6140900" lon="-3.1237160">
    <ele>847.6</ele>
   </trkpt>
   <trkpt lat="40.6140780" lon="-3.1236830">
    <ele>847.8</ele>
   </trkpt>
   <trkpt lat="40.6140670" lon="-3.1236540">
    <ele>848.0</ele>
   </trkpt>
   <trkpt lat="40.6140520" lon="-3.1236150">
    <ele>848.2</ele>
   </trkpt>
   <trkpt lat="40.6140370" lon="-3.1235830">
    <ele>848.4</ele>
   </trkpt>
   <trkpt lat="40.6140210" lon="-3.1235510">
    <ele>848.6</ele>
   </trkpt>
   <trkpt lat="40.6140060" lon="-3.1235210">
    <ele>848.8</ele>
   </trkpt>
   <trkpt lat="40.6139950" lon="-3.1234890">
    <ele>849.0</ele>
   </trkpt>
   <trkpt lat="40.6139830" lon="-3.1234540">
    <ele>849.2</ele>
   </trkpt>
   <trkpt lat="40.6139720" lon="-3.1234190">
    <ele>849.4</ele>
   </trkpt>
   <trkpt lat="40.6139640" lon="-3.1233830">
    <ele>849.6</ele>
   </trkpt>
   <trkpt lat="40.6139560" lon="-3.1233490">
    <ele>849.8</ele>
   </trkpt>
   <trkpt lat="40.6139450" lon="-3.1233180">
    <ele>850.0</ele>
   </trkpt>
   <trkpt lat="40.6139340" lon="-3.1232830">
    <ele>850.2</ele>
   </trkpt>
   <trkpt lat="40.6139260" lon="-3.1232490">
    <ele>850.4</ele>
   </trkpt>
   <trkpt lat="40.6139180" lon="-3.1232160">
    <ele>850.4</ele>
   </trkpt>
   <trkpt lat="40.6139070" lon="-3.1231840">
    <ele>850.6</ele>
   </trkpt>
   <trkpt lat="40.6138950" lon="-3.1231530">
    <ele>850.8</ele>
   </trkpt>
   <trkpt lat="40.6138840" lon="-3.1231240">
    <ele>851.0</ele>
   </trkpt>
   <trkpt lat="40.6138730" lon="-3.1230940">
    <ele>851.2</ele>
   </trkpt>
   <trkpt lat="40.6138610" lon="-3.1230610">
    <ele>851.4</ele>
   </trkpt>
   <trkpt lat="40.6138570" lon="-3.1230240">
    <ele>851.6</ele>
   </trkpt>
   <trkpt lat="40.6138570" lon="-3.1229880">
    <ele>851.8</ele>
   </trkpt>
   <trkpt lat="40.6138530" lon="-3.1229510">
    <ele>852.0</ele>
   </trkpt>
   <trkpt lat="40.6138500" lon="-3.1229160">
    <ele>852.2</ele>
   </trkpt>
   <trkpt lat="40.6138500" lon="-3.1228800">
    <ele>852.4</ele>
   </trkpt>
   <trkpt lat="40.6138500" lon="-3.1228490">
    <ele>852.6</ele>
   </trkpt>
   <trkpt lat="40.6138500" lon="-3.1228120">
    <ele>852.8</ele>
   </trkpt>
   <trkpt lat="40.6138500" lon="-3.1227710">
    <ele>853.0</ele>
   </trkpt>
   <trkpt lat="40.6138530" lon="-3.1227330">
    <ele>853.2</ele>
   </trkpt>
   <trkpt lat="40.6138570" lon="-3.1226930">
    <ele>853.4</ele>
   </trkpt>
   <trkpt lat="40.6138650" lon="-3.1226530">
    <ele>853.4</ele>
   </trkpt>
   <trkpt lat="40.6138690" lon="-3.1226160">
    <ele>853.6</ele>
   </trkpt>
   <trkpt lat="40.6138760" lon="-3.1225780">
    <ele>853.8</ele>
   </trkpt>
   <trkpt lat="40.6138840" lon="-3.1225360">
    <ele>854.0</ele>
   </trkpt>
   <trkpt lat="40.6138920" lon="-3.1224950">
    <ele>854.2</ele>
   </trkpt>
   <trkpt lat="40.6138990" lon="-3.1224580">
    <ele>854.4</ele>
   </trkpt>
   <trkpt lat="40.6139070" lon="-3.1224200">
    <ele>854.6</ele>
   </trkpt>
   <trkpt lat="40.6139180" lon="-3.1223780">
    <ele>854.8</ele>
   </trkpt>
   <trkpt lat="40.6139300" lon="-3.1223340">
    <ele>855.0</ele>
   </trkpt>
   <trkpt lat="40.6139370" lon="-3.1222930">
    <ele>855.0</ele>
   </trkpt>
   <trkpt lat="40.6139490" lon="-3.1222560">
    <ele>855.2</ele>
   </trkpt>
   <trkpt lat="40.6139560" lon="-3.1222210">
    <ele>855.4</ele>
   </trkpt>
   <trkpt lat="40.6139720" lon="-3.1221860">
    <ele>855.6</ele>
   </trkpt>
   <trkpt lat="40.6139830" lon="-3.1221510">
    <ele>855.8</ele>
   </trkpt>
   <trkpt lat="40.6139950" lon="-3.1221160">
    <ele>856.0</ele>
   </trkpt>
   <trkpt lat="40.6140060" lon="-3.1220780">
    <ele>856.0</ele>
   </trkpt>
   <trkpt lat="40.6140140" lon="-3.1220480">
    <ele>856.2</ele>
   </trkpt>
   <trkpt lat="40.6140250" lon="-3.1220030">
    <ele>856.4</ele>
   </trkpt>
   <trkpt lat="40.6140370" lon="-3.1219680">
    <ele>856.6</ele>
   </trkpt>
   <trkpt lat="40.6140440" lon="-3.1219310">
    <ele>856.8</ele>
   </trkpt>
   <trkpt lat="40.6140560" lon="-3.1218960">
    <ele>857.0</ele>
   </trkpt>
   <trkpt lat="40.6140630" lon="-3.1218600">
    <ele>857.2</ele>
   </trkpt>
   <trkpt lat="40.6140780" lon="-3.1218230">
    <ele>857.4</ele>
   </trkpt>
   <trkpt lat="40.6140900" lon="-3.1217880">
    <ele>857.4</ele>
   </trkpt>
   <trkpt lat="40.6141010" lon="-3.1217530">
    <ele>857.6</ele>
   </trkpt>
   <trkpt lat="40.6141130" lon="-3.1217160">
    <ele>857.8</ele>
   </trkpt>
   <trkpt lat="40.6141240" lon="-3.1216780">
    <ele>858.0</ele>
   </trkpt>
   <trkpt lat="40.6141360" lon="-3.1216440">
    <ele>858.2</ele>
   </trkpt>
   <trkpt lat="40.6141470" lon="-3.1216090">
    <ele>858.4</ele>
   </trkpt>
   <trkpt lat="40.6141620" lon="-3.1215750">
    <ele>858.6</ele>
   </trkpt>
   <trkpt lat="40.6141740" lon="-3.1215380">
    <ele>858.8</ele>
   </trkpt>
   <trkpt lat="40.6141850" lon="-3.1215030">
    <ele>859.0</ele>
   </trkpt>
   <trkpt lat="40.6142010" lon="-3.1214690">
    <ele>859.2</ele>
   </trkpt>
   <trkpt lat="40.6142080" lon="-3.1214380">
    <ele>859.4</ele>
   </trkpt>
   <trkpt lat="40.6142230" lon="-3.1214060">
    <ele>859.6</ele>
   </trkpt>
   <trkpt lat="40.6142350" lon="-3.1213730">
    <ele>859.6</ele>
   </trkpt>
   <trkpt lat="40.6142430" lon="-3.1213380">
    <ele>859.8</ele>
   </trkpt>
   <trkpt lat="40.6142540" lon="-3.1213030">
    <ele>860.0</ele>
   </trkpt>
   <trkpt lat="40.6142690" lon="-3.1212680">
    <ele>860.2</ele>
   </trkpt>
   <trkpt lat="40.6142810" lon="-3.1212340">
    <ele>860.4</ele>
   </trkpt>
   <trkpt lat="40.6142920" lon="-3.1212010">
    <ele>860.6</ele>
   </trkpt>
   <trkpt lat="40.6143000" lon="-3.1211660">
    <ele>860.8</ele>
   </trkpt>
   <trkpt lat="40.6143070" lon="-3.1211360">
    <ele>861.0</ele>
   </trkpt>
   <trkpt lat="40.6143260" lon="-3.1210960">
    <ele>861.0</ele>
   </trkpt>
   <trkpt lat="40.6143380" lon="-3.1210620">
    <ele>861.2</ele>
   </trkpt>
   <trkpt lat="40.6143490" lon="-3.1210260">
    <ele>861.4</ele>
   </trkpt>
   <trkpt lat="40.6143650" lon="-3.1209930">
    <ele>861.6</ele>
   </trkpt>
   <trkpt lat="40.6143800" lon="-3.1209590">
    <ele>861.8</ele>
   </trkpt>
   <trkpt lat="40.6143950" lon="-3.1209240">
    <ele>862.0</ele>
   </trkpt>
   <trkpt lat="40.6144100" lon="-3.1208890">
    <ele>862.2</ele>
   </trkpt>
   <trkpt lat="40.6144220" lon="-3.1208530">
    <ele>862.4</ele>
   </trkpt>
   <trkpt lat="40.6144290" lon="-3.1208210">
    <ele>862.6</ele>
   </trkpt>
   <trkpt lat="40.6144490" lon="-3.1207800">
    <ele>862.8</ele>
   </trkpt>
   <trkpt lat="40.6144680" lon="-3.1207560">
    <ele>863.0</ele>
   </trkpt>
   <trkpt lat="40.6144940" lon="-3.1207310">
    <ele>863.2</ele>
   </trkpt>
   <trkpt lat="40.6145210" lon="-3.1207070">
    <ele>863.4</ele>
   </trkpt>
   <trkpt lat="40.6145480" lon="-3.1206840">
    <ele>863.8</ele>
   </trkpt>
   <trkpt lat="40.6145740" lon="-3.1206580">
    <ele>864.0</ele>
   </trkpt>
   <trkpt lat="40.6145930" lon="-3.1206370">
    <ele>864.4</ele>
   </trkpt>
   <trkpt lat="40.6146200" lon="-3.1206090">
    <ele>864.6</ele>
   </trkpt>
   <trkpt lat="40.6146350" lon="-3.1205920">
    <ele>864.8</ele>
   </trkpt>
   <trkpt lat="40.6146550" lon="-3.1205750">
    <ele>865.0</ele>
   </trkpt>
   <trkpt lat="40.6146770" lon="-3.1205490">
    <ele>865.2</ele>
   </trkpt>
   <trkpt lat="40.6146960" lon="-3.1205270">
    <ele>865.4</ele>
   </trkpt>
   <trkpt lat="40.6147120" lon="-3.1205030">
    <ele>865.6</ele>
   </trkpt>
   <trkpt lat="40.6147230" lon="-3.1204730">
    <ele>865.8</ele>
   </trkpt>
   <trkpt lat="40.6147350" lon="-3.1204480">
    <ele>866.0</ele>
   </trkpt>
   <trkpt lat="40.6147420" lon="-3.1204140">
    <ele>866.2</ele>
   </trkpt>
   <trkpt lat="40.6147420" lon="-3.1203840">
    <ele>866.4</ele>
   </trkpt>
   <trkpt lat="40.6147460" lon="-3.1203570">
    <ele>866.6</ele>
   </trkpt>
   <trkpt lat="40.6147500" lon="-3.1203340">
    <ele>866.8</ele>
   </trkpt>
   <trkpt lat="40.6147500" lon="-3.1202960">
    <ele>867.0</ele>
   </trkpt>
   <trkpt lat="40.6147500" lon="-3.1202630">
    <ele>867.2</ele>
   </trkpt>
   <trkpt lat="40.6147500" lon="-3.1202310">
    <ele>867.4</ele>
   </trkpt>
   <trkpt lat="40.6147500" lon="-3.1202040">
    <ele>867.6</ele>
   </trkpt>
   <trkpt lat="40.6147420" lon="-3.1201660">
    <ele>867.8</ele>
   </trkpt>
   <trkpt lat="40.6147380" lon="-3.1201390">
    <ele>868.0</ele>
   </trkpt>
   <trkpt lat="40.6147350" lon="-3.1201000">
    <ele>868.2</ele>
   </trkpt>
   <trkpt lat="40.6147350" lon="-3.1200690">
    <ele>868.2</ele>
   </trkpt>
   <trkpt lat="40.6147310" lon="-3.1200460">
    <ele>868.4</ele>
   </trkpt>
   <trkpt lat="40.6147230" lon="-3.1200090">
    <ele>868.6</ele>
   </trkpt>
   <trkpt lat="40.6147190" lon="-3.1199760">
    <ele>868.8</ele>
   </trkpt>
   <trkpt lat="40.6147160" lon="-3.1199430">
    <ele>869.0</ele>
   </trkpt>
   <trkpt lat="40.6147080" lon="-3.1199110">
    <ele>869.2</ele>
   </trkpt>
   <trkpt lat="40.6147040" lon="-3.1198830">
    <ele>869.2</ele>
   </trkpt>
   <trkpt lat="40.6146960" lon="-3.1198430">
    <ele>869.4</ele>
   </trkpt>
   <trkpt lat="40.6146930" lon="-3.1198060">
    <ele>869.6</ele>
   </trkpt>
   <trkpt lat="40.6146850" lon="-3.1197740">
    <ele>869.8</ele>
   </trkpt>
   <trkpt lat="40.6146850" lon="-3.1197360">
    <ele>869.8</ele>
   </trkpt>
   <trkpt lat="40.6146770" lon="-3.1196910">
    <ele>870.0</ele>
   </trkpt>
   <trkpt lat="40.6146770" lon="-3.1196530">
    <ele>870.2</ele>
   </trkpt>
   <trkpt lat="40.6146770" lon="-3.1196150">
    <ele>870.4</ele>
   </trkpt>
   <trkpt lat="40.6146770" lon="-3.1195760">
    <ele>870.6</ele>
   </trkpt>
   <trkpt lat="40.6146740" lon="-3.1195380">
    <ele>870.6</ele>
   </trkpt>
   <trkpt lat="40.6146740" lon="-3.1195080">
    <ele>870.8</ele>
   </trkpt>
   <trkpt lat="40.6146740" lon="-3.1194690">
    <ele>871.0</ele>
   </trkpt>
   <trkpt lat="40.6146740" lon="-3.1194310">
    <ele>871.2</ele>
   </trkpt>
   <trkpt lat="40.6146740" lon="-3.1193860">
    <ele>871.4</ele>
   </trkpt>
   <trkpt lat="40.6146740" lon="-3.1193450">
    <ele>871.6</ele>
   </trkpt>
   <trkpt lat="40.6146770" lon="-3.1193040">
    <ele>871.6</ele>
   </trkpt>
   <trkpt lat="40.6146810" lon="-3.1192660">
    <ele>871.8</ele>
   </trkpt>
   <trkpt lat="40.6146850" lon="-3.1192360">
    <ele>872.0</ele>
   </trkpt>
   <trkpt lat="40.6146850" lon="-3.1191900">
    <ele>872.2</ele>
   </trkpt>
   <trkpt lat="40.6146850" lon="-3.1191500">
    <ele>872.4</ele>
   </trkpt>
   <trkpt lat="40.6146850" lon="-3.1191110">
    <ele>872.4</ele>
   </trkpt>
   <trkpt lat="40.6146850" lon="-3.1190710">
    <ele>872.6</ele>
   </trkpt>
   <trkpt lat="40.6146890" lon="-3.1190390">
    <ele>872.8</ele>
   </trkpt>
   <trkpt lat="40.6146930" lon="-3.1189900">
    <ele>873.0</ele>
   </trkpt>
   <trkpt lat="40.6146960" lon="-3.1189490">
    <ele>873.2</ele>
   </trkpt>
   <trkpt lat="40.6146960" lon="-3.1189080">
    <ele>873.4</ele>
   </trkpt>
   <trkpt lat="40.6146960" lon="-3.1188760">
    <ele>873.6</ele>
   </trkpt>
   <trkpt lat="40.6147000" lon="-3.1188280">
    <ele>873.6</ele>
   </trkpt>
   <trkpt lat="40.6147000" lon="-3.1187880">
    <ele>873.8</ele>
   </trkpt>
   <trkpt lat="40.6147040" lon="-3.1187480">
    <ele>874.0</ele>
   </trkpt>
   <trkpt lat="40.6147040" lon="-3.1187080">
    <ele>874.2</ele>
   </trkpt>
   <trkpt lat="40.6147040" lon="-3.1186670">
    <ele>874.4</ele>
   </trkpt>
   <trkpt lat="40.6147040" lon="-3.1186230">
    <ele>874.6</ele>
   </trkpt>
   <trkpt lat="40.6147080" lon="-3.1185820">
    <ele>874.8</ele>
   </trkpt>
   <trkpt lat="40.6147120" lon="-3.1185410">
    <ele>875.0</ele>
   </trkpt>
   <trkpt lat="40.6147120" lon="-3.1185060">
    <ele>875.2</ele>
   </trkpt>
   <trkpt lat="40.6147160" lon="-3.1184560">
    <ele>875.2</ele>
   </trkpt>
   <trkpt lat="40.6147190" lon="-3.1184160">
    <ele>875.4</ele>
   </trkpt>
   <trkpt lat="40.6147230" lon="-3.1183780">
    <ele>875.6</ele>
   </trkpt>
   <trkpt lat="40.6147270" lon="-3.1183480">
    <ele>875.8</ele>
   </trkpt>
   <trkpt lat="40.6147350" lon="-3.1183010">
    <ele>876.0</ele>
   </trkpt>
   <trkpt lat="40.6147420" lon="-3.1182610">
    <ele>876.2</ele>
   </trkpt>
   <trkpt lat="40.6147500" lon="-3.1182210">
    <ele>876.2</ele>
   </trkpt>
   <trkpt lat="40.6147570" lon="-3.1181810">
    <ele>876.4</ele>
   </trkpt>
   <trkpt lat="40.6147650" lon="-3.1181430">
    <ele>876.6</ele>
   </trkpt>
   <trkpt lat="40.6147690" lon="-3.1181060">
    <ele>876.8</ele>
   </trkpt>
   <trkpt lat="40.6147770" lon="-3.1180660">
    <ele>877.0</ele>
   </trkpt>
   <trkpt lat="40.6147800" lon="-3.1180330">
    <ele>877.2</ele>
   </trkpt>
   <trkpt lat="40.6147840" lon="-3.1179910">
    <ele>877.4</ele>
   </trkpt>
   <trkpt lat="40.6147880" lon="-3.1179430">
    <ele>877.6</ele>
   </trkpt>
   <trkpt lat="40.6147960" lon="-3.1179030">
    <ele>877.6</ele>
   </trkpt>
   <trkpt lat="40.6147990" lon="-3.1178630">
    <ele>877.8</ele>
   </trkpt>
   <trkpt lat="40.6148070" lon="-3.1178230">
    <ele>878.0</ele>
   </trkpt>
   <trkpt lat="40.6148150" lon="-3.1177830">
    <ele>878.2</ele>
   </trkpt>
   <trkpt lat="40.6148190" lon="-3.1177430">
    <ele>878.4</ele>
   </trkpt>
   <trkpt lat="40.6148220" lon="-3.1177130">
    <ele>878.6</ele>
   </trkpt>
   <trkpt lat="40.6148300" lon="-3.1176730">
    <ele>878.6</ele>
   </trkpt>
   <trkpt lat="40.6148380" lon="-3.1176330">
    <ele>878.8</ele>
   </trkpt>
   <trkpt lat="40.6148450" lon="-3.1175830">
    <ele>879.0</ele>
   </trkpt>
   <trkpt lat="40.6148530" lon="-3.1175430">
    <ele>879.2</ele>
   </trkpt>
   <trkpt lat="40.6148610" lon="-3.1175050">
    <ele>879.4</ele>
   </trkpt>
   <trkpt lat="40.6148640" lon="-3.1174740">
    <ele>879.4</ele>
   </trkpt>
   <trkpt lat="40.6148720" lon="-3.1174260">
    <ele>879.6</ele>
   </trkpt>
   <trkpt lat="40.6148800" lon="-3.1173860">
    <ele>879.8</ele>
   </trkpt>
   <trkpt lat="40.6148830" lon="-3.1173450">
    <ele>880.0</ele>
   </trkpt>
   <trkpt lat="40.6148910" lon="-3.1173050">
    <ele>880.2</ele>
   </trkpt>
   <trkpt lat="40.6148950" lon="-3.1172630">
    <ele>880.4</ele>
   </trkpt>
   <trkpt lat="40.6149020" lon="-3.1172230">
    <ele>880.6</ele>
   </trkpt>
   <trkpt lat="40.6149100" lon="-3.1171830">
    <ele>880.8</ele>
   </trkpt>
   <trkpt lat="40.6149180" lon="-3.1171410">
    <ele>881.0</ele>
   </trkpt>
   <trkpt lat="40.6149250" lon="-3.1171090">
    <ele>881.2</ele>
   </trkpt>
   <trkpt lat="40.6149370" lon="-3.1170610">
    <ele>881.4</ele>
   </trkpt>
   <trkpt lat="40.6149440" lon="-3.1170230">
    <ele>881.4</ele>
   </trkpt>
   <trkpt lat="40.6149520" lon="-3.1169850">
    <ele>881.6</ele>
   </trkpt>
   <trkpt lat="40.6149600" lon="-3.1169510">
    <ele>881.8</ele>
   </trkpt>
   <trkpt lat="40.6149710" lon="-3.1169080">
    <ele>882.0</ele>
   </trkpt>
   <trkpt lat="40.6149830" lon="-3.1168730">
    <ele>882.2</ele>
   </trkpt>
   <trkpt lat="40.6149940" lon="-3.1168390">
    <ele>882.2</ele>
   </trkpt>
   <trkpt lat="40.6150090" lon="-3.1168050">
    <ele>882.4</ele>
   </trkpt>
   <trkpt lat="40.6150170" lon="-3.1167760">
    <ele>882.6</ele>
   </trkpt>
   <trkpt lat="40.6150320" lon="-3.1167350">
    <ele>882.8</ele>
   </trkpt>
   <trkpt lat="40.6150470" lon="-3.1166980">
    <ele>883.0</ele>
   </trkpt>
   <trkpt lat="40.6150630" lon="-3.1166600">
    <ele>883.2</ele>
   </trkpt>
   <trkpt lat="40.6150780" lon="-3.1166230">
    <ele>883.2</ele>
   </trkpt>
   <trkpt lat="40.6150930" lon="-3.1165880">
    <ele>883.4</ele>
   </trkpt>
   <trkpt lat="40.6151080" lon="-3.1165510">
    <ele>883.6</ele>
   </trkpt>
   <trkpt lat="40.6151160" lon="-3.1165110">
    <ele>883.8</ele>
   </trkpt>
   <trkpt lat="40.6151160" lon="-3.1164710">
    <ele>883.8</ele>
   </trkpt>
   <trkpt lat="40.6151080" lon="-3.1164330">
    <ele>884.0</ele>
   </trkpt>
   <trkpt lat="40.6150930" lon="-3.1164000">
    <ele>884.2</ele>
   </trkpt>
   <trkpt lat="40.6150670" lon="-3.1163710">
    <ele>884.2</ele>
   </trkpt>
   <trkpt lat="40.6150400" lon="-3.1163440">
    <ele>884.4</ele>
   </trkpt>
   <trkpt lat="40.6150170" lon="-3.1163290">
    <ele>884.4</ele>
   </trkpt>
   <trkpt lat="40.6149830" lon="-3.1163120">
    <ele>884.6</ele>
   </trkpt>
   <trkpt lat="40.6149560" lon="-3.1163040">
    <ele>884.8</ele>
   </trkpt>
   <trkpt lat="40.6149250" lon="-3.1163020">
    <ele>885.0</ele>
   </trkpt>
   <trkpt lat="40.6149020" lon="-3.1162950">
    <ele>885.2</ele>
   </trkpt>
   <trkpt lat="40.6148720" lon="-3.1162870">
    <ele>885.4</ele>
   </trkpt>
   <trkpt lat="40.6148300" lon="-3.1162840">
    <ele>885.6</ele>
   </trkpt>
   <trkpt lat="40.6147990" lon="-3.1162850">
    <ele>885.8</ele>
   </trkpt>
   <trkpt lat="40.6147690" lon="-3.1162880">
    <ele>885.8</ele>
   </trkpt>
   <trkpt lat="40.6147460" lon="-3.1162930">
    <ele>886.0</ele>
   </trkpt>
   <trkpt lat="40.6147160" lon="-3.1163000">
    <ele>886.2</ele>
   </trkpt>
   <trkpt lat="40.6146770" lon="-3.1163140">
    <ele>886.2</ele>
   </trkpt>
   <trkpt lat="40.6146510" lon="-3.1163330">
    <ele>886.4</ele>
   </trkpt>
   <trkpt lat="40.6146240" lon="-3.1163560">
    <ele>886.6</ele>
   </trkpt>
   <trkpt lat="40.6146050" lon="-3.1163760">
    <ele>886.8</ele>
   </trkpt>
   <trkpt lat="40.6145740" lon="-3.1164090">
    <ele>886.8</ele>
   </trkpt>
   <trkpt lat="40.6145520" lon="-3.1164410">
    <ele>887.0</ele>
   </trkpt>
   <trkpt lat="40.6145290" lon="-3.1164760">
    <ele>887.2</ele>
   </trkpt>
   <trkpt lat="40.6145130" lon="-3.1165120">
    <ele>887.4</ele>
   </trkpt>
   <trkpt lat="40.6144980" lon="-3.1165490">
    <ele>887.6</ele>
   </trkpt>
   <trkpt lat="40.6144830" lon="-3.1165850">
    <ele>887.8</ele>
   </trkpt>
   <trkpt lat="40.6144680" lon="-3.1166220">
    <ele>888.0</ele>
   </trkpt>
   <trkpt lat="40.6144520" lon="-3.1166590">
    <ele>888.2</ele>
   </trkpt>
   <trkpt lat="40.6144410" lon="-3.1166910">
    <ele>888.2</ele>
   </trkpt>
   <trkpt lat="40.6144220" lon="-3.1167390">
    <ele>888.4</ele>
   </trkpt>
   <trkpt lat="40.6144070" lon="-3.1167740">
    <ele>888.6</ele>
   </trkpt>
   <trkpt lat="40.6143950" lon="-3.1168090">
    <ele>888.8</ele>
   </trkpt>
   <trkpt lat="40.6143840" lon="-3.1168370">
    <ele>889.0</ele>
   </trkpt>
   <trkpt lat="40.6143680" lon="-3.1168800">
    <ele>889.0</ele>
   </trkpt>
   <trkpt lat="40.6143530" lon="-3.1169170">
    <ele>889.2</ele>
   </trkpt>
   <trkpt lat="40.6143340" lon="-3.1169540">
    <ele>889.4</ele>
   </trkpt>
   <trkpt lat="40.6143190" lon="-3.1169910">
    <ele>889.4</ele>
   </trkpt>
   <trkpt lat="40.6143070" lon="-3.1170210">
    <ele>889.6</ele>
   </trkpt>
   <trkpt lat="40.6142920" lon="-3.1170630">
    <ele>889.8</ele>
   </trkpt>
   <trkpt lat="40.6142770" lon="-3.1170990">
    <ele>890.0</ele>
   </trkpt>
   <trkpt lat="40.6142620" lon="-3.1171320">
    <ele>890.2</ele>
   </trkpt>
   <trkpt lat="40.6142500" lon="-3.1171690">
    <ele>890.4</ele>
   </trkpt>
   <trkpt lat="40.6142350" lon="-3.1172040">
    <ele>890.6</ele>
   </trkpt>
   <trkpt lat="40.6142200" lon="-3.1172400">
    <ele>890.6</ele>
   </trkpt>
   <trkpt lat="40.6142040" lon="-3.1172740">
    <ele>890.8</ele>
   </trkpt>
   <trkpt lat="40.6141890" lon="-3.1173020">
    <ele>891.0</ele>
   </trkpt>
   <trkpt lat="40.6141700" lon="-3.1173340">
    <ele>891.2</ele>
   </trkpt>
   <trkpt lat="40.6141470" lon="-3.1173690">
    <ele>891.2</ele>
   </trkpt>
   <trkpt lat="40.6141280" lon="-3.1174010">
    <ele>891.4</ele>
   </trkpt>
   <trkpt lat="40.6141090" lon="-3.1174320">
    <ele>891.6</ele>
   </trkpt>
   <trkpt lat="40.6140860" lon="-3.1174660">
    <ele>891.8</ele>
   </trkpt>
   <trkpt lat="40.6140630" lon="-3.1174960">
    <ele>892.0</ele>
   </trkpt>
   <trkpt lat="40.6140400" lon="-3.1175280">
    <ele>892.2</ele>
   </trkpt>
   <trkpt lat="40.6140210" lon="-3.1175540">
    <ele>892.2</ele>
   </trkpt>
   <trkpt lat="40.6139980" lon="-3.1175810">
    <ele>892.4</ele>
   </trkpt>
   <trkpt lat="40.6139830" lon="-3.1176060">
    <ele>892.6</ele>
   </trkpt>
   <trkpt lat="40.6139560" lon="-3.1176420">
    <ele>892.8</ele>
   </trkpt>
   <trkpt lat="40.6139340" lon="-3.1176720">
    <ele>893.0</ele>
   </trkpt>
   <trkpt lat="40.6139140" lon="-3.1177030">
    <ele>893.2</ele>
   </trkpt>
   <trkpt lat="40.6138920" lon="-3.1177340">
    <ele>893.2</ele>
   </trkpt>
   <trkpt lat="40.6138730" lon="-3.1177670">
    <ele>893.4</ele>
   </trkpt>
   <trkpt lat="40.6138530" lon="-3.1178020">
    <ele>893.6</ele>
   </trkpt>
   <trkpt lat="40.6138270" lon="-3.1178320">
    <ele>893.8</ele>
   </trkpt>
   <trkpt lat="40.6138080" lon="-3.1178560">
    <ele>894.0</ele>
   </trkpt>
   <trkpt lat="40.6137850" lon="-3.1178840">
    <ele>894.0</ele>
   </trkpt>
   <trkpt lat="40.6137580" lon="-3.1179230">
    <ele>894.2</ele>
   </trkpt>
   <trkpt lat="40.6137350" lon="-3.1179570">
    <ele>894.4</ele>
   </trkpt>
   <trkpt lat="40.6137120" lon="-3.1179920">
    <ele>894.6</ele>
   </trkpt>
   <trkpt lat="40.6136890" lon="-3.1180260">
    <ele>895.0</ele>
   </trkpt>
   <trkpt lat="40.6136670" lon="-3.1180590">
    <ele>895.2</ele>
   </trkpt>
   <trkpt lat="40.6136440" lon="-3.1180920">
    <ele>895.4</ele>
   </trkpt>
   <trkpt lat="40.6136170" lon="-3.1181270">
    <ele>895.4</ele>
   </trkpt>
   <trkpt lat="40.6135940" lon="-3.1181590">
    <ele>895.6</ele>
   </trkpt>
   <trkpt lat="40.6135750" lon="-3.1181910">
    <ele>895.8</ele>
   </trkpt>
   <trkpt lat="40.6135520" lon="-3.1182220">
    <ele>896.0</ele>
   </trkpt>
   <trkpt lat="40.6135290" lon="-3.1182520">
    <ele>896.2</ele>
   </trkpt>
   <trkpt lat="40.6135100" lon="-3.1182810">
    <ele>896.4</ele>
   </trkpt>
   <trkpt lat="40.6134910" lon="-3.1183040">
    <ele>896.4</ele>
   </trkpt>
   <trkpt lat="40.6134610" lon="-3.1183410">
    <ele>896.6</ele>
   </trkpt>
   <trkpt lat="40.6134380" lon="-3.1183710">
    <ele>896.8</ele>
   </trkpt>
   <trkpt lat="40.6134150" lon="-3.1184040">
    <ele>897.0</ele>
   </trkpt>
   <trkpt lat="40.6133840" lon="-3.1184370">
    <ele>897.0</ele>
   </trkpt>
   <trkpt lat="40.6133540" lon="-3.1184690">
    <ele>897.2</ele>
   </trkpt>
   <trkpt lat="40.6133270" lon="-3.1185010">
    <ele>897.4</ele>
   </trkpt>
   <trkpt lat="40.6133000" lon="-3.1185320">
    <ele>897.4</ele>
   </trkpt>
   <trkpt lat="40.6132740" lon="-3.1185610">
    <ele>897.6</ele>
   </trkpt>
   <trkpt lat="40.6132510" lon="-3.1185810">
    <ele>897.8</ele>
   </trkpt>
   <trkpt lat="40.6132130" lon="-3.1186080">
    <ele>898.0</ele>
   </trkpt>
   <trkpt lat="40.6131780" lon="-3.1186260">
    <ele>898.2</ele>
   </trkpt>
   <trkpt lat="40.6131440" lon="-3.1186380">
    <ele>898.4</ele>
   </trkpt>
   <trkpt lat="40.6131100" lon="-3.1186450">
    <ele>898.4</ele>
   </trkpt>
   <trkpt lat="40.6130750" lon="-3.1186450">
    <ele>898.6</ele>
   </trkpt>
   <trkpt lat="40.6130410" lon="-3.1186450">
    <ele>898.8</ele>
   </trkpt>
   <trkpt lat="40.6130070" lon="-3.1186400">
    <ele>898.8</ele>
   </trkpt>
   <trkpt lat="40.6129720" lon="-3.1186340">
    <ele>899.0</ele>
   </trkpt>
   <trkpt lat="40.6129460" lon="-3.1186250">
    <ele>899.2</ele>
   </trkpt>
   <trkpt lat="40.6129000" lon="-3.1186150">
    <ele>899.2</ele>
   </trkpt>
   <trkpt lat="40.6128620" lon="-3.1186050">
    <ele>899.2</ele>
   </trkpt>
   <trkpt lat="40.6128230" lon="-3.1185940">
    <ele>899.4</ele>
   </trkpt>
   <trkpt lat="40.6127820" lon="-3.1185820">
    <ele>899.4</ele>
   </trkpt>
   <trkpt lat="40.6127430" lon="-3.1185670">
    <ele>899.6</ele>
   </trkpt>
   <trkpt lat="40.6127050" lon="-3.1185520">
    <ele>899.6</ele>
   </trkpt>
   <trkpt lat="40.6126630" lon="-3.1185360">
    <ele>899.6</ele>
   </trkpt>
   <trkpt lat="40.6126210" lon="-3.1185190">
    <ele>899.8</ele>
   </trkpt>
   <trkpt lat="40.6125790" lon="-3.1185000">
    <ele>899.8</ele>
   </trkpt>
   <trkpt lat="40.6125410" lon="-3.1184840">
    <ele>900.0</ele>
   </trkpt>
   <trkpt lat="40.6124950" lon="-3.1184640">
    <ele>900.2</ele>
   </trkpt>
   <trkpt lat="40.6124530" lon="-3.1184450">
    <ele>900.2</ele>
   </trkpt>
   <trkpt lat="40.6124110" lon="-3.1184300">
    <ele>900.2</ele>
   </trkpt>
   <trkpt lat="40.6123770" lon="-3.1184160">
    <ele>900.4</ele>
   </trkpt>
   <trkpt lat="40.6123280" lon="-3.1183940">
    <ele>900.4</ele>
   </trkpt>
   <trkpt lat="40.6122860" lon="-3.1183720">
    <ele>900.4</ele>
   </trkpt>
   <trkpt lat="40.6122440" lon="-3.1183510">
    <ele>900.4</ele>
   </trkpt>
   <trkpt lat="40.6122050" lon="-3.1183320">
    <ele>900.6</ele>
   </trkpt>
   <trkpt lat="40.6121480" lon="-3.1183070">
    <ele>900.6</ele>
   </trkpt>
   <trkpt lat="40.6121060" lon="-3.1182870">
    <ele>900.6</ele>
   </trkpt>
   <trkpt lat="40.6120570" lon="-3.1182670">
    <ele>900.8</ele>
   </trkpt>
   <trkpt lat="40.6120150" lon="-3.1182490">
    <ele>900.8</ele>
   </trkpt>
   <trkpt lat="40.6119770" lon="-3.1182340">
    <ele>901.0</ele>
   </trkpt>
   <trkpt lat="40.6119190" lon="-3.1182110">
    <ele>901.0</ele>
   </trkpt>
   <trkpt lat="40.6118740" lon="-3.1181870">
    <ele>901.2</ele>
   </trkpt>
   <trkpt lat="40.6118280" lon="-3.1181660">
    <ele>901.2</ele>
   </trkpt>
   <trkpt lat="40.6117900" lon="-3.1181490">
    <ele>901.2</ele>
   </trkpt>
   <trkpt lat="40.6117320" lon="-3.1181270">
    <ele>901.4</ele>
   </trkpt>
   <trkpt lat="40.6116870" lon="-3.1181090">
    <ele>901.6</ele>
   </trkpt>
   <trkpt lat="40.6116370" lon="-3.1180900">
    <ele>901.6</ele>
   </trkpt>
   <trkpt lat="40.6115910" lon="-3.1180720">
    <ele>901.8</ele>
   </trkpt>
   <trkpt lat="40.6115420" lon="-3.1180570">
    <ele>902.0</ele>
   </trkpt>
   <trkpt lat="40.6115000" lon="-3.1180440">
    <ele>902.0</ele>
   </trkpt>
   <trkpt lat="40.6114500" lon="-3.1180340">
    <ele>902.2</ele>
   </trkpt>
   <trkpt lat="40.6114040" lon="-3.1180190">
    <ele>902.2</ele>
   </trkpt>
   <trkpt lat="40.6113700" lon="-3.1180070">
    <ele>902.2</ele>
   </trkpt>
   <trkpt lat="40.6113130" lon="-3.1179870">
    <ele>902.4</ele>
   </trkpt>
   <trkpt lat="40.6112630" lon="-3.1179670">
    <ele>902.4</ele>
   </trkpt>
   <trkpt lat="40.6112170" lon="-3.1179460">
    <ele>902.6</ele>
   </trkpt>
   <trkpt lat="40.6111680" lon="-3.1179190">
    <ele>902.6</ele>
   </trkpt>
   <trkpt lat="40.6111180" lon="-3.1178880">
    <ele>902.6</ele>
   </trkpt>
   <trkpt lat="40.6110730" lon="-3.1178560">
    <ele>902.8</ele>
   </trkpt>
   <trkpt lat="40.6110270" lon="-3.1178210">
    <ele>902.8</ele>
   </trkpt>
   <trkpt lat="40.6109850" lon="-3.1177960">
    <ele>902.8</ele>
   </trkpt>
   <trkpt lat="40.6109390" lon="-3.1177660">
    <ele>903.0</ele>
   </trkpt>
   <trkpt lat="40.6108860" lon="-3.1177290">
    <ele>903.0</ele>
   </trkpt>
   <trkpt lat="40.6108360" lon="-3.1176980">
    <ele>903.2</ele>
   </trkpt>
   <trkpt lat="40.6107900" lon="-3.1176690">
    <ele>903.2</ele>
   </trkpt>
   <trkpt lat="40.6107520" lon="-3.1176470">
    <ele>903.4</ele>
   </trkpt>
   <trkpt lat="40.6107060" lon="-3.1176210">
    <ele>903.4</ele>
   </trkpt>
   <trkpt lat="40.6106490" lon="-3.1175870">
    <ele>903.4</ele>
   </trkpt>
   <trkpt lat="40.6106030" lon="-3.1175590">
    <ele>903.6</ele>
   </trkpt>
   <trkpt lat="40.6105580" lon="-3.1175280">
    <ele>903.6</ele>
   </trkpt>
   <trkpt lat="40.6105080" lon="-3.1174960">
    <ele>903.8</ele>
   </trkpt>
   <trkpt lat="40.6104580" lon="-3.1174640">
    <ele>904.0</ele>
   </trkpt>
   <trkpt lat="40.6104130" lon="-3.1174340">
    <ele>904.0</ele>
   </trkpt>
   <trkpt lat="40.6103630" lon="-3.1174030">
    <ele>904.2</ele>
   </trkpt>
   <trkpt lat="40.6103130" lon="-3.1173730">
    <ele>904.2</ele>
   </trkpt>
   <trkpt lat="40.6102750" lon="-3.1173470">
    <ele>904.4</ele>
   </trkpt>
   <trkpt lat="40.6102220" lon="-3.1173110">
    <ele>904.6</ele>
   </trkpt>
   <trkpt lat="40.6101720" lon="-3.1172880">
    <ele>904.8</ele>
   </trkpt>
   <trkpt lat="40.6101260" lon="-3.1172610">
    <ele>904.8</ele>
   </trkpt>
   <trkpt lat="40.6100810" lon="-3.1172340">
    <ele>905.0</ele>
   </trkpt>
   <trkpt lat="40.6100430" lon="-3.1172140">
    <ele>905.2</ele>
   </trkpt>
   <trkpt lat="40.6099890" lon="-3.1171750">
    <ele>905.4</ele>
   </trkpt>
   <trkpt lat="40.6099470" lon="-3.1171420">
    <ele>905.6</ele>
   </trkpt>
   <trkpt lat="40.6099010" lon="-3.1171030">
    <ele>905.6</ele>
   </trkpt>
   <trkpt lat="40.6098670" lon="-3.1170690">
    <ele>905.8</ele>
   </trkpt>
   <trkpt lat="40.6098210" lon="-3.1170220">
    <ele>906.0</ele>
   </trkpt>
   <trkpt lat="40.6097790" lon="-3.1169780">
    <ele>906.0</ele>
   </trkpt>
   <trkpt lat="40.6097370" lon="-3.1169350">
    <ele>906.2</ele>
   </trkpt>
   <trkpt lat="40.6096950" lon="-3.1168950">
    <ele>906.4</ele>
   </trkpt>
   <trkpt lat="40.6096530" lon="-3.1168540">
    <ele>906.4</ele>
   </trkpt>
   <trkpt lat="40.6096120" lon="-3.1168180">
    <ele>906.6</ele>
   </trkpt>
   <trkpt lat="40.6095730" lon="-3.1167810">
    <ele>906.8</ele>
   </trkpt>
   <trkpt lat="40.6095310" lon="-3.1167410">
    <ele>906.8</ele>
   </trkpt>
   <trkpt lat="40.6094930" lon="-3.1166990">
    <ele>907.0</ele>
   </trkpt>
   <trkpt lat="40.6094550" lon="-3.1166560">
    <ele>907.0</ele>
   </trkpt>
   <trkpt lat="40.6094130" lon="-3.1166130">
    <ele>907.2</ele>
   </trkpt>
   <trkpt lat="40.6093750" lon="-3.1165710">
    <ele>907.4</ele>
   </trkpt>
   <trkpt lat="40.6093370" lon="-3.1165280">
    <ele>907.6</ele>
   </trkpt>
   <trkpt lat="40.6092950" lon="-3.1164880">
    <ele>907.6</ele>
   </trkpt>
   <trkpt lat="40.6092570" lon="-3.1164490">
    <ele>907.8</ele>
   </trkpt>
   <trkpt lat="40.6092190" lon="-3.1164130">
    <ele>908.0</ele>
   </trkpt>
   <trkpt lat="40.6091840" lon="-3.1163820">
    <ele>908.2</ele>
   </trkpt>
   <trkpt lat="40.6091420" lon="-3.1163460">
    <ele>908.2</ele>
   </trkpt>
   <trkpt lat="40.6090970" lon="-3.1163050">
    <ele>908.4</ele>
   </trkpt>
   <trkpt lat="40.6090580" lon="-3.1162690">
    <ele>908.4</ele>
   </trkpt>
   <trkpt lat="40.6090160" lon="-3.1162410">
    <ele>908.4</ele>
   </trkpt>
   <trkpt lat="40.6089780" lon="-3.1162250">
    <ele>908.6</ele>
   </trkpt>
   <trkpt lat="40.6089210" lon="-3.1162170">
    <ele>908.6</ele>
   </trkpt>
   <trkpt lat="40.6088750" lon="-3.1162250">
    <ele>908.6</ele>
   </trkpt>
   <trkpt lat="40.6088450" lon="-3.1162640">
    <ele>908.8</ele>
   </trkpt>
   <trkpt lat="40.6088220" lon="-3.1163180">
    <ele>908.8</ele>
   </trkpt>
   <trkpt lat="40.6088100" lon="-3.1163810">
    <ele>909.0</ele>
   </trkpt>
   <trkpt lat="40.6088070" lon="-3.1164480">
    <ele>909.2</ele>
   </trkpt>
   <trkpt lat="40.6088100" lon="-3.1165140">
    <ele>909.4</ele>
   </trkpt>
   <trkpt lat="40.6088220" lon="-3.1165810">
    <ele>909.6</ele>
   </trkpt>
   <trkpt lat="40.6088330" lon="-3.1166330">
    <ele>909.8</ele>
   </trkpt>
   <trkpt lat="40.6088520" lon="-3.1167040">
    <ele>909.8</ele>
   </trkpt>
   <trkpt lat="40.6088640" lon="-3.1167620">
    <ele>910.0</ele>
   </trkpt>
   <trkpt lat="40.6088750" lon="-3.1168140">
    <ele>910.2</ele>
   </trkpt>
   <trkpt lat="40.6088870" lon="-3.1168650">
    <ele>910.2</ele>
   </trkpt>
   <trkpt lat="40.6088940" lon="-3.1169100">
    <ele>910.4</ele>
   </trkpt>
   <trkpt lat="40.6089020" lon="-3.1169760">
    <ele>910.6</ele>
   </trkpt>
   <trkpt lat="40.6089130" lon="-3.1170300">
    <ele>910.8</ele>
   </trkpt>
   <trkpt lat="40.6089130" lon="-3.1170740">
    <ele>910.8</ele>
   </trkpt>
   <trkpt lat="40.6089170" lon="-3.1171250">
    <ele>911.0</ele>
   </trkpt>
   <trkpt lat="40.6089130" lon="-3.1171910">
    <ele>911.2</ele>
   </trkpt>
   <trkpt lat="40.6089100" lon="-3.1172510">
    <ele>911.2</ele>
   </trkpt>
   <trkpt lat="40.6089060" lon="-3.1173100">
    <ele>911.4</ele>
   </trkpt>
   <trkpt lat="40.6088980" lon="-3.1173570">
    <ele>911.4</ele>
   </trkpt>
   <trkpt lat="40.6088940" lon="-3.1174230">
    <ele>911.6</ele>
   </trkpt>
   <trkpt lat="40.6088940" lon="-3.1174800">
    <ele>911.8</ele>
   </trkpt>
   <trkpt lat="40.6088870" lon="-3.1175380">
    <ele>911.8</ele>
   </trkpt>
   <trkpt lat="40.6088790" lon="-3.1176000">
    <ele>912.0</ele>
   </trkpt>
   <trkpt lat="40.6088710" lon="-3.1176520">
    <ele>912.2</ele>
   </trkpt>
   <trkpt lat="40.6088640" lon="-3.1177260">
    <ele>912.4</ele>
   </trkpt>
   <trkpt lat="40.6088600" lon="-3.1177910">
    <ele>912.4</ele>
   </trkpt>
   <trkpt lat="40.6088490" lon="-3.1178530">
    <ele>912.6</ele>
   </trkpt>
   <trkpt lat="40.6088450" lon="-3.1179160">
    <ele>912.8</ele>
   </trkpt>
   <trkpt lat="40.6088330" lon="-3.1179770">
    <ele>913.0</ele>
   </trkpt>
   <trkpt lat="40.6088220" lon="-3.1180400">
    <ele>913.2</ele>
   </trkpt>
   <trkpt lat="40.6088180" lon="-3.1181000">
    <ele>913.4</ele>
   </trkpt>
   <trkpt lat="40.6088140" lon="-3.1181560">
    <ele>913.6</ele>
   </trkpt>
   <trkpt lat="40.6088100" lon="-3.1182020">
    <ele>913.8</ele>
   </trkpt>
   <trkpt lat="40.6088030" lon="-3.1182660">
    <ele>914.0</ele>
   </trkpt>
   <trkpt lat="40.6087910" lon="-3.1183200">
    <ele>914.2</ele>
   </trkpt>
   <trkpt lat="40.6087760" lon="-3.1183720">
    <ele>914.4</ele>
   </trkpt>
   <trkpt lat="40.6087650" lon="-3.1184110">
    <ele>914.6</ele>
   </trkpt>
   <trkpt lat="40.6087490" lon="-3.1184570">
    <ele>914.8</ele>
   </trkpt>
   <trkpt lat="40.6087260" lon="-3.1185150">
    <ele>915.0</ele>
   </trkpt>
   <trkpt lat="40.6087070" lon="-3.1185620">
    <ele>915.2</ele>
   </trkpt>
   <trkpt lat="40.6086880" lon="-3.1186080">
    <ele>915.2</ele>
   </trkpt>
   <trkpt lat="40.6086690" lon="-3.1186450">
    <ele>915.4</ele>
   </trkpt>
   <trkpt lat="40.6086430" lon="-3.1186870">
    <ele>915.6</ele>
   </trkpt>
   <trkpt lat="40.6086120" lon="-3.1187330">
    <ele>915.8</ele>
   </trkpt>
   <trkpt lat="40.6085890" lon="-3.1187720">
    <ele>916.0</ele>
   </trkpt>
   <trkpt lat="40.6085590" lon="-3.1188060">
    <ele>916.2</ele>
   </trkpt>
   <trkpt lat="40.6085280" lon="-3.1188340">
    <ele>916.4</ele>
   </trkpt>
   <trkpt lat="40.6084980" lon="-3.1188610">
    <ele>916.4</ele>
   </trkpt>
   <trkpt lat="40.6084630" lon="-3.1188910">
    <ele>916.6</ele>
   </trkpt>
   <trkpt lat="40.6084290" lon="-3.1189130">
    <ele>916.8</ele>
   </trkpt>
   <trkpt lat="40.6083950" lon="-3.1189310">
    <ele>917.0</ele>
   </trkpt>
   <trkpt lat="40.6083640" lon="-3.1189430">
    <ele>917.2</ele>
   </trkpt>
   <trkpt lat="40.6083220" lon="-3.1189560">
    <ele>917.6</ele>
   </trkpt>
   <trkpt lat="40.6082920" lon="-3.1189600">
    <ele>917.8</ele>
   </trkpt>
   <trkpt lat="40.6082610" lon="-3.1189580">
    <ele>918.0</ele>
   </trkpt>
   <trkpt lat="40.6082380" lon="-3.1189570">
    <ele>918.2</ele>
   </trkpt>
   <trkpt lat="40.6082080" lon="-3.1189530">
    <ele>918.6</ele>
   </trkpt>
   <trkpt lat="40.6081730" lon="-3.1189480">
    <ele>918.8</ele>
   </trkpt>
   <trkpt lat="40.6081500" lon="-3.1189390">
    <ele>919.0</ele>
   </trkpt>
   <trkpt lat="40.6081240" lon="-3.1189270">
    <ele>919.2</ele>
   </trkpt>
   <trkpt lat="40.6081010" lon="-3.1189120">
    <ele>919.4</ele>
   </trkpt>
   <trkpt lat="40.6080670" lon="-3.1188890">
    <ele>919.6</ele>
   </trkpt>
   <trkpt lat="40.6080400" lon="-3.1188670">
    <ele>919.8</ele>
   </trkpt>
   <trkpt lat="40.6080130" lon="-3.1188470">
    <ele>919.8</ele>
   </trkpt>
   <trkpt lat="40.6079900" lon="-3.1188290">
    <ele>920.0</ele>
   </trkpt>
   <trkpt lat="40.6079640" lon="-3.1188090">
    <ele>920.2</ele>
   </trkpt>
   <trkpt lat="40.6079330" lon="-3.1187890">
    <ele>920.4</ele>
   </trkpt>
   <trkpt lat="40.6079060" lon="-3.1187720">
    <ele>920.6</ele>
   </trkpt>
   <trkpt lat="40.6078760" lon="-3.1187540">
    <ele>920.8</ele>
   </trkpt>
   <trkpt lat="40.6078530" lon="-3.1187390">
    <ele>921.0</ele>
   </trkpt>
   <trkpt lat="40.6078220" lon="-3.1187190">
    <ele>921.2</ele>
   </trkpt>
   <trkpt lat="40.6077960" lon="-3.1187060">
    <ele>921.4</ele>
   </trkpt>
   <trkpt lat="40.6077690" lon="-3.1186910">
    <ele>921.6</ele>
   </trkpt>
   <trkpt lat="40.6077420" lon="-3.1186760">
    <ele>921.8</ele>
   </trkpt>
   <trkpt lat="40.6077190" lon="-3.1186600">
    <ele>922.0</ele>
   </trkpt>
   <trkpt lat="40.6076890" lon="-3.1186420">
    <ele>922.2</ele>
   </trkpt>
   <trkpt lat="40.6076580" lon="-3.1186250">
    <ele>922.4</ele>
   </trkpt>
   <trkpt lat="40.6076350" lon="-3.1186120">
    <ele>922.6</ele>
   </trkpt>
   <trkpt lat="40.6076130" lon="-3.1186020">
    <ele>922.6</ele>
   </trkpt>
   <trkpt lat="40.6075780" lon="-3.1185920">
    <ele>922.8</ele>
   </trkpt>
   <trkpt lat="40.6075520" lon="-3.1185800">
    <ele>923.0</ele>
   </trkpt>
   <trkpt lat="40.6075250" lon="-3.1185690">
    <ele>923.2</ele>
   </trkpt>
   <trkpt lat="40.6074980" lon="-3.1185570">
    <ele>923.4</ele>
   </trkpt>
   <trkpt lat="40.6074710" lon="-3.1185490">
    <ele>923.6</ele>
   </trkpt>
   <trkpt lat="40.6074410" lon="-3.1185360">
    <ele>923.8</ele>
   </trkpt>
   <trkpt lat="40.6074100" lon="-3.1185220">
    <ele>923.8</ele>
   </trkpt>
   <trkpt lat="40.6073910" lon="-3.1185020">
    <ele>924.0</ele>
   </trkpt>
   <trkpt lat="40.6073720" lon="-3.1184850">
    <ele>924.2</ele>
   </trkpt>
   <trkpt lat="40.6073490" lon="-3.1184620">
    <ele>924.4</ele>
   </trkpt>
   <trkpt lat="40.6073190" lon="-3.1184310">
    <ele>924.6</ele>
   </trkpt>
   <trkpt lat="40.6072920" lon="-3.1184040">
    <ele>924.8</ele>
   </trkpt>
   <trkpt lat="40.6072650" lon="-3.1183770">
    <ele>924.8</ele>
   </trkpt>
   <trkpt lat="40.6072430" lon="-3.1183520">
    <ele>925.0</ele>
   </trkpt>
   <trkpt lat="40.6072160" lon="-3.1183290">
    <ele>925.2</ele>
   </trkpt>
   <trkpt lat="40.6071850" lon="-3.1183090">
    <ele>925.4</ele>
   </trkpt>
   <trkpt lat="40.6071550" lon="-3.1182870">
    <ele>925.6</ele>
   </trkpt>
   <trkpt lat="40.6071320" lon="-3.1182720">
    <ele>925.8</ele>
   </trkpt>
   <trkpt lat="40.6070980" lon="-3.1182470">
    <ele>926.0</ele>
   </trkpt>
   <trkpt lat="40.6070670" lon="-3.1182220">
    <ele>926.2</ele>
   </trkpt>
   <trkpt lat="40.6070400" lon="-3.1181990">
    <ele>926.4</ele>
   </trkpt>
   <trkpt lat="40.6070170" lon="-3.1181810">
    <ele>926.6</ele>
   </trkpt>
   <trkpt lat="40.6069830" lon="-3.1181570">
    <ele>926.8</ele>
   </trkpt>
   <trkpt lat="40.6069680" lon="-3.1181320">
    <ele>927.0</ele>
   </trkpt>
   <trkpt lat="40.6069560" lon="-3.1180990">
    <ele>927.0</ele>
   </trkpt>
   <trkpt lat="40.6069560" lon="-3.1180640">
    <ele>927.4</ele>
   </trkpt>
   <trkpt lat="40.6069640" lon="-3.1180370">
    <ele>927.6</ele>
   </trkpt>
   <trkpt lat="40.6069720" lon="-3.1179980">
    <ele>927.8</ele>
   </trkpt>
   <trkpt lat="40.6069720" lon="-3.1179630">
    <ele>927.8</ele>
   </trkpt>
   <trkpt lat="40.6069680" lon="-3.1179260">
    <ele>928.0</ele>
   </trkpt>
   <trkpt lat="40.6069530" lon="-3.1178940">
    <ele>928.0</ele>
   </trkpt>
   <trkpt lat="40.6069340" lon="-3.1178660">
    <ele>928.2</ele>
   </trkpt>
   <trkpt lat="40.6069140" lon="-3.1178380">
    <ele>928.4</ele>
   </trkpt>
   <trkpt lat="40.6068950" lon="-3.1178040">
    <ele>928.8</ele>
   </trkpt>
   <trkpt lat="40.6068800" lon="-3.1177690">
    <ele>929.0</ele>
   </trkpt>
   <trkpt lat="40.6068650" lon="-3.1177360">
    <ele>929.2</ele>
   </trkpt>
   <trkpt lat="40.6068570" lon="-3.1177070">
    <ele>929.4</ele>
   </trkpt>
   <trkpt lat="40.6068460" lon="-3.1176710">
    <ele>929.6</ele>
   </trkpt>
   <trkpt lat="40.6068340" lon="-3.1176310">
    <ele>930.0</ele>
   </trkpt>
   <trkpt lat="40.6068270" lon="-3.1176040">
    <ele>930.2</ele>
   </trkpt>
   <trkpt lat="40.6068120" lon="-3.1175630">
    <ele>930.4</ele>
   </trkpt>
   <trkpt lat="40.6068040" lon="-3.1175280">
    <ele>930.6</ele>
   </trkpt>
   <trkpt lat="40.6067920" lon="-3.1174930">
    <ele>930.8</ele>
   </trkpt>
   <trkpt lat="40.6067810" lon="-3.1174640">
    <ele>931.0</ele>
   </trkpt>
   <trkpt lat="40.6067730" lon="-3.1174190">
    <ele>931.2</ele>
   </trkpt>
   <trkpt lat="40.6067620" lon="-3.1173810">
    <ele>931.6</ele>
   </trkpt>
   <trkpt lat="40.6067540" lon="-3.1173460">
    <ele>931.8</ele>
   </trkpt>
   <trkpt lat="40.6067390" lon="-3.1173110">
    <ele>932.0</ele>
   </trkpt>
   <trkpt lat="40.6067310" lon="-3.1172760">
    <ele>932.0</ele>
   </trkpt>
   <trkpt lat="40.6067200" lon="-3.1172410">
    <ele>932.2</ele>
   </trkpt>
   <trkpt lat="40.6067050" lon="-3.1172060">
    <ele>932.4</ele>
   </trkpt>
   <trkpt lat="40.6066930" lon="-3.1171710">
    <ele>932.6</ele>
   </trkpt>
   <trkpt lat="40.6066780" lon="-3.1171360">
    <ele>932.8</ele>
   </trkpt>
   <trkpt lat="40.6066700" lon="-3.1171080">
    <ele>932.8</ele>
   </trkpt>
   <trkpt lat="40.6066550" lon="-3.1170650">
    <ele>932.8</ele>
   </trkpt>
   <trkpt lat="40.6066440" lon="-3.1170260">
    <ele>933.0</ele>
   </trkpt>
   <trkpt lat="40.6066280" lon="-3.1169850">
    <ele>933.0</ele>
   </trkpt>
   <trkpt lat="40.6066130" lon="-3.1169540">
    <ele>933.2</ele>
   </trkpt>
   <trkpt lat="40.6065900" lon="-3.1169100">
    <ele>933.2</ele>
   </trkpt>
   <trkpt lat="40.6065710" lon="-3.1168730">
    <ele>933.2</ele>
   </trkpt>
   <trkpt lat="40.6065560" lon="-3.1168350">
    <ele>933.2</ele>
   </trkpt>
   <trkpt lat="40.6065370" lon="-3.1167960">
    <ele>933.0</ele>
   </trkpt>
   <trkpt lat="40.6065220" lon="-3.1167570">
    <ele>933.0</ele>
   </trkpt>
   <trkpt lat="40.6065020" lon="-3.1167110">
    <ele>933.0</ele>
   </trkpt>
   <trkpt lat="40.6064830" lon="-3.1166580">
    <ele>933.0</ele>
   </trkpt>
   <trkpt lat="40.6064720" lon="-3.1166020">
    <ele>932.8</ele>
   </trkpt>
   <trkpt lat="40.6064640" lon="-3.1165560">
    <ele>932.8</ele>
   </trkpt>
   <trkpt lat="40.6064640" lon="-3.1164920">
    <ele>932.8</ele>
   </trkpt>
   <trkpt lat="40.6064680" lon="-3.1164400">
    <ele>932.8</ele>
   </trkpt>
   <trkpt lat="40.6064800" lon="-3.1163880">
    <ele>932.8</ele>
   </trkpt>
   <trkpt lat="40.6064830" lon="-3.1163360">
    <ele>932.8</ele>
   </trkpt>
   <trkpt lat="40.6064870" lon="-3.1162880">
    <ele>932.8</ele>
   </trkpt>
   <trkpt lat="40.6064910" lon="-3.1162450">
    <ele>932.8</ele>
   </trkpt>
   <trkpt lat="40.6064910" lon="-3.1162030">
    <ele>932.8</ele>
   </trkpt>
   <trkpt lat="40.6064950" lon="-3.1161600">
    <ele>932.8</ele>
   </trkpt>
   <trkpt lat="40.6064870" lon="-3.1161150">
    <ele>932.8</ele>
   </trkpt>
   <trkpt lat="40.6064720" lon="-3.1160780">
    <ele>932.8</ele>
   </trkpt>
   <trkpt lat="40.6064490" lon="-3.1160490">
    <ele>932.8</ele>
   </trkpt>
   <trkpt lat="40.6064190" lon="-3.1160290">
    <ele>932.8</ele>
   </trkpt>
   <trkpt lat="40.6063920" lon="-3.1160150">
    <ele>932.8</ele>
   </trkpt>
   <trkpt lat="40.6063610" lon="-3.1160130">
    <ele>932.6</ele>
   </trkpt>
   <trkpt lat="40.6063160" lon="-3.1160150">
    <ele>932.4</ele>
   </trkpt>
   <trkpt lat="40.6062770" lon="-3.1160130">
    <ele>932.4</ele>
   </trkpt>
   <trkpt lat="40.6062430" lon="-3.1160100">
    <ele>932.4</ele>
   </trkpt>
   <trkpt lat="40.6062160" lon="-3.1160080">
    <ele>932.2</ele>
   </trkpt>
   <trkpt lat="40.6061740" lon="-3.1160040">
    <ele>932.4</ele>
   </trkpt>
   <trkpt lat="40.6061400" lon="-3.1159980">
    <ele>932.4</ele>
   </trkpt>
   <trkpt lat="40.6061130" lon="-3.1159950">
    <ele>932.4</ele>
   </trkpt>
   <trkpt lat="40.6060980" lon="-3.1159900">
    <ele>932.4</ele>
   </trkpt>
   <trkpt lat="40.6060710" lon="-3.1159850">
    <ele>932.4</ele>
   </trkpt>
   <trkpt lat="40.6060450" lon="-3.1159700">
    <ele>932.4</ele>
   </trkpt>
   <trkpt lat="40.6060140" lon="-3.1159430">
    <ele>932.4</ele>
   </trkpt>
   <trkpt lat="40.6059910" lon="-3.1159050">
    <ele>932.4</ele>
   </trkpt>
   <trkpt lat="40.6059720" lon="-3.1158560">
    <ele>932.4</ele>
   </trkpt>
   <trkpt lat="40.6059570" lon="-3.1158030">
    <ele>932.4</ele>
   </trkpt>
   <trkpt lat="40.6059420" lon="-3.1157500">
    <ele>932.4</ele>
   </trkpt>
   <trkpt lat="40.6059260" lon="-3.1157050">
    <ele>932.4</ele>
   </trkpt>
   <trkpt lat="40.6059070" lon="-3.1156530">
    <ele>932.4</ele>
   </trkpt>
   <trkpt lat="40.6058880" lon="-3.1155990">
    <ele>932.4</ele>
   </trkpt>
   <trkpt lat="40.6058650" lon="-3.1155310">
    <ele>932.4</ele>
   </trkpt>
   <trkpt lat="40.6058460" lon="-3.1154730">
    <ele>932.4</ele>
   </trkpt>
   <trkpt lat="40.6058230" lon="-3.1154180">
    <ele>932.4</ele>
   </trkpt>
   <trkpt lat="40.6058040" lon="-3.1153660">
    <ele>932.4</ele>
   </trkpt>
   <trkpt lat="40.6057820" lon="-3.1153170">
    <ele>932.6</ele>
   </trkpt>
   <trkpt lat="40.6057620" lon="-3.1152650">
    <ele>932.6</ele>
   </trkpt>
   <trkpt lat="40.6057470" lon="-3.1152130">
    <ele>932.6</ele>
   </trkpt>
   <trkpt lat="40.6057320" lon="-3.1151710">
    <ele>932.6</ele>
   </trkpt>
   <trkpt lat="40.6057130" lon="-3.1151200">
    <ele>932.8</ele>
   </trkpt>
   <trkpt lat="40.6056900" lon="-3.1150560">
    <ele>932.8</ele>
   </trkpt>
   <trkpt lat="40.6056750" lon="-3.1150000">
    <ele>932.8</ele>
   </trkpt>
   <trkpt lat="40.6056520" lon="-3.1149450">
    <ele>932.8</ele>
   </trkpt>
   <trkpt lat="40.6056330" lon="-3.1148900">
    <ele>932.8</ele>
   </trkpt>
   <trkpt lat="40.6056100" lon="-3.1148350">
    <ele>932.8</ele>
   </trkpt>
   <trkpt lat="40.6055910" lon="-3.1147790">
    <ele>933.0</ele>
   </trkpt>
   <trkpt lat="40.6055720" lon="-3.1147230">
    <ele>933.0</ele>
   </trkpt>
   <trkpt lat="40.6055450" lon="-3.1146680">
    <ele>932.8</ele>
   </trkpt>
   <trkpt lat="40.6055220" lon="-3.1146140">
    <ele>932.8</ele>
   </trkpt>
   <trkpt lat="40.6054950" lon="-3.1145580">
    <ele>932.8</ele>
   </trkpt>
   <trkpt lat="40.6054650" lon="-3.1145020">
    <ele>932.6</ele>
   </trkpt>
   <trkpt lat="40.6054340" lon="-3.1144440">
    <ele>932.4</ele>
   </trkpt>
   <trkpt lat="40.6054000" lon="-3.1143800">
    <ele>932.4</ele>
   </trkpt>
   <trkpt lat="40.6053700" lon="-3.1143140">
    <ele>932.2</ele>
   </trkpt>
   <trkpt lat="40.6053350" lon="-3.1142470">
    <ele>932.0</ele>
   </trkpt>
   <trkpt lat="40.6052930" lon="-3.1141870">
    <ele>931.8</ele>
   </trkpt>
   <trkpt lat="40.6052470" lon="-3.1141270">
    <ele>931.6</ele>
   </trkpt>
   <trkpt lat="40.6052020" lon="-3.1140620">
    <ele>931.4</ele>
   </trkpt>
   <trkpt lat="40.6051560" lon="-3.1139950">
    <ele>931.2</ele>
   </trkpt>
   <trkpt lat="40.6051060" lon="-3.1139270">
    <ele>930.8</ele>
   </trkpt>
   <trkpt lat="40.6050610" lon="-3.1138570">
    <ele>930.6</ele>
   </trkpt>
   <trkpt lat="40.6050110" lon="-3.1137980">
    <ele>930.4</ele>
   </trkpt>
   <trkpt lat="40.6049500" lon="-3.1137110">
    <ele>930.0</ele>
   </trkpt>
   <trkpt lat="40.6048930" lon="-3.1136340">
    <ele>929.6</ele>
   </trkpt>
   <trkpt lat="40.6048390" lon="-3.1135590">
    <ele>929.4</ele>
   </trkpt>
   <trkpt lat="40.6047780" lon="-3.1134860">
    <ele>929.0</ele>
   </trkpt>
   <trkpt lat="40.6047170" lon="-3.1134120">
    <ele>928.6</ele>
   </trkpt>
   <trkpt lat="40.6046560" lon="-3.1133360">
    <ele>928.2</ele>
   </trkpt>
   <trkpt lat="40.6045950" lon="-3.1132570">
    <ele>927.8</ele>
   </trkpt>
   <trkpt lat="40.6045270" lon="-3.1131770">
    <ele>927.4</ele>
   </trkpt>
   <trkpt lat="40.6044650" lon="-3.1130940">
    <ele>927.0</ele>
   </trkpt>
   <trkpt lat="40.6044010" lon="-3.1130110">
    <ele>926.8</ele>
   </trkpt>
   <trkpt lat="40.6043320" lon="-3.1129260">
    <ele>926.4</ele>
   </trkpt>
   <trkpt lat="40.6042630" lon="-3.1128410">
    <ele>926.2</ele>
   </trkpt>
   <trkpt lat="40.6041950" lon="-3.1127530">
    <ele>925.8</ele>
   </trkpt>
   <trkpt lat="40.6041340" lon="-3.1126850">
    <ele>925.4</ele>
   </trkpt>
   <trkpt lat="40.6040530" lon="-3.1125860">
    <ele>925.2</ele>
   </trkpt>
   <trkpt lat="40.6039850" lon="-3.1125030">
    <ele>924.8</ele>
   </trkpt>
   <trkpt lat="40.6039160" lon="-3.1124180">
    <ele>924.4</ele>
   </trkpt>
   <trkpt lat="40.6038440" lon="-3.1123290">
    <ele>924.0</ele>
   </trkpt>
   <trkpt lat="40.6037750" lon="-3.1122440">
    <ele>923.8</ele>
   </trkpt>
   <trkpt lat="40.6037030" lon="-3.1121590">
    <ele>923.2</ele>
   </trkpt>
   <trkpt lat="40.6036340" lon="-3.1120720">
    <ele>922.8</ele>
   </trkpt>
   <trkpt lat="40.6035580" lon="-3.1119850">
    <ele>922.4</ele>
   </trkpt>
   <trkpt lat="40.6034890" lon="-3.1118980">
    <ele>922.0</ele>
   </trkpt>
   <trkpt lat="40.6034130" lon="-3.1118060">
    <ele>921.6</ele>
   </trkpt>
   <trkpt lat="40.6033440" lon="-3.1117180">
    <ele>921.2</ele>
   </trkpt>
   <trkpt lat="40.6032710" lon="-3.1116280">
    <ele>921.0</ele>
   </trkpt>
   <trkpt lat="40.6032140" lon="-3.1115570">
    <ele>920.6</ele>
   </trkpt>
   <trkpt lat="40.6031380" lon="-3.1114510">
    <ele>920.2</ele>
   </trkpt>
   <trkpt lat="40.6030650" lon="-3.1113580">
    <ele>919.8</ele>
   </trkpt>
   <trkpt lat="40.6029890" lon="-3.1112640">
    <ele>919.2</ele>
   </trkpt>
   <trkpt lat="40.6029130" lon="-3.1111720">
    <ele>918.8</ele>
   </trkpt>
   <trkpt lat="40.6028370" lon="-3.1110790">
    <ele>918.4</ele>
   </trkpt>
   <trkpt lat="40.6027600" lon="-3.1109870">
    <ele>918.0</ele>
   </trkpt>
   <trkpt lat="40.6026880" lon="-3.1108940">
    <ele>917.6</ele>
   </trkpt>
   <trkpt lat="40.6026150" lon="-3.1108000">
    <ele>917.2</ele>
   </trkpt>
   <trkpt lat="40.6025390" lon="-3.1107000">
    <ele>916.8</ele>
   </trkpt>
   <trkpt lat="40.6024740" lon="-3.1105960">
    <ele>916.6</ele>
   </trkpt>
   <trkpt lat="40.6024050" lon="-3.1104900">
    <ele>916.4</ele>
   </trkpt>
   <trkpt lat="40.6023410" lon="-3.1103810">
    <ele>916.2</ele>
   </trkpt>
   <trkpt lat="40.6022870" lon="-3.1102960">
    <ele>915.8</ele>
   </trkpt>
   <trkpt lat="40.6022190" lon="-3.1101730">
    <ele>915.6</ele>
   </trkpt>
   <trkpt lat="40.6021500" lon="-3.1100710">
    <ele>915.4</ele>
   </trkpt>
   <trkpt lat="40.6020810" lon="-3.1099690">
    <ele>915.4</ele>
   </trkpt>
   <trkpt lat="40.6020160" lon="-3.1098710">
    <ele>915.2</ele>
   </trkpt>
   <trkpt lat="40.6019590" lon="-3.1097770">
    <ele>915.2</ele>
   </trkpt>
   <trkpt lat="40.6018940" lon="-3.1096860">
    <ele>915.0</ele>
   </trkpt>
   <trkpt lat="40.6018330" lon="-3.1095930">
    <ele>915.0</ele>
   </trkpt>
   <trkpt lat="40.6017720" lon="-3.1095040">
    <ele>915.0</ele>
   </trkpt>
   <trkpt lat="40.6017150" lon="-3.1094190">
    <ele>915.0</ele>
   </trkpt>
   <trkpt lat="40.6016540" lon="-3.1093360">
    <ele>915.0</ele>
   </trkpt>
   <trkpt lat="40.6015970" lon="-3.1092490">
    <ele>915.0</ele>
   </trkpt>
   <trkpt lat="40.6015360" lon="-3.1091660">
    <ele>915.0</ele>
   </trkpt>
   <trkpt lat="40.6014750" lon="-3.1090820">
    <ele>915.0</ele>
   </trkpt>
   <trkpt lat="40.6014180" lon="-3.1089980">
    <ele>915.0</ele>
   </trkpt>
   <trkpt lat="40.6013570" lon="-3.1089140">
    <ele>914.8</ele>
   </trkpt>
   <trkpt lat="40.6012950" lon="-3.1088370">
    <ele>914.8</ele>
   </trkpt>
   <trkpt lat="40.6012270" lon="-3.1087620">
    <ele>914.8</ele>
   </trkpt>
   <trkpt lat="40.6011620" lon="-3.1086890">
    <ele>914.8</ele>
   </trkpt>
   <trkpt lat="40.6010890" lon="-3.1086080">
    <ele>914.8</ele>
   </trkpt>
   <trkpt lat="40.6010250" lon="-3.1085270">
    <ele>914.8</ele>
   </trkpt>
   <trkpt lat="40.6009600" lon="-3.1084470">
    <ele>914.6</ele>
   </trkpt>
   <trkpt lat="40.6009140" lon="-3.1083850">
    <ele>914.6</ele>
   </trkpt>
   <trkpt lat="40.6008490" lon="-3.1083090">
    <ele>914.6</ele>
   </trkpt>
   <trkpt lat="40.6007810" lon="-3.1082210">
    <ele>914.6</ele>
   </trkpt>
   <trkpt lat="40.6007120" lon="-3.1081420">
    <ele>914.4</ele>
   </trkpt>
   <trkpt lat="40.6006620" lon="-3.1080820">
    <ele>914.2</ele>
   </trkpt>
   <trkpt lat="40.6005970" lon="-3.1080050">
    <ele>914.2</ele>
   </trkpt>
   <trkpt lat="40.6005250" lon="-3.1079140">
    <ele>914.2</ele>
   </trkpt>
   <trkpt lat="40.6004600" lon="-3.1078410">
    <ele>914.0</ele>
   </trkpt>
   <trkpt lat="40.6003950" lon="-3.1077650">
    <ele>914.0</ele>
   </trkpt>
   <trkpt lat="40.6003300" lon="-3.1076900">
    <ele>914.0</ele>
   </trkpt>
   <trkpt lat="40.6002770" lon="-3.1076310">
    <ele>914.0</ele>
   </trkpt>
   <trkpt lat="40.6002080" lon="-3.1075440">
    <ele>914.0</ele>
   </trkpt>
   <trkpt lat="40.6001430" lon="-3.1074700">
    <ele>913.8</ele>
   </trkpt>
   <trkpt lat="40.6000790" lon="-3.1073980">
    <ele>913.8</ele>
   </trkpt>
   <trkpt lat="40.6000170" lon="-3.1073270">
    <ele>913.6</ele>
   </trkpt>
   <trkpt lat="40.5999560" lon="-3.1072550">
    <ele>913.6</ele>
   </trkpt>
   <trkpt lat="40.5998920" lon="-3.1071810">
    <ele>913.6</ele>
   </trkpt>
   <trkpt lat="40.5998310" lon="-3.1071050">
    <ele>913.6</ele>
   </trkpt>
   <trkpt lat="40.5997660" lon="-3.1070320">
    <ele>913.6</ele>
   </trkpt>
   <trkpt lat="40.5997050" lon="-3.1069570">
    <ele>913.4</ele>
   </trkpt>
   <trkpt lat="40.5996400" lon="-3.1068820">
    <ele>913.4</ele>
   </trkpt>
   <trkpt lat="40.5995750" lon="-3.1068060">
    <ele>913.4</ele>
   </trkpt>
   <trkpt lat="40.5995290" lon="-3.1067450">
    <ele>913.4</ele>
   </trkpt>
   <trkpt lat="40.5994640" lon="-3.1066720">
    <ele>913.2</ele>
   </trkpt>
   <trkpt lat="40.5993920" lon="-3.1065820">
    <ele>913.2</ele>
   </trkpt>
   <trkpt lat="40.5993500" lon="-3.1065370">
    <ele>913.2</ele>
   </trkpt>
   <trkpt lat="40.5993000" lon="-3.1064760">
    <ele>913.2</ele>
   </trkpt>
   <trkpt lat="40.5992130" lon="-3.1063710">
    <ele>913.0</ele>
   </trkpt>
   <trkpt lat="40.5991440" lon="-3.1062940">
    <ele>913.0</ele>
   </trkpt>
   <trkpt lat="40.5990720" lon="-3.1062040">
    <ele>913.0</ele>
   </trkpt>
   <trkpt lat="40.5990140" lon="-3.1061300">
    <ele>913.0</ele>
   </trkpt>
   <trkpt lat="40.5989530" lon="-3.1060590">
    <ele>912.8</ele>
   </trkpt>
   <trkpt lat="40.5989110" lon="-3.1060010">
    <ele>912.8</ele>
   </trkpt>
   <trkpt lat="40.5988390" lon="-3.1059140">
    <ele>912.8</ele>
   </trkpt>
   <trkpt lat="40.5987780" lon="-3.1058400">
    <ele>912.8</ele>
   </trkpt>
   <trkpt lat="40.5987170" lon="-3.1057650">
    <ele>912.6</ele>
   </trkpt>
   <trkpt lat="40.5986560" lon="-3.1056920">
    <ele>912.6</ele>
   </trkpt>
   <trkpt lat="40.5985980" lon="-3.1056190">
    <ele>912.6</ele>
   </trkpt>
   <trkpt lat="40.5985370" lon="-3.1055470">
    <ele>912.6</ele>
   </trkpt>
   <trkpt lat="40.5984800" lon="-3.1054740">
    <ele>912.6</ele>
   </trkpt>
   <trkpt lat="40.5984190" lon="-3.1054000">
    <ele>912.6</ele>
   </trkpt>
   <trkpt lat="40.5983730" lon="-3.1053410">
    <ele>912.6</ele>
   </trkpt>
   <trkpt lat="40.5983050" lon="-3.1052520">
    <ele>912.4</ele>
   </trkpt>
   <trkpt lat="40.5982400" lon="-3.1051790">
    <ele>912.4</ele>
   </trkpt>
   <trkpt lat="40.5981790" lon="-3.1051040">
    <ele>912.4</ele>
   </trkpt>
   <trkpt lat="40.5981220" lon="-3.1050300">
    <ele>912.4</ele>
   </trkpt>
   <trkpt lat="40.5980760" lon="-3.1049730">
    <ele>912.4</ele>
   </trkpt>
   <trkpt lat="40.5980070" lon="-3.1048890">
    <ele>912.4</ele>
   </trkpt>
   <trkpt lat="40.5979460" lon="-3.1048170">
    <ele>912.4</ele>
   </trkpt>
   <trkpt lat="40.5978850" lon="-3.1047450">
    <ele>912.2</ele>
   </trkpt>
   <trkpt lat="40.5978240" lon="-3.1046750">
    <ele>912.2</ele>
   </trkpt>
   <trkpt lat="40.5977670" lon="-3.1046050">
    <ele>912.2</ele>
   </trkpt>
   <trkpt lat="40.5977060" lon="-3.1045320">
    <ele>912.2</ele>
   </trkpt>
   <trkpt lat="40.5976490" lon="-3.1044590">
    <ele>912.2</ele>
   </trkpt>
   <trkpt lat="40.5975880" lon="-3.1043870">
    <ele>912.0</ele>
   </trkpt>
   <trkpt lat="40.5975420" lon="-3.1043300">
    <ele>912.0</ele>
   </trkpt>
   <trkpt lat="40.5974730" lon="-3.1042440">
    <ele>912.0</ele>
   </trkpt>
   <trkpt lat="40.5974080" lon="-3.1041710">
    <ele>912.0</ele>
   </trkpt>
   <trkpt lat="40.5973470" lon="-3.1040970">
    <ele>911.8</ele>
   </trkpt>
   <trkpt lat="40.5972860" lon="-3.1040240">
    <ele>911.8</ele>
   </trkpt>
   <trkpt lat="40.5972250" lon="-3.1039520">
    <ele>911.6</ele>
   </trkpt>
   <trkpt lat="40.5971640" lon="-3.1038820">
    <ele>911.6</ele>
   </trkpt>
   <trkpt lat="40.5971030" lon="-3.1038090">
    <ele>911.6</ele>
   </trkpt>
   <trkpt lat="40.5970570" lon="-3.1037510">
    <ele>911.6</ele>
   </trkpt>
   <trkpt lat="40.5970000" lon="-3.1036800">
    <ele>911.4</ele>
   </trkpt>
   <trkpt lat="40.5969310" lon="-3.1035950">
    <ele>911.4</ele>
   </trkpt>
   <trkpt lat="40.5968740" lon="-3.1035240">
    <ele>911.4</ele>
   </trkpt>
   <trkpt lat="40.5968170" lon="-3.1034520">
    <ele>911.2</ele>
   </trkpt>
   <trkpt lat="40.5967710" lon="-3.1033930">
    <ele>911.2</ele>
   </trkpt>
   <trkpt lat="40.5967140" lon="-3.1033230">
    <ele>911.2</ele>
   </trkpt>
   <trkpt lat="40.5966420" lon="-3.1032390">
    <ele>911.2</ele>
   </trkpt>
   <trkpt lat="40.5965840" lon="-3.1031690">
    <ele>911.0</ele>
   </trkpt>
   <trkpt lat="40.5965230" lon="-3.1030970">
    <ele>911.0</ele>
   </trkpt>
   <trkpt lat="40.5964740" lon="-3.1030390">
    <ele>911.2</ele>
   </trkpt>
   <trkpt lat="40.5964160" lon="-3.1029670">
    <ele>911.2</ele>
   </trkpt>
   <trkpt lat="40.5963480" lon="-3.1028800">
    <ele>911.2</ele>
   </trkpt>
   <trkpt lat="40.5962870" lon="-3.1028070">
    <ele>911.0</ele>
   </trkpt>
   <trkpt lat="40.5962300" lon="-3.1027360">
    <ele>911.0</ele>
   </trkpt>
   <trkpt lat="40.5961690" lon="-3.1026640">
    <ele>911.0</ele>
   </trkpt>
   <trkpt lat="40.5961150" lon="-3.1025920">
    <ele>911.0</ele>
   </trkpt>
   <trkpt lat="40.5960540" lon="-3.1025220">
    <ele>911.2</ele>
   </trkpt>
   <trkpt lat="40.5959970" lon="-3.1024520">
    <ele>911.2</ele>
   </trkpt>
   <trkpt lat="40.5959430" lon="-3.1023840">
    <ele>911.2</ele>
   </trkpt>
   <trkpt lat="40.5958980" lon="-3.1023280">
    <ele>911.2</ele>
   </trkpt>
   <trkpt lat="40.5958370" lon="-3.1022470">
    <ele>911.2</ele>
   </trkpt>
   <trkpt lat="40.5957760" lon="-3.1021810">
    <ele>911.2</ele>
   </trkpt>
   <trkpt lat="40.5957220" lon="-3.1021150">
    <ele>911.4</ele>
   </trkpt>
   <trkpt lat="40.5956800" lon="-3.1020600">
    <ele>911.2</ele>
   </trkpt>
   <trkpt lat="40.5956270" lon="-3.1019930">
    <ele>911.2</ele>
   </trkpt>
   <trkpt lat="40.5955620" lon="-3.1019120">
    <ele>911.4</ele>
   </trkpt>
   <trkpt lat="40.5955050" lon="-3.1018430">
    <ele>911.4</ele>
   </trkpt>
   <trkpt lat="40.5954510" lon="-3.1017730">
    <ele>911.4</ele>
   </trkpt>
   <trkpt lat="40.5954060" lon="-3.1017200">
    <ele>911.4</ele>
   </trkpt>
   <trkpt lat="40.5953410" lon="-3.1016420">
    <ele>911.6</ele>
   </trkpt>
   <trkpt lat="40.5952870" lon="-3.1015780">
    <ele>911.6</ele>
   </trkpt>
   <trkpt lat="40.5952340" lon="-3.1015150">
    <ele>911.6</ele>
   </trkpt>
   <trkpt lat="40.5951840" lon="-3.1014500">
    <ele>911.8</ele>
   </trkpt>
   <trkpt lat="40.5951310" lon="-3.1013870">
    <ele>911.8</ele>
   </trkpt>
   <trkpt lat="40.5950780" lon="-3.1013230">
    <ele>912.0</ele>
   </trkpt>
   <trkpt lat="40.5950240" lon="-3.1012580">
    <ele>912.2</ele>
   </trkpt>
   <trkpt lat="40.5949820" lon="-3.1012030">
    <ele>912.2</ele>
   </trkpt>
   <trkpt lat="40.5949330" lon="-3.1011390">
    <ele>912.4</ele>
   </trkpt>
   <trkpt lat="40.5948720" lon="-3.1010600">
    <ele>912.4</ele>
   </trkpt>
   <trkpt lat="40.5948220" lon="-3.1009980">
    <ele>912.6</ele>
   </trkpt>
   <trkpt lat="40.5947680" lon="-3.1009350">
    <ele>912.8</ele>
   </trkpt>
   <trkpt lat="40.5947190" lon="-3.1008720">
    <ele>912.8</ele>
   </trkpt>
   <trkpt lat="40.5946770" lon="-3.1008210">
    <ele>913.0</ele>
   </trkpt>
   <trkpt lat="40.5946120" lon="-3.1007490">
    <ele>913.0</ele>
   </trkpt>
   <trkpt lat="40.5945630" lon="-3.1006870">
    <ele>913.2</ele>
   </trkpt>
   <trkpt lat="40.5945210" lon="-3.1006360">
    <ele>913.4</ele>
   </trkpt>
   <trkpt lat="40.5944600" lon="-3.1005640">
    <ele>913.4</ele>
   </trkpt>
   <trkpt lat="40.5944100" lon="-3.1005050">
    <ele>913.6</ele>
   </trkpt>
   <trkpt lat="40.5943600" lon="-3.1004460">
    <ele>913.6</ele>
   </trkpt>
   <trkpt lat="40.5943150" lon="-3.1003860">
    <ele>913.8</ele>
   </trkpt>
   <trkpt lat="40.5942690" lon="-3.1003270">
    <ele>913.8</ele>
   </trkpt>
   <trkpt lat="40.5942190" lon="-3.1002680">
    <ele>914.0</ele>
   </trkpt>
   <trkpt lat="40.5941660" lon="-3.1002080">
    <ele>914.0</ele>
   </trkpt>
   <trkpt lat="40.5941160" lon="-3.1001470">
    <ele>914.2</ele>
   </trkpt>
   <trkpt lat="40.5940670" lon="-3.1000860">
    <ele>914.4</ele>
   </trkpt>
   <trkpt lat="40.5940280" lon="-3.1000380">
    <ele>914.4</ele>
   </trkpt>
   <trkpt lat="40.5939710" lon="-3.0999670">
    <ele>914.6</ele>
   </trkpt>
   <trkpt lat="40.5939220" lon="-3.0999080">
    <ele>914.6</ele>
   </trkpt>
   <trkpt lat="40.5938760" lon="-3.0998480">
    <ele>914.8</ele>
   </trkpt>
   <trkpt lat="40.5938260" lon="-3.0997900">
    <ele>914.8</ele>
   </trkpt>
   <trkpt lat="40.5937770" lon="-3.0997280">
    <ele>914.8</ele>
   </trkpt>
   <trkpt lat="40.5937310" lon="-3.0996670">
    <ele>915.0</ele>
   </trkpt>
   <trkpt lat="40.5936780" lon="-3.0996080">
    <ele>915.0</ele>
   </trkpt>
   <trkpt lat="40.5936320" lon="-3.0995510">
    <ele>915.0</ele>
   </trkpt>
   <trkpt lat="40.5935820" lon="-3.0994930">
    <ele>915.0</ele>
   </trkpt>
   <trkpt lat="40.5935330" lon="-3.0994320">
    <ele>915.2</ele>
   </trkpt>
   <trkpt lat="40.5934870" lon="-3.0993700">
    <ele>915.2</ele>
   </trkpt>
   <trkpt lat="40.5934450" lon="-3.0993130">
    <ele>915.2</ele>
   </trkpt>
   <trkpt lat="40.5934030" lon="-3.0992660">
    <ele>915.2</ele>
   </trkpt>
   <trkpt lat="40.5933420" lon="-3.0991990">
    <ele>915.2</ele>
   </trkpt>
   <trkpt lat="40.5932960" lon="-3.0991400">
    <ele>915.2</ele>
   </trkpt>
   <trkpt lat="40.5932460" lon="-3.0990810">
    <ele>915.4</ele>
   </trkpt>
   <trkpt lat="40.5931970" lon="-3.0990200">
    <ele>915.4</ele>
   </trkpt>
   <trkpt lat="40.5931630" lon="-3.0989730">
    <ele>915.2</ele>
   </trkpt>
   <trkpt lat="40.5931050" lon="-3.0989030">
    <ele>915.2</ele>
   </trkpt>
   <trkpt lat="40.5930600" lon="-3.0988450">
    <ele>915.2</ele>
   </trkpt>
   <trkpt lat="40.5930100" lon="-3.0987860">
    <ele>915.2</ele>
   </trkpt>
   <trkpt lat="40.5929600" lon="-3.0987250">
    <ele>915.2</ele>
   </trkpt>
   <trkpt lat="40.5929070" lon="-3.0986630">
    <ele>915.2</ele>
   </trkpt>
   <trkpt lat="40.5928570" lon="-3.0986010">
    <ele>915.2</ele>
   </trkpt>
   <trkpt lat="40.5928080" lon="-3.0985360">
    <ele>915.0</ele>
   </trkpt>
   <trkpt lat="40.5927620" lon="-3.0984690">
    <ele>915.0</ele>
   </trkpt>
   <trkpt lat="40.5927200" lon="-3.0984130">
    <ele>914.8</ele>
   </trkpt>
   <trkpt lat="40.5926590" lon="-3.0983280">
    <ele>914.8</ele>
   </trkpt>
   <trkpt lat="40.5926130" lon="-3.0982550">
    <ele>914.6</ele>
   </trkpt>
   <trkpt lat="40.5925640" lon="-3.0981780">
    <ele>914.6</ele>
   </trkpt>
   <trkpt lat="40.5925290" lon="-3.0981160">
    <ele>914.4</ele>
   </trkpt>
   <trkpt lat="40.5924720" lon="-3.0980210">
    <ele>914.4</ele>
   </trkpt>
   <trkpt lat="40.5924380" lon="-3.0979530">
    <ele>914.2</ele>
   </trkpt>
   <trkpt lat="40.5923880" lon="-3.0978510">
    <ele>914.2</ele>
   </trkpt>
   <trkpt lat="40.5923540" lon="-3.0977600">
    <ele>914.0</ele>
   </trkpt>
   <trkpt lat="40.5923190" lon="-3.0976720">
    <ele>913.8</ele>
   </trkpt>
   <trkpt lat="40.5922850" lon="-3.0975840">
    <ele>913.8</ele>
   </trkpt>
   <trkpt lat="40.5922510" lon="-3.0974960">
    <ele>913.6</ele>
   </trkpt>
   <trkpt lat="40.5922160" lon="-3.0974040">
    <ele>913.6</ele>
   </trkpt>
   <trkpt lat="40.5921860" lon="-3.0973140">
    <ele>913.4</ele>
   </trkpt>
   <trkpt lat="40.5921520" lon="-3.0972200">
    <ele>913.2</ele>
   </trkpt>
   <trkpt lat="40.5921250" lon="-3.0971270">
    <ele>913.2</ele>
   </trkpt>
   <trkpt lat="40.5920940" lon="-3.0970320">
    <ele>913.0</ele>
   </trkpt>
   <trkpt lat="40.5920680" lon="-3.0969370">
    <ele>913.0</ele>
   </trkpt>
   <trkpt lat="40.5920490" lon="-3.0968580">
    <ele>912.8</ele>
   </trkpt>
   <trkpt lat="40.5920260" lon="-3.0967390">
    <ele>912.8</ele>
   </trkpt>
   <trkpt lat="40.5920180" lon="-3.0966390">
    <ele>912.8</ele>
   </trkpt>
   <trkpt lat="40.5920180" lon="-3.0965390">
    <ele>912.8</ele>
   </trkpt>
   <trkpt lat="40.5920260" lon="-3.0964440">
    <ele>912.8</ele>
   </trkpt>
   <trkpt lat="40.5920410" lon="-3.0963480">
    <ele>912.8</ele>
   </trkpt>
   <trkpt lat="40.5920640" lon="-3.0962510">
    <ele>912.8</ele>
   </trkpt>
   <trkpt lat="40.5920910" lon="-3.0961590">
    <ele>912.8</ele>
   </trkpt>
   <trkpt lat="40.5921130" lon="-3.0960880">
    <ele>912.8</ele>
   </trkpt>
   <trkpt lat="40.5921440" lon="-3.0960000">
    <ele>913.0</ele>
   </trkpt>
   <trkpt lat="40.5921630" lon="-3.0958860">
    <ele>913.0</ele>
   </trkpt>
   <trkpt lat="40.5921670" lon="-3.0957850">
    <ele>913.0</ele>
   </trkpt>
   <trkpt lat="40.5921520" lon="-3.0956910">
    <ele>913.2</ele>
   </trkpt>
   <trkpt lat="40.5921250" lon="-3.0956220">
    <ele>913.2</ele>
   </trkpt>
   <trkpt lat="40.5920720" lon="-3.0955370">
    <ele>913.4</ele>
   </trkpt>
   <trkpt lat="40.5920220" lon="-3.0954830">
    <ele>913.6</ele>
   </trkpt>
   <trkpt lat="40.5919610" lon="-3.0954410">
    <ele>913.6</ele>
   </trkpt>
   <trkpt lat="40.5918960" lon="-3.0954160">
    <ele>913.8</ele>
   </trkpt>
   <trkpt lat="40.5918350" lon="-3.0954170">
    <ele>914.0</ele>
   </trkpt>
   <trkpt lat="40.5917740" lon="-3.0954390">
    <ele>914.2</ele>
   </trkpt>
   <trkpt lat="40.5917210" lon="-3.0954920">
    <ele>914.2</ele>
   </trkpt>
   <trkpt lat="40.5916750" lon="-3.0955590">
    <ele>914.4</ele>
   </trkpt>
   <trkpt lat="40.5916400" lon="-3.0956200">
    <ele>914.6</ele>
   </trkpt>
   <trkpt lat="40.5915830" lon="-3.0957030">
    <ele>914.6</ele>
   </trkpt>
   <trkpt lat="40.5915260" lon="-3.0957540">
    <ele>914.8</ele>
   </trkpt>
   <trkpt lat="40.5914650" lon="-3.0957890">
    <ele>914.8</ele>
   </trkpt>
   <trkpt lat="40.5913960" lon="-3.0958060">
    <ele>915.0</ele>
   </trkpt>
   <trkpt lat="40.5913310" lon="-3.0957970">
    <ele>915.2</ele>
   </trkpt>
   <trkpt lat="40.5912860" lon="-3.0957680">
    <ele>915.4</ele>
   </trkpt>
   <trkpt lat="40.5912280" lon="-3.0956970">
    <ele>915.6</ele>
   </trkpt>
   <trkpt lat="40.5911980" lon="-3.0956300">
    <ele>915.6</ele>
   </trkpt>
   <trkpt lat="40.5911710" lon="-3.0955370">
    <ele>915.6</ele>
   </trkpt>
   <trkpt lat="40.5911750" lon="-3.0954200">
    <ele>915.6</ele>
   </trkpt>
   <trkpt lat="40.5912020" lon="-3.0953230">
    <ele>915.4</ele>
   </trkpt>
   <trkpt lat="40.5912480" lon="-3.0952320">
    <ele>915.4</ele>
   </trkpt>
   <trkpt lat="40.5912930" lon="-3.0951650">
    <ele>915.2</ele>
   </trkpt>
   <trkpt lat="40.5913540" lon="-3.0950840">
    <ele>915.2</ele>
   </trkpt>
   <trkpt lat="40.5914120" lon="-3.0949730">
    <ele>915.0</ele>
   </trkpt>
   <trkpt lat="40.5914310" lon="-3.0948650">
    <ele>914.8</ele>
   </trkpt>
   <trkpt lat="40.5914270" lon="-3.0947530">
    <ele>914.4</ele>
   </trkpt>
   <trkpt lat="40.5914120" lon="-3.0946410">
    <ele>914.2</ele>
   </trkpt>
   <trkpt lat="40.5913850" lon="-3.0945360">
    <ele>914.0</ele>
   </trkpt>
   <trkpt lat="40.5913540" lon="-3.0944320">
    <ele>913.8</ele>
   </trkpt>
   <trkpt lat="40.5913240" lon="-3.0943270">
    <ele>913.6</ele>
   </trkpt>
   <trkpt lat="40.5912930" lon="-3.0942220">
    <ele>913.2</ele>
   </trkpt>
   <trkpt lat="40.5912670" lon="-3.0941390">
    <ele>913.0</ele>
   </trkpt>
   <trkpt lat="40.5912250" lon="-3.0940170">
    <ele>912.8</ele>
   </trkpt>
   <trkpt lat="40.5911900" lon="-3.0939170">
    <ele>912.6</ele>
   </trkpt>
   <trkpt lat="40.5911560" lon="-3.0938100">
    <ele>912.4</ele>
   </trkpt>
   <trkpt lat="40.5911250" lon="-3.0937000">
    <ele>912.2</ele>
   </trkpt>
   <trkpt lat="40.5911030" lon="-3.0936080">
    <ele>912.0</ele>
   </trkpt>
   <trkpt lat="40.5910720" lon="-3.0934740">
    <ele>911.8</ele>
   </trkpt>
   <trkpt lat="40.5910490" lon="-3.0933590">
    <ele>911.6</ele>
   </trkpt>
   <trkpt lat="40.5910300" lon="-3.0932420">
    <ele>911.4</ele>
   </trkpt>
   <trkpt lat="40.5910150" lon="-3.0931250">
    <ele>911.2</ele>
   </trkpt>
   <trkpt lat="40.5910030" lon="-3.0930090">
    <ele>911.0</ele>
   </trkpt>
   <trkpt lat="40.5909960" lon="-3.0928930">
    <ele>910.8</ele>
   </trkpt>
   <trkpt lat="40.5909880" lon="-3.0927760">
    <ele>910.6</ele>
   </trkpt>
   <trkpt lat="40.5909880" lon="-3.0926800">
    <ele>910.4</ele>
   </trkpt>
   <trkpt lat="40.5909880" lon="-3.0925610">
    <ele>910.2</ele>
   </trkpt>
   <trkpt lat="40.5909960" lon="-3.0924180">
    <ele>910.0</ele>
   </trkpt>
   <trkpt lat="40.5910030" lon="-3.0922970">
    <ele>909.8</ele>
   </trkpt>
   <trkpt lat="40.5910150" lon="-3.0921760">
    <ele>909.6</ele>
   </trkpt>
   <trkpt lat="40.5910380" lon="-3.0920570">
    <ele>909.4</ele>
   </trkpt>
   <trkpt lat="40.5910570" lon="-3.0919590">
    <ele>909.2</ele>
   </trkpt>
   <trkpt lat="40.5910870" lon="-3.0918160">
    <ele>908.8</ele>
   </trkpt>
   <trkpt lat="40.5911180" lon="-3.0916960">
    <ele>908.8</ele>
   </trkpt>
   <trkpt lat="40.5911480" lon="-3.0915780">
    <ele>908.6</ele>
   </trkpt>
   <trkpt lat="40.5911790" lon="-3.0914880">
    <ele>908.4</ele>
   </trkpt>
   <trkpt lat="40.5912130" lon="-3.0913720">
    <ele>908.4</ele>
   </trkpt>
   <trkpt lat="40.5912550" lon="-3.0912310">
    <ele>908.2</ele>
   </trkpt>
   <trkpt lat="40.5912900" lon="-3.0911110">
    <ele>908.0</ele>
   </trkpt>
   <trkpt lat="40.5913200" lon="-3.0910130">
    <ele>908.0</ele>
   </trkpt>
   <trkpt lat="40.5913540" lon="-3.0908960">
    <ele>907.8</ele>
   </trkpt>
   <trkpt lat="40.5914000" lon="-3.0907570">
    <ele>907.8</ele>
   </trkpt>
   <trkpt lat="40.5914310" lon="-3.0906360">
    <ele>907.6</ele>
   </trkpt>
   <trkpt lat="40.5914610" lon="-3.0905260">
    <ele>907.6</ele>
   </trkpt>
   <trkpt lat="40.5914960" lon="-3.0904060">
    <ele>907.6</ele>
   </trkpt>
   <trkpt lat="40.5915340" lon="-3.0902920">
    <ele>907.4</ele>
   </trkpt>
   <trkpt lat="40.5915680" lon="-3.0901750">
    <ele>907.4</ele>
   </trkpt>
   <trkpt lat="40.5916020" lon="-3.0900600">
    <ele>907.4</ele>
   </trkpt>
   <trkpt lat="40.5916370" lon="-3.0899510">
    <ele>907.4</ele>
   </trkpt>
   <trkpt lat="40.5916710" lon="-3.0898370">
    <ele>907.4</ele>
   </trkpt>
   <trkpt lat="40.5917050" lon="-3.0897220">
    <ele>907.4</ele>
   </trkpt>
   <trkpt lat="40.5917360" lon="-3.0896110">
    <ele>907.4</ele>
   </trkpt>
   <trkpt lat="40.5917740" lon="-3.0894890">
    <ele>907.4</ele>
   </trkpt>
   <trkpt lat="40.5918010" lon="-3.0893980">
    <ele>907.4</ele>
   </trkpt>
   <trkpt lat="40.5918390" lon="-3.0892700">
    <ele>907.4</ele>
   </trkpt>
   <trkpt lat="40.5918730" lon="-3.0891600">
    <ele>907.4</ele>
   </trkpt>
   <trkpt lat="40.5919000" lon="-3.0890570">
    <ele>907.4</ele>
   </trkpt>
   <trkpt lat="40.5919380" lon="-3.0889440">
    <ele>907.4</ele>
   </trkpt>
   <trkpt lat="40.5919690" lon="-3.0888360">
    <ele>907.6</ele>
   </trkpt>
   <trkpt lat="40.5920030" lon="-3.0887260">
    <ele>907.4</ele>
   </trkpt>
   <trkpt lat="40.5920330" lon="-3.0886160">
    <ele>907.4</ele>
   </trkpt>
   <trkpt lat="40.5920640" lon="-3.0885060">
    <ele>907.4</ele>
   </trkpt>
   <trkpt lat="40.5920870" lon="-3.0884170">
    <ele>907.4</ele>
   </trkpt>
   <trkpt lat="40.5921170" lon="-3.0883090">
    <ele>907.4</ele>
   </trkpt>
   <trkpt lat="40.5921520" lon="-3.0881830">
    <ele>907.4</ele>
   </trkpt>
   <trkpt lat="40.5921820" lon="-3.0880740">
    <ele>907.4</ele>
   </trkpt>
   <trkpt lat="40.5922130" lon="-3.0879850">
    <ele>907.4</ele>
   </trkpt>
   <trkpt lat="40.5922550" lon="-3.0878510">
    <ele>907.6</ele>
   </trkpt>
   <trkpt lat="40.5922890" lon="-3.0877390">
    <ele>907.4</ele>
   </trkpt>
   <trkpt lat="40.5923190" lon="-3.0876290">
    <ele>907.4</ele>
   </trkpt>
   <trkpt lat="40.5923500" lon="-3.0875220">
    <ele>907.4</ele>
   </trkpt>
   <trkpt lat="40.5923800" lon="-3.0874140">
    <ele>907.4</ele>
   </trkpt>
   <trkpt lat="40.5924150" lon="-3.0873070">
    <ele>907.2</ele>
   </trkpt>
   <trkpt lat="40.5924450" lon="-3.0872000">
    <ele>907.4</ele>
   </trkpt>
   <trkpt lat="40.5924760" lon="-3.0870980">
    <ele>907.4</ele>
   </trkpt>
   <trkpt lat="40.5925060" lon="-3.0869970">
    <ele>907.4</ele>
   </trkpt>
   <trkpt lat="40.5925370" lon="-3.0868970">
    <ele>907.6</ele>
   </trkpt>
   <trkpt lat="40.5925670" lon="-3.0867990">
    <ele>907.6</ele>
   </trkpt>
   <trkpt lat="40.5925940" lon="-3.0867000">
    <ele>907.8</ele>
   </trkpt>
   <trkpt lat="40.5926250" lon="-3.0866040">
    <ele>908.0</ele>
   </trkpt>
   <trkpt lat="40.5926510" lon="-3.0865070">
    <ele>908.2</ele>
   </trkpt>
   <trkpt lat="40.5926740" lon="-3.0864280">
    <ele>908.2</ele>
   </trkpt>
   <trkpt lat="40.5927050" lon="-3.0863280">
    <ele>908.4</ele>
   </trkpt>
   <trkpt lat="40.5927310" lon="-3.0862340">
    <ele>908.4</ele>
   </trkpt>
   <trkpt lat="40.5927620" lon="-3.0861390">
    <ele>908.6</ele>
   </trkpt>
   <trkpt lat="40.5927960" lon="-3.0860290">
    <ele>908.6</ele>
   </trkpt>
   <trkpt lat="40.5928190" lon="-3.0859390">
    <ele>908.8</ele>
   </trkpt>
   <trkpt lat="40.5928460" lon="-3.0858500">
    <ele>908.8</ele>
   </trkpt>
   <trkpt lat="40.5928730" lon="-3.0857630">
    <ele>909.0</ele>
   </trkpt>
   <trkpt lat="40.5928920" lon="-3.0856950">
    <ele>909.0</ele>
   </trkpt>
   <trkpt lat="40.5929180" lon="-3.0856050">
    <ele>909.2</ele>
   </trkpt>
   <trkpt lat="40.5929490" lon="-3.0854990">
    <ele>909.2</ele>
   </trkpt>
   <trkpt lat="40.5929720" lon="-3.0854280">
    <ele>909.4</ele>
   </trkpt>
   <trkpt lat="40.5929950" lon="-3.0853370">
    <ele>909.4</ele>
   </trkpt>
   <trkpt lat="40.5930250" lon="-3.0852290">
    <ele>909.4</ele>
   </trkpt>
   <trkpt lat="40.5930520" lon="-3.0851410">
    <ele>909.4</ele>
   </trkpt>
   <trkpt lat="40.5930750" lon="-3.0850510">
    <ele>909.4</ele>
   </trkpt>
   <trkpt lat="40.5931020" lon="-3.0849610">
    <ele>909.4</ele>
   </trkpt>
   <trkpt lat="40.5931280" lon="-3.0848830">
    <ele>909.4</ele>
   </trkpt>
   <trkpt lat="40.5931630" lon="-3.0847700">
    <ele>909.4</ele>
   </trkpt>
   <trkpt lat="40.5931850" lon="-3.0846930">
    <ele>909.4</ele>
   </trkpt>
   <trkpt lat="40.5932120" lon="-3.0845980">
    <ele>909.4</ele>
   </trkpt>
   <trkpt lat="40.5932430" lon="-3.0845050">
    <ele>909.4</ele>
   </trkpt>
   <trkpt lat="40.5932690" lon="-3.0844130">
    <ele>909.6</ele>
   </trkpt>
   <trkpt lat="40.5932960" lon="-3.0843200">
    <ele>909.6</ele>
   </trkpt>
   <trkpt lat="40.5933270" lon="-3.0842070">
    <ele>909.6</ele>
   </trkpt>
   <trkpt lat="40.5933490" lon="-3.0841330">
    <ele>909.6</ele>
   </trkpt>
   <trkpt lat="40.5933760" lon="-3.0840400">
    <ele>909.6</ele>
   </trkpt>
   <trkpt lat="40.5934070" lon="-3.0839270">
    <ele>909.6</ele>
   </trkpt>
   <trkpt lat="40.5934330" lon="-3.0838350">
    <ele>909.6</ele>
   </trkpt>
   <trkpt lat="40.5934560" lon="-3.0837600">
    <ele>909.6</ele>
   </trkpt>
   <trkpt lat="40.5934790" lon="-3.0836680">
    <ele>909.6</ele>
   </trkpt>
   <trkpt lat="40.5935100" lon="-3.0835600">
    <ele>909.6</ele>
   </trkpt>
   <trkpt lat="40.5935330" lon="-3.0834680">
    <ele>909.8</ele>
   </trkpt>
   <trkpt lat="40.5935550" lon="-3.0833780">
    <ele>909.8</ele>
   </trkpt>
   <trkpt lat="40.5935740" lon="-3.0833080">
    <ele>909.8</ele>
   </trkpt>
   <trkpt lat="40.5936050" lon="-3.0832000">
    <ele>909.8</ele>
   </trkpt>
   <trkpt lat="40.5936320" lon="-3.0831080">
    <ele>910.0</ele>
   </trkpt>
   <trkpt lat="40.5936580" lon="-3.0830150">
    <ele>910.0</ele>
   </trkpt>
   <trkpt lat="40.5936850" lon="-3.0829230">
    <ele>910.0</ele>
   </trkpt>
   <trkpt lat="40.5937080" lon="-3.0828510">
    <ele>910.0</ele>
   </trkpt>
   <trkpt lat="40.5937390" lon="-3.0827620">
    <ele>910.0</ele>
   </trkpt>
   <trkpt lat="40.5937690" lon="-3.0826490">
    <ele>910.0</ele>
   </trkpt>
   <trkpt lat="40.5937880" lon="-3.0825730">
    <ele>910.0</ele>
   </trkpt>
   <trkpt lat="40.5938150" lon="-3.0824780">
    <ele>910.0</ele>
   </trkpt>
   <trkpt lat="40.5938420" lon="-3.0823860">
    <ele>910.0</ele>
   </trkpt>
   <trkpt lat="40.5938720" lon="-3.0822930">
    <ele>910.0</ele>
   </trkpt>
   <trkpt lat="40.5938990" lon="-3.0822030">
    <ele>910.0</ele>
   </trkpt>
   <trkpt lat="40.5939250" lon="-3.0821160">
    <ele>910.0</ele>
   </trkpt>
   <trkpt lat="40.5939520" lon="-3.0820250">
    <ele>910.2</ele>
   </trkpt>
   <trkpt lat="40.5939860" lon="-3.0819170">
    <ele>910.2</ele>
   </trkpt>
   <trkpt lat="40.5940130" lon="-3.0818250">
    <ele>910.2</ele>
   </trkpt>
   <trkpt lat="40.5940320" lon="-3.0817580">
    <ele>910.2</ele>
   </trkpt>
   <trkpt lat="40.5940590" lon="-3.0816600">
    <ele>910.2</ele>
   </trkpt>
   <trkpt lat="40.5940820" lon="-3.0815890">
    <ele>910.2</ele>
   </trkpt>
   <trkpt lat="40.5941120" lon="-3.0814830">
    <ele>910.4</ele>
   </trkpt>
   <trkpt lat="40.5941390" lon="-3.0813930">
    <ele>910.4</ele>
   </trkpt>
   <trkpt lat="40.5941620" lon="-3.0813160">
    <ele>910.4</ele>
   </trkpt>
   <trkpt lat="40.5941920" lon="-3.0812220">
    <ele>910.4</ele>
   </trkpt>
   <trkpt lat="40.5942150" lon="-3.0811280">
    <ele>910.4</ele>
   </trkpt>
   <trkpt lat="40.5942500" lon="-3.0810180">
    <ele>910.4</ele>
   </trkpt>
   <trkpt lat="40.5942690" lon="-3.0809480">
    <ele>910.6</ele>
   </trkpt>
   <trkpt lat="40.5942960" lon="-3.0808580">
    <ele>910.6</ele>
   </trkpt>
   <trkpt lat="40.5943260" lon="-3.0807500">
    <ele>910.6</ele>
   </trkpt>
   <trkpt lat="40.5943530" lon="-3.0806620">
    <ele>910.8</ele>
   </trkpt>
   <trkpt lat="40.5943720" lon="-3.0805980">
    <ele>910.8</ele>
   </trkpt>
   <trkpt lat="40.5943950" lon="-3.0805180">
    <ele>911.0</ele>
   </trkpt>
   <trkpt lat="40.5944180" lon="-3.0804350">
    <ele>911.0</ele>
   </trkpt>
   <trkpt lat="40.5944400" lon="-3.0803510">
    <ele>911.0</ele>
   </trkpt>
   <trkpt lat="40.5944710" lon="-3.0802500">
    <ele>911.2</ele>
   </trkpt>
   <trkpt lat="40.5944940" lon="-3.0801810">
    <ele>911.2</ele>
   </trkpt>
   <trkpt lat="40.5945210" lon="-3.0800980">
    <ele>911.2</ele>
   </trkpt>
   <trkpt lat="40.5945470" lon="-3.0800150">
    <ele>911.4</ele>
   </trkpt>
   <trkpt lat="40.5945700" lon="-3.0799340">
    <ele>911.4</ele>
   </trkpt>
   <trkpt lat="40.5945970" lon="-3.0798520">
    <ele>911.4</ele>
   </trkpt>
   <trkpt lat="40.5946200" lon="-3.0797690">
    <ele>911.6</ele>
   </trkpt>
   <trkpt lat="40.5946430" lon="-3.0796900">
    <ele>911.8</ele>
   </trkpt>
   <trkpt lat="40.5946730" lon="-3.0795910">
    <ele>911.8</ele>
   </trkpt>
   <trkpt lat="40.5946920" lon="-3.0795250">
    <ele>912.0</ele>
   </trkpt>
   <trkpt lat="40.5947190" lon="-3.0794490">
    <ele>912.0</ele>
   </trkpt>
   <trkpt lat="40.5947420" lon="-3.0793690">
    <ele>912.2</ele>
   </trkpt>
   <trkpt lat="40.5947680" lon="-3.0792860">
    <ele>912.2</ele>
   </trkpt>
   <trkpt lat="40.5947950" lon="-3.0792020">
    <ele>912.2</ele>
   </trkpt>
   <trkpt lat="40.5948180" lon="-3.0791030">
    <ele>912.4</ele>
   </trkpt>
   <trkpt lat="40.5948410" lon="-3.0790340">
    <ele>912.4</ele>
   </trkpt>
   <trkpt lat="40.5948680" lon="-3.0789510">
    <ele>912.6</ele>
   </trkpt>
   <trkpt lat="40.5948940" lon="-3.0788510">
    <ele>912.6</ele>
   </trkpt>
   <trkpt lat="40.5949100" lon="-3.0787870">
    <ele>912.8</ele>
   </trkpt>
   <trkpt lat="40.5949290" lon="-3.0787110">
    <ele>912.8</ele>
   </trkpt>
   <trkpt lat="40.5949520" lon="-3.0786320">
    <ele>913.0</ele>
   </trkpt>
   <trkpt lat="40.5949780" lon="-3.0785540">
    <ele>913.0</ele>
   </trkpt>
   <trkpt lat="40.5950090" lon="-3.0784630">
    <ele>913.2</ele>
   </trkpt>
   <trkpt lat="40.5950320" lon="-3.0783840">
    <ele>913.2</ele>
   </trkpt>
   <trkpt lat="40.5950510" lon="-3.0783200">
    <ele>913.4</ele>
   </trkpt>
   <trkpt lat="40.5950740" lon="-3.0782400">
    <ele>913.6</ele>
   </trkpt>
   <trkpt lat="40.5950970" lon="-3.0781620">
    <ele>913.6</ele>
   </trkpt>
   <trkpt lat="40.5951270" lon="-3.0780640">
    <ele>913.6</ele>
   </trkpt>
   <trkpt lat="40.5951500" lon="-3.0779840">
    <ele>913.6</ele>
   </trkpt>
   <trkpt lat="40.5951730" lon="-3.0779020">
    <ele>913.4</ele>
   </trkpt>
   <trkpt lat="40.5951880" lon="-3.0778340">
    <ele>913.4</ele>
   </trkpt>
   <trkpt lat="40.5952150" lon="-3.0777500">
    <ele>913.6</ele>
   </trkpt>
   <trkpt lat="40.5952450" lon="-3.0776510">
    <ele>913.6</ele>
   </trkpt>
   <trkpt lat="40.5952680" lon="-3.0775800">
    <ele>913.4</ele>
   </trkpt>
   <trkpt lat="40.5952950" lon="-3.0774940">
    <ele>913.4</ele>
   </trkpt>
   <trkpt lat="40.5953220" lon="-3.0773940">
    <ele>913.4</ele>
   </trkpt>
   <trkpt lat="40.5953480" lon="-3.0773070">
    <ele>913.4</ele>
   </trkpt>
   <trkpt lat="40.5953670" lon="-3.0772400">
    <ele>913.4</ele>
   </trkpt>
   <trkpt lat="40.5953900" lon="-3.0771570">
    <ele>913.6</ele>
   </trkpt>
   <trkpt lat="40.5954250" lon="-3.0770580">
    <ele>913.6</ele>
   </trkpt>
   <trkpt lat="40.5954440" lon="-3.0769880">
    <ele>913.6</ele>
   </trkpt>
   <trkpt lat="40.5954700" lon="-3.0769040">
    <ele>913.6</ele>
   </trkpt>
   <trkpt lat="40.5954970" lon="-3.0768200">
    <ele>913.8</ele>
   </trkpt>
   <trkpt lat="40.5955280" lon="-3.0767370">
    <ele>913.8</ele>
   </trkpt>
   <trkpt lat="40.5955580" lon="-3.0766540">
    <ele>913.6</ele>
   </trkpt>
   <trkpt lat="40.5955930" lon="-3.0765690">
    <ele>913.6</ele>
   </trkpt>
   <trkpt lat="40.5956340" lon="-3.0764870">
    <ele>913.4</ele>
   </trkpt>
   <trkpt lat="40.5956840" lon="-3.0763930">
    <ele>913.2</ele>
   </trkpt>
   <trkpt lat="40.5957260" lon="-3.0763300">
    <ele>913.0</ele>
   </trkpt>
   <trkpt lat="40.5957720" lon="-3.0762510">
    <ele>912.8</ele>
   </trkpt>
   <trkpt lat="40.5958370" lon="-3.0761530">
    <ele>912.6</ele>
   </trkpt>
   <trkpt lat="40.5958790" lon="-3.0760850">
    <ele>912.4</ele>
   </trkpt>
   <trkpt lat="40.5959320" lon="-3.0760010">
    <ele>912.2</ele>
   </trkpt>
   <trkpt lat="40.5959970" lon="-3.0759050">
    <ele>912.2</ele>
   </trkpt>
   <trkpt lat="40.5960540" lon="-3.0758190">
    <ele>912.2</ele>
   </trkpt>
   <trkpt lat="40.5960960" lon="-3.0757560">
    <ele>912.2</ele>
   </trkpt>
   <trkpt lat="40.5961460" lon="-3.0756770">
    <ele>912.4</ele>
   </trkpt>
   <trkpt lat="40.5961910" lon="-3.0756050">
    <ele>912.6</ele>
   </trkpt>
   <trkpt lat="40.5962450" lon="-3.0755290">
    <ele>912.8</ele>
   </trkpt>
   <trkpt lat="40.5962910" lon="-3.0754450">
    <ele>913.0</ele>
   </trkpt>
   <trkpt lat="40.5963290" lon="-3.0753930">
    <ele>913.4</ele>
   </trkpt>
   <trkpt lat="40.5963630" lon="-3.0753310">
    <ele>913.8</ele>
   </trkpt>
   <trkpt lat="40.5964050" lon="-3.0752650">
    <ele>914.2</ele>
   </trkpt>
   <trkpt lat="40.5964430" lon="-3.0752050">
    <ele>914.4</ele>
   </trkpt>
   <trkpt lat="40.5964770" lon="-3.0751490">
    <ele>914.8</ele>
   </trkpt>
   <trkpt lat="40.5965120" lon="-3.0750930">
    <ele>915.0</ele>
   </trkpt>
   <trkpt lat="40.5965460" lon="-3.0750370">
    <ele>915.2</ele>
   </trkpt>
   <trkpt lat="40.5965800" lon="-3.0749820">
    <ele>915.4</ele>
   </trkpt>
   <trkpt lat="40.5966150" lon="-3.0749230">
    <ele>915.6</ele>
   </trkpt>
   <trkpt lat="40.5966490" lon="-3.0748630">
    <ele>915.8</ele>
   </trkpt>
   <trkpt lat="40.5966840" lon="-3.0748040">
    <ele>916.0</ele>
   </trkpt>
   <trkpt lat="40.5967220" lon="-3.0747450">
    <ele>916.0</ele>
   </trkpt>
   <trkpt lat="40.5967560" lon="-3.0746830">
    <ele>916.0</ele>
   </trkpt>
   <trkpt lat="40.5967900" lon="-3.0746240">
    <ele>916.0</ele>
   </trkpt>
   <trkpt lat="40.5968320" lon="-3.0745590">
    <ele>916.2</ele>
   </trkpt>
   <trkpt lat="40.5968670" lon="-3.0744970">
    <ele>916.2</ele>
   </trkpt>
   <trkpt lat="40.5969050" lon="-3.0744340">
    <ele>916.2</ele>
   </trkpt>
   <trkpt lat="40.5969470" lon="-3.0743700">
    <ele>916.2</ele>
   </trkpt>
   <trkpt lat="40.5969890" lon="-3.0742950">
    <ele>916.2</ele>
   </trkpt>
   <trkpt lat="40.5970270" lon="-3.0742290">
    <ele>916.2</ele>
   </trkpt>
   <trkpt lat="40.5970610" lon="-3.0741750">
    <ele>916.0</ele>
   </trkpt>
   <trkpt lat="40.5970990" lon="-3.0741070">
    <ele>916.0</ele>
   </trkpt>
   <trkpt lat="40.5971490" lon="-3.0740250">
    <ele>916.0</ele>
   </trkpt>
   <trkpt lat="40.5971790" lon="-3.0739690">
    <ele>916.0</ele>
   </trkpt>
   <trkpt lat="40.5972210" lon="-3.0739000">
    <ele>915.8</ele>
   </trkpt>
   <trkpt lat="40.5972630" lon="-3.0738330">
    <ele>915.6</ele>
   </trkpt>
   <trkpt lat="40.5973050" lon="-3.0737650">
    <ele>915.4</ele>
   </trkpt>
   <trkpt lat="40.5973510" lon="-3.0736920">
    <ele>915.2</ele>
   </trkpt>
   <trkpt lat="40.5974010" lon="-3.0736070">
    <ele>915.0</ele>
   </trkpt>
   <trkpt lat="40.5974500" lon="-3.0735260">
    <ele>914.8</ele>
   </trkpt>
   <trkpt lat="40.5974880" lon="-3.0734630">
    <ele>914.4</ele>
   </trkpt>
   <trkpt lat="40.5975380" lon="-3.0733880">
    <ele>914.2</ele>
   </trkpt>
   <trkpt lat="40.5975910" lon="-3.0732980">
    <ele>914.0</ele>
   </trkpt>
   <trkpt lat="40.5976290" lon="-3.0732300">
    <ele>913.8</ele>
   </trkpt>
   <trkpt lat="40.5976830" lon="-3.0731500">
    <ele>913.4</ele>
   </trkpt>
   <trkpt lat="40.5977360" lon="-3.0730670">
    <ele>913.2</ele>
   </trkpt>
   <trkpt lat="40.5977860" lon="-3.0729850">
    <ele>913.0</ele>
   </trkpt>
   <trkpt lat="40.5978510" lon="-3.0728860">
    <ele>912.8</ele>
   </trkpt>
   <trkpt lat="40.5979000" lon="-3.0728050">
    <ele>912.6</ele>
   </trkpt>
   <trkpt lat="40.5979390" lon="-3.0727380">
    <ele>912.2</ele>
   </trkpt>
   <trkpt lat="40.5980000" lon="-3.0726420">
    <ele>911.8</ele>
   </trkpt>
   <trkpt lat="40.5980450" lon="-3.0725530">
    <ele>911.6</ele>
   </trkpt>
   <trkpt lat="40.5980800" lon="-3.0724760">
    <ele>911.2</ele>
   </trkpt>
   <trkpt lat="40.5981140" lon="-3.0723720">
    <ele>911.0</ele>
   </trkpt>
   <trkpt lat="40.5981370" lon="-3.0722580">
    <ele>910.8</ele>
   </trkpt>
   <trkpt lat="40.5981410" lon="-3.0721460">
    <ele>910.6</ele>
   </trkpt>
   <trkpt lat="40.5981410" lon="-3.0720330">
    <ele>910.2</ele>
   </trkpt>
   <trkpt lat="40.5981410" lon="-3.0718980">
    <ele>910.0</ele>
   </trkpt>
   <trkpt lat="40.5981410" lon="-3.0718040">
    <ele>909.6</ele>
   </trkpt>
   <trkpt lat="40.5981440" lon="-3.0716850">
    <ele>909.0</ele>
   </trkpt>
   <trkpt lat="40.5981480" lon="-3.0715640">
    <ele>908.4</ele>
   </trkpt>
   <trkpt lat="40.5981710" lon="-3.0714150">
    <ele>907.8</ele>
   </trkpt>
   <trkpt lat="40.5982020" lon="-3.0712900">
    <ele>907.0</ele>
   </trkpt>
   <trkpt lat="40.5982250" lon="-3.0711860">
    <ele>906.2</ele>
   </trkpt>
   <trkpt lat="40.5982670" lon="-3.0710300">
    <ele>905.4</ele>
   </trkpt>
   <trkpt lat="40.5983010" lon="-3.0708950">
    <ele>904.8</ele>
   </trkpt>
   <trkpt lat="40.5983280" lon="-3.0707840">
    <ele>904.0</ele>
   </trkpt>
   <trkpt lat="40.5983620" lon="-3.0706460">
    <ele>903.2</ele>
   </trkpt>
   <trkpt lat="40.5983960" lon="-3.0705080">
    <ele>902.6</ele>
   </trkpt>
   <trkpt lat="40.5984380" lon="-3.0703460">
    <ele>902.0</ele>
   </trkpt>
   <trkpt lat="40.5984730" lon="-3.0702100">
    <ele>901.6</ele>
   </trkpt>
   <trkpt lat="40.5985070" lon="-3.0700730">
    <ele>901.2</ele>
   </trkpt>
   <trkpt lat="40.5985450" lon="-3.0699400">
    <ele>900.8</ele>
   </trkpt>
   <trkpt lat="40.5985640" lon="-3.0698090">
    <ele>900.4</ele>
   </trkpt>
   <trkpt lat="40.5985680" lon="-3.0697040">
    <ele>900.0</ele>
   </trkpt>
   <trkpt lat="40.5985570" lon="-3.0695470">
    <ele>899.6</ele>
   </trkpt>
   <trkpt lat="40.5985370" lon="-3.0694390">
    <ele>899.0</ele>
   </trkpt>
   <trkpt lat="40.5984920" lon="-3.0693270">
    <ele>898.6</ele>
   </trkpt>
   <trkpt lat="40.5984230" lon="-3.0692340">
    <ele>898.2</ele>
   </trkpt>
   <trkpt lat="40.5983350" lon="-3.0691310">
    <ele>897.8</ele>
   </trkpt>
   <trkpt lat="40.5982550" lon="-3.0690450">
    <ele>897.4</ele>
   </trkpt>
   <trkpt lat="40.5981830" lon="-3.0689580">
    <ele>896.8</ele>
   </trkpt>
   <trkpt lat="40.5981180" lon="-3.0688880">
    <ele>896.2</ele>
   </trkpt>
   <trkpt lat="40.5980340" lon="-3.0687940">
    <ele>895.6</ele>
   </trkpt>
   <trkpt lat="40.5979390" lon="-3.0686790">
    <ele>895.0</ele>
   </trkpt>
   <trkpt lat="40.5978700" lon="-3.0686000">
    <ele>894.4</ele>
   </trkpt>
   <trkpt lat="40.5977900" lon="-3.0685040">
    <ele>893.6</ele>
   </trkpt>
   <trkpt lat="40.5976910" lon="-3.0683910">
    <ele>893.0</ele>
   </trkpt>
   <trkpt lat="40.5976260" lon="-3.0683160">
    <ele>892.6</ele>
   </trkpt>
   <trkpt lat="40.5975530" lon="-3.0682290">
    <ele>892.2</ele>
   </trkpt>
   <trkpt lat="40.5974770" lon="-3.0681270">
    <ele>891.6</ele>
   </trkpt>
   <trkpt lat="40.5974350" lon="-3.0680600">
    <ele>891.2</ele>
   </trkpt>
   <trkpt lat="40.5973890" lon="-3.0679690">
    <ele>890.8</ele>
   </trkpt>
   <trkpt lat="40.5973510" lon="-3.0678600">
    <ele>890.6</ele>
   </trkpt>
   <trkpt lat="40.5973400" lon="-3.0677950">
    <ele>890.6</ele>
   </trkpt>
   <trkpt lat="40.5973360" lon="-3.0677250">
    <ele>890.8</ele>
   </trkpt>
   <trkpt lat="40.5973510" lon="-3.0676670">
    <ele>891.0</ele>
   </trkpt>
   <trkpt lat="40.5973740" lon="-3.0676260">
    <ele>891.2</ele>
   </trkpt>
   <trkpt lat="40.5973970" lon="-3.0675890">
    <ele>891.4</ele>
   </trkpt>
   <trkpt lat="40.5974310" lon="-3.0675380">
    <ele>891.6</ele>
   </trkpt>
   <trkpt lat="40.5974620" lon="-3.0674860">
    <ele>891.8</ele>
   </trkpt>
   <trkpt lat="40.5974880" lon="-3.0674260">
    <ele>892.0</ele>
   </trkpt>
   <trkpt lat="40.5975110" lon="-3.0673780">
    <ele>892.2</ele>
   </trkpt>
   <trkpt lat="40.5975300" lon="-3.0673330">
    <ele>892.4</ele>
   </trkpt>
   <trkpt lat="40.5975420" lon="-3.0672910">
    <ele>892.6</ele>
   </trkpt>
   <trkpt lat="40.5975460" lon="-3.0672590">
    <ele>892.8</ele>
   </trkpt>
   <trkpt lat="40.5975530" lon="-3.0672160">
    <ele>893.0</ele>
   </trkpt>
   <trkpt lat="40.5975610" lon="-3.0671630">
    <ele>893.2</ele>
   </trkpt>
   <trkpt lat="40.5975610" lon="-3.0671240">
    <ele>893.4</ele>
   </trkpt>
   <trkpt lat="40.5975650" lon="-3.0670790">
    <ele>893.6</ele>
   </trkpt>
   <trkpt lat="40.5975680" lon="-3.0670290">
    <ele>893.8</ele>
   </trkpt>
   <trkpt lat="40.5975650" lon="-3.0669890">
    <ele>893.8</ele>
   </trkpt>
   <trkpt lat="40.5975610" lon="-3.0669540">
    <ele>894.0</ele>
   </trkpt>
   <trkpt lat="40.5975680" lon="-3.0669050">
    <ele>894.2</ele>
   </trkpt>
   <trkpt lat="40.5975680" lon="-3.0668670">
    <ele>894.4</ele>
   </trkpt>
   <trkpt lat="40.5975680" lon="-3.0668240">
    <ele>894.4</ele>
   </trkpt>
   <trkpt lat="40.5975680" lon="-3.0667680">
    <ele>894.6</ele>
   </trkpt>
   <trkpt lat="40.5975720" lon="-3.0667290">
    <ele>894.6</ele>
   </trkpt>
   <trkpt lat="40.5975760" lon="-3.0666830">
    <ele>894.8</ele>
   </trkpt>
   <trkpt lat="40.5975840" lon="-3.0666380">
    <ele>895.0</ele>
   </trkpt>
   <trkpt lat="40.5975880" lon="-3.0665940">
    <ele>895.2</ele>
   </trkpt>
   <trkpt lat="40.5975910" lon="-3.0665530">
    <ele>895.2</ele>
   </trkpt>
   <trkpt lat="40.5975950" lon="-3.0665090">
    <ele>895.4</ele>
   </trkpt>
   <trkpt lat="40.5976070" lon="-3.0664690">
    <ele>895.6</ele>
   </trkpt>
   <trkpt lat="40.5976180" lon="-3.0664330">
    <ele>895.8</ele>
   </trkpt>
   <trkpt lat="40.5976410" lon="-3.0663870">
    <ele>895.8</ele>
   </trkpt>
   <trkpt lat="40.5976640" lon="-3.0663490">
    <ele>896.0</ele>
   </trkpt>
   <trkpt lat="40.5976830" lon="-3.0663170">
    <ele>896.2</ele>
   </trkpt>
   <trkpt lat="40.5977100" lon="-3.0662840">
    <ele>896.2</ele>
   </trkpt>
   <trkpt lat="40.5977360" lon="-3.0662470">
    <ele>896.4</ele>
   </trkpt>
   <trkpt lat="40.5977630" lon="-3.0662190">
    <ele>896.6</ele>
   </trkpt>
   <trkpt lat="40.5977820" lon="-3.0661970">
    <ele>896.8</ele>
   </trkpt>
   <trkpt lat="40.5978050" lon="-3.0661670">
    <ele>896.8</ele>
   </trkpt>
   <trkpt lat="40.5978320" lon="-3.0661320">
    <ele>897.0</ele>
   </trkpt>
   <trkpt lat="40.5978510" lon="-3.0661100">
    <ele>897.2</ele>
   </trkpt>
   <trkpt lat="40.5978660" lon="-3.0660940">
    <ele>897.2</ele>
   </trkpt>
   <trkpt lat="40.5978810" lon="-3.0660610">
    <ele>897.2</ele>
   </trkpt>
   <trkpt lat="40.5978970" lon="-3.0660270">
    <ele>897.4</ele>
   </trkpt>
   <trkpt lat="40.5979160" lon="-3.0659860">
    <ele>897.4</ele>
   </trkpt>
   <trkpt lat="40.5979390" lon="-3.0659430">
    <ele>897.4</ele>
   </trkpt>
   <trkpt lat="40.5979580" lon="-3.0659030">
    <ele>897.4</ele>
   </trkpt>
   <trkpt lat="40.5979730" lon="-3.0658690">
    <ele>897.4</ele>
   </trkpt>
   <trkpt lat="40.5979920" lon="-3.0658370">
    <ele>897.4</ele>
   </trkpt>
   <trkpt lat="40.5980030" lon="-3.0658040">
    <ele>897.4</ele>
   </trkpt>
   <trkpt lat="40.5980300" lon="-3.0657560">
    <ele>897.4</ele>
   </trkpt>
   <trkpt lat="40.5980490" lon="-3.0656980">
    <ele>897.4</ele>
   </trkpt>
   <trkpt lat="40.5980570" lon="-3.0656380">
    <ele>897.4</ele>
   </trkpt>
   <trkpt lat="40.5980610" lon="-3.0655910">
    <ele>897.4</ele>
   </trkpt>
   <trkpt lat="40.5980680" lon="-3.0655300">
    <ele>897.4</ele>
   </trkpt>
   <trkpt lat="40.5980800" lon="-3.0654780">
    <ele>897.6</ele>
   </trkpt>
   <trkpt lat="40.5981030" lon="-3.0654310">
    <ele>897.6</ele>
   </trkpt>
   <trkpt lat="40.5981290" lon="-3.0653810">
    <ele>897.6</ele>
   </trkpt>
   <trkpt lat="40.5981560" lon="-3.0653280">
    <ele>897.6</ele>
   </trkpt>
   <trkpt lat="40.5981900" lon="-3.0652680">
    <ele>897.8</ele>
   </trkpt>
   <trkpt lat="40.5982250" lon="-3.0652080">
    <ele>897.8</ele>
   </trkpt>
   <trkpt lat="40.5982440" lon="-3.0651500">
    <ele>897.8</ele>
   </trkpt>
   <trkpt lat="40.5982670" lon="-3.0650810">
    <ele>897.8</ele>
   </trkpt>
   <trkpt lat="40.5982860" lon="-3.0650250">
    <ele>897.8</ele>
   </trkpt>
   <trkpt lat="40.5983120" lon="-3.0649650">
    <ele>898.0</ele>
   </trkpt>
   <trkpt lat="40.5983280" lon="-3.0649210">
    <ele>898.0</ele>
   </trkpt>
   <trkpt lat="40.5983390" lon="-3.0648870">
    <ele>898.0</ele>
   </trkpt>
   <trkpt lat="40.5983540" lon="-3.0648430">
    <ele>898.0</ele>
   </trkpt>
   <trkpt lat="40.5983810" lon="-3.0647960">
    <ele>898.0</ele>
   </trkpt>
   <trkpt lat="40.5984120" lon="-3.0647380">
    <ele>898.2</ele>
   </trkpt>
   <trkpt lat="40.5984270" lon="-3.0646890">
    <ele>898.2</ele>
   </trkpt>
   <trkpt lat="40.5984380" lon="-3.0646490">
    <ele>898.2</ele>
   </trkpt>
   <trkpt lat="40.5984610" lon="-3.0645910">
    <ele>898.2</ele>
   </trkpt>
   <trkpt lat="40.5984760" lon="-3.0645430">
    <ele>898.0</ele>
   </trkpt>
   <trkpt lat="40.5984920" lon="-3.0645010">
    <ele>898.0</ele>
   </trkpt>
   <trkpt lat="40.5985070" lon="-3.0644500">
    <ele>898.0</ele>
   </trkpt>
   <trkpt lat="40.5985260" lon="-3.0643880">
    <ele>898.0</ele>
   </trkpt>
   <trkpt lat="40.5985490" lon="-3.0643230">
    <ele>897.8</ele>
   </trkpt>
   <trkpt lat="40.5985640" lon="-3.0642680">
    <ele>897.6</ele>
   </trkpt>
   <trkpt lat="40.5985830" lon="-3.0642060">
    <ele>897.6</ele>
   </trkpt>
   <trkpt lat="40.5985950" lon="-3.0641580">
    <ele>897.4</ele>
   </trkpt>
   <trkpt lat="40.5986140" lon="-3.0640850">
    <ele>897.4</ele>
   </trkpt>
   <trkpt lat="40.5986290" lon="-3.0640260">
    <ele>897.2</ele>
   </trkpt>
   <trkpt lat="40.5986480" lon="-3.0639790">
    <ele>897.2</ele>
   </trkpt>
   <trkpt lat="40.5986710" lon="-3.0639250">
    <ele>897.2</ele>
   </trkpt>
   <trkpt lat="40.5986980" lon="-3.0638740">
    <ele>897.2</ele>
   </trkpt>
   <trkpt lat="40.5987210" lon="-3.0638280">
    <ele>897.2</ele>
   </trkpt>
   <trkpt lat="40.5987430" lon="-3.0637810">
    <ele>897.2</ele>
   </trkpt>
   <trkpt lat="40.5987660" lon="-3.0637380">
    <ele>897.2</ele>
   </trkpt>
   <trkpt lat="40.5987850" lon="-3.0636960">
    <ele>897.2</ele>
   </trkpt>
   <trkpt lat="40.5988040" lon="-3.0636650">
    <ele>897.4</ele>
   </trkpt>
   <trkpt lat="40.5988230" lon="-3.0636360">
    <ele>897.4</ele>
   </trkpt>
   <trkpt lat="40.5988270" lon="-3.0636250">
    <ele>897.4</ele>
   </trkpt>
   <trkpt lat="40.5988430" lon="-3.0635970">
    <ele>897.6</ele>
   </trkpt>
   <trkpt lat="40.5988540" lon="-3.0635790">
    <ele>897.6</ele>
   </trkpt>
   <trkpt lat="40.5988730" lon="-3.0635540">
    <ele>897.6</ele>
   </trkpt>
   <trkpt lat="40.5989000" lon="-3.0635110">
    <ele>897.6</ele>
   </trkpt>
   <trkpt lat="40.5989270" lon="-3.0634790">
    <ele>897.6</ele>
   </trkpt>
   <trkpt lat="40.5989530" lon="-3.0634410">
    <ele>897.8</ele>
   </trkpt>
   <trkpt lat="40.5989880" lon="-3.0633980">
    <ele>897.8</ele>
   </trkpt>
   <trkpt lat="40.5990100" lon="-3.0633690">
    <ele>897.8</ele>
   </trkpt>
   <trkpt lat="40.5990330" lon="-3.0633330">
    <ele>898.0</ele>
   </trkpt>
   <trkpt lat="40.5990600" lon="-3.0632850">
    <ele>898.0</ele>
   </trkpt>
   <trkpt lat="40.5990830" lon="-3.0632430">
    <ele>898.2</ele>
   </trkpt>
   <trkpt lat="40.5990980" lon="-3.0632110">
    <ele>898.2</ele>
   </trkpt>
   <trkpt lat="40.5991250" lon="-3.0631710">
    <ele>898.4</ele>
   </trkpt>
   <trkpt lat="40.5991550" lon="-3.0631340">
    <ele>898.4</ele>
   </trkpt>
   <trkpt lat="40.5991820" lon="-3.0630940">
    <ele>898.6</ele>
   </trkpt>
   <trkpt lat="40.5992160" lon="-3.0630540">
    <ele>898.8</ele>
   </trkpt>
   <trkpt lat="40.5992430" lon="-3.0630110">
    <ele>898.8</ele>
   </trkpt>
   <trkpt lat="40.5992660" lon="-3.0629660">
    <ele>899.0</ele>
   </trkpt>
   <trkpt lat="40.5992930" lon="-3.0629230">
    <ele>899.0</ele>
   </trkpt>
   <trkpt lat="40.5993160" lon="-3.0628790">
    <ele>899.2</ele>
   </trkpt>
   <trkpt lat="40.5993380" lon="-3.0628370">
    <ele>899.2</ele>
   </trkpt>
   <trkpt lat="40.5993690" lon="-3.0627880">
    <ele>899.4</ele>
   </trkpt>
   <trkpt lat="40.5993960" lon="-3.0627440">
    <ele>899.6</ele>
   </trkpt>
   <trkpt lat="40.5994150" lon="-3.0627070">
    <ele>899.6</ele>
   </trkpt>
   <trkpt lat="40.5994450" lon="-3.0626560">
    <ele>899.8</ele>
   </trkpt>
   <trkpt lat="40.5994720" lon="-3.0626130">
    <ele>899.8</ele>
   </trkpt>
   <trkpt lat="40.5994950" lon="-3.0625740">
    <ele>900.0</ele>
   </trkpt>
   <trkpt lat="40.5995140" lon="-3.0625360">
    <ele>900.2</ele>
   </trkpt>
   <trkpt lat="40.5995330" lon="-3.0624990">
    <ele>900.2</ele>
   </trkpt>
   <trkpt lat="40.5995480" lon="-3.0624590">
    <ele>900.4</ele>
   </trkpt>
   <trkpt lat="40.5995670" lon="-3.0624160">
    <ele>900.4</ele>
   </trkpt>
   <trkpt lat="40.5995790" lon="-3.0623670">
    <ele>900.6</ele>
   </trkpt>
   <trkpt lat="40.5995860" lon="-3.0623280">
    <ele>900.6</ele>
   </trkpt>
   <trkpt lat="40.5996020" lon="-3.0622760">
    <ele>900.8</ele>
   </trkpt>
   <trkpt lat="40.5996170" lon="-3.0622110">
    <ele>900.8</ele>
   </trkpt>
   <trkpt lat="40.5996280" lon="-3.0621560">
    <ele>901.0</ele>
   </trkpt>
   <trkpt lat="40.5996400" lon="-3.0620990">
    <ele>901.0</ele>
   </trkpt>
   <trkpt lat="40.5996510" lon="-3.0620450">
    <ele>901.2</ele>
   </trkpt>
   <trkpt lat="40.5996630" lon="-3.0619900">
    <ele>901.2</ele>
   </trkpt>
   <trkpt lat="40.5996740" lon="-3.0619360">
    <ele>901.4</ele>
   </trkpt>
   <trkpt lat="40.5996860" lon="-3.0618800">
    <ele>901.6</ele>
   </trkpt>
   <trkpt lat="40.5996970" lon="-3.0618230">
    <ele>901.8</ele>
   </trkpt>
   <trkpt lat="40.5997090" lon="-3.0617630">
    <ele>902.0</ele>
   </trkpt>
   <trkpt lat="40.5997160" lon="-3.0617060">
    <ele>902.2</ele>
   </trkpt>
   <trkpt lat="40.5997240" lon="-3.0616560">
    <ele>902.4</ele>
   </trkpt>
   <trkpt lat="40.5997350" lon="-3.0616160">
    <ele>902.6</ele>
   </trkpt>
   <trkpt lat="40.5997620" lon="-3.0615530">
    <ele>902.8</ele>
   </trkpt>
   <trkpt lat="40.5997850" lon="-3.0614980">
    <ele>903.0</ele>
   </trkpt>
   <trkpt lat="40.5998000" lon="-3.0614580">
    <ele>903.2</ele>
   </trkpt>
   <trkpt lat="40.5998230" lon="-3.0614160">
    <ele>903.4</ele>
   </trkpt>
   <trkpt lat="40.5998460" lon="-3.0613740">
    <ele>903.4</ele>
   </trkpt>
   <trkpt lat="40.5998690" lon="-3.0613340">
    <ele>903.8</ele>
   </trkpt>
   <trkpt lat="40.5998920" lon="-3.0612980">
    <ele>904.0</ele>
   </trkpt>
   <trkpt lat="40.5999110" lon="-3.0612560">
    <ele>904.2</ele>
   </trkpt>
   <trkpt lat="40.5999300" lon="-3.0612120">
    <ele>904.4</ele>
   </trkpt>
   <trkpt lat="40.5999560" lon="-3.0611680">
    <ele>904.6</ele>
   </trkpt>
   <trkpt lat="40.5999720" lon="-3.0611240">
    <ele>904.8</ele>
   </trkpt>
   <trkpt lat="40.5999950" lon="-3.0610850">
    <ele>905.0</ele>
   </trkpt>
   <trkpt lat="40.6000100" lon="-3.0610390">
    <ele>905.2</ele>
   </trkpt>
   <trkpt lat="40.6000250" lon="-3.0610040">
    <ele>905.2</ele>
   </trkpt>
   <trkpt lat="40.6000440" lon="-3.0609620">
    <ele>905.4</ele>
   </trkpt>
   <trkpt lat="40.6000670" lon="-3.0609160">
    <ele>905.6</ele>
   </trkpt>
   <trkpt lat="40.6000860" lon="-3.0608760">
    <ele>905.6</ele>
   </trkpt>
   <trkpt lat="40.6001050" lon="-3.0608370">
    <ele>905.8</ele>
   </trkpt>
   <trkpt lat="40.6001170" lon="-3.0608090">
    <ele>905.8</ele>
   </trkpt>
   <trkpt lat="40.6001360" lon="-3.0607660">
    <ele>905.8</ele>
   </trkpt>
   <trkpt lat="40.6001550" lon="-3.0607260">
    <ele>906.0</ele>
   </trkpt>
   <trkpt lat="40.6001700" lon="-3.0606840">
    <ele>905.8</ele>
   </trkpt>
   <trkpt lat="40.6001930" lon="-3.0606480">
    <ele>905.8</ele>
   </trkpt>
   <trkpt lat="40.6002120" lon="-3.0606020">
    <ele>905.8</ele>
   </trkpt>
   <trkpt lat="40.6002430" lon="-3.0605460">
    <ele>905.8</ele>
   </trkpt>
   <trkpt lat="40.6002690" lon="-3.0604910">
    <ele>905.8</ele>
   </trkpt>
   <trkpt lat="40.6002880" lon="-3.0604380">
    <ele>905.8</ele>
   </trkpt>
   <trkpt lat="40.6003110" lon="-3.0603840">
    <ele>906.0</ele>
   </trkpt>
   <trkpt lat="40.6003270" lon="-3.0603410">
    <ele>906.0</ele>
   </trkpt>
   <trkpt lat="40.6003530" lon="-3.0602840">
    <ele>906.0</ele>
   </trkpt>
   <trkpt lat="40.6003680" lon="-3.0602380">
    <ele>906.0</ele>
   </trkpt>
   <trkpt lat="40.6003880" lon="-3.0601840">
    <ele>906.0</ele>
   </trkpt>
   <trkpt lat="40.6004030" lon="-3.0601410">
    <ele>906.0</ele>
   </trkpt>
   <trkpt lat="40.6004180" lon="-3.0600780">
    <ele>906.2</ele>
   </trkpt>
   <trkpt lat="40.6004300" lon="-3.0600270">
    <ele>906.2</ele>
   </trkpt>
   <trkpt lat="40.6004370" lon="-3.0599790">
    <ele>906.2</ele>
   </trkpt>
   <trkpt lat="40.6004450" lon="-3.0599410">
    <ele>906.4</ele>
   </trkpt>
   <trkpt lat="40.6004490" lon="-3.0598850">
    <ele>906.4</ele>
   </trkpt>
   <trkpt lat="40.6004560" lon="-3.0598340">
    <ele>906.4</ele>
   </trkpt>
   <trkpt lat="40.6004600" lon="-3.0597840">
    <ele>906.6</ele>
   </trkpt>
   <trkpt lat="40.6004640" lon="-3.0597320">
    <ele>906.6</ele>
   </trkpt>
   <trkpt lat="40.6004640" lon="-3.0596870">
    <ele>906.6</ele>
   </trkpt>
   <trkpt lat="40.6004600" lon="-3.0596190">
    <ele>906.6</ele>
   </trkpt>
   <trkpt lat="40.6004600" lon="-3.0595610">
    <ele>906.4</ele>
   </trkpt>
   <trkpt lat="40.6004560" lon="-3.0594990">
    <ele>906.4</ele>
   </trkpt>
   <trkpt lat="40.6004520" lon="-3.0594380">
    <ele>906.2</ele>
   </trkpt>
   <trkpt lat="40.6004410" lon="-3.0593730">
    <ele>906.0</ele>
   </trkpt>
   <trkpt lat="40.6004220" lon="-3.0593080">
    <ele>905.8</ele>
   </trkpt>
   <trkpt lat="40.6004070" lon="-3.0592460">
    <ele>905.4</ele>
   </trkpt>
   <trkpt lat="40.6003910" lon="-3.0591980">
    <ele>905.2</ele>
   </trkpt>
   <trkpt lat="40.6003680" lon="-3.0591410">
    <ele>904.8</ele>
   </trkpt>
   <trkpt lat="40.6003340" lon="-3.0590750">
    <ele>904.6</ele>
   </trkpt>
   <trkpt lat="40.6003000" lon="-3.0590190">
    <ele>904.2</ele>
   </trkpt>
   <trkpt lat="40.6002620" lon="-3.0589660">
    <ele>903.8</ele>
   </trkpt>
   <trkpt lat="40.6002350" lon="-3.0589230">
    <ele>903.4</ele>
   </trkpt>
   <trkpt lat="40.6001850" lon="-3.0588630">
    <ele>903.0</ele>
   </trkpt>
   <trkpt lat="40.6001430" lon="-3.0588130">
    <ele>902.6</ele>
   </trkpt>
   <trkpt lat="40.6001050" lon="-3.0587550">
    <ele>902.2</ele>
   </trkpt>
   <trkpt lat="40.6000670" lon="-3.0586980">
    <ele>902.0</ele>
   </trkpt>
   <trkpt lat="40.6000370" lon="-3.0586510">
    <ele>901.6</ele>
   </trkpt>
   <trkpt lat="40.6000140" lon="-3.0586170">
    <ele>901.4</ele>
   </trkpt>
   <trkpt lat="40.5999830" lon="-3.0585680">
    <ele>901.2</ele>
   </trkpt>
   <trkpt lat="40.5999560" lon="-3.0585240">
    <ele>900.8</ele>
   </trkpt>
   <trkpt lat="40.5999340" lon="-3.0584790">
    <ele>900.6</ele>
   </trkpt>
   <trkpt lat="40.5999070" lon="-3.0584360">
    <ele>900.2</ele>
   </trkpt>
   <trkpt lat="40.5998760" lon="-3.0583910">
    <ele>900.0</ele>
   </trkpt>
   <trkpt lat="40.5998420" lon="-3.0583490">
    <ele>899.6</ele>
   </trkpt>
   <trkpt lat="40.5998080" lon="-3.0583090">
    <ele>899.4</ele>
   </trkpt>
   <trkpt lat="40.5997730" lon="-3.0582650">
    <ele>899.0</ele>
   </trkpt>
   <trkpt lat="40.5997430" lon="-3.0582160">
    <ele>898.6</ele>
   </trkpt>
   <trkpt lat="40.5997050" lon="-3.0581700">
    <ele>898.2</ele>
   </trkpt>
   <trkpt lat="40.5996630" lon="-3.0581260">
    <ele>897.8</ele>
   </trkpt>
   <trkpt lat="40.5996320" lon="-3.0580920">
    <ele>897.4</ele>
   </trkpt>
   <trkpt lat="40.5995830" lon="-3.0580410">
    <ele>897.0</ele>
   </trkpt>
   <trkpt lat="40.5995450" lon="-3.0579970">
    <ele>896.6</ele>
   </trkpt>
   <trkpt lat="40.5995100" lon="-3.0579570">
    <ele>896.4</ele>
   </trkpt>
   <trkpt lat="40.5994720" lon="-3.0579170">
    <ele>896.0</ele>
   </trkpt>
   <trkpt lat="40.5994450" lon="-3.0578740">
    <ele>895.8</ele>
   </trkpt>
   <trkpt lat="40.5994220" lon="-3.0578260">
    <ele>895.4</ele>
   </trkpt>
   <trkpt lat="40.5994150" lon="-3.0577740">
    <ele>895.2</ele>
   </trkpt>
   <trkpt lat="40.5994150" lon="-3.0577160">
    <ele>894.8</ele>
   </trkpt>
   <trkpt lat="40.5994220" lon="-3.0576660">
    <ele>894.6</ele>
   </trkpt>
   <trkpt lat="40.5994410" lon="-3.0575930">
    <ele>894.4</ele>
   </trkpt>
   <trkpt lat="40.5994640" lon="-3.0575440">
    <ele>894.2</ele>
   </trkpt>
   <trkpt lat="40.5994830" lon="-3.0575070">
    <ele>894.0</ele>
   </trkpt>
   <trkpt lat="40.5995030" lon="-3.0574740">
    <ele>894.0</ele>
   </trkpt>
   <trkpt lat="40.5995180" lon="-3.0574470">
    <ele>894.0</ele>
   </trkpt>
   <trkpt lat="40.5995410" lon="-3.0574110">
    <ele>894.0</ele>
   </trkpt>
   <trkpt lat="40.5995600" lon="-3.0573870">
    <ele>894.0</ele>
   </trkpt>
   <trkpt lat="40.5995710" lon="-3.0573620">
    <ele>894.0</ele>
   </trkpt>
   <trkpt lat="40.5995860" lon="-3.0573350">
    <ele>894.2</ele>
   </trkpt>
   <trkpt lat="40.5996020" lon="-3.0573070">
    <ele>894.2</ele>
   </trkpt>
   <trkpt lat="40.5996210" lon="-3.0572760">
    <ele>894.2</ele>
   </trkpt>
   <trkpt lat="40.5996400" lon="-3.0572440">
    <ele>894.2</ele>
   </trkpt>
   <trkpt lat="40.5996510" lon="-3.0572220">
    <ele>894.4</ele>
   </trkpt>
   <trkpt lat="40.5996670" lon="-3.0571900">
    <ele>894.4</ele>
   </trkpt>
   <trkpt lat="40.5996860" lon="-3.0571550">
    <ele>894.4</ele>
   </trkpt>
   <trkpt lat="40.5997090" lon="-3.0571130">
    <ele>894.6</ele>
   </trkpt>
   <trkpt lat="40.5997310" lon="-3.0570740">
    <ele>894.6</ele>
   </trkpt>
   <trkpt lat="40.5997580" lon="-3.0570420">
    <ele>894.6</ele>
   </trkpt>
   <trkpt lat="40.5997850" lon="-3.0569960">
    <ele>894.6</ele>
   </trkpt>
   <trkpt lat="40.5998040" lon="-3.0569520">
    <ele>894.8</ele>
   </trkpt>
   <trkpt lat="40.5998270" lon="-3.0569060">
    <ele>894.8</ele>
   </trkpt>
   <trkpt lat="40.5998460" lon="-3.0568660">
    <ele>894.8</ele>
   </trkpt>
   <trkpt lat="40.5998730" lon="-3.0568170">
    <ele>894.8</ele>
   </trkpt>
   <trkpt lat="40.5998880" lon="-3.0567790">
    <ele>894.8</ele>
   </trkpt>
   <trkpt lat="40.5998990" lon="-3.0567370">
    <ele>895.0</ele>
   </trkpt>
   <trkpt lat="40.5999150" lon="-3.0566870">
    <ele>895.0</ele>
   </trkpt>
   <trkpt lat="40.5999300" lon="-3.0566260">
    <ele>894.8</ele>
   </trkpt>
   <trkpt lat="40.5999490" lon="-3.0565590">
    <ele>894.8</ele>
   </trkpt>
   <trkpt lat="40.5999640" lon="-3.0564980">
    <ele>894.8</ele>
   </trkpt>
   <trkpt lat="40.5999830" lon="-3.0564330">
    <ele>894.8</ele>
   </trkpt>
   <trkpt lat="40.5999980" lon="-3.0563940">
    <ele>894.8</ele>
   </trkpt>
   <trkpt lat="40.6000210" lon="-3.0563380">
    <ele>894.8</ele>
   </trkpt>
   <trkpt lat="40.6000400" lon="-3.0562870">
    <ele>894.8</ele>
   </trkpt>
   <trkpt lat="40.6000630" lon="-3.0562410">
    <ele>894.6</ele>
   </trkpt>
   <trkpt lat="40.6000860" lon="-3.0562000">
    <ele>894.6</ele>
   </trkpt>
   <trkpt lat="40.6001090" lon="-3.0561550">
    <ele>894.4</ele>
   </trkpt>
   <trkpt lat="40.6001280" lon="-3.0560930">
    <ele>894.4</ele>
   </trkpt>
   <trkpt lat="40.6001510" lon="-3.0560420">
    <ele>894.2</ele>
   </trkpt>
   <trkpt lat="40.6001780" lon="-3.0559890">
    <ele>894.2</ele>
   </trkpt>
   <trkpt lat="40.6001970" lon="-3.0559490">
    <ele>894.2</ele>
   </trkpt>
   <trkpt lat="40.6002390" lon="-3.0558930">
    <ele>894.0</ele>
   </trkpt>
   <trkpt lat="40.6002580" lon="-3.0558560">
    <ele>893.8</ele>
   </trkpt>
   <trkpt lat="40.6002850" lon="-3.0558100">
    <ele>893.8</ele>
   </trkpt>
   <trkpt lat="40.6003150" lon="-3.0557630">
    <ele>893.6</ele>
   </trkpt>
   <trkpt lat="40.6003420" lon="-3.0557260">
    <ele>893.6</ele>
   </trkpt>
   <trkpt lat="40.6003720" lon="-3.0556990">
    <ele>893.4</ele>
   </trkpt>
   <trkpt lat="40.6003990" lon="-3.0556770">
    <ele>893.2</ele>
   </trkpt>
   <trkpt lat="40.6004260" lon="-3.0556540">
    <ele>893.2</ele>
   </trkpt>
   <trkpt lat="40.6004520" lon="-3.0556250">
    <ele>893.0</ele>
   </trkpt>
   <trkpt lat="40.6004750" lon="-3.0555950">
    <ele>892.8</ele>
   </trkpt>
   <trkpt lat="40.6004870" lon="-3.0555790">
    <ele>892.6</ele>
   </trkpt>
   <trkpt lat="40.6004870" lon="-3.0555590">
    <ele>892.4</ele>
   </trkpt>
   <trkpt lat="40.6004980" lon="-3.0555220">
    <ele>892.2</ele>
   </trkpt>
   <trkpt lat="40.6005170" lon="-3.0554770">
    <ele>891.8</ele>
   </trkpt>
   <trkpt lat="40.6005400" lon="-3.0554330">
    <ele>891.6</ele>
   </trkpt>
   <trkpt lat="40.6005630" lon="-3.0553890">
    <ele>891.4</ele>
   </trkpt>
   <trkpt lat="40.6005710" lon="-3.0553570">
    <ele>891.2</ele>
   </trkpt>
   <trkpt lat="40.6005860" lon="-3.0553160">
    <ele>890.8</ele>
   </trkpt>
   <trkpt lat="40.6006050" lon="-3.0552660">
    <ele>890.6</ele>
   </trkpt>
   <trkpt lat="40.6006200" lon="-3.0552350">
    <ele>890.4</ele>
   </trkpt>
   <trkpt lat="40.6006430" lon="-3.0552000">
    <ele>890.2</ele>
   </trkpt>
   <trkpt lat="40.6006660" lon="-3.0551610">
    <ele>890.0</ele>
   </trkpt>
   <trkpt lat="40.6006930" lon="-3.0551190">
    <ele>889.8</ele>
   </trkpt>
   <trkpt lat="40.6007230" lon="-3.0550760">
    <ele>889.6</ele>
   </trkpt>
   <trkpt lat="40.6007540" lon="-3.0550390">
    <ele>889.4</ele>
   </trkpt>
   <trkpt lat="40.6007810" lon="-3.0550040">
    <ele>889.2</ele>
   </trkpt>
   <trkpt lat="40.6008070" lon="-3.0549670">
    <ele>889.0</ele>
   </trkpt>
   <trkpt lat="40.6008190" lon="-3.0549340">
    <ele>888.8</ele>
   </trkpt>
   <trkpt lat="40.6008340" lon="-3.0548920">
    <ele>888.6</ele>
   </trkpt>
   <trkpt lat="40.6008420" lon="-3.0548650">
    <ele>888.6</ele>
   </trkpt>
   <trkpt lat="40.6008450" lon="-3.0548390">
    <ele>888.4</ele>
   </trkpt>
   <trkpt lat="40.6008570" lon="-3.0548070">
    <ele>888.2</ele>
   </trkpt>
   <trkpt lat="40.6008760" lon="-3.0547610">
    <ele>888.2</ele>
   </trkpt>
   <trkpt lat="40.6008950" lon="-3.0547020">
    <ele>888.0</ele>
   </trkpt>
   <trkpt lat="40.6009100" lon="-3.0546610">
    <ele>888.0</ele>
   </trkpt>
   <trkpt lat="40.6009250" lon="-3.0546190">
    <ele>888.0</ele>
   </trkpt>
   <trkpt lat="40.6009480" lon="-3.0545710">
    <ele>887.8</ele>
   </trkpt>
   <trkpt lat="40.6009710" lon="-3.0545240">
    <ele>887.8</ele>
   </trkpt>
   <trkpt lat="40.6009860" lon="-3.0544870">
    <ele>887.8</ele>
   </trkpt>
   <trkpt lat="40.6010170" lon="-3.0544370">
    <ele>887.6</ele>
   </trkpt>
   <trkpt lat="40.6010510" lon="-3.0543940">
    <ele>887.6</ele>
   </trkpt>
   <trkpt lat="40.6010820" lon="-3.0543380">
    <ele>887.6</ele>
   </trkpt>
   <trkpt lat="40.6011120" lon="-3.0542940">
    <ele>887.4</ele>
   </trkpt>
   <trkpt lat="40.6011430" lon="-3.0542640">
    <ele>887.4</ele>
   </trkpt>
   <trkpt lat="40.6011700" lon="-3.0542400">
    <ele>887.4</ele>
   </trkpt>
   <trkpt lat="40.6011890" lon="-3.0542190">
    <ele>887.2</ele>
   </trkpt>
   <trkpt lat="40.6012110" lon="-3.0541940">
    <ele>887.2</ele>
   </trkpt>
   <trkpt lat="40.6012270" lon="-3.0541700">
    <ele>887.0</ele>
   </trkpt>
   <trkpt lat="40.6012460" lon="-3.0541470">
    <ele>887.0</ele>
   </trkpt>
   <trkpt lat="40.6012730" lon="-3.0541210">
    <ele>887.0</ele>
   </trkpt>
   <trkpt lat="40.6013030" lon="-3.0540850">
    <ele>886.8</ele>
   </trkpt>
   <trkpt lat="40.6013300" lon="-3.0540510">
    <ele>886.8</ele>
   </trkpt>
   <trkpt lat="40.6013450" lon="-3.0540290">
    <ele>886.8</ele>
   </trkpt>
   <trkpt lat="40.6013570" lon="-3.0540000">
    <ele>886.6</ele>
   </trkpt>
   <trkpt lat="40.6013720" lon="-3.0539610">
    <ele>886.6</ele>
   </trkpt>
   <trkpt lat="40.6013950" lon="-3.0539320">
    <ele>886.6</ele>
   </trkpt>
   <trkpt lat="40.6014330" lon="-3.0538920">
    <ele>886.4</ele>
   </trkpt>
   <trkpt lat="40.6014670" lon="-3.0538440">
    <ele>886.4</ele>
   </trkpt>
   <trkpt lat="40.6015010" lon="-3.0537910">
    <ele>886.4</ele>
   </trkpt>
   <trkpt lat="40.6015170" lon="-3.0537410">
    <ele>886.2</ele>
   </trkpt>
   <trkpt lat="40.6015430" lon="-3.0536830">
    <ele>886.2</ele>
   </trkpt>
   <trkpt lat="40.6015510" lon="-3.0536330">
    <ele>886.2</ele>
   </trkpt>
   <trkpt lat="40.6015620" lon="-3.0535780">
    <ele>886.2</ele>
   </trkpt>
   <trkpt lat="40.6015660" lon="-3.0535340">
    <ele>886.2</ele>
   </trkpt>
   <trkpt lat="40.6015660" lon="-3.0534940">
    <ele>886.2</ele>
   </trkpt>
   <trkpt lat="40.6015660" lon="-3.0534580">
    <ele>886.2</ele>
   </trkpt>
   <trkpt lat="40.6015550" lon="-3.0534240">
    <ele>886.2</ele>
   </trkpt>
   <trkpt lat="40.6015430" lon="-3.0533810">
    <ele>886.2</ele>
   </trkpt>
   <trkpt lat="40.6015400" lon="-3.0533260">
    <ele>886.2</ele>
   </trkpt>
   <trkpt lat="40.6015400" lon="-3.0532760">
    <ele>886.4</ele>
   </trkpt>
   <trkpt lat="40.6015360" lon="-3.0532390">
    <ele>886.4</ele>
   </trkpt>
   <trkpt lat="40.6015280" lon="-3.0532050">
    <ele>886.4</ele>
   </trkpt>
   <trkpt lat="40.6015170" lon="-3.0531740">
    <ele>886.6</ele>
   </trkpt>
   <trkpt lat="40.6015090" lon="-3.0531490">
    <ele>886.6</ele>
   </trkpt>
   <trkpt lat="40.6014940" lon="-3.0531060">
    <ele>886.6</ele>
   </trkpt>
   <trkpt lat="40.6014900" lon="-3.0530690">
    <ele>886.6</ele>
   </trkpt>
   <trkpt lat="40.6014820" lon="-3.0530420">
    <ele>886.8</ele>
   </trkpt>
   <trkpt lat="40.6014750" lon="-3.0530100">
    <ele>886.8</ele>
   </trkpt>
   <trkpt lat="40.6014630" lon="-3.0529810">
    <ele>886.8</ele>
   </trkpt>
   <trkpt lat="40.6014480" lon="-3.0529550">
    <ele>886.8</ele>
   </trkpt>
   <trkpt lat="40.6014370" lon="-3.0529330">
    <ele>887.0</ele>
   </trkpt>
   <trkpt lat="40.6014180" lon="-3.0528990">
    <ele>887.0</ele>
   </trkpt>
   <trkpt lat="40.6014060" lon="-3.0528720">
    <ele>887.0</ele>
   </trkpt>
   <trkpt lat="40.6013910" lon="-3.0528420">
    <ele>887.2</ele>
   </trkpt>
   <trkpt lat="40.6013760" lon="-3.0528150">
    <ele>887.2</ele>
   </trkpt>
   <trkpt lat="40.6013680" lon="-3.0528040">
    <ele>887.2</ele>
   </trkpt>
   <trkpt lat="40.6013680" lon="-3.0528000">
    <ele>887.4</ele>
   </trkpt>
   <trkpt lat="40.6013680" lon="-3.0528000">
    <ele>887.4</ele>
   </trkpt>
   <trkpt lat="40.6013530" lon="-3.0528150">
    <ele>887.4</ele>
   </trkpt>
   <trkpt lat="40.6013530" lon="-3.0528300">
    <ele>887.4</ele>
   </trkpt>
   <trkpt lat="40.6013570" lon="-3.0528510">
    <ele>887.4</ele>
   </trkpt>
   <trkpt lat="40.6013640" lon="-3.0528650">
    <ele>887.4</ele>
   </trkpt>
   <trkpt lat="40.6013790" lon="-3.0528760">
    <ele>887.4</ele>
   </trkpt>
   <trkpt lat="40.6013980" lon="-3.0528850">
    <ele>887.2</ele>
   </trkpt>
   <trkpt lat="40.6014180" lon="-3.0529030">
    <ele>887.2</ele>
   </trkpt>
   <trkpt lat="40.6014330" lon="-3.0529310">
    <ele>887.2</ele>
   </trkpt>
   <trkpt lat="40.6014440" lon="-3.0529580">
    <ele>887.2</ele>
   </trkpt>
   <trkpt lat="40.6014560" lon="-3.0529810">
    <ele>887.0</ele>
   </trkpt>
   <trkpt lat="40.6014670" lon="-3.0530110">
    <ele>887.0</ele>
   </trkpt>
   <trkpt lat="40.6014790" lon="-3.0530410">
    <ele>887.0</ele>
   </trkpt>
   <trkpt lat="40.6014860" lon="-3.0530710">
    <ele>886.8</ele>
   </trkpt>
   <trkpt lat="40.6014940" lon="-3.0531050">
    <ele>886.8</ele>
   </trkpt>
   <trkpt lat="40.6015050" lon="-3.0531390">
    <ele>886.8</ele>
   </trkpt>
   <trkpt lat="40.6015210" lon="-3.0531790">
    <ele>886.6</ele>
   </trkpt>
   <trkpt lat="40.6015280" lon="-3.0532360">
    <ele>886.6</ele>
   </trkpt>
   <trkpt lat="40.6015320" lon="-3.0532920">
    <ele>886.4</ele>
   </trkpt>
   <trkpt lat="40.6015360" lon="-3.0533490">
    <ele>886.4</ele>
   </trkpt>
   <trkpt lat="40.6015320" lon="-3.0533980">
    <ele>886.4</ele>
   </trkpt>
   <trkpt lat="40.6015280" lon="-3.0534410">
    <ele>886.4</ele>
   </trkpt>
   <trkpt lat="40.6015280" lon="-3.0534890">
    <ele>886.4</ele>
   </trkpt>
   <trkpt lat="40.6015280" lon="-3.0535330">
    <ele>886.2</ele>
   </trkpt>
   <trkpt lat="40.6015210" lon="-3.0535710">
    <ele>886.2</ele>
   </trkpt>
   <trkpt lat="40.6015170" lon="-3.0535980">
    <ele>886.2</ele>
   </trkpt>
   <trkpt lat="40.6015130" lon="-3.0536300">
    <ele>886.4</ele>
   </trkpt>
   <trkpt lat="40.6015010" lon="-3.0536540">
    <ele>886.4</ele>
   </trkpt>
   <trkpt lat="40.6014940" lon="-3.0536750">
    <ele>886.4</ele>
   </trkpt>
   <trkpt lat="40.6014820" lon="-3.0536990">
    <ele>886.4</ele>
   </trkpt>
   <trkpt lat="40.6014750" lon="-3.0537250">
    <ele>886.4</ele>
   </trkpt>
   <trkpt lat="40.6014600" lon="-3.0537540">
    <ele>886.4</ele>
   </trkpt>
   <trkpt lat="40.6014330" lon="-3.0537980">
    <ele>886.6</ele>
   </trkpt>
   <trkpt lat="40.6014250" lon="-3.0538260">
    <ele>886.6</ele>
   </trkpt>
   <trkpt lat="40.6014250" lon="-3.0538530">
    <ele>886.6</ele>
   </trkpt>
   <trkpt lat="40.6014140" lon="-3.0538860">
    <ele>886.6</ele>
   </trkpt>
   <trkpt lat="40.6013950" lon="-3.0539210">
    <ele>886.8</ele>
   </trkpt>
   <trkpt lat="40.6013600" lon="-3.0539710">
    <ele>886.8</ele>
   </trkpt>
   <trkpt lat="40.6013220" lon="-3.0540140">
    <ele>886.8</ele>
   </trkpt>
   <trkpt lat="40.6012920" lon="-3.0540540">
    <ele>887.0</ele>
   </trkpt>
   <trkpt lat="40.6012650" lon="-3.0540940">
    <ele>887.0</ele>
   </trkpt>
   <trkpt lat="40.6012420" lon="-3.0541360">
    <ele>887.2</ele>
   </trkpt>
   <trkpt lat="40.6012080" lon="-3.0541740">
    <ele>887.2</ele>
   </trkpt>
   <trkpt lat="40.6011890" lon="-3.0541980">
    <ele>887.4</ele>
   </trkpt>
   <trkpt lat="40.6011730" lon="-3.0542130">
    <ele>887.4</ele>
   </trkpt>
   <trkpt lat="40.6011500" lon="-3.0542300">
    <ele>887.6</ele>
   </trkpt>
   <trkpt lat="40.6011200" lon="-3.0542690">
    <ele>887.6</ele>
   </trkpt>
   <trkpt lat="40.6010930" lon="-3.0543160">
    <ele>887.6</ele>
   </trkpt>
   <trkpt lat="40.6010740" lon="-3.0543490">
    <ele>887.8</ele>
   </trkpt>
   <trkpt lat="40.6010400" lon="-3.0543960">
    <ele>887.8</ele>
   </trkpt>
   <trkpt lat="40.6010250" lon="-3.0544260">
    <ele>887.8</ele>
   </trkpt>
   <trkpt lat="40.6010130" lon="-3.0544480">
    <ele>888.0</ele>
   </trkpt>
   <trkpt lat="40.6010020" lon="-3.0544730">
    <ele>888.0</ele>
   </trkpt>
   <trkpt lat="40.6009860" lon="-3.0545010">
    <ele>888.2</ele>
   </trkpt>
   <trkpt lat="40.6009520" lon="-3.0545470">
    <ele>888.2</ele>
   </trkpt>
   <trkpt lat="40.6009250" lon="-3.0546000">
    <ele>888.2</ele>
   </trkpt>
   <trkpt lat="40.6009030" lon="-3.0546600">
    <ele>888.4</ele>
   </trkpt>
   <trkpt lat="40.6008950" lon="-3.0547010">
    <ele>888.4</ele>
   </trkpt>
   <trkpt lat="40.6008870" lon="-3.0547460">
    <ele>888.6</ele>
   </trkpt>
   <trkpt lat="40.6008720" lon="-3.0547810">
    <ele>888.8</ele>
   </trkpt>
   <trkpt lat="40.6008570" lon="-3.0548190">
    <ele>888.8</ele>
   </trkpt>
   <trkpt lat="40.6008340" lon="-3.0548670">
    <ele>889.0</ele>
   </trkpt>
   <trkpt lat="40.6008220" lon="-3.0549010">
    <ele>889.0</ele>
   </trkpt>
   <trkpt lat="40.6008070" lon="-3.0549280">
    <ele>889.2</ele>
   </trkpt>
   <trkpt lat="40.6007880" lon="-3.0549580">
    <ele>889.4</ele>
   </trkpt>
   <trkpt lat="40.6007730" lon="-3.0549880">
    <ele>889.6</ele>
   </trkpt>
   <trkpt lat="40.6007540" lon="-3.0550130">
    <ele>889.6</ele>
   </trkpt>
   <trkpt lat="40.6007390" lon="-3.0550350">
    <ele>889.8</ele>
   </trkpt>
   <trkpt lat="40.6007230" lon="-3.0550510">
    <ele>890.0</ele>
   </trkpt>
   <trkpt lat="40.6007080" lon="-3.0550730">
    <ele>890.0</ele>
   </trkpt>
   <trkpt lat="40.6006930" lon="-3.0550960">
    <ele>890.2</ele>
   </trkpt>
   <trkpt lat="40.6006770" lon="-3.0551210">
    <ele>890.4</ele>
   </trkpt>
   <trkpt lat="40.6006580" lon="-3.0551480">
    <ele>890.4</ele>
   </trkpt>
   <trkpt lat="40.6006430" lon="-3.0551740">
    <ele>890.6</ele>
   </trkpt>
   <trkpt lat="40.6006320" lon="-3.0551950">
    <ele>890.8</ele>
   </trkpt>
   <trkpt lat="40.6006160" lon="-3.0552160">
    <ele>890.8</ele>
   </trkpt>
   <trkpt lat="40.6006010" lon="-3.0552430">
    <ele>891.0</ele>
   </trkpt>
   <trkpt lat="40.6005900" lon="-3.0552630">
    <ele>891.2</ele>
   </trkpt>
   <trkpt lat="40.6005860" lon="-3.0552790">
    <ele>891.2</ele>
   </trkpt>
   <trkpt lat="40.6005820" lon="-3.0552900">
    <ele>891.4</ele>
   </trkpt>
   <trkpt lat="40.6005670" lon="-3.0553110">
    <ele>891.6</ele>
   </trkpt>
   <trkpt lat="40.6005520" lon="-3.0553250">
    <ele>891.6</ele>
   </trkpt>
   <trkpt lat="40.6005360" lon="-3.0553380">
    <ele>891.6</ele>
   </trkpt>
   <trkpt lat="40.6005290" lon="-3.0553510">
    <ele>891.8</ele>
   </trkpt>
   <trkpt lat="40.6005250" lon="-3.0553730">
    <ele>891.8</ele>
   </trkpt>
   <trkpt lat="40.6005170" lon="-3.0553930">
    <ele>891.8</ele>
   </trkpt>
   <trkpt lat="40.6005100" lon="-3.0554140">
    <ele>892.0</ele>
   </trkpt>
   <trkpt lat="40.6004980" lon="-3.0554330">
    <ele>892.2</ele>
   </trkpt>
   <trkpt lat="40.6004830" lon="-3.0554560">
    <ele>892.2</ele>
   </trkpt>
   <trkpt lat="40.6004680" lon="-3.0554730">
    <ele>892.4</ele>
   </trkpt>
   <trkpt lat="40.6004490" lon="-3.0554950">
    <ele>892.4</ele>
   </trkpt>
   <trkpt lat="40.6004370" lon="-3.0555100">
    <ele>892.6</ele>
   </trkpt>
   <trkpt lat="40.6004220" lon="-3.0555250">
    <ele>892.8</ele>
   </trkpt>
   <trkpt lat="40.6004030" lon="-3.0555350">
    <ele>893.0</ele>
   </trkpt>
   <trkpt lat="40.6003910" lon="-3.0555450">
    <ele>893.0</ele>
   </trkpt>
   <trkpt lat="40.6003800" lon="-3.0555550">
    <ele>893.2</ele>
   </trkpt>
   <trkpt lat="40.6003720" lon="-3.0555660">
    <ele>893.2</ele>
   </trkpt>
   <trkpt lat="40.6003680" lon="-3.0555840">
    <ele>893.4</ele>
   </trkpt>
   <trkpt lat="40.6003650" lon="-3.0556040">
    <ele>893.4</ele>
   </trkpt>
   <trkpt lat="40.6003610" lon="-3.0556250">
    <ele>893.6</ele>
   </trkpt>
   <trkpt lat="40.6003570" lon="-3.0556480">
    <ele>893.6</ele>
   </trkpt>
   <trkpt lat="40.6003530" lon="-3.0556750">
    <ele>893.8</ele>
   </trkpt>
   <trkpt lat="40.6003380" lon="-3.0557110">
    <ele>893.8</ele>
   </trkpt>
   <trkpt lat="40.6003270" lon="-3.0557330">
    <ele>894.0</ele>
   </trkpt>
   <trkpt lat="40.6003150" lon="-3.0557510">
    <ele>894.0</ele>
   </trkpt>
   <trkpt lat="40.6003000" lon="-3.0557830">
    <ele>894.2</ele>
   </trkpt>
   <trkpt lat="40.6002810" lon="-3.0558160">
    <ele>894.2</ele>
   </trkpt>
   <trkpt lat="40.6002660" lon="-3.0558410">
    <ele>894.4</ele>
   </trkpt>
   <trkpt lat="40.6002500" lon="-3.0558610">
    <ele>894.4</ele>
   </trkpt>
   <trkpt lat="40.6002350" lon="-3.0558860">
    <ele>894.6</ele>
   </trkpt>
   <trkpt lat="40.6002200" lon="-3.0559130">
    <ele>894.6</ele>
   </trkpt>
   <trkpt lat="40.6002010" lon="-3.0559510">
    <ele>894.8</ele>
   </trkpt>
   <trkpt lat="40.6001820" lon="-3.0559830">
    <ele>894.8</ele>
   </trkpt>
   <trkpt lat="40.6001660" lon="-3.0560130">
    <ele>895.0</ele>
   </trkpt>
   <trkpt lat="40.6001510" lon="-3.0560440">
    <ele>895.0</ele>
   </trkpt>
   <trkpt lat="40.6001400" lon="-3.0560660">
    <ele>895.0</ele>
   </trkpt>
   <trkpt lat="40.6001280" lon="-3.0560940">
    <ele>895.0</ele>
   </trkpt>
   <trkpt lat="40.6001130" lon="-3.0561310">
    <ele>895.0</ele>
   </trkpt>
   <trkpt lat="40.6001010" lon="-3.0561540">
    <ele>895.2</ele>
   </trkpt>
   <trkpt lat="40.6000900" lon="-3.0561900">
    <ele>895.2</ele>
   </trkpt>
   <trkpt lat="40.6000670" lon="-3.0562340">
    <ele>895.2</ele>
   </trkpt>
   <trkpt lat="40.6000520" lon="-3.0562660">
    <ele>895.2</ele>
   </trkpt>
   <trkpt lat="40.6000370" lon="-3.0562940">
    <ele>895.2</ele>
   </trkpt>
   <trkpt lat="40.6000210" lon="-3.0563210">
    <ele>895.4</ele>
   </trkpt>
   <trkpt lat="40.6000170" lon="-3.0563380">
    <ele>895.4</ele>
   </trkpt>
   <trkpt lat="40.6000100" lon="-3.0563680">
    <ele>895.4</ele>
   </trkpt>
   <trkpt lat="40.5999950" lon="-3.0564010">
    <ele>895.6</ele>
   </trkpt>
   <trkpt lat="40.5999790" lon="-3.0564360">
    <ele>895.6</ele>
   </trkpt>
   <trkpt lat="40.5999680" lon="-3.0564730">
    <ele>895.6</ele>
   </trkpt>
   <trkpt lat="40.5999450" lon="-3.0565270">
    <ele>895.6</ele>
   </trkpt>
   <trkpt lat="40.5999340" lon="-3.0565610">
    <ele>895.6</ele>
   </trkpt>
   <trkpt lat="40.5999260" lon="-3.0565940">
    <ele>895.6</ele>
   </trkpt>
   <trkpt lat="40.5999180" lon="-3.0566320">
    <ele>895.6</ele>
   </trkpt>
   <trkpt lat="40.5999110" lon="-3.0566710">
    <ele>895.6</ele>
   </trkpt>
   <trkpt lat="40.5998920" lon="-3.0567220">
    <ele>895.6</ele>
   </trkpt>
   <trkpt lat="40.5998690" lon="-3.0567770">
    <ele>895.6</ele>
   </trkpt>
   <trkpt lat="40.5998530" lon="-3.0568270">
    <ele>895.6</ele>
   </trkpt>
   <trkpt lat="40.5998340" lon="-3.0568760">
    <ele>895.6</ele>
   </trkpt>
   <trkpt lat="40.5998120" lon="-3.0569210">
    <ele>895.6</ele>
   </trkpt>
   <trkpt lat="40.5997890" lon="-3.0569620">
    <ele>895.4</ele>
   </trkpt>
   <trkpt lat="40.5997660" lon="-3.0570030">
    <ele>895.4</ele>
   </trkpt>
   <trkpt lat="40.5997510" lon="-3.0570420">
    <ele>895.4</ele>
   </trkpt>
   <trkpt lat="40.5997160" lon="-3.0571010">
    <ele>895.2</ele>
   </trkpt>
   <trkpt lat="40.5996890" lon="-3.0571540">
    <ele>895.2</ele>
   </trkpt>
   <trkpt lat="40.5996590" lon="-3.0572010">
    <ele>895.2</ele>
   </trkpt>
   <trkpt lat="40.5996440" lon="-3.0572360">
    <ele>895.2</ele>
   </trkpt>
   <trkpt lat="40.5996360" lon="-3.0572660">
    <ele>895.0</ele>
   </trkpt>
   <trkpt lat="40.5996250" lon="-3.0572930">
    <ele>895.0</ele>
   </trkpt>
   <trkpt lat="40.5995980" lon="-3.0573370">
    <ele>895.0</ele>
   </trkpt>
   <trkpt lat="40.5995750" lon="-3.0573780">
    <ele>895.0</ele>
   </trkpt>
   <trkpt lat="40.5995520" lon="-3.0574150">
    <ele>894.8</ele>
   </trkpt>
   <trkpt lat="40.5995290" lon="-3.0574560">
    <ele>894.8</ele>
   </trkpt>
   <trkpt lat="40.5995100" lon="-3.0574900">
    <ele>894.8</ele>
   </trkpt>
   <trkpt lat="40.5994830" lon="-3.0575290">
    <ele>894.8</ele>
   </trkpt>
   <trkpt lat="40.5994680" lon="-3.0575630">
    <ele>894.8</ele>
   </trkpt>
   <trkpt lat="40.5994530" lon="-3.0576010">
    <ele>894.8</ele>
   </trkpt>
   <trkpt lat="40.5994380" lon="-3.0576610">
    <ele>894.8</ele>
   </trkpt>
   <trkpt lat="40.5994410" lon="-3.0577080">
    <ele>895.0</ele>
   </trkpt>
   <trkpt lat="40.5994490" lon="-3.0577430">
    <ele>895.0</ele>
   </trkpt>
   <trkpt lat="40.5994680" lon="-3.0577740">
    <ele>895.2</ele>
   </trkpt>
   <trkpt lat="40.5994800" lon="-3.0578030">
    <ele>895.2</ele>
   </trkpt>
   <trkpt lat="40.5994950" lon="-3.0578280">
    <ele>895.4</ele>
   </trkpt>
   <trkpt lat="40.5995100" lon="-3.0578510">
    <ele>895.6</ele>
   </trkpt>
   <trkpt lat="40.5995290" lon="-3.0578740">
    <ele>895.8</ele>
   </trkpt>
   <trkpt lat="40.5995410" lon="-3.0578980">
    <ele>896.0</ele>
   </trkpt>
   <trkpt lat="40.5995600" lon="-3.0579310">
    <ele>896.2</ele>
   </trkpt>
   <trkpt lat="40.5995790" lon="-3.0579580">
    <ele>896.4</ele>
   </trkpt>
   <trkpt lat="40.5995940" lon="-3.0579850">
    <ele>896.6</ele>
   </trkpt>
   <trkpt lat="40.5996090" lon="-3.0580020">
    <ele>896.8</ele>
   </trkpt>
   <trkpt lat="40.5996320" lon="-3.0580260">
    <ele>897.0</ele>
   </trkpt>
   <trkpt lat="40.5996510" lon="-3.0580460">
    <ele>897.2</ele>
   </trkpt>
   <trkpt lat="40.5996670" lon="-3.0580680">
    <ele>897.4</ele>
   </trkpt>
   <trkpt lat="40.5996820" lon="-3.0580860">
    <ele>897.6</ele>
   </trkpt>
   <trkpt lat="40.5996970" lon="-3.0581100">
    <ele>897.8</ele>
   </trkpt>
   <trkpt lat="40.5997120" lon="-3.0581360">
    <ele>898.0</ele>
   </trkpt>
   <trkpt lat="40.5997240" lon="-3.0581650">
    <ele>898.2</ele>
   </trkpt>
   <trkpt lat="40.5997430" lon="-3.0581910">
    <ele>898.4</ele>
   </trkpt>
   <trkpt lat="40.5997620" lon="-3.0582130">
    <ele>898.6</ele>
   </trkpt>
   <trkpt lat="40.5997850" lon="-3.0582340">
    <ele>898.8</ele>
   </trkpt>
   <trkpt lat="40.5998080" lon="-3.0582580">
    <ele>899.2</ele>
   </trkpt>
   <trkpt lat="40.5998270" lon="-3.0582850">
    <ele>899.4</ele>
   </trkpt>
   <trkpt lat="40.5998420" lon="-3.0583080">
    <ele>899.6</ele>
   </trkpt>
   <trkpt lat="40.5998650" lon="-3.0583360">
    <ele>899.8</ele>
   </trkpt>
   <trkpt lat="40.5998840" lon="-3.0583600">
    <ele>900.0</ele>
   </trkpt>
   <trkpt lat="40.5999030" lon="-3.0583840">
    <ele>900.2</ele>
   </trkpt>
   <trkpt lat="40.5999180" lon="-3.0584080">
    <ele>900.4</ele>
   </trkpt>
   <trkpt lat="40.5999410" lon="-3.0584340">
    <ele>900.6</ele>
   </trkpt>
   <trkpt lat="40.5999560" lon="-3.0584630">
    <ele>900.8</ele>
   </trkpt>
   <trkpt lat="40.5999760" lon="-3.0584910">
    <ele>901.0</ele>
   </trkpt>
   <trkpt lat="40.5999950" lon="-3.0585210">
    <ele>901.2</ele>
   </trkpt>
   <trkpt lat="40.6000100" lon="-3.0585410">
    <ele>901.4</ele>
   </trkpt>
   <trkpt lat="40.6000290" lon="-3.0585730">
    <ele>901.6</ele>
   </trkpt>
   <trkpt lat="40.6000440" lon="-3.0586010">
    <ele>901.8</ele>
   </trkpt>
   <trkpt lat="40.6000590" lon="-3.0586280">
    <ele>902.0</ele>
   </trkpt>
   <trkpt lat="40.6000750" lon="-3.0586540">
    <ele>902.0</ele>
   </trkpt>
   <trkpt lat="40.6000900" lon="-3.0586810">
    <ele>902.2</ele>
   </trkpt>
   <trkpt lat="40.6001010" lon="-3.0587090">
    <ele>902.4</ele>
   </trkpt>
   <trkpt lat="40.6001170" lon="-3.0587380">
    <ele>902.6</ele>
   </trkpt>
   <trkpt lat="40.6001280" lon="-3.0587660">
    <ele>902.8</ele>
   </trkpt>
   <trkpt lat="40.6001430" lon="-3.0587960">
    <ele>903.0</ele>
   </trkpt>
   <trkpt lat="40.6001590" lon="-3.0588210">
    <ele>903.2</ele>
   </trkpt>
   <trkpt lat="40.6001740" lon="-3.0588380">
    <ele>903.2</ele>
   </trkpt>
   <trkpt lat="40.6001970" lon="-3.0588630">
    <ele>903.4</ele>
   </trkpt>
   <trkpt lat="40.6002120" lon="-3.0588780">
    <ele>903.6</ele>
   </trkpt>
   <trkpt lat="40.6002350" lon="-3.0589000">
    <ele>903.8</ele>
   </trkpt>
   <trkpt lat="40.6002500" lon="-3.0589190">
    <ele>904.0</ele>
   </trkpt>
   <trkpt lat="40.6002620" lon="-3.0589390">
    <ele>904.2</ele>
   </trkpt>
   <trkpt lat="40.6002810" lon="-3.0589640">
    <ele>904.2</ele>
   </trkpt>
   <trkpt lat="40.6003000" lon="-3.0589900">
    <ele>904.4</ele>
   </trkpt>
   <trkpt lat="40.6003230" lon="-3.0590230">
    <ele>904.6</ele>
   </trkpt>
   <trkpt lat="40.6003380" lon="-3.0590500">
    <ele>904.8</ele>
   </trkpt>
   <trkpt lat="40.6003530" lon="-3.0590700">
    <ele>905.0</ele>
   </trkpt>
   <trkpt lat="40.6003680" lon="-3.0590980">
    <ele>905.2</ele>
   </trkpt>
   <trkpt lat="40.6003800" lon="-3.0591260">
    <ele>905.2</ele>
   </trkpt>
   <trkpt lat="40.6003990" lon="-3.0591610">
    <ele>905.4</ele>
   </trkpt>
   <trkpt lat="40.6004070" lon="-3.0591880">
    <ele>905.6</ele>
   </trkpt>
   <trkpt lat="40.6004180" lon="-3.0592080">
    <ele>905.8</ele>
   </trkpt>
   <trkpt lat="40.6004260" lon="-3.0592350">
    <ele>906.0</ele>
   </trkpt>
   <trkpt lat="40.6004370" lon="-3.0592680">
    <ele>906.2</ele>
   </trkpt>
   <trkpt lat="40.6004450" lon="-3.0592940">
    <ele>906.2</ele>
   </trkpt>
   <trkpt lat="40.6004520" lon="-3.0593190">
    <ele>906.4</ele>
   </trkpt>
   <trkpt lat="40.6004600" lon="-3.0593460">
    <ele>906.6</ele>
   </trkpt>
   <trkpt lat="40.6004680" lon="-3.0593680">
    <ele>906.8</ele>
   </trkpt>
   <trkpt lat="40.6004790" lon="-3.0594000">
    <ele>906.8</ele>
   </trkpt>
   <trkpt lat="40.6004910" lon="-3.0594210">
    <ele>907.0</ele>
   </trkpt>
   <trkpt lat="40.6005020" lon="-3.0594390">
    <ele>907.2</ele>
   </trkpt>
   <trkpt lat="40.6005100" lon="-3.0594480">
    <ele>907.4</ele>
   </trkpt>
   <trkpt lat="40.6005100" lon="-3.0594710">
    <ele>907.8</ele>
   </trkpt>
   <trkpt lat="40.6005100" lon="-3.0594900">
    <ele>907.8</ele>
   </trkpt>
   <trkpt lat="40.6005060" lon="-3.0595230">
    <ele>907.8</ele>
   </trkpt>
   <trkpt lat="40.6005020" lon="-3.0595560">
    <ele>907.8</ele>
   </trkpt>
   <trkpt lat="40.6004980" lon="-3.0595860">
    <ele>907.8</ele>
   </trkpt>
   <trkpt lat="40.6004870" lon="-3.0596320">
    <ele>907.8</ele>
   </trkpt>
   <trkpt lat="40.6004790" lon="-3.0596740">
    <ele>907.8</ele>
   </trkpt>
   <trkpt lat="40.6004750" lon="-3.0597120">
    <ele>907.8</ele>
   </trkpt>
   <trkpt lat="40.6004750" lon="-3.0597460">
    <ele>907.8</ele>
   </trkpt>
   <trkpt lat="40.6004710" lon="-3.0597870">
    <ele>907.8</ele>
   </trkpt>
   <trkpt lat="40.6004680" lon="-3.0598390">
    <ele>907.8</ele>
   </trkpt>
   <trkpt lat="40.6004600" lon="-3.0598780">
    <ele>907.8</ele>
   </trkpt>
   <trkpt lat="40.6004520" lon="-3.0599210">
    <ele>907.8</ele>
   </trkpt>
   <trkpt lat="40.6004410" lon="-3.0599560">
    <ele>907.6</ele>
   </trkpt>
   <trkpt lat="40.6004300" lon="-3.0600020">
    <ele>907.6</ele>
   </trkpt>
   <trkpt lat="40.6004220" lon="-3.0600580">
    <ele>907.6</ele>
   </trkpt>
   <trkpt lat="40.6004100" lon="-3.0601090">
    <ele>907.6</ele>
   </trkpt>
   <trkpt lat="40.6004030" lon="-3.0601490">
    <ele>907.6</ele>
   </trkpt>
   <trkpt lat="40.6003880" lon="-3.0601980">
    <ele>907.6</ele>
   </trkpt>
   <trkpt lat="40.6003680" lon="-3.0602510">
    <ele>907.4</ele>
   </trkpt>
   <trkpt lat="40.6003490" lon="-3.0602890">
    <ele>907.4</ele>
   </trkpt>
   <trkpt lat="40.6003300" lon="-3.0603240">
    <ele>907.4</ele>
   </trkpt>
   <trkpt lat="40.6003150" lon="-3.0603560">
    <ele>907.4</ele>
   </trkpt>
   <trkpt lat="40.6002960" lon="-3.0604140">
    <ele>907.4</ele>
   </trkpt>
   <trkpt lat="40.6002770" lon="-3.0604540">
    <ele>907.4</ele>
   </trkpt>
   <trkpt lat="40.6002580" lon="-3.0605020">
    <ele>907.4</ele>
   </trkpt>
   <trkpt lat="40.6002390" lon="-3.0605490">
    <ele>907.4</ele>
   </trkpt>
   <trkpt lat="40.6002240" lon="-3.0605930">
    <ele>907.4</ele>
   </trkpt>
   <trkpt lat="40.6002010" lon="-3.0606410">
    <ele>907.4</ele>
   </trkpt>
   <trkpt lat="40.6001820" lon="-3.0606890">
    <ele>907.4</ele>
   </trkpt>
   <trkpt lat="40.6001590" lon="-3.0607350">
    <ele>907.4</ele>
   </trkpt>
   <trkpt lat="40.6001360" lon="-3.0607820">
    <ele>907.4</ele>
   </trkpt>
   <trkpt lat="40.6001170" lon="-3.0608270">
    <ele>907.4</ele>
   </trkpt>
   <trkpt lat="40.6001010" lon="-3.0608690">
    <ele>907.4</ele>
   </trkpt>
   <trkpt lat="40.6000820" lon="-3.0609090">
    <ele>907.4</ele>
   </trkpt>
   <trkpt lat="40.6000630" lon="-3.0609620">
    <ele>907.4</ele>
   </trkpt>
   <trkpt lat="40.6000400" lon="-3.0610090">
    <ele>907.4</ele>
   </trkpt>
   <trkpt lat="40.6000250" lon="-3.0610440">
    <ele>907.2</ele>
   </trkpt>
   <trkpt lat="40.6000020" lon="-3.0610890">
    <ele>907.2</ele>
   </trkpt>
   <trkpt lat="40.5999760" lon="-3.0611460">
    <ele>907.0</ele>
   </trkpt>
   <trkpt lat="40.5999600" lon="-3.0611860">
    <ele>906.8</ele>
   </trkpt>
   <trkpt lat="40.5999410" lon="-3.0612320">
    <ele>906.6</ele>
   </trkpt>
   <trkpt lat="40.5999180" lon="-3.0612770">
    <ele>906.4</ele>
   </trkpt>
   <trkpt lat="40.5998840" lon="-3.0613410">
    <ele>906.2</ele>
   </trkpt>
   <trkpt lat="40.5998530" lon="-3.0614000">
    <ele>905.8</ele>
   </trkpt>
   <trkpt lat="40.5998310" lon="-3.0614510">
    <ele>905.6</ele>
   </trkpt>
   <trkpt lat="40.5998040" lon="-3.0615140">
    <ele>905.2</ele>
   </trkpt>
   <trkpt lat="40.5997810" lon="-3.0615770">
    <ele>905.0</ele>
   </trkpt>
   <trkpt lat="40.5997540" lon="-3.0616440">
    <ele>904.6</ele>
   </trkpt>
   <trkpt lat="40.5997310" lon="-3.0617140">
    <ele>904.4</ele>
   </trkpt>
   <trkpt lat="40.5997120" lon="-3.0617870">
    <ele>904.0</ele>
   </trkpt>
   <trkpt lat="40.5996890" lon="-3.0618750">
    <ele>903.8</ele>
   </trkpt>
   <trkpt lat="40.5996740" lon="-3.0619380">
    <ele>903.6</ele>
   </trkpt>
   <trkpt lat="40.5996550" lon="-3.0620140">
    <ele>903.4</ele>
   </trkpt>
   <trkpt lat="40.5996400" lon="-3.0620900">
    <ele>903.2</ele>
   </trkpt>
   <trkpt lat="40.5996280" lon="-3.0621670">
    <ele>903.0</ele>
   </trkpt>
   <trkpt lat="40.5996090" lon="-3.0622400">
    <ele>902.8</ele>
   </trkpt>
   <trkpt lat="40.5995830" lon="-3.0623270">
    <ele>902.6</ele>
   </trkpt>
   <trkpt lat="40.5995640" lon="-3.0623860">
    <ele>902.6</ele>
   </trkpt>
   <trkpt lat="40.5995450" lon="-3.0624490">
    <ele>902.4</ele>
   </trkpt>
   <trkpt lat="40.5995180" lon="-3.0625250">
    <ele>902.2</ele>
   </trkpt>
   <trkpt lat="40.5994950" lon="-3.0625760">
    <ele>902.2</ele>
   </trkpt>
   <trkpt lat="40.5994640" lon="-3.0626390">
    <ele>902.0</ele>
   </trkpt>
   <trkpt lat="40.5994300" lon="-3.0627020">
    <ele>901.8</ele>
   </trkpt>
   <trkpt lat="40.5993880" lon="-3.0627630">
    <ele>901.6</ele>
   </trkpt>
   <trkpt lat="40.5993460" lon="-3.0628210">
    <ele>901.4</ele>
   </trkpt>
   <trkpt lat="40.5993000" lon="-3.0628920">
    <ele>901.4</ele>
   </trkpt>
   <trkpt lat="40.5992740" lon="-3.0629410">
    <ele>901.2</ele>
   </trkpt>
   <trkpt lat="40.5992430" lon="-3.0630020">
    <ele>901.0</ele>
   </trkpt>
   <trkpt lat="40.5992050" lon="-3.0630650">
    <ele>900.8</ele>
   </trkpt>
   <trkpt lat="40.5991710" lon="-3.0631250">
    <ele>900.8</ele>
   </trkpt>
   <trkpt lat="40.5991330" lon="-3.0631840">
    <ele>900.6</ele>
   </trkpt>
   <trkpt lat="40.5990940" lon="-3.0632420">
    <ele>900.4</ele>
   </trkpt>
   <trkpt lat="40.5990600" lon="-3.0633040">
    <ele>900.4</ele>
   </trkpt>
   <trkpt lat="40.5990180" lon="-3.0633650">
    <ele>900.2</ele>
   </trkpt>
   <trkpt lat="40.5989840" lon="-3.0634270">
    <ele>900.0</ele>
   </trkpt>
   <trkpt lat="40.5989420" lon="-3.0634870">
    <ele>900.0</ele>
   </trkpt>
   <trkpt lat="40.5989040" lon="-3.0635400">
    <ele>899.8</ele>
   </trkpt>
   <trkpt lat="40.5988690" lon="-3.0635970">
    <ele>899.6</ele>
   </trkpt>
   <trkpt lat="40.5988350" lon="-3.0636560">
    <ele>899.4</ele>
   </trkpt>
   <trkpt lat="40.5987930" lon="-3.0637250">
    <ele>899.4</ele>
   </trkpt>
   <trkpt lat="40.5987590" lon="-3.0637810">
    <ele>899.4</ele>
   </trkpt>
   <trkpt lat="40.5987280" lon="-3.0638240">
    <ele>899.2</ele>
   </trkpt>
   <trkpt lat="40.5986980" lon="-3.0638810">
    <ele>899.2</ele>
   </trkpt>
   <trkpt lat="40.5986630" lon="-3.0639510">
    <ele>899.2</ele>
   </trkpt>
   <trkpt lat="40.5986370" lon="-3.0640090">
    <ele>899.2</ele>
   </trkpt>
   <trkpt lat="40.5986210" lon="-3.0640560">
    <ele>899.2</ele>
   </trkpt>
   <trkpt lat="40.5986020" lon="-3.0641120">
    <ele>899.4</ele>
   </trkpt>
   <trkpt lat="40.5985910" lon="-3.0641660">
    <ele>899.4</ele>
   </trkpt>
   <trkpt lat="40.5985760" lon="-3.0642320">
    <ele>899.4</ele>
   </trkpt>
   <trkpt lat="40.5985640" lon="-3.0642760">
    <ele>899.4</ele>
   </trkpt>
   <trkpt lat="40.5985450" lon="-3.0643290">
    <ele>899.6</ele>
   </trkpt>
   <trkpt lat="40.5985260" lon="-3.0643940">
    <ele>899.8</ele>
   </trkpt>
   <trkpt lat="40.5985150" lon="-3.0644360">
    <ele>899.8</ele>
   </trkpt>
   <trkpt lat="40.5984950" lon="-3.0644970">
    <ele>900.0</ele>
   </trkpt>
   <trkpt lat="40.5984840" lon="-3.0645390">
    <ele>900.2</ele>
   </trkpt>
   <trkpt lat="40.5984690" lon="-3.0645910">
    <ele>900.2</ele>
   </trkpt>
   <trkpt lat="40.5984540" lon="-3.0646440">
    <ele>900.2</ele>
   </trkpt>
   <trkpt lat="40.5984270" lon="-3.0647090">
    <ele>900.4</ele>
   </trkpt>
   <trkpt lat="40.5984120" lon="-3.0647490">
    <ele>900.4</ele>
   </trkpt>
   <trkpt lat="40.5983890" lon="-3.0647990">
    <ele>900.4</ele>
   </trkpt>
   <trkpt lat="40.5983620" lon="-3.0648620">
    <ele>900.4</ele>
   </trkpt>
   <trkpt lat="40.5983470" lon="-3.0649060">
    <ele>900.4</ele>
   </trkpt>
   <trkpt lat="40.5983280" lon="-3.0649590">
    <ele>900.4</ele>
   </trkpt>
   <trkpt lat="40.5983050" lon="-3.0650090">
    <ele>900.4</ele>
   </trkpt>
   <trkpt lat="40.5982740" lon="-3.0650640">
    <ele>900.2</ele>
   </trkpt>
   <trkpt lat="40.5982440" lon="-3.0651210">
    <ele>900.2</ele>
   </trkpt>
   <trkpt lat="40.5982130" lon="-3.0651840">
    <ele>900.2</ele>
   </trkpt>
   <trkpt lat="40.5981980" lon="-3.0652240">
    <ele>900.2</ele>
   </trkpt>
   <trkpt lat="40.5981750" lon="-3.0652720">
    <ele>900.2</ele>
   </trkpt>
   <trkpt lat="40.5981560" lon="-3.0653210">
    <ele>900.0</ele>
   </trkpt>
   <trkpt lat="40.5981370" lon="-3.0653640">
    <ele>900.0</ele>
   </trkpt>
   <trkpt lat="40.5981250" lon="-3.0654010">
    <ele>900.0</ele>
   </trkpt>
   <trkpt lat="40.5981140" lon="-3.0654440">
    <ele>900.0</ele>
   </trkpt>
   <trkpt lat="40.5980950" lon="-3.0654970">
    <ele>900.0</ele>
   </trkpt>
   <trkpt lat="40.5980720" lon="-3.0655620">
    <ele>900.0</ele>
   </trkpt>
   <trkpt lat="40.5980530" lon="-3.0656090">
    <ele>899.8</ele>
   </trkpt>
   <trkpt lat="40.5980420" lon="-3.0656410">
    <ele>899.8</ele>
   </trkpt>
   <trkpt lat="40.5980260" lon="-3.0656910">
    <ele>899.8</ele>
   </trkpt>
   <trkpt lat="40.5980110" lon="-3.0657280">
    <ele>899.8</ele>
   </trkpt>
   <trkpt lat="40.5979920" lon="-3.0657740">
    <ele>899.8</ele>
   </trkpt>
   <trkpt lat="40.5979690" lon="-3.0658290">
    <ele>899.8</ele>
   </trkpt>
   <trkpt lat="40.5979500" lon="-3.0658640">
    <ele>899.8</ele>
   </trkpt>
   <trkpt lat="40.5979160" lon="-3.0659040">
    <ele>899.8</ele>
   </trkpt>
   <trkpt lat="40.5978740" lon="-3.0659550">
    <ele>899.8</ele>
   </trkpt>
   <trkpt lat="40.5978360" lon="-3.0660040">
    <ele>899.6</ele>
   </trkpt>
   <trkpt lat="40.5978090" lon="-3.0660460">
    <ele>899.6</ele>
   </trkpt>
   <trkpt lat="40.5977780" lon="-3.0660960">
    <ele>899.4</ele>
   </trkpt>
   <trkpt lat="40.5977480" lon="-3.0661520">
    <ele>899.4</ele>
   </trkpt>
   <trkpt lat="40.5977130" lon="-3.0662110">
    <ele>899.2</ele>
   </trkpt>
   <trkpt lat="40.5976710" lon="-3.0662820">
    <ele>899.2</ele>
   </trkpt>
   <trkpt lat="40.5976490" lon="-3.0663340">
    <ele>899.0</ele>
   </trkpt>
   <trkpt lat="40.5976220" lon="-3.0663970">
    <ele>898.8</ele>
   </trkpt>
   <trkpt lat="40.5975950" lon="-3.0664700">
    <ele>898.6</ele>
   </trkpt>
   <trkpt lat="40.5975880" lon="-3.0665130">
    <ele>898.4</ele>
   </trkpt>
   <trkpt lat="40.5975800" lon="-3.0665900">
    <ele>898.2</ele>
   </trkpt>
   <trkpt lat="40.5975680" lon="-3.0666800">
    <ele>898.0</ele>
   </trkpt>
   <trkpt lat="40.5975610" lon="-3.0667490">
    <ele>898.0</ele>
   </trkpt>
   <trkpt lat="40.5975610" lon="-3.0668280">
    <ele>897.8</ele>
   </trkpt>
   <trkpt lat="40.5975610" lon="-3.0669160">
    <ele>897.6</ele>
   </trkpt>
   <trkpt lat="40.5975650" lon="-3.0669790">
    <ele>897.4</ele>
   </trkpt>
   <trkpt lat="40.5975720" lon="-3.0670490">
    <ele>897.2</ele>
   </trkpt>
   <trkpt lat="40.5975720" lon="-3.0671310">
    <ele>897.0</ele>
   </trkpt>
   <trkpt lat="40.5975680" lon="-3.0671810">
    <ele>896.6</ele>
   </trkpt>
   <trkpt lat="40.5975680" lon="-3.0672450">
    <ele>896.4</ele>
   </trkpt>
   <trkpt lat="40.5975650" lon="-3.0673170">
    <ele>896.2</ele>
   </trkpt>
   <trkpt lat="40.5975340" lon="-3.0673920">
    <ele>896.0</ele>
   </trkpt>
   <trkpt lat="40.5975000" lon="-3.0674690">
    <ele>895.8</ele>
   </trkpt>
   <trkpt lat="40.5974540" lon="-3.0675390">
    <ele>895.6</ele>
   </trkpt>
   <trkpt lat="40.5974240" lon="-3.0675870">
    <ele>895.4</ele>
   </trkpt>
   <trkpt lat="40.5973850" lon="-3.0676450">
    <ele>895.2</ele>
   </trkpt>
   <trkpt lat="40.5973550" lon="-3.0676880">
    <ele>895.0</ele>
   </trkpt>
   <trkpt lat="40.5973320" lon="-3.0677270">
    <ele>894.8</ele>
   </trkpt>
   <trkpt lat="40.5973240" lon="-3.0677640">
    <ele>894.8</ele>
   </trkpt>
   <trkpt lat="40.5973320" lon="-3.0678040">
    <ele>894.6</ele>
   </trkpt>
   <trkpt lat="40.5973280" lon="-3.0678370">
    <ele>894.4</ele>
   </trkpt>
   <trkpt lat="40.5973280" lon="-3.0678800">
    <ele>894.2</ele>
   </trkpt>
   <trkpt lat="40.5973400" lon="-3.0679110">
    <ele>894.2</ele>
   </trkpt>
   <trkpt lat="40.5973430" lon="-3.0679250">
    <ele>894.2</ele>
   </trkpt>
   <trkpt lat="40.5973430" lon="-3.0679250">
    <ele>894.2</ele>
   </trkpt>
   <trkpt lat="40.5973700" lon="-3.0679280">
    <ele>894.0</ele>
   </trkpt>
   <trkpt lat="40.5973850" lon="-3.0678990">
    <ele>893.8</ele>
   </trkpt>
   <trkpt lat="40.5974010" lon="-3.0678690">
    <ele>893.6</ele>
   </trkpt>
   <trkpt lat="40.5974160" lon="-3.0678190">
    <ele>893.4</ele>
   </trkpt>
   <trkpt lat="40.5974430" lon="-3.0677610">
    <ele>893.2</ele>
   </trkpt>
   <trkpt lat="40.5974810" lon="-3.0677030">
    <ele>892.8</ele>
   </trkpt>
   <trkpt lat="40.5975270" lon="-3.0676410">
    <ele>892.4</ele>
   </trkpt>
   <trkpt lat="40.5975680" lon="-3.0675860">
    <ele>891.8</ele>
   </trkpt>
   <trkpt lat="40.5976180" lon="-3.0675140">
    <ele>891.2</ele>
   </trkpt>
   <trkpt lat="40.5976830" lon="-3.0674180">
    <ele>890.6</ele>
   </trkpt>
   <trkpt lat="40.5977360" lon="-3.0673280">
    <ele>890.0</ele>
   </trkpt>
   <trkpt lat="40.5977780" lon="-3.0672330">
    <ele>889.4</ele>
   </trkpt>
   <trkpt lat="40.5978160" lon="-3.0671510">
    <ele>889.0</ele>
   </trkpt>
   <trkpt lat="40.5978620" lon="-3.0670530">
    <ele>888.4</ele>
   </trkpt>
   <trkpt lat="40.5979310" lon="-3.0669410">
    <ele>887.8</ele>
   </trkpt>
   <trkpt lat="40.5980000" lon="-3.0668510">
    <ele>887.0</ele>
   </trkpt>
   <trkpt lat="40.5980640" lon="-3.0667630">
    <ele>886.6</ele>
   </trkpt>
   <trkpt lat="40.5981250" lon="-3.0666810">
    <ele>886.2</ele>
   </trkpt>
   <trkpt lat="40.5982020" lon="-3.0665850">
    <ele>885.4</ele>
   </trkpt>
   <trkpt lat="40.5982970" lon="-3.0664630">
    <ele>884.6</ele>
   </trkpt>
   <trkpt lat="40.5983730" lon="-3.0663560">
    <ele>883.8</ele>
   </trkpt>
   <trkpt lat="40.5984570" lon="-3.0662540">
    <ele>883.0</ele>
   </trkpt>
   <trkpt lat="40.5985450" lon="-3.0661660">
    <ele>882.2</ele>
   </trkpt>
   <trkpt lat="40.5986400" lon="-3.0660800">
    <ele>881.4</ele>
   </trkpt>
   <trkpt lat="40.5987320" lon="-3.0659930">
    <ele>880.6</ele>
   </trkpt>
   <trkpt lat="40.5988200" lon="-3.0658980">
    <ele>879.8</ele>
   </trkpt>
   <trkpt lat="40.5988920" lon="-3.0658120">
    <ele>878.8</ele>
   </trkpt>
   <trkpt lat="40.5989880" lon="-3.0656760">
    <ele>877.8</ele>
   </trkpt>
   <trkpt lat="40.5990560" lon="-3.0655480">
    <ele>877.0</ele>
   </trkpt>
   <trkpt lat="40.5991210" lon="-3.0654160">
    <ele>876.2</ele>
   </trkpt>
   <trkpt lat="40.5991970" lon="-3.0652910">
    <ele>875.2</ele>
   </trkpt>
   <trkpt lat="40.5992620" lon="-3.0651980">
    <ele>874.6</ele>
   </trkpt>
   <trkpt lat="40.5993460" lon="-3.0650910">
    <ele>873.6</ele>
   </trkpt>
   <trkpt lat="40.5994450" lon="-3.0649670">
    <ele>872.8</ele>
   </trkpt>
   <trkpt lat="40.5995060" lon="-3.0648750">
    <ele>871.8</ele>
   </trkpt>
   <trkpt lat="40.5995600" lon="-3.0647510">
    <ele>871.0</ele>
   </trkpt>
   <trkpt lat="40.5996170" lon="-3.0645960">
    <ele>870.2</ele>
   </trkpt>
   <trkpt lat="40.5996700" lon="-3.0644710">
    <ele>869.6</ele>
   </trkpt>
   <trkpt lat="40.5997350" lon="-3.0643500">
    <ele>868.8</ele>
   </trkpt>
   <trkpt lat="40.5998190" lon="-3.0642440">
    <ele>868.2</ele>
   </trkpt>
   <trkpt lat="40.5998920" lon="-3.0641600">
    <ele>867.4</ele>
   </trkpt>
   <trkpt lat="40.5999980" lon="-3.0640400">
    <ele>866.6</ele>
   </trkpt>
   <trkpt lat="40.6000980" lon="-3.0639370">
    <ele>866.0</ele>
   </trkpt>
   <trkpt lat="40.6001890" lon="-3.0638340">
    <ele>865.2</ele>
   </trkpt>
   <trkpt lat="40.6002850" lon="-3.0637320">
    <ele>864.4</ele>
   </trkpt>
   <trkpt lat="40.6003650" lon="-3.0636480">
    <ele>863.4</ele>
   </trkpt>
   <trkpt lat="40.6004710" lon="-3.0635180">
    <ele>862.6</ele>
   </trkpt>
   <trkpt lat="40.6005670" lon="-3.0634020">
    <ele>861.8</ele>
   </trkpt>
   <trkpt lat="40.6006580" lon="-3.0632920">
    <ele>861.0</ele>
   </trkpt>
   <trkpt lat="40.6007230" lon="-3.0632420">
    <ele>860.2</ele>
   </trkpt>
   <trkpt lat="40.6008110" lon="-3.0631670">
    <ele>859.6</ele>
   </trkpt>
   <trkpt lat="40.6009670" lon="-3.0630260">
    <ele>858.8</ele>
   </trkpt>
   <trkpt lat="40.6010550" lon="-3.0629130">
    <ele>858.0</ele>
   </trkpt>
   <trkpt lat="40.6011280" lon="-3.0627870">
    <ele>857.4</ele>
   </trkpt>
   <trkpt lat="40.6012000" lon="-3.0626680">
    <ele>856.8</ele>
   </trkpt>
   <trkpt lat="40.6012690" lon="-3.0625750">
    <ele>856.2</ele>
   </trkpt>
   <trkpt lat="40.6013790" lon="-3.0624580">
    <ele>855.6</ele>
   </trkpt>
   <trkpt lat="40.6014820" lon="-3.0623860">
    <ele>855.0</ele>
   </trkpt>
   <trkpt lat="40.6015740" lon="-3.0623380">
    <ele>854.4</ele>
   </trkpt>
   <trkpt lat="40.6017070" lon="-3.0622680">
    <ele>853.6</ele>
   </trkpt>
   <trkpt lat="40.6018220" lon="-3.0621960">
    <ele>852.8</ele>
   </trkpt>
   <trkpt lat="40.6019290" lon="-3.0621030">
    <ele>852.0</ele>
   </trkpt>
   <trkpt lat="40.6020320" lon="-3.0620040">
    <ele>851.4</ele>
   </trkpt>
   <trkpt lat="40.6021230" lon="-3.0619030">
    <ele>850.8</ele>
   </trkpt>
   <trkpt lat="40.6022110" lon="-3.0618040">
    <ele>850.2</ele>
   </trkpt>
   <trkpt lat="40.6022950" lon="-3.0616960">
    <ele>849.4</ele>
   </trkpt>
   <trkpt lat="40.6023750" lon="-3.0615720">
    <ele>848.6</ele>
   </trkpt>
   <trkpt lat="40.6024320" lon="-3.0614670">
    <ele>847.8</ele>
   </trkpt>
   <trkpt lat="40.6025280" lon="-3.0613230">
    <ele>847.0</ele>
   </trkpt>
   <trkpt lat="40.6026190" lon="-3.0612240">
    <ele>846.4</ele>
   </trkpt>
   <trkpt lat="40.6027180" lon="-3.0611480">
    <ele>845.6</ele>
   </trkpt>
   <trkpt lat="40.6028060" lon="-3.0610670">
    <ele>844.8</ele>
   </trkpt>
   <trkpt lat="40.6029010" lon="-3.0609670">
    <ele>844.0</ele>
   </trkpt>
   <trkpt lat="40.6029780" lon="-3.0608480">
    <ele>843.2</ele>
   </trkpt>
   <trkpt lat="40.6030230" lon="-3.0607080">
    <ele>842.4</ele>
   </trkpt>
   <trkpt lat="40.6030460" lon="-3.0605490">
    <ele>841.6</ele>
   </trkpt>
   <trkpt lat="40.6030580" lon="-3.0604190">
    <ele>840.8</ele>
   </trkpt>
   <trkpt lat="40.6030880" lon="-3.0602350">
    <ele>840.0</ele>
   </trkpt>
   <trkpt lat="40.6031230" lon="-3.0600880">
    <ele>839.2</ele>
   </trkpt>
   <trkpt lat="40.6031720" lon="-3.0599420">
    <ele>838.2</ele>
   </trkpt>
   <trkpt lat="40.6032220" lon="-3.0597960">
    <ele>837.4</ele>
   </trkpt>
   <trkpt lat="40.6032750" lon="-3.0596440">
    <ele>836.6</ele>
   </trkpt>
   <trkpt lat="40.6033170" lon="-3.0594820">
    <ele>835.8</ele>
   </trkpt>
   <trkpt lat="40.6033550" lon="-3.0593190">
    <ele>835.0</ele>
   </trkpt>
   <trkpt lat="40.6033860" lon="-3.0591950">
    <ele>834.4</ele>
   </trkpt>
   <trkpt lat="40.6034320" lon="-3.0590400">
    <ele>833.8</ele>
   </trkpt>
   <trkpt lat="40.6034930" lon="-3.0588700">
    <ele>833.2</ele>
   </trkpt>
   <trkpt lat="40.6035580" lon="-3.0587350">
    <ele>832.8</ele>
   </trkpt>
   <trkpt lat="40.6036300" lon="-3.0586110">
    <ele>832.2</ele>
   </trkpt>
   <trkpt lat="40.6037100" lon="-3.0584960">
    <ele>831.8</ele>
   </trkpt>
   <trkpt lat="40.6037750" lon="-3.0584100">
    <ele>831.2</ele>
   </trkpt>
   <trkpt lat="40.6038820" lon="-3.0582910">
    <ele>830.8</ele>
   </trkpt>
   <trkpt lat="40.6039810" lon="-3.0581920">
    <ele>830.2</ele>
   </trkpt>
   <trkpt lat="40.6040730" lon="-3.0580950">
    <ele>829.6</ele>
   </trkpt>
   <trkpt lat="40.6041640" lon="-3.0579910">
    <ele>828.8</ele>
   </trkpt>
   <trkpt lat="40.6042560" lon="-3.0578870">
    <ele>828.0</ele>
   </trkpt>
   <trkpt lat="40.6043400" lon="-3.0577710">
    <ele>827.2</ele>
   </trkpt>
   <trkpt lat="40.6044240" lon="-3.0576440">
    <ele>826.2</ele>
   </trkpt>
   <trkpt lat="40.6044880" lon="-3.0574980">
    <ele>825.4</ele>
   </trkpt>
   <trkpt lat="40.6045340" lon="-3.0573430">
    <ele>824.6</ele>
   </trkpt>
   <trkpt lat="40.6045650" lon="-3.0571830">
    <ele>824.0</ele>
   </trkpt>
   <trkpt lat="40.6045680" lon="-3.0570230">
    <ele>823.2</ele>
   </trkpt>
   <trkpt lat="40.6045570" lon="-3.0569000">
    <ele>822.4</ele>
   </trkpt>
   <trkpt lat="40.6045230" lon="-3.0567690">
    <ele>821.6</ele>
   </trkpt>
   <trkpt lat="40.6044620" lon="-3.0566240">
    <ele>820.8</ele>
   </trkpt>
   <trkpt lat="40.6043850" lon="-3.0565170">
    <ele>820.0</ele>
   </trkpt>
   <trkpt lat="40.6042940" lon="-3.0564380">
    <ele>819.4</ele>
   </trkpt>
   <trkpt lat="40.6042210" lon="-3.0563750">
    <ele>818.6</ele>
   </trkpt>
   <trkpt lat="40.6041260" lon="-3.0562690">
    <ele>817.8</ele>
   </trkpt>
   <trkpt lat="40.6040610" lon="-3.0561750">
    <ele>817.2</ele>
   </trkpt>
   <trkpt lat="40.6040270" lon="-3.0561040">
    <ele>816.4</ele>
   </trkpt>
   <trkpt lat="40.6040000" lon="-3.0559950">
    <ele>815.8</ele>
   </trkpt>
   <trkpt lat="40.6039960" lon="-3.0558730">
    <ele>815.0</ele>
   </trkpt>
   <trkpt lat="40.6040190" lon="-3.0557390">
    <ele>814.4</ele>
   </trkpt>
   <trkpt lat="40.6040840" lon="-3.0555830">
    <ele>813.6</ele>
   </trkpt>
   <trkpt lat="40.6041680" lon="-3.0554900">
    <ele>813.0</ele>
   </trkpt>
   <trkpt lat="40.6042440" lon="-3.0554360">
    <ele>812.4</ele>
   </trkpt>
   <trkpt lat="40.6043430" lon="-3.0553940">
    <ele>811.6</ele>
   </trkpt>
   <trkpt lat="40.6044500" lon="-3.0553570">
    <ele>810.8</ele>
   </trkpt>
   <trkpt lat="40.6045490" lon="-3.0553190">
    <ele>810.2</ele>
   </trkpt>
   <trkpt lat="40.6046600" lon="-3.0552770">
    <ele>809.4</ele>
   </trkpt>
   <trkpt lat="40.6047630" lon="-3.0552290">
    <ele>808.8</ele>
   </trkpt>
   <trkpt lat="40.6048700" lon="-3.0551710">
    <ele>808.2</ele>
   </trkpt>
   <trkpt lat="40.6049800" lon="-3.0551030">
    <ele>807.4</ele>
   </trkpt>
   <trkpt lat="40.6050830" lon="-3.0550260">
    <ele>806.6</ele>
   </trkpt>
   <trkpt lat="40.6051830" lon="-3.0549430">
    <ele>806.0</ele>
   </trkpt>
   <trkpt lat="40.6052860" lon="-3.0548580">
    <ele>805.2</ele>
   </trkpt>
   <trkpt lat="40.6053850" lon="-3.0547780">
    <ele>804.4</ele>
   </trkpt>
   <trkpt lat="40.6054840" lon="-3.0547000">
    <ele>803.8</ele>
   </trkpt>
   <trkpt lat="40.6055870" lon="-3.0546150">
    <ele>803.0</ele>
   </trkpt>
   <trkpt lat="40.6056860" lon="-3.0545250">
    <ele>802.2</ele>
   </trkpt>
   <trkpt lat="40.6057850" lon="-3.0544370">
    <ele>801.6</ele>
   </trkpt>
   <trkpt lat="40.6058730" lon="-3.0543410">
    <ele>801.0</ele>
   </trkpt>
   <trkpt lat="40.6059650" lon="-3.0542250">
    <ele>800.4</ele>
   </trkpt>
   <trkpt lat="40.6060030" lon="-3.0541380">
    <ele>799.6</ele>
   </trkpt>
   <trkpt lat="40.6060260" lon="-3.0540240">
    <ele>798.8</ele>
   </trkpt>
   <trkpt lat="40.6060180" lon="-3.0538680">
    <ele>798.0</ele>
   </trkpt>
   <trkpt lat="40.6059910" lon="-3.0537610">
    <ele>797.2</ele>
   </trkpt>
   <trkpt lat="40.6059490" lon="-3.0536320">
    <ele>796.4</ele>
   </trkpt>
   <trkpt lat="40.6058960" lon="-3.0535090">
    <ele>795.6</ele>
   </trkpt>
   <trkpt lat="40.6058430" lon="-3.0533830">
    <ele>794.8</ele>
   </trkpt>
   <trkpt lat="40.6058040" lon="-3.0532460">
    <ele>794.0</ele>
   </trkpt>
   <trkpt lat="40.6057820" lon="-3.0531040">
    <ele>793.4</ele>
   </trkpt>
   <trkpt lat="40.6057550" lon="-3.0529630">
    <ele>792.6</ele>
   </trkpt>
   <trkpt lat="40.6057170" lon="-3.0528310">
    <ele>791.6</ele>
   </trkpt>
   <trkpt lat="40.6056670" lon="-3.0527020">
    <ele>790.8</ele>
   </trkpt>
   <trkpt lat="40.6055910" lon="-3.0525640">
    <ele>790.0</ele>
   </trkpt>
   <trkpt lat="40.6055220" lon="-3.0524960">
    <ele>789.2</ele>
   </trkpt>
   <trkpt lat="40.6054380" lon="-3.0524200">
    <ele>788.4</ele>
   </trkpt>
   <trkpt lat="40.6053430" lon="-3.0523450">
    <ele>787.4</ele>
   </trkpt>
   <trkpt lat="40.6052470" lon="-3.0522620">
    <ele>786.6</ele>
   </trkpt>
   <trkpt lat="40.6051520" lon="-3.0521410">
    <ele>786.0</ele>
   </trkpt>
   <trkpt lat="40.6051100" lon="-3.0520270">
    <ele>785.4</ele>
   </trkpt>
   <trkpt lat="40.6051220" lon="-3.0519000">
    <ele>784.6</ele>
   </trkpt>
   <trkpt lat="40.6051670" lon="-3.0517820">
    <ele>783.8</ele>
   </trkpt>
   <trkpt lat="40.6052510" lon="-3.0516110">
    <ele>783.2</ele>
   </trkpt>
   <trkpt lat="40.6053240" lon="-3.0514920">
    <ele>782.4</ele>
   </trkpt>
   <trkpt lat="40.6054040" lon="-3.0513820">
    <ele>781.6</ele>
   </trkpt>
   <trkpt lat="40.6054760" lon="-3.0512970">
    <ele>781.0</ele>
   </trkpt>
   <trkpt lat="40.6055950" lon="-3.0512050">
    <ele>780.2</ele>
   </trkpt>
   <trkpt lat="40.6056790" lon="-3.0511590">
    <ele>779.6</ele>
   </trkpt>
   <trkpt lat="40.6057850" lon="-3.0511170">
    <ele>779.0</ele>
   </trkpt>
   <trkpt lat="40.6058920" lon="-3.0510890">
    <ele>778.4</ele>
   </trkpt>
   <trkpt lat="40.6059910" lon="-3.0510650">
    <ele>777.8</ele>
   </trkpt>
   <trkpt lat="40.6060870" lon="-3.0510440">
    <ele>777.4</ele>
   </trkpt>
   <trkpt lat="40.6061670" lon="-3.0510220">
    <ele>776.8</ele>
   </trkpt>
   <trkpt lat="40.6062360" lon="-3.0509970">
    <ele>776.4</ele>
   </trkpt>
   <trkpt lat="40.6063000" lon="-3.0509720">
    <ele>776.0</ele>
   </trkpt>
   <trkpt lat="40.6063580" lon="-3.0509470">
    <ele>775.6</ele>
   </trkpt>
   <trkpt lat="40.6064070" lon="-3.0509270">
    <ele>775.2</ele>
   </trkpt>
   <trkpt lat="40.6064610" lon="-3.0509360">
    <ele>774.8</ele>
   </trkpt>
   <trkpt lat="40.6065020" lon="-3.0509660">
    <ele>774.2</ele>
   </trkpt>
   <trkpt lat="40.6065440" lon="-3.0510140">
    <ele>773.6</ele>
   </trkpt>
   <trkpt lat="40.6065900" lon="-3.0510940">
    <ele>773.0</ele>
   </trkpt>
   <trkpt lat="40.6066210" lon="-3.0511590">
    <ele>772.2</ele>
   </trkpt>
   <trkpt lat="40.6066590" lon="-3.0512420">
    <ele>771.6</ele>
   </trkpt>
   <trkpt lat="40.6067090" lon="-3.0513270">
    <ele>771.0</ele>
   </trkpt>
   <trkpt lat="40.6067540" lon="-3.0514210">
    <ele>770.6</ele>
   </trkpt>
   <trkpt lat="40.6068000" lon="-3.0515130">
    <ele>770.2</ele>
   </trkpt>
   <trkpt lat="40.6068530" lon="-3.0516200">
    <ele>770.0</ele>
   </trkpt>
   <trkpt lat="40.6068920" lon="-3.0516940">
    <ele>769.8</ele>
   </trkpt>
   <trkpt lat="40.6069450" lon="-3.0517850">
    <ele>769.4</ele>
   </trkpt>
   <trkpt lat="40.6069950" lon="-3.0518790">
    <ele>769.4</ele>
   </trkpt>
   <trkpt lat="40.6070480" lon="-3.0519740">
    <ele>769.0</ele>
   </trkpt>
   <trkpt lat="40.6071010" lon="-3.0520650">
    <ele>769.0</ele>
   </trkpt>
   <trkpt lat="40.6071510" lon="-3.0521500">
    <ele>768.8</ele>
   </trkpt>
   <trkpt lat="40.6072010" lon="-3.0522320">
    <ele>768.6</ele>
   </trkpt>
   <trkpt lat="40.6072540" lon="-3.0523140">
    <ele>768.6</ele>
   </trkpt>
   <trkpt lat="40.6073150" lon="-3.0523950">
    <ele>768.6</ele>
   </trkpt>
   <trkpt lat="40.6073720" lon="-3.0524770">
    <ele>768.4</ele>
   </trkpt>
   <trkpt lat="40.6074290" lon="-3.0525600">
    <ele>768.4</ele>
   </trkpt>
   <trkpt lat="40.6074940" lon="-3.0526650">
    <ele>768.0</ele>
   </trkpt>
   <trkpt lat="40.6075400" lon="-3.0527370">
    <ele>767.8</ele>
   </trkpt>
   <trkpt lat="40.6075930" lon="-3.0528260">
    <ele>767.4</ele>
   </trkpt>
   <trkpt lat="40.6076470" lon="-3.0529130">
    <ele>767.2</ele>
   </trkpt>
   <trkpt lat="40.6076960" lon="-3.0530030">
    <ele>767.2</ele>
   </trkpt>
   <trkpt lat="40.6077500" lon="-3.0530910">
    <ele>767.2</ele>
   </trkpt>
   <trkpt lat="40.6078030" lon="-3.0531950">
    <ele>767.2</ele>
   </trkpt>
   <trkpt lat="40.6078410" lon="-3.0532640">
    <ele>767.2</ele>
   </trkpt>
   <trkpt lat="40.6078830" lon="-3.0533450">
    <ele>767.4</ele>
   </trkpt>
   <trkpt lat="40.6079370" lon="-3.0534390">
    <ele>767.6</ele>
   </trkpt>
   <trkpt lat="40.6079790" lon="-3.0535120">
    <ele>767.8</ele>
   </trkpt>
   <trkpt lat="40.6080210" lon="-3.0535810">
    <ele>768.0</ele>
   </trkpt>
   <trkpt lat="40.6080550" lon="-3.0536290">
    <ele>768.0</ele>
   </trkpt>
   <trkpt lat="40.6081010" lon="-3.0536810">
    <ele>767.8</ele>
   </trkpt>
   <trkpt lat="40.6081470" lon="-3.0537250">
    <ele>767.8</ele>
   </trkpt>
   <trkpt lat="40.6082040" lon="-3.0537550">
    <ele>767.4</ele>
   </trkpt>
   <trkpt lat="40.6082650" lon="-3.0537760">
    <ele>767.2</ele>
   </trkpt>
   <trkpt lat="40.6083410" lon="-3.0537930">
    <ele>767.0</ele>
   </trkpt>
   <trkpt lat="40.6084250" lon="-3.0538070">
    <ele>766.8</ele>
   </trkpt>
   <trkpt lat="40.6085050" lon="-3.0538200">
    <ele>766.6</ele>
   </trkpt>
   <trkpt lat="40.6085820" lon="-3.0538330">
    <ele>766.4</ele>
   </trkpt>
   <trkpt lat="40.6086500" lon="-3.0538460">
    <ele>766.4</ele>
   </trkpt>
   <trkpt lat="40.6086960" lon="-3.0538610">
    <ele>766.4</ele>
   </trkpt>
   <trkpt lat="40.6087260" lon="-3.0538950">
    <ele>766.4</ele>
   </trkpt>
   <trkpt lat="40.6087460" lon="-3.0539390">
    <ele>766.4</ele>
   </trkpt>
   <trkpt lat="40.6087460" lon="-3.0539830">
    <ele>766.4</ele>
   </trkpt>
   <trkpt lat="40.6087300" lon="-3.0540240">
    <ele>766.6</ele>
   </trkpt>
   <trkpt lat="40.6087040" lon="-3.0540610">
    <ele>766.6</ele>
   </trkpt>
   <trkpt lat="40.6086730" lon="-3.0541000">
    <ele>766.6</ele>
   </trkpt>
   <trkpt lat="40.6086430" lon="-3.0541410">
    <ele>766.8</ele>
   </trkpt>
   <trkpt lat="40.6086230" lon="-3.0541720">
    <ele>766.8</ele>
   </trkpt>
   <trkpt lat="40.6086040" lon="-3.0542080">
    <ele>767.0</ele>
   </trkpt>
   <trkpt lat="40.6085930" lon="-3.0542310">
    <ele>767.0</ele>
   </trkpt>
   <trkpt lat="40.6085700" lon="-3.0542400">
    <ele>767.2</ele>
   </trkpt>
   <trkpt lat="40.6085660" lon="-3.0542270">
    <ele>767.2</ele>
   </trkpt>
   <trkpt lat="40.6085700" lon="-3.0542100">
    <ele>767.0</ele>
   </trkpt>
   <trkpt lat="40.6085930" lon="-3.0541870">
    <ele>767.0</ele>
   </trkpt>
   <trkpt lat="40.6086200" lon="-3.0541570">
    <ele>766.8</ele>
   </trkpt>
   <trkpt lat="40.6086500" lon="-3.0541160">
    <ele>766.8</ele>
   </trkpt>
   <trkpt lat="40.6086880" lon="-3.0540710">
    <ele>766.8</ele>
   </trkpt>
   <trkpt lat="40.6087230" lon="-3.0540270">
    <ele>766.6</ele>
   </trkpt>
   <trkpt lat="40.6087570" lon="-3.0539780">
    <ele>766.6</ele>
   </trkpt>
   <trkpt lat="40.6087870" lon="-3.0539440">
    <ele>766.4</ele>
   </trkpt>
   <trkpt lat="40.6088260" lon="-3.0539140">
    <ele>766.4</ele>
   </trkpt>
   <trkpt lat="40.6088790" lon="-3.0538950">
    <ele>766.4</ele>
   </trkpt>
   <trkpt lat="40.6089290" lon="-3.0538950">
    <ele>766.2</ele>
   </trkpt>
   <trkpt lat="40.6089670" lon="-3.0538920">
    <ele>766.2</ele>
   </trkpt>
   <trkpt lat="40.6090160" lon="-3.0538920">
    <ele>766.2</ele>
   </trkpt>
   <trkpt lat="40.6090740" lon="-3.0538900">
    <ele>766.2</ele>
   </trkpt>
   <trkpt lat="40.6091120" lon="-3.0538900">
    <ele>766.2</ele>
   </trkpt>
   <trkpt lat="40.6091540" lon="-3.0538900">
    <ele>766.2</ele>
   </trkpt>
   <trkpt lat="40.6092070" lon="-3.0538950">
    <ele>766.2</ele>
   </trkpt>
   <trkpt lat="40.6092410" lon="-3.0538980">
    <ele>766.2</ele>
   </trkpt>
   <trkpt lat="40.6092910" lon="-3.0539100">
    <ele>766.4</ele>
   </trkpt>
   <trkpt lat="40.6093440" lon="-3.0539260">
    <ele>766.4</ele>
   </trkpt>
   <trkpt lat="40.6093860" lon="-3.0539470">
    <ele>766.4</ele>
   </trkpt>
   <trkpt lat="40.6094440" lon="-3.0539750">
    <ele>766.4</ele>
   </trkpt>
   <trkpt lat="40.6095010" lon="-3.0540060">
    <ele>766.4</ele>
   </trkpt>
   <trkpt lat="40.6095500" lon="-3.0540380">
    <ele>766.4</ele>
   </trkpt>
   <trkpt lat="40.6095920" lon="-3.0540650">
    <ele>766.4</ele>
   </trkpt>
   <trkpt lat="40.6096310" lon="-3.0540950">
    <ele>766.4</ele>
   </trkpt>
   <trkpt lat="40.6096840" lon="-3.0541300">
    <ele>766.4</ele>
   </trkpt>
   <trkpt lat="40.6097220" lon="-3.0541680">
    <ele>766.4</ele>
   </trkpt>
   <trkpt lat="40.6097720" lon="-3.0542080">
    <ele>766.6</ele>
   </trkpt>
   <trkpt lat="40.6098100" lon="-3.0542360">
    <ele>766.6</ele>
   </trkpt>
   <trkpt lat="40.6098630" lon="-3.0542780">
    <ele>766.6</ele>
   </trkpt>
   <trkpt lat="40.6099050" lon="-3.0542950">
    <ele>766.8</ele>
   </trkpt>
   <trkpt lat="40.6099430" lon="-3.0543010">
    <ele>766.8</ele>
   </trkpt>
   <trkpt lat="40.6099850" lon="-3.0543230">
    <ele>766.8</ele>
   </trkpt>
   <trkpt lat="40.6100230" lon="-3.0543580">
    <ele>767.0</ele>
   </trkpt>
   <trkpt lat="40.6100580" lon="-3.0543860">
    <ele>767.0</ele>
   </trkpt>
   <trkpt lat="40.6100920" lon="-3.0544100">
    <ele>767.0</ele>
   </trkpt>
   <trkpt lat="40.6101150" lon="-3.0544280">
    <ele>767.2</ele>
   </trkpt>
   <trkpt lat="40.6101490" lon="-3.0544500">
    <ele>767.2</ele>
   </trkpt>
   <trkpt lat="40.6101800" lon="-3.0544750">
    <ele>767.2</ele>
   </trkpt>
   <trkpt lat="40.6102070" lon="-3.0544900">
    <ele>767.4</ele>
   </trkpt>
   <trkpt lat="40.6102220" lon="-3.0545050">
    <ele>767.4</ele>
   </trkpt>
   <trkpt lat="40.6102370" lon="-3.0545160">
    <ele>767.6</ele>
   </trkpt>
   <trkpt lat="40.6102490" lon="-3.0545220">
    <ele>767.6</ele>
   </trkpt>
   <trkpt lat="40.6102680" lon="-3.0545220">
    <ele>767.6</ele>
   </trkpt>
   <trkpt lat="40.6102870" lon="-3.0545200">
    <ele>767.8</ele>
   </trkpt>
   <trkpt lat="40.6103060" lon="-3.0545200">
    <ele>767.8</ele>
   </trkpt>
   <trkpt lat="40.6103250" lon="-3.0545230">
    <ele>768.0</ele>
   </trkpt>
   <trkpt lat="40.6103440" lon="-3.0545300">
    <ele>768.2</ele>
   </trkpt>
   <trkpt lat="40.6103670" lon="-3.0545380">
    <ele>768.2</ele>
   </trkpt>
   <trkpt lat="40.6103900" lon="-3.0545470">
    <ele>768.4</ele>
   </trkpt>
   <trkpt lat="40.6104090" lon="-3.0545600">
    <ele>768.6</ele>
   </trkpt>
   <trkpt lat="40.6104240" lon="-3.0545860">
    <ele>768.8</ele>
   </trkpt>
   <trkpt lat="40.6104320" lon="-3.0546260">
    <ele>768.8</ele>
   </trkpt>
   <trkpt lat="40.6104240" lon="-3.0546710">
    <ele>769.0</ele>
   </trkpt>
   <trkpt lat="40.6104160" lon="-3.0547090">
    <ele>769.2</ele>
   </trkpt>
   <trkpt lat="40.6104090" lon="-3.0547400">
    <ele>769.4</ele>
   </trkpt>
   <trkpt lat="40.6103940" lon="-3.0547830">
    <ele>769.4</ele>
   </trkpt>
   <trkpt lat="40.6103780" lon="-3.0548240">
    <ele>769.6</ele>
   </trkpt>
   <trkpt lat="40.6103630" lon="-3.0548640">
    <ele>769.6</ele>
   </trkpt>
   <trkpt lat="40.6103520" lon="-3.0549060">
    <ele>769.6</ele>
   </trkpt>
   <trkpt lat="40.6103400" lon="-3.0549480">
    <ele>769.6</ele>
   </trkpt>
   <trkpt lat="40.6103250" lon="-3.0549970">
    <ele>769.6</ele>
   </trkpt>
   <trkpt lat="40.6103130" lon="-3.0550460">
    <ele>769.6</ele>
   </trkpt>
   <trkpt lat="40.6103020" lon="-3.0551080">
    <ele>769.6</ele>
   </trkpt>
   <trkpt lat="40.6102910" lon="-3.0551740">
    <ele>769.8</ele>
   </trkpt>
   <trkpt lat="40.6102910" lon="-3.0552290">
    <ele>770.0</ele>
   </trkpt>
   <trkpt lat="40.6102980" lon="-3.0552840">
    <ele>770.2</ele>
   </trkpt>
   <trkpt lat="40.6103020" lon="-3.0553390">
    <ele>770.4</ele>
   </trkpt>
   <trkpt lat="40.6102980" lon="-3.0553940">
    <ele>770.6</ele>
   </trkpt>
   <trkpt lat="40.6102980" lon="-3.0554540">
    <ele>770.8</ele>
   </trkpt>
   <trkpt lat="40.6102980" lon="-3.0555040">
    <ele>771.2</ele>
   </trkpt>
   <trkpt lat="40.6102910" lon="-3.0555480">
    <ele>771.4</ele>
   </trkpt>
   <trkpt lat="40.6102790" lon="-3.0555880">
    <ele>771.6</ele>
   </trkpt>
   <trkpt lat="40.6102790" lon="-3.0556260">
    <ele>771.8</ele>
   </trkpt>
   <trkpt lat="40.6102870" lon="-3.0556680">
    <ele>772.0</ele>
   </trkpt>
   <trkpt lat="40.6102870" lon="-3.0557100">
    <ele>772.4</ele>
   </trkpt>
   <trkpt lat="40.6102870" lon="-3.0557480">
    <ele>772.6</ele>
   </trkpt>
   <trkpt lat="40.6102910" lon="-3.0557840">
    <ele>772.8</ele>
   </trkpt>
   <trkpt lat="40.6102940" lon="-3.0558240">
    <ele>773.0</ele>
   </trkpt>
   <trkpt lat="40.6102910" lon="-3.0558730">
    <ele>773.2</ele>
   </trkpt>
   <trkpt lat="40.6102940" lon="-3.0559160">
    <ele>773.4</ele>
   </trkpt>
   <trkpt lat="40.6102940" lon="-3.0559590">
    <ele>773.6</ele>
   </trkpt>
   <trkpt lat="40.6102940" lon="-3.0560030">
    <ele>774.0</ele>
   </trkpt>
   <trkpt lat="40.6102940" lon="-3.0560430">
    <ele>774.2</ele>
   </trkpt>
   <trkpt lat="40.6102940" lon="-3.0560810">
    <ele>774.4</ele>
   </trkpt>
   <trkpt lat="40.6102910" lon="-3.0561190">
    <ele>774.6</ele>
   </trkpt>
   <trkpt lat="40.6102830" lon="-3.0561560">
    <ele>774.8</ele>
   </trkpt>
   <trkpt lat="40.6102750" lon="-3.0561910">
    <ele>775.0</ele>
   </trkpt>
   <trkpt lat="40.6102680" lon="-3.0562280">
    <ele>775.2</ele>
   </trkpt>
   <trkpt lat="40.6102560" lon="-3.0562680">
    <ele>775.4</ele>
   </trkpt>
   <trkpt lat="40.6102490" lon="-3.0563140">
    <ele>775.6</ele>
   </trkpt>
   <trkpt lat="40.6102370" lon="-3.0563610">
    <ele>775.8</ele>
   </trkpt>
   <trkpt lat="40.6102330" lon="-3.0564010">
    <ele>776.0</ele>
   </trkpt>
   <trkpt lat="40.6102260" lon="-3.0564420">
    <ele>776.2</ele>
   </trkpt>
   <trkpt lat="40.6102180" lon="-3.0564830">
    <ele>776.4</ele>
   </trkpt>
   <trkpt lat="40.6102100" lon="-3.0565250">
    <ele>776.8</ele>
   </trkpt>
   <trkpt lat="40.6102030" lon="-3.0565640">
    <ele>777.0</ele>
   </trkpt>
   <trkpt lat="40.6101990" lon="-3.0566080">
    <ele>777.2</ele>
   </trkpt>
   <trkpt lat="40.6101950" lon="-3.0566510">
    <ele>777.4</ele>
   </trkpt>
   <trkpt lat="40.6101950" lon="-3.0566940">
    <ele>777.6</ele>
   </trkpt>
   <trkpt lat="40.6101950" lon="-3.0567410">
    <ele>777.6</ele>
   </trkpt>
   <trkpt lat="40.6101990" lon="-3.0567880">
    <ele>777.8</ele>
   </trkpt>
   <trkpt lat="40.6102030" lon="-3.0568360">
    <ele>777.8</ele>
   </trkpt>
   <trkpt lat="40.6102030" lon="-3.0568810">
    <ele>778.0</ele>
   </trkpt>
   <trkpt lat="40.6101990" lon="-3.0569260">
    <ele>778.2</ele>
   </trkpt>
   <trkpt lat="40.6102030" lon="-3.0569690">
    <ele>778.2</ele>
   </trkpt>
   <trkpt lat="40.6102100" lon="-3.0570110">
    <ele>778.4</ele>
   </trkpt>
   <trkpt lat="40.6102260" lon="-3.0570550">
    <ele>778.4</ele>
   </trkpt>
   <trkpt lat="40.6102450" lon="-3.0571010">
    <ele>778.2</ele>
   </trkpt>
   <trkpt lat="40.6102680" lon="-3.0571490">
    <ele>778.2</ele>
   </trkpt>
   <trkpt lat="40.6102940" lon="-3.0572010">
    <ele>778.2</ele>
   </trkpt>
   <trkpt lat="40.6103210" lon="-3.0572570">
    <ele>778.2</ele>
   </trkpt>
   <trkpt lat="40.6103480" lon="-3.0573110">
    <ele>778.0</ele>
   </trkpt>
   <trkpt lat="40.6103740" lon="-3.0573610">
    <ele>778.0</ele>
   </trkpt>
   <trkpt lat="40.6104050" lon="-3.0574160">
    <ele>778.0</ele>
   </trkpt>
   <trkpt lat="40.6104320" lon="-3.0574720">
    <ele>778.0</ele>
   </trkpt>
   <trkpt lat="40.6104580" lon="-3.0575240">
    <ele>778.0</ele>
   </trkpt>
   <trkpt lat="40.6104850" lon="-3.0575710">
    <ele>778.0</ele>
   </trkpt>
   <trkpt lat="40.6105120" lon="-3.0576210">
    <ele>778.2</ele>
   </trkpt>
   <trkpt lat="40.6105380" lon="-3.0576760">
    <ele>778.2</ele>
   </trkpt>
   <trkpt lat="40.6105650" lon="-3.0577240">
    <ele>778.2</ele>
   </trkpt>
   <trkpt lat="40.6105990" lon="-3.0577680">
    <ele>778.2</ele>
   </trkpt>
   <trkpt lat="40.6106300" lon="-3.0578090">
    <ele>778.4</ele>
   </trkpt>
   <trkpt lat="40.6106640" lon="-3.0578520">
    <ele>778.4</ele>
   </trkpt>
   <trkpt lat="40.6106950" lon="-3.0579030">
    <ele>778.4</ele>
   </trkpt>
   <trkpt lat="40.6107250" lon="-3.0579550">
    <ele>778.4</ele>
   </trkpt>
   <trkpt lat="40.6107640" lon="-3.0580130">
    <ele>778.2</ele>
   </trkpt>
   <trkpt lat="40.6107940" lon="-3.0580670">
    <ele>778.2</ele>
   </trkpt>
   <trkpt lat="40.6108280" lon="-3.0581240">
    <ele>778.0</ele>
   </trkpt>
   <trkpt lat="40.6108590" lon="-3.0581770">
    <ele>778.0</ele>
   </trkpt>
   <trkpt lat="40.6108860" lon="-3.0582270">
    <ele>777.8</ele>
   </trkpt>
   <trkpt lat="40.6109050" lon="-3.0582790">
    <ele>777.8</ele>
   </trkpt>
   <trkpt lat="40.6109280" lon="-3.0583340">
    <ele>777.6</ele>
   </trkpt>
   <trkpt lat="40.6109470" lon="-3.0584130">
    <ele>777.4</ele>
   </trkpt>
   <trkpt lat="40.6109770" lon="-3.0584920">
    <ele>777.2</ele>
   </trkpt>
   <trkpt lat="40.6110110" lon="-3.0585810">
    <ele>777.2</ele>
   </trkpt>
   <trkpt lat="40.6110380" lon="-3.0586600">
    <ele>777.2</ele>
   </trkpt>
   <trkpt lat="40.6110650" lon="-3.0587460">
    <ele>777.0</ele>
   </trkpt>
   <trkpt lat="40.6110840" lon="-3.0588240">
    <ele>777.2</ele>
   </trkpt>
   <trkpt lat="40.6111070" lon="-3.0588960">
    <ele>777.2</ele>
   </trkpt>
   <trkpt lat="40.6111300" lon="-3.0589670">
    <ele>777.2</ele>
   </trkpt>
   <trkpt lat="40.6111640" lon="-3.0590360">
    <ele>777.2</ele>
   </trkpt>
   <trkpt lat="40.6111980" lon="-3.0591040">
    <ele>777.4</ele>
   </trkpt>
   <trkpt lat="40.6112370" lon="-3.0591710">
    <ele>777.6</ele>
   </trkpt>
   <trkpt lat="40.6112780" lon="-3.0592280">
    <ele>777.8</ele>
   </trkpt>
   <trkpt lat="40.6113170" lon="-3.0592780">
    <ele>778.0</ele>
   </trkpt>
   <trkpt lat="40.6113470" lon="-3.0593260">
    <ele>778.0</ele>
   </trkpt>
   <trkpt lat="40.6113780" lon="-3.0593740">
    <ele>778.2</ele>
   </trkpt>
   <trkpt lat="40.6114080" lon="-3.0594210">
    <ele>778.4</ele>
   </trkpt>
   <trkpt lat="40.6114430" lon="-3.0594640">
    <ele>778.4</ele>
   </trkpt>
   <trkpt lat="40.6114730" lon="-3.0595060">
    <ele>778.4</ele>
   </trkpt>
   <trkpt lat="40.6115000" lon="-3.0595430">
    <ele>778.6</ele>
   </trkpt>
   <trkpt lat="40.6115340" lon="-3.0595860">
    <ele>778.6</ele>
   </trkpt>
   <trkpt lat="40.6115720" lon="-3.0596330">
    <ele>778.6</ele>
   </trkpt>
   <trkpt lat="40.6116140" lon="-3.0596810">
    <ele>778.8</ele>
   </trkpt>
   <trkpt lat="40.6116560" lon="-3.0597310">
    <ele>778.8</ele>
   </trkpt>
   <trkpt lat="40.6116980" lon="-3.0597780">
    <ele>778.8</ele>
   </trkpt>
   <trkpt lat="40.6117400" lon="-3.0598230">
    <ele>778.8</ele>
   </trkpt>
   <trkpt lat="40.6117820" lon="-3.0598640">
    <ele>778.8</ele>
   </trkpt>
   <trkpt lat="40.6118280" lon="-3.0599030">
    <ele>779.0</ele>
   </trkpt>
   <trkpt lat="40.6118660" lon="-3.0599410">
    <ele>779.0</ele>
   </trkpt>
   <trkpt lat="40.6119040" lon="-3.0599810">
    <ele>779.0</ele>
   </trkpt>
   <trkpt lat="40.6119460" lon="-3.0600200">
    <ele>779.0</ele>
   </trkpt>
   <trkpt lat="40.6119920" lon="-3.0600530">
    <ele>779.0</ele>
   </trkpt>
   <trkpt lat="40.6120380" lon="-3.0600850">
    <ele>779.0</ele>
   </trkpt>
   <trkpt lat="40.6120830" lon="-3.0601200">
    <ele>779.0</ele>
   </trkpt>
   <trkpt lat="40.6121290" lon="-3.0601540">
    <ele>779.0</ele>
   </trkpt>
   <trkpt lat="40.6121750" lon="-3.0601910">
    <ele>779.2</ele>
   </trkpt>
   <trkpt lat="40.6122210" lon="-3.0602250">
    <ele>779.2</ele>
   </trkpt>
   <trkpt lat="40.6122670" lon="-3.0602610">
    <ele>779.2</ele>
   </trkpt>
   <trkpt lat="40.6123120" lon="-3.0602950">
    <ele>779.2</ele>
   </trkpt>
   <trkpt lat="40.6123660" lon="-3.0603340">
    <ele>779.2</ele>
   </trkpt>
   <trkpt lat="40.6124150" lon="-3.0603730">
    <ele>779.2</ele>
   </trkpt>
   <trkpt lat="40.6124690" lon="-3.0604150">
    <ele>779.2</ele>
   </trkpt>
   <trkpt lat="40.6125180" lon="-3.0604520">
    <ele>779.2</ele>
   </trkpt>
   <trkpt lat="40.6125720" lon="-3.0604890">
    <ele>779.2</ele>
   </trkpt>
   <trkpt lat="40.6126210" lon="-3.0605240">
    <ele>779.2</ele>
   </trkpt>
   <trkpt lat="40.6126670" lon="-3.0605580">
    <ele>779.4</ele>
   </trkpt>
   <trkpt lat="40.6127130" lon="-3.0605910">
    <ele>779.4</ele>
   </trkpt>
   <trkpt lat="40.6127550" lon="-3.0606280">
    <ele>779.4</ele>
   </trkpt>
   <trkpt lat="40.6127970" lon="-3.0606630">
    <ele>779.6</ele>
   </trkpt>
   <trkpt lat="40.6128430" lon="-3.0607010">
    <ele>779.6</ele>
   </trkpt>
   <trkpt lat="40.6128840" lon="-3.0607410">
    <ele>779.6</ele>
   </trkpt>
   <trkpt lat="40.6129260" lon="-3.0607850">
    <ele>779.8</ele>
   </trkpt>
   <trkpt lat="40.6129680" lon="-3.0608270">
    <ele>779.8</ele>
   </trkpt>
   <trkpt lat="40.6130100" lon="-3.0608710">
    <ele>779.8</ele>
   </trkpt>
   <trkpt lat="40.6130410" lon="-3.0609040">
    <ele>780.0</ele>
   </trkpt>
   <trkpt lat="40.6130870" lon="-3.0609520">
    <ele>780.0</ele>
   </trkpt>
   <trkpt lat="40.6131290" lon="-3.0609930">
    <ele>780.2</ele>
   </trkpt>
   <trkpt lat="40.6131710" lon="-3.0610310">
    <ele>780.2</ele>
   </trkpt>
   <trkpt lat="40.6132130" lon="-3.0610680">
    <ele>780.4</ele>
   </trkpt>
   <trkpt lat="40.6132580" lon="-3.0611040">
    <ele>780.4</ele>
   </trkpt>
   <trkpt lat="40.6133000" lon="-3.0611400">
    <ele>780.6</ele>
   </trkpt>
   <trkpt lat="40.6133420" lon="-3.0611730">
    <ele>780.6</ele>
   </trkpt>
   <trkpt lat="40.6133840" lon="-3.0612080">
    <ele>780.8</ele>
   </trkpt>
   <trkpt lat="40.6134260" lon="-3.0612410">
    <ele>780.8</ele>
   </trkpt>
   <trkpt lat="40.6134680" lon="-3.0612750">
    <ele>781.0</ele>
   </trkpt>
   <trkpt lat="40.6135060" lon="-3.0613110">
    <ele>781.0</ele>
   </trkpt>
   <trkpt lat="40.6135440" lon="-3.0613480">
    <ele>781.2</ele>
   </trkpt>
   <trkpt lat="40.6135830" lon="-3.0613860">
    <ele>781.2</ele>
   </trkpt>
   <trkpt lat="40.6136250" lon="-3.0614260">
    <ele>781.4</ele>
   </trkpt>
   <trkpt lat="40.6136670" lon="-3.0614660">
    <ele>781.4</ele>
   </trkpt>
   <trkpt lat="40.6137080" lon="-3.0615060">
    <ele>781.6</ele>
   </trkpt>
   <trkpt lat="40.6137500" lon="-3.0615460">
    <ele>781.6</ele>
   </trkpt>
   <trkpt lat="40.6137920" lon="-3.0615860">
    <ele>781.6</ele>
   </trkpt>
   <trkpt lat="40.6138340" lon="-3.0616280">
    <ele>781.8</ele>
   </trkpt>
   <trkpt lat="40.6138730" lon="-3.0616720">
    <ele>781.8</ele>
   </trkpt>
   <trkpt lat="40.6139110" lon="-3.0617150">
    <ele>782.0</ele>
   </trkpt>
   <trkpt lat="40.6139490" lon="-3.0617580">
    <ele>782.0</ele>
   </trkpt>
   <trkpt lat="40.6139870" lon="-3.0617960">
    <ele>782.0</ele>
   </trkpt>
   <trkpt lat="40.6140250" lon="-3.0618380">
    <ele>782.0</ele>
   </trkpt>
   <trkpt lat="40.6140630" lon="-3.0618780">
    <ele>782.2</ele>
   </trkpt>
   <trkpt lat="40.6141090" lon="-3.0619200">
    <ele>782.2</ele>
   </trkpt>
   <trkpt lat="40.6141510" lon="-3.0619580">
    <ele>782.2</ele>
   </trkpt>
   <trkpt lat="40.6141930" lon="-3.0619950">
    <ele>782.2</ele>
   </trkpt>
   <trkpt lat="40.6142350" lon="-3.0620300">
    <ele>782.2</ele>
   </trkpt>
   <trkpt lat="40.6142770" lon="-3.0620610">
    <ele>782.2</ele>
   </trkpt>
   <trkpt lat="40.6143230" lon="-3.0620960">
    <ele>782.2</ele>
   </trkpt>
   <trkpt lat="40.6143680" lon="-3.0621310">
    <ele>782.2</ele>
   </trkpt>
   <trkpt lat="40.6144140" lon="-3.0621660">
    <ele>782.2</ele>
   </trkpt>
   <trkpt lat="40.6144640" lon="-3.0622000">
    <ele>782.0</ele>
   </trkpt>
   <trkpt lat="40.6145170" lon="-3.0622350">
    <ele>782.0</ele>
   </trkpt>
   <trkpt lat="40.6145710" lon="-3.0622710">
    <ele>781.8</ele>
   </trkpt>
   <trkpt lat="40.6146200" lon="-3.0623080">
    <ele>781.8</ele>
   </trkpt>
   <trkpt lat="40.6146740" lon="-3.0623480">
    <ele>781.6</ele>
   </trkpt>
   <trkpt lat="40.6147270" lon="-3.0623900">
    <ele>781.6</ele>
   </trkpt>
   <trkpt lat="40.6147800" lon="-3.0624310">
    <ele>781.4</ele>
   </trkpt>
   <trkpt lat="40.6148380" lon="-3.0624730">
    <ele>781.2</ele>
   </trkpt>
   <trkpt lat="40.6148910" lon="-3.0625150">
    <ele>781.2</ele>
   </trkpt>
   <trkpt lat="40.6149440" lon="-3.0625600">
    <ele>781.2</ele>
   </trkpt>
   <trkpt lat="40.6150020" lon="-3.0626060">
    <ele>781.0</ele>
   </trkpt>
   <trkpt lat="40.6150590" lon="-3.0626530">
    <ele>781.0</ele>
   </trkpt>
   <trkpt lat="40.6151120" lon="-3.0627000">
    <ele>781.0</ele>
   </trkpt>
   <trkpt lat="40.6151700" lon="-3.0627430">
    <ele>781.0</ele>
   </trkpt>
   <trkpt lat="40.6152230" lon="-3.0627840">
    <ele>781.0</ele>
   </trkpt>
   <trkpt lat="40.6152800" lon="-3.0628260">
    <ele>781.0</ele>
   </trkpt>
   <trkpt lat="40.6153370" lon="-3.0628680">
    <ele>781.0</ele>
   </trkpt>
   <trkpt lat="40.6153910" lon="-3.0629100">
    <ele>781.0</ele>
   </trkpt>
   <trkpt lat="40.6154520" lon="-3.0629490">
    <ele>781.0</ele>
   </trkpt>
   <trkpt lat="40.6155050" lon="-3.0629880">
    <ele>781.0</ele>
   </trkpt>
   <trkpt lat="40.6155620" lon="-3.0630230">
    <ele>781.0</ele>
   </trkpt>
   <trkpt lat="40.6156200" lon="-3.0630570">
    <ele>781.0</ele>
   </trkpt>
   <trkpt lat="40.6156770" lon="-3.0630930">
    <ele>781.0</ele>
   </trkpt>
   <trkpt lat="40.6157380" lon="-3.0631250">
    <ele>781.0</ele>
   </trkpt>
   <trkpt lat="40.6157950" lon="-3.0631510">
    <ele>781.0</ele>
   </trkpt>
   <trkpt lat="40.6158600" lon="-3.0631760">
    <ele>780.8</ele>
   </trkpt>
   <trkpt lat="40.6159210" lon="-3.0632000">
    <ele>780.8</ele>
   </trkpt>
   <trkpt lat="40.6159860" lon="-3.0632150">
    <ele>780.6</ele>
   </trkpt>
   <trkpt lat="40.6160510" lon="-3.0632250">
    <ele>780.4</ele>
   </trkpt>
   <trkpt lat="40.6161080" lon="-3.0632300">
    <ele>780.2</ele>
   </trkpt>
   <trkpt lat="40.6161920" lon="-3.0632350">
    <ele>780.0</ele>
   </trkpt>
   <trkpt lat="40.6162610" lon="-3.0632330">
    <ele>779.8</ele>
   </trkpt>
   <trkpt lat="40.6163370" lon="-3.0632280">
    <ele>779.6</ele>
   </trkpt>
   <trkpt lat="40.6164130" lon="-3.0632250">
    <ele>779.6</ele>
   </trkpt>
   <trkpt lat="40.6164860" lon="-3.0632200">
    <ele>779.4</ele>
   </trkpt>
   <trkpt lat="40.6165620" lon="-3.0632150">
    <ele>779.4</ele>
   </trkpt>
   <trkpt lat="40.6166380" lon="-3.0632120">
    <ele>779.2</ele>
   </trkpt>
   <trkpt lat="40.6167140" lon="-3.0632130">
    <ele>779.2</ele>
   </trkpt>
   <trkpt lat="40.6167910" lon="-3.0632150">
    <ele>779.2</ele>
   </trkpt>
   <trkpt lat="40.6168630" lon="-3.0632200">
    <ele>779.2</ele>
   </trkpt>
   <trkpt lat="40.6169400" lon="-3.0632250">
    <ele>779.2</ele>
   </trkpt>
   <trkpt lat="40.6170120" lon="-3.0632350">
    <ele>779.2</ele>
   </trkpt>
   <trkpt lat="40.6170840" lon="-3.0632460">
    <ele>779.2</ele>
   </trkpt>
   <trkpt lat="40.6171570" lon="-3.0632600">
    <ele>779.2</ele>
   </trkpt>
   <trkpt lat="40.6172330" lon="-3.0632720">
    <ele>779.2</ele>
   </trkpt>
   <trkpt lat="40.6173020" lon="-3.0632780">
    <ele>779.4</ele>
   </trkpt>
   <trkpt lat="40.6173710" lon="-3.0632870">
    <ele>779.4</ele>
   </trkpt>
   <trkpt lat="40.6174350" lon="-3.0632930">
    <ele>779.4</ele>
   </trkpt>
   <trkpt lat="40.6174960" lon="-3.0632930">
    <ele>779.4</ele>
   </trkpt>
   <trkpt lat="40.6175690" lon="-3.0632870">
    <ele>779.4</ele>
   </trkpt>
   <trkpt lat="40.6176380" lon="-3.0632730">
    <ele>779.4</ele>
   </trkpt>
   <trkpt lat="40.6177020" lon="-3.0632520">
    <ele>779.6</ele>
   </trkpt>
   <trkpt lat="40.6177670" lon="-3.0632220">
    <ele>779.6</ele>
   </trkpt>
   <trkpt lat="40.6178320" lon="-3.0631920">
    <ele>779.6</ele>
   </trkpt>
   <trkpt lat="40.6178930" lon="-3.0631590">
    <ele>779.8</ele>
   </trkpt>
   <trkpt lat="40.6179540" lon="-3.0631270">
    <ele>779.8</ele>
   </trkpt>
   <trkpt lat="40.6180040" lon="-3.0630990">
    <ele>780.0</ele>
   </trkpt>
   <trkpt lat="40.6180650" lon="-3.0630640">
    <ele>780.0</ele>
   </trkpt>
   <trkpt lat="40.6181370" lon="-3.0630240">
    <ele>780.0</ele>
   </trkpt>
   <trkpt lat="40.6181980" lon="-3.0629920">
    <ele>780.0</ele>
   </trkpt>
   <trkpt lat="40.6182630" lon="-3.0629650">
    <ele>780.0</ele>
   </trkpt>
   <trkpt lat="40.6183130" lon="-3.0629450">
    <ele>780.0</ele>
   </trkpt>
   <trkpt lat="40.6183930" lon="-3.0629280">
    <ele>780.0</ele>
   </trkpt>
   <trkpt lat="40.6184620" lon="-3.0629300">
    <ele>780.0</ele>
   </trkpt>
   <trkpt lat="40.6185260" lon="-3.0629420">
    <ele>780.0</ele>
   </trkpt>
   <trkpt lat="40.6185990" lon="-3.0629570">
    <ele>780.0</ele>
   </trkpt>
   <trkpt lat="40.6186710" lon="-3.0629770">
    <ele>780.0</ele>
   </trkpt>
   <trkpt lat="40.6187360" lon="-3.0629960">
    <ele>780.0</ele>
   </trkpt>
   <trkpt lat="40.6187970" lon="-3.0630150">
    <ele>780.0</ele>
   </trkpt>
   <trkpt lat="40.6188580" lon="-3.0630290">
    <ele>780.2</ele>
   </trkpt>
   <trkpt lat="40.6189120" lon="-3.0630370">
    <ele>780.2</ele>
   </trkpt>
   <trkpt lat="40.6189880" lon="-3.0630400">
    <ele>780.2</ele>
   </trkpt>
   <trkpt lat="40.6190410" lon="-3.0630400">
    <ele>780.2</ele>
   </trkpt>
   <trkpt lat="40.6191100" lon="-3.0630370">
    <ele>780.2</ele>
   </trkpt>
   <trkpt lat="40.6191710" lon="-3.0630320">
    <ele>780.2</ele>
   </trkpt>
   <trkpt lat="40.6192360" lon="-3.0630280">
    <ele>780.2</ele>
   </trkpt>
   <trkpt lat="40.6193010" lon="-3.0630250">
    <ele>780.2</ele>
   </trkpt>
   <trkpt lat="40.6193620" lon="-3.0630220">
    <ele>780.2</ele>
   </trkpt>
   <trkpt lat="40.6194150" lon="-3.0630180">
    <ele>780.2</ele>
   </trkpt>
   <trkpt lat="40.6194760" lon="-3.0630130">
    <ele>780.2</ele>
   </trkpt>
   <trkpt lat="40.6195490" lon="-3.0630080">
    <ele>780.2</ele>
   </trkpt>
   <trkpt lat="40.6196100" lon="-3.0630030">
    <ele>780.2</ele>
   </trkpt>
   <trkpt lat="40.6196750" lon="-3.0630020">
    <ele>780.2</ele>
   </trkpt>
   <trkpt lat="40.6197400" lon="-3.0630000">
    <ele>780.2</ele>
   </trkpt>
   <trkpt lat="40.6198010" lon="-3.0630020">
    <ele>780.4</ele>
   </trkpt>
   <trkpt lat="40.6198620" lon="-3.0630050">
    <ele>780.4</ele>
   </trkpt>
   <trkpt lat="40.6199230" lon="-3.0630050">
    <ele>780.4</ele>
   </trkpt>
   <trkpt lat="40.6199800" lon="-3.0630050">
    <ele>780.4</ele>
   </trkpt>
   <trkpt lat="40.6200260" lon="-3.0630120">
    <ele>780.6</ele>
   </trkpt>
   <trkpt lat="40.6200900" lon="-3.0630280">
    <ele>780.6</ele>
   </trkpt>
   <trkpt lat="40.6201440" lon="-3.0630460">
    <ele>780.8</ele>
   </trkpt>
   <trkpt lat="40.6201930" lon="-3.0630640">
    <ele>780.8</ele>
   </trkpt>
   <trkpt lat="40.6202510" lon="-3.0630850">
    <ele>780.8</ele>
   </trkpt>
   <trkpt lat="40.6203040" lon="-3.0631080">
    <ele>781.0</ele>
   </trkpt>
   <trkpt lat="40.6203580" lon="-3.0631320">
    <ele>781.0</ele>
   </trkpt>
   <trkpt lat="40.6204150" lon="-3.0631610">
    <ele>781.0</ele>
   </trkpt>
   <trkpt lat="40.6204640" lon="-3.0631860">
    <ele>781.0</ele>
   </trkpt>
   <trkpt lat="40.6205180" lon="-3.0632120">
    <ele>781.0</ele>
   </trkpt>
   <trkpt lat="40.6205900" lon="-3.0632440">
    <ele>781.0</ele>
   </trkpt>
   <trkpt lat="40.6206550" lon="-3.0632720">
    <ele>781.0</ele>
   </trkpt>
   <trkpt lat="40.6207160" lon="-3.0632960">
    <ele>781.0</ele>
   </trkpt>
   <trkpt lat="40.6207660" lon="-3.0633140">
    <ele>781.0</ele>
   </trkpt>
   <trkpt lat="40.6208270" lon="-3.0633380">
    <ele>781.2</ele>
   </trkpt>
   <trkpt lat="40.6209070" lon="-3.0633610">
    <ele>781.2</ele>
   </trkpt>
   <trkpt lat="40.6209720" lon="-3.0633780">
    <ele>781.2</ele>
   </trkpt>
   <trkpt lat="40.6210250" lon="-3.0633860">
    <ele>781.4</ele>
   </trkpt>
   <trkpt lat="40.6210860" lon="-3.0633930">
    <ele>781.6</ele>
   </trkpt>
   <trkpt lat="40.6211510" lon="-3.0633970">
    <ele>781.8</ele>
   </trkpt>
   <trkpt lat="40.6212230" lon="-3.0633950">
    <ele>782.0</ele>
   </trkpt>
   <trkpt lat="40.6212770" lon="-3.0633890">
    <ele>782.2</ele>
   </trkpt>
   <trkpt lat="40.6213380" lon="-3.0633840">
    <ele>782.2</ele>
   </trkpt>
   <trkpt lat="40.6213990" lon="-3.0633800">
    <ele>782.4</ele>
   </trkpt>
   <trkpt lat="40.6214600" lon="-3.0633780">
    <ele>782.6</ele>
   </trkpt>
   <trkpt lat="40.6215170" lon="-3.0633770">
    <ele>782.6</ele>
   </trkpt>
   <trkpt lat="40.6215780" lon="-3.0633750">
    <ele>782.6</ele>
   </trkpt>
   <trkpt lat="40.6216350" lon="-3.0633770">
    <ele>782.6</ele>
   </trkpt>
   <trkpt lat="40.6216850" lon="-3.0633750">
    <ele>782.6</ele>
   </trkpt>
   <trkpt lat="40.6217610" lon="-3.0633770">
    <ele>782.6</ele>
   </trkpt>
   <trkpt lat="40.6218220" lon="-3.0633870">
    <ele>782.6</ele>
   </trkpt>
   <trkpt lat="40.6218830" lon="-3.0634020">
    <ele>782.4</ele>
   </trkpt>
   <trkpt lat="40.6219330" lon="-3.0634200">
    <ele>782.2</ele>
   </trkpt>
   <trkpt lat="40.6219980" lon="-3.0634430">
    <ele>782.2</ele>
   </trkpt>
   <trkpt lat="40.6220780" lon="-3.0634730">
    <ele>782.0</ele>
   </trkpt>
   <trkpt lat="40.6221390" lon="-3.0635010">
    <ele>782.0</ele>
   </trkpt>
   <trkpt lat="40.6222040" lon="-3.0635310">
    <ele>782.0</ele>
   </trkpt>
   <trkpt lat="40.6222650" lon="-3.0635600">
    <ele>782.0</ele>
   </trkpt>
   <trkpt lat="40.6223260" lon="-3.0635920">
    <ele>782.0</ele>
   </trkpt>
   <trkpt lat="40.6223910" lon="-3.0636300">
    <ele>782.0</ele>
   </trkpt>
   <trkpt lat="40.6224520" lon="-3.0636660">
    <ele>782.0</ele>
   </trkpt>
   <trkpt lat="40.6225090" lon="-3.0637010">
    <ele>782.0</ele>
   </trkpt>
   <trkpt lat="40.6225700" lon="-3.0637380">
    <ele>782.2</ele>
   </trkpt>
   <trkpt lat="40.6226270" lon="-3.0637750">
    <ele>782.2</ele>
   </trkpt>
   <trkpt lat="40.6226840" lon="-3.0638100">
    <ele>782.4</ele>
   </trkpt>
   <trkpt lat="40.6227420" lon="-3.0638470">
    <ele>782.4</ele>
   </trkpt>
   <trkpt lat="40.6227950" lon="-3.0638880">
    <ele>782.4</ele>
   </trkpt>
   <trkpt lat="40.6228520" lon="-3.0639330">
    <ele>782.4</ele>
   </trkpt>
   <trkpt lat="40.6229060" lon="-3.0639820">
    <ele>782.2</ele>
   </trkpt>
   <trkpt lat="40.6229630" lon="-3.0640330">
    <ele>782.0</ele>
   </trkpt>
   <trkpt lat="40.6230200" lon="-3.0640880">
    <ele>782.0</ele>
   </trkpt>
   <trkpt lat="40.6230740" lon="-3.0641430">
    <ele>781.8</ele>
   </trkpt>
   <trkpt lat="40.6231310" lon="-3.0641960">
    <ele>781.8</ele>
   </trkpt>
   <trkpt lat="40.6231880" lon="-3.0642460">
    <ele>781.8</ele>
   </trkpt>
   <trkpt lat="40.6232450" lon="-3.0642930">
    <ele>781.6</ele>
   </trkpt>
   <trkpt lat="40.6232870" lon="-3.0643290">
    <ele>781.6</ele>
   </trkpt>
   <trkpt lat="40.6233560" lon="-3.0643760">
    <ele>781.6</ele>
   </trkpt>
   <trkpt lat="40.6234130" lon="-3.0644110">
    <ele>781.6</ele>
   </trkpt>
   <trkpt lat="40.6234660" lon="-3.0644400">
    <ele>781.6</ele>
   </trkpt>
   <trkpt lat="40.6235270" lon="-3.0644580">
    <ele>781.6</ele>
   </trkpt>
   <trkpt lat="40.6235920" lon="-3.0644630">
    <ele>781.6</ele>
   </trkpt>
   <trkpt lat="40.6236570" lon="-3.0644620">
    <ele>781.6</ele>
   </trkpt>
   <trkpt lat="40.6237220" lon="-3.0644520">
    <ele>781.6</ele>
   </trkpt>
   <trkpt lat="40.6237830" lon="-3.0644400">
    <ele>781.8</ele>
   </trkpt>
   <trkpt lat="40.6238440" lon="-3.0644280">
    <ele>781.8</ele>
   </trkpt>
   <trkpt lat="40.6239050" lon="-3.0644170">
    <ele>782.0</ele>
   </trkpt>
   <trkpt lat="40.6239590" lon="-3.0644100">
    <ele>782.0</ele>
   </trkpt>
   <trkpt lat="40.6240160" lon="-3.0644030">
    <ele>782.2</ele>
   </trkpt>
   <trkpt lat="40.6240650" lon="-3.0643970">
    <ele>782.4</ele>
   </trkpt>
   <trkpt lat="40.6241150" lon="-3.0643900">
    <ele>782.6</ele>
   </trkpt>
   <trkpt lat="40.6241530" lon="-3.0643820">
    <ele>782.8</ele>
   </trkpt>
   <trkpt lat="40.6241990" lon="-3.0643750">
    <ele>783.0</ele>
   </trkpt>
   <trkpt lat="40.6242450" lon="-3.0643650">
    <ele>783.2</ele>
   </trkpt>
   <trkpt lat="40.6242870" lon="-3.0643600">
    <ele>783.4</ele>
   </trkpt>
   <trkpt lat="40.6243250" lon="-3.0643530">
    <ele>783.6</ele>
   </trkpt>
   <trkpt lat="40.6243670" lon="-3.0643480">
    <ele>784.0</ele>
   </trkpt>
   <trkpt lat="40.6244130" lon="-3.0643420">
    <ele>784.2</ele>
   </trkpt>
   <trkpt lat="40.6244550" lon="-3.0643350">
    <ele>784.4</ele>
   </trkpt>
   <trkpt lat="40.6244960" lon="-3.0643280">
    <ele>784.4</ele>
   </trkpt>
   <trkpt lat="40.6245380" lon="-3.0643220">
    <ele>784.6</ele>
   </trkpt>
   <trkpt lat="40.6245770" lon="-3.0643150">
    <ele>784.8</ele>
   </trkpt>
   <trkpt lat="40.6246190" lon="-3.0643070">
    <ele>785.0</ele>
   </trkpt>
   <trkpt lat="40.6246600" lon="-3.0642950">
    <ele>785.2</ele>
   </trkpt>
   <trkpt lat="40.6246990" lon="-3.0642820">
    <ele>785.4</ele>
   </trkpt>
   <trkpt lat="40.6247410" lon="-3.0642670">
    <ele>785.6</ele>
   </trkpt>
   <trkpt lat="40.6247860" lon="-3.0642530">
    <ele>785.6</ele>
   </trkpt>
   <trkpt lat="40.6248280" lon="-3.0642400">
    <ele>785.8</ele>
   </trkpt>
   <trkpt lat="40.6248590" lon="-3.0642300">
    <ele>785.8</ele>
   </trkpt>
   <trkpt lat="40.6249120" lon="-3.0642190">
    <ele>786.0</ele>
   </trkpt>
   <trkpt lat="40.6249580" lon="-3.0642120">
    <ele>786.0</ele>
   </trkpt>
   <trkpt lat="40.6250000" lon="-3.0642020">
    <ele>786.2</ele>
   </trkpt>
   <trkpt lat="40.6250310" lon="-3.0641930">
    <ele>786.2</ele>
   </trkpt>
   <trkpt lat="40.6250800" lon="-3.0641800">
    <ele>786.4</ele>
   </trkpt>
   <trkpt lat="40.6251260" lon="-3.0641680">
    <ele>786.4</ele>
   </trkpt>
   <trkpt lat="40.6251680" lon="-3.0641600">
    <ele>786.6</ele>
   </trkpt>
   <trkpt lat="40.6252140" lon="-3.0641480">
    <ele>786.6</ele>
   </trkpt>
   <trkpt lat="40.6252480" lon="-3.0641400">
    <ele>786.8</ele>
   </trkpt>
   <trkpt lat="40.6253010" lon="-3.0641270">
    <ele>786.8</ele>
   </trkpt>
   <trkpt lat="40.6253470" lon="-3.0641140">
    <ele>787.0</ele>
   </trkpt>
   <trkpt lat="40.6253930" lon="-3.0641000">
    <ele>787.2</ele>
   </trkpt>
   <trkpt lat="40.6254270" lon="-3.0640900">
    <ele>787.2</ele>
   </trkpt>
   <trkpt lat="40.6254730" lon="-3.0640770">
    <ele>787.4</ele>
   </trkpt>
   <trkpt lat="40.6255260" lon="-3.0640620">
    <ele>787.6</ele>
   </trkpt>
   <trkpt lat="40.6255680" lon="-3.0640500">
    <ele>787.6</ele>
   </trkpt>
   <trkpt lat="40.6256140" lon="-3.0640370">
    <ele>787.8</ele>
   </trkpt>
   <trkpt lat="40.6256490" lon="-3.0640290">
    <ele>788.0</ele>
   </trkpt>
   <trkpt lat="40.6257020" lon="-3.0640150">
    <ele>788.2</ele>
   </trkpt>
   <trkpt lat="40.6257440" lon="-3.0640070">
    <ele>788.4</ele>
   </trkpt>
   <trkpt lat="40.6257930" lon="-3.0639970">
    <ele>788.4</ele>
   </trkpt>
   <trkpt lat="40.6258350" lon="-3.0639850">
    <ele>788.6</ele>
   </trkpt>
   <trkpt lat="40.6258850" lon="-3.0639720">
    <ele>788.6</ele>
   </trkpt>
   <trkpt lat="40.6259350" lon="-3.0639620">
    <ele>788.6</ele>
   </trkpt>
   <trkpt lat="40.6259800" lon="-3.0639550">
    <ele>788.6</ele>
   </trkpt>
   <trkpt lat="40.6260340" lon="-3.0639480">
    <ele>788.6</ele>
   </trkpt>
   <trkpt lat="40.6260800" lon="-3.0639450">
    <ele>788.8</ele>
   </trkpt>
   <trkpt lat="40.6261370" lon="-3.0639450">
    <ele>788.8</ele>
   </trkpt>
   <trkpt lat="40.6261900" lon="-3.0639480">
    <ele>788.8</ele>
   </trkpt>
   <trkpt lat="40.6262400" lon="-3.0639530">
    <ele>788.8</ele>
   </trkpt>
   <trkpt lat="40.6262890" lon="-3.0639580">
    <ele>788.8</ele>
   </trkpt>
   <trkpt lat="40.6263350" lon="-3.0639620">
    <ele>788.8</ele>
   </trkpt>
   <trkpt lat="40.6263960" lon="-3.0639750">
    <ele>788.8</ele>
   </trkpt>
   <trkpt lat="40.6264530" lon="-3.0639870">
    <ele>788.8</ele>
   </trkpt>
   <trkpt lat="40.6265030" lon="-3.0640000">
    <ele>788.8</ele>
   </trkpt>
   <trkpt lat="40.6265560" lon="-3.0640130">
    <ele>788.8</ele>
   </trkpt>
   <trkpt lat="40.6266060" lon="-3.0640280">
    <ele>789.0</ele>
   </trkpt>
   <trkpt lat="40.6266560" lon="-3.0640420">
    <ele>789.2</ele>
   </trkpt>
   <trkpt lat="40.6267050" lon="-3.0640530">
    <ele>789.2</ele>
   </trkpt>
   <trkpt lat="40.6267550" lon="-3.0640650">
    <ele>789.2</ele>
   </trkpt>
   <trkpt lat="40.6268080" lon="-3.0640800">
    <ele>789.4</ele>
   </trkpt>
   <trkpt lat="40.6268620" lon="-3.0640930">
    <ele>789.4</ele>
   </trkpt>
   <trkpt lat="40.6269110" lon="-3.0641080">
    <ele>789.6</ele>
   </trkpt>
   <trkpt lat="40.6269650" lon="-3.0641250">
    <ele>789.6</ele>
   </trkpt>
   <trkpt lat="40.6270140" lon="-3.0641420">
    <ele>789.6</ele>
   </trkpt>
   <trkpt lat="40.6270680" lon="-3.0641520">
    <ele>789.8</ele>
   </trkpt>
   <trkpt lat="40.6271210" lon="-3.0641600">
    <ele>790.0</ele>
   </trkpt>
   <trkpt lat="40.6271740" lon="-3.0641670">
    <ele>790.2</ele>
   </trkpt>
   <trkpt lat="40.6272240" lon="-3.0641780">
    <ele>790.2</ele>
   </trkpt>
   <trkpt lat="40.6272740" lon="-3.0641880">
    <ele>790.4</ele>
   </trkpt>
   <trkpt lat="40.6273230" lon="-3.0641980">
    <ele>790.6</ele>
   </trkpt>
   <trkpt lat="40.6273690" lon="-3.0642100">
    <ele>790.8</ele>
   </trkpt>
   <trkpt lat="40.6274190" lon="-3.0642170">
    <ele>791.0</ele>
   </trkpt>
   <trkpt lat="40.6274530" lon="-3.0642230">
    <ele>791.2</ele>
   </trkpt>
   <trkpt lat="40.6274990" lon="-3.0642320">
    <ele>791.2</ele>
   </trkpt>
   <trkpt lat="40.6275520" lon="-3.0642450">
    <ele>791.4</ele>
   </trkpt>
   <trkpt lat="40.6275940" lon="-3.0642570">
    <ele>791.6</ele>
   </trkpt>
   <trkpt lat="40.6276400" lon="-3.0642670">
    <ele>791.8</ele>
   </trkpt>
   <trkpt lat="40.6276820" lon="-3.0642770">
    <ele>792.0</ele>
   </trkpt>
   <trkpt lat="40.6277310" lon="-3.0642870">
    <ele>792.2</ele>
   </trkpt>
   <trkpt lat="40.6277730" lon="-3.0642980">
    <ele>792.2</ele>
   </trkpt>
   <trkpt lat="40.6278190" lon="-3.0643080">
    <ele>792.4</ele>
   </trkpt>
   <trkpt lat="40.6278650" lon="-3.0643180">
    <ele>792.6</ele>
   </trkpt>
   <trkpt lat="40.6278990" lon="-3.0643280">
    <ele>792.8</ele>
   </trkpt>
   <trkpt lat="40.6279560" lon="-3.0643460">
    <ele>793.0</ele>
   </trkpt>
   <trkpt lat="40.6280020" lon="-3.0643570">
    <ele>793.2</ele>
   </trkpt>
   <trkpt lat="40.6280520" lon="-3.0643670">
    <ele>793.6</ele>
   </trkpt>
   <trkpt lat="40.6281010" lon="-3.0643810">
    <ele>793.8</ele>
   </trkpt>
   <trkpt lat="40.6281470" lon="-3.0643950">
    <ele>794.0</ele>
   </trkpt>
   <trkpt lat="40.6281970" lon="-3.0644050">
    <ele>794.2</ele>
   </trkpt>
   <trkpt lat="40.6282420" lon="-3.0644170">
    <ele>794.6</ele>
   </trkpt>
   <trkpt lat="40.6282880" lon="-3.0644280">
    <ele>794.6</ele>
   </trkpt>
   <trkpt lat="40.6283380" lon="-3.0644380">
    <ele>795.0</ele>
   </trkpt>
   <trkpt lat="40.6283870" lon="-3.0644500">
    <ele>795.0</ele>
   </trkpt>
   <trkpt lat="40.6284330" lon="-3.0644630">
    <ele>795.2</ele>
   </trkpt>
   <trkpt lat="40.6284830" lon="-3.0644780">
    <ele>795.4</ele>
   </trkpt>
   <trkpt lat="40.6285210" lon="-3.0644900">
    <ele>795.6</ele>
   </trkpt>
   <trkpt lat="40.6285820" lon="-3.0645110">
    <ele>795.6</ele>
   </trkpt>
   <trkpt lat="40.6286320" lon="-3.0645340">
    <ele>795.6</ele>
   </trkpt>
   <trkpt lat="40.6286770" lon="-3.0645660">
    <ele>795.6</ele>
   </trkpt>
   <trkpt lat="40.6287310" lon="-3.0646070">
    <ele>795.4</ele>
   </trkpt>
   <trkpt lat="40.6287800" lon="-3.0646540">
    <ele>795.4</ele>
   </trkpt>
   <trkpt lat="40.6288300" lon="-3.0647040">
    <ele>795.2</ele>
   </trkpt>
   <trkpt lat="40.6288830" lon="-3.0647520">
    <ele>795.0</ele>
   </trkpt>
   <trkpt lat="40.6289370" lon="-3.0648020">
    <ele>794.8</ele>
   </trkpt>
   <trkpt lat="40.6289830" lon="-3.0648540">
    <ele>794.6</ele>
   </trkpt>
   <trkpt lat="40.6290320" lon="-3.0649050">
    <ele>794.6</ele>
   </trkpt>
   <trkpt lat="40.6290860" lon="-3.0649570">
    <ele>794.4</ele>
   </trkpt>
   <trkpt lat="40.6291350" lon="-3.0650100">
    <ele>794.2</ele>
   </trkpt>
   <trkpt lat="40.6291890" lon="-3.0650580">
    <ele>794.2</ele>
   </trkpt>
   <trkpt lat="40.6292460" lon="-3.0651090">
    <ele>794.0</ele>
   </trkpt>
   <trkpt lat="40.6293070" lon="-3.0651560">
    <ele>793.8</ele>
   </trkpt>
   <trkpt lat="40.6293680" lon="-3.0651970">
    <ele>793.6</ele>
   </trkpt>
   <trkpt lat="40.6294330" lon="-3.0652310">
    <ele>793.4</ele>
   </trkpt>
   <trkpt lat="40.6294900" lon="-3.0652560">
    <ele>793.0</ele>
   </trkpt>
   <trkpt lat="40.6295660" lon="-3.0652920">
    <ele>792.8</ele>
   </trkpt>
   <trkpt lat="40.6296420" lon="-3.0653260">
    <ele>792.4</ele>
   </trkpt>
   <trkpt lat="40.6297150" lon="-3.0653590">
    <ele>792.2</ele>
   </trkpt>
   <trkpt lat="40.6297870" lon="-3.0653940">
    <ele>792.0</ele>
   </trkpt>
   <trkpt lat="40.6298600" lon="-3.0654280">
    <ele>791.8</ele>
   </trkpt>
   <trkpt lat="40.6299320" lon="-3.0654590">
    <ele>791.8</ele>
   </trkpt>
   <trkpt lat="40.6300050" lon="-3.0654890">
    <ele>791.6</ele>
   </trkpt>
   <trkpt lat="40.6300730" lon="-3.0655180">
    <ele>791.6</ele>
   </trkpt>
   <trkpt lat="40.6301460" lon="-3.0655460">
    <ele>791.4</ele>
   </trkpt>
   <trkpt lat="40.6302150" lon="-3.0655740">
    <ele>791.2</ele>
   </trkpt>
   <trkpt lat="40.6302830" lon="-3.0655990">
    <ele>791.2</ele>
   </trkpt>
   <trkpt lat="40.6303520" lon="-3.0656210">
    <ele>791.0</ele>
   </trkpt>
   <trkpt lat="40.6304210" lon="-3.0656410">
    <ele>791.0</ele>
   </trkpt>
   <trkpt lat="40.6304820" lon="-3.0656590">
    <ele>790.8</ele>
   </trkpt>
   <trkpt lat="40.6305540" lon="-3.0656760">
    <ele>790.8</ele>
   </trkpt>
   <trkpt lat="40.6306190" lon="-3.0656860">
    <ele>790.6</ele>
   </trkpt>
   <trkpt lat="40.6306990" lon="-3.0656900">
    <ele>790.4</ele>
   </trkpt>
   <trkpt lat="40.6307720" lon="-3.0656850">
    <ele>790.2</ele>
   </trkpt>
   <trkpt lat="40.6308520" lon="-3.0656770">
    <ele>790.0</ele>
   </trkpt>
   <trkpt lat="40.6309280" lon="-3.0656670">
    <ele>789.8</ele>
   </trkpt>
   <trkpt lat="40.6310040" lon="-3.0656550">
    <ele>789.8</ele>
   </trkpt>
   <trkpt lat="40.6310770" lon="-3.0656440">
    <ele>789.6</ele>
   </trkpt>
   <trkpt lat="40.6311530" lon="-3.0656320">
    <ele>789.6</ele>
   </trkpt>
   <trkpt lat="40.6312290" lon="-3.0656240">
    <ele>789.4</ele>
   </trkpt>
   <trkpt lat="40.6313020" lon="-3.0656150">
    <ele>789.4</ele>
   </trkpt>
   <trkpt lat="40.6313780" lon="-3.0656080">
    <ele>789.6</ele>
   </trkpt>
   <trkpt lat="40.6314470" lon="-3.0656020">
    <ele>789.6</ele>
   </trkpt>
   <trkpt lat="40.6315190" lon="-3.0655930">
    <ele>789.6</ele>
   </trkpt>
   <trkpt lat="40.6315920" lon="-3.0655850">
    <ele>789.6</ele>
   </trkpt>
   <trkpt lat="40.6316600" lon="-3.0655750">
    <ele>789.8</ele>
   </trkpt>
   <trkpt lat="40.6317250" lon="-3.0655610">
    <ele>789.8</ele>
   </trkpt>
   <trkpt lat="40.6317900" lon="-3.0655490">
    <ele>790.0</ele>
   </trkpt>
   <trkpt lat="40.6318550" lon="-3.0655390">
    <ele>790.2</ele>
   </trkpt>
   <trkpt lat="40.6319160" lon="-3.0655290">
    <ele>790.6</ele>
   </trkpt>
   <trkpt lat="40.6319730" lon="-3.0655220">
    <ele>790.8</ele>
   </trkpt>
   <trkpt lat="40.6320340" lon="-3.0655180">
    <ele>791.0</ele>
   </trkpt>
   <trkpt lat="40.6320950" lon="-3.0655180">
    <ele>791.2</ele>
   </trkpt>
   <trkpt lat="40.6321530" lon="-3.0655150">
    <ele>791.4</ele>
   </trkpt>
   <trkpt lat="40.6322100" lon="-3.0655120">
    <ele>791.6</ele>
   </trkpt>
   <trkpt lat="40.6322520" lon="-3.0655080">
    <ele>791.6</ele>
   </trkpt>
   <trkpt lat="40.6323200" lon="-3.0655020">
    <ele>791.8</ele>
   </trkpt>
   <trkpt lat="40.6323810" lon="-3.0654970">
    <ele>792.0</ele>
   </trkpt>
   <trkpt lat="40.6324390" lon="-3.0654930">
    <ele>792.0</ele>
   </trkpt>
   <trkpt lat="40.6324960" lon="-3.0654900">
    <ele>792.0</ele>
   </trkpt>
   <trkpt lat="40.6325530" lon="-3.0654870">
    <ele>792.2</ele>
   </trkpt>
   <trkpt lat="40.6326070" lon="-3.0654830">
    <ele>792.2</ele>
   </trkpt>
   <trkpt lat="40.6326640" lon="-3.0654770">
    <ele>792.2</ele>
   </trkpt>
   <trkpt lat="40.6327250" lon="-3.0654680">
    <ele>792.4</ele>
   </trkpt>
   <trkpt lat="40.6327860" lon="-3.0654570">
    <ele>792.4</ele>
   </trkpt>
   <trkpt lat="40.6328510" lon="-3.0654390">
    <ele>792.2</ele>
   </trkpt>
   <trkpt lat="40.6329190" lon="-3.0654150">
    <ele>792.2</ele>
   </trkpt>
   <trkpt lat="40.6329880" lon="-3.0653890">
    <ele>792.0</ele>
   </trkpt>
   <trkpt lat="40.6330570" lon="-3.0653620">
    <ele>791.8</ele>
   </trkpt>
   <trkpt lat="40.6331250" lon="-3.0653370">
    <ele>791.8</ele>
   </trkpt>
   <trkpt lat="40.6332020" lon="-3.0653140">
    <ele>791.6</ele>
   </trkpt>
   <trkpt lat="40.6332700" lon="-3.0652970">
    <ele>791.6</ele>
   </trkpt>
   <trkpt lat="40.6333470" lon="-3.0652800">
    <ele>791.4</ele>
   </trkpt>
   <trkpt lat="40.6334230" lon="-3.0652650">
    <ele>791.4</ele>
   </trkpt>
   <trkpt lat="40.6334950" lon="-3.0652520">
    <ele>791.4</ele>
   </trkpt>
   <trkpt lat="40.6335680" lon="-3.0652370">
    <ele>791.6</ele>
   </trkpt>
   <trkpt lat="40.6336360" lon="-3.0652200">
    <ele>791.6</ele>
   </trkpt>
   <trkpt lat="40.6337010" lon="-3.0652010">
    <ele>791.8</ele>
   </trkpt>
   <trkpt lat="40.6337700" lon="-3.0651810">
    <ele>791.8</ele>
   </trkpt>
   <trkpt lat="40.6338350" lon="-3.0651600">
    <ele>792.0</ele>
   </trkpt>
   <trkpt lat="40.6338960" lon="-3.0651440">
    <ele>792.2</ele>
   </trkpt>
   <trkpt lat="40.6339570" lon="-3.0651250">
    <ele>792.4</ele>
   </trkpt>
   <trkpt lat="40.6340140" lon="-3.0651040">
    <ele>792.6</ele>
   </trkpt>
   <trkpt lat="40.6340750" lon="-3.0650830">
    <ele>792.8</ele>
   </trkpt>
   <trkpt lat="40.6341320" lon="-3.0650640">
    <ele>793.0</ele>
   </trkpt>
   <trkpt lat="40.6341930" lon="-3.0650450">
    <ele>793.2</ele>
   </trkpt>
   <trkpt lat="40.6342510" lon="-3.0650270">
    <ele>793.2</ele>
   </trkpt>
   <trkpt lat="40.6343120" lon="-3.0650100">
    <ele>793.4</ele>
   </trkpt>
   <trkpt lat="40.6343730" lon="-3.0650000">
    <ele>793.6</ele>
   </trkpt>
   <trkpt lat="40.6344300" lon="-3.0649950">
    <ele>793.6</ele>
   </trkpt>
   <trkpt lat="40.6344870" lon="-3.0649950">
    <ele>793.8</ele>
   </trkpt>
   <trkpt lat="40.6345480" lon="-3.0649950">
    <ele>794.0</ele>
   </trkpt>
   <trkpt lat="40.6346050" lon="-3.0649920">
    <ele>794.2</ele>
   </trkpt>
   <trkpt lat="40.6346630" lon="-3.0649820">
    <ele>794.4</ele>
   </trkpt>
   <trkpt lat="40.6347200" lon="-3.0649670">
    <ele>794.4</ele>
   </trkpt>
   <trkpt lat="40.6347730" lon="-3.0649500">
    <ele>794.4</ele>
   </trkpt>
   <trkpt lat="40.6348340" lon="-3.0649330">
    <ele>794.4</ele>
   </trkpt>
   <trkpt lat="40.6348950" lon="-3.0649200">
    <ele>794.4</ele>
   </trkpt>
   <trkpt lat="40.6349600" lon="-3.0649070">
    <ele>794.2</ele>
   </trkpt>
   <trkpt lat="40.6350250" lon="-3.0648980">
    <ele>794.0</ele>
   </trkpt>
   <trkpt lat="40.6350900" lon="-3.0648900">
    <ele>793.8</ele>
   </trkpt>
   <trkpt lat="40.6351620" lon="-3.0648830">
    <ele>793.6</ele>
   </trkpt>
   <trkpt lat="40.6352310" lon="-3.0648770">
    <ele>793.4</ele>
   </trkpt>
   <trkpt lat="40.6353030" lon="-3.0648700">
    <ele>793.2</ele>
   </trkpt>
   <trkpt lat="40.6353720" lon="-3.0648630">
    <ele>793.0</ele>
   </trkpt>
   <trkpt lat="40.6354410" lon="-3.0648550">
    <ele>792.8</ele>
   </trkpt>
   <trkpt lat="40.6355090" lon="-3.0648470">
    <ele>792.8</ele>
   </trkpt>
   <trkpt lat="40.6355740" lon="-3.0648400">
    <ele>792.6</ele>
   </trkpt>
   <trkpt lat="40.6356430" lon="-3.0648300">
    <ele>792.6</ele>
   </trkpt>
   <trkpt lat="40.6357080" lon="-3.0648200">
    <ele>792.4</ele>
   </trkpt>
   <trkpt lat="40.6357770" lon="-3.0648100">
    <ele>792.4</ele>
   </trkpt>
   <trkpt lat="40.6358410" lon="-3.0648000">
    <ele>792.4</ele>
   </trkpt>
   <trkpt lat="40.6359100" lon="-3.0647870">
    <ele>792.4</ele>
   </trkpt>
   <trkpt lat="40.6359750" lon="-3.0647750">
    <ele>792.2</ele>
   </trkpt>
   <trkpt lat="40.6360440" lon="-3.0647620">
    <ele>792.2</ele>
   </trkpt>
   <trkpt lat="40.6361120" lon="-3.0647480">
    <ele>792.0</ele>
   </trkpt>
   <trkpt lat="40.6361770" lon="-3.0647330">
    <ele>791.6</ele>
   </trkpt>
   <trkpt lat="40.6362460" lon="-3.0647130">
    <ele>791.6</ele>
   </trkpt>
   <trkpt lat="40.6363140" lon="-3.0646950">
    <ele>791.6</ele>
   </trkpt>
   <trkpt lat="40.6363830" lon="-3.0646770">
    <ele>791.6</ele>
   </trkpt>
   <trkpt lat="40.6364520" lon="-3.0646550">
    <ele>791.6</ele>
   </trkpt>
   <trkpt lat="40.6365240" lon="-3.0646330">
    <ele>791.6</ele>
   </trkpt>
   <trkpt lat="40.6365930" lon="-3.0646130">
    <ele>791.8</ele>
   </trkpt>
   <trkpt lat="40.6366650" lon="-3.0645940">
    <ele>791.8</ele>
   </trkpt>
   <trkpt lat="40.6367340" lon="-3.0645700">
    <ele>792.0</ele>
   </trkpt>
   <trkpt lat="40.6368030" lon="-3.0645490">
    <ele>792.0</ele>
   </trkpt>
   <trkpt lat="40.6368710" lon="-3.0645350">
    <ele>792.0</ele>
   </trkpt>
   <trkpt lat="40.6369360" lon="-3.0645230">
    <ele>792.2</ele>
   </trkpt>
   <trkpt lat="40.6369970" lon="-3.0645130">
    <ele>792.4</ele>
   </trkpt>
   <trkpt lat="40.6370580" lon="-3.0645000">
    <ele>792.4</ele>
   </trkpt>
   <trkpt lat="40.6371230" lon="-3.0644880">
    <ele>792.6</ele>
   </trkpt>
   <trkpt lat="40.6371800" lon="-3.0644820">
    <ele>792.6</ele>
   </trkpt>
   <trkpt lat="40.6372450" lon="-3.0644770">
    <ele>792.6</ele>
   </trkpt>
   <trkpt lat="40.6373020" lon="-3.0644730">
    <ele>792.8</ele>
   </trkpt>
   <trkpt lat="40.6373630" lon="-3.0644720">
    <ele>792.8</ele>
   </trkpt>
   <trkpt lat="40.6374210" lon="-3.0644730">
    <ele>792.8</ele>
   </trkpt>
   <trkpt lat="40.6374820" lon="-3.0644780">
    <ele>793.0</ele>
   </trkpt>
   <trkpt lat="40.6375390" lon="-3.0644830">
    <ele>793.0</ele>
   </trkpt>
   <trkpt lat="40.6375920" lon="-3.0644870">
    <ele>793.0</ele>
   </trkpt>
   <trkpt lat="40.6376500" lon="-3.0644950">
    <ele>793.2</ele>
   </trkpt>
   <trkpt lat="40.6377070" lon="-3.0645050">
    <ele>793.2</ele>
   </trkpt>
   <trkpt lat="40.6377640" lon="-3.0645150">
    <ele>793.2</ele>
   </trkpt>
   <trkpt lat="40.6378210" lon="-3.0645250">
    <ele>793.4</ele>
   </trkpt>
   <trkpt lat="40.6378780" lon="-3.0645250">
    <ele>793.4</ele>
   </trkpt>
   <trkpt lat="40.6379360" lon="-3.0645200">
    <ele>793.6</ele>
   </trkpt>
   <trkpt lat="40.6379890" lon="-3.0645140">
    <ele>793.8</ele>
   </trkpt>
   <trkpt lat="40.6380420" lon="-3.0645040">
    <ele>794.0</ele>
   </trkpt>
   <trkpt lat="40.6380960" lon="-3.0644900">
    <ele>794.0</ele>
   </trkpt>
   <trkpt lat="40.6381530" lon="-3.0644750">
    <ele>794.2</ele>
   </trkpt>
   <trkpt lat="40.6382060" lon="-3.0644590">
    <ele>794.2</ele>
   </trkpt>
   <trkpt lat="40.6382600" lon="-3.0644370">
    <ele>794.2</ele>
   </trkpt>
   <trkpt lat="40.6383060" lon="-3.0644120">
    <ele>794.2</ele>
   </trkpt>
   <trkpt lat="40.6383740" lon="-3.0643760">
    <ele>794.2</ele>
   </trkpt>
   <trkpt lat="40.6384320" lon="-3.0643450">
    <ele>794.2</ele>
   </trkpt>
   <trkpt lat="40.6384930" lon="-3.0643170">
    <ele>794.2</ele>
   </trkpt>
   <trkpt lat="40.6385540" lon="-3.0642920">
    <ele>794.2</ele>
   </trkpt>
   <trkpt lat="40.6386180" lon="-3.0642690">
    <ele>794.0</ele>
   </trkpt>
   <trkpt lat="40.6386830" lon="-3.0642500">
    <ele>794.0</ele>
   </trkpt>
   <trkpt lat="40.6387480" lon="-3.0642370">
    <ele>794.2</ele>
   </trkpt>
   <trkpt lat="40.6388130" lon="-3.0642250">
    <ele>794.0</ele>
   </trkpt>
   <trkpt lat="40.6388780" lon="-3.0642150">
    <ele>794.2</ele>
   </trkpt>
   <trkpt lat="40.6389460" lon="-3.0642040">
    <ele>794.2</ele>
   </trkpt>
   <trkpt lat="40.6390110" lon="-3.0641900">
    <ele>794.2</ele>
   </trkpt>
   <trkpt lat="40.6390760" lon="-3.0641780">
    <ele>794.2</ele>
   </trkpt>
   <trkpt lat="40.6391410" lon="-3.0641630">
    <ele>794.4</ele>
   </trkpt>
   <trkpt lat="40.6392060" lon="-3.0641500">
    <ele>794.4</ele>
   </trkpt>
   <trkpt lat="40.6392590" lon="-3.0641400">
    <ele>794.4</ele>
   </trkpt>
   <trkpt lat="40.6393360" lon="-3.0641290">
    <ele>794.4</ele>
   </trkpt>
   <trkpt lat="40.6394000" lon="-3.0641200">
    <ele>794.6</ele>
   </trkpt>
   <trkpt lat="40.6394610" lon="-3.0641080">
    <ele>794.6</ele>
   </trkpt>
   <trkpt lat="40.6395260" lon="-3.0640970">
    <ele>794.6</ele>
   </trkpt>
   <trkpt lat="40.6395910" lon="-3.0640820">
    <ele>794.6</ele>
   </trkpt>
   <trkpt lat="40.6396520" lon="-3.0640640">
    <ele>794.6</ele>
   </trkpt>
   <trkpt lat="40.6397170" lon="-3.0640470">
    <ele>794.6</ele>
   </trkpt>
   <trkpt lat="40.6397740" lon="-3.0640300">
    <ele>794.8</ele>
   </trkpt>
   <trkpt lat="40.6398390" lon="-3.0640160">
    <ele>794.6</ele>
   </trkpt>
   <trkpt lat="40.6399040" lon="-3.0640020">
    <ele>794.8</ele>
   </trkpt>
   <trkpt lat="40.6399690" lon="-3.0639890">
    <ele>794.8</ele>
   </trkpt>
   <trkpt lat="40.6400370" lon="-3.0639740">
    <ele>794.8</ele>
   </trkpt>
   <trkpt lat="40.6401060" lon="-3.0639610">
    <ele>794.8</ele>
   </trkpt>
   <trkpt lat="40.6401710" lon="-3.0639470">
    <ele>795.0</ele>
   </trkpt>
   <trkpt lat="40.6402400" lon="-3.0639320">
    <ele>795.0</ele>
   </trkpt>
   <trkpt lat="40.6403080" lon="-3.0639190">
    <ele>795.0</ele>
   </trkpt>
   <trkpt lat="40.6403690" lon="-3.0639070">
    <ele>795.2</ele>
   </trkpt>
   <trkpt lat="40.6404340" lon="-3.0638950">
    <ele>795.2</ele>
   </trkpt>
   <trkpt lat="40.6404990" lon="-3.0638810">
    <ele>795.4</ele>
   </trkpt>
   <trkpt lat="40.6405600" lon="-3.0638670">
    <ele>795.4</ele>
   </trkpt>
   <trkpt lat="40.6406210" lon="-3.0638540">
    <ele>795.6</ele>
   </trkpt>
   <trkpt lat="40.6406860" lon="-3.0638400">
    <ele>795.6</ele>
   </trkpt>
   <trkpt lat="40.6407510" lon="-3.0638290">
    <ele>795.6</ele>
   </trkpt>
   <trkpt lat="40.6408160" lon="-3.0638190">
    <ele>795.8</ele>
   </trkpt>
   <trkpt lat="40.6408810" lon="-3.0638090">
    <ele>795.8</ele>
   </trkpt>
   <trkpt lat="40.6409450" lon="-3.0637990">
    <ele>795.8</ele>
   </trkpt>
   <trkpt lat="40.6410100" lon="-3.0637890">
    <ele>795.8</ele>
   </trkpt>
   <trkpt lat="40.6410750" lon="-3.0637760">
    <ele>796.0</ele>
   </trkpt>
   <trkpt lat="40.6411360" lon="-3.0637620">
    <ele>796.0</ele>
   </trkpt>
   <trkpt lat="40.6412010" lon="-3.0637440">
    <ele>796.2</ele>
   </trkpt>
   <trkpt lat="40.6412580" lon="-3.0637260">
    <ele>796.4</ele>
   </trkpt>
   <trkpt lat="40.6413150" lon="-3.0637040">
    <ele>796.4</ele>
   </trkpt>
   <trkpt lat="40.6413730" lon="-3.0636830">
    <ele>796.6</ele>
   </trkpt>
   <trkpt lat="40.6414300" lon="-3.0636590">
    <ele>796.8</ele>
   </trkpt>
   <trkpt lat="40.6414870" lon="-3.0636350">
    <ele>797.0</ele>
   </trkpt>
   <trkpt lat="40.6415410" lon="-3.0636080">
    <ele>797.2</ele>
   </trkpt>
   <trkpt lat="40.6415940" lon="-3.0635810">
    <ele>797.4</ele>
   </trkpt>
   <trkpt lat="40.6416470" lon="-3.0635540">
    <ele>797.6</ele>
   </trkpt>
   <trkpt lat="40.6417010" lon="-3.0635230">
    <ele>798.0</ele>
   </trkpt>
   <trkpt lat="40.6417500" lon="-3.0634880">
    <ele>798.2</ele>
   </trkpt>
   <trkpt lat="40.6418000" lon="-3.0634500">
    <ele>798.4</ele>
   </trkpt>
   <trkpt lat="40.6418460" lon="-3.0634120">
    <ele>798.8</ele>
   </trkpt>
   <trkpt lat="40.6418880" lon="-3.0633700">
    <ele>799.2</ele>
   </trkpt>
   <trkpt lat="40.6419220" lon="-3.0633280">
    <ele>799.4</ele>
   </trkpt>
   <trkpt lat="40.6419600" lon="-3.0632870">
    <ele>799.8</ele>
   </trkpt>
   <trkpt lat="40.6419980" lon="-3.0632500">
    <ele>800.0</ele>
   </trkpt>
   <trkpt lat="40.6420330" lon="-3.0632130">
    <ele>800.4</ele>
   </trkpt>
   <trkpt lat="40.6420670" lon="-3.0631730">
    <ele>800.6</ele>
   </trkpt>
   <trkpt lat="40.6421010" lon="-3.0631350">
    <ele>800.8</ele>
   </trkpt>
   <trkpt lat="40.6421320" lon="-3.0631000">
    <ele>801.2</ele>
   </trkpt>
   <trkpt lat="40.6421660" lon="-3.0630630">
    <ele>801.4</ele>
   </trkpt>
   <trkpt lat="40.6422000" lon="-3.0630230">
    <ele>801.6</ele>
   </trkpt>
   <trkpt lat="40.6422350" lon="-3.0629770">
    <ele>801.6</ele>
   </trkpt>
   <trkpt lat="40.6422650" lon="-3.0629340">
    <ele>801.8</ele>
   </trkpt>
   <trkpt lat="40.6422960" lon="-3.0628890">
    <ele>802.0</ele>
   </trkpt>
   <trkpt lat="40.6423260" lon="-3.0628440">
    <ele>802.0</ele>
   </trkpt>
   <trkpt lat="40.6423570" lon="-3.0627950">
    <ele>802.0</ele>
   </trkpt>
   <trkpt lat="40.6423840" lon="-3.0627420">
    <ele>802.0</ele>
   </trkpt>
   <trkpt lat="40.6424140" lon="-3.0626880">
    <ele>802.0</ele>
   </trkpt>
   <trkpt lat="40.6424450" lon="-3.0626310">
    <ele>801.8</ele>
   </trkpt>
   <trkpt lat="40.6424750" lon="-3.0625720">
    <ele>801.8</ele>
   </trkpt>
   <trkpt lat="40.6425060" lon="-3.0625110">
    <ele>801.8</ele>
   </trkpt>
   <trkpt lat="40.6425400" lon="-3.0624490">
    <ele>801.6</ele>
   </trkpt>
   <trkpt lat="40.6425700" lon="-3.0623850">
    <ele>801.6</ele>
   </trkpt>
   <trkpt lat="40.6426090" lon="-3.0623240">
    <ele>801.6</ele>
   </trkpt>
   <trkpt lat="40.6426510" lon="-3.0622660">
    <ele>801.6</ele>
   </trkpt>
   <trkpt lat="40.6426890" lon="-3.0622080">
    <ele>801.4</ele>
   </trkpt>
   <trkpt lat="40.6427310" lon="-3.0621490">
    <ele>801.4</ele>
   </trkpt>
   <trkpt lat="40.6427690" lon="-3.0620900">
    <ele>801.4</ele>
   </trkpt>
   <trkpt lat="40.6428150" lon="-3.0620320">
    <ele>801.2</ele>
   </trkpt>
   <trkpt lat="40.6428570" lon="-3.0619730">
    <ele>801.2</ele>
   </trkpt>
   <trkpt lat="40.6429060" lon="-3.0619140">
    <ele>801.2</ele>
   </trkpt>
   <trkpt lat="40.6429520" lon="-3.0618570">
    <ele>801.2</ele>
   </trkpt>
   <trkpt lat="40.6429980" lon="-3.0618000">
    <ele>801.2</ele>
   </trkpt>
   <trkpt lat="40.6430470" lon="-3.0617430">
    <ele>801.2</ele>
   </trkpt>
   <trkpt lat="40.6430930" lon="-3.0616880">
    <ele>801.2</ele>
   </trkpt>
   <trkpt lat="40.6431390" lon="-3.0616300">
    <ele>801.2</ele>
   </trkpt>
   <trkpt lat="40.6431850" lon="-3.0615670">
    <ele>801.2</ele>
   </trkpt>
   <trkpt lat="40.6432230" lon="-3.0615040">
    <ele>801.2</ele>
   </trkpt>
   <trkpt lat="40.6432570" lon="-3.0614400">
    <ele>801.2</ele>
   </trkpt>
   <trkpt lat="40.6432910" lon="-3.0613720">
    <ele>801.2</ele>
   </trkpt>
   <trkpt lat="40.6433300" lon="-3.0613040">
    <ele>801.0</ele>
   </trkpt>
   <trkpt lat="40.6433640" lon="-3.0612330">
    <ele>801.0</ele>
   </trkpt>
   <trkpt lat="40.6433980" lon="-3.0611610">
    <ele>801.0</ele>
   </trkpt>
   <trkpt lat="40.6434330" lon="-3.0610860">
    <ele>801.0</ele>
   </trkpt>
   <trkpt lat="40.6434750" lon="-3.0610100">
    <ele>801.0</ele>
   </trkpt>
   <trkpt lat="40.6435170" lon="-3.0609400">
    <ele>801.0</ele>
   </trkpt>
   <trkpt lat="40.6435580" lon="-3.0608780">
    <ele>801.0</ele>
   </trkpt>
   <trkpt lat="40.6436120" lon="-3.0608240">
    <ele>801.0</ele>
   </trkpt>
   <trkpt lat="40.6436770" lon="-3.0607770">
    <ele>801.0</ele>
   </trkpt>
   <trkpt lat="40.6437380" lon="-3.0607400">
    <ele>801.0</ele>
   </trkpt>
   <trkpt lat="40.6438030" lon="-3.0607100">
    <ele>801.0</ele>
   </trkpt>
   <trkpt lat="40.6438640" lon="-3.0606830">
    <ele>801.0</ele>
   </trkpt>
   <trkpt lat="40.6439290" lon="-3.0606570">
    <ele>801.0</ele>
   </trkpt>
   <trkpt lat="40.6439930" lon="-3.0606320">
    <ele>801.0</ele>
   </trkpt>
   <trkpt lat="40.6440470" lon="-3.0606120">
    <ele>801.0</ele>
   </trkpt>
   <trkpt lat="40.6441270" lon="-3.0605850">
    <ele>801.0</ele>
   </trkpt>
   <trkpt lat="40.6441920" lon="-3.0605640">
    <ele>801.2</ele>
   </trkpt>
   <trkpt lat="40.6442600" lon="-3.0605400">
    <ele>801.2</ele>
   </trkpt>
   <trkpt lat="40.6443290" lon="-3.0605190">
    <ele>801.2</ele>
   </trkpt>
   <trkpt lat="40.6443980" lon="-3.0605000">
    <ele>801.2</ele>
   </trkpt>
   <trkpt lat="40.6444630" lon="-3.0604790">
    <ele>801.2</ele>
   </trkpt>
   <trkpt lat="40.6445270" lon="-3.0604570">
    <ele>801.2</ele>
   </trkpt>
   <trkpt lat="40.6445960" lon="-3.0604350">
    <ele>801.2</ele>
   </trkpt>
   <trkpt lat="40.6446460" lon="-3.0604200">
    <ele>801.2</ele>
   </trkpt>
   <trkpt lat="40.6447220" lon="-3.0604040">
    <ele>801.2</ele>
   </trkpt>
   <trkpt lat="40.6447910" lon="-3.0603900">
    <ele>801.2</ele>
   </trkpt>
   <trkpt lat="40.6448550" lon="-3.0603830">
    <ele>801.2</ele>
   </trkpt>
   <trkpt lat="40.6449240" lon="-3.0603780">
    <ele>801.2</ele>
   </trkpt>
   <trkpt lat="40.6449970" lon="-3.0603680">
    <ele>801.2</ele>
   </trkpt>
   <trkpt lat="40.6450650" lon="-3.0603570">
    <ele>801.2</ele>
   </trkpt>
   <trkpt lat="40.6451380" lon="-3.0603380">
    <ele>801.0</ele>
   </trkpt>
   <trkpt lat="40.6452060" lon="-3.0603170">
    <ele>801.0</ele>
   </trkpt>
   <trkpt lat="40.6452790" lon="-3.0602940">
    <ele>801.2</ele>
   </trkpt>
   <trkpt lat="40.6453480" lon="-3.0602670">
    <ele>801.2</ele>
   </trkpt>
   <trkpt lat="40.6454160" lon="-3.0602420">
    <ele>801.2</ele>
   </trkpt>
   <trkpt lat="40.6454770" lon="-3.0602170">
    <ele>801.4</ele>
   </trkpt>
   <trkpt lat="40.6455380" lon="-3.0601890">
    <ele>801.6</ele>
   </trkpt>
   <trkpt lat="40.6455990" lon="-3.0601590">
    <ele>801.6</ele>
   </trkpt>
   <trkpt lat="40.6456570" lon="-3.0601290">
    <ele>801.8</ele>
   </trkpt>
   <trkpt lat="40.6457140" lon="-3.0600920">
    <ele>801.8</ele>
   </trkpt>
   <trkpt lat="40.6457710" lon="-3.0600520">
    <ele>802.0</ele>
   </trkpt>
   <trkpt lat="40.6458280" lon="-3.0600100">
    <ele>802.0</ele>
   </trkpt>
   <trkpt lat="40.6458820" lon="-3.0599650">
    <ele>801.8</ele>
   </trkpt>
   <trkpt lat="40.6459390" lon="-3.0599140">
    <ele>801.8</ele>
   </trkpt>
   <trkpt lat="40.6459960" lon="-3.0598650">
    <ele>801.8</ele>
   </trkpt>
   <trkpt lat="40.6460530" lon="-3.0598140">
    <ele>801.8</ele>
   </trkpt>
   <trkpt lat="40.6461110" lon="-3.0597550">
    <ele>801.8</ele>
   </trkpt>
   <trkpt lat="40.6461600" lon="-3.0596930">
    <ele>801.8</ele>
   </trkpt>
   <trkpt lat="40.6462100" lon="-3.0596320">
    <ele>801.8</ele>
   </trkpt>
   <trkpt lat="40.6462590" lon="-3.0595710">
    <ele>801.8</ele>
   </trkpt>
   <trkpt lat="40.6463010" lon="-3.0595210">
    <ele>801.8</ele>
   </trkpt>
   <trkpt lat="40.6463620" lon="-3.0594490">
    <ele>801.6</ele>
   </trkpt>
   <trkpt lat="40.6464120" lon="-3.0593870">
    <ele>801.6</ele>
   </trkpt>
   <trkpt lat="40.6464650" lon="-3.0593260">
    <ele>801.6</ele>
   </trkpt>
   <trkpt lat="40.6465190" lon="-3.0592660">
    <ele>801.6</ele>
   </trkpt>
   <trkpt lat="40.6465760" lon="-3.0592120">
    <ele>801.6</ele>
   </trkpt>
   <trkpt lat="40.6466330" lon="-3.0591610">
    <ele>801.6</ele>
   </trkpt>
   <trkpt lat="40.6466900" lon="-3.0591100">
    <ele>801.6</ele>
   </trkpt>
   <trkpt lat="40.6467440" lon="-3.0590590">
    <ele>801.8</ele>
   </trkpt>
   <trkpt lat="40.6467970" lon="-3.0590110">
    <ele>801.8</ele>
   </trkpt>
   <trkpt lat="40.6468390" lon="-3.0589740">
    <ele>801.8</ele>
   </trkpt>
   <trkpt lat="40.6469120" lon="-3.0589220">
    <ele>801.8</ele>
   </trkpt>
   <trkpt lat="40.6469690" lon="-3.0588850">
    <ele>801.8</ele>
   </trkpt>
   <trkpt lat="40.6470300" lon="-3.0588510">
    <ele>802.0</ele>
   </trkpt>
   <trkpt lat="40.6470910" lon="-3.0588170">
    <ele>801.8</ele>
   </trkpt>
   <trkpt lat="40.6471520" lon="-3.0587820">
    <ele>801.8</ele>
   </trkpt>
   <trkpt lat="40.6472170" lon="-3.0587470">
    <ele>801.8</ele>
   </trkpt>
   <trkpt lat="40.6472820" lon="-3.0587100">
    <ele>801.8</ele>
   </trkpt>
   <trkpt lat="40.6473270" lon="-3.0586790">
    <ele>802.0</ele>
   </trkpt>
   <trkpt lat="40.6473960" lon="-3.0586300">
    <ele>802.0</ele>
   </trkpt>
   <trkpt lat="40.6474610" lon="-3.0585880">
    <ele>802.0</ele>
   </trkpt>
   <trkpt lat="40.6475220" lon="-3.0585490">
    <ele>802.2</ele>
   </trkpt>
   <trkpt lat="40.6475830" lon="-3.0585090">
    <ele>802.2</ele>
   </trkpt>
   <trkpt lat="40.6476400" lon="-3.0584650">
    <ele>802.2</ele>
   </trkpt>
   <trkpt lat="40.6476970" lon="-3.0584240">
    <ele>802.4</ele>
   </trkpt>
   <trkpt lat="40.6477580" lon="-3.0583800">
    <ele>802.4</ele>
   </trkpt>
   <trkpt lat="40.6478190" lon="-3.0583370">
    <ele>802.4</ele>
   </trkpt>
   <trkpt lat="40.6478770" lon="-3.0582920">
    <ele>802.6</ele>
   </trkpt>
   <trkpt lat="40.6479340" lon="-3.0582470">
    <ele>802.6</ele>
   </trkpt>
   <trkpt lat="40.6479910" lon="-3.0582040">
    <ele>802.8</ele>
   </trkpt>
   <trkpt lat="40.6480480" lon="-3.0581600">
    <ele>802.8</ele>
   </trkpt>
   <trkpt lat="40.6481060" lon="-3.0581190">
    <ele>803.0</ele>
   </trkpt>
   <trkpt lat="40.6481630" lon="-3.0580770">
    <ele>803.2</ele>
   </trkpt>
   <trkpt lat="40.6482200" lon="-3.0580370">
    <ele>803.4</ele>
   </trkpt>
   <trkpt lat="40.6482730" lon="-3.0580010">
    <ele>803.6</ele>
   </trkpt>
   <trkpt lat="40.6483230" lon="-3.0579640">
    <ele>803.8</ele>
   </trkpt>
   <trkpt lat="40.6483730" lon="-3.0579270">
    <ele>804.2</ele>
   </trkpt>
   <trkpt lat="40.6484110" lon="-3.0578970">
    <ele>804.4</ele>
   </trkpt>
   <trkpt lat="40.6484640" lon="-3.0578540">
    <ele>804.6</ele>
   </trkpt>
   <trkpt lat="40.6485060" lon="-3.0578190">
    <ele>804.8</ele>
   </trkpt>
   <trkpt lat="40.6485480" lon="-3.0577840">
    <ele>805.0</ele>
   </trkpt>
   <trkpt lat="40.6485900" lon="-3.0577490">
    <ele>805.2</ele>
   </trkpt>
   <trkpt lat="40.6486320" lon="-3.0577120">
    <ele>805.4</ele>
   </trkpt>
   <trkpt lat="40.6486780" lon="-3.0576740">
    <ele>805.6</ele>
   </trkpt>
   <trkpt lat="40.6487160" lon="-3.0576350">
    <ele>805.8</ele>
   </trkpt>
   <trkpt lat="40.6487500" lon="-3.0575950">
    <ele>806.0</ele>
   </trkpt>
   <trkpt lat="40.6487850" lon="-3.0575550">
    <ele>806.0</ele>
   </trkpt>
   <trkpt lat="40.6488190" lon="-3.0575140">
    <ele>806.2</ele>
   </trkpt>
   <trkpt lat="40.6488530" lon="-3.0574760">
    <ele>806.2</ele>
   </trkpt>
   <trkpt lat="40.6488910" lon="-3.0574420">
    <ele>806.2</ele>
   </trkpt>
   <trkpt lat="40.6489370" lon="-3.0574100">
    <ele>806.2</ele>
   </trkpt>
   <trkpt lat="40.6489830" lon="-3.0573750">
    <ele>806.2</ele>
   </trkpt>
   <trkpt lat="40.6490290" lon="-3.0573350">
    <ele>806.2</ele>
   </trkpt>
   <trkpt lat="40.6490750" lon="-3.0572950">
    <ele>806.2</ele>
   </trkpt>
   <trkpt lat="40.6491200" lon="-3.0572550">
    <ele>806.0</ele>
   </trkpt>
   <trkpt lat="40.6491700" lon="-3.0572140">
    <ele>806.0</ele>
   </trkpt>
   <trkpt lat="40.6492160" lon="-3.0571700">
    <ele>806.0</ele>
   </trkpt>
   <trkpt lat="40.6492650" lon="-3.0571320">
    <ele>805.8</ele>
   </trkpt>
   <trkpt lat="40.6493070" lon="-3.0570940">
    <ele>805.8</ele>
   </trkpt>
   <trkpt lat="40.6493490" lon="-3.0570540">
    <ele>805.8</ele>
   </trkpt>
   <trkpt lat="40.6493950" lon="-3.0570120">
    <ele>805.8</ele>
   </trkpt>
   <trkpt lat="40.6494450" lon="-3.0569670">
    <ele>805.8</ele>
   </trkpt>
   <trkpt lat="40.6494900" lon="-3.0569240">
    <ele>805.8</ele>
   </trkpt>
   <trkpt lat="40.6495400" lon="-3.0568810">
    <ele>805.8</ele>
   </trkpt>
   <trkpt lat="40.6495860" lon="-3.0568390">
    <ele>805.8</ele>
   </trkpt>
   <trkpt lat="40.6496310" lon="-3.0567990">
    <ele>805.8</ele>
   </trkpt>
   <trkpt lat="40.6496730" lon="-3.0567620">
    <ele>805.6</ele>
   </trkpt>
   <trkpt lat="40.6497230" lon="-3.0567260">
    <ele>805.6</ele>
   </trkpt>
   <trkpt lat="40.6497690" lon="-3.0566920">
    <ele>805.4</ele>
   </trkpt>
   <trkpt lat="40.6498150" lon="-3.0566620">
    <ele>805.2</ele>
   </trkpt>
   <trkpt lat="40.6498600" lon="-3.0566320">
    <ele>805.0</ele>
   </trkpt>
   <trkpt lat="40.6499100" lon="-3.0565960">
    <ele>804.8</ele>
   </trkpt>
   <trkpt lat="40.6499560" lon="-3.0565560">
    <ele>804.6</ele>
   </trkpt>
   <trkpt lat="40.6500010" lon="-3.0565120">
    <ele>804.4</ele>
   </trkpt>
   <trkpt lat="40.6500590" lon="-3.0564690">
    <ele>804.2</ele>
   </trkpt>
   <trkpt lat="40.6501200" lon="-3.0564250">
    <ele>804.0</ele>
   </trkpt>
   <trkpt lat="40.6501880" lon="-3.0563810">
    <ele>803.8</ele>
   </trkpt>
   <trkpt lat="40.6502490" lon="-3.0563370">
    <ele>803.8</ele>
   </trkpt>
   <trkpt lat="40.6503140" lon="-3.0562910">
    <ele>803.6</ele>
   </trkpt>
   <trkpt lat="40.6503750" lon="-3.0562500">
    <ele>803.4</ele>
   </trkpt>
   <trkpt lat="40.6504360" lon="-3.0562070">
    <ele>803.2</ele>
   </trkpt>
   <trkpt lat="40.6504940" lon="-3.0561650">
    <ele>803.2</ele>
   </trkpt>
   <trkpt lat="40.6505550" lon="-3.0561200">
    <ele>803.0</ele>
   </trkpt>
   <trkpt lat="40.6506120" lon="-3.0560770">
    <ele>802.8</ele>
   </trkpt>
   <trkpt lat="40.6506730" lon="-3.0560340">
    <ele>802.8</ele>
   </trkpt>
   <trkpt lat="40.6507260" lon="-3.0559910">
    <ele>802.8</ele>
   </trkpt>
   <trkpt lat="40.6507800" lon="-3.0559550">
    <ele>803.0</ele>
   </trkpt>
   <trkpt lat="40.6508330" lon="-3.0559220">
    <ele>803.0</ele>
   </trkpt>
   <trkpt lat="40.6508750" lon="-3.0558990">
    <ele>803.2</ele>
   </trkpt>
   <trkpt lat="40.6509210" lon="-3.0558750">
    <ele>803.2</ele>
   </trkpt>
   <trkpt lat="40.6509670" lon="-3.0558420">
    <ele>803.2</ele>
   </trkpt>
   <trkpt lat="40.6510090" lon="-3.0558140">
    <ele>803.4</ele>
   </trkpt>
   <trkpt lat="40.6510540" lon="-3.0557870">
    <ele>803.6</ele>
   </trkpt>
   <trkpt lat="40.6510930" lon="-3.0557550">
    <ele>803.6</ele>
   </trkpt>
   <trkpt lat="40.6511380" lon="-3.0557220">
    <ele>803.8</ele>
   </trkpt>
   <trkpt lat="40.6511760" lon="-3.0556830">
    <ele>803.8</ele>
   </trkpt>
   <trkpt lat="40.6512180" lon="-3.0556450">
    <ele>803.8</ele>
   </trkpt>
   <trkpt lat="40.6512640" lon="-3.0556100">
    <ele>803.8</ele>
   </trkpt>
   <trkpt lat="40.6513140" lon="-3.0555720">
    <ele>804.0</ele>
   </trkpt>
   <trkpt lat="40.6513600" lon="-3.0555320">
    <ele>804.0</ele>
   </trkpt>
   <trkpt lat="40.6514050" lon="-3.0554920">
    <ele>804.0</ele>
   </trkpt>
   <trkpt lat="40.6514550" lon="-3.0554520">
    <ele>804.0</ele>
   </trkpt>
   <trkpt lat="40.6514970" lon="-3.0554120">
    <ele>804.0</ele>
   </trkpt>
   <trkpt lat="40.6515460" lon="-3.0553770">
    <ele>804.0</ele>
   </trkpt>
   <trkpt lat="40.6515960" lon="-3.0553460">
    <ele>804.0</ele>
   </trkpt>
   <trkpt lat="40.6516460" lon="-3.0553140">
    <ele>804.0</ele>
   </trkpt>
   <trkpt lat="40.6516950" lon="-3.0552850">
    <ele>804.0</ele>
   </trkpt>
   <trkpt lat="40.6517560" lon="-3.0552570">
    <ele>804.0</ele>
   </trkpt>
   <trkpt lat="40.6518100" lon="-3.0552290">
    <ele>804.0</ele>
   </trkpt>
   <trkpt lat="40.6518630" lon="-3.0552000">
    <ele>803.8</ele>
   </trkpt>
   <trkpt lat="40.6519130" lon="-3.0551650">
    <ele>803.8</ele>
   </trkpt>
   <trkpt lat="40.6519660" lon="-3.0551300">
    <ele>803.8</ele>
   </trkpt>
   <trkpt lat="40.6520160" lon="-3.0550970">
    <ele>803.8</ele>
   </trkpt>
   <trkpt lat="40.6520650" lon="-3.0550690">
    <ele>803.8</ele>
   </trkpt>
   <trkpt lat="40.6521190" lon="-3.0550390">
    <ele>803.8</ele>
   </trkpt>
   <trkpt lat="40.6521720" lon="-3.0550090">
    <ele>803.8</ele>
   </trkpt>
   <trkpt lat="40.6522250" lon="-3.0549800">
    <ele>803.8</ele>
   </trkpt>
   <trkpt lat="40.6522750" lon="-3.0549540">
    <ele>803.8</ele>
   </trkpt>
   <trkpt lat="40.6523250" lon="-3.0549220">
    <ele>803.8</ele>
   </trkpt>
   <trkpt lat="40.6523700" lon="-3.0548920">
    <ele>803.8</ele>
   </trkpt>
   <trkpt lat="40.6524160" lon="-3.0548650">
    <ele>803.8</ele>
   </trkpt>
   <trkpt lat="40.6524540" lon="-3.0548420">
    <ele>804.0</ele>
   </trkpt>
   <trkpt lat="40.6524850" lon="-3.0548190">
    <ele>804.0</ele>
   </trkpt>
   <trkpt lat="40.6525080" lon="-3.0548050">
    <ele>804.0</ele>
   </trkpt>
   <trkpt lat="40.6525270" lon="-3.0547970">
    <ele>804.2</ele>
   </trkpt>
   <trkpt lat="40.6525460" lon="-3.0547870">
    <ele>804.2</ele>
   </trkpt>
   <trkpt lat="40.6525570" lon="-3.0547750">
    <ele>804.2</ele>
   </trkpt>
   <trkpt lat="40.6525650" lon="-3.0547620">
    <ele>804.2</ele>
   </trkpt>
   <trkpt lat="40.6525730" lon="-3.0547570">
    <ele>804.2</ele>
   </trkpt>
   <trkpt lat="40.6525840" lon="-3.0547520">
    <ele>804.2</ele>
   </trkpt>
   <trkpt lat="40.6525990" lon="-3.0547470">
    <ele>804.2</ele>
   </trkpt>
   <trkpt lat="40.6526180" lon="-3.0547430">
    <ele>804.2</ele>
   </trkpt>
   <trkpt lat="40.6526450" lon="-3.0547400">
    <ele>804.2</ele>
   </trkpt>
   <trkpt lat="40.6526760" lon="-3.0547280">
    <ele>804.2</ele>
   </trkpt>
   <trkpt lat="40.6527100" lon="-3.0547070">
    <ele>804.2</ele>
   </trkpt>
   <trkpt lat="40.6527440" lon="-3.0546870">
    <ele>804.2</ele>
   </trkpt>
   <trkpt lat="40.6527860" lon="-3.0546640">
    <ele>804.2</ele>
   </trkpt>
   <trkpt lat="40.6528240" lon="-3.0546450">
    <ele>804.2</ele>
   </trkpt>
   <trkpt lat="40.6528630" lon="-3.0546200">
    <ele>804.2</ele>
   </trkpt>
   <trkpt lat="40.6528970" lon="-3.0546020">
    <ele>804.4</ele>
   </trkpt>
   <trkpt lat="40.6529350" lon="-3.0546020">
    <ele>804.4</ele>
   </trkpt>
   <trkpt lat="40.6529730" lon="-3.0546160">
    <ele>804.4</ele>
   </trkpt>
   <trkpt lat="40.6530040" lon="-3.0546480">
    <ele>804.4</ele>
   </trkpt>
   <trkpt lat="40.6530270" lon="-3.0546950">
    <ele>804.4</ele>
   </trkpt>
   <trkpt lat="40.6530420" lon="-3.0547490">
    <ele>804.4</ele>
   </trkpt>
   <trkpt lat="40.6530570" lon="-3.0548060">
    <ele>804.4</ele>
   </trkpt>
   <trkpt lat="40.6530720" lon="-3.0548640">
    <ele>804.4</ele>
   </trkpt>
   <trkpt lat="40.6530910" lon="-3.0549240">
    <ele>804.4</ele>
   </trkpt>
   <trkpt lat="40.6531100" lon="-3.0549850">
    <ele>804.4</ele>
   </trkpt>
   <trkpt lat="40.6531300" lon="-3.0550460">
    <ele>804.4</ele>
   </trkpt>
   <trkpt lat="40.6531490" lon="-3.0551080">
    <ele>804.4</ele>
   </trkpt>
   <trkpt lat="40.6531680" lon="-3.0551710">
    <ele>804.4</ele>
   </trkpt>
   <trkpt lat="40.6531870" lon="-3.0552360">
    <ele>804.4</ele>
   </trkpt>
   <trkpt lat="40.6532100" lon="-3.0553030">
    <ele>804.4</ele>
   </trkpt>
   <trkpt lat="40.6532290" lon="-3.0553680">
    <ele>804.4</ele>
   </trkpt>
   <trkpt lat="40.6532520" lon="-3.0554320">
    <ele>804.4</ele>
   </trkpt>
   <trkpt lat="40.6532710" lon="-3.0554990">
    <ele>804.4</ele>
   </trkpt>
   <trkpt lat="40.6532900" lon="-3.0555670">
    <ele>804.4</ele>
   </trkpt>
   <trkpt lat="40.6533090" lon="-3.0556360">
    <ele>804.4</ele>
   </trkpt>
   <trkpt lat="40.6533320" lon="-3.0557030">
    <ele>804.4</ele>
   </trkpt>
   <trkpt lat="40.6533550" lon="-3.0557660">
    <ele>804.4</ele>
   </trkpt>
   <trkpt lat="40.6533850" lon="-3.0558260">
    <ele>804.4</ele>
   </trkpt>
   <trkpt lat="40.6534160" lon="-3.0558850">
    <ele>804.6</ele>
   </trkpt>
   <trkpt lat="40.6534500" lon="-3.0559330">
    <ele>804.6</ele>
   </trkpt>
   <trkpt lat="40.6534920" lon="-3.0559680">
    <ele>804.8</ele>
   </trkpt>
   <trkpt lat="40.6535380" lon="-3.0559900">
    <ele>805.0</ele>
   </trkpt>
   <trkpt lat="40.6535830" lon="-3.0559980">
    <ele>805.2</ele>
   </trkpt>
   <trkpt lat="40.6536250" lon="-3.0559930">
    <ele>805.4</ele>
   </trkpt>
   <trkpt lat="40.6536640" lon="-3.0559870">
    <ele>805.6</ele>
   </trkpt>
   <trkpt lat="40.6537020" lon="-3.0559770">
    <ele>805.8</ele>
   </trkpt>
   <trkpt lat="40.6537400" lon="-3.0559640">
    <ele>806.0</ele>
   </trkpt>
   <trkpt lat="40.6537820" lon="-3.0559480">
    <ele>806.2</ele>
   </trkpt>
   <trkpt lat="40.6538200" lon="-3.0559320">
    <ele>806.4</ele>
   </trkpt>
   <trkpt lat="40.6538660" lon="-3.0559140">
    <ele>806.4</ele>
   </trkpt>
   <trkpt lat="40.6539120" lon="-3.0558970">
    <ele>806.6</ele>
   </trkpt>
   <trkpt lat="40.6539570" lon="-3.0558770">
    <ele>806.8</ele>
   </trkpt>
   <trkpt lat="40.6540030" lon="-3.0558600">
    <ele>806.8</ele>
   </trkpt>
   <trkpt lat="40.6540490" lon="-3.0558440">
    <ele>807.0</ele>
   </trkpt>
   <trkpt lat="40.6540950" lon="-3.0558300">
    <ele>807.0</ele>
   </trkpt>
   <trkpt lat="40.6541400" lon="-3.0558200">
    <ele>807.2</ele>
   </trkpt>
   <trkpt lat="40.6541860" lon="-3.0558090">
    <ele>807.2</ele>
   </trkpt>
   <trkpt lat="40.6542320" lon="-3.0557970">
    <ele>807.4</ele>
   </trkpt>
   <trkpt lat="40.6542820" lon="-3.0557900">
    <ele>807.6</ele>
   </trkpt>
   <trkpt lat="40.6543240" lon="-3.0557880">
    <ele>807.8</ele>
   </trkpt>
   <trkpt lat="40.6543690" lon="-3.0557870">
    <ele>808.0</ele>
   </trkpt>
   <trkpt lat="40.6544150" lon="-3.0557830">
    <ele>808.0</ele>
   </trkpt>
   <trkpt lat="40.6544530" lon="-3.0557780">
    <ele>808.2</ele>
   </trkpt>
   <trkpt lat="40.6544950" lon="-3.0557750">
    <ele>808.6</ele>
   </trkpt>
   <trkpt lat="40.6545370" lon="-3.0557720">
    <ele>808.8</ele>
   </trkpt>
   <trkpt lat="40.6545750" lon="-3.0557700">
    <ele>809.0</ele>
   </trkpt>
   <trkpt lat="40.6546130" lon="-3.0557680">
    <ele>809.2</ele>
   </trkpt>
   <trkpt lat="40.6546480" lon="-3.0557670">
    <ele>809.4</ele>
   </trkpt>
   <trkpt lat="40.6546860" lon="-3.0557620">
    <ele>809.6</ele>
   </trkpt>
   <trkpt lat="40.6547200" lon="-3.0557600">
    <ele>809.8</ele>
   </trkpt>
   <trkpt lat="40.6547580" lon="-3.0557570">
    <ele>810.0</ele>
   </trkpt>
   <trkpt lat="40.6547890" lon="-3.0557530">
    <ele>810.4</ele>
   </trkpt>
   <trkpt lat="40.6548230" lon="-3.0557520">
    <ele>810.6</ele>
   </trkpt>
   <trkpt lat="40.6548540" lon="-3.0557480">
    <ele>810.8</ele>
   </trkpt>
   <trkpt lat="40.6548880" lon="-3.0557450">
    <ele>811.0</ele>
   </trkpt>
   <trkpt lat="40.6549190" lon="-3.0557400">
    <ele>811.2</ele>
   </trkpt>
   <trkpt lat="40.6549530" lon="-3.0557350">
    <ele>811.4</ele>
   </trkpt>
   <trkpt lat="40.6549840" lon="-3.0557300">
    <ele>811.6</ele>
   </trkpt>
   <trkpt lat="40.6550180" lon="-3.0557230">
    <ele>811.8</ele>
   </trkpt>
   <trkpt lat="40.6550480" lon="-3.0557180">
    <ele>811.8</ele>
   </trkpt>
   <trkpt lat="40.6550830" lon="-3.0557130">
    <ele>812.0</ele>
   </trkpt>
   <trkpt lat="40.6551170" lon="-3.0557070">
    <ele>812.2</ele>
   </trkpt>
   <trkpt lat="40.6551510" lon="-3.0557020">
    <ele>812.4</ele>
   </trkpt>
   <trkpt lat="40.6551860" lon="-3.0556940">
    <ele>812.4</ele>
   </trkpt>
   <trkpt lat="40.6552200" lon="-3.0556880">
    <ele>812.6</ele>
   </trkpt>
   <trkpt lat="40.6552540" lon="-3.0556820">
    <ele>812.6</ele>
   </trkpt>
   <trkpt lat="40.6552890" lon="-3.0556780">
    <ele>812.8</ele>
   </trkpt>
   <trkpt lat="40.6553270" lon="-3.0556730">
    <ele>812.8</ele>
   </trkpt>
   <trkpt lat="40.6553650" lon="-3.0556650">
    <ele>812.8</ele>
   </trkpt>
   <trkpt lat="40.6553990" lon="-3.0556580">
    <ele>813.0</ele>
   </trkpt>
   <trkpt lat="40.6554340" lon="-3.0556550">
    <ele>813.0</ele>
   </trkpt>
   <trkpt lat="40.6554720" lon="-3.0556520">
    <ele>813.0</ele>
   </trkpt>
   <trkpt lat="40.6555100" lon="-3.0556500">
    <ele>813.2</ele>
   </trkpt>
   <trkpt lat="40.6555480" lon="-3.0556520">
    <ele>813.2</ele>
   </trkpt>
   <trkpt lat="40.6555900" lon="-3.0556530">
    <ele>813.2</ele>
   </trkpt>
   <trkpt lat="40.6556280" lon="-3.0556600">
    <ele>813.2</ele>
   </trkpt>
   <trkpt lat="40.6556700" lon="-3.0556730">
    <ele>813.4</ele>
   </trkpt>
   <trkpt lat="40.6557050" lon="-3.0556830">
    <ele>813.4</ele>
   </trkpt>
   <trkpt lat="40.6557500" lon="-3.0557030">
    <ele>813.4</ele>
   </trkpt>
   <trkpt lat="40.6557880" lon="-3.0557260">
    <ele>813.4</ele>
   </trkpt>
   <trkpt lat="40.6558270" lon="-3.0557500">
    <ele>813.4</ele>
   </trkpt>
   <trkpt lat="40.6558610" lon="-3.0557680">
    <ele>813.6</ele>
   </trkpt>
   <trkpt lat="40.6559070" lon="-3.0558010">
    <ele>813.6</ele>
   </trkpt>
   <trkpt lat="40.6559450" lon="-3.0558280">
    <ele>813.6</ele>
   </trkpt>
   <trkpt lat="40.6559830" lon="-3.0558510">
    <ele>813.8</ele>
   </trkpt>
   <trkpt lat="40.6560130" lon="-3.0558700">
    <ele>813.8</ele>
   </trkpt>
   <trkpt lat="40.6560630" lon="-3.0558980">
    <ele>814.0</ele>
   </trkpt>
   <trkpt lat="40.6561010" lon="-3.0559210">
    <ele>814.0</ele>
   </trkpt>
   <trkpt lat="40.6561390" lon="-3.0559450">
    <ele>814.2</ele>
   </trkpt>
   <trkpt lat="40.6561700" lon="-3.0559630">
    <ele>814.2</ele>
   </trkpt>
   <trkpt lat="40.6562160" lon="-3.0559930">
    <ele>814.4</ele>
   </trkpt>
   <trkpt lat="40.6562580" lon="-3.0560150">
    <ele>814.6</ele>
   </trkpt>
   <trkpt lat="40.6562920" lon="-3.0560350">
    <ele>814.6</ele>
   </trkpt>
   <trkpt lat="40.6563220" lon="-3.0560500">
    <ele>814.8</ele>
   </trkpt>
   <trkpt lat="40.6563680" lon="-3.0560700">
    <ele>815.0</ele>
   </trkpt>
   <trkpt lat="40.6564030" lon="-3.0560820">
    <ele>815.0</ele>
   </trkpt>
   <trkpt lat="40.6564480" lon="-3.0560980">
    <ele>815.2</ele>
   </trkpt>
   <trkpt lat="40.6564900" lon="-3.0561100">
    <ele>815.4</ele>
   </trkpt>
   <trkpt lat="40.6565210" lon="-3.0561180">
    <ele>815.4</ele>
   </trkpt>
   <trkpt lat="40.6565550" lon="-3.0561280">
    <ele>815.6</ele>
   </trkpt>
   <trkpt lat="40.6566010" lon="-3.0561400">
    <ele>815.8</ele>
   </trkpt>
   <trkpt lat="40.6566350" lon="-3.0561480">
    <ele>816.0</ele>
   </trkpt>
   <trkpt lat="40.6566660" lon="-3.0561530">
    <ele>816.2</ele>
   </trkpt>
   <trkpt lat="40.6567000" lon="-3.0561630">
    <ele>816.4</ele>
   </trkpt>
   <trkpt lat="40.6567310" lon="-3.0561720">
    <ele>816.6</ele>
   </trkpt>
   <trkpt lat="40.6567650" lon="-3.0561800">
    <ele>816.8</ele>
   </trkpt>
   <trkpt lat="40.6567920" lon="-3.0561880">
    <ele>817.0</ele>
   </trkpt>
   <trkpt lat="40.6568150" lon="-3.0561980">
    <ele>817.2</ele>
   </trkpt>
   <trkpt lat="40.6568410" lon="-3.0562100">
    <ele>817.2</ele>
   </trkpt>
   <trkpt lat="40.6568720" lon="-3.0562270">
    <ele>817.4</ele>
   </trkpt>
   <trkpt lat="40.6568990" lon="-3.0562430">
    <ele>817.6</ele>
   </trkpt>
   <trkpt lat="40.6569210" lon="-3.0562580">
    <ele>817.8</ele>
   </trkpt>
   <trkpt lat="40.6569480" lon="-3.0562810">
    <ele>818.0</ele>
   </trkpt>
   <trkpt lat="40.6569750" lon="-3.0563030">
    <ele>818.2</ele>
   </trkpt>
   <trkpt lat="40.6570010" lon="-3.0563300">
    <ele>818.4</ele>
   </trkpt>
   <trkpt lat="40.6570210" lon="-3.0563480">
    <ele>818.6</ele>
   </trkpt>
   <trkpt lat="40.6570430" lon="-3.0563710">
    <ele>818.8</ele>
   </trkpt>
   <trkpt lat="40.6570700" lon="-3.0563930">
    <ele>818.8</ele>
   </trkpt>
   <trkpt lat="40.6570930" lon="-3.0564160">
    <ele>819.0</ele>
   </trkpt>
   <trkpt lat="40.6571200" lon="-3.0564400">
    <ele>819.4</ele>
   </trkpt>
   <trkpt lat="40.6571460" lon="-3.0564680">
    <ele>819.6</ele>
   </trkpt>
   <trkpt lat="40.6571730" lon="-3.0564830">
    <ele>819.8</ele>
   </trkpt>
   <trkpt lat="40.6571960" lon="-3.0565010">
    <ele>820.0</ele>
   </trkpt>
   <trkpt lat="40.6572150" lon="-3.0565180">
    <ele>820.2</ele>
   </trkpt>
   <trkpt lat="40.6572420" lon="-3.0565380">
    <ele>820.4</ele>
   </trkpt>
   <trkpt lat="40.6572650" lon="-3.0565530">
    <ele>820.6</ele>
   </trkpt>
   <trkpt lat="40.6572800" lon="-3.0565630">
    <ele>821.0</ele>
   </trkpt>
   <trkpt lat="40.6573070" lon="-3.0565800">
    <ele>821.2</ele>
   </trkpt>
   <trkpt lat="40.6573260" lon="-3.0565900">
    <ele>821.4</ele>
   </trkpt>
   <trkpt lat="40.6573520" lon="-3.0566030">
    <ele>821.6</ele>
   </trkpt>
   <trkpt lat="40.6573750" lon="-3.0566170">
    <ele>821.8</ele>
   </trkpt>
   <trkpt lat="40.6573980" lon="-3.0566300">
    <ele>822.0</ele>
   </trkpt>
   <trkpt lat="40.6574170" lon="-3.0566450">
    <ele>822.2</ele>
   </trkpt>
   <trkpt lat="40.6574400" lon="-3.0566580">
    <ele>822.4</ele>
   </trkpt>
   <trkpt lat="40.6574590" lon="-3.0566750">
    <ele>822.6</ele>
   </trkpt>
   <trkpt lat="40.6574820" lon="-3.0566930">
    <ele>822.8</ele>
   </trkpt>
   <trkpt lat="40.6575050" lon="-3.0567110">
    <ele>823.0</ele>
   </trkpt>
   <trkpt lat="40.6575240" lon="-3.0567260">
    <ele>823.2</ele>
   </trkpt>
   <trkpt lat="40.6575470" lon="-3.0567410">
    <ele>823.4</ele>
   </trkpt>
   <trkpt lat="40.6575700" lon="-3.0567570">
    <ele>823.6</ele>
   </trkpt>
   <trkpt lat="40.6575850" lon="-3.0567720">
    <ele>823.8</ele>
   </trkpt>
   <trkpt lat="40.6576040" lon="-3.0567900">
    <ele>824.0</ele>
   </trkpt>
   <trkpt lat="40.6576270" lon="-3.0568110">
    <ele>824.2</ele>
   </trkpt>
   <trkpt lat="40.6576540" lon="-3.0568350">
    <ele>824.4</ele>
   </trkpt>
   <trkpt lat="40.6576770" lon="-3.0568550">
    <ele>824.4</ele>
   </trkpt>
   <trkpt lat="40.6576960" lon="-3.0568700">
    <ele>824.6</ele>
   </trkpt>
   <trkpt lat="40.6577190" lon="-3.0568880">
    <ele>824.8</ele>
   </trkpt>
   <trkpt lat="40.6577420" lon="-3.0569050">
    <ele>825.0</ele>
   </trkpt>
   <trkpt lat="40.6577640" lon="-3.0569200">
    <ele>825.4</ele>
   </trkpt>
   <trkpt lat="40.6577870" lon="-3.0569360">
    <ele>825.6</ele>
   </trkpt>
   <trkpt lat="40.6578140" lon="-3.0569520">
    <ele>825.8</ele>
   </trkpt>
   <trkpt lat="40.6578410" lon="-3.0569630">
    <ele>826.0</ele>
   </trkpt>
   <trkpt lat="40.6578670" lon="-3.0569720">
    <ele>826.4</ele>
   </trkpt>
   <trkpt lat="40.6578980" lon="-3.0569780">
    <ele>826.6</ele>
   </trkpt>
   <trkpt lat="40.6579130" lon="-3.0569850">
    <ele>826.8</ele>
   </trkpt>
   <trkpt lat="40.6579280" lon="-3.0570000">
    <ele>827.0</ele>
   </trkpt>
   <trkpt lat="40.6579510" lon="-3.0570180">
    <ele>827.2</ele>
   </trkpt>
   <trkpt lat="40.6579700" lon="-3.0570410">
    <ele>827.6</ele>
   </trkpt>
   <trkpt lat="40.6579930" lon="-3.0570700">
    <ele>827.8</ele>
   </trkpt>
   <trkpt lat="40.6580090" lon="-3.0571000">
    <ele>828.0</ele>
   </trkpt>
   <trkpt lat="40.6580200" lon="-3.0571300">
    <ele>828.2</ele>
   </trkpt>
   <trkpt lat="40.6580240" lon="-3.0571650">
    <ele>828.6</ele>
   </trkpt>
   <trkpt lat="40.6580200" lon="-3.0572050">
    <ele>828.8</ele>
   </trkpt>
   <trkpt lat="40.6580120" lon="-3.0572350">
    <ele>829.0</ele>
   </trkpt>
   <trkpt lat="40.6580010" lon="-3.0572580">
    <ele>829.2</ele>
   </trkpt>
   <trkpt lat="40.6579860" lon="-3.0572830">
    <ele>829.4</ele>
   </trkpt>
   <trkpt lat="40.6579630" lon="-3.0573100">
    <ele>829.6</ele>
   </trkpt>
   <trkpt lat="40.6579440" lon="-3.0573230">
    <ele>829.8</ele>
   </trkpt>
   <trkpt lat="40.6579210" lon="-3.0573360">
    <ele>830.0</ele>
   </trkpt>
   <trkpt lat="40.6578900" lon="-3.0573430">
    <ele>830.0</ele>
   </trkpt>
   <trkpt lat="40.6578640" lon="-3.0573450">
    <ele>830.2</ele>
   </trkpt>
   <trkpt lat="40.6578440" lon="-3.0573450">
    <ele>830.4</ele>
   </trkpt>
   <trkpt lat="40.6578220" lon="-3.0573450">
    <ele>830.6</ele>
   </trkpt>
   <trkpt lat="40.6577950" lon="-3.0573400">
    <ele>830.8</ele>
   </trkpt>
   <trkpt lat="40.6577720" lon="-3.0573330">
    <ele>831.0</ele>
   </trkpt>
   <trkpt lat="40.6577450" lon="-3.0573230">
    <ele>831.2</ele>
   </trkpt>
   <trkpt lat="40.6577220" lon="-3.0573140">
    <ele>831.4</ele>
   </trkpt>
   <trkpt lat="40.6577000" lon="-3.0573070">
    <ele>831.6</ele>
   </trkpt>
   <trkpt lat="40.6576730" lon="-3.0573000">
    <ele>831.8</ele>
   </trkpt>
   <trkpt lat="40.6576500" lon="-3.0572920">
    <ele>832.0</ele>
   </trkpt>
   <trkpt lat="40.6576230" lon="-3.0572850">
    <ele>832.2</ele>
   </trkpt>
   <trkpt lat="40.6575970" lon="-3.0572750">
    <ele>832.4</ele>
   </trkpt>
   <trkpt lat="40.6575780" lon="-3.0572680">
    <ele>832.6</ele>
   </trkpt>
   <trkpt lat="40.6575510" lon="-3.0572600">
    <ele>832.8</ele>
   </trkpt>
   <trkpt lat="40.6575200" lon="-3.0572500">
    <ele>833.0</ele>
   </trkpt>
   <trkpt lat="40.6574940" lon="-3.0572470">
    <ele>833.2</ele>
   </trkpt>
   <trkpt lat="40.6574780" lon="-3.0572470">
    <ele>833.4</ele>
   </trkpt>
   <trkpt lat="40.6574520" lon="-3.0572520">
    <ele>833.6</ele>
   </trkpt>
   <trkpt lat="40.6574250" lon="-3.0572570">
    <ele>833.8</ele>
   </trkpt>
   <trkpt lat="40.6573980" lon="-3.0572580">
    <ele>834.0</ele>
   </trkpt>
   <trkpt lat="40.6573750" lon="-3.0572600">
    <ele>834.2</ele>
   </trkpt>
   <trkpt lat="40.6573560" lon="-3.0572620">
    <ele>834.4</ele>
   </trkpt>
   <trkpt lat="40.6573330" lon="-3.0572630">
    <ele>834.8</ele>
   </trkpt>
   <trkpt lat="40.6573070" lon="-3.0572670">
    <ele>835.0</ele>
   </trkpt>
   <trkpt lat="40.6572910" lon="-3.0572720">
    <ele>835.2</ele>
   </trkpt>
   <trkpt lat="40.6572680" lon="-3.0572770">
    <ele>835.4</ele>
   </trkpt>
   <trkpt lat="40.6572420" lon="-3.0572780">
    <ele>835.6</ele>
   </trkpt>
   <trkpt lat="40.6572150" lon="-3.0572780">
    <ele>835.8</ele>
   </trkpt>
   <trkpt lat="40.6571880" lon="-3.0572720">
    <ele>836.0</ele>
   </trkpt>
   <trkpt lat="40.6571730" lon="-3.0572670">
    <ele>836.2</ele>
   </trkpt>
   <trkpt lat="40.6571430" lon="-3.0572600">
    <ele>836.4</ele>
   </trkpt>
   <trkpt lat="40.6571200" lon="-3.0572600">
    <ele>836.6</ele>
   </trkpt>
   <trkpt lat="40.6570970" lon="-3.0572620">
    <ele>837.0</ele>
   </trkpt>
   <trkpt lat="40.6570700" lon="-3.0572620">
    <ele>837.2</ele>
   </trkpt>
   <trkpt lat="40.6570510" lon="-3.0572600">
    <ele>837.4</ele>
   </trkpt>
   <trkpt lat="40.6570240" lon="-3.0572580">
    <ele>837.6</ele>
   </trkpt>
   <trkpt lat="40.6569980" lon="-3.0572580">
    <ele>837.8</ele>
   </trkpt>
   <trkpt lat="40.6569750" lon="-3.0572580">
    <ele>838.0</ele>
   </trkpt>
   <trkpt lat="40.6569520" lon="-3.0572530">
    <ele>838.2</ele>
   </trkpt>
   <trkpt lat="40.6569330" lon="-3.0572450">
    <ele>838.4</ele>
   </trkpt>
   <trkpt lat="40.6569020" lon="-3.0572350">
    <ele>838.6</ele>
   </trkpt>
   <trkpt lat="40.6568790" lon="-3.0572300">
    <ele>838.8</ele>
   </trkpt>
   <trkpt lat="40.6568570" lon="-3.0572230">
    <ele>839.0</ele>
   </trkpt>
   <trkpt lat="40.6568340" lon="-3.0572220">
    <ele>839.0</ele>
   </trkpt>
   <trkpt lat="40.6568180" lon="-3.0572220">
    <ele>839.2</ele>
   </trkpt>
   <trkpt lat="40.6567960" lon="-3.0572180">
    <ele>839.4</ele>
   </trkpt>
   <trkpt lat="40.6567690" lon="-3.0572170">
    <ele>839.6</ele>
   </trkpt>
   <trkpt lat="40.6567460" lon="-3.0572150">
    <ele>839.8</ele>
   </trkpt>
   <trkpt lat="40.6567190" lon="-3.0572130">
    <ele>840.0</ele>
   </trkpt>
   <trkpt lat="40.6566960" lon="-3.0572170">
    <ele>840.2</ele>
   </trkpt>
   <trkpt lat="40.6566660" lon="-3.0572220">
    <ele>840.4</ele>
   </trkpt>
   <trkpt lat="40.6566470" lon="-3.0572230">
    <ele>840.6</ele>
   </trkpt>
   <trkpt lat="40.6566200" lon="-3.0572270">
    <ele>840.8</ele>
   </trkpt>
   <trkpt lat="40.6566010" lon="-3.0572330">
    <ele>841.0</ele>
   </trkpt>
   <trkpt lat="40.6565780" lon="-3.0572470">
    <ele>841.2</ele>
   </trkpt>
   <trkpt lat="40.6565550" lon="-3.0572680">
    <ele>841.4</ele>
   </trkpt>
   <trkpt lat="40.6565400" lon="-3.0572900">
    <ele>841.6</ele>
   </trkpt>
   <trkpt lat="40.6565250" lon="-3.0573150">
    <ele>841.8</ele>
   </trkpt>
   <trkpt lat="40.6565130" lon="-3.0573430">
    <ele>842.0</ele>
   </trkpt>
   <trkpt lat="40.6565130" lon="-3.0573730">
    <ele>842.4</ele>
   </trkpt>
   <trkpt lat="40.6565170" lon="-3.0573980">
    <ele>842.6</ele>
   </trkpt>
   <trkpt lat="40.6565280" lon="-3.0574210">
    <ele>843.0</ele>
   </trkpt>
   <trkpt lat="40.6565400" lon="-3.0574430">
    <ele>843.2</ele>
   </trkpt>
   <trkpt lat="40.6565510" lon="-3.0574550">
    <ele>843.6</ele>
   </trkpt>
   <trkpt lat="40.6565700" lon="-3.0574680">
    <ele>843.8</ele>
   </trkpt>
   <trkpt lat="40.6565930" lon="-3.0574800">
    <ele>844.2</ele>
   </trkpt>
   <trkpt lat="40.6566160" lon="-3.0574930">
    <ele>844.4</ele>
   </trkpt>
   <trkpt lat="40.6566310" lon="-3.0575050">
    <ele>844.6</ele>
   </trkpt>
   <trkpt lat="40.6566540" lon="-3.0575080">
    <ele>844.8</ele>
   </trkpt>
   <trkpt lat="40.6566770" lon="-3.0575080">
    <ele>845.0</ele>
   </trkpt>
   <trkpt lat="40.6567000" lon="-3.0575050">
    <ele>845.2</ele>
   </trkpt>
   <trkpt lat="40.6567190" lon="-3.0575050">
    <ele>845.4</ele>
   </trkpt>
   <trkpt lat="40.6567460" lon="-3.0575050">
    <ele>845.6</ele>
   </trkpt>
   <trkpt lat="40.6567760" lon="-3.0575100">
    <ele>845.8</ele>
   </trkpt>
   <trkpt lat="40.6568030" lon="-3.0575150">
    <ele>846.0</ele>
   </trkpt>
   <trkpt lat="40.6568300" lon="-3.0575230">
    <ele>846.2</ele>
   </trkpt>
   <trkpt lat="40.6568600" lon="-3.0575320">
    <ele>846.4</ele>
   </trkpt>
   <trkpt lat="40.6568830" lon="-3.0575450">
    <ele>846.6</ele>
   </trkpt>
   <trkpt lat="40.6569100" lon="-3.0575580">
    <ele>846.6</ele>
   </trkpt>
   <trkpt lat="40.6569330" lon="-3.0575730">
    <ele>846.8</ele>
   </trkpt>
   <trkpt lat="40.6569520" lon="-3.0575880">
    <ele>847.0</ele>
   </trkpt>
   <trkpt lat="40.6569710" lon="-3.0576030">
    <ele>847.2</ele>
   </trkpt>
   <trkpt lat="40.6569980" lon="-3.0576270">
    <ele>847.4</ele>
   </trkpt>
   <trkpt lat="40.6570210" lon="-3.0576480">
    <ele>847.6</ele>
   </trkpt>
   <trkpt lat="40.6570430" lon="-3.0576670">
    <ele>847.8</ele>
   </trkpt>
   <trkpt lat="40.6570630" lon="-3.0576880">
    <ele>847.8</ele>
   </trkpt>
   <trkpt lat="40.6570820" lon="-3.0577110">
    <ele>848.0</ele>
   </trkpt>
   <trkpt lat="40.6570970" lon="-3.0577330">
    <ele>848.2</ele>
   </trkpt>
   <trkpt lat="40.6571160" lon="-3.0577560">
    <ele>848.4</ele>
   </trkpt>
   <trkpt lat="40.6571310" lon="-3.0577770">
    <ele>848.6</ele>
   </trkpt>
   <trkpt lat="40.6571460" lon="-3.0577980">
    <ele>848.6</ele>
   </trkpt>
   <trkpt lat="40.6571690" lon="-3.0578250">
    <ele>848.8</ele>
   </trkpt>
   <trkpt lat="40.6571850" lon="-3.0578480">
    <ele>849.0</ele>
   </trkpt>
   <trkpt lat="40.6572000" lon="-3.0578710">
    <ele>849.2</ele>
   </trkpt>
   <trkpt lat="40.6572150" lon="-3.0578950">
    <ele>849.4</ele>
   </trkpt>
   <trkpt lat="40.6572300" lon="-3.0579160">
    <ele>849.6</ele>
   </trkpt>
   <trkpt lat="40.6572490" lon="-3.0579360">
    <ele>849.8</ele>
   </trkpt>
   <trkpt lat="40.6572680" lon="-3.0579580">
    <ele>849.8</ele>
   </trkpt>
   <trkpt lat="40.6572840" lon="-3.0579810">
    <ele>850.0</ele>
   </trkpt>
   <trkpt lat="40.6572950" lon="-3.0580000">
    <ele>850.2</ele>
   </trkpt>
   <trkpt lat="40.6573180" lon="-3.0580250">
    <ele>850.4</ele>
   </trkpt>
   <trkpt lat="40.6573330" lon="-3.0580460">
    <ele>850.6</ele>
   </trkpt>
   <trkpt lat="40.6573490" lon="-3.0580700">
    <ele>850.8</ele>
   </trkpt>
   <trkpt lat="40.6573640" lon="-3.0580930">
    <ele>851.0</ele>
   </trkpt>
   <trkpt lat="40.6573790" lon="-3.0581180">
    <ele>851.2</ele>
   </trkpt>
   <trkpt lat="40.6573980" lon="-3.0581430">
    <ele>851.4</ele>
   </trkpt>
   <trkpt lat="40.6574130" lon="-3.0581680">
    <ele>851.6</ele>
   </trkpt>
   <trkpt lat="40.6574290" lon="-3.0581900">
    <ele>851.8</ele>
   </trkpt>
   <trkpt lat="40.6574480" lon="-3.0582160">
    <ele>852.0</ele>
   </trkpt>
   <trkpt lat="40.6574670" lon="-3.0582480">
    <ele>852.2</ele>
   </trkpt>
   <trkpt lat="40.6574780" lon="-3.0582710">
    <ele>852.4</ele>
   </trkpt>
   <trkpt lat="40.6574970" lon="-3.0582950">
    <ele>852.6</ele>
   </trkpt>
   <trkpt lat="40.6575130" lon="-3.0583180">
    <ele>852.8</ele>
   </trkpt>
   <trkpt lat="40.6575280" lon="-3.0583400">
    <ele>853.0</ele>
   </trkpt>
   <trkpt lat="40.6575470" lon="-3.0583680">
    <ele>853.2</ele>
   </trkpt>
   <trkpt lat="40.6575620" lon="-3.0583960">
    <ele>853.4</ele>
   </trkpt>
   <trkpt lat="40.6575780" lon="-3.0584180">
    <ele>853.6</ele>
   </trkpt>
   <trkpt lat="40.6575970" lon="-3.0584410">
    <ele>853.8</ele>
   </trkpt>
   <trkpt lat="40.6576160" lon="-3.0584690">
    <ele>854.0</ele>
   </trkpt>
   <trkpt lat="40.6576350" lon="-3.0584930">
    <ele>854.2</ele>
   </trkpt>
   <trkpt lat="40.6576500" lon="-3.0585160">
    <ele>854.4</ele>
   </trkpt>
   <trkpt lat="40.6576730" lon="-3.0585350">
    <ele>854.6</ele>
   </trkpt>
   <trkpt lat="40.6576920" lon="-3.0585470">
    <ele>854.8</ele>
   </trkpt>
   <trkpt lat="40.6577190" lon="-3.0585630">
    <ele>855.0</ele>
   </trkpt>
   <trkpt lat="40.6577450" lon="-3.0585730">
    <ele>855.2</ele>
   </trkpt>
   <trkpt lat="40.6577680" lon="-3.0585800">
    <ele>855.2</ele>
   </trkpt>
   <trkpt lat="40.6577950" lon="-3.0585880">
    <ele>855.4</ele>
   </trkpt>
   <trkpt lat="40.6578180" lon="-3.0585970">
    <ele>855.6</ele>
   </trkpt>
   <trkpt lat="40.6578410" lon="-3.0585980">
    <ele>855.8</ele>
   </trkpt>
   <trkpt lat="40.6578640" lon="-3.0585950">
    <ele>856.2</ele>
   </trkpt>
   <trkpt lat="40.6578830" lon="-3.0585900">
    <ele>856.4</ele>
   </trkpt>
   <trkpt lat="40.6579090" lon="-3.0585820">
    <ele>856.6</ele>
   </trkpt>
   <trkpt lat="40.6579280" lon="-3.0585720">
    <ele>856.8</ele>
   </trkpt>
   <trkpt lat="40.6579510" lon="-3.0585620">
    <ele>857.0</ele>
   </trkpt>
   <trkpt lat="40.6579740" lon="-3.0585530">
    <ele>857.2</ele>
   </trkpt>
   <trkpt lat="40.6579930" lon="-3.0585480">
    <ele>857.4</ele>
   </trkpt>
   <trkpt lat="40.6580240" lon="-3.0585400">
    <ele>857.6</ele>
   </trkpt>
   <trkpt lat="40.6580470" lon="-3.0585270">
    <ele>857.8</ele>
   </trkpt>
   <trkpt lat="40.6580730" lon="-3.0585170">
    <ele>858.0</ele>
   </trkpt>
   <trkpt lat="40.6580890" lon="-3.0585080">
    <ele>858.2</ele>
   </trkpt>
   <trkpt lat="40.6581120" lon="-3.0584940">
    <ele>858.4</ele>
   </trkpt>
   <trkpt lat="40.6581380" lon="-3.0584770">
    <ele>858.6</ele>
   </trkpt>
   <trkpt lat="40.6581650" lon="-3.0584620">
    <ele>858.8</ele>
   </trkpt>
   <trkpt lat="40.6581840" lon="-3.0584450">
    <ele>859.0</ele>
   </trkpt>
   <trkpt lat="40.6582070" lon="-3.0584280">
    <ele>859.2</ele>
   </trkpt>
   <trkpt lat="40.6582260" lon="-3.0584130">
    <ele>859.4</ele>
   </trkpt>
   <trkpt lat="40.6582530" lon="-3.0583950">
    <ele>859.6</ele>
   </trkpt>
   <trkpt lat="40.6582720" lon="-3.0583740">
    <ele>859.8</ele>
   </trkpt>
   <trkpt lat="40.6582910" lon="-3.0583590">
    <ele>860.0</ele>
   </trkpt>
   <trkpt lat="40.6583100" lon="-3.0583400">
    <ele>860.0</ele>
   </trkpt>
   <trkpt lat="40.6583330" lon="-3.0583150">
    <ele>860.2</ele>
   </trkpt>
   <trkpt lat="40.6583520" lon="-3.0582970">
    <ele>860.4</ele>
   </trkpt>
   <trkpt lat="40.6583750" lon="-3.0582770">
    <ele>860.6</ele>
   </trkpt>
   <trkpt lat="40.6583940" lon="-3.0582600">
    <ele>860.8</ele>
   </trkpt>
   <trkpt lat="40.6584130" lon="-3.0582450">
    <ele>861.0</ele>
   </trkpt>
   <trkpt lat="40.6584360" lon="-3.0582250">
    <ele>861.2</ele>
   </trkpt>
   <trkpt lat="40.6584550" lon="-3.0582080">
    <ele>861.4</ele>
   </trkpt>
   <trkpt lat="40.6584740" lon="-3.0581950">
    <ele>861.6</ele>
   </trkpt>
   <trkpt lat="40.6584930" lon="-3.0581800">
    <ele>861.8</ele>
   </trkpt>
   <trkpt lat="40.6585120" lon="-3.0581640">
    <ele>862.0</ele>
   </trkpt>
   <trkpt lat="40.6585350" lon="-3.0581450">
    <ele>862.2</ele>
   </trkpt>
   <trkpt lat="40.6585540" lon="-3.0581300">
    <ele>862.4</ele>
   </trkpt>
   <trkpt lat="40.6585730" lon="-3.0581170">
    <ele>862.6</ele>
   </trkpt>
   <trkpt lat="40.6585920" lon="-3.0581030">
    <ele>862.8</ele>
   </trkpt>
   <trkpt lat="40.6586150" lon="-3.0580920">
    <ele>863.0</ele>
   </trkpt>
   <trkpt lat="40.6586420" lon="-3.0580830">
    <ele>863.2</ele>
   </trkpt>
   <trkpt lat="40.6586690" lon="-3.0580740">
    <ele>863.4</ele>
   </trkpt>
   <trkpt lat="40.6586880" lon="-3.0580680">
    <ele>863.6</ele>
   </trkpt>
   <trkpt lat="40.6587180" lon="-3.0580680">
    <ele>863.8</ele>
   </trkpt>
   <trkpt lat="40.6587370" lon="-3.0580730">
    <ele>864.0</ele>
   </trkpt>
   <trkpt lat="40.6587600" lon="-3.0580830">
    <ele>864.2</ele>
   </trkpt>
   <trkpt lat="40.6587750" lon="-3.0580950">
    <ele>864.4</ele>
   </trkpt>
   <trkpt lat="40.6587910" lon="-3.0581060">
    <ele>864.6</ele>
   </trkpt>
   <trkpt lat="40.6588130" lon="-3.0581250">
    <ele>864.8</ele>
   </trkpt>
   <trkpt lat="40.6588290" lon="-3.0581500">
    <ele>865.0</ele>
   </trkpt>
   <trkpt lat="40.6588400" lon="-3.0581780">
    <ele>865.2</ele>
   </trkpt>
   <trkpt lat="40.6588480" lon="-3.0582090">
    <ele>865.4</ele>
   </trkpt>
   <trkpt lat="40.6588520" lon="-3.0582400">
    <ele>865.6</ele>
   </trkpt>
   <trkpt lat="40.6588550" lon="-3.0582710">
    <ele>865.8</ele>
   </trkpt>
   <trkpt lat="40.6588590" lon="-3.0583060">
    <ele>865.8</ele>
   </trkpt>
   <trkpt lat="40.6588590" lon="-3.0583330">
    <ele>866.0</ele>
   </trkpt>
   <trkpt lat="40.6588550" lon="-3.0583670">
    <ele>866.2</ele>
   </trkpt>
   <trkpt lat="40.6588550" lon="-3.0584060">
    <ele>866.4</ele>
   </trkpt>
   <trkpt lat="40.6588550" lon="-3.0584410">
    <ele>866.6</ele>
   </trkpt>
   <trkpt lat="40.6588550" lon="-3.0584760">
    <ele>866.8</ele>
   </trkpt>
   <trkpt lat="40.6588520" lon="-3.0585010">
    <ele>867.0</ele>
   </trkpt>
   <trkpt lat="40.6588520" lon="-3.0585400">
    <ele>867.2</ele>
   </trkpt>
   <trkpt lat="40.6588440" lon="-3.0585720">
    <ele>867.4</ele>
   </trkpt>
   <trkpt lat="40.6588400" lon="-3.0585980">
    <ele>867.8</ele>
   </trkpt>
   <trkpt lat="40.6588330" lon="-3.0586230">
    <ele>867.8</ele>
   </trkpt>
   <trkpt lat="40.6588290" lon="-3.0586500">
    <ele>868.0</ele>
   </trkpt>
   <trkpt lat="40.6588210" lon="-3.0586910">
    <ele>868.4</ele>
   </trkpt>
   <trkpt lat="40.6588170" lon="-3.0587250">
    <ele>868.6</ele>
   </trkpt>
   <trkpt lat="40.6588130" lon="-3.0587500">
    <ele>868.8</ele>
   </trkpt>
   <trkpt lat="40.6588060" lon="-3.0587820">
    <ele>869.0</ele>
   </trkpt>
   <trkpt lat="40.6587980" lon="-3.0588180">
    <ele>869.2</ele>
   </trkpt>
   <trkpt lat="40.6587910" lon="-3.0588450">
    <ele>869.4</ele>
   </trkpt>
   <trkpt lat="40.6587870" lon="-3.0588830">
    <ele>869.6</ele>
   </trkpt>
   <trkpt lat="40.6587830" lon="-3.0589080">
    <ele>869.8</ele>
   </trkpt>
   <trkpt lat="40.6587750" lon="-3.0589420">
    <ele>869.8</ele>
   </trkpt>
   <trkpt lat="40.6587680" lon="-3.0589820">
    <ele>870.0</ele>
   </trkpt>
   <trkpt lat="40.6587600" lon="-3.0590200">
    <ele>870.2</ele>
   </trkpt>
   <trkpt lat="40.6587560" lon="-3.0590570">
    <ele>870.4</ele>
   </trkpt>
   <trkpt lat="40.6587490" lon="-3.0590860">
    <ele>870.6</ele>
   </trkpt>
   <trkpt lat="40.6587410" lon="-3.0591260">
    <ele>870.8</ele>
   </trkpt>
   <trkpt lat="40.6587330" lon="-3.0591630">
    <ele>870.8</ele>
   </trkpt>
   <trkpt lat="40.6587300" lon="-3.0591970">
    <ele>871.0</ele>
   </trkpt>
   <trkpt lat="40.6587220" lon="-3.0592300">
    <ele>871.2</ele>
   </trkpt>
   <trkpt lat="40.6587140" lon="-3.0592630">
    <ele>871.4</ele>
   </trkpt>
   <trkpt lat="40.6587030" lon="-3.0592950">
    <ele>871.6</ele>
   </trkpt>
   <trkpt lat="40.6586990" lon="-3.0593230">
    <ele>871.8</ele>
   </trkpt>
   <trkpt lat="40.6586990" lon="-3.0593530">
    <ele>872.0</ele>
   </trkpt>
   <trkpt lat="40.6586950" lon="-3.0593800">
    <ele>872.2</ele>
   </trkpt>
   <trkpt lat="40.6586880" lon="-3.0594130">
    <ele>872.4</ele>
   </trkpt>
   <trkpt lat="40.6586800" lon="-3.0594510">
    <ele>872.6</ele>
   </trkpt>
   <trkpt lat="40.6586720" lon="-3.0594760">
    <ele>872.6</ele>
   </trkpt>
   <trkpt lat="40.6586690" lon="-3.0595030">
    <ele>873.0</ele>
   </trkpt>
   <trkpt lat="40.6586690" lon="-3.0595310">
    <ele>873.2</ele>
   </trkpt>
   <trkpt lat="40.6586610" lon="-3.0595610">
    <ele>873.4</ele>
   </trkpt>
   <trkpt lat="40.6586530" lon="-3.0596020">
    <ele>873.4</ele>
   </trkpt>
   <trkpt lat="40.6586460" lon="-3.0596350">
    <ele>873.6</ele>
   </trkpt>
   <trkpt lat="40.6586420" lon="-3.0596710">
    <ele>873.8</ele>
   </trkpt>
   <trkpt lat="40.6586380" lon="-3.0597060">
    <ele>874.0</ele>
   </trkpt>
   <trkpt lat="40.6586340" lon="-3.0597350">
    <ele>874.2</ele>
   </trkpt>
   <trkpt lat="40.6586270" lon="-3.0597580">
    <ele>874.2</ele>
   </trkpt>
   <trkpt lat="40.6586190" lon="-3.0597860">
    <ele>874.4</ele>
   </trkpt>
   <trkpt lat="40.6586110" lon="-3.0598150">
    <ele>874.6</ele>
   </trkpt>
   <trkpt lat="40.6586040" lon="-3.0598450">
    <ele>874.8</ele>
   </trkpt>
   <trkpt lat="40.6585920" lon="-3.0598830">
    <ele>874.8</ele>
   </trkpt>
   <trkpt lat="40.6585850" lon="-3.0599130">
    <ele>875.0</ele>
   </trkpt>
   <trkpt lat="40.6585810" lon="-3.0599410">
    <ele>875.2</ele>
   </trkpt>
   <trkpt lat="40.6585770" lon="-3.0599780">
    <ele>875.2</ele>
   </trkpt>
   <trkpt lat="40.6585770" lon="-3.0600080">
    <ele>875.4</ele>
   </trkpt>
   <trkpt lat="40.6585690" lon="-3.0600420">
    <ele>875.6</ele>
   </trkpt>
   <trkpt lat="40.6585620" lon="-3.0600660">
    <ele>875.8</ele>
   </trkpt>
   <trkpt lat="40.6585540" lon="-3.0601020">
    <ele>876.0</ele>
   </trkpt>
   <trkpt lat="40.6585460" lon="-3.0601330">
    <ele>876.2</ele>
   </trkpt>
   <trkpt lat="40.6585390" lon="-3.0601580">
    <ele>876.4</ele>
   </trkpt>
   <trkpt lat="40.6585310" lon="-3.0601860">
    <ele>876.4</ele>
   </trkpt>
   <trkpt lat="40.6585240" lon="-3.0602160">
    <ele>876.6</ele>
   </trkpt>
   <trkpt lat="40.6585160" lon="-3.0602530">
    <ele>876.8</ele>
   </trkpt>
   <trkpt lat="40.6585080" lon="-3.0602870">
    <ele>877.0</ele>
   </trkpt>
   <trkpt lat="40.6585010" lon="-3.0603200">
    <ele>877.2</ele>
   </trkpt>
   <trkpt lat="40.6584930" lon="-3.0603530">
    <ele>877.4</ele>
   </trkpt>
   <trkpt lat="40.6584850" lon="-3.0603850">
    <ele>877.6</ele>
   </trkpt>
   <trkpt lat="40.6584780" lon="-3.0604160">
    <ele>877.8</ele>
   </trkpt>
   <trkpt lat="40.6584700" lon="-3.0604470">
    <ele>877.8</ele>
   </trkpt>
   <trkpt lat="40.6584620" lon="-3.0604770">
    <ele>878.0</ele>
   </trkpt>
   <trkpt lat="40.6584550" lon="-3.0605010">
    <ele>878.2</ele>
   </trkpt>
   <trkpt lat="40.6584510" lon="-3.0605350">
    <ele>878.4</ele>
   </trkpt>
   <trkpt lat="40.6584400" lon="-3.0605710">
    <ele>878.6</ele>
   </trkpt>
   <trkpt lat="40.6584360" lon="-3.0606000">
    <ele>878.8</ele>
   </trkpt>
   <trkpt lat="40.6584280" lon="-3.0606370">
    <ele>879.0</ele>
   </trkpt>
   <trkpt lat="40.6584170" lon="-3.0606780">
    <ele>879.2</ele>
   </trkpt>
   <trkpt lat="40.6584090" lon="-3.0607130">
    <ele>879.4</ele>
   </trkpt>
   <trkpt lat="40.6584010" lon="-3.0607480">
    <ele>879.6</ele>
   </trkpt>
   <trkpt lat="40.6583940" lon="-3.0607810">
    <ele>879.8</ele>
   </trkpt>
   <trkpt lat="40.6583900" lon="-3.0608080">
    <ele>880.0</ele>
   </trkpt>
   <trkpt lat="40.6583790" lon="-3.0608410">
    <ele>880.2</ele>
   </trkpt>
   <trkpt lat="40.6583670" lon="-3.0608780">
    <ele>880.4</ele>
   </trkpt>
   <trkpt lat="40.6583590" lon="-3.0609060">
    <ele>880.6</ele>
   </trkpt>
   <trkpt lat="40.6583520" lon="-3.0609370">
    <ele>880.8</ele>
   </trkpt>
   <trkpt lat="40.6583440" lon="-3.0609670">
    <ele>881.0</ele>
   </trkpt>
   <trkpt lat="40.6583370" lon="-3.0609910">
    <ele>881.2</ele>
   </trkpt>
   <trkpt lat="40.6583290" lon="-3.0610200">
    <ele>881.4</ele>
   </trkpt>
   <trkpt lat="40.6583250" lon="-3.0610450">
    <ele>881.6</ele>
   </trkpt>
   <trkpt lat="40.6583180" lon="-3.0610760">
    <ele>881.8</ele>
   </trkpt>
   <trkpt lat="40.6583060" lon="-3.0611130">
    <ele>882.2</ele>
   </trkpt>
   <trkpt lat="40.6582980" lon="-3.0611430">
    <ele>882.4</ele>
   </trkpt>
   <trkpt lat="40.6582910" lon="-3.0611720">
    <ele>882.6</ele>
   </trkpt>
   <trkpt lat="40.6582830" lon="-3.0611980">
    <ele>882.8</ele>
   </trkpt>
   <trkpt lat="40.6582720" lon="-3.0612350">
    <ele>882.8</ele>
   </trkpt>
   <trkpt lat="40.6582600" lon="-3.0612630">
    <ele>883.0</ele>
   </trkpt>
   <trkpt lat="40.6582530" lon="-3.0612930">
    <ele>883.2</ele>
   </trkpt>
   <trkpt lat="40.6582450" lon="-3.0613250">
    <ele>883.4</ele>
   </trkpt>
   <trkpt lat="40.6582410" lon="-3.0613480">
    <ele>883.6</ele>
   </trkpt>
   <trkpt lat="40.6582300" lon="-3.0613760">
    <ele>883.8</ele>
   </trkpt>
   <trkpt lat="40.6582220" lon="-3.0614030">
    <ele>884.0</ele>
   </trkpt>
   <trkpt lat="40.6582150" lon="-3.0614180">
    <ele>884.2</ele>
   </trkpt>
   <trkpt lat="40.6582070" lon="-3.0614410">
    <ele>884.4</ele>
   </trkpt>
   <trkpt lat="40.6581990" lon="-3.0614700">
    <ele>884.6</ele>
   </trkpt>
   <trkpt lat="40.6581920" lon="-3.0614950">
    <ele>884.8</ele>
   </trkpt>
   <trkpt lat="40.6581840" lon="-3.0615230">
    <ele>885.0</ele>
   </trkpt>
   <trkpt lat="40.6581760" lon="-3.0615550">
    <ele>885.2</ele>
   </trkpt>
   <trkpt lat="40.6581690" lon="-3.0615810">
    <ele>885.4</ele>
   </trkpt>
   <trkpt lat="40.6581610" lon="-3.0616080">
    <ele>885.6</ele>
   </trkpt>
   <trkpt lat="40.6581540" lon="-3.0616380">
    <ele>885.8</ele>
   </trkpt>
   <trkpt lat="40.6581460" lon="-3.0616730">
    <ele>886.0</ele>
   </trkpt>
   <trkpt lat="40.6581420" lon="-3.0617030">
    <ele>886.2</ele>
   </trkpt>
   <trkpt lat="40.6581380" lon="-3.0617450">
    <ele>886.4</ele>
   </trkpt>
   <trkpt lat="40.6581380" lon="-3.0617780">
    <ele>886.6</ele>
   </trkpt>
   <trkpt lat="40.6581380" lon="-3.0618030">
    <ele>886.8</ele>
   </trkpt>
   <trkpt lat="40.6581380" lon="-3.0618420">
    <ele>887.0</ele>
   </trkpt>
   <trkpt lat="40.6581380" lon="-3.0618730">
    <ele>887.2</ele>
   </trkpt>
   <trkpt lat="40.6581340" lon="-3.0619050">
    <ele>887.4</ele>
   </trkpt>
   <trkpt lat="40.6581310" lon="-3.0619380">
    <ele>887.6</ele>
   </trkpt>
   <trkpt lat="40.6581310" lon="-3.0619610">
    <ele>887.8</ele>
   </trkpt>
   <trkpt lat="40.6581270" lon="-3.0619960">
    <ele>888.0</ele>
   </trkpt>
   <trkpt lat="40.6581270" lon="-3.0620380">
    <ele>888.2</ele>
   </trkpt>
   <trkpt lat="40.6581270" lon="-3.0620710">
    <ele>888.4</ele>
   </trkpt>
   <trkpt lat="40.6581270" lon="-3.0621060">
    <ele>888.6</ele>
   </trkpt>
   <trkpt lat="40.6581230" lon="-3.0621300">
    <ele>888.8</ele>
   </trkpt>
   <trkpt lat="40.6581150" lon="-3.0621630">
    <ele>889.0</ele>
   </trkpt>
   <trkpt lat="40.6581150" lon="-3.0622080">
    <ele>889.2</ele>
   </trkpt>
   <trkpt lat="40.6581150" lon="-3.0622480">
    <ele>889.4</ele>
   </trkpt>
   <trkpt lat="40.6581190" lon="-3.0622800">
    <ele>889.6</ele>
   </trkpt>
   <trkpt lat="40.6581230" lon="-3.0623080">
    <ele>889.8</ele>
   </trkpt>
   <trkpt lat="40.6581230" lon="-3.0623370">
    <ele>890.0</ele>
   </trkpt>
   <trkpt lat="40.6581230" lon="-3.0623650">
    <ele>890.2</ele>
   </trkpt>
   <trkpt lat="40.6581270" lon="-3.0623980">
    <ele>890.4</ele>
   </trkpt>
   <trkpt lat="40.6581340" lon="-3.0624320">
    <ele>890.6</ele>
   </trkpt>
   <trkpt lat="40.6581380" lon="-3.0624650">
    <ele>890.8</ele>
   </trkpt>
   <trkpt lat="40.6581380" lon="-3.0624950">
    <ele>891.0</ele>
   </trkpt>
   <trkpt lat="40.6581340" lon="-3.0625250">
    <ele>891.2</ele>
   </trkpt>
   <trkpt lat="40.6581380" lon="-3.0625520">
    <ele>891.4</ele>
   </trkpt>
   <trkpt lat="40.6581380" lon="-3.0625730">
    <ele>891.6</ele>
   </trkpt>
   <trkpt lat="40.6581420" lon="-3.0626060">
    <ele>891.8</ele>
   </trkpt>
   <trkpt lat="40.6581460" lon="-3.0626300">
    <ele>892.0</ele>
   </trkpt>
   <trkpt lat="40.6581420" lon="-3.0626530">
    <ele>892.2</ele>
   </trkpt>
   <trkpt lat="40.6581380" lon="-3.0626780">
    <ele>892.4</ele>
   </trkpt>
   <trkpt lat="40.6581380" lon="-3.0627010">
    <ele>892.6</ele>
   </trkpt>
   <trkpt lat="40.6581340" lon="-3.0627230">
    <ele>892.8</ele>
   </trkpt>
   <trkpt lat="40.6581310" lon="-3.0627480">
    <ele>893.0</ele>
   </trkpt>
   <trkpt lat="40.6581270" lon="-3.0627760">
    <ele>893.4</ele>
   </trkpt>
   <trkpt lat="40.6581270" lon="-3.0628150">
    <ele>893.6</ele>
   </trkpt>
   <trkpt lat="40.6581270" lon="-3.0628580">
    <ele>893.8</ele>
   </trkpt>
   <trkpt lat="40.6581230" lon="-3.0628950">
    <ele>894.0</ele>
   </trkpt>
   <trkpt lat="40.6581230" lon="-3.0629330">
    <ele>894.2</ele>
   </trkpt>
   <trkpt lat="40.6581270" lon="-3.0629730">
    <ele>894.4</ele>
   </trkpt>
   <trkpt lat="40.6581270" lon="-3.0630130">
    <ele>894.6</ele>
   </trkpt>
   <trkpt lat="40.6581380" lon="-3.0630530">
    <ele>894.8</ele>
   </trkpt>
   <trkpt lat="40.6581420" lon="-3.0630950">
    <ele>895.0</ele>
   </trkpt>
   <trkpt lat="40.6581500" lon="-3.0631380">
    <ele>895.2</ele>
   </trkpt>
   <trkpt lat="40.6581540" lon="-3.0631680">
    <ele>895.4</ele>
   </trkpt>
   <trkpt lat="40.6581650" lon="-3.0632110">
    <ele>895.6</ele>
   </trkpt>
   <trkpt lat="40.6581760" lon="-3.0632450">
    <ele>895.6</ele>
   </trkpt>
   <trkpt lat="40.6581920" lon="-3.0632780">
    <ele>895.8</ele>
   </trkpt>
   <trkpt lat="40.6582070" lon="-3.0633060">
    <ele>896.0</ele>
   </trkpt>
   <trkpt lat="40.6582220" lon="-3.0633350">
    <ele>896.2</ele>
   </trkpt>
   <trkpt lat="40.6582370" lon="-3.0633680">
    <ele>896.4</ele>
   </trkpt>
   <trkpt lat="40.6582530" lon="-3.0634060">
    <ele>896.6</ele>
   </trkpt>
   <trkpt lat="40.6582640" lon="-3.0634320">
    <ele>896.8</ele>
   </trkpt>
   <trkpt lat="40.6582830" lon="-3.0634650">
    <ele>897.0</ele>
   </trkpt>
   <trkpt lat="40.6582980" lon="-3.0634950">
    <ele>897.2</ele>
   </trkpt>
   <trkpt lat="40.6583060" lon="-3.0635160">
    <ele>897.4</ele>
   </trkpt>
   <trkpt lat="40.6583210" lon="-3.0635430">
    <ele>897.6</ele>
   </trkpt>
   <trkpt lat="40.6583400" lon="-3.0635660">
    <ele>898.0</ele>
   </trkpt>
   <trkpt lat="40.6583560" lon="-3.0635910">
    <ele>898.2</ele>
   </trkpt>
   <trkpt lat="40.6583710" lon="-3.0636170">
    <ele>898.4</ele>
   </trkpt>
   <trkpt lat="40.6583820" lon="-3.0636480">
    <ele>898.8</ele>
   </trkpt>
   <trkpt lat="40.6583900" lon="-3.0636780">
    <ele>899.0</ele>
   </trkpt>
   <trkpt lat="40.6583940" lon="-3.0637050">
    <ele>899.2</ele>
   </trkpt>
   <trkpt lat="40.6583980" lon="-3.0637360">
    <ele>899.4</ele>
   </trkpt>
   <trkpt lat="40.6584010" lon="-3.0637730">
    <ele>899.6</ele>
   </trkpt>
   <trkpt lat="40.6584050" lon="-3.0638030">
    <ele>899.8</ele>
   </trkpt>
   <trkpt lat="40.6584050" lon="-3.0638350">
    <ele>900.0</ele>
   </trkpt>
   <trkpt lat="40.6584050" lon="-3.0638670">
    <ele>900.2</ele>
   </trkpt>
   <trkpt lat="40.6584010" lon="-3.0638970">
    <ele>900.6</ele>
   </trkpt>
   <trkpt lat="40.6583980" lon="-3.0639300">
    <ele>900.8</ele>
   </trkpt>
   <trkpt lat="40.6583900" lon="-3.0639600">
    <ele>901.0</ele>
   </trkpt>
   <trkpt lat="40.6583860" lon="-3.0639850">
    <ele>901.2</ele>
   </trkpt>
   <trkpt lat="40.6583710" lon="-3.0640170">
    <ele>901.4</ele>
   </trkpt>
   <trkpt lat="40.6583560" lon="-3.0640430">
    <ele>901.6</ele>
   </trkpt>
   <trkpt lat="40.6583440" lon="-3.0640730">
    <ele>901.8</ele>
   </trkpt>
   <trkpt lat="40.6583370" lon="-3.0641050">
    <ele>902.0</ele>
   </trkpt>
   <trkpt lat="40.6583250" lon="-3.0641330">
    <ele>902.2</ele>
   </trkpt>
   <trkpt lat="40.6583100" lon="-3.0641650">
    <ele>902.4</ele>
   </trkpt>
   <trkpt lat="40.6582950" lon="-3.0642000">
    <ele>902.6</ele>
   </trkpt>
   <trkpt lat="40.6582830" lon="-3.0642280">
    <ele>902.8</ele>
   </trkpt>
   <trkpt lat="40.6582720" lon="-3.0642450">
    <ele>902.8</ele>
   </trkpt>
   <trkpt lat="40.6582640" lon="-3.0642700">
    <ele>903.0</ele>
   </trkpt>
   <trkpt lat="40.6582490" lon="-3.0642970">
    <ele>903.2</ele>
   </trkpt>
   <trkpt lat="40.6582370" lon="-3.0643220">
    <ele>903.4</ele>
   </trkpt>
   <trkpt lat="40.6582150" lon="-3.0643570">
    <ele>903.6</ele>
   </trkpt>
   <trkpt lat="40.6581950" lon="-3.0643910">
    <ele>903.8</ele>
   </trkpt>
   <trkpt lat="40.6581760" lon="-3.0644230">
    <ele>904.0</ele>
   </trkpt>
   <trkpt lat="40.6581570" lon="-3.0644450">
    <ele>904.2</ele>
   </trkpt>
   <trkpt lat="40.6581420" lon="-3.0644650">
    <ele>904.4</ele>
   </trkpt>
   <trkpt lat="40.6581270" lon="-3.0644980">
    <ele>904.6</ele>
   </trkpt>
   <trkpt lat="40.6581120" lon="-3.0645310">
    <ele>904.8</ele>
   </trkpt>
   <trkpt lat="40.6581000" lon="-3.0645610">
    <ele>905.0</ele>
   </trkpt>
   <trkpt lat="40.6580850" lon="-3.0645900">
    <ele>905.2</ele>
   </trkpt>
   <trkpt lat="40.6580660" lon="-3.0646230">
    <ele>905.4</ele>
   </trkpt>
   <trkpt lat="40.6580510" lon="-3.0646430">
    <ele>905.6</ele>
   </trkpt>
   <trkpt lat="40.6580310" lon="-3.0646780">
    <ele>906.0</ele>
   </trkpt>
   <trkpt lat="40.6580160" lon="-3.0647080">
    <ele>906.2</ele>
   </trkpt>
   <trkpt lat="40.6580050" lon="-3.0647310">
    <ele>906.4</ele>
   </trkpt>
   <trkpt lat="40.6579970" lon="-3.0647610">
    <ele>906.6</ele>
   </trkpt>
   <trkpt lat="40.6579860" lon="-3.0647930">
    <ele>906.8</ele>
   </trkpt>
   <trkpt lat="40.6579780" lon="-3.0648230">
    <ele>907.0</ele>
   </trkpt>
   <trkpt lat="40.6579670" lon="-3.0648580">
    <ele>907.2</ele>
   </trkpt>
   <trkpt lat="40.6579550" lon="-3.0648880">
    <ele>907.4</ele>
   </trkpt>
   <trkpt lat="40.6579480" lon="-3.0649120">
    <ele>907.6</ele>
   </trkpt>
   <trkpt lat="40.6579400" lon="-3.0649400">
    <ele>907.8</ele>
   </trkpt>
   <trkpt lat="40.6579250" lon="-3.0649750">
    <ele>907.8</ele>
   </trkpt>
   <trkpt lat="40.6579130" lon="-3.0650050">
    <ele>908.0</ele>
   </trkpt>
   <trkpt lat="40.6579090" lon="-3.0650280">
    <ele>908.2</ele>
   </trkpt>
   <trkpt lat="40.6578940" lon="-3.0650610">
    <ele>908.4</ele>
   </trkpt>
   <trkpt lat="40.6578860" lon="-3.0650880">
    <ele>908.8</ele>
   </trkpt>
   <trkpt lat="40.6578750" lon="-3.0651130">
    <ele>909.0</ele>
   </trkpt>
   <trkpt lat="40.6578640" lon="-3.0651410">
    <ele>909.2</ele>
   </trkpt>
   <trkpt lat="40.6578600" lon="-3.0651650">
    <ele>909.4</ele>
   </trkpt>
   <trkpt lat="40.6578480" lon="-3.0651930">
    <ele>909.6</ele>
   </trkpt>
   <trkpt lat="40.6578330" lon="-3.0652300">
    <ele>909.8</ele>
   </trkpt>
   <trkpt lat="40.6578220" lon="-3.0652530">
    <ele>910.0</ele>
   </trkpt>
   <trkpt lat="40.6578100" lon="-3.0652820">
    <ele>910.2</ele>
   </trkpt>
   <trkpt lat="40.6577990" lon="-3.0653160">
    <ele>910.4</ele>
   </trkpt>
   <trkpt lat="40.6577870" lon="-3.0653450">
    <ele>910.6</ele>
   </trkpt>
   <trkpt lat="40.6577760" lon="-3.0653730">
    <ele>910.8</ele>
   </trkpt>
   <trkpt lat="40.6577680" lon="-3.0653950">
    <ele>911.0</ele>
   </trkpt>
   <trkpt lat="40.6577570" lon="-3.0654230">
    <ele>911.2</ele>
   </trkpt>
   <trkpt lat="40.6577450" lon="-3.0654530">
    <ele>911.4</ele>
   </trkpt>
   <trkpt lat="40.6577340" lon="-3.0654880">
    <ele>911.6</ele>
   </trkpt>
   <trkpt lat="40.6577220" lon="-3.0655180">
    <ele>911.8</ele>
   </trkpt>
   <trkpt lat="40.6577150" lon="-3.0655420">
    <ele>912.0</ele>
   </trkpt>
   <trkpt lat="40.6577000" lon="-3.0655750">
    <ele>912.2</ele>
   </trkpt>
   <trkpt lat="40.6576880" lon="-3.0656050">
    <ele>912.4</ele>
   </trkpt>
   <trkpt lat="40.6576770" lon="-3.0656280">
    <ele>912.6</ele>
   </trkpt>
   <trkpt lat="40.6576610" lon="-3.0656620">
    <ele>912.6</ele>
   </trkpt>
   <trkpt lat="40.6576500" lon="-3.0656850">
    <ele>912.8</ele>
   </trkpt>
   <trkpt lat="40.6576350" lon="-3.0657180">
    <ele>913.0</ele>
   </trkpt>
   <trkpt lat="40.6576230" lon="-3.0657450">
    <ele>913.2</ele>
   </trkpt>
   <trkpt lat="40.6576120" lon="-3.0657680">
    <ele>913.4</ele>
   </trkpt>
   <trkpt lat="40.6575970" lon="-3.0657950">
    <ele>913.6</ele>
   </trkpt>
   <trkpt lat="40.6575810" lon="-3.0658270">
    <ele>913.8</ele>
   </trkpt>
   <trkpt lat="40.6575700" lon="-3.0658520">
    <ele>914.0</ele>
   </trkpt>
   <trkpt lat="40.6575550" lon="-3.0658780">
    <ele>914.2</ele>
   </trkpt>
   <trkpt lat="40.6575390" lon="-3.0659050">
    <ele>914.4</ele>
   </trkpt>
   <trkpt lat="40.6575200" lon="-3.0659300">
    <ele>914.6</ele>
   </trkpt>
   <trkpt lat="40.6575090" lon="-3.0659500">
    <ele>914.8</ele>
   </trkpt>
   <trkpt lat="40.6574940" lon="-3.0659720">
    <ele>915.0</ele>
   </trkpt>
   <trkpt lat="40.6574780" lon="-3.0659950">
    <ele>915.2</ele>
   </trkpt>
   <trkpt lat="40.6574590" lon="-3.0660220">
    <ele>915.2</ele>
   </trkpt>
   <trkpt lat="40.6574440" lon="-3.0660430">
    <ele>915.4</ele>
   </trkpt>
   <trkpt lat="40.6574250" lon="-3.0660670">
    <ele>915.6</ele>
   </trkpt>
   <trkpt lat="40.6574100" lon="-3.0660920">
    <ele>915.8</ele>
   </trkpt>
   <trkpt lat="40.6573910" lon="-3.0661150">
    <ele>916.0</ele>
   </trkpt>
   <trkpt lat="40.6573790" lon="-3.0661350">
    <ele>916.2</ele>
   </trkpt>
   <trkpt lat="40.6573600" lon="-3.0661630">
    <ele>916.4</ele>
   </trkpt>
   <trkpt lat="40.6573410" lon="-3.0661880">
    <ele>916.6</ele>
   </trkpt>
   <trkpt lat="40.6573220" lon="-3.0662110">
    <ele>916.8</ele>
   </trkpt>
   <trkpt lat="40.6573100" lon="-3.0662300">
    <ele>917.0</ele>
   </trkpt>
   <trkpt lat="40.6572950" lon="-3.0662550">
    <ele>917.2</ele>
   </trkpt>
   <trkpt lat="40.6572760" lon="-3.0662850">
    <ele>917.4</ele>
   </trkpt>
   <trkpt lat="40.6572610" lon="-3.0663050">
    <ele>917.6</ele>
   </trkpt>
   <trkpt lat="40.6572460" lon="-3.0663300">
    <ele>917.8</ele>
   </trkpt>
   <trkpt lat="40.6572270" lon="-3.0663600">
    <ele>917.8</ele>
   </trkpt>
   <trkpt lat="40.6572070" lon="-3.0663870">
    <ele>918.0</ele>
   </trkpt>
   <trkpt lat="40.6571920" lon="-3.0664130">
    <ele>918.2</ele>
   </trkpt>
   <trkpt lat="40.6571730" lon="-3.0664420">
    <ele>918.2</ele>
   </trkpt>
   <trkpt lat="40.6571620" lon="-3.0664610">
    <ele>918.4</ele>
   </trkpt>
   <trkpt lat="40.6571460" lon="-3.0664900">
    <ele>918.4</ele>
   </trkpt>
   <trkpt lat="40.6571240" lon="-3.0665250">
    <ele>918.6</ele>
   </trkpt>
   <trkpt lat="40.6571080" lon="-3.0665470">
    <ele>918.8</ele>
   </trkpt>
   <trkpt lat="40.6570890" lon="-3.0665750">
    <ele>918.8</ele>
   </trkpt>
   <trkpt lat="40.6570700" lon="-3.0666080">
    <ele>919.0</ele>
   </trkpt>
   <trkpt lat="40.6570550" lon="-3.0666400">
    <ele>919.2</ele>
   </trkpt>
   <trkpt lat="40.6570400" lon="-3.0666660">
    <ele>919.2</ele>
   </trkpt>
   <trkpt lat="40.6570210" lon="-3.0666980">
    <ele>919.4</ele>
   </trkpt>
   <trkpt lat="40.6570010" lon="-3.0667310">
    <ele>919.6</ele>
   </trkpt>
   <trkpt lat="40.6569900" lon="-3.0667660">
    <ele>919.6</ele>
   </trkpt>
   <trkpt lat="40.6569750" lon="-3.0668120">
    <ele>919.8</ele>
   </trkpt>
   <trkpt lat="40.6569630" lon="-3.0668480">
    <ele>920.0</ele>
   </trkpt>
   <trkpt lat="40.6569520" lon="-3.0668780">
    <ele>920.0</ele>
   </trkpt>
   <trkpt lat="40.6569440" lon="-3.0669230">
    <ele>920.2</ele>
   </trkpt>
   <trkpt lat="40.6569370" lon="-3.0669530">
    <ele>920.2</ele>
   </trkpt>
   <trkpt lat="40.6569330" lon="-3.0669910">
    <ele>920.4</ele>
   </trkpt>
   <trkpt lat="40.6569250" lon="-3.0670310">
    <ele>920.4</ele>
   </trkpt>
   <trkpt lat="40.6569210" lon="-3.0670710">
    <ele>920.6</ele>
   </trkpt>
   <trkpt lat="40.6569140" lon="-3.0671100">
    <ele>920.8</ele>
   </trkpt>
   <trkpt lat="40.6569100" lon="-3.0671560">
    <ele>920.8</ele>
   </trkpt>
   <trkpt lat="40.6569060" lon="-3.0671860">
    <ele>921.0</ele>
   </trkpt>
   <trkpt lat="40.6568990" lon="-3.0672260">
    <ele>921.2</ele>
   </trkpt>
   <trkpt lat="40.6568950" lon="-3.0672680">
    <ele>921.2</ele>
   </trkpt>
   <trkpt lat="40.6568870" lon="-3.0673100">
    <ele>921.4</ele>
   </trkpt>
   <trkpt lat="40.6568830" lon="-3.0673510">
    <ele>921.6</ele>
   </trkpt>
   <trkpt lat="40.6568790" lon="-3.0673930">
    <ele>921.8</ele>
   </trkpt>
   <trkpt lat="40.6568760" lon="-3.0674330">
    <ele>921.8</ele>
   </trkpt>
   <trkpt lat="40.6568720" lon="-3.0674760">
    <ele>922.0</ele>
   </trkpt>
   <trkpt lat="40.6568600" lon="-3.0675280">
    <ele>922.2</ele>
   </trkpt>
   <trkpt lat="40.6568570" lon="-3.0675680">
    <ele>922.4</ele>
   </trkpt>
   <trkpt lat="40.6568530" lon="-3.0676010">
    <ele>922.4</ele>
   </trkpt>
   <trkpt lat="40.6568490" lon="-3.0676430">
    <ele>922.6</ele>
   </trkpt>
   <trkpt lat="40.6568450" lon="-3.0676930">
    <ele>922.8</ele>
   </trkpt>
   <trkpt lat="40.6568370" lon="-3.0677330">
    <ele>923.0</ele>
   </trkpt>
   <trkpt lat="40.6568300" lon="-3.0677730">
    <ele>923.0</ele>
   </trkpt>
   <trkpt lat="40.6568180" lon="-3.0678160">
    <ele>923.2</ele>
   </trkpt>
   <trkpt lat="40.6568150" lon="-3.0678520">
    <ele>923.2</ele>
   </trkpt>
   <trkpt lat="40.6568030" lon="-3.0679050">
    <ele>923.4</ele>
   </trkpt>
   <trkpt lat="40.6567920" lon="-3.0679430">
    <ele>923.4</ele>
   </trkpt>
   <trkpt lat="40.6567840" lon="-3.0679750">
    <ele>923.6</ele>
   </trkpt>
   <trkpt lat="40.6567760" lon="-3.0680150">
    <ele>923.8</ele>
   </trkpt>
   <trkpt lat="40.6567650" lon="-3.0680530">
    <ele>923.8</ele>
   </trkpt>
   <trkpt lat="40.6567500" lon="-3.0680910">
    <ele>924.0</ele>
   </trkpt>
   <trkpt lat="40.6567340" lon="-3.0681320">
    <ele>924.2</ele>
   </trkpt>
   <trkpt lat="40.6567190" lon="-3.0681660">
    <ele>924.4</ele>
   </trkpt>
   <trkpt lat="40.6567040" lon="-3.0682120">
    <ele>924.4</ele>
   </trkpt>
   <trkpt lat="40.6566850" lon="-3.0682480">
    <ele>924.6</ele>
   </trkpt>
   <trkpt lat="40.6566700" lon="-3.0682810">
    <ele>924.8</ele>
   </trkpt>
   <trkpt lat="40.6566540" lon="-3.0683120">
    <ele>924.8</ele>
   </trkpt>
   <trkpt lat="40.6566350" lon="-3.0683450">
    <ele>925.0</ele>
   </trkpt>
   <trkpt lat="40.6566120" lon="-3.0683850">
    <ele>925.0</ele>
   </trkpt>
   <trkpt lat="40.6565930" lon="-3.0684180">
    <ele>925.0</ele>
   </trkpt>
   <trkpt lat="40.6565820" lon="-3.0684450">
    <ele>925.2</ele>
   </trkpt>
   <trkpt lat="40.6565590" lon="-3.0684870">
    <ele>925.2</ele>
   </trkpt>
   <trkpt lat="40.6565400" lon="-3.0685170">
    <ele>925.2</ele>
   </trkpt>
   <trkpt lat="40.6565210" lon="-3.0685550">
    <ele>925.4</ele>
   </trkpt>
   <trkpt lat="40.6564980" lon="-3.0686010">
    <ele>925.4</ele>
   </trkpt>
   <trkpt lat="40.6564790" lon="-3.0686320">
    <ele>925.6</ele>
   </trkpt>
   <trkpt lat="40.6564560" lon="-3.0686700">
    <ele>925.6</ele>
   </trkpt>
   <trkpt lat="40.6564370" lon="-3.0687170">
    <ele>925.8</ele>
   </trkpt>
   <trkpt lat="40.6564220" lon="-3.0687600">
    <ele>925.8</ele>
   </trkpt>
   <trkpt lat="40.6564100" lon="-3.0687930">
    <ele>926.0</ele>
   </trkpt>
   <trkpt lat="40.6563910" lon="-3.0688460">
    <ele>926.0</ele>
   </trkpt>
   <trkpt lat="40.6563800" lon="-3.0688830">
    <ele>926.2</ele>
   </trkpt>
   <trkpt lat="40.6563640" lon="-3.0689260">
    <ele>926.2</ele>
   </trkpt>
   <trkpt lat="40.6563490" lon="-3.0689690">
    <ele>926.4</ele>
   </trkpt>
   <trkpt lat="40.6563380" lon="-3.0690130">
    <ele>926.6</ele>
   </trkpt>
   <trkpt lat="40.6563260" lon="-3.0690620">
    <ele>926.6</ele>
   </trkpt>
   <trkpt lat="40.6563150" lon="-3.0691080">
    <ele>926.8</ele>
   </trkpt>
   <trkpt lat="40.6563030" lon="-3.0691550">
    <ele>927.0</ele>
   </trkpt>
   <trkpt lat="40.6562880" lon="-3.0692100">
    <ele>927.0</ele>
   </trkpt>
   <trkpt lat="40.6562810" lon="-3.0692460">
    <ele>927.0</ele>
   </trkpt>
   <trkpt lat="40.6562690" lon="-3.0692910">
    <ele>927.2</ele>
   </trkpt>
   <trkpt lat="40.6562540" lon="-3.0693430">
    <ele>927.4</ele>
   </trkpt>
   <trkpt lat="40.6562460" lon="-3.0693780">
    <ele>927.6</ele>
   </trkpt>
   <trkpt lat="40.6562390" lon="-3.0694220">
    <ele>927.6</ele>
   </trkpt>
   <trkpt lat="40.6562270" lon="-3.0694630">
    <ele>927.8</ele>
   </trkpt>
   <trkpt lat="40.6562160" lon="-3.0695100">
    <ele>927.8</ele>
   </trkpt>
   <trkpt lat="40.6562000" lon="-3.0695610">
    <ele>928.0</ele>
   </trkpt>
   <trkpt lat="40.6561930" lon="-3.0696100">
    <ele>928.2</ele>
   </trkpt>
   <trkpt lat="40.6561850" lon="-3.0696440">
    <ele>928.2</ele>
   </trkpt>
   <trkpt lat="40.6561740" lon="-3.0696880">
    <ele>928.4</ele>
   </trkpt>
   <trkpt lat="40.6561620" lon="-3.0697400">
    <ele>928.4</ele>
   </trkpt>
   <trkpt lat="40.6561510" lon="-3.0697750">
    <ele>928.6</ele>
   </trkpt>
   <trkpt lat="40.6561390" lon="-3.0698160">
    <ele>928.6</ele>
   </trkpt>
   <trkpt lat="40.6561280" lon="-3.0698580">
    <ele>928.8</ele>
   </trkpt>
   <trkpt lat="40.6561160" lon="-3.0699010">
    <ele>929.0</ele>
   </trkpt>
   <trkpt lat="40.6561050" lon="-3.0699450">
    <ele>929.0</ele>
   </trkpt>
   <trkpt lat="40.6560900" lon="-3.0699950">
    <ele>929.2</ele>
   </trkpt>
   <trkpt lat="40.6560780" lon="-3.0700370">
    <ele>929.4</ele>
   </trkpt>
   <trkpt lat="40.6560710" lon="-3.0700700">
    <ele>929.4</ele>
   </trkpt>
   <trkpt lat="40.6560550" lon="-3.0701100">
    <ele>929.6</ele>
   </trkpt>
   <trkpt lat="40.6560360" lon="-3.0701570">
    <ele>929.8</ele>
   </trkpt>
   <trkpt lat="40.6560250" lon="-3.0701880">
    <ele>929.8</ele>
   </trkpt>
   <trkpt lat="40.6560060" lon="-3.0702300">
    <ele>930.0</ele>
   </trkpt>
   <trkpt lat="40.6559910" lon="-3.0702680">
    <ele>930.0</ele>
   </trkpt>
   <trkpt lat="40.6559710" lon="-3.0703160">
    <ele>930.2</ele>
   </trkpt>
   <trkpt lat="40.6559600" lon="-3.0703460">
    <ele>930.2</ele>
   </trkpt>
   <trkpt lat="40.6559410" lon="-3.0703880">
    <ele>930.4</ele>
   </trkpt>
   <trkpt lat="40.6559180" lon="-3.0704350">
    <ele>930.4</ele>
   </trkpt>
   <trkpt lat="40.6558990" lon="-3.0704750">
    <ele>930.6</ele>
   </trkpt>
   <trkpt lat="40.6558800" lon="-3.0705130">
    <ele>930.6</ele>
   </trkpt>
   <trkpt lat="40.6558610" lon="-3.0705500">
    <ele>930.8</ele>
   </trkpt>
   <trkpt lat="40.6558460" lon="-3.0705800">
    <ele>931.0</ele>
   </trkpt>
   <trkpt lat="40.6558230" lon="-3.0706200">
    <ele>931.0</ele>
   </trkpt>
   <trkpt lat="40.6558040" lon="-3.0706610">
    <ele>931.2</ele>
   </trkpt>
   <trkpt lat="40.6557850" lon="-3.0707010">
    <ele>931.2</ele>
   </trkpt>
   <trkpt lat="40.6557620" lon="-3.0707380">
    <ele>931.4</ele>
   </trkpt>
   <trkpt lat="40.6557430" lon="-3.0707780">
    <ele>931.6</ele>
   </trkpt>
   <trkpt lat="40.6557240" lon="-3.0708130">
    <ele>931.8</ele>
   </trkpt>
   <trkpt lat="40.6557010" lon="-3.0708510">
    <ele>932.0</ele>
   </trkpt>
   <trkpt lat="40.6556820" lon="-3.0708820">
    <ele>932.2</ele>
   </trkpt>
   <trkpt lat="40.6556630" lon="-3.0709060">
    <ele>932.4</ele>
   </trkpt>
   <trkpt lat="40.6556470" lon="-3.0709260">
    <ele>932.6</ele>
   </trkpt>
   <trkpt lat="40.6556240" lon="-3.0709560">
    <ele>932.8</ele>
   </trkpt>
   <trkpt lat="40.6556010" lon="-3.0709850">
    <ele>932.8</ele>
   </trkpt>
   <trkpt lat="40.6555900" lon="-3.0710070">
    <ele>933.0</ele>
   </trkpt>
   <trkpt lat="40.6555750" lon="-3.0710300">
    <ele>933.2</ele>
   </trkpt>
   <trkpt lat="40.6555560" lon="-3.0710560">
    <ele>933.2</ele>
   </trkpt>
   <trkpt lat="40.6555370" lon="-3.0710810">
    <ele>933.4</ele>
   </trkpt>
   <trkpt lat="40.6555180" lon="-3.0711130">
    <ele>933.6</ele>
   </trkpt>
   <trkpt lat="40.6554980" lon="-3.0711330">
    <ele>933.8</ele>
   </trkpt>
   <trkpt lat="40.6554830" lon="-3.0711550">
    <ele>934.0</ele>
   </trkpt>
   <trkpt lat="40.6554560" lon="-3.0711860">
    <ele>934.2</ele>
   </trkpt>
   <trkpt lat="40.6554370" lon="-3.0712080">
    <ele>934.6</ele>
   </trkpt>
   <trkpt lat="40.6554220" lon="-3.0712250">
    <ele>934.8</ele>
   </trkpt>
   <trkpt lat="40.6554030" lon="-3.0712500">
    <ele>935.0</ele>
   </trkpt>
   <trkpt lat="40.6553920" lon="-3.0712780">
    <ele>935.2</ele>
   </trkpt>
   <trkpt lat="40.6553730" lon="-3.0713080">
    <ele>935.4</ele>
   </trkpt>
   <trkpt lat="40.6553540" lon="-3.0713400">
    <ele>935.4</ele>
   </trkpt>
   <trkpt lat="40.6553310" lon="-3.0713800">
    <ele>935.6</ele>
   </trkpt>
   <trkpt lat="40.6553190" lon="-3.0714130">
    <ele>935.8</ele>
   </trkpt>
   <trkpt lat="40.6553000" lon="-3.0714560">
    <ele>936.2</ele>
   </trkpt>
   <trkpt lat="40.6552850" lon="-3.0715020">
    <ele>936.4</ele>
   </trkpt>
   <trkpt lat="40.6552730" lon="-3.0715300">
    <ele>936.6</ele>
   </trkpt>
   <trkpt lat="40.6552660" lon="-3.0715630">
    <ele>936.8</ele>
   </trkpt>
   <trkpt lat="40.6552580" lon="-3.0715970">
    <ele>937.2</ele>
   </trkpt>
   <trkpt lat="40.6552470" lon="-3.0716370">
    <ele>937.4</ele>
   </trkpt>
   <trkpt lat="40.6552430" lon="-3.0716670">
    <ele>937.6</ele>
   </trkpt>
   <trkpt lat="40.6552310" lon="-3.0717020">
    <ele>938.0</ele>
   </trkpt>
   <trkpt lat="40.6552280" lon="-3.0717350">
    <ele>938.2</ele>
   </trkpt>
   <trkpt lat="40.6552200" lon="-3.0717750">
    <ele>938.4</ele>
   </trkpt>
   <trkpt lat="40.6552120" lon="-3.0718000">
    <ele>938.8</ele>
   </trkpt>
   <trkpt lat="40.6552050" lon="-3.0718380">
    <ele>939.0</ele>
   </trkpt>
   <trkpt lat="40.6551970" lon="-3.0718630">
    <ele>939.2</ele>
   </trkpt>
   <trkpt lat="40.6551900" lon="-3.0718950">
    <ele>939.4</ele>
   </trkpt>
   <trkpt lat="40.6551780" lon="-3.0719260">
    <ele>939.6</ele>
   </trkpt>
   <trkpt lat="40.6551670" lon="-3.0719660">
    <ele>939.8</ele>
   </trkpt>
   <trkpt lat="40.6551550" lon="-3.0720020">
    <ele>940.0</ele>
   </trkpt>
   <trkpt lat="40.6551480" lon="-3.0720270">
    <ele>940.2</ele>
   </trkpt>
   <trkpt lat="40.6551320" lon="-3.0720570">
    <ele>940.4</ele>
   </trkpt>
   <trkpt lat="40.6551170" lon="-3.0720860">
    <ele>940.6</ele>
   </trkpt>
   <trkpt lat="40.6551020" lon="-3.0721180">
    <ele>940.8</ele>
   </trkpt>
   <trkpt lat="40.6550830" lon="-3.0721550">
    <ele>941.0</ele>
   </trkpt>
   <trkpt lat="40.6550640" lon="-3.0721850">
    <ele>941.2</ele>
   </trkpt>
   <trkpt lat="40.6550450" lon="-3.0722170">
    <ele>941.4</ele>
   </trkpt>
   <trkpt lat="40.6550330" lon="-3.0722400">
    <ele>941.6</ele>
   </trkpt>
   <trkpt lat="40.6550140" lon="-3.0722720">
    <ele>941.8</ele>
   </trkpt>
   <trkpt lat="40.6549990" lon="-3.0723020">
    <ele>942.0</ele>
   </trkpt>
   <trkpt lat="40.6549840" lon="-3.0723270">
    <ele>942.2</ele>
   </trkpt>
   <trkpt lat="40.6549640" lon="-3.0723520">
    <ele>942.4</ele>
   </trkpt>
   <trkpt lat="40.6549450" lon="-3.0723850">
    <ele>942.6</ele>
   </trkpt>
   <trkpt lat="40.6549300" lon="-3.0724070">
    <ele>942.8</ele>
   </trkpt>
   <trkpt lat="40.6549150" lon="-3.0724350">
    <ele>943.0</ele>
   </trkpt>
   <trkpt lat="40.6548960" lon="-3.0724660">
    <ele>943.0</ele>
   </trkpt>
   <trkpt lat="40.6548800" lon="-3.0724880">
    <ele>943.2</ele>
   </trkpt>
   <trkpt lat="40.6548610" lon="-3.0725150">
    <ele>943.4</ele>
   </trkpt>
   <trkpt lat="40.6548420" lon="-3.0725420">
    <ele>943.6</ele>
   </trkpt>
   <trkpt lat="40.6548230" lon="-3.0725670">
    <ele>943.6</ele>
   </trkpt>
   <trkpt lat="40.6548040" lon="-3.0725930">
    <ele>943.8</ele>
   </trkpt>
   <trkpt lat="40.6547850" lon="-3.0726180">
    <ele>943.8</ele>
   </trkpt>
   <trkpt lat="40.6547660" lon="-3.0726430">
    <ele>944.0</ele>
   </trkpt>
   <trkpt lat="40.6547470" lon="-3.0726670">
    <ele>944.0</ele>
   </trkpt>
   <trkpt lat="40.6547280" lon="-3.0726910">
    <ele>944.0</ele>
   </trkpt>
   <trkpt lat="40.6547050" lon="-3.0727220">
    <ele>944.2</ele>
   </trkpt>
   <trkpt lat="40.6546860" lon="-3.0727420">
    <ele>944.2</ele>
   </trkpt>
   <trkpt lat="40.6546670" lon="-3.0727680">
    <ele>944.4</ele>
   </trkpt>
   <trkpt lat="40.6546440" lon="-3.0727960">
    <ele>944.4</ele>
   </trkpt>
   <trkpt lat="40.6546170" lon="-3.0728300">
    <ele>944.6</ele>
   </trkpt>
   <trkpt lat="40.6545940" lon="-3.0728580">
    <ele>944.6</ele>
   </trkpt>
   <trkpt lat="40.6545720" lon="-3.0728870">
    <ele>944.6</ele>
   </trkpt>
   <trkpt lat="40.6545520" lon="-3.0729100">
    <ele>944.8</ele>
   </trkpt>
   <trkpt lat="40.6545260" lon="-3.0729400">
    <ele>944.8</ele>
   </trkpt>
   <trkpt lat="40.6544990" lon="-3.0729730">
    <ele>944.8</ele>
   </trkpt>
   <trkpt lat="40.6544690" lon="-3.0730100">
    <ele>945.0</ele>
   </trkpt>
   <trkpt lat="40.6544460" lon="-3.0730350">
    <ele>945.0</ele>
   </trkpt>
   <trkpt lat="40.6544190" lon="-3.0730680">
    <ele>945.0</ele>
   </trkpt>
   <trkpt lat="40.6543880" lon="-3.0731050">
    <ele>945.2</ele>
   </trkpt>
   <trkpt lat="40.6543580" lon="-3.0731450">
    <ele>945.2</ele>
   </trkpt>
   <trkpt lat="40.6543350" lon="-3.0731700">
    <ele>945.2</ele>
   </trkpt>
   <trkpt lat="40.6543040" lon="-3.0732020">
    <ele>945.4</ele>
   </trkpt>
   <trkpt lat="40.6542700" lon="-3.0732410">
    <ele>945.4</ele>
   </trkpt>
   <trkpt lat="40.6542470" lon="-3.0732670">
    <ele>945.4</ele>
   </trkpt>
   <trkpt lat="40.6542210" lon="-3.0732980">
    <ele>945.4</ele>
   </trkpt>
   <trkpt lat="40.6541900" lon="-3.0733320">
    <ele>945.4</ele>
   </trkpt>
   <trkpt lat="40.6541630" lon="-3.0733630">
    <ele>945.6</ele>
   </trkpt>
   <trkpt lat="40.6541370" lon="-3.0733950">
    <ele>945.6</ele>
   </trkpt>
   <trkpt lat="40.6541020" lon="-3.0734400">
    <ele>945.8</ele>
   </trkpt>
   <trkpt lat="40.6540760" lon="-3.0734750">
    <ele>945.8</ele>
   </trkpt>
   <trkpt lat="40.6540490" lon="-3.0735100">
    <ele>946.0</ele>
   </trkpt>
   <trkpt lat="40.6540260" lon="-3.0735350">
    <ele>946.0</ele>
   </trkpt>
   <trkpt lat="40.6539960" lon="-3.0735680">
    <ele>946.0</ele>
   </trkpt>
   <trkpt lat="40.6539570" lon="-3.0736070">
    <ele>946.2</ele>
   </trkpt>
   <trkpt lat="40.6539310" lon="-3.0736330">
    <ele>946.2</ele>
   </trkpt>
   <trkpt lat="40.6539120" lon="-3.0736590">
    <ele>946.2</ele>
   </trkpt>
   <trkpt lat="40.6538770" lon="-3.0736970">
    <ele>946.4</ele>
   </trkpt>
   <trkpt lat="40.6538390" lon="-3.0737400">
    <ele>946.6</ele>
   </trkpt>
   <trkpt lat="40.6538160" lon="-3.0737680">
    <ele>946.8</ele>
   </trkpt>
   <trkpt lat="40.6537860" lon="-3.0738030">
    <ele>947.0</ele>
   </trkpt>
   <trkpt lat="40.6537550" lon="-3.0738380">
    <ele>947.0</ele>
   </trkpt>
   <trkpt lat="40.6537250" lon="-3.0738760">
    <ele>947.2</ele>
   </trkpt>
   <trkpt lat="40.6536860" lon="-3.0739160">
    <ele>947.2</ele>
   </trkpt>
   <trkpt lat="40.6536600" lon="-3.0739450">
    <ele>947.4</ele>
   </trkpt>
   <trkpt lat="40.6536290" lon="-3.0739830">
    <ele>947.4</ele>
   </trkpt>
   <trkpt lat="40.6535950" lon="-3.0740310">
    <ele>947.6</ele>
   </trkpt>
   <trkpt lat="40.6535680" lon="-3.0740620">
    <ele>947.6</ele>
   </trkpt>
   <trkpt lat="40.6535340" lon="-3.0741010">
    <ele>947.8</ele>
   </trkpt>
   <trkpt lat="40.6535030" lon="-3.0741400">
    <ele>948.0</ele>
   </trkpt>
   <trkpt lat="40.6534730" lon="-3.0741750">
    <ele>948.2</ele>
   </trkpt>
   <trkpt lat="40.6534390" lon="-3.0742120">
    <ele>948.4</ele>
   </trkpt>
   <trkpt lat="40.6534160" lon="-3.0742400">
    <ele>948.6</ele>
   </trkpt>
   <trkpt lat="40.6533850" lon="-3.0742780">
    <ele>948.8</ele>
   </trkpt>
   <trkpt lat="40.6533660" lon="-3.0743020">
    <ele>949.0</ele>
   </trkpt>
   <trkpt lat="40.6533360" lon="-3.0743380">
    <ele>949.2</ele>
   </trkpt>
   <trkpt lat="40.6533170" lon="-3.0743620">
    <ele>949.4</ele>
   </trkpt>
   <trkpt lat="40.6532900" lon="-3.0743880">
    <ele>949.6</ele>
   </trkpt>
   <trkpt lat="40.6532670" lon="-3.0744150">
    <ele>949.8</ele>
   </trkpt>
   <trkpt lat="40.6532440" lon="-3.0744400">
    <ele>950.2</ele>
   </trkpt>
   <trkpt lat="40.6532210" lon="-3.0744670">
    <ele>950.4</ele>
   </trkpt>
   <trkpt lat="40.6531940" lon="-3.0745020">
    <ele>950.6</ele>
   </trkpt>
   <trkpt lat="40.6531750" lon="-3.0745280">
    <ele>950.8</ele>
   </trkpt>
   <trkpt lat="40.6531520" lon="-3.0745560">
    <ele>951.0</ele>
   </trkpt>
   <trkpt lat="40.6531220" lon="-3.0745890">
    <ele>951.2</ele>
   </trkpt>
   <trkpt lat="40.6531030" lon="-3.0746110">
    <ele>951.4</ele>
   </trkpt>
   <trkpt lat="40.6530760" lon="-3.0746360">
    <ele>951.6</ele>
   </trkpt>
   <trkpt lat="40.6530530" lon="-3.0746640">
    <ele>951.8</ele>
   </trkpt>
   <trkpt lat="40.6530300" lon="-3.0746960">
    <ele>952.0</ele>
   </trkpt>
   <trkpt lat="40.6530110" lon="-3.0747320">
    <ele>952.0</ele>
   </trkpt>
   <trkpt lat="40.6529850" lon="-3.0747720">
    <ele>952.2</ele>
   </trkpt>
   <trkpt lat="40.6529660" lon="-3.0747990">
    <ele>952.4</ele>
   </trkpt>
   <trkpt lat="40.6529390" lon="-3.0748370">
    <ele>952.6</ele>
   </trkpt>
   <trkpt lat="40.6529240" lon="-3.0748640">
    <ele>952.8</ele>
   </trkpt>
   <trkpt lat="40.6529040" lon="-3.0748970">
    <ele>953.0</ele>
   </trkpt>
   <trkpt lat="40.6528820" lon="-3.0749390">
    <ele>953.0</ele>
   </trkpt>
   <trkpt lat="40.6528700" lon="-3.0749710">
    <ele>953.2</ele>
   </trkpt>
   <trkpt lat="40.6528510" lon="-3.0750070">
    <ele>953.2</ele>
   </trkpt>
   <trkpt lat="40.6528240" lon="-3.0750500">
    <ele>953.4</ele>
   </trkpt>
   <trkpt lat="40.6528090" lon="-3.0750810">
    <ele>953.4</ele>
   </trkpt>
   <trkpt lat="40.6527900" lon="-3.0751170">
    <ele>953.6</ele>
   </trkpt>
   <trkpt lat="40.6527710" lon="-3.0751550">
    <ele>953.6</ele>
   </trkpt>
   <trkpt lat="40.6527480" lon="-3.0751940">
    <ele>953.8</ele>
   </trkpt>
   <trkpt lat="40.6527290" lon="-3.0752340">
    <ele>953.8</ele>
   </trkpt>
   <trkpt lat="40.6527020" lon="-3.0752800">
    <ele>954.0</ele>
   </trkpt>
   <trkpt lat="40.6526830" lon="-3.0753100">
    <ele>954.0</ele>
   </trkpt>
   <trkpt lat="40.6526600" lon="-3.0753470">
    <ele>954.0</ele>
   </trkpt>
   <trkpt lat="40.6526340" lon="-3.0753920">
    <ele>954.2</ele>
   </trkpt>
   <trkpt lat="40.6526150" lon="-3.0754230">
    <ele>954.4</ele>
   </trkpt>
   <trkpt lat="40.6525920" lon="-3.0754570">
    <ele>954.6</ele>
   </trkpt>
   <trkpt lat="40.6525650" lon="-3.0754920">
    <ele>954.6</ele>
   </trkpt>
   <trkpt lat="40.6525340" lon="-3.0755270">
    <ele>954.8</ele>
   </trkpt>
   <trkpt lat="40.6525000" lon="-3.0755620">
    <ele>954.8</ele>
   </trkpt>
   <trkpt lat="40.6524730" lon="-3.0755900">
    <ele>954.8</ele>
   </trkpt>
   <trkpt lat="40.6524510" lon="-3.0756120">
    <ele>955.0</ele>
   </trkpt>
   <trkpt lat="40.6524160" lon="-3.0756440">
    <ele>955.0</ele>
   </trkpt>
   <trkpt lat="40.6523820" lon="-3.0756750">
    <ele>955.0</ele>
   </trkpt>
   <trkpt lat="40.6523440" lon="-3.0757070">
    <ele>955.0</ele>
   </trkpt>
   <trkpt lat="40.6523060" lon="-3.0757460">
    <ele>955.0</ele>
   </trkpt>
   <trkpt lat="40.6522710" lon="-3.0757740">
    <ele>955.0</ele>
   </trkpt>
   <trkpt lat="40.6522290" lon="-3.0758080">
    <ele>955.0</ele>
   </trkpt>
   <trkpt lat="40.6521870" lon="-3.0758420">
    <ele>955.2</ele>
   </trkpt>
   <trkpt lat="40.6521450" lon="-3.0758750">
    <ele>955.2</ele>
   </trkpt>
   <trkpt lat="40.6521110" lon="-3.0759000">
    <ele>955.2</ele>
   </trkpt>
   <trkpt lat="40.6520730" lon="-3.0759280">
    <ele>955.0</ele>
   </trkpt>
   <trkpt lat="40.6520310" lon="-3.0759570">
    <ele>955.0</ele>
   </trkpt>
   <trkpt lat="40.6519890" lon="-3.0759930">
    <ele>955.0</ele>
   </trkpt>
   <trkpt lat="40.6519360" lon="-3.0760370">
    <ele>955.0</ele>
   </trkpt>
   <trkpt lat="40.6518900" lon="-3.0760730">
    <ele>954.8</ele>
   </trkpt>
   <trkpt lat="40.6518550" lon="-3.0761050">
    <ele>954.8</ele>
   </trkpt>
   <trkpt lat="40.6518100" lon="-3.0761410">
    <ele>954.6</ele>
   </trkpt>
   <trkpt lat="40.6517640" lon="-3.0761800">
    <ele>954.6</ele>
   </trkpt>
   <trkpt lat="40.6517180" lon="-3.0762160">
    <ele>954.6</ele>
   </trkpt>
   <trkpt lat="40.6516720" lon="-3.0762530">
    <ele>954.6</ele>
   </trkpt>
   <trkpt lat="40.6516270" lon="-3.0762900">
    <ele>954.6</ele>
   </trkpt>
   <trkpt lat="40.6515810" lon="-3.0763260">
    <ele>954.8</ele>
   </trkpt>
   <trkpt lat="40.6515270" lon="-3.0763700">
    <ele>954.8</ele>
   </trkpt>
   <trkpt lat="40.6514930" lon="-3.0764000">
    <ele>954.8</ele>
   </trkpt>
   <trkpt lat="40.6514470" lon="-3.0764360">
    <ele>954.8</ele>
   </trkpt>
   <trkpt lat="40.6513940" lon="-3.0764820">
    <ele>955.0</ele>
   </trkpt>
   <trkpt lat="40.6513600" lon="-3.0765110">
    <ele>955.0</ele>
   </trkpt>
   <trkpt lat="40.6513140" lon="-3.0765480">
    <ele>955.2</ele>
   </trkpt>
   <trkpt lat="40.6512720" lon="-3.0765830">
    <ele>955.2</ele>
   </trkpt>
   <trkpt lat="40.6512340" lon="-3.0766160">
    <ele>955.4</ele>
   </trkpt>
   <trkpt lat="40.6511920" lon="-3.0766550">
    <ele>955.6</ele>
   </trkpt>
   <trkpt lat="40.6511380" lon="-3.0766950">
    <ele>955.6</ele>
   </trkpt>
   <trkpt lat="40.6511040" lon="-3.0767230">
    <ele>955.8</ele>
   </trkpt>
   <trkpt lat="40.6510620" lon="-3.0767580">
    <ele>956.0</ele>
   </trkpt>
   <trkpt lat="40.6510120" lon="-3.0767970">
    <ele>956.0</ele>
   </trkpt>
   <trkpt lat="40.6509740" lon="-3.0768300">
    <ele>956.2</ele>
   </trkpt>
   <trkpt lat="40.6509400" lon="-3.0768570">
    <ele>956.4</ele>
   </trkpt>
   <trkpt lat="40.6509060" lon="-3.0768860">
    <ele>956.6</ele>
   </trkpt>
   <trkpt lat="40.6508710" lon="-3.0769160">
    <ele>956.8</ele>
   </trkpt>
   <trkpt lat="40.6508370" lon="-3.0769450">
    <ele>957.0</ele>
   </trkpt>
   <trkpt lat="40.6507950" lon="-3.0769800">
    <ele>957.2</ele>
   </trkpt>
   <trkpt lat="40.6507610" lon="-3.0770080">
    <ele>957.4</ele>
   </trkpt>
   <trkpt lat="40.6507260" lon="-3.0770400">
    <ele>957.6</ele>
   </trkpt>
   <trkpt lat="40.6507000" lon="-3.0770670">
    <ele>957.8</ele>
   </trkpt>
   <trkpt lat="40.6506650" lon="-3.0770980">
    <ele>958.0</ele>
   </trkpt>
   <trkpt lat="40.6506230" lon="-3.0771360">
    <ele>958.2</ele>
   </trkpt>
   <trkpt lat="40.6505970" lon="-3.0771610">
    <ele>958.2</ele>
   </trkpt>
   <trkpt lat="40.6505580" lon="-3.0771930">
    <ele>958.4</ele>
   </trkpt>
   <trkpt lat="40.6505240" lon="-3.0772250">
    <ele>958.6</ele>
   </trkpt>
   <trkpt lat="40.6504860" lon="-3.0772630">
    <ele>958.8</ele>
   </trkpt>
   <trkpt lat="40.6504520" lon="-3.0773000">
    <ele>959.0</ele>
   </trkpt>
   <trkpt lat="40.6504250" lon="-3.0773280">
    <ele>959.2</ele>
   </trkpt>
   <trkpt lat="40.6503870" lon="-3.0773680">
    <ele>959.4</ele>
   </trkpt>
   <trkpt lat="40.6503560" lon="-3.0774030">
    <ele>959.6</ele>
   </trkpt>
   <trkpt lat="40.6503300" lon="-3.0774280">
    <ele>959.8</ele>
   </trkpt>
   <trkpt lat="40.6502950" lon="-3.0774630">
    <ele>960.0</ele>
   </trkpt>
   <trkpt lat="40.6502690" lon="-3.0774980">
    <ele>960.2</ele>
   </trkpt>
   <trkpt lat="40.6502270" lon="-3.0775410">
    <ele>960.4</ele>
   </trkpt>
   <trkpt lat="40.6502000" lon="-3.0775750">
    <ele>960.6</ele>
   </trkpt>
   <trkpt lat="40.6501660" lon="-3.0776130">
    <ele>960.8</ele>
   </trkpt>
   <trkpt lat="40.6501350" lon="-3.0776500">
    <ele>960.8</ele>
   </trkpt>
   <trkpt lat="40.6501040" lon="-3.0776860">
    <ele>961.0</ele>
   </trkpt>
   <trkpt lat="40.6500700" lon="-3.0777230">
    <ele>961.2</ele>
   </trkpt>
   <trkpt lat="40.6500400" lon="-3.0777610">
    <ele>961.2</ele>
   </trkpt>
   <trkpt lat="40.6500090" lon="-3.0778010">
    <ele>961.4</ele>
   </trkpt>
   <trkpt lat="40.6499820" lon="-3.0778380">
    <ele>961.6</ele>
   </trkpt>
   <trkpt lat="40.6499560" lon="-3.0778780">
    <ele>961.6</ele>
   </trkpt>
   <trkpt lat="40.6499250" lon="-3.0779200">
    <ele>961.8</ele>
   </trkpt>
   <trkpt lat="40.6498870" lon="-3.0779700">
    <ele>961.8</ele>
   </trkpt>
   <trkpt lat="40.6498570" lon="-3.0780120">
    <ele>962.0</ele>
   </trkpt>
   <trkpt lat="40.6498300" lon="-3.0780450">
    <ele>962.0</ele>
   </trkpt>
   <trkpt lat="40.6497960" lon="-3.0780930">
    <ele>962.0</ele>
   </trkpt>
   <trkpt lat="40.6497650" lon="-3.0781360">
    <ele>962.0</ele>
   </trkpt>
   <trkpt lat="40.6497380" lon="-3.0781780">
    <ele>962.0</ele>
   </trkpt>
   <trkpt lat="40.6497080" lon="-3.0782210">
    <ele>962.2</ele>
   </trkpt>
   <trkpt lat="40.6496850" lon="-3.0782550">
    <ele>962.2</ele>
   </trkpt>
   <trkpt lat="40.6496580" lon="-3.0782960">
    <ele>962.2</ele>
   </trkpt>
   <trkpt lat="40.6496240" lon="-3.0783460">
    <ele>962.4</ele>
   </trkpt>
   <trkpt lat="40.6496010" lon="-3.0783830">
    <ele>962.4</ele>
   </trkpt>
   <trkpt lat="40.6495700" lon="-3.0784260">
    <ele>962.4</ele>
   </trkpt>
   <trkpt lat="40.6495400" lon="-3.0784800">
    <ele>962.4</ele>
   </trkpt>
   <trkpt lat="40.6495130" lon="-3.0785130">
    <ele>962.4</ele>
   </trkpt>
   <trkpt lat="40.6494860" lon="-3.0785550">
    <ele>962.4</ele>
   </trkpt>
   <trkpt lat="40.6494560" lon="-3.0785980">
    <ele>962.4</ele>
   </trkpt>
   <trkpt lat="40.6494290" lon="-3.0786450">
    <ele>962.4</ele>
   </trkpt>
   <trkpt lat="40.6493950" lon="-3.0787000">
    <ele>962.4</ele>
   </trkpt>
   <trkpt lat="40.6493680" lon="-3.0787450">
    <ele>962.4</ele>
   </trkpt>
   <trkpt lat="40.6493530" lon="-3.0787810">
    <ele>962.4</ele>
   </trkpt>
   <trkpt lat="40.6493300" lon="-3.0788250">
    <ele>962.4</ele>
   </trkpt>
   <trkpt lat="40.6493000" lon="-3.0788730">
    <ele>962.4</ele>
   </trkpt>
   <trkpt lat="40.6492690" lon="-3.0789300">
    <ele>962.4</ele>
   </trkpt>
   <trkpt lat="40.6492500" lon="-3.0789780">
    <ele>962.4</ele>
   </trkpt>
   <trkpt lat="40.6492270" lon="-3.0790200">
    <ele>962.4</ele>
   </trkpt>
   <trkpt lat="40.6492040" lon="-3.0790720">
    <ele>962.2</ele>
   </trkpt>
   <trkpt lat="40.6491700" lon="-3.0791340">
    <ele>962.2</ele>
   </trkpt>
   <trkpt lat="40.6491510" lon="-3.0791770">
    <ele>962.0</ele>
   </trkpt>
   <trkpt lat="40.6491280" lon="-3.0792300">
    <ele>962.0</ele>
   </trkpt>
   <trkpt lat="40.6491010" lon="-3.0792830">
    <ele>961.8</ele>
   </trkpt>
   <trkpt lat="40.6490750" lon="-3.0793360">
    <ele>961.6</ele>
   </trkpt>
   <trkpt lat="40.6490480" lon="-3.0793960">
    <ele>961.4</ele>
   </trkpt>
   <trkpt lat="40.6490250" lon="-3.0794560">
    <ele>961.2</ele>
   </trkpt>
   <trkpt lat="40.6489980" lon="-3.0795180">
    <ele>961.0</ele>
   </trkpt>
   <trkpt lat="40.6489680" lon="-3.0795830">
    <ele>960.8</ele>
   </trkpt>
   <trkpt lat="40.6489410" lon="-3.0796510">
    <ele>960.6</ele>
   </trkpt>
   <trkpt lat="40.6489140" lon="-3.0797200">
    <ele>960.4</ele>
   </trkpt>
   <trkpt lat="40.6488880" lon="-3.0797930">
    <ele>960.0</ele>
   </trkpt>
   <trkpt lat="40.6488610" lon="-3.0798710">
    <ele>959.6</ele>
   </trkpt>
   <trkpt lat="40.6488300" lon="-3.0799550">
    <ele>959.4</ele>
   </trkpt>
   <trkpt lat="40.6488000" lon="-3.0800380">
    <ele>959.0</ele>
   </trkpt>
   <trkpt lat="40.6487730" lon="-3.0801250">
    <ele>958.6</ele>
   </trkpt>
   <trkpt lat="40.6487390" lon="-3.0802130">
    <ele>958.2</ele>
   </trkpt>
   <trkpt lat="40.6487120" lon="-3.0802980">
    <ele>958.0</ele>
   </trkpt>
   <trkpt lat="40.6486850" lon="-3.0803910">
    <ele>957.6</ele>
   </trkpt>
   <trkpt lat="40.6486550" lon="-3.0804900">
    <ele>957.2</ele>
   </trkpt>
   <trkpt lat="40.6486280" lon="-3.0805900">
    <ele>956.8</ele>
   </trkpt>
   <trkpt lat="40.6485980" lon="-3.0807130">
    <ele>956.6</ele>
   </trkpt>
   <trkpt lat="40.6485710" lon="-3.0808180">
    <ele>956.2</ele>
   </trkpt>
   <trkpt lat="40.6485440" lon="-3.0809260">
    <ele>955.8</ele>
   </trkpt>
   <trkpt lat="40.6485250" lon="-3.0810170">
    <ele>955.4</ele>
   </trkpt>
   <trkpt lat="40.6484950" lon="-3.0811500">
    <ele>955.0</ele>
   </trkpt>
   <trkpt lat="40.6484760" lon="-3.0812420">
    <ele>954.6</ele>
   </trkpt>
   <trkpt lat="40.6484570" lon="-3.0813540">
    <ele>954.2</ele>
   </trkpt>
   <trkpt lat="40.6484370" lon="-3.0814720">
    <ele>953.6</ele>
   </trkpt>
   <trkpt lat="40.6484180" lon="-3.0815900">
    <ele>953.2</ele>
   </trkpt>
   <trkpt lat="40.6483950" lon="-3.0817070">
    <ele>952.8</ele>
   </trkpt>
   <trkpt lat="40.6483730" lon="-3.0818550">
    <ele>952.4</ele>
   </trkpt>
   <trkpt lat="40.6483540" lon="-3.0819540">
    <ele>951.8</ele>
   </trkpt>
   <trkpt lat="40.6483380" lon="-3.0820790">
    <ele>951.6</ele>
   </trkpt>
   <trkpt lat="40.6483150" lon="-3.0822290">
    <ele>951.2</ele>
   </trkpt>
   <trkpt lat="40.6483000" lon="-3.0823320">
    <ele>951.0</ele>
   </trkpt>
   <trkpt lat="40.6482770" lon="-3.0824820">
    <ele>950.6</ele>
   </trkpt>
   <trkpt lat="40.6482620" lon="-3.0825830">
    <ele>950.4</ele>
   </trkpt>
   <trkpt lat="40.6482390" lon="-3.0827320">
    <ele>950.2</ele>
   </trkpt>
   <trkpt lat="40.6482200" lon="-3.0828580">
    <ele>950.0</ele>
   </trkpt>
   <trkpt lat="40.6482050" lon="-3.0829540">
    <ele>949.8</ele>
   </trkpt>
   <trkpt lat="40.6481860" lon="-3.0830730">
    <ele>949.6</ele>
   </trkpt>
   <trkpt lat="40.6481670" lon="-3.0831920">
    <ele>949.6</ele>
   </trkpt>
   <trkpt lat="40.6481510" lon="-3.0833110">
    <ele>949.4</ele>
   </trkpt>
   <trkpt lat="40.6481320" lon="-3.0834460">
    <ele>949.4</ele>
   </trkpt>
   <trkpt lat="40.6481210" lon="-3.0835310">
    <ele>949.2</ele>
   </trkpt>
   <trkpt lat="40.6481060" lon="-3.0836380">
    <ele>949.2</ele>
   </trkpt>
   <trkpt lat="40.6480870" lon="-3.0837690">
    <ele>949.2</ele>
   </trkpt>
   <trkpt lat="40.6480710" lon="-3.0838560">
    <ele>949.0</ele>
   </trkpt>
   <trkpt lat="40.6480560" lon="-3.0839620">
    <ele>949.0</ele>
   </trkpt>
   <trkpt lat="40.6480370" lon="-3.0840610">
    <ele>949.0</ele>
   </trkpt>
   <trkpt lat="40.6480260" lon="-3.0841630">
    <ele>949.2</ele>
   </trkpt>
   <trkpt lat="40.6480100" lon="-3.0842790">
    <ele>949.0</ele>
   </trkpt>
   <trkpt lat="40.6479990" lon="-3.0843600">
    <ele>949.0</ele>
   </trkpt>
   <trkpt lat="40.6479840" lon="-3.0844610">
    <ele>949.0</ele>
   </trkpt>
   <trkpt lat="40.6479720" lon="-3.0845640">
    <ele>949.0</ele>
   </trkpt>
   <trkpt lat="40.6479570" lon="-3.0846650">
    <ele>949.0</ele>
   </trkpt>
   <trkpt lat="40.6479380" lon="-3.0847630">
    <ele>949.0</ele>
   </trkpt>
   <trkpt lat="40.6479110" lon="-3.0848730">
    <ele>949.2</ele>
   </trkpt>
   <trkpt lat="40.6478880" lon="-3.0849480">
    <ele>949.0</ele>
   </trkpt>
   <trkpt lat="40.6478580" lon="-3.0850360">
    <ele>949.2</ele>
   </trkpt>
   <trkpt lat="40.6478190" lon="-3.0851380">
    <ele>949.2</ele>
   </trkpt>
   <trkpt lat="40.6477930" lon="-3.0852110">
    <ele>949.2</ele>
   </trkpt>
   <trkpt lat="40.6477580" lon="-3.0852960">
    <ele>949.2</ele>
   </trkpt>
   <trkpt lat="40.6477240" lon="-3.0853780">
    <ele>949.2</ele>
   </trkpt>
   <trkpt lat="40.6476940" lon="-3.0854590">
    <ele>949.2</ele>
   </trkpt>
   <trkpt lat="40.6476590" lon="-3.0855410">
    <ele>949.4</ele>
   </trkpt>
   <trkpt lat="40.6476170" lon="-3.0856340">
    <ele>949.4</ele>
   </trkpt>
   <trkpt lat="40.6475910" lon="-3.0856980">
    <ele>949.6</ele>
   </trkpt>
   <trkpt lat="40.6475560" lon="-3.0857730">
    <ele>949.6</ele>
   </trkpt>
   <trkpt lat="40.6475260" lon="-3.0858460">
    <ele>949.8</ele>
   </trkpt>
   <trkpt lat="40.6474910" lon="-3.0859200">
    <ele>949.8</ele>
   </trkpt>
   <trkpt lat="40.6474610" lon="-3.0859930">
    <ele>950.0</ele>
   </trkpt>
   <trkpt lat="40.6474340" lon="-3.0860630">
    <ele>950.0</ele>
   </trkpt>
   <trkpt lat="40.6474040" lon="-3.0861330">
    <ele>950.2</ele>
   </trkpt>
   <trkpt lat="40.6473690" lon="-3.0862130">
    <ele>950.4</ele>
   </trkpt>
   <trkpt lat="40.6473460" lon="-3.0862660">
    <ele>950.6</ele>
   </trkpt>
   <trkpt lat="40.6473160" lon="-3.0863290">
    <ele>950.6</ele>
   </trkpt>
   <trkpt lat="40.6472890" lon="-3.0863950">
    <ele>950.8</ele>
   </trkpt>
   <trkpt lat="40.6472630" lon="-3.0864580">
    <ele>950.8</ele>
   </trkpt>
   <trkpt lat="40.6472400" lon="-3.0865160">
    <ele>951.0</ele>
   </trkpt>
   <trkpt lat="40.6472090" lon="-3.0865850">
    <ele>951.2</ele>
   </trkpt>
   <trkpt lat="40.6471900" lon="-3.0866330">
    <ele>951.2</ele>
   </trkpt>
   <trkpt lat="40.6471630" lon="-3.0866910">
    <ele>951.4</ele>
   </trkpt>
   <trkpt lat="40.6471370" lon="-3.0867610">
    <ele>951.4</ele>
   </trkpt>
   <trkpt lat="40.6471100" lon="-3.0868160">
    <ele>951.6</ele>
   </trkpt>
   <trkpt lat="40.6470950" lon="-3.0868550">
    <ele>951.6</ele>
   </trkpt>
   <trkpt lat="40.6470720" lon="-3.0869110">
    <ele>951.8</ele>
   </trkpt>
   <trkpt lat="40.6470490" lon="-3.0869700">
    <ele>951.8</ele>
   </trkpt>
   <trkpt lat="40.6470260" lon="-3.0870260">
    <ele>952.0</ele>
   </trkpt>
   <trkpt lat="40.6469990" lon="-3.0870930">
    <ele>952.0</ele>
   </trkpt>
   <trkpt lat="40.6469760" lon="-3.0871380">
    <ele>952.2</ele>
   </trkpt>
   <trkpt lat="40.6469540" lon="-3.0871950">
    <ele>952.2</ele>
   </trkpt>
   <trkpt lat="40.6469310" lon="-3.0872510">
    <ele>952.4</ele>
   </trkpt>
   <trkpt lat="40.6469080" lon="-3.0873070">
    <ele>952.4</ele>
   </trkpt>
   <trkpt lat="40.6468850" lon="-3.0873630">
    <ele>952.6</ele>
   </trkpt>
   <trkpt lat="40.6468580" lon="-3.0874150">
    <ele>952.6</ele>
   </trkpt>
   <trkpt lat="40.6468390" lon="-3.0874710">
    <ele>952.6</ele>
   </trkpt>
   <trkpt lat="40.6468090" lon="-3.0875400">
    <ele>952.6</ele>
   </trkpt>
   <trkpt lat="40.6467860" lon="-3.0875910">
    <ele>952.6</ele>
   </trkpt>
   <trkpt lat="40.6467590" lon="-3.0876500">
    <ele>952.6</ele>
   </trkpt>
   <trkpt lat="40.6467400" lon="-3.0876980">
    <ele>952.6</ele>
   </trkpt>
   <trkpt lat="40.6467130" lon="-3.0877660">
    <ele>952.6</ele>
   </trkpt>
   <trkpt lat="40.6466870" lon="-3.0878250">
    <ele>952.6</ele>
   </trkpt>
   <trkpt lat="40.6466640" lon="-3.0878850">
    <ele>952.6</ele>
   </trkpt>
   <trkpt lat="40.6466370" lon="-3.0879460">
    <ele>952.6</ele>
   </trkpt>
   <trkpt lat="40.6466180" lon="-3.0879980">
    <ele>952.4</ele>
   </trkpt>
   <trkpt lat="40.6465910" lon="-3.0880600">
    <ele>952.4</ele>
   </trkpt>
   <trkpt lat="40.6465570" lon="-3.0881350">
    <ele>952.6</ele>
   </trkpt>
   <trkpt lat="40.6465380" lon="-3.0881850">
    <ele>952.6</ele>
   </trkpt>
   <trkpt lat="40.6465150" lon="-3.0882450">
    <ele>952.6</ele>
   </trkpt>
   <trkpt lat="40.6464810" lon="-3.0883200">
    <ele>952.6</ele>
   </trkpt>
   <trkpt lat="40.6464610" lon="-3.0883700">
    <ele>952.6</ele>
   </trkpt>
   <trkpt lat="40.6464310" lon="-3.0884360">
    <ele>952.4</ele>
   </trkpt>
   <trkpt lat="40.6464040" lon="-3.0885000">
    <ele>952.4</ele>
   </trkpt>
   <trkpt lat="40.6463780" lon="-3.0885620">
    <ele>952.4</ele>
   </trkpt>
   <trkpt lat="40.6463470" lon="-3.0886350">
    <ele>952.4</ele>
   </trkpt>
   <trkpt lat="40.6463240" lon="-3.0886850">
    <ele>952.4</ele>
   </trkpt>
   <trkpt lat="40.6462970" lon="-3.0887490">
    <ele>952.4</ele>
   </trkpt>
   <trkpt lat="40.6462710" lon="-3.0888110">
    <ele>952.4</ele>
   </trkpt>
   <trkpt lat="40.6462400" lon="-3.0888750">
    <ele>952.4</ele>
   </trkpt>
   <trkpt lat="40.6462060" lon="-3.0889480">
    <ele>952.2</ele>
   </trkpt>
   <trkpt lat="40.6461750" lon="-3.0890130">
    <ele>952.2</ele>
   </trkpt>
   <trkpt lat="40.6461490" lon="-3.0890650">
    <ele>952.2</ele>
   </trkpt>
   <trkpt lat="40.6461180" lon="-3.0891290">
    <ele>952.2</ele>
   </trkpt>
   <trkpt lat="40.6460760" lon="-3.0892040">
    <ele>952.2</ele>
   </trkpt>
   <trkpt lat="40.6460420" lon="-3.0892680">
    <ele>952.0</ele>
   </trkpt>
   <trkpt lat="40.6460110" lon="-3.0893180">
    <ele>952.2</ele>
   </trkpt>
   <trkpt lat="40.6459770" lon="-3.0893800">
    <ele>952.0</ele>
   </trkpt>
   <trkpt lat="40.6459390" lon="-3.0894420">
    <ele>952.0</ele>
   </trkpt>
   <trkpt lat="40.6458970" lon="-3.0895130">
    <ele>952.2</ele>
   </trkpt>
   <trkpt lat="40.6458590" lon="-3.0895730">
    <ele>952.0</ele>
   </trkpt>
   <trkpt lat="40.6458210" lon="-3.0896350">
    <ele>952.0</ele>
   </trkpt>
   <trkpt lat="40.6457940" lon="-3.0896810">
    <ele>952.0</ele>
   </trkpt>
   <trkpt lat="40.6457560" lon="-3.0897450">
    <ele>952.0</ele>
   </trkpt>
   <trkpt lat="40.6457180" lon="-3.0898050">
    <ele>952.0</ele>
   </trkpt>
   <trkpt lat="40.6456830" lon="-3.0898680">
    <ele>952.0</ele>
   </trkpt>
   <trkpt lat="40.6456450" lon="-3.0899300">
    <ele>952.0</ele>
   </trkpt>
   <trkpt lat="40.6456110" lon="-3.0899900">
    <ele>952.0</ele>
   </trkpt>
   <trkpt lat="40.6455730" lon="-3.0900480">
    <ele>952.0</ele>
   </trkpt>
   <trkpt lat="40.6455380" lon="-3.0901080">
    <ele>952.0</ele>
   </trkpt>
   <trkpt lat="40.6455000" lon="-3.0901690">
    <ele>952.2</ele>
   </trkpt>
   <trkpt lat="40.6454620" lon="-3.0902310">
    <ele>952.2</ele>
   </trkpt>
   <trkpt lat="40.6454280" lon="-3.0902860">
    <ele>952.4</ele>
   </trkpt>
   <trkpt lat="40.6453970" lon="-3.0903380">
    <ele>952.4</ele>
   </trkpt>
   <trkpt lat="40.6453670" lon="-3.0903910">
    <ele>952.4</ele>
   </trkpt>
   <trkpt lat="40.6453320" lon="-3.0904470">
    <ele>952.6</ele>
   </trkpt>
   <trkpt lat="40.6452900" lon="-3.0905110">
    <ele>952.8</ele>
   </trkpt>
   <trkpt lat="40.6452670" lon="-3.0905480">
    <ele>952.8</ele>
   </trkpt>
   <trkpt lat="40.6452370" lon="-3.0905950">
    <ele>953.0</ele>
   </trkpt>
   <trkpt lat="40.6452060" lon="-3.0906430">
    <ele>953.0</ele>
   </trkpt>
   <trkpt lat="40.6451680" lon="-3.0906980">
    <ele>953.2</ele>
   </trkpt>
   <trkpt lat="40.6451380" lon="-3.0907450">
    <ele>953.4</ele>
   </trkpt>
   <trkpt lat="40.6451150" lon="-3.0907830">
    <ele>953.4</ele>
   </trkpt>
   <trkpt lat="40.6450730" lon="-3.0908380">
    <ele>953.6</ele>
   </trkpt>
   <trkpt lat="40.6450390" lon="-3.0908820">
    <ele>953.6</ele>
   </trkpt>
   <trkpt lat="40.6450120" lon="-3.0909200">
    <ele>953.8</ele>
   </trkpt>
   <trkpt lat="40.6449740" lon="-3.0909650">
    <ele>953.8</ele>
   </trkpt>
   <trkpt lat="40.6449320" lon="-3.0910180">
    <ele>953.8</ele>
   </trkpt>
   <trkpt lat="40.6448970" lon="-3.0910620">
    <ele>953.8</ele>
   </trkpt>
   <trkpt lat="40.6448670" lon="-3.0910970">
    <ele>954.0</ele>
   </trkpt>
   <trkpt lat="40.6448290" lon="-3.0911430">
    <ele>954.0</ele>
   </trkpt>
   <trkpt lat="40.6447870" lon="-3.0911980">
    <ele>954.0</ele>
   </trkpt>
   <trkpt lat="40.6447520" lon="-3.0912370">
    <ele>954.0</ele>
   </trkpt>
   <trkpt lat="40.6447070" lon="-3.0912930">
    <ele>954.0</ele>
   </trkpt>
   <trkpt lat="40.6446650" lon="-3.0913420">
    <ele>954.0</ele>
   </trkpt>
   <trkpt lat="40.6446340" lon="-3.0913780">
    <ele>954.0</ele>
   </trkpt>
   <trkpt lat="40.6445920" lon="-3.0914250">
    <ele>954.0</ele>
   </trkpt>
   <trkpt lat="40.6445430" lon="-3.0914830">
    <ele>954.0</ele>
   </trkpt>
   <trkpt lat="40.6445050" lon="-3.0915320">
    <ele>954.0</ele>
   </trkpt>
   <trkpt lat="40.6444660" lon="-3.0915800">
    <ele>954.0</ele>
   </trkpt>
   <trkpt lat="40.6444320" lon="-3.0916170">
    <ele>953.8</ele>
   </trkpt>
   <trkpt lat="40.6443940" lon="-3.0916630">
    <ele>953.8</ele>
   </trkpt>
   <trkpt lat="40.6443560" lon="-3.0917100">
    <ele>953.8</ele>
   </trkpt>
   <trkpt lat="40.6443100" lon="-3.0917700">
    <ele>953.8</ele>
   </trkpt>
   <trkpt lat="40.6442760" lon="-3.0918120">
    <ele>953.8</ele>
   </trkpt>
   <trkpt lat="40.6442340" lon="-3.0918610">
    <ele>953.8</ele>
   </trkpt>
   <trkpt lat="40.6441920" lon="-3.0919100">
    <ele>953.8</ele>
   </trkpt>
   <trkpt lat="40.6441500" lon="-3.0919620">
    <ele>953.8</ele>
   </trkpt>
   <trkpt lat="40.6441040" lon="-3.0920130">
    <ele>953.6</ele>
   </trkpt>
   <trkpt lat="40.6440620" lon="-3.0920700">
    <ele>953.4</ele>
   </trkpt>
   <trkpt lat="40.6440160" lon="-3.0921280">
    <ele>953.2</ele>
   </trkpt>
   <trkpt lat="40.6439700" lon="-3.0921900">
    <ele>952.8</ele>
   </trkpt>
   <trkpt lat="40.6439210" lon="-3.0922570">
    <ele>952.4</ele>
   </trkpt>
   <trkpt lat="40.6438750" lon="-3.0923290">
    <ele>952.0</ele>
   </trkpt>
   <trkpt lat="40.6438220" lon="-3.0924010">
    <ele>951.4</ele>
   </trkpt>
   <trkpt lat="40.6437720" lon="-3.0924800">
    <ele>951.0</ele>
   </trkpt>
   <trkpt lat="40.6437260" lon="-3.0925660">
    <ele>950.4</ele>
   </trkpt>
   <trkpt lat="40.6436810" lon="-3.0926580">
    <ele>949.6</ele>
   </trkpt>
   <trkpt lat="40.6436310" lon="-3.0927780">
    <ele>948.8</ele>
   </trkpt>
   <trkpt lat="40.6435930" lon="-3.0928630">
    <ele>948.2</ele>
   </trkpt>
   <trkpt lat="40.6435470" lon="-3.0929710">
    <ele>947.4</ele>
   </trkpt>
   <trkpt lat="40.6434970" lon="-3.0930840">
    <ele>946.6</ele>
   </trkpt>
   <trkpt lat="40.6434440" lon="-3.0932270">
    <ele>945.6</ele>
   </trkpt>
   <trkpt lat="40.6434100" lon="-3.0933250">
    <ele>944.8</ele>
   </trkpt>
   <trkpt lat="40.6433720" lon="-3.0934520">
    <ele>943.6</ele>
   </trkpt>
   <trkpt lat="40.6433300" lon="-3.0936150">
    <ele>942.6</ele>
   </trkpt>
   <trkpt lat="40.6433070" lon="-3.0937380">
    <ele>941.4</ele>
   </trkpt>
   <trkpt lat="40.6432840" lon="-3.0938930">
    <ele>940.4</ele>
   </trkpt>
   <trkpt lat="40.6432650" lon="-3.0940500">
    <ele>939.4</ele>
   </trkpt>
   <trkpt lat="40.6432420" lon="-3.0942020">
    <ele>938.4</ele>
   </trkpt>
   <trkpt lat="40.6431960" lon="-3.0943840">
    <ele>937.4</ele>
   </trkpt>
   <trkpt lat="40.6431460" lon="-3.0945350">
    <ele>936.6</ele>
   </trkpt>
   <trkpt lat="40.6430930" lon="-3.0946780">
    <ele>935.6</ele>
   </trkpt>
   <trkpt lat="40.6430510" lon="-3.0947930">
    <ele>934.8</ele>
   </trkpt>
   <trkpt lat="40.6429860" lon="-3.0949610">
    <ele>934.0</ele>
   </trkpt>
   <trkpt lat="40.6429330" lon="-3.0950970">
    <ele>933.2</ele>
   </trkpt>
   <trkpt lat="40.6428910" lon="-3.0952080">
    <ele>932.6</ele>
   </trkpt>
   <trkpt lat="40.6428380" lon="-3.0953470">
    <ele>931.8</ele>
   </trkpt>
   <trkpt lat="40.6427880" lon="-3.0954880">
    <ele>931.0</ele>
   </trkpt>
   <trkpt lat="40.6427310" lon="-3.0956590">
    <ele>930.2</ele>
   </trkpt>
   <trkpt lat="40.6426850" lon="-3.0958040">
    <ele>929.4</ele>
   </trkpt>
   <trkpt lat="40.6426470" lon="-3.0959500">
    <ele>928.6</ele>
   </trkpt>
   <trkpt lat="40.6426240" lon="-3.0960680">
    <ele>928.0</ele>
   </trkpt>
   <trkpt lat="40.6425930" lon="-3.0962540">
    <ele>927.4</ele>
   </trkpt>
   <trkpt lat="40.6425780" lon="-3.0964060">
    <ele>926.6</ele>
   </trkpt>
   <trkpt lat="40.6425740" lon="-3.0965290">
    <ele>926.0</ele>
   </trkpt>
   <trkpt lat="40.6425630" lon="-3.0966790">
    <ele>925.2</ele>
   </trkpt>
   <trkpt lat="40.6425550" lon="-3.0968330">
    <ele>924.4</ele>
   </trkpt>
   <trkpt lat="40.6425630" lon="-3.0969820">
    <ele>923.8</ele>
   </trkpt>
   <trkpt lat="40.6425700" lon="-3.0971330">
    <ele>923.2</ele>
   </trkpt>
   <trkpt lat="40.6425860" lon="-3.0972870">
    <ele>922.6</ele>
   </trkpt>
   <trkpt lat="40.6426010" lon="-3.0974400">
    <ele>921.8</ele>
   </trkpt>
   <trkpt lat="40.6426160" lon="-3.0975930">
    <ele>921.2</ele>
   </trkpt>
   <trkpt lat="40.6426280" lon="-3.0977460">
    <ele>920.4</ele>
   </trkpt>
   <trkpt lat="40.6426390" lon="-3.0979030">
    <ele>919.8</ele>
   </trkpt>
   <trkpt lat="40.6426580" lon="-3.0980890">
    <ele>919.0</ele>
   </trkpt>
   <trkpt lat="40.6426700" lon="-3.0982140">
    <ele>918.4</ele>
   </trkpt>
   <trkpt lat="40.6426850" lon="-3.0983640">
    <ele>917.6</ele>
   </trkpt>
   <trkpt lat="40.6427080" lon="-3.0985100">
    <ele>917.0</ele>
   </trkpt>
   <trkpt lat="40.6427270" lon="-3.0986920">
    <ele>916.4</ele>
   </trkpt>
   <trkpt lat="40.6427420" lon="-3.0988150">
    <ele>915.6</ele>
   </trkpt>
   <trkpt lat="40.6427610" lon="-3.0989630">
    <ele>914.8</ele>
   </trkpt>
   <trkpt lat="40.6427760" lon="-3.0991480">
    <ele>913.8</ele>
   </trkpt>
   <trkpt lat="40.6427920" lon="-3.0992770">
    <ele>913.0</ele>
   </trkpt>
   <trkpt lat="40.6428150" lon="-3.0994310">
    <ele>912.0</ele>
   </trkpt>
   <trkpt lat="40.6428450" lon="-3.0996180">
    <ele>911.2</ele>
   </trkpt>
   <trkpt lat="40.6428600" lon="-3.0997430">
    <ele>910.2</ele>
   </trkpt>
   <trkpt lat="40.6428720" lon="-3.0999010">
    <ele>909.2</ele>
   </trkpt>
   <trkpt lat="40.6428680" lon="-3.1000950">
    <ele>908.2</ele>
   </trkpt>
   <trkpt lat="40.6428450" lon="-3.1002250">
    <ele>907.2</ele>
   </trkpt>
   <trkpt lat="40.6428110" lon="-3.1003750">
    <ele>906.2</ele>
   </trkpt>
   <trkpt lat="40.6427690" lon="-3.1005270">
    <ele>905.4</ele>
   </trkpt>
   <trkpt lat="40.6427270" lon="-3.1006840">
    <ele>904.6</ele>
   </trkpt>
   <trkpt lat="40.6426960" lon="-3.1008370">
    <ele>903.6</ele>
   </trkpt>
   <trkpt lat="40.6426740" lon="-3.1010250">
    <ele>902.6</ele>
   </trkpt>
   <trkpt lat="40.6426770" lon="-3.1011620">
    <ele>901.6</ele>
   </trkpt>
   <trkpt lat="40.6426890" lon="-3.1013610">
    <ele>900.6</ele>
   </trkpt>
   <trkpt lat="40.6427000" lon="-3.1015280">
    <ele>899.8</ele>
   </trkpt>
   <trkpt lat="40.6427120" lon="-3.1016960">
    <ele>899.0</ele>
   </trkpt>
   <trkpt lat="40.6427190" lon="-3.1018310">
    <ele>898.2</ele>
   </trkpt>
   <trkpt lat="40.6427350" lon="-3.1020340">
    <ele>897.4</ele>
   </trkpt>
   <trkpt lat="40.6427500" lon="-3.1022010">
    <ele>896.8</ele>
   </trkpt>
   <trkpt lat="40.6427610" lon="-3.1023650">
    <ele>896.2</ele>
   </trkpt>
   <trkpt lat="40.6427690" lon="-3.1024910">
    <ele>895.6</ele>
   </trkpt>
   <trkpt lat="40.6427840" lon="-3.1026790">
    <ele>895.0</ele>
   </trkpt>
   <trkpt lat="40.6427880" lon="-3.1028330">
    <ele>894.4</ele>
   </trkpt>
   <trkpt lat="40.6427800" lon="-3.1029890">
    <ele>893.8</ele>
   </trkpt>
   <trkpt lat="40.6427570" lon="-3.1031390">
    <ele>893.2</ele>
   </trkpt>
   <trkpt lat="40.6427380" lon="-3.1032600">
    <ele>892.4</ele>
   </trkpt>
   <trkpt lat="40.6427000" lon="-3.1034370">
    <ele>891.8</ele>
   </trkpt>
   <trkpt lat="40.6426660" lon="-3.1035880">
    <ele>891.0</ele>
   </trkpt>
   <trkpt lat="40.6426430" lon="-3.1037060">
    <ele>890.0</ele>
   </trkpt>
   <trkpt lat="40.6426120" lon="-3.1038600">
    <ele>889.4</ele>
   </trkpt>
   <trkpt lat="40.6425900" lon="-3.1040150">
    <ele>888.8</ele>
   </trkpt>
   <trkpt lat="40.6425740" lon="-3.1042040">
    <ele>888.0</ele>
   </trkpt>
   <trkpt lat="40.6425780" lon="-3.1043630">
    <ele>887.4</ele>
   </trkpt>
   <trkpt lat="40.6425900" lon="-3.1045180">
    <ele>886.8</ele>
   </trkpt>
   <trkpt lat="40.6426050" lon="-3.1046410">
    <ele>886.0</ele>
   </trkpt>
   <trkpt lat="40.6426200" lon="-3.1047940">
    <ele>885.2</ele>
   </trkpt>
   <trkpt lat="40.6426390" lon="-3.1049780">
    <ele>884.6</ele>
   </trkpt>
   <trkpt lat="40.6426540" lon="-3.1051310">
    <ele>883.8</ele>
   </trkpt>
   <trkpt lat="40.6426740" lon="-3.1052850">
    <ele>883.2</ele>
   </trkpt>
   <trkpt lat="40.6426890" lon="-3.1054350">
    <ele>882.6</ele>
   </trkpt>
   <trkpt lat="40.6426890" lon="-3.1055840">
    <ele>882.0</ele>
   </trkpt>
   <trkpt lat="40.6426740" lon="-3.1057330">
    <ele>881.4</ele>
   </trkpt>
   <trkpt lat="40.6426390" lon="-3.1058790">
    <ele>880.8</ele>
   </trkpt>
   <trkpt lat="40.6425970" lon="-3.1060200">
    <ele>880.2</ele>
   </trkpt>
   <trkpt lat="40.6425630" lon="-3.1061310">
    <ele>879.6</ele>
   </trkpt>
   <trkpt lat="40.6425090" lon="-3.1062930">
    <ele>879.2</ele>
   </trkpt>
   <trkpt lat="40.6424640" lon="-3.1064340">
    <ele>878.6</ele>
   </trkpt>
   <trkpt lat="40.6424220" lon="-3.1065700">
    <ele>878.0</ele>
   </trkpt>
   <trkpt lat="40.6423840" lon="-3.1066780">
    <ele>877.6</ele>
   </trkpt>
   <trkpt lat="40.6423420" lon="-3.1068160">
    <ele>877.0</ele>
   </trkpt>
   <trkpt lat="40.6422920" lon="-3.1069750">
    <ele>876.6</ele>
   </trkpt>
   <trkpt lat="40.6422500" lon="-3.1071080">
    <ele>876.0</ele>
   </trkpt>
   <trkpt lat="40.6422080" lon="-3.1072450">
    <ele>875.6</ele>
   </trkpt>
   <trkpt lat="40.6421780" lon="-3.1073570">
    <ele>875.0</ele>
   </trkpt>
   <trkpt lat="40.6421430" lon="-3.1074980">
    <ele>874.2</ele>
   </trkpt>
   <trkpt lat="40.6421090" lon="-3.1076730">
    <ele>873.6</ele>
   </trkpt>
   <trkpt lat="40.6420780" lon="-3.1078160">
    <ele>873.0</ele>
   </trkpt>
   <trkpt lat="40.6420480" lon="-3.1079240">
    <ele>872.6</ele>
   </trkpt>
   <trkpt lat="40.6419910" lon="-3.1080750">
    <ele>872.4</ele>
   </trkpt>
   <trkpt lat="40.6419330" lon="-3.1081920">
    <ele>872.0</ele>
   </trkpt>
   <trkpt lat="40.6418650" lon="-3.1082990">
    <ele>871.8</ele>
   </trkpt>
   <trkpt lat="40.6417920" lon="-3.1083910">
    <ele>871.6</ele>
   </trkpt>
   <trkpt lat="40.6417080" lon="-3.1084700">
    <ele>871.4</ele>
   </trkpt>
   <trkpt lat="40.6416170" lon="-3.1085400">
    <ele>871.2</ele>
   </trkpt>
   <trkpt lat="40.6415250" lon="-3.1086030">
    <ele>871.0</ele>
   </trkpt>
   <trkpt lat="40.6414340" lon="-3.1086630">
    <ele>870.6</ele>
   </trkpt>
   <trkpt lat="40.6413420" lon="-3.1087230">
    <ele>870.2</ele>
   </trkpt>
   <trkpt lat="40.6412700" lon="-3.1087680">
    <ele>869.8</ele>
   </trkpt>
   <trkpt lat="40.6411550" lon="-3.1088300">
    <ele>869.4</ele>
   </trkpt>
   <trkpt lat="40.6410600" lon="-3.1088730">
    <ele>869.0</ele>
   </trkpt>
   <trkpt lat="40.6409610" lon="-3.1089150">
    <ele>868.8</ele>
   </trkpt>
   <trkpt lat="40.6408840" lon="-3.1089400">
    <ele>868.4</ele>
   </trkpt>
   <trkpt lat="40.6407810" lon="-3.1089570">
    <ele>868.2</ele>
   </trkpt>
   <trkpt lat="40.6406550" lon="-3.1089650">
    <ele>867.8</ele>
   </trkpt>
   <trkpt lat="40.6405520" lon="-3.1089600">
    <ele>867.4</ele>
   </trkpt>
   <trkpt lat="40.6404460" lon="-3.1089530">
    <ele>867.0</ele>
   </trkpt>
   <trkpt lat="40.6403390" lon="-3.1089480">
    <ele>866.8</ele>
   </trkpt>
   <trkpt lat="40.6402550" lon="-3.1089430">
    <ele>866.4</ele>
   </trkpt>
   <trkpt lat="40.6401330" lon="-3.1089370">
    <ele>866.0</ele>
   </trkpt>
   <trkpt lat="40.6400220" lon="-3.1089350">
    <ele>865.4</ele>
   </trkpt>
   <trkpt lat="40.6399190" lon="-3.1089400">
    <ele>865.0</ele>
   </trkpt>
   <trkpt lat="40.6398200" lon="-3.1089700">
    <ele>864.6</ele>
   </trkpt>
   <trkpt lat="40.6397170" lon="-3.1090120">
    <ele>864.0</ele>
   </trkpt>
   <trkpt lat="40.6396140" lon="-3.1090380">
    <ele>863.6</ele>
   </trkpt>
   <trkpt lat="40.6395110" lon="-3.1090430">
    <ele>863.0</ele>
   </trkpt>
   <trkpt lat="40.6394040" lon="-3.1090350">
    <ele>862.4</ele>
   </trkpt>
   <trkpt lat="40.6392970" lon="-3.1090270">
    <ele>861.8</ele>
   </trkpt>
   <trkpt lat="40.6391950" lon="-3.1090120">
    <ele>861.2</ele>
   </trkpt>
   <trkpt lat="40.6390950" lon="-3.1089830">
    <ele>860.8</ele>
   </trkpt>
   <trkpt lat="40.6389920" lon="-3.1089410">
    <ele>860.6</ele>
   </trkpt>
   <trkpt lat="40.6388930" lon="-3.1089040">
    <ele>860.0</ele>
   </trkpt>
   <trkpt lat="40.6387980" lon="-3.1088650">
    <ele>859.6</ele>
   </trkpt>
   <trkpt lat="40.6386950" lon="-3.1088400">
    <ele>859.2</ele>
   </trkpt>
   <trkpt lat="40.6385920" lon="-3.1088320">
    <ele>859.0</ele>
   </trkpt>
   <trkpt lat="40.6384960" lon="-3.1088510">
    <ele>858.6</ele>
   </trkpt>
   <trkpt lat="40.6384010" lon="-3.1088950">
    <ele>858.2</ele>
   </trkpt>
   <trkpt lat="40.6383090" lon="-3.1089360">
    <ele>858.0</ele>
   </trkpt>
   <trkpt lat="40.6382180" lon="-3.1089580">
    <ele>857.8</ele>
   </trkpt>
   <trkpt lat="40.6381340" lon="-3.1089400">
    <ele>857.6</ele>
   </trkpt>
   <trkpt lat="40.6380580" lon="-3.1088940">
    <ele>857.6</ele>
   </trkpt>
   <trkpt lat="40.6379970" lon="-3.1088190">
    <ele>857.6</ele>
   </trkpt>
   <trkpt lat="40.6379510" lon="-3.1087290">
    <ele>857.6</ele>
   </trkpt>
   <trkpt lat="40.6379050" lon="-3.1086370">
    <ele>857.6</ele>
   </trkpt>
   <trkpt lat="40.6378560" lon="-3.1085570">
    <ele>857.6</ele>
   </trkpt>
   <trkpt lat="40.6377940" lon="-3.1084950">
    <ele>857.6</ele>
   </trkpt>
   <trkpt lat="40.6377260" lon="-3.1084580">
    <ele>857.6</ele>
   </trkpt>
   <trkpt lat="40.6376500" lon="-3.1084480">
    <ele>857.6</ele>
   </trkpt>
   <trkpt lat="40.6375690" lon="-3.1084720">
    <ele>857.8</ele>
   </trkpt>
   <trkpt lat="40.6375080" lon="-3.1085170">
    <ele>858.0</ele>
   </trkpt>
   <trkpt lat="40.6374510" lon="-3.1085620">
    <ele>858.2</ele>
   </trkpt>
   <trkpt lat="40.6373980" lon="-3.1086000">
    <ele>858.6</ele>
   </trkpt>
   <trkpt lat="40.6373370" lon="-3.1086240">
    <ele>858.8</ele>
   </trkpt>
   <trkpt lat="40.6372760" lon="-3.1086280">
    <ele>859.0</ele>
   </trkpt>
   <trkpt lat="40.6372180" lon="-3.1086180">
    <ele>859.0</ele>
   </trkpt>
   <trkpt lat="40.6371570" lon="-3.1085920">
    <ele>859.0</ele>
   </trkpt>
   <trkpt lat="40.6371000" lon="-3.1085640">
    <ele>859.0</ele>
   </trkpt>
   <trkpt lat="40.6370350" lon="-3.1085360">
    <ele>859.0</ele>
   </trkpt>
   <trkpt lat="40.6369740" lon="-3.1085160">
    <ele>858.8</ele>
   </trkpt>
   <trkpt lat="40.6369060" lon="-3.1085020">
    <ele>858.8</ele>
   </trkpt>
   <trkpt lat="40.6368370" lon="-3.1084920">
    <ele>858.6</ele>
   </trkpt>
   <trkpt lat="40.6367650" lon="-3.1084870">
    <ele>858.6</ele>
   </trkpt>
   <trkpt lat="40.6366880" lon="-3.1084870">
    <ele>858.4</ele>
   </trkpt>
   <trkpt lat="40.6366200" lon="-3.1084930">
    <ele>858.2</ele>
   </trkpt>
   <trkpt lat="40.6365430" lon="-3.1085160">
    <ele>857.6</ele>
   </trkpt>
   <trkpt lat="40.6364670" lon="-3.1085600">
    <ele>857.2</ele>
   </trkpt>
   <trkpt lat="40.6363940" lon="-3.1086230">
    <ele>856.8</ele>
   </trkpt>
   <trkpt lat="40.6363260" lon="-3.1086900">
    <ele>856.2</ele>
   </trkpt>
   <trkpt lat="40.6362530" lon="-3.1087480">
    <ele>855.6</ele>
   </trkpt>
   <trkpt lat="40.6361660" lon="-3.1087810">
    <ele>855.0</ele>
   </trkpt>
   <trkpt lat="40.6360740" lon="-3.1087880">
    <ele>854.4</ele>
   </trkpt>
   <trkpt lat="40.6359860" lon="-3.1087620">
    <ele>854.0</ele>
   </trkpt>
   <trkpt lat="40.6358950" lon="-3.1087250">
    <ele>853.4</ele>
   </trkpt>
   <trkpt lat="40.6357990" lon="-3.1087070">
    <ele>852.8</ele>
   </trkpt>
   <trkpt lat="40.6356960" lon="-3.1087100">
    <ele>852.4</ele>
   </trkpt>
   <trkpt lat="40.6355970" lon="-3.1087370">
    <ele>851.8</ele>
   </trkpt>
   <trkpt lat="40.6355210" lon="-3.1088120">
    <ele>851.4</ele>
   </trkpt>
   <trkpt lat="40.6354450" lon="-3.1088860">
    <ele>850.8</ele>
   </trkpt>
   <trkpt lat="40.6353720" lon="-3.1089790">
    <ele>850.2</ele>
   </trkpt>
   <trkpt lat="40.6353030" lon="-3.1090720">
    <ele>849.4</ele>
   </trkpt>
   <trkpt lat="40.6352310" lon="-3.1091740">
    <ele>848.8</ele>
   </trkpt>
   <trkpt lat="40.6351550" lon="-3.1092750">
    <ele>848.4</ele>
   </trkpt>
   <trkpt lat="40.6350670" lon="-3.1093550">
    <ele>847.8</ele>
   </trkpt>
   <trkpt lat="40.6349750" lon="-3.1094240">
    <ele>847.2</ele>
   </trkpt>
   <trkpt lat="40.6348840" lon="-3.1095020">
    <ele>846.6</ele>
   </trkpt>
   <trkpt lat="40.6348000" lon="-3.1095890">
    <ele>846.0</ele>
   </trkpt>
   <trkpt lat="40.6347270" lon="-3.1096940">
    <ele>845.4</ele>
   </trkpt>
   <trkpt lat="40.6346890" lon="-3.1098180">
    <ele>844.8</ele>
   </trkpt>
   <trkpt lat="40.6346630" lon="-3.1099470">
    <ele>844.2</ele>
   </trkpt>
   <trkpt lat="40.6346440" lon="-3.1100750">
    <ele>843.6</ele>
   </trkpt>
   <trkpt lat="40.6346440" lon="-3.1102000">
    <ele>843.0</ele>
   </trkpt>
   <trkpt lat="40.6346740" lon="-3.1103100">
    <ele>842.4</ele>
   </trkpt>
   <trkpt lat="40.6347390" lon="-3.1103970">
    <ele>841.8</ele>
   </trkpt>
   <trkpt lat="40.6348190" lon="-3.1104530">
    <ele>841.0</ele>
   </trkpt>
   <trkpt lat="40.6349070" lon="-3.1104860">
    <ele>840.6</ele>
   </trkpt>
   <trkpt lat="40.6350020" lon="-3.1104920">
    <ele>840.0</ele>
   </trkpt>
   <trkpt lat="40.6350820" lon="-3.1104560">
    <ele>839.4</ele>
   </trkpt>
   <trkpt lat="40.6351850" lon="-3.1104150">
    <ele>838.8</ele>
   </trkpt>
   <trkpt lat="40.6353070" lon="-3.1103830">
    <ele>838.0</ele>
   </trkpt>
   <trkpt lat="40.6354140" lon="-3.1103780">
    <ele>837.4</ele>
   </trkpt>
   <trkpt lat="40.6355250" lon="-3.1104050">
    <ele>837.0</ele>
   </trkpt>
   <trkpt lat="40.6356240" lon="-3.1104780">
    <ele>836.6</ele>
   </trkpt>
   <trkpt lat="40.6357000" lon="-3.1105770">
    <ele>835.8</ele>
   </trkpt>
   <trkpt lat="40.6357690" lon="-3.1106750">
    <ele>834.8</ele>
   </trkpt>
   <trkpt lat="40.6358110" lon="-3.1108080">
    <ele>834.0</ele>
   </trkpt>
   <trkpt lat="40.6358490" lon="-3.1109470">
    <ele>833.2</ele>
   </trkpt>
   <trkpt lat="40.6358830" lon="-3.1110980">
    <ele>832.4</ele>
   </trkpt>
   <trkpt lat="40.6359440" lon="-3.1112230">
    <ele>831.8</ele>
   </trkpt>
   <trkpt lat="40.6360170" lon="-3.1113260">
    <ele>831.0</ele>
   </trkpt>
   <trkpt lat="40.6360970" lon="-3.1114470">
    <ele>830.0</ele>
   </trkpt>
   <trkpt lat="40.6361620" lon="-3.1115600">
    <ele>829.4</ele>
   </trkpt>
   <trkpt lat="40.6362340" lon="-3.1116710">
    <ele>828.6</ele>
   </trkpt>
   <trkpt lat="40.6363070" lon="-3.1117690">
    <ele>827.8</ele>
   </trkpt>
   <trkpt lat="40.6363980" lon="-3.1118460">
    <ele>827.0</ele>
   </trkpt>
   <trkpt lat="40.6364970" lon="-3.1118880">
    <ele>826.4</ele>
   </trkpt>
   <trkpt lat="40.6366000" lon="-3.1119290">
    <ele>825.6</ele>
   </trkpt>
   <trkpt lat="40.6366810" lon="-3.1119780">
    <ele>824.6</ele>
   </trkpt>
   <trkpt lat="40.6367840" lon="-3.1120920">
    <ele>823.8</ele>
   </trkpt>
   <trkpt lat="40.6368560" lon="-3.1122060">
    <ele>823.0</ele>
   </trkpt>
   <trkpt lat="40.6369090" lon="-3.1123400">
    <ele>822.0</ele>
   </trkpt>
   <trkpt lat="40.6369510" lon="-3.1124870">
    <ele>821.2</ele>
   </trkpt>
   <trkpt lat="40.6370010" lon="-3.1126290">
    <ele>820.2</ele>
   </trkpt>
   <trkpt lat="40.6370580" lon="-3.1127700">
    <ele>819.2</ele>
   </trkpt>
   <trkpt lat="40.6371310" lon="-3.1128860">
    <ele>818.4</ele>
   </trkpt>
   <trkpt lat="40.6372220" lon="-3.1129820">
    <ele>817.4</ele>
   </trkpt>
   <trkpt lat="40.6373210" lon="-3.1130770">
    <ele>816.4</ele>
   </trkpt>
   <trkpt lat="40.6374170" lon="-3.1131760">
    <ele>815.4</ele>
   </trkpt>
   <trkpt lat="40.6375080" lon="-3.1132780">
    <ele>814.6</ele>
   </trkpt>
   <trkpt lat="40.6375880" lon="-3.1133930">
    <ele>813.6</ele>
   </trkpt>
   <trkpt lat="40.6376530" lon="-3.1135210">
    <ele>812.8</ele>
   </trkpt>
   <trkpt lat="40.6376910" lon="-3.1136320">
    <ele>811.8</ele>
   </trkpt>
   <trkpt lat="40.6377410" lon="-3.1138050">
    <ele>810.8</ele>
   </trkpt>
   <trkpt lat="40.6377720" lon="-3.1139540">
    <ele>810.0</ele>
   </trkpt>
   <trkpt lat="40.6377910" lon="-3.1141060">
    <ele>809.2</ele>
   </trkpt>
   <trkpt lat="40.6378060" lon="-3.1142320">
    <ele>808.2</ele>
   </trkpt>
   <trkpt lat="40.6378250" lon="-3.1144140">
    <ele>807.4</ele>
   </trkpt>
   <trkpt lat="40.6378440" lon="-3.1145640">
    <ele>806.4</ele>
   </trkpt>
   <trkpt lat="40.6378560" lon="-3.1147200">
    <ele>805.6</ele>
   </trkpt>
   <trkpt lat="40.6378590" lon="-3.1148390">
    <ele>804.8</ele>
   </trkpt>
   <trkpt lat="40.6378670" lon="-3.1150050">
    <ele>804.0</ele>
   </trkpt>
   <trkpt lat="40.6378750" lon="-3.1151690">
    <ele>803.0</ele>
   </trkpt>
   <trkpt lat="40.6378860" lon="-3.1153610">
    <ele>802.2</ele>
   </trkpt>
   <trkpt lat="40.6378970" lon="-3.1155210">
    <ele>801.2</ele>
   </trkpt>
   <trkpt lat="40.6379090" lon="-3.1156800">
    <ele>800.6</ele>
   </trkpt>
   <trkpt lat="40.6379200" lon="-3.1158350">
    <ele>799.8</ele>
   </trkpt>
   <trkpt lat="40.6379320" lon="-3.1159620">
    <ele>799.0</ele>
   </trkpt>
   <trkpt lat="40.6379430" lon="-3.1161500">
    <ele>798.2</ele>
   </trkpt>
   <trkpt lat="40.6379470" lon="-3.1162770">
    <ele>797.6</ele>
   </trkpt>
   <trkpt lat="40.6379550" lon="-3.1164290">
    <ele>796.8</ele>
   </trkpt>
   <trkpt lat="40.6379660" lon="-3.1166090">
    <ele>796.2</ele>
   </trkpt>
   <trkpt lat="40.6379780" lon="-3.1167570">
    <ele>795.6</ele>
   </trkpt>
   <trkpt lat="40.6379850" lon="-3.1169030">
    <ele>795.2</ele>
   </trkpt>
   <trkpt lat="40.6379930" lon="-3.1170510">
    <ele>794.6</ele>
   </trkpt>
   <trkpt lat="40.6379970" lon="-3.1171720">
    <ele>794.0</ele>
   </trkpt>
   <trkpt lat="40.6380010" lon="-3.1173500">
    <ele>793.6</ele>
   </trkpt>
   <trkpt lat="40.6380010" lon="-3.1174840">
    <ele>793.2</ele>
   </trkpt>
   <trkpt lat="40.6380040" lon="-3.1175810">
    <ele>792.8</ele>
   </trkpt>
   <trkpt lat="40.6380080" lon="-3.1177020">
    <ele>792.2</ele>
   </trkpt>
   <trkpt lat="40.6380120" lon="-3.1178420">
    <ele>791.8</ele>
   </trkpt>
   <trkpt lat="40.6380230" lon="-3.1179550">
    <ele>791.4</ele>
   </trkpt>
   <trkpt lat="40.6380390" lon="-3.1180430">
    <ele>791.0</ele>
   </trkpt>
   <trkpt lat="40.6380730" lon="-3.1181510">
    <ele>790.4</ele>
   </trkpt>
   <trkpt lat="40.6381260" lon="-3.1182450">
    <ele>790.0</ele>
   </trkpt>
   <trkpt lat="40.6382060" lon="-3.1183300">
    <ele>789.4</ele>
   </trkpt>
   <trkpt lat="40.6382870" lon="-3.1183780">
    <ele>788.8</ele>
   </trkpt>
   <trkpt lat="40.6383820" lon="-3.1184120">
    <ele>788.4</ele>
   </trkpt>
   <trkpt lat="40.6384810" lon="-3.1184400">
    <ele>787.8</ele>
   </trkpt>
   <trkpt lat="40.6385770" lon="-3.1184690">
    <ele>787.2</ele>
   </trkpt>
   <trkpt lat="40.6386870" lon="-3.1184990">
    <ele>786.6</ele>
   </trkpt>
   <trkpt lat="40.6387900" lon="-3.1185280">
    <ele>786.0</ele>
   </trkpt>
   <trkpt lat="40.6388700" lon="-3.1185550">
    <ele>785.4</ele>
   </trkpt>
   <trkpt lat="40.6389690" lon="-3.1185930">
    <ele>784.6</ele>
   </trkpt>
   <trkpt lat="40.6390910" lon="-3.1186330">
    <ele>784.0</ele>
   </trkpt>
   <trkpt lat="40.6391980" lon="-3.1186680">
    <ele>783.4</ele>
   </trkpt>
   <trkpt lat="40.6393050" lon="-3.1187080">
    <ele>782.6</ele>
   </trkpt>
   <trkpt lat="40.6393890" lon="-3.1187440">
    <ele>782.0</ele>
   </trkpt>
   <trkpt lat="40.6395070" lon="-3.1188050">
    <ele>781.2</ele>
   </trkpt>
   <trkpt lat="40.6396140" lon="-3.1188660">
    <ele>780.6</ele>
   </trkpt>
   <trkpt lat="40.6397090" lon="-3.1189380">
    <ele>780.0</ele>
   </trkpt>
   <trkpt lat="40.6398010" lon="-3.1190180">
    <ele>779.4</ele>
   </trkpt>
   <trkpt lat="40.6398700" lon="-3.1190870">
    <ele>778.8</ele>
   </trkpt>
   <trkpt lat="40.6399500" lon="-3.1191750">
    <ele>778.4</ele>
   </trkpt>
   <trkpt lat="40.6400260" lon="-3.1192640">
    <ele>778.0</ele>
   </trkpt>
   <trkpt lat="40.6401020" lon="-3.1193540">
    <ele>777.6</ele>
   </trkpt>
   <trkpt lat="40.6401710" lon="-3.1194470">
    <ele>777.2</ele>
   </trkpt>
   <trkpt lat="40.6402550" lon="-3.1195560">
    <ele>776.8</ele>
   </trkpt>
   <trkpt lat="40.6403200" lon="-3.1196490">
    <ele>776.6</ele>
   </trkpt>
   <trkpt lat="40.6403730" lon="-3.1197500">
    <ele>776.4</ele>
   </trkpt>
   <trkpt lat="40.6404150" lon="-3.1198600">
    <ele>776.0</ele>
   </trkpt>
   <trkpt lat="40.6404380" lon="-3.1199510">
    <ele>775.8</ele>
   </trkpt>
   <trkpt lat="40.6404530" lon="-3.1200850">
    <ele>775.4</ele>
   </trkpt>
   <trkpt lat="40.6404420" lon="-3.1201970">
    <ele>775.2</ele>
   </trkpt>
   <trkpt lat="40.6404150" lon="-3.1203100">
    <ele>774.8</ele>
   </trkpt>
   <trkpt lat="40.6403880" lon="-3.1204040">
    <ele>774.6</ele>
   </trkpt>
   <trkpt lat="40.6403540" lon="-3.1205080">
    <ele>774.4</ele>
   </trkpt>
   <trkpt lat="40.6403120" lon="-3.1206300">
    <ele>774.2</ele>
   </trkpt>
   <trkpt lat="40.6402820" lon="-3.1207320">
    <ele>774.0</ele>
   </trkpt>
   <trkpt lat="40.6402590" lon="-3.1208320">
    <ele>774.0</ele>
   </trkpt>
   <trkpt lat="40.6402440" lon="-3.1209370">
    <ele>773.6</ele>
   </trkpt>
   <trkpt lat="40.6402360" lon="-3.1210470">
    <ele>773.2</ele>
   </trkpt>
   <trkpt lat="40.6402550" lon="-3.1211570">
    <ele>772.6</ele>
   </trkpt>
   <trkpt lat="40.6402850" lon="-3.1212400">
    <ele>771.8</ele>
   </trkpt>
   <trkpt lat="40.6403350" lon="-3.1213480">
    <ele>771.2</ele>
   </trkpt>
   <trkpt lat="40.6403810" lon="-3.1214610">
    <ele>770.2</ele>
   </trkpt>
   <trkpt lat="40.6404270" lon="-3.1215790">
    <ele>769.4</ele>
   </trkpt>
   <trkpt lat="40.6404690" lon="-3.1217050">
    <ele>768.4</ele>
   </trkpt>
   <trkpt lat="40.6405220" lon="-3.1218530">
    <ele>767.4</ele>
   </trkpt>
   <trkpt lat="40.6405600" lon="-3.1219590">
    <ele>766.6</ele>
   </trkpt>
   <trkpt lat="40.6406020" lon="-3.1220950">
    <ele>765.8</ele>
   </trkpt>
   <trkpt lat="40.6406550" lon="-3.1222630">
    <ele>765.0</ele>
   </trkpt>
   <trkpt lat="40.6407010" lon="-3.1224030">
    <ele>764.2</ele>
   </trkpt>
   <trkpt lat="40.6407320" lon="-3.1225150">
    <ele>763.8</ele>
   </trkpt>
   <trkpt lat="40.6407740" lon="-3.1226530">
    <ele>763.2</ele>
   </trkpt>
   <trkpt lat="40.6408160" lon="-3.1227830">
    <ele>762.8</ele>
   </trkpt>
   <trkpt lat="40.6408620" lon="-3.1229360">
    <ele>762.4</ele>
   </trkpt>
   <trkpt lat="40.6409000" lon="-3.1230370">
    <ele>762.4</ele>
   </trkpt>
   <trkpt lat="40.6409490" lon="-3.1231830">
    <ele>762.4</ele>
   </trkpt>
   <trkpt lat="40.6409840" lon="-3.1232730">
    <ele>762.2</ele>
   </trkpt>
   <trkpt lat="40.6410260" lon="-3.1233840">
    <ele>762.2</ele>
   </trkpt>
   <trkpt lat="40.6410710" lon="-3.1235130">
    <ele>762.0</ele>
   </trkpt>
   <trkpt lat="40.6411090" lon="-3.1236130">
    <ele>762.0</ele>
   </trkpt>
   <trkpt lat="40.6411360" lon="-3.1236950">
    <ele>762.0</ele>
   </trkpt>
   <trkpt lat="40.6411700" lon="-3.1238150">
    <ele>762.0</ele>
   </trkpt>
   <trkpt lat="40.6412010" lon="-3.1239130">
    <ele>762.0</ele>
   </trkpt>
   <trkpt lat="40.6412240" lon="-3.1239910">
    <ele>762.0</ele>
   </trkpt>
   <trkpt lat="40.6412510" lon="-3.1240920">
    <ele>762.0</ele>
   </trkpt>
   <trkpt lat="40.6412810" lon="-3.1241890">
    <ele>761.8</ele>
   </trkpt>
   <trkpt lat="40.6413120" lon="-3.1242860">
    <ele>761.8</ele>
   </trkpt>
   <trkpt lat="40.6413540" lon="-3.1244030">
    <ele>761.8</ele>
   </trkpt>
   <trkpt lat="40.6413840" lon="-3.1244820">
    <ele>761.6</ele>
   </trkpt>
   <trkpt lat="40.6414300" lon="-3.1245750">
    <ele>761.6</ele>
   </trkpt>
   <trkpt lat="40.6414830" lon="-3.1246610">
    <ele>761.4</ele>
   </trkpt>
   <trkpt lat="40.6415480" lon="-3.1247650">
    <ele>761.2</ele>
   </trkpt>
   <trkpt lat="40.6416170" lon="-3.1248350">
    <ele>761.0</ele>
   </trkpt>
   <trkpt lat="40.6416780" lon="-3.1248850">
    <ele>760.8</ele>
   </trkpt>
   <trkpt lat="40.6417690" lon="-3.1249660">
    <ele>760.6</ele>
   </trkpt>
   <trkpt lat="40.6418340" lon="-3.1250170">
    <ele>760.4</ele>
   </trkpt>
   <trkpt lat="40.6419140" lon="-3.1250780">
    <ele>760.0</ele>
   </trkpt>
   <trkpt lat="40.6420170" lon="-3.1251530">
    <ele>759.6</ele>
   </trkpt>
   <trkpt lat="40.6420860" lon="-3.1252070">
    <ele>759.2</ele>
   </trkpt>
   <trkpt lat="40.6421700" lon="-3.1252780">
    <ele>758.8</ele>
   </trkpt>
   <trkpt lat="40.6422500" lon="-3.1253510">
    <ele>758.4</ele>
   </trkpt>
   <trkpt lat="40.6423490" lon="-3.1254450">
    <ele>758.0</ele>
   </trkpt>
   <trkpt lat="40.6424290" lon="-3.1255300">
    <ele>757.4</ele>
   </trkpt>
   <trkpt lat="40.6424900" lon="-3.1255980">
    <ele>757.0</ele>
   </trkpt>
   <trkpt lat="40.6425670" lon="-3.1256870">
    <ele>756.6</ele>
   </trkpt>
   <trkpt lat="40.6426470" lon="-3.1257780">
    <ele>756.2</ele>
   </trkpt>
   <trkpt lat="40.6427310" lon="-3.1258880">
    <ele>755.8</ele>
   </trkpt>
   <trkpt lat="40.6427990" lon="-3.1259840">
    <ele>755.4</ele>
   </trkpt>
   <trkpt lat="40.6428530" lon="-3.1260650">
    <ele>755.0</ele>
   </trkpt>
   <trkpt lat="40.6429180" lon="-3.1261680">
    <ele>754.6</ele>
   </trkpt>
   <trkpt lat="40.6429820" lon="-3.1262740">
    <ele>754.2</ele>
   </trkpt>
   <trkpt lat="40.6430400" lon="-3.1263860">
    <ele>753.8</ele>
   </trkpt>
   <trkpt lat="40.6431010" lon="-3.1265270">
    <ele>753.4</ele>
   </trkpt>
   <trkpt lat="40.6431430" lon="-3.1266500">
    <ele>753.0</ele>
   </trkpt>
   <trkpt lat="40.6431850" lon="-3.1267740">
    <ele>752.4</ele>
   </trkpt>
   <trkpt lat="40.6432230" lon="-3.1268960">
    <ele>752.0</ele>
   </trkpt>
   <trkpt lat="40.6432530" lon="-3.1270250">
    <ele>751.6</ele>
   </trkpt>
   <trkpt lat="40.6432800" lon="-3.1271300">
    <ele>751.2</ele>
   </trkpt>
   <trkpt lat="40.6433140" lon="-3.1272830">
    <ele>750.8</ele>
   </trkpt>
   <trkpt lat="40.6433410" lon="-3.1274090">
    <ele>750.6</ele>
   </trkpt>
   <trkpt lat="40.6433720" lon="-3.1275440">
    <ele>750.2</ele>
   </trkpt>
   <trkpt lat="40.6433910" lon="-3.1276500">
    <ele>750.0</ele>
   </trkpt>
   <trkpt lat="40.6434210" lon="-3.1277810">
    <ele>749.6</ele>
   </trkpt>
   <trkpt lat="40.6434520" lon="-3.1279410">
    <ele>749.2</ele>
   </trkpt>
   <trkpt lat="40.6434710" lon="-3.1280510">
    <ele>748.8</ele>
   </trkpt>
   <trkpt lat="40.6435010" lon="-3.1281850">
    <ele>748.6</ele>
   </trkpt>
   <trkpt lat="40.6435320" lon="-3.1283130">
    <ele>748.4</ele>
   </trkpt>
   <trkpt lat="40.6435660" lon="-3.1284410">
    <ele>748.2</ele>
   </trkpt>
   <trkpt lat="40.6436040" lon="-3.1285680">
    <ele>747.8</ele>
   </trkpt>
   <trkpt lat="40.6436580" lon="-3.1287130">
    <ele>747.8</ele>
   </trkpt>
   <trkpt lat="40.6437030" lon="-3.1288280">
    <ele>747.6</ele>
   </trkpt>
   <trkpt lat="40.6437420" lon="-3.1289160">
    <ele>747.6</ele>
   </trkpt>
   <trkpt lat="40.6437950" lon="-3.1290240">
    <ele>747.4</ele>
   </trkpt>
   <trkpt lat="40.6438450" lon="-3.1291310">
    <ele>747.2</ele>
   </trkpt>
   <trkpt lat="40.6439020" lon="-3.1292610">
    <ele>747.0</ele>
   </trkpt>
   <trkpt lat="40.6439320" lon="-3.1293530">
    <ele>746.8</ele>
   </trkpt>
   <trkpt lat="40.6439780" lon="-3.1294700">
    <ele>746.4</ele>
   </trkpt>
   <trkpt lat="40.6440280" lon="-3.1296140">
    <ele>746.0</ele>
   </trkpt>
   <trkpt lat="40.6440660" lon="-3.1297120">
    <ele>745.4</ele>
   </trkpt>
   <trkpt lat="40.6441150" lon="-3.1298330">
    <ele>745.0</ele>
   </trkpt>
   <trkpt lat="40.6441650" lon="-3.1299570">
    <ele>744.4</ele>
   </trkpt>
   <trkpt lat="40.6442150" lon="-3.1300790">
    <ele>744.0</ele>
   </trkpt>
   <trkpt lat="40.6442640" lon="-3.1302030">
    <ele>743.4</ele>
   </trkpt>
   <trkpt lat="40.6443210" lon="-3.1303520">
    <ele>743.2</ele>
   </trkpt>
   <trkpt lat="40.6443520" lon="-3.1304520">
    <ele>742.6</ele>
   </trkpt>
   <trkpt lat="40.6443980" lon="-3.1305730">
    <ele>742.2</ele>
   </trkpt>
   <trkpt lat="40.6444400" lon="-3.1306900">
    <ele>741.6</ele>
   </trkpt>
   <trkpt lat="40.6444820" lon="-3.1308030">
    <ele>741.4</ele>
   </trkpt>
   <trkpt lat="40.6445200" lon="-3.1309220">
    <ele>741.0</ele>
   </trkpt>
   <trkpt lat="40.6445500" lon="-3.1310420">
    <ele>740.8</ele>
   </trkpt>
   <trkpt lat="40.6445770" lon="-3.1311630">
    <ele>740.6</ele>
   </trkpt>
   <trkpt lat="40.6446000" lon="-3.1312830">
    <ele>740.4</ele>
   </trkpt>
   <trkpt lat="40.6446270" lon="-3.1314230">
    <ele>740.2</ele>
   </trkpt>
   <trkpt lat="40.6446530" lon="-3.1315380">
    <ele>740.0</ele>
   </trkpt>
   <trkpt lat="40.6446690" lon="-3.1316280">
    <ele>739.8</ele>
   </trkpt>
   <trkpt lat="40.6446910" lon="-3.1317400">
    <ele>739.6</ele>
   </trkpt>
   <trkpt lat="40.6447180" lon="-3.1318520">
    <ele>739.4</ele>
   </trkpt>
   <trkpt lat="40.6447410" lon="-3.1319960">
    <ele>739.4</ele>
   </trkpt>
   <trkpt lat="40.6447560" lon="-3.1320940">
    <ele>739.2</ele>
   </trkpt>
   <trkpt lat="40.6447720" lon="-3.1322160">
    <ele>739.0</ele>
   </trkpt>
   <trkpt lat="40.6447910" lon="-3.1323400">
    <ele>739.0</ele>
   </trkpt>
   <trkpt lat="40.6448100" lon="-3.1324610">
    <ele>738.8</ele>
   </trkpt>
   <trkpt lat="40.6448290" lon="-3.1325800">
    <ele>738.8</ele>
   </trkpt>
   <trkpt lat="40.6448480" lon="-3.1327200">
    <ele>738.6</ele>
   </trkpt>
   <trkpt lat="40.6448630" lon="-3.1328120">
    <ele>738.6</ele>
   </trkpt>
   <trkpt lat="40.6448780" lon="-3.1329260">
    <ele>738.6</ele>
   </trkpt>
   <trkpt lat="40.6448940" lon="-3.1330630">
    <ele>738.4</ele>
   </trkpt>
   <trkpt lat="40.6449050" lon="-3.1331550">
    <ele>738.4</ele>
   </trkpt>
   <trkpt lat="40.6449090" lon="-3.1332730">
    <ele>738.2</ele>
   </trkpt>
   <trkpt lat="40.6449090" lon="-3.1333900">
    <ele>738.2</ele>
   </trkpt>
   <trkpt lat="40.6449050" lon="-3.1335080">
    <ele>738.0</ele>
   </trkpt>
   <trkpt lat="40.6448940" lon="-3.1336250">
    <ele>738.0</ele>
   </trkpt>
   <trkpt lat="40.6448860" lon="-3.1337650">
    <ele>737.8</ele>
   </trkpt>
   <trkpt lat="40.6448780" lon="-3.1338580">
    <ele>737.8</ele>
   </trkpt>
   <trkpt lat="40.6448670" lon="-3.1339730">
    <ele>737.8</ele>
   </trkpt>
   <trkpt lat="40.6448550" lon="-3.1340870">
    <ele>737.6</ele>
   </trkpt>
   <trkpt lat="40.6448440" lon="-3.1342280">
    <ele>737.6</ele>
   </trkpt>
   <trkpt lat="40.6448360" lon="-3.1343200">
    <ele>737.6</ele>
   </trkpt>
   <trkpt lat="40.6448290" lon="-3.1344310">
    <ele>737.6</ele>
   </trkpt>
   <trkpt lat="40.6448210" lon="-3.1345620">
    <ele>737.6</ele>
   </trkpt>
   <trkpt lat="40.6448100" lon="-3.1346740">
    <ele>737.6</ele>
   </trkpt>
   <trkpt lat="40.6448020" lon="-3.1347580">
    <ele>737.6</ele>
   </trkpt>
   <trkpt lat="40.6447910" lon="-3.1348830">
    <ele>737.6</ele>
   </trkpt>
   <trkpt lat="40.6447870" lon="-3.1349660">
    <ele>737.6</ele>
   </trkpt>
   <trkpt lat="40.6447790" lon="-3.1350880">
    <ele>737.6</ele>
   </trkpt>
   <trkpt lat="40.6447750" lon="-3.1351870">
    <ele>737.8</ele>
   </trkpt>
   <trkpt lat="40.6447750" lon="-3.1352630">
    <ele>737.6</ele>
   </trkpt>
   <trkpt lat="40.6447790" lon="-3.1353590">
    <ele>737.8</ele>
   </trkpt>
   <trkpt lat="40.6447870" lon="-3.1354750">
    <ele>737.6</ele>
   </trkpt>
   <trkpt lat="40.6448020" lon="-3.1355730">
    <ele>737.4</ele>
   </trkpt>
   <trkpt lat="40.6448170" lon="-3.1356660">
    <ele>737.2</ele>
   </trkpt>
   <trkpt lat="40.6448400" lon="-3.1357590">
    <ele>737.0</ele>
   </trkpt>
   <trkpt lat="40.6448520" lon="-3.1358330">
    <ele>736.8</ele>
   </trkpt>
   <trkpt lat="40.6448780" lon="-3.1359410">
    <ele>736.6</ele>
   </trkpt>
   <trkpt lat="40.6449010" lon="-3.1360350">
    <ele>736.6</ele>
   </trkpt>
   <trkpt lat="40.6449170" lon="-3.1361050">
    <ele>736.4</ele>
   </trkpt>
   <trkpt lat="40.6449430" lon="-3.1361900">
    <ele>736.4</ele>
   </trkpt>
   <trkpt lat="40.6449660" lon="-3.1362710">
    <ele>736.2</ele>
   </trkpt>
   <trkpt lat="40.6449970" lon="-3.1363500">
    <ele>736.0</ele>
   </trkpt>
   <trkpt lat="40.6450350" lon="-3.1364420">
    <ele>736.0</ele>
   </trkpt>
   <trkpt lat="40.6450650" lon="-3.1364990">
    <ele>735.8</ele>
   </trkpt>
   <trkpt lat="40.6451070" lon="-3.1365680">
    <ele>735.8</ele>
   </trkpt>
   <trkpt lat="40.6451570" lon="-3.1366300">
    <ele>735.6</ele>
   </trkpt>
   <trkpt lat="40.6452100" lon="-3.1366860">
    <ele>735.4</ele>
   </trkpt>
   <trkpt lat="40.6452830" lon="-3.1367550">
    <ele>735.4</ele>
   </trkpt>
   <trkpt lat="40.6453280" lon="-3.1367970">
    <ele>735.4</ele>
   </trkpt>
   <trkpt lat="40.6453860" lon="-3.1368500">
    <ele>735.2</ele>
   </trkpt>
   <trkpt lat="40.6454470" lon="-3.1369280">
    <ele>735.0</ele>
   </trkpt>
   <trkpt lat="40.6454770" lon="-3.1369920">
    <ele>735.0</ele>
   </trkpt>
   <trkpt lat="40.6455040" lon="-3.1370790">
    <ele>734.8</ele>
   </trkpt>
   <trkpt lat="40.6455270" lon="-3.1371690">
    <ele>734.6</ele>
   </trkpt>
   <trkpt lat="40.6455380" lon="-3.1372650">
    <ele>734.6</ele>
   </trkpt>
   <trkpt lat="40.6455380" lon="-3.1373730">
    <ele>734.4</ele>
   </trkpt>
   <trkpt lat="40.6455340" lon="-3.1374810">
    <ele>734.2</ele>
   </trkpt>
   <trkpt lat="40.6455380" lon="-3.1375890">
    <ele>734.0</ele>
   </trkpt>
   <trkpt lat="40.6455500" lon="-3.1376930">
    <ele>734.0</ele>
   </trkpt>
   <trkpt lat="40.6455760" lon="-3.1378160">
    <ele>733.8</ele>
   </trkpt>
   <trkpt lat="40.6456030" lon="-3.1378980">
    <ele>733.8</ele>
   </trkpt>
   <trkpt lat="40.6456410" lon="-3.1379970">
    <ele>733.6</ele>
   </trkpt>
   <trkpt lat="40.6456830" lon="-3.1380880">
    <ele>733.4</ele>
   </trkpt>
   <trkpt lat="40.6457330" lon="-3.1381770">
    <ele>733.2</ele>
   </trkpt>
   <trkpt lat="40.6457790" lon="-3.1382660">
    <ele>733.2</ele>
   </trkpt>
   <trkpt lat="40.6458280" lon="-3.1383730">
    <ele>732.8</ele>
   </trkpt>
   <trkpt lat="40.6458630" lon="-3.1384450">
    <ele>732.6</ele>
   </trkpt>
   <trkpt lat="40.6459050" lon="-3.1385330">
    <ele>732.6</ele>
   </trkpt>
   <trkpt lat="40.6459500" lon="-3.1386370">
    <ele>732.4</ele>
   </trkpt>
   <trkpt lat="40.6459850" lon="-3.1387050">
    <ele>732.4</ele>
   </trkpt>
   <trkpt lat="40.6460270" lon="-3.1387910">
    <ele>732.2</ele>
   </trkpt>
   <trkpt lat="40.6460650" lon="-3.1388820">
    <ele>732.0</ele>
   </trkpt>
   <trkpt lat="40.6461070" lon="-3.1389720">
    <ele>731.8</ele>
   </trkpt>
   <trkpt lat="40.6461450" lon="-3.1390630">
    <ele>731.6</ele>
   </trkpt>
   <trkpt lat="40.6461830" lon="-3.1391560">
    <ele>731.4</ele>
   </trkpt>
   <trkpt lat="40.6462250" lon="-3.1392520">
    <ele>731.0</ele>
   </trkpt>
   <trkpt lat="40.6462670" lon="-3.1393460">
    <ele>730.8</ele>
   </trkpt>
   <trkpt lat="40.6463130" lon="-3.1394410">
    <ele>730.4</ele>
   </trkpt>
   <trkpt lat="40.6463550" lon="-3.1395390">
    <ele>730.0</ele>
   </trkpt>
   <trkpt lat="40.6463970" lon="-3.1396390">
    <ele>729.6</ele>
   </trkpt>
   <trkpt lat="40.6464420" lon="-3.1397380">
    <ele>729.2</ele>
   </trkpt>
   <trkpt lat="40.6464920" lon="-3.1398380">
    <ele>728.8</ele>
   </trkpt>
   <trkpt lat="40.6465570" lon="-3.1399570">
    <ele>728.4</ele>
   </trkpt>
   <trkpt lat="40.6465990" lon="-3.1400350">
    <ele>727.8</ele>
   </trkpt>
   <trkpt lat="40.6466560" lon="-3.1401380">
    <ele>727.2</ele>
   </trkpt>
   <trkpt lat="40.6467060" lon="-3.1402490">
    <ele>726.6</ele>
   </trkpt>
   <trkpt lat="40.6467590" lon="-3.1403610">
    <ele>726.0</ele>
   </trkpt>
   <trkpt lat="40.6468090" lon="-3.1404770">
    <ele>725.4</ele>
   </trkpt>
   <trkpt lat="40.6468730" lon="-3.1406170">
    <ele>724.8</ele>
   </trkpt>
   <trkpt lat="40.6469120" lon="-3.1407100">
    <ele>724.2</ele>
   </trkpt>
   <trkpt lat="40.6469650" lon="-3.1408250">
    <ele>723.8</ele>
   </trkpt>
   <trkpt lat="40.6470180" lon="-3.1409400">
    <ele>723.4</ele>
   </trkpt>
   <trkpt lat="40.6470870" lon="-3.1410710">
    <ele>723.0</ele>
   </trkpt>
   <trkpt lat="40.6471400" lon="-3.1411520">
    <ele>722.6</ele>
   </trkpt>
   <trkpt lat="40.6472210" lon="-3.1412270">
    <ele>722.4</ele>
   </trkpt>
   <trkpt lat="40.6473050" lon="-3.1412850">
    <ele>722.2</ele>
   </trkpt>
   <trkpt lat="40.6473960" lon="-3.1413400">
    <ele>722.2</ele>
   </trkpt>
   <trkpt lat="40.6474800" lon="-3.1414020">
    <ele>722.0</ele>
   </trkpt>
   <trkpt lat="40.6475600" lon="-3.1414800">
    <ele>722.0</ele>
   </trkpt>
   <trkpt lat="40.6476250" lon="-3.1415820">
    <ele>721.8</ele>
   </trkpt>
   <trkpt lat="40.6476750" lon="-3.1416970">
    <ele>721.8</ele>
   </trkpt>
   <trkpt lat="40.6477050" lon="-3.1418130">
    <ele>721.8</ele>
   </trkpt>
   <trkpt lat="40.6477010" lon="-3.1419530">
    <ele>721.8</ele>
   </trkpt>
   <trkpt lat="40.6476750" lon="-3.1420520">
    <ele>722.0</ele>
   </trkpt>
   <trkpt lat="40.6476250" lon="-3.1421560">
    <ele>722.0</ele>
   </trkpt>
   <trkpt lat="40.6475370" lon="-3.1422450">
    <ele>722.0</ele>
   </trkpt>
   <trkpt lat="40.6474570" lon="-3.1422650">
    <ele>722.2</ele>
   </trkpt>
   <trkpt lat="40.6473620" lon="-3.1422730">
    <ele>722.2</ele>
   </trkpt>
   <trkpt lat="40.6472740" lon="-3.1422580">
    <ele>722.2</ele>
   </trkpt>
   <trkpt lat="40.6471820" lon="-3.1422220">
    <ele>722.2</ele>
   </trkpt>
   <trkpt lat="40.6470950" lon="-3.1421670">
    <ele>722.2</ele>
   </trkpt>
   <trkpt lat="40.6470030" lon="-3.1420800">
    <ele>722.2</ele>
   </trkpt>
   <trkpt lat="40.6469500" lon="-3.1420010">
    <ele>722.2</ele>
   </trkpt>
   <trkpt lat="40.6469000" lon="-3.1419000">
    <ele>722.2</ele>
   </trkpt>
   <trkpt lat="40.6468350" lon="-3.1418000">
    <ele>722.0</ele>
   </trkpt>
   <trkpt lat="40.6467550" lon="-3.1416910">
    <ele>722.0</ele>
   </trkpt>
   <trkpt lat="40.6467020" lon="-3.1416270">
    <ele>722.0</ele>
   </trkpt>
   <trkpt lat="40.6466220" lon="-3.1415670">
    <ele>722.0</ele>
   </trkpt>
   <trkpt lat="40.6465220" lon="-3.1415300">
    <ele>722.0</ele>
   </trkpt>
   <trkpt lat="40.6464230" lon="-3.1415080">
    <ele>722.0</ele>
   </trkpt>
   <trkpt lat="40.6463090" lon="-3.1415020">
    <ele>722.0</ele>
   </trkpt>
   <trkpt lat="40.6462290" lon="-3.1415030">
    <ele>722.0</ele>
   </trkpt>
   <trkpt lat="40.6461330" lon="-3.1415070">
    <ele>722.2</ele>
   </trkpt>
   <trkpt lat="40.6460420" lon="-3.1415220">
    <ele>722.2</ele>
   </trkpt>
   <trkpt lat="40.6459500" lon="-3.1415460">
    <ele>722.2</ele>
   </trkpt>
   <trkpt lat="40.6458630" lon="-3.1415740">
    <ele>722.4</ele>
   </trkpt>
   <trkpt lat="40.6457820" lon="-3.1416050">
    <ele>722.4</ele>
   </trkpt>
   <trkpt lat="40.6456990" lon="-3.1416410">
    <ele>722.4</ele>
   </trkpt>
   <trkpt lat="40.6456030" lon="-3.1416880">
    <ele>722.6</ele>
   </trkpt>
   <trkpt lat="40.6455380" lon="-3.1417200">
    <ele>722.8</ele>
   </trkpt>
   <trkpt lat="40.6454700" lon="-3.1417540">
    <ele>722.8</ele>
   </trkpt>
   <trkpt lat="40.6453970" lon="-3.1417870">
    <ele>723.0</ele>
   </trkpt>
   <trkpt lat="40.6453170" lon="-3.1418270">
    <ele>723.2</ele>
   </trkpt>
   <trkpt lat="40.6452520" lon="-3.1418580">
    <ele>723.4</ele>
   </trkpt>
   <trkpt lat="40.6452030" lon="-3.1418830">
    <ele>723.6</ele>
   </trkpt>
   <trkpt lat="40.6451380" lon="-3.1419200">
    <ele>723.6</ele>
   </trkpt>
   <trkpt lat="40.6450730" lon="-3.1419530">
    <ele>723.8</ele>
   </trkpt>
   <trkpt lat="40.6450160" lon="-3.1419820">
    <ele>724.0</ele>
   </trkpt>
   <trkpt lat="40.6449550" lon="-3.1420090">
    <ele>724.0</ele>
   </trkpt>
   <trkpt lat="40.6448940" lon="-3.1420370">
    <ele>724.0</ele>
   </trkpt>
   <trkpt lat="40.6448250" lon="-3.1420700">
    <ele>724.2</ele>
   </trkpt>
   <trkpt lat="40.6447640" lon="-3.1421000">
    <ele>724.2</ele>
   </trkpt>
   <trkpt lat="40.6447030" lon="-3.1421300">
    <ele>724.2</ele>
   </trkpt>
   <trkpt lat="40.6446420" lon="-3.1421600">
    <ele>724.2</ele>
   </trkpt>
   <trkpt lat="40.6445810" lon="-3.1421920">
    <ele>724.4</ele>
   </trkpt>
   <trkpt lat="40.6445240" lon="-3.1422270">
    <ele>724.4</ele>
   </trkpt>
   <trkpt lat="40.6444660" lon="-3.1422580">
    <ele>724.6</ele>
   </trkpt>
   <trkpt lat="40.6444170" lon="-3.1422930">
    <ele>724.6</ele>
   </trkpt>
   <trkpt lat="40.6443560" lon="-3.1423350">
    <ele>724.8</ele>
   </trkpt>
   <trkpt lat="40.6443100" lon="-3.1423830">
    <ele>724.8</ele>
   </trkpt>
   <trkpt lat="40.6442830" lon="-3.1424280">
    <ele>724.8</ele>
   </trkpt>
   <trkpt lat="40.6442450" lon="-3.1424880">
    <ele>724.8</ele>
   </trkpt>
   <trkpt lat="40.6442030" lon="-3.1425500">
    <ele>724.6</ele>
   </trkpt>
   <trkpt lat="40.6441380" lon="-3.1426100">
    <ele>724.6</ele>
   </trkpt>
   <trkpt lat="40.6440850" lon="-3.1426380">
    <ele>724.4</ele>
   </trkpt>
   <trkpt lat="40.6440200" lon="-3.1426570">
    <ele>724.4</ele>
   </trkpt>
   <trkpt lat="40.6439440" lon="-3.1426480">
    <ele>724.4</ele>
   </trkpt>
   <trkpt lat="40.6438980" lon="-3.1426220">
    <ele>724.4</ele>
   </trkpt>
   <trkpt lat="40.6438410" lon="-3.1425730">
    <ele>724.6</ele>
   </trkpt>
   <trkpt lat="40.6437910" lon="-3.1425110">
    <ele>724.6</ele>
   </trkpt>
   <trkpt lat="40.6437450" lon="-3.1424500">
    <ele>724.8</ele>
   </trkpt>
   <trkpt lat="40.6437070" lon="-3.1423870">
    <ele>724.8</ele>
   </trkpt>
   <trkpt lat="40.6436580" lon="-3.1423280">
    <ele>724.8</ele>
   </trkpt>
   <trkpt lat="40.6436190" lon="-3.1423250">
    <ele>724.8</ele>
   </trkpt>
   <trkpt lat="40.6435700" lon="-3.1423470">
    <ele>725.0</ele>
   </trkpt>
   <trkpt lat="40.6435090" lon="-3.1423820">
    <ele>725.0</ele>
   </trkpt>
   <trkpt lat="40.6434550" lon="-3.1424130">
    <ele>725.0</ele>
   </trkpt>
   <trkpt lat="40.6434140" lon="-3.1424400">
    <ele>725.2</ele>
   </trkpt>
   <trkpt lat="40.6433530" lon="-3.1424710">
    <ele>725.2</ele>
   </trkpt>
   <trkpt lat="40.6433140" lon="-3.1424920">
    <ele>725.4</ele>
   </trkpt>
   <trkpt lat="40.6432610" lon="-3.1425180">
    <ele>725.4</ele>
   </trkpt>
   <trkpt lat="40.6432000" lon="-3.1425480">
    <ele>725.4</ele>
   </trkpt>
   <trkpt lat="40.6431540" lon="-3.1425650">
    <ele>725.6</ele>
   </trkpt>
   <trkpt lat="40.6431050" lon="-3.1425900">
    <ele>725.6</ele>
   </trkpt>
   <trkpt lat="40.6430400" lon="-3.1426150">
    <ele>725.6</ele>
   </trkpt>
   <trkpt lat="40.6429940" lon="-3.1426330">
    <ele>725.6</ele>
   </trkpt>
   <trkpt lat="40.6429400" lon="-3.1426550">
    <ele>725.6</ele>
   </trkpt>
   <trkpt lat="40.6428830" lon="-3.1426820">
    <ele>725.6</ele>
   </trkpt>
   <trkpt lat="40.6428260" lon="-3.1427050">
    <ele>725.6</ele>
   </trkpt>
   <trkpt lat="40.6427730" lon="-3.1427230">
    <ele>725.8</ele>
   </trkpt>
   <trkpt lat="40.6427120" lon="-3.1427430">
    <ele>725.8</ele>
   </trkpt>
   <trkpt lat="40.6426700" lon="-3.1427580">
    <ele>725.8</ele>
   </trkpt>
   <trkpt lat="40.6426200" lon="-3.1427730">
    <ele>726.0</ele>
   </trkpt>
   <trkpt lat="40.6425670" lon="-3.1427850">
    <ele>726.0</ele>
   </trkpt>
   <trkpt lat="40.6425130" lon="-3.1427970">
    <ele>726.0</ele>
   </trkpt>
   <trkpt lat="40.6424600" lon="-3.1428130">
    <ele>726.2</ele>
   </trkpt>
   <trkpt lat="40.6424060" lon="-3.1428270">
    <ele>726.2</ele>
   </trkpt>
   <trkpt lat="40.6423530" lon="-3.1428400">
    <ele>726.2</ele>
   </trkpt>
   <trkpt lat="40.6423000" lon="-3.1428550">
    <ele>726.2</ele>
   </trkpt>
   <trkpt lat="40.6422420" lon="-3.1428680">
    <ele>726.4</ele>
   </trkpt>
   <trkpt lat="40.6421850" lon="-3.1428820">
    <ele>726.4</ele>
   </trkpt>
   <trkpt lat="40.6421280" lon="-3.1428930">
    <ele>726.4</ele>
   </trkpt>
   <trkpt lat="40.6420710" lon="-3.1429080">
    <ele>726.4</ele>
   </trkpt>
   <trkpt lat="40.6420100" lon="-3.1429250">
    <ele>726.4</ele>
   </trkpt>
   <trkpt lat="40.6419410" lon="-3.1429380">
    <ele>726.4</ele>
   </trkpt>
   <trkpt lat="40.6418800" lon="-3.1429430">
    <ele>726.4</ele>
   </trkpt>
   <trkpt lat="40.6418190" lon="-3.1429520">
    <ele>726.4</ele>
   </trkpt>
   <trkpt lat="40.6417730" lon="-3.1429500">
    <ele>726.6</ele>
   </trkpt>
   <trkpt lat="40.6417120" lon="-3.1429570">
    <ele>726.6</ele>
   </trkpt>
   <trkpt lat="40.6416590" lon="-3.1429620">
    <ele>726.6</ele>
   </trkpt>
   <trkpt lat="40.6415900" lon="-3.1429680">
    <ele>726.6</ele>
   </trkpt>
   <trkpt lat="40.6415440" lon="-3.1429720">
    <ele>726.8</ele>
   </trkpt>
   <trkpt lat="40.6414910" lon="-3.1429750">
    <ele>726.8</ele>
   </trkpt>
   <trkpt lat="40.6414340" lon="-3.1429780">
    <ele>726.8</ele>
   </trkpt>
   <trkpt lat="40.6413760" lon="-3.1429820">
    <ele>727.0</ele>
   </trkpt>
   <trkpt lat="40.6413080" lon="-3.1429830">
    <ele>727.0</ele>
   </trkpt>
   <trkpt lat="40.6412580" lon="-3.1429830">
    <ele>727.0</ele>
   </trkpt>
   <trkpt lat="40.6411970" lon="-3.1429850">
    <ele>727.0</ele>
   </trkpt>
   <trkpt lat="40.6411400" lon="-3.1429880">
    <ele>727.2</ele>
   </trkpt>
   <trkpt lat="40.6410670" lon="-3.1429880">
    <ele>727.2</ele>
   </trkpt>
   <trkpt lat="40.6410220" lon="-3.1429900">
    <ele>727.2</ele>
   </trkpt>
   <trkpt lat="40.6409680" lon="-3.1429920">
    <ele>727.2</ele>
   </trkpt>
   <trkpt lat="40.6409000" lon="-3.1429970">
    <ele>727.4</ele>
   </trkpt>
   <trkpt lat="40.6408540" lon="-3.1429970">
    <ele>727.4</ele>
   </trkpt>
   <trkpt lat="40.6408000" lon="-3.1429950">
    <ele>727.4</ele>
   </trkpt>
   <trkpt lat="40.6407470" lon="-3.1429950">
    <ele>727.6</ele>
   </trkpt>
   <trkpt lat="40.6406900" lon="-3.1429980">
    <ele>727.6</ele>
   </trkpt>
   <trkpt lat="40.6406290" lon="-3.1430030">
    <ele>727.6</ele>
   </trkpt>
   <trkpt lat="40.6405600" lon="-3.1430050">
    <ele>727.6</ele>
   </trkpt>
   <trkpt lat="40.6405140" lon="-3.1430080">
    <ele>727.8</ele>
   </trkpt>
   <trkpt lat="40.6404570" lon="-3.1430080">
    <ele>727.8</ele>
   </trkpt>
   <trkpt lat="40.6403880" lon="-3.1430070">
    <ele>727.8</ele>
   </trkpt>
   <trkpt lat="40.6403430" lon="-3.1430080">
    <ele>727.8</ele>
   </trkpt>
   <trkpt lat="40.6402850" lon="-3.1430080">
    <ele>728.0</ele>
   </trkpt>
   <trkpt lat="40.6402240" lon="-3.1430120">
    <ele>728.0</ele>
   </trkpt>
   <trkpt lat="40.6401630" lon="-3.1430130">
    <ele>728.0</ele>
   </trkpt>
   <trkpt lat="40.6400950" lon="-3.1430150">
    <ele>728.0</ele>
   </trkpt>
   <trkpt lat="40.6400370" lon="-3.1430170">
    <ele>728.2</ele>
   </trkpt>
   <trkpt lat="40.6399920" lon="-3.1430200">
    <ele>728.2</ele>
   </trkpt>
   <trkpt lat="40.6399310" lon="-3.1430220">
    <ele>728.2</ele>
   </trkpt>
   <trkpt lat="40.6398810" lon="-3.1430220">
    <ele>728.4</ele>
   </trkpt>
   <trkpt lat="40.6398280" lon="-3.1430230">
    <ele>728.4</ele>
   </trkpt>
   <trkpt lat="40.6397630" lon="-3.1430280">
    <ele>728.6</ele>
   </trkpt>
   <trkpt lat="40.6397130" lon="-3.1430300">
    <ele>728.6</ele>
   </trkpt>
   <trkpt lat="40.6396560" lon="-3.1430320">
    <ele>728.8</ele>
   </trkpt>
   <trkpt lat="40.6395910" lon="-3.1430330">
    <ele>729.0</ele>
   </trkpt>
   <trkpt lat="40.6395340" lon="-3.1430370">
    <ele>729.2</ele>
   </trkpt>
   <trkpt lat="40.6394810" lon="-3.1430380">
    <ele>729.2</ele>
   </trkpt>
   <trkpt lat="40.6394310" lon="-3.1430420">
    <ele>729.4</ele>
   </trkpt>
   <trkpt lat="40.6393890" lon="-3.1430450">
    <ele>729.6</ele>
   </trkpt>
   <trkpt lat="40.6393320" lon="-3.1430500">
    <ele>729.8</ele>
   </trkpt>
   <trkpt lat="40.6392820" lon="-3.1430520">
    <ele>730.0</ele>
   </trkpt>
   <trkpt lat="40.6392360" lon="-3.1430520">
    <ele>730.2</ele>
   </trkpt>
   <trkpt lat="40.6391950" lon="-3.1430500">
    <ele>730.4</ele>
   </trkpt>
   <trkpt lat="40.6391600" lon="-3.1430500">
    <ele>730.6</ele>
   </trkpt>
   <trkpt lat="40.6391140" lon="-3.1430470">
    <ele>730.8</ele>
   </trkpt>
   <trkpt lat="40.6390690" lon="-3.1430450">
    <ele>731.0</ele>
   </trkpt>
   <trkpt lat="40.6390230" lon="-3.1430470">
    <ele>731.2</ele>
   </trkpt>
   <trkpt lat="40.6389770" lon="-3.1430480">
    <ele>731.4</ele>
   </trkpt>
   <trkpt lat="40.6389350" lon="-3.1430510">
    <ele>731.4</ele>
   </trkpt>
   <trkpt lat="40.6388780" lon="-3.1430550">
    <ele>731.6</ele>
   </trkpt>
   <trkpt lat="40.6388320" lon="-3.1430530">
    <ele>731.8</ele>
   </trkpt>
   <trkpt lat="40.6387940" lon="-3.1430530">
    <ele>732.0</ele>
   </trkpt>
   <trkpt lat="40.6387370" lon="-3.1430600">
    <ele>732.2</ele>
   </trkpt>
   <trkpt lat="40.6386910" lon="-3.1430660">
    <ele>732.4</ele>
   </trkpt>
   <trkpt lat="40.6386570" lon="-3.1430710">
    <ele>732.6</ele>
   </trkpt>
   <trkpt lat="40.6386110" lon="-3.1430800">
    <ele>732.8</ele>
   </trkpt>
   <trkpt lat="40.6385650" lon="-3.1430900">
    <ele>732.8</ele>
   </trkpt>
   <trkpt lat="40.6385190" lon="-3.1431000">
    <ele>733.0</ele>
   </trkpt>
   <trkpt lat="40.6384660" lon="-3.1431110">
    <ele>733.2</ele>
   </trkpt>
   <trkpt lat="40.6384120" lon="-3.1431230">
    <ele>733.4</ele>
   </trkpt>
   <trkpt lat="40.6383740" lon="-3.1431330">
    <ele>733.6</ele>
   </trkpt>
   <trkpt lat="40.6383280" lon="-3.1431450">
    <ele>733.8</ele>
   </trkpt>
   <trkpt lat="40.6382710" lon="-3.1431580">
    <ele>734.0</ele>
   </trkpt>
   <trkpt lat="40.6382220" lon="-3.1431720">
    <ele>734.2</ele>
   </trkpt>
   <trkpt lat="40.6381800" lon="-3.1431830">
    <ele>734.4</ele>
   </trkpt>
   <trkpt lat="40.6381300" lon="-3.1431980">
    <ele>734.6</ele>
   </trkpt>
   <trkpt lat="40.6380880" lon="-3.1432100">
    <ele>734.8</ele>
   </trkpt>
   <trkpt lat="40.6380420" lon="-3.1432210">
    <ele>735.0</ele>
   </trkpt>
   <trkpt lat="40.6379890" lon="-3.1432360">
    <ele>735.0</ele>
   </trkpt>
   <trkpt lat="40.6379550" lon="-3.1432490">
    <ele>735.2</ele>
   </trkpt>
   <trkpt lat="40.6379130" lon="-3.1432650">
    <ele>735.4</ele>
   </trkpt>
   <trkpt lat="40.6378590" lon="-3.1432880">
    <ele>735.4</ele>
   </trkpt>
   <trkpt lat="40.6378170" lon="-3.1433030">
    <ele>735.6</ele>
   </trkpt>
   <trkpt lat="40.6377750" lon="-3.1433220">
    <ele>735.6</ele>
   </trkpt>
   <trkpt lat="40.6377300" lon="-3.1433400">
    <ele>735.6</ele>
   </trkpt>
   <trkpt lat="40.6376880" lon="-3.1433560">
    <ele>735.6</ele>
   </trkpt>
   <trkpt lat="40.6376460" lon="-3.1433760">
    <ele>735.6</ele>
   </trkpt>
   <trkpt lat="40.6376080" lon="-3.1433980">
    <ele>735.6</ele>
   </trkpt>
   <trkpt lat="40.6375660" lon="-3.1434200">
    <ele>735.6</ele>
   </trkpt>
   <trkpt lat="40.6375200" lon="-3.1434420">
    <ele>735.6</ele>
   </trkpt>
   <trkpt lat="40.6374660" lon="-3.1434710">
    <ele>735.6</ele>
   </trkpt>
   <trkpt lat="40.6374170" lon="-3.1435000">
    <ele>735.4</ele>
   </trkpt>
   <trkpt lat="40.6373790" lon="-3.1435220">
    <ele>735.4</ele>
   </trkpt>
   <trkpt lat="40.6373290" lon="-3.1435500">
    <ele>735.4</ele>
   </trkpt>
   <trkpt lat="40.6372830" lon="-3.1435800">
    <ele>735.4</ele>
   </trkpt>
   <trkpt lat="40.6372340" lon="-3.1436080">
    <ele>735.4</ele>
   </trkpt>
   <trkpt lat="40.6371840" lon="-3.1436410">
    <ele>735.4</ele>
   </trkpt>
   <trkpt lat="40.6371350" lon="-3.1436730">
    <ele>735.2</ele>
   </trkpt>
   <trkpt lat="40.6370890" lon="-3.1437050">
    <ele>735.2</ele>
   </trkpt>
   <trkpt lat="40.6370540" lon="-3.1437300">
    <ele>735.2</ele>
   </trkpt>
   <trkpt lat="40.6370010" lon="-3.1437680">
    <ele>735.2</ele>
   </trkpt>
   <trkpt lat="40.6369510" lon="-3.1438030">
    <ele>735.0</ele>
   </trkpt>
   <trkpt lat="40.6369020" lon="-3.1438400">
    <ele>735.0</ele>
   </trkpt>
   <trkpt lat="40.6368680" lon="-3.1438720">
    <ele>734.8</ele>
   </trkpt>
   <trkpt lat="40.6368100" lon="-3.1439180">
    <ele>734.8</ele>
   </trkpt>
   <trkpt lat="40.6367650" lon="-3.1439530">
    <ele>734.8</ele>
   </trkpt>
   <trkpt lat="40.6367230" lon="-3.1439830">
    <ele>734.6</ele>
   </trkpt>
   <trkpt lat="40.6366770" lon="-3.1440180">
    <ele>734.6</ele>
   </trkpt>
   <trkpt lat="40.6366230" lon="-3.1440550">
    <ele>734.6</ele>
   </trkpt>
   <trkpt lat="40.6365740" lon="-3.1440980">
    <ele>734.4</ele>
   </trkpt>
   <trkpt lat="40.6365130" lon="-3.1441470">
    <ele>734.2</ele>
   </trkpt>
   <trkpt lat="40.6364630" lon="-3.1441930">
    <ele>734.0</ele>
   </trkpt>
   <trkpt lat="40.6364170" lon="-3.1442300">
    <ele>733.8</ele>
   </trkpt>
   <trkpt lat="40.6363530" lon="-3.1442830">
    <ele>733.4</ele>
   </trkpt>
   <trkpt lat="40.6362920" lon="-3.1443320">
    <ele>733.2</ele>
   </trkpt>
   <trkpt lat="40.6362460" lon="-3.1443680">
    <ele>732.8</ele>
   </trkpt>
   <trkpt lat="40.6361890" lon="-3.1444180">
    <ele>732.6</ele>
   </trkpt>
   <trkpt lat="40.6361240" lon="-3.1444700">
    <ele>732.2</ele>
   </trkpt>
   <trkpt lat="40.6360590" lon="-3.1445230">
    <ele>731.6</ele>
   </trkpt>
   <trkpt lat="40.6359940" lon="-3.1445780">
    <ele>731.2</ele>
   </trkpt>
   <trkpt lat="40.6359250" lon="-3.1446350">
    <ele>730.8</ele>
   </trkpt>
   <trkpt lat="40.6358570" lon="-3.1446940">
    <ele>730.4</ele>
   </trkpt>
   <trkpt lat="40.6357880" lon="-3.1447500">
    <ele>730.0</ele>
   </trkpt>
   <trkpt lat="40.6357150" lon="-3.1448070">
    <ele>729.6</ele>
   </trkpt>
   <trkpt lat="40.6356320" lon="-3.1448750">
    <ele>729.2</ele>
   </trkpt>
   <trkpt lat="40.6355590" lon="-3.1449330">
    <ele>728.8</ele>
   </trkpt>
   <trkpt lat="40.6354870" lon="-3.1449920">
    <ele>728.4</ele>
   </trkpt>
   <trkpt lat="40.6354220" lon="-3.1450380">
    <ele>728.0</ele>
   </trkpt>
   <trkpt lat="40.6353490" lon="-3.1451000">
    <ele>727.4</ele>
   </trkpt>
   <trkpt lat="40.6352580" lon="-3.1451750">
    <ele>727.0</ele>
   </trkpt>
   <trkpt lat="40.6351970" lon="-3.1452250">
    <ele>726.8</ele>
   </trkpt>
   <trkpt lat="40.6351200" lon="-3.1452870">
    <ele>726.2</ele>
   </trkpt>
   <trkpt lat="40.6350290" lon="-3.1453650">
    <ele>725.8</ele>
   </trkpt>
   <trkpt lat="40.6349530" lon="-3.1454300">
    <ele>725.4</ele>
   </trkpt>
   <trkpt lat="40.6348720" lon="-3.1454930">
    <ele>725.0</ele>
   </trkpt>
   <trkpt lat="40.6347960" lon="-3.1455530">
    <ele>724.4</ele>
   </trkpt>
   <trkpt lat="40.6347310" lon="-3.1456040">
    <ele>724.2</ele>
   </trkpt>
   <trkpt lat="40.6346550" lon="-3.1456650">
    <ele>723.8</ele>
   </trkpt>
   <trkpt lat="40.6345750" lon="-3.1457270">
    <ele>723.4</ele>
   </trkpt>
   <trkpt lat="40.6344950" lon="-3.1457870">
    <ele>723.2</ele>
   </trkpt>
   <trkpt lat="40.6344190" lon="-3.1458480">
    <ele>723.0</ele>
   </trkpt>
   <trkpt lat="40.6343500" lon="-3.1459080">
    <ele>723.0</ele>
   </trkpt>
   <trkpt lat="40.6342660" lon="-3.1459750">
    <ele>723.0</ele>
   </trkpt>
   <trkpt lat="40.6342200" lon="-3.1460120">
    <ele>722.8</ele>
   </trkpt>
   <trkpt lat="40.6341670" lon="-3.1460520">
    <ele>722.8</ele>
   </trkpt>
   <trkpt lat="40.6341210" lon="-3.1460900">
    <ele>722.8</ele>
   </trkpt>
   <trkpt lat="40.6340750" lon="-3.1461260">
    <ele>722.6</ele>
   </trkpt>
   <trkpt lat="40.6340260" lon="-3.1461670">
    <ele>722.6</ele>
   </trkpt>
   <trkpt lat="40.6339840" lon="-3.1462000">
    <ele>722.6</ele>
   </trkpt>
   <trkpt lat="40.6339490" lon="-3.1462300">
    <ele>722.4</ele>
   </trkpt>
   <trkpt lat="40.6339040" lon="-3.1462680">
    <ele>722.4</ele>
   </trkpt>
   <trkpt lat="40.6338420" lon="-3.1463170">
    <ele>722.2</ele>
   </trkpt>
   <trkpt lat="40.6338010" lon="-3.1463520">
    <ele>722.0</ele>
   </trkpt>
   <trkpt lat="40.6337470" lon="-3.1463940">
    <ele>721.8</ele>
   </trkpt>
   <trkpt lat="40.6336940" lon="-3.1464350">
    <ele>721.8</ele>
   </trkpt>
   <trkpt lat="40.6336290" lon="-3.1464860">
    <ele>721.6</ele>
   </trkpt>
   <trkpt lat="40.6335680" lon="-3.1465340">
    <ele>721.6</ele>
   </trkpt>
   <trkpt lat="40.6335180" lon="-3.1465700">
    <ele>721.4</ele>
   </trkpt>
   <trkpt lat="40.6334500" lon="-3.1466270">
    <ele>721.2</ele>
   </trkpt>
   <trkpt lat="40.6334000" lon="-3.1466640">
    <ele>721.2</ele>
   </trkpt>
   <trkpt lat="40.6333350" lon="-3.1467100">
    <ele>721.0</ele>
   </trkpt>
   <trkpt lat="40.6332740" lon="-3.1467600">
    <ele>721.0</ele>
   </trkpt>
   <trkpt lat="40.6332090" lon="-3.1468110">
    <ele>720.8</ele>
   </trkpt>
   <trkpt lat="40.6331440" lon="-3.1468630">
    <ele>720.6</ele>
   </trkpt>
   <trkpt lat="40.6330760" lon="-3.1469170">
    <ele>720.4</ele>
   </trkpt>
   <trkpt lat="40.6330070" lon="-3.1469690">
    <ele>720.4</ele>
   </trkpt>
   <trkpt lat="40.6329420" lon="-3.1470200">
    <ele>720.2</ele>
   </trkpt>
   <trkpt lat="40.6328770" lon="-3.1470730">
    <ele>720.2</ele>
   </trkpt>
   <trkpt lat="40.6328120" lon="-3.1471270">
    <ele>720.2</ele>
   </trkpt>
   <trkpt lat="40.6327510" lon="-3.1471820">
    <ele>720.2</ele>
   </trkpt>
   <trkpt lat="40.6326870" lon="-3.1472390">
    <ele>720.2</ele>
   </trkpt>
   <trkpt lat="40.6326070" lon="-3.1473030">
    <ele>720.2</ele>
   </trkpt>
   <trkpt lat="40.6325530" lon="-3.1473420">
    <ele>720.2</ele>
   </trkpt>
   <trkpt lat="40.6324920" lon="-3.1473880">
    <ele>720.2</ele>
   </trkpt>
   <trkpt lat="40.6324310" lon="-3.1474390">
    <ele>720.4</ele>
   </trkpt>
   <trkpt lat="40.6323590" lon="-3.1474990">
    <ele>720.6</ele>
   </trkpt>
   <trkpt lat="40.6323090" lon="-3.1475350">
    <ele>720.8</ele>
   </trkpt>
   <trkpt lat="40.6322400" lon="-3.1475920">
    <ele>721.0</ele>
   </trkpt>
   <trkpt lat="40.6321950" lon="-3.1476270">
    <ele>721.2</ele>
   </trkpt>
   <trkpt lat="40.6321330" lon="-3.1476790">
    <ele>721.4</ele>
   </trkpt>
   <trkpt lat="40.6320800" lon="-3.1477180">
    <ele>721.8</ele>
   </trkpt>
   <trkpt lat="40.6320420" lon="-3.1477500">
    <ele>722.0</ele>
   </trkpt>
   <trkpt lat="40.6320000" lon="-3.1477870">
    <ele>722.4</ele>
   </trkpt>
   <trkpt lat="40.6319580" lon="-3.1478220">
    <ele>722.8</ele>
   </trkpt>
   <trkpt lat="40.6319080" lon="-3.1478620">
    <ele>723.0</ele>
   </trkpt>
   <trkpt lat="40.6318660" lon="-3.1478920">
    <ele>723.4</ele>
   </trkpt>
   <trkpt lat="40.6318360" lon="-3.1479170">
    <ele>723.8</ele>
   </trkpt>
   <trkpt lat="40.6317940" lon="-3.1479500">
    <ele>724.0</ele>
   </trkpt>
   <trkpt lat="40.6317630" lon="-3.1479720">
    <ele>724.4</ele>
   </trkpt>
   <trkpt lat="40.6317290" lon="-3.1479990">
    <ele>724.6</ele>
   </trkpt>
   <trkpt lat="40.6316870" lon="-3.1480320">
    <ele>724.8</ele>
   </trkpt>
   <trkpt lat="40.6316490" lon="-3.1480590">
    <ele>725.2</ele>
   </trkpt>
   <trkpt lat="40.6316180" lon="-3.1480840">
    <ele>725.4</ele>
   </trkpt>
   <trkpt lat="40.6315770" lon="-3.1481200">
    <ele>725.6</ele>
   </trkpt>
   <trkpt lat="40.6315420" lon="-3.1481490">
    <ele>725.8</ele>
   </trkpt>
   <trkpt lat="40.6315160" lon="-3.1481700">
    <ele>726.0</ele>
   </trkpt>
   <trkpt lat="40.6314810" lon="-3.1482000">
    <ele>726.2</ele>
   </trkpt>
   <trkpt lat="40.6314430" lon="-3.1482330">
    <ele>726.4</ele>
   </trkpt>
   <trkpt lat="40.6314090" lon="-3.1482630">
    <ele>726.8</ele>
   </trkpt>
   <trkpt lat="40.6313670" lon="-3.1482980">
    <ele>726.8</ele>
   </trkpt>
   <trkpt lat="40.6313290" lon="-3.1483230">
    <ele>727.0</ele>
   </trkpt>
   <trkpt lat="40.6313020" lon="-3.1483430">
    <ele>727.2</ele>
   </trkpt>
   <trkpt lat="40.6312640" lon="-3.1483730">
    <ele>727.4</ele>
   </trkpt>
   <trkpt lat="40.6312260" lon="-3.1484050">
    <ele>727.6</ele>
   </trkpt>
   <trkpt lat="40.6311870" lon="-3.1484350">
    <ele>727.8</ele>
   </trkpt>
   <trkpt lat="40.6311450" lon="-3.1484700">
    <ele>728.0</ele>
   </trkpt>
   <trkpt lat="40.6311150" lon="-3.1484940">
    <ele>728.2</ele>
   </trkpt>
   <trkpt lat="40.6310810" lon="-3.1485230">
    <ele>728.4</ele>
   </trkpt>
   <trkpt lat="40.6310390" lon="-3.1485590">
    <ele>728.6</ele>
   </trkpt>
   <trkpt lat="40.6310120" lon="-3.1485860">
    <ele>728.8</ele>
   </trkpt>
   <trkpt lat="40.6309810" lon="-3.1486230">
    <ele>728.8</ele>
   </trkpt>
   <trkpt lat="40.6309550" lon="-3.1486600">
    <ele>729.0</ele>
   </trkpt>
   <trkpt lat="40.6309200" lon="-3.1487110">
    <ele>729.2</ele>
   </trkpt>
   <trkpt lat="40.6309010" lon="-3.1487480">
    <ele>729.4</ele>
   </trkpt>
   <trkpt lat="40.6308780" lon="-3.1487910">
    <ele>729.6</ele>
   </trkpt>
   <trkpt lat="40.6308520" lon="-3.1488450">
    <ele>729.6</ele>
   </trkpt>
   <trkpt lat="40.6308360" lon="-3.1488780">
    <ele>729.8</ele>
   </trkpt>
   <trkpt lat="40.6308210" lon="-3.1489190">
    <ele>730.0</ele>
   </trkpt>
   <trkpt lat="40.6308060" lon="-3.1489730">
    <ele>730.2</ele>
   </trkpt>
   <trkpt lat="40.6307980" lon="-3.1490090">
    <ele>730.2</ele>
   </trkpt>
   <trkpt lat="40.6307870" lon="-3.1490510">
    <ele>730.6</ele>
   </trkpt>
   <trkpt lat="40.6307830" lon="-3.1491050">
    <ele>730.8</ele>
   </trkpt>
   <trkpt lat="40.6307790" lon="-3.1491450">
    <ele>731.0</ele>
   </trkpt>
   <trkpt lat="40.6307830" lon="-3.1491970">
    <ele>731.2</ele>
   </trkpt>
   <trkpt lat="40.6307910" lon="-3.1492520">
    <ele>731.4</ele>
   </trkpt>
   <trkpt lat="40.6308060" lon="-3.1493080">
    <ele>731.4</ele>
   </trkpt>
   <trkpt lat="40.6308290" lon="-3.1493740">
    <ele>731.6</ele>
   </trkpt>
   <trkpt lat="40.6308480" lon="-3.1494340">
    <ele>731.6</ele>
   </trkpt>
   <trkpt lat="40.6308560" lon="-3.1494850">
    <ele>731.6</ele>
   </trkpt>
   <trkpt lat="40.6308590" lon="-3.1495470">
    <ele>731.8</ele>
   </trkpt>
   <trkpt lat="40.6308520" lon="-3.1496140">
    <ele>731.8</ele>
   </trkpt>
   <trkpt lat="40.6308250" lon="-3.1496770">
    <ele>731.8</ele>
   </trkpt>
   <trkpt lat="40.6307870" lon="-3.1497410">
    <ele>732.0</ele>
   </trkpt>
   <trkpt lat="40.6307530" lon="-3.1497740">
    <ele>731.8</ele>
   </trkpt>
   <trkpt lat="40.6307030" lon="-3.1497960">
    <ele>731.8</ele>
   </trkpt>
   <trkpt lat="40.6306420" lon="-3.1497950">
    <ele>731.8</ele>
   </trkpt>
   <trkpt lat="40.6305920" lon="-3.1497820">
    <ele>731.8</ele>
   </trkpt>
   <trkpt lat="40.6305430" lon="-3.1497580">
    <ele>731.8</ele>
   </trkpt>
   <trkpt lat="40.6304860" lon="-3.1497250">
    <ele>731.8</ele>
   </trkpt>
   <trkpt lat="40.6304440" lon="-3.1497090">
    <ele>731.6</ele>
   </trkpt>
   <trkpt lat="40.6303900" lon="-3.1497030">
    <ele>731.6</ele>
   </trkpt>
   <trkpt lat="40.6303330" lon="-3.1497130">
    <ele>731.4</ele>
   </trkpt>
   <trkpt lat="40.6302870" lon="-3.1497280">
    <ele>731.4</ele>
   </trkpt>
   <trkpt lat="40.6302300" lon="-3.1497510">
    <ele>731.2</ele>
   </trkpt>
   <trkpt lat="40.6301690" lon="-3.1497730">
    <ele>731.2</ele>
   </trkpt>
   <trkpt lat="40.6301120" lon="-3.1497960">
    <ele>731.0</ele>
   </trkpt>
   <trkpt lat="40.6300510" lon="-3.1498160">
    <ele>730.8</ele>
   </trkpt>
   <trkpt lat="40.6299930" lon="-3.1498340">
    <ele>730.6</ele>
   </trkpt>
   <trkpt lat="40.6299320" lon="-3.1498510">
    <ele>730.4</ele>
   </trkpt>
   <trkpt lat="40.6298710" lon="-3.1498710">
    <ele>730.2</ele>
   </trkpt>
   <trkpt lat="40.6298070" lon="-3.1498920">
    <ele>730.0</ele>
   </trkpt>
   <trkpt lat="40.6297420" lon="-3.1499110">
    <ele>729.8</ele>
   </trkpt>
   <trkpt lat="40.6296770" lon="-3.1499280">
    <ele>729.4</ele>
   </trkpt>
   <trkpt lat="40.6296120" lon="-3.1499440">
    <ele>729.2</ele>
   </trkpt>
   <trkpt lat="40.6295430" lon="-3.1499670">
    <ele>729.0</ele>
   </trkpt>
   <trkpt lat="40.6294750" lon="-3.1499920">
    <ele>728.8</ele>
   </trkpt>
   <trkpt lat="40.6294060" lon="-3.1500170">
    <ele>728.6</ele>
   </trkpt>
   <trkpt lat="40.6293370" lon="-3.1500390">
    <ele>728.2</ele>
   </trkpt>
   <trkpt lat="40.6292690" lon="-3.1500620">
    <ele>728.0</ele>
   </trkpt>
   <trkpt lat="40.6291960" lon="-3.1500900">
    <ele>727.8</ele>
   </trkpt>
   <trkpt lat="40.6291240" lon="-3.1501140">
    <ele>727.4</ele>
   </trkpt>
   <trkpt lat="40.6290550" lon="-3.1501390">
    <ele>727.2</ele>
   </trkpt>
   <trkpt lat="40.6289710" lon="-3.1501720">
    <ele>727.0</ele>
   </trkpt>
   <trkpt lat="40.6289140" lon="-3.1501970">
    <ele>726.6</ele>
   </trkpt>
   <trkpt lat="40.6288450" lon="-3.1502300">
    <ele>726.4</ele>
   </trkpt>
   <trkpt lat="40.6287770" lon="-3.1502670">
    <ele>726.2</ele>
   </trkpt>
   <trkpt lat="40.6287080" lon="-3.1503010">
    <ele>726.0</ele>
   </trkpt>
   <trkpt lat="40.6286350" lon="-3.1503260">
    <ele>725.8</ele>
   </trkpt>
   <trkpt lat="40.6285670" lon="-3.1503410">
    <ele>725.6</ele>
   </trkpt>
   <trkpt lat="40.6284830" lon="-3.1503610">
    <ele>725.2</ele>
   </trkpt>
   <trkpt lat="40.6284260" lon="-3.1503820">
    <ele>725.0</ele>
   </trkpt>
   <trkpt lat="40.6283680" lon="-3.1504140">
    <ele>724.8</ele>
   </trkpt>
   <trkpt lat="40.6283070" lon="-3.1504500">
    <ele>724.6</ele>
   </trkpt>
   <trkpt lat="40.6282540" lon="-3.1504980">
    <ele>724.4</ele>
   </trkpt>
   <trkpt lat="40.6281850" lon="-3.1505640">
    <ele>724.2</ele>
   </trkpt>
   <trkpt lat="40.6281470" lon="-3.1506060">
    <ele>724.0</ele>
   </trkpt>
   <trkpt lat="40.6280980" lon="-3.1506660">
    <ele>723.8</ele>
   </trkpt>
   <trkpt lat="40.6280480" lon="-3.1507230">
    <ele>723.6</ele>
   </trkpt>
   <trkpt lat="40.6279870" lon="-3.1507920">
    <ele>723.6</ele>
   </trkpt>
   <trkpt lat="40.6279410" lon="-3.1508520">
    <ele>723.4</ele>
   </trkpt>
   <trkpt lat="40.6278920" lon="-3.1509100">
    <ele>723.2</ele>
   </trkpt>
   <trkpt lat="40.6278530" lon="-3.1509600">
    <ele>723.0</ele>
   </trkpt>
   <trkpt lat="40.6278080" lon="-3.1510240">
    <ele>722.8</ele>
   </trkpt>
   <trkpt lat="40.6277620" lon="-3.1511130">
    <ele>722.8</ele>
   </trkpt>
   <trkpt lat="40.6277390" lon="-3.1511940">
    <ele>722.6</ele>
   </trkpt>
   <trkpt lat="40.6277270" lon="-3.1512820">
    <ele>722.4</ele>
   </trkpt>
   <trkpt lat="40.6277240" lon="-3.1513520">
    <ele>722.4</ele>
   </trkpt>
   <trkpt lat="40.6277200" lon="-3.1514390">
    <ele>722.4</ele>
   </trkpt>
   <trkpt lat="40.6277050" lon="-3.1515240">
    <ele>722.2</ele>
   </trkpt>
   <trkpt lat="40.6276630" lon="-3.1516100">
    <ele>722.2</ele>
   </trkpt>
   <trkpt lat="40.6276170" lon="-3.1516650">
    <ele>722.2</ele>
   </trkpt>
   <trkpt lat="40.6275670" lon="-3.1517030">
    <ele>722.0</ele>
   </trkpt>
   <trkpt lat="40.6275100" lon="-3.1517560">
    <ele>722.0</ele>
   </trkpt>
   <trkpt lat="40.6274490" lon="-3.1518230">
    <ele>722.0</ele>
   </trkpt>
   <trkpt lat="40.6274030" lon="-3.1518920">
    <ele>722.0</ele>
   </trkpt>
   <trkpt lat="40.6273540" lon="-3.1519580">
    <ele>722.2</ele>
   </trkpt>
   <trkpt lat="40.6273190" lon="-3.1520120">
    <ele>722.2</ele>
   </trkpt>
   <trkpt lat="40.6272620" lon="-3.1520870">
    <ele>722.2</ele>
   </trkpt>
   <trkpt lat="40.6272160" lon="-3.1521470">
    <ele>722.4</ele>
   </trkpt>
   <trkpt lat="40.6271670" lon="-3.1522030">
    <ele>722.6</ele>
   </trkpt>
   <trkpt lat="40.6271130" lon="-3.1522570">
    <ele>722.8</ele>
   </trkpt>
   <trkpt lat="40.6270640" lon="-3.1523050">
    <ele>723.0</ele>
   </trkpt>
   <trkpt lat="40.6270140" lon="-3.1523500">
    <ele>723.4</ele>
   </trkpt>
   <trkpt lat="40.6269680" lon="-3.1523950">
    <ele>723.6</ele>
   </trkpt>
   <trkpt lat="40.6269260" lon="-3.1524400">
    <ele>724.0</ele>
   </trkpt>
   <trkpt lat="40.6268840" lon="-3.1524830">
    <ele>724.2</ele>
   </trkpt>
   <trkpt lat="40.6268430" lon="-3.1525250">
    <ele>724.4</ele>
   </trkpt>
   <trkpt lat="40.6268040" lon="-3.1525650">
    <ele>724.8</ele>
   </trkpt>
   <trkpt lat="40.6267660" lon="-3.1526040">
    <ele>725.0</ele>
   </trkpt>
   <trkpt lat="40.6267320" lon="-3.1526320">
    <ele>725.2</ele>
   </trkpt>
   <trkpt lat="40.6266900" lon="-3.1526650">
    <ele>725.2</ele>
   </trkpt>
   <trkpt lat="40.6266400" lon="-3.1527030">
    <ele>725.4</ele>
   </trkpt>
   <trkpt lat="40.6265980" lon="-3.1527320">
    <ele>725.6</ele>
   </trkpt>
   <trkpt lat="40.6265560" lon="-3.1527600">
    <ele>725.6</ele>
   </trkpt>
   <trkpt lat="40.6265110" lon="-3.1527850">
    <ele>725.8</ele>
   </trkpt>
   <trkpt lat="40.6264760" lon="-3.1528030">
    <ele>726.0</ele>
   </trkpt>
   <trkpt lat="40.6264190" lon="-3.1528270">
    <ele>726.2</ele>
   </trkpt>
   <trkpt lat="40.6263730" lon="-3.1528420">
    <ele>726.4</ele>
   </trkpt>
   <trkpt lat="40.6263390" lon="-3.1528530">
    <ele>726.6</ele>
   </trkpt>
   <trkpt lat="40.6262970" lon="-3.1528650">
    <ele>726.8</ele>
   </trkpt>
   <trkpt lat="40.6262510" lon="-3.1528770">
    <ele>727.2</ele>
   </trkpt>
   <trkpt lat="40.6262170" lon="-3.1528830">
    <ele>727.4</ele>
   </trkpt>
   <trkpt lat="40.6261790" lon="-3.1528920">
    <ele>727.8</ele>
   </trkpt>
   <trkpt lat="40.6261410" lon="-3.1529030">
    <ele>728.0</ele>
   </trkpt>
   <trkpt lat="40.6261060" lon="-3.1529170">
    <ele>728.4</ele>
   </trkpt>
   <trkpt lat="40.6260720" lon="-3.1529320">
    <ele>728.6</ele>
   </trkpt>
   <trkpt lat="40.6260410" lon="-3.1529570">
    <ele>728.8</ele>
   </trkpt>
   <trkpt lat="40.6260150" lon="-3.1529900">
    <ele>729.0</ele>
   </trkpt>
   <trkpt lat="40.6259920" lon="-3.1530230">
    <ele>729.0</ele>
   </trkpt>
   <trkpt lat="40.6259540" lon="-3.1530650">
    <ele>729.0</ele>
   </trkpt>
   <trkpt lat="40.6259190" lon="-3.1530900">
    <ele>728.8</ele>
   </trkpt>
   <trkpt lat="40.6258810" lon="-3.1531100">
    <ele>728.8</ele>
   </trkpt>
   <trkpt lat="40.6258470" lon="-3.1531220">
    <ele>728.6</ele>
   </trkpt>
   <trkpt lat="40.6258050" lon="-3.1531370">
    <ele>728.6</ele>
   </trkpt>
   <trkpt lat="40.6257630" lon="-3.1531500">
    <ele>728.4</ele>
   </trkpt>
   <trkpt lat="40.6257100" lon="-3.1531750">
    <ele>728.4</ele>
   </trkpt>
   <trkpt lat="40.6256680" lon="-3.1532100">
    <ele>728.2</ele>
   </trkpt>
   <trkpt lat="40.6256260" lon="-3.1532520">
    <ele>728.0</ele>
   </trkpt>
   <trkpt lat="40.6255950" lon="-3.1532950">
    <ele>727.8</ele>
   </trkpt>
   <trkpt lat="40.6255570" lon="-3.1533480">
    <ele>727.6</ele>
   </trkpt>
   <trkpt lat="40.6255150" lon="-3.1534160">
    <ele>727.4</ele>
   </trkpt>
   <trkpt lat="40.6254730" lon="-3.1534780">
    <ele>727.2</ele>
   </trkpt>
   <trkpt lat="40.6254310" lon="-3.1535380">
    <ele>727.2</ele>
   </trkpt>
   <trkpt lat="40.6253970" lon="-3.1535880">
    <ele>727.0</ele>
   </trkpt>
   <trkpt lat="40.6253430" lon="-3.1536620">
    <ele>727.0</ele>
   </trkpt>
   <trkpt lat="40.6253050" lon="-3.1537240">
    <ele>727.0</ele>
   </trkpt>
   <trkpt lat="40.6252630" lon="-3.1537790">
    <ele>726.8</ele>
   </trkpt>
   <trkpt lat="40.6252250" lon="-3.1538320">
    <ele>726.8</ele>
   </trkpt>
   <trkpt lat="40.6251950" lon="-3.1538730">
    <ele>726.8</ele>
   </trkpt>
   <trkpt lat="40.6251640" lon="-3.1539220">
    <ele>726.6</ele>
   </trkpt>
   <trkpt lat="40.6251340" lon="-3.1539770">
    <ele>726.6</ele>
   </trkpt>
   <trkpt lat="40.6251030" lon="-3.1540250">
    <ele>726.6</ele>
   </trkpt>
   <trkpt lat="40.6250760" lon="-3.1540730">
    <ele>726.8</ele>
   </trkpt>
   <trkpt lat="40.6250380" lon="-3.1541500">
    <ele>726.6</ele>
   </trkpt>
   <trkpt lat="40.6250000" lon="-3.1542240">
    <ele>726.6</ele>
   </trkpt>
   <trkpt lat="40.6249810" lon="-3.1542870">
    <ele>726.6</ele>
   </trkpt>
   <trkpt lat="40.6249620" lon="-3.1543530">
    <ele>726.6</ele>
   </trkpt>
   <trkpt lat="40.6249470" lon="-3.1544270">
    <ele>726.4</ele>
   </trkpt>
   <trkpt lat="40.6249350" lon="-3.1545090">
    <ele>726.4</ele>
   </trkpt>
   <trkpt lat="40.6249280" lon="-3.1545880">
    <ele>726.2</ele>
   </trkpt>
   <trkpt lat="40.6249310" lon="-3.1546620">
    <ele>726.2</ele>
   </trkpt>
   <trkpt lat="40.6249350" lon="-3.1547300">
    <ele>726.0</ele>
   </trkpt>
   <trkpt lat="40.6249390" lon="-3.1548050">
    <ele>725.8</ele>
   </trkpt>
   <trkpt lat="40.6249500" lon="-3.1548870">
    <ele>725.8</ele>
   </trkpt>
   <trkpt lat="40.6249620" lon="-3.1549680">
    <ele>725.6</ele>
   </trkpt>
   <trkpt lat="40.6249730" lon="-3.1550320">
    <ele>725.4</ele>
   </trkpt>
   <trkpt lat="40.6249920" lon="-3.1551050">
    <ele>725.2</ele>
   </trkpt>
   <trkpt lat="40.6250150" lon="-3.1551920">
    <ele>725.0</ele>
   </trkpt>
   <trkpt lat="40.6250500" lon="-3.1552620">
    <ele>725.0</ele>
   </trkpt>
   <trkpt lat="40.6250840" lon="-3.1553180">
    <ele>724.8</ele>
   </trkpt>
   <trkpt lat="40.6251220" lon="-3.1553730">
    <ele>724.8</ele>
   </trkpt>
   <trkpt lat="40.6251560" lon="-3.1554140">
    <ele>724.6</ele>
   </trkpt>
   <trkpt lat="40.6252060" lon="-3.1554760">
    <ele>724.6</ele>
   </trkpt>
   <trkpt lat="40.6252520" lon="-3.1555260">
    <ele>724.4</ele>
   </trkpt>
   <trkpt lat="40.6252980" lon="-3.1555830">
    <ele>724.4</ele>
   </trkpt>
   <trkpt lat="40.6253550" lon="-3.1556400">
    <ele>724.2</ele>
   </trkpt>
   <trkpt lat="40.6254080" lon="-3.1556950">
    <ele>724.2</ele>
   </trkpt>
   <trkpt lat="40.6254650" lon="-3.1557540">
    <ele>724.0</ele>
   </trkpt>
   <trkpt lat="40.6255110" lon="-3.1558170">
    <ele>723.8</ele>
   </trkpt>
   <trkpt lat="40.6255570" lon="-3.1558790">
    <ele>723.8</ele>
   </trkpt>
   <trkpt lat="40.6256140" lon="-3.1559400">
    <ele>723.6</ele>
   </trkpt>
   <trkpt lat="40.6256750" lon="-3.1559990">
    <ele>723.6</ele>
   </trkpt>
   <trkpt lat="40.6257320" lon="-3.1560580">
    <ele>723.4</ele>
   </trkpt>
   <trkpt lat="40.6257780" lon="-3.1561120">
    <ele>723.4</ele>
   </trkpt>
   <trkpt lat="40.6258160" lon="-3.1561670">
    <ele>723.4</ele>
   </trkpt>
   <trkpt lat="40.6258580" lon="-3.1562270">
    <ele>723.2</ele>
   </trkpt>
   <trkpt lat="40.6259150" lon="-3.1563070">
    <ele>723.2</ele>
   </trkpt>
   <trkpt lat="40.6259800" lon="-3.1563770">
    <ele>723.0</ele>
   </trkpt>
   <trkpt lat="40.6260260" lon="-3.1564240">
    <ele>723.0</ele>
   </trkpt>
   <trkpt lat="40.6260830" lon="-3.1564920">
    <ele>722.8</ele>
   </trkpt>
   <trkpt lat="40.6261520" lon="-3.1565770">
    <ele>722.8</ele>
   </trkpt>
   <trkpt lat="40.6262020" lon="-3.1566320">
    <ele>722.6</ele>
   </trkpt>
   <trkpt lat="40.6262550" lon="-3.1566900">
    <ele>722.4</ele>
   </trkpt>
   <trkpt lat="40.6262930" lon="-3.1567400">
    <ele>722.2</ele>
   </trkpt>
   <trkpt lat="40.6263390" lon="-3.1567970">
    <ele>722.0</ele>
   </trkpt>
   <trkpt lat="40.6263920" lon="-3.1568590">
    <ele>722.0</ele>
   </trkpt>
   <trkpt lat="40.6264340" lon="-3.1569050">
    <ele>721.8</ele>
   </trkpt>
   <trkpt lat="40.6264720" lon="-3.1569540">
    <ele>721.4</ele>
   </trkpt>
  </trkseg>
 </trk>
</gpx>
