<?xml version="1.0" encoding="UTF-8"?>
<gpx creator="StravaGPX" version="1.1" xmlns="http://www.topografix.com/GPX/1/1" xmlns:xsi="http://www.w3.org/2001/XMLSchema-instance" xsi:schemaLocation="http://www.topografix.com/GPX/1/1 http://www.topografix.com/GPX/1/1/gpx.xsd">
 <trk>
  <name>LUPIANA ROCK!</name>
  <type>cycling</type>
  <trkseg>
   <trkpt lat="40.6224590" lon="-3.1569310">
    <ele>715.6</ele>
   </trkpt>
   <trkpt lat="40.6224750" lon="-3.1568790">
    <ele>715.8</ele>
   </trkpt>
   <trkpt lat="40.6224780" lon="-3.1568350">
    <ele>716.0</ele>
   </trkpt>
   <trkpt lat="40.6224940" lon="-3.1567670">
    <ele>716.2</ele>
   </trkpt>
   <trkpt lat="40.6225090" lon="-3.1566980">
    <ele>716.2</ele>
   </trkpt>
   <trkpt lat="40.6225240" lon="-3.1566400">
    <ele>716.4</ele>
   </trkpt>
   <trkpt lat="40.6225360" lon="-3.1565880">
    <ele>716.6</ele>
   </trkpt>
   <trkpt lat="40.6225470" lon="-3.1565370">
    <ele>716.8</ele>
   </trkpt>
   <trkpt lat="40.6225590" lon="-3.1564930">
    <ele>716.8</ele>
   </trkpt>
   <trkpt lat="40.6225620" lon="-3.1564810">
    <ele>716.8</ele>
   </trkpt>
   <trkpt lat="40.6225620" lon="-3.1564800">
    <ele>717.0</ele>
   </trkpt>
   <trkpt lat="40.6225620" lon="-3.1564800">
    <ele>717.0</ele>
   </trkpt>
   <trkpt lat="40.6225620" lon="-3.1564800">
    <ele>717.0</ele>
   </trkpt>
   <trkpt lat="40.6225620" lon="-3.1564800">
    <ele>717.0</ele>
   </trkpt>
   <trkpt lat="40.6225660" lon="-3.1564770">
    <ele>717.0</ele>
   </trkpt>
   <trkpt lat="40.6225780" lon="-3.1564640">
    <ele>717.0</ele>
   </trkpt>
   <trkpt lat="40.6225890" lon="-3.1564450">
    <ele>717.0</ele>
   </trkpt>
   <trkpt lat="40.6226040" lon="-3.1564140">
    <ele>717.0</ele>
   </trkpt>
   <trkpt lat="40.6226160" lon="-3.1563730">
    <ele>716.8</ele>
   </trkpt>
   <trkpt lat="40.6226310" lon="-3.1563280">
    <ele>717.0</ele>
   </trkpt>
   <trkpt lat="40.6226500" lon="-3.1562830">
    <ele>716.8</ele>
   </trkpt>
   <trkpt lat="40.6226620" lon="-3.1562430">
    <ele>716.8</ele>
   </trkpt>
   <trkpt lat="40.6226810" lon="-3.1561830">
    <ele>716.8</ele>
   </trkpt>
   <trkpt lat="40.6226920" lon="-3.1561310">
    <ele>716.6</ele>
   </trkpt>
   <trkpt lat="40.6227040" lon="-3.1560760">
    <ele>716.6</ele>
   </trkpt>
   <trkpt lat="40.6227230" lon="-3.1560210">
    <ele>716.4</ele>
   </trkpt>
   <trkpt lat="40.6227380" lon="-3.1559800">
    <ele>716.2</ele>
   </trkpt>
   <trkpt lat="40.6227530" lon="-3.1559200">
    <ele>716.0</ele>
   </trkpt>
   <trkpt lat="40.6227720" lon="-3.1558670">
    <ele>715.8</ele>
   </trkpt>
   <trkpt lat="40.6227950" lon="-3.1558050">
    <ele>715.6</ele>
   </trkpt>
   <trkpt lat="40.6228140" lon="-3.1557440">
    <ele>715.4</ele>
   </trkpt>
   <trkpt lat="40.6228450" lon="-3.1556830">
    <ele>715.2</ele>
   </trkpt>
   <trkpt lat="40.6228830" lon="-3.1556150">
    <ele>715.2</ele>
   </trkpt>
   <trkpt lat="40.6228980" lon="-3.1555540">
    <ele>715.2</ele>
   </trkpt>
   <trkpt lat="40.6229060" lon="-3.1554990">
    <ele>715.2</ele>
   </trkpt>
   <trkpt lat="40.6229250" lon="-3.1554270">
    <ele>715.4</ele>
   </trkpt>
   <trkpt lat="40.6229400" lon="-3.1553570">
    <ele>715.4</ele>
   </trkpt>
   <trkpt lat="40.6229510" lon="-3.1552790">
    <ele>715.4</ele>
   </trkpt>
   <trkpt lat="40.6229670" lon="-3.1552030">
    <ele>715.4</ele>
   </trkpt>
   <trkpt lat="40.6229900" lon="-3.1551260">
    <ele>715.6</ele>
   </trkpt>
   <trkpt lat="40.6230050" lon="-3.1550340">
    <ele>715.8</ele>
   </trkpt>
   <trkpt lat="40.6230240" lon="-3.1549590">
    <ele>715.8</ele>
   </trkpt>
   <trkpt lat="40.6230470" lon="-3.1548860">
    <ele>715.8</ele>
   </trkpt>
   <trkpt lat="40.6230620" lon="-3.1548150">
    <ele>716.0</ele>
   </trkpt>
   <trkpt lat="40.6230770" lon="-3.1547400">
    <ele>716.0</ele>
   </trkpt>
   <trkpt lat="40.6230930" lon="-3.1546700">
    <ele>716.0</ele>
   </trkpt>
   <trkpt lat="40.6231120" lon="-3.1546050">
    <ele>716.0</ele>
   </trkpt>
   <trkpt lat="40.6231230" lon="-3.1545580">
    <ele>716.2</ele>
   </trkpt>
   <trkpt lat="40.6231270" lon="-3.1544930">
    <ele>716.4</ele>
   </trkpt>
   <trkpt lat="40.6231380" lon="-3.1544190">
    <ele>716.4</ele>
   </trkpt>
   <trkpt lat="40.6231610" lon="-3.1543470">
    <ele>716.4</ele>
   </trkpt>
   <trkpt lat="40.6231960" lon="-3.1542820">
    <ele>716.4</ele>
   </trkpt>
   <trkpt lat="40.6232490" lon="-3.1542120">
    <ele>716.4</ele>
   </trkpt>
   <trkpt lat="40.6232870" lon="-3.1541360">
    <ele>716.2</ele>
   </trkpt>
   <trkpt lat="40.6233330" lon="-3.1540680">
    <ele>716.0</ele>
   </trkpt>
   <trkpt lat="40.6233750" lon="-3.1539990">
    <ele>715.8</ele>
   </trkpt>
   <trkpt lat="40.6234050" lon="-3.1539350">
    <ele>715.8</ele>
   </trkpt>
   <trkpt lat="40.6234440" lon="-3.1538750">
    <ele>715.6</ele>
   </trkpt>
   <trkpt lat="40.6234860" lon="-3.1538190">
    <ele>715.4</ele>
   </trkpt>
   <trkpt lat="40.6235240" lon="-3.1537610">
    <ele>715.2</ele>
   </trkpt>
   <trkpt lat="40.6235620" lon="-3.1536980">
    <ele>715.0</ele>
   </trkpt>
   <trkpt lat="40.6236000" lon="-3.1536410">
    <ele>715.0</ele>
   </trkpt>
   <trkpt lat="40.6236420" lon="-3.1535830">
    <ele>714.8</ele>
   </trkpt>
   <trkpt lat="40.6236800" lon="-3.1535260">
    <ele>714.6</ele>
   </trkpt>
   <trkpt lat="40.6237180" lon="-3.1534700">
    <ele>714.4</ele>
   </trkpt>
   <trkpt lat="40.6237560" lon="-3.1534110">
    <ele>714.2</ele>
   </trkpt>
   <trkpt lat="40.6237950" lon="-3.1533530">
    <ele>714.2</ele>
   </trkpt>
   <trkpt lat="40.6238330" lon="-3.1532970">
    <ele>714.2</ele>
   </trkpt>
   <trkpt lat="40.6238750" lon="-3.1532410">
    <ele>714.2</ele>
   </trkpt>
   <trkpt lat="40.6238980" lon="-3.1531930">
    <ele>714.6</ele>
   </trkpt>
   <trkpt lat="40.6239400" lon="-3.1531300">
    <ele>714.6</ele>
   </trkpt>
   <trkpt lat="40.6239620" lon="-3.1530790">
    <ele>714.8</ele>
   </trkpt>
   <trkpt lat="40.6239930" lon="-3.1530330">
    <ele>715.0</ele>
   </trkpt>
   <trkpt lat="40.6240270" lon="-3.1529910">
    <ele>715.2</ele>
   </trkpt>
   <trkpt lat="40.6240580" lon="-3.1529510">
    <ele>715.4</ele>
   </trkpt>
   <trkpt lat="40.6240960" lon="-3.1529090">
    <ele>715.8</ele>
   </trkpt>
   <trkpt lat="40.6241260" lon="-3.1528700">
    <ele>716.0</ele>
   </trkpt>
   <trkpt lat="40.6241610" lon="-3.1528340">
    <ele>716.2</ele>
   </trkpt>
   <trkpt lat="40.6241870" lon="-3.1527960">
    <ele>716.4</ele>
   </trkpt>
   <trkpt lat="40.6242180" lon="-3.1527560">
    <ele>716.6</ele>
   </trkpt>
   <trkpt lat="40.6242450" lon="-3.1527160">
    <ele>716.8</ele>
   </trkpt>
   <trkpt lat="40.6242710" lon="-3.1526760">
    <ele>717.0</ele>
   </trkpt>
   <trkpt lat="40.6242980" lon="-3.1526340">
    <ele>717.2</ele>
   </trkpt>
   <trkpt lat="40.6243250" lon="-3.1525930">
    <ele>717.2</ele>
   </trkpt>
   <trkpt lat="40.6243520" lon="-3.1525520">
    <ele>717.4</ele>
   </trkpt>
   <trkpt lat="40.6243860" lon="-3.1525120">
    <ele>717.4</ele>
   </trkpt>
   <trkpt lat="40.6244160" lon="-3.1524710">
    <ele>717.4</ele>
   </trkpt>
   <trkpt lat="40.6244510" lon="-3.1524290">
    <ele>717.4</ele>
   </trkpt>
   <trkpt lat="40.6244810" lon="-3.1523860">
    <ele>717.4</ele>
   </trkpt>
   <trkpt lat="40.6245160" lon="-3.1523490">
    <ele>717.4</ele>
   </trkpt>
   <trkpt lat="40.6245540" lon="-3.1523120">
    <ele>717.4</ele>
   </trkpt>
   <trkpt lat="40.6245840" lon="-3.1522780">
    <ele>717.4</ele>
   </trkpt>
   <trkpt lat="40.6246190" lon="-3.1522380">
    <ele>717.4</ele>
   </trkpt>
   <trkpt lat="40.6246570" lon="-3.1521940">
    <ele>717.2</ele>
   </trkpt>
   <trkpt lat="40.6246910" lon="-3.1521550">
    <ele>717.2</ele>
   </trkpt>
   <trkpt lat="40.6247250" lon="-3.1521160">
    <ele>717.0</ele>
   </trkpt>
   <trkpt lat="40.6247560" lon="-3.1520770">
    <ele>716.6</ele>
   </trkpt>
   <trkpt lat="40.6247900" lon="-3.1520400">
    <ele>716.2</ele>
   </trkpt>
   <trkpt lat="40.6248210" lon="-3.1520020">
    <ele>715.8</ele>
   </trkpt>
   <trkpt lat="40.6248510" lon="-3.1519650">
    <ele>715.4</ele>
   </trkpt>
   <trkpt lat="40.6248820" lon="-3.1519270">
    <ele>715.2</ele>
   </trkpt>
   <trkpt lat="40.6249010" lon="-3.1518930">
    <ele>715.0</ele>
   </trkpt>
   <trkpt lat="40.6249160" lon="-3.1518680">
    <ele>714.8</ele>
   </trkpt>
   <trkpt lat="40.6249280" lon="-3.1518480">
    <ele>714.6</ele>
   </trkpt>
   <trkpt lat="40.6249240" lon="-3.1518180">
    <ele>714.6</ele>
   </trkpt>
   <trkpt lat="40.6249160" lon="-3.1517900">
    <ele>714.4</ele>
   </trkpt>
   <trkpt lat="40.6249050" lon="-3.1517630">
    <ele>714.6</ele>
   </trkpt>
   <trkpt lat="40.6248930" lon="-3.1517520">
    <ele>714.6</ele>
   </trkpt>
   <trkpt lat="40.6249080" lon="-3.1517310">
    <ele>714.6</ele>
   </trkpt>
   <trkpt lat="40.6249310" lon="-3.1517030">
    <ele>714.6</ele>
   </trkpt>
   <trkpt lat="40.6249660" lon="-3.1516720">
    <ele>714.4</ele>
   </trkpt>
   <trkpt lat="40.6250000" lon="-3.1516280">
    <ele>714.2</ele>
   </trkpt>
   <trkpt lat="40.6250500" lon="-3.1515730">
    <ele>713.8</ele>
   </trkpt>
   <trkpt lat="40.6250950" lon="-3.1515170">
    <ele>713.6</ele>
   </trkpt>
   <trkpt lat="40.6251450" lon="-3.1514600">
    <ele>713.2</ele>
   </trkpt>
   <trkpt lat="40.6251980" lon="-3.1514050">
    <ele>712.6</ele>
   </trkpt>
   <trkpt lat="40.6252520" lon="-3.1513510">
    <ele>712.4</ele>
   </trkpt>
   <trkpt lat="40.6253050" lon="-3.1512950">
    <ele>712.0</ele>
   </trkpt>
   <trkpt lat="40.6253590" lon="-3.1512410">
    <ele>711.6</ele>
   </trkpt>
   <trkpt lat="40.6254230" lon="-3.1511770">
    <ele>711.2</ele>
   </trkpt>
   <trkpt lat="40.6254840" lon="-3.1511150">
    <ele>711.0</ele>
   </trkpt>
   <trkpt lat="40.6255380" lon="-3.1510610">
    <ele>710.8</ele>
   </trkpt>
   <trkpt lat="40.6255910" lon="-3.1509960">
    <ele>710.6</ele>
   </trkpt>
   <trkpt lat="40.6256450" lon="-3.1509260">
    <ele>710.4</ele>
   </trkpt>
   <trkpt lat="40.6256600" lon="-3.1508590">
    <ele>710.2</ele>
   </trkpt>
   <trkpt lat="40.6256450" lon="-3.1507910">
    <ele>710.2</ele>
   </trkpt>
   <trkpt lat="40.6256180" lon="-3.1507280">
    <ele>710.0</ele>
   </trkpt>
   <trkpt lat="40.6255800" lon="-3.1506670">
    <ele>710.2</ele>
   </trkpt>
   <trkpt lat="40.6255420" lon="-3.1506100">
    <ele>710.2</ele>
   </trkpt>
   <trkpt lat="40.6254920" lon="-3.1505660">
    <ele>710.4</ele>
   </trkpt>
   <trkpt lat="40.6254620" lon="-3.1505160">
    <ele>710.8</ele>
   </trkpt>
   <trkpt lat="40.6254500" lon="-3.1504600">
    <ele>711.0</ele>
   </trkpt>
   <trkpt lat="40.6253970" lon="-3.1503950">
    <ele>711.4</ele>
   </trkpt>
   <trkpt lat="40.6253590" lon="-3.1503400">
    <ele>711.8</ele>
   </trkpt>
   <trkpt lat="40.6253200" lon="-3.1502300">
    <ele>712.0</ele>
   </trkpt>
   <trkpt lat="40.6252820" lon="-3.1501760">
    <ele>712.2</ele>
   </trkpt>
   <trkpt lat="40.6252360" lon="-3.1501370">
    <ele>712.6</ele>
   </trkpt>
   <trkpt lat="40.6252020" lon="-3.1501180">
    <ele>712.8</ele>
   </trkpt>
   <trkpt lat="40.6251680" lon="-3.1501070">
    <ele>712.8</ele>
   </trkpt>
   <trkpt lat="40.6251370" lon="-3.1500910">
    <ele>713.0</ele>
   </trkpt>
   <trkpt lat="40.6251070" lon="-3.1500540">
    <ele>713.2</ele>
   </trkpt>
   <trkpt lat="40.6250760" lon="-3.1499980">
    <ele>713.2</ele>
   </trkpt>
   <trkpt lat="40.6250500" lon="-3.1499350">
    <ele>713.4</ele>
   </trkpt>
   <trkpt lat="40.6250380" lon="-3.1498670">
    <ele>713.4</ele>
   </trkpt>
   <trkpt lat="40.6250380" lon="-3.1497940">
    <ele>713.4</ele>
   </trkpt>
   <trkpt lat="40.6250460" lon="-3.1497190">
    <ele>713.4</ele>
   </trkpt>
   <trkpt lat="40.6250650" lon="-3.1496470">
    <ele>713.4</ele>
   </trkpt>
   <trkpt lat="40.6250880" lon="-3.1495760">
    <ele>713.2</ele>
   </trkpt>
   <trkpt lat="40.6251110" lon="-3.1495040">
    <ele>713.2</ele>
   </trkpt>
   <trkpt lat="40.6251140" lon="-3.1494300">
    <ele>713.2</ele>
   </trkpt>
   <trkpt lat="40.6250990" lon="-3.1493590">
    <ele>713.2</ele>
   </trkpt>
   <trkpt lat="40.6250690" lon="-3.1492920">
    <ele>713.4</ele>
   </trkpt>
   <trkpt lat="40.6250420" lon="-3.1492460">
    <ele>713.8</ele>
   </trkpt>
   <trkpt lat="40.6250080" lon="-3.1492060">
    <ele>714.0</ele>
   </trkpt>
   <trkpt lat="40.6249580" lon="-3.1491640">
    <ele>714.4</ele>
   </trkpt>
   <trkpt lat="40.6249120" lon="-3.1491380">
    <ele>714.8</ele>
   </trkpt>
   <trkpt lat="40.6248660" lon="-3.1491210">
    <ele>715.0</ele>
   </trkpt>
   <trkpt lat="40.6248320" lon="-3.1491090">
    <ele>715.4</ele>
   </trkpt>
   <trkpt lat="40.6247790" lon="-3.1490910">
    <ele>715.6</ele>
   </trkpt>
   <trkpt lat="40.6247410" lon="-3.1490710">
    <ele>715.8</ele>
   </trkpt>
   <trkpt lat="40.6246990" lon="-3.1490530">
    <ele>716.0</ele>
   </trkpt>
   <trkpt lat="40.6246570" lon="-3.1490360">
    <ele>716.2</ele>
   </trkpt>
   <trkpt lat="40.6246150" lon="-3.1490220">
    <ele>716.4</ele>
   </trkpt>
   <trkpt lat="40.6245690" lon="-3.1490030">
    <ele>716.6</ele>
   </trkpt>
   <trkpt lat="40.6245270" lon="-3.1489830">
    <ele>716.8</ele>
   </trkpt>
   <trkpt lat="40.6244810" lon="-3.1489610">
    <ele>717.0</ele>
   </trkpt>
   <trkpt lat="40.6244350" lon="-3.1489430">
    <ele>717.2</ele>
   </trkpt>
   <trkpt lat="40.6243930" lon="-3.1489210">
    <ele>717.4</ele>
   </trkpt>
   <trkpt lat="40.6243520" lon="-3.1489000">
    <ele>717.6</ele>
   </trkpt>
   <trkpt lat="40.6243060" lon="-3.1488810">
    <ele>717.8</ele>
   </trkpt>
   <trkpt lat="40.6242600" lon="-3.1488590">
    <ele>718.0</ele>
   </trkpt>
   <trkpt lat="40.6242100" lon="-3.1488380">
    <ele>718.0</ele>
   </trkpt>
   <trkpt lat="40.6241650" lon="-3.1488180">
    <ele>718.2</ele>
   </trkpt>
   <trkpt lat="40.6241190" lon="-3.1487930">
    <ele>718.4</ele>
   </trkpt>
   <trkpt lat="40.6240840" lon="-3.1487680">
    <ele>718.4</ele>
   </trkpt>
   <trkpt lat="40.6240420" lon="-3.1487390">
    <ele>718.6</ele>
   </trkpt>
   <trkpt lat="40.6239970" lon="-3.1486970">
    <ele>718.6</ele>
   </trkpt>
   <trkpt lat="40.6239590" lon="-3.1486600">
    <ele>718.6</ele>
   </trkpt>
   <trkpt lat="40.6239280" lon="-3.1486200">
    <ele>718.8</ele>
   </trkpt>
   <trkpt lat="40.6239010" lon="-3.1485760">
    <ele>718.8</ele>
   </trkpt>
   <trkpt lat="40.6238780" lon="-3.1485310">
    <ele>719.0</ele>
   </trkpt>
   <trkpt lat="40.6238520" lon="-3.1484890">
    <ele>719.0</ele>
   </trkpt>
   <trkpt lat="40.6238290" lon="-3.1484460">
    <ele>719.2</ele>
   </trkpt>
   <trkpt lat="40.6238060" lon="-3.1484010">
    <ele>719.2</ele>
   </trkpt>
   <trkpt lat="40.6237830" lon="-3.1483560">
    <ele>719.4</ele>
   </trkpt>
   <trkpt lat="40.6237600" lon="-3.1483140">
    <ele>719.4</ele>
   </trkpt>
   <trkpt lat="40.6237370" lon="-3.1482770">
    <ele>719.6</ele>
   </trkpt>
   <trkpt lat="40.6237140" lon="-3.1482420">
    <ele>719.6</ele>
   </trkpt>
   <trkpt lat="40.6236880" lon="-3.1482060">
    <ele>719.8</ele>
   </trkpt>
   <trkpt lat="40.6236650" lon="-3.1481670">
    <ele>719.8</ele>
   </trkpt>
   <trkpt lat="40.6236420" lon="-3.1481340">
    <ele>720.0</ele>
   </trkpt>
   <trkpt lat="40.6236230" lon="-3.1481050">
    <ele>720.0</ele>
   </trkpt>
   <trkpt lat="40.6236000" lon="-3.1480750">
    <ele>720.2</ele>
   </trkpt>
   <trkpt lat="40.6235810" lon="-3.1480440">
    <ele>720.2</ele>
   </trkpt>
   <trkpt lat="40.6235580" lon="-3.1480100">
    <ele>720.4</ele>
   </trkpt>
   <trkpt lat="40.6235350" lon="-3.1479820">
    <ele>720.4</ele>
   </trkpt>
   <trkpt lat="40.6235080" lon="-3.1479530">
    <ele>720.6</ele>
   </trkpt>
   <trkpt lat="40.6234860" lon="-3.1479200">
    <ele>720.6</ele>
   </trkpt>
   <trkpt lat="40.6234630" lon="-3.1478870">
    <ele>720.8</ele>
   </trkpt>
   <trkpt lat="40.6234360" lon="-3.1478490">
    <ele>720.8</ele>
   </trkpt>
   <trkpt lat="40.6234170" lon="-3.1478140">
    <ele>721.0</ele>
   </trkpt>
   <trkpt lat="40.6233980" lon="-3.1477900">
    <ele>721.0</ele>
   </trkpt>
   <trkpt lat="40.6233830" lon="-3.1477680">
    <ele>721.0</ele>
   </trkpt>
   <trkpt lat="40.6233630" lon="-3.1477430">
    <ele>721.2</ele>
   </trkpt>
   <trkpt lat="40.6233410" lon="-3.1477150">
    <ele>721.4</ele>
   </trkpt>
   <trkpt lat="40.6233220" lon="-3.1476850">
    <ele>721.4</ele>
   </trkpt>
   <trkpt lat="40.6233020" lon="-3.1476580">
    <ele>721.6</ele>
   </trkpt>
   <trkpt lat="40.6232830" lon="-3.1476300">
    <ele>721.8</ele>
   </trkpt>
   <trkpt lat="40.6232640" lon="-3.1476020">
    <ele>722.2</ele>
   </trkpt>
   <trkpt lat="40.6232450" lon="-3.1475730">
    <ele>722.4</ele>
   </trkpt>
   <trkpt lat="40.6232260" lon="-3.1475500">
    <ele>722.6</ele>
   </trkpt>
   <trkpt lat="40.6232070" lon="-3.1475220">
    <ele>723.0</ele>
   </trkpt>
   <trkpt lat="40.6231880" lon="-3.1474920">
    <ele>723.2</ele>
   </trkpt>
   <trkpt lat="40.6231770" lon="-3.1474710">
    <ele>723.4</ele>
   </trkpt>
   <trkpt lat="40.6231540" lon="-3.1474450">
    <ele>723.8</ele>
   </trkpt>
   <trkpt lat="40.6231380" lon="-3.1474180">
    <ele>724.0</ele>
   </trkpt>
   <trkpt lat="40.6231160" lon="-3.1473910">
    <ele>724.2</ele>
   </trkpt>
   <trkpt lat="40.6230960" lon="-3.1473670">
    <ele>724.4</ele>
   </trkpt>
   <trkpt lat="40.6230810" lon="-3.1473450">
    <ele>724.6</ele>
   </trkpt>
   <trkpt lat="40.6230620" lon="-3.1473130">
    <ele>724.8</ele>
   </trkpt>
   <trkpt lat="40.6230470" lon="-3.1472880">
    <ele>725.0</ele>
   </trkpt>
   <trkpt lat="40.6230320" lon="-3.1472580">
    <ele>725.0</ele>
   </trkpt>
   <trkpt lat="40.6230120" lon="-3.1472300">
    <ele>725.2</ele>
   </trkpt>
   <trkpt lat="40.6229970" lon="-3.1472050">
    <ele>725.2</ele>
   </trkpt>
   <trkpt lat="40.6229820" lon="-3.1471780">
    <ele>725.4</ele>
   </trkpt>
   <trkpt lat="40.6229710" lon="-3.1471490">
    <ele>725.4</ele>
   </trkpt>
   <trkpt lat="40.6229590" lon="-3.1471170">
    <ele>725.6</ele>
   </trkpt>
   <trkpt lat="40.6229480" lon="-3.1470850">
    <ele>725.6</ele>
   </trkpt>
   <trkpt lat="40.6229320" lon="-3.1470520">
    <ele>725.6</ele>
   </trkpt>
   <trkpt lat="40.6229210" lon="-3.1470170">
    <ele>725.6</ele>
   </trkpt>
   <trkpt lat="40.6229020" lon="-3.1469820">
    <ele>725.8</ele>
   </trkpt>
   <trkpt lat="40.6228870" lon="-3.1469490">
    <ele>725.8</ele>
   </trkpt>
   <trkpt lat="40.6228710" lon="-3.1469150">
    <ele>725.8</ele>
   </trkpt>
   <trkpt lat="40.6228600" lon="-3.1468830">
    <ele>726.0</ele>
   </trkpt>
   <trkpt lat="40.6228450" lon="-3.1468500">
    <ele>726.0</ele>
   </trkpt>
   <trkpt lat="40.6228370" lon="-3.1468180">
    <ele>726.2</ele>
   </trkpt>
   <trkpt lat="40.6228220" lon="-3.1467760">
    <ele>726.2</ele>
   </trkpt>
   <trkpt lat="40.6228100" lon="-3.1467400">
    <ele>726.4</ele>
   </trkpt>
   <trkpt lat="40.6227990" lon="-3.1467070">
    <ele>726.6</ele>
   </trkpt>
   <trkpt lat="40.6227840" lon="-3.1466820">
    <ele>726.6</ele>
   </trkpt>
   <trkpt lat="40.6227650" lon="-3.1466490">
    <ele>726.8</ele>
   </trkpt>
   <trkpt lat="40.6227420" lon="-3.1466230">
    <ele>726.8</ele>
   </trkpt>
   <trkpt lat="40.6227190" lon="-3.1466010">
    <ele>727.0</ele>
   </trkpt>
   <trkpt lat="40.6226960" lon="-3.1465760">
    <ele>726.8</ele>
   </trkpt>
   <trkpt lat="40.6226690" lon="-3.1465540">
    <ele>726.8</ele>
   </trkpt>
   <trkpt lat="40.6226430" lon="-3.1465300">
    <ele>727.0</ele>
   </trkpt>
   <trkpt lat="40.6226120" lon="-3.1465050">
    <ele>727.0</ele>
   </trkpt>
   <trkpt lat="40.6225850" lon="-3.1464780">
    <ele>727.0</ele>
   </trkpt>
   <trkpt lat="40.6225550" lon="-3.1464560">
    <ele>727.0</ele>
   </trkpt>
   <trkpt lat="40.6225360" lon="-3.1464390">
    <ele>727.2</ele>
   </trkpt>
   <trkpt lat="40.6225130" lon="-3.1464240">
    <ele>727.2</ele>
   </trkpt>
   <trkpt lat="40.6224940" lon="-3.1464060">
    <ele>727.4</ele>
   </trkpt>
   <trkpt lat="40.6224710" lon="-3.1463890">
    <ele>727.4</ele>
   </trkpt>
   <trkpt lat="40.6224480" lon="-3.1463710">
    <ele>727.6</ele>
   </trkpt>
   <trkpt lat="40.6224250" lon="-3.1463460">
    <ele>727.6</ele>
   </trkpt>
   <trkpt lat="40.6224020" lon="-3.1463200">
    <ele>727.6</ele>
   </trkpt>
   <trkpt lat="40.6223790" lon="-3.1462960">
    <ele>727.6</ele>
   </trkpt>
   <trkpt lat="40.6223560" lon="-3.1462730">
    <ele>727.8</ele>
   </trkpt>
   <trkpt lat="40.6223330" lon="-3.1462480">
    <ele>728.0</ele>
   </trkpt>
   <trkpt lat="40.6223070" lon="-3.1462200">
    <ele>728.0</ele>
   </trkpt>
   <trkpt lat="40.6222840" lon="-3.1461930">
    <ele>728.2</ele>
   </trkpt>
   <trkpt lat="40.6222650" lon="-3.1461730">
    <ele>728.2</ele>
   </trkpt>
   <trkpt lat="40.6222380" lon="-3.1461400">
    <ele>728.4</ele>
   </trkpt>
   <trkpt lat="40.6222150" lon="-3.1461100">
    <ele>728.4</ele>
   </trkpt>
   <trkpt lat="40.6221920" lon="-3.1460830">
    <ele>728.6</ele>
   </trkpt>
   <trkpt lat="40.6221660" lon="-3.1460560">
    <ele>728.8</ele>
   </trkpt>
   <trkpt lat="40.6221350" lon="-3.1460310">
    <ele>728.8</ele>
   </trkpt>
   <trkpt lat="40.6221080" lon="-3.1460060">
    <ele>728.8</ele>
   </trkpt>
   <trkpt lat="40.6220780" lon="-3.1459830">
    <ele>729.0</ele>
   </trkpt>
   <trkpt lat="40.6220440" lon="-3.1459580">
    <ele>729.2</ele>
   </trkpt>
   <trkpt lat="40.6220170" lon="-3.1459350">
    <ele>729.2</ele>
   </trkpt>
   <trkpt lat="40.6219860" lon="-3.1459150">
    <ele>729.4</ele>
   </trkpt>
   <trkpt lat="40.6219560" lon="-3.1458960">
    <ele>729.4</ele>
   </trkpt>
   <trkpt lat="40.6219250" lon="-3.1458810">
    <ele>729.6</ele>
   </trkpt>
   <trkpt lat="40.6218950" lon="-3.1458640">
    <ele>729.6</ele>
   </trkpt>
   <trkpt lat="40.6218640" lon="-3.1458520">
    <ele>729.6</ele>
   </trkpt>
   <trkpt lat="40.6218340" lon="-3.1458450">
    <ele>729.6</ele>
   </trkpt>
   <trkpt lat="40.6217990" lon="-3.1458420">
    <ele>729.6</ele>
   </trkpt>
   <trkpt lat="40.6217650" lon="-3.1458400">
    <ele>729.6</ele>
   </trkpt>
   <trkpt lat="40.6217310" lon="-3.1458420">
    <ele>729.6</ele>
   </trkpt>
   <trkpt lat="40.6216960" lon="-3.1458400">
    <ele>729.8</ele>
   </trkpt>
   <trkpt lat="40.6216620" lon="-3.1458400">
    <ele>729.8</ele>
   </trkpt>
   <trkpt lat="40.6216240" lon="-3.1458380">
    <ele>729.8</ele>
   </trkpt>
   <trkpt lat="40.6215930" lon="-3.1458380">
    <ele>729.8</ele>
   </trkpt>
   <trkpt lat="40.6215550" lon="-3.1458350">
    <ele>729.8</ele>
   </trkpt>
   <trkpt lat="40.6215170" lon="-3.1458360">
    <ele>729.8</ele>
   </trkpt>
   <trkpt lat="40.6214790" lon="-3.1458380">
    <ele>729.8</ele>
   </trkpt>
   <trkpt lat="40.6214410" lon="-3.1458370">
    <ele>729.8</ele>
   </trkpt>
   <trkpt lat="40.6214030" lon="-3.1458370">
    <ele>729.8</ele>
   </trkpt>
   <trkpt lat="40.6213650" lon="-3.1458380">
    <ele>730.0</ele>
   </trkpt>
   <trkpt lat="40.6213260" lon="-3.1458400">
    <ele>730.0</ele>
   </trkpt>
   <trkpt lat="40.6212920" lon="-3.1458420">
    <ele>730.2</ele>
   </trkpt>
   <trkpt lat="40.6212540" lon="-3.1458420">
    <ele>730.2</ele>
   </trkpt>
   <trkpt lat="40.6212200" lon="-3.1458430">
    <ele>730.2</ele>
   </trkpt>
   <trkpt lat="40.6211850" lon="-3.1458450">
    <ele>730.2</ele>
   </trkpt>
   <trkpt lat="40.6211470" lon="-3.1458430">
    <ele>730.4</ele>
   </trkpt>
   <trkpt lat="40.6211130" lon="-3.1458370">
    <ele>730.4</ele>
   </trkpt>
   <trkpt lat="40.6210780" lon="-3.1458270">
    <ele>730.6</ele>
   </trkpt>
   <trkpt lat="40.6210400" lon="-3.1458160">
    <ele>730.6</ele>
   </trkpt>
   <trkpt lat="40.6210060" lon="-3.1458040">
    <ele>730.8</ele>
   </trkpt>
   <trkpt lat="40.6209720" lon="-3.1457880">
    <ele>730.8</ele>
   </trkpt>
   <trkpt lat="40.6209370" lon="-3.1457710">
    <ele>731.0</ele>
   </trkpt>
   <trkpt lat="40.6209030" lon="-3.1457500">
    <ele>731.0</ele>
   </trkpt>
   <trkpt lat="40.6208690" lon="-3.1457330">
    <ele>731.2</ele>
   </trkpt>
   <trkpt lat="40.6208380" lon="-3.1457160">
    <ele>731.2</ele>
   </trkpt>
   <trkpt lat="40.6208000" lon="-3.1456870">
    <ele>731.4</ele>
   </trkpt>
   <trkpt lat="40.6207660" lon="-3.1456580">
    <ele>731.6</ele>
   </trkpt>
   <trkpt lat="40.6207310" lon="-3.1456320">
    <ele>731.6</ele>
   </trkpt>
   <trkpt lat="40.6207010" lon="-3.1456100">
    <ele>731.8</ele>
   </trkpt>
   <trkpt lat="40.6206700" lon="-3.1455930">
    <ele>731.8</ele>
   </trkpt>
   <trkpt lat="40.6206320" lon="-3.1455710">
    <ele>731.8</ele>
   </trkpt>
   <trkpt lat="40.6205980" lon="-3.1455560">
    <ele>731.8</ele>
   </trkpt>
   <trkpt lat="40.6205630" lon="-3.1455390">
    <ele>731.8</ele>
   </trkpt>
   <trkpt lat="40.6205250" lon="-3.1455240">
    <ele>731.8</ele>
   </trkpt>
   <trkpt lat="40.6204910" lon="-3.1455110">
    <ele>732.0</ele>
   </trkpt>
   <trkpt lat="40.6204570" lon="-3.1454960">
    <ele>732.2</ele>
   </trkpt>
   <trkpt lat="40.6204220" lon="-3.1454760">
    <ele>732.4</ele>
   </trkpt>
   <trkpt lat="40.6203960" lon="-3.1454610">
    <ele>732.4</ele>
   </trkpt>
   <trkpt lat="40.6203650" lon="-3.1454400">
    <ele>732.6</ele>
   </trkpt>
   <trkpt lat="40.6203270" lon="-3.1454130">
    <ele>732.8</ele>
   </trkpt>
   <trkpt lat="40.6202930" lon="-3.1453900">
    <ele>732.8</ele>
   </trkpt>
   <trkpt lat="40.6202660" lon="-3.1453630">
    <ele>733.0</ele>
   </trkpt>
   <trkpt lat="40.6202350" lon="-3.1453380">
    <ele>733.2</ele>
   </trkpt>
   <trkpt lat="40.6202050" lon="-3.1453130">
    <ele>733.4</ele>
   </trkpt>
   <trkpt lat="40.6201820" lon="-3.1452850">
    <ele>733.6</ele>
   </trkpt>
   <trkpt lat="40.6201550" lon="-3.1452570">
    <ele>734.0</ele>
   </trkpt>
   <trkpt lat="40.6201360" lon="-3.1452300">
    <ele>734.2</ele>
   </trkpt>
   <trkpt lat="40.6201170" lon="-3.1452100">
    <ele>734.4</ele>
   </trkpt>
   <trkpt lat="40.6200900" lon="-3.1451800">
    <ele>734.6</ele>
   </trkpt>
   <trkpt lat="40.6200680" lon="-3.1451550">
    <ele>734.8</ele>
   </trkpt>
   <trkpt lat="40.6200480" lon="-3.1451280">
    <ele>734.8</ele>
   </trkpt>
   <trkpt lat="40.6200370" lon="-3.1451030">
    <ele>735.2</ele>
   </trkpt>
   <trkpt lat="40.6200220" lon="-3.1450670">
    <ele>735.2</ele>
   </trkpt>
   <trkpt lat="40.6200070" lon="-3.1450380">
    <ele>735.4</ele>
   </trkpt>
   <trkpt lat="40.6199950" lon="-3.1450150">
    <ele>735.6</ele>
   </trkpt>
   <trkpt lat="40.6199720" lon="-3.1449830">
    <ele>735.8</ele>
   </trkpt>
   <trkpt lat="40.6199530" lon="-3.1449630">
    <ele>736.0</ele>
   </trkpt>
   <trkpt lat="40.6199340" lon="-3.1449300">
    <ele>736.2</ele>
   </trkpt>
   <trkpt lat="40.6199110" lon="-3.1449100">
    <ele>736.6</ele>
   </trkpt>
   <trkpt lat="40.6198920" lon="-3.1448850">
    <ele>736.8</ele>
   </trkpt>
   <trkpt lat="40.6198690" lon="-3.1448610">
    <ele>737.0</ele>
   </trkpt>
   <trkpt lat="40.6198500" lon="-3.1448360">
    <ele>737.2</ele>
   </trkpt>
   <trkpt lat="40.6198350" lon="-3.1448130">
    <ele>737.4</ele>
   </trkpt>
   <trkpt lat="40.6198120" lon="-3.1447900">
    <ele>737.6</ele>
   </trkpt>
   <trkpt lat="40.6197890" lon="-3.1447760">
    <ele>737.6</ele>
   </trkpt>
   <trkpt lat="40.6197660" lon="-3.1447610">
    <ele>737.8</ele>
   </trkpt>
   <trkpt lat="40.6197430" lon="-3.1447430">
    <ele>738.0</ele>
   </trkpt>
   <trkpt lat="40.6197200" lon="-3.1447240">
    <ele>738.2</ele>
   </trkpt>
   <trkpt lat="40.6197010" lon="-3.1447080">
    <ele>738.4</ele>
   </trkpt>
   <trkpt lat="40.6196790" lon="-3.1446860">
    <ele>738.6</ele>
   </trkpt>
   <trkpt lat="40.6196480" lon="-3.1446660">
    <ele>738.8</ele>
   </trkpt>
   <trkpt lat="40.6196250" lon="-3.1446520">
    <ele>739.0</ele>
   </trkpt>
   <trkpt lat="40.6195980" lon="-3.1446280">
    <ele>739.2</ele>
   </trkpt>
   <trkpt lat="40.6195830" lon="-3.1446110">
    <ele>739.4</ele>
   </trkpt>
   <trkpt lat="40.6195560" lon="-3.1445850">
    <ele>739.6</ele>
   </trkpt>
   <trkpt lat="40.6195450" lon="-3.1445610">
    <ele>739.8</ele>
   </trkpt>
   <trkpt lat="40.6195300" lon="-3.1445380">
    <ele>740.0</ele>
   </trkpt>
   <trkpt lat="40.6195110" lon="-3.1445150">
    <ele>740.2</ele>
   </trkpt>
   <trkpt lat="40.6194840" lon="-3.1444910">
    <ele>740.4</ele>
   </trkpt>
   <trkpt lat="40.6194650" lon="-3.1444650">
    <ele>740.4</ele>
   </trkpt>
   <trkpt lat="40.6194420" lon="-3.1444430">
    <ele>740.6</ele>
   </trkpt>
   <trkpt lat="40.6194300" lon="-3.1444300">
    <ele>740.8</ele>
   </trkpt>
   <trkpt lat="40.6194150" lon="-3.1444140">
    <ele>740.8</ele>
   </trkpt>
   <trkpt lat="40.6193850" lon="-3.1443760">
    <ele>741.0</ele>
   </trkpt>
   <trkpt lat="40.6193580" lon="-3.1443470">
    <ele>741.0</ele>
   </trkpt>
   <trkpt lat="40.6193350" lon="-3.1443280">
    <ele>741.0</ele>
   </trkpt>
   <trkpt lat="40.6193050" lon="-3.1443020">
    <ele>741.0</ele>
   </trkpt>
   <trkpt lat="40.6192820" lon="-3.1442830">
    <ele>741.0</ele>
   </trkpt>
   <trkpt lat="40.6192550" lon="-3.1442580">
    <ele>741.2</ele>
   </trkpt>
   <trkpt lat="40.6192320" lon="-3.1442330">
    <ele>741.2</ele>
   </trkpt>
   <trkpt lat="40.6192020" lon="-3.1442050">
    <ele>741.4</ele>
   </trkpt>
   <trkpt lat="40.6191750" lon="-3.1441830">
    <ele>741.4</ele>
   </trkpt>
   <trkpt lat="40.6191440" lon="-3.1441550">
    <ele>741.4</ele>
   </trkpt>
   <trkpt lat="40.6191100" lon="-3.1441310">
    <ele>741.4</ele>
   </trkpt>
   <trkpt lat="40.6190830" lon="-3.1441090">
    <ele>741.6</ele>
   </trkpt>
   <trkpt lat="40.6190570" lon="-3.1440910">
    <ele>741.6</ele>
   </trkpt>
   <trkpt lat="40.6190300" lon="-3.1440710">
    <ele>741.6</ele>
   </trkpt>
   <trkpt lat="40.6189960" lon="-3.1440450">
    <ele>741.8</ele>
   </trkpt>
   <trkpt lat="40.6189610" lon="-3.1440180">
    <ele>741.8</ele>
   </trkpt>
   <trkpt lat="40.6189420" lon="-3.1439960">
    <ele>742.0</ele>
   </trkpt>
   <trkpt lat="40.6189120" lon="-3.1439600">
    <ele>742.0</ele>
   </trkpt>
   <trkpt lat="40.6188930" lon="-3.1439380">
    <ele>742.0</ele>
   </trkpt>
   <trkpt lat="40.6188700" lon="-3.1439100">
    <ele>742.0</ele>
   </trkpt>
   <trkpt lat="40.6188390" lon="-3.1438710">
    <ele>742.0</ele>
   </trkpt>
   <trkpt lat="40.6188200" lon="-3.1438400">
    <ele>742.2</ele>
   </trkpt>
   <trkpt lat="40.6188010" lon="-3.1438020">
    <ele>742.2</ele>
   </trkpt>
   <trkpt lat="40.6187740" lon="-3.1437620">
    <ele>742.4</ele>
   </trkpt>
   <trkpt lat="40.6187480" lon="-3.1437300">
    <ele>742.4</ele>
   </trkpt>
   <trkpt lat="40.6187250" lon="-3.1437000">
    <ele>742.6</ele>
   </trkpt>
   <trkpt lat="40.6187020" lon="-3.1436760">
    <ele>742.6</ele>
   </trkpt>
   <trkpt lat="40.6186790" lon="-3.1436450">
    <ele>742.8</ele>
   </trkpt>
   <trkpt lat="40.6186520" lon="-3.1436120">
    <ele>742.8</ele>
   </trkpt>
   <trkpt lat="40.6186260" lon="-3.1435770">
    <ele>742.8</ele>
   </trkpt>
   <trkpt lat="40.6185990" lon="-3.1435440">
    <ele>743.0</ele>
   </trkpt>
   <trkpt lat="40.6185680" lon="-3.1435130">
    <ele>743.0</ele>
   </trkpt>
   <trkpt lat="40.6185380" lon="-3.1434770">
    <ele>743.0</ele>
   </trkpt>
   <trkpt lat="40.6185040" lon="-3.1434470">
    <ele>743.0</ele>
   </trkpt>
   <trkpt lat="40.6184650" lon="-3.1434210">
    <ele>743.2</ele>
   </trkpt>
   <trkpt lat="40.6184270" lon="-3.1433980">
    <ele>743.2</ele>
   </trkpt>
   <trkpt lat="40.6183850" lon="-3.1433750">
    <ele>743.0</ele>
   </trkpt>
   <trkpt lat="40.6183470" lon="-3.1433530">
    <ele>743.0</ele>
   </trkpt>
   <trkpt lat="40.6183130" lon="-3.1433310">
    <ele>743.2</ele>
   </trkpt>
   <trkpt lat="40.6182780" lon="-3.1433140">
    <ele>743.2</ele>
   </trkpt>
   <trkpt lat="40.6182400" lon="-3.1432960">
    <ele>743.4</ele>
   </trkpt>
   <trkpt lat="40.6182060" lon="-3.1432790">
    <ele>743.4</ele>
   </trkpt>
   <trkpt lat="40.6181680" lon="-3.1432630">
    <ele>743.4</ele>
   </trkpt>
   <trkpt lat="40.6181340" lon="-3.1432470">
    <ele>743.6</ele>
   </trkpt>
   <trkpt lat="40.6180950" lon="-3.1432250">
    <ele>743.6</ele>
   </trkpt>
   <trkpt lat="40.6180570" lon="-3.1432000">
    <ele>743.6</ele>
   </trkpt>
   <trkpt lat="40.6180230" lon="-3.1431730">
    <ele>743.8</ele>
   </trkpt>
   <trkpt lat="40.6179890" lon="-3.1431480">
    <ele>743.8</ele>
   </trkpt>
   <trkpt lat="40.6179540" lon="-3.1431260">
    <ele>743.8</ele>
   </trkpt>
   <trkpt lat="40.6179240" lon="-3.1431050">
    <ele>744.0</ele>
   </trkpt>
   <trkpt lat="40.6178860" lon="-3.1430740">
    <ele>744.0</ele>
   </trkpt>
   <trkpt lat="40.6178510" lon="-3.1430460">
    <ele>744.2</ele>
   </trkpt>
   <trkpt lat="40.6178210" lon="-3.1430150">
    <ele>744.2</ele>
   </trkpt>
   <trkpt lat="40.6177860" lon="-3.1429830">
    <ele>744.4</ele>
   </trkpt>
   <trkpt lat="40.6177560" lon="-3.1429530">
    <ele>744.6</ele>
   </trkpt>
   <trkpt lat="40.6177250" lon="-3.1429250">
    <ele>744.6</ele>
   </trkpt>
   <trkpt lat="40.6176950" lon="-3.1428980">
    <ele>744.8</ele>
   </trkpt>
   <trkpt lat="40.6176640" lon="-3.1428710">
    <ele>744.8</ele>
   </trkpt>
   <trkpt lat="40.6176410" lon="-3.1428480">
    <ele>745.0</ele>
   </trkpt>
   <trkpt lat="40.6176070" lon="-3.1428150">
    <ele>745.0</ele>
   </trkpt>
   <trkpt lat="40.6175730" lon="-3.1427790">
    <ele>745.2</ele>
   </trkpt>
   <trkpt lat="40.6175380" lon="-3.1427500">
    <ele>745.4</ele>
   </trkpt>
   <trkpt lat="40.6175080" lon="-3.1427220">
    <ele>745.4</ele>
   </trkpt>
   <trkpt lat="40.6174740" lon="-3.1426930">
    <ele>745.6</ele>
   </trkpt>
   <trkpt lat="40.6174430" lon="-3.1426650">
    <ele>745.8</ele>
   </trkpt>
   <trkpt lat="40.6174160" lon="-3.1426400">
    <ele>745.8</ele>
   </trkpt>
   <trkpt lat="40.6173900" lon="-3.1426100">
    <ele>746.0</ele>
   </trkpt>
   <trkpt lat="40.6173670" lon="-3.1425830">
    <ele>746.0</ele>
   </trkpt>
   <trkpt lat="40.6173360" lon="-3.1425440">
    <ele>746.2</ele>
   </trkpt>
   <trkpt lat="40.6173130" lon="-3.1425050">
    <ele>746.4</ele>
   </trkpt>
   <trkpt lat="40.6172940" lon="-3.1424630">
    <ele>746.4</ele>
   </trkpt>
   <trkpt lat="40.6172750" lon="-3.1424280">
    <ele>746.4</ele>
   </trkpt>
   <trkpt lat="40.6172520" lon="-3.1423860">
    <ele>746.6</ele>
   </trkpt>
   <trkpt lat="40.6172220" lon="-3.1423390">
    <ele>746.6</ele>
   </trkpt>
   <trkpt lat="40.6171950" lon="-3.1422990">
    <ele>746.8</ele>
   </trkpt>
   <trkpt lat="40.6171680" lon="-3.1422620">
    <ele>746.8</ele>
   </trkpt>
   <trkpt lat="40.6171420" lon="-3.1422270">
    <ele>747.0</ele>
   </trkpt>
   <trkpt lat="40.6171190" lon="-3.1421890">
    <ele>747.0</ele>
   </trkpt>
   <trkpt lat="40.6171040" lon="-3.1421580">
    <ele>747.0</ele>
   </trkpt>
   <trkpt lat="40.6170770" lon="-3.1421130">
    <ele>747.0</ele>
   </trkpt>
   <trkpt lat="40.6170580" lon="-3.1420710">
    <ele>747.0</ele>
   </trkpt>
   <trkpt lat="40.6170350" lon="-3.1420340">
    <ele>747.2</ele>
   </trkpt>
   <trkpt lat="40.6170160" lon="-3.1419990">
    <ele>747.2</ele>
   </trkpt>
   <trkpt lat="40.6169890" lon="-3.1419680">
    <ele>747.4</ele>
   </trkpt>
   <trkpt lat="40.6169660" lon="-3.1419350">
    <ele>747.6</ele>
   </trkpt>
   <trkpt lat="40.6169510" lon="-3.1419080">
    <ele>747.6</ele>
   </trkpt>
   <trkpt lat="40.6169280" lon="-3.1418690">
    <ele>747.8</ele>
   </trkpt>
   <trkpt lat="40.6169090" lon="-3.1418340">
    <ele>748.0</ele>
   </trkpt>
   <trkpt lat="40.6168900" lon="-3.1418000">
    <ele>748.4</ele>
   </trkpt>
   <trkpt lat="40.6168670" lon="-3.1417700">
    <ele>748.6</ele>
   </trkpt>
   <trkpt lat="40.6168440" lon="-3.1417380">
    <ele>748.8</ele>
   </trkpt>
   <trkpt lat="40.6168250" lon="-3.1417050">
    <ele>749.0</ele>
   </trkpt>
   <trkpt lat="40.6168060" lon="-3.1416730">
    <ele>749.2</ele>
   </trkpt>
   <trkpt lat="40.6167830" lon="-3.1416430">
    <ele>749.4</ele>
   </trkpt>
   <trkpt lat="40.6167680" lon="-3.1416180">
    <ele>749.6</ele>
   </trkpt>
   <trkpt lat="40.6167450" lon="-3.1415810">
    <ele>749.6</ele>
   </trkpt>
   <trkpt lat="40.6167260" lon="-3.1415490">
    <ele>749.8</ele>
   </trkpt>
   <trkpt lat="40.6167070" lon="-3.1415200">
    <ele>749.8</ele>
   </trkpt>
   <trkpt lat="40.6166840" lon="-3.1414820">
    <ele>750.0</ele>
   </trkpt>
   <trkpt lat="40.6166650" lon="-3.1414500">
    <ele>750.2</ele>
   </trkpt>
   <trkpt lat="40.6166420" lon="-3.1414200">
    <ele>750.4</ele>
   </trkpt>
   <trkpt lat="40.6166230" lon="-3.1413870">
    <ele>750.6</ele>
   </trkpt>
   <trkpt lat="40.6166040" lon="-3.1413550">
    <ele>750.8</ele>
   </trkpt>
   <trkpt lat="40.6165810" lon="-3.1413240">
    <ele>751.0</ele>
   </trkpt>
   <trkpt lat="40.6165620" lon="-3.1412920">
    <ele>751.2</ele>
   </trkpt>
   <trkpt lat="40.6165430" lon="-3.1412600">
    <ele>751.4</ele>
   </trkpt>
   <trkpt lat="40.6165240" lon="-3.1412300">
    <ele>751.6</ele>
   </trkpt>
   <trkpt lat="40.6165050" lon="-3.1412000">
    <ele>751.8</ele>
   </trkpt>
   <trkpt lat="40.6164820" lon="-3.1411690">
    <ele>752.2</ele>
   </trkpt>
   <trkpt lat="40.6164630" lon="-3.1411350">
    <ele>752.4</ele>
   </trkpt>
   <trkpt lat="40.6164440" lon="-3.1411040">
    <ele>752.6</ele>
   </trkpt>
   <trkpt lat="40.6164250" lon="-3.1410750">
    <ele>753.0</ele>
   </trkpt>
   <trkpt lat="40.6164020" lon="-3.1410500">
    <ele>753.2</ele>
   </trkpt>
   <trkpt lat="40.6163790" lon="-3.1410250">
    <ele>753.4</ele>
   </trkpt>
   <trkpt lat="40.6163520" lon="-3.1410030">
    <ele>753.6</ele>
   </trkpt>
   <trkpt lat="40.6163290" lon="-3.1409810">
    <ele>753.6</ele>
   </trkpt>
   <trkpt lat="40.6162990" lon="-3.1409610">
    <ele>753.8</ele>
   </trkpt>
   <trkpt lat="40.6162720" lon="-3.1409380">
    <ele>754.0</ele>
   </trkpt>
   <trkpt lat="40.6162450" lon="-3.1409110">
    <ele>754.0</ele>
   </trkpt>
   <trkpt lat="40.6162220" lon="-3.1408830">
    <ele>754.2</ele>
   </trkpt>
   <trkpt lat="40.6161920" lon="-3.1408580">
    <ele>754.4</ele>
   </trkpt>
   <trkpt lat="40.6161650" lon="-3.1408310">
    <ele>754.4</ele>
   </trkpt>
   <trkpt lat="40.6161380" lon="-3.1408050">
    <ele>754.6</ele>
   </trkpt>
   <trkpt lat="40.6161120" lon="-3.1407800">
    <ele>754.8</ele>
   </trkpt>
   <trkpt lat="40.6160850" lon="-3.1407550">
    <ele>755.0</ele>
   </trkpt>
   <trkpt lat="40.6160580" lon="-3.1407270">
    <ele>755.0</ele>
   </trkpt>
   <trkpt lat="40.6160350" lon="-3.1407000">
    <ele>755.2</ele>
   </trkpt>
   <trkpt lat="40.6160160" lon="-3.1406800">
    <ele>755.2</ele>
   </trkpt>
   <trkpt lat="40.6159930" lon="-3.1406490">
    <ele>755.4</ele>
   </trkpt>
   <trkpt lat="40.6159710" lon="-3.1406210">
    <ele>755.4</ele>
   </trkpt>
   <trkpt lat="40.6159480" lon="-3.1405960">
    <ele>755.6</ele>
   </trkpt>
   <trkpt lat="40.6159290" lon="-3.1405760">
    <ele>755.6</ele>
   </trkpt>
   <trkpt lat="40.6159020" lon="-3.1405430">
    <ele>755.8</ele>
   </trkpt>
   <trkpt lat="40.6158830" lon="-3.1405120">
    <ele>755.8</ele>
   </trkpt>
   <trkpt lat="40.6158710" lon="-3.1404710">
    <ele>756.2</ele>
   </trkpt>
   <trkpt lat="40.6158640" lon="-3.1404290">
    <ele>756.4</ele>
   </trkpt>
   <trkpt lat="40.6158600" lon="-3.1403870">
    <ele>756.4</ele>
   </trkpt>
   <trkpt lat="40.6158680" lon="-3.1403400">
    <ele>756.6</ele>
   </trkpt>
   <trkpt lat="40.6158750" lon="-3.1402910">
    <ele>756.8</ele>
   </trkpt>
   <trkpt lat="40.6158870" lon="-3.1402520">
    <ele>757.2</ele>
   </trkpt>
   <trkpt lat="40.6158870" lon="-3.1402200">
    <ele>757.4</ele>
   </trkpt>
   <trkpt lat="40.6158900" lon="-3.1401740">
    <ele>757.4</ele>
   </trkpt>
   <trkpt lat="40.6158940" lon="-3.1401340">
    <ele>757.6</ele>
   </trkpt>
   <trkpt lat="40.6158980" lon="-3.1400910">
    <ele>757.8</ele>
   </trkpt>
   <trkpt lat="40.6159060" lon="-3.1400490">
    <ele>758.0</ele>
   </trkpt>
   <trkpt lat="40.6159060" lon="-3.1400070">
    <ele>758.2</ele>
   </trkpt>
   <trkpt lat="40.6159020" lon="-3.1399690">
    <ele>758.4</ele>
   </trkpt>
   <trkpt lat="40.6158980" lon="-3.1399300">
    <ele>758.8</ele>
   </trkpt>
   <trkpt lat="40.6158940" lon="-3.1398910">
    <ele>758.8</ele>
   </trkpt>
   <trkpt lat="40.6158830" lon="-3.1398490">
    <ele>759.0</ele>
   </trkpt>
   <trkpt lat="40.6158710" lon="-3.1398120">
    <ele>759.2</ele>
   </trkpt>
   <trkpt lat="40.6158560" lon="-3.1397750">
    <ele>759.4</ele>
   </trkpt>
   <trkpt lat="40.6158410" lon="-3.1397390">
    <ele>759.6</ele>
   </trkpt>
   <trkpt lat="40.6158260" lon="-3.1397040">
    <ele>759.8</ele>
   </trkpt>
   <trkpt lat="40.6158070" lon="-3.1396720">
    <ele>760.0</ele>
   </trkpt>
   <trkpt lat="40.6157870" lon="-3.1396430">
    <ele>760.4</ele>
   </trkpt>
   <trkpt lat="40.6157680" lon="-3.1396150">
    <ele>760.6</ele>
   </trkpt>
   <trkpt lat="40.6157530" lon="-3.1395830">
    <ele>760.8</ele>
   </trkpt>
   <trkpt lat="40.6157300" lon="-3.1395520">
    <ele>760.8</ele>
   </trkpt>
   <trkpt lat="40.6157110" lon="-3.1395200">
    <ele>761.0</ele>
   </trkpt>
   <trkpt lat="40.6156850" lon="-3.1394870">
    <ele>761.0</ele>
   </trkpt>
   <trkpt lat="40.6156690" lon="-3.1394490">
    <ele>761.2</ele>
   </trkpt>
   <trkpt lat="40.6156540" lon="-3.1394070">
    <ele>761.2</ele>
   </trkpt>
   <trkpt lat="40.6156430" lon="-3.1393640">
    <ele>761.2</ele>
   </trkpt>
   <trkpt lat="40.6156350" lon="-3.1393210">
    <ele>761.2</ele>
   </trkpt>
   <trkpt lat="40.6156230" lon="-3.1392790">
    <ele>761.4</ele>
   </trkpt>
   <trkpt lat="40.6156160" lon="-3.1392390">
    <ele>761.4</ele>
   </trkpt>
   <trkpt lat="40.6156010" lon="-3.1392020">
    <ele>761.6</ele>
   </trkpt>
   <trkpt lat="40.6155820" lon="-3.1391640">
    <ele>761.6</ele>
   </trkpt>
   <trkpt lat="40.6155660" lon="-3.1391260">
    <ele>761.8</ele>
   </trkpt>
   <trkpt lat="40.6155550" lon="-3.1390840">
    <ele>762.0</ele>
   </trkpt>
   <trkpt lat="40.6155430" lon="-3.1390420">
    <ele>762.0</ele>
   </trkpt>
   <trkpt lat="40.6155280" lon="-3.1390020">
    <ele>762.2</ele>
   </trkpt>
   <trkpt lat="40.6155170" lon="-3.1389590">
    <ele>762.2</ele>
   </trkpt>
   <trkpt lat="40.6155050" lon="-3.1389190">
    <ele>762.4</ele>
   </trkpt>
   <trkpt lat="40.6154940" lon="-3.1388800">
    <ele>762.6</ele>
   </trkpt>
   <trkpt lat="40.6154860" lon="-3.1388440">
    <ele>762.8</ele>
   </trkpt>
   <trkpt lat="40.6154750" lon="-3.1388040">
    <ele>763.0</ele>
   </trkpt>
   <trkpt lat="40.6154630" lon="-3.1387660">
    <ele>763.2</ele>
   </trkpt>
   <trkpt lat="40.6154520" lon="-3.1387290">
    <ele>763.4</ele>
   </trkpt>
   <trkpt lat="40.6154440" lon="-3.1386880">
    <ele>763.6</ele>
   </trkpt>
   <trkpt lat="40.6154330" lon="-3.1386500">
    <ele>763.8</ele>
   </trkpt>
   <trkpt lat="40.6154250" lon="-3.1386140">
    <ele>764.0</ele>
   </trkpt>
   <trkpt lat="40.6154170" lon="-3.1385820">
    <ele>764.2</ele>
   </trkpt>
   <trkpt lat="40.6154060" lon="-3.1385490">
    <ele>764.4</ele>
   </trkpt>
   <trkpt lat="40.6153980" lon="-3.1385150">
    <ele>764.8</ele>
   </trkpt>
   <trkpt lat="40.6153950" lon="-3.1384820">
    <ele>765.0</ele>
   </trkpt>
   <trkpt lat="40.6153830" lon="-3.1384470">
    <ele>765.2</ele>
   </trkpt>
   <trkpt lat="40.6153790" lon="-3.1384120">
    <ele>765.4</ele>
   </trkpt>
   <trkpt lat="40.6153750" lon="-3.1383770">
    <ele>765.6</ele>
   </trkpt>
   <trkpt lat="40.6153720" lon="-3.1383420">
    <ele>765.8</ele>
   </trkpt>
   <trkpt lat="40.6153640" lon="-3.1383050">
    <ele>766.0</ele>
   </trkpt>
   <trkpt lat="40.6153640" lon="-3.1382700">
    <ele>766.2</ele>
   </trkpt>
   <trkpt lat="40.6153640" lon="-3.1382370">
    <ele>766.4</ele>
   </trkpt>
   <trkpt lat="40.6153680" lon="-3.1382070">
    <ele>766.8</ele>
   </trkpt>
   <trkpt lat="40.6153720" lon="-3.1381800">
    <ele>767.0</ele>
   </trkpt>
   <trkpt lat="40.6153720" lon="-3.1381480">
    <ele>767.2</ele>
   </trkpt>
   <trkpt lat="40.6153720" lon="-3.1381150">
    <ele>767.2</ele>
   </trkpt>
   <trkpt lat="40.6153680" lon="-3.1380880">
    <ele>767.4</ele>
   </trkpt>
   <trkpt lat="40.6153600" lon="-3.1380490">
    <ele>767.6</ele>
   </trkpt>
   <trkpt lat="40.6153530" lon="-3.1380170">
    <ele>767.6</ele>
   </trkpt>
   <trkpt lat="40.6153410" lon="-3.1379870">
    <ele>767.8</ele>
   </trkpt>
   <trkpt lat="40.6153220" lon="-3.1379580">
    <ele>767.8</ele>
   </trkpt>
   <trkpt lat="40.6153030" lon="-3.1379280">
    <ele>767.8</ele>
   </trkpt>
   <trkpt lat="40.6152800" lon="-3.1379050">
    <ele>767.8</ele>
   </trkpt>
   <trkpt lat="40.6152570" lon="-3.1378800">
    <ele>767.8</ele>
   </trkpt>
   <trkpt lat="40.6152270" lon="-3.1378630">
    <ele>767.8</ele>
   </trkpt>
   <trkpt lat="40.6151960" lon="-3.1378510">
    <ele>767.8</ele>
   </trkpt>
   <trkpt lat="40.6151660" lon="-3.1378470">
    <ele>767.8</ele>
   </trkpt>
   <trkpt lat="40.6151350" lon="-3.1378640">
    <ele>767.8</ele>
   </trkpt>
   <trkpt lat="40.6151120" lon="-3.1378980">
    <ele>767.8</ele>
   </trkpt>
   <trkpt lat="40.6150930" lon="-3.1379420">
    <ele>768.0</ele>
   </trkpt>
   <trkpt lat="40.6150740" lon="-3.1379860">
    <ele>768.0</ele>
   </trkpt>
   <trkpt lat="40.6150440" lon="-3.1380280">
    <ele>768.0</ele>
   </trkpt>
   <trkpt lat="40.6150130" lon="-3.1380620">
    <ele>768.0</ele>
   </trkpt>
   <trkpt lat="40.6149830" lon="-3.1380850">
    <ele>768.0</ele>
   </trkpt>
   <trkpt lat="40.6149440" lon="-3.1380940">
    <ele>768.0</ele>
   </trkpt>
   <trkpt lat="40.6149060" lon="-3.1380950">
    <ele>767.8</ele>
   </trkpt>
   <trkpt lat="40.6148720" lon="-3.1380880">
    <ele>767.8</ele>
   </trkpt>
   <trkpt lat="40.6148340" lon="-3.1380820">
    <ele>767.8</ele>
   </trkpt>
   <trkpt lat="40.6147920" lon="-3.1380790">
    <ele>767.8</ele>
   </trkpt>
   <trkpt lat="40.6147420" lon="-3.1380810">
    <ele>767.8</ele>
   </trkpt>
   <trkpt lat="40.6146960" lon="-3.1380910">
    <ele>767.6</ele>
   </trkpt>
   <trkpt lat="40.6146470" lon="-3.1381090">
    <ele>767.4</ele>
   </trkpt>
   <trkpt lat="40.6146090" lon="-3.1381320">
    <ele>767.2</ele>
   </trkpt>
   <trkpt lat="40.6145710" lon="-3.1381650">
    <ele>767.0</ele>
   </trkpt>
   <trkpt lat="40.6145360" lon="-3.1382010">
    <ele>767.0</ele>
   </trkpt>
   <trkpt lat="40.6144980" lon="-3.1382330">
    <ele>766.8</ele>
   </trkpt>
   <trkpt lat="40.6144680" lon="-3.1382600">
    <ele>766.8</ele>
   </trkpt>
   <trkpt lat="40.6144330" lon="-3.1382840">
    <ele>766.8</ele>
   </trkpt>
   <trkpt lat="40.6143990" lon="-3.1383040">
    <ele>766.8</ele>
   </trkpt>
   <trkpt lat="40.6143800" lon="-3.1383180">
    <ele>766.8</ele>
   </trkpt>
   <trkpt lat="40.6143650" lon="-3.1383230">
    <ele>767.0</ele>
   </trkpt>
   <trkpt lat="40.6143420" lon="-3.1383380">
    <ele>767.2</ele>
   </trkpt>
   <trkpt lat="40.6143190" lon="-3.1383410">
    <ele>767.2</ele>
   </trkpt>
   <trkpt lat="40.6142920" lon="-3.1383290">
    <ele>767.2</ele>
   </trkpt>
   <trkpt lat="40.6142650" lon="-3.1383050">
    <ele>767.2</ele>
   </trkpt>
   <trkpt lat="40.6142430" lon="-3.1382720">
    <ele>767.4</ele>
   </trkpt>
   <trkpt lat="40.6142230" lon="-3.1382360">
    <ele>767.4</ele>
   </trkpt>
   <trkpt lat="40.6142080" lon="-3.1381970">
    <ele>767.4</ele>
   </trkpt>
   <trkpt lat="40.6141890" lon="-3.1381540">
    <ele>767.6</ele>
   </trkpt>
   <trkpt lat="40.6141700" lon="-3.1381140">
    <ele>767.6</ele>
   </trkpt>
   <trkpt lat="40.6141550" lon="-3.1380740">
    <ele>767.8</ele>
   </trkpt>
   <trkpt lat="40.6141400" lon="-3.1380360">
    <ele>768.0</ele>
   </trkpt>
   <trkpt lat="40.6141240" lon="-3.1379940">
    <ele>768.0</ele>
   </trkpt>
   <trkpt lat="40.6141090" lon="-3.1379520">
    <ele>768.2</ele>
   </trkpt>
   <trkpt lat="40.6140900" lon="-3.1379110">
    <ele>768.4</ele>
   </trkpt>
   <trkpt lat="40.6140750" lon="-3.1378710">
    <ele>768.4</ele>
   </trkpt>
   <trkpt lat="40.6140520" lon="-3.1378310">
    <ele>768.6</ele>
   </trkpt>
   <trkpt lat="40.6140330" lon="-3.1377910">
    <ele>768.8</ele>
   </trkpt>
   <trkpt lat="40.6140170" lon="-3.1377510">
    <ele>769.0</ele>
   </trkpt>
   <trkpt lat="40.6139980" lon="-3.1377110">
    <ele>769.2</ele>
   </trkpt>
   <trkpt lat="40.6139830" lon="-3.1376670">
    <ele>769.4</ele>
   </trkpt>
   <trkpt lat="40.6139720" lon="-3.1376260">
    <ele>769.6</ele>
   </trkpt>
   <trkpt lat="40.6139560" lon="-3.1375890">
    <ele>769.8</ele>
   </trkpt>
   <trkpt lat="40.6139370" lon="-3.1375480">
    <ele>770.0</ele>
   </trkpt>
   <trkpt lat="40.6139220" lon="-3.1375090">
    <ele>770.2</ele>
   </trkpt>
   <trkpt lat="40.6139070" lon="-3.1374690">
    <ele>770.4</ele>
   </trkpt>
   <trkpt lat="40.6138880" lon="-3.1374270">
    <ele>770.6</ele>
   </trkpt>
   <trkpt lat="40.6138690" lon="-3.1373890">
    <ele>770.8</ele>
   </trkpt>
   <trkpt lat="40.6138530" lon="-3.1373510">
    <ele>770.8</ele>
   </trkpt>
   <trkpt lat="40.6138380" lon="-3.1373160">
    <ele>771.0</ele>
   </trkpt>
   <trkpt lat="40.6138190" lon="-3.1372800">
    <ele>771.2</ele>
   </trkpt>
   <trkpt lat="40.6138040" lon="-3.1372450">
    <ele>771.4</ele>
   </trkpt>
   <trkpt lat="40.6137890" lon="-3.1372090">
    <ele>771.6</ele>
   </trkpt>
   <trkpt lat="40.6137700" lon="-3.1371710">
    <ele>771.8</ele>
   </trkpt>
   <trkpt lat="40.6137540" lon="-3.1371290">
    <ele>772.0</ele>
   </trkpt>
   <trkpt lat="40.6137390" lon="-3.1370900">
    <ele>772.2</ele>
   </trkpt>
   <trkpt lat="40.6137200" lon="-3.1370540">
    <ele>772.4</ele>
   </trkpt>
   <trkpt lat="40.6137080" lon="-3.1370140">
    <ele>772.6</ele>
   </trkpt>
   <trkpt lat="40.6136890" lon="-3.1369770">
    <ele>772.6</ele>
   </trkpt>
   <trkpt lat="40.6136740" lon="-3.1369390">
    <ele>772.8</ele>
   </trkpt>
   <trkpt lat="40.6136550" lon="-3.1368990">
    <ele>773.2</ele>
   </trkpt>
   <trkpt lat="40.6136400" lon="-3.1368600">
    <ele>773.4</ele>
   </trkpt>
   <trkpt lat="40.6136250" lon="-3.1368220">
    <ele>773.6</ele>
   </trkpt>
   <trkpt lat="40.6136050" lon="-3.1367840">
    <ele>773.8</ele>
   </trkpt>
   <trkpt lat="40.6135900" lon="-3.1367450">
    <ele>774.0</ele>
   </trkpt>
   <trkpt lat="40.6135750" lon="-3.1367070">
    <ele>774.0</ele>
   </trkpt>
   <trkpt lat="40.6135600" lon="-3.1366700">
    <ele>774.2</ele>
   </trkpt>
   <trkpt lat="40.6135440" lon="-3.1366360">
    <ele>774.4</ele>
   </trkpt>
   <trkpt lat="40.6135290" lon="-3.1365990">
    <ele>774.6</ele>
   </trkpt>
   <trkpt lat="40.6135140" lon="-3.1365640">
    <ele>774.6</ele>
   </trkpt>
   <trkpt lat="40.6134990" lon="-3.1365250">
    <ele>774.8</ele>
   </trkpt>
   <trkpt lat="40.6134830" lon="-3.1364890">
    <ele>775.0</ele>
   </trkpt>
   <trkpt lat="40.6134680" lon="-3.1364540">
    <ele>775.2</ele>
   </trkpt>
   <trkpt lat="40.6134530" lon="-3.1364190">
    <ele>775.2</ele>
   </trkpt>
   <trkpt lat="40.6134410" lon="-3.1363820">
    <ele>775.4</ele>
   </trkpt>
   <trkpt lat="40.6134260" lon="-3.1363450">
    <ele>775.6</ele>
   </trkpt>
   <trkpt lat="40.6134070" lon="-3.1363070">
    <ele>775.8</ele>
   </trkpt>
   <trkpt lat="40.6133920" lon="-3.1362700">
    <ele>776.0</ele>
   </trkpt>
   <trkpt lat="40.6133800" lon="-3.1362320">
    <ele>776.4</ele>
   </trkpt>
   <trkpt lat="40.6133650" lon="-3.1361920">
    <ele>776.6</ele>
   </trkpt>
   <trkpt lat="40.6133460" lon="-3.1361550">
    <ele>776.8</ele>
   </trkpt>
   <trkpt lat="40.6133310" lon="-3.1361190">
    <ele>776.8</ele>
   </trkpt>
   <trkpt lat="40.6133160" lon="-3.1360810">
    <ele>777.0</ele>
   </trkpt>
   <trkpt lat="40.6133000" lon="-3.1360440">
    <ele>777.4</ele>
   </trkpt>
   <trkpt lat="40.6132850" lon="-3.1360070">
    <ele>777.4</ele>
   </trkpt>
   <trkpt lat="40.6132700" lon="-3.1359690">
    <ele>777.6</ele>
   </trkpt>
   <trkpt lat="40.6132550" lon="-3.1359320">
    <ele>777.8</ele>
   </trkpt>
   <trkpt lat="40.6132390" lon="-3.1358940">
    <ele>778.0</ele>
   </trkpt>
   <trkpt lat="40.6132200" lon="-3.1358570">
    <ele>778.2</ele>
   </trkpt>
   <trkpt lat="40.6132050" lon="-3.1358220">
    <ele>778.4</ele>
   </trkpt>
   <trkpt lat="40.6131940" lon="-3.1357860">
    <ele>778.6</ele>
   </trkpt>
   <trkpt lat="40.6131780" lon="-3.1357500">
    <ele>778.8</ele>
   </trkpt>
   <trkpt lat="40.6131670" lon="-3.1357120">
    <ele>779.0</ele>
   </trkpt>
   <trkpt lat="40.6131520" lon="-3.1356750">
    <ele>779.2</ele>
   </trkpt>
   <trkpt lat="40.6131360" lon="-3.1356350">
    <ele>779.4</ele>
   </trkpt>
   <trkpt lat="40.6131250" lon="-3.1355960">
    <ele>779.4</ele>
   </trkpt>
   <trkpt lat="40.6131060" lon="-3.1355570">
    <ele>779.6</ele>
   </trkpt>
   <trkpt lat="40.6130900" lon="-3.1355190">
    <ele>779.8</ele>
   </trkpt>
   <trkpt lat="40.6130750" lon="-3.1354800">
    <ele>780.0</ele>
   </trkpt>
   <trkpt lat="40.6130600" lon="-3.1354390">
    <ele>780.2</ele>
   </trkpt>
   <trkpt lat="40.6130490" lon="-3.1353970">
    <ele>780.4</ele>
   </trkpt>
   <trkpt lat="40.6130330" lon="-3.1353560">
    <ele>780.4</ele>
   </trkpt>
   <trkpt lat="40.6130220" lon="-3.1353120">
    <ele>780.6</ele>
   </trkpt>
   <trkpt lat="40.6130070" lon="-3.1352690">
    <ele>780.8</ele>
   </trkpt>
   <trkpt lat="40.6129910" lon="-3.1352270">
    <ele>780.8</ele>
   </trkpt>
   <trkpt lat="40.6129800" lon="-3.1351840">
    <ele>781.0</ele>
   </trkpt>
   <trkpt lat="40.6129680" lon="-3.1351440">
    <ele>781.2</ele>
   </trkpt>
   <trkpt lat="40.6129530" lon="-3.1351020">
    <ele>781.4</ele>
   </trkpt>
   <trkpt lat="40.6129380" lon="-3.1350610">
    <ele>781.6</ele>
   </trkpt>
   <trkpt lat="40.6129260" lon="-3.1350190">
    <ele>781.8</ele>
   </trkpt>
   <trkpt lat="40.6129150" lon="-3.1349770">
    <ele>781.8</ele>
   </trkpt>
   <trkpt lat="40.6129000" lon="-3.1349360">
    <ele>782.0</ele>
   </trkpt>
   <trkpt lat="40.6128880" lon="-3.1348970">
    <ele>782.2</ele>
   </trkpt>
   <trkpt lat="40.6128770" lon="-3.1348570">
    <ele>782.4</ele>
   </trkpt>
   <trkpt lat="40.6128620" lon="-3.1348170">
    <ele>782.6</ele>
   </trkpt>
   <trkpt lat="40.6128500" lon="-3.1347770">
    <ele>782.8</ele>
   </trkpt>
   <trkpt lat="40.6128350" lon="-3.1347360">
    <ele>783.0</ele>
   </trkpt>
   <trkpt lat="40.6128230" lon="-3.1346940">
    <ele>783.0</ele>
   </trkpt>
   <trkpt lat="40.6128080" lon="-3.1346510">
    <ele>783.2</ele>
   </trkpt>
   <trkpt lat="40.6127970" lon="-3.1346090">
    <ele>783.4</ele>
   </trkpt>
   <trkpt lat="40.6127820" lon="-3.1345700">
    <ele>783.8</ele>
   </trkpt>
   <trkpt lat="40.6127700" lon="-3.1345310">
    <ele>784.0</ele>
   </trkpt>
   <trkpt lat="40.6127590" lon="-3.1344910">
    <ele>784.2</ele>
   </trkpt>
   <trkpt lat="40.6127430" lon="-3.1344500">
    <ele>784.4</ele>
   </trkpt>
   <trkpt lat="40.6127320" lon="-3.1344100">
    <ele>784.6</ele>
   </trkpt>
   <trkpt lat="40.6127200" lon="-3.1343690">
    <ele>784.8</ele>
   </trkpt>
   <trkpt lat="40.6127050" lon="-3.1343290">
    <ele>785.0</ele>
   </trkpt>
   <trkpt lat="40.6126940" lon="-3.1342890">
    <ele>785.2</ele>
   </trkpt>
   <trkpt lat="40.6126790" lon="-3.1342500">
    <ele>785.4</ele>
   </trkpt>
   <trkpt lat="40.6126710" lon="-3.1342120">
    <ele>785.6</ele>
   </trkpt>
   <trkpt lat="40.6126590" lon="-3.1341740">
    <ele>785.8</ele>
   </trkpt>
   <trkpt lat="40.6126480" lon="-3.1341350">
    <ele>786.0</ele>
   </trkpt>
   <trkpt lat="40.6126330" lon="-3.1340950">
    <ele>786.2</ele>
   </trkpt>
   <trkpt lat="40.6126180" lon="-3.1340570">
    <ele>786.4</ele>
   </trkpt>
   <trkpt lat="40.6126020" lon="-3.1340170">
    <ele>786.6</ele>
   </trkpt>
   <trkpt lat="40.6125950" lon="-3.1339830">
    <ele>786.8</ele>
   </trkpt>
   <trkpt lat="40.6125870" lon="-3.1339440">
    <ele>787.0</ele>
   </trkpt>
   <trkpt lat="40.6125720" lon="-3.1339020">
    <ele>787.2</ele>
   </trkpt>
   <trkpt lat="40.6125560" lon="-3.1338630">
    <ele>787.4</ele>
   </trkpt>
   <trkpt lat="40.6125450" lon="-3.1338220">
    <ele>787.6</ele>
   </trkpt>
   <trkpt lat="40.6125340" lon="-3.1337820">
    <ele>787.6</ele>
   </trkpt>
   <trkpt lat="40.6125260" lon="-3.1337400">
    <ele>787.8</ele>
   </trkpt>
   <trkpt lat="40.6125180" lon="-3.1337000">
    <ele>788.0</ele>
   </trkpt>
   <trkpt lat="40.6125070" lon="-3.1336570">
    <ele>788.2</ele>
   </trkpt>
   <trkpt lat="40.6125030" lon="-3.1336150">
    <ele>788.4</ele>
   </trkpt>
   <trkpt lat="40.6124920" lon="-3.1335740">
    <ele>788.8</ele>
   </trkpt>
   <trkpt lat="40.6124880" lon="-3.1335340">
    <ele>789.0</ele>
   </trkpt>
   <trkpt lat="40.6124840" lon="-3.1334940">
    <ele>789.0</ele>
   </trkpt>
   <trkpt lat="40.6124800" lon="-3.1334520">
    <ele>789.4</ele>
   </trkpt>
   <trkpt lat="40.6124690" lon="-3.1334110">
    <ele>789.4</ele>
   </trkpt>
   <trkpt lat="40.6124650" lon="-3.1333690">
    <ele>789.6</ele>
   </trkpt>
   <trkpt lat="40.6124570" lon="-3.1333240">
    <ele>789.8</ele>
   </trkpt>
   <trkpt lat="40.6124570" lon="-3.1332810">
    <ele>790.0</ele>
   </trkpt>
   <trkpt lat="40.6124530" lon="-3.1332370">
    <ele>790.2</ele>
   </trkpt>
   <trkpt lat="40.6124530" lon="-3.1331960">
    <ele>790.2</ele>
   </trkpt>
   <trkpt lat="40.6124530" lon="-3.1331540">
    <ele>790.4</ele>
   </trkpt>
   <trkpt lat="40.6124530" lon="-3.1331120">
    <ele>790.6</ele>
   </trkpt>
   <trkpt lat="40.6124500" lon="-3.1330670">
    <ele>790.8</ele>
   </trkpt>
   <trkpt lat="40.6124500" lon="-3.1330240">
    <ele>791.0</ele>
   </trkpt>
   <trkpt lat="40.6124500" lon="-3.1329810">
    <ele>791.2</ele>
   </trkpt>
   <trkpt lat="40.6124500" lon="-3.1329370">
    <ele>791.4</ele>
   </trkpt>
   <trkpt lat="40.6124530" lon="-3.1328940">
    <ele>791.6</ele>
   </trkpt>
   <trkpt lat="40.6124500" lon="-3.1328510">
    <ele>791.8</ele>
   </trkpt>
   <trkpt lat="40.6124500" lon="-3.1328070">
    <ele>792.0</ele>
   </trkpt>
   <trkpt lat="40.6124530" lon="-3.1327630">
    <ele>792.0</ele>
   </trkpt>
   <trkpt lat="40.6124530" lon="-3.1327190">
    <ele>792.2</ele>
   </trkpt>
   <trkpt lat="40.6124530" lon="-3.1326790">
    <ele>792.4</ele>
   </trkpt>
   <trkpt lat="40.6124530" lon="-3.1326360">
    <ele>792.4</ele>
   </trkpt>
   <trkpt lat="40.6124530" lon="-3.1325940">
    <ele>792.6</ele>
   </trkpt>
   <trkpt lat="40.6124530" lon="-3.1325510">
    <ele>792.8</ele>
   </trkpt>
   <trkpt lat="40.6124500" lon="-3.1325080">
    <ele>793.0</ele>
   </trkpt>
   <trkpt lat="40.6124500" lon="-3.1324660">
    <ele>793.0</ele>
   </trkpt>
   <trkpt lat="40.6124500" lon="-3.1324190">
    <ele>793.2</ele>
   </trkpt>
   <trkpt lat="40.6124500" lon="-3.1323740">
    <ele>793.4</ele>
   </trkpt>
   <trkpt lat="40.6124500" lon="-3.1323290">
    <ele>793.6</ele>
   </trkpt>
   <trkpt lat="40.6124460" lon="-3.1322840">
    <ele>794.0</ele>
   </trkpt>
   <trkpt lat="40.6124460" lon="-3.1322390">
    <ele>794.2</ele>
   </trkpt>
   <trkpt lat="40.6124460" lon="-3.1321960">
    <ele>794.2</ele>
   </trkpt>
   <trkpt lat="40.6124460" lon="-3.1321540">
    <ele>794.4</ele>
   </trkpt>
   <trkpt lat="40.6124500" lon="-3.1321120">
    <ele>794.6</ele>
   </trkpt>
   <trkpt lat="40.6124500" lon="-3.1320720">
    <ele>794.8</ele>
   </trkpt>
   <trkpt lat="40.6124500" lon="-3.1320290">
    <ele>794.8</ele>
   </trkpt>
   <trkpt lat="40.6124500" lon="-3.1319860">
    <ele>795.0</ele>
   </trkpt>
   <trkpt lat="40.6124500" lon="-3.1319420">
    <ele>795.4</ele>
   </trkpt>
   <trkpt lat="40.6124530" lon="-3.1319010">
    <ele>795.6</ele>
   </trkpt>
   <trkpt lat="40.6124530" lon="-3.1318570">
    <ele>795.8</ele>
   </trkpt>
   <trkpt lat="40.6124530" lon="-3.1318140">
    <ele>796.0</ele>
   </trkpt>
   <trkpt lat="40.6124530" lon="-3.1317710">
    <ele>796.2</ele>
   </trkpt>
   <trkpt lat="40.6124530" lon="-3.1317270">
    <ele>796.4</ele>
   </trkpt>
   <trkpt lat="40.6124570" lon="-3.1316860">
    <ele>796.6</ele>
   </trkpt>
   <trkpt lat="40.6124570" lon="-3.1316440">
    <ele>796.8</ele>
   </trkpt>
   <trkpt lat="40.6124650" lon="-3.1316020">
    <ele>797.0</ele>
   </trkpt>
   <trkpt lat="40.6124650" lon="-3.1315610">
    <ele>797.2</ele>
   </trkpt>
   <trkpt lat="40.6124730" lon="-3.1315210">
    <ele>797.4</ele>
   </trkpt>
   <trkpt lat="40.6124730" lon="-3.1314810">
    <ele>797.6</ele>
   </trkpt>
   <trkpt lat="40.6124800" lon="-3.1314410">
    <ele>797.8</ele>
   </trkpt>
   <trkpt lat="40.6124840" lon="-3.1313970">
    <ele>798.0</ele>
   </trkpt>
   <trkpt lat="40.6124920" lon="-3.1313560">
    <ele>798.2</ele>
   </trkpt>
   <trkpt lat="40.6124950" lon="-3.1313140">
    <ele>798.4</ele>
   </trkpt>
   <trkpt lat="40.6125030" lon="-3.1312710">
    <ele>798.6</ele>
   </trkpt>
   <trkpt lat="40.6125070" lon="-3.1312290">
    <ele>798.8</ele>
   </trkpt>
   <trkpt lat="40.6125140" lon="-3.1311840">
    <ele>799.0</ele>
   </trkpt>
   <trkpt lat="40.6125220" lon="-3.1311390">
    <ele>799.0</ele>
   </trkpt>
   <trkpt lat="40.6125300" lon="-3.1310960">
    <ele>799.2</ele>
   </trkpt>
   <trkpt lat="40.6125370" lon="-3.1310540">
    <ele>799.4</ele>
   </trkpt>
   <trkpt lat="40.6125450" lon="-3.1310120">
    <ele>799.6</ele>
   </trkpt>
   <trkpt lat="40.6125530" lon="-3.1309720">
    <ele>799.6</ele>
   </trkpt>
   <trkpt lat="40.6125640" lon="-3.1309310">
    <ele>799.8</ele>
   </trkpt>
   <trkpt lat="40.6125720" lon="-3.1308890">
    <ele>800.0</ele>
   </trkpt>
   <trkpt lat="40.6125790" lon="-3.1308470">
    <ele>800.2</ele>
   </trkpt>
   <trkpt lat="40.6125830" lon="-3.1308040">
    <ele>800.2</ele>
   </trkpt>
   <trkpt lat="40.6125910" lon="-3.1307610">
    <ele>800.4</ele>
   </trkpt>
   <trkpt lat="40.6125950" lon="-3.1307220">
    <ele>800.6</ele>
   </trkpt>
   <trkpt lat="40.6126020" lon="-3.1306820">
    <ele>800.6</ele>
   </trkpt>
   <trkpt lat="40.6126100" lon="-3.1306420">
    <ele>800.8</ele>
   </trkpt>
   <trkpt lat="40.6126180" lon="-3.1306000">
    <ele>800.8</ele>
   </trkpt>
   <trkpt lat="40.6126250" lon="-3.1305590">
    <ele>801.0</ele>
   </trkpt>
   <trkpt lat="40.6126250" lon="-3.1305160">
    <ele>801.2</ele>
   </trkpt>
   <trkpt lat="40.6126290" lon="-3.1304730">
    <ele>801.2</ele>
   </trkpt>
   <trkpt lat="40.6126370" lon="-3.1304290">
    <ele>801.4</ele>
   </trkpt>
   <trkpt lat="40.6126440" lon="-3.1303840">
    <ele>801.8</ele>
   </trkpt>
   <trkpt lat="40.6126560" lon="-3.1303370">
    <ele>802.0</ele>
   </trkpt>
   <trkpt lat="40.6126630" lon="-3.1302940">
    <ele>802.2</ele>
   </trkpt>
   <trkpt lat="40.6126710" lon="-3.1302520">
    <ele>802.4</ele>
   </trkpt>
   <trkpt lat="40.6126750" lon="-3.1302100">
    <ele>802.6</ele>
   </trkpt>
   <trkpt lat="40.6126820" lon="-3.1301710">
    <ele>802.8</ele>
   </trkpt>
   <trkpt lat="40.6126860" lon="-3.1301270">
    <ele>803.0</ele>
   </trkpt>
   <trkpt lat="40.6126940" lon="-3.1300860">
    <ele>803.2</ele>
   </trkpt>
   <trkpt lat="40.6127010" lon="-3.1300440">
    <ele>803.4</ele>
   </trkpt>
   <trkpt lat="40.6127050" lon="-3.1300010">
    <ele>803.6</ele>
   </trkpt>
   <trkpt lat="40.6127170" lon="-3.1299610">
    <ele>803.8</ele>
   </trkpt>
   <trkpt lat="40.6127200" lon="-3.1299270">
    <ele>804.0</ele>
   </trkpt>
   <trkpt lat="40.6127280" lon="-3.1298790">
    <ele>804.2</ele>
   </trkpt>
   <trkpt lat="40.6127360" lon="-3.1298430">
    <ele>804.4</ele>
   </trkpt>
   <trkpt lat="40.6127430" lon="-3.1297940">
    <ele>804.6</ele>
   </trkpt>
   <trkpt lat="40.6127510" lon="-3.1297630">
    <ele>804.8</ele>
   </trkpt>
   <trkpt lat="40.6127590" lon="-3.1297220">
    <ele>805.0</ele>
   </trkpt>
   <trkpt lat="40.6127700" lon="-3.1296740">
    <ele>805.4</ele>
   </trkpt>
   <trkpt lat="40.6127780" lon="-3.1296340">
    <ele>805.6</ele>
   </trkpt>
   <trkpt lat="40.6127850" lon="-3.1295920">
    <ele>805.8</ele>
   </trkpt>
   <trkpt lat="40.6127930" lon="-3.1295620">
    <ele>806.0</ele>
   </trkpt>
   <trkpt lat="40.6128010" lon="-3.1295130">
    <ele>806.2</ele>
   </trkpt>
   <trkpt lat="40.6128080" lon="-3.1294710">
    <ele>806.4</ele>
   </trkpt>
   <trkpt lat="40.6128200" lon="-3.1294310">
    <ele>806.6</ele>
   </trkpt>
   <trkpt lat="40.6128270" lon="-3.1293910">
    <ele>806.8</ele>
   </trkpt>
   <trkpt lat="40.6128350" lon="-3.1293580">
    <ele>807.0</ele>
   </trkpt>
   <trkpt lat="40.6128430" lon="-3.1293110">
    <ele>807.2</ele>
   </trkpt>
   <trkpt lat="40.6128500" lon="-3.1292710">
    <ele>807.2</ele>
   </trkpt>
   <trkpt lat="40.6128620" lon="-3.1292310">
    <ele>807.4</ele>
   </trkpt>
   <trkpt lat="40.6128690" lon="-3.1291920">
    <ele>807.8</ele>
   </trkpt>
   <trkpt lat="40.6128770" lon="-3.1291540">
    <ele>808.0</ele>
   </trkpt>
   <trkpt lat="40.6128880" lon="-3.1291140">
    <ele>808.0</ele>
   </trkpt>
   <trkpt lat="40.6128960" lon="-3.1290760">
    <ele>808.2</ele>
   </trkpt>
   <trkpt lat="40.6129040" lon="-3.1290370">
    <ele>808.6</ele>
   </trkpt>
   <trkpt lat="40.6129150" lon="-3.1290070">
    <ele>808.8</ele>
   </trkpt>
   <trkpt lat="40.6129300" lon="-3.1289630">
    <ele>808.8</ele>
   </trkpt>
   <trkpt lat="40.6129420" lon="-3.1289220">
    <ele>809.0</ele>
   </trkpt>
   <trkpt lat="40.6129530" lon="-3.1288790">
    <ele>809.2</ele>
   </trkpt>
   <trkpt lat="40.6129610" lon="-3.1288390">
    <ele>809.4</ele>
   </trkpt>
   <trkpt lat="40.6129720" lon="-3.1287990">
    <ele>809.6</ele>
   </trkpt>
   <trkpt lat="40.6129840" lon="-3.1287610">
    <ele>809.8</ele>
   </trkpt>
   <trkpt lat="40.6129950" lon="-3.1287240">
    <ele>810.0</ele>
   </trkpt>
   <trkpt lat="40.6130100" lon="-3.1286860">
    <ele>810.2</ele>
   </trkpt>
   <trkpt lat="40.6130220" lon="-3.1286490">
    <ele>810.4</ele>
   </trkpt>
   <trkpt lat="40.6130330" lon="-3.1286200">
    <ele>810.6</ele>
   </trkpt>
   <trkpt lat="40.6130490" lon="-3.1285760">
    <ele>810.8</ele>
   </trkpt>
   <trkpt lat="40.6130640" lon="-3.1285360">
    <ele>811.0</ele>
   </trkpt>
   <trkpt lat="40.6130750" lon="-3.1284990">
    <ele>811.0</ele>
   </trkpt>
   <trkpt lat="40.6130870" lon="-3.1284680">
    <ele>811.2</ele>
   </trkpt>
   <trkpt lat="40.6130980" lon="-3.1284240">
    <ele>811.4</ele>
   </trkpt>
   <trkpt lat="40.6131130" lon="-3.1283860">
    <ele>811.6</ele>
   </trkpt>
   <trkpt lat="40.6131290" lon="-3.1283490">
    <ele>811.8</ele>
   </trkpt>
   <trkpt lat="40.6131440" lon="-3.1283120">
    <ele>812.0</ele>
   </trkpt>
   <trkpt lat="40.6131520" lon="-3.1282770">
    <ele>812.2</ele>
   </trkpt>
   <trkpt lat="40.6131710" lon="-3.1282320">
    <ele>812.4</ele>
   </trkpt>
   <trkpt lat="40.6131820" lon="-3.1282000">
    <ele>812.6</ele>
   </trkpt>
   <trkpt lat="40.6131940" lon="-3.1281640">
    <ele>812.8</ele>
   </trkpt>
   <trkpt lat="40.6132090" lon="-3.1281240">
    <ele>813.0</ele>
   </trkpt>
   <trkpt lat="40.6132280" lon="-3.1280770">
    <ele>813.0</ele>
   </trkpt>
   <trkpt lat="40.6132390" lon="-3.1280370">
    <ele>813.2</ele>
   </trkpt>
   <trkpt lat="40.6132510" lon="-3.1280050">
    <ele>813.4</ele>
   </trkpt>
   <trkpt lat="40.6132660" lon="-3.1279610">
    <ele>813.6</ele>
   </trkpt>
   <trkpt lat="40.6132810" lon="-3.1279220">
    <ele>813.8</ele>
   </trkpt>
   <trkpt lat="40.6132930" lon="-3.1278820">
    <ele>814.0</ele>
   </trkpt>
   <trkpt lat="40.6133080" lon="-3.1278420">
    <ele>814.2</ele>
   </trkpt>
   <trkpt lat="40.6133190" lon="-3.1278050">
    <ele>814.4</ele>
   </trkpt>
   <trkpt lat="40.6133310" lon="-3.1277690">
    <ele>814.6</ele>
   </trkpt>
   <trkpt lat="40.6133420" lon="-3.1277320">
    <ele>814.8</ele>
   </trkpt>
   <trkpt lat="40.6133540" lon="-3.1276930">
    <ele>815.0</ele>
   </trkpt>
   <trkpt lat="40.6133690" lon="-3.1276550">
    <ele>815.2</ele>
   </trkpt>
   <trkpt lat="40.6133800" lon="-3.1276170">
    <ele>815.4</ele>
   </trkpt>
   <trkpt lat="40.6133920" lon="-3.1275850">
    <ele>815.6</ele>
   </trkpt>
   <trkpt lat="40.6134070" lon="-3.1275390">
    <ele>815.6</ele>
   </trkpt>
   <trkpt lat="40.6134220" lon="-3.1275020">
    <ele>815.8</ele>
   </trkpt>
   <trkpt lat="40.6134340" lon="-3.1274640">
    <ele>816.0</ele>
   </trkpt>
   <trkpt lat="40.6134450" lon="-3.1274350">
    <ele>816.2</ele>
   </trkpt>
   <trkpt lat="40.6134610" lon="-3.1273920">
    <ele>816.2</ele>
   </trkpt>
   <trkpt lat="40.6134760" lon="-3.1273550">
    <ele>816.4</ele>
   </trkpt>
   <trkpt lat="40.6134870" lon="-3.1273160">
    <ele>816.6</ele>
   </trkpt>
   <trkpt lat="40.6135020" lon="-3.1272770">
    <ele>816.8</ele>
   </trkpt>
   <trkpt lat="40.6135140" lon="-3.1272390">
    <ele>817.0</ele>
   </trkpt>
   <trkpt lat="40.6135290" lon="-3.1272020">
    <ele>817.2</ele>
   </trkpt>
   <trkpt lat="40.6135410" lon="-3.1271640">
    <ele>817.2</ele>
   </trkpt>
   <trkpt lat="40.6135520" lon="-3.1271300">
    <ele>817.4</ele>
   </trkpt>
   <trkpt lat="40.6135670" lon="-3.1270940">
    <ele>817.6</ele>
   </trkpt>
   <trkpt lat="40.6135790" lon="-3.1270570">
    <ele>817.8</ele>
   </trkpt>
   <trkpt lat="40.6135940" lon="-3.1270190">
    <ele>818.0</ele>
   </trkpt>
   <trkpt lat="40.6136090" lon="-3.1269790">
    <ele>818.2</ele>
   </trkpt>
   <trkpt lat="40.6136170" lon="-3.1269470">
    <ele>818.4</ele>
   </trkpt>
   <trkpt lat="40.6136320" lon="-3.1269090">
    <ele>818.6</ele>
   </trkpt>
   <trkpt lat="40.6136510" lon="-3.1268660">
    <ele>818.8</ele>
   </trkpt>
   <trkpt lat="40.6136630" lon="-3.1268270">
    <ele>819.0</ele>
   </trkpt>
   <trkpt lat="40.6136780" lon="-3.1267890">
    <ele>819.2</ele>
   </trkpt>
   <trkpt lat="40.6136930" lon="-3.1267490">
    <ele>819.4</ele>
   </trkpt>
   <trkpt lat="40.6137080" lon="-3.1267120">
    <ele>819.6</ele>
   </trkpt>
   <trkpt lat="40.6137200" lon="-3.1266750">
    <ele>819.8</ele>
   </trkpt>
   <trkpt lat="40.6137350" lon="-3.1266370">
    <ele>820.2</ele>
   </trkpt>
   <trkpt lat="40.6137470" lon="-3.1266070">
    <ele>820.4</ele>
   </trkpt>
   <trkpt lat="40.6137620" lon="-3.1265690">
    <ele>820.6</ele>
   </trkpt>
   <trkpt lat="40.6137770" lon="-3.1265340">
    <ele>820.8</ele>
   </trkpt>
   <trkpt lat="40.6137920" lon="-3.1264980">
    <ele>821.0</ele>
   </trkpt>
   <trkpt lat="40.6138120" lon="-3.1264590">
    <ele>821.2</ele>
   </trkpt>
   <trkpt lat="40.6138230" lon="-3.1264280">
    <ele>821.6</ele>
   </trkpt>
   <trkpt lat="40.6138380" lon="-3.1263920">
    <ele>821.8</ele>
   </trkpt>
   <trkpt lat="40.6138530" lon="-3.1263550">
    <ele>822.0</ele>
   </trkpt>
   <trkpt lat="40.6138760" lon="-3.1263130">
    <ele>822.2</ele>
   </trkpt>
   <trkpt lat="40.6138920" lon="-3.1262720">
    <ele>822.4</ele>
   </trkpt>
   <trkpt lat="40.6139070" lon="-3.1262350">
    <ele>822.6</ele>
   </trkpt>
   <trkpt lat="40.6139220" lon="-3.1262080">
    <ele>822.8</ele>
   </trkpt>
   <trkpt lat="40.6139370" lon="-3.1261740">
    <ele>823.0</ele>
   </trkpt>
   <trkpt lat="40.6139600" lon="-3.1261340">
    <ele>823.2</ele>
   </trkpt>
   <trkpt lat="40.6139790" lon="-3.1260990">
    <ele>823.4</ele>
   </trkpt>
   <trkpt lat="40.6139980" lon="-3.1260670">
    <ele>823.6</ele>
   </trkpt>
   <trkpt lat="40.6140210" lon="-3.1260320">
    <ele>823.8</ele>
   </trkpt>
   <trkpt lat="40.6140400" lon="-3.1259980">
    <ele>824.0</ele>
   </trkpt>
   <trkpt lat="40.6140590" lon="-3.1259650">
    <ele>824.2</ele>
   </trkpt>
   <trkpt lat="40.6140780" lon="-3.1259330">
    <ele>824.4</ele>
   </trkpt>
   <trkpt lat="40.6140940" lon="-3.1259030">
    <ele>824.6</ele>
   </trkpt>
   <trkpt lat="40.6141130" lon="-3.1258760">
    <ele>824.8</ele>
   </trkpt>
   <trkpt lat="40.6141280" lon="-3.1258440">
    <ele>825.0</ele>
   </trkpt>
   <trkpt lat="40.6141510" lon="-3.1258080">
    <ele>825.2</ele>
   </trkpt>
   <trkpt lat="40.6141700" lon="-3.1257750">
    <ele>825.4</ele>
   </trkpt>
   <trkpt lat="40.6141850" lon="-3.1257430">
    <ele>825.6</ele>
   </trkpt>
   <trkpt lat="40.6142080" lon="-3.1257100">
    <ele>825.8</ele>
   </trkpt>
   <trkpt lat="40.6142230" lon="-3.1256750">
    <ele>825.8</ele>
   </trkpt>
   <trkpt lat="40.6142390" lon="-3.1256420">
    <ele>826.0</ele>
   </trkpt>
   <trkpt lat="40.6142580" lon="-3.1256070">
    <ele>826.2</ele>
   </trkpt>
   <trkpt lat="40.6142730" lon="-3.1255740">
    <ele>826.4</ele>
   </trkpt>
   <trkpt lat="40.6142880" lon="-3.1255390">
    <ele>826.6</ele>
   </trkpt>
   <trkpt lat="40.6143070" lon="-3.1255030">
    <ele>826.8</ele>
   </trkpt>
   <trkpt lat="40.6143230" lon="-3.1254690">
    <ele>827.0</ele>
   </trkpt>
   <trkpt lat="40.6143420" lon="-3.1254310">
    <ele>827.2</ele>
   </trkpt>
   <trkpt lat="40.6143530" lon="-3.1253900">
    <ele>827.4</ele>
   </trkpt>
   <trkpt lat="40.6143680" lon="-3.1253540">
    <ele>827.6</ele>
   </trkpt>
   <trkpt lat="40.6143800" lon="-3.1253150">
    <ele>827.8</ele>
   </trkpt>
   <trkpt lat="40.6143910" lon="-3.1252770">
    <ele>828.0</ele>
   </trkpt>
   <trkpt lat="40.6143990" lon="-3.1252370">
    <ele>828.2</ele>
   </trkpt>
   <trkpt lat="40.6144070" lon="-3.1251990">
    <ele>828.4</ele>
   </trkpt>
   <trkpt lat="40.6144140" lon="-3.1251590">
    <ele>828.6</ele>
   </trkpt>
   <trkpt lat="40.6144220" lon="-3.1251190">
    <ele>828.6</ele>
   </trkpt>
   <trkpt lat="40.6144290" lon="-3.1250770">
    <ele>828.8</ele>
   </trkpt>
   <trkpt lat="40.6144330" lon="-3.1250370">
    <ele>829.2</ele>
   </trkpt>
   <trkpt lat="40.6144370" lon="-3.1249970">
    <ele>829.4</ele>
   </trkpt>
   <trkpt lat="40.6144410" lon="-3.1249570">
    <ele>829.6</ele>
   </trkpt>
   <trkpt lat="40.6144410" lon="-3.1249150">
    <ele>829.8</ele>
   </trkpt>
   <trkpt lat="40.6144410" lon="-3.1248760">
    <ele>829.8</ele>
   </trkpt>
   <trkpt lat="40.6144410" lon="-3.1248320">
    <ele>830.0</ele>
   </trkpt>
   <trkpt lat="40.6144410" lon="-3.1247940">
    <ele>830.2</ele>
   </trkpt>
   <trkpt lat="40.6144370" lon="-3.1247540">
    <ele>830.6</ele>
   </trkpt>
   <trkpt lat="40.6144330" lon="-3.1247140">
    <ele>830.6</ele>
   </trkpt>
   <trkpt lat="40.6144290" lon="-3.1246770">
    <ele>830.8</ele>
   </trkpt>
   <trkpt lat="40.6144260" lon="-3.1246390">
    <ele>831.2</ele>
   </trkpt>
   <trkpt lat="40.6144220" lon="-3.1245990">
    <ele>831.4</ele>
   </trkpt>
   <trkpt lat="40.6144140" lon="-3.1245590">
    <ele>831.6</ele>
   </trkpt>
   <trkpt lat="40.6144070" lon="-3.1245190">
    <ele>831.8</ele>
   </trkpt>
   <trkpt lat="40.6143950" lon="-3.1244790">
    <ele>832.0</ele>
   </trkpt>
   <trkpt lat="40.6143880" lon="-3.1244380">
    <ele>832.2</ele>
   </trkpt>
   <trkpt lat="40.6143760" lon="-3.1243970">
    <ele>832.4</ele>
   </trkpt>
   <trkpt lat="40.6143650" lon="-3.1243570">
    <ele>832.6</ele>
   </trkpt>
   <trkpt lat="40.6143530" lon="-3.1243190">
    <ele>832.8</ele>
   </trkpt>
   <trkpt lat="40.6143380" lon="-3.1242840">
    <ele>833.0</ele>
   </trkpt>
   <trkpt lat="40.6143260" lon="-3.1242470">
    <ele>833.2</ele>
   </trkpt>
   <trkpt lat="40.6143110" lon="-3.1242110">
    <ele>833.4</ele>
   </trkpt>
   <trkpt lat="40.6143000" lon="-3.1241740">
    <ele>833.6</ele>
   </trkpt>
   <trkpt lat="40.6142810" lon="-3.1241390">
    <ele>834.0</ele>
   </trkpt>
   <trkpt lat="40.6142650" lon="-3.1241070">
    <ele>834.2</ele>
   </trkpt>
   <trkpt lat="40.6142500" lon="-3.1240740">
    <ele>834.4</ele>
   </trkpt>
   <trkpt lat="40.6142350" lon="-3.1240400">
    <ele>834.4</ele>
   </trkpt>
   <trkpt lat="40.6142230" lon="-3.1240050">
    <ele>834.6</ele>
   </trkpt>
   <trkpt lat="40.6142080" lon="-3.1239690">
    <ele>835.0</ele>
   </trkpt>
   <trkpt lat="40.6141930" lon="-3.1239340">
    <ele>835.2</ele>
   </trkpt>
   <trkpt lat="40.6141740" lon="-3.1238970">
    <ele>835.4</ele>
   </trkpt>
   <trkpt lat="40.6141590" lon="-3.1238620">
    <ele>835.6</ele>
   </trkpt>
   <trkpt lat="40.6141470" lon="-3.1238250">
    <ele>835.8</ele>
   </trkpt>
   <trkpt lat="40.6141320" lon="-3.1237920">
    <ele>836.0</ele>
   </trkpt>
   <trkpt lat="40.6141170" lon="-3.1237590">
    <ele>836.2</ele>
   </trkpt>
   <trkpt lat="40.6141050" lon="-3.1237250">
    <ele>836.4</ele>
   </trkpt>
   <trkpt lat="40.6140900" lon="-3.1236900">
    <ele>836.6</ele>
   </trkpt>
   <trkpt lat="40.6140750" lon="-3.1236550">
    <ele>836.8</ele>
   </trkpt>
   <trkpt lat="40.6140590" lon="-3.1236200">
    <ele>837.0</ele>
   </trkpt>
   <trkpt lat="40.6140480" lon="-3.1235840">
    <ele>837.2</ele>
   </trkpt>
   <trkpt lat="40.6140370" lon="-3.1235480">
    <ele>837.6</ele>
   </trkpt>
   <trkpt lat="40.6140210" lon="-3.1235150">
    <ele>837.8</ele>
   </trkpt>
   <trkpt lat="40.6140100" lon="-3.1234800">
    <ele>838.0</ele>
   </trkpt>
   <trkpt lat="40.6139980" lon="-3.1234450">
    <ele>838.2</ele>
   </trkpt>
   <trkpt lat="40.6139910" lon="-3.1234130">
    <ele>838.6</ele>
   </trkpt>
   <trkpt lat="40.6139760" lon="-3.1233680">
    <ele>838.6</ele>
   </trkpt>
   <trkpt lat="40.6139640" lon="-3.1233290">
    <ele>838.8</ele>
   </trkpt>
   <trkpt lat="40.6139530" lon="-3.1232920">
    <ele>839.0</ele>
   </trkpt>
   <trkpt lat="40.6139410" lon="-3.1232550">
    <ele>839.2</ele>
   </trkpt>
   <trkpt lat="40.6139300" lon="-3.1232190">
    <ele>839.4</ele>
   </trkpt>
   <trkpt lat="40.6139180" lon="-3.1231820">
    <ele>839.6</ele>
   </trkpt>
   <trkpt lat="40.6139070" lon="-3.1231440">
    <ele>839.8</ele>
   </trkpt>
   <trkpt lat="40.6138990" lon="-3.1231060">
    <ele>840.0</ele>
   </trkpt>
   <trkpt lat="40.6138920" lon="-3.1230690">
    <ele>840.2</ele>
   </trkpt>
   <trkpt lat="40.6138880" lon="-3.1230320">
    <ele>840.4</ele>
   </trkpt>
   <trkpt lat="40.6138800" lon="-3.1229950">
    <ele>840.6</ele>
   </trkpt>
   <trkpt lat="40.6138730" lon="-3.1229570">
    <ele>840.8</ele>
   </trkpt>
   <trkpt lat="40.6138690" lon="-3.1229170">
    <ele>841.0</ele>
   </trkpt>
   <trkpt lat="40.6138690" lon="-3.1228790">
    <ele>841.2</ele>
   </trkpt>
   <trkpt lat="40.6138690" lon="-3.1228360">
    <ele>841.2</ele>
   </trkpt>
   <trkpt lat="40.6138760" lon="-3.1227910">
    <ele>841.4</ele>
   </trkpt>
   <trkpt lat="40.6138730" lon="-3.1227580">
    <ele>841.8</ele>
   </trkpt>
   <trkpt lat="40.6138690" lon="-3.1227110">
    <ele>841.8</ele>
   </trkpt>
   <trkpt lat="40.6138690" lon="-3.1226690">
    <ele>842.2</ele>
   </trkpt>
   <trkpt lat="40.6138690" lon="-3.1226290">
    <ele>842.4</ele>
   </trkpt>
   <trkpt lat="40.6138690" lon="-3.1225890">
    <ele>842.6</ele>
   </trkpt>
   <trkpt lat="40.6138760" lon="-3.1225500">
    <ele>842.8</ele>
   </trkpt>
   <trkpt lat="40.6138840" lon="-3.1225060">
    <ele>843.0</ele>
   </trkpt>
   <trkpt lat="40.6138920" lon="-3.1224640">
    <ele>843.2</ele>
   </trkpt>
   <trkpt lat="40.6138950" lon="-3.1224240">
    <ele>843.2</ele>
   </trkpt>
   <trkpt lat="40.6139070" lon="-3.1223840">
    <ele>843.6</ele>
   </trkpt>
   <trkpt lat="40.6139180" lon="-3.1223440">
    <ele>843.6</ele>
   </trkpt>
   <trkpt lat="40.6139260" lon="-3.1223050">
    <ele>843.8</ele>
   </trkpt>
   <trkpt lat="40.6139340" lon="-3.1222670">
    <ele>844.0</ele>
   </trkpt>
   <trkpt lat="40.6139410" lon="-3.1222290">
    <ele>844.2</ele>
   </trkpt>
   <trkpt lat="40.6139490" lon="-3.1221900">
    <ele>844.4</ele>
   </trkpt>
   <trkpt lat="40.6139560" lon="-3.1221520">
    <ele>844.6</ele>
   </trkpt>
   <trkpt lat="40.6139720" lon="-3.1221120">
    <ele>844.8</ele>
   </trkpt>
   <trkpt lat="40.6139790" lon="-3.1220770">
    <ele>845.0</ele>
   </trkpt>
   <trkpt lat="40.6139910" lon="-3.1220420">
    <ele>845.2</ele>
   </trkpt>
   <trkpt lat="40.6139980" lon="-3.1220050">
    <ele>845.4</ele>
   </trkpt>
   <trkpt lat="40.6140100" lon="-3.1219680">
    <ele>845.6</ele>
   </trkpt>
   <trkpt lat="40.6140250" lon="-3.1219300">
    <ele>845.8</ele>
   </trkpt>
   <trkpt lat="40.6140330" lon="-3.1218920">
    <ele>846.0</ele>
   </trkpt>
   <trkpt lat="40.6140440" lon="-3.1218540">
    <ele>846.2</ele>
   </trkpt>
   <trkpt lat="40.6140590" lon="-3.1218150">
    <ele>846.4</ele>
   </trkpt>
   <trkpt lat="40.6140710" lon="-3.1217750">
    <ele>846.6</ele>
   </trkpt>
   <trkpt lat="40.6140820" lon="-3.1217390">
    <ele>846.8</ele>
   </trkpt>
   <trkpt lat="40.6140940" lon="-3.1217000">
    <ele>847.0</ele>
   </trkpt>
   <trkpt lat="40.6141050" lon="-3.1216650">
    <ele>847.2</ele>
   </trkpt>
   <trkpt lat="40.6141170" lon="-3.1216270">
    <ele>847.4</ele>
   </trkpt>
   <trkpt lat="40.6141280" lon="-3.1215870">
    <ele>847.4</ele>
   </trkpt>
   <trkpt lat="40.6141430" lon="-3.1215490">
    <ele>847.6</ele>
   </trkpt>
   <trkpt lat="40.6141550" lon="-3.1215120">
    <ele>847.8</ele>
   </trkpt>
   <trkpt lat="40.6141660" lon="-3.1214720">
    <ele>848.0</ele>
   </trkpt>
   <trkpt lat="40.6141780" lon="-3.1214340">
    <ele>848.2</ele>
   </trkpt>
   <trkpt lat="40.6141890" lon="-3.1213970">
    <ele>848.4</ele>
   </trkpt>
   <trkpt lat="40.6141970" lon="-3.1213610">
    <ele>848.6</ele>
   </trkpt>
   <trkpt lat="40.6142080" lon="-3.1213240">
    <ele>848.8</ele>
   </trkpt>
   <trkpt lat="40.6142230" lon="-3.1212870">
    <ele>849.0</ele>
   </trkpt>
   <trkpt lat="40.6142350" lon="-3.1212520">
    <ele>849.2</ele>
   </trkpt>
   <trkpt lat="40.6142460" lon="-3.1212170">
    <ele>849.4</ele>
   </trkpt>
   <trkpt lat="40.6142580" lon="-3.1211800">
    <ele>849.4</ele>
   </trkpt>
   <trkpt lat="40.6142730" lon="-3.1211450">
    <ele>849.6</ele>
   </trkpt>
   <trkpt lat="40.6142850" lon="-3.1211090">
    <ele>849.6</ele>
   </trkpt>
   <trkpt lat="40.6142960" lon="-3.1210750">
    <ele>849.8</ele>
   </trkpt>
   <trkpt lat="40.6143110" lon="-3.1210400">
    <ele>850.2</ele>
   </trkpt>
   <trkpt lat="40.6143230" lon="-3.1210020">
    <ele>850.4</ele>
   </trkpt>
   <trkpt lat="40.6143340" lon="-3.1209660">
    <ele>850.4</ele>
   </trkpt>
   <trkpt lat="40.6143460" lon="-3.1209320">
    <ele>850.8</ele>
   </trkpt>
   <trkpt lat="40.6143570" lon="-3.1208980">
    <ele>851.0</ele>
   </trkpt>
   <trkpt lat="40.6143680" lon="-3.1208650">
    <ele>851.2</ele>
   </trkpt>
   <trkpt lat="40.6143800" lon="-3.1208290">
    <ele>851.4</ele>
   </trkpt>
   <trkpt lat="40.6143910" lon="-3.1207950">
    <ele>851.6</ele>
   </trkpt>
   <trkpt lat="40.6144030" lon="-3.1207590">
    <ele>851.6</ele>
   </trkpt>
   <trkpt lat="40.6144140" lon="-3.1207220">
    <ele>851.8</ele>
   </trkpt>
   <trkpt lat="40.6144260" lon="-3.1206860">
    <ele>852.0</ele>
   </trkpt>
   <trkpt lat="40.6144370" lon="-3.1206490">
    <ele>852.0</ele>
   </trkpt>
   <trkpt lat="40.6144490" lon="-3.1206140">
    <ele>852.2</ele>
   </trkpt>
   <trkpt lat="40.6144600" lon="-3.1205790">
    <ele>852.4</ele>
   </trkpt>
   <trkpt lat="40.6144710" lon="-3.1205420">
    <ele>852.6</ele>
   </trkpt>
   <trkpt lat="40.6144830" lon="-3.1205020">
    <ele>852.8</ele>
   </trkpt>
   <trkpt lat="40.6144910" lon="-3.1204660">
    <ele>853.0</ele>
   </trkpt>
   <trkpt lat="40.6144980" lon="-3.1204290">
    <ele>853.2</ele>
   </trkpt>
   <trkpt lat="40.6145020" lon="-3.1203900">
    <ele>853.4</ele>
   </trkpt>
   <trkpt lat="40.6145100" lon="-3.1203480">
    <ele>853.6</ele>
   </trkpt>
   <trkpt lat="40.6145130" lon="-3.1203070">
    <ele>853.8</ele>
   </trkpt>
   <trkpt lat="40.6145130" lon="-3.1202670">
    <ele>854.0</ele>
   </trkpt>
   <trkpt lat="40.6145170" lon="-3.1202370">
    <ele>854.2</ele>
   </trkpt>
   <trkpt lat="40.6145170" lon="-3.1201860">
    <ele>854.4</ele>
   </trkpt>
   <trkpt lat="40.6145170" lon="-3.1201420">
    <ele>854.6</ele>
   </trkpt>
   <trkpt lat="40.6145130" lon="-3.1201010">
    <ele>854.8</ele>
   </trkpt>
   <trkpt lat="40.6145130" lon="-3.1200600">
    <ele>855.0</ele>
   </trkpt>
   <trkpt lat="40.6145130" lon="-3.1200190">
    <ele>855.2</ele>
   </trkpt>
   <trkpt lat="40.6145100" lon="-3.1199770">
    <ele>855.4</ele>
   </trkpt>
   <trkpt lat="40.6145020" lon="-3.1199390">
    <ele>855.6</ele>
   </trkpt>
   <trkpt lat="40.6144980" lon="-3.1198990">
    <ele>855.8</ele>
   </trkpt>
   <trkpt lat="40.6144870" lon="-3.1198590">
    <ele>856.2</ele>
   </trkpt>
   <trkpt lat="40.6144750" lon="-3.1198200">
    <ele>856.4</ele>
   </trkpt>
   <trkpt lat="40.6144640" lon="-3.1197820">
    <ele>856.6</ele>
   </trkpt>
   <trkpt lat="40.6144490" lon="-3.1197440">
    <ele>856.8</ele>
   </trkpt>
   <trkpt lat="40.6144330" lon="-3.1197050">
    <ele>857.0</ele>
   </trkpt>
   <trkpt lat="40.6144220" lon="-3.1196690">
    <ele>857.0</ele>
   </trkpt>
   <trkpt lat="40.6144030" lon="-3.1196330">
    <ele>857.2</ele>
   </trkpt>
   <trkpt lat="40.6143880" lon="-3.1195970">
    <ele>857.4</ele>
   </trkpt>
   <trkpt lat="40.6143680" lon="-3.1195600">
    <ele>857.6</ele>
   </trkpt>
   <trkpt lat="40.6143490" lon="-3.1195230">
    <ele>857.8</ele>
   </trkpt>
   <trkpt lat="40.6143260" lon="-3.1194920">
    <ele>858.0</ele>
   </trkpt>
   <trkpt lat="40.6143070" lon="-3.1194600">
    <ele>858.2</ele>
   </trkpt>
   <trkpt lat="40.6142850" lon="-3.1194280">
    <ele>858.4</ele>
   </trkpt>
   <trkpt lat="40.6142620" lon="-3.1193980">
    <ele>858.6</ele>
   </trkpt>
   <trkpt lat="40.6142350" lon="-3.1193730">
    <ele>858.8</ele>
   </trkpt>
   <trkpt lat="40.6142080" lon="-3.1193460">
    <ele>859.0</ele>
   </trkpt>
   <trkpt lat="40.6141850" lon="-3.1193210">
    <ele>859.2</ele>
   </trkpt>
   <trkpt lat="40.6141590" lon="-3.1192980">
    <ele>859.4</ele>
   </trkpt>
   <trkpt lat="40.6141320" lon="-3.1192730">
    <ele>859.8</ele>
   </trkpt>
   <trkpt lat="40.6141050" lon="-3.1192480">
    <ele>860.0</ele>
   </trkpt>
   <trkpt lat="40.6140780" lon="-3.1192290">
    <ele>860.0</ele>
   </trkpt>
   <trkpt lat="40.6140520" lon="-3.1192140">
    <ele>860.4</ele>
   </trkpt>
   <trkpt lat="40.6140250" lon="-3.1191990">
    <ele>860.6</ele>
   </trkpt>
   <trkpt lat="40.6140060" lon="-3.1191890">
    <ele>860.8</ele>
   </trkpt>
   <trkpt lat="40.6139760" lon="-3.1191740">
    <ele>861.0</ele>
   </trkpt>
   <trkpt lat="40.6139410" lon="-3.1191620">
    <ele>861.4</ele>
   </trkpt>
   <trkpt lat="40.6139070" lon="-3.1191540">
    <ele>861.6</ele>
   </trkpt>
   <trkpt lat="40.6138760" lon="-3.1191450">
    <ele>861.8</ele>
   </trkpt>
   <trkpt lat="40.6138530" lon="-3.1191400">
    <ele>862.0</ele>
   </trkpt>
   <trkpt lat="40.6138230" lon="-3.1191290">
    <ele>862.2</ele>
   </trkpt>
   <trkpt lat="40.6137850" lon="-3.1191200">
    <ele>862.4</ele>
   </trkpt>
   <trkpt lat="40.6137620" lon="-3.1191150">
    <ele>862.6</ele>
   </trkpt>
   <trkpt lat="40.6137280" lon="-3.1191100">
    <ele>862.8</ele>
   </trkpt>
   <trkpt lat="40.6136970" lon="-3.1191080">
    <ele>863.2</ele>
   </trkpt>
   <trkpt lat="40.6136670" lon="-3.1191070">
    <ele>863.4</ele>
   </trkpt>
   <trkpt lat="40.6136360" lon="-3.1191050">
    <ele>863.6</ele>
   </trkpt>
   <trkpt lat="40.6136050" lon="-3.1191050">
    <ele>863.8</ele>
   </trkpt>
   <trkpt lat="40.6135750" lon="-3.1191050">
    <ele>864.0</ele>
   </trkpt>
   <trkpt lat="40.6135410" lon="-3.1191050">
    <ele>864.2</ele>
   </trkpt>
   <trkpt lat="40.6135100" lon="-3.1191020">
    <ele>864.4</ele>
   </trkpt>
   <trkpt lat="40.6134800" lon="-3.1190990">
    <ele>864.6</ele>
   </trkpt>
   <trkpt lat="40.6134530" lon="-3.1190940">
    <ele>865.0</ele>
   </trkpt>
   <trkpt lat="40.6134220" lon="-3.1190930">
    <ele>865.2</ele>
   </trkpt>
   <trkpt lat="40.6133920" lon="-3.1190950">
    <ele>865.4</ele>
   </trkpt>
   <trkpt lat="40.6133610" lon="-3.1190970">
    <ele>865.6</ele>
   </trkpt>
   <trkpt lat="40.6133380" lon="-3.1190980">
    <ele>865.8</ele>
   </trkpt>
   <trkpt lat="40.6133040" lon="-3.1190950">
    <ele>866.2</ele>
   </trkpt>
   <trkpt lat="40.6132700" lon="-3.1190900">
    <ele>866.4</ele>
   </trkpt>
   <trkpt lat="40.6132390" lon="-3.1190870">
    <ele>866.8</ele>
   </trkpt>
   <trkpt lat="40.6132090" lon="-3.1190810">
    <ele>866.8</ele>
   </trkpt>
   <trkpt lat="40.6131780" lon="-3.1190750">
    <ele>867.2</ele>
   </trkpt>
   <trkpt lat="40.6131480" lon="-3.1190700">
    <ele>867.4</ele>
   </trkpt>
   <trkpt lat="40.6131170" lon="-3.1190650">
    <ele>867.6</ele>
   </trkpt>
   <trkpt lat="40.6130870" lon="-3.1190600">
    <ele>868.0</ele>
   </trkpt>
   <trkpt lat="40.6130600" lon="-3.1190580">
    <ele>868.2</ele>
   </trkpt>
   <trkpt lat="40.6130290" lon="-3.1190510">
    <ele>868.4</ele>
   </trkpt>
   <trkpt lat="40.6129990" lon="-3.1190420">
    <ele>868.4</ele>
   </trkpt>
   <trkpt lat="40.6129680" lon="-3.1190340">
    <ele>868.8</ele>
   </trkpt>
   <trkpt lat="40.6129420" lon="-3.1190270">
    <ele>869.0</ele>
   </trkpt>
   <trkpt lat="40.6129070" lon="-3.1190200">
    <ele>869.2</ele>
   </trkpt>
   <trkpt lat="40.6128810" lon="-3.1190140">
    <ele>869.4</ele>
   </trkpt>
   <trkpt lat="40.6128500" lon="-3.1190050">
    <ele>869.4</ele>
   </trkpt>
   <trkpt lat="40.6128200" lon="-3.1189940">
    <ele>869.6</ele>
   </trkpt>
   <trkpt lat="40.6127930" lon="-3.1189870">
    <ele>869.8</ele>
   </trkpt>
   <trkpt lat="40.6127660" lon="-3.1189760">
    <ele>870.0</ele>
   </trkpt>
   <trkpt lat="40.6127360" lon="-3.1189620">
    <ele>870.2</ele>
   </trkpt>
   <trkpt lat="40.6127050" lon="-3.1189490">
    <ele>870.2</ele>
   </trkpt>
   <trkpt lat="40.6126750" lon="-3.1189340">
    <ele>870.4</ele>
   </trkpt>
   <trkpt lat="40.6126440" lon="-3.1189190">
    <ele>870.6</ele>
   </trkpt>
   <trkpt lat="40.6126180" lon="-3.1189060">
    <ele>870.8</ele>
   </trkpt>
   <trkpt lat="40.6125910" lon="-3.1188940">
    <ele>871.0</ele>
   </trkpt>
   <trkpt lat="40.6125640" lon="-3.1188780">
    <ele>871.2</ele>
   </trkpt>
   <trkpt lat="40.6125340" lon="-3.1188590">
    <ele>871.4</ele>
   </trkpt>
   <trkpt lat="40.6125070" lon="-3.1188470">
    <ele>871.6</ele>
   </trkpt>
   <trkpt lat="40.6124760" lon="-3.1188330">
    <ele>871.6</ele>
   </trkpt>
   <trkpt lat="40.6124500" lon="-3.1188140">
    <ele>871.8</ele>
   </trkpt>
   <trkpt lat="40.6124190" lon="-3.1187960">
    <ele>872.0</ele>
   </trkpt>
   <trkpt lat="40.6123920" lon="-3.1187810">
    <ele>872.2</ele>
   </trkpt>
   <trkpt lat="40.6123690" lon="-3.1187610">
    <ele>872.4</ele>
   </trkpt>
   <trkpt lat="40.6123430" lon="-3.1187430">
    <ele>872.6</ele>
   </trkpt>
   <trkpt lat="40.6123160" lon="-3.1187260">
    <ele>872.8</ele>
   </trkpt>
   <trkpt lat="40.6122890" lon="-3.1187120">
    <ele>873.0</ele>
   </trkpt>
   <trkpt lat="40.6122630" lon="-3.1186980">
    <ele>873.0</ele>
   </trkpt>
   <trkpt lat="40.6122320" lon="-3.1186810">
    <ele>873.2</ele>
   </trkpt>
   <trkpt lat="40.6122050" lon="-3.1186610">
    <ele>873.4</ele>
   </trkpt>
   <trkpt lat="40.6121830" lon="-3.1186440">
    <ele>873.6</ele>
   </trkpt>
   <trkpt lat="40.6121560" lon="-3.1186280">
    <ele>873.8</ele>
   </trkpt>
   <trkpt lat="40.6121290" lon="-3.1186090">
    <ele>874.0</ele>
   </trkpt>
   <trkpt lat="40.6121030" lon="-3.1185890">
    <ele>874.2</ele>
   </trkpt>
   <trkpt lat="40.6120760" lon="-3.1185730">
    <ele>874.4</ele>
   </trkpt>
   <trkpt lat="40.6120490" lon="-3.1185540">
    <ele>874.6</ele>
   </trkpt>
   <trkpt lat="40.6120220" lon="-3.1185380">
    <ele>874.8</ele>
   </trkpt>
   <trkpt lat="40.6119960" lon="-3.1185210">
    <ele>874.8</ele>
   </trkpt>
   <trkpt lat="40.6119690" lon="-3.1185030">
    <ele>875.0</ele>
   </trkpt>
   <trkpt lat="40.6119420" lon="-3.1184840">
    <ele>875.2</ele>
   </trkpt>
   <trkpt lat="40.6119120" lon="-3.1184680">
    <ele>875.4</ele>
   </trkpt>
   <trkpt lat="40.6118850" lon="-3.1184510">
    <ele>875.6</ele>
   </trkpt>
   <trkpt lat="40.6118580" lon="-3.1184330">
    <ele>875.8</ele>
   </trkpt>
   <trkpt lat="40.6118280" lon="-3.1184160">
    <ele>876.0</ele>
   </trkpt>
   <trkpt lat="40.6117970" lon="-3.1184060">
    <ele>876.2</ele>
   </trkpt>
   <trkpt lat="40.6117710" lon="-3.1183940">
    <ele>876.4</ele>
   </trkpt>
   <trkpt lat="40.6117400" lon="-3.1183840">
    <ele>876.4</ele>
   </trkpt>
   <trkpt lat="40.6117100" lon="-3.1183720">
    <ele>876.6</ele>
   </trkpt>
   <trkpt lat="40.6116790" lon="-3.1183610">
    <ele>876.8</ele>
   </trkpt>
   <trkpt lat="40.6116490" lon="-3.1183460">
    <ele>877.0</ele>
   </trkpt>
   <trkpt lat="40.6116180" lon="-3.1183340">
    <ele>877.4</ele>
   </trkpt>
   <trkpt lat="40.6115910" lon="-3.1183210">
    <ele>877.6</ele>
   </trkpt>
   <trkpt lat="40.6115610" lon="-3.1183100">
    <ele>877.8</ele>
   </trkpt>
   <trkpt lat="40.6115300" lon="-3.1182990">
    <ele>878.0</ele>
   </trkpt>
   <trkpt lat="40.6115040" lon="-3.1182860">
    <ele>878.2</ele>
   </trkpt>
   <trkpt lat="40.6114770" lon="-3.1182710">
    <ele>878.4</ele>
   </trkpt>
   <trkpt lat="40.6114460" lon="-3.1182600">
    <ele>878.6</ele>
   </trkpt>
   <trkpt lat="40.6114160" lon="-3.1182500">
    <ele>878.8</ele>
   </trkpt>
   <trkpt lat="40.6113820" lon="-3.1182410">
    <ele>879.2</ele>
   </trkpt>
   <trkpt lat="40.6113550" lon="-3.1182320">
    <ele>879.4</ele>
   </trkpt>
   <trkpt lat="40.6113280" lon="-3.1182210">
    <ele>879.4</ele>
   </trkpt>
   <trkpt lat="40.6113050" lon="-3.1182110">
    <ele>879.6</ele>
   </trkpt>
   <trkpt lat="40.6112860" lon="-3.1182070">
    <ele>879.8</ele>
   </trkpt>
   <trkpt lat="40.6112590" lon="-3.1182030">
    <ele>880.0</ele>
   </trkpt>
   <trkpt lat="40.6112250" lon="-3.1181990">
    <ele>880.0</ele>
   </trkpt>
   <trkpt lat="40.6111910" lon="-3.1181970">
    <ele>880.2</ele>
   </trkpt>
   <trkpt lat="40.6111640" lon="-3.1181910">
    <ele>880.4</ele>
   </trkpt>
   <trkpt lat="40.6111340" lon="-3.1181820">
    <ele>880.6</ele>
   </trkpt>
   <trkpt lat="40.6111070" lon="-3.1181770">
    <ele>880.8</ele>
   </trkpt>
   <trkpt lat="40.6110800" lon="-3.1181740">
    <ele>881.0</ele>
   </trkpt>
   <trkpt lat="40.6110500" lon="-3.1181700">
    <ele>881.2</ele>
   </trkpt>
   <trkpt lat="40.6110190" lon="-3.1181670">
    <ele>881.4</ele>
   </trkpt>
   <trkpt lat="40.6109890" lon="-3.1181620">
    <ele>881.6</ele>
   </trkpt>
   <trkpt lat="40.6109580" lon="-3.1181630">
    <ele>881.8</ele>
   </trkpt>
   <trkpt lat="40.6109280" lon="-3.1181650">
    <ele>882.0</ele>
   </trkpt>
   <trkpt lat="40.6108970" lon="-3.1181660">
    <ele>882.2</ele>
   </trkpt>
   <trkpt lat="40.6108700" lon="-3.1181680">
    <ele>882.4</ele>
   </trkpt>
   <trkpt lat="40.6108400" lon="-3.1181700">
    <ele>882.6</ele>
   </trkpt>
   <trkpt lat="40.6108130" lon="-3.1181760">
    <ele>883.0</ele>
   </trkpt>
   <trkpt lat="40.6107830" lon="-3.1181810">
    <ele>883.2</ele>
   </trkpt>
   <trkpt lat="40.6107480" lon="-3.1181850">
    <ele>883.2</ele>
   </trkpt>
   <trkpt lat="40.6107180" lon="-3.1181900">
    <ele>883.4</ele>
   </trkpt>
   <trkpt lat="40.6106870" lon="-3.1181920">
    <ele>883.6</ele>
   </trkpt>
   <trkpt lat="40.6106570" lon="-3.1181950">
    <ele>883.8</ele>
   </trkpt>
   <trkpt lat="40.6106300" lon="-3.1181970">
    <ele>884.0</ele>
   </trkpt>
   <trkpt lat="40.6106030" lon="-3.1182030">
    <ele>884.2</ele>
   </trkpt>
   <trkpt lat="40.6105730" lon="-3.1182100">
    <ele>884.4</ele>
   </trkpt>
   <trkpt lat="40.6105380" lon="-3.1182180">
    <ele>884.6</ele>
   </trkpt>
   <trkpt lat="40.6105120" lon="-3.1182250">
    <ele>884.8</ele>
   </trkpt>
   <trkpt lat="40.6104810" lon="-3.1182360">
    <ele>885.0</ele>
   </trkpt>
   <trkpt lat="40.6104510" lon="-3.1182490">
    <ele>885.2</ele>
   </trkpt>
   <trkpt lat="40.6104280" lon="-3.1182580">
    <ele>885.6</ele>
   </trkpt>
   <trkpt lat="40.6103970" lon="-3.1182680">
    <ele>885.8</ele>
   </trkpt>
   <trkpt lat="40.6103670" lon="-3.1182830">
    <ele>886.0</ele>
   </trkpt>
   <trkpt lat="40.6103360" lon="-3.1182990">
    <ele>886.2</ele>
   </trkpt>
   <trkpt lat="40.6103100" lon="-3.1183130">
    <ele>886.4</ele>
   </trkpt>
   <trkpt lat="40.6102830" lon="-3.1183230">
    <ele>886.6</ele>
   </trkpt>
   <trkpt lat="40.6102600" lon="-3.1183310">
    <ele>886.8</ele>
   </trkpt>
   <trkpt lat="40.6102300" lon="-3.1183460">
    <ele>887.0</ele>
   </trkpt>
   <trkpt lat="40.6101990" lon="-3.1183560">
    <ele>887.2</ele>
   </trkpt>
   <trkpt lat="40.6101680" lon="-3.1183680">
    <ele>887.4</ele>
   </trkpt>
   <trkpt lat="40.6101460" lon="-3.1183750">
    <ele>887.6</ele>
   </trkpt>
   <trkpt lat="40.6101190" lon="-3.1183780">
    <ele>887.8</ele>
   </trkpt>
   <trkpt lat="40.6100960" lon="-3.1183830">
    <ele>888.0</ele>
   </trkpt>
   <trkpt lat="40.6100690" lon="-3.1183930">
    <ele>888.0</ele>
   </trkpt>
   <trkpt lat="40.6100430" lon="-3.1184090">
    <ele>888.2</ele>
   </trkpt>
   <trkpt lat="40.6100160" lon="-3.1184270">
    <ele>888.4</ele>
   </trkpt>
   <trkpt lat="40.6099890" lon="-3.1184410">
    <ele>888.4</ele>
   </trkpt>
   <trkpt lat="40.6099660" lon="-3.1184560">
    <ele>888.6</ele>
   </trkpt>
   <trkpt lat="40.6099430" lon="-3.1184660">
    <ele>888.8</ele>
   </trkpt>
   <trkpt lat="40.6099200" lon="-3.1184790">
    <ele>889.0</ele>
   </trkpt>
   <trkpt lat="40.6098860" lon="-3.1184940">
    <ele>889.2</ele>
   </trkpt>
   <trkpt lat="40.6098560" lon="-3.1185090">
    <ele>889.4</ele>
   </trkpt>
   <trkpt lat="40.6098250" lon="-3.1185210">
    <ele>889.6</ele>
   </trkpt>
   <trkpt lat="40.6097980" lon="-3.1185330">
    <ele>889.8</ele>
   </trkpt>
   <trkpt lat="40.6097760" lon="-3.1185430">
    <ele>890.2</ele>
   </trkpt>
   <trkpt lat="40.6097450" lon="-3.1185590">
    <ele>890.2</ele>
   </trkpt>
   <trkpt lat="40.6097180" lon="-3.1185740">
    <ele>890.4</ele>
   </trkpt>
   <trkpt lat="40.6096880" lon="-3.1185860">
    <ele>890.6</ele>
   </trkpt>
   <trkpt lat="40.6096650" lon="-3.1185940">
    <ele>890.8</ele>
   </trkpt>
   <trkpt lat="40.6096310" lon="-3.1186120">
    <ele>891.0</ele>
   </trkpt>
   <trkpt lat="40.6096080" lon="-3.1186270">
    <ele>891.2</ele>
   </trkpt>
   <trkpt lat="40.6095920" lon="-3.1186360">
    <ele>891.4</ele>
   </trkpt>
   <trkpt lat="40.6095660" lon="-3.1186490">
    <ele>891.6</ele>
   </trkpt>
   <trkpt lat="40.6095280" lon="-3.1186720">
    <ele>891.8</ele>
   </trkpt>
   <trkpt lat="40.6094930" lon="-3.1186860">
    <ele>892.2</ele>
   </trkpt>
   <trkpt lat="40.6094700" lon="-3.1187020">
    <ele>892.2</ele>
   </trkpt>
   <trkpt lat="40.6094470" lon="-3.1187180">
    <ele>892.4</ele>
   </trkpt>
   <trkpt lat="40.6094210" lon="-3.1187330">
    <ele>892.6</ele>
   </trkpt>
   <trkpt lat="40.6093900" lon="-3.1187490">
    <ele>892.8</ele>
   </trkpt>
   <trkpt lat="40.6093640" lon="-3.1187660">
    <ele>892.8</ele>
   </trkpt>
   <trkpt lat="40.6093370" lon="-3.1187790">
    <ele>893.0</ele>
   </trkpt>
   <trkpt lat="40.6093140" lon="-3.1187910">
    <ele>893.2</ele>
   </trkpt>
   <trkpt lat="40.6092870" lon="-3.1188040">
    <ele>893.4</ele>
   </trkpt>
   <trkpt lat="40.6092610" lon="-3.1188190">
    <ele>893.6</ele>
   </trkpt>
   <trkpt lat="40.6092300" lon="-3.1188370">
    <ele>893.8</ele>
   </trkpt>
   <trkpt lat="40.6092000" lon="-3.1188540">
    <ele>894.0</ele>
   </trkpt>
   <trkpt lat="40.6091770" lon="-3.1188680">
    <ele>894.2</ele>
   </trkpt>
   <trkpt lat="40.6091500" lon="-3.1188870">
    <ele>894.4</ele>
   </trkpt>
   <trkpt lat="40.6091270" lon="-3.1189010">
    <ele>894.6</ele>
   </trkpt>
   <trkpt lat="40.6091000" lon="-3.1189160">
    <ele>894.6</ele>
   </trkpt>
   <trkpt lat="40.6090770" lon="-3.1189260">
    <ele>894.8</ele>
   </trkpt>
   <trkpt lat="40.6090430" lon="-3.1189410">
    <ele>895.2</ele>
   </trkpt>
   <trkpt lat="40.6090240" lon="-3.1189530">
    <ele>895.4</ele>
   </trkpt>
   <trkpt lat="40.6089940" lon="-3.1189690">
    <ele>895.8</ele>
   </trkpt>
   <trkpt lat="40.6089670" lon="-3.1189810">
    <ele>896.0</ele>
   </trkpt>
   <trkpt lat="40.6089480" lon="-3.1189890">
    <ele>896.2</ele>
   </trkpt>
   <trkpt lat="40.6089170" lon="-3.1190010">
    <ele>896.6</ele>
   </trkpt>
   <trkpt lat="40.6088870" lon="-3.1190140">
    <ele>896.6</ele>
   </trkpt>
   <trkpt lat="40.6088560" lon="-3.1190250">
    <ele>896.8</ele>
   </trkpt>
   <trkpt lat="40.6088260" lon="-3.1190360">
    <ele>897.0</ele>
   </trkpt>
   <trkpt lat="40.6088030" lon="-3.1190450">
    <ele>897.2</ele>
   </trkpt>
   <trkpt lat="40.6087720" lon="-3.1190560">
    <ele>897.4</ele>
   </trkpt>
   <trkpt lat="40.6087380" lon="-3.1190690">
    <ele>897.6</ele>
   </trkpt>
   <trkpt lat="40.6087070" lon="-3.1190780">
    <ele>897.8</ele>
   </trkpt>
   <trkpt lat="40.6086850" lon="-3.1190850">
    <ele>898.0</ele>
   </trkpt>
   <trkpt lat="40.6086540" lon="-3.1190980">
    <ele>898.2</ele>
   </trkpt>
   <trkpt lat="40.6086230" lon="-3.1191030">
    <ele>898.4</ele>
   </trkpt>
   <trkpt lat="40.6085930" lon="-3.1191100">
    <ele>898.6</ele>
   </trkpt>
   <trkpt lat="40.6085660" lon="-3.1191150">
    <ele>898.8</ele>
   </trkpt>
   <trkpt lat="40.6085320" lon="-3.1191210">
    <ele>898.8</ele>
   </trkpt>
   <trkpt lat="40.6085090" lon="-3.1191260">
    <ele>899.0</ele>
   </trkpt>
   <trkpt lat="40.6084750" lon="-3.1191340">
    <ele>899.2</ele>
   </trkpt>
   <trkpt lat="40.6084520" lon="-3.1191370">
    <ele>899.4</ele>
   </trkpt>
   <trkpt lat="40.6084250" lon="-3.1191400">
    <ele>899.4</ele>
   </trkpt>
   <trkpt lat="40.6083910" lon="-3.1191410">
    <ele>899.6</ele>
   </trkpt>
   <trkpt lat="40.6083720" lon="-3.1191450">
    <ele>899.8</ele>
   </trkpt>
   <trkpt lat="40.6083410" lon="-3.1191480">
    <ele>900.0</ele>
   </trkpt>
   <trkpt lat="40.6083070" lon="-3.1191530">
    <ele>900.2</ele>
   </trkpt>
   <trkpt lat="40.6082800" lon="-3.1191550">
    <ele>900.4</ele>
   </trkpt>
   <trkpt lat="40.6082530" lon="-3.1191530">
    <ele>900.6</ele>
   </trkpt>
   <trkpt lat="40.6082270" lon="-3.1191560">
    <ele>900.8</ele>
   </trkpt>
   <trkpt lat="40.6081960" lon="-3.1191550">
    <ele>901.0</ele>
   </trkpt>
   <trkpt lat="40.6081730" lon="-3.1191520">
    <ele>901.2</ele>
   </trkpt>
   <trkpt lat="40.6081390" lon="-3.1191480">
    <ele>901.4</ele>
   </trkpt>
   <trkpt lat="40.6081160" lon="-3.1191470">
    <ele>901.6</ele>
   </trkpt>
   <trkpt lat="40.6080860" lon="-3.1191480">
    <ele>901.6</ele>
   </trkpt>
   <trkpt lat="40.6080590" lon="-3.1191470">
    <ele>901.8</ele>
   </trkpt>
   <trkpt lat="40.6080280" lon="-3.1191450">
    <ele>902.0</ele>
   </trkpt>
   <trkpt lat="40.6079940" lon="-3.1191420">
    <ele>902.2</ele>
   </trkpt>
   <trkpt lat="40.6079640" lon="-3.1191350">
    <ele>902.2</ele>
   </trkpt>
   <trkpt lat="40.6079330" lon="-3.1191300">
    <ele>902.4</ele>
   </trkpt>
   <trkpt lat="40.6079030" lon="-3.1191270">
    <ele>902.6</ele>
   </trkpt>
   <trkpt lat="40.6078720" lon="-3.1191200">
    <ele>902.8</ele>
   </trkpt>
   <trkpt lat="40.6078450" lon="-3.1191120">
    <ele>903.0</ele>
   </trkpt>
   <trkpt lat="40.6078150" lon="-3.1191020">
    <ele>903.2</ele>
   </trkpt>
   <trkpt lat="40.6077840" lon="-3.1190940">
    <ele>903.4</ele>
   </trkpt>
   <trkpt lat="40.6077610" lon="-3.1190860">
    <ele>903.6</ele>
   </trkpt>
   <trkpt lat="40.6077270" lon="-3.1190720">
    <ele>903.8</ele>
   </trkpt>
   <trkpt lat="40.6077000" lon="-3.1190620">
    <ele>904.0</ele>
   </trkpt>
   <trkpt lat="40.6076740" lon="-3.1190510">
    <ele>904.4</ele>
   </trkpt>
   <trkpt lat="40.6076510" lon="-3.1190410">
    <ele>904.6</ele>
   </trkpt>
   <trkpt lat="40.6076200" lon="-3.1190260">
    <ele>904.6</ele>
   </trkpt>
   <trkpt lat="40.6075930" lon="-3.1190120">
    <ele>904.8</ele>
   </trkpt>
   <trkpt lat="40.6075710" lon="-3.1189990">
    <ele>905.0</ele>
   </trkpt>
   <trkpt lat="40.6075400" lon="-3.1189830">
    <ele>905.2</ele>
   </trkpt>
   <trkpt lat="40.6075130" lon="-3.1189680">
    <ele>905.4</ele>
   </trkpt>
   <trkpt lat="40.6074870" lon="-3.1189510">
    <ele>905.6</ele>
   </trkpt>
   <trkpt lat="40.6074600" lon="-3.1189360">
    <ele>905.6</ele>
   </trkpt>
   <trkpt lat="40.6074370" lon="-3.1189210">
    <ele>905.8</ele>
   </trkpt>
   <trkpt lat="40.6074100" lon="-3.1189030">
    <ele>906.0</ele>
   </trkpt>
   <trkpt lat="40.6073800" lon="-3.1188800">
    <ele>906.2</ele>
   </trkpt>
   <trkpt lat="40.6073530" lon="-3.1188560">
    <ele>906.4</ele>
   </trkpt>
   <trkpt lat="40.6073270" lon="-3.1188310">
    <ele>906.6</ele>
   </trkpt>
   <trkpt lat="40.6073040" lon="-3.1188110">
    <ele>906.8</ele>
   </trkpt>
   <trkpt lat="40.6072770" lon="-3.1187890">
    <ele>907.0</ele>
   </trkpt>
   <trkpt lat="40.6072540" lon="-3.1187650">
    <ele>907.2</ele>
   </trkpt>
   <trkpt lat="40.6072310" lon="-3.1187410">
    <ele>907.4</ele>
   </trkpt>
   <trkpt lat="40.6072120" lon="-3.1187240">
    <ele>907.8</ele>
   </trkpt>
   <trkpt lat="40.6071850" lon="-3.1186950">
    <ele>907.8</ele>
   </trkpt>
   <trkpt lat="40.6071660" lon="-3.1186680">
    <ele>908.0</ele>
   </trkpt>
   <trkpt lat="40.6071430" lon="-3.1186410">
    <ele>908.2</ele>
   </trkpt>
   <trkpt lat="40.6071200" lon="-3.1186150">
    <ele>908.4</ele>
   </trkpt>
   <trkpt lat="40.6071050" lon="-3.1185930">
    <ele>908.6</ele>
   </trkpt>
   <trkpt lat="40.6070820" lon="-3.1185600">
    <ele>909.0</ele>
   </trkpt>
   <trkpt lat="40.6070590" lon="-3.1185300">
    <ele>909.2</ele>
   </trkpt>
   <trkpt lat="40.6070400" lon="-3.1185060">
    <ele>909.4</ele>
   </trkpt>
   <trkpt lat="40.6070170" lon="-3.1184770">
    <ele>909.6</ele>
   </trkpt>
   <trkpt lat="40.6069950" lon="-3.1184390">
    <ele>909.8</ele>
   </trkpt>
   <trkpt lat="40.6069720" lon="-3.1184120">
    <ele>910.0</ele>
   </trkpt>
   <trkpt lat="40.6069490" lon="-3.1183860">
    <ele>910.2</ele>
   </trkpt>
   <trkpt lat="40.6069300" lon="-3.1183570">
    <ele>910.4</ele>
   </trkpt>
   <trkpt lat="40.6069140" lon="-3.1183330">
    <ele>910.6</ele>
   </trkpt>
   <trkpt lat="40.6068920" lon="-3.1182910">
    <ele>910.8</ele>
   </trkpt>
   <trkpt lat="40.6068730" lon="-3.1182530">
    <ele>911.0</ele>
   </trkpt>
   <trkpt lat="40.6068530" lon="-3.1182190">
    <ele>911.2</ele>
   </trkpt>
   <trkpt lat="40.6068340" lon="-3.1181900">
    <ele>911.4</ele>
   </trkpt>
   <trkpt lat="40.6068150" lon="-3.1181620">
    <ele>911.6</ele>
   </trkpt>
   <trkpt lat="40.6068000" lon="-3.1181280">
    <ele>911.8</ele>
   </trkpt>
   <trkpt lat="40.6067810" lon="-3.1180930">
    <ele>912.0</ele>
   </trkpt>
   <trkpt lat="40.6067620" lon="-3.1180570">
    <ele>912.2</ele>
   </trkpt>
   <trkpt lat="40.6067510" lon="-3.1180250">
    <ele>912.4</ele>
   </trkpt>
   <trkpt lat="40.6067350" lon="-3.1179820">
    <ele>912.8</ele>
   </trkpt>
   <trkpt lat="40.6067200" lon="-3.1179470">
    <ele>912.8</ele>
   </trkpt>
   <trkpt lat="40.6067050" lon="-3.1179100">
    <ele>913.0</ele>
   </trkpt>
   <trkpt lat="40.6066860" lon="-3.1178710">
    <ele>913.2</ele>
   </trkpt>
   <trkpt lat="40.6066740" lon="-3.1178340">
    <ele>913.4</ele>
   </trkpt>
   <trkpt lat="40.6066590" lon="-3.1178000">
    <ele>913.6</ele>
   </trkpt>
   <trkpt lat="40.6066470" lon="-3.1177640">
    <ele>914.0</ele>
   </trkpt>
   <trkpt lat="40.6066360" lon="-3.1177310">
    <ele>914.2</ele>
   </trkpt>
   <trkpt lat="40.6066210" lon="-3.1176920">
    <ele>914.4</ele>
   </trkpt>
   <trkpt lat="40.6066020" lon="-3.1176460">
    <ele>914.6</ele>
   </trkpt>
   <trkpt lat="40.6065900" lon="-3.1176140">
    <ele>914.8</ele>
   </trkpt>
   <trkpt lat="40.6065750" lon="-3.1175750">
    <ele>915.0</ele>
   </trkpt>
   <trkpt lat="40.6065600" lon="-3.1175320">
    <ele>915.2</ele>
   </trkpt>
   <trkpt lat="40.6065480" lon="-3.1175000">
    <ele>915.4</ele>
   </trkpt>
   <trkpt lat="40.6065330" lon="-3.1174540">
    <ele>915.6</ele>
   </trkpt>
   <trkpt lat="40.6065180" lon="-3.1174140">
    <ele>915.8</ele>
   </trkpt>
   <trkpt lat="40.6065020" lon="-3.1173750">
    <ele>916.0</ele>
   </trkpt>
   <trkpt lat="40.6064910" lon="-3.1173430">
    <ele>916.2</ele>
   </trkpt>
   <trkpt lat="40.6064720" lon="-3.1172960">
    <ele>916.4</ele>
   </trkpt>
   <trkpt lat="40.6064570" lon="-3.1172550">
    <ele>916.6</ele>
   </trkpt>
   <trkpt lat="40.6064490" lon="-3.1172250">
    <ele>916.8</ele>
   </trkpt>
   <trkpt lat="40.6064300" lon="-3.1171780">
    <ele>917.0</ele>
   </trkpt>
   <trkpt lat="40.6064190" lon="-3.1171390">
    <ele>917.2</ele>
   </trkpt>
   <trkpt lat="40.6064070" lon="-3.1170970">
    <ele>917.2</ele>
   </trkpt>
   <trkpt lat="40.6063920" lon="-3.1170590">
    <ele>917.4</ele>
   </trkpt>
   <trkpt lat="40.6063800" lon="-3.1170270">
    <ele>917.6</ele>
   </trkpt>
   <trkpt lat="40.6063690" lon="-3.1169860">
    <ele>917.8</ele>
   </trkpt>
   <trkpt lat="40.6063580" lon="-3.1169420">
    <ele>918.0</ele>
   </trkpt>
   <trkpt lat="40.6063420" lon="-3.1168960">
    <ele>918.2</ele>
   </trkpt>
   <trkpt lat="40.6063310" lon="-3.1168630">
    <ele>918.2</ele>
   </trkpt>
   <trkpt lat="40.6063120" lon="-3.1168160">
    <ele>918.4</ele>
   </trkpt>
   <trkpt lat="40.6063000" lon="-3.1167740">
    <ele>918.4</ele>
   </trkpt>
   <trkpt lat="40.6062890" lon="-3.1167400">
    <ele>918.6</ele>
   </trkpt>
   <trkpt lat="40.6062700" lon="-3.1166930">
    <ele>918.6</ele>
   </trkpt>
   <trkpt lat="40.6062550" lon="-3.1166520">
    <ele>918.8</ele>
   </trkpt>
   <trkpt lat="40.6062430" lon="-3.1166190">
    <ele>918.8</ele>
   </trkpt>
   <trkpt lat="40.6062280" lon="-3.1165710">
    <ele>919.0</ele>
   </trkpt>
   <trkpt lat="40.6062130" lon="-3.1165310">
    <ele>919.0</ele>
   </trkpt>
   <trkpt lat="40.6062010" lon="-3.1164900">
    <ele>919.2</ele>
   </trkpt>
   <trkpt lat="40.6061860" lon="-3.1164490">
    <ele>919.2</ele>
   </trkpt>
   <trkpt lat="40.6061710" lon="-3.1164090">
    <ele>919.2</ele>
   </trkpt>
   <trkpt lat="40.6061520" lon="-3.1163690">
    <ele>919.2</ele>
   </trkpt>
   <trkpt lat="40.6061290" lon="-3.1163340">
    <ele>919.2</ele>
   </trkpt>
   <trkpt lat="40.6061060" lon="-3.1163000">
    <ele>919.2</ele>
   </trkpt>
   <trkpt lat="40.6060910" lon="-3.1162730">
    <ele>919.2</ele>
   </trkpt>
   <trkpt lat="40.6060710" lon="-3.1162430">
    <ele>919.0</ele>
   </trkpt>
   <trkpt lat="40.6060520" lon="-3.1162070">
    <ele>919.0</ele>
   </trkpt>
   <trkpt lat="40.6060370" lon="-3.1161830">
    <ele>918.8</ele>
   </trkpt>
   <trkpt lat="40.6060290" lon="-3.1161530">
    <ele>918.8</ele>
   </trkpt>
   <trkpt lat="40.6060290" lon="-3.1161300">
    <ele>918.8</ele>
   </trkpt>
   <trkpt lat="40.6060370" lon="-3.1161080">
    <ele>919.0</ele>
   </trkpt>
   <trkpt lat="40.6060520" lon="-3.1160940">
    <ele>919.2</ele>
   </trkpt>
   <trkpt lat="40.6060680" lon="-3.1160760">
    <ele>919.2</ele>
   </trkpt>
   <trkpt lat="40.6060830" lon="-3.1160510">
    <ele>919.4</ele>
   </trkpt>
   <trkpt lat="40.6061020" lon="-3.1160190">
    <ele>919.4</ele>
   </trkpt>
   <trkpt lat="40.6061250" lon="-3.1159790">
    <ele>919.6</ele>
   </trkpt>
   <trkpt lat="40.6061480" lon="-3.1159450">
    <ele>919.6</ele>
   </trkpt>
   <trkpt lat="40.6061670" lon="-3.1159150">
    <ele>919.6</ele>
   </trkpt>
   <trkpt lat="40.6061900" lon="-3.1158720">
    <ele>919.6</ele>
   </trkpt>
   <trkpt lat="40.6062050" lon="-3.1158400">
    <ele>919.6</ele>
   </trkpt>
   <trkpt lat="40.6062130" lon="-3.1158180">
    <ele>919.6</ele>
   </trkpt>
   <trkpt lat="40.6062280" lon="-3.1157840">
    <ele>919.6</ele>
   </trkpt>
   <trkpt lat="40.6062390" lon="-3.1157570">
    <ele>919.8</ele>
   </trkpt>
   <trkpt lat="40.6062550" lon="-3.1157230">
    <ele>919.8</ele>
   </trkpt>
   <trkpt lat="40.6062740" lon="-3.1156880">
    <ele>920.0</ele>
   </trkpt>
   <trkpt lat="40.6062850" lon="-3.1156600">
    <ele>920.0</ele>
   </trkpt>
   <trkpt lat="40.6062970" lon="-3.1156250">
    <ele>920.2</ele>
   </trkpt>
   <trkpt lat="40.6063120" lon="-3.1155840">
    <ele>920.2</ele>
   </trkpt>
   <trkpt lat="40.6063190" lon="-3.1155460">
    <ele>920.2</ele>
   </trkpt>
   <trkpt lat="40.6063230" lon="-3.1155150">
    <ele>920.4</ele>
   </trkpt>
   <trkpt lat="40.6063230" lon="-3.1154780">
    <ele>920.4</ele>
   </trkpt>
   <trkpt lat="40.6063230" lon="-3.1154400">
    <ele>920.4</ele>
   </trkpt>
   <trkpt lat="40.6063190" lon="-3.1154020">
    <ele>920.4</ele>
   </trkpt>
   <trkpt lat="40.6063270" lon="-3.1153560">
    <ele>920.4</ele>
   </trkpt>
   <trkpt lat="40.6063350" lon="-3.1153230">
    <ele>920.4</ele>
   </trkpt>
   <trkpt lat="40.6063460" lon="-3.1152850">
    <ele>920.6</ele>
   </trkpt>
   <trkpt lat="40.6063580" lon="-3.1152390">
    <ele>920.6</ele>
   </trkpt>
   <trkpt lat="40.6063690" lon="-3.1152040">
    <ele>920.6</ele>
   </trkpt>
   <trkpt lat="40.6063770" lon="-3.1151600">
    <ele>920.6</ele>
   </trkpt>
   <trkpt lat="40.6063840" lon="-3.1151190">
    <ele>920.8</ele>
   </trkpt>
   <trkpt lat="40.6063960" lon="-3.1150760">
    <ele>920.8</ele>
   </trkpt>
   <trkpt lat="40.6064070" lon="-3.1150340">
    <ele>921.0</ele>
   </trkpt>
   <trkpt lat="40.6064150" lon="-3.1149810">
    <ele>921.0</ele>
   </trkpt>
   <trkpt lat="40.6064190" lon="-3.1149450">
    <ele>921.2</ele>
   </trkpt>
   <trkpt lat="40.6064260" lon="-3.1149040">
    <ele>921.2</ele>
   </trkpt>
   <trkpt lat="40.6064340" lon="-3.1148540">
    <ele>921.2</ele>
   </trkpt>
   <trkpt lat="40.6064410" lon="-3.1148100">
    <ele>921.2</ele>
   </trkpt>
   <trkpt lat="40.6064530" lon="-3.1147770">
    <ele>921.4</ele>
   </trkpt>
   <trkpt lat="40.6064570" lon="-3.1147350">
    <ele>921.4</ele>
   </trkpt>
   <trkpt lat="40.6064610" lon="-3.1146860">
    <ele>921.4</ele>
   </trkpt>
   <trkpt lat="40.6064640" lon="-3.1146500">
    <ele>921.6</ele>
   </trkpt>
   <trkpt lat="40.6064680" lon="-3.1146120">
    <ele>921.6</ele>
   </trkpt>
   <trkpt lat="40.6064830" lon="-3.1145690">
    <ele>921.6</ele>
   </trkpt>
   <trkpt lat="40.6064990" lon="-3.1145250">
    <ele>921.6</ele>
   </trkpt>
   <trkpt lat="40.6065220" lon="-3.1144840">
    <ele>921.6</ele>
   </trkpt>
   <trkpt lat="40.6065410" lon="-3.1144440">
    <ele>921.6</ele>
   </trkpt>
   <trkpt lat="40.6065600" lon="-3.1144030">
    <ele>921.6</ele>
   </trkpt>
   <trkpt lat="40.6065750" lon="-3.1143670">
    <ele>921.6</ele>
   </trkpt>
   <trkpt lat="40.6065860" lon="-3.1143320">
    <ele>921.6</ele>
   </trkpt>
   <trkpt lat="40.6065980" lon="-3.1142890">
    <ele>921.6</ele>
   </trkpt>
   <trkpt lat="40.6066130" lon="-3.1142520">
    <ele>921.6</ele>
   </trkpt>
   <trkpt lat="40.6066280" lon="-3.1142120">
    <ele>921.6</ele>
   </trkpt>
   <trkpt lat="40.6066440" lon="-3.1141710">
    <ele>921.6</ele>
   </trkpt>
   <trkpt lat="40.6066590" lon="-3.1141370">
    <ele>921.6</ele>
   </trkpt>
   <trkpt lat="40.6066700" lon="-3.1140910">
    <ele>921.6</ele>
   </trkpt>
   <trkpt lat="40.6066820" lon="-3.1140310">
    <ele>921.6</ele>
   </trkpt>
   <trkpt lat="40.6066890" lon="-3.1139890">
    <ele>921.6</ele>
   </trkpt>
   <trkpt lat="40.6066970" lon="-3.1139360">
    <ele>921.6</ele>
   </trkpt>
   <trkpt lat="40.6067010" lon="-3.1138750">
    <ele>921.6</ele>
   </trkpt>
   <trkpt lat="40.6067090" lon="-3.1138270">
    <ele>921.6</ele>
   </trkpt>
   <trkpt lat="40.6067160" lon="-3.1137790">
    <ele>921.6</ele>
   </trkpt>
   <trkpt lat="40.6067280" lon="-3.1137290">
    <ele>921.6</ele>
   </trkpt>
   <trkpt lat="40.6067390" lon="-3.1136840">
    <ele>921.6</ele>
   </trkpt>
   <trkpt lat="40.6067540" lon="-3.1136500">
    <ele>921.6</ele>
   </trkpt>
   <trkpt lat="40.6067770" lon="-3.1136010">
    <ele>921.8</ele>
   </trkpt>
   <trkpt lat="40.6067960" lon="-3.1135680">
    <ele>921.8</ele>
   </trkpt>
   <trkpt lat="40.6068150" lon="-3.1135240">
    <ele>921.8</ele>
   </trkpt>
   <trkpt lat="40.6068310" lon="-3.1134740">
    <ele>921.8</ele>
   </trkpt>
   <trkpt lat="40.6068530" lon="-3.1134160">
    <ele>921.8</ele>
   </trkpt>
   <trkpt lat="40.6068650" lon="-3.1133650">
    <ele>921.8</ele>
   </trkpt>
   <trkpt lat="40.6068650" lon="-3.1133180">
    <ele>921.8</ele>
   </trkpt>
   <trkpt lat="40.6068800" lon="-3.1132530">
    <ele>921.8</ele>
   </trkpt>
   <trkpt lat="40.6068920" lon="-3.1132040">
    <ele>921.8</ele>
   </trkpt>
   <trkpt lat="40.6069070" lon="-3.1131540">
    <ele>922.0</ele>
   </trkpt>
   <trkpt lat="40.6069220" lon="-3.1131060">
    <ele>922.0</ele>
   </trkpt>
   <trkpt lat="40.6069370" lon="-3.1130540">
    <ele>922.0</ele>
   </trkpt>
   <trkpt lat="40.6069530" lon="-3.1130060">
    <ele>922.2</ele>
   </trkpt>
   <trkpt lat="40.6069720" lon="-3.1129560">
    <ele>922.2</ele>
   </trkpt>
   <trkpt lat="40.6069830" lon="-3.1129040">
    <ele>922.2</ele>
   </trkpt>
   <trkpt lat="40.6069950" lon="-3.1128640">
    <ele>922.2</ele>
   </trkpt>
   <trkpt lat="40.6070140" lon="-3.1128030">
    <ele>922.2</ele>
   </trkpt>
   <trkpt lat="40.6070250" lon="-3.1127460">
    <ele>922.2</ele>
   </trkpt>
   <trkpt lat="40.6070290" lon="-3.1126910">
    <ele>922.2</ele>
   </trkpt>
   <trkpt lat="40.6070330" lon="-3.1126470">
    <ele>922.4</ele>
   </trkpt>
   <trkpt lat="40.6070370" lon="-3.1125970">
    <ele>922.4</ele>
   </trkpt>
   <trkpt lat="40.6070480" lon="-3.1125480">
    <ele>922.4</ele>
   </trkpt>
   <trkpt lat="40.6070630" lon="-3.1124910">
    <ele>922.2</ele>
   </trkpt>
   <trkpt lat="40.6070820" lon="-3.1124330">
    <ele>922.2</ele>
   </trkpt>
   <trkpt lat="40.6071010" lon="-3.1123750">
    <ele>922.2</ele>
   </trkpt>
   <trkpt lat="40.6071240" lon="-3.1123220">
    <ele>922.2</ele>
   </trkpt>
   <trkpt lat="40.6071430" lon="-3.1122740">
    <ele>922.2</ele>
   </trkpt>
   <trkpt lat="40.6071620" lon="-3.1122340">
    <ele>922.4</ele>
   </trkpt>
   <trkpt lat="40.6071850" lon="-3.1121950">
    <ele>922.4</ele>
   </trkpt>
   <trkpt lat="40.6072080" lon="-3.1121570">
    <ele>922.6</ele>
   </trkpt>
   <trkpt lat="40.6072310" lon="-3.1121140">
    <ele>922.6</ele>
   </trkpt>
   <trkpt lat="40.6072540" lon="-3.1120670">
    <ele>922.4</ele>
   </trkpt>
   <trkpt lat="40.6072850" lon="-3.1120220">
    <ele>922.4</ele>
   </trkpt>
   <trkpt lat="40.6073230" lon="-3.1119710">
    <ele>922.4</ele>
   </trkpt>
   <trkpt lat="40.6073460" lon="-3.1119330">
    <ele>922.4</ele>
   </trkpt>
   <trkpt lat="40.6073800" lon="-3.1118890">
    <ele>922.4</ele>
   </trkpt>
   <trkpt lat="40.6074140" lon="-3.1118330">
    <ele>922.4</ele>
   </trkpt>
   <trkpt lat="40.6074450" lon="-3.1117860">
    <ele>922.4</ele>
   </trkpt>
   <trkpt lat="40.6074710" lon="-3.1117470">
    <ele>922.4</ele>
   </trkpt>
   <trkpt lat="40.6075130" lon="-3.1116960">
    <ele>922.4</ele>
   </trkpt>
   <trkpt lat="40.6075480" lon="-3.1116660">
    <ele>922.4</ele>
   </trkpt>
   <trkpt lat="40.6075860" lon="-3.1116370">
    <ele>922.4</ele>
   </trkpt>
   <trkpt lat="40.6076350" lon="-3.1116000">
    <ele>922.2</ele>
   </trkpt>
   <trkpt lat="40.6076740" lon="-3.1115750">
    <ele>922.2</ele>
   </trkpt>
   <trkpt lat="40.6077190" lon="-3.1115450">
    <ele>922.0</ele>
   </trkpt>
   <trkpt lat="40.6077770" lon="-3.1115070">
    <ele>922.0</ele>
   </trkpt>
   <trkpt lat="40.6078260" lon="-3.1114690">
    <ele>921.8</ele>
   </trkpt>
   <trkpt lat="40.6078640" lon="-3.1114370">
    <ele>921.8</ele>
   </trkpt>
   <trkpt lat="40.6079060" lon="-3.1113970">
    <ele>921.8</ele>
   </trkpt>
   <trkpt lat="40.6079480" lon="-3.1113540">
    <ele>921.8</ele>
   </trkpt>
   <trkpt lat="40.6079980" lon="-3.1113030">
    <ele>921.8</ele>
   </trkpt>
   <trkpt lat="40.6080280" lon="-3.1112720">
    <ele>921.8</ele>
   </trkpt>
   <trkpt lat="40.6080630" lon="-3.1112350">
    <ele>921.8</ele>
   </trkpt>
   <trkpt lat="40.6080970" lon="-3.1112000">
    <ele>921.8</ele>
   </trkpt>
   <trkpt lat="40.6081390" lon="-3.1111610">
    <ele>921.8</ele>
   </trkpt>
   <trkpt lat="40.6081730" lon="-3.1111330">
    <ele>921.8</ele>
   </trkpt>
   <trkpt lat="40.6082110" lon="-3.1110990">
    <ele>921.6</ele>
   </trkpt>
   <trkpt lat="40.6082500" lon="-3.1110630">
    <ele>921.6</ele>
   </trkpt>
   <trkpt lat="40.6082920" lon="-3.1110310">
    <ele>921.6</ele>
   </trkpt>
   <trkpt lat="40.6083300" lon="-3.1109950">
    <ele>921.6</ele>
   </trkpt>
   <trkpt lat="40.6083830" lon="-3.1109590">
    <ele>921.6</ele>
   </trkpt>
   <trkpt lat="40.6084210" lon="-3.1109400">
    <ele>921.6</ele>
   </trkpt>
   <trkpt lat="40.6084710" lon="-3.1109180">
    <ele>921.6</ele>
   </trkpt>
   <trkpt lat="40.6085170" lon="-3.1108960">
    <ele>921.6</ele>
   </trkpt>
   <trkpt lat="40.6085660" lon="-3.1108780">
    <ele>921.6</ele>
   </trkpt>
   <trkpt lat="40.6086080" lon="-3.1108550">
    <ele>921.6</ele>
   </trkpt>
   <trkpt lat="40.6086540" lon="-3.1108350">
    <ele>921.6</ele>
   </trkpt>
   <trkpt lat="40.6087000" lon="-3.1108110">
    <ele>921.6</ele>
   </trkpt>
   <trkpt lat="40.6087490" lon="-3.1107880">
    <ele>921.8</ele>
   </trkpt>
   <trkpt lat="40.6087950" lon="-3.1107620">
    <ele>921.8</ele>
   </trkpt>
   <trkpt lat="40.6088450" lon="-3.1107350">
    <ele>921.8</ele>
   </trkpt>
   <trkpt lat="40.6088900" lon="-3.1107080">
    <ele>922.0</ele>
   </trkpt>
   <trkpt lat="40.6089360" lon="-3.1106790">
    <ele>922.0</ele>
   </trkpt>
   <trkpt lat="40.6089860" lon="-3.1106520">
    <ele>922.0</ele>
   </trkpt>
   <trkpt lat="40.6090320" lon="-3.1106270">
    <ele>922.2</ele>
   </trkpt>
   <trkpt lat="40.6090810" lon="-3.1105990">
    <ele>922.2</ele>
   </trkpt>
   <trkpt lat="40.6091270" lon="-3.1105700">
    <ele>922.2</ele>
   </trkpt>
   <trkpt lat="40.6091800" lon="-3.1105390">
    <ele>922.2</ele>
   </trkpt>
   <trkpt lat="40.6092150" lon="-3.1105200">
    <ele>922.2</ele>
   </trkpt>
   <trkpt lat="40.6092640" lon="-3.1104980">
    <ele>922.2</ele>
   </trkpt>
   <trkpt lat="40.6093140" lon="-3.1104800">
    <ele>922.2</ele>
   </trkpt>
   <trkpt lat="40.6093670" lon="-3.1104630">
    <ele>922.2</ele>
   </trkpt>
   <trkpt lat="40.6094210" lon="-3.1104450">
    <ele>922.2</ele>
   </trkpt>
   <trkpt lat="40.6094700" lon="-3.1104220">
    <ele>922.2</ele>
   </trkpt>
   <trkpt lat="40.6095240" lon="-3.1103920">
    <ele>922.2</ele>
   </trkpt>
   <trkpt lat="40.6095730" lon="-3.1103620">
    <ele>922.2</ele>
   </trkpt>
   <trkpt lat="40.6096230" lon="-3.1103260">
    <ele>922.2</ele>
   </trkpt>
   <trkpt lat="40.6096690" lon="-3.1102920">
    <ele>922.2</ele>
   </trkpt>
   <trkpt lat="40.6097260" lon="-3.1102590">
    <ele>922.2</ele>
   </trkpt>
   <trkpt lat="40.6097680" lon="-3.1102400">
    <ele>922.2</ele>
   </trkpt>
   <trkpt lat="40.6098210" lon="-3.1102180">
    <ele>922.2</ele>
   </trkpt>
   <trkpt lat="40.6098860" lon="-3.1101940">
    <ele>922.2</ele>
   </trkpt>
   <trkpt lat="40.6099280" lon="-3.1101780">
    <ele>922.2</ele>
   </trkpt>
   <trkpt lat="40.6099810" lon="-3.1101590">
    <ele>922.2</ele>
   </trkpt>
   <trkpt lat="40.6100350" lon="-3.1101390">
    <ele>922.2</ele>
   </trkpt>
   <trkpt lat="40.6100880" lon="-3.1101220">
    <ele>922.2</ele>
   </trkpt>
   <trkpt lat="40.6101420" lon="-3.1101080">
    <ele>922.2</ele>
   </trkpt>
   <trkpt lat="40.6102030" lon="-3.1100950">
    <ele>922.2</ele>
   </trkpt>
   <trkpt lat="40.6102490" lon="-3.1100870">
    <ele>922.2</ele>
   </trkpt>
   <trkpt lat="40.6103020" lon="-3.1100770">
    <ele>922.4</ele>
   </trkpt>
   <trkpt lat="40.6103550" lon="-3.1100690">
    <ele>922.4</ele>
   </trkpt>
   <trkpt lat="40.6104090" lon="-3.1100590">
    <ele>922.4</ele>
   </trkpt>
   <trkpt lat="40.6104620" lon="-3.1100480">
    <ele>922.6</ele>
   </trkpt>
   <trkpt lat="40.6105120" lon="-3.1100310">
    <ele>922.6</ele>
   </trkpt>
   <trkpt lat="40.6105610" lon="-3.1100050">
    <ele>922.6</ele>
   </trkpt>
   <trkpt lat="40.6106070" lon="-3.1099700">
    <ele>922.6</ele>
   </trkpt>
   <trkpt lat="40.6106530" lon="-3.1099280">
    <ele>922.8</ele>
   </trkpt>
   <trkpt lat="40.6106910" lon="-3.1098790">
    <ele>922.8</ele>
   </trkpt>
   <trkpt lat="40.6107290" lon="-3.1098330">
    <ele>922.8</ele>
   </trkpt>
   <trkpt lat="40.6107670" lon="-3.1097880">
    <ele>923.0</ele>
   </trkpt>
   <trkpt lat="40.6108090" lon="-3.1097550">
    <ele>923.0</ele>
   </trkpt>
   <trkpt lat="40.6108550" lon="-3.1097320">
    <ele>923.0</ele>
   </trkpt>
   <trkpt lat="40.6109010" lon="-3.1097060">
    <ele>923.0</ele>
   </trkpt>
   <trkpt lat="40.6109500" lon="-3.1096830">
    <ele>923.0</ele>
   </trkpt>
   <trkpt lat="40.6110110" lon="-3.1096530">
    <ele>922.8</ele>
   </trkpt>
   <trkpt lat="40.6110530" lon="-3.1096270">
    <ele>922.8</ele>
   </trkpt>
   <trkpt lat="40.6110990" lon="-3.1095920">
    <ele>922.6</ele>
   </trkpt>
   <trkpt lat="40.6111450" lon="-3.1095490">
    <ele>922.6</ele>
   </trkpt>
   <trkpt lat="40.6111910" lon="-3.1095060">
    <ele>922.6</ele>
   </trkpt>
   <trkpt lat="40.6112330" lon="-3.1094660">
    <ele>922.4</ele>
   </trkpt>
   <trkpt lat="40.6112820" lon="-3.1094330">
    <ele>922.4</ele>
   </trkpt>
   <trkpt lat="40.6113360" lon="-3.1094040">
    <ele>922.2</ele>
   </trkpt>
   <trkpt lat="40.6113890" lon="-3.1093810">
    <ele>922.2</ele>
   </trkpt>
   <trkpt lat="40.6114390" lon="-3.1093530">
    <ele>922.2</ele>
   </trkpt>
   <trkpt lat="40.6114850" lon="-3.1093230">
    <ele>922.2</ele>
   </trkpt>
   <trkpt lat="40.6115260" lon="-3.1092830">
    <ele>922.2</ele>
   </trkpt>
   <trkpt lat="40.6115650" lon="-3.1092380">
    <ele>922.2</ele>
   </trkpt>
   <trkpt lat="40.6116030" lon="-3.1091940">
    <ele>922.2</ele>
   </trkpt>
   <trkpt lat="40.6116370" lon="-3.1091570">
    <ele>922.0</ele>
   </trkpt>
   <trkpt lat="40.6116790" lon="-3.1091280">
    <ele>922.0</ele>
   </trkpt>
   <trkpt lat="40.6117170" lon="-3.1091030">
    <ele>922.2</ele>
   </trkpt>
   <trkpt lat="40.6117590" lon="-3.1090830">
    <ele>922.2</ele>
   </trkpt>
   <trkpt lat="40.6117930" lon="-3.1090640">
    <ele>922.2</ele>
   </trkpt>
   <trkpt lat="40.6118200" lon="-3.1090380">
    <ele>922.4</ele>
   </trkpt>
   <trkpt lat="40.6118510" lon="-3.1090100">
    <ele>922.4</ele>
   </trkpt>
   <trkpt lat="40.6118810" lon="-3.1089830">
    <ele>922.4</ele>
   </trkpt>
   <trkpt lat="40.6119160" lon="-3.1089550">
    <ele>922.2</ele>
   </trkpt>
   <trkpt lat="40.6119500" lon="-3.1089220">
    <ele>922.2</ele>
   </trkpt>
   <trkpt lat="40.6119880" lon="-3.1088760">
    <ele>922.2</ele>
   </trkpt>
   <trkpt lat="40.6120260" lon="-3.1088240">
    <ele>922.2</ele>
   </trkpt>
   <trkpt lat="40.6120680" lon="-3.1087870">
    <ele>922.2</ele>
   </trkpt>
   <trkpt lat="40.6121060" lon="-3.1087580">
    <ele>922.2</ele>
   </trkpt>
   <trkpt lat="40.6121440" lon="-3.1087280">
    <ele>922.2</ele>
   </trkpt>
   <trkpt lat="40.6121790" lon="-3.1086940">
    <ele>922.2</ele>
   </trkpt>
   <trkpt lat="40.6122090" lon="-3.1086600">
    <ele>922.2</ele>
   </trkpt>
   <trkpt lat="40.6122440" lon="-3.1086280">
    <ele>922.2</ele>
   </trkpt>
   <trkpt lat="40.6122820" lon="-3.1085930">
    <ele>922.0</ele>
   </trkpt>
   <trkpt lat="40.6123160" lon="-3.1085490">
    <ele>922.0</ele>
   </trkpt>
   <trkpt lat="40.6123430" lon="-3.1084950">
    <ele>922.2</ele>
   </trkpt>
   <trkpt lat="40.6123690" lon="-3.1084360">
    <ele>922.2</ele>
   </trkpt>
   <trkpt lat="40.6123960" lon="-3.1083810">
    <ele>922.2</ele>
   </trkpt>
   <trkpt lat="40.6124230" lon="-3.1083290">
    <ele>922.2</ele>
   </trkpt>
   <trkpt lat="40.6124530" lon="-3.1082790">
    <ele>922.2</ele>
   </trkpt>
   <trkpt lat="40.6124880" lon="-3.1082310">
    <ele>922.2</ele>
   </trkpt>
   <trkpt lat="40.6125180" lon="-3.1081870">
    <ele>922.4</ele>
   </trkpt>
   <trkpt lat="40.6125560" lon="-3.1081530">
    <ele>922.4</ele>
   </trkpt>
   <trkpt lat="40.6125910" lon="-3.1081280">
    <ele>922.6</ele>
   </trkpt>
   <trkpt lat="40.6126250" lon="-3.1080950">
    <ele>922.6</ele>
   </trkpt>
   <trkpt lat="40.6126520" lon="-3.1080540">
    <ele>922.6</ele>
   </trkpt>
   <trkpt lat="40.6126790" lon="-3.1080110">
    <ele>922.8</ele>
   </trkpt>
   <trkpt lat="40.6127090" lon="-3.1079660">
    <ele>922.8</ele>
   </trkpt>
   <trkpt lat="40.6127430" lon="-3.1079250">
    <ele>922.8</ele>
   </trkpt>
   <trkpt lat="40.6127780" lon="-3.1078870">
    <ele>922.8</ele>
   </trkpt>
   <trkpt lat="40.6128160" lon="-3.1078500">
    <ele>923.0</ele>
   </trkpt>
   <trkpt lat="40.6128500" lon="-3.1078090">
    <ele>923.0</ele>
   </trkpt>
   <trkpt lat="40.6128880" lon="-3.1077700">
    <ele>923.0</ele>
   </trkpt>
   <trkpt lat="40.6129260" lon="-3.1077320">
    <ele>923.0</ele>
   </trkpt>
   <trkpt lat="40.6129680" lon="-3.1076920">
    <ele>923.0</ele>
   </trkpt>
   <trkpt lat="40.6130140" lon="-3.1076550">
    <ele>923.0</ele>
   </trkpt>
   <trkpt lat="40.6130520" lon="-3.1076150">
    <ele>923.2</ele>
   </trkpt>
   <trkpt lat="40.6130940" lon="-3.1075710">
    <ele>923.2</ele>
   </trkpt>
   <trkpt lat="40.6131360" lon="-3.1075230">
    <ele>923.2</ele>
   </trkpt>
   <trkpt lat="40.6131740" lon="-3.1074710">
    <ele>923.2</ele>
   </trkpt>
   <trkpt lat="40.6132160" lon="-3.1074220">
    <ele>923.2</ele>
   </trkpt>
   <trkpt lat="40.6132620" lon="-3.1073730">
    <ele>923.2</ele>
   </trkpt>
   <trkpt lat="40.6133080" lon="-3.1073200">
    <ele>923.2</ele>
   </trkpt>
   <trkpt lat="40.6133500" lon="-3.1072800">
    <ele>923.2</ele>
   </trkpt>
   <trkpt lat="40.6133990" lon="-3.1072510">
    <ele>923.2</ele>
   </trkpt>
   <trkpt lat="40.6134530" lon="-3.1072260">
    <ele>923.2</ele>
   </trkpt>
   <trkpt lat="40.6135020" lon="-3.1072040">
    <ele>923.2</ele>
   </trkpt>
   <trkpt lat="40.6135520" lon="-3.1071830">
    <ele>923.2</ele>
   </trkpt>
   <trkpt lat="40.6135980" lon="-3.1071580">
    <ele>923.2</ele>
   </trkpt>
   <trkpt lat="40.6136440" lon="-3.1071330">
    <ele>923.2</ele>
   </trkpt>
   <trkpt lat="40.6136890" lon="-3.1071060">
    <ele>923.2</ele>
   </trkpt>
   <trkpt lat="40.6137350" lon="-3.1070780">
    <ele>923.2</ele>
   </trkpt>
   <trkpt lat="40.6137810" lon="-3.1070500">
    <ele>923.2</ele>
   </trkpt>
   <trkpt lat="40.6138310" lon="-3.1070210">
    <ele>923.2</ele>
   </trkpt>
   <trkpt lat="40.6138760" lon="-3.1069920">
    <ele>923.2</ele>
   </trkpt>
   <trkpt lat="40.6139300" lon="-3.1069600">
    <ele>923.2</ele>
   </trkpt>
   <trkpt lat="40.6139790" lon="-3.1069270">
    <ele>923.4</ele>
   </trkpt>
   <trkpt lat="40.6140290" lon="-3.1068950">
    <ele>923.4</ele>
   </trkpt>
   <trkpt lat="40.6140750" lon="-3.1068660">
    <ele>923.4</ele>
   </trkpt>
   <trkpt lat="40.6141240" lon="-3.1068400">
    <ele>923.4</ele>
   </trkpt>
   <trkpt lat="40.6141780" lon="-3.1068130">
    <ele>923.4</ele>
   </trkpt>
   <trkpt lat="40.6142230" lon="-3.1067870">
    <ele>923.4</ele>
   </trkpt>
   <trkpt lat="40.6142690" lon="-3.1067580">
    <ele>923.6</ele>
   </trkpt>
   <trkpt lat="40.6143150" lon="-3.1067280">
    <ele>923.6</ele>
   </trkpt>
   <trkpt lat="40.6143570" lon="-3.1067030">
    <ele>923.6</ele>
   </trkpt>
   <trkpt lat="40.6144030" lon="-3.1066720">
    <ele>923.8</ele>
   </trkpt>
   <trkpt lat="40.6144450" lon="-3.1066320">
    <ele>923.8</ele>
   </trkpt>
   <trkpt lat="40.6144830" lon="-3.1065910">
    <ele>923.8</ele>
   </trkpt>
   <trkpt lat="40.6145210" lon="-3.1065490">
    <ele>923.8</ele>
   </trkpt>
   <trkpt lat="40.6145590" lon="-3.1065090">
    <ele>924.0</ele>
   </trkpt>
   <trkpt lat="40.6145970" lon="-3.1064620">
    <ele>924.0</ele>
   </trkpt>
   <trkpt lat="40.6146280" lon="-3.1064060">
    <ele>924.2</ele>
   </trkpt>
   <trkpt lat="40.6146580" lon="-3.1063490">
    <ele>924.2</ele>
   </trkpt>
   <trkpt lat="40.6146930" lon="-3.1063000">
    <ele>924.2</ele>
   </trkpt>
   <trkpt lat="40.6147310" lon="-3.1062520">
    <ele>924.4</ele>
   </trkpt>
   <trkpt lat="40.6147650" lon="-3.1062120">
    <ele>924.6</ele>
   </trkpt>
   <trkpt lat="40.6147990" lon="-3.1061770">
    <ele>924.6</ele>
   </trkpt>
   <trkpt lat="40.6148380" lon="-3.1061420">
    <ele>924.8</ele>
   </trkpt>
   <trkpt lat="40.6148760" lon="-3.1061060">
    <ele>924.8</ele>
   </trkpt>
   <trkpt lat="40.6149100" lon="-3.1060620">
    <ele>924.8</ele>
   </trkpt>
   <trkpt lat="40.6149440" lon="-3.1060140">
    <ele>925.0</ele>
   </trkpt>
   <trkpt lat="40.6149790" lon="-3.1059640">
    <ele>925.0</ele>
   </trkpt>
   <trkpt lat="40.6150130" lon="-3.1059210">
    <ele>925.0</ele>
   </trkpt>
   <trkpt lat="40.6150440" lon="-3.1058760">
    <ele>925.0</ele>
   </trkpt>
   <trkpt lat="40.6150820" lon="-3.1058310">
    <ele>925.2</ele>
   </trkpt>
   <trkpt lat="40.6151160" lon="-3.1057870">
    <ele>925.2</ele>
   </trkpt>
   <trkpt lat="40.6151470" lon="-3.1057500">
    <ele>925.4</ele>
   </trkpt>
   <trkpt lat="40.6151730" lon="-3.1057230">
    <ele>925.6</ele>
   </trkpt>
   <trkpt lat="40.6151960" lon="-3.1057030">
    <ele>925.6</ele>
   </trkpt>
   <trkpt lat="40.6152190" lon="-3.1056840">
    <ele>925.8</ele>
   </trkpt>
   <trkpt lat="40.6152420" lon="-3.1056630">
    <ele>925.8</ele>
   </trkpt>
   <trkpt lat="40.6152650" lon="-3.1056330">
    <ele>926.0</ele>
   </trkpt>
   <trkpt lat="40.6152920" lon="-3.1056050">
    <ele>926.0</ele>
   </trkpt>
   <trkpt lat="40.6153220" lon="-3.1055830">
    <ele>926.0</ele>
   </trkpt>
   <trkpt lat="40.6153530" lon="-3.1055630">
    <ele>926.0</ele>
   </trkpt>
   <trkpt lat="40.6153830" lon="-3.1055330">
    <ele>926.0</ele>
   </trkpt>
   <trkpt lat="40.6154170" lon="-3.1055030">
    <ele>926.2</ele>
   </trkpt>
   <trkpt lat="40.6154590" lon="-3.1054750">
    <ele>926.2</ele>
   </trkpt>
   <trkpt lat="40.6154980" lon="-3.1054430">
    <ele>926.4</ele>
   </trkpt>
   <trkpt lat="40.6155360" lon="-3.1054100">
    <ele>926.4</ele>
   </trkpt>
   <trkpt lat="40.6155660" lon="-3.1053780">
    <ele>926.6</ele>
   </trkpt>
   <trkpt lat="40.6155930" lon="-3.1053470">
    <ele>926.6</ele>
   </trkpt>
   <trkpt lat="40.6156200" lon="-3.1053080">
    <ele>926.8</ele>
   </trkpt>
   <trkpt lat="40.6156500" lon="-3.1052810">
    <ele>926.8</ele>
   </trkpt>
   <trkpt lat="40.6156850" lon="-3.1052610">
    <ele>927.0</ele>
   </trkpt>
   <trkpt lat="40.6157150" lon="-3.1052350">
    <ele>927.2</ele>
   </trkpt>
   <trkpt lat="40.6157460" lon="-3.1052080">
    <ele>927.2</ele>
   </trkpt>
   <trkpt lat="40.6157680" lon="-3.1051810">
    <ele>927.2</ele>
   </trkpt>
   <trkpt lat="40.6157870" lon="-3.1051550">
    <ele>927.4</ele>
   </trkpt>
   <trkpt lat="40.6158100" lon="-3.1051220">
    <ele>927.4</ele>
   </trkpt>
   <trkpt lat="40.6158370" lon="-3.1050870">
    <ele>927.4</ele>
   </trkpt>
   <trkpt lat="40.6158640" lon="-3.1050440">
    <ele>927.6</ele>
   </trkpt>
   <trkpt lat="40.6158830" lon="-3.1050130">
    <ele>927.6</ele>
   </trkpt>
   <trkpt lat="40.6159060" lon="-3.1049800">
    <ele>927.6</ele>
   </trkpt>
   <trkpt lat="40.6159360" lon="-3.1049440">
    <ele>927.6</ele>
   </trkpt>
   <trkpt lat="40.6159590" lon="-3.1049120">
    <ele>927.8</ele>
   </trkpt>
   <trkpt lat="40.6159900" lon="-3.1048870">
    <ele>927.8</ele>
   </trkpt>
   <trkpt lat="40.6160200" lon="-3.1048620">
    <ele>928.0</ele>
   </trkpt>
   <trkpt lat="40.6160430" lon="-3.1048310">
    <ele>928.0</ele>
   </trkpt>
   <trkpt lat="40.6160620" lon="-3.1047950">
    <ele>928.0</ele>
   </trkpt>
   <trkpt lat="40.6160810" lon="-3.1047490">
    <ele>928.2</ele>
   </trkpt>
   <trkpt lat="40.6160930" lon="-3.1047000">
    <ele>928.2</ele>
   </trkpt>
   <trkpt lat="40.6161040" lon="-3.1046490">
    <ele>928.2</ele>
   </trkpt>
   <trkpt lat="40.6161190" lon="-3.1045960">
    <ele>928.2</ele>
   </trkpt>
   <trkpt lat="40.6161350" lon="-3.1045390">
    <ele>928.2</ele>
   </trkpt>
   <trkpt lat="40.6161500" lon="-3.1044780">
    <ele>928.2</ele>
   </trkpt>
   <trkpt lat="40.6161650" lon="-3.1044420">
    <ele>928.2</ele>
   </trkpt>
   <trkpt lat="40.6161840" lon="-3.1043950">
    <ele>928.2</ele>
   </trkpt>
   <trkpt lat="40.6162030" lon="-3.1043480">
    <ele>928.2</ele>
   </trkpt>
   <trkpt lat="40.6162300" lon="-3.1043020">
    <ele>928.2</ele>
   </trkpt>
   <trkpt lat="40.6162610" lon="-3.1042650">
    <ele>928.2</ele>
   </trkpt>
   <trkpt lat="40.6162990" lon="-3.1042280">
    <ele>928.4</ele>
   </trkpt>
   <trkpt lat="40.6163330" lon="-3.1041940">
    <ele>928.4</ele>
   </trkpt>
   <trkpt lat="40.6163670" lon="-3.1041600">
    <ele>928.4</ele>
   </trkpt>
   <trkpt lat="40.6164050" lon="-3.1041250">
    <ele>928.6</ele>
   </trkpt>
   <trkpt lat="40.6164280" lon="-3.1041010">
    <ele>928.6</ele>
   </trkpt>
   <trkpt lat="40.6164510" lon="-3.1040760">
    <ele>928.8</ele>
   </trkpt>
   <trkpt lat="40.6164700" lon="-3.1040570">
    <ele>928.8</ele>
   </trkpt>
   <trkpt lat="40.6164930" lon="-3.1040300">
    <ele>928.8</ele>
   </trkpt>
   <trkpt lat="40.6165120" lon="-3.1039930">
    <ele>928.6</ele>
   </trkpt>
   <trkpt lat="40.6165310" lon="-3.1039470">
    <ele>928.6</ele>
   </trkpt>
   <trkpt lat="40.6165540" lon="-3.1039020">
    <ele>928.6</ele>
   </trkpt>
   <trkpt lat="40.6165770" lon="-3.1038650">
    <ele>928.6</ele>
   </trkpt>
   <trkpt lat="40.6166040" lon="-3.1038350">
    <ele>928.6</ele>
   </trkpt>
   <trkpt lat="40.6166340" lon="-3.1038050">
    <ele>928.8</ele>
   </trkpt>
   <trkpt lat="40.6166530" lon="-3.1037760">
    <ele>928.8</ele>
   </trkpt>
   <trkpt lat="40.6166800" lon="-3.1037370">
    <ele>928.8</ele>
   </trkpt>
   <trkpt lat="40.6166950" lon="-3.1036970">
    <ele>928.8</ele>
   </trkpt>
   <trkpt lat="40.6167110" lon="-3.1036600">
    <ele>928.8</ele>
   </trkpt>
   <trkpt lat="40.6167300" lon="-3.1036220">
    <ele>928.8</ele>
   </trkpt>
   <trkpt lat="40.6167530" lon="-3.1035820">
    <ele>928.8</ele>
   </trkpt>
   <trkpt lat="40.6167760" lon="-3.1035510">
    <ele>929.0</ele>
   </trkpt>
   <trkpt lat="40.6167910" lon="-3.1035330">
    <ele>929.0</ele>
   </trkpt>
   <trkpt lat="40.6167980" lon="-3.1035240">
    <ele>929.0</ele>
   </trkpt>
   <trkpt lat="40.6168020" lon="-3.1035250">
    <ele>929.0</ele>
   </trkpt>
   <trkpt lat="40.6168100" lon="-3.1035090">
    <ele>929.0</ele>
   </trkpt>
   <trkpt lat="40.6168170" lon="-3.1034970">
    <ele>929.0</ele>
   </trkpt>
   <trkpt lat="40.6168370" lon="-3.1034820">
    <ele>929.0</ele>
   </trkpt>
   <trkpt lat="40.6168520" lon="-3.1034630">
    <ele>929.0</ele>
   </trkpt>
   <trkpt lat="40.6168790" lon="-3.1034350">
    <ele>929.0</ele>
   </trkpt>
   <trkpt lat="40.6169050" lon="-3.1034030">
    <ele>929.0</ele>
   </trkpt>
   <trkpt lat="40.6169240" lon="-3.1033620">
    <ele>929.0</ele>
   </trkpt>
   <trkpt lat="40.6169430" lon="-3.1033160">
    <ele>928.8</ele>
   </trkpt>
   <trkpt lat="40.6169620" lon="-3.1032750">
    <ele>928.8</ele>
   </trkpt>
   <trkpt lat="40.6169810" lon="-3.1032340">
    <ele>928.8</ele>
   </trkpt>
   <trkpt lat="40.6170080" lon="-3.1031920">
    <ele>928.8</ele>
   </trkpt>
   <trkpt lat="40.6170350" lon="-3.1031530">
    <ele>928.8</ele>
   </trkpt>
   <trkpt lat="40.6170620" lon="-3.1031170">
    <ele>928.8</ele>
   </trkpt>
   <trkpt lat="40.6170880" lon="-3.1030740">
    <ele>928.6</ele>
   </trkpt>
   <trkpt lat="40.6171070" lon="-3.1030280">
    <ele>928.6</ele>
   </trkpt>
   <trkpt lat="40.6171190" lon="-3.1029760">
    <ele>928.6</ele>
   </trkpt>
   <trkpt lat="40.6171260" lon="-3.1029260">
    <ele>928.4</ele>
   </trkpt>
   <trkpt lat="40.6171450" lon="-3.1028680">
    <ele>928.4</ele>
   </trkpt>
   <trkpt lat="40.6171610" lon="-3.1028270">
    <ele>928.4</ele>
   </trkpt>
   <trkpt lat="40.6171800" lon="-3.1027810">
    <ele>928.2</ele>
   </trkpt>
   <trkpt lat="40.6171950" lon="-3.1027320">
    <ele>928.2</ele>
   </trkpt>
   <trkpt lat="40.6172030" lon="-3.1026850">
    <ele>928.0</ele>
   </trkpt>
   <trkpt lat="40.6172100" lon="-3.1026370">
    <ele>928.0</ele>
   </trkpt>
   <trkpt lat="40.6172140" lon="-3.1025860">
    <ele>928.0</ele>
   </trkpt>
   <trkpt lat="40.6172180" lon="-3.1025330">
    <ele>927.8</ele>
   </trkpt>
   <trkpt lat="40.6172260" lon="-3.1024840">
    <ele>927.8</ele>
   </trkpt>
   <trkpt lat="40.6172410" lon="-3.1024390">
    <ele>927.8</ele>
   </trkpt>
   <trkpt lat="40.6172640" lon="-3.1023940">
    <ele>927.6</ele>
   </trkpt>
   <trkpt lat="40.6172940" lon="-3.1023500">
    <ele>927.4</ele>
   </trkpt>
   <trkpt lat="40.6173250" lon="-3.1023070">
    <ele>927.4</ele>
   </trkpt>
   <trkpt lat="40.6173550" lon="-3.1022650">
    <ele>927.4</ele>
   </trkpt>
   <trkpt lat="40.6173940" lon="-3.1022080">
    <ele>927.2</ele>
   </trkpt>
   <trkpt lat="40.6174200" lon="-3.1021670">
    <ele>927.2</ele>
   </trkpt>
   <trkpt lat="40.6174470" lon="-3.1021190">
    <ele>927.2</ele>
   </trkpt>
   <trkpt lat="40.6174810" lon="-3.1020800">
    <ele>927.0</ele>
   </trkpt>
   <trkpt lat="40.6175190" lon="-3.1020480">
    <ele>927.0</ele>
   </trkpt>
   <trkpt lat="40.6175610" lon="-3.1020100">
    <ele>927.0</ele>
   </trkpt>
   <trkpt lat="40.6176070" lon="-3.1019620">
    <ele>926.8</ele>
   </trkpt>
   <trkpt lat="40.6176410" lon="-3.1019220">
    <ele>926.8</ele>
   </trkpt>
   <trkpt lat="40.6176680" lon="-3.1018700">
    <ele>926.6</ele>
   </trkpt>
   <trkpt lat="40.6176910" lon="-3.1018130">
    <ele>926.6</ele>
   </trkpt>
   <trkpt lat="40.6177210" lon="-3.1017570">
    <ele>926.6</ele>
   </trkpt>
   <trkpt lat="40.6177560" lon="-3.1017110">
    <ele>926.6</ele>
   </trkpt>
   <trkpt lat="40.6177900" lon="-3.1016730">
    <ele>926.6</ele>
   </trkpt>
   <trkpt lat="40.6178280" lon="-3.1016460">
    <ele>926.8</ele>
   </trkpt>
   <trkpt lat="40.6178670" lon="-3.1016320">
    <ele>926.8</ele>
   </trkpt>
   <trkpt lat="40.6179010" lon="-3.1016220">
    <ele>927.0</ele>
   </trkpt>
   <trkpt lat="40.6179310" lon="-3.1016060">
    <ele>927.2</ele>
   </trkpt>
   <trkpt lat="40.6179540" lon="-3.1015880">
    <ele>927.2</ele>
   </trkpt>
   <trkpt lat="40.6179700" lon="-3.1015640">
    <ele>927.4</ele>
   </trkpt>
   <trkpt lat="40.6179810" lon="-3.1015320">
    <ele>927.4</ele>
   </trkpt>
   <trkpt lat="40.6179960" lon="-3.1014980">
    <ele>927.4</ele>
   </trkpt>
   <trkpt lat="40.6180110" lon="-3.1014700">
    <ele>927.4</ele>
   </trkpt>
   <trkpt lat="40.6180310" lon="-3.1014380">
    <ele>927.4</ele>
   </trkpt>
   <trkpt lat="40.6180530" lon="-3.1013980">
    <ele>927.6</ele>
   </trkpt>
   <trkpt lat="40.6180760" lon="-3.1013500">
    <ele>927.6</ele>
   </trkpt>
   <trkpt lat="40.6181030" lon="-3.1013040">
    <ele>927.6</ele>
   </trkpt>
   <trkpt lat="40.6181300" lon="-3.1012730">
    <ele>927.8</ele>
   </trkpt>
   <trkpt lat="40.6181560" lon="-3.1012510">
    <ele>927.8</ele>
   </trkpt>
   <trkpt lat="40.6181830" lon="-3.1012320">
    <ele>927.8</ele>
   </trkpt>
   <trkpt lat="40.6182060" lon="-3.1012120">
    <ele>928.0</ele>
   </trkpt>
   <trkpt lat="40.6182330" lon="-3.1011880">
    <ele>928.0</ele>
   </trkpt>
   <trkpt lat="40.6182670" lon="-3.1011560">
    <ele>928.0</ele>
   </trkpt>
   <trkpt lat="40.6183050" lon="-3.1011130">
    <ele>928.0</ele>
   </trkpt>
   <trkpt lat="40.6183240" lon="-3.1010790">
    <ele>928.2</ele>
   </trkpt>
   <trkpt lat="40.6183430" lon="-3.1010340">
    <ele>928.2</ele>
   </trkpt>
   <trkpt lat="40.6183620" lon="-3.1009850">
    <ele>928.2</ele>
   </trkpt>
   <trkpt lat="40.6183740" lon="-3.1009450">
    <ele>928.2</ele>
   </trkpt>
   <trkpt lat="40.6183890" lon="-3.1009070">
    <ele>928.4</ele>
   </trkpt>
   <trkpt lat="40.6184040" lon="-3.1008720">
    <ele>928.4</ele>
   </trkpt>
   <trkpt lat="40.6184230" lon="-3.1008330">
    <ele>928.4</ele>
   </trkpt>
   <trkpt lat="40.6184460" lon="-3.1008000">
    <ele>928.4</ele>
   </trkpt>
   <trkpt lat="40.6184730" lon="-3.1007660">
    <ele>928.4</ele>
   </trkpt>
   <trkpt lat="40.6185040" lon="-3.1007330">
    <ele>928.4</ele>
   </trkpt>
   <trkpt lat="40.6185260" lon="-3.1007010">
    <ele>928.6</ele>
   </trkpt>
   <trkpt lat="40.6185570" lon="-3.1006630">
    <ele>928.6</ele>
   </trkpt>
   <trkpt lat="40.6185840" lon="-3.1006200">
    <ele>928.6</ele>
   </trkpt>
   <trkpt lat="40.6186220" lon="-3.1005750">
    <ele>928.4</ele>
   </trkpt>
   <trkpt lat="40.6186520" lon="-3.1005490">
    <ele>928.6</ele>
   </trkpt>
   <trkpt lat="40.6186900" lon="-3.1005240">
    <ele>928.6</ele>
   </trkpt>
   <trkpt lat="40.6187320" lon="-3.1005090">
    <ele>928.6</ele>
   </trkpt>
   <trkpt lat="40.6187740" lon="-3.1005040">
    <ele>928.8</ele>
   </trkpt>
   <trkpt lat="40.6188050" lon="-3.1005100">
    <ele>928.8</ele>
   </trkpt>
   <trkpt lat="40.6188350" lon="-3.1005290">
    <ele>928.8</ele>
   </trkpt>
   <trkpt lat="40.6188620" lon="-3.1005640">
    <ele>928.8</ele>
   </trkpt>
   <trkpt lat="40.6188850" lon="-3.1006060">
    <ele>928.8</ele>
   </trkpt>
   <trkpt lat="40.6189080" lon="-3.1006450">
    <ele>929.0</ele>
   </trkpt>
   <trkpt lat="40.6189230" lon="-3.1006860">
    <ele>929.0</ele>
   </trkpt>
   <trkpt lat="40.6189380" lon="-3.1007350">
    <ele>929.0</ele>
   </trkpt>
   <trkpt lat="40.6189500" lon="-3.1007870">
    <ele>929.0</ele>
   </trkpt>
   <trkpt lat="40.6189650" lon="-3.1008420">
    <ele>929.0</ele>
   </trkpt>
   <trkpt lat="40.6189840" lon="-3.1009010">
    <ele>929.0</ele>
   </trkpt>
   <trkpt lat="40.6190070" lon="-3.1009720">
    <ele>929.2</ele>
   </trkpt>
   <trkpt lat="40.6190260" lon="-3.1010160">
    <ele>929.2</ele>
   </trkpt>
   <trkpt lat="40.6190450" lon="-3.1010640">
    <ele>929.2</ele>
   </trkpt>
   <trkpt lat="40.6190830" lon="-3.1011200">
    <ele>929.4</ele>
   </trkpt>
   <trkpt lat="40.6191060" lon="-3.1011550">
    <ele>929.4</ele>
   </trkpt>
   <trkpt lat="40.6191370" lon="-3.1011980">
    <ele>929.6</ele>
   </trkpt>
   <trkpt lat="40.6191640" lon="-3.1012490">
    <ele>929.6</ele>
   </trkpt>
   <trkpt lat="40.6191830" lon="-3.1013020">
    <ele>929.8</ele>
   </trkpt>
   <trkpt lat="40.6192020" lon="-3.1013570">
    <ele>929.8</ele>
   </trkpt>
   <trkpt lat="40.6192280" lon="-3.1014200">
    <ele>930.0</ele>
   </trkpt>
   <trkpt lat="40.6192470" lon="-3.1014810">
    <ele>930.0</ele>
   </trkpt>
   <trkpt lat="40.6192740" lon="-3.1015400">
    <ele>930.2</ele>
   </trkpt>
   <trkpt lat="40.6192930" lon="-3.1015970">
    <ele>930.2</ele>
   </trkpt>
   <trkpt lat="40.6193010" lon="-3.1016450">
    <ele>930.2</ele>
   </trkpt>
   <trkpt lat="40.6193080" lon="-3.1016980">
    <ele>930.2</ele>
   </trkpt>
   <trkpt lat="40.6193200" lon="-3.1017540">
    <ele>930.4</ele>
   </trkpt>
   <trkpt lat="40.6193350" lon="-3.1018060">
    <ele>930.4</ele>
   </trkpt>
   <trkpt lat="40.6193540" lon="-3.1018490">
    <ele>930.6</ele>
   </trkpt>
   <trkpt lat="40.6193730" lon="-3.1018950">
    <ele>930.6</ele>
   </trkpt>
   <trkpt lat="40.6193890" lon="-3.1019410">
    <ele>930.8</ele>
   </trkpt>
   <trkpt lat="40.6194000" lon="-3.1019910">
    <ele>930.8</ele>
   </trkpt>
   <trkpt lat="40.6194080" lon="-3.1020450">
    <ele>930.8</ele>
   </trkpt>
   <trkpt lat="40.6194230" lon="-3.1020980">
    <ele>930.8</ele>
   </trkpt>
   <trkpt lat="40.6194500" lon="-3.1021560">
    <ele>931.0</ele>
   </trkpt>
   <trkpt lat="40.6194610" lon="-3.1021960">
    <ele>931.0</ele>
   </trkpt>
   <trkpt lat="40.6194720" lon="-3.1022480">
    <ele>931.0</ele>
   </trkpt>
   <trkpt lat="40.6194760" lon="-3.1023100">
    <ele>931.2</ele>
   </trkpt>
   <trkpt lat="40.6194760" lon="-3.1023610">
    <ele>931.2</ele>
   </trkpt>
   <trkpt lat="40.6194690" lon="-3.1024170">
    <ele>931.2</ele>
   </trkpt>
   <trkpt lat="40.6194570" lon="-3.1024740">
    <ele>931.4</ele>
   </trkpt>
   <trkpt lat="40.6194500" lon="-3.1025200">
    <ele>931.4</ele>
   </trkpt>
   <trkpt lat="40.6194420" lon="-3.1025660">
    <ele>931.6</ele>
   </trkpt>
   <trkpt lat="40.6194420" lon="-3.1026140">
    <ele>931.6</ele>
   </trkpt>
   <trkpt lat="40.6194530" lon="-3.1026730">
    <ele>931.6</ele>
   </trkpt>
   <trkpt lat="40.6194650" lon="-3.1027150">
    <ele>931.8</ele>
   </trkpt>
   <trkpt lat="40.6194800" lon="-3.1027690">
    <ele>931.8</ele>
   </trkpt>
   <trkpt lat="40.6194950" lon="-3.1028290">
    <ele>932.0</ele>
   </trkpt>
   <trkpt lat="40.6195110" lon="-3.1028830">
    <ele>932.2</ele>
   </trkpt>
   <trkpt lat="40.6195220" lon="-3.1029360">
    <ele>932.2</ele>
   </trkpt>
   <trkpt lat="40.6195330" lon="-3.1029860">
    <ele>932.4</ele>
   </trkpt>
   <trkpt lat="40.6195450" lon="-3.1030400">
    <ele>932.4</ele>
   </trkpt>
   <trkpt lat="40.6195530" lon="-3.1030900">
    <ele>932.6</ele>
   </trkpt>
   <trkpt lat="40.6195600" lon="-3.1031390">
    <ele>932.8</ele>
   </trkpt>
   <trkpt lat="40.6195640" lon="-3.1031820">
    <ele>932.8</ele>
   </trkpt>
   <trkpt lat="40.6195720" lon="-3.1032260">
    <ele>933.0</ele>
   </trkpt>
   <trkpt lat="40.6195910" lon="-3.1032610">
    <ele>933.2</ele>
   </trkpt>
   <trkpt lat="40.6196020" lon="-3.1032920">
    <ele>933.4</ele>
   </trkpt>
   <trkpt lat="40.6195980" lon="-3.1033220">
    <ele>933.4</ele>
   </trkpt>
   <trkpt lat="40.6195980" lon="-3.1033520">
    <ele>933.4</ele>
   </trkpt>
   <trkpt lat="40.6195980" lon="-3.1033850">
    <ele>933.6</ele>
   </trkpt>
   <trkpt lat="40.6196060" lon="-3.1034280">
    <ele>933.6</ele>
   </trkpt>
   <trkpt lat="40.6196100" lon="-3.1034530">
    <ele>933.8</ele>
   </trkpt>
   <trkpt lat="40.6196170" lon="-3.1034870">
    <ele>933.8</ele>
   </trkpt>
   <trkpt lat="40.6196250" lon="-3.1035230">
    <ele>934.0</ele>
   </trkpt>
   <trkpt lat="40.6196370" lon="-3.1035670">
    <ele>934.0</ele>
   </trkpt>
   <trkpt lat="40.6196440" lon="-3.1036150">
    <ele>934.2</ele>
   </trkpt>
   <trkpt lat="40.6196480" lon="-3.1036580">
    <ele>934.2</ele>
   </trkpt>
   <trkpt lat="40.6196520" lon="-3.1036960">
    <ele>934.4</ele>
   </trkpt>
   <trkpt lat="40.6196560" lon="-3.1037330">
    <ele>934.6</ele>
   </trkpt>
   <trkpt lat="40.6196630" lon="-3.1037680">
    <ele>934.6</ele>
   </trkpt>
   <trkpt lat="40.6196710" lon="-3.1038050">
    <ele>934.8</ele>
   </trkpt>
   <trkpt lat="40.6196820" lon="-3.1038430">
    <ele>935.0</ele>
   </trkpt>
   <trkpt lat="40.6196900" lon="-3.1038800">
    <ele>935.0</ele>
   </trkpt>
   <trkpt lat="40.6197010" lon="-3.1039210">
    <ele>935.2</ele>
   </trkpt>
   <trkpt lat="40.6197090" lon="-3.1039630">
    <ele>935.4</ele>
   </trkpt>
   <trkpt lat="40.6197170" lon="-3.1040020">
    <ele>935.4</ele>
   </trkpt>
   <trkpt lat="40.6197280" lon="-3.1040380">
    <ele>935.6</ele>
   </trkpt>
   <trkpt lat="40.6197400" lon="-3.1040720">
    <ele>935.8</ele>
   </trkpt>
   <trkpt lat="40.6197550" lon="-3.1041030">
    <ele>936.0</ele>
   </trkpt>
   <trkpt lat="40.6197700" lon="-3.1041340">
    <ele>936.0</ele>
   </trkpt>
   <trkpt lat="40.6197930" lon="-3.1041570">
    <ele>936.2</ele>
   </trkpt>
   <trkpt lat="40.6198200" lon="-3.1041770">
    <ele>936.4</ele>
   </trkpt>
   <trkpt lat="40.6198500" lon="-3.1041890">
    <ele>936.6</ele>
   </trkpt>
   <trkpt lat="40.6198880" lon="-3.1041930">
    <ele>936.6</ele>
   </trkpt>
   <trkpt lat="40.6199150" lon="-3.1041900">
    <ele>936.8</ele>
   </trkpt>
   <trkpt lat="40.6199490" lon="-3.1041820">
    <ele>936.8</ele>
   </trkpt>
   <trkpt lat="40.6199800" lon="-3.1041740">
    <ele>937.0</ele>
   </trkpt>
   <trkpt lat="40.6200710" lon="-3.1041310">
    <ele>937.4</ele>
   </trkpt>
   <trkpt lat="40.6200940" lon="-3.1041170">
    <ele>937.6</ele>
   </trkpt>
   <trkpt lat="40.6201170" lon="-3.1041040">
    <ele>937.6</ele>
   </trkpt>
   <trkpt lat="40.6201400" lon="-3.1040920">
    <ele>937.8</ele>
   </trkpt>
   <trkpt lat="40.6201670" lon="-3.1040840">
    <ele>938.0</ele>
   </trkpt>
   <trkpt lat="40.6202010" lon="-3.1040720">
    <ele>938.0</ele>
   </trkpt>
   <trkpt lat="40.6202240" lon="-3.1040650">
    <ele>938.2</ele>
   </trkpt>
   <trkpt lat="40.6202580" lon="-3.1040550">
    <ele>938.2</ele>
   </trkpt>
   <trkpt lat="40.6202960" lon="-3.1040480">
    <ele>938.4</ele>
   </trkpt>
   <trkpt lat="40.6203230" lon="-3.1040470">
    <ele>938.4</ele>
   </trkpt>
   <trkpt lat="40.6203580" lon="-3.1040430">
    <ele>938.6</ele>
   </trkpt>
   <trkpt lat="40.6203920" lon="-3.1040430">
    <ele>938.6</ele>
   </trkpt>
   <trkpt lat="40.6204300" lon="-3.1040460">
    <ele>938.6</ele>
   </trkpt>
   <trkpt lat="40.6204680" lon="-3.1040470">
    <ele>938.8</ele>
   </trkpt>
   <trkpt lat="40.6205060" lon="-3.1040450">
    <ele>938.8</ele>
   </trkpt>
   <trkpt lat="40.6205370" lon="-3.1040470">
    <ele>938.8</ele>
   </trkpt>
   <trkpt lat="40.6205670" lon="-3.1040400">
    <ele>939.0</ele>
   </trkpt>
   <trkpt lat="40.6205980" lon="-3.1040350">
    <ele>939.0</ele>
   </trkpt>
   <trkpt lat="40.6206280" lon="-3.1040300">
    <ele>939.0</ele>
   </trkpt>
   <trkpt lat="40.6206630" lon="-3.1040280">
    <ele>939.0</ele>
   </trkpt>
   <trkpt lat="40.6206970" lon="-3.1040250">
    <ele>939.0</ele>
   </trkpt>
   <trkpt lat="40.6207350" lon="-3.1040230">
    <ele>939.2</ele>
   </trkpt>
   <trkpt lat="40.6207730" lon="-3.1040190">
    <ele>939.2</ele>
   </trkpt>
   <trkpt lat="40.6208110" lon="-3.1040060">
    <ele>939.2</ele>
   </trkpt>
   <trkpt lat="40.6208500" lon="-3.1039890">
    <ele>939.2</ele>
   </trkpt>
   <trkpt lat="40.6208950" lon="-3.1039730">
    <ele>939.2</ele>
   </trkpt>
   <trkpt lat="40.6209410" lon="-3.1039540">
    <ele>939.2</ele>
   </trkpt>
   <trkpt lat="40.6209910" lon="-3.1039340">
    <ele>939.2</ele>
   </trkpt>
   <trkpt lat="40.6210400" lon="-3.1039140">
    <ele>939.2</ele>
   </trkpt>
   <trkpt lat="40.6210940" lon="-3.1038990">
    <ele>939.4</ele>
   </trkpt>
   <trkpt lat="40.6211430" lon="-3.1038830">
    <ele>939.4</ele>
   </trkpt>
   <trkpt lat="40.6211930" lon="-3.1038670">
    <ele>939.4</ele>
   </trkpt>
   <trkpt lat="40.6212420" lon="-3.1038540">
    <ele>939.4</ele>
   </trkpt>
   <trkpt lat="40.6212960" lon="-3.1038440">
    <ele>939.4</ele>
   </trkpt>
   <trkpt lat="40.6213490" lon="-3.1038430">
    <ele>939.4</ele>
   </trkpt>
   <trkpt lat="40.6214030" lon="-3.1038480">
    <ele>939.4</ele>
   </trkpt>
   <trkpt lat="40.6214560" lon="-3.1038540">
    <ele>939.4</ele>
   </trkpt>
   <trkpt lat="40.6215100" lon="-3.1038600">
    <ele>939.4</ele>
   </trkpt>
   <trkpt lat="40.6215630" lon="-3.1038550">
    <ele>939.4</ele>
   </trkpt>
   <trkpt lat="40.6216160" lon="-3.1038450">
    <ele>939.6</ele>
   </trkpt>
   <trkpt lat="40.6216700" lon="-3.1038260">
    <ele>939.6</ele>
   </trkpt>
   <trkpt lat="40.6217270" lon="-3.1038050">
    <ele>939.6</ele>
   </trkpt>
   <trkpt lat="40.6217800" lon="-3.1037870">
    <ele>939.8</ele>
   </trkpt>
   <trkpt lat="40.6218300" lon="-3.1037740">
    <ele>939.8</ele>
   </trkpt>
   <trkpt lat="40.6218830" lon="-3.1037570">
    <ele>939.8</ele>
   </trkpt>
   <trkpt lat="40.6219330" lon="-3.1037310">
    <ele>939.8</ele>
   </trkpt>
   <trkpt lat="40.6219790" lon="-3.1036950">
    <ele>939.8</ele>
   </trkpt>
   <trkpt lat="40.6220250" lon="-3.1036480">
    <ele>939.8</ele>
   </trkpt>
   <trkpt lat="40.6220700" lon="-3.1036010">
    <ele>939.8</ele>
   </trkpt>
   <trkpt lat="40.6221160" lon="-3.1035520">
    <ele>939.8</ele>
   </trkpt>
   <trkpt lat="40.6221660" lon="-3.1035100">
    <ele>939.6</ele>
   </trkpt>
   <trkpt lat="40.6222110" lon="-3.1034720">
    <ele>939.6</ele>
   </trkpt>
   <trkpt lat="40.6222610" lon="-3.1034380">
    <ele>939.6</ele>
   </trkpt>
   <trkpt lat="40.6223140" lon="-3.1034110">
    <ele>939.6</ele>
   </trkpt>
   <trkpt lat="40.6223640" lon="-3.1033800">
    <ele>939.4</ele>
   </trkpt>
   <trkpt lat="40.6224210" lon="-3.1033470">
    <ele>939.4</ele>
   </trkpt>
   <trkpt lat="40.6224750" lon="-3.1033120">
    <ele>939.4</ele>
   </trkpt>
   <trkpt lat="40.6225240" lon="-3.1032720">
    <ele>939.2</ele>
   </trkpt>
   <trkpt lat="40.6225780" lon="-3.1032320">
    <ele>939.0</ele>
   </trkpt>
   <trkpt lat="40.6226270" lon="-3.1031970">
    <ele>939.0</ele>
   </trkpt>
   <trkpt lat="40.6226840" lon="-3.1031680">
    <ele>938.8</ele>
   </trkpt>
   <trkpt lat="40.6227380" lon="-3.1031420">
    <ele>938.6</ele>
   </trkpt>
   <trkpt lat="40.6227910" lon="-3.1031120">
    <ele>938.6</ele>
   </trkpt>
   <trkpt lat="40.6228410" lon="-3.1030740">
    <ele>938.6</ele>
   </trkpt>
   <trkpt lat="40.6228830" lon="-3.1030240">
    <ele>938.6</ele>
   </trkpt>
   <trkpt lat="40.6229250" lon="-3.1029820">
    <ele>938.6</ele>
   </trkpt>
   <trkpt lat="40.6229630" lon="-3.1029560">
    <ele>938.6</ele>
   </trkpt>
   <trkpt lat="40.6229970" lon="-3.1029410">
    <ele>938.6</ele>
   </trkpt>
   <trkpt lat="40.6230390" lon="-3.1029270">
    <ele>938.6</ele>
   </trkpt>
   <trkpt lat="40.6230890" lon="-3.1029090">
    <ele>938.8</ele>
   </trkpt>
   <trkpt lat="40.6231380" lon="-3.1028830">
    <ele>938.8</ele>
   </trkpt>
   <trkpt lat="40.6231880" lon="-3.1028600">
    <ele>938.8</ele>
   </trkpt>
   <trkpt lat="40.6232410" lon="-3.1028410">
    <ele>938.8</ele>
   </trkpt>
   <trkpt lat="40.6232910" lon="-3.1028260">
    <ele>938.8</ele>
   </trkpt>
   <trkpt lat="40.6233440" lon="-3.1028120">
    <ele>938.8</ele>
   </trkpt>
   <trkpt lat="40.6234020" lon="-3.1028020">
    <ele>938.6</ele>
   </trkpt>
   <trkpt lat="40.6234550" lon="-3.1027970">
    <ele>938.6</ele>
   </trkpt>
   <trkpt lat="40.6235160" lon="-3.1027890">
    <ele>938.4</ele>
   </trkpt>
   <trkpt lat="40.6235770" lon="-3.1027790">
    <ele>938.4</ele>
   </trkpt>
   <trkpt lat="40.6236340" lon="-3.1027530">
    <ele>938.4</ele>
   </trkpt>
   <trkpt lat="40.6236840" lon="-3.1027120">
    <ele>938.2</ele>
   </trkpt>
   <trkpt lat="40.6237260" lon="-3.1026570">
    <ele>938.2</ele>
   </trkpt>
   <trkpt lat="40.6237560" lon="-3.1025950">
    <ele>938.2</ele>
   </trkpt>
   <trkpt lat="40.6237830" lon="-3.1025320">
    <ele>938.2</ele>
   </trkpt>
   <trkpt lat="40.6237980" lon="-3.1024630">
    <ele>938.2</ele>
   </trkpt>
   <trkpt lat="40.6238210" lon="-3.1023950">
    <ele>938.2</ele>
   </trkpt>
   <trkpt lat="40.6238440" lon="-3.1023270">
    <ele>938.2</ele>
   </trkpt>
   <trkpt lat="40.6238710" lon="-3.1022620">
    <ele>938.2</ele>
   </trkpt>
   <trkpt lat="40.6238940" lon="-3.1021900">
    <ele>938.2</ele>
   </trkpt>
   <trkpt lat="40.6239090" lon="-3.1021150">
    <ele>938.2</ele>
   </trkpt>
   <trkpt lat="40.6239170" lon="-3.1020410">
    <ele>937.8</ele>
   </trkpt>
   <trkpt lat="40.6239240" lon="-3.1019690">
    <ele>937.6</ele>
   </trkpt>
   <trkpt lat="40.6239360" lon="-3.1018940">
    <ele>937.6</ele>
   </trkpt>
   <trkpt lat="40.6239470" lon="-3.1018160">
    <ele>937.4</ele>
   </trkpt>
   <trkpt lat="40.6239590" lon="-3.1017350">
    <ele>937.2</ele>
   </trkpt>
   <trkpt lat="40.6239700" lon="-3.1016590">
    <ele>937.2</ele>
   </trkpt>
   <trkpt lat="40.6239810" lon="-3.1015810">
    <ele>936.8</ele>
   </trkpt>
   <trkpt lat="40.6239930" lon="-3.1015020">
    <ele>936.6</ele>
   </trkpt>
   <trkpt lat="40.6239970" lon="-3.1014200">
    <ele>936.4</ele>
   </trkpt>
   <trkpt lat="40.6239970" lon="-3.1013410">
    <ele>936.2</ele>
   </trkpt>
   <trkpt lat="40.6239970" lon="-3.1012610">
    <ele>936.0</ele>
   </trkpt>
   <trkpt lat="40.6240040" lon="-3.1011790">
    <ele>935.8</ele>
   </trkpt>
   <trkpt lat="40.6240270" lon="-3.1010990">
    <ele>935.4</ele>
   </trkpt>
   <trkpt lat="40.6240500" lon="-3.1010190">
    <ele>935.2</ele>
   </trkpt>
   <trkpt lat="40.6240730" lon="-3.1009410">
    <ele>934.8</ele>
   </trkpt>
   <trkpt lat="40.6240880" lon="-3.1008640">
    <ele>934.4</ele>
   </trkpt>
   <trkpt lat="40.6241070" lon="-3.1007890">
    <ele>934.0</ele>
   </trkpt>
   <trkpt lat="40.6241150" lon="-3.1007170">
    <ele>933.8</ele>
   </trkpt>
   <trkpt lat="40.6241190" lon="-3.1006460">
    <ele>933.6</ele>
   </trkpt>
   <trkpt lat="40.6241150" lon="-3.1005700">
    <ele>933.4</ele>
   </trkpt>
   <trkpt lat="40.6241070" lon="-3.1004920">
    <ele>933.2</ele>
   </trkpt>
   <trkpt lat="40.6241040" lon="-3.1004140">
    <ele>933.0</ele>
   </trkpt>
   <trkpt lat="40.6241040" lon="-3.1003310">
    <ele>932.8</ele>
   </trkpt>
   <trkpt lat="40.6241110" lon="-3.1002490">
    <ele>932.6</ele>
   </trkpt>
   <trkpt lat="40.6241190" lon="-3.1001780">
    <ele>932.4</ele>
   </trkpt>
   <trkpt lat="40.6241190" lon="-3.1001040">
    <ele>932.2</ele>
   </trkpt>
   <trkpt lat="40.6241150" lon="-3.1000250">
    <ele>931.6</ele>
   </trkpt>
   <trkpt lat="40.6241070" lon="-3.0999440">
    <ele>931.4</ele>
   </trkpt>
   <trkpt lat="40.6241000" lon="-3.0998640">
    <ele>931.0</ele>
   </trkpt>
   <trkpt lat="40.6240880" lon="-3.0997840">
    <ele>930.8</ele>
   </trkpt>
   <trkpt lat="40.6240730" lon="-3.0997020">
    <ele>930.6</ele>
   </trkpt>
   <trkpt lat="40.6240540" lon="-3.0996260">
    <ele>930.2</ele>
   </trkpt>
   <trkpt lat="40.6240270" lon="-3.0995500">
    <ele>930.0</ele>
   </trkpt>
   <trkpt lat="40.6240040" lon="-3.0994750">
    <ele>929.6</ele>
   </trkpt>
   <trkpt lat="40.6239810" lon="-3.0993980">
    <ele>929.2</ele>
   </trkpt>
   <trkpt lat="40.6239740" lon="-3.0993160">
    <ele>929.0</ele>
   </trkpt>
   <trkpt lat="40.6239620" lon="-3.0992280">
    <ele>928.8</ele>
   </trkpt>
   <trkpt lat="40.6239590" lon="-3.0991370">
    <ele>928.4</ele>
   </trkpt>
   <trkpt lat="40.6239550" lon="-3.0990510">
    <ele>928.0</ele>
   </trkpt>
   <trkpt lat="40.6239430" lon="-3.0989660">
    <ele>927.6</ele>
   </trkpt>
   <trkpt lat="40.6239240" lon="-3.0988840">
    <ele>927.6</ele>
   </trkpt>
   <trkpt lat="40.6239050" lon="-3.0988070">
    <ele>927.4</ele>
   </trkpt>
   <trkpt lat="40.6238780" lon="-3.0987400">
    <ele>927.2</ele>
   </trkpt>
   <trkpt lat="40.6238560" lon="-3.0986840">
    <ele>927.0</ele>
   </trkpt>
   <trkpt lat="40.6238250" lon="-3.0986370">
    <ele>926.8</ele>
   </trkpt>
   <trkpt lat="40.6237980" lon="-3.0985970">
    <ele>926.6</ele>
   </trkpt>
   <trkpt lat="40.6237680" lon="-3.0985580">
    <ele>926.4</ele>
   </trkpt>
   <trkpt lat="40.6237410" lon="-3.0985140">
    <ele>926.2</ele>
   </trkpt>
   <trkpt lat="40.6237220" lon="-3.0984560">
    <ele>925.8</ele>
   </trkpt>
   <trkpt lat="40.6237070" lon="-3.0983870">
    <ele>925.4</ele>
   </trkpt>
   <trkpt lat="40.6237070" lon="-3.0983100">
    <ele>925.2</ele>
   </trkpt>
   <trkpt lat="40.6237110" lon="-3.0982330">
    <ele>924.8</ele>
   </trkpt>
   <trkpt lat="40.6237260" lon="-3.0981540">
    <ele>924.4</ele>
   </trkpt>
   <trkpt lat="40.6237490" lon="-3.0980810">
    <ele>924.4</ele>
   </trkpt>
   <trkpt lat="40.6237720" lon="-3.0980070">
    <ele>924.0</ele>
   </trkpt>
   <trkpt lat="40.6237790" lon="-3.0979260">
    <ele>923.8</ele>
   </trkpt>
   <trkpt lat="40.6237870" lon="-3.0978420">
    <ele>923.4</ele>
   </trkpt>
   <trkpt lat="40.6237950" lon="-3.0977590">
    <ele>923.0</ele>
   </trkpt>
   <trkpt lat="40.6238020" lon="-3.0976790">
    <ele>922.8</ele>
   </trkpt>
   <trkpt lat="40.6238060" lon="-3.0975940">
    <ele>922.4</ele>
   </trkpt>
   <trkpt lat="40.6238100" lon="-3.0975050">
    <ele>922.0</ele>
   </trkpt>
   <trkpt lat="40.6238210" lon="-3.0974130">
    <ele>921.6</ele>
   </trkpt>
   <trkpt lat="40.6238330" lon="-3.0973210">
    <ele>921.2</ele>
   </trkpt>
   <trkpt lat="40.6238440" lon="-3.0972260">
    <ele>920.8</ele>
   </trkpt>
   <trkpt lat="40.6238590" lon="-3.0971330">
    <ele>920.6</ele>
   </trkpt>
   <trkpt lat="40.6238710" lon="-3.0970400">
    <ele>920.4</ele>
   </trkpt>
   <trkpt lat="40.6238860" lon="-3.0969570">
    <ele>920.2</ele>
   </trkpt>
   <trkpt lat="40.6239050" lon="-3.0968910">
    <ele>920.0</ele>
   </trkpt>
   <trkpt lat="40.6239280" lon="-3.0968220">
    <ele>919.6</ele>
   </trkpt>
   <trkpt lat="40.6239510" lon="-3.0967570">
    <ele>919.6</ele>
   </trkpt>
   <trkpt lat="40.6239890" lon="-3.0966880">
    <ele>919.2</ele>
   </trkpt>
   <trkpt lat="40.6240230" lon="-3.0966200">
    <ele>919.0</ele>
   </trkpt>
   <trkpt lat="40.6240580" lon="-3.0965470">
    <ele>918.8</ele>
   </trkpt>
   <trkpt lat="40.6240840" lon="-3.0964720">
    <ele>918.4</ele>
   </trkpt>
   <trkpt lat="40.6241070" lon="-3.0963940">
    <ele>918.2</ele>
   </trkpt>
   <trkpt lat="40.6241380" lon="-3.0963070">
    <ele>917.8</ele>
   </trkpt>
   <trkpt lat="40.6241610" lon="-3.0962220">
    <ele>917.6</ele>
   </trkpt>
   <trkpt lat="40.6241840" lon="-3.0961350">
    <ele>917.4</ele>
   </trkpt>
   <trkpt lat="40.6242060" lon="-3.0960500">
    <ele>917.2</ele>
   </trkpt>
   <trkpt lat="40.6242330" lon="-3.0959610">
    <ele>916.8</ele>
   </trkpt>
   <trkpt lat="40.6242480" lon="-3.0958710">
    <ele>916.6</ele>
   </trkpt>
   <trkpt lat="40.6242640" lon="-3.0957830">
    <ele>916.4</ele>
   </trkpt>
   <trkpt lat="40.6242710" lon="-3.0956930">
    <ele>916.0</ele>
   </trkpt>
   <trkpt lat="40.6242710" lon="-3.0956080">
    <ele>915.8</ele>
   </trkpt>
   <trkpt lat="40.6242710" lon="-3.0955220">
    <ele>915.8</ele>
   </trkpt>
   <trkpt lat="40.6242680" lon="-3.0954340">
    <ele>915.6</ele>
   </trkpt>
   <trkpt lat="40.6242640" lon="-3.0953410">
    <ele>915.4</ele>
   </trkpt>
   <trkpt lat="40.6242640" lon="-3.0952590">
    <ele>915.2</ele>
   </trkpt>
   <trkpt lat="40.6242640" lon="-3.0951880">
    <ele>915.0</ele>
   </trkpt>
   <trkpt lat="40.6242600" lon="-3.0951260">
    <ele>915.0</ele>
   </trkpt>
   <trkpt lat="40.6242480" lon="-3.0950660">
    <ele>914.8</ele>
   </trkpt>
   <trkpt lat="40.6242330" lon="-3.0950100">
    <ele>914.6</ele>
   </trkpt>
   <trkpt lat="40.6242220" lon="-3.0949540">
    <ele>914.4</ele>
   </trkpt>
   <trkpt lat="40.6242140" lon="-3.0949020">
    <ele>914.2</ele>
   </trkpt>
   <trkpt lat="40.6242060" lon="-3.0948460">
    <ele>914.0</ele>
   </trkpt>
   <trkpt lat="40.6241990" lon="-3.0947930">
    <ele>913.6</ele>
   </trkpt>
   <trkpt lat="40.6241910" lon="-3.0947420">
    <ele>913.4</ele>
   </trkpt>
   <trkpt lat="40.6241720" lon="-3.0946960">
    <ele>913.2</ele>
   </trkpt>
   <trkpt lat="40.6241490" lon="-3.0946520">
    <ele>913.2</ele>
   </trkpt>
   <trkpt lat="40.6241230" lon="-3.0946100">
    <ele>913.2</ele>
   </trkpt>
   <trkpt lat="40.6240920" lon="-3.0945730">
    <ele>913.0</ele>
   </trkpt>
   <trkpt lat="40.6240650" lon="-3.0945380">
    <ele>912.8</ele>
   </trkpt>
   <trkpt lat="40.6240420" lon="-3.0944960">
    <ele>912.6</ele>
   </trkpt>
   <trkpt lat="40.6240230" lon="-3.0944380">
    <ele>912.4</ele>
   </trkpt>
   <trkpt lat="40.6240080" lon="-3.0943730">
    <ele>912.2</ele>
   </trkpt>
   <trkpt lat="40.6239930" lon="-3.0943050">
    <ele>912.0</ele>
   </trkpt>
   <trkpt lat="40.6239740" lon="-3.0942400">
    <ele>912.0</ele>
   </trkpt>
   <trkpt lat="40.6239590" lon="-3.0941830">
    <ele>912.0</ele>
   </trkpt>
   <trkpt lat="40.6239470" lon="-3.0941230">
    <ele>911.8</ele>
   </trkpt>
   <trkpt lat="40.6239400" lon="-3.0940710">
    <ele>911.8</ele>
   </trkpt>
   <trkpt lat="40.6239280" lon="-3.0940210">
    <ele>911.6</ele>
   </trkpt>
   <trkpt lat="40.6239170" lon="-3.0939710">
    <ele>911.6</ele>
   </trkpt>
   <trkpt lat="40.6239050" lon="-3.0939200">
    <ele>911.6</ele>
   </trkpt>
   <trkpt lat="40.6238900" lon="-3.0938590">
    <ele>911.4</ele>
   </trkpt>
   <trkpt lat="40.6238780" lon="-3.0938190">
    <ele>911.4</ele>
   </trkpt>
   <trkpt lat="40.6238590" lon="-3.0937690">
    <ele>911.4</ele>
   </trkpt>
   <trkpt lat="40.6238400" lon="-3.0937080">
    <ele>911.4</ele>
   </trkpt>
   <trkpt lat="40.6238100" lon="-3.0936310">
    <ele>911.4</ele>
   </trkpt>
   <trkpt lat="40.6237910" lon="-3.0935840">
    <ele>911.4</ele>
   </trkpt>
   <trkpt lat="40.6237450" lon="-3.0935180">
    <ele>911.4</ele>
   </trkpt>
   <trkpt lat="40.6236990" lon="-3.0934500">
    <ele>911.2</ele>
   </trkpt>
   <trkpt lat="40.6236500" lon="-3.0933830">
    <ele>911.2</ele>
   </trkpt>
   <trkpt lat="40.6236040" lon="-3.0933160">
    <ele>911.0</ele>
   </trkpt>
   <trkpt lat="40.6235660" lon="-3.0932670">
    <ele>911.0</ele>
   </trkpt>
   <trkpt lat="40.6235350" lon="-3.0932200">
    <ele>911.0</ele>
   </trkpt>
   <trkpt lat="40.6235240" lon="-3.0931720">
    <ele>910.8</ele>
   </trkpt>
   <trkpt lat="40.6235050" lon="-3.0931320">
    <ele>910.8</ele>
   </trkpt>
   <trkpt lat="40.6234740" lon="-3.0930820">
    <ele>910.8</ele>
   </trkpt>
   <trkpt lat="40.6234550" lon="-3.0930450">
    <ele>910.8</ele>
   </trkpt>
   <trkpt lat="40.6234360" lon="-3.0930050">
    <ele>910.6</ele>
   </trkpt>
   <trkpt lat="40.6234210" lon="-3.0929700">
    <ele>910.6</ele>
   </trkpt>
   <trkpt lat="40.6234050" lon="-3.0929300">
    <ele>910.6</ele>
   </trkpt>
   <trkpt lat="40.6233860" lon="-3.0928810">
    <ele>910.4</ele>
   </trkpt>
   <trkpt lat="40.6233630" lon="-3.0928350">
    <ele>910.2</ele>
   </trkpt>
   <trkpt lat="40.6233330" lon="-3.0927900">
    <ele>910.0</ele>
   </trkpt>
   <trkpt lat="40.6233020" lon="-3.0927410">
    <ele>910.0</ele>
   </trkpt>
   <trkpt lat="40.6232680" lon="-3.0926960">
    <ele>909.8</ele>
   </trkpt>
   <trkpt lat="40.6232260" lon="-3.0926550">
    <ele>909.6</ele>
   </trkpt>
   <trkpt lat="40.6231800" lon="-3.0926260">
    <ele>909.4</ele>
   </trkpt>
   <trkpt lat="40.6231310" lon="-3.0926060">
    <ele>909.2</ele>
   </trkpt>
   <trkpt lat="40.6230890" lon="-3.0925670">
    <ele>909.0</ele>
   </trkpt>
   <trkpt lat="40.6230470" lon="-3.0925270">
    <ele>909.0</ele>
   </trkpt>
   <trkpt lat="40.6230120" lon="-3.0924820">
    <ele>908.8</ele>
   </trkpt>
   <trkpt lat="40.6229740" lon="-3.0924370">
    <ele>908.6</ele>
   </trkpt>
   <trkpt lat="40.6229440" lon="-3.0923870">
    <ele>908.4</ele>
   </trkpt>
   <trkpt lat="40.6229130" lon="-3.0923360">
    <ele>908.2</ele>
   </trkpt>
   <trkpt lat="40.6228870" lon="-3.0922950">
    <ele>908.2</ele>
   </trkpt>
   <trkpt lat="40.6228520" lon="-3.0922440">
    <ele>908.0</ele>
   </trkpt>
   <trkpt lat="40.6228140" lon="-3.0921780">
    <ele>908.0</ele>
   </trkpt>
   <trkpt lat="40.6227800" lon="-3.0921180">
    <ele>907.8</ele>
   </trkpt>
   <trkpt lat="40.6227530" lon="-3.0920510">
    <ele>907.8</ele>
   </trkpt>
   <trkpt lat="40.6227340" lon="-3.0919960">
    <ele>907.6</ele>
   </trkpt>
   <trkpt lat="40.6227150" lon="-3.0919300">
    <ele>907.6</ele>
   </trkpt>
   <trkpt lat="40.6227000" lon="-3.0918620">
    <ele>907.4</ele>
   </trkpt>
   <trkpt lat="40.6226880" lon="-3.0917920">
    <ele>907.4</ele>
   </trkpt>
   <trkpt lat="40.6226770" lon="-3.0917140">
    <ele>907.4</ele>
   </trkpt>
   <trkpt lat="40.6226690" lon="-3.0916610">
    <ele>907.4</ele>
   </trkpt>
   <trkpt lat="40.6226580" lon="-3.0915960">
    <ele>907.4</ele>
   </trkpt>
   <trkpt lat="40.6226460" lon="-3.0915360">
    <ele>907.4</ele>
   </trkpt>
   <trkpt lat="40.6226350" lon="-3.0914670">
    <ele>907.4</ele>
   </trkpt>
   <trkpt lat="40.6226270" lon="-3.0914160">
    <ele>907.4</ele>
   </trkpt>
   <trkpt lat="40.6226270" lon="-3.0913560">
    <ele>907.4</ele>
   </trkpt>
   <trkpt lat="40.6226310" lon="-3.0912990">
    <ele>907.4</ele>
   </trkpt>
   <trkpt lat="40.6226350" lon="-3.0912480">
    <ele>907.6</ele>
   </trkpt>
   <trkpt lat="40.6226460" lon="-3.0911940">
    <ele>907.6</ele>
   </trkpt>
   <trkpt lat="40.6226580" lon="-3.0911400">
    <ele>907.6</ele>
   </trkpt>
   <trkpt lat="40.6226620" lon="-3.0910840">
    <ele>907.8</ele>
   </trkpt>
   <trkpt lat="40.6226540" lon="-3.0910320">
    <ele>907.6</ele>
   </trkpt>
   <trkpt lat="40.6226430" lon="-3.0909790">
    <ele>907.6</ele>
   </trkpt>
   <trkpt lat="40.6226270" lon="-3.0909210">
    <ele>907.6</ele>
   </trkpt>
   <trkpt lat="40.6226160" lon="-3.0908630">
    <ele>907.8</ele>
   </trkpt>
   <trkpt lat="40.6226040" lon="-3.0908050">
    <ele>907.8</ele>
   </trkpt>
   <trkpt lat="40.6225970" lon="-3.0907440">
    <ele>907.8</ele>
   </trkpt>
   <trkpt lat="40.6225850" lon="-3.0906870">
    <ele>907.8</ele>
   </trkpt>
   <trkpt lat="40.6225850" lon="-3.0906360">
    <ele>908.0</ele>
   </trkpt>
   <trkpt lat="40.6225850" lon="-3.0905840">
    <ele>908.0</ele>
   </trkpt>
   <trkpt lat="40.6225850" lon="-3.0905360">
    <ele>908.0</ele>
   </trkpt>
   <trkpt lat="40.6225890" lon="-3.0904830">
    <ele>908.0</ele>
   </trkpt>
   <trkpt lat="40.6225970" lon="-3.0904300">
    <ele>908.0</ele>
   </trkpt>
   <trkpt lat="40.6226080" lon="-3.0903620">
    <ele>907.8</ele>
   </trkpt>
   <trkpt lat="40.6226160" lon="-3.0903110">
    <ele>907.8</ele>
   </trkpt>
   <trkpt lat="40.6226270" lon="-3.0902500">
    <ele>907.6</ele>
   </trkpt>
   <trkpt lat="40.6226460" lon="-3.0901750">
    <ele>907.4</ele>
   </trkpt>
   <trkpt lat="40.6226650" lon="-3.0901290">
    <ele>907.2</ele>
   </trkpt>
   <trkpt lat="40.6226920" lon="-3.0900730">
    <ele>907.0</ele>
   </trkpt>
   <trkpt lat="40.6227150" lon="-3.0900150">
    <ele>907.0</ele>
   </trkpt>
   <trkpt lat="40.6227260" lon="-3.0899530">
    <ele>906.8</ele>
   </trkpt>
   <trkpt lat="40.6227300" lon="-3.0898940">
    <ele>906.8</ele>
   </trkpt>
   <trkpt lat="40.6227190" lon="-3.0898270">
    <ele>906.6</ele>
   </trkpt>
   <trkpt lat="40.6226960" lon="-3.0897650">
    <ele>906.6</ele>
   </trkpt>
   <trkpt lat="40.6226690" lon="-3.0897110">
    <ele>906.6</ele>
   </trkpt>
   <trkpt lat="40.6226390" lon="-3.0896590">
    <ele>906.6</ele>
   </trkpt>
   <trkpt lat="40.6226080" lon="-3.0896060">
    <ele>906.6</ele>
   </trkpt>
   <trkpt lat="40.6225780" lon="-3.0895420">
    <ele>906.8</ele>
   </trkpt>
   <trkpt lat="40.6225590" lon="-3.0894970">
    <ele>907.0</ele>
   </trkpt>
   <trkpt lat="40.6225360" lon="-3.0894460">
    <ele>907.2</ele>
   </trkpt>
   <trkpt lat="40.6225240" lon="-3.0893960">
    <ele>907.4</ele>
   </trkpt>
   <trkpt lat="40.6225130" lon="-3.0893330">
    <ele>907.6</ele>
   </trkpt>
   <trkpt lat="40.6225050" lon="-3.0892870">
    <ele>907.8</ele>
   </trkpt>
   <trkpt lat="40.6225010" lon="-3.0892340">
    <ele>908.0</ele>
   </trkpt>
   <trkpt lat="40.6224980" lon="-3.0891830">
    <ele>908.2</ele>
   </trkpt>
   <trkpt lat="40.6224900" lon="-3.0891350">
    <ele>908.4</ele>
   </trkpt>
   <trkpt lat="40.6224860" lon="-3.0890990">
    <ele>908.8</ele>
   </trkpt>
   <trkpt lat="40.6224900" lon="-3.0890650">
    <ele>909.0</ele>
   </trkpt>
   <trkpt lat="40.6224940" lon="-3.0890350">
    <ele>909.4</ele>
   </trkpt>
   <trkpt lat="40.6224940" lon="-3.0890060">
    <ele>909.6</ele>
   </trkpt>
   <trkpt lat="40.6224940" lon="-3.0889800">
    <ele>909.6</ele>
   </trkpt>
   <trkpt lat="40.6224980" lon="-3.0889500">
    <ele>909.4</ele>
   </trkpt>
   <trkpt lat="40.6225050" lon="-3.0889110">
    <ele>909.2</ele>
   </trkpt>
   <trkpt lat="40.6225050" lon="-3.0888610">
    <ele>908.8</ele>
   </trkpt>
   <trkpt lat="40.6225090" lon="-3.0888000">
    <ele>908.4</ele>
   </trkpt>
   <trkpt lat="40.6225170" lon="-3.0887280">
    <ele>907.8</ele>
   </trkpt>
   <trkpt lat="40.6225170" lon="-3.0886500">
    <ele>907.4</ele>
   </trkpt>
   <trkpt lat="40.6225240" lon="-3.0885720">
    <ele>907.0</ele>
   </trkpt>
   <trkpt lat="40.6225400" lon="-3.0884770">
    <ele>906.8</ele>
   </trkpt>
   <trkpt lat="40.6225470" lon="-3.0884160">
    <ele>906.6</ele>
   </trkpt>
   <trkpt lat="40.6225590" lon="-3.0883450">
    <ele>906.6</ele>
   </trkpt>
   <trkpt lat="40.6225700" lon="-3.0882770">
    <ele>906.4</ele>
   </trkpt>
   <trkpt lat="40.6225780" lon="-3.0882080">
    <ele>906.4</ele>
   </trkpt>
   <trkpt lat="40.6225810" lon="-3.0881460">
    <ele>906.4</ele>
   </trkpt>
   <trkpt lat="40.6225850" lon="-3.0880900">
    <ele>906.4</ele>
   </trkpt>
   <trkpt lat="40.6225810" lon="-3.0880340">
    <ele>906.4</ele>
   </trkpt>
   <trkpt lat="40.6225700" lon="-3.0879820">
    <ele>906.4</ele>
   </trkpt>
   <trkpt lat="40.6225550" lon="-3.0879320">
    <ele>906.2</ele>
   </trkpt>
   <trkpt lat="40.6225430" lon="-3.0878760">
    <ele>906.0</ele>
   </trkpt>
   <trkpt lat="40.6225320" lon="-3.0878160">
    <ele>906.0</ele>
   </trkpt>
   <trkpt lat="40.6225360" lon="-3.0877530">
    <ele>905.8</ele>
   </trkpt>
   <trkpt lat="40.6225400" lon="-3.0876880">
    <ele>905.6</ele>
   </trkpt>
   <trkpt lat="40.6225400" lon="-3.0876180">
    <ele>905.4</ele>
   </trkpt>
   <trkpt lat="40.6225400" lon="-3.0875390">
    <ele>905.2</ele>
   </trkpt>
   <trkpt lat="40.6225400" lon="-3.0874840">
    <ele>905.2</ele>
   </trkpt>
   <trkpt lat="40.6225430" lon="-3.0874260">
    <ele>905.2</ele>
   </trkpt>
   <trkpt lat="40.6225550" lon="-3.0873730">
    <ele>905.0</ele>
   </trkpt>
   <trkpt lat="40.6225700" lon="-3.0873160">
    <ele>904.8</ele>
   </trkpt>
   <trkpt lat="40.6225810" lon="-3.0872580">
    <ele>904.6</ele>
   </trkpt>
   <trkpt lat="40.6225970" lon="-3.0872040">
    <ele>904.6</ele>
   </trkpt>
   <trkpt lat="40.6226120" lon="-3.0871590">
    <ele>904.4</ele>
   </trkpt>
   <trkpt lat="40.6226200" lon="-3.0871220">
    <ele>904.4</ele>
   </trkpt>
   <trkpt lat="40.6226200" lon="-3.0870910">
    <ele>904.2</ele>
   </trkpt>
   <trkpt lat="40.6226200" lon="-3.0870640">
    <ele>904.0</ele>
   </trkpt>
   <trkpt lat="40.6226200" lon="-3.0870310">
    <ele>903.8</ele>
   </trkpt>
   <trkpt lat="40.6226200" lon="-3.0869930">
    <ele>903.6</ele>
   </trkpt>
   <trkpt lat="40.6226160" lon="-3.0869600">
    <ele>903.4</ele>
   </trkpt>
   <trkpt lat="40.6226120" lon="-3.0869250">
    <ele>903.2</ele>
   </trkpt>
   <trkpt lat="40.6226080" lon="-3.0868880">
    <ele>903.0</ele>
   </trkpt>
   <trkpt lat="40.6226080" lon="-3.0868530">
    <ele>902.6</ele>
   </trkpt>
   <trkpt lat="40.6226120" lon="-3.0868180">
    <ele>902.4</ele>
   </trkpt>
   <trkpt lat="40.6226200" lon="-3.0867790">
    <ele>902.2</ele>
   </trkpt>
   <trkpt lat="40.6226350" lon="-3.0867400">
    <ele>902.0</ele>
   </trkpt>
   <trkpt lat="40.6226540" lon="-3.0867000">
    <ele>901.8</ele>
   </trkpt>
   <trkpt lat="40.6226730" lon="-3.0866550">
    <ele>901.6</ele>
   </trkpt>
   <trkpt lat="40.6226920" lon="-3.0866140">
    <ele>901.6</ele>
   </trkpt>
   <trkpt lat="40.6227040" lon="-3.0865700">
    <ele>901.6</ele>
   </trkpt>
   <trkpt lat="40.6227150" lon="-3.0865290">
    <ele>901.6</ele>
   </trkpt>
   <trkpt lat="40.6227260" lon="-3.0864900">
    <ele>901.8</ele>
   </trkpt>
   <trkpt lat="40.6227380" lon="-3.0864600">
    <ele>902.0</ele>
   </trkpt>
   <trkpt lat="40.6227460" lon="-3.0864300">
    <ele>902.0</ele>
   </trkpt>
   <trkpt lat="40.6227530" lon="-3.0864030">
    <ele>902.2</ele>
   </trkpt>
   <trkpt lat="40.6227530" lon="-3.0863720">
    <ele>902.2</ele>
   </trkpt>
   <trkpt lat="40.6227460" lon="-3.0863380">
    <ele>902.4</ele>
   </trkpt>
   <trkpt lat="40.6227380" lon="-3.0863050">
    <ele>902.6</ele>
   </trkpt>
   <trkpt lat="40.6227230" lon="-3.0862770">
    <ele>902.8</ele>
   </trkpt>
   <trkpt lat="40.6227110" lon="-3.0862500">
    <ele>902.8</ele>
   </trkpt>
   <trkpt lat="40.6226960" lon="-3.0862250">
    <ele>903.0</ele>
   </trkpt>
   <trkpt lat="40.6226810" lon="-3.0861990">
    <ele>903.2</ele>
   </trkpt>
   <trkpt lat="40.6226650" lon="-3.0861730">
    <ele>903.4</ele>
   </trkpt>
   <trkpt lat="40.6226540" lon="-3.0861480">
    <ele>903.4</ele>
   </trkpt>
   <trkpt lat="40.6226430" lon="-3.0861230">
    <ele>903.6</ele>
   </trkpt>
   <trkpt lat="40.6226310" lon="-3.0860990">
    <ele>903.8</ele>
   </trkpt>
   <trkpt lat="40.6226160" lon="-3.0860780">
    <ele>904.0</ele>
   </trkpt>
   <trkpt lat="40.6226010" lon="-3.0860550">
    <ele>904.4</ele>
   </trkpt>
   <trkpt lat="40.6225890" lon="-3.0860330">
    <ele>904.6</ele>
   </trkpt>
   <trkpt lat="40.6225780" lon="-3.0860130">
    <ele>904.8</ele>
   </trkpt>
   <trkpt lat="40.6225620" lon="-3.0859910">
    <ele>905.0</ele>
   </trkpt>
   <trkpt lat="40.6225510" lon="-3.0859710">
    <ele>905.2</ele>
   </trkpt>
   <trkpt lat="40.6225400" lon="-3.0859490">
    <ele>905.4</ele>
   </trkpt>
   <trkpt lat="40.6225320" lon="-3.0859250">
    <ele>905.6</ele>
   </trkpt>
   <trkpt lat="40.6225200" lon="-3.0859030">
    <ele>905.8</ele>
   </trkpt>
   <trkpt lat="40.6225090" lon="-3.0858800">
    <ele>906.2</ele>
   </trkpt>
   <trkpt lat="40.6225010" lon="-3.0858560">
    <ele>906.4</ele>
   </trkpt>
   <trkpt lat="40.6224900" lon="-3.0858340">
    <ele>906.6</ele>
   </trkpt>
   <trkpt lat="40.6224820" lon="-3.0858150">
    <ele>906.8</ele>
   </trkpt>
   <trkpt lat="40.6224750" lon="-3.0857960">
    <ele>906.8</ele>
   </trkpt>
   <trkpt lat="40.6224630" lon="-3.0857740">
    <ele>906.8</ele>
   </trkpt>
   <trkpt lat="40.6224520" lon="-3.0857480">
    <ele>907.0</ele>
   </trkpt>
   <trkpt lat="40.6224400" lon="-3.0857180">
    <ele>906.8</ele>
   </trkpt>
   <trkpt lat="40.6224330" lon="-3.0856880">
    <ele>906.8</ele>
   </trkpt>
   <trkpt lat="40.6224250" lon="-3.0856560">
    <ele>906.8</ele>
   </trkpt>
   <trkpt lat="40.6224170" lon="-3.0856250">
    <ele>906.8</ele>
   </trkpt>
   <trkpt lat="40.6224060" lon="-3.0855910">
    <ele>906.8</ele>
   </trkpt>
   <trkpt lat="40.6223980" lon="-3.0855550">
    <ele>906.8</ele>
   </trkpt>
   <trkpt lat="40.6223870" lon="-3.0855170">
    <ele>906.8</ele>
   </trkpt>
   <trkpt lat="40.6223790" lon="-3.0854770">
    <ele>906.6</ele>
   </trkpt>
   <trkpt lat="40.6223720" lon="-3.0854340">
    <ele>906.4</ele>
   </trkpt>
   <trkpt lat="40.6223640" lon="-3.0853870">
    <ele>906.4</ele>
   </trkpt>
   <trkpt lat="40.6223560" lon="-3.0853370">
    <ele>906.2</ele>
   </trkpt>
   <trkpt lat="40.6223490" lon="-3.0852870">
    <ele>906.0</ele>
   </trkpt>
   <trkpt lat="40.6223410" lon="-3.0852340">
    <ele>905.6</ele>
   </trkpt>
   <trkpt lat="40.6223300" lon="-3.0851840">
    <ele>905.2</ele>
   </trkpt>
   <trkpt lat="40.6223110" lon="-3.0851310">
    <ele>905.0</ele>
   </trkpt>
   <trkpt lat="40.6222920" lon="-3.0850740">
    <ele>904.8</ele>
   </trkpt>
   <trkpt lat="40.6222800" lon="-3.0850180">
    <ele>904.6</ele>
   </trkpt>
   <trkpt lat="40.6222720" lon="-3.0849560">
    <ele>904.6</ele>
   </trkpt>
   <trkpt lat="40.6222650" lon="-3.0848940">
    <ele>904.4</ele>
   </trkpt>
   <trkpt lat="40.6222610" lon="-3.0848300">
    <ele>904.2</ele>
   </trkpt>
   <trkpt lat="40.6222530" lon="-3.0847680">
    <ele>904.0</ele>
   </trkpt>
   <trkpt lat="40.6222530" lon="-3.0847050">
    <ele>903.8</ele>
   </trkpt>
   <trkpt lat="40.6222460" lon="-3.0846380">
    <ele>903.6</ele>
   </trkpt>
   <trkpt lat="40.6222380" lon="-3.0845690">
    <ele>903.6</ele>
   </trkpt>
   <trkpt lat="40.6222310" lon="-3.0845000">
    <ele>903.4</ele>
   </trkpt>
   <trkpt lat="40.6222190" lon="-3.0844330">
    <ele>903.4</ele>
   </trkpt>
   <trkpt lat="40.6222080" lon="-3.0843670">
    <ele>903.2</ele>
   </trkpt>
   <trkpt lat="40.6221960" lon="-3.0843030">
    <ele>903.2</ele>
   </trkpt>
   <trkpt lat="40.6221770" lon="-3.0842400">
    <ele>903.0</ele>
   </trkpt>
   <trkpt lat="40.6221580" lon="-3.0841730">
    <ele>902.6</ele>
   </trkpt>
   <trkpt lat="40.6221390" lon="-3.0841070">
    <ele>902.4</ele>
   </trkpt>
   <trkpt lat="40.6221160" lon="-3.0840370">
    <ele>902.2</ele>
   </trkpt>
   <trkpt lat="40.6220930" lon="-3.0839690">
    <ele>902.0</ele>
   </trkpt>
   <trkpt lat="40.6220740" lon="-3.0838970">
    <ele>901.8</ele>
   </trkpt>
   <trkpt lat="40.6220590" lon="-3.0838240">
    <ele>901.6</ele>
   </trkpt>
   <trkpt lat="40.6220550" lon="-3.0837520">
    <ele>901.4</ele>
   </trkpt>
   <trkpt lat="40.6220510" lon="-3.0836800">
    <ele>901.4</ele>
   </trkpt>
   <trkpt lat="40.6220440" lon="-3.0836090">
    <ele>901.4</ele>
   </trkpt>
   <trkpt lat="40.6220320" lon="-3.0835430">
    <ele>901.6</ele>
   </trkpt>
   <trkpt lat="40.6220210" lon="-3.0834820">
    <ele>901.6</ele>
   </trkpt>
   <trkpt lat="40.6220090" lon="-3.0834210">
    <ele>901.6</ele>
   </trkpt>
   <trkpt lat="40.6220020" lon="-3.0833610">
    <ele>901.6</ele>
   </trkpt>
   <trkpt lat="40.6219860" lon="-3.0833000">
    <ele>901.6</ele>
   </trkpt>
   <trkpt lat="40.6219710" lon="-3.0832360">
    <ele>901.6</ele>
   </trkpt>
   <trkpt lat="40.6219600" lon="-3.0831700">
    <ele>901.6</ele>
   </trkpt>
   <trkpt lat="40.6219440" lon="-3.0831050">
    <ele>901.4</ele>
   </trkpt>
   <trkpt lat="40.6219330" lon="-3.0830370">
    <ele>901.2</ele>
   </trkpt>
   <trkpt lat="40.6219180" lon="-3.0829680">
    <ele>901.2</ele>
   </trkpt>
   <trkpt lat="40.6219060" lon="-3.0828990">
    <ele>901.0</ele>
   </trkpt>
   <trkpt lat="40.6218950" lon="-3.0828270">
    <ele>901.0</ele>
   </trkpt>
   <trkpt lat="40.6218830" lon="-3.0827570">
    <ele>900.8</ele>
   </trkpt>
   <trkpt lat="40.6218720" lon="-3.0826870">
    <ele>900.6</ele>
   </trkpt>
   <trkpt lat="40.6218680" lon="-3.0826150">
    <ele>900.4</ele>
   </trkpt>
   <trkpt lat="40.6218600" lon="-3.0825450">
    <ele>900.0</ele>
   </trkpt>
   <trkpt lat="40.6218570" lon="-3.0824700">
    <ele>899.8</ele>
   </trkpt>
   <trkpt lat="40.6218490" lon="-3.0823960">
    <ele>899.6</ele>
   </trkpt>
   <trkpt lat="40.6218410" lon="-3.0823220">
    <ele>899.4</ele>
   </trkpt>
   <trkpt lat="40.6218380" lon="-3.0822500">
    <ele>899.0</ele>
   </trkpt>
   <trkpt lat="40.6218300" lon="-3.0821790">
    <ele>898.8</ele>
   </trkpt>
   <trkpt lat="40.6218220" lon="-3.0821100">
    <ele>898.4</ele>
   </trkpt>
   <trkpt lat="40.6218070" lon="-3.0820400">
    <ele>898.0</ele>
   </trkpt>
   <trkpt lat="40.6217800" lon="-3.0819730">
    <ele>897.6</ele>
   </trkpt>
   <trkpt lat="40.6217540" lon="-3.0819170">
    <ele>897.6</ele>
   </trkpt>
   <trkpt lat="40.6217230" lon="-3.0818690">
    <ele>897.6</ele>
   </trkpt>
   <trkpt lat="40.6216850" lon="-3.0818160">
    <ele>897.6</ele>
   </trkpt>
   <trkpt lat="40.6216540" lon="-3.0817830">
    <ele>897.6</ele>
   </trkpt>
   <trkpt lat="40.6216200" lon="-3.0817430">
    <ele>897.6</ele>
   </trkpt>
   <trkpt lat="40.6215860" lon="-3.0817050">
    <ele>897.8</ele>
   </trkpt>
   <trkpt lat="40.6215520" lon="-3.0816700">
    <ele>898.0</ele>
   </trkpt>
   <trkpt lat="40.6215210" lon="-3.0816430">
    <ele>898.0</ele>
   </trkpt>
   <trkpt lat="40.6214940" lon="-3.0816270">
    <ele>898.2</ele>
   </trkpt>
   <trkpt lat="40.6214710" lon="-3.0816140">
    <ele>898.6</ele>
   </trkpt>
   <trkpt lat="40.6214490" lon="-3.0816040">
    <ele>898.8</ele>
   </trkpt>
   <trkpt lat="40.6214290" lon="-3.0815950">
    <ele>899.0</ele>
   </trkpt>
   <trkpt lat="40.6214070" lon="-3.0815920">
    <ele>899.4</ele>
   </trkpt>
   <trkpt lat="40.6213870" lon="-3.0815890">
    <ele>899.6</ele>
   </trkpt>
   <trkpt lat="40.6213680" lon="-3.0815880">
    <ele>900.0</ele>
   </trkpt>
   <trkpt lat="40.6213450" lon="-3.0815900">
    <ele>900.2</ele>
   </trkpt>
   <trkpt lat="40.6213230" lon="-3.0815920">
    <ele>900.4</ele>
   </trkpt>
   <trkpt lat="40.6213000" lon="-3.0815930">
    <ele>900.6</ele>
   </trkpt>
   <trkpt lat="40.6212730" lon="-3.0815960">
    <ele>900.8</ele>
   </trkpt>
   <trkpt lat="40.6212500" lon="-3.0815970">
    <ele>901.0</ele>
   </trkpt>
   <trkpt lat="40.6212270" lon="-3.0815950">
    <ele>901.2</ele>
   </trkpt>
   <trkpt lat="40.6211970" lon="-3.0815970">
    <ele>901.2</ele>
   </trkpt>
   <trkpt lat="40.6211700" lon="-3.0815940">
    <ele>901.2</ele>
   </trkpt>
   <trkpt lat="40.6211390" lon="-3.0815850">
    <ele>901.2</ele>
   </trkpt>
   <trkpt lat="40.6211090" lon="-3.0815740">
    <ele>901.2</ele>
   </trkpt>
   <trkpt lat="40.6210780" lon="-3.0815610">
    <ele>901.4</ele>
   </trkpt>
   <trkpt lat="40.6210480" lon="-3.0815460">
    <ele>901.4</ele>
   </trkpt>
   <trkpt lat="40.6210170" lon="-3.0815240">
    <ele>901.4</ele>
   </trkpt>
   <trkpt lat="40.6209950" lon="-3.0814950">
    <ele>901.2</ele>
   </trkpt>
   <trkpt lat="40.6209640" lon="-3.0814630">
    <ele>901.0</ele>
   </trkpt>
   <trkpt lat="40.6209300" lon="-3.0814250">
    <ele>900.6</ele>
   </trkpt>
   <trkpt lat="40.6208920" lon="-3.0813820">
    <ele>900.4</ele>
   </trkpt>
   <trkpt lat="40.6208570" lon="-3.0813340">
    <ele>900.2</ele>
   </trkpt>
   <trkpt lat="40.6208150" lon="-3.0812820">
    <ele>900.0</ele>
   </trkpt>
   <trkpt lat="40.6207810" lon="-3.0812290">
    <ele>899.8</ele>
   </trkpt>
   <trkpt lat="40.6207470" lon="-3.0811730">
    <ele>899.8</ele>
   </trkpt>
   <trkpt lat="40.6207160" lon="-3.0811180">
    <ele>899.6</ele>
   </trkpt>
   <trkpt lat="40.6206890" lon="-3.0810640">
    <ele>899.6</ele>
   </trkpt>
   <trkpt lat="40.6206660" lon="-3.0810080">
    <ele>899.4</ele>
   </trkpt>
   <trkpt lat="40.6206510" lon="-3.0809490">
    <ele>899.2</ele>
   </trkpt>
   <trkpt lat="40.6206280" lon="-3.0808930">
    <ele>899.0</ele>
   </trkpt>
   <trkpt lat="40.6206130" lon="-3.0808360">
    <ele>899.0</ele>
   </trkpt>
   <trkpt lat="40.6206020" lon="-3.0807810">
    <ele>899.0</ele>
   </trkpt>
   <trkpt lat="40.6205900" lon="-3.0807270">
    <ele>899.0</ele>
   </trkpt>
   <trkpt lat="40.6205790" lon="-3.0806740">
    <ele>899.2</ele>
   </trkpt>
   <trkpt lat="40.6205750" lon="-3.0806210">
    <ele>899.2</ele>
   </trkpt>
   <trkpt lat="40.6205710" lon="-3.0805660">
    <ele>899.2</ele>
   </trkpt>
   <trkpt lat="40.6205670" lon="-3.0805110">
    <ele>899.4</ele>
   </trkpt>
   <trkpt lat="40.6205630" lon="-3.0804500">
    <ele>899.4</ele>
   </trkpt>
   <trkpt lat="40.6205600" lon="-3.0803900">
    <ele>899.4</ele>
   </trkpt>
   <trkpt lat="40.6205520" lon="-3.0803290">
    <ele>899.4</ele>
   </trkpt>
   <trkpt lat="40.6205480" lon="-3.0802700">
    <ele>899.6</ele>
   </trkpt>
   <trkpt lat="40.6205370" lon="-3.0802110">
    <ele>899.6</ele>
   </trkpt>
   <trkpt lat="40.6205220" lon="-3.0801530">
    <ele>899.6</ele>
   </trkpt>
   <trkpt lat="40.6205180" lon="-3.0800950">
    <ele>899.8</ele>
   </trkpt>
   <trkpt lat="40.6205140" lon="-3.0800360">
    <ele>899.8</ele>
   </trkpt>
   <trkpt lat="40.6205100" lon="-3.0799770">
    <ele>899.8</ele>
   </trkpt>
   <trkpt lat="40.6205060" lon="-3.0799190">
    <ele>900.0</ele>
   </trkpt>
   <trkpt lat="40.6205020" lon="-3.0798620">
    <ele>900.0</ele>
   </trkpt>
   <trkpt lat="40.6204950" lon="-3.0798050">
    <ele>900.2</ele>
   </trkpt>
   <trkpt lat="40.6204910" lon="-3.0797500">
    <ele>900.2</ele>
   </trkpt>
   <trkpt lat="40.6204870" lon="-3.0796930">
    <ele>900.2</ele>
   </trkpt>
   <trkpt lat="40.6204830" lon="-3.0796330">
    <ele>900.4</ele>
   </trkpt>
   <trkpt lat="40.6204760" lon="-3.0795760">
    <ele>900.4</ele>
   </trkpt>
   <trkpt lat="40.6204720" lon="-3.0795190">
    <ele>900.6</ele>
   </trkpt>
   <trkpt lat="40.6204680" lon="-3.0794610">
    <ele>900.6</ele>
   </trkpt>
   <trkpt lat="40.6204600" lon="-3.0794010">
    <ele>900.8</ele>
   </trkpt>
   <trkpt lat="40.6204600" lon="-3.0793440">
    <ele>901.0</ele>
   </trkpt>
   <trkpt lat="40.6204570" lon="-3.0792910">
    <ele>901.2</ele>
   </trkpt>
   <trkpt lat="40.6204530" lon="-3.0792440">
    <ele>901.4</ele>
   </trkpt>
   <trkpt lat="40.6204530" lon="-3.0792070">
    <ele>901.4</ele>
   </trkpt>
   <trkpt lat="40.6204570" lon="-3.0791750">
    <ele>901.6</ele>
   </trkpt>
   <trkpt lat="40.6204530" lon="-3.0791430">
    <ele>901.8</ele>
   </trkpt>
   <trkpt lat="40.6204490" lon="-3.0791120">
    <ele>902.0</ele>
   </trkpt>
   <trkpt lat="40.6204450" lon="-3.0790770">
    <ele>902.0</ele>
   </trkpt>
   <trkpt lat="40.6204410" lon="-3.0790370">
    <ele>902.2</ele>
   </trkpt>
   <trkpt lat="40.6204410" lon="-3.0789920">
    <ele>902.4</ele>
   </trkpt>
   <trkpt lat="40.6204380" lon="-3.0789440">
    <ele>902.4</ele>
   </trkpt>
   <trkpt lat="40.6204340" lon="-3.0788970">
    <ele>902.6</ele>
   </trkpt>
   <trkpt lat="40.6204340" lon="-3.0788540">
    <ele>902.8</ele>
   </trkpt>
   <trkpt lat="40.6204380" lon="-3.0788140">
    <ele>903.0</ele>
   </trkpt>
   <trkpt lat="40.6204340" lon="-3.0787760">
    <ele>903.2</ele>
   </trkpt>
   <trkpt lat="40.6204340" lon="-3.0787340">
    <ele>903.4</ele>
   </trkpt>
   <trkpt lat="40.6204300" lon="-3.0786920">
    <ele>903.6</ele>
   </trkpt>
   <trkpt lat="40.6204260" lon="-3.0786520">
    <ele>903.8</ele>
   </trkpt>
   <trkpt lat="40.6204220" lon="-3.0786100">
    <ele>904.0</ele>
   </trkpt>
   <trkpt lat="40.6204190" lon="-3.0785720">
    <ele>904.0</ele>
   </trkpt>
   <trkpt lat="40.6204190" lon="-3.0785310">
    <ele>904.4</ele>
   </trkpt>
   <trkpt lat="40.6204150" lon="-3.0784850">
    <ele>904.6</ele>
   </trkpt>
   <trkpt lat="40.6204110" lon="-3.0784420">
    <ele>904.6</ele>
   </trkpt>
   <trkpt lat="40.6204070" lon="-3.0784000">
    <ele>904.8</ele>
   </trkpt>
   <trkpt lat="40.6204030" lon="-3.0783600">
    <ele>905.0</ele>
   </trkpt>
   <trkpt lat="40.6203990" lon="-3.0783200">
    <ele>905.2</ele>
   </trkpt>
   <trkpt lat="40.6203920" lon="-3.0782800">
    <ele>905.2</ele>
   </trkpt>
   <trkpt lat="40.6203920" lon="-3.0782430">
    <ele>905.4</ele>
   </trkpt>
   <trkpt lat="40.6203880" lon="-3.0782070">
    <ele>905.6</ele>
   </trkpt>
   <trkpt lat="40.6203880" lon="-3.0781720">
    <ele>905.8</ele>
   </trkpt>
   <trkpt lat="40.6203920" lon="-3.0781370">
    <ele>905.8</ele>
   </trkpt>
   <trkpt lat="40.6203920" lon="-3.0781000">
    <ele>906.0</ele>
   </trkpt>
   <trkpt lat="40.6203990" lon="-3.0780650">
    <ele>906.0</ele>
   </trkpt>
   <trkpt lat="40.6204150" lon="-3.0780380">
    <ele>906.2</ele>
   </trkpt>
   <trkpt lat="40.6204340" lon="-3.0780190">
    <ele>906.2</ele>
   </trkpt>
   <trkpt lat="40.6204570" lon="-3.0780040">
    <ele>906.4</ele>
   </trkpt>
   <trkpt lat="40.6204870" lon="-3.0779940">
    <ele>906.4</ele>
   </trkpt>
   <trkpt lat="40.6205100" lon="-3.0779890">
    <ele>906.4</ele>
   </trkpt>
   <trkpt lat="40.6205370" lon="-3.0779850">
    <ele>906.4</ele>
   </trkpt>
   <trkpt lat="40.6205710" lon="-3.0779850">
    <ele>906.4</ele>
   </trkpt>
   <trkpt lat="40.6206020" lon="-3.0779880">
    <ele>906.2</ele>
   </trkpt>
   <trkpt lat="40.6206360" lon="-3.0779870">
    <ele>906.2</ele>
   </trkpt>
   <trkpt lat="40.6206660" lon="-3.0779880">
    <ele>906.2</ele>
   </trkpt>
   <trkpt lat="40.6207010" lon="-3.0779870">
    <ele>906.4</ele>
   </trkpt>
   <trkpt lat="40.6207240" lon="-3.0779820">
    <ele>906.4</ele>
   </trkpt>
   <trkpt lat="40.6207620" lon="-3.0779770">
    <ele>906.4</ele>
   </trkpt>
   <trkpt lat="40.6207920" lon="-3.0779750">
    <ele>906.4</ele>
   </trkpt>
   <trkpt lat="40.6208310" lon="-3.0779730">
    <ele>906.4</ele>
   </trkpt>
   <trkpt lat="40.6208730" lon="-3.0779730">
    <ele>906.4</ele>
   </trkpt>
   <trkpt lat="40.6209140" lon="-3.0779750">
    <ele>906.2</ele>
   </trkpt>
   <trkpt lat="40.6209640" lon="-3.0779730">
    <ele>906.2</ele>
   </trkpt>
   <trkpt lat="40.6210060" lon="-3.0779700">
    <ele>906.2</ele>
   </trkpt>
   <trkpt lat="40.6210440" lon="-3.0779640">
    <ele>906.0</ele>
   </trkpt>
   <trkpt lat="40.6210900" lon="-3.0779550">
    <ele>906.2</ele>
   </trkpt>
   <trkpt lat="40.6211320" lon="-3.0779470">
    <ele>906.2</ele>
   </trkpt>
   <trkpt lat="40.6211780" lon="-3.0779370">
    <ele>906.2</ele>
   </trkpt>
   <trkpt lat="40.6212160" lon="-3.0779270">
    <ele>906.4</ele>
   </trkpt>
   <trkpt lat="40.6212500" lon="-3.0779150">
    <ele>906.6</ele>
   </trkpt>
   <trkpt lat="40.6212840" lon="-3.0779090">
    <ele>906.8</ele>
   </trkpt>
   <trkpt lat="40.6213150" lon="-3.0779030">
    <ele>907.0</ele>
   </trkpt>
   <trkpt lat="40.6213420" lon="-3.0778940">
    <ele>907.2</ele>
   </trkpt>
   <trkpt lat="40.6213650" lon="-3.0778840">
    <ele>907.4</ele>
   </trkpt>
   <trkpt lat="40.6213870" lon="-3.0778770">
    <ele>907.8</ele>
   </trkpt>
   <trkpt lat="40.6214070" lon="-3.0778720">
    <ele>908.0</ele>
   </trkpt>
   <trkpt lat="40.6214290" lon="-3.0778650">
    <ele>908.2</ele>
   </trkpt>
   <trkpt lat="40.6214520" lon="-3.0778540">
    <ele>908.6</ele>
   </trkpt>
   <trkpt lat="40.6214750" lon="-3.0778460">
    <ele>908.8</ele>
   </trkpt>
   <trkpt lat="40.6214980" lon="-3.0778390">
    <ele>909.0</ele>
   </trkpt>
   <trkpt lat="40.6215210" lon="-3.0778340">
    <ele>909.2</ele>
   </trkpt>
   <trkpt lat="40.6215480" lon="-3.0778320">
    <ele>909.2</ele>
   </trkpt>
   <trkpt lat="40.6215740" lon="-3.0778270">
    <ele>909.4</ele>
   </trkpt>
   <trkpt lat="40.6216010" lon="-3.0778220">
    <ele>909.6</ele>
   </trkpt>
   <trkpt lat="40.6216280" lon="-3.0778180">
    <ele>909.6</ele>
   </trkpt>
   <trkpt lat="40.6216540" lon="-3.0778120">
    <ele>909.8</ele>
   </trkpt>
   <trkpt lat="40.6216810" lon="-3.0778070">
    <ele>909.8</ele>
   </trkpt>
   <trkpt lat="40.6217040" lon="-3.0778000">
    <ele>910.0</ele>
   </trkpt>
   <trkpt lat="40.6217310" lon="-3.0777940">
    <ele>910.0</ele>
   </trkpt>
   <trkpt lat="40.6217570" lon="-3.0777870">
    <ele>910.2</ele>
   </trkpt>
   <trkpt lat="40.6217880" lon="-3.0777800">
    <ele>910.4</ele>
   </trkpt>
   <trkpt lat="40.6218110" lon="-3.0777750">
    <ele>910.4</ele>
   </trkpt>
   <trkpt lat="40.6218340" lon="-3.0777700">
    <ele>910.6</ele>
   </trkpt>
   <trkpt lat="40.6218570" lon="-3.0777670">
    <ele>910.8</ele>
   </trkpt>
   <trkpt lat="40.6218830" lon="-3.0777620">
    <ele>911.0</ele>
   </trkpt>
   <trkpt lat="40.6219060" lon="-3.0777540">
    <ele>911.2</ele>
   </trkpt>
   <trkpt lat="40.6219290" lon="-3.0777450">
    <ele>911.4</ele>
   </trkpt>
   <trkpt lat="40.6219480" lon="-3.0777390">
    <ele>911.6</ele>
   </trkpt>
   <trkpt lat="40.6219750" lon="-3.0777320">
    <ele>911.8</ele>
   </trkpt>
   <trkpt lat="40.6219980" lon="-3.0777250">
    <ele>912.0</ele>
   </trkpt>
   <trkpt lat="40.6220250" lon="-3.0777170">
    <ele>912.2</ele>
   </trkpt>
   <trkpt lat="40.6220510" lon="-3.0777120">
    <ele>912.4</ele>
   </trkpt>
   <trkpt lat="40.6220740" lon="-3.0777050">
    <ele>912.8</ele>
   </trkpt>
   <trkpt lat="40.6220970" lon="-3.0777000">
    <ele>913.0</ele>
   </trkpt>
   <trkpt lat="40.6221200" lon="-3.0776950">
    <ele>913.2</ele>
   </trkpt>
   <trkpt lat="40.6221390" lon="-3.0776920">
    <ele>913.6</ele>
   </trkpt>
   <trkpt lat="40.6221620" lon="-3.0776870">
    <ele>913.8</ele>
   </trkpt>
   <trkpt lat="40.6221850" lon="-3.0776870">
    <ele>914.2</ele>
   </trkpt>
   <trkpt lat="40.6222040" lon="-3.0776870">
    <ele>914.4</ele>
   </trkpt>
   <trkpt lat="40.6222270" lon="-3.0776910">
    <ele>914.6</ele>
   </trkpt>
   <trkpt lat="40.6222500" lon="-3.0776980">
    <ele>915.0</ele>
   </trkpt>
   <trkpt lat="40.6222690" lon="-3.0777080">
    <ele>915.2</ele>
   </trkpt>
   <trkpt lat="40.6222880" lon="-3.0777190">
    <ele>915.4</ele>
   </trkpt>
   <trkpt lat="40.6223030" lon="-3.0777340">
    <ele>915.6</ele>
   </trkpt>
   <trkpt lat="40.6223180" lon="-3.0777510">
    <ele>915.8</ele>
   </trkpt>
   <trkpt lat="40.6223330" lon="-3.0777660">
    <ele>916.0</ele>
   </trkpt>
   <trkpt lat="40.6223450" lon="-3.0777830">
    <ele>916.2</ele>
   </trkpt>
   <trkpt lat="40.6223560" lon="-3.0778020">
    <ele>916.4</ele>
   </trkpt>
   <trkpt lat="40.6223720" lon="-3.0778220">
    <ele>916.6</ele>
   </trkpt>
   <trkpt lat="40.6223910" lon="-3.0778410">
    <ele>916.6</ele>
   </trkpt>
   <trkpt lat="40.6224100" lon="-3.0778580">
    <ele>916.8</ele>
   </trkpt>
   <trkpt lat="40.6224360" lon="-3.0778760">
    <ele>916.8</ele>
   </trkpt>
   <trkpt lat="40.6224590" lon="-3.0778890">
    <ele>917.0</ele>
   </trkpt>
   <trkpt lat="40.6224820" lon="-3.0779010">
    <ele>917.0</ele>
   </trkpt>
   <trkpt lat="40.6225130" lon="-3.0779090">
    <ele>917.2</ele>
   </trkpt>
   <trkpt lat="40.6225320" lon="-3.0779180">
    <ele>917.2</ele>
   </trkpt>
   <trkpt lat="40.6225550" lon="-3.0779230">
    <ele>917.4</ele>
   </trkpt>
   <trkpt lat="40.6225740" lon="-3.0779300">
    <ele>917.6</ele>
   </trkpt>
   <trkpt lat="40.6225930" lon="-3.0779360">
    <ele>917.6</ele>
   </trkpt>
   <trkpt lat="40.6226120" lon="-3.0779410">
    <ele>917.6</ele>
   </trkpt>
   <trkpt lat="40.6226350" lon="-3.0779460">
    <ele>917.6</ele>
   </trkpt>
   <trkpt lat="40.6226580" lon="-3.0779530">
    <ele>917.6</ele>
   </trkpt>
   <trkpt lat="40.6226770" lon="-3.0779600">
    <ele>917.6</ele>
   </trkpt>
   <trkpt lat="40.6227000" lon="-3.0779630">
    <ele>917.6</ele>
   </trkpt>
   <trkpt lat="40.6227260" lon="-3.0779680">
    <ele>917.6</ele>
   </trkpt>
   <trkpt lat="40.6227530" lon="-3.0779730">
    <ele>917.4</ele>
   </trkpt>
   <trkpt lat="40.6227870" lon="-3.0779800">
    <ele>917.2</ele>
   </trkpt>
   <trkpt lat="40.6228260" lon="-3.0779910">
    <ele>917.0</ele>
   </trkpt>
   <trkpt lat="40.6228710" lon="-3.0780000">
    <ele>916.8</ele>
   </trkpt>
   <trkpt lat="40.6229170" lon="-3.0780080">
    <ele>916.6</ele>
   </trkpt>
   <trkpt lat="40.6229630" lon="-3.0780150">
    <ele>916.4</ele>
   </trkpt>
   <trkpt lat="40.6230090" lon="-3.0780200">
    <ele>916.2</ele>
   </trkpt>
   <trkpt lat="40.6230580" lon="-3.0780230">
    <ele>916.0</ele>
   </trkpt>
   <trkpt lat="40.6230960" lon="-3.0780280">
    <ele>915.8</ele>
   </trkpt>
   <trkpt lat="40.6231310" lon="-3.0780330">
    <ele>915.6</ele>
   </trkpt>
   <trkpt lat="40.6231610" lon="-3.0780460">
    <ele>915.6</ele>
   </trkpt>
   <trkpt lat="40.6231920" lon="-3.0780590">
    <ele>915.4</ele>
   </trkpt>
   <trkpt lat="40.6232220" lon="-3.0780710">
    <ele>915.2</ele>
   </trkpt>
   <trkpt lat="40.6232530" lon="-3.0780810">
    <ele>915.2</ele>
   </trkpt>
   <trkpt lat="40.6232830" lon="-3.0780860">
    <ele>915.2</ele>
   </trkpt>
   <trkpt lat="40.6233100" lon="-3.0780850">
    <ele>915.2</ele>
   </trkpt>
   <trkpt lat="40.6233370" lon="-3.0780750">
    <ele>915.2</ele>
   </trkpt>
   <trkpt lat="40.6233630" lon="-3.0780650">
    <ele>915.2</ele>
   </trkpt>
   <trkpt lat="40.6233830" lon="-3.0780600">
    <ele>915.2</ele>
   </trkpt>
   <trkpt lat="40.6234020" lon="-3.0780520">
    <ele>915.2</ele>
   </trkpt>
   <trkpt lat="40.6234210" lon="-3.0780380">
    <ele>915.4</ele>
   </trkpt>
   <trkpt lat="40.6234360" lon="-3.0780210">
    <ele>915.4</ele>
   </trkpt>
   <trkpt lat="40.6234470" lon="-3.0780010">
    <ele>915.4</ele>
   </trkpt>
   <trkpt lat="40.6234630" lon="-3.0779780">
    <ele>915.6</ele>
   </trkpt>
   <trkpt lat="40.6234780" lon="-3.0779560">
    <ele>915.8</ele>
   </trkpt>
   <trkpt lat="40.6235010" lon="-3.0779420">
    <ele>916.0</ele>
   </trkpt>
   <trkpt lat="40.6235200" lon="-3.0779300">
    <ele>916.0</ele>
   </trkpt>
   <trkpt lat="40.6235430" lon="-3.0779170">
    <ele>916.2</ele>
   </trkpt>
   <trkpt lat="40.6235620" lon="-3.0778990">
    <ele>916.4</ele>
   </trkpt>
   <trkpt lat="40.6235810" lon="-3.0778810">
    <ele>916.6</ele>
   </trkpt>
   <trkpt lat="40.6236040" lon="-3.0778690">
    <ele>916.8</ele>
   </trkpt>
   <trkpt lat="40.6236270" lon="-3.0778560">
    <ele>917.0</ele>
   </trkpt>
   <trkpt lat="40.6236460" lon="-3.0778390">
    <ele>917.2</ele>
   </trkpt>
   <trkpt lat="40.6236650" lon="-3.0778230">
    <ele>917.4</ele>
   </trkpt>
   <trkpt lat="40.6236840" lon="-3.0778090">
    <ele>917.6</ele>
   </trkpt>
   <trkpt lat="40.6237030" lon="-3.0777960">
    <ele>917.8</ele>
   </trkpt>
   <trkpt lat="40.6237260" lon="-3.0777870">
    <ele>918.0</ele>
   </trkpt>
   <trkpt lat="40.6237490" lon="-3.0777800">
    <ele>918.2</ele>
   </trkpt>
   <trkpt lat="40.6237680" lon="-3.0777670">
    <ele>918.4</ele>
   </trkpt>
   <trkpt lat="40.6237830" lon="-3.0777560">
    <ele>918.6</ele>
   </trkpt>
   <trkpt lat="40.6237980" lon="-3.0777450">
    <ele>918.8</ele>
   </trkpt>
   <trkpt lat="40.6238100" lon="-3.0777410">
    <ele>919.2</ele>
   </trkpt>
   <trkpt lat="40.6238290" lon="-3.0777370">
    <ele>919.6</ele>
   </trkpt>
   <trkpt lat="40.6238590" lon="-3.0777340">
    <ele>919.8</ele>
   </trkpt>
   <trkpt lat="40.6238780" lon="-3.0777270">
    <ele>920.2</ele>
   </trkpt>
   <trkpt lat="40.6238980" lon="-3.0777170">
    <ele>920.6</ele>
   </trkpt>
   <trkpt lat="40.6239170" lon="-3.0777070">
    <ele>921.0</ele>
   </trkpt>
   <trkpt lat="40.6239360" lon="-3.0776970">
    <ele>921.4</ele>
   </trkpt>
   <trkpt lat="40.6239590" lon="-3.0776890">
    <ele>921.8</ele>
   </trkpt>
   <trkpt lat="40.6239780" lon="-3.0776790">
    <ele>922.0</ele>
   </trkpt>
   <trkpt lat="40.6240010" lon="-3.0776710">
    <ele>922.4</ele>
   </trkpt>
   <trkpt lat="40.6240230" lon="-3.0776640">
    <ele>922.8</ele>
   </trkpt>
   <trkpt lat="40.6240460" lon="-3.0776600">
    <ele>923.4</ele>
   </trkpt>
   <trkpt lat="40.6240650" lon="-3.0776550">
    <ele>923.6</ele>
   </trkpt>
   <trkpt lat="40.6240880" lon="-3.0776490">
    <ele>924.0</ele>
   </trkpt>
   <trkpt lat="40.6241070" lon="-3.0776470">
    <ele>924.4</ele>
   </trkpt>
   <trkpt lat="40.6241260" lon="-3.0776470">
    <ele>924.6</ele>
   </trkpt>
   <trkpt lat="40.6241490" lon="-3.0776480">
    <ele>924.8</ele>
   </trkpt>
   <trkpt lat="40.6241720" lon="-3.0776500">
    <ele>925.2</ele>
   </trkpt>
   <trkpt lat="40.6241910" lon="-3.0776550">
    <ele>925.4</ele>
   </trkpt>
   <trkpt lat="40.6242060" lon="-3.0776610">
    <ele>925.6</ele>
   </trkpt>
   <trkpt lat="40.6242220" lon="-3.0776680">
    <ele>925.8</ele>
   </trkpt>
   <trkpt lat="40.6242260" lon="-3.0776720">
    <ele>925.8</ele>
   </trkpt>
   <trkpt lat="40.6241910" lon="-3.0776370">
    <ele>926.2</ele>
   </trkpt>
   <trkpt lat="40.6241720" lon="-3.0776350">
    <ele>926.0</ele>
   </trkpt>
   <trkpt lat="40.6241530" lon="-3.0776340">
    <ele>926.0</ele>
   </trkpt>
   <trkpt lat="40.6241260" lon="-3.0776350">
    <ele>925.8</ele>
   </trkpt>
   <trkpt lat="40.6241040" lon="-3.0776380">
    <ele>925.6</ele>
   </trkpt>
   <trkpt lat="40.6240810" lon="-3.0776460">
    <ele>925.4</ele>
   </trkpt>
   <trkpt lat="40.6240580" lon="-3.0776550">
    <ele>925.2</ele>
   </trkpt>
   <trkpt lat="40.6240390" lon="-3.0776650">
    <ele>925.2</ele>
   </trkpt>
   <trkpt lat="40.6240200" lon="-3.0776790">
    <ele>924.8</ele>
   </trkpt>
   <trkpt lat="40.6239970" lon="-3.0776940">
    <ele>924.4</ele>
   </trkpt>
   <trkpt lat="40.6239700" lon="-3.0777070">
    <ele>924.0</ele>
   </trkpt>
   <trkpt lat="40.6239360" lon="-3.0777180">
    <ele>923.6</ele>
   </trkpt>
   <trkpt lat="40.6239130" lon="-3.0777310">
    <ele>923.2</ele>
   </trkpt>
   <trkpt lat="40.6238860" lon="-3.0777440">
    <ele>922.4</ele>
   </trkpt>
   <trkpt lat="40.6238560" lon="-3.0777610">
    <ele>921.8</ele>
   </trkpt>
   <trkpt lat="40.6238210" lon="-3.0777780">
    <ele>921.2</ele>
   </trkpt>
   <trkpt lat="40.6237830" lon="-3.0777940">
    <ele>920.6</ele>
   </trkpt>
   <trkpt lat="40.6237450" lon="-3.0778140">
    <ele>920.0</ele>
   </trkpt>
   <trkpt lat="40.6237070" lon="-3.0778390">
    <ele>919.6</ele>
   </trkpt>
   <trkpt lat="40.6236650" lon="-3.0778650">
    <ele>919.0</ele>
   </trkpt>
   <trkpt lat="40.6236110" lon="-3.0778990">
    <ele>918.6</ele>
   </trkpt>
   <trkpt lat="40.6235850" lon="-3.0779180">
    <ele>918.2</ele>
   </trkpt>
   <trkpt lat="40.6235540" lon="-3.0779390">
    <ele>917.8</ele>
   </trkpt>
   <trkpt lat="40.6235310" lon="-3.0779560">
    <ele>917.8</ele>
   </trkpt>
   <trkpt lat="40.6235120" lon="-3.0779630">
    <ele>917.6</ele>
   </trkpt>
   <trkpt lat="40.6234930" lon="-3.0779570">
    <ele>917.4</ele>
   </trkpt>
   <trkpt lat="40.6234820" lon="-3.0779440">
    <ele>917.4</ele>
   </trkpt>
   <trkpt lat="40.6234820" lon="-3.0779260">
    <ele>917.4</ele>
   </trkpt>
   <trkpt lat="40.6234860" lon="-3.0779040">
    <ele>917.4</ele>
   </trkpt>
   <trkpt lat="40.6234970" lon="-3.0778840">
    <ele>917.6</ele>
   </trkpt>
   <trkpt lat="40.6235120" lon="-3.0778560">
    <ele>917.6</ele>
   </trkpt>
   <trkpt lat="40.6235310" lon="-3.0778250">
    <ele>917.8</ele>
   </trkpt>
   <trkpt lat="40.6235470" lon="-3.0777980">
    <ele>917.8</ele>
   </trkpt>
   <trkpt lat="40.6235580" lon="-3.0777700">
    <ele>918.0</ele>
   </trkpt>
   <trkpt lat="40.6235730" lon="-3.0777350">
    <ele>918.2</ele>
   </trkpt>
   <trkpt lat="40.6235770" lon="-3.0777080">
    <ele>918.2</ele>
   </trkpt>
   <trkpt lat="40.6235890" lon="-3.0776730">
    <ele>918.4</ele>
   </trkpt>
   <trkpt lat="40.6236000" lon="-3.0776330">
    <ele>918.4</ele>
   </trkpt>
   <trkpt lat="40.6236080" lon="-3.0776010">
    <ele>918.4</ele>
   </trkpt>
   <trkpt lat="40.6236150" lon="-3.0775630">
    <ele>918.4</ele>
   </trkpt>
   <trkpt lat="40.6236230" lon="-3.0775230">
    <ele>918.4</ele>
   </trkpt>
   <trkpt lat="40.6236340" lon="-3.0774820">
    <ele>918.2</ele>
   </trkpt>
   <trkpt lat="40.6236460" lon="-3.0774390">
    <ele>918.0</ele>
   </trkpt>
   <trkpt lat="40.6236570" lon="-3.0773860">
    <ele>917.6</ele>
   </trkpt>
   <trkpt lat="40.6236690" lon="-3.0773260">
    <ele>917.2</ele>
   </trkpt>
   <trkpt lat="40.6236760" lon="-3.0772540">
    <ele>916.8</ele>
   </trkpt>
   <trkpt lat="40.6236610" lon="-3.0771630">
    <ele>916.2</ele>
   </trkpt>
   <trkpt lat="40.6236380" lon="-3.0771020">
    <ele>915.6</ele>
   </trkpt>
   <trkpt lat="40.6236110" lon="-3.0770280">
    <ele>915.2</ele>
   </trkpt>
   <trkpt lat="40.6235810" lon="-3.0769500">
    <ele>915.0</ele>
   </trkpt>
   <trkpt lat="40.6235620" lon="-3.0768730">
    <ele>914.8</ele>
   </trkpt>
   <trkpt lat="40.6235540" lon="-3.0768020">
    <ele>914.6</ele>
   </trkpt>
   <trkpt lat="40.6235540" lon="-3.0767310">
    <ele>914.4</ele>
   </trkpt>
   <trkpt lat="40.6235620" lon="-3.0766610">
    <ele>914.2</ele>
   </trkpt>
   <trkpt lat="40.6235690" lon="-3.0765920">
    <ele>913.8</ele>
   </trkpt>
   <trkpt lat="40.6235770" lon="-3.0765260">
    <ele>913.6</ele>
   </trkpt>
   <trkpt lat="40.6235810" lon="-3.0764640">
    <ele>913.4</ele>
   </trkpt>
   <trkpt lat="40.6235810" lon="-3.0764070">
    <ele>913.0</ele>
   </trkpt>
   <trkpt lat="40.6235730" lon="-3.0763540">
    <ele>912.6</ele>
   </trkpt>
   <trkpt lat="40.6235620" lon="-3.0763030">
    <ele>912.0</ele>
   </trkpt>
   <trkpt lat="40.6235470" lon="-3.0762560">
    <ele>911.4</ele>
   </trkpt>
   <trkpt lat="40.6235310" lon="-3.0762090">
    <ele>910.8</ele>
   </trkpt>
   <trkpt lat="40.6235080" lon="-3.0761650">
    <ele>910.0</ele>
   </trkpt>
   <trkpt lat="40.6234780" lon="-3.0761170">
    <ele>909.4</ele>
   </trkpt>
   <trkpt lat="40.6234400" lon="-3.0760690">
    <ele>908.6</ele>
   </trkpt>
   <trkpt lat="40.6234020" lon="-3.0760190">
    <ele>907.6</ele>
   </trkpt>
   <trkpt lat="40.6233630" lon="-3.0759570">
    <ele>906.8</ele>
   </trkpt>
   <trkpt lat="40.6233250" lon="-3.0759120">
    <ele>906.0</ele>
   </trkpt>
   <trkpt lat="40.6232800" lon="-3.0758540">
    <ele>904.8</ele>
   </trkpt>
   <trkpt lat="40.6232340" lon="-3.0757910">
    <ele>903.8</ele>
   </trkpt>
   <trkpt lat="40.6231770" lon="-3.0757210">
    <ele>902.8</ele>
   </trkpt>
   <trkpt lat="40.6231190" lon="-3.0756540">
    <ele>901.8</ele>
   </trkpt>
   <trkpt lat="40.6230660" lon="-3.0755950">
    <ele>901.2</ele>
   </trkpt>
   <trkpt lat="40.6230200" lon="-3.0755450">
    <ele>900.6</ele>
   </trkpt>
   <trkpt lat="40.6229740" lon="-3.0754990">
    <ele>899.8</ele>
   </trkpt>
   <trkpt lat="40.6229290" lon="-3.0754560">
    <ele>899.2</ele>
   </trkpt>
   <trkpt lat="40.6228870" lon="-3.0754180">
    <ele>898.6</ele>
   </trkpt>
   <trkpt lat="40.6228560" lon="-3.0753880">
    <ele>898.2</ele>
   </trkpt>
   <trkpt lat="40.6228290" lon="-3.0753660">
    <ele>897.8</ele>
   </trkpt>
   <trkpt lat="40.6228070" lon="-3.0753490">
    <ele>897.2</ele>
   </trkpt>
   <trkpt lat="40.6227760" lon="-3.0753310">
    <ele>896.8</ele>
   </trkpt>
   <trkpt lat="40.6227460" lon="-3.0753080">
    <ele>896.2</ele>
   </trkpt>
   <trkpt lat="40.6227070" lon="-3.0752780">
    <ele>895.6</ele>
   </trkpt>
   <trkpt lat="40.6226620" lon="-3.0752460">
    <ele>895.0</ele>
   </trkpt>
   <trkpt lat="40.6226120" lon="-3.0752110">
    <ele>894.4</ele>
   </trkpt>
   <trkpt lat="40.6225700" lon="-3.0751880">
    <ele>893.8</ele>
   </trkpt>
   <trkpt lat="40.6225200" lon="-3.0751610">
    <ele>893.2</ele>
   </trkpt>
   <trkpt lat="40.6224710" lon="-3.0751300">
    <ele>892.6</ele>
   </trkpt>
   <trkpt lat="40.6224170" lon="-3.0750870">
    <ele>891.8</ele>
   </trkpt>
   <trkpt lat="40.6223600" lon="-3.0750270">
    <ele>891.2</ele>
   </trkpt>
   <trkpt lat="40.6223140" lon="-3.0749770">
    <ele>890.6</ele>
   </trkpt>
   <trkpt lat="40.6222720" lon="-3.0749130">
    <ele>889.8</ele>
   </trkpt>
   <trkpt lat="40.6222230" lon="-3.0748460">
    <ele>889.2</ele>
   </trkpt>
   <trkpt lat="40.6221850" lon="-3.0747820">
    <ele>888.6</ele>
   </trkpt>
   <trkpt lat="40.6221540" lon="-3.0747300">
    <ele>888.0</ele>
   </trkpt>
   <trkpt lat="40.6221240" lon="-3.0746810">
    <ele>887.6</ele>
   </trkpt>
   <trkpt lat="40.6220930" lon="-3.0746300">
    <ele>887.0</ele>
   </trkpt>
   <trkpt lat="40.6220550" lon="-3.0745790">
    <ele>886.4</ele>
   </trkpt>
   <trkpt lat="40.6220320" lon="-3.0745500">
    <ele>885.8</ele>
   </trkpt>
   <trkpt lat="40.6220020" lon="-3.0745150">
    <ele>885.0</ele>
   </trkpt>
   <trkpt lat="40.6219630" lon="-3.0744760">
    <ele>884.6</ele>
   </trkpt>
   <trkpt lat="40.6219330" lon="-3.0744400">
    <ele>884.0</ele>
   </trkpt>
   <trkpt lat="40.6218910" lon="-3.0744050">
    <ele>883.2</ele>
   </trkpt>
   <trkpt lat="40.6218380" lon="-3.0743640">
    <ele>882.4</ele>
   </trkpt>
   <trkpt lat="40.6217960" lon="-3.0743390">
    <ele>881.8</ele>
   </trkpt>
   <trkpt lat="40.6217460" lon="-3.0743150">
    <ele>881.4</ele>
   </trkpt>
   <trkpt lat="40.6216890" lon="-3.0742960">
    <ele>881.2</ele>
   </trkpt>
   <trkpt lat="40.6216510" lon="-3.0742870">
    <ele>880.8</ele>
   </trkpt>
   <trkpt lat="40.6216130" lon="-3.0742820">
    <ele>880.6</ele>
   </trkpt>
   <trkpt lat="40.6215780" lon="-3.0742740">
    <ele>880.4</ele>
   </trkpt>
   <trkpt lat="40.6215360" lon="-3.0742620">
    <ele>880.2</ele>
   </trkpt>
   <trkpt lat="40.6215020" lon="-3.0742470">
    <ele>879.8</ele>
   </trkpt>
   <trkpt lat="40.6214710" lon="-3.0742350">
    <ele>879.6</ele>
   </trkpt>
   <trkpt lat="40.6214560" lon="-3.0742270">
    <ele>879.4</ele>
   </trkpt>
   <trkpt lat="40.6214410" lon="-3.0742180">
    <ele>879.2</ele>
   </trkpt>
   <trkpt lat="40.6214290" lon="-3.0742120">
    <ele>879.0</ele>
   </trkpt>
   <trkpt lat="40.6214070" lon="-3.0742120">
    <ele>878.8</ele>
   </trkpt>
   <trkpt lat="40.6213800" lon="-3.0742080">
    <ele>878.6</ele>
   </trkpt>
   <trkpt lat="40.6213530" lon="-3.0742070">
    <ele>878.4</ele>
   </trkpt>
   <trkpt lat="40.6213340" lon="-3.0742100">
    <ele>878.0</ele>
   </trkpt>
   <trkpt lat="40.6213000" lon="-3.0742100">
    <ele>877.8</ele>
   </trkpt>
   <trkpt lat="40.6212650" lon="-3.0742100">
    <ele>877.4</ele>
   </trkpt>
   <trkpt lat="40.6212350" lon="-3.0742080">
    <ele>877.2</ele>
   </trkpt>
   <trkpt lat="40.6212010" lon="-3.0742050">
    <ele>876.8</ele>
   </trkpt>
   <trkpt lat="40.6211620" lon="-3.0742020">
    <ele>876.6</ele>
   </trkpt>
   <trkpt lat="40.6211320" lon="-3.0742020">
    <ele>876.4</ele>
   </trkpt>
   <trkpt lat="40.6210900" lon="-3.0742060">
    <ele>876.0</ele>
   </trkpt>
   <trkpt lat="40.6210480" lon="-3.0742160">
    <ele>875.8</ele>
   </trkpt>
   <trkpt lat="40.6210020" lon="-3.0742260">
    <ele>875.4</ele>
   </trkpt>
   <trkpt lat="40.6209530" lon="-3.0742390">
    <ele>874.6</ele>
   </trkpt>
   <trkpt lat="40.6208950" lon="-3.0742580">
    <ele>873.8</ele>
   </trkpt>
   <trkpt lat="40.6208380" lon="-3.0742810">
    <ele>873.2</ele>
   </trkpt>
   <trkpt lat="40.6207770" lon="-3.0743020">
    <ele>872.6</ele>
   </trkpt>
   <trkpt lat="40.6207160" lon="-3.0743240">
    <ele>872.0</ele>
   </trkpt>
   <trkpt lat="40.6206400" lon="-3.0743510">
    <ele>871.4</ele>
   </trkpt>
   <trkpt lat="40.6205860" lon="-3.0743690">
    <ele>870.6</ele>
   </trkpt>
   <trkpt lat="40.6205220" lon="-3.0743910">
    <ele>870.0</ele>
   </trkpt>
   <trkpt lat="40.6204450" lon="-3.0744190">
    <ele>869.4</ele>
   </trkpt>
   <trkpt lat="40.6203990" lon="-3.0744370">
    <ele>869.0</ele>
   </trkpt>
   <trkpt lat="40.6203460" lon="-3.0744560">
    <ele>868.6</ele>
   </trkpt>
   <trkpt lat="40.6202850" lon="-3.0744660">
    <ele>868.4</ele>
   </trkpt>
   <trkpt lat="40.6202350" lon="-3.0744620">
    <ele>868.2</ele>
   </trkpt>
   <trkpt lat="40.6201930" lon="-3.0744410">
    <ele>868.2</ele>
   </trkpt>
   <trkpt lat="40.6201590" lon="-3.0743930">
    <ele>867.8</ele>
   </trkpt>
   <trkpt lat="40.6201360" lon="-3.0743370">
    <ele>867.6</ele>
   </trkpt>
   <trkpt lat="40.6201060" lon="-3.0742740">
    <ele>867.4</ele>
   </trkpt>
   <trkpt lat="40.6200640" lon="-3.0742070">
    <ele>867.0</ele>
   </trkpt>
   <trkpt lat="40.6200330" lon="-3.0741670">
    <ele>866.6</ele>
   </trkpt>
   <trkpt lat="40.6199910" lon="-3.0741200">
    <ele>866.4</ele>
   </trkpt>
   <trkpt lat="40.6199420" lon="-3.0740600">
    <ele>866.0</ele>
   </trkpt>
   <trkpt lat="40.6198920" lon="-3.0740140">
    <ele>865.6</ele>
   </trkpt>
   <trkpt lat="40.6198500" lon="-3.0739810">
    <ele>865.2</ele>
   </trkpt>
   <trkpt lat="40.6197970" lon="-3.0739400">
    <ele>864.8</ele>
   </trkpt>
   <trkpt lat="40.6197430" lon="-3.0739030">
    <ele>864.6</ele>
   </trkpt>
   <trkpt lat="40.6196860" lon="-3.0738740">
    <ele>864.2</ele>
   </trkpt>
   <trkpt lat="40.6196290" lon="-3.0738440">
    <ele>864.0</ele>
   </trkpt>
   <trkpt lat="40.6195720" lon="-3.0738100">
    <ele>863.8</ele>
   </trkpt>
   <trkpt lat="40.6195180" lon="-3.0737650">
    <ele>863.6</ele>
   </trkpt>
   <trkpt lat="40.6194720" lon="-3.0737100">
    <ele>863.2</ele>
   </trkpt>
   <trkpt lat="40.6194340" lon="-3.0736330">
    <ele>863.0</ele>
   </trkpt>
   <trkpt lat="40.6194150" lon="-3.0735610">
    <ele>862.6</ele>
   </trkpt>
   <trkpt lat="40.6194000" lon="-3.0735120">
    <ele>862.4</ele>
   </trkpt>
   <trkpt lat="40.6193770" lon="-3.0734560">
    <ele>861.8</ele>
   </trkpt>
   <trkpt lat="40.6193470" lon="-3.0734070">
    <ele>861.4</ele>
   </trkpt>
   <trkpt lat="40.6193050" lon="-3.0733650">
    <ele>860.6</ele>
   </trkpt>
   <trkpt lat="40.6192470" lon="-3.0733120">
    <ele>860.0</ele>
   </trkpt>
   <trkpt lat="40.6191980" lon="-3.0732750">
    <ele>859.4</ele>
   </trkpt>
   <trkpt lat="40.6191410" lon="-3.0732300">
    <ele>859.0</ele>
   </trkpt>
   <trkpt lat="40.6190720" lon="-3.0731690">
    <ele>858.4</ele>
   </trkpt>
   <trkpt lat="40.6190260" lon="-3.0731250">
    <ele>858.0</ele>
   </trkpt>
   <trkpt lat="40.6189730" lon="-3.0730740">
    <ele>857.8</ele>
   </trkpt>
   <trkpt lat="40.6189080" lon="-3.0730140">
    <ele>857.4</ele>
   </trkpt>
   <trkpt lat="40.6188620" lon="-3.0729730">
    <ele>857.2</ele>
   </trkpt>
   <trkpt lat="40.6188130" lon="-3.0729250">
    <ele>857.0</ele>
   </trkpt>
   <trkpt lat="40.6187480" lon="-3.0728740">
    <ele>856.6</ele>
   </trkpt>
   <trkpt lat="40.6186940" lon="-3.0728320">
    <ele>856.2</ele>
   </trkpt>
   <trkpt lat="40.6186450" lon="-3.0728040">
    <ele>855.8</ele>
   </trkpt>
   <trkpt lat="40.6185720" lon="-3.0727600">
    <ele>855.2</ele>
   </trkpt>
   <trkpt lat="40.6185190" lon="-3.0727140">
    <ele>854.8</ele>
   </trkpt>
   <trkpt lat="40.6184580" lon="-3.0726600">
    <ele>854.2</ele>
   </trkpt>
   <trkpt lat="40.6184010" lon="-3.0726050">
    <ele>853.6</ele>
   </trkpt>
   <trkpt lat="40.6183510" lon="-3.0725600">
    <ele>853.0</ele>
   </trkpt>
   <trkpt lat="40.6182860" lon="-3.0724940">
    <ele>852.4</ele>
   </trkpt>
   <trkpt lat="40.6182250" lon="-3.0724380">
    <ele>852.0</ele>
   </trkpt>
   <trkpt lat="40.6181600" lon="-3.0723920">
    <ele>851.6</ele>
   </trkpt>
   <trkpt lat="40.6180990" lon="-3.0723500">
    <ele>851.4</ele>
   </trkpt>
   <trkpt lat="40.6180380" lon="-3.0723130">
    <ele>851.0</ele>
   </trkpt>
   <trkpt lat="40.6179810" lon="-3.0722780">
    <ele>850.8</ele>
   </trkpt>
   <trkpt lat="40.6179280" lon="-3.0722380">
    <ele>850.8</ele>
   </trkpt>
   <trkpt lat="40.6178860" lon="-3.0721920">
    <ele>850.8</ele>
   </trkpt>
   <trkpt lat="40.6178550" lon="-3.0721340">
    <ele>850.6</ele>
   </trkpt>
   <trkpt lat="40.6178360" lon="-3.0720670">
    <ele>850.4</ele>
   </trkpt>
   <trkpt lat="40.6178250" lon="-3.0720020">
    <ele>850.4</ele>
   </trkpt>
   <trkpt lat="40.6178130" lon="-3.0719440">
    <ele>850.4</ele>
   </trkpt>
   <trkpt lat="40.6178050" lon="-3.0719080">
    <ele>850.2</ele>
   </trkpt>
   <trkpt lat="40.6177980" lon="-3.0718710">
    <ele>850.2</ele>
   </trkpt>
   <trkpt lat="40.6177900" lon="-3.0718490">
    <ele>850.0</ele>
   </trkpt>
   <trkpt lat="40.6177900" lon="-3.0718390">
    <ele>850.0</ele>
   </trkpt>
   <trkpt lat="40.6177830" lon="-3.0718270">
    <ele>849.8</ele>
   </trkpt>
   <trkpt lat="40.6177710" lon="-3.0718170">
    <ele>849.6</ele>
   </trkpt>
   <trkpt lat="40.6177480" lon="-3.0717930">
    <ele>849.6</ele>
   </trkpt>
   <trkpt lat="40.6177290" lon="-3.0717580">
    <ele>849.4</ele>
   </trkpt>
   <trkpt lat="40.6177060" lon="-3.0717200">
    <ele>849.0</ele>
   </trkpt>
   <trkpt lat="40.6176830" lon="-3.0716880">
    <ele>848.6</ele>
   </trkpt>
   <trkpt lat="40.6176570" lon="-3.0716360">
    <ele>848.2</ele>
   </trkpt>
   <trkpt lat="40.6176340" lon="-3.0715870">
    <ele>847.8</ele>
   </trkpt>
   <trkpt lat="40.6176110" lon="-3.0715460">
    <ele>847.2</ele>
   </trkpt>
   <trkpt lat="40.6175800" lon="-3.0715000">
    <ele>846.8</ele>
   </trkpt>
   <trkpt lat="40.6175500" lon="-3.0714420">
    <ele>846.0</ele>
   </trkpt>
   <trkpt lat="40.6175190" lon="-3.0713850">
    <ele>845.4</ele>
   </trkpt>
   <trkpt lat="40.6174930" lon="-3.0713270">
    <ele>844.6</ele>
   </trkpt>
   <trkpt lat="40.6174660" lon="-3.0712690">
    <ele>844.2</ele>
   </trkpt>
   <trkpt lat="40.6174430" lon="-3.0712120">
    <ele>843.4</ele>
   </trkpt>
   <trkpt lat="40.6174200" lon="-3.0711570">
    <ele>842.8</ele>
   </trkpt>
   <trkpt lat="40.6174010" lon="-3.0711050">
    <ele>842.4</ele>
   </trkpt>
   <trkpt lat="40.6173900" lon="-3.0710650">
    <ele>841.8</ele>
   </trkpt>
   <trkpt lat="40.6173740" lon="-3.0710060">
    <ele>841.2</ele>
   </trkpt>
   <trkpt lat="40.6173590" lon="-3.0709620">
    <ele>840.6</ele>
   </trkpt>
   <trkpt lat="40.6173440" lon="-3.0709140">
    <ele>840.0</ele>
   </trkpt>
   <trkpt lat="40.6173320" lon="-3.0708650">
    <ele>839.4</ele>
   </trkpt>
   <trkpt lat="40.6173250" lon="-3.0708160">
    <ele>838.6</ele>
   </trkpt>
   <trkpt lat="40.6173170" lon="-3.0707760">
    <ele>838.0</ele>
   </trkpt>
   <trkpt lat="40.6173020" lon="-3.0707270">
    <ele>837.4</ele>
   </trkpt>
   <trkpt lat="40.6172980" lon="-3.0707030">
    <ele>836.8</ele>
   </trkpt>
   <trkpt lat="40.6172870" lon="-3.0706740">
    <ele>836.2</ele>
   </trkpt>
   <trkpt lat="40.6172830" lon="-3.0706480">
    <ele>835.6</ele>
   </trkpt>
   <trkpt lat="40.6172750" lon="-3.0706160">
    <ele>835.2</ele>
   </trkpt>
   <trkpt lat="40.6172680" lon="-3.0705840">
    <ele>834.6</ele>
   </trkpt>
   <trkpt lat="40.6172600" lon="-3.0705520">
    <ele>834.2</ele>
   </trkpt>
   <trkpt lat="40.6172490" lon="-3.0705180">
    <ele>833.6</ele>
   </trkpt>
   <trkpt lat="40.6172370" lon="-3.0704850">
    <ele>833.0</ele>
   </trkpt>
   <trkpt lat="40.6172220" lon="-3.0704480">
    <ele>832.4</ele>
   </trkpt>
   <trkpt lat="40.6172030" lon="-3.0704160">
    <ele>832.0</ele>
   </trkpt>
   <trkpt lat="40.6171840" lon="-3.0703850">
    <ele>831.4</ele>
   </trkpt>
   <trkpt lat="40.6171610" lon="-3.0703590">
    <ele>830.6</ele>
   </trkpt>
   <trkpt lat="40.6171300" lon="-3.0703330">
    <ele>830.0</ele>
   </trkpt>
   <trkpt lat="40.6170920" lon="-3.0703070">
    <ele>829.2</ele>
   </trkpt>
   <trkpt lat="40.6170420" lon="-3.0702920">
    <ele>828.4</ele>
   </trkpt>
   <trkpt lat="40.6169890" lon="-3.0702850">
    <ele>827.8</ele>
   </trkpt>
   <trkpt lat="40.6169400" lon="-3.0702850">
    <ele>827.0</ele>
   </trkpt>
   <trkpt lat="40.6168790" lon="-3.0702900">
    <ele>826.6</ele>
   </trkpt>
   <trkpt lat="40.6168140" lon="-3.0703030">
    <ele>826.0</ele>
   </trkpt>
   <trkpt lat="40.6167410" lon="-3.0703180">
    <ele>825.6</ele>
   </trkpt>
   <trkpt lat="40.6166800" lon="-3.0703200">
    <ele>825.2</ele>
   </trkpt>
   <trkpt lat="40.6166310" lon="-3.0703060">
    <ele>825.0</ele>
   </trkpt>
   <trkpt lat="40.6165660" lon="-3.0702630">
    <ele>824.6</ele>
   </trkpt>
   <trkpt lat="40.6165120" lon="-3.0702160">
    <ele>824.4</ele>
   </trkpt>
   <trkpt lat="40.6164660" lon="-3.0701580">
    <ele>824.0</ele>
   </trkpt>
   <trkpt lat="40.6164320" lon="-3.0701070">
    <ele>823.6</ele>
   </trkpt>
   <trkpt lat="40.6163710" lon="-3.0700300">
    <ele>823.0</ele>
   </trkpt>
   <trkpt lat="40.6163180" lon="-3.0699650">
    <ele>822.6</ele>
   </trkpt>
   <trkpt lat="40.6162610" lon="-3.0699040">
    <ele>822.2</ele>
   </trkpt>
   <trkpt lat="40.6162110" lon="-3.0698480">
    <ele>821.8</ele>
   </trkpt>
   <trkpt lat="40.6161460" lon="-3.0697620">
    <ele>821.2</ele>
   </trkpt>
   <trkpt lat="40.6161040" lon="-3.0696990">
    <ele>820.8</ele>
   </trkpt>
   <trkpt lat="40.6160510" lon="-3.0696230">
    <ele>820.4</ele>
   </trkpt>
   <trkpt lat="40.6159820" lon="-3.0695340">
    <ele>820.0</ele>
   </trkpt>
   <trkpt lat="40.6159290" lon="-3.0694660">
    <ele>819.8</ele>
   </trkpt>
   <trkpt lat="40.6158870" lon="-3.0694150">
    <ele>819.6</ele>
   </trkpt>
   <trkpt lat="40.6158220" lon="-3.0693460">
    <ele>819.6</ele>
   </trkpt>
   <trkpt lat="40.6157720" lon="-3.0692930">
    <ele>819.6</ele>
   </trkpt>
   <trkpt lat="40.6157340" lon="-3.0692540">
    <ele>819.4</ele>
   </trkpt>
   <trkpt lat="40.6156880" lon="-3.0692020">
    <ele>819.2</ele>
   </trkpt>
   <trkpt lat="40.6156620" lon="-3.0691700">
    <ele>819.0</ele>
   </trkpt>
   <trkpt lat="40.6156390" lon="-3.0691340">
    <ele>818.8</ele>
   </trkpt>
   <trkpt lat="40.6156200" lon="-3.0691020">
    <ele>818.6</ele>
   </trkpt>
   <trkpt lat="40.6155970" lon="-3.0690700">
    <ele>818.2</ele>
   </trkpt>
   <trkpt lat="40.6155740" lon="-3.0690370">
    <ele>817.6</ele>
   </trkpt>
   <trkpt lat="40.6155470" lon="-3.0690040">
    <ele>817.0</ele>
   </trkpt>
   <trkpt lat="40.6155240" lon="-3.0689580">
    <ele>816.4</ele>
   </trkpt>
   <trkpt lat="40.6155010" lon="-3.0688980">
    <ele>815.6</ele>
   </trkpt>
   <trkpt lat="40.6154820" lon="-3.0688360">
    <ele>814.6</ele>
   </trkpt>
   <trkpt lat="40.6154670" lon="-3.0687710">
    <ele>813.8</ele>
   </trkpt>
   <trkpt lat="40.6154520" lon="-3.0687010">
    <ele>812.8</ele>
   </trkpt>
   <trkpt lat="40.6154370" lon="-3.0686320">
    <ele>811.8</ele>
   </trkpt>
   <trkpt lat="40.6154250" lon="-3.0685600">
    <ele>811.0</ele>
   </trkpt>
   <trkpt lat="40.6154100" lon="-3.0684860">
    <ele>810.0</ele>
   </trkpt>
   <trkpt lat="40.6153870" lon="-3.0684060">
    <ele>809.2</ele>
   </trkpt>
   <trkpt lat="40.6153640" lon="-3.0683310">
    <ele>808.4</ele>
   </trkpt>
   <trkpt lat="40.6153370" lon="-3.0682470">
    <ele>807.8</ele>
   </trkpt>
   <trkpt lat="40.6153110" lon="-3.0681800">
    <ele>807.0</ele>
   </trkpt>
   <trkpt lat="40.6152840" lon="-3.0681270">
    <ele>806.4</ele>
   </trkpt>
   <trkpt lat="40.6152570" lon="-3.0680680">
    <ele>805.8</ele>
   </trkpt>
   <trkpt lat="40.6152270" lon="-3.0680060">
    <ele>805.2</ele>
   </trkpt>
   <trkpt lat="40.6152000" lon="-3.0679410">
    <ele>804.6</ele>
   </trkpt>
   <trkpt lat="40.6151730" lon="-3.0678780">
    <ele>804.0</ele>
   </trkpt>
   <trkpt lat="40.6151540" lon="-3.0678140">
    <ele>803.4</ele>
   </trkpt>
   <trkpt lat="40.6151390" lon="-3.0677480">
    <ele>802.8</ele>
   </trkpt>
   <trkpt lat="40.6151280" lon="-3.0676810">
    <ele>802.2</ele>
   </trkpt>
   <trkpt lat="40.6151080" lon="-3.0676160">
    <ele>801.6</ele>
   </trkpt>
   <trkpt lat="40.6150930" lon="-3.0675420">
    <ele>801.2</ele>
   </trkpt>
   <trkpt lat="40.6150820" lon="-3.0674940">
    <ele>800.6</ele>
   </trkpt>
   <trkpt lat="40.6150590" lon="-3.0674360">
    <ele>800.0</ele>
   </trkpt>
   <trkpt lat="40.6150320" lon="-3.0673710">
    <ele>799.6</ele>
   </trkpt>
   <trkpt lat="40.6150130" lon="-3.0673210">
    <ele>799.0</ele>
   </trkpt>
   <trkpt lat="40.6149980" lon="-3.0672880">
    <ele>798.6</ele>
   </trkpt>
   <trkpt lat="40.6149830" lon="-3.0672560">
    <ele>798.4</ele>
   </trkpt>
   <trkpt lat="40.6149710" lon="-3.0672280">
    <ele>798.0</ele>
   </trkpt>
   <trkpt lat="40.6149600" lon="-3.0671980">
    <ele>797.8</ele>
   </trkpt>
   <trkpt lat="40.6149440" lon="-3.0671660">
    <ele>797.4</ele>
   </trkpt>
   <trkpt lat="40.6149290" lon="-3.0671440">
    <ele>797.2</ele>
   </trkpt>
   <trkpt lat="40.6149140" lon="-3.0671270">
    <ele>796.8</ele>
   </trkpt>
   <trkpt lat="40.6148950" lon="-3.0671010">
    <ele>796.4</ele>
   </trkpt>
   <trkpt lat="40.6148800" lon="-3.0670750">
    <ele>796.2</ele>
   </trkpt>
   <trkpt lat="40.6148720" lon="-3.0670540">
    <ele>795.8</ele>
   </trkpt>
   <trkpt lat="40.6148640" lon="-3.0670310">
    <ele>795.4</ele>
   </trkpt>
   <trkpt lat="40.6148530" lon="-3.0670080">
    <ele>795.0</ele>
   </trkpt>
   <trkpt lat="40.6148410" lon="-3.0669830">
    <ele>794.6</ele>
   </trkpt>
   <trkpt lat="40.6148340" lon="-3.0669560">
    <ele>794.2</ele>
   </trkpt>
   <trkpt lat="40.6148190" lon="-3.0669260">
    <ele>793.8</ele>
   </trkpt>
   <trkpt lat="40.6148110" lon="-3.0669090">
    <ele>793.4</ele>
   </trkpt>
   <trkpt lat="40.6147990" lon="-3.0668810">
    <ele>793.0</ele>
   </trkpt>
   <trkpt lat="40.6147880" lon="-3.0668460">
    <ele>792.6</ele>
   </trkpt>
   <trkpt lat="40.6147770" lon="-3.0668080">
    <ele>792.2</ele>
   </trkpt>
   <trkpt lat="40.6147690" lon="-3.0667690">
    <ele>791.8</ele>
   </trkpt>
   <trkpt lat="40.6147570" lon="-3.0667320">
    <ele>791.4</ele>
   </trkpt>
   <trkpt lat="40.6147460" lon="-3.0666820">
    <ele>791.0</ele>
   </trkpt>
   <trkpt lat="40.6147380" lon="-3.0666430">
    <ele>790.6</ele>
   </trkpt>
   <trkpt lat="40.6147350" lon="-3.0666110">
    <ele>790.0</ele>
   </trkpt>
   <trkpt lat="40.6147310" lon="-3.0665750">
    <ele>789.6</ele>
   </trkpt>
   <trkpt lat="40.6147230" lon="-3.0665360">
    <ele>789.2</ele>
   </trkpt>
   <trkpt lat="40.6147190" lon="-3.0664980">
    <ele>788.6</ele>
   </trkpt>
   <trkpt lat="40.6147160" lon="-3.0664570">
    <ele>788.2</ele>
   </trkpt>
   <trkpt lat="40.6147160" lon="-3.0664290">
    <ele>787.6</ele>
   </trkpt>
   <trkpt lat="40.6147160" lon="-3.0664090">
    <ele>787.2</ele>
   </trkpt>
   <trkpt lat="40.6147120" lon="-3.0663800">
    <ele>786.8</ele>
   </trkpt>
   <trkpt lat="40.6147080" lon="-3.0663540">
    <ele>786.4</ele>
   </trkpt>
   <trkpt lat="40.6147080" lon="-3.0663360">
    <ele>786.2</ele>
   </trkpt>
   <trkpt lat="40.6147080" lon="-3.0663140">
    <ele>785.8</ele>
   </trkpt>
   <trkpt lat="40.6147080" lon="-3.0663000">
    <ele>785.6</ele>
   </trkpt>
   <trkpt lat="40.6147120" lon="-3.0662720">
    <ele>784.8</ele>
   </trkpt>
   <trkpt lat="40.6147120" lon="-3.0662560">
    <ele>784.8</ele>
   </trkpt>
   <trkpt lat="40.6147080" lon="-3.0662440">
    <ele>784.6</ele>
   </trkpt>
   <trkpt lat="40.6147080" lon="-3.0662320">
    <ele>784.4</ele>
   </trkpt>
   <trkpt lat="40.6147080" lon="-3.0662190">
    <ele>784.2</ele>
   </trkpt>
   <trkpt lat="40.6147080" lon="-3.0662090">
    <ele>784.0</ele>
   </trkpt>
   <trkpt lat="40.6147080" lon="-3.0661990">
    <ele>784.0</ele>
   </trkpt>
   <trkpt lat="40.6147040" lon="-3.0661840">
    <ele>783.8</ele>
   </trkpt>
   <trkpt lat="40.6147000" lon="-3.0661700">
    <ele>783.6</ele>
   </trkpt>
   <trkpt lat="40.6147000" lon="-3.0661560">
    <ele>783.4</ele>
   </trkpt>
   <trkpt lat="40.6147040" lon="-3.0661420">
    <ele>783.2</ele>
   </trkpt>
   <trkpt lat="40.6147040" lon="-3.0661290">
    <ele>783.0</ele>
   </trkpt>
   <trkpt lat="40.6147000" lon="-3.0661150">
    <ele>782.8</ele>
   </trkpt>
   <trkpt lat="40.6147000" lon="-3.0661020">
    <ele>782.6</ele>
   </trkpt>
   <trkpt lat="40.6146960" lon="-3.0660890">
    <ele>782.2</ele>
   </trkpt>
   <trkpt lat="40.6147000" lon="-3.0660770">
    <ele>782.0</ele>
   </trkpt>
   <trkpt lat="40.6147040" lon="-3.0660660">
    <ele>781.8</ele>
   </trkpt>
   <trkpt lat="40.6147040" lon="-3.0660540">
    <ele>781.6</ele>
   </trkpt>
   <trkpt lat="40.6147040" lon="-3.0660450">
    <ele>781.6</ele>
   </trkpt>
   <trkpt lat="40.6147040" lon="-3.0660450">
    <ele>781.4</ele>
   </trkpt>
   <trkpt lat="40.6147040" lon="-3.0660390">
    <ele>781.2</ele>
   </trkpt>
   <trkpt lat="40.6147080" lon="-3.0660270">
    <ele>781.0</ele>
   </trkpt>
   <trkpt lat="40.6147120" lon="-3.0660150">
    <ele>781.0</ele>
   </trkpt>
   <trkpt lat="40.6147160" lon="-3.0660100">
    <ele>780.8</ele>
   </trkpt>
   <trkpt lat="40.6147160" lon="-3.0660100">
    <ele>780.6</ele>
   </trkpt>
   <trkpt lat="40.6147160" lon="-3.0660100">
    <ele>780.6</ele>
   </trkpt>
   <trkpt lat="40.6147160" lon="-3.0660100">
    <ele>780.6</ele>
   </trkpt>
   <trkpt lat="40.6147120" lon="-3.0660070">
    <ele>780.4</ele>
   </trkpt>
   <trkpt lat="40.6147120" lon="-3.0659990">
    <ele>780.4</ele>
   </trkpt>
   <trkpt lat="40.6147160" lon="-3.0659870">
    <ele>780.2</ele>
   </trkpt>
   <trkpt lat="40.6147160" lon="-3.0659700">
    <ele>780.2</ele>
   </trkpt>
   <trkpt lat="40.6147160" lon="-3.0659540">
    <ele>780.0</ele>
   </trkpt>
   <trkpt lat="40.6147120" lon="-3.0659390">
    <ele>779.8</ele>
   </trkpt>
   <trkpt lat="40.6147120" lon="-3.0659250">
    <ele>779.6</ele>
   </trkpt>
   <trkpt lat="40.6147120" lon="-3.0659120">
    <ele>779.4</ele>
   </trkpt>
   <trkpt lat="40.6147120" lon="-3.0658940">
    <ele>779.2</ele>
   </trkpt>
   <trkpt lat="40.6147080" lon="-3.0658790">
    <ele>779.0</ele>
   </trkpt>
   <trkpt lat="40.6147120" lon="-3.0658740">
    <ele>778.8</ele>
   </trkpt>
   <trkpt lat="40.6147120" lon="-3.0658700">
    <ele>778.4</ele>
   </trkpt>
   <trkpt lat="40.6147120" lon="-3.0658510">
    <ele>778.2</ele>
   </trkpt>
   <trkpt lat="40.6147080" lon="-3.0658290">
    <ele>778.0</ele>
   </trkpt>
   <trkpt lat="40.6147040" lon="-3.0658090">
    <ele>777.6</ele>
   </trkpt>
   <trkpt lat="40.6147000" lon="-3.0657860">
    <ele>777.2</ele>
   </trkpt>
   <trkpt lat="40.6146930" lon="-3.0657530">
    <ele>776.8</ele>
   </trkpt>
   <trkpt lat="40.6146810" lon="-3.0657250">
    <ele>776.4</ele>
   </trkpt>
   <trkpt lat="40.6146700" lon="-3.0656990">
    <ele>775.8</ele>
   </trkpt>
   <trkpt lat="40.6146510" lon="-3.0656660">
    <ele>775.4</ele>
   </trkpt>
   <trkpt lat="40.6146350" lon="-3.0656410">
    <ele>774.8</ele>
   </trkpt>
   <trkpt lat="40.6146130" lon="-3.0656060">
    <ele>774.2</ele>
   </trkpt>
   <trkpt lat="40.6145860" lon="-3.0655630">
    <ele>773.6</ele>
   </trkpt>
   <trkpt lat="40.6145670" lon="-3.0655360">
    <ele>773.0</ele>
   </trkpt>
   <trkpt lat="40.6145320" lon="-3.0655010">
    <ele>772.6</ele>
   </trkpt>
   <trkpt lat="40.6144940" lon="-3.0654710">
    <ele>772.0</ele>
   </trkpt>
   <trkpt lat="40.6144520" lon="-3.0654510">
    <ele>771.4</ele>
   </trkpt>
   <trkpt lat="40.6144030" lon="-3.0654320">
    <ele>771.0</ele>
   </trkpt>
   <trkpt lat="40.6143530" lon="-3.0654160">
    <ele>770.6</ele>
   </trkpt>
   <trkpt lat="40.6143000" lon="-3.0654010">
    <ele>770.2</ele>
   </trkpt>
   <trkpt lat="40.6142390" lon="-3.0653840">
    <ele>769.8</ele>
   </trkpt>
   <trkpt lat="40.6141890" lon="-3.0653670">
    <ele>769.6</ele>
   </trkpt>
   <trkpt lat="40.6141470" lon="-3.0653510">
    <ele>769.2</ele>
   </trkpt>
   <trkpt lat="40.6140980" lon="-3.0653270">
    <ele>768.8</ele>
   </trkpt>
   <trkpt lat="40.6140560" lon="-3.0653000">
    <ele>768.6</ele>
   </trkpt>
   <trkpt lat="40.6140100" lon="-3.0652630">
    <ele>768.4</ele>
   </trkpt>
   <trkpt lat="40.6139640" lon="-3.0652140">
    <ele>768.4</ele>
   </trkpt>
   <trkpt lat="40.6139340" lon="-3.0651780">
    <ele>768.2</ele>
   </trkpt>
   <trkpt lat="40.6138920" lon="-3.0651360">
    <ele>768.0</ele>
   </trkpt>
   <trkpt lat="40.6138500" lon="-3.0650870">
    <ele>767.8</ele>
   </trkpt>
   <trkpt lat="40.6138040" lon="-3.0650510">
    <ele>767.6</ele>
   </trkpt>
   <trkpt lat="40.6137660" lon="-3.0650240">
    <ele>767.4</ele>
   </trkpt>
   <trkpt lat="40.6137200" lon="-3.0649990">
    <ele>767.2</ele>
   </trkpt>
   <trkpt lat="40.6136700" lon="-3.0649760">
    <ele>767.0</ele>
   </trkpt>
   <trkpt lat="40.6136170" lon="-3.0649530">
    <ele>766.8</ele>
   </trkpt>
   <trkpt lat="40.6135480" lon="-3.0649240">
    <ele>766.6</ele>
   </trkpt>
   <trkpt lat="40.6134950" lon="-3.0649010">
    <ele>766.4</ele>
   </trkpt>
   <trkpt lat="40.6134490" lon="-3.0648790">
    <ele>766.2</ele>
   </trkpt>
   <trkpt lat="40.6134030" lon="-3.0648560">
    <ele>766.2</ele>
   </trkpt>
   <trkpt lat="40.6133420" lon="-3.0648230">
    <ele>766.0</ele>
   </trkpt>
   <trkpt lat="40.6132890" lon="-3.0647980">
    <ele>765.8</ele>
   </trkpt>
   <trkpt lat="40.6132430" lon="-3.0647790">
    <ele>765.8</ele>
   </trkpt>
   <trkpt lat="40.6131940" lon="-3.0647530">
    <ele>765.6</ele>
   </trkpt>
   <trkpt lat="40.6131290" lon="-3.0647210">
    <ele>765.6</ele>
   </trkpt>
   <trkpt lat="40.6130790" lon="-3.0646970">
    <ele>765.4</ele>
   </trkpt>
   <trkpt lat="40.6130290" lon="-3.0646650">
    <ele>765.4</ele>
   </trkpt>
   <trkpt lat="40.6129760" lon="-3.0646310">
    <ele>765.2</ele>
   </trkpt>
   <trkpt lat="40.6129230" lon="-3.0645900">
    <ele>765.0</ele>
   </trkpt>
   <trkpt lat="40.6128730" lon="-3.0645480">
    <ele>765.0</ele>
   </trkpt>
   <trkpt lat="40.6128120" lon="-3.0644940">
    <ele>764.8</ele>
   </trkpt>
   <trkpt lat="40.6127700" lon="-3.0644550">
    <ele>764.8</ele>
   </trkpt>
   <trkpt lat="40.6127240" lon="-3.0644100">
    <ele>764.6</ele>
   </trkpt>
   <trkpt lat="40.6126710" lon="-3.0643550">
    <ele>764.6</ele>
   </trkpt>
   <trkpt lat="40.6126330" lon="-3.0643180">
    <ele>764.4</ele>
   </trkpt>
   <trkpt lat="40.6125910" lon="-3.0642710">
    <ele>764.2</ele>
   </trkpt>
   <trkpt lat="40.6125410" lon="-3.0642150">
    <ele>764.2</ele>
   </trkpt>
   <trkpt lat="40.6125070" lon="-3.0641770">
    <ele>764.2</ele>
   </trkpt>
   <trkpt lat="40.6124610" lon="-3.0641300">
    <ele>764.2</ele>
   </trkpt>
   <trkpt lat="40.6124190" lon="-3.0640890">
    <ele>764.2</ele>
   </trkpt>
   <trkpt lat="40.6123730" lon="-3.0640480">
    <ele>764.2</ele>
   </trkpt>
   <trkpt lat="40.6123390" lon="-3.0640050">
    <ele>764.4</ele>
   </trkpt>
   <trkpt lat="40.6123010" lon="-3.0639630">
    <ele>764.4</ele>
   </trkpt>
   <trkpt lat="40.6122550" lon="-3.0639180">
    <ele>764.4</ele>
   </trkpt>
   <trkpt lat="40.6122210" lon="-3.0638860">
    <ele>764.4</ele>
   </trkpt>
   <trkpt lat="40.6121900" lon="-3.0638580">
    <ele>764.4</ele>
   </trkpt>
   <trkpt lat="40.6121560" lon="-3.0638210">
    <ele>764.4</ele>
   </trkpt>
   <trkpt lat="40.6121140" lon="-3.0637770">
    <ele>764.4</ele>
   </trkpt>
   <trkpt lat="40.6120830" lon="-3.0637380">
    <ele>764.4</ele>
   </trkpt>
   <trkpt lat="40.6120570" lon="-3.0637080">
    <ele>764.4</ele>
   </trkpt>
   <trkpt lat="40.6120300" lon="-3.0636740">
    <ele>764.4</ele>
   </trkpt>
   <trkpt lat="40.6120000" lon="-3.0636400">
    <ele>764.4</ele>
   </trkpt>
   <trkpt lat="40.6119650" lon="-3.0636030">
    <ele>764.4</ele>
   </trkpt>
   <trkpt lat="40.6119310" lon="-3.0635570">
    <ele>764.2</ele>
   </trkpt>
   <trkpt lat="40.6119080" lon="-3.0635230">
    <ele>764.2</ele>
   </trkpt>
   <trkpt lat="40.6118850" lon="-3.0634810">
    <ele>764.2</ele>
   </trkpt>
   <trkpt lat="40.6118580" lon="-3.0634290">
    <ele>764.4</ele>
   </trkpt>
   <trkpt lat="40.6118470" lon="-3.0633820">
    <ele>764.4</ele>
   </trkpt>
   <trkpt lat="40.6118430" lon="-3.0633430">
    <ele>764.2</ele>
   </trkpt>
   <trkpt lat="40.6118350" lon="-3.0633000">
    <ele>764.2</ele>
   </trkpt>
   <trkpt lat="40.6118320" lon="-3.0632520">
    <ele>764.2</ele>
   </trkpt>
   <trkpt lat="40.6118320" lon="-3.0632040">
    <ele>764.2</ele>
   </trkpt>
   <trkpt lat="40.6118350" lon="-3.0631540">
    <ele>764.2</ele>
   </trkpt>
   <trkpt lat="40.6118390" lon="-3.0631000">
    <ele>764.0</ele>
   </trkpt>
   <trkpt lat="40.6118430" lon="-3.0630470">
    <ele>764.0</ele>
   </trkpt>
   <trkpt lat="40.6118430" lon="-3.0629830">
    <ele>763.8</ele>
   </trkpt>
   <trkpt lat="40.6118470" lon="-3.0629270">
    <ele>763.6</ele>
   </trkpt>
   <trkpt lat="40.6118470" lon="-3.0628820">
    <ele>763.4</ele>
   </trkpt>
   <trkpt lat="40.6118430" lon="-3.0628270">
    <ele>763.4</ele>
   </trkpt>
   <trkpt lat="40.6118430" lon="-3.0627820">
    <ele>763.4</ele>
   </trkpt>
   <trkpt lat="40.6118430" lon="-3.0627540">
    <ele>763.6</ele>
   </trkpt>
   <trkpt lat="40.6118510" lon="-3.0627440">
    <ele>763.6</ele>
   </trkpt>
   <trkpt lat="40.6118580" lon="-3.0627110">
    <ele>763.6</ele>
   </trkpt>
   <trkpt lat="40.6118580" lon="-3.0626730">
    <ele>763.6</ele>
   </trkpt>
   <trkpt lat="40.6118580" lon="-3.0626340">
    <ele>763.6</ele>
   </trkpt>
   <trkpt lat="40.6118620" lon="-3.0625960">
    <ele>763.6</ele>
   </trkpt>
   <trkpt lat="40.6118660" lon="-3.0625490">
    <ele>763.4</ele>
   </trkpt>
   <trkpt lat="40.6118700" lon="-3.0624980">
    <ele>763.4</ele>
   </trkpt>
   <trkpt lat="40.6118740" lon="-3.0624450">
    <ele>763.4</ele>
   </trkpt>
   <trkpt lat="40.6118810" lon="-3.0623810">
    <ele>763.2</ele>
   </trkpt>
   <trkpt lat="40.6118850" lon="-3.0623260">
    <ele>763.2</ele>
   </trkpt>
   <trkpt lat="40.6118890" lon="-3.0622850">
    <ele>763.2</ele>
   </trkpt>
   <trkpt lat="40.6118930" lon="-3.0622240">
    <ele>763.2</ele>
   </trkpt>
   <trkpt lat="40.6118930" lon="-3.0621770">
    <ele>763.4</ele>
   </trkpt>
   <trkpt lat="40.6118960" lon="-3.0621400">
    <ele>763.4</ele>
   </trkpt>
   <trkpt lat="40.6118960" lon="-3.0620820">
    <ele>763.4</ele>
   </trkpt>
   <trkpt lat="40.6119000" lon="-3.0620380">
    <ele>763.4</ele>
   </trkpt>
   <trkpt lat="40.6118960" lon="-3.0619740">
    <ele>763.2</ele>
   </trkpt>
   <trkpt lat="40.6118960" lon="-3.0619250">
    <ele>763.2</ele>
   </trkpt>
   <trkpt lat="40.6118960" lon="-3.0618540">
    <ele>763.0</ele>
   </trkpt>
   <trkpt lat="40.6119000" lon="-3.0618040">
    <ele>763.0</ele>
   </trkpt>
   <trkpt lat="40.6119040" lon="-3.0617260">
    <ele>762.8</ele>
   </trkpt>
   <trkpt lat="40.6119080" lon="-3.0616610">
    <ele>762.8</ele>
   </trkpt>
   <trkpt lat="40.6119120" lon="-3.0616050">
    <ele>762.6</ele>
   </trkpt>
   <trkpt lat="40.6119160" lon="-3.0615390">
    <ele>762.6</ele>
   </trkpt>
   <trkpt lat="40.6119160" lon="-3.0614710">
    <ele>762.4</ele>
   </trkpt>
   <trkpt lat="40.6119190" lon="-3.0613930">
    <ele>762.4</ele>
   </trkpt>
   <trkpt lat="40.6119190" lon="-3.0613310">
    <ele>762.2</ele>
   </trkpt>
   <trkpt lat="40.6119230" lon="-3.0612670">
    <ele>762.2</ele>
   </trkpt>
   <trkpt lat="40.6119160" lon="-3.0612040">
    <ele>762.2</ele>
   </trkpt>
   <trkpt lat="40.6119120" lon="-3.0611390">
    <ele>762.0</ele>
   </trkpt>
   <trkpt lat="40.6119040" lon="-3.0610740">
    <ele>762.0</ele>
   </trkpt>
   <trkpt lat="40.6118930" lon="-3.0610010">
    <ele>761.8</ele>
   </trkpt>
   <trkpt lat="40.6118810" lon="-3.0609450">
    <ele>761.6</ele>
   </trkpt>
   <trkpt lat="40.6118580" lon="-3.0608770">
    <ele>761.4</ele>
   </trkpt>
   <trkpt lat="40.6118280" lon="-3.0608090">
    <ele>761.2</ele>
   </trkpt>
   <trkpt lat="40.6117900" lon="-3.0607330">
    <ele>761.0</ele>
   </trkpt>
   <trkpt lat="40.6117550" lon="-3.0606720">
    <ele>760.8</ele>
   </trkpt>
   <trkpt lat="40.6117250" lon="-3.0606280">
    <ele>760.8</ele>
   </trkpt>
   <trkpt lat="40.6116830" lon="-3.0605800">
    <ele>760.8</ele>
   </trkpt>
   <trkpt lat="40.6116410" lon="-3.0605300">
    <ele>760.8</ele>
   </trkpt>
   <trkpt lat="40.6115990" lon="-3.0604820">
    <ele>760.8</ele>
   </trkpt>
   <trkpt lat="40.6115530" lon="-3.0604210">
    <ele>760.8</ele>
   </trkpt>
   <trkpt lat="40.6115190" lon="-3.0603810">
    <ele>760.8</ele>
   </trkpt>
   <trkpt lat="40.6114770" lon="-3.0603220">
    <ele>760.8</ele>
   </trkpt>
   <trkpt lat="40.6114430" lon="-3.0602640">
    <ele>760.6</ele>
   </trkpt>
   <trkpt lat="40.6114200" lon="-3.0602150">
    <ele>760.6</ele>
   </trkpt>
   <trkpt lat="40.6113890" lon="-3.0601390">
    <ele>760.6</ele>
   </trkpt>
   <trkpt lat="40.6113700" lon="-3.0600820">
    <ele>760.6</ele>
   </trkpt>
   <trkpt lat="40.6113470" lon="-3.0600160">
    <ele>760.6</ele>
   </trkpt>
   <trkpt lat="40.6113200" lon="-3.0599330">
    <ele>760.6</ele>
   </trkpt>
   <trkpt lat="40.6113010" lon="-3.0598750">
    <ele>760.6</ele>
   </trkpt>
   <trkpt lat="40.6112820" lon="-3.0598090">
    <ele>760.8</ele>
   </trkpt>
   <trkpt lat="40.6112590" lon="-3.0597280">
    <ele>761.0</ele>
   </trkpt>
   <trkpt lat="40.6112440" lon="-3.0596590">
    <ele>761.0</ele>
   </trkpt>
   <trkpt lat="40.6112330" lon="-3.0596080">
    <ele>761.4</ele>
   </trkpt>
   <trkpt lat="40.6112170" lon="-3.0595490">
    <ele>761.6</ele>
   </trkpt>
   <trkpt lat="40.6112020" lon="-3.0594930">
    <ele>762.0</ele>
   </trkpt>
   <trkpt lat="40.6111910" lon="-3.0594430">
    <ele>762.4</ele>
   </trkpt>
   <trkpt lat="40.6111750" lon="-3.0593900">
    <ele>762.6</ele>
   </trkpt>
   <trkpt lat="40.6111720" lon="-3.0593600">
    <ele>763.0</ele>
   </trkpt>
   <trkpt lat="40.6111680" lon="-3.0593230">
    <ele>763.4</ele>
   </trkpt>
   <trkpt lat="40.6111680" lon="-3.0592850">
    <ele>763.6</ele>
   </trkpt>
   <trkpt lat="40.6111640" lon="-3.0592450">
    <ele>764.0</ele>
   </trkpt>
   <trkpt lat="40.6111640" lon="-3.0592030">
    <ele>764.0</ele>
   </trkpt>
   <trkpt lat="40.6111600" lon="-3.0591580">
    <ele>764.2</ele>
   </trkpt>
   <trkpt lat="40.6111560" lon="-3.0591140">
    <ele>764.2</ele>
   </trkpt>
   <trkpt lat="40.6111450" lon="-3.0590650">
    <ele>764.2</ele>
   </trkpt>
   <trkpt lat="40.6111180" lon="-3.0590050">
    <ele>764.0</ele>
   </trkpt>
   <trkpt lat="40.6110920" lon="-3.0589540">
    <ele>764.0</ele>
   </trkpt>
   <trkpt lat="40.6110760" lon="-3.0589080">
    <ele>764.0</ele>
   </trkpt>
   <trkpt lat="40.6110530" lon="-3.0588440">
    <ele>764.0</ele>
   </trkpt>
   <trkpt lat="40.6110380" lon="-3.0587890">
    <ele>763.8</ele>
   </trkpt>
   <trkpt lat="40.6110270" lon="-3.0587480">
    <ele>763.8</ele>
   </trkpt>
   <trkpt lat="40.6110000" lon="-3.0586890">
    <ele>763.8</ele>
   </trkpt>
   <trkpt lat="40.6109850" lon="-3.0586420">
    <ele>763.8</ele>
   </trkpt>
   <trkpt lat="40.6109730" lon="-3.0585840">
    <ele>764.0</ele>
   </trkpt>
   <trkpt lat="40.6109620" lon="-3.0585340">
    <ele>764.0</ele>
   </trkpt>
   <trkpt lat="40.6109620" lon="-3.0585110">
    <ele>764.2</ele>
   </trkpt>
   <trkpt lat="40.6109660" lon="-3.0585020">
    <ele>764.2</ele>
   </trkpt>
   <trkpt lat="40.6109700" lon="-3.0584970">
    <ele>764.2</ele>
   </trkpt>
   <trkpt lat="40.6109700" lon="-3.0584870">
    <ele>764.4</ele>
   </trkpt>
   <trkpt lat="40.6109700" lon="-3.0584800">
    <ele>764.4</ele>
   </trkpt>
   <trkpt lat="40.6109700" lon="-3.0584800">
    <ele>764.4</ele>
   </trkpt>
   <trkpt lat="40.6109700" lon="-3.0584800">
    <ele>764.4</ele>
   </trkpt>
   <trkpt lat="40.6109700" lon="-3.0584800">
    <ele>764.4</ele>
   </trkpt>
   <trkpt lat="40.6109730" lon="-3.0584800">
    <ele>764.4</ele>
   </trkpt>
   <trkpt lat="40.6108890" lon="-3.0583780">
    <ele>764.4</ele>
   </trkpt>
   <trkpt lat="40.6108700" lon="-3.0583400">
    <ele>764.4</ele>
   </trkpt>
   <trkpt lat="40.6108550" lon="-3.0583130">
    <ele>764.4</ele>
   </trkpt>
   <trkpt lat="40.6108400" lon="-3.0582780">
    <ele>764.4</ele>
   </trkpt>
   <trkpt lat="40.6108280" lon="-3.0582410">
    <ele>764.6</ele>
   </trkpt>
   <trkpt lat="40.6108090" lon="-3.0582020">
    <ele>764.6</ele>
   </trkpt>
   <trkpt lat="40.6107980" lon="-3.0581700">
    <ele>764.6</ele>
   </trkpt>
   <trkpt lat="40.6107830" lon="-3.0581330">
    <ele>764.6</ele>
   </trkpt>
   <trkpt lat="40.6107670" lon="-3.0580900">
    <ele>764.6</ele>
   </trkpt>
   <trkpt lat="40.6107480" lon="-3.0580470">
    <ele>764.6</ele>
   </trkpt>
   <trkpt lat="40.6107290" lon="-3.0580050">
    <ele>764.8</ele>
   </trkpt>
   <trkpt lat="40.6107060" lon="-3.0579650">
    <ele>764.8</ele>
   </trkpt>
   <trkpt lat="40.6106830" lon="-3.0579250">
    <ele>764.8</ele>
   </trkpt>
   <trkpt lat="40.6106570" lon="-3.0578850">
    <ele>764.8</ele>
   </trkpt>
   <trkpt lat="40.6106340" lon="-3.0578480">
    <ele>764.8</ele>
   </trkpt>
   <trkpt lat="40.6106150" lon="-3.0578080">
    <ele>764.8</ele>
   </trkpt>
   <trkpt lat="40.6105840" lon="-3.0577670">
    <ele>764.8</ele>
   </trkpt>
   <trkpt lat="40.6105540" lon="-3.0577250">
    <ele>764.6</ele>
   </trkpt>
   <trkpt lat="40.6105270" lon="-3.0576850">
    <ele>764.6</ele>
   </trkpt>
   <trkpt lat="40.6104930" lon="-3.0576320">
    <ele>764.6</ele>
   </trkpt>
   <trkpt lat="40.6104740" lon="-3.0575930">
    <ele>764.4</ele>
   </trkpt>
   <trkpt lat="40.6104470" lon="-3.0575440">
    <ele>764.4</ele>
   </trkpt>
   <trkpt lat="40.6104160" lon="-3.0574860">
    <ele>764.2</ele>
   </trkpt>
   <trkpt lat="40.6103940" lon="-3.0574450">
    <ele>764.2</ele>
   </trkpt>
   <trkpt lat="40.6103630" lon="-3.0573940">
    <ele>764.2</ele>
   </trkpt>
   <trkpt lat="40.6103320" lon="-3.0573420">
    <ele>764.0</ele>
   </trkpt>
   <trkpt lat="40.6103060" lon="-3.0572920">
    <ele>764.0</ele>
   </trkpt>
   <trkpt lat="40.6102830" lon="-3.0572410">
    <ele>764.2</ele>
   </trkpt>
   <trkpt lat="40.6102560" lon="-3.0571780">
    <ele>764.2</ele>
   </trkpt>
   <trkpt lat="40.6102410" lon="-3.0571370">
    <ele>764.2</ele>
   </trkpt>
   <trkpt lat="40.6102220" lon="-3.0570860">
    <ele>764.2</ele>
   </trkpt>
   <trkpt lat="40.6102070" lon="-3.0570320">
    <ele>764.4</ele>
   </trkpt>
   <trkpt lat="40.6101880" lon="-3.0569730">
    <ele>764.4</ele>
   </trkpt>
   <trkpt lat="40.6101760" lon="-3.0569120">
    <ele>764.2</ele>
   </trkpt>
   <trkpt lat="40.6101650" lon="-3.0568520">
    <ele>764.2</ele>
   </trkpt>
   <trkpt lat="40.6101570" lon="-3.0567870">
    <ele>764.0</ele>
   </trkpt>
   <trkpt lat="40.6101530" lon="-3.0567170">
    <ele>763.8</ele>
   </trkpt>
   <trkpt lat="40.6101530" lon="-3.0566490">
    <ele>763.6</ele>
   </trkpt>
   <trkpt lat="40.6101570" lon="-3.0565710">
    <ele>763.4</ele>
   </trkpt>
   <trkpt lat="40.6101680" lon="-3.0565120">
    <ele>763.0</ele>
   </trkpt>
   <trkpt lat="40.6101880" lon="-3.0564340">
    <ele>762.6</ele>
   </trkpt>
   <trkpt lat="40.6102070" lon="-3.0563520">
    <ele>762.2</ele>
   </trkpt>
   <trkpt lat="40.6102300" lon="-3.0562570">
    <ele>761.8</ele>
   </trkpt>
   <trkpt lat="40.6102450" lon="-3.0561930">
    <ele>761.4</ele>
   </trkpt>
   <trkpt lat="40.6102600" lon="-3.0561230">
    <ele>761.0</ele>
   </trkpt>
   <trkpt lat="40.6102710" lon="-3.0560390">
    <ele>760.6</ele>
   </trkpt>
   <trkpt lat="40.6102710" lon="-3.0559840">
    <ele>760.2</ele>
   </trkpt>
   <trkpt lat="40.6102680" lon="-3.0559170">
    <ele>759.8</ele>
   </trkpt>
   <trkpt lat="40.6102680" lon="-3.0558370">
    <ele>759.4</ele>
   </trkpt>
   <trkpt lat="40.6102710" lon="-3.0557460">
    <ele>759.0</ele>
   </trkpt>
   <trkpt lat="40.6102710" lon="-3.0556490">
    <ele>758.6</ele>
   </trkpt>
   <trkpt lat="40.6102790" lon="-3.0555460">
    <ele>758.0</ele>
   </trkpt>
   <trkpt lat="40.6102870" lon="-3.0554620">
    <ele>757.4</ele>
   </trkpt>
   <trkpt lat="40.6103020" lon="-3.0553550">
    <ele>757.0</ele>
   </trkpt>
   <trkpt lat="40.6103130" lon="-3.0552630">
    <ele>756.4</ele>
   </trkpt>
   <trkpt lat="40.6103360" lon="-3.0551720">
    <ele>755.8</ele>
   </trkpt>
   <trkpt lat="40.6103520" lon="-3.0550790">
    <ele>755.4</ele>
   </trkpt>
   <trkpt lat="40.6103860" lon="-3.0549840">
    <ele>755.4</ele>
   </trkpt>
   <trkpt lat="40.6104050" lon="-3.0549220">
    <ele>755.2</ele>
   </trkpt>
   <trkpt lat="40.6104280" lon="-3.0548290">
    <ele>755.2</ele>
   </trkpt>
   <trkpt lat="40.6104320" lon="-3.0547680">
    <ele>755.2</ele>
   </trkpt>
   <trkpt lat="40.6104470" lon="-3.0546980">
    <ele>755.2</ele>
   </trkpt>
   <trkpt lat="40.6104850" lon="-3.0546200">
    <ele>755.2</ele>
   </trkpt>
   <trkpt lat="40.6104850" lon="-3.0545720">
    <ele>755.0</ele>
   </trkpt>
   <trkpt lat="40.6104810" lon="-3.0545220">
    <ele>754.8</ele>
   </trkpt>
   <trkpt lat="40.6104510" lon="-3.0544990">
    <ele>754.6</ele>
   </trkpt>
   <trkpt lat="40.6104130" lon="-3.0544890">
    <ele>754.4</ele>
   </trkpt>
   <trkpt lat="40.6103630" lon="-3.0544710">
    <ele>754.2</ele>
   </trkpt>
   <trkpt lat="40.6103100" lon="-3.0544670">
    <ele>753.8</ele>
   </trkpt>
   <trkpt lat="40.6102560" lon="-3.0544630">
    <ele>753.4</ele>
   </trkpt>
   <trkpt lat="40.6102070" lon="-3.0544470">
    <ele>753.2</ele>
   </trkpt>
   <trkpt lat="40.6101610" lon="-3.0544240">
    <ele>753.0</ele>
   </trkpt>
   <trkpt lat="40.6101040" lon="-3.0543790">
    <ele>752.8</ele>
   </trkpt>
   <trkpt lat="40.6100650" lon="-3.0543480">
    <ele>752.8</ele>
   </trkpt>
   <trkpt lat="40.6100230" lon="-3.0543340">
    <ele>752.8</ele>
   </trkpt>
   <trkpt lat="40.6099810" lon="-3.0543140">
    <ele>752.6</ele>
   </trkpt>
   <trkpt lat="40.6099360" lon="-3.0542880">
    <ele>752.6</ele>
   </trkpt>
   <trkpt lat="40.6099050" lon="-3.0542580">
    <ele>752.6</ele>
   </trkpt>
   <trkpt lat="40.6098630" lon="-3.0542390">
    <ele>752.6</ele>
   </trkpt>
   <trkpt lat="40.6098250" lon="-3.0542160">
    <ele>752.4</ele>
   </trkpt>
   <trkpt lat="40.6097910" lon="-3.0541930">
    <ele>752.4</ele>
   </trkpt>
   <trkpt lat="40.6097560" lon="-3.0541690">
    <ele>752.4</ele>
   </trkpt>
   <trkpt lat="40.6097260" lon="-3.0541440">
    <ele>752.2</ele>
   </trkpt>
   <trkpt lat="40.6096880" lon="-3.0541160">
    <ele>752.2</ele>
   </trkpt>
   <trkpt lat="40.6096460" lon="-3.0540810">
    <ele>752.2</ele>
   </trkpt>
   <trkpt lat="40.6096150" lon="-3.0540540">
    <ele>752.0</ele>
   </trkpt>
   <trkpt lat="40.6095770" lon="-3.0540280">
    <ele>752.0</ele>
   </trkpt>
   <trkpt lat="40.6095310" lon="-3.0539960">
    <ele>752.0</ele>
   </trkpt>
   <trkpt lat="40.6094930" lon="-3.0539710">
    <ele>751.8</ele>
   </trkpt>
   <trkpt lat="40.6094510" lon="-3.0539440">
    <ele>751.8</ele>
   </trkpt>
   <trkpt lat="40.6094130" lon="-3.0539160">
    <ele>751.6</ele>
   </trkpt>
   <trkpt lat="40.6093670" lon="-3.0538970">
    <ele>751.6</ele>
   </trkpt>
   <trkpt lat="40.6093180" lon="-3.0538870">
    <ele>751.6</ele>
   </trkpt>
   <trkpt lat="40.6092680" lon="-3.0538880">
    <ele>751.6</ele>
   </trkpt>
   <trkpt lat="40.6092300" lon="-3.0538930">
    <ele>751.4</ele>
   </trkpt>
   <trkpt lat="40.6091840" lon="-3.0538900">
    <ele>751.4</ele>
   </trkpt>
   <trkpt lat="40.6091350" lon="-3.0538870">
    <ele>751.4</ele>
   </trkpt>
   <trkpt lat="40.6090890" lon="-3.0538850">
    <ele>751.2</ele>
   </trkpt>
   <trkpt lat="40.6090390" lon="-3.0538820">
    <ele>751.2</ele>
   </trkpt>
   <trkpt lat="40.6089970" lon="-3.0538750">
    <ele>751.2</ele>
   </trkpt>
   <trkpt lat="40.6089440" lon="-3.0538650">
    <ele>751.2</ele>
   </trkpt>
   <trkpt lat="40.6088870" lon="-3.0538520">
    <ele>751.0</ele>
   </trkpt>
   <trkpt lat="40.6088330" lon="-3.0538420">
    <ele>750.8</ele>
   </trkpt>
   <trkpt lat="40.6087910" lon="-3.0538320">
    <ele>750.8</ele>
   </trkpt>
   <trkpt lat="40.6087380" lon="-3.0538200">
    <ele>751.0</ele>
   </trkpt>
   <trkpt lat="40.6086770" lon="-3.0538070">
    <ele>751.0</ele>
   </trkpt>
   <trkpt lat="40.6086270" lon="-3.0538000">
    <ele>751.2</ele>
   </trkpt>
   <trkpt lat="40.6085780" lon="-3.0537920">
    <ele>751.2</ele>
   </trkpt>
   <trkpt lat="40.6085210" lon="-3.0537810">
    <ele>751.4</ele>
   </trkpt>
   <trkpt lat="40.6084670" lon="-3.0537720">
    <ele>751.6</ele>
   </trkpt>
   <trkpt lat="40.6084140" lon="-3.0537650">
    <ele>751.6</ele>
   </trkpt>
   <trkpt lat="40.6083600" lon="-3.0537550">
    <ele>751.8</ele>
   </trkpt>
   <trkpt lat="40.6083180" lon="-3.0537500">
    <ele>751.8</ele>
   </trkpt>
   <trkpt lat="40.6082760" lon="-3.0537420">
    <ele>752.0</ele>
   </trkpt>
   <trkpt lat="40.6082310" lon="-3.0537310">
    <ele>752.2</ele>
   </trkpt>
   <trkpt lat="40.6081960" lon="-3.0537220">
    <ele>752.4</ele>
   </trkpt>
   <trkpt lat="40.6081580" lon="-3.0537090">
    <ele>752.8</ele>
   </trkpt>
   <trkpt lat="40.6081200" lon="-3.0536890">
    <ele>753.0</ele>
   </trkpt>
   <trkpt lat="40.6080890" lon="-3.0536670">
    <ele>753.2</ele>
   </trkpt>
   <trkpt lat="40.6080550" lon="-3.0536420">
    <ele>753.6</ele>
   </trkpt>
   <trkpt lat="40.6080170" lon="-3.0536130">
    <ele>753.8</ele>
   </trkpt>
   <trkpt lat="40.6079900" lon="-3.0535830">
    <ele>753.8</ele>
   </trkpt>
   <trkpt lat="40.6079750" lon="-3.0535540">
    <ele>754.0</ele>
   </trkpt>
   <trkpt lat="40.6079440" lon="-3.0535090">
    <ele>754.0</ele>
   </trkpt>
   <trkpt lat="40.6079220" lon="-3.0534600">
    <ele>753.8</ele>
   </trkpt>
   <trkpt lat="40.6079030" lon="-3.0534200">
    <ele>753.8</ele>
   </trkpt>
   <trkpt lat="40.6078800" lon="-3.0533690">
    <ele>753.6</ele>
   </trkpt>
   <trkpt lat="40.6078530" lon="-3.0533200">
    <ele>753.6</ele>
   </trkpt>
   <trkpt lat="40.6078220" lon="-3.0532650">
    <ele>753.4</ele>
   </trkpt>
   <trkpt lat="40.6077960" lon="-3.0531980">
    <ele>753.2</ele>
   </trkpt>
   <trkpt lat="40.6077690" lon="-3.0531340">
    <ele>753.0</ele>
   </trkpt>
   <trkpt lat="40.6077380" lon="-3.0530690">
    <ele>752.8</ele>
   </trkpt>
   <trkpt lat="40.6077040" lon="-3.0530070">
    <ele>752.6</ele>
   </trkpt>
   <trkpt lat="40.6076810" lon="-3.0529600">
    <ele>752.6</ele>
   </trkpt>
   <trkpt lat="40.6076430" lon="-3.0528960">
    <ele>752.4</ele>
   </trkpt>
   <trkpt lat="40.6076090" lon="-3.0528390">
    <ele>752.4</ele>
   </trkpt>
   <trkpt lat="40.6075780" lon="-3.0527920">
    <ele>752.2</ele>
   </trkpt>
   <trkpt lat="40.6075400" lon="-3.0527370">
    <ele>752.4</ele>
   </trkpt>
   <trkpt lat="40.6074980" lon="-3.0526720">
    <ele>752.4</ele>
   </trkpt>
   <trkpt lat="40.6074750" lon="-3.0526300">
    <ele>752.6</ele>
   </trkpt>
   <trkpt lat="40.6074410" lon="-3.0525800">
    <ele>752.8</ele>
   </trkpt>
   <trkpt lat="40.6074070" lon="-3.0525290">
    <ele>752.8</ele>
   </trkpt>
   <trkpt lat="40.6073680" lon="-3.0524780">
    <ele>753.0</ele>
   </trkpt>
   <trkpt lat="40.6073230" lon="-3.0524180">
    <ele>753.2</ele>
   </trkpt>
   <trkpt lat="40.6072880" lon="-3.0523700">
    <ele>753.4</ele>
   </trkpt>
   <trkpt lat="40.6072620" lon="-3.0523310">
    <ele>753.4</ele>
   </trkpt>
   <trkpt lat="40.6072310" lon="-3.0522840">
    <ele>753.6</ele>
   </trkpt>
   <trkpt lat="40.6071930" lon="-3.0522270">
    <ele>753.6</ele>
   </trkpt>
   <trkpt lat="40.6071590" lon="-3.0521770">
    <ele>753.6</ele>
   </trkpt>
   <trkpt lat="40.6071360" lon="-3.0521350">
    <ele>753.8</ele>
   </trkpt>
   <trkpt lat="40.6071130" lon="-3.0520800">
    <ele>753.8</ele>
   </trkpt>
   <trkpt lat="40.6070860" lon="-3.0520260">
    <ele>753.8</ele>
   </trkpt>
   <trkpt lat="40.6070560" lon="-3.0519590">
    <ele>753.8</ele>
   </trkpt>
   <trkpt lat="40.6070290" lon="-3.0519150">
    <ele>753.8</ele>
   </trkpt>
   <trkpt lat="40.6070020" lon="-3.0518670">
    <ele>754.0</ele>
   </trkpt>
   <trkpt lat="40.6069680" lon="-3.0518070">
    <ele>754.0</ele>
   </trkpt>
   <trkpt lat="40.6069370" lon="-3.0517610">
    <ele>754.2</ele>
   </trkpt>
   <trkpt lat="40.6069140" lon="-3.0517200">
    <ele>754.2</ele>
   </trkpt>
   <trkpt lat="40.6068840" lon="-3.0516650">
    <ele>754.2</ele>
   </trkpt>
   <trkpt lat="40.6068530" lon="-3.0516090">
    <ele>754.2</ele>
   </trkpt>
   <trkpt lat="40.6068270" lon="-3.0515570">
    <ele>754.4</ele>
   </trkpt>
   <trkpt lat="40.6068080" lon="-3.0515110">
    <ele>754.4</ele>
   </trkpt>
   <trkpt lat="40.6067770" lon="-3.0514590">
    <ele>754.6</ele>
   </trkpt>
   <trkpt lat="40.6067580" lon="-3.0514130">
    <ele>754.6</ele>
   </trkpt>
   <trkpt lat="40.6067350" lon="-3.0513720">
    <ele>754.8</ele>
   </trkpt>
   <trkpt lat="40.6067120" lon="-3.0513330">
    <ele>755.0</ele>
   </trkpt>
   <trkpt lat="40.6066930" lon="-3.0512930">
    <ele>755.2</ele>
   </trkpt>
   <trkpt lat="40.6066670" lon="-3.0512510">
    <ele>755.6</ele>
   </trkpt>
   <trkpt lat="40.6066400" lon="-3.0512070">
    <ele>755.8</ele>
   </trkpt>
   <trkpt lat="40.6066130" lon="-3.0511580">
    <ele>756.0</ele>
   </trkpt>
   <trkpt lat="40.6065980" lon="-3.0511290">
    <ele>756.4</ele>
   </trkpt>
   <trkpt lat="40.6065830" lon="-3.0511060">
    <ele>756.6</ele>
   </trkpt>
   <trkpt lat="40.6065560" lon="-3.0510730">
    <ele>756.8</ele>
   </trkpt>
   <trkpt lat="40.6065290" lon="-3.0510380">
    <ele>757.2</ele>
   </trkpt>
   <trkpt lat="40.6065020" lon="-3.0510060">
    <ele>757.6</ele>
   </trkpt>
   <trkpt lat="40.6064680" lon="-3.0509840">
    <ele>757.8</ele>
   </trkpt>
   <trkpt lat="40.6064410" lon="-3.0509740">
    <ele>758.2</ele>
   </trkpt>
   <trkpt lat="40.6064190" lon="-3.0509690">
    <ele>758.6</ele>
   </trkpt>
   <trkpt lat="40.6063920" lon="-3.0509700">
    <ele>758.8</ele>
   </trkpt>
   <trkpt lat="40.6063650" lon="-3.0509770">
    <ele>759.0</ele>
   </trkpt>
   <trkpt lat="40.6063380" lon="-3.0509830">
    <ele>759.2</ele>
   </trkpt>
   <trkpt lat="40.6063160" lon="-3.0509960">
    <ele>759.4</ele>
   </trkpt>
   <trkpt lat="40.6062890" lon="-3.0510080">
    <ele>759.6</ele>
   </trkpt>
   <trkpt lat="40.6062620" lon="-3.0510180">
    <ele>759.8</ele>
   </trkpt>
   <trkpt lat="40.6062360" lon="-3.0510290">
    <ele>760.0</ele>
   </trkpt>
   <trkpt lat="40.6062050" lon="-3.0510410">
    <ele>760.0</ele>
   </trkpt>
   <trkpt lat="40.6061820" lon="-3.0510500">
    <ele>760.2</ele>
   </trkpt>
   <trkpt lat="40.6061590" lon="-3.0510600">
    <ele>760.4</ele>
   </trkpt>
   <trkpt lat="40.6061400" lon="-3.0510650">
    <ele>760.6</ele>
   </trkpt>
   <trkpt lat="40.6061130" lon="-3.0510760">
    <ele>760.8</ele>
   </trkpt>
   <trkpt lat="40.6060980" lon="-3.0510810">
    <ele>761.0</ele>
   </trkpt>
   <trkpt lat="40.6060830" lon="-3.0510850">
    <ele>761.2</ele>
   </trkpt>
   <trkpt lat="40.6060710" lon="-3.0510820">
    <ele>761.2</ele>
   </trkpt>
   <trkpt lat="40.6060680" lon="-3.0510740">
    <ele>761.4</ele>
   </trkpt>
   <trkpt lat="40.6060710" lon="-3.0510570">
    <ele>761.4</ele>
   </trkpt>
   <trkpt lat="40.6060830" lon="-3.0510390">
    <ele>761.4</ele>
   </trkpt>
   <trkpt lat="40.6060980" lon="-3.0510220">
    <ele>761.4</ele>
   </trkpt>
   <trkpt lat="40.6061290" lon="-3.0510100">
    <ele>761.2</ele>
   </trkpt>
   <trkpt lat="40.6061710" lon="-3.0509940">
    <ele>761.0</ele>
   </trkpt>
   <trkpt lat="40.6062050" lon="-3.0509790">
    <ele>760.8</ele>
   </trkpt>
   <trkpt lat="40.6062510" lon="-3.0509560">
    <ele>760.4</ele>
   </trkpt>
   <trkpt lat="40.6063040" lon="-3.0509280">
    <ele>760.0</ele>
   </trkpt>
   <trkpt lat="40.6063540" lon="-3.0508980">
    <ele>759.6</ele>
   </trkpt>
   <trkpt lat="40.6063960" lon="-3.0508640">
    <ele>759.2</ele>
   </trkpt>
   <trkpt lat="40.6064410" lon="-3.0508150">
    <ele>758.8</ele>
   </trkpt>
   <trkpt lat="40.6064830" lon="-3.0507510">
    <ele>758.2</ele>
   </trkpt>
   <trkpt lat="40.6065100" lon="-3.0506690">
    <ele>757.8</ele>
   </trkpt>
   <trkpt lat="40.6065410" lon="-3.0505610">
    <ele>757.2</ele>
   </trkpt>
   <trkpt lat="40.6065640" lon="-3.0504700">
    <ele>756.6</ele>
   </trkpt>
   <trkpt lat="40.6065860" lon="-3.0503780">
    <ele>756.0</ele>
   </trkpt>
   <trkpt lat="40.6066130" lon="-3.0502990">
    <ele>755.2</ele>
   </trkpt>
   <trkpt lat="40.6066470" lon="-3.0501970">
    <ele>754.6</ele>
   </trkpt>
   <trkpt lat="40.6066780" lon="-3.0500710">
    <ele>754.0</ele>
   </trkpt>
   <trkpt lat="40.6067050" lon="-3.0499740">
    <ele>753.4</ele>
   </trkpt>
   <trkpt lat="40.6067240" lon="-3.0498550">
    <ele>752.8</ele>
   </trkpt>
   <trkpt lat="40.6067350" lon="-3.0497040">
    <ele>752.2</ele>
   </trkpt>
   <trkpt lat="40.6067350" lon="-3.0496040">
    <ele>751.8</ele>
   </trkpt>
   <trkpt lat="40.6067310" lon="-3.0494800">
    <ele>751.2</ele>
   </trkpt>
   <trkpt lat="40.6067200" lon="-3.0493540">
    <ele>750.8</ele>
   </trkpt>
   <trkpt lat="40.6066970" lon="-3.0492330">
    <ele>750.4</ele>
   </trkpt>
   <trkpt lat="40.6066780" lon="-3.0491110">
    <ele>750.2</ele>
   </trkpt>
   <trkpt lat="40.6066470" lon="-3.0489670">
    <ele>749.8</ele>
   </trkpt>
   <trkpt lat="40.6066280" lon="-3.0488730">
    <ele>749.4</ele>
   </trkpt>
   <trkpt lat="40.6066090" lon="-3.0487590">
    <ele>749.0</ele>
   </trkpt>
   <trkpt lat="40.6065860" lon="-3.0486470">
    <ele>748.8</ele>
   </trkpt>
   <trkpt lat="40.6065600" lon="-3.0485340">
    <ele>748.4</ele>
   </trkpt>
   <trkpt lat="40.6065370" lon="-3.0484240">
    <ele>748.2</ele>
   </trkpt>
   <trkpt lat="40.6065180" lon="-3.0483140">
    <ele>748.0</ele>
   </trkpt>
   <trkpt lat="40.6064950" lon="-3.0482040">
    <ele>748.0</ele>
   </trkpt>
   <trkpt lat="40.6064680" lon="-3.0480690">
    <ele>747.8</ele>
   </trkpt>
   <trkpt lat="40.6064450" lon="-3.0479530">
    <ele>747.6</ele>
   </trkpt>
   <trkpt lat="40.6064220" lon="-3.0478440">
    <ele>747.4</ele>
   </trkpt>
   <trkpt lat="40.6064030" lon="-3.0477560">
    <ele>747.2</ele>
   </trkpt>
   <trkpt lat="40.6063840" lon="-3.0476440">
    <ele>746.8</ele>
   </trkpt>
   <trkpt lat="40.6063580" lon="-3.0475150">
    <ele>746.6</ele>
   </trkpt>
   <trkpt lat="40.6063380" lon="-3.0474040">
    <ele>746.6</ele>
   </trkpt>
   <trkpt lat="40.6063160" lon="-3.0472970">
    <ele>746.4</ele>
   </trkpt>
   <trkpt lat="40.6062970" lon="-3.0471920">
    <ele>746.4</ele>
   </trkpt>
   <trkpt lat="40.6062740" lon="-3.0470870">
    <ele>746.2</ele>
   </trkpt>
   <trkpt lat="40.6062510" lon="-3.0469820">
    <ele>746.0</ele>
   </trkpt>
   <trkpt lat="40.6062320" lon="-3.0468800">
    <ele>746.0</ele>
   </trkpt>
   <trkpt lat="40.6062130" lon="-3.0467770">
    <ele>745.8</ele>
   </trkpt>
   <trkpt lat="40.6061900" lon="-3.0466700">
    <ele>745.8</ele>
   </trkpt>
   <trkpt lat="40.6061710" lon="-3.0465660">
    <ele>745.6</ele>
   </trkpt>
   <trkpt lat="40.6061520" lon="-3.0464650">
    <ele>745.4</ele>
   </trkpt>
   <trkpt lat="40.6061330" lon="-3.0463840">
    <ele>745.4</ele>
   </trkpt>
   <trkpt lat="40.6061100" lon="-3.0462850">
    <ele>745.4</ele>
   </trkpt>
   <trkpt lat="40.6060870" lon="-3.0461610">
    <ele>745.4</ele>
   </trkpt>
   <trkpt lat="40.6060640" lon="-3.0460570">
    <ele>745.2</ele>
   </trkpt>
   <trkpt lat="40.6060410" lon="-3.0459540">
    <ele>745.0</ele>
   </trkpt>
   <trkpt lat="40.6060260" lon="-3.0458700">
    <ele>745.0</ele>
   </trkpt>
   <trkpt lat="40.6060030" lon="-3.0457490">
    <ele>744.8</ele>
   </trkpt>
   <trkpt lat="40.6059800" lon="-3.0456490">
    <ele>744.8</ele>
   </trkpt>
   <trkpt lat="40.6059610" lon="-3.0455470">
    <ele>744.6</ele>
   </trkpt>
   <trkpt lat="40.6059380" lon="-3.0454470">
    <ele>744.4</ele>
   </trkpt>
   <trkpt lat="40.6059150" lon="-3.0453440">
    <ele>744.2</ele>
   </trkpt>
   <trkpt lat="40.6059000" lon="-3.0452370">
    <ele>744.2</ele>
   </trkpt>
   <trkpt lat="40.6058770" lon="-3.0451320">
    <ele>744.0</ele>
   </trkpt>
   <trkpt lat="40.6058540" lon="-3.0450290">
    <ele>744.0</ele>
   </trkpt>
   <trkpt lat="40.6058310" lon="-3.0449270">
    <ele>743.8</ele>
   </trkpt>
   <trkpt lat="40.6058080" lon="-3.0448260">
    <ele>743.8</ele>
   </trkpt>
   <trkpt lat="40.6057820" lon="-3.0447250">
    <ele>743.6</ele>
   </trkpt>
   <trkpt lat="40.6057510" lon="-3.0446290">
    <ele>743.4</ele>
   </trkpt>
   <trkpt lat="40.6057170" lon="-3.0445300">
    <ele>743.2</ele>
   </trkpt>
   <trkpt lat="40.6056820" lon="-3.0444480">
    <ele>743.2</ele>
   </trkpt>
   <trkpt lat="40.6056330" lon="-3.0443330">
    <ele>743.0</ele>
   </trkpt>
   <trkpt lat="40.6055830" lon="-3.0442450">
    <ele>742.8</ele>
   </trkpt>
   <trkpt lat="40.6055340" lon="-3.0441580">
    <ele>742.8</ele>
   </trkpt>
   <trkpt lat="40.6054990" lon="-3.0440920">
    <ele>742.6</ele>
   </trkpt>
   <trkpt lat="40.6054460" lon="-3.0440080">
    <ele>742.6</ele>
   </trkpt>
   <trkpt lat="40.6053890" lon="-3.0439110">
    <ele>742.6</ele>
   </trkpt>
   <trkpt lat="40.6053310" lon="-3.0438380">
    <ele>742.6</ele>
   </trkpt>
   <trkpt lat="40.6052820" lon="-3.0437640">
    <ele>742.6</ele>
   </trkpt>
   <trkpt lat="40.6052280" lon="-3.0436910">
    <ele>742.4</ele>
   </trkpt>
   <trkpt lat="40.6051830" lon="-3.0436210">
    <ele>742.4</ele>
   </trkpt>
   <trkpt lat="40.6051330" lon="-3.0435480">
    <ele>742.2</ele>
   </trkpt>
   <trkpt lat="40.6050870" lon="-3.0434800">
    <ele>742.2</ele>
   </trkpt>
   <trkpt lat="40.6050340" lon="-3.0434110">
    <ele>742.2</ele>
   </trkpt>
   <trkpt lat="40.6049880" lon="-3.0433410">
    <ele>742.0</ele>
   </trkpt>
   <trkpt lat="40.6049390" lon="-3.0432710">
    <ele>741.8</ele>
   </trkpt>
   <trkpt lat="40.6048890" lon="-3.0432010">
    <ele>741.8</ele>
   </trkpt>
   <trkpt lat="40.6048430" lon="-3.0431290">
    <ele>741.8</ele>
   </trkpt>
   <trkpt lat="40.6047940" lon="-3.0430580">
    <ele>741.6</ele>
   </trkpt>
   <trkpt lat="40.6047590" lon="-3.0429990">
    <ele>741.6</ele>
   </trkpt>
   <trkpt lat="40.6047020" lon="-3.0429150">
    <ele>741.4</ele>
   </trkpt>
   <trkpt lat="40.6046520" lon="-3.0428460">
    <ele>741.4</ele>
   </trkpt>
   <trkpt lat="40.6046030" lon="-3.0427740">
    <ele>741.4</ele>
   </trkpt>
   <trkpt lat="40.6045530" lon="-3.0427060">
    <ele>741.2</ele>
   </trkpt>
   <trkpt lat="40.6045000" lon="-3.0426420">
    <ele>741.2</ele>
   </trkpt>
   <trkpt lat="40.6044390" lon="-3.0425840">
    <ele>740.8</ele>
   </trkpt>
   <trkpt lat="40.6043780" lon="-3.0425270">
    <ele>740.8</ele>
   </trkpt>
   <trkpt lat="40.6043170" lon="-3.0424740">
    <ele>740.6</ele>
   </trkpt>
   <trkpt lat="40.6042480" lon="-3.0424250">
    <ele>740.6</ele>
   </trkpt>
   <trkpt lat="40.6041790" lon="-3.0423830">
    <ele>740.4</ele>
   </trkpt>
   <trkpt lat="40.6041110" lon="-3.0423460">
    <ele>740.4</ele>
   </trkpt>
   <trkpt lat="40.6040420" lon="-3.0423130">
    <ele>740.4</ele>
   </trkpt>
   <trkpt lat="40.6039730" lon="-3.0422810">
    <ele>740.4</ele>
   </trkpt>
   <trkpt lat="40.6039090" lon="-3.0422490">
    <ele>740.4</ele>
   </trkpt>
   <trkpt lat="40.6038400" lon="-3.0422150">
    <ele>740.4</ele>
   </trkpt>
   <trkpt lat="40.6037750" lon="-3.0421800">
    <ele>740.4</ele>
   </trkpt>
   <trkpt lat="40.6037060" lon="-3.0421460">
    <ele>740.4</ele>
   </trkpt>
   <trkpt lat="40.6036380" lon="-3.0421130">
    <ele>740.2</ele>
   </trkpt>
   <trkpt lat="40.6035690" lon="-3.0420790">
    <ele>740.2</ele>
   </trkpt>
   <trkpt lat="40.6035000" lon="-3.0420480">
    <ele>740.0</ele>
   </trkpt>
   <trkpt lat="40.6034430" lon="-3.0420230">
    <ele>740.0</ele>
   </trkpt>
   <trkpt lat="40.6033670" lon="-3.0419850">
    <ele>739.8</ele>
   </trkpt>
   <trkpt lat="40.6032980" lon="-3.0419480">
    <ele>739.8</ele>
   </trkpt>
   <trkpt lat="40.6032370" lon="-3.0419110">
    <ele>739.8</ele>
   </trkpt>
   <trkpt lat="40.6031690" lon="-3.0418730">
    <ele>739.8</ele>
   </trkpt>
   <trkpt lat="40.6031110" lon="-3.0418430">
    <ele>739.6</ele>
   </trkpt>
   <trkpt lat="40.6030500" lon="-3.0418100">
    <ele>739.6</ele>
   </trkpt>
   <trkpt lat="40.6029740" lon="-3.0417710">
    <ele>739.4</ele>
   </trkpt>
   <trkpt lat="40.6029050" lon="-3.0417410">
    <ele>739.4</ele>
   </trkpt>
   <trkpt lat="40.6028400" lon="-3.0417090">
    <ele>739.4</ele>
   </trkpt>
   <trkpt lat="40.6027720" lon="-3.0416780">
    <ele>739.4</ele>
   </trkpt>
   <trkpt lat="40.6026990" lon="-3.0416460">
    <ele>739.2</ele>
   </trkpt>
   <trkpt lat="40.6026340" lon="-3.0416110">
    <ele>739.2</ele>
   </trkpt>
   <trkpt lat="40.6025620" lon="-3.0415810">
    <ele>739.0</ele>
   </trkpt>
   <trkpt lat="40.6024930" lon="-3.0415480">
    <ele>739.0</ele>
   </trkpt>
   <trkpt lat="40.6024320" lon="-3.0415180">
    <ele>738.8</ele>
   </trkpt>
   <trkpt lat="40.6023520" lon="-3.0414750">
    <ele>738.8</ele>
   </trkpt>
   <trkpt lat="40.6022870" lon="-3.0414380">
    <ele>738.6</ele>
   </trkpt>
   <trkpt lat="40.6022190" lon="-3.0413960">
    <ele>738.4</ele>
   </trkpt>
   <trkpt lat="40.6021540" lon="-3.0413500">
    <ele>738.4</ele>
   </trkpt>
   <trkpt lat="40.6020890" lon="-3.0413000">
    <ele>738.2</ele>
   </trkpt>
   <trkpt lat="40.6020200" lon="-3.0412500">
    <ele>738.2</ele>
   </trkpt>
   <trkpt lat="40.6019590" lon="-3.0411930">
    <ele>738.0</ele>
   </trkpt>
   <trkpt lat="40.6019020" lon="-3.0411360">
    <ele>737.8</ele>
   </trkpt>
   <trkpt lat="40.6018490" lon="-3.0410850">
    <ele>737.8</ele>
   </trkpt>
   <trkpt lat="40.6017800" lon="-3.0410090">
    <ele>737.6</ele>
   </trkpt>
   <trkpt lat="40.6017190" lon="-3.0409420">
    <ele>737.4</ele>
   </trkpt>
   <trkpt lat="40.6016580" lon="-3.0408770">
    <ele>737.2</ele>
   </trkpt>
   <trkpt lat="40.6016040" lon="-3.0408140">
    <ele>737.2</ele>
   </trkpt>
   <trkpt lat="40.6015430" lon="-3.0407490">
    <ele>737.0</ele>
   </trkpt>
   <trkpt lat="40.6014900" lon="-3.0406840">
    <ele>736.8</ele>
   </trkpt>
   <trkpt lat="40.6014370" lon="-3.0406210">
    <ele>736.6</ele>
   </trkpt>
   <trkpt lat="40.6013830" lon="-3.0405570">
    <ele>736.6</ele>
   </trkpt>
   <trkpt lat="40.6013300" lon="-3.0404930">
    <ele>736.4</ele>
   </trkpt>
   <trkpt lat="40.6012840" lon="-3.0404420">
    <ele>736.4</ele>
   </trkpt>
   <trkpt lat="40.6012190" lon="-3.0403660">
    <ele>736.2</ele>
   </trkpt>
   <trkpt lat="40.6011620" lon="-3.0402990">
    <ele>736.0</ele>
   </trkpt>
   <trkpt lat="40.6011090" lon="-3.0402320">
    <ele>735.8</ele>
   </trkpt>
   <trkpt lat="40.6010550" lon="-3.0401670">
    <ele>735.8</ele>
   </trkpt>
   <trkpt lat="40.6010020" lon="-3.0401060">
    <ele>735.6</ele>
   </trkpt>
   <trkpt lat="40.6009410" lon="-3.0400440">
    <ele>735.4</ele>
   </trkpt>
   <trkpt lat="40.6008870" lon="-3.0399770">
    <ele>735.2</ele>
   </trkpt>
   <trkpt lat="40.6008300" lon="-3.0399110">
    <ele>735.2</ele>
   </trkpt>
   <trkpt lat="40.6007770" lon="-3.0398470">
    <ele>735.2</ele>
   </trkpt>
   <trkpt lat="40.6007230" lon="-3.0397840">
    <ele>735.0</ele>
   </trkpt>
   <trkpt lat="40.6006660" lon="-3.0397210">
    <ele>735.0</ele>
   </trkpt>
   <trkpt lat="40.6006090" lon="-3.0396600">
    <ele>734.8</ele>
   </trkpt>
   <trkpt lat="40.6005520" lon="-3.0396000">
    <ele>734.6</ele>
   </trkpt>
   <trkpt lat="40.6005060" lon="-3.0395520">
    <ele>734.6</ele>
   </trkpt>
   <trkpt lat="40.6004450" lon="-3.0394790">
    <ele>734.6</ele>
   </trkpt>
   <trkpt lat="40.6003910" lon="-3.0394270">
    <ele>734.6</ele>
   </trkpt>
   <trkpt lat="40.6003270" lon="-3.0393540">
    <ele>734.4</ele>
   </trkpt>
   <trkpt lat="40.6002770" lon="-3.0393040">
    <ele>734.4</ele>
   </trkpt>
   <trkpt lat="40.6002120" lon="-3.0392250">
    <ele>734.4</ele>
   </trkpt>
   <trkpt lat="40.6001510" lon="-3.0391590">
    <ele>734.4</ele>
   </trkpt>
   <trkpt lat="40.6000940" lon="-3.0390920">
    <ele>734.2</ele>
   </trkpt>
   <trkpt lat="40.6000290" lon="-3.0390240">
    <ele>734.2</ele>
   </trkpt>
   <trkpt lat="40.5999680" lon="-3.0389540">
    <ele>734.0</ele>
   </trkpt>
   <trkpt lat="40.5999030" lon="-3.0388840">
    <ele>733.8</ele>
   </trkpt>
   <trkpt lat="40.5998460" lon="-3.0388150">
    <ele>733.8</ele>
   </trkpt>
   <trkpt lat="40.5997850" lon="-3.0387480">
    <ele>733.6</ele>
   </trkpt>
   <trkpt lat="40.5997240" lon="-3.0386810">
    <ele>733.4</ele>
   </trkpt>
   <trkpt lat="40.5996630" lon="-3.0386170">
    <ele>733.2</ele>
   </trkpt>
   <trkpt lat="40.5996020" lon="-3.0385510">
    <ele>733.2</ele>
   </trkpt>
   <trkpt lat="40.5995410" lon="-3.0384870">
    <ele>733.2</ele>
   </trkpt>
   <trkpt lat="40.5994830" lon="-3.0384260">
    <ele>733.0</ele>
   </trkpt>
   <trkpt lat="40.5994380" lon="-3.0383750">
    <ele>733.0</ele>
   </trkpt>
   <trkpt lat="40.5993730" lon="-3.0383040">
    <ele>733.0</ele>
   </trkpt>
   <trkpt lat="40.5993160" lon="-3.0382440">
    <ele>732.8</ele>
   </trkpt>
   <trkpt lat="40.5992580" lon="-3.0381950">
    <ele>732.6</ele>
   </trkpt>
   <trkpt lat="40.5991970" lon="-3.0381630">
    <ele>732.4</ele>
   </trkpt>
   <trkpt lat="40.5991290" lon="-3.0381410">
    <ele>732.4</ele>
   </trkpt>
   <trkpt lat="40.5990560" lon="-3.0381370">
    <ele>732.2</ele>
   </trkpt>
   <trkpt lat="40.5989880" lon="-3.0381450">
    <ele>732.2</ele>
   </trkpt>
   <trkpt lat="40.5989190" lon="-3.0381590">
    <ele>732.2</ele>
   </trkpt>
   <trkpt lat="40.5988650" lon="-3.0381730">
    <ele>732.2</ele>
   </trkpt>
   <trkpt lat="40.5987820" lon="-3.0381940">
    <ele>732.2</ele>
   </trkpt>
   <trkpt lat="40.5987170" lon="-3.0382150">
    <ele>732.2</ele>
   </trkpt>
   <trkpt lat="40.5986440" lon="-3.0382340">
    <ele>732.2</ele>
   </trkpt>
   <trkpt lat="40.5985760" lon="-3.0382510">
    <ele>732.2</ele>
   </trkpt>
   <trkpt lat="40.5985070" lon="-3.0382660">
    <ele>732.2</ele>
   </trkpt>
   <trkpt lat="40.5984380" lon="-3.0382820">
    <ele>732.0</ele>
   </trkpt>
   <trkpt lat="40.5983700" lon="-3.0382970">
    <ele>732.0</ele>
   </trkpt>
   <trkpt lat="40.5983010" lon="-3.0383130">
    <ele>731.8</ele>
   </trkpt>
   <trkpt lat="40.5982440" lon="-3.0383240">
    <ele>731.8</ele>
   </trkpt>
   <trkpt lat="40.5981600" lon="-3.0383410">
    <ele>731.8</ele>
   </trkpt>
   <trkpt lat="40.5980910" lon="-3.0383560">
    <ele>731.6</ele>
   </trkpt>
   <trkpt lat="40.5980220" lon="-3.0383720">
    <ele>731.6</ele>
   </trkpt>
   <trkpt lat="40.5979540" lon="-3.0383890">
    <ele>731.4</ele>
   </trkpt>
   <trkpt lat="40.5978810" lon="-3.0384040">
    <ele>731.4</ele>
   </trkpt>
   <trkpt lat="40.5978090" lon="-3.0384180">
    <ele>731.2</ele>
   </trkpt>
   <trkpt lat="40.5977400" lon="-3.0384310">
    <ele>731.0</ele>
   </trkpt>
   <trkpt lat="40.5976750" lon="-3.0384410">
    <ele>731.0</ele>
   </trkpt>
   <trkpt lat="40.5976180" lon="-3.0384530">
    <ele>731.0</ele>
   </trkpt>
   <trkpt lat="40.5975490" lon="-3.0384630">
    <ele>730.8</ele>
   </trkpt>
   <trkpt lat="40.5974650" lon="-3.0384710">
    <ele>730.8</ele>
   </trkpt>
   <trkpt lat="40.5973970" lon="-3.0384750">
    <ele>730.8</ele>
   </trkpt>
   <trkpt lat="40.5973280" lon="-3.0384730">
    <ele>730.8</ele>
   </trkpt>
   <trkpt lat="40.5972750" lon="-3.0384670">
    <ele>730.6</ele>
   </trkpt>
   <trkpt lat="40.5972060" lon="-3.0384590">
    <ele>730.6</ele>
   </trkpt>
   <trkpt lat="40.5971220" lon="-3.0384460">
    <ele>730.6</ele>
   </trkpt>
   <trkpt lat="40.5970530" lon="-3.0384310">
    <ele>730.6</ele>
   </trkpt>
   <trkpt lat="40.5969850" lon="-3.0384150">
    <ele>730.6</ele>
   </trkpt>
   <trkpt lat="40.5969240" lon="-3.0383940">
    <ele>730.6</ele>
   </trkpt>
   <trkpt lat="40.5968510" lon="-3.0383650">
    <ele>730.6</ele>
   </trkpt>
   <trkpt lat="40.5967830" lon="-3.0383380">
    <ele>730.6</ele>
   </trkpt>
   <trkpt lat="40.5967220" lon="-3.0383100">
    <ele>730.6</ele>
   </trkpt>
   <trkpt lat="40.5966570" lon="-3.0382860">
    <ele>730.6</ele>
   </trkpt>
   <trkpt lat="40.5965960" lon="-3.0382610">
    <ele>730.6</ele>
   </trkpt>
   <trkpt lat="40.5965350" lon="-3.0382340">
    <ele>730.6</ele>
   </trkpt>
   <trkpt lat="40.5964740" lon="-3.0382060">
    <ele>730.6</ele>
   </trkpt>
   <trkpt lat="40.5964090" lon="-3.0381800">
    <ele>730.6</ele>
   </trkpt>
   <trkpt lat="40.5963520" lon="-3.0381560">
    <ele>730.6</ele>
   </trkpt>
   <trkpt lat="40.5962910" lon="-3.0381320">
    <ele>730.6</ele>
   </trkpt>
   <trkpt lat="40.5962180" lon="-3.0380990">
    <ele>730.6</ele>
   </trkpt>
   <trkpt lat="40.5961570" lon="-3.0380720">
    <ele>730.4</ele>
   </trkpt>
   <trkpt lat="40.5960920" lon="-3.0380440">
    <ele>730.4</ele>
   </trkpt>
   <trkpt lat="40.5960310" lon="-3.0380150">
    <ele>730.4</ele>
   </trkpt>
   <trkpt lat="40.5959700" lon="-3.0379870">
    <ele>730.2</ele>
   </trkpt>
   <trkpt lat="40.5959090" lon="-3.0379590">
    <ele>730.2</ele>
   </trkpt>
   <trkpt lat="40.5958440" lon="-3.0379360">
    <ele>730.2</ele>
   </trkpt>
   <trkpt lat="40.5957790" lon="-3.0379080">
    <ele>730.0</ele>
   </trkpt>
   <trkpt lat="40.5957180" lon="-3.0378780">
    <ele>729.8</ele>
   </trkpt>
   <trkpt lat="40.5956540" lon="-3.0378460">
    <ele>729.8</ele>
   </trkpt>
   <trkpt lat="40.5955890" lon="-3.0378080">
    <ele>729.6</ele>
   </trkpt>
   <trkpt lat="40.5955310" lon="-3.0377610">
    <ele>729.6</ele>
   </trkpt>
   <trkpt lat="40.5954740" lon="-3.0377080">
    <ele>729.4</ele>
   </trkpt>
   <trkpt lat="40.5954210" lon="-3.0376540">
    <ele>729.4</ele>
   </trkpt>
   <trkpt lat="40.5953710" lon="-3.0375940">
    <ele>729.2</ele>
   </trkpt>
   <trkpt lat="40.5953250" lon="-3.0375310">
    <ele>729.2</ele>
   </trkpt>
   <trkpt lat="40.5952830" lon="-3.0374670">
    <ele>729.0</ele>
   </trkpt>
   <trkpt lat="40.5952490" lon="-3.0374120">
    <ele>729.0</ele>
   </trkpt>
   <trkpt lat="40.5952030" lon="-3.0373290">
    <ele>728.8</ele>
   </trkpt>
   <trkpt lat="40.5951650" lon="-3.0372610">
    <ele>728.6</ele>
   </trkpt>
   <trkpt lat="40.5951270" lon="-3.0371920">
    <ele>728.6</ele>
   </trkpt>
   <trkpt lat="40.5950930" lon="-3.0371310">
    <ele>728.6</ele>
   </trkpt>
   <trkpt lat="40.5950700" lon="-3.0370860">
    <ele>728.6</ele>
   </trkpt>
   <trkpt lat="40.5950240" lon="-3.0370330">
    <ele>728.6</ele>
   </trkpt>
   <trkpt lat="40.5949860" lon="-3.0370190">
    <ele>728.8</ele>
   </trkpt>
   <trkpt lat="40.5949590" lon="-3.0370260">
    <ele>729.0</ele>
   </trkpt>
   <trkpt lat="40.5949290" lon="-3.0370440">
    <ele>729.2</ele>
   </trkpt>
   <trkpt lat="40.5949060" lon="-3.0370660">
    <ele>729.4</ele>
   </trkpt>
   <trkpt lat="40.5948870" lon="-3.0370880">
    <ele>729.8</ele>
   </trkpt>
   <trkpt lat="40.5948680" lon="-3.0371010">
    <ele>730.2</ele>
   </trkpt>
   <trkpt lat="40.5948490" lon="-3.0371110">
    <ele>730.4</ele>
   </trkpt>
   <trkpt lat="40.5948330" lon="-3.0371220">
    <ele>730.6</ele>
   </trkpt>
   <trkpt lat="40.5948140" lon="-3.0371380">
    <ele>731.0</ele>
   </trkpt>
   <trkpt lat="40.5947950" lon="-3.0371560">
    <ele>731.2</ele>
   </trkpt>
   <trkpt lat="40.5947800" lon="-3.0371730">
    <ele>731.6</ele>
   </trkpt>
   <trkpt lat="40.5947680" lon="-3.0371910">
    <ele>731.8</ele>
   </trkpt>
   <trkpt lat="40.5947570" lon="-3.0372080">
    <ele>732.2</ele>
   </trkpt>
   <trkpt lat="40.5947490" lon="-3.0372250">
    <ele>732.4</ele>
   </trkpt>
   <trkpt lat="40.5947340" lon="-3.0372380">
    <ele>732.8</ele>
   </trkpt>
   <trkpt lat="40.5947190" lon="-3.0372510">
    <ele>733.0</ele>
   </trkpt>
   <trkpt lat="40.5947040" lon="-3.0372600">
    <ele>733.4</ele>
   </trkpt>
   <trkpt lat="40.5946880" lon="-3.0372680">
    <ele>733.6</ele>
   </trkpt>
   <trkpt lat="40.5946690" lon="-3.0372750">
    <ele>734.0</ele>
   </trkpt>
   <trkpt lat="40.5946540" lon="-3.0372820">
    <ele>734.2</ele>
   </trkpt>
   <trkpt lat="40.5946430" lon="-3.0372910">
    <ele>734.6</ele>
   </trkpt>
   <trkpt lat="40.5946270" lon="-3.0373020">
    <ele>734.8</ele>
   </trkpt>
   <trkpt lat="40.5946120" lon="-3.0373140">
    <ele>735.2</ele>
   </trkpt>
   <trkpt lat="40.5945970" lon="-3.0373310">
    <ele>735.4</ele>
   </trkpt>
   <trkpt lat="40.5945780" lon="-3.0373360">
    <ele>735.8</ele>
   </trkpt>
   <trkpt lat="40.5945590" lon="-3.0373410">
    <ele>736.0</ele>
   </trkpt>
   <trkpt lat="40.5945430" lon="-3.0373450">
    <ele>736.2</ele>
   </trkpt>
   <trkpt lat="40.5945170" lon="-3.0373500">
    <ele>736.6</ele>
   </trkpt>
   <trkpt lat="40.5944980" lon="-3.0373530">
    <ele>736.8</ele>
   </trkpt>
   <trkpt lat="40.5944750" lon="-3.0373600">
    <ele>737.0</ele>
   </trkpt>
   <trkpt lat="40.5944600" lon="-3.0373630">
    <ele>737.2</ele>
   </trkpt>
   <trkpt lat="40.5944330" lon="-3.0373740">
    <ele>737.6</ele>
   </trkpt>
   <trkpt lat="40.5944100" lon="-3.0373860">
    <ele>737.8</ele>
   </trkpt>
   <trkpt lat="40.5943830" lon="-3.0373950">
    <ele>738.0</ele>
   </trkpt>
   <trkpt lat="40.5943600" lon="-3.0374010">
    <ele>738.2</ele>
   </trkpt>
   <trkpt lat="40.5943300" lon="-3.0374080">
    <ele>738.4</ele>
   </trkpt>
   <trkpt lat="40.5942960" lon="-3.0374150">
    <ele>738.6</ele>
   </trkpt>
   <trkpt lat="40.5942650" lon="-3.0374210">
    <ele>738.8</ele>
   </trkpt>
   <trkpt lat="40.5942420" lon="-3.0374250">
    <ele>739.0</ele>
   </trkpt>
   <trkpt lat="40.5942120" lon="-3.0374310">
    <ele>739.0</ele>
   </trkpt>
   <trkpt lat="40.5941770" lon="-3.0374350">
    <ele>739.2</ele>
   </trkpt>
   <trkpt lat="40.5941500" lon="-3.0374430">
    <ele>739.4</ele>
   </trkpt>
   <trkpt lat="40.5941120" lon="-3.0374550">
    <ele>739.4</ele>
   </trkpt>
   <trkpt lat="40.5940780" lon="-3.0374630">
    <ele>739.6</ele>
   </trkpt>
   <trkpt lat="40.5940510" lon="-3.0374700">
    <ele>739.6</ele>
   </trkpt>
   <trkpt lat="40.5940090" lon="-3.0374840">
    <ele>739.6</ele>
   </trkpt>
   <trkpt lat="40.5939750" lon="-3.0375010">
    <ele>739.8</ele>
   </trkpt>
   <trkpt lat="40.5939450" lon="-3.0375130">
    <ele>739.6</ele>
   </trkpt>
   <trkpt lat="40.5938990" lon="-3.0375330">
    <ele>739.6</ele>
   </trkpt>
   <trkpt lat="40.5938720" lon="-3.0375490">
    <ele>739.6</ele>
   </trkpt>
   <trkpt lat="40.5938340" lon="-3.0375700">
    <ele>739.8</ele>
   </trkpt>
   <trkpt lat="40.5937880" lon="-3.0375940">
    <ele>739.8</ele>
   </trkpt>
   <trkpt lat="40.5937580" lon="-3.0376190">
    <ele>739.8</ele>
   </trkpt>
   <trkpt lat="40.5937310" lon="-3.0376470">
    <ele>740.0</ele>
   </trkpt>
   <trkpt lat="40.5937000" lon="-3.0376850">
    <ele>740.0</ele>
   </trkpt>
   <trkpt lat="40.5936780" lon="-3.0377220">
    <ele>740.2</ele>
   </trkpt>
   <trkpt lat="40.5936620" lon="-3.0377510">
    <ele>740.4</ele>
   </trkpt>
   <trkpt lat="40.5936430" lon="-3.0377840">
    <ele>740.6</ele>
   </trkpt>
   <trkpt lat="40.5936280" lon="-3.0378110">
    <ele>740.8</ele>
   </trkpt>
   <trkpt lat="40.5936160" lon="-3.0378300">
    <ele>741.0</ele>
   </trkpt>
   <trkpt lat="40.5936050" lon="-3.0378480">
    <ele>741.2</ele>
   </trkpt>
   <trkpt lat="40.5935900" lon="-3.0378640">
    <ele>741.6</ele>
   </trkpt>
   <trkpt lat="40.5935780" lon="-3.0378810">
    <ele>741.8</ele>
   </trkpt>
   <trkpt lat="40.5935590" lon="-3.0378960">
    <ele>742.2</ele>
   </trkpt>
   <trkpt lat="40.5935480" lon="-3.0379110">
    <ele>742.4</ele>
   </trkpt>
   <trkpt lat="40.5935290" lon="-3.0379290">
    <ele>742.8</ele>
   </trkpt>
   <trkpt lat="40.5935130" lon="-3.0379450">
    <ele>743.0</ele>
   </trkpt>
   <trkpt lat="40.5935020" lon="-3.0379580">
    <ele>743.4</ele>
   </trkpt>
   <trkpt lat="40.5934870" lon="-3.0379730">
    <ele>743.6</ele>
   </trkpt>
   <trkpt lat="40.5934750" lon="-3.0379810">
    <ele>744.0</ele>
   </trkpt>
   <trkpt lat="40.5934640" lon="-3.0379900">
    <ele>744.2</ele>
   </trkpt>
   <trkpt lat="40.5934520" lon="-3.0380030">
    <ele>744.4</ele>
   </trkpt>
   <trkpt lat="40.5934410" lon="-3.0380180">
    <ele>744.8</ele>
   </trkpt>
   <trkpt lat="40.5934300" lon="-3.0380330">
    <ele>745.0</ele>
   </trkpt>
   <trkpt lat="40.5934180" lon="-3.0380460">
    <ele>745.4</ele>
   </trkpt>
   <trkpt lat="40.5934030" lon="-3.0380550">
    <ele>745.6</ele>
   </trkpt>
   <trkpt lat="40.5933910" lon="-3.0380660">
    <ele>746.0</ele>
   </trkpt>
   <trkpt lat="40.5933760" lon="-3.0380830">
    <ele>746.4</ele>
   </trkpt>
   <trkpt lat="40.5933610" lon="-3.0381000">
    <ele>746.6</ele>
   </trkpt>
   <trkpt lat="40.5933460" lon="-3.0381150">
    <ele>746.8</ele>
   </trkpt>
   <trkpt lat="40.5933340" lon="-3.0381230">
    <ele>747.0</ele>
   </trkpt>
   <trkpt lat="40.5933190" lon="-3.0381310">
    <ele>747.4</ele>
   </trkpt>
   <trkpt lat="40.5933040" lon="-3.0381430">
    <ele>747.6</ele>
   </trkpt>
   <trkpt lat="40.5932920" lon="-3.0381530">
    <ele>747.8</ele>
   </trkpt>
   <trkpt lat="40.5932770" lon="-3.0381650">
    <ele>748.2</ele>
   </trkpt>
   <trkpt lat="40.5932620" lon="-3.0381750">
    <ele>748.4</ele>
   </trkpt>
   <trkpt lat="40.5932460" lon="-3.0381840">
    <ele>748.6</ele>
   </trkpt>
   <trkpt lat="40.5932270" lon="-3.0381950">
    <ele>748.8</ele>
   </trkpt>
   <trkpt lat="40.5932120" lon="-3.0382040">
    <ele>749.0</ele>
   </trkpt>
   <trkpt lat="40.5931970" lon="-3.0382160">
    <ele>749.4</ele>
   </trkpt>
   <trkpt lat="40.5931820" lon="-3.0382260">
    <ele>749.6</ele>
   </trkpt>
   <trkpt lat="40.5931630" lon="-3.0382360">
    <ele>749.8</ele>
   </trkpt>
   <trkpt lat="40.5931430" lon="-3.0382450">
    <ele>750.0</ele>
   </trkpt>
   <trkpt lat="40.5931280" lon="-3.0382630">
    <ele>750.2</ele>
   </trkpt>
   <trkpt lat="40.5931130" lon="-3.0382790">
    <ele>750.4</ele>
   </trkpt>
   <trkpt lat="40.5930940" lon="-3.0382980">
    <ele>750.6</ele>
   </trkpt>
   <trkpt lat="40.5930750" lon="-3.0383150">
    <ele>751.0</ele>
   </trkpt>
   <trkpt lat="40.5930600" lon="-3.0383280">
    <ele>751.2</ele>
   </trkpt>
   <trkpt lat="40.5930440" lon="-3.0383400">
    <ele>751.4</ele>
   </trkpt>
   <trkpt lat="40.5930210" lon="-3.0383530">
    <ele>751.6</ele>
   </trkpt>
   <trkpt lat="40.5930020" lon="-3.0383660">
    <ele>751.8</ele>
   </trkpt>
   <trkpt lat="40.5929870" lon="-3.0383810">
    <ele>752.0</ele>
   </trkpt>
   <trkpt lat="40.5929720" lon="-3.0383940">
    <ele>752.2</ele>
   </trkpt>
   <trkpt lat="40.5929530" lon="-3.0384080">
    <ele>752.4</ele>
   </trkpt>
   <trkpt lat="40.5929340" lon="-3.0384210">
    <ele>752.6</ele>
   </trkpt>
   <trkpt lat="40.5929180" lon="-3.0384360">
    <ele>752.8</ele>
   </trkpt>
   <trkpt lat="40.5928950" lon="-3.0384510">
    <ele>753.0</ele>
   </trkpt>
   <trkpt lat="40.5928800" lon="-3.0384610">
    <ele>753.2</ele>
   </trkpt>
   <trkpt lat="40.5928610" lon="-3.0384760">
    <ele>753.4</ele>
   </trkpt>
   <trkpt lat="40.5928460" lon="-3.0384940">
    <ele>753.6</ele>
   </trkpt>
   <trkpt lat="40.5928310" lon="-3.0385190">
    <ele>753.8</ele>
   </trkpt>
   <trkpt lat="40.5928150" lon="-3.0385390">
    <ele>754.0</ele>
   </trkpt>
   <trkpt lat="40.5928040" lon="-3.0385560">
    <ele>754.2</ele>
   </trkpt>
   <trkpt lat="40.5927850" lon="-3.0385760">
    <ele>754.4</ele>
   </trkpt>
   <trkpt lat="40.5927660" lon="-3.0385850">
    <ele>754.6</ele>
   </trkpt>
   <trkpt lat="40.5927470" lon="-3.0385980">
    <ele>754.8</ele>
   </trkpt>
   <trkpt lat="40.5927240" lon="-3.0386160">
    <ele>755.2</ele>
   </trkpt>
   <trkpt lat="40.5927090" lon="-3.0386290">
    <ele>755.4</ele>
   </trkpt>
   <trkpt lat="40.5926900" lon="-3.0386460">
    <ele>755.8</ele>
   </trkpt>
   <trkpt lat="40.5926700" lon="-3.0386600">
    <ele>756.0</ele>
   </trkpt>
   <trkpt lat="40.5926480" lon="-3.0386760">
    <ele>756.4</ele>
   </trkpt>
   <trkpt lat="40.5926280" lon="-3.0386860">
    <ele>756.6</ele>
   </trkpt>
   <trkpt lat="40.5926130" lon="-3.0386950">
    <ele>757.0</ele>
   </trkpt>
   <trkpt lat="40.5925940" lon="-3.0387050">
    <ele>757.2</ele>
   </trkpt>
   <trkpt lat="40.5925750" lon="-3.0387130">
    <ele>757.4</ele>
   </trkpt>
   <trkpt lat="40.5925520" lon="-3.0387200">
    <ele>757.8</ele>
   </trkpt>
   <trkpt lat="40.5925290" lon="-3.0387280">
    <ele>758.0</ele>
   </trkpt>
   <trkpt lat="40.5925060" lon="-3.0387350">
    <ele>758.2</ele>
   </trkpt>
   <trkpt lat="40.5924840" lon="-3.0387400">
    <ele>758.4</ele>
   </trkpt>
   <trkpt lat="40.5924640" lon="-3.0387430">
    <ele>758.8</ele>
   </trkpt>
   <trkpt lat="40.5924420" lon="-3.0387450">
    <ele>759.0</ele>
   </trkpt>
   <trkpt lat="40.5924190" lon="-3.0387530">
    <ele>759.2</ele>
   </trkpt>
   <trkpt lat="40.5923960" lon="-3.0387630">
    <ele>759.4</ele>
   </trkpt>
   <trkpt lat="40.5923770" lon="-3.0387750">
    <ele>759.6</ele>
   </trkpt>
   <trkpt lat="40.5923580" lon="-3.0387900">
    <ele>759.8</ele>
   </trkpt>
   <trkpt lat="40.5923350" lon="-3.0388060">
    <ele>760.0</ele>
   </trkpt>
   <trkpt lat="40.5923160" lon="-3.0388200">
    <ele>760.0</ele>
   </trkpt>
   <trkpt lat="40.5922930" lon="-3.0388350">
    <ele>760.0</ele>
   </trkpt>
   <trkpt lat="40.5922700" lon="-3.0388560">
    <ele>760.0</ele>
   </trkpt>
   <trkpt lat="40.5922470" lon="-3.0388750">
    <ele>760.2</ele>
   </trkpt>
   <trkpt lat="40.5922320" lon="-3.0388860">
    <ele>760.2</ele>
   </trkpt>
   <trkpt lat="40.5922090" lon="-3.0388990">
    <ele>760.4</ele>
   </trkpt>
   <trkpt lat="40.5921820" lon="-3.0389140">
    <ele>760.6</ele>
   </trkpt>
   <trkpt lat="40.5921550" lon="-3.0389260">
    <ele>760.6</ele>
   </trkpt>
   <trkpt lat="40.5921250" lon="-3.0389380">
    <ele>760.8</ele>
   </trkpt>
   <trkpt lat="40.5921060" lon="-3.0389460">
    <ele>761.0</ele>
   </trkpt>
   <trkpt lat="40.5920750" lon="-3.0389590">
    <ele>761.0</ele>
   </trkpt>
   <trkpt lat="40.5920410" lon="-3.0389710">
    <ele>761.2</ele>
   </trkpt>
   <trkpt lat="40.5920110" lon="-3.0389830">
    <ele>761.2</ele>
   </trkpt>
   <trkpt lat="40.5919880" lon="-3.0389950">
    <ele>761.4</ele>
   </trkpt>
   <trkpt lat="40.5919530" lon="-3.0390080">
    <ele>761.2</ele>
   </trkpt>
   <trkpt lat="40.5919190" lon="-3.0390210">
    <ele>761.2</ele>
   </trkpt>
   <trkpt lat="40.5918850" lon="-3.0390360">
    <ele>761.0</ele>
   </trkpt>
   <trkpt lat="40.5918350" lon="-3.0390560">
    <ele>761.0</ele>
   </trkpt>
   <trkpt lat="40.5917930" lon="-3.0390780">
    <ele>760.6</ele>
   </trkpt>
   <trkpt lat="40.5917510" lon="-3.0391010">
    <ele>760.4</ele>
   </trkpt>
   <trkpt lat="40.5917090" lon="-3.0391320">
    <ele>760.2</ele>
   </trkpt>
   <trkpt lat="40.5916750" lon="-3.0391610">
    <ele>760.0</ele>
   </trkpt>
   <trkpt lat="40.5916250" lon="-3.0392070">
    <ele>759.8</ele>
   </trkpt>
   <trkpt lat="40.5915910" lon="-3.0392440">
    <ele>759.8</ele>
   </trkpt>
   <trkpt lat="40.5915530" lon="-3.0392840">
    <ele>759.8</ele>
   </trkpt>
   <trkpt lat="40.5915030" lon="-3.0393250">
    <ele>759.8</ele>
   </trkpt>
   <trkpt lat="40.5914610" lon="-3.0393540">
    <ele>759.8</ele>
   </trkpt>
   <trkpt lat="40.5914190" lon="-3.0393650">
    <ele>760.0</ele>
   </trkpt>
   <trkpt lat="40.5913850" lon="-3.0393620">
    <ele>760.4</ele>
   </trkpt>
   <trkpt lat="40.5913510" lon="-3.0393520">
    <ele>760.6</ele>
   </trkpt>
   <trkpt lat="40.5913200" lon="-3.0393360">
    <ele>761.0</ele>
   </trkpt>
   <trkpt lat="40.5912930" lon="-3.0393210">
    <ele>761.2</ele>
   </trkpt>
   <trkpt lat="40.5912670" lon="-3.0393040">
    <ele>761.6</ele>
   </trkpt>
   <trkpt lat="40.5912510" lon="-3.0392950">
    <ele>761.8</ele>
   </trkpt>
   <trkpt lat="40.5912250" lon="-3.0392900">
    <ele>762.2</ele>
   </trkpt>
   <trkpt lat="40.5912020" lon="-3.0392870">
    <ele>762.4</ele>
   </trkpt>
   <trkpt lat="40.5911830" lon="-3.0392870">
    <ele>762.6</ele>
   </trkpt>
   <trkpt lat="40.5911600" lon="-3.0392870">
    <ele>762.8</ele>
   </trkpt>
   <trkpt lat="40.5911410" lon="-3.0392900">
    <ele>763.0</ele>
   </trkpt>
   <trkpt lat="40.5911220" lon="-3.0392900">
    <ele>763.2</ele>
   </trkpt>
   <trkpt lat="40.5910950" lon="-3.0392930">
    <ele>763.4</ele>
   </trkpt>
   <trkpt lat="40.5910800" lon="-3.0392980">
    <ele>763.8</ele>
   </trkpt>
   <trkpt lat="40.5910610" lon="-3.0393060">
    <ele>764.0</ele>
   </trkpt>
   <trkpt lat="40.5910340" lon="-3.0393160">
    <ele>764.4</ele>
   </trkpt>
   <trkpt lat="40.5910150" lon="-3.0393200">
    <ele>764.6</ele>
   </trkpt>
   <trkpt lat="40.5910000" lon="-3.0393120">
    <ele>765.0</ele>
   </trkpt>
   <trkpt lat="40.5909770" lon="-3.0393050">
    <ele>765.2</ele>
   </trkpt>
   <trkpt lat="40.5909610" lon="-3.0393030">
    <ele>765.6</ele>
   </trkpt>
   <trkpt lat="40.5909420" lon="-3.0393000">
    <ele>765.8</ele>
   </trkpt>
   <trkpt lat="40.5909190" lon="-3.0392970">
    <ele>766.0</ele>
   </trkpt>
   <trkpt lat="40.5909000" lon="-3.0392920">
    <ele>766.4</ele>
   </trkpt>
   <trkpt lat="40.5908810" lon="-3.0392870">
    <ele>766.4</ele>
   </trkpt>
   <trkpt lat="40.5908580" lon="-3.0392830">
    <ele>766.6</ele>
   </trkpt>
   <trkpt lat="40.5908360" lon="-3.0392820">
    <ele>766.8</ele>
   </trkpt>
   <trkpt lat="40.5908090" lon="-3.0392820">
    <ele>767.2</ele>
   </trkpt>
   <trkpt lat="40.5907900" lon="-3.0392800">
    <ele>767.4</ele>
   </trkpt>
   <trkpt lat="40.5907780" lon="-3.0392820">
    <ele>767.4</ele>
   </trkpt>
   <trkpt lat="40.5907520" lon="-3.0392850">
    <ele>767.6</ele>
   </trkpt>
   <trkpt lat="40.5907360" lon="-3.0392910">
    <ele>767.8</ele>
   </trkpt>
   <trkpt lat="40.5907210" lon="-3.0393000">
    <ele>768.0</ele>
   </trkpt>
   <trkpt lat="40.5907020" lon="-3.0393100">
    <ele>768.0</ele>
   </trkpt>
   <trkpt lat="40.5906870" lon="-3.0393210">
    <ele>768.4</ele>
   </trkpt>
   <trkpt lat="40.5906750" lon="-3.0393360">
    <ele>768.4</ele>
   </trkpt>
   <trkpt lat="40.5906600" lon="-3.0393540">
    <ele>768.6</ele>
   </trkpt>
   <trkpt lat="40.5906450" lon="-3.0393660">
    <ele>768.8</ele>
   </trkpt>
   <trkpt lat="40.5906300" lon="-3.0393840">
    <ele>769.0</ele>
   </trkpt>
   <trkpt lat="40.5906140" lon="-3.0394040">
    <ele>769.2</ele>
   </trkpt>
   <trkpt lat="40.5906030" lon="-3.0394280">
    <ele>769.4</ele>
   </trkpt>
   <trkpt lat="40.5905950" lon="-3.0394460">
    <ele>769.6</ele>
   </trkpt>
   <trkpt lat="40.5905910" lon="-3.0394660">
    <ele>770.0</ele>
   </trkpt>
   <trkpt lat="40.5905880" lon="-3.0394890">
    <ele>770.2</ele>
   </trkpt>
   <trkpt lat="40.5905840" lon="-3.0395140">
    <ele>770.4</ele>
   </trkpt>
   <trkpt lat="40.5905800" lon="-3.0395390">
    <ele>770.6</ele>
   </trkpt>
   <trkpt lat="40.5905760" lon="-3.0395660">
    <ele>770.8</ele>
   </trkpt>
   <trkpt lat="40.5905760" lon="-3.0395940">
    <ele>771.0</ele>
   </trkpt>
   <trkpt lat="40.5905680" lon="-3.0396180">
    <ele>771.2</ele>
   </trkpt>
   <trkpt lat="40.5905650" lon="-3.0396520">
    <ele>771.4</ele>
   </trkpt>
   <trkpt lat="40.5905610" lon="-3.0396770">
    <ele>771.6</ele>
   </trkpt>
   <trkpt lat="40.5905610" lon="-3.0397040">
    <ele>771.8</ele>
   </trkpt>
   <trkpt lat="40.5905570" lon="-3.0397340">
    <ele>772.0</ele>
   </trkpt>
   <trkpt lat="40.5905530" lon="-3.0397720">
    <ele>772.2</ele>
   </trkpt>
   <trkpt lat="40.5905490" lon="-3.0398060">
    <ele>772.4</ele>
   </trkpt>
   <trkpt lat="40.5905420" lon="-3.0398320">
    <ele>772.4</ele>
   </trkpt>
   <trkpt lat="40.5905380" lon="-3.0398610">
    <ele>772.6</ele>
   </trkpt>
   <trkpt lat="40.5905340" lon="-3.0398890">
    <ele>772.8</ele>
   </trkpt>
   <trkpt lat="40.5905230" lon="-3.0399190">
    <ele>772.8</ele>
   </trkpt>
   <trkpt lat="40.5905110" lon="-3.0399520">
    <ele>773.0</ele>
   </trkpt>
   <trkpt lat="40.5904960" lon="-3.0399780">
    <ele>773.2</ele>
   </trkpt>
   <trkpt lat="40.5904730" lon="-3.0400040">
    <ele>773.2</ele>
   </trkpt>
   <trkpt lat="40.5904430" lon="-3.0400290">
    <ele>773.4</ele>
   </trkpt>
   <trkpt lat="40.5904080" lon="-3.0400430">
    <ele>773.4</ele>
   </trkpt>
   <trkpt lat="40.5903780" lon="-3.0400510">
    <ele>773.6</ele>
   </trkpt>
   <trkpt lat="40.5903470" lon="-3.0400520">
    <ele>773.8</ele>
   </trkpt>
   <trkpt lat="40.5903240" lon="-3.0400520">
    <ele>773.8</ele>
   </trkpt>
   <trkpt lat="40.5902980" lon="-3.0400500">
    <ele>774.0</ele>
   </trkpt>
   <trkpt lat="40.5902630" lon="-3.0400440">
    <ele>774.2</ele>
   </trkpt>
   <trkpt lat="40.5902370" lon="-3.0400400">
    <ele>774.4</ele>
   </trkpt>
   <trkpt lat="40.5902100" lon="-3.0400400">
    <ele>774.6</ele>
   </trkpt>
   <trkpt lat="40.5901760" lon="-3.0400420">
    <ele>775.0</ele>
   </trkpt>
   <trkpt lat="40.5901490" lon="-3.0400460">
    <ele>775.0</ele>
   </trkpt>
   <trkpt lat="40.5901300" lon="-3.0400530">
    <ele>775.2</ele>
   </trkpt>
   <trkpt lat="40.5901030" lon="-3.0400600">
    <ele>775.2</ele>
   </trkpt>
   <trkpt lat="40.5900760" lon="-3.0400660">
    <ele>775.4</ele>
   </trkpt>
   <trkpt lat="40.5900420" lon="-3.0400760">
    <ele>775.6</ele>
   </trkpt>
   <trkpt lat="40.5900150" lon="-3.0400900">
    <ele>775.6</ele>
   </trkpt>
   <trkpt lat="40.5899890" lon="-3.0401010">
    <ele>775.8</ele>
   </trkpt>
   <trkpt lat="40.5899700" lon="-3.0401130">
    <ele>775.8</ele>
   </trkpt>
   <trkpt lat="40.5899350" lon="-3.0401230">
    <ele>776.0</ele>
   </trkpt>
   <trkpt lat="40.5899090" lon="-3.0401310">
    <ele>776.0</ele>
   </trkpt>
   <trkpt lat="40.5898890" lon="-3.0401400">
    <ele>776.2</ele>
   </trkpt>
   <trkpt lat="40.5898550" lon="-3.0401510">
    <ele>776.2</ele>
   </trkpt>
   <trkpt lat="40.5898320" lon="-3.0401580">
    <ele>776.2</ele>
   </trkpt>
   <trkpt lat="40.5898020" lon="-3.0401680">
    <ele>776.4</ele>
   </trkpt>
   <trkpt lat="40.5897710" lon="-3.0401760">
    <ele>776.4</ele>
   </trkpt>
   <trkpt lat="40.5897480" lon="-3.0401830">
    <ele>776.6</ele>
   </trkpt>
   <trkpt lat="40.5897180" lon="-3.0401910">
    <ele>776.8</ele>
   </trkpt>
   <trkpt lat="40.5896910" lon="-3.0401980">
    <ele>776.8</ele>
   </trkpt>
   <trkpt lat="40.5896640" lon="-3.0402060">
    <ele>777.0</ele>
   </trkpt>
   <trkpt lat="40.5896340" lon="-3.0402110">
    <ele>777.2</ele>
   </trkpt>
   <trkpt lat="40.5896070" lon="-3.0402160">
    <ele>777.4</ele>
   </trkpt>
   <trkpt lat="40.5895880" lon="-3.0402180">
    <ele>777.6</ele>
   </trkpt>
   <trkpt lat="40.5895580" lon="-3.0402250">
    <ele>777.8</ele>
   </trkpt>
   <trkpt lat="40.5895350" lon="-3.0402280">
    <ele>778.0</ele>
   </trkpt>
   <trkpt lat="40.5895120" lon="-3.0402330">
    <ele>778.2</ele>
   </trkpt>
   <trkpt lat="40.5894850" lon="-3.0402430">
    <ele>778.4</ele>
   </trkpt>
   <trkpt lat="40.5894620" lon="-3.0402510">
    <ele>778.6</ele>
   </trkpt>
   <trkpt lat="40.5894360" lon="-3.0402620">
    <ele>778.8</ele>
   </trkpt>
   <trkpt lat="40.5894050" lon="-3.0402720">
    <ele>779.0</ele>
   </trkpt>
   <trkpt lat="40.5893860" lon="-3.0402780">
    <ele>779.2</ele>
   </trkpt>
   <trkpt lat="40.5893590" lon="-3.0402900">
    <ele>779.4</ele>
   </trkpt>
   <trkpt lat="40.5893290" lon="-3.0403040">
    <ele>779.8</ele>
   </trkpt>
   <trkpt lat="40.5893020" lon="-3.0403180">
    <ele>780.0</ele>
   </trkpt>
   <trkpt lat="40.5892750" lon="-3.0403280">
    <ele>780.0</ele>
   </trkpt>
   <trkpt lat="40.5892520" lon="-3.0403360">
    <ele>780.2</ele>
   </trkpt>
   <trkpt lat="40.5892260" lon="-3.0403460">
    <ele>780.2</ele>
   </trkpt>
   <trkpt lat="40.5891990" lon="-3.0403600">
    <ele>780.2</ele>
   </trkpt>
   <trkpt lat="40.5891650" lon="-3.0403730">
    <ele>780.4</ele>
   </trkpt>
   <trkpt lat="40.5891420" lon="-3.0403810">
    <ele>780.4</ele>
   </trkpt>
   <trkpt lat="40.5891150" lon="-3.0403960">
    <ele>780.4</ele>
   </trkpt>
   <trkpt lat="40.5890880" lon="-3.0404100">
    <ele>780.4</ele>
   </trkpt>
   <trkpt lat="40.5890500" lon="-3.0404280">
    <ele>780.4</ele>
   </trkpt>
   <trkpt lat="40.5890200" lon="-3.0404460">
    <ele>780.2</ele>
   </trkpt>
   <trkpt lat="40.5889890" lon="-3.0404650">
    <ele>780.0</ele>
   </trkpt>
   <trkpt lat="40.5889630" lon="-3.0404780">
    <ele>780.0</ele>
   </trkpt>
   <trkpt lat="40.5889210" lon="-3.0404990">
    <ele>780.0</ele>
   </trkpt>
   <trkpt lat="40.5888860" lon="-3.0405190">
    <ele>780.0</ele>
   </trkpt>
   <trkpt lat="40.5888520" lon="-3.0405410">
    <ele>780.0</ele>
   </trkpt>
   <trkpt lat="40.5888180" lon="-3.0405630">
    <ele>780.0</ele>
   </trkpt>
   <trkpt lat="40.5887830" lon="-3.0405830">
    <ele>780.0</ele>
   </trkpt>
   <trkpt lat="40.5887490" lon="-3.0406060">
    <ele>779.8</ele>
   </trkpt>
   <trkpt lat="40.5887150" lon="-3.0406310">
    <ele>779.8</ele>
   </trkpt>
   <trkpt lat="40.5886840" lon="-3.0406510">
    <ele>779.8</ele>
   </trkpt>
   <trkpt lat="40.5886420" lon="-3.0406780">
    <ele>779.6</ele>
   </trkpt>
   <trkpt lat="40.5885960" lon="-3.0407190">
    <ele>779.4</ele>
   </trkpt>
   <trkpt lat="40.5885580" lon="-3.0407590">
    <ele>779.2</ele>
   </trkpt>
   <trkpt lat="40.5885240" lon="-3.0407940">
    <ele>779.0</ele>
   </trkpt>
   <trkpt lat="40.5884900" lon="-3.0408430">
    <ele>778.8</ele>
   </trkpt>
   <trkpt lat="40.5884550" lon="-3.0408890">
    <ele>778.8</ele>
   </trkpt>
   <trkpt lat="40.5884170" lon="-3.0409370">
    <ele>778.8</ele>
   </trkpt>
   <trkpt lat="40.5883750" lon="-3.0409900">
    <ele>778.8</ele>
   </trkpt>
   <trkpt lat="40.5883330" lon="-3.0410300">
    <ele>778.8</ele>
   </trkpt>
   <trkpt lat="40.5883060" lon="-3.0410660">
    <ele>778.8</ele>
   </trkpt>
   <trkpt lat="40.5882640" lon="-3.0411150">
    <ele>778.8</ele>
   </trkpt>
   <trkpt lat="40.5882340" lon="-3.0411490">
    <ele>779.0</ele>
   </trkpt>
   <trkpt lat="40.5882030" lon="-3.0411900">
    <ele>779.0</ele>
   </trkpt>
   <trkpt lat="40.5881730" lon="-3.0412300">
    <ele>779.0</ele>
   </trkpt>
   <trkpt lat="40.5881390" lon="-3.0412770">
    <ele>779.2</ele>
   </trkpt>
   <trkpt lat="40.5880970" lon="-3.0413340">
    <ele>779.4</ele>
   </trkpt>
   <trkpt lat="40.5880620" lon="-3.0413790">
    <ele>779.4</ele>
   </trkpt>
   <trkpt lat="40.5880360" lon="-3.0414140">
    <ele>779.4</ele>
   </trkpt>
   <trkpt lat="40.5880010" lon="-3.0414570">
    <ele>779.6</ele>
   </trkpt>
   <trkpt lat="40.5879550" lon="-3.0415050">
    <ele>779.6</ele>
   </trkpt>
   <trkpt lat="40.5879210" lon="-3.0415450">
    <ele>779.8</ele>
   </trkpt>
   <trkpt lat="40.5878940" lon="-3.0415760">
    <ele>780.0</ele>
   </trkpt>
   <trkpt lat="40.5878450" lon="-3.0416140">
    <ele>780.2</ele>
   </trkpt>
   <trkpt lat="40.5878140" lon="-3.0416310">
    <ele>780.4</ele>
   </trkpt>
   <trkpt lat="40.5877690" lon="-3.0416430">
    <ele>780.8</ele>
   </trkpt>
   <trkpt lat="40.5877150" lon="-3.0416470">
    <ele>781.0</ele>
   </trkpt>
   <trkpt lat="40.5876810" lon="-3.0416450">
    <ele>781.2</ele>
   </trkpt>
   <trkpt lat="40.5876350" lon="-3.0416470">
    <ele>781.4</ele>
   </trkpt>
   <trkpt lat="40.5875820" lon="-3.0416520">
    <ele>781.6</ele>
   </trkpt>
   <trkpt lat="40.5875430" lon="-3.0416570">
    <ele>781.8</ele>
   </trkpt>
   <trkpt lat="40.5874900" lon="-3.0416650">
    <ele>782.0</ele>
   </trkpt>
   <trkpt lat="40.5874600" lon="-3.0416750">
    <ele>782.2</ele>
   </trkpt>
   <trkpt lat="40.5874210" lon="-3.0416930">
    <ele>782.2</ele>
   </trkpt>
   <trkpt lat="40.5873870" lon="-3.0417160">
    <ele>782.4</ele>
   </trkpt>
   <trkpt lat="40.5873530" lon="-3.0417470">
    <ele>782.4</ele>
   </trkpt>
   <trkpt lat="40.5873180" lon="-3.0417810">
    <ele>782.4</ele>
   </trkpt>
   <trkpt lat="40.5872920" lon="-3.0418140">
    <ele>782.4</ele>
   </trkpt>
   <trkpt lat="40.5872650" lon="-3.0418430">
    <ele>782.6</ele>
   </trkpt>
   <trkpt lat="40.5872380" lon="-3.0418750">
    <ele>782.8</ele>
   </trkpt>
   <trkpt lat="40.5872080" lon="-3.0419140">
    <ele>783.0</ele>
   </trkpt>
   <trkpt lat="40.5871850" lon="-3.0419440">
    <ele>783.4</ele>
   </trkpt>
   <trkpt lat="40.5871620" lon="-3.0419640">
    <ele>783.6</ele>
   </trkpt>
   <trkpt lat="40.5871310" lon="-3.0419970">
    <ele>783.6</ele>
   </trkpt>
   <trkpt lat="40.5871050" lon="-3.0420270">
    <ele>783.8</ele>
   </trkpt>
   <trkpt lat="40.5870890" lon="-3.0420470">
    <ele>784.2</ele>
   </trkpt>
   <trkpt lat="40.5870670" lon="-3.0420720">
    <ele>784.4</ele>
   </trkpt>
   <trkpt lat="40.5870400" lon="-3.0420910">
    <ele>784.6</ele>
   </trkpt>
   <trkpt lat="40.5870170" lon="-3.0421080">
    <ele>784.8</ele>
   </trkpt>
   <trkpt lat="40.5869900" lon="-3.0421210">
    <ele>785.0</ele>
   </trkpt>
   <trkpt lat="40.5869670" lon="-3.0421350">
    <ele>785.2</ele>
   </trkpt>
   <trkpt lat="40.5869410" lon="-3.0421460">
    <ele>785.4</ele>
   </trkpt>
   <trkpt lat="40.5869140" lon="-3.0421600">
    <ele>785.6</ele>
   </trkpt>
   <trkpt lat="40.5868870" lon="-3.0421760">
    <ele>785.6</ele>
   </trkpt>
   <trkpt lat="40.5868610" lon="-3.0421910">
    <ele>785.8</ele>
   </trkpt>
   <trkpt lat="40.5868300" lon="-3.0422060">
    <ele>786.0</ele>
   </trkpt>
   <trkpt lat="40.5868070" lon="-3.0422170">
    <ele>786.0</ele>
   </trkpt>
   <trkpt lat="40.5867770" lon="-3.0422340">
    <ele>786.0</ele>
   </trkpt>
   <trkpt lat="40.5867460" lon="-3.0422480">
    <ele>786.0</ele>
   </trkpt>
   <trkpt lat="40.5867230" lon="-3.0422580">
    <ele>785.8</ele>
   </trkpt>
   <trkpt lat="40.5866810" lon="-3.0422740">
    <ele>786.0</ele>
   </trkpt>
   <trkpt lat="40.5866550" lon="-3.0422880">
    <ele>786.0</ele>
   </trkpt>
   <trkpt lat="40.5866170" lon="-3.0423000">
    <ele>786.0</ele>
   </trkpt>
   <trkpt lat="40.5865780" lon="-3.0423160">
    <ele>786.0</ele>
   </trkpt>
   <trkpt lat="40.5865520" lon="-3.0423260">
    <ele>786.0</ele>
   </trkpt>
   <trkpt lat="40.5865210" lon="-3.0423380">
    <ele>786.0</ele>
   </trkpt>
   <trkpt lat="40.5864830" lon="-3.0423510">
    <ele>786.0</ele>
   </trkpt>
   <trkpt lat="40.5864450" lon="-3.0423610">
    <ele>786.0</ele>
   </trkpt>
   <trkpt lat="40.5864180" lon="-3.0423700">
    <ele>786.0</ele>
   </trkpt>
   <trkpt lat="40.5863760" lon="-3.0423880">
    <ele>786.0</ele>
   </trkpt>
   <trkpt lat="40.5863420" lon="-3.0424010">
    <ele>786.0</ele>
   </trkpt>
   <trkpt lat="40.5863040" lon="-3.0424160">
    <ele>786.0</ele>
   </trkpt>
   <trkpt lat="40.5862620" lon="-3.0424370">
    <ele>785.8</ele>
   </trkpt>
   <trkpt lat="40.5862240" lon="-3.0424560">
    <ele>785.8</ele>
   </trkpt>
   <trkpt lat="40.5861930" lon="-3.0424710">
    <ele>785.6</ele>
   </trkpt>
   <trkpt lat="40.5861550" lon="-3.0424890">
    <ele>785.4</ele>
   </trkpt>
   <trkpt lat="40.5861130" lon="-3.0425110">
    <ele>785.2</ele>
   </trkpt>
   <trkpt lat="40.5860670" lon="-3.0425400">
    <ele>785.0</ele>
   </trkpt>
   <trkpt lat="40.5860370" lon="-3.0425640">
    <ele>785.0</ele>
   </trkpt>
   <trkpt lat="40.5859990" lon="-3.0425990">
    <ele>784.8</ele>
   </trkpt>
   <trkpt lat="40.5859600" lon="-3.0426510">
    <ele>784.6</ele>
   </trkpt>
   <trkpt lat="40.5859300" lon="-3.0427080">
    <ele>784.6</ele>
   </trkpt>
   <trkpt lat="40.5859070" lon="-3.0427580">
    <ele>784.4</ele>
   </trkpt>
   <trkpt lat="40.5858730" lon="-3.0428260">
    <ele>784.2</ele>
   </trkpt>
   <trkpt lat="40.5858540" lon="-3.0428750">
    <ele>784.0</ele>
   </trkpt>
   <trkpt lat="40.5858270" lon="-3.0429360">
    <ele>784.0</ele>
   </trkpt>
   <trkpt lat="40.5857960" lon="-3.0430110">
    <ele>783.8</ele>
   </trkpt>
   <trkpt lat="40.5857730" lon="-3.0430660">
    <ele>783.8</ele>
   </trkpt>
   <trkpt lat="40.5857470" lon="-3.0431320">
    <ele>783.6</ele>
   </trkpt>
   <trkpt lat="40.5857200" lon="-3.0432060">
    <ele>783.6</ele>
   </trkpt>
   <trkpt lat="40.5856930" lon="-3.0432580">
    <ele>783.4</ele>
   </trkpt>
   <trkpt lat="40.5856630" lon="-3.0433210">
    <ele>783.4</ele>
   </trkpt>
   <trkpt lat="40.5856320" lon="-3.0433860">
    <ele>783.4</ele>
   </trkpt>
   <trkpt lat="40.5856020" lon="-3.0434490">
    <ele>783.4</ele>
   </trkpt>
   <trkpt lat="40.5855750" lon="-3.0435090">
    <ele>783.6</ele>
   </trkpt>
   <trkpt lat="40.5855480" lon="-3.0435640">
    <ele>783.6</ele>
   </trkpt>
   <trkpt lat="40.5855260" lon="-3.0436210">
    <ele>783.8</ele>
   </trkpt>
   <trkpt lat="40.5855030" lon="-3.0436830">
    <ele>784.0</ele>
   </trkpt>
   <trkpt lat="40.5854800" lon="-3.0437460">
    <ele>784.0</ele>
   </trkpt>
   <trkpt lat="40.5854570" lon="-3.0438120">
    <ele>784.2</ele>
   </trkpt>
   <trkpt lat="40.5854380" lon="-3.0438780">
    <ele>784.2</ele>
   </trkpt>
   <trkpt lat="40.5854190" lon="-3.0439560">
    <ele>784.4</ele>
   </trkpt>
   <trkpt lat="40.5854070" lon="-3.0440110">
    <ele>784.4</ele>
   </trkpt>
   <trkpt lat="40.5853960" lon="-3.0440780">
    <ele>784.6</ele>
   </trkpt>
   <trkpt lat="40.5853840" lon="-3.0441450">
    <ele>784.8</ele>
   </trkpt>
   <trkpt lat="40.5853770" lon="-3.0442270">
    <ele>785.0</ele>
   </trkpt>
   <trkpt lat="40.5853690" lon="-3.0442960">
    <ele>785.0</ele>
   </trkpt>
   <trkpt lat="40.5853610" lon="-3.0443590">
    <ele>785.0</ele>
   </trkpt>
   <trkpt lat="40.5853580" lon="-3.0444090">
    <ele>785.2</ele>
   </trkpt>
   <trkpt lat="40.5853500" lon="-3.0444840">
    <ele>785.4</ele>
   </trkpt>
   <trkpt lat="40.5853420" lon="-3.0445560">
    <ele>785.4</ele>
   </trkpt>
   <trkpt lat="40.5853350" lon="-3.0446130">
    <ele>785.8</ele>
   </trkpt>
   <trkpt lat="40.5853270" lon="-3.0446850">
    <ele>786.0</ele>
   </trkpt>
   <trkpt lat="40.5853190" lon="-3.0447570">
    <ele>786.0</ele>
   </trkpt>
   <trkpt lat="40.5853120" lon="-3.0448310">
    <ele>786.2</ele>
   </trkpt>
   <trkpt lat="40.5853080" lon="-3.0449160">
    <ele>786.4</ele>
   </trkpt>
   <trkpt lat="40.5853000" lon="-3.0449890">
    <ele>786.6</ele>
   </trkpt>
   <trkpt lat="40.5853000" lon="-3.0450460">
    <ele>786.8</ele>
   </trkpt>
   <trkpt lat="40.5853000" lon="-3.0451270">
    <ele>787.0</ele>
   </trkpt>
   <trkpt lat="40.5852970" lon="-3.0451980">
    <ele>787.2</ele>
   </trkpt>
   <trkpt lat="40.5852890" lon="-3.0452710">
    <ele>787.6</ele>
   </trkpt>
   <trkpt lat="40.5852810" lon="-3.0453430">
    <ele>787.8</ele>
   </trkpt>
   <trkpt lat="40.5852740" lon="-3.0454020">
    <ele>788.0</ele>
   </trkpt>
   <trkpt lat="40.5852620" lon="-3.0454850">
    <ele>788.2</ele>
   </trkpt>
   <trkpt lat="40.5852510" lon="-3.0455570">
    <ele>788.4</ele>
   </trkpt>
   <trkpt lat="40.5852430" lon="-3.0456250">
    <ele>788.6</ele>
   </trkpt>
   <trkpt lat="40.5852360" lon="-3.0456760">
    <ele>789.0</ele>
   </trkpt>
   <trkpt lat="40.5852320" lon="-3.0457440">
    <ele>789.4</ele>
   </trkpt>
   <trkpt lat="40.5852280" lon="-3.0457980">
    <ele>789.6</ele>
   </trkpt>
   <trkpt lat="40.5852240" lon="-3.0458510">
    <ele>789.8</ele>
   </trkpt>
   <trkpt lat="40.5852200" lon="-3.0459040">
    <ele>790.0</ele>
   </trkpt>
   <trkpt lat="40.5852160" lon="-3.0459600">
    <ele>790.2</ele>
   </trkpt>
   <trkpt lat="40.5852130" lon="-3.0460110">
    <ele>790.4</ele>
   </trkpt>
   <trkpt lat="40.5852090" lon="-3.0460600">
    <ele>790.6</ele>
   </trkpt>
   <trkpt lat="40.5852050" lon="-3.0461030">
    <ele>790.8</ele>
   </trkpt>
   <trkpt lat="40.5852010" lon="-3.0461350">
    <ele>791.0</ele>
   </trkpt>
   <trkpt lat="40.5851970" lon="-3.0461730">
    <ele>791.2</ele>
   </trkpt>
   <trkpt lat="40.5851970" lon="-3.0462250">
    <ele>791.4</ele>
   </trkpt>
   <trkpt lat="40.5851900" lon="-3.0462670">
    <ele>791.6</ele>
   </trkpt>
   <trkpt lat="40.5851820" lon="-3.0463040">
    <ele>791.8</ele>
   </trkpt>
   <trkpt lat="40.5851750" lon="-3.0463300">
    <ele>792.0</ele>
   </trkpt>
   <trkpt lat="40.5851590" lon="-3.0463630">
    <ele>792.2</ele>
   </trkpt>
   <trkpt lat="40.5851400" lon="-3.0463950">
    <ele>792.6</ele>
   </trkpt>
   <trkpt lat="40.5851250" lon="-3.0464220">
    <ele>792.8</ele>
   </trkpt>
   <trkpt lat="40.5851060" lon="-3.0464450">
    <ele>793.2</ele>
   </trkpt>
   <trkpt lat="40.5850830" lon="-3.0464700">
    <ele>793.6</ele>
   </trkpt>
   <trkpt lat="40.5850600" lon="-3.0464890">
    <ele>794.0</ele>
   </trkpt>
   <trkpt lat="40.5850410" lon="-3.0465040">
    <ele>794.2</ele>
   </trkpt>
   <trkpt lat="40.5850180" lon="-3.0465160">
    <ele>794.6</ele>
   </trkpt>
   <trkpt lat="40.5849990" lon="-3.0465260">
    <ele>795.0</ele>
   </trkpt>
   <trkpt lat="40.5849690" lon="-3.0465380">
    <ele>795.4</ele>
   </trkpt>
   <trkpt lat="40.5849460" lon="-3.0465450">
    <ele>795.8</ele>
   </trkpt>
   <trkpt lat="40.5849270" lon="-3.0465480">
    <ele>796.0</ele>
   </trkpt>
   <trkpt lat="40.5848960" lon="-3.0465500">
    <ele>796.4</ele>
   </trkpt>
   <trkpt lat="40.5848770" lon="-3.0465510">
    <ele>796.8</ele>
   </trkpt>
   <trkpt lat="40.5848470" lon="-3.0465420">
    <ele>797.0</ele>
   </trkpt>
   <trkpt lat="40.5848270" lon="-3.0465360">
    <ele>797.4</ele>
   </trkpt>
   <trkpt lat="40.5848010" lon="-3.0465270">
    <ele>797.6</ele>
   </trkpt>
   <trkpt lat="40.5847820" lon="-3.0465160">
    <ele>798.0</ele>
   </trkpt>
   <trkpt lat="40.5847550" lon="-3.0465050">
    <ele>798.2</ele>
   </trkpt>
   <trkpt lat="40.5847280" lon="-3.0464940">
    <ele>798.4</ele>
   </trkpt>
   <trkpt lat="40.5847010" lon="-3.0464840">
    <ele>798.6</ele>
   </trkpt>
   <trkpt lat="40.5846790" lon="-3.0464740">
    <ele>799.0</ele>
   </trkpt>
   <trkpt lat="40.5846560" lon="-3.0464620">
    <ele>799.2</ele>
   </trkpt>
   <trkpt lat="40.5846370" lon="-3.0464470">
    <ele>799.4</ele>
   </trkpt>
   <trkpt lat="40.5846140" lon="-3.0464320">
    <ele>799.6</ele>
   </trkpt>
   <trkpt lat="40.5845910" lon="-3.0464170">
    <ele>799.8</ele>
   </trkpt>
   <trkpt lat="40.5845680" lon="-3.0463990">
    <ele>799.8</ele>
   </trkpt>
   <trkpt lat="40.5845450" lon="-3.0463810">
    <ele>800.0</ele>
   </trkpt>
   <trkpt lat="40.5845260" lon="-3.0463590">
    <ele>800.2</ele>
   </trkpt>
   <trkpt lat="40.5845070" lon="-3.0463420">
    <ele>800.4</ele>
   </trkpt>
   <trkpt lat="40.5844880" lon="-3.0463220">
    <ele>800.6</ele>
   </trkpt>
   <trkpt lat="40.5844690" lon="-3.0463070">
    <ele>800.8</ele>
   </trkpt>
   <trkpt lat="40.5844500" lon="-3.0462840">
    <ele>801.0</ele>
   </trkpt>
   <trkpt lat="40.5844310" lon="-3.0462620">
    <ele>801.2</ele>
   </trkpt>
   <trkpt lat="40.5844120" lon="-3.0462390">
    <ele>801.4</ele>
   </trkpt>
   <trkpt lat="40.5843960" lon="-3.0462210">
    <ele>801.6</ele>
   </trkpt>
   <trkpt lat="40.5843730" lon="-3.0461970">
    <ele>801.8</ele>
   </trkpt>
   <trkpt lat="40.5843580" lon="-3.0461760">
    <ele>802.0</ele>
   </trkpt>
   <trkpt lat="40.5843430" lon="-3.0461570">
    <ele>802.4</ele>
   </trkpt>
   <trkpt lat="40.5843280" lon="-3.0461420">
    <ele>802.6</ele>
   </trkpt>
   <trkpt lat="40.5843090" lon="-3.0461320">
    <ele>802.8</ele>
   </trkpt>
   <trkpt lat="40.5842930" lon="-3.0461200">
    <ele>803.2</ele>
   </trkpt>
   <trkpt lat="40.5842780" lon="-3.0461050">
    <ele>803.4</ele>
   </trkpt>
   <trkpt lat="40.5842670" lon="-3.0460890">
    <ele>803.8</ele>
   </trkpt>
   <trkpt lat="40.5842550" lon="-3.0460740">
    <ele>804.0</ele>
   </trkpt>
   <trkpt lat="40.5842440" lon="-3.0460620">
    <ele>804.2</ele>
   </trkpt>
   <trkpt lat="40.5842250" lon="-3.0460490">
    <ele>804.6</ele>
   </trkpt>
   <trkpt lat="40.5842090" lon="-3.0460390">
    <ele>805.0</ele>
   </trkpt>
   <trkpt lat="40.5841940" lon="-3.0460260">
    <ele>805.2</ele>
   </trkpt>
   <trkpt lat="40.5841750" lon="-3.0460110">
    <ele>805.6</ele>
   </trkpt>
   <trkpt lat="40.5841600" lon="-3.0459930">
    <ele>805.8</ele>
   </trkpt>
   <trkpt lat="40.5841450" lon="-3.0459690">
    <ele>806.2</ele>
   </trkpt>
   <trkpt lat="40.5841330" lon="-3.0459460">
    <ele>806.4</ele>
   </trkpt>
   <trkpt lat="40.5841180" lon="-3.0459240">
    <ele>806.8</ele>
   </trkpt>
   <trkpt lat="40.5840990" lon="-3.0459060">
    <ele>807.2</ele>
   </trkpt>
   <trkpt lat="40.5840830" lon="-3.0458890">
    <ele>807.4</ele>
   </trkpt>
   <trkpt lat="40.5840680" lon="-3.0458740">
    <ele>807.8</ele>
   </trkpt>
   <trkpt lat="40.5840530" lon="-3.0458590">
    <ele>808.0</ele>
   </trkpt>
   <trkpt lat="40.5840380" lon="-3.0458420">
    <ele>808.4</ele>
   </trkpt>
   <trkpt lat="40.5840260" lon="-3.0458250">
    <ele>808.6</ele>
   </trkpt>
   <trkpt lat="40.5840150" lon="-3.0458100">
    <ele>809.0</ele>
   </trkpt>
   <trkpt lat="40.5840000" lon="-3.0458000">
    <ele>809.2</ele>
   </trkpt>
   <trkpt lat="40.5839810" lon="-3.0457870">
    <ele>809.4</ele>
   </trkpt>
   <trkpt lat="40.5839610" lon="-3.0457790">
    <ele>809.6</ele>
   </trkpt>
   <trkpt lat="40.5839420" lon="-3.0457780">
    <ele>810.0</ele>
   </trkpt>
   <trkpt lat="40.5839230" lon="-3.0457820">
    <ele>810.2</ele>
   </trkpt>
   <trkpt lat="40.5839000" lon="-3.0457820">
    <ele>810.4</ele>
   </trkpt>
   <trkpt lat="40.5838810" lon="-3.0457750">
    <ele>810.8</ele>
   </trkpt>
   <trkpt lat="40.5838620" lon="-3.0457750">
    <ele>811.0</ele>
   </trkpt>
   <trkpt lat="40.5838470" lon="-3.0457780">
    <ele>811.4</ele>
   </trkpt>
   <trkpt lat="40.5838360" lon="-3.0457820">
    <ele>811.8</ele>
   </trkpt>
   <trkpt lat="40.5838200" lon="-3.0457880">
    <ele>812.0</ele>
   </trkpt>
   <trkpt lat="40.5838050" lon="-3.0457950">
    <ele>812.4</ele>
   </trkpt>
   <trkpt lat="40.5837940" lon="-3.0458060">
    <ele>812.8</ele>
   </trkpt>
   <trkpt lat="40.5837780" lon="-3.0458180">
    <ele>813.0</ele>
   </trkpt>
   <trkpt lat="40.5837670" lon="-3.0458280">
    <ele>813.4</ele>
   </trkpt>
   <trkpt lat="40.5837590" lon="-3.0458410">
    <ele>813.6</ele>
   </trkpt>
   <trkpt lat="40.5837560" lon="-3.0458550">
    <ele>814.0</ele>
   </trkpt>
   <trkpt lat="40.5837520" lon="-3.0458780">
    <ele>814.2</ele>
   </trkpt>
   <trkpt lat="40.5837520" lon="-3.0458950">
    <ele>814.6</ele>
   </trkpt>
   <trkpt lat="40.5837400" lon="-3.0459140">
    <ele>814.8</ele>
   </trkpt>
   <trkpt lat="40.5837330" lon="-3.0459340">
    <ele>815.2</ele>
   </trkpt>
   <trkpt lat="40.5837290" lon="-3.0459540">
    <ele>815.4</ele>
   </trkpt>
   <trkpt lat="40.5837330" lon="-3.0459730">
    <ele>815.6</ele>
   </trkpt>
   <trkpt lat="40.5837360" lon="-3.0459960">
    <ele>816.0</ele>
   </trkpt>
   <trkpt lat="40.5837400" lon="-3.0460190">
    <ele>816.2</ele>
   </trkpt>
   <trkpt lat="40.5837440" lon="-3.0460350">
    <ele>816.4</ele>
   </trkpt>
   <trkpt lat="40.5837440" lon="-3.0460610">
    <ele>816.8</ele>
   </trkpt>
   <trkpt lat="40.5837480" lon="-3.0460840">
    <ele>817.0</ele>
   </trkpt>
   <trkpt lat="40.5837520" lon="-3.0461070">
    <ele>817.4</ele>
   </trkpt>
   <trkpt lat="40.5837630" lon="-3.0461280">
    <ele>817.6</ele>
   </trkpt>
   <trkpt lat="40.5837670" lon="-3.0461490">
    <ele>817.8</ele>
   </trkpt>
   <trkpt lat="40.5837780" lon="-3.0461680">
    <ele>818.2</ele>
   </trkpt>
   <trkpt lat="40.5837860" lon="-3.0461850">
    <ele>818.4</ele>
   </trkpt>
   <trkpt lat="40.5837900" lon="-3.0462060">
    <ele>818.8</ele>
   </trkpt>
   <trkpt lat="40.5837970" lon="-3.0462280">
    <ele>819.0</ele>
   </trkpt>
   <trkpt lat="40.5838050" lon="-3.0462460">
    <ele>819.2</ele>
   </trkpt>
   <trkpt lat="40.5838130" lon="-3.0462680">
    <ele>819.6</ele>
   </trkpt>
   <trkpt lat="40.5838200" lon="-3.0462860">
    <ele>819.8</ele>
   </trkpt>
   <trkpt lat="40.5838320" lon="-3.0463060">
    <ele>820.2</ele>
   </trkpt>
   <trkpt lat="40.5838360" lon="-3.0463260">
    <ele>820.4</ele>
   </trkpt>
   <trkpt lat="40.5838430" lon="-3.0463450">
    <ele>820.6</ele>
   </trkpt>
   <trkpt lat="40.5838470" lon="-3.0463640">
    <ele>820.8</ele>
   </trkpt>
   <trkpt lat="40.5838550" lon="-3.0463860">
    <ele>821.0</ele>
   </trkpt>
   <trkpt lat="40.5838580" lon="-3.0464040">
    <ele>821.4</ele>
   </trkpt>
   <trkpt lat="40.5838660" lon="-3.0464240">
    <ele>821.6</ele>
   </trkpt>
   <trkpt lat="40.5838740" lon="-3.0464440">
    <ele>821.8</ele>
   </trkpt>
   <trkpt lat="40.5838810" lon="-3.0464640">
    <ele>822.0</ele>
   </trkpt>
   <trkpt lat="40.5838890" lon="-3.0464860">
    <ele>822.4</ele>
   </trkpt>
   <trkpt lat="40.5839000" lon="-3.0465060">
    <ele>822.6</ele>
   </trkpt>
   <trkpt lat="40.5839080" lon="-3.0465240">
    <ele>822.8</ele>
   </trkpt>
   <trkpt lat="40.5839120" lon="-3.0465430">
    <ele>823.2</ele>
   </trkpt>
   <trkpt lat="40.5839200" lon="-3.0465610">
    <ele>823.4</ele>
   </trkpt>
   <trkpt lat="40.5839270" lon="-3.0465800">
    <ele>823.6</ele>
   </trkpt>
   <trkpt lat="40.5839390" lon="-3.0465990">
    <ele>823.8</ele>
   </trkpt>
   <trkpt lat="40.5839500" lon="-3.0466190">
    <ele>824.2</ele>
   </trkpt>
   <trkpt lat="40.5839580" lon="-3.0466390">
    <ele>824.4</ele>
   </trkpt>
   <trkpt lat="40.5839650" lon="-3.0466630">
    <ele>824.6</ele>
   </trkpt>
   <trkpt lat="40.5839690" lon="-3.0466830">
    <ele>825.0</ele>
   </trkpt>
   <trkpt lat="40.5839770" lon="-3.0467010">
    <ele>825.2</ele>
   </trkpt>
   <trkpt lat="40.5839810" lon="-3.0467230">
    <ele>825.4</ele>
   </trkpt>
   <trkpt lat="40.5839840" lon="-3.0467430">
    <ele>825.8</ele>
   </trkpt>
   <trkpt lat="40.5839880" lon="-3.0467660">
    <ele>826.0</ele>
   </trkpt>
   <trkpt lat="40.5839960" lon="-3.0467860">
    <ele>826.2</ele>
   </trkpt>
   <trkpt lat="40.5840030" lon="-3.0468120">
    <ele>826.6</ele>
   </trkpt>
   <trkpt lat="40.5840070" lon="-3.0468340">
    <ele>826.8</ele>
   </trkpt>
   <trkpt lat="40.5840150" lon="-3.0468580">
    <ele>827.0</ele>
   </trkpt>
   <trkpt lat="40.5840260" lon="-3.0468790">
    <ele>827.2</ele>
   </trkpt>
   <trkpt lat="40.5840340" lon="-3.0469030">
    <ele>827.4</ele>
   </trkpt>
   <trkpt lat="40.5840420" lon="-3.0469240">
    <ele>827.6</ele>
   </trkpt>
   <trkpt lat="40.5840490" lon="-3.0469490">
    <ele>828.0</ele>
   </trkpt>
   <trkpt lat="40.5840570" lon="-3.0469730">
    <ele>828.2</ele>
   </trkpt>
   <trkpt lat="40.5840680" lon="-3.0469960">
    <ele>828.4</ele>
   </trkpt>
   <trkpt lat="40.5840760" lon="-3.0470190">
    <ele>828.6</ele>
   </trkpt>
   <trkpt lat="40.5840830" lon="-3.0470460">
    <ele>828.8</ele>
   </trkpt>
   <trkpt lat="40.5840870" lon="-3.0470730">
    <ele>829.0</ele>
   </trkpt>
   <trkpt lat="40.5840950" lon="-3.0470990">
    <ele>829.2</ele>
   </trkpt>
   <trkpt lat="40.5841060" lon="-3.0471280">
    <ele>829.6</ele>
   </trkpt>
   <trkpt lat="40.5841220" lon="-3.0471510">
    <ele>829.8</ele>
   </trkpt>
   <trkpt lat="40.5841330" lon="-3.0471730">
    <ele>830.0</ele>
   </trkpt>
   <trkpt lat="40.5841450" lon="-3.0471980">
    <ele>830.2</ele>
   </trkpt>
   <trkpt lat="40.5841520" lon="-3.0472240">
    <ele>830.4</ele>
   </trkpt>
   <trkpt lat="40.5841560" lon="-3.0472540">
    <ele>830.6</ele>
   </trkpt>
   <trkpt lat="40.5841640" lon="-3.0472820">
    <ele>830.8</ele>
   </trkpt>
   <trkpt lat="40.5841670" lon="-3.0473110">
    <ele>831.0</ele>
   </trkpt>
   <trkpt lat="40.5841750" lon="-3.0473390">
    <ele>831.0</ele>
   </trkpt>
   <trkpt lat="40.5841830" lon="-3.0473710">
    <ele>831.2</ele>
   </trkpt>
   <trkpt lat="40.5841900" lon="-3.0474020">
    <ele>831.4</ele>
   </trkpt>
   <trkpt lat="40.5842020" lon="-3.0474280">
    <ele>831.6</ele>
   </trkpt>
   <trkpt lat="40.5842060" lon="-3.0474520">
    <ele>831.6</ele>
   </trkpt>
   <trkpt lat="40.5842170" lon="-3.0474810">
    <ele>831.8</ele>
   </trkpt>
   <trkpt lat="40.5842290" lon="-3.0475090">
    <ele>831.8</ele>
   </trkpt>
   <trkpt lat="40.5842360" lon="-3.0475410">
    <ele>831.8</ele>
   </trkpt>
   <trkpt lat="40.5842440" lon="-3.0475740">
    <ele>832.0</ele>
   </trkpt>
   <trkpt lat="40.5842550" lon="-3.0476090">
    <ele>832.0</ele>
   </trkpt>
   <trkpt lat="40.5842670" lon="-3.0476420">
    <ele>832.0</ele>
   </trkpt>
   <trkpt lat="40.5842780" lon="-3.0476720">
    <ele>832.2</ele>
   </trkpt>
   <trkpt lat="40.5842930" lon="-3.0476980">
    <ele>832.2</ele>
   </trkpt>
   <trkpt lat="40.5843120" lon="-3.0477270">
    <ele>832.4</ele>
   </trkpt>
   <trkpt lat="40.5843240" lon="-3.0477590">
    <ele>832.4</ele>
   </trkpt>
   <trkpt lat="40.5843350" lon="-3.0477940">
    <ele>832.4</ele>
   </trkpt>
   <trkpt lat="40.5843470" lon="-3.0478320">
    <ele>832.6</ele>
   </trkpt>
   <trkpt lat="40.5843540" lon="-3.0478700">
    <ele>832.6</ele>
   </trkpt>
   <trkpt lat="40.5843620" lon="-3.0479020">
    <ele>832.6</ele>
   </trkpt>
   <trkpt lat="40.5843730" lon="-3.0479390">
    <ele>832.8</ele>
   </trkpt>
   <trkpt lat="40.5843810" lon="-3.0479820">
    <ele>832.8</ele>
   </trkpt>
   <trkpt lat="40.5843850" lon="-3.0480230">
    <ele>833.0</ele>
   </trkpt>
   <trkpt lat="40.5843930" lon="-3.0480670">
    <ele>833.0</ele>
   </trkpt>
   <trkpt lat="40.5844000" lon="-3.0481050">
    <ele>833.0</ele>
   </trkpt>
   <trkpt lat="40.5844120" lon="-3.0481460">
    <ele>833.2</ele>
   </trkpt>
   <trkpt lat="40.5844230" lon="-3.0481840">
    <ele>833.2</ele>
   </trkpt>
   <trkpt lat="40.5844350" lon="-3.0482220">
    <ele>833.4</ele>
   </trkpt>
   <trkpt lat="40.5844460" lon="-3.0482600">
    <ele>833.4</ele>
   </trkpt>
   <trkpt lat="40.5844570" lon="-3.0482970">
    <ele>833.6</ele>
   </trkpt>
   <trkpt lat="40.5844690" lon="-3.0483310">
    <ele>833.6</ele>
   </trkpt>
   <trkpt lat="40.5844800" lon="-3.0483590">
    <ele>833.8</ele>
   </trkpt>
   <trkpt lat="40.5844960" lon="-3.0483840">
    <ele>833.8</ele>
   </trkpt>
   <trkpt lat="40.5845110" lon="-3.0484060">
    <ele>833.8</ele>
   </trkpt>
   <trkpt lat="40.5845220" lon="-3.0484280">
    <ele>834.0</ele>
   </trkpt>
   <trkpt lat="40.5845410" lon="-3.0484480">
    <ele>834.0</ele>
   </trkpt>
   <trkpt lat="40.5845600" lon="-3.0484680">
    <ele>834.0</ele>
   </trkpt>
   <trkpt lat="40.5845830" lon="-3.0484860">
    <ele>834.0</ele>
   </trkpt>
   <trkpt lat="40.5845980" lon="-3.0485060">
    <ele>834.0</ele>
   </trkpt>
   <trkpt lat="40.5846060" lon="-3.0485260">
    <ele>834.0</ele>
   </trkpt>
   <trkpt lat="40.5846100" lon="-3.0485490">
    <ele>834.0</ele>
   </trkpt>
   <trkpt lat="40.5846100" lon="-3.0485630">
    <ele>834.0</ele>
   </trkpt>
   <trkpt lat="40.5846020" lon="-3.0485730">
    <ele>834.0</ele>
   </trkpt>
   <trkpt lat="40.5845910" lon="-3.0485750">
    <ele>834.2</ele>
   </trkpt>
   <trkpt lat="40.5845720" lon="-3.0485730">
    <ele>834.2</ele>
   </trkpt>
   <trkpt lat="40.5845490" lon="-3.0485670">
    <ele>834.4</ele>
   </trkpt>
   <trkpt lat="40.5845340" lon="-3.0485600">
    <ele>834.6</ele>
   </trkpt>
   <trkpt lat="40.5845260" lon="-3.0485550">
    <ele>834.8</ele>
   </trkpt>
   <trkpt lat="40.5845490" lon="-3.0485580">
    <ele>835.2</ele>
   </trkpt>
   <trkpt lat="40.5845600" lon="-3.0485550">
    <ele>835.2</ele>
   </trkpt>
   <trkpt lat="40.5845720" lon="-3.0485520">
    <ele>835.2</ele>
   </trkpt>
   <trkpt lat="40.5845790" lon="-3.0485520">
    <ele>835.2</ele>
   </trkpt>
   <trkpt lat="40.5845910" lon="-3.0485480">
    <ele>835.2</ele>
   </trkpt>
   <trkpt lat="40.5845980" lon="-3.0485480">
    <ele>835.0</ele>
   </trkpt>
   <trkpt lat="40.5846100" lon="-3.0485480">
    <ele>835.0</ele>
   </trkpt>
   <trkpt lat="40.5846210" lon="-3.0485470">
    <ele>834.8</ele>
   </trkpt>
   <trkpt lat="40.5846290" lon="-3.0485430">
    <ele>834.8</ele>
   </trkpt>
   <trkpt lat="40.5846400" lon="-3.0485400">
    <ele>834.6</ele>
   </trkpt>
   <trkpt lat="40.5846520" lon="-3.0485380">
    <ele>834.6</ele>
   </trkpt>
   <trkpt lat="40.5846630" lon="-3.0485380">
    <ele>834.4</ele>
   </trkpt>
   <trkpt lat="40.5846670" lon="-3.0485380">
    <ele>834.4</ele>
   </trkpt>
   <trkpt lat="40.5846750" lon="-3.0485400">
    <ele>834.2</ele>
   </trkpt>
   <trkpt lat="40.5846750" lon="-3.0485400">
    <ele>834.0</ele>
   </trkpt>
   <trkpt lat="40.5846750" lon="-3.0485400">
    <ele>834.0</ele>
   </trkpt>
   <trkpt lat="40.5846750" lon="-3.0485400">
    <ele>834.0</ele>
   </trkpt>
   <trkpt lat="40.5846750" lon="-3.0485400">
    <ele>833.8</ele>
   </trkpt>
   <trkpt lat="40.5846750" lon="-3.0485400">
    <ele>833.8</ele>
   </trkpt>
   <trkpt lat="40.5846480" lon="-3.0485480">
    <ele>833.8</ele>
   </trkpt>
   <trkpt lat="40.5846370" lon="-3.0485470">
    <ele>833.8</ele>
   </trkpt>
   <trkpt lat="40.5846290" lon="-3.0485450">
    <ele>834.0</ele>
   </trkpt>
   <trkpt lat="40.5846210" lon="-3.0485420">
    <ele>834.0</ele>
   </trkpt>
   <trkpt lat="40.5846100" lon="-3.0485430">
    <ele>834.2</ele>
   </trkpt>
   <trkpt lat="40.5845980" lon="-3.0485450">
    <ele>834.2</ele>
   </trkpt>
   <trkpt lat="40.5845830" lon="-3.0485500">
    <ele>834.4</ele>
   </trkpt>
   <trkpt lat="40.5845720" lon="-3.0485530">
    <ele>834.6</ele>
   </trkpt>
   <trkpt lat="40.5845600" lon="-3.0485530">
    <ele>834.6</ele>
   </trkpt>
   <trkpt lat="40.5845490" lon="-3.0485500">
    <ele>834.8</ele>
   </trkpt>
   <trkpt lat="40.5845370" lon="-3.0485480">
    <ele>835.0</ele>
   </trkpt>
   <trkpt lat="40.5845260" lon="-3.0485470">
    <ele>835.2</ele>
   </trkpt>
   <trkpt lat="40.5845180" lon="-3.0485430">
    <ele>835.4</ele>
   </trkpt>
   <trkpt lat="40.5845070" lon="-3.0485430">
    <ele>835.6</ele>
   </trkpt>
   <trkpt lat="40.5844990" lon="-3.0485430">
    <ele>835.8</ele>
   </trkpt>
   <trkpt lat="40.5844880" lon="-3.0485390">
    <ele>835.8</ele>
   </trkpt>
   <trkpt lat="40.5844730" lon="-3.0485350">
    <ele>836.0</ele>
   </trkpt>
   <trkpt lat="40.5844610" lon="-3.0485290">
    <ele>836.2</ele>
   </trkpt>
   <trkpt lat="40.5844500" lon="-3.0485240">
    <ele>836.4</ele>
   </trkpt>
   <trkpt lat="40.5844420" lon="-3.0485220">
    <ele>836.4</ele>
   </trkpt>
   <trkpt lat="40.5844380" lon="-3.0485230">
    <ele>836.8</ele>
   </trkpt>
   <trkpt lat="40.5844310" lon="-3.0485190">
    <ele>836.8</ele>
   </trkpt>
   <trkpt lat="40.5844270" lon="-3.0485130">
    <ele>837.0</ele>
   </trkpt>
   <trkpt lat="40.5844230" lon="-3.0485050">
    <ele>837.0</ele>
   </trkpt>
   <trkpt lat="40.5844150" lon="-3.0485000">
    <ele>837.2</ele>
   </trkpt>
   <trkpt lat="40.5844080" lon="-3.0484940">
    <ele>837.4</ele>
   </trkpt>
   <trkpt lat="40.5844000" lon="-3.0484850">
    <ele>837.4</ele>
   </trkpt>
   <trkpt lat="40.5843930" lon="-3.0484750">
    <ele>837.6</ele>
   </trkpt>
   <trkpt lat="40.5843890" lon="-3.0484640">
    <ele>837.8</ele>
   </trkpt>
   <trkpt lat="40.5843850" lon="-3.0484540">
    <ele>837.8</ele>
   </trkpt>
   <trkpt lat="40.5843810" lon="-3.0484420">
    <ele>838.0</ele>
   </trkpt>
   <trkpt lat="40.5843770" lon="-3.0484340">
    <ele>838.0</ele>
   </trkpt>
   <trkpt lat="40.5843660" lon="-3.0484270">
    <ele>838.2</ele>
   </trkpt>
   <trkpt lat="40.5843620" lon="-3.0484200">
    <ele>838.4</ele>
   </trkpt>
   <trkpt lat="40.5843540" lon="-3.0484150">
    <ele>838.4</ele>
   </trkpt>
   <trkpt lat="40.5843470" lon="-3.0484080">
    <ele>838.6</ele>
   </trkpt>
   <trkpt lat="40.5843390" lon="-3.0483990">
    <ele>838.6</ele>
   </trkpt>
   <trkpt lat="40.5843320" lon="-3.0483880">
    <ele>838.8</ele>
   </trkpt>
   <trkpt lat="40.5843240" lon="-3.0483800">
    <ele>838.8</ele>
   </trkpt>
   <trkpt lat="40.5843200" lon="-3.0483750">
    <ele>839.0</ele>
   </trkpt>
   <trkpt lat="40.5843120" lon="-3.0483670">
    <ele>839.0</ele>
   </trkpt>
   <trkpt lat="40.5843050" lon="-3.0483570">
    <ele>839.2</ele>
   </trkpt>
   <trkpt lat="40.5842970" lon="-3.0483470">
    <ele>839.4</ele>
   </trkpt>
   <trkpt lat="40.5842930" lon="-3.0483400">
    <ele>839.4</ele>
   </trkpt>
   <trkpt lat="40.5842820" lon="-3.0483340">
    <ele>839.6</ele>
   </trkpt>
   <trkpt lat="40.5842740" lon="-3.0483220">
    <ele>839.8</ele>
   </trkpt>
   <trkpt lat="40.5842670" lon="-3.0483110">
    <ele>839.8</ele>
   </trkpt>
   <trkpt lat="40.5842590" lon="-3.0482970">
    <ele>840.0</ele>
   </trkpt>
   <trkpt lat="40.5842510" lon="-3.0482850">
    <ele>840.0</ele>
   </trkpt>
   <trkpt lat="40.5842440" lon="-3.0482750">
    <ele>840.2</ele>
   </trkpt>
   <trkpt lat="40.5842360" lon="-3.0482620">
    <ele>840.2</ele>
   </trkpt>
   <trkpt lat="40.5842290" lon="-3.0482470">
    <ele>840.4</ele>
   </trkpt>
   <trkpt lat="40.5842250" lon="-3.0482340">
    <ele>840.6</ele>
   </trkpt>
   <trkpt lat="40.5842210" lon="-3.0482150">
    <ele>840.8</ele>
   </trkpt>
   <trkpt lat="40.5842130" lon="-3.0481990">
    <ele>840.8</ele>
   </trkpt>
   <trkpt lat="40.5842090" lon="-3.0481860">
    <ele>840.8</ele>
   </trkpt>
   <trkpt lat="40.5842020" lon="-3.0481750">
    <ele>841.0</ele>
   </trkpt>
   <trkpt lat="40.5841980" lon="-3.0481650">
    <ele>841.0</ele>
   </trkpt>
   <trkpt lat="40.5841900" lon="-3.0481520">
    <ele>841.0</ele>
   </trkpt>
   <trkpt lat="40.5841870" lon="-3.0481350">
    <ele>841.2</ele>
   </trkpt>
   <trkpt lat="40.5841870" lon="-3.0481190">
    <ele>841.2</ele>
   </trkpt>
   <trkpt lat="40.5841750" lon="-3.0481050">
    <ele>841.2</ele>
   </trkpt>
   <trkpt lat="40.5841670" lon="-3.0480940">
    <ele>841.4</ele>
   </trkpt>
   <trkpt lat="40.5841600" lon="-3.0480840">
    <ele>841.4</ele>
   </trkpt>
   <trkpt lat="40.5841560" lon="-3.0480740">
    <ele>841.4</ele>
   </trkpt>
   <trkpt lat="40.5841480" lon="-3.0480630">
    <ele>841.4</ele>
   </trkpt>
   <trkpt lat="40.5841410" lon="-3.0480570">
    <ele>841.4</ele>
   </trkpt>
   <trkpt lat="40.5841370" lon="-3.0480550">
    <ele>841.6</ele>
   </trkpt>
   <trkpt lat="40.5841330" lon="-3.0480530">
    <ele>841.6</ele>
   </trkpt>
   <trkpt lat="40.5841330" lon="-3.0480530">
    <ele>841.6</ele>
   </trkpt>
   <trkpt lat="40.5841330" lon="-3.0480560">
    <ele>841.8</ele>
   </trkpt>
   <trkpt lat="40.5841290" lon="-3.0480570">
    <ele>841.8</ele>
   </trkpt>
   <trkpt lat="40.5841290" lon="-3.0480570">
    <ele>841.8</ele>
   </trkpt>
   <trkpt lat="40.5841290" lon="-3.0480570">
    <ele>841.8</ele>
   </trkpt>
   <trkpt lat="40.5841140" lon="-3.0480780">
    <ele>841.8</ele>
   </trkpt>
   <trkpt lat="40.5841100" lon="-3.0480920">
    <ele>842.0</ele>
   </trkpt>
   <trkpt lat="40.5841030" lon="-3.0481060">
    <ele>842.0</ele>
   </trkpt>
   <trkpt lat="40.5841030" lon="-3.0481150">
    <ele>842.0</ele>
   </trkpt>
   <trkpt lat="40.5841030" lon="-3.0481200">
    <ele>842.0</ele>
   </trkpt>
   <trkpt lat="40.5841060" lon="-3.0481250">
    <ele>842.0</ele>
   </trkpt>
   <trkpt lat="40.5841060" lon="-3.0481250">
    <ele>842.2</ele>
   </trkpt>
   <trkpt lat="40.5841060" lon="-3.0481250">
    <ele>842.2</ele>
   </trkpt>
   <trkpt lat="40.5841060" lon="-3.0481250">
    <ele>842.2</ele>
   </trkpt>
   <trkpt lat="40.5841060" lon="-3.0481250">
    <ele>842.2</ele>
   </trkpt>
   <trkpt lat="40.5841060" lon="-3.0481250">
    <ele>842.2</ele>
   </trkpt>
   <trkpt lat="40.5841140" lon="-3.0481600">
    <ele>842.2</ele>
   </trkpt>
   <trkpt lat="40.5841220" lon="-3.0481790">
    <ele>842.2</ele>
   </trkpt>
   <trkpt lat="40.5841290" lon="-3.0482060">
    <ele>842.2</ele>
   </trkpt>
   <trkpt lat="40.5841410" lon="-3.0482370">
    <ele>842.4</ele>
   </trkpt>
   <trkpt lat="40.5841520" lon="-3.0482750">
    <ele>842.4</ele>
   </trkpt>
   <trkpt lat="40.5841670" lon="-3.0483160">
    <ele>842.6</ele>
   </trkpt>
   <trkpt lat="40.5841830" lon="-3.0483580">
    <ele>842.6</ele>
   </trkpt>
   <trkpt lat="40.5841980" lon="-3.0484020">
    <ele>842.8</ele>
   </trkpt>
   <trkpt lat="40.5842090" lon="-3.0484440">
    <ele>843.0</ele>
   </trkpt>
   <trkpt lat="40.5842210" lon="-3.0484820">
    <ele>843.0</ele>
   </trkpt>
   <trkpt lat="40.5842320" lon="-3.0485240">
    <ele>843.2</ele>
   </trkpt>
   <trkpt lat="40.5842440" lon="-3.0485640">
    <ele>843.4</ele>
   </trkpt>
   <trkpt lat="40.5842550" lon="-3.0486040">
    <ele>843.4</ele>
   </trkpt>
   <trkpt lat="40.5842670" lon="-3.0486420">
    <ele>843.6</ele>
   </trkpt>
   <trkpt lat="40.5842780" lon="-3.0486820">
    <ele>843.8</ele>
   </trkpt>
   <trkpt lat="40.5842860" lon="-3.0487240">
    <ele>844.0</ele>
   </trkpt>
   <trkpt lat="40.5842930" lon="-3.0487650">
    <ele>844.2</ele>
   </trkpt>
   <trkpt lat="40.5843050" lon="-3.0488050">
    <ele>844.4</ele>
   </trkpt>
   <trkpt lat="40.5843120" lon="-3.0488470">
    <ele>844.4</ele>
   </trkpt>
   <trkpt lat="40.5843240" lon="-3.0488870">
    <ele>844.6</ele>
   </trkpt>
   <trkpt lat="40.5843320" lon="-3.0489270">
    <ele>844.8</ele>
   </trkpt>
   <trkpt lat="40.5843430" lon="-3.0489690">
    <ele>845.0</ele>
   </trkpt>
   <trkpt lat="40.5843510" lon="-3.0490090">
    <ele>845.2</ele>
   </trkpt>
   <trkpt lat="40.5843580" lon="-3.0490500">
    <ele>845.4</ele>
   </trkpt>
   <trkpt lat="40.5843700" lon="-3.0490890">
    <ele>845.6</ele>
   </trkpt>
   <trkpt lat="40.5843810" lon="-3.0491300">
    <ele>845.8</ele>
   </trkpt>
   <trkpt lat="40.5843890" lon="-3.0491740">
    <ele>846.0</ele>
   </trkpt>
   <trkpt lat="40.5844000" lon="-3.0492140">
    <ele>846.2</ele>
   </trkpt>
   <trkpt lat="40.5844080" lon="-3.0492540">
    <ele>846.2</ele>
   </trkpt>
   <trkpt lat="40.5844150" lon="-3.0492970">
    <ele>846.4</ele>
   </trkpt>
   <trkpt lat="40.5844230" lon="-3.0493370">
    <ele>846.6</ele>
   </trkpt>
   <trkpt lat="40.5844310" lon="-3.0493790">
    <ele>846.8</ele>
   </trkpt>
   <trkpt lat="40.5844380" lon="-3.0494190">
    <ele>847.0</ele>
   </trkpt>
   <trkpt lat="40.5844460" lon="-3.0494570">
    <ele>847.0</ele>
   </trkpt>
   <trkpt lat="40.5844570" lon="-3.0494970">
    <ele>847.2</ele>
   </trkpt>
   <trkpt lat="40.5844650" lon="-3.0495360">
    <ele>847.4</ele>
   </trkpt>
   <trkpt lat="40.5844690" lon="-3.0495760">
    <ele>847.6</ele>
   </trkpt>
   <trkpt lat="40.5844760" lon="-3.0496200">
    <ele>847.8</ele>
   </trkpt>
   <trkpt lat="40.5844800" lon="-3.0496620">
    <ele>848.0</ele>
   </trkpt>
   <trkpt lat="40.5844920" lon="-3.0497020">
    <ele>848.2</ele>
   </trkpt>
   <trkpt lat="40.5845030" lon="-3.0497410">
    <ele>848.4</ele>
   </trkpt>
   <trkpt lat="40.5845110" lon="-3.0497800">
    <ele>848.6</ele>
   </trkpt>
   <trkpt lat="40.5845180" lon="-3.0498190">
    <ele>848.8</ele>
   </trkpt>
   <trkpt lat="40.5845300" lon="-3.0498560">
    <ele>849.0</ele>
   </trkpt>
   <trkpt lat="40.5845410" lon="-3.0498960">
    <ele>849.2</ele>
   </trkpt>
   <trkpt lat="40.5845490" lon="-3.0499340">
    <ele>849.2</ele>
   </trkpt>
   <trkpt lat="40.5845570" lon="-3.0499730">
    <ele>849.4</ele>
   </trkpt>
   <trkpt lat="40.5845640" lon="-3.0500140">
    <ele>849.6</ele>
   </trkpt>
   <trkpt lat="40.5845760" lon="-3.0500520">
    <ele>849.8</ele>
   </trkpt>
   <trkpt lat="40.5845830" lon="-3.0500940">
    <ele>850.0</ele>
   </trkpt>
   <trkpt lat="40.5845950" lon="-3.0501320">
    <ele>850.2</ele>
   </trkpt>
   <trkpt lat="40.5846060" lon="-3.0501720">
    <ele>850.4</ele>
   </trkpt>
   <trkpt lat="40.5846140" lon="-3.0502120">
    <ele>850.6</ele>
   </trkpt>
   <trkpt lat="40.5846250" lon="-3.0502520">
    <ele>850.8</ele>
   </trkpt>
   <trkpt lat="40.5846370" lon="-3.0502960">
    <ele>851.0</ele>
   </trkpt>
   <trkpt lat="40.5846440" lon="-3.0503370">
    <ele>851.0</ele>
   </trkpt>
   <trkpt lat="40.5846520" lon="-3.0503770">
    <ele>851.2</ele>
   </trkpt>
   <trkpt lat="40.5846630" lon="-3.0504140">
    <ele>851.4</ele>
   </trkpt>
   <trkpt lat="40.5846750" lon="-3.0504460">
    <ele>851.8</ele>
   </trkpt>
   <trkpt lat="40.5846860" lon="-3.0504840">
    <ele>852.0</ele>
   </trkpt>
   <trkpt lat="40.5846940" lon="-3.0505220">
    <ele>852.2</ele>
   </trkpt>
   <trkpt lat="40.5847050" lon="-3.0505590">
    <ele>852.4</ele>
   </trkpt>
   <trkpt lat="40.5847170" lon="-3.0505970">
    <ele>852.6</ele>
   </trkpt>
   <trkpt lat="40.5847210" lon="-3.0506240">
    <ele>852.8</ele>
   </trkpt>
   <trkpt lat="40.5847320" lon="-3.0506690">
    <ele>853.0</ele>
   </trkpt>
   <trkpt lat="40.5847430" lon="-3.0507070">
    <ele>853.2</ele>
   </trkpt>
   <trkpt lat="40.5847550" lon="-3.0507450">
    <ele>853.4</ele>
   </trkpt>
   <trkpt lat="40.5847630" lon="-3.0507820">
    <ele>853.6</ele>
   </trkpt>
   <trkpt lat="40.5847660" lon="-3.0508090">
    <ele>853.8</ele>
   </trkpt>
   <trkpt lat="40.5847820" lon="-3.0508520">
    <ele>854.0</ele>
   </trkpt>
   <trkpt lat="40.5847930" lon="-3.0508870">
    <ele>854.0</ele>
   </trkpt>
   <trkpt lat="40.5848050" lon="-3.0509220">
    <ele>854.2</ele>
   </trkpt>
   <trkpt lat="40.5848160" lon="-3.0509570">
    <ele>854.4</ele>
   </trkpt>
   <trkpt lat="40.5848270" lon="-3.0509940">
    <ele>854.6</ele>
   </trkpt>
   <trkpt lat="40.5848390" lon="-3.0510300">
    <ele>854.8</ele>
   </trkpt>
   <trkpt lat="40.5848500" lon="-3.0510640">
    <ele>855.0</ele>
   </trkpt>
   <trkpt lat="40.5848620" lon="-3.0510940">
    <ele>855.2</ele>
   </trkpt>
   <trkpt lat="40.5848690" lon="-3.0511230">
    <ele>855.4</ele>
   </trkpt>
   <trkpt lat="40.5848770" lon="-3.0511540">
    <ele>855.6</ele>
   </trkpt>
   <trkpt lat="40.5848880" lon="-3.0511890">
    <ele>855.8</ele>
   </trkpt>
   <trkpt lat="40.5849000" lon="-3.0512250">
    <ele>856.0</ele>
   </trkpt>
   <trkpt lat="40.5849110" lon="-3.0512610">
    <ele>856.0</ele>
   </trkpt>
   <trkpt lat="40.5849270" lon="-3.0512990">
    <ele>856.2</ele>
   </trkpt>
   <trkpt lat="40.5849380" lon="-3.0513340">
    <ele>856.4</ele>
   </trkpt>
   <trkpt lat="40.5849500" lon="-3.0513670">
    <ele>856.6</ele>
   </trkpt>
   <trkpt lat="40.5849610" lon="-3.0514040">
    <ele>856.8</ele>
   </trkpt>
   <trkpt lat="40.5849720" lon="-3.0514360">
    <ele>857.0</ele>
   </trkpt>
   <trkpt lat="40.5849840" lon="-3.0514710">
    <ele>857.2</ele>
   </trkpt>
   <trkpt lat="40.5849990" lon="-3.0515060">
    <ele>857.4</ele>
   </trkpt>
   <trkpt lat="40.5850110" lon="-3.0515400">
    <ele>857.6</ele>
   </trkpt>
   <trkpt lat="40.5850220" lon="-3.0515760">
    <ele>857.8</ele>
   </trkpt>
   <trkpt lat="40.5850370" lon="-3.0516110">
    <ele>858.0</ele>
   </trkpt>
   <trkpt lat="40.5850490" lon="-3.0516460">
    <ele>858.0</ele>
   </trkpt>
   <trkpt lat="40.5850600" lon="-3.0516820">
    <ele>858.2</ele>
   </trkpt>
   <trkpt lat="40.5850720" lon="-3.0517170">
    <ele>858.6</ele>
   </trkpt>
   <trkpt lat="40.5850830" lon="-3.0517540">
    <ele>858.8</ele>
   </trkpt>
   <trkpt lat="40.5850940" lon="-3.0517910">
    <ele>859.0</ele>
   </trkpt>
   <trkpt lat="40.5851020" lon="-3.0518240">
    <ele>859.2</ele>
   </trkpt>
   <trkpt lat="40.5851170" lon="-3.0518590">
    <ele>859.4</ele>
   </trkpt>
   <trkpt lat="40.5851290" lon="-3.0518940">
    <ele>859.6</ele>
   </trkpt>
   <trkpt lat="40.5851440" lon="-3.0519290">
    <ele>859.8</ele>
   </trkpt>
   <trkpt lat="40.5851550" lon="-3.0519640">
    <ele>860.0</ele>
   </trkpt>
   <trkpt lat="40.5851710" lon="-3.0519990">
    <ele>860.0</ele>
   </trkpt>
   <trkpt lat="40.5851860" lon="-3.0520340">
    <ele>860.4</ele>
   </trkpt>
   <trkpt lat="40.5852010" lon="-3.0520690">
    <ele>860.6</ele>
   </trkpt>
   <trkpt lat="40.5852130" lon="-3.0521040">
    <ele>860.6</ele>
   </trkpt>
   <trkpt lat="40.5852280" lon="-3.0521410">
    <ele>860.8</ele>
   </trkpt>
   <trkpt lat="40.5852430" lon="-3.0521760">
    <ele>861.0</ele>
   </trkpt>
   <trkpt lat="40.5852580" lon="-3.0522090">
    <ele>861.2</ele>
   </trkpt>
   <trkpt lat="40.5852700" lon="-3.0522450">
    <ele>861.4</ele>
   </trkpt>
   <trkpt lat="40.5852890" lon="-3.0522820">
    <ele>861.8</ele>
   </trkpt>
   <trkpt lat="40.5853040" lon="-3.0523190">
    <ele>862.0</ele>
   </trkpt>
   <trkpt lat="40.5853190" lon="-3.0523540">
    <ele>862.2</ele>
   </trkpt>
   <trkpt lat="40.5853350" lon="-3.0523910">
    <ele>862.2</ele>
   </trkpt>
   <trkpt lat="40.5853500" lon="-3.0524240">
    <ele>862.4</ele>
   </trkpt>
   <trkpt lat="40.5853650" lon="-3.0524600">
    <ele>862.6</ele>
   </trkpt>
   <trkpt lat="40.5853840" lon="-3.0524970">
    <ele>863.0</ele>
   </trkpt>
   <trkpt lat="40.5854000" lon="-3.0525340">
    <ele>863.2</ele>
   </trkpt>
   <trkpt lat="40.5854150" lon="-3.0525720">
    <ele>863.4</ele>
   </trkpt>
   <trkpt lat="40.5854300" lon="-3.0526040">
    <ele>863.6</ele>
   </trkpt>
   <trkpt lat="40.5854420" lon="-3.0526370">
    <ele>863.6</ele>
   </trkpt>
   <trkpt lat="40.5854570" lon="-3.0526710">
    <ele>863.8</ele>
   </trkpt>
   <trkpt lat="40.5854680" lon="-3.0527010">
    <ele>864.0</ele>
   </trkpt>
   <trkpt lat="40.5854840" lon="-3.0527310">
    <ele>864.0</ele>
   </trkpt>
   <trkpt lat="40.5854990" lon="-3.0527620">
    <ele>864.2</ele>
   </trkpt>
   <trkpt lat="40.5855140" lon="-3.0527960">
    <ele>864.4</ele>
   </trkpt>
   <trkpt lat="40.5855290" lon="-3.0528260">
    <ele>864.6</ele>
   </trkpt>
   <trkpt lat="40.5855450" lon="-3.0528540">
    <ele>864.8</ele>
   </trkpt>
   <trkpt lat="40.5855600" lon="-3.0528870">
    <ele>865.0</ele>
   </trkpt>
   <trkpt lat="40.5855750" lon="-3.0529220">
    <ele>865.2</ele>
   </trkpt>
   <trkpt lat="40.5855900" lon="-3.0529540">
    <ele>865.4</ele>
   </trkpt>
   <trkpt lat="40.5856060" lon="-3.0529870">
    <ele>865.6</ele>
   </trkpt>
   <trkpt lat="40.5856250" lon="-3.0530220">
    <ele>865.8</ele>
   </trkpt>
   <trkpt lat="40.5856400" lon="-3.0530490">
    <ele>866.2</ele>
   </trkpt>
   <trkpt lat="40.5856590" lon="-3.0530870">
    <ele>866.4</ele>
   </trkpt>
   <trkpt lat="40.5856740" lon="-3.0531190">
    <ele>866.6</ele>
   </trkpt>
   <trkpt lat="40.5856930" lon="-3.0531540">
    <ele>866.8</ele>
   </trkpt>
   <trkpt lat="40.5857050" lon="-3.0531890">
    <ele>866.8</ele>
   </trkpt>
   <trkpt lat="40.5857240" lon="-3.0532210">
    <ele>867.2</ele>
   </trkpt>
   <trkpt lat="40.5857430" lon="-3.0532520">
    <ele>867.4</ele>
   </trkpt>
   <trkpt lat="40.5857580" lon="-3.0532860">
    <ele>867.4</ele>
   </trkpt>
   <trkpt lat="40.5857770" lon="-3.0533170">
    <ele>867.6</ele>
   </trkpt>
   <trkpt lat="40.5857960" lon="-3.0533500">
    <ele>867.8</ele>
   </trkpt>
   <trkpt lat="40.5858120" lon="-3.0533840">
    <ele>868.0</ele>
   </trkpt>
   <trkpt lat="40.5858270" lon="-3.0534140">
    <ele>868.2</ele>
   </trkpt>
   <trkpt lat="40.5858420" lon="-3.0534410">
    <ele>868.4</ele>
   </trkpt>
   <trkpt lat="40.5858610" lon="-3.0534770">
    <ele>868.6</ele>
   </trkpt>
   <trkpt lat="40.5858760" lon="-3.0535100">
    <ele>868.8</ele>
   </trkpt>
   <trkpt lat="40.5858950" lon="-3.0535410">
    <ele>869.0</ele>
   </trkpt>
   <trkpt lat="40.5859150" lon="-3.0535710">
    <ele>869.2</ele>
   </trkpt>
   <trkpt lat="40.5859340" lon="-3.0536020">
    <ele>869.4</ele>
   </trkpt>
   <trkpt lat="40.5859530" lon="-3.0536340">
    <ele>869.6</ele>
   </trkpt>
   <trkpt lat="40.5859720" lon="-3.0536640">
    <ele>869.8</ele>
   </trkpt>
   <trkpt lat="40.5859870" lon="-3.0536950">
    <ele>870.0</ele>
   </trkpt>
   <trkpt lat="40.5860060" lon="-3.0537260">
    <ele>870.2</ele>
   </trkpt>
   <trkpt lat="40.5860210" lon="-3.0537570">
    <ele>870.4</ele>
   </trkpt>
   <trkpt lat="40.5860370" lon="-3.0537880">
    <ele>870.6</ele>
   </trkpt>
   <trkpt lat="40.5860560" lon="-3.0538190">
    <ele>871.0</ele>
   </trkpt>
   <trkpt lat="40.5860750" lon="-3.0538490">
    <ele>871.2</ele>
   </trkpt>
   <trkpt lat="40.5860900" lon="-3.0538780">
    <ele>871.4</ele>
   </trkpt>
   <trkpt lat="40.5861090" lon="-3.0539090">
    <ele>871.6</ele>
   </trkpt>
   <trkpt lat="40.5861280" lon="-3.0539410">
    <ele>871.8</ele>
   </trkpt>
   <trkpt lat="40.5861470" lon="-3.0539720">
    <ele>872.0</ele>
   </trkpt>
   <trkpt lat="40.5861700" lon="-3.0540040">
    <ele>872.2</ele>
   </trkpt>
   <trkpt lat="40.5861850" lon="-3.0540370">
    <ele>872.4</ele>
   </trkpt>
   <trkpt lat="40.5862010" lon="-3.0540670">
    <ele>872.6</ele>
   </trkpt>
   <trkpt lat="40.5862200" lon="-3.0540990">
    <ele>872.8</ele>
   </trkpt>
   <trkpt lat="40.5862390" lon="-3.0541310">
    <ele>873.0</ele>
   </trkpt>
   <trkpt lat="40.5862580" lon="-3.0541620">
    <ele>873.2</ele>
   </trkpt>
   <trkpt lat="40.5862770" lon="-3.0541940">
    <ele>873.4</ele>
   </trkpt>
   <trkpt lat="40.5862960" lon="-3.0542240">
    <ele>873.6</ele>
   </trkpt>
   <trkpt lat="40.5863150" lon="-3.0542550">
    <ele>873.8</ele>
   </trkpt>
   <trkpt lat="40.5863300" lon="-3.0542860">
    <ele>874.0</ele>
   </trkpt>
   <trkpt lat="40.5863490" lon="-3.0543140">
    <ele>874.2</ele>
   </trkpt>
   <trkpt lat="40.5863690" lon="-3.0543430">
    <ele>874.4</ele>
   </trkpt>
   <trkpt lat="40.5863880" lon="-3.0543770">
    <ele>874.6</ele>
   </trkpt>
   <trkpt lat="40.5864070" lon="-3.0544110">
    <ele>874.8</ele>
   </trkpt>
   <trkpt lat="40.5864220" lon="-3.0544370">
    <ele>875.0</ele>
   </trkpt>
   <trkpt lat="40.5864450" lon="-3.0544770">
    <ele>875.2</ele>
   </trkpt>
   <trkpt lat="40.5864640" lon="-3.0545090">
    <ele>875.4</ele>
   </trkpt>
   <trkpt lat="40.5864830" lon="-3.0545410">
    <ele>875.6</ele>
   </trkpt>
   <trkpt lat="40.5865020" lon="-3.0545740">
    <ele>875.8</ele>
   </trkpt>
   <trkpt lat="40.5865210" lon="-3.0546070">
    <ele>876.0</ele>
   </trkpt>
   <trkpt lat="40.5865440" lon="-3.0546410">
    <ele>876.2</ele>
   </trkpt>
   <trkpt lat="40.5865630" lon="-3.0546740">
    <ele>876.4</ele>
   </trkpt>
   <trkpt lat="40.5865780" lon="-3.0547050">
    <ele>876.6</ele>
   </trkpt>
   <trkpt lat="40.5865970" lon="-3.0547350">
    <ele>877.0</ele>
   </trkpt>
   <trkpt lat="40.5866170" lon="-3.0547650">
    <ele>877.2</ele>
   </trkpt>
   <trkpt lat="40.5866320" lon="-3.0547970">
    <ele>877.4</ele>
   </trkpt>
   <trkpt lat="40.5866510" lon="-3.0548320">
    <ele>877.6</ele>
   </trkpt>
   <trkpt lat="40.5866700" lon="-3.0548670">
    <ele>877.8</ele>
   </trkpt>
   <trkpt lat="40.5866890" lon="-3.0549020">
    <ele>878.0</ele>
   </trkpt>
   <trkpt lat="40.5867080" lon="-3.0549340">
    <ele>878.2</ele>
   </trkpt>
   <trkpt lat="40.5867270" lon="-3.0549660">
    <ele>878.4</ele>
   </trkpt>
   <trkpt lat="40.5867420" lon="-3.0549990">
    <ele>878.6</ele>
   </trkpt>
   <trkpt lat="40.5867610" lon="-3.0550310">
    <ele>878.8</ele>
   </trkpt>
   <trkpt lat="40.5867770" lon="-3.0550640">
    <ele>879.0</ele>
   </trkpt>
   <trkpt lat="40.5867920" lon="-3.0550970">
    <ele>879.2</ele>
   </trkpt>
   <trkpt lat="40.5868110" lon="-3.0551280">
    <ele>879.4</ele>
   </trkpt>
   <trkpt lat="40.5868300" lon="-3.0551610">
    <ele>879.6</ele>
   </trkpt>
   <trkpt lat="40.5868450" lon="-3.0551960">
    <ele>879.8</ele>
   </trkpt>
   <trkpt lat="40.5868640" lon="-3.0552310">
    <ele>880.0</ele>
   </trkpt>
   <trkpt lat="40.5868800" lon="-3.0552660">
    <ele>880.4</ele>
   </trkpt>
   <trkpt lat="40.5868950" lon="-3.0553040">
    <ele>880.6</ele>
   </trkpt>
   <trkpt lat="40.5869060" lon="-3.0553370">
    <ele>880.8</ele>
   </trkpt>
   <trkpt lat="40.5869220" lon="-3.0553720">
    <ele>881.0</ele>
   </trkpt>
   <trkpt lat="40.5869410" lon="-3.0554080">
    <ele>881.2</ele>
   </trkpt>
   <trkpt lat="40.5869600" lon="-3.0554410">
    <ele>881.4</ele>
   </trkpt>
   <trkpt lat="40.5869750" lon="-3.0554740">
    <ele>881.6</ele>
   </trkpt>
   <trkpt lat="40.5869860" lon="-3.0555010">
    <ele>881.8</ele>
   </trkpt>
   <trkpt lat="40.5870020" lon="-3.0555420">
    <ele>882.0</ele>
   </trkpt>
   <trkpt lat="40.5870130" lon="-3.0555740">
    <ele>882.2</ele>
   </trkpt>
   <trkpt lat="40.5870250" lon="-3.0556060">
    <ele>882.2</ele>
   </trkpt>
   <trkpt lat="40.5870320" lon="-3.0556360">
    <ele>882.4</ele>
   </trkpt>
   <trkpt lat="40.5870440" lon="-3.0556760">
    <ele>882.6</ele>
   </trkpt>
   <trkpt lat="40.5870550" lon="-3.0557120">
    <ele>882.8</ele>
   </trkpt>
   <trkpt lat="40.5870670" lon="-3.0557460">
    <ele>883.0</ele>
   </trkpt>
   <trkpt lat="40.5870780" lon="-3.0557810">
    <ele>883.2</ele>
   </trkpt>
   <trkpt lat="40.5870890" lon="-3.0558160">
    <ele>883.4</ele>
   </trkpt>
   <trkpt lat="40.5870970" lon="-3.0558510">
    <ele>883.6</ele>
   </trkpt>
   <trkpt lat="40.5871090" lon="-3.0558860">
    <ele>883.8</ele>
   </trkpt>
   <trkpt lat="40.5871200" lon="-3.0559220">
    <ele>884.0</ele>
   </trkpt>
   <trkpt lat="40.5871280" lon="-3.0559530">
    <ele>884.0</ele>
   </trkpt>
   <trkpt lat="40.5871390" lon="-3.0559940">
    <ele>884.2</ele>
   </trkpt>
   <trkpt lat="40.5871470" lon="-3.0560300">
    <ele>884.4</ele>
   </trkpt>
   <trkpt lat="40.5871510" lon="-3.0560690">
    <ele>884.6</ele>
   </trkpt>
   <trkpt lat="40.5871580" lon="-3.0561040">
    <ele>884.8</ele>
   </trkpt>
   <trkpt lat="40.5871700" lon="-3.0561390">
    <ele>884.8</ele>
   </trkpt>
   <trkpt lat="40.5871770" lon="-3.0561760">
    <ele>885.0</ele>
   </trkpt>
   <trkpt lat="40.5871850" lon="-3.0562150">
    <ele>885.2</ele>
   </trkpt>
   <trkpt lat="40.5871960" lon="-3.0562540">
    <ele>885.4</ele>
   </trkpt>
   <trkpt lat="40.5872000" lon="-3.0562920">
    <ele>885.6</ele>
   </trkpt>
   <trkpt lat="40.5872080" lon="-3.0563290">
    <ele>885.6</ele>
   </trkpt>
   <trkpt lat="40.5872120" lon="-3.0563660">
    <ele>885.8</ele>
   </trkpt>
   <trkpt lat="40.5872230" lon="-3.0564070">
    <ele>886.0</ele>
   </trkpt>
   <trkpt lat="40.5872310" lon="-3.0564470">
    <ele>886.0</ele>
   </trkpt>
   <trkpt lat="40.5872350" lon="-3.0564880">
    <ele>886.2</ele>
   </trkpt>
   <trkpt lat="40.5872380" lon="-3.0565290">
    <ele>886.4</ele>
   </trkpt>
   <trkpt lat="40.5872380" lon="-3.0565710">
    <ele>886.6</ele>
   </trkpt>
   <trkpt lat="40.5872460" lon="-3.0566100">
    <ele>886.6</ele>
   </trkpt>
   <trkpt lat="40.5872500" lon="-3.0566490">
    <ele>886.8</ele>
   </trkpt>
   <trkpt lat="40.5872540" lon="-3.0566850">
    <ele>886.8</ele>
   </trkpt>
   <trkpt lat="40.5872610" lon="-3.0567220">
    <ele>887.0</ele>
   </trkpt>
   <trkpt lat="40.5872650" lon="-3.0567590">
    <ele>887.0</ele>
   </trkpt>
   <trkpt lat="40.5872650" lon="-3.0567910">
    <ele>887.2</ele>
   </trkpt>
   <trkpt lat="40.5872650" lon="-3.0568270">
    <ele>887.4</ele>
   </trkpt>
   <trkpt lat="40.5872690" lon="-3.0568770">
    <ele>887.6</ele>
   </trkpt>
   <trkpt lat="40.5872730" lon="-3.0569170">
    <ele>887.8</ele>
   </trkpt>
   <trkpt lat="40.5872760" lon="-3.0569590">
    <ele>888.0</ele>
   </trkpt>
   <trkpt lat="40.5872760" lon="-3.0569990">
    <ele>888.2</ele>
   </trkpt>
   <trkpt lat="40.5872800" lon="-3.0570370">
    <ele>888.2</ele>
   </trkpt>
   <trkpt lat="40.5872800" lon="-3.0570770">
    <ele>888.4</ele>
   </trkpt>
   <trkpt lat="40.5872800" lon="-3.0571190">
    <ele>888.4</ele>
   </trkpt>
   <trkpt lat="40.5872800" lon="-3.0571600">
    <ele>888.6</ele>
   </trkpt>
   <trkpt lat="40.5872800" lon="-3.0572020">
    <ele>888.6</ele>
   </trkpt>
   <trkpt lat="40.5872840" lon="-3.0572420">
    <ele>888.8</ele>
   </trkpt>
   <trkpt lat="40.5872840" lon="-3.0572840">
    <ele>889.0</ele>
   </trkpt>
   <trkpt lat="40.5872840" lon="-3.0573250">
    <ele>889.2</ele>
   </trkpt>
   <trkpt lat="40.5872800" lon="-3.0573570">
    <ele>889.4</ele>
   </trkpt>
   <trkpt lat="40.5872800" lon="-3.0574050">
    <ele>889.6</ele>
   </trkpt>
   <trkpt lat="40.5872800" lon="-3.0574460">
    <ele>889.6</ele>
   </trkpt>
   <trkpt lat="40.5872760" lon="-3.0574820">
    <ele>889.8</ele>
   </trkpt>
   <trkpt lat="40.5872760" lon="-3.0575170">
    <ele>890.0</ele>
   </trkpt>
   <trkpt lat="40.5872760" lon="-3.0575490">
    <ele>890.0</ele>
   </trkpt>
   <trkpt lat="40.5872730" lon="-3.0575950">
    <ele>890.2</ele>
   </trkpt>
   <trkpt lat="40.5872690" lon="-3.0576420">
    <ele>890.2</ele>
   </trkpt>
   <trkpt lat="40.5872650" lon="-3.0576850">
    <ele>890.4</ele>
   </trkpt>
   <trkpt lat="40.5872570" lon="-3.0577190">
    <ele>890.4</ele>
   </trkpt>
   <trkpt lat="40.5872500" lon="-3.0577700">
    <ele>890.6</ele>
   </trkpt>
   <trkpt lat="40.5872380" lon="-3.0578090">
    <ele>890.6</ele>
   </trkpt>
   <trkpt lat="40.5872350" lon="-3.0578490">
    <ele>890.8</ele>
   </trkpt>
   <trkpt lat="40.5872270" lon="-3.0578920">
    <ele>890.8</ele>
   </trkpt>
   <trkpt lat="40.5872230" lon="-3.0579280">
    <ele>891.0</ele>
   </trkpt>
   <trkpt lat="40.5872120" lon="-3.0579800">
    <ele>891.2</ele>
   </trkpt>
   <trkpt lat="40.5872040" lon="-3.0580220">
    <ele>891.2</ele>
   </trkpt>
   <trkpt lat="40.5871960" lon="-3.0580650">
    <ele>891.4</ele>
   </trkpt>
   <trkpt lat="40.5871850" lon="-3.0581090">
    <ele>891.6</ele>
   </trkpt>
   <trkpt lat="40.5871770" lon="-3.0581530">
    <ele>891.6</ele>
   </trkpt>
   <trkpt lat="40.5871660" lon="-3.0581950">
    <ele>891.6</ele>
   </trkpt>
   <trkpt lat="40.5871540" lon="-3.0582370">
    <ele>891.8</ele>
   </trkpt>
   <trkpt lat="40.5871430" lon="-3.0582770">
    <ele>891.8</ele>
   </trkpt>
   <trkpt lat="40.5871310" lon="-3.0583150">
    <ele>892.0</ele>
   </trkpt>
   <trkpt lat="40.5871200" lon="-3.0583560">
    <ele>892.0</ele>
   </trkpt>
   <trkpt lat="40.5871120" lon="-3.0583870">
    <ele>892.2</ele>
   </trkpt>
   <trkpt lat="40.5870970" lon="-3.0584280">
    <ele>892.2</ele>
   </trkpt>
   <trkpt lat="40.5870820" lon="-3.0584690">
    <ele>892.4</ele>
   </trkpt>
   <trkpt lat="40.5870700" lon="-3.0585090">
    <ele>892.4</ele>
   </trkpt>
   <trkpt lat="40.5870550" lon="-3.0585520">
    <ele>892.6</ele>
   </trkpt>
   <trkpt lat="40.5870400" lon="-3.0585920">
    <ele>892.6</ele>
   </trkpt>
   <trkpt lat="40.5870320" lon="-3.0586350">
    <ele>892.6</ele>
   </trkpt>
   <trkpt lat="40.5870210" lon="-3.0586790">
    <ele>892.8</ele>
   </trkpt>
   <trkpt lat="40.5870090" lon="-3.0587250">
    <ele>892.8</ele>
   </trkpt>
   <trkpt lat="40.5869980" lon="-3.0587700">
    <ele>893.0</ele>
   </trkpt>
   <trkpt lat="40.5869830" lon="-3.0588110">
    <ele>893.0</ele>
   </trkpt>
   <trkpt lat="40.5869670" lon="-3.0588520">
    <ele>893.2</ele>
   </trkpt>
   <trkpt lat="40.5869520" lon="-3.0588940">
    <ele>893.4</ele>
   </trkpt>
   <trkpt lat="40.5869370" lon="-3.0589340">
    <ele>893.4</ele>
   </trkpt>
   <trkpt lat="40.5869250" lon="-3.0589760">
    <ele>893.6</ele>
   </trkpt>
   <trkpt lat="40.5869100" lon="-3.0590140">
    <ele>893.6</ele>
   </trkpt>
   <trkpt lat="40.5868950" lon="-3.0590540">
    <ele>893.8</ele>
   </trkpt>
   <trkpt lat="40.5868800" lon="-3.0590960">
    <ele>894.0</ele>
   </trkpt>
   <trkpt lat="40.5868640" lon="-3.0591340">
    <ele>894.0</ele>
   </trkpt>
   <trkpt lat="40.5868490" lon="-3.0591730">
    <ele>894.2</ele>
   </trkpt>
   <trkpt lat="40.5868340" lon="-3.0592080">
    <ele>894.2</ele>
   </trkpt>
   <trkpt lat="40.5868220" lon="-3.0592450">
    <ele>894.4</ele>
   </trkpt>
   <trkpt lat="40.5868070" lon="-3.0592800">
    <ele>894.4</ele>
   </trkpt>
   <trkpt lat="40.5867920" lon="-3.0593180">
    <ele>894.6</ele>
   </trkpt>
   <trkpt lat="40.5867730" lon="-3.0593580">
    <ele>894.6</ele>
   </trkpt>
   <trkpt lat="40.5867500" lon="-3.0593960">
    <ele>894.8</ele>
   </trkpt>
   <trkpt lat="40.5867310" lon="-3.0594340">
    <ele>894.8</ele>
   </trkpt>
   <trkpt lat="40.5867200" lon="-3.0594730">
    <ele>894.8</ele>
   </trkpt>
   <trkpt lat="40.5867040" lon="-3.0595110">
    <ele>895.0</ele>
   </trkpt>
   <trkpt lat="40.5866930" lon="-3.0595430">
    <ele>895.0</ele>
   </trkpt>
   <trkpt lat="40.5866740" lon="-3.0595870">
    <ele>895.2</ele>
   </trkpt>
   <trkpt lat="40.5866620" lon="-3.0596230">
    <ele>895.2</ele>
   </trkpt>
   <trkpt lat="40.5866430" lon="-3.0596580">
    <ele>895.2</ele>
   </trkpt>
   <trkpt lat="40.5866280" lon="-3.0596980">
    <ele>895.4</ele>
   </trkpt>
   <trkpt lat="40.5866090" lon="-3.0597390">
    <ele>895.6</ele>
   </trkpt>
   <trkpt lat="40.5865940" lon="-3.0597810">
    <ele>895.6</ele>
   </trkpt>
   <trkpt lat="40.5865780" lon="-3.0598190">
    <ele>895.8</ele>
   </trkpt>
   <trkpt lat="40.5865630" lon="-3.0598600">
    <ele>895.8</ele>
   </trkpt>
   <trkpt lat="40.5865480" lon="-3.0598980">
    <ele>896.0</ele>
   </trkpt>
   <trkpt lat="40.5865330" lon="-3.0599390">
    <ele>896.0</ele>
   </trkpt>
   <trkpt lat="40.5865130" lon="-3.0599810">
    <ele>896.2</ele>
   </trkpt>
   <trkpt lat="40.5864980" lon="-3.0600230">
    <ele>896.2</ele>
   </trkpt>
   <trkpt lat="40.5864870" lon="-3.0600570">
    <ele>896.2</ele>
   </trkpt>
   <trkpt lat="40.5864640" lon="-3.0601090">
    <ele>896.2</ele>
   </trkpt>
   <trkpt lat="40.5864450" lon="-3.0601550">
    <ele>896.4</ele>
   </trkpt>
   <trkpt lat="40.5864260" lon="-3.0602010">
    <ele>896.4</ele>
   </trkpt>
   <trkpt lat="40.5864070" lon="-3.0602460">
    <ele>896.4</ele>
   </trkpt>
   <trkpt lat="40.5863910" lon="-3.0602930">
    <ele>896.6</ele>
   </trkpt>
   <trkpt lat="40.5863800" lon="-3.0603390">
    <ele>896.6</ele>
   </trkpt>
   <trkpt lat="40.5863610" lon="-3.0603820">
    <ele>896.6</ele>
   </trkpt>
   <trkpt lat="40.5863420" lon="-3.0604310">
    <ele>896.6</ele>
   </trkpt>
   <trkpt lat="40.5863230" lon="-3.0604760">
    <ele>896.8</ele>
   </trkpt>
   <trkpt lat="40.5863070" lon="-3.0605240">
    <ele>896.8</ele>
   </trkpt>
   <trkpt lat="40.5862880" lon="-3.0605720">
    <ele>897.0</ele>
   </trkpt>
   <trkpt lat="40.5862690" lon="-3.0606240">
    <ele>897.0</ele>
   </trkpt>
   <trkpt lat="40.5862580" lon="-3.0606650">
    <ele>897.2</ele>
   </trkpt>
   <trkpt lat="40.5862390" lon="-3.0607120">
    <ele>897.2</ele>
   </trkpt>
   <trkpt lat="40.5862200" lon="-3.0607600">
    <ele>897.4</ele>
   </trkpt>
   <trkpt lat="40.5861930" lon="-3.0608180">
    <ele>897.4</ele>
   </trkpt>
   <trkpt lat="40.5861740" lon="-3.0608680">
    <ele>897.6</ele>
   </trkpt>
   <trkpt lat="40.5861590" lon="-3.0609090">
    <ele>897.6</ele>
   </trkpt>
   <trkpt lat="40.5861360" lon="-3.0609710">
    <ele>897.6</ele>
   </trkpt>
   <trkpt lat="40.5861170" lon="-3.0610260">
    <ele>897.8</ele>
   </trkpt>
   <trkpt lat="40.5860980" lon="-3.0610700">
    <ele>897.8</ele>
   </trkpt>
   <trkpt lat="40.5860750" lon="-3.0611250">
    <ele>897.8</ele>
   </trkpt>
   <trkpt lat="40.5860560" lon="-3.0611780">
    <ele>898.0</ele>
   </trkpt>
   <trkpt lat="40.5860330" lon="-3.0612310">
    <ele>898.0</ele>
   </trkpt>
   <trkpt lat="40.5860100" lon="-3.0612950">
    <ele>898.2</ele>
   </trkpt>
   <trkpt lat="40.5859910" lon="-3.0613490">
    <ele>898.2</ele>
   </trkpt>
   <trkpt lat="40.5859720" lon="-3.0613900">
    <ele>898.2</ele>
   </trkpt>
   <trkpt lat="40.5859490" lon="-3.0614500">
    <ele>898.2</ele>
   </trkpt>
   <trkpt lat="40.5859260" lon="-3.0615100">
    <ele>898.2</ele>
   </trkpt>
   <trkpt lat="40.5859030" lon="-3.0615640">
    <ele>898.4</ele>
   </trkpt>
   <trkpt lat="40.5858800" lon="-3.0616190">
    <ele>898.4</ele>
   </trkpt>
   <trkpt lat="40.5858650" lon="-3.0616650">
    <ele>898.6</ele>
   </trkpt>
   <trkpt lat="40.5858380" lon="-3.0617330">
    <ele>898.6</ele>
   </trkpt>
   <trkpt lat="40.5858190" lon="-3.0617900">
    <ele>898.6</ele>
   </trkpt>
   <trkpt lat="40.5857960" lon="-3.0618450">
    <ele>898.8</ele>
   </trkpt>
   <trkpt lat="40.5857730" lon="-3.0618980">
    <ele>898.8</ele>
   </trkpt>
   <trkpt lat="40.5857470" lon="-3.0619520">
    <ele>899.0</ele>
   </trkpt>
   <trkpt lat="40.5857280" lon="-3.0620070">
    <ele>899.0</ele>
   </trkpt>
   <trkpt lat="40.5857090" lon="-3.0620580">
    <ele>899.2</ele>
   </trkpt>
   <trkpt lat="40.5856930" lon="-3.0621010">
    <ele>899.2</ele>
   </trkpt>
   <trkpt lat="40.5856740" lon="-3.0621520">
    <ele>899.2</ele>
   </trkpt>
   <trkpt lat="40.5856510" lon="-3.0622130">
    <ele>899.2</ele>
   </trkpt>
   <trkpt lat="40.5856280" lon="-3.0622650">
    <ele>899.4</ele>
   </trkpt>
   <trkpt lat="40.5856130" lon="-3.0623100">
    <ele>899.4</ele>
   </trkpt>
   <trkpt lat="40.5855940" lon="-3.0623630">
    <ele>899.4</ele>
   </trkpt>
   <trkpt lat="40.5855710" lon="-3.0624300">
    <ele>899.6</ele>
   </trkpt>
   <trkpt lat="40.5855480" lon="-3.0624820">
    <ele>899.6</ele>
   </trkpt>
   <trkpt lat="40.5855260" lon="-3.0625350">
    <ele>899.8</ele>
   </trkpt>
   <trkpt lat="40.5855060" lon="-3.0625880">
    <ele>899.8</ele>
   </trkpt>
   <trkpt lat="40.5854840" lon="-3.0626430">
    <ele>900.0</ele>
   </trkpt>
   <trkpt lat="40.5854680" lon="-3.0626870">
    <ele>900.0</ele>
   </trkpt>
   <trkpt lat="40.5854450" lon="-3.0627500">
    <ele>900.2</ele>
   </trkpt>
   <trkpt lat="40.5854260" lon="-3.0628050">
    <ele>900.2</ele>
   </trkpt>
   <trkpt lat="40.5854110" lon="-3.0628490">
    <ele>900.2</ele>
   </trkpt>
   <trkpt lat="40.5853880" lon="-3.0629120">
    <ele>900.4</ele>
   </trkpt>
   <trkpt lat="40.5853650" lon="-3.0629670">
    <ele>900.4</ele>
   </trkpt>
   <trkpt lat="40.5853500" lon="-3.0630090">
    <ele>900.6</ele>
   </trkpt>
   <trkpt lat="40.5853310" lon="-3.0630600">
    <ele>900.6</ele>
   </trkpt>
   <trkpt lat="40.5853080" lon="-3.0631120">
    <ele>900.8</ele>
   </trkpt>
   <trkpt lat="40.5852850" lon="-3.0631670">
    <ele>900.8</ele>
   </trkpt>
   <trkpt lat="40.5852620" lon="-3.0632280">
    <ele>900.8</ele>
   </trkpt>
   <trkpt lat="40.5852430" lon="-3.0632820">
    <ele>901.0</ele>
   </trkpt>
   <trkpt lat="40.5852280" lon="-3.0633240">
    <ele>901.0</ele>
   </trkpt>
   <trkpt lat="40.5852010" lon="-3.0633880">
    <ele>901.0</ele>
   </trkpt>
   <trkpt lat="40.5851860" lon="-3.0634300">
    <ele>901.2</ele>
   </trkpt>
   <trkpt lat="40.5851630" lon="-3.0634850">
    <ele>901.2</ele>
   </trkpt>
   <trkpt lat="40.5851400" lon="-3.0635400">
    <ele>901.2</ele>
   </trkpt>
   <trkpt lat="40.5851210" lon="-3.0635990">
    <ele>901.4</ele>
   </trkpt>
   <trkpt lat="40.5850940" lon="-3.0636630">
    <ele>901.6</ele>
   </trkpt>
   <trkpt lat="40.5850750" lon="-3.0637120">
    <ele>901.8</ele>
   </trkpt>
   <trkpt lat="40.5850560" lon="-3.0637650">
    <ele>901.8</ele>
   </trkpt>
   <trkpt lat="40.5850330" lon="-3.0638160">
    <ele>902.0</ele>
   </trkpt>
   <trkpt lat="40.5850180" lon="-3.0638590">
    <ele>902.0</ele>
   </trkpt>
   <trkpt lat="40.5849990" lon="-3.0639100">
    <ele>902.0</ele>
   </trkpt>
   <trkpt lat="40.5849800" lon="-3.0639730">
    <ele>902.2</ele>
   </trkpt>
   <trkpt lat="40.5849610" lon="-3.0640140">
    <ele>902.4</ele>
   </trkpt>
   <trkpt lat="40.5849420" lon="-3.0640670">
    <ele>902.4</ele>
   </trkpt>
   <trkpt lat="40.5849190" lon="-3.0641290">
    <ele>902.4</ele>
   </trkpt>
   <trkpt lat="40.5848960" lon="-3.0641870">
    <ele>902.4</ele>
   </trkpt>
   <trkpt lat="40.5848730" lon="-3.0642400">
    <ele>902.4</ele>
   </trkpt>
   <trkpt lat="40.5848540" lon="-3.0642900">
    <ele>902.6</ele>
   </trkpt>
   <trkpt lat="40.5848350" lon="-3.0643320">
    <ele>902.6</ele>
   </trkpt>
   <trkpt lat="40.5848120" lon="-3.0643950">
    <ele>902.6</ele>
   </trkpt>
   <trkpt lat="40.5847930" lon="-3.0644520">
    <ele>902.8</ele>
   </trkpt>
   <trkpt lat="40.5847740" lon="-3.0645070">
    <ele>902.8</ele>
   </trkpt>
   <trkpt lat="40.5847590" lon="-3.0645490">
    <ele>902.8</ele>
   </trkpt>
   <trkpt lat="40.5847400" lon="-3.0646020">
    <ele>902.8</ele>
   </trkpt>
   <trkpt lat="40.5847170" lon="-3.0646520">
    <ele>903.0</ele>
   </trkpt>
   <trkpt lat="40.5846940" lon="-3.0647020">
    <ele>903.0</ele>
   </trkpt>
   <trkpt lat="40.5846710" lon="-3.0647540">
    <ele>903.0</ele>
   </trkpt>
   <trkpt lat="40.5846480" lon="-3.0648190">
    <ele>903.0</ele>
   </trkpt>
   <trkpt lat="40.5846330" lon="-3.0648620">
    <ele>903.0</ele>
   </trkpt>
   <trkpt lat="40.5846100" lon="-3.0649270">
    <ele>903.0</ele>
   </trkpt>
   <trkpt lat="40.5845830" lon="-3.0649810">
    <ele>903.2</ele>
   </trkpt>
   <trkpt lat="40.5845680" lon="-3.0650260">
    <ele>903.2</ele>
   </trkpt>
   <trkpt lat="40.5845410" lon="-3.0650900">
    <ele>903.2</ele>
   </trkpt>
   <trkpt lat="40.5845150" lon="-3.0651450">
    <ele>903.2</ele>
   </trkpt>
   <trkpt lat="40.5844920" lon="-3.0651990">
    <ele>903.4</ele>
   </trkpt>
   <trkpt lat="40.5844650" lon="-3.0652520">
    <ele>903.4</ele>
   </trkpt>
   <trkpt lat="40.5844460" lon="-3.0652940">
    <ele>903.6</ele>
   </trkpt>
   <trkpt lat="40.5844270" lon="-3.0653460">
    <ele>903.6</ele>
   </trkpt>
   <trkpt lat="40.5843960" lon="-3.0654120">
    <ele>903.8</ele>
   </trkpt>
   <trkpt lat="40.5843730" lon="-3.0654700">
    <ele>904.0</ele>
   </trkpt>
   <trkpt lat="40.5843510" lon="-3.0655170">
    <ele>904.0</ele>
   </trkpt>
   <trkpt lat="40.5843240" lon="-3.0655880">
    <ele>904.0</ele>
   </trkpt>
   <trkpt lat="40.5843050" lon="-3.0656480">
    <ele>904.2</ele>
   </trkpt>
   <trkpt lat="40.5842900" lon="-3.0656960">
    <ele>904.2</ele>
   </trkpt>
   <trkpt lat="40.5842670" lon="-3.0657500">
    <ele>904.4</ele>
   </trkpt>
   <trkpt lat="40.5842480" lon="-3.0658060">
    <ele>904.4</ele>
   </trkpt>
   <trkpt lat="40.5842210" lon="-3.0658730">
    <ele>904.6</ele>
   </trkpt>
   <trkpt lat="40.5841980" lon="-3.0659300">
    <ele>904.4</ele>
   </trkpt>
   <trkpt lat="40.5841790" lon="-3.0659880">
    <ele>904.6</ele>
   </trkpt>
   <trkpt lat="40.5841600" lon="-3.0660460">
    <ele>904.6</ele>
   </trkpt>
   <trkpt lat="40.5841410" lon="-3.0660920">
    <ele>904.6</ele>
   </trkpt>
   <trkpt lat="40.5841140" lon="-3.0661600">
    <ele>904.8</ele>
   </trkpt>
   <trkpt lat="40.5840910" lon="-3.0662180">
    <ele>904.8</ele>
   </trkpt>
   <trkpt lat="40.5840720" lon="-3.0662650">
    <ele>904.8</ele>
   </trkpt>
   <trkpt lat="40.5840490" lon="-3.0663230">
    <ele>904.8</ele>
   </trkpt>
   <trkpt lat="40.5840300" lon="-3.0663810">
    <ele>905.0</ele>
   </trkpt>
   <trkpt lat="40.5840030" lon="-3.0664510">
    <ele>905.0</ele>
   </trkpt>
   <trkpt lat="40.5839840" lon="-3.0665110">
    <ele>905.0</ele>
   </trkpt>
   <trkpt lat="40.5839650" lon="-3.0665590">
    <ele>905.2</ele>
   </trkpt>
   <trkpt lat="40.5839350" lon="-3.0666260">
    <ele>905.4</ele>
   </trkpt>
   <trkpt lat="40.5839160" lon="-3.0666880">
    <ele>905.4</ele>
   </trkpt>
   <trkpt lat="40.5838970" lon="-3.0667370">
    <ele>905.4</ele>
   </trkpt>
   <trkpt lat="40.5838700" lon="-3.0668080">
    <ele>905.4</ele>
   </trkpt>
   <trkpt lat="40.5838510" lon="-3.0668560">
    <ele>905.4</ele>
   </trkpt>
   <trkpt lat="40.5838280" lon="-3.0669130">
    <ele>905.2</ele>
   </trkpt>
   <trkpt lat="40.5838050" lon="-3.0669720">
    <ele>905.2</ele>
   </trkpt>
   <trkpt lat="40.5837820" lon="-3.0670320">
    <ele>905.2</ele>
   </trkpt>
   <trkpt lat="40.5837590" lon="-3.0670900">
    <ele>905.0</ele>
   </trkpt>
   <trkpt lat="40.5837330" lon="-3.0671610">
    <ele>905.0</ele>
   </trkpt>
   <trkpt lat="40.5837100" lon="-3.0672200">
    <ele>905.0</ele>
   </trkpt>
   <trkpt lat="40.5836870" lon="-3.0672800">
    <ele>905.0</ele>
   </trkpt>
   <trkpt lat="40.5836640" lon="-3.0673430">
    <ele>905.0</ele>
   </trkpt>
   <trkpt lat="40.5836450" lon="-3.0673950">
    <ele>905.2</ele>
   </trkpt>
   <trkpt lat="40.5836180" lon="-3.0674650">
    <ele>905.2</ele>
   </trkpt>
   <trkpt lat="40.5835910" lon="-3.0675200">
    <ele>905.2</ele>
   </trkpt>
   <trkpt lat="40.5835690" lon="-3.0675820">
    <ele>905.0</ele>
   </trkpt>
   <trkpt lat="40.5835420" lon="-3.0676440">
    <ele>905.0</ele>
   </trkpt>
   <trkpt lat="40.5835190" lon="-3.0676920">
    <ele>905.0</ele>
   </trkpt>
   <trkpt lat="40.5834960" lon="-3.0677540">
    <ele>905.0</ele>
   </trkpt>
   <trkpt lat="40.5834620" lon="-3.0678270">
    <ele>905.0</ele>
   </trkpt>
   <trkpt lat="40.5834350" lon="-3.0678900">
    <ele>904.8</ele>
   </trkpt>
   <trkpt lat="40.5834080" lon="-3.0679410">
    <ele>904.8</ele>
   </trkpt>
   <trkpt lat="40.5833740" lon="-3.0680170">
    <ele>904.8</ele>
   </trkpt>
   <trkpt lat="40.5833470" lon="-3.0680850">
    <ele>904.6</ele>
   </trkpt>
   <trkpt lat="40.5833210" lon="-3.0681520">
    <ele>904.6</ele>
   </trkpt>
   <trkpt lat="40.5832980" lon="-3.0682200">
    <ele>904.6</ele>
   </trkpt>
   <trkpt lat="40.5832750" lon="-3.0682740">
    <ele>904.6</ele>
   </trkpt>
   <trkpt lat="40.5832480" lon="-3.0683380">
    <ele>904.4</ele>
   </trkpt>
   <trkpt lat="40.5832250" lon="-3.0684070">
    <ele>904.4</ele>
   </trkpt>
   <trkpt lat="40.5831990" lon="-3.0684750">
    <ele>904.4</ele>
   </trkpt>
   <trkpt lat="40.5831760" lon="-3.0685440">
    <ele>904.4</ele>
   </trkpt>
   <trkpt lat="40.5831450" lon="-3.0686120">
    <ele>904.4</ele>
   </trkpt>
   <trkpt lat="40.5831150" lon="-3.0686920">
    <ele>904.4</ele>
   </trkpt>
   <trkpt lat="40.5830920" lon="-3.0687620">
    <ele>904.2</ele>
   </trkpt>
   <trkpt lat="40.5830690" lon="-3.0688160">
    <ele>904.2</ele>
   </trkpt>
   <trkpt lat="40.5830420" lon="-3.0688820">
    <ele>904.2</ele>
   </trkpt>
   <trkpt lat="40.5830120" lon="-3.0689600">
    <ele>904.2</ele>
   </trkpt>
   <trkpt lat="40.5829890" lon="-3.0690300">
    <ele>904.4</ele>
   </trkpt>
   <trkpt lat="40.5829620" lon="-3.0691020">
    <ele>904.6</ele>
   </trkpt>
   <trkpt lat="40.5829350" lon="-3.0691740">
    <ele>904.4</ele>
   </trkpt>
   <trkpt lat="40.5829120" lon="-3.0692290">
    <ele>904.4</ele>
   </trkpt>
   <trkpt lat="40.5828780" lon="-3.0693110">
    <ele>904.4</ele>
   </trkpt>
   <trkpt lat="40.5828510" lon="-3.0693840">
    <ele>904.4</ele>
   </trkpt>
   <trkpt lat="40.5828320" lon="-3.0694390">
    <ele>904.4</ele>
   </trkpt>
   <trkpt lat="40.5828060" lon="-3.0695070">
    <ele>904.2</ele>
   </trkpt>
   <trkpt lat="40.5827750" lon="-3.0695890">
    <ele>904.2</ele>
   </trkpt>
   <trkpt lat="40.5827480" lon="-3.0696570">
    <ele>904.2</ele>
   </trkpt>
   <trkpt lat="40.5827220" lon="-3.0697250">
    <ele>904.2</ele>
   </trkpt>
   <trkpt lat="40.5826990" lon="-3.0697810">
    <ele>904.2</ele>
   </trkpt>
   <trkpt lat="40.5826720" lon="-3.0698490">
    <ele>904.0</ele>
   </trkpt>
   <trkpt lat="40.5826380" lon="-3.0699330">
    <ele>904.0</ele>
   </trkpt>
   <trkpt lat="40.5826110" lon="-3.0700040">
    <ele>904.0</ele>
   </trkpt>
   <trkpt lat="40.5825880" lon="-3.0700740">
    <ele>904.0</ele>
   </trkpt>
   <trkpt lat="40.5825650" lon="-3.0701310">
    <ele>904.0</ele>
   </trkpt>
   <trkpt lat="40.5825350" lon="-3.0702150">
    <ele>904.0</ele>
   </trkpt>
   <trkpt lat="40.5825040" lon="-3.0702870">
    <ele>904.0</ele>
   </trkpt>
   <trkpt lat="40.5824780" lon="-3.0703590">
    <ele>903.8</ele>
   </trkpt>
   <trkpt lat="40.5824510" lon="-3.0704300">
    <ele>903.6</ele>
   </trkpt>
   <trkpt lat="40.5824280" lon="-3.0704890">
    <ele>903.4</ele>
   </trkpt>
   <trkpt lat="40.5824010" lon="-3.0705640">
    <ele>903.4</ele>
   </trkpt>
   <trkpt lat="40.5823630" lon="-3.0706480">
    <ele>903.2</ele>
   </trkpt>
   <trkpt lat="40.5823400" lon="-3.0707050">
    <ele>903.2</ele>
   </trkpt>
   <trkpt lat="40.5823130" lon="-3.0707740">
    <ele>903.2</ele>
   </trkpt>
   <trkpt lat="40.5822830" lon="-3.0708550">
    <ele>903.4</ele>
   </trkpt>
   <trkpt lat="40.5822520" lon="-3.0709250">
    <ele>903.6</ele>
   </trkpt>
   <trkpt lat="40.5822220" lon="-3.0709960">
    <ele>903.8</ele>
   </trkpt>
   <trkpt lat="40.5821950" lon="-3.0710690">
    <ele>903.8</ele>
   </trkpt>
   <trkpt lat="40.5821760" lon="-3.0711300">
    <ele>903.8</ele>
   </trkpt>
   <trkpt lat="40.5821420" lon="-3.0712160">
    <ele>903.8</ele>
   </trkpt>
   <trkpt lat="40.5821150" lon="-3.0712890">
    <ele>903.8</ele>
   </trkpt>
   <trkpt lat="40.5820920" lon="-3.0713480">
    <ele>903.8</ele>
   </trkpt>
   <trkpt lat="40.5820660" lon="-3.0714210">
    <ele>903.6</ele>
   </trkpt>
   <trkpt lat="40.5820310" lon="-3.0715080">
    <ele>903.6</ele>
   </trkpt>
   <trkpt lat="40.5820050" lon="-3.0715800">
    <ele>903.6</ele>
   </trkpt>
   <trkpt lat="40.5819780" lon="-3.0716520">
    <ele>903.6</ele>
   </trkpt>
   <trkpt lat="40.5819510" lon="-3.0717100">
    <ele>903.6</ele>
   </trkpt>
   <trkpt lat="40.5819210" lon="-3.0717950">
    <ele>903.4</ele>
   </trkpt>
   <trkpt lat="40.5818860" lon="-3.0718700">
    <ele>903.4</ele>
   </trkpt>
   <trkpt lat="40.5818560" lon="-3.0719430">
    <ele>903.4</ele>
   </trkpt>
   <trkpt lat="40.5818290" lon="-3.0720150">
    <ele>903.2</ele>
   </trkpt>
   <trkpt lat="40.5818060" lon="-3.0720750">
    <ele>903.2</ele>
   </trkpt>
   <trkpt lat="40.5817720" lon="-3.0721650">
    <ele>903.4</ele>
   </trkpt>
   <trkpt lat="40.5817450" lon="-3.0722410">
    <ele>903.2</ele>
   </trkpt>
   <trkpt lat="40.5817180" lon="-3.0723120">
    <ele>903.0</ele>
   </trkpt>
   <trkpt lat="40.5816880" lon="-3.0723860">
    <ele>903.0</ele>
   </trkpt>
   <trkpt lat="40.5816570" lon="-3.0724540">
    <ele>903.0</ele>
   </trkpt>
   <trkpt lat="40.5816340" lon="-3.0725110">
    <ele>903.0</ele>
   </trkpt>
   <trkpt lat="40.5816000" lon="-3.0725950">
    <ele>902.8</ele>
   </trkpt>
   <trkpt lat="40.5815770" lon="-3.0726530">
    <ele>903.0</ele>
   </trkpt>
   <trkpt lat="40.5815510" lon="-3.0727240">
    <ele>903.0</ele>
   </trkpt>
   <trkpt lat="40.5815240" lon="-3.0727980">
    <ele>903.0</ele>
   </trkpt>
   <trkpt lat="40.5814970" lon="-3.0728710">
    <ele>902.8</ele>
   </trkpt>
   <trkpt lat="40.5814670" lon="-3.0729470">
    <ele>903.0</ele>
   </trkpt>
   <trkpt lat="40.5814320" lon="-3.0730370">
    <ele>902.8</ele>
   </trkpt>
   <trkpt lat="40.5814060" lon="-3.0731000">
    <ele>902.8</ele>
   </trkpt>
   <trkpt lat="40.5813750" lon="-3.0731880">
    <ele>902.6</ele>
   </trkpt>
   <trkpt lat="40.5813450" lon="-3.0732650">
    <ele>902.6</ele>
   </trkpt>
   <trkpt lat="40.5813180" lon="-3.0733400">
    <ele>902.6</ele>
   </trkpt>
   <trkpt lat="40.5812870" lon="-3.0734180">
    <ele>902.6</ele>
   </trkpt>
   <trkpt lat="40.5812640" lon="-3.0734820">
    <ele>902.6</ele>
   </trkpt>
   <trkpt lat="40.5812300" lon="-3.0735740">
    <ele>902.4</ele>
   </trkpt>
   <trkpt lat="40.5812030" lon="-3.0736480">
    <ele>902.4</ele>
   </trkpt>
   <trkpt lat="40.5811810" lon="-3.0737120">
    <ele>902.4</ele>
   </trkpt>
   <trkpt lat="40.5811540" lon="-3.0737840">
    <ele>902.4</ele>
   </trkpt>
   <trkpt lat="40.5811190" lon="-3.0738760">
    <ele>902.4</ele>
   </trkpt>
   <trkpt lat="40.5810930" lon="-3.0739490">
    <ele>902.2</ele>
   </trkpt>
   <trkpt lat="40.5810700" lon="-3.0740250">
    <ele>902.2</ele>
   </trkpt>
   <trkpt lat="40.5810470" lon="-3.0740880">
    <ele>902.2</ele>
   </trkpt>
   <trkpt lat="40.5810170" lon="-3.0741770">
    <ele>902.2</ele>
   </trkpt>
   <trkpt lat="40.5809900" lon="-3.0742530">
    <ele>902.2</ele>
   </trkpt>
   <trkpt lat="40.5809630" lon="-3.0743330">
    <ele>902.4</ele>
   </trkpt>
   <trkpt lat="40.5809440" lon="-3.0744130">
    <ele>902.2</ele>
   </trkpt>
   <trkpt lat="40.5809250" lon="-3.0744770">
    <ele>902.4</ele>
   </trkpt>
   <trkpt lat="40.5809020" lon="-3.0745580">
    <ele>902.2</ele>
   </trkpt>
   <trkpt lat="40.5808750" lon="-3.0746540">
    <ele>902.2</ele>
   </trkpt>
   <trkpt lat="40.5808560" lon="-3.0747340">
    <ele>902.0</ele>
   </trkpt>
   <trkpt lat="40.5808370" lon="-3.0748000">
    <ele>902.0</ele>
   </trkpt>
   <trkpt lat="40.5808140" lon="-3.0748760">
    <ele>902.0</ele>
   </trkpt>
   <trkpt lat="40.5807840" lon="-3.0749700">
    <ele>902.0</ele>
   </trkpt>
   <trkpt lat="40.5807650" lon="-3.0750520">
    <ele>902.0</ele>
   </trkpt>
   <trkpt lat="40.5807420" lon="-3.0751310">
    <ele>901.8</ele>
   </trkpt>
   <trkpt lat="40.5807230" lon="-3.0752100">
    <ele>901.8</ele>
   </trkpt>
   <trkpt lat="40.5807000" lon="-3.0752860">
    <ele>901.8</ele>
   </trkpt>
   <trkpt lat="40.5806810" lon="-3.0753660">
    <ele>902.2</ele>
   </trkpt>
   <trkpt lat="40.5806620" lon="-3.0754460">
    <ele>902.2</ele>
   </trkpt>
   <trkpt lat="40.5806430" lon="-3.0755210">
    <ele>902.2</ele>
   </trkpt>
   <trkpt lat="40.5806270" lon="-3.0755820">
    <ele>902.2</ele>
   </trkpt>
   <trkpt lat="40.5806050" lon="-3.0756560">
    <ele>902.2</ele>
   </trkpt>
   <trkpt lat="40.5805740" lon="-3.0757490">
    <ele>902.0</ele>
   </trkpt>
   <trkpt lat="40.5805510" lon="-3.0758310">
    <ele>902.0</ele>
   </trkpt>
   <trkpt lat="40.5805360" lon="-3.0758970">
    <ele>902.0</ele>
   </trkpt>
   <trkpt lat="40.5805130" lon="-3.0759960">
    <ele>902.0</ele>
   </trkpt>
   <trkpt lat="40.5804980" lon="-3.0760810">
    <ele>901.8</ele>
   </trkpt>
   <trkpt lat="40.5804860" lon="-3.0761510">
    <ele>901.8</ele>
   </trkpt>
   <trkpt lat="40.5804710" lon="-3.0762360">
    <ele>902.0</ele>
   </trkpt>
   <trkpt lat="40.5804600" lon="-3.0763200">
    <ele>901.8</ele>
   </trkpt>
   <trkpt lat="40.5804480" lon="-3.0764060">
    <ele>901.8</ele>
   </trkpt>
   <trkpt lat="40.5804370" lon="-3.0764920">
    <ele>901.8</ele>
   </trkpt>
   <trkpt lat="40.5804250" lon="-3.0765800">
    <ele>901.6</ele>
   </trkpt>
   <trkpt lat="40.5804140" lon="-3.0766650">
    <ele>901.8</ele>
   </trkpt>
   <trkpt lat="40.5804020" lon="-3.0767510">
    <ele>901.6</ele>
   </trkpt>
   <trkpt lat="40.5803910" lon="-3.0768520">
    <ele>901.6</ele>
   </trkpt>
   <trkpt lat="40.5803830" lon="-3.0769380">
    <ele>901.4</ele>
   </trkpt>
   <trkpt lat="40.5803760" lon="-3.0770190">
    <ele>901.4</ele>
   </trkpt>
   <trkpt lat="40.5803720" lon="-3.0770880">
    <ele>901.6</ele>
   </trkpt>
   <trkpt lat="40.5803640" lon="-3.0771720">
    <ele>901.6</ele>
   </trkpt>
   <trkpt lat="40.5803570" lon="-3.0772720">
    <ele>901.6</ele>
   </trkpt>
   <trkpt lat="40.5803490" lon="-3.0773560">
    <ele>901.6</ele>
   </trkpt>
   <trkpt lat="40.5803450" lon="-3.0774410">
    <ele>901.6</ele>
   </trkpt>
   <trkpt lat="40.5803380" lon="-3.0775110">
    <ele>901.6</ele>
   </trkpt>
   <trkpt lat="40.5803300" lon="-3.0776130">
    <ele>901.4</ele>
   </trkpt>
   <trkpt lat="40.5803260" lon="-3.0777010">
    <ele>901.2</ele>
   </trkpt>
   <trkpt lat="40.5803220" lon="-3.0777870">
    <ele>901.2</ele>
   </trkpt>
   <trkpt lat="40.5803220" lon="-3.0778710">
    <ele>901.2</ele>
   </trkpt>
   <trkpt lat="40.5803180" lon="-3.0779380">
    <ele>901.0</ele>
   </trkpt>
   <trkpt lat="40.5803180" lon="-3.0780240">
    <ele>901.0</ele>
   </trkpt>
   <trkpt lat="40.5803180" lon="-3.0781270">
    <ele>901.0</ele>
   </trkpt>
   <trkpt lat="40.5803150" lon="-3.0782130">
    <ele>901.2</ele>
   </trkpt>
   <trkpt lat="40.5803150" lon="-3.0782800">
    <ele>901.0</ele>
   </trkpt>
   <trkpt lat="40.5803150" lon="-3.0783610">
    <ele>901.0</ele>
   </trkpt>
   <trkpt lat="40.5803150" lon="-3.0784430">
    <ele>900.8</ele>
   </trkpt>
   <trkpt lat="40.5803150" lon="-3.0785200">
    <ele>900.8</ele>
   </trkpt>
   <trkpt lat="40.5803180" lon="-3.0785990">
    <ele>901.0</ele>
   </trkpt>
   <trkpt lat="40.5803180" lon="-3.0786700">
    <ele>901.0</ele>
   </trkpt>
   <trkpt lat="40.5803180" lon="-3.0787800">
    <ele>901.0</ele>
   </trkpt>
   <trkpt lat="40.5803220" lon="-3.0788690">
    <ele>900.8</ele>
   </trkpt>
   <trkpt lat="40.5803300" lon="-3.0789600">
    <ele>901.0</ele>
   </trkpt>
   <trkpt lat="40.5803380" lon="-3.0790510">
    <ele>901.0</ele>
   </trkpt>
   <trkpt lat="40.5803450" lon="-3.0791390">
    <ele>901.0</ele>
   </trkpt>
   <trkpt lat="40.5803490" lon="-3.0792310">
    <ele>901.0</ele>
   </trkpt>
   <trkpt lat="40.5803600" lon="-3.0793220">
    <ele>901.0</ele>
   </trkpt>
   <trkpt lat="40.5803720" lon="-3.0794160">
    <ele>900.8</ele>
   </trkpt>
   <trkpt lat="40.5803760" lon="-3.0794930">
    <ele>900.8</ele>
   </trkpt>
   <trkpt lat="40.5803910" lon="-3.0796050">
    <ele>900.8</ele>
   </trkpt>
   <trkpt lat="40.5804020" lon="-3.0796960">
    <ele>900.6</ele>
   </trkpt>
   <trkpt lat="40.5804140" lon="-3.0797840">
    <ele>900.6</ele>
   </trkpt>
   <trkpt lat="40.5804210" lon="-3.0798500">
    <ele>900.8</ele>
   </trkpt>
   <trkpt lat="40.5804370" lon="-3.0799340">
    <ele>901.0</ele>
   </trkpt>
   <trkpt lat="40.5804480" lon="-3.0800370">
    <ele>901.0</ele>
   </trkpt>
   <trkpt lat="40.5804630" lon="-3.0801250">
    <ele>901.0</ele>
   </trkpt>
   <trkpt lat="40.5804790" lon="-3.0802120">
    <ele>901.0</ele>
   </trkpt>
   <trkpt lat="40.5805020" lon="-3.0802970">
    <ele>901.4</ele>
   </trkpt>
   <trkpt lat="40.5805280" lon="-3.0803870">
    <ele>901.4</ele>
   </trkpt>
   <trkpt lat="40.5805590" lon="-3.0804770">
    <ele>901.4</ele>
   </trkpt>
   <trkpt lat="40.5805780" lon="-3.0805690">
    <ele>901.6</ele>
   </trkpt>
   <trkpt lat="40.5805930" lon="-3.0806590">
    <ele>901.8</ele>
   </trkpt>
   <trkpt lat="40.5806120" lon="-3.0807500">
    <ele>901.8</ele>
   </trkpt>
   <trkpt lat="40.5806270" lon="-3.0808350">
    <ele>901.8</ele>
   </trkpt>
   <trkpt lat="40.5806460" lon="-3.0809230">
    <ele>902.0</ele>
   </trkpt>
   <trkpt lat="40.5806690" lon="-3.0810110">
    <ele>901.8</ele>
   </trkpt>
   <trkpt lat="40.5806850" lon="-3.0810830">
    <ele>902.0</ele>
   </trkpt>
   <trkpt lat="40.5807110" lon="-3.0811890">
    <ele>902.0</ele>
   </trkpt>
   <trkpt lat="40.5807300" lon="-3.0812760">
    <ele>902.0</ele>
   </trkpt>
   <trkpt lat="40.5807530" lon="-3.0813630">
    <ele>902.0</ele>
   </trkpt>
   <trkpt lat="40.5807760" lon="-3.0814460">
    <ele>902.0</ele>
   </trkpt>
   <trkpt lat="40.5807990" lon="-3.0815290">
    <ele>902.0</ele>
   </trkpt>
   <trkpt lat="40.5808220" lon="-3.0816140">
    <ele>902.0</ele>
   </trkpt>
   <trkpt lat="40.5808490" lon="-3.0816960">
    <ele>902.2</ele>
   </trkpt>
   <trkpt lat="40.5808720" lon="-3.0817760">
    <ele>902.2</ele>
   </trkpt>
   <trkpt lat="40.5808940" lon="-3.0818530">
    <ele>902.2</ele>
   </trkpt>
   <trkpt lat="40.5809210" lon="-3.0819330">
    <ele>902.2</ele>
   </trkpt>
   <trkpt lat="40.5809400" lon="-3.0820110">
    <ele>902.4</ele>
   </trkpt>
   <trkpt lat="40.5809630" lon="-3.0820870">
    <ele>902.6</ele>
   </trkpt>
   <trkpt lat="40.5809900" lon="-3.0821650">
    <ele>902.6</ele>
   </trkpt>
   <trkpt lat="40.5810130" lon="-3.0822400">
    <ele>902.6</ele>
   </trkpt>
   <trkpt lat="40.5810360" lon="-3.0823160">
    <ele>902.6</ele>
   </trkpt>
   <trkpt lat="40.5810580" lon="-3.0823920">
    <ele>902.8</ele>
   </trkpt>
   <trkpt lat="40.5810850" lon="-3.0824640">
    <ele>903.0</ele>
   </trkpt>
   <trkpt lat="40.5811120" lon="-3.0825360">
    <ele>903.2</ele>
   </trkpt>
   <trkpt lat="40.5811350" lon="-3.0825950">
    <ele>903.4</ele>
   </trkpt>
   <trkpt lat="40.5811580" lon="-3.0826630">
    <ele>903.6</ele>
   </trkpt>
   <trkpt lat="40.5811880" lon="-3.0827490">
    <ele>903.8</ele>
   </trkpt>
   <trkpt lat="40.5812110" lon="-3.0828190">
    <ele>904.0</ele>
   </trkpt>
   <trkpt lat="40.5812340" lon="-3.0828900">
    <ele>904.2</ele>
   </trkpt>
   <trkpt lat="40.5812570" lon="-3.0829610">
    <ele>904.2</ele>
   </trkpt>
   <trkpt lat="40.5812800" lon="-3.0830290">
    <ele>904.4</ele>
   </trkpt>
   <trkpt lat="40.5813030" lon="-3.0830960">
    <ele>904.4</ele>
   </trkpt>
   <trkpt lat="40.5813260" lon="-3.0831630">
    <ele>904.6</ele>
   </trkpt>
   <trkpt lat="40.5813450" lon="-3.0832180">
    <ele>904.8</ele>
   </trkpt>
   <trkpt lat="40.5813680" lon="-3.0832850">
    <ele>904.8</ele>
   </trkpt>
   <trkpt lat="40.5813900" lon="-3.0833540">
    <ele>905.0</ele>
   </trkpt>
   <trkpt lat="40.5814130" lon="-3.0834210">
    <ele>905.0</ele>
   </trkpt>
   <trkpt lat="40.5814400" lon="-3.0834900">
    <ele>905.4</ele>
   </trkpt>
   <trkpt lat="40.5814590" lon="-3.0835560">
    <ele>905.4</ele>
   </trkpt>
   <trkpt lat="40.5814900" lon="-3.0836360">
    <ele>905.6</ele>
   </trkpt>
   <trkpt lat="40.5815050" lon="-3.0836920">
    <ele>905.6</ele>
   </trkpt>
   <trkpt lat="40.5815320" lon="-3.0837600">
    <ele>905.8</ele>
   </trkpt>
   <trkpt lat="40.5815540" lon="-3.0838290">
    <ele>905.6</ele>
   </trkpt>
   <trkpt lat="40.5815850" lon="-3.0839110">
    <ele>905.8</ele>
   </trkpt>
   <trkpt lat="40.5816080" lon="-3.0839670">
    <ele>905.8</ele>
   </trkpt>
   <trkpt lat="40.5816340" lon="-3.0840330">
    <ele>905.8</ele>
   </trkpt>
   <trkpt lat="40.5816570" lon="-3.0841030">
    <ele>905.8</ele>
   </trkpt>
   <trkpt lat="40.5816840" lon="-3.0841730">
    <ele>905.8</ele>
   </trkpt>
   <trkpt lat="40.5817110" lon="-3.0842400">
    <ele>905.8</ele>
   </trkpt>
   <trkpt lat="40.5817450" lon="-3.0843260">
    <ele>905.8</ele>
   </trkpt>
   <trkpt lat="40.5817680" lon="-3.0843820">
    <ele>906.0</ele>
   </trkpt>
   <trkpt lat="40.5817990" lon="-3.0844500">
    <ele>906.0</ele>
   </trkpt>
   <trkpt lat="40.5818290" lon="-3.0845310">
    <ele>906.0</ele>
   </trkpt>
   <trkpt lat="40.5818480" lon="-3.0845820">
    <ele>906.0</ele>
   </trkpt>
   <trkpt lat="40.5818750" lon="-3.0846500">
    <ele>906.2</ele>
   </trkpt>
   <trkpt lat="40.5819050" lon="-3.0847200">
    <ele>906.2</ele>
   </trkpt>
   <trkpt lat="40.5819360" lon="-3.0847900">
    <ele>906.4</ele>
   </trkpt>
   <trkpt lat="40.5819700" lon="-3.0848600">
    <ele>906.6</ele>
   </trkpt>
   <trkpt lat="40.5819970" lon="-3.0849300">
    <ele>906.6</ele>
   </trkpt>
   <trkpt lat="40.5820270" lon="-3.0849980">
    <ele>906.6</ele>
   </trkpt>
   <trkpt lat="40.5820580" lon="-3.0850640">
    <ele>906.8</ele>
   </trkpt>
   <trkpt lat="40.5820880" lon="-3.0851330">
    <ele>906.8</ele>
   </trkpt>
   <trkpt lat="40.5821230" lon="-3.0852000">
    <ele>906.8</ele>
   </trkpt>
   <trkpt lat="40.5821610" lon="-3.0852810">
    <ele>907.0</ele>
   </trkpt>
   <trkpt lat="40.5821950" lon="-3.0853480">
    <ele>907.2</ele>
   </trkpt>
   <trkpt lat="40.5822220" lon="-3.0854030">
    <ele>907.2</ele>
   </trkpt>
   <trkpt lat="40.5822600" lon="-3.0854810">
    <ele>907.2</ele>
   </trkpt>
   <trkpt lat="40.5822870" lon="-3.0855350">
    <ele>907.4</ele>
   </trkpt>
   <trkpt lat="40.5823250" lon="-3.0855980">
    <ele>907.4</ele>
   </trkpt>
   <trkpt lat="40.5823590" lon="-3.0856640">
    <ele>907.4</ele>
   </trkpt>
   <trkpt lat="40.5823940" lon="-3.0857280">
    <ele>907.4</ele>
   </trkpt>
   <trkpt lat="40.5824360" lon="-3.0858060">
    <ele>907.4</ele>
   </trkpt>
   <trkpt lat="40.5824620" lon="-3.0858600">
    <ele>907.6</ele>
   </trkpt>
   <trkpt lat="40.5825000" lon="-3.0859270">
    <ele>907.6</ele>
   </trkpt>
   <trkpt lat="40.5825390" lon="-3.0859950">
    <ele>907.6</ele>
   </trkpt>
   <trkpt lat="40.5825770" lon="-3.0860610">
    <ele>907.8</ele>
   </trkpt>
   <trkpt lat="40.5826190" lon="-3.0861300">
    <ele>907.8</ele>
   </trkpt>
   <trkpt lat="40.5826570" lon="-3.0861960">
    <ele>907.8</ele>
   </trkpt>
   <trkpt lat="40.5826950" lon="-3.0862600">
    <ele>907.8</ele>
   </trkpt>
   <trkpt lat="40.5827330" lon="-3.0863260">
    <ele>908.0</ele>
   </trkpt>
   <trkpt lat="40.5827750" lon="-3.0863930">
    <ele>908.0</ele>
   </trkpt>
   <trkpt lat="40.5828130" lon="-3.0864600">
    <ele>907.8</ele>
   </trkpt>
   <trkpt lat="40.5828550" lon="-3.0865250">
    <ele>907.8</ele>
   </trkpt>
   <trkpt lat="40.5829010" lon="-3.0865900">
    <ele>907.6</ele>
   </trkpt>
   <trkpt lat="40.5829430" lon="-3.0866560">
    <ele>907.4</ele>
   </trkpt>
   <trkpt lat="40.5829960" lon="-3.0867300">
    <ele>907.8</ele>
   </trkpt>
   <trkpt lat="40.5830270" lon="-3.0867790">
    <ele>907.4</ele>
   </trkpt>
   <trkpt lat="40.5830690" lon="-3.0868350">
    <ele>907.4</ele>
   </trkpt>
   <trkpt lat="40.5831070" lon="-3.0868940">
    <ele>907.2</ele>
   </trkpt>
   <trkpt lat="40.5831450" lon="-3.0869480">
    <ele>907.2</ele>
   </trkpt>
   <trkpt lat="40.5831870" lon="-3.0870050">
    <ele>907.0</ele>
   </trkpt>
   <trkpt lat="40.5832370" lon="-3.0870780">
    <ele>906.8</ele>
   </trkpt>
   <trkpt lat="40.5832710" lon="-3.0871270">
    <ele>906.8</ele>
   </trkpt>
   <trkpt lat="40.5833170" lon="-3.0871850">
    <ele>906.6</ele>
   </trkpt>
   <trkpt lat="40.5833550" lon="-3.0872440">
    <ele>906.6</ele>
   </trkpt>
   <trkpt lat="40.5834120" lon="-3.0873170">
    <ele>906.4</ele>
   </trkpt>
   <trkpt lat="40.5834500" lon="-3.0873650">
    <ele>906.2</ele>
   </trkpt>
   <trkpt lat="40.5834920" lon="-3.0874280">
    <ele>906.2</ele>
   </trkpt>
   <trkpt lat="40.5835420" lon="-3.0874900">
    <ele>906.0</ele>
   </trkpt>
   <trkpt lat="40.5835910" lon="-3.0875550">
    <ele>905.8</ele>
   </trkpt>
   <trkpt lat="40.5836530" lon="-3.0876310">
    <ele>905.6</ele>
   </trkpt>
   <trkpt lat="40.5836940" lon="-3.0876820">
    <ele>905.4</ele>
   </trkpt>
   <trkpt lat="40.5837480" lon="-3.0877450">
    <ele>905.2</ele>
   </trkpt>
   <trkpt lat="40.5837970" lon="-3.0878100">
    <ele>905.2</ele>
   </trkpt>
   <trkpt lat="40.5838580" lon="-3.0878830">
    <ele>905.0</ele>
   </trkpt>
   <trkpt lat="40.5839120" lon="-3.0879460">
    <ele>904.8</ele>
   </trkpt>
   <trkpt lat="40.5839650" lon="-3.0880100">
    <ele>904.6</ele>
   </trkpt>
   <trkpt lat="40.5840070" lon="-3.0880630">
    <ele>904.2</ele>
   </trkpt>
   <trkpt lat="40.5840640" lon="-3.0881330">
    <ele>904.0</ele>
   </trkpt>
   <trkpt lat="40.5841290" lon="-3.0882130">
    <ele>903.8</ele>
   </trkpt>
   <trkpt lat="40.5841750" lon="-3.0882650">
    <ele>903.6</ele>
   </trkpt>
   <trkpt lat="40.5842320" lon="-3.0883350">
    <ele>903.4</ele>
   </trkpt>
   <trkpt lat="40.5843010" lon="-3.0884210">
    <ele>903.2</ele>
   </trkpt>
   <trkpt lat="40.5843620" lon="-3.0884930">
    <ele>902.8</ele>
   </trkpt>
   <trkpt lat="40.5844230" lon="-3.0885660">
    <ele>902.4</ele>
   </trkpt>
   <trkpt lat="40.5844840" lon="-3.0886380">
    <ele>902.0</ele>
   </trkpt>
   <trkpt lat="40.5845340" lon="-3.0886970">
    <ele>901.8</ele>
   </trkpt>
   <trkpt lat="40.5845950" lon="-3.0887710">
    <ele>901.4</ele>
   </trkpt>
   <trkpt lat="40.5846560" lon="-3.0888500">
    <ele>900.8</ele>
   </trkpt>
   <trkpt lat="40.5847170" lon="-3.0889260">
    <ele>900.6</ele>
   </trkpt>
   <trkpt lat="40.5847850" lon="-3.0890040">
    <ele>900.2</ele>
   </trkpt>
   <trkpt lat="40.5848500" lon="-3.0890830">
    <ele>899.8</ele>
   </trkpt>
   <trkpt lat="40.5849270" lon="-3.0891790">
    <ele>899.4</ele>
   </trkpt>
   <trkpt lat="40.5849950" lon="-3.0892600">
    <ele>899.0</ele>
   </trkpt>
   <trkpt lat="40.5850640" lon="-3.0893430">
    <ele>898.6</ele>
   </trkpt>
   <trkpt lat="40.5851360" lon="-3.0894260">
    <ele>898.2</ele>
   </trkpt>
   <trkpt lat="40.5852010" lon="-3.0895110">
    <ele>897.6</ele>
   </trkpt>
   <trkpt lat="40.5852700" lon="-3.0895940">
    <ele>897.4</ele>
   </trkpt>
   <trkpt lat="40.5853350" lon="-3.0896630">
    <ele>896.8</ele>
   </trkpt>
   <trkpt lat="40.5854150" lon="-3.0897650">
    <ele>896.2</ele>
   </trkpt>
   <trkpt lat="40.5854760" lon="-3.0898350">
    <ele>895.4</ele>
   </trkpt>
   <trkpt lat="40.5855560" lon="-3.0899390">
    <ele>895.0</ele>
   </trkpt>
   <trkpt lat="40.5856320" lon="-3.0900270">
    <ele>894.2</ele>
   </trkpt>
   <trkpt lat="40.5856930" lon="-3.0900980">
    <ele>893.6</ele>
   </trkpt>
   <trkpt lat="40.5857620" lon="-3.0901830">
    <ele>893.0</ele>
   </trkpt>
   <trkpt lat="40.5858420" lon="-3.0902860">
    <ele>892.8</ele>
   </trkpt>
   <trkpt lat="40.5859150" lon="-3.0903710">
    <ele>892.4</ele>
   </trkpt>
   <trkpt lat="40.5859870" lon="-3.0904580">
    <ele>892.2</ele>
   </trkpt>
   <trkpt lat="40.5860560" lon="-3.0905430">
    <ele>892.0</ele>
   </trkpt>
   <trkpt lat="40.5861130" lon="-3.0906080">
    <ele>891.6</ele>
   </trkpt>
   <trkpt lat="40.5861740" lon="-3.0906890">
    <ele>891.2</ele>
   </trkpt>
   <trkpt lat="40.5862580" lon="-3.0907870">
    <ele>891.0</ele>
   </trkpt>
   <trkpt lat="40.5863150" lon="-3.0908520">
    <ele>890.8</ele>
   </trkpt>
   <trkpt lat="40.5863800" lon="-3.0909310">
    <ele>890.6</ele>
   </trkpt>
   <trkpt lat="40.5864560" lon="-3.0910290">
    <ele>890.6</ele>
   </trkpt>
   <trkpt lat="40.5865290" lon="-3.0911150">
    <ele>890.8</ele>
   </trkpt>
   <trkpt lat="40.5865820" lon="-3.0911820">
    <ele>890.6</ele>
   </trkpt>
   <trkpt lat="40.5866620" lon="-3.0912790">
    <ele>890.6</ele>
   </trkpt>
   <trkpt lat="40.5867200" lon="-3.0913470">
    <ele>890.4</ele>
   </trkpt>
   <trkpt lat="40.5867880" lon="-3.0914290">
    <ele>890.2</ele>
   </trkpt>
   <trkpt lat="40.5868640" lon="-3.0915260">
    <ele>890.0</ele>
   </trkpt>
   <trkpt lat="40.5869220" lon="-3.0915900">
    <ele>889.6</ele>
   </trkpt>
   <trkpt lat="40.5869860" lon="-3.0916690">
    <ele>889.6</ele>
   </trkpt>
   <trkpt lat="40.5870590" lon="-3.0917620">
    <ele>889.6</ele>
   </trkpt>
   <trkpt lat="40.5871280" lon="-3.0918410">
    <ele>889.4</ele>
   </trkpt>
   <trkpt lat="40.5871960" lon="-3.0919190">
    <ele>889.2</ele>
   </trkpt>
   <trkpt lat="40.5872570" lon="-3.0919990">
    <ele>889.2</ele>
   </trkpt>
   <trkpt lat="40.5873150" lon="-3.0920620">
    <ele>889.0</ele>
   </trkpt>
   <trkpt lat="40.5873830" lon="-3.0921410">
    <ele>889.0</ele>
   </trkpt>
   <trkpt lat="40.5874560" lon="-3.0922370">
    <ele>888.6</ele>
   </trkpt>
   <trkpt lat="40.5875130" lon="-3.0923020">
    <ele>888.4</ele>
   </trkpt>
   <trkpt lat="40.5875780" lon="-3.0923810">
    <ele>888.2</ele>
   </trkpt>
   <trkpt lat="40.5876460" lon="-3.0924610">
    <ele>887.8</ele>
   </trkpt>
   <trkpt lat="40.5877110" lon="-3.0925410">
    <ele>887.6</ele>
   </trkpt>
   <trkpt lat="40.5877880" lon="-3.0926340">
    <ele>887.4</ele>
   </trkpt>
   <trkpt lat="40.5878450" lon="-3.0926960">
    <ele>887.4</ele>
   </trkpt>
   <trkpt lat="40.5879060" lon="-3.0927720">
    <ele>887.6</ele>
   </trkpt>
   <trkpt lat="40.5879750" lon="-3.0928620">
    <ele>887.6</ele>
   </trkpt>
   <trkpt lat="40.5880390" lon="-3.0929360">
    <ele>887.8</ele>
   </trkpt>
   <trkpt lat="40.5881000" lon="-3.0930060">
    <ele>888.0</ele>
   </trkpt>
   <trkpt lat="40.5881500" lon="-3.0930620">
    <ele>888.0</ele>
   </trkpt>
   <trkpt lat="40.5882070" lon="-3.0931280">
    <ele>888.0</ele>
   </trkpt>
   <trkpt lat="40.5882720" lon="-3.0932060">
    <ele>888.2</ele>
   </trkpt>
   <trkpt lat="40.5883370" lon="-3.0932700">
    <ele>888.4</ele>
   </trkpt>
   <trkpt lat="40.5883980" lon="-3.0933350">
    <ele>888.4</ele>
   </trkpt>
   <trkpt lat="40.5884550" lon="-3.0933980">
    <ele>888.6</ele>
   </trkpt>
   <trkpt lat="40.5885090" lon="-3.0934600">
    <ele>888.6</ele>
   </trkpt>
   <trkpt lat="40.5885620" lon="-3.0935230">
    <ele>888.8</ele>
   </trkpt>
   <trkpt lat="40.5886150" lon="-3.0935850">
    <ele>888.8</ele>
   </trkpt>
   <trkpt lat="40.5886570" lon="-3.0936360">
    <ele>889.0</ele>
   </trkpt>
   <trkpt lat="40.5887110" lon="-3.0936960">
    <ele>889.0</ele>
   </trkpt>
   <trkpt lat="40.5887760" lon="-3.0937710">
    <ele>889.0</ele>
   </trkpt>
   <trkpt lat="40.5888250" lon="-3.0938360">
    <ele>889.0</ele>
   </trkpt>
   <trkpt lat="40.5888670" lon="-3.0938840">
    <ele>889.2</ele>
   </trkpt>
   <trkpt lat="40.5889170" lon="-3.0939400">
    <ele>889.2</ele>
   </trkpt>
   <trkpt lat="40.5889780" lon="-3.0940100">
    <ele>889.4</ele>
   </trkpt>
   <trkpt lat="40.5890240" lon="-3.0940670">
    <ele>889.4</ele>
   </trkpt>
   <trkpt lat="40.5890770" lon="-3.0941220">
    <ele>889.6</ele>
   </trkpt>
   <trkpt lat="40.5891270" lon="-3.0941770">
    <ele>889.6</ele>
   </trkpt>
   <trkpt lat="40.5891690" lon="-3.0942200">
    <ele>889.8</ele>
   </trkpt>
   <trkpt lat="40.5892220" lon="-3.0942720">
    <ele>889.8</ele>
   </trkpt>
   <trkpt lat="40.5892870" lon="-3.0943300">
    <ele>889.8</ele>
   </trkpt>
   <trkpt lat="40.5893400" lon="-3.0943770">
    <ele>889.8</ele>
   </trkpt>
   <trkpt lat="40.5893900" lon="-3.0944160">
    <ele>890.0</ele>
   </trkpt>
   <trkpt lat="40.5894580" lon="-3.0944700">
    <ele>890.0</ele>
   </trkpt>
   <trkpt lat="40.5895120" lon="-3.0945140">
    <ele>890.0</ele>
   </trkpt>
   <trkpt lat="40.5895580" lon="-3.0945470">
    <ele>890.2</ele>
   </trkpt>
   <trkpt lat="40.5896260" lon="-3.0945920">
    <ele>890.4</ele>
   </trkpt>
   <trkpt lat="40.5896680" lon="-3.0946190">
    <ele>890.6</ele>
   </trkpt>
   <trkpt lat="40.5897220" lon="-3.0946510">
    <ele>890.8</ele>
   </trkpt>
   <trkpt lat="40.5897830" lon="-3.0946860">
    <ele>891.2</ele>
   </trkpt>
   <trkpt lat="40.5898320" lon="-3.0947140">
    <ele>891.4</ele>
   </trkpt>
   <trkpt lat="40.5898700" lon="-3.0947360">
    <ele>891.6</ele>
   </trkpt>
   <trkpt lat="40.5899240" lon="-3.0947640">
    <ele>892.0</ele>
   </trkpt>
   <trkpt lat="40.5899620" lon="-3.0947810">
    <ele>892.2</ele>
   </trkpt>
   <trkpt lat="40.5900040" lon="-3.0948030">
    <ele>892.4</ele>
   </trkpt>
   <trkpt lat="40.5900460" lon="-3.0948250">
    <ele>892.8</ele>
   </trkpt>
   <trkpt lat="40.5900880" lon="-3.0948450">
    <ele>893.0</ele>
   </trkpt>
   <trkpt lat="40.5901300" lon="-3.0948660">
    <ele>893.2</ele>
   </trkpt>
   <trkpt lat="40.5901680" lon="-3.0948810">
    <ele>893.6</ele>
   </trkpt>
   <trkpt lat="40.5901950" lon="-3.0948930">
    <ele>893.8</ele>
   </trkpt>
   <trkpt lat="40.5902370" lon="-3.0949090">
    <ele>894.0</ele>
   </trkpt>
   <trkpt lat="40.5902630" lon="-3.0949210">
    <ele>894.2</ele>
   </trkpt>
   <trkpt lat="40.5902980" lon="-3.0949390">
    <ele>894.4</ele>
   </trkpt>
   <trkpt lat="40.5903360" lon="-3.0949590">
    <ele>894.6</ele>
   </trkpt>
   <trkpt lat="40.5903660" lon="-3.0949700">
    <ele>894.8</ele>
   </trkpt>
   <trkpt lat="40.5903970" lon="-3.0949850">
    <ele>895.0</ele>
   </trkpt>
   <trkpt lat="40.5904270" lon="-3.0950010">
    <ele>895.2</ele>
   </trkpt>
   <trkpt lat="40.5904690" lon="-3.0950210">
    <ele>895.4</ele>
   </trkpt>
   <trkpt lat="40.5905040" lon="-3.0950380">
    <ele>895.6</ele>
   </trkpt>
   <trkpt lat="40.5905270" lon="-3.0950480">
    <ele>895.8</ele>
   </trkpt>
   <trkpt lat="40.5905570" lon="-3.0950610">
    <ele>896.0</ele>
   </trkpt>
   <trkpt lat="40.5905910" lon="-3.0950760">
    <ele>896.2</ele>
   </trkpt>
   <trkpt lat="40.5906300" lon="-3.0950910">
    <ele>896.2</ele>
   </trkpt>
   <trkpt lat="40.5906600" lon="-3.0951050">
    <ele>896.4</ele>
   </trkpt>
   <trkpt lat="40.5906940" lon="-3.0951200">
    <ele>896.6</ele>
   </trkpt>
   <trkpt lat="40.5907250" lon="-3.0951360">
    <ele>896.8</ele>
   </trkpt>
   <trkpt lat="40.5907550" lon="-3.0951510">
    <ele>897.0</ele>
   </trkpt>
   <trkpt lat="40.5907860" lon="-3.0951650">
    <ele>897.2</ele>
   </trkpt>
   <trkpt lat="40.5908170" lon="-3.0951810">
    <ele>897.2</ele>
   </trkpt>
   <trkpt lat="40.5908470" lon="-3.0951960">
    <ele>897.4</ele>
   </trkpt>
   <trkpt lat="40.5908810" lon="-3.0952100">
    <ele>897.6</ele>
   </trkpt>
   <trkpt lat="40.5909230" lon="-3.0952260">
    <ele>897.8</ele>
   </trkpt>
   <trkpt lat="40.5909500" lon="-3.0952350">
    <ele>897.8</ele>
   </trkpt>
   <trkpt lat="40.5909810" lon="-3.0952450">
    <ele>898.0</ele>
   </trkpt>
   <trkpt lat="40.5910150" lon="-3.0952530">
    <ele>898.0</ele>
   </trkpt>
   <trkpt lat="40.5910420" lon="-3.0952600">
    <ele>898.2</ele>
   </trkpt>
   <trkpt lat="40.5910760" lon="-3.0952660">
    <ele>898.4</ele>
   </trkpt>
   <trkpt lat="40.5911030" lon="-3.0952680">
    <ele>898.4</ele>
   </trkpt>
   <trkpt lat="40.5911330" lon="-3.0952700">
    <ele>898.4</ele>
   </trkpt>
   <trkpt lat="40.5911710" lon="-3.0952680">
    <ele>898.4</ele>
   </trkpt>
   <trkpt lat="40.5912210" lon="-3.0952550">
    <ele>898.4</ele>
   </trkpt>
   <trkpt lat="40.5912550" lon="-3.0952420">
    <ele>898.4</ele>
   </trkpt>
   <trkpt lat="40.5913010" lon="-3.0952210">
    <ele>898.2</ele>
   </trkpt>
   <trkpt lat="40.5913470" lon="-3.0951970">
    <ele>898.2</ele>
   </trkpt>
   <trkpt lat="40.5914000" lon="-3.0951810">
    <ele>898.2</ele>
   </trkpt>
   <trkpt lat="40.5914460" lon="-3.0951740">
    <ele>898.2</ele>
   </trkpt>
   <trkpt lat="40.5914960" lon="-3.0951800">
    <ele>898.0</ele>
   </trkpt>
   <trkpt lat="40.5915530" lon="-3.0952030">
    <ele>898.0</ele>
   </trkpt>
   <trkpt lat="40.5916060" lon="-3.0952390">
    <ele>898.0</ele>
   </trkpt>
   <trkpt lat="40.5916560" lon="-3.0952750">
    <ele>897.8</ele>
   </trkpt>
   <trkpt lat="40.5917050" lon="-3.0953120">
    <ele>897.6</ele>
   </trkpt>
   <trkpt lat="40.5917590" lon="-3.0953430">
    <ele>897.6</ele>
   </trkpt>
   <trkpt lat="40.5918160" lon="-3.0953660">
    <ele>897.6</ele>
   </trkpt>
   <trkpt lat="40.5918770" lon="-3.0953850">
    <ele>897.4</ele>
   </trkpt>
   <trkpt lat="40.5919420" lon="-3.0954060">
    <ele>897.4</ele>
   </trkpt>
   <trkpt lat="40.5919990" lon="-3.0954360">
    <ele>897.2</ele>
   </trkpt>
   <trkpt lat="40.5920520" lon="-3.0954800">
    <ele>897.0</ele>
   </trkpt>
   <trkpt lat="40.5921020" lon="-3.0955370">
    <ele>897.0</ele>
   </trkpt>
   <trkpt lat="40.5921440" lon="-3.0956000">
    <ele>896.6</ele>
   </trkpt>
   <trkpt lat="40.5921860" lon="-3.0956870">
    <ele>896.4</ele>
   </trkpt>
   <trkpt lat="40.5922050" lon="-3.0957550">
    <ele>896.2</ele>
   </trkpt>
   <trkpt lat="40.5922160" lon="-3.0958370">
    <ele>896.0</ele>
   </trkpt>
   <trkpt lat="40.5922160" lon="-3.0959230">
    <ele>896.0</ele>
   </trkpt>
   <trkpt lat="40.5922050" lon="-3.0960090">
    <ele>895.8</ele>
   </trkpt>
   <trkpt lat="40.5921820" lon="-3.0961070">
    <ele>895.6</ele>
   </trkpt>
   <trkpt lat="40.5921590" lon="-3.0961730">
    <ele>895.6</ele>
   </trkpt>
   <trkpt lat="40.5921330" lon="-3.0962530">
    <ele>895.4</ele>
   </trkpt>
   <trkpt lat="40.5921060" lon="-3.0963380">
    <ele>895.4</ele>
   </trkpt>
   <trkpt lat="40.5920870" lon="-3.0964280">
    <ele>895.2</ele>
   </trkpt>
   <trkpt lat="40.5920750" lon="-3.0965200">
    <ele>895.0</ele>
   </trkpt>
   <trkpt lat="40.5920680" lon="-3.0966140">
    <ele>895.0</ele>
   </trkpt>
   <trkpt lat="40.5920720" lon="-3.0967120">
    <ele>895.0</ele>
   </trkpt>
   <trkpt lat="40.5920830" lon="-3.0968090">
    <ele>894.8</ele>
   </trkpt>
   <trkpt lat="40.5921060" lon="-3.0969220">
    <ele>894.8</ele>
   </trkpt>
   <trkpt lat="40.5921290" lon="-3.0969960">
    <ele>895.0</ele>
   </trkpt>
   <trkpt lat="40.5921550" lon="-3.0970860">
    <ele>895.0</ele>
   </trkpt>
   <trkpt lat="40.5921860" lon="-3.0971730">
    <ele>895.2</ele>
   </trkpt>
   <trkpt lat="40.5922240" lon="-3.0972730">
    <ele>895.4</ele>
   </trkpt>
   <trkpt lat="40.5922470" lon="-3.0973390">
    <ele>895.6</ele>
   </trkpt>
   <trkpt lat="40.5922770" lon="-3.0974180">
    <ele>895.6</ele>
   </trkpt>
   <trkpt lat="40.5923120" lon="-3.0975120">
    <ele>896.0</ele>
   </trkpt>
   <trkpt lat="40.5923310" lon="-3.0975750">
    <ele>896.0</ele>
   </trkpt>
   <trkpt lat="40.5923610" lon="-3.0976530">
    <ele>896.2</ele>
   </trkpt>
   <trkpt lat="40.5923920" lon="-3.0977290">
    <ele>896.2</ele>
   </trkpt>
   <trkpt lat="40.5924220" lon="-3.0978010">
    <ele>896.2</ele>
   </trkpt>
   <trkpt lat="40.5924530" lon="-3.0978730">
    <ele>896.4</ele>
   </trkpt>
   <trkpt lat="40.5924870" lon="-3.0979450">
    <ele>896.6</ele>
   </trkpt>
   <trkpt lat="40.5925220" lon="-3.0980150">
    <ele>896.6</ele>
   </trkpt>
   <trkpt lat="40.5925560" lon="-3.0980800">
    <ele>896.6</ele>
   </trkpt>
   <trkpt lat="40.5925900" lon="-3.0981450">
    <ele>896.6</ele>
   </trkpt>
   <trkpt lat="40.5926320" lon="-3.0982080">
    <ele>896.8</ele>
   </trkpt>
   <trkpt lat="40.5926700" lon="-3.0982700">
    <ele>896.8</ele>
   </trkpt>
   <trkpt lat="40.5927090" lon="-3.0983300">
    <ele>896.8</ele>
   </trkpt>
   <trkpt lat="40.5927470" lon="-3.0983890">
    <ele>897.0</ele>
   </trkpt>
   <trkpt lat="40.5927890" lon="-3.0984450">
    <ele>897.0</ele>
   </trkpt>
   <trkpt lat="40.5928310" lon="-3.0984990">
    <ele>897.4</ele>
   </trkpt>
   <trkpt lat="40.5928690" lon="-3.0985500">
    <ele>897.6</ele>
   </trkpt>
   <trkpt lat="40.5929110" lon="-3.0986040">
    <ele>897.6</ele>
   </trkpt>
   <trkpt lat="40.5929530" lon="-3.0986540">
    <ele>897.8</ele>
   </trkpt>
   <trkpt lat="40.5929950" lon="-3.0987040">
    <ele>897.8</ele>
   </trkpt>
   <trkpt lat="40.5930480" lon="-3.0987650">
    <ele>898.0</ele>
   </trkpt>
   <trkpt lat="40.5930820" lon="-3.0988070">
    <ele>898.2</ele>
   </trkpt>
   <trkpt lat="40.5931240" lon="-3.0988600">
    <ele>898.2</ele>
   </trkpt>
   <trkpt lat="40.5931700" lon="-3.0989140">
    <ele>898.2</ele>
   </trkpt>
   <trkpt lat="40.5932200" lon="-3.0989760">
    <ele>898.2</ele>
   </trkpt>
   <trkpt lat="40.5932540" lon="-3.0990190">
    <ele>898.2</ele>
   </trkpt>
   <trkpt lat="40.5933000" lon="-3.0990710">
    <ele>898.4</ele>
   </trkpt>
   <trkpt lat="40.5933460" lon="-3.0991220">
    <ele>898.4</ele>
   </trkpt>
   <trkpt lat="40.5933880" lon="-3.0991750">
    <ele>898.4</ele>
   </trkpt>
   <trkpt lat="40.5934330" lon="-3.0992250">
    <ele>898.4</ele>
   </trkpt>
   <trkpt lat="40.5934750" lon="-3.0992770">
    <ele>898.4</ele>
   </trkpt>
   <trkpt lat="40.5935210" lon="-3.0993300">
    <ele>898.4</ele>
   </trkpt>
   <trkpt lat="40.5935670" lon="-3.0993840">
    <ele>898.4</ele>
   </trkpt>
   <trkpt lat="40.5936160" lon="-3.0994490">
    <ele>898.4</ele>
   </trkpt>
   <trkpt lat="40.5936580" lon="-3.0995000">
    <ele>898.4</ele>
   </trkpt>
   <trkpt lat="40.5936890" lon="-3.0995390">
    <ele>898.4</ele>
   </trkpt>
   <trkpt lat="40.5937310" lon="-3.0995900">
    <ele>898.4</ele>
   </trkpt>
   <trkpt lat="40.5937730" lon="-3.0996400">
    <ele>898.4</ele>
   </trkpt>
   <trkpt lat="40.5938150" lon="-3.0996900">
    <ele>898.4</ele>
   </trkpt>
   <trkpt lat="40.5938570" lon="-3.0997400">
    <ele>898.2</ele>
   </trkpt>
   <trkpt lat="40.5938990" lon="-3.0997950">
    <ele>898.2</ele>
   </trkpt>
   <trkpt lat="40.5939450" lon="-3.0998540">
    <ele>898.0</ele>
   </trkpt>
   <trkpt lat="40.5939900" lon="-3.0999100">
    <ele>898.0</ele>
   </trkpt>
   <trkpt lat="40.5940400" lon="-3.0999650">
    <ele>898.0</ele>
   </trkpt>
   <trkpt lat="40.5940860" lon="-3.1000220">
    <ele>898.0</ele>
   </trkpt>
   <trkpt lat="40.5941350" lon="-3.1000800">
    <ele>898.0</ele>
   </trkpt>
   <trkpt lat="40.5941850" lon="-3.1001400">
    <ele>898.0</ele>
   </trkpt>
   <trkpt lat="40.5942270" lon="-3.1001970">
    <ele>898.0</ele>
   </trkpt>
   <trkpt lat="40.5942760" lon="-3.1002570">
    <ele>897.8</ele>
   </trkpt>
   <trkpt lat="40.5943260" lon="-3.1003160">
    <ele>897.6</ele>
   </trkpt>
   <trkpt lat="40.5943760" lon="-3.1003770">
    <ele>897.4</ele>
   </trkpt>
   <trkpt lat="40.5944290" lon="-3.1004400">
    <ele>897.2</ele>
   </trkpt>
   <trkpt lat="40.5944790" lon="-3.1005020">
    <ele>897.0</ele>
   </trkpt>
   <trkpt lat="40.5945320" lon="-3.1005620">
    <ele>896.8</ele>
   </trkpt>
   <trkpt lat="40.5945820" lon="-3.1006230">
    <ele>896.6</ele>
   </trkpt>
   <trkpt lat="40.5946350" lon="-3.1006880">
    <ele>896.6</ele>
   </trkpt>
   <trkpt lat="40.5946960" lon="-3.1007670">
    <ele>896.4</ele>
   </trkpt>
   <trkpt lat="40.5947420" lon="-3.1008190">
    <ele>896.4</ele>
   </trkpt>
   <trkpt lat="40.5947950" lon="-3.1008820">
    <ele>896.2</ele>
   </trkpt>
   <trkpt lat="40.5948560" lon="-3.1009600">
    <ele>896.2</ele>
   </trkpt>
   <trkpt lat="40.5948980" lon="-3.1010120">
    <ele>896.2</ele>
   </trkpt>
   <trkpt lat="40.5949520" lon="-3.1010760">
    <ele>896.0</ele>
   </trkpt>
   <trkpt lat="40.5950090" lon="-3.1011450">
    <ele>895.8</ele>
   </trkpt>
   <trkpt lat="40.5950620" lon="-3.1012100">
    <ele>895.6</ele>
   </trkpt>
   <trkpt lat="40.5951190" lon="-3.1012770">
    <ele>895.4</ele>
   </trkpt>
   <trkpt lat="40.5951840" lon="-3.1013580">
    <ele>895.2</ele>
   </trkpt>
   <trkpt lat="40.5952300" lon="-3.1014150">
    <ele>895.2</ele>
   </trkpt>
   <trkpt lat="40.5952870" lon="-3.1014830">
    <ele>895.0</ele>
   </trkpt>
   <trkpt lat="40.5953520" lon="-3.1015630">
    <ele>894.8</ele>
   </trkpt>
   <trkpt lat="40.5954020" lon="-3.1016200">
    <ele>894.8</ele>
   </trkpt>
   <trkpt lat="40.5954550" lon="-3.1016880">
    <ele>894.8</ele>
   </trkpt>
   <trkpt lat="40.5955090" lon="-3.1017580">
    <ele>894.8</ele>
   </trkpt>
   <trkpt lat="40.5955660" lon="-3.1018250">
    <ele>894.6</ele>
   </trkpt>
   <trkpt lat="40.5956270" lon="-3.1018930">
    <ele>894.6</ele>
   </trkpt>
   <trkpt lat="40.5956800" lon="-3.1019640">
    <ele>894.4</ele>
   </trkpt>
   <trkpt lat="40.5957370" lon="-3.1020330">
    <ele>894.4</ele>
   </trkpt>
   <trkpt lat="40.5957950" lon="-3.1021010">
    <ele>894.4</ele>
   </trkpt>
   <trkpt lat="40.5958590" lon="-3.1021840">
    <ele>894.4</ele>
   </trkpt>
   <trkpt lat="40.5959170" lon="-3.1022520">
    <ele>894.4</ele>
   </trkpt>
   <trkpt lat="40.5959590" lon="-3.1023030">
    <ele>894.4</ele>
   </trkpt>
   <trkpt lat="40.5960080" lon="-3.1023680">
    <ele>894.2</ele>
   </trkpt>
   <trkpt lat="40.5960620" lon="-3.1024320">
    <ele>894.2</ele>
   </trkpt>
   <trkpt lat="40.5961270" lon="-3.1025060">
    <ele>894.2</ele>
   </trkpt>
   <trkpt lat="40.5961760" lon="-3.1025720">
    <ele>894.2</ele>
   </trkpt>
   <trkpt lat="40.5962300" lon="-3.1026380">
    <ele>894.2</ele>
   </trkpt>
   <trkpt lat="40.5962710" lon="-3.1026940">
    <ele>894.2</ele>
   </trkpt>
   <trkpt lat="40.5963250" lon="-3.1027550">
    <ele>894.2</ele>
   </trkpt>
   <trkpt lat="40.5963780" lon="-3.1028180">
    <ele>894.4</ele>
   </trkpt>
   <trkpt lat="40.5964430" lon="-3.1028930">
    <ele>894.4</ele>
   </trkpt>
   <trkpt lat="40.5964850" lon="-3.1029440">
    <ele>894.6</ele>
   </trkpt>
   <trkpt lat="40.5965350" lon="-3.1030040">
    <ele>894.6</ele>
   </trkpt>
   <trkpt lat="40.5965840" lon="-3.1030640">
    <ele>894.6</ele>
   </trkpt>
   <trkpt lat="40.5966450" lon="-3.1031380">
    <ele>894.6</ele>
   </trkpt>
   <trkpt lat="40.5966870" lon="-3.1031890">
    <ele>894.6</ele>
   </trkpt>
   <trkpt lat="40.5967330" lon="-3.1032480">
    <ele>894.6</ele>
   </trkpt>
   <trkpt lat="40.5967830" lon="-3.1033070">
    <ele>894.6</ele>
   </trkpt>
   <trkpt lat="40.5968280" lon="-3.1033650">
    <ele>894.6</ele>
   </trkpt>
   <trkpt lat="40.5968860" lon="-3.1034350">
    <ele>894.8</ele>
   </trkpt>
   <trkpt lat="40.5969240" lon="-3.1034840">
    <ele>895.0</ele>
   </trkpt>
   <trkpt lat="40.5969730" lon="-3.1035390">
    <ele>895.2</ele>
   </trkpt>
   <trkpt lat="40.5970270" lon="-3.1036080">
    <ele>895.2</ele>
   </trkpt>
   <trkpt lat="40.5970650" lon="-3.1036550">
    <ele>895.2</ele>
   </trkpt>
   <trkpt lat="40.5971110" lon="-3.1037140">
    <ele>895.4</ele>
   </trkpt>
   <trkpt lat="40.5971570" lon="-3.1037700">
    <ele>895.4</ele>
   </trkpt>
   <trkpt lat="40.5972060" lon="-3.1038290">
    <ele>895.4</ele>
   </trkpt>
   <trkpt lat="40.5972520" lon="-3.1038870">
    <ele>895.4</ele>
   </trkpt>
   <trkpt lat="40.5973090" lon="-3.1039550">
    <ele>895.4</ele>
   </trkpt>
   <trkpt lat="40.5973470" lon="-3.1040020">
    <ele>895.4</ele>
   </trkpt>
   <trkpt lat="40.5973930" lon="-3.1040550">
    <ele>895.6</ele>
   </trkpt>
   <trkpt lat="40.5974460" lon="-3.1041180">
    <ele>895.6</ele>
   </trkpt>
   <trkpt lat="40.5974920" lon="-3.1041750">
    <ele>895.6</ele>
   </trkpt>
   <trkpt lat="40.5975270" lon="-3.1042210">
    <ele>895.6</ele>
   </trkpt>
   <trkpt lat="40.5975800" lon="-3.1042850">
    <ele>895.6</ele>
   </trkpt>
   <trkpt lat="40.5976180" lon="-3.1043290">
    <ele>895.6</ele>
   </trkpt>
   <trkpt lat="40.5976600" lon="-3.1043830">
    <ele>895.8</ele>
   </trkpt>
   <trkpt lat="40.5977100" lon="-3.1044390">
    <ele>895.8</ele>
   </trkpt>
   <trkpt lat="40.5977520" lon="-3.1044940">
    <ele>895.8</ele>
   </trkpt>
   <trkpt lat="40.5977970" lon="-3.1045470">
    <ele>895.8</ele>
   </trkpt>
   <trkpt lat="40.5978510" lon="-3.1046130">
    <ele>896.0</ele>
   </trkpt>
   <trkpt lat="40.5978970" lon="-3.1046690">
    <ele>896.0</ele>
   </trkpt>
   <trkpt lat="40.5979310" lon="-3.1047110">
    <ele>896.0</ele>
   </trkpt>
   <trkpt lat="40.5979730" lon="-3.1047620">
    <ele>896.0</ele>
   </trkpt>
   <trkpt lat="40.5980150" lon="-3.1048160">
    <ele>896.0</ele>
   </trkpt>
   <trkpt lat="40.5980640" lon="-3.1048720">
    <ele>896.0</ele>
   </trkpt>
   <trkpt lat="40.5981180" lon="-3.1049380">
    <ele>896.2</ele>
   </trkpt>
   <trkpt lat="40.5981600" lon="-3.1049940">
    <ele>896.2</ele>
   </trkpt>
   <trkpt lat="40.5981900" lon="-3.1050370">
    <ele>896.2</ele>
   </trkpt>
   <trkpt lat="40.5982400" lon="-3.1050930">
    <ele>896.2</ele>
   </trkpt>
   <trkpt lat="40.5982930" lon="-3.1051560">
    <ele>896.4</ele>
   </trkpt>
   <trkpt lat="40.5983310" lon="-3.1052040">
    <ele>896.4</ele>
   </trkpt>
   <trkpt lat="40.5983730" lon="-3.1052580">
    <ele>896.4</ele>
   </trkpt>
   <trkpt lat="40.5984150" lon="-3.1053130">
    <ele>896.6</ele>
   </trkpt>
   <trkpt lat="40.5984610" lon="-3.1053700">
    <ele>896.6</ele>
   </trkpt>
   <trkpt lat="40.5985180" lon="-3.1054350">
    <ele>896.8</ele>
   </trkpt>
   <trkpt lat="40.5985640" lon="-3.1054890">
    <ele>896.8</ele>
   </trkpt>
   <trkpt lat="40.5986100" lon="-3.1055470">
    <ele>896.8</ele>
   </trkpt>
   <trkpt lat="40.5986440" lon="-3.1055910">
    <ele>896.8</ele>
   </trkpt>
   <trkpt lat="40.5986900" lon="-3.1056450">
    <ele>896.8</ele>
   </trkpt>
   <trkpt lat="40.5987430" lon="-3.1057150">
    <ele>897.0</ele>
   </trkpt>
   <trkpt lat="40.5987780" lon="-3.1057600">
    <ele>897.0</ele>
   </trkpt>
   <trkpt lat="40.5988230" lon="-3.1058170">
    <ele>897.0</ele>
   </trkpt>
   <trkpt lat="40.5988810" lon="-3.1058800">
    <ele>897.2</ele>
   </trkpt>
   <trkpt lat="40.5989230" lon="-3.1059350">
    <ele>897.2</ele>
   </trkpt>
   <trkpt lat="40.5989690" lon="-3.1059880">
    <ele>897.2</ele>
   </trkpt>
   <trkpt lat="40.5990030" lon="-3.1060300">
    <ele>897.2</ele>
   </trkpt>
   <trkpt lat="40.5990450" lon="-3.1060840">
    <ele>897.2</ele>
   </trkpt>
   <trkpt lat="40.5990980" lon="-3.1061490">
    <ele>897.4</ele>
   </trkpt>
   <trkpt lat="40.5991440" lon="-3.1062050">
    <ele>897.4</ele>
   </trkpt>
   <trkpt lat="40.5991900" lon="-3.1062590">
    <ele>897.4</ele>
   </trkpt>
   <trkpt lat="40.5992240" lon="-3.1063010">
    <ele>897.4</ele>
   </trkpt>
   <trkpt lat="40.5992770" lon="-3.1063660">
    <ele>897.4</ele>
   </trkpt>
   <trkpt lat="40.5993230" lon="-3.1064230">
    <ele>897.4</ele>
   </trkpt>
   <trkpt lat="40.5993580" lon="-3.1064670">
    <ele>897.4</ele>
   </trkpt>
   <trkpt lat="40.5994030" lon="-3.1065250">
    <ele>897.4</ele>
   </trkpt>
   <trkpt lat="40.5994490" lon="-3.1065790">
    <ele>897.6</ele>
   </trkpt>
   <trkpt lat="40.5995060" lon="-3.1066420">
    <ele>897.6</ele>
   </trkpt>
   <trkpt lat="40.5995480" lon="-3.1066950">
    <ele>897.8</ele>
   </trkpt>
   <trkpt lat="40.5995860" lon="-3.1067370">
    <ele>897.8</ele>
   </trkpt>
   <trkpt lat="40.5996320" lon="-3.1067920">
    <ele>897.8</ele>
   </trkpt>
   <trkpt lat="40.5996820" lon="-3.1068470">
    <ele>897.8</ele>
   </trkpt>
   <trkpt lat="40.5997280" lon="-3.1069070">
    <ele>898.0</ele>
   </trkpt>
   <trkpt lat="40.5997730" lon="-3.1069600">
    <ele>898.0</ele>
   </trkpt>
   <trkpt lat="40.5998150" lon="-3.1070120">
    <ele>898.0</ele>
   </trkpt>
   <trkpt lat="40.5998650" lon="-3.1070640">
    <ele>898.0</ele>
   </trkpt>
   <trkpt lat="40.5999110" lon="-3.1071190">
    <ele>898.0</ele>
   </trkpt>
   <trkpt lat="40.5999680" lon="-3.1071820">
    <ele>898.2</ele>
   </trkpt>
   <trkpt lat="40.6000140" lon="-3.1072350">
    <ele>898.2</ele>
   </trkpt>
   <trkpt lat="40.6000630" lon="-3.1072920">
    <ele>898.2</ele>
   </trkpt>
   <trkpt lat="40.6001010" lon="-3.1073320">
    <ele>898.2</ele>
   </trkpt>
   <trkpt lat="40.6001430" lon="-3.1073820">
    <ele>898.4</ele>
   </trkpt>
   <trkpt lat="40.6001970" lon="-3.1074420">
    <ele>898.2</ele>
   </trkpt>
   <trkpt lat="40.6002350" lon="-3.1074840">
    <ele>898.4</ele>
   </trkpt>
   <trkpt lat="40.6002850" lon="-3.1075400">
    <ele>898.4</ele>
   </trkpt>
   <trkpt lat="40.6003380" lon="-3.1076020">
    <ele>898.4</ele>
   </trkpt>
   <trkpt lat="40.6003840" lon="-3.1076540">
    <ele>898.4</ele>
   </trkpt>
   <trkpt lat="40.6004220" lon="-3.1076970">
    <ele>898.4</ele>
   </trkpt>
   <trkpt lat="40.6004710" lon="-3.1077490">
    <ele>898.4</ele>
   </trkpt>
   <trkpt lat="40.6005250" lon="-3.1078110">
    <ele>898.6</ele>
   </trkpt>
   <trkpt lat="40.6005740" lon="-3.1078650">
    <ele>898.6</ele>
   </trkpt>
   <trkpt lat="40.6006130" lon="-3.1079070">
    <ele>898.8</ele>
   </trkpt>
   <trkpt lat="40.6006550" lon="-3.1079590">
    <ele>898.8</ele>
   </trkpt>
   <trkpt lat="40.6007000" lon="-3.1080110">
    <ele>898.8</ele>
   </trkpt>
   <trkpt lat="40.6007460" lon="-3.1080620">
    <ele>898.8</ele>
   </trkpt>
   <trkpt lat="40.6007920" lon="-3.1081150">
    <ele>898.8</ele>
   </trkpt>
   <trkpt lat="40.6008450" lon="-3.1081800">
    <ele>898.8</ele>
   </trkpt>
   <trkpt lat="40.6008830" lon="-3.1082230">
    <ele>899.0</ele>
   </trkpt>
   <trkpt lat="40.6009250" lon="-3.1082740">
    <ele>899.0</ele>
   </trkpt>
   <trkpt lat="40.6009670" lon="-3.1083270">
    <ele>899.0</ele>
   </trkpt>
   <trkpt lat="40.6010210" lon="-3.1083900">
    <ele>899.2</ele>
   </trkpt>
   <trkpt lat="40.6010630" lon="-3.1084400">
    <ele>899.2</ele>
   </trkpt>
   <trkpt lat="40.6011010" lon="-3.1084820">
    <ele>899.2</ele>
   </trkpt>
   <trkpt lat="40.6011430" lon="-3.1085340">
    <ele>899.4</ele>
   </trkpt>
   <trkpt lat="40.6011960" lon="-3.1086000">
    <ele>899.4</ele>
   </trkpt>
   <trkpt lat="40.6012380" lon="-3.1086550">
    <ele>899.4</ele>
   </trkpt>
   <trkpt lat="40.6012690" lon="-3.1086960">
    <ele>899.6</ele>
   </trkpt>
   <trkpt lat="40.6013110" lon="-3.1087490">
    <ele>899.8</ele>
   </trkpt>
   <trkpt lat="40.6013530" lon="-3.1088050">
    <ele>899.8</ele>
   </trkpt>
   <trkpt lat="40.6014020" lon="-3.1088600">
    <ele>899.8</ele>
   </trkpt>
   <trkpt lat="40.6014560" lon="-3.1089280">
    <ele>900.0</ele>
   </trkpt>
   <trkpt lat="40.6014860" lon="-3.1089710">
    <ele>900.0</ele>
   </trkpt>
   <trkpt lat="40.6015170" lon="-3.1090200">
    <ele>900.0</ele>
   </trkpt>
   <trkpt lat="40.6015660" lon="-3.1090870">
    <ele>900.0</ele>
   </trkpt>
   <trkpt lat="40.6016010" lon="-3.1091330">
    <ele>900.0</ele>
   </trkpt>
   <trkpt lat="40.6016430" lon="-3.1091900">
    <ele>900.0</ele>
   </trkpt>
   <trkpt lat="40.6016850" lon="-3.1092480">
    <ele>900.0</ele>
   </trkpt>
   <trkpt lat="40.6017260" lon="-3.1093080">
    <ele>900.2</ele>
   </trkpt>
   <trkpt lat="40.6017650" lon="-3.1093630">
    <ele>900.2</ele>
   </trkpt>
   <trkpt lat="40.6018140" lon="-3.1094350">
    <ele>900.2</ele>
   </trkpt>
   <trkpt lat="40.6018490" lon="-3.1094920">
    <ele>900.4</ele>
   </trkpt>
   <trkpt lat="40.6018830" lon="-3.1095390">
    <ele>900.4</ele>
   </trkpt>
   <trkpt lat="40.6019290" lon="-3.1096070">
    <ele>900.4</ele>
   </trkpt>
   <trkpt lat="40.6019710" lon="-3.1096670">
    <ele>900.4</ele>
   </trkpt>
   <trkpt lat="40.6020010" lon="-3.1097150">
    <ele>900.4</ele>
   </trkpt>
   <trkpt lat="40.6020390" lon="-3.1097750">
    <ele>900.4</ele>
   </trkpt>
   <trkpt lat="40.6020740" lon="-3.1098360">
    <ele>900.6</ele>
   </trkpt>
   <trkpt lat="40.6021120" lon="-3.1098930">
    <ele>900.6</ele>
   </trkpt>
   <trkpt lat="40.6021540" lon="-3.1099650">
    <ele>900.8</ele>
   </trkpt>
   <trkpt lat="40.6021920" lon="-3.1100260">
    <ele>900.8</ele>
   </trkpt>
   <trkpt lat="40.6022220" lon="-3.1100720">
    <ele>900.8</ele>
   </trkpt>
   <trkpt lat="40.6022640" lon="-3.1101380">
    <ele>901.0</ele>
   </trkpt>
   <trkpt lat="40.6022990" lon="-3.1101970">
    <ele>901.0</ele>
   </trkpt>
   <trkpt lat="40.6023290" lon="-3.1102440">
    <ele>901.0</ele>
   </trkpt>
   <trkpt lat="40.6023640" lon="-3.1103000">
    <ele>901.0</ele>
   </trkpt>
   <trkpt lat="40.6023980" lon="-3.1103550">
    <ele>901.2</ele>
   </trkpt>
   <trkpt lat="40.6024360" lon="-3.1104200">
    <ele>901.2</ele>
   </trkpt>
   <trkpt lat="40.6024700" lon="-3.1104740">
    <ele>901.4</ele>
   </trkpt>
   <trkpt lat="40.6025050" lon="-3.1105240">
    <ele>901.6</ele>
   </trkpt>
   <trkpt lat="40.6025310" lon="-3.1105700">
    <ele>901.6</ele>
   </trkpt>
   <trkpt lat="40.6025620" lon="-3.1106170">
    <ele>901.8</ele>
   </trkpt>
   <trkpt lat="40.6025850" lon="-3.1106560">
    <ele>902.0</ele>
   </trkpt>
   <trkpt lat="40.6026190" lon="-3.1107100">
    <ele>902.2</ele>
   </trkpt>
   <trkpt lat="40.6026500" lon="-3.1107540">
    <ele>902.4</ele>
   </trkpt>
   <trkpt lat="40.6026730" lon="-3.1107880">
    <ele>902.6</ele>
   </trkpt>
   <trkpt lat="40.6027070" lon="-3.1108360">
    <ele>902.8</ele>
   </trkpt>
   <trkpt lat="40.6027300" lon="-3.1108650">
    <ele>903.0</ele>
   </trkpt>
   <trkpt lat="40.6027560" lon="-3.1108980">
    <ele>903.2</ele>
   </trkpt>
   <trkpt lat="40.6027790" lon="-3.1109270">
    <ele>903.4</ele>
   </trkpt>
   <trkpt lat="40.6028060" lon="-3.1109630">
    <ele>903.6</ele>
   </trkpt>
   <trkpt lat="40.6028370" lon="-3.1110010">
    <ele>903.8</ele>
   </trkpt>
   <trkpt lat="40.6028710" lon="-3.1110380">
    <ele>903.8</ele>
   </trkpt>
   <trkpt lat="40.6028980" lon="-3.1110700">
    <ele>904.0</ele>
   </trkpt>
   <trkpt lat="40.6029280" lon="-3.1111060">
    <ele>904.2</ele>
   </trkpt>
   <trkpt lat="40.6029620" lon="-3.1111490">
    <ele>904.4</ele>
   </trkpt>
   <trkpt lat="40.6029890" lon="-3.1111860">
    <ele>904.6</ele>
   </trkpt>
   <trkpt lat="40.6030120" lon="-3.1112130">
    <ele>904.8</ele>
   </trkpt>
   <trkpt lat="40.6030430" lon="-3.1112460">
    <ele>905.0</ele>
   </trkpt>
   <trkpt lat="40.6030690" lon="-3.1112780">
    <ele>905.2</ele>
   </trkpt>
   <trkpt lat="40.6031000" lon="-3.1113150">
    <ele>905.4</ele>
   </trkpt>
   <trkpt lat="40.6031300" lon="-3.1113600">
    <ele>905.4</ele>
   </trkpt>
   <trkpt lat="40.6031570" lon="-3.1113880">
    <ele>905.6</ele>
   </trkpt>
   <trkpt lat="40.6031760" lon="-3.1114120">
    <ele>905.8</ele>
   </trkpt>
   <trkpt lat="40.6032070" lon="-3.1114490">
    <ele>906.0</ele>
   </trkpt>
   <trkpt lat="40.6032330" lon="-3.1114770">
    <ele>906.2</ele>
   </trkpt>
   <trkpt lat="40.6032520" lon="-3.1115000">
    <ele>906.2</ele>
   </trkpt>
   <trkpt lat="40.6032710" lon="-3.1115280">
    <ele>906.4</ele>
   </trkpt>
   <trkpt lat="40.6032910" lon="-3.1115540">
    <ele>906.6</ele>
   </trkpt>
   <trkpt lat="40.6033130" lon="-3.1115850">
    <ele>906.6</ele>
   </trkpt>
   <trkpt lat="40.6033440" lon="-3.1116280">
    <ele>906.8</ele>
   </trkpt>
   <trkpt lat="40.6033710" lon="-3.1116640">
    <ele>907.0</ele>
   </trkpt>
   <trkpt lat="40.6033940" lon="-3.1116880">
    <ele>907.0</ele>
   </trkpt>
   <trkpt lat="40.6034280" lon="-3.1117290">
    <ele>907.2</ele>
   </trkpt>
   <trkpt lat="40.6034580" lon="-3.1117660">
    <ele>907.4</ele>
   </trkpt>
   <trkpt lat="40.6034850" lon="-3.1118040">
    <ele>907.4</ele>
   </trkpt>
   <trkpt lat="40.6035120" lon="-3.1118400">
    <ele>907.6</ele>
   </trkpt>
   <trkpt lat="40.6035350" lon="-3.1118730">
    <ele>907.8</ele>
   </trkpt>
   <trkpt lat="40.6035610" lon="-3.1119040">
    <ele>907.8</ele>
   </trkpt>
   <trkpt lat="40.6035880" lon="-3.1119350">
    <ele>908.0</ele>
   </trkpt>
   <trkpt lat="40.6036150" lon="-3.1119700">
    <ele>908.2</ele>
   </trkpt>
   <trkpt lat="40.6036450" lon="-3.1120070">
    <ele>908.4</ele>
   </trkpt>
   <trkpt lat="40.6036760" lon="-3.1120490">
    <ele>908.6</ele>
   </trkpt>
   <trkpt lat="40.6037060" lon="-3.1120840">
    <ele>908.8</ele>
   </trkpt>
   <trkpt lat="40.6037370" lon="-3.1121190">
    <ele>908.8</ele>
   </trkpt>
   <trkpt lat="40.6037670" lon="-3.1121560">
    <ele>909.0</ele>
   </trkpt>
   <trkpt lat="40.6037980" lon="-3.1121920">
    <ele>909.2</ele>
   </trkpt>
   <trkpt lat="40.6038280" lon="-3.1122260">
    <ele>909.4</ele>
   </trkpt>
   <trkpt lat="40.6038590" lon="-3.1122610">
    <ele>909.4</ele>
   </trkpt>
   <trkpt lat="40.6038890" lon="-3.1122890">
    <ele>909.6</ele>
   </trkpt>
   <trkpt lat="40.6039200" lon="-3.1123220">
    <ele>909.8</ele>
   </trkpt>
   <trkpt lat="40.6039390" lon="-3.1123540">
    <ele>910.0</ele>
   </trkpt>
   <trkpt lat="40.6039730" lon="-3.1123990">
    <ele>910.2</ele>
   </trkpt>
   <trkpt lat="40.6040040" lon="-3.1124310">
    <ele>910.2</ele>
   </trkpt>
   <trkpt lat="40.6040310" lon="-3.1124580">
    <ele>910.4</ele>
   </trkpt>
   <trkpt lat="40.6040650" lon="-3.1124920">
    <ele>910.6</ele>
   </trkpt>
   <trkpt lat="40.6041030" lon="-3.1125390">
    <ele>910.8</ele>
   </trkpt>
   <trkpt lat="40.6041300" lon="-3.1125790">
    <ele>910.8</ele>
   </trkpt>
   <trkpt lat="40.6041600" lon="-3.1126170">
    <ele>911.0</ele>
   </trkpt>
   <trkpt lat="40.6041790" lon="-3.1126390">
    <ele>911.2</ele>
   </trkpt>
   <trkpt lat="40.6042140" lon="-3.1126780">
    <ele>911.4</ele>
   </trkpt>
   <trkpt lat="40.6042370" lon="-3.1127060">
    <ele>911.4</ele>
   </trkpt>
   <trkpt lat="40.6042750" lon="-3.1127440">
    <ele>911.6</ele>
   </trkpt>
   <trkpt lat="40.6042940" lon="-3.1127710">
    <ele>911.8</ele>
   </trkpt>
   <trkpt lat="40.6043280" lon="-3.1128110">
    <ele>911.8</ele>
   </trkpt>
   <trkpt lat="40.6043630" lon="-3.1128550">
    <ele>912.0</ele>
   </trkpt>
   <trkpt lat="40.6043890" lon="-3.1128920">
    <ele>912.0</ele>
   </trkpt>
   <trkpt lat="40.6044120" lon="-3.1129240">
    <ele>912.2</ele>
   </trkpt>
   <trkpt lat="40.6044350" lon="-3.1129590">
    <ele>912.4</ele>
   </trkpt>
   <trkpt lat="40.6044580" lon="-3.1129880">
    <ele>912.6</ele>
   </trkpt>
   <trkpt lat="40.6044960" lon="-3.1130320">
    <ele>912.6</ele>
   </trkpt>
   <trkpt lat="40.6045190" lon="-3.1130660">
    <ele>912.8</ele>
   </trkpt>
   <trkpt lat="40.6045420" lon="-3.1130940">
    <ele>913.0</ele>
   </trkpt>
   <trkpt lat="40.6045680" lon="-3.1131270">
    <ele>913.2</ele>
   </trkpt>
   <trkpt lat="40.6045990" lon="-3.1131670">
    <ele>913.4</ele>
   </trkpt>
   <trkpt lat="40.6046220" lon="-3.1131980">
    <ele>913.4</ele>
   </trkpt>
   <trkpt lat="40.6046450" lon="-3.1132310">
    <ele>913.6</ele>
   </trkpt>
   <trkpt lat="40.6046750" lon="-3.1132660">
    <ele>913.8</ele>
   </trkpt>
   <trkpt lat="40.6047020" lon="-3.1132990">
    <ele>914.0</ele>
   </trkpt>
   <trkpt lat="40.6047360" lon="-3.1133320">
    <ele>914.4</ele>
   </trkpt>
   <trkpt lat="40.6047670" lon="-3.1133660">
    <ele>914.6</ele>
   </trkpt>
   <trkpt lat="40.6047900" lon="-3.1133930">
    <ele>914.6</ele>
   </trkpt>
   <trkpt lat="40.6048200" lon="-3.1134240">
    <ele>914.8</ele>
   </trkpt>
   <trkpt lat="40.6048580" lon="-3.1134640">
    <ele>915.0</ele>
   </trkpt>
   <trkpt lat="40.6048890" lon="-3.1135010">
    <ele>915.0</ele>
   </trkpt>
   <trkpt lat="40.6049190" lon="-3.1135370">
    <ele>915.2</ele>
   </trkpt>
   <trkpt lat="40.6049420" lon="-3.1135680">
    <ele>915.2</ele>
   </trkpt>
   <trkpt lat="40.6049770" lon="-3.1136100">
    <ele>915.4</ele>
   </trkpt>
   <trkpt lat="40.6050030" lon="-3.1136470">
    <ele>915.6</ele>
   </trkpt>
   <trkpt lat="40.6050340" lon="-3.1136810">
    <ele>915.8</ele>
   </trkpt>
   <trkpt lat="40.6050610" lon="-3.1137140">
    <ele>916.0</ele>
   </trkpt>
   <trkpt lat="40.6050910" lon="-3.1137490">
    <ele>916.2</ele>
   </trkpt>
   <trkpt lat="40.6051220" lon="-3.1137860">
    <ele>916.4</ele>
   </trkpt>
   <trkpt lat="40.6051480" lon="-3.1138240">
    <ele>916.6</ele>
   </trkpt>
   <trkpt lat="40.6051710" lon="-3.1138610">
    <ele>916.8</ele>
   </trkpt>
   <trkpt lat="40.6051940" lon="-3.1138910">
    <ele>916.8</ele>
   </trkpt>
   <trkpt lat="40.6052280" lon="-3.1139340">
    <ele>917.0</ele>
   </trkpt>
   <trkpt lat="40.6052550" lon="-3.1139720">
    <ele>917.2</ele>
   </trkpt>
   <trkpt lat="40.6052820" lon="-3.1140070">
    <ele>917.4</ele>
   </trkpt>
   <trkpt lat="40.6053080" lon="-3.1140420">
    <ele>917.4</ele>
   </trkpt>
   <trkpt lat="40.6053350" lon="-3.1140790">
    <ele>917.6</ele>
   </trkpt>
   <trkpt lat="40.6053580" lon="-3.1141190">
    <ele>917.8</ele>
   </trkpt>
   <trkpt lat="40.6053810" lon="-3.1141610">
    <ele>918.0</ele>
   </trkpt>
   <trkpt lat="40.6054080" lon="-3.1142040">
    <ele>918.2</ele>
   </trkpt>
   <trkpt lat="40.6054270" lon="-3.1142390">
    <ele>918.4</ele>
   </trkpt>
   <trkpt lat="40.6054530" lon="-3.1142900">
    <ele>918.6</ele>
   </trkpt>
   <trkpt lat="40.6054760" lon="-3.1143360">
    <ele>918.8</ele>
   </trkpt>
   <trkpt lat="40.6054990" lon="-3.1143800">
    <ele>919.0</ele>
   </trkpt>
   <trkpt lat="40.6055180" lon="-3.1144240">
    <ele>919.2</ele>
   </trkpt>
   <trkpt lat="40.6055450" lon="-3.1144700">
    <ele>919.4</ele>
   </trkpt>
   <trkpt lat="40.6055600" lon="-3.1145090">
    <ele>919.4</ele>
   </trkpt>
   <trkpt lat="40.6055870" lon="-3.1145650">
    <ele>919.4</ele>
   </trkpt>
   <trkpt lat="40.6056100" lon="-3.1146140">
    <ele>919.4</ele>
   </trkpt>
   <trkpt lat="40.6056250" lon="-3.1146490">
    <ele>919.6</ele>
   </trkpt>
   <trkpt lat="40.6056480" lon="-3.1147020">
    <ele>919.6</ele>
   </trkpt>
   <trkpt lat="40.6056630" lon="-3.1147500">
    <ele>919.6</ele>
   </trkpt>
   <trkpt lat="40.6056820" lon="-3.1148020">
    <ele>919.4</ele>
   </trkpt>
   <trkpt lat="40.6057010" lon="-3.1148560">
    <ele>919.4</ele>
   </trkpt>
   <trkpt lat="40.6057210" lon="-3.1148990">
    <ele>919.4</ele>
   </trkpt>
   <trkpt lat="40.6057430" lon="-3.1149570">
    <ele>919.2</ele>
   </trkpt>
   <trkpt lat="40.6057660" lon="-3.1150260">
    <ele>919.2</ele>
   </trkpt>
   <trkpt lat="40.6057820" lon="-3.1150850">
    <ele>919.2</ele>
   </trkpt>
   <trkpt lat="40.6057970" lon="-3.1151320">
    <ele>919.0</ele>
   </trkpt>
   <trkpt lat="40.6058200" lon="-3.1151890">
    <ele>919.0</ele>
   </trkpt>
   <trkpt lat="40.6058460" lon="-3.1152530">
    <ele>919.0</ele>
   </trkpt>
   <trkpt lat="40.6058620" lon="-3.1152970">
    <ele>918.8</ele>
   </trkpt>
   <trkpt lat="40.6058810" lon="-3.1153600">
    <ele>918.8</ele>
   </trkpt>
   <trkpt lat="40.6058960" lon="-3.1154040">
    <ele>918.8</ele>
   </trkpt>
   <trkpt lat="40.6059190" lon="-3.1154680">
    <ele>918.6</ele>
   </trkpt>
   <trkpt lat="40.6059380" lon="-3.1155270">
    <ele>918.6</ele>
   </trkpt>
   <trkpt lat="40.6059610" lon="-3.1155870">
    <ele>918.6</ele>
   </trkpt>
   <trkpt lat="40.6059840" lon="-3.1156430">
    <ele>918.6</ele>
   </trkpt>
   <trkpt lat="40.6059990" lon="-3.1156950">
    <ele>918.4</ele>
   </trkpt>
   <trkpt lat="40.6060260" lon="-3.1157670">
    <ele>918.4</ele>
   </trkpt>
   <trkpt lat="40.6060450" lon="-3.1158300">
    <ele>918.4</ele>
   </trkpt>
   <trkpt lat="40.6060680" lon="-3.1158930">
    <ele>918.4</ele>
   </trkpt>
   <trkpt lat="40.6060910" lon="-3.1159600">
    <ele>918.2</ele>
   </trkpt>
   <trkpt lat="40.6061100" lon="-3.1160250">
    <ele>918.2</ele>
   </trkpt>
   <trkpt lat="40.6061290" lon="-3.1160900">
    <ele>918.2</ele>
   </trkpt>
   <trkpt lat="40.6061480" lon="-3.1161400">
    <ele>918.2</ele>
   </trkpt>
   <trkpt lat="40.6061740" lon="-3.1162150">
    <ele>918.2</ele>
   </trkpt>
   <trkpt lat="40.6061940" lon="-3.1162670">
    <ele>918.2</ele>
   </trkpt>
   <trkpt lat="40.6062160" lon="-3.1163430">
    <ele>918.0</ele>
   </trkpt>
   <trkpt lat="40.6062430" lon="-3.1164070">
    <ele>918.2</ele>
   </trkpt>
   <trkpt lat="40.6062580" lon="-3.1164560">
    <ele>918.2</ele>
   </trkpt>
   <trkpt lat="40.6062740" lon="-3.1165150">
    <ele>918.2</ele>
   </trkpt>
   <trkpt lat="40.6062970" lon="-3.1165880">
    <ele>918.2</ele>
   </trkpt>
   <trkpt lat="40.6063190" lon="-3.1166550">
    <ele>918.0</ele>
   </trkpt>
   <trkpt lat="40.6063420" lon="-3.1167230">
    <ele>917.8</ele>
   </trkpt>
   <trkpt lat="40.6063650" lon="-3.1167950">
    <ele>917.6</ele>
   </trkpt>
   <trkpt lat="40.6063840" lon="-3.1168500">
    <ele>917.4</ele>
   </trkpt>
   <trkpt lat="40.6064150" lon="-3.1169390">
    <ele>917.2</ele>
   </trkpt>
   <trkpt lat="40.6064410" lon="-3.1170180">
    <ele>916.8</ele>
   </trkpt>
   <trkpt lat="40.6064680" lon="-3.1170990">
    <ele>916.6</ele>
   </trkpt>
   <trkpt lat="40.6064910" lon="-3.1171670">
    <ele>916.2</ele>
   </trkpt>
   <trkpt lat="40.6065250" lon="-3.1172690">
    <ele>915.8</ele>
   </trkpt>
   <trkpt lat="40.6065600" lon="-3.1173610">
    <ele>915.2</ele>
   </trkpt>
   <trkpt lat="40.6065860" lon="-3.1174560">
    <ele>914.6</ele>
   </trkpt>
   <trkpt lat="40.6066170" lon="-3.1175500">
    <ele>914.0</ele>
   </trkpt>
   <trkpt lat="40.6066440" lon="-3.1176290">
    <ele>913.4</ele>
   </trkpt>
   <trkpt lat="40.6066930" lon="-3.1177480">
    <ele>912.6</ele>
   </trkpt>
   <trkpt lat="40.6067350" lon="-3.1178510">
    <ele>911.8</ele>
   </trkpt>
   <trkpt lat="40.6067700" lon="-3.1179320">
    <ele>911.2</ele>
   </trkpt>
   <trkpt lat="40.6068150" lon="-3.1180340">
    <ele>910.6</ele>
   </trkpt>
   <trkpt lat="40.6068760" lon="-3.1181580">
    <ele>909.8</ele>
   </trkpt>
   <trkpt lat="40.6069300" lon="-3.1182620">
    <ele>909.0</ele>
   </trkpt>
   <trkpt lat="40.6069790" lon="-3.1183460">
    <ele>908.2</ele>
   </trkpt>
   <trkpt lat="40.6070440" lon="-3.1184460">
    <ele>907.4</ele>
   </trkpt>
   <trkpt lat="40.6071170" lon="-3.1185390">
    <ele>906.6</ele>
   </trkpt>
   <trkpt lat="40.6072080" lon="-3.1186490">
    <ele>906.0</ele>
   </trkpt>
   <trkpt lat="40.6072960" lon="-3.1187400">
    <ele>905.2</ele>
   </trkpt>
   <trkpt lat="40.6073910" lon="-3.1188210">
    <ele>904.6</ele>
   </trkpt>
   <trkpt lat="40.6074830" lon="-3.1188930">
    <ele>903.8</ele>
   </trkpt>
   <trkpt lat="40.6075900" lon="-3.1189580">
    <ele>903.2</ele>
   </trkpt>
   <trkpt lat="40.6076930" lon="-3.1190070">
    <ele>902.4</ele>
   </trkpt>
   <trkpt lat="40.6078030" lon="-3.1190460">
    <ele>901.8</ele>
   </trkpt>
   <trkpt lat="40.6079180" lon="-3.1190730">
    <ele>901.2</ele>
   </trkpt>
   <trkpt lat="40.6080360" lon="-3.1190900">
    <ele>900.4</ele>
   </trkpt>
   <trkpt lat="40.6081540" lon="-3.1190970">
    <ele>899.6</ele>
   </trkpt>
   <trkpt lat="40.6082760" lon="-3.1190970">
    <ele>899.0</ele>
   </trkpt>
   <trkpt lat="40.6083950" lon="-3.1190840">
    <ele>898.2</ele>
   </trkpt>
   <trkpt lat="40.6085130" lon="-3.1190590">
    <ele>897.4</ele>
   </trkpt>
   <trkpt lat="40.6086350" lon="-3.1190240">
    <ele>896.4</ele>
   </trkpt>
   <trkpt lat="40.6087530" lon="-3.1189810">
    <ele>895.6</ele>
   </trkpt>
   <trkpt lat="40.6088710" lon="-3.1189350">
    <ele>894.8</ele>
   </trkpt>
   <trkpt lat="40.6089860" lon="-3.1188830">
    <ele>893.8</ele>
   </trkpt>
   <trkpt lat="40.6091040" lon="-3.1188280">
    <ele>893.0</ele>
   </trkpt>
   <trkpt lat="40.6092150" lon="-3.1187680">
    <ele>892.2</ele>
   </trkpt>
   <trkpt lat="40.6093290" lon="-3.1187040">
    <ele>891.4</ele>
   </trkpt>
   <trkpt lat="40.6094400" lon="-3.1186420">
    <ele>890.6</ele>
   </trkpt>
   <trkpt lat="40.6095580" lon="-3.1185750">
    <ele>889.8</ele>
   </trkpt>
   <trkpt lat="40.6096760" lon="-3.1185080">
    <ele>889.2</ele>
   </trkpt>
   <trkpt lat="40.6097950" lon="-3.1184450">
    <ele>888.8</ele>
   </trkpt>
   <trkpt lat="40.6099090" lon="-3.1183850">
    <ele>887.8</ele>
   </trkpt>
   <trkpt lat="40.6100230" lon="-3.1183260">
    <ele>887.0</ele>
   </trkpt>
   <trkpt lat="40.6101420" lon="-3.1182730">
    <ele>886.0</ele>
   </trkpt>
   <trkpt lat="40.6102640" lon="-3.1182220">
    <ele>885.0</ele>
   </trkpt>
   <trkpt lat="40.6103860" lon="-3.1181740">
    <ele>884.2</ele>
   </trkpt>
   <trkpt lat="40.6105080" lon="-3.1181360">
    <ele>883.2</ele>
   </trkpt>
   <trkpt lat="40.6106260" lon="-3.1181100">
    <ele>882.4</ele>
   </trkpt>
   <trkpt lat="40.6107480" lon="-3.1180900">
    <ele>881.6</ele>
   </trkpt>
   <trkpt lat="40.6108740" lon="-3.1180800">
    <ele>880.8</ele>
   </trkpt>
   <trkpt lat="40.6109960" lon="-3.1180820">
    <ele>880.2</ele>
   </trkpt>
   <trkpt lat="40.6111220" lon="-3.1180930">
    <ele>879.4</ele>
   </trkpt>
   <trkpt lat="40.6112440" lon="-3.1181140">
    <ele>878.8</ele>
   </trkpt>
   <trkpt lat="40.6113660" lon="-3.1181440">
    <ele>878.0</ele>
   </trkpt>
   <trkpt lat="40.6114850" lon="-3.1181810">
    <ele>877.2</ele>
   </trkpt>
   <trkpt lat="40.6116030" lon="-3.1182320">
    <ele>876.4</ele>
   </trkpt>
   <trkpt lat="40.6117210" lon="-3.1182900">
    <ele>875.6</ele>
   </trkpt>
   <trkpt lat="40.6118350" lon="-3.1183510">
    <ele>874.8</ele>
   </trkpt>
   <trkpt lat="40.6119460" lon="-3.1184130">
    <ele>874.2</ele>
   </trkpt>
   <trkpt lat="40.6120610" lon="-3.1184820">
    <ele>873.4</ele>
   </trkpt>
   <trkpt lat="40.6121710" lon="-3.1185530">
    <ele>872.6</ele>
   </trkpt>
   <trkpt lat="40.6122860" lon="-3.1186280">
    <ele>871.8</ele>
   </trkpt>
   <trkpt lat="40.6124000" lon="-3.1187000">
    <ele>871.0</ele>
   </trkpt>
   <trkpt lat="40.6125110" lon="-3.1187670">
    <ele>870.2</ele>
   </trkpt>
   <trkpt lat="40.6126290" lon="-3.1188370">
    <ele>869.4</ele>
   </trkpt>
   <trkpt lat="40.6127470" lon="-3.1188960">
    <ele>868.6</ele>
   </trkpt>
   <trkpt lat="40.6128730" lon="-3.1189460">
    <ele>867.8</ele>
   </trkpt>
   <trkpt lat="40.6129950" lon="-3.1189820">
    <ele>867.0</ele>
   </trkpt>
   <trkpt lat="40.6131210" lon="-3.1190080">
    <ele>866.2</ele>
   </trkpt>
   <trkpt lat="40.6132390" lon="-3.1190210">
    <ele>865.4</ele>
   </trkpt>
   <trkpt lat="40.6133650" lon="-3.1190300">
    <ele>864.6</ele>
   </trkpt>
   <trkpt lat="40.6134910" lon="-3.1190380">
    <ele>864.0</ele>
   </trkpt>
   <trkpt lat="40.6136090" lon="-3.1190430">
    <ele>863.2</ele>
   </trkpt>
   <trkpt lat="40.6137390" lon="-3.1190550">
    <ele>862.4</ele>
   </trkpt>
   <trkpt lat="40.6138610" lon="-3.1190760">
    <ele>861.4</ele>
   </trkpt>
   <trkpt lat="40.6139870" lon="-3.1191160">
    <ele>860.4</ele>
   </trkpt>
   <trkpt lat="40.6141050" lon="-3.1191750">
    <ele>859.4</ele>
   </trkpt>
   <trkpt lat="40.6142120" lon="-3.1192570">
    <ele>858.4</ele>
   </trkpt>
   <trkpt lat="40.6143110" lon="-3.1193580">
    <ele>857.4</ele>
   </trkpt>
   <trkpt lat="40.6144030" lon="-3.1194740">
    <ele>856.4</ele>
   </trkpt>
   <trkpt lat="40.6144750" lon="-3.1196110">
    <ele>855.6</ele>
   </trkpt>
   <trkpt lat="40.6145360" lon="-3.1197590">
    <ele>855.0</ele>
   </trkpt>
   <trkpt lat="40.6145780" lon="-3.1199090">
    <ele>854.4</ele>
   </trkpt>
   <trkpt lat="40.6146010" lon="-3.1200650">
    <ele>853.8</ele>
   </trkpt>
   <trkpt lat="40.6146090" lon="-3.1202210">
    <ele>853.2</ele>
   </trkpt>
   <trkpt lat="40.6145970" lon="-3.1203770">
    <ele>852.6</ele>
   </trkpt>
   <trkpt lat="40.6145740" lon="-3.1205280">
    <ele>851.8</ele>
   </trkpt>
   <trkpt lat="40.6145320" lon="-3.1206740">
    <ele>851.2</ele>
   </trkpt>
   <trkpt lat="40.6144870" lon="-3.1208170">
    <ele>850.6</ele>
   </trkpt>
   <trkpt lat="40.6144370" lon="-3.1209600">
    <ele>850.0</ele>
   </trkpt>
   <trkpt lat="40.6143880" lon="-3.1211010">
    <ele>849.2</ele>
   </trkpt>
   <trkpt lat="40.6143380" lon="-3.1212440">
    <ele>848.6</ele>
   </trkpt>
   <trkpt lat="40.6142880" lon="-3.1213850">
    <ele>847.8</ele>
   </trkpt>
   <trkpt lat="40.6142350" lon="-3.1215280">
    <ele>847.0</ele>
   </trkpt>
   <trkpt lat="40.6141890" lon="-3.1216710">
    <ele>846.2</ele>
   </trkpt>
   <trkpt lat="40.6141400" lon="-3.1218120">
    <ele>845.4</ele>
   </trkpt>
   <trkpt lat="40.6140980" lon="-3.1219560">
    <ele>844.4</ele>
   </trkpt>
   <trkpt lat="40.6140520" lon="-3.1220970">
    <ele>843.4</ele>
   </trkpt>
   <trkpt lat="40.6140140" lon="-3.1222390">
    <ele>842.6</ele>
   </trkpt>
   <trkpt lat="40.6139760" lon="-3.1223820">
    <ele>841.6</ele>
   </trkpt>
   <trkpt lat="40.6139370" lon="-3.1225320">
    <ele>841.0</ele>
   </trkpt>
   <trkpt lat="40.6139140" lon="-3.1226820">
    <ele>840.4</ele>
   </trkpt>
   <trkpt lat="40.6139070" lon="-3.1228370">
    <ele>839.6</ele>
   </trkpt>
   <trkpt lat="40.6139140" lon="-3.1229890">
    <ele>838.8</ele>
   </trkpt>
   <trkpt lat="40.6139340" lon="-3.1231440">
    <ele>838.2</ele>
   </trkpt>
   <trkpt lat="40.6139640" lon="-3.1232860">
    <ele>837.8</ele>
   </trkpt>
   <trkpt lat="40.6139980" lon="-3.1234200">
    <ele>837.0</ele>
   </trkpt>
   <trkpt lat="40.6140480" lon="-3.1235540">
    <ele>836.6</ele>
   </trkpt>
   <trkpt lat="40.6140980" lon="-3.1236900">
    <ele>835.8</ele>
   </trkpt>
   <trkpt lat="40.6141550" lon="-3.1238220">
    <ele>835.2</ele>
   </trkpt>
   <trkpt lat="40.6142160" lon="-3.1239560">
    <ele>834.6</ele>
   </trkpt>
   <trkpt lat="40.6142770" lon="-3.1240940">
    <ele>833.8</ele>
   </trkpt>
   <trkpt lat="40.6143380" lon="-3.1242340">
    <ele>833.2</ele>
   </trkpt>
   <trkpt lat="40.6143910" lon="-3.1243780">
    <ele>832.2</ele>
   </trkpt>
   <trkpt lat="40.6144330" lon="-3.1245250">
    <ele>831.6</ele>
   </trkpt>
   <trkpt lat="40.6144680" lon="-3.1246750">
    <ele>830.8</ele>
   </trkpt>
   <trkpt lat="40.6144830" lon="-3.1248290">
    <ele>830.2</ele>
   </trkpt>
   <trkpt lat="40.6144870" lon="-3.1249810">
    <ele>829.4</ele>
   </trkpt>
   <trkpt lat="40.6144710" lon="-3.1251320">
    <ele>828.8</ele>
   </trkpt>
   <trkpt lat="40.6144370" lon="-3.1252780">
    <ele>828.2</ele>
   </trkpt>
   <trkpt lat="40.6143950" lon="-3.1254200">
    <ele>827.4</ele>
   </trkpt>
   <trkpt lat="40.6143420" lon="-3.1255570">
    <ele>826.8</ele>
   </trkpt>
   <trkpt lat="40.6142810" lon="-3.1256890">
    <ele>826.0</ele>
   </trkpt>
   <trkpt lat="40.6142120" lon="-3.1258130">
    <ele>825.2</ele>
   </trkpt>
   <trkpt lat="40.6141470" lon="-3.1259360">
    <ele>824.4</ele>
   </trkpt>
   <trkpt lat="40.6140780" lon="-3.1260560">
    <ele>823.8</ele>
   </trkpt>
   <trkpt lat="40.6140100" lon="-3.1261740">
    <ele>823.2</ele>
   </trkpt>
   <trkpt lat="40.6139450" lon="-3.1263030">
    <ele>822.6</ele>
   </trkpt>
   <trkpt lat="40.6138800" lon="-3.1264360">
    <ele>822.0</ele>
   </trkpt>
   <trkpt lat="40.6138190" lon="-3.1265690">
    <ele>821.2</ele>
   </trkpt>
   <trkpt lat="40.6137620" lon="-3.1267060">
    <ele>820.6</ele>
   </trkpt>
   <trkpt lat="40.6137120" lon="-3.1268430">
    <ele>819.8</ele>
   </trkpt>
   <trkpt lat="40.6136550" lon="-3.1269920">
    <ele>819.0</ele>
   </trkpt>
   <trkpt lat="40.6136090" lon="-3.1271350">
    <ele>818.2</ele>
   </trkpt>
   <trkpt lat="40.6135630" lon="-3.1272760">
    <ele>817.4</ele>
   </trkpt>
   <trkpt lat="40.6135180" lon="-3.1274170">
    <ele>816.8</ele>
   </trkpt>
   <trkpt lat="40.6134680" lon="-3.1275570">
    <ele>816.0</ele>
   </trkpt>
   <trkpt lat="40.6134190" lon="-3.1276970">
    <ele>815.4</ele>
   </trkpt>
   <trkpt lat="40.6133730" lon="-3.1278370">
    <ele>814.8</ele>
   </trkpt>
   <trkpt lat="40.6133230" lon="-3.1279760">
    <ele>814.2</ele>
   </trkpt>
   <trkpt lat="40.6132740" lon="-3.1281150">
    <ele>813.6</ele>
   </trkpt>
   <trkpt lat="40.6132280" lon="-3.1282530">
    <ele>813.0</ele>
   </trkpt>
   <trkpt lat="40.6131820" lon="-3.1283910">
    <ele>812.2</ele>
   </trkpt>
   <trkpt lat="40.6131320" lon="-3.1285280">
    <ele>811.6</ele>
   </trkpt>
   <trkpt lat="40.6130870" lon="-3.1286670">
    <ele>810.8</ele>
   </trkpt>
   <trkpt lat="40.6130410" lon="-3.1288050">
    <ele>810.2</ele>
   </trkpt>
   <trkpt lat="40.6129950" lon="-3.1289420">
    <ele>809.4</ele>
   </trkpt>
   <trkpt lat="40.6129530" lon="-3.1290830">
    <ele>808.8</ele>
   </trkpt>
   <trkpt lat="40.6129150" lon="-3.1292250">
    <ele>808.0</ele>
   </trkpt>
   <trkpt lat="40.6128770" lon="-3.1293680">
    <ele>807.4</ele>
   </trkpt>
   <trkpt lat="40.6128460" lon="-3.1295110">
    <ele>806.8</ele>
   </trkpt>
   <trkpt lat="40.6128200" lon="-3.1296580">
    <ele>806.0</ele>
   </trkpt>
   <trkpt lat="40.6127970" lon="-3.1298030">
    <ele>805.4</ele>
   </trkpt>
   <trkpt lat="40.6127740" lon="-3.1299500">
    <ele>804.8</ele>
   </trkpt>
   <trkpt lat="40.6127510" lon="-3.1300950">
    <ele>804.2</ele>
   </trkpt>
   <trkpt lat="40.6127280" lon="-3.1302380">
    <ele>803.6</ele>
   </trkpt>
   <trkpt lat="40.6127050" lon="-3.1303810">
    <ele>803.0</ele>
   </trkpt>
   <trkpt lat="40.6126820" lon="-3.1305270">
    <ele>802.2</ele>
   </trkpt>
   <trkpt lat="40.6126560" lon="-3.1306710">
    <ele>801.4</ele>
   </trkpt>
   <trkpt lat="40.6126330" lon="-3.1308120">
    <ele>800.8</ele>
   </trkpt>
   <trkpt lat="40.6126100" lon="-3.1309530">
    <ele>800.0</ele>
   </trkpt>
   <trkpt lat="40.6125910" lon="-3.1310950">
    <ele>799.4</ele>
   </trkpt>
   <trkpt lat="40.6125720" lon="-3.1312350">
    <ele>798.8</ele>
   </trkpt>
   <trkpt lat="40.6125490" lon="-3.1313740">
    <ele>798.4</ele>
   </trkpt>
   <trkpt lat="40.6125340" lon="-3.1315150">
    <ele>797.8</ele>
   </trkpt>
   <trkpt lat="40.6125180" lon="-3.1316570">
    <ele>797.2</ele>
   </trkpt>
   <trkpt lat="40.6125140" lon="-3.1317990">
    <ele>796.6</ele>
   </trkpt>
   <trkpt lat="40.6125110" lon="-3.1319440">
    <ele>796.0</ele>
   </trkpt>
   <trkpt lat="40.6125070" lon="-3.1320910">
    <ele>795.6</ele>
   </trkpt>
   <trkpt lat="40.6125070" lon="-3.1322400">
    <ele>795.0</ele>
   </trkpt>
   <trkpt lat="40.6125110" lon="-3.1323910">
    <ele>794.6</ele>
   </trkpt>
   <trkpt lat="40.6125110" lon="-3.1325410">
    <ele>794.0</ele>
   </trkpt>
   <trkpt lat="40.6125110" lon="-3.1326940">
    <ele>793.4</ele>
   </trkpt>
   <trkpt lat="40.6125140" lon="-3.1328460">
    <ele>792.8</ele>
   </trkpt>
   <trkpt lat="40.6125140" lon="-3.1329980">
    <ele>792.2</ele>
   </trkpt>
   <trkpt lat="40.6125180" lon="-3.1331480">
    <ele>791.6</ele>
   </trkpt>
   <trkpt lat="40.6125300" lon="-3.1332970">
    <ele>791.0</ele>
   </trkpt>
   <trkpt lat="40.6125410" lon="-3.1334420">
    <ele>790.4</ele>
   </trkpt>
   <trkpt lat="40.6125600" lon="-3.1335870">
    <ele>789.6</ele>
   </trkpt>
   <trkpt lat="40.6125870" lon="-3.1337310">
    <ele>789.0</ele>
   </trkpt>
   <trkpt lat="40.6126210" lon="-3.1338780">
    <ele>788.4</ele>
   </trkpt>
   <trkpt lat="40.6126630" lon="-3.1340150">
    <ele>787.8</ele>
   </trkpt>
   <trkpt lat="40.6127090" lon="-3.1341560">
    <ele>787.0</ele>
   </trkpt>
   <trkpt lat="40.6127550" lon="-3.1342970">
    <ele>786.4</ele>
   </trkpt>
   <trkpt lat="40.6128040" lon="-3.1344350">
    <ele>785.8</ele>
   </trkpt>
   <trkpt lat="40.6128500" lon="-3.1345730">
    <ele>785.0</ele>
   </trkpt>
   <trkpt lat="40.6128920" lon="-3.1347130">
    <ele>784.4</ele>
   </trkpt>
   <trkpt lat="40.6129340" lon="-3.1348480">
    <ele>783.8</ele>
   </trkpt>
   <trkpt lat="40.6129800" lon="-3.1349810">
    <ele>783.2</ele>
   </trkpt>
   <trkpt lat="40.6130220" lon="-3.1351130">
    <ele>782.6</ele>
   </trkpt>
   <trkpt lat="40.6130710" lon="-3.1352540">
    <ele>782.0</ele>
   </trkpt>
   <trkpt lat="40.6131170" lon="-3.1353870">
    <ele>781.2</ele>
   </trkpt>
   <trkpt lat="40.6131630" lon="-3.1355190">
    <ele>781.0</ele>
   </trkpt>
   <trkpt lat="40.6132090" lon="-3.1356490">
    <ele>780.4</ele>
   </trkpt>
   <trkpt lat="40.6132580" lon="-3.1357790">
    <ele>780.0</ele>
   </trkpt>
   <trkpt lat="40.6133080" lon="-3.1359070">
    <ele>779.4</ele>
   </trkpt>
   <trkpt lat="40.6133580" lon="-3.1360360">
    <ele>778.8</ele>
   </trkpt>
   <trkpt lat="40.6134110" lon="-3.1361600">
    <ele>778.2</ele>
   </trkpt>
   <trkpt lat="40.6134640" lon="-3.1362860">
    <ele>777.4</ele>
   </trkpt>
   <trkpt lat="40.6135180" lon="-3.1364140">
    <ele>776.8</ele>
   </trkpt>
   <trkpt lat="40.6135710" lon="-3.1365400">
    <ele>776.2</ele>
   </trkpt>
   <trkpt lat="40.6136250" lon="-3.1366660">
    <ele>775.6</ele>
   </trkpt>
   <trkpt lat="40.6136780" lon="-3.1367910">
    <ele>775.2</ele>
   </trkpt>
   <trkpt lat="40.6137280" lon="-3.1369170">
    <ele>774.6</ele>
   </trkpt>
   <trkpt lat="40.6137810" lon="-3.1370430">
    <ele>774.0</ele>
   </trkpt>
   <trkpt lat="40.6138380" lon="-3.1371670">
    <ele>773.4</ele>
   </trkpt>
   <trkpt lat="40.6138880" lon="-3.1372920">
    <ele>773.0</ele>
   </trkpt>
   <trkpt lat="40.6139410" lon="-3.1374120">
    <ele>772.6</ele>
   </trkpt>
   <trkpt lat="40.6139910" lon="-3.1375360">
    <ele>772.0</ele>
   </trkpt>
   <trkpt lat="40.6140400" lon="-3.1376570">
    <ele>771.4</ele>
   </trkpt>
   <trkpt lat="40.6140900" lon="-3.1377830">
    <ele>770.8</ele>
   </trkpt>
   <trkpt lat="40.6141430" lon="-3.1379060">
    <ele>770.4</ele>
   </trkpt>
   <trkpt lat="40.6141930" lon="-3.1380200">
    <ele>770.0</ele>
   </trkpt>
   <trkpt lat="40.6142350" lon="-3.1381180">
    <ele>769.8</ele>
   </trkpt>
   <trkpt lat="40.6142810" lon="-3.1381990">
    <ele>769.6</ele>
   </trkpt>
   <trkpt lat="40.6143340" lon="-3.1382570">
    <ele>769.4</ele>
   </trkpt>
   <trkpt lat="40.6143910" lon="-3.1382900">
    <ele>769.4</ele>
   </trkpt>
   <trkpt lat="40.6144560" lon="-3.1382870">
    <ele>769.4</ele>
   </trkpt>
   <trkpt lat="40.6145130" lon="-3.1382490">
    <ele>769.6</ele>
   </trkpt>
   <trkpt lat="40.6145740" lon="-3.1382030">
    <ele>769.6</ele>
   </trkpt>
   <trkpt lat="40.6146430" lon="-3.1381580">
    <ele>769.8</ele>
   </trkpt>
   <trkpt lat="40.6146960" lon="-3.1381080">
    <ele>769.8</ele>
   </trkpt>
   <trkpt lat="40.6147350" lon="-3.1380420">
    <ele>770.0</ele>
   </trkpt>
   <trkpt lat="40.6147650" lon="-3.1379650">
    <ele>770.0</ele>
   </trkpt>
   <trkpt lat="40.6147920" lon="-3.1378890">
    <ele>770.0</ele>
   </trkpt>
   <trkpt lat="40.6148190" lon="-3.1378200">
    <ele>770.0</ele>
   </trkpt>
   <trkpt lat="40.6148530" lon="-3.1377610">
    <ele>770.2</ele>
   </trkpt>
   <trkpt lat="40.6148950" lon="-3.1377180">
    <ele>770.2</ele>
   </trkpt>
   <trkpt lat="40.6149440" lon="-3.1376890">
    <ele>770.2</ele>
   </trkpt>
   <trkpt lat="40.6149940" lon="-3.1376850">
    <ele>770.2</ele>
   </trkpt>
   <trkpt lat="40.6150440" lon="-3.1376980">
    <ele>770.2</ele>
   </trkpt>
   <trkpt lat="40.6150860" lon="-3.1377260">
    <ele>770.4</ele>
   </trkpt>
   <trkpt lat="40.6151240" lon="-3.1377670">
    <ele>770.4</ele>
   </trkpt>
   <trkpt lat="40.6151540" lon="-3.1378140">
    <ele>770.4</ele>
   </trkpt>
   <trkpt lat="40.6151890" lon="-3.1378380">
    <ele>770.4</ele>
   </trkpt>
   <trkpt lat="40.6152270" lon="-3.1378550">
    <ele>770.4</ele>
   </trkpt>
   <trkpt lat="40.6152650" lon="-3.1378730">
    <ele>770.6</ele>
   </trkpt>
   <trkpt lat="40.6152880" lon="-3.1378910">
    <ele>770.6</ele>
   </trkpt>
   <trkpt lat="40.6153030" lon="-3.1379030">
    <ele>770.8</ele>
   </trkpt>
   <trkpt lat="40.6153070" lon="-3.1379100">
    <ele>770.8</ele>
   </trkpt>
   <trkpt lat="40.6153260" lon="-3.1379230">
    <ele>771.0</ele>
   </trkpt>
   <trkpt lat="40.6153370" lon="-3.1379420">
    <ele>771.0</ele>
   </trkpt>
   <trkpt lat="40.6153530" lon="-3.1379710">
    <ele>771.0</ele>
   </trkpt>
   <trkpt lat="40.6153680" lon="-3.1380040">
    <ele>771.0</ele>
   </trkpt>
   <trkpt lat="40.6153830" lon="-3.1380370">
    <ele>771.0</ele>
   </trkpt>
   <trkpt lat="40.6153950" lon="-3.1380710">
    <ele>771.0</ele>
   </trkpt>
   <trkpt lat="40.6153980" lon="-3.1381110">
    <ele>770.8</ele>
   </trkpt>
   <trkpt lat="40.6154060" lon="-3.1381550">
    <ele>770.8</ele>
   </trkpt>
   <trkpt lat="40.6154020" lon="-3.1382040">
    <ele>770.6</ele>
   </trkpt>
   <trkpt lat="40.6153980" lon="-3.1382550">
    <ele>770.4</ele>
   </trkpt>
   <trkpt lat="40.6153950" lon="-3.1383170">
    <ele>770.0</ele>
   </trkpt>
   <trkpt lat="40.6153950" lon="-3.1383830">
    <ele>769.6</ele>
   </trkpt>
   <trkpt lat="40.6153980" lon="-3.1384550">
    <ele>769.2</ele>
   </trkpt>
   <trkpt lat="40.6154060" lon="-3.1385330">
    <ele>768.8</ele>
   </trkpt>
   <trkpt lat="40.6154210" lon="-3.1386110">
    <ele>768.4</ele>
   </trkpt>
   <trkpt lat="40.6154370" lon="-3.1386870">
    <ele>768.0</ele>
   </trkpt>
   <trkpt lat="40.6154590" lon="-3.1387660">
    <ele>767.4</ele>
   </trkpt>
   <trkpt lat="40.6154820" lon="-3.1388450">
    <ele>767.0</ele>
   </trkpt>
   <trkpt lat="40.6155090" lon="-3.1389250">
    <ele>766.4</ele>
   </trkpt>
   <trkpt lat="40.6155320" lon="-3.1390060">
    <ele>766.0</ele>
   </trkpt>
   <trkpt lat="40.6155620" lon="-3.1390910">
    <ele>765.6</ele>
   </trkpt>
   <trkpt lat="40.6155970" lon="-3.1391730">
    <ele>765.2</ele>
   </trkpt>
   <trkpt lat="40.6156310" lon="-3.1392590">
    <ele>765.0</ele>
   </trkpt>
   <trkpt lat="40.6156650" lon="-3.1393450">
    <ele>764.6</ele>
   </trkpt>
   <trkpt lat="40.6156920" lon="-3.1394290">
    <ele>764.4</ele>
   </trkpt>
   <trkpt lat="40.6157230" lon="-3.1395130">
    <ele>764.2</ele>
   </trkpt>
   <trkpt lat="40.6157530" lon="-3.1395900">
    <ele>764.2</ele>
   </trkpt>
   <trkpt lat="40.6157950" lon="-3.1396650">
    <ele>764.0</ele>
   </trkpt>
   <trkpt lat="40.6158330" lon="-3.1397420">
    <ele>763.8</ele>
   </trkpt>
   <trkpt lat="40.6158710" lon="-3.1398230">
    <ele>763.2</ele>
   </trkpt>
   <trkpt lat="40.6159060" lon="-3.1399130">
    <ele>762.8</ele>
   </trkpt>
   <trkpt lat="40.6159250" lon="-3.1400110">
    <ele>762.4</ele>
   </trkpt>
   <trkpt lat="40.6159320" lon="-3.1401100">
    <ele>761.8</ele>
   </trkpt>
   <trkpt lat="40.6159250" lon="-3.1402060">
    <ele>761.4</ele>
   </trkpt>
   <trkpt lat="40.6159130" lon="-3.1402960">
    <ele>761.2</ele>
   </trkpt>
   <trkpt lat="40.6159100" lon="-3.1403800">
    <ele>760.8</ele>
   </trkpt>
   <trkpt lat="40.6159060" lon="-3.1404600">
    <ele>760.6</ele>
   </trkpt>
   <trkpt lat="40.6159130" lon="-3.1405400">
    <ele>760.2</ele>
   </trkpt>
   <trkpt lat="40.6159360" lon="-3.1406100">
    <ele>759.8</ele>
   </trkpt>
   <trkpt lat="40.6159780" lon="-3.1406700">
    <ele>759.6</ele>
   </trkpt>
   <trkpt lat="40.6160280" lon="-3.1407210">
    <ele>759.2</ele>
   </trkpt>
   <trkpt lat="40.6160810" lon="-3.1407660">
    <ele>759.0</ele>
   </trkpt>
   <trkpt lat="40.6161380" lon="-3.1408120">
    <ele>758.8</ele>
   </trkpt>
   <trkpt lat="40.6161960" lon="-3.1408570">
    <ele>758.6</ele>
   </trkpt>
   <trkpt lat="40.6162490" lon="-3.1409040">
    <ele>758.2</ele>
   </trkpt>
   <trkpt lat="40.6163060" lon="-3.1409550">
    <ele>758.0</ele>
   </trkpt>
   <trkpt lat="40.6163640" lon="-3.1410070">
    <ele>757.6</ele>
   </trkpt>
   <trkpt lat="40.6164170" lon="-3.1410640">
    <ele>757.4</ele>
   </trkpt>
   <trkpt lat="40.6164700" lon="-3.1411270">
    <ele>757.0</ele>
   </trkpt>
   <trkpt lat="40.6165270" lon="-3.1412000">
    <ele>756.6</ele>
   </trkpt>
   <trkpt lat="40.6165770" lon="-3.1412820">
    <ele>756.2</ele>
   </trkpt>
   <trkpt lat="40.6166270" lon="-3.1413680">
    <ele>755.6</ele>
   </trkpt>
   <trkpt lat="40.6166800" lon="-3.1414580">
    <ele>755.0</ele>
   </trkpt>
   <trkpt lat="40.6167340" lon="-3.1415480">
    <ele>754.4</ele>
   </trkpt>
   <trkpt lat="40.6167910" lon="-3.1416340">
    <ele>754.0</ele>
   </trkpt>
   <trkpt lat="40.6168440" lon="-3.1417280">
    <ele>753.4</ele>
   </trkpt>
   <trkpt lat="40.6169010" lon="-3.1418200">
    <ele>753.0</ele>
   </trkpt>
   <trkpt lat="40.6169590" lon="-3.1419100">
    <ele>752.6</ele>
   </trkpt>
   <trkpt lat="40.6170200" lon="-3.1419980">
    <ele>752.0</ele>
   </trkpt>
   <trkpt lat="40.6170770" lon="-3.1420850">
    <ele>751.6</ele>
   </trkpt>
   <trkpt lat="40.6171340" lon="-3.1421760">
    <ele>751.2</ele>
   </trkpt>
   <trkpt lat="40.6171870" lon="-3.1422710">
    <ele>750.8</ele>
   </trkpt>
   <trkpt lat="40.6172330" lon="-3.1423470">
    <ele>750.4</ele>
   </trkpt>
   <trkpt lat="40.6173060" lon="-3.1424560">
    <ele>750.2</ele>
   </trkpt>
   <trkpt lat="40.6173630" lon="-3.1425430">
    <ele>749.8</ele>
   </trkpt>
   <trkpt lat="40.6174240" lon="-3.1426220">
    <ele>749.6</ele>
   </trkpt>
   <trkpt lat="40.6174890" lon="-3.1426970">
    <ele>749.4</ele>
   </trkpt>
   <trkpt lat="40.6175540" lon="-3.1427680">
    <ele>749.0</ele>
   </trkpt>
   <trkpt lat="40.6176220" lon="-3.1428370">
    <ele>748.6</ele>
   </trkpt>
   <trkpt lat="40.6176950" lon="-3.1429020">
    <ele>748.4</ele>
   </trkpt>
   <trkpt lat="40.6177710" lon="-3.1429670">
    <ele>748.2</ele>
   </trkpt>
   <trkpt lat="40.6178400" lon="-3.1430320">
    <ele>748.0</ele>
   </trkpt>
   <trkpt lat="40.6179120" lon="-3.1430920">
    <ele>747.6</ele>
   </trkpt>
   <trkpt lat="40.6179850" lon="-3.1431470">
    <ele>747.4</ele>
   </trkpt>
   <trkpt lat="40.6180570" lon="-3.1431990">
    <ele>747.2</ele>
   </trkpt>
   <trkpt lat="40.6181340" lon="-3.1432450">
    <ele>747.0</ele>
   </trkpt>
   <trkpt lat="40.6182100" lon="-3.1432860">
    <ele>746.8</ele>
   </trkpt>
   <trkpt lat="40.6182820" lon="-3.1433180">
    <ele>746.6</ele>
   </trkpt>
   <trkpt lat="40.6183620" lon="-3.1433530">
    <ele>746.4</ele>
   </trkpt>
   <trkpt lat="40.6184350" lon="-3.1433960">
    <ele>746.4</ele>
   </trkpt>
   <trkpt lat="40.6185040" lon="-3.1434420">
    <ele>746.2</ele>
   </trkpt>
   <trkpt lat="40.6185680" lon="-3.1434960">
    <ele>746.2</ele>
   </trkpt>
   <trkpt lat="40.6186290" lon="-3.1435490">
    <ele>746.0</ele>
   </trkpt>
   <trkpt lat="40.6186830" lon="-3.1436050">
    <ele>746.0</ele>
   </trkpt>
   <trkpt lat="40.6187320" lon="-3.1436700">
    <ele>746.0</ele>
   </trkpt>
   <trkpt lat="40.6187780" lon="-3.1437380">
    <ele>745.8</ele>
   </trkpt>
   <trkpt lat="40.6188240" lon="-3.1438090">
    <ele>745.6</ele>
   </trkpt>
   <trkpt lat="40.6188700" lon="-3.1438780">
    <ele>745.4</ele>
   </trkpt>
   <trkpt lat="40.6189190" lon="-3.1439480">
    <ele>745.4</ele>
   </trkpt>
   <trkpt lat="40.6189650" lon="-3.1440110">
    <ele>745.4</ele>
   </trkpt>
   <trkpt lat="40.6190150" lon="-3.1440670">
    <ele>745.2</ele>
   </trkpt>
   <trkpt lat="40.6190680" lon="-3.1441170">
    <ele>745.2</ele>
   </trkpt>
   <trkpt lat="40.6191220" lon="-3.1441590">
    <ele>745.0</ele>
   </trkpt>
   <trkpt lat="40.6191790" lon="-3.1441970">
    <ele>745.0</ele>
   </trkpt>
   <trkpt lat="40.6192320" lon="-3.1442420">
    <ele>744.8</ele>
   </trkpt>
   <trkpt lat="40.6192890" lon="-3.1442920">
    <ele>744.6</ele>
   </trkpt>
   <trkpt lat="40.6193430" lon="-3.1443370">
    <ele>744.6</ele>
   </trkpt>
   <trkpt lat="40.6193920" lon="-3.1443840">
    <ele>744.4</ele>
   </trkpt>
   <trkpt lat="40.6194500" lon="-3.1444400">
    <ele>744.2</ele>
   </trkpt>
   <trkpt lat="40.6195030" lon="-3.1445000">
    <ele>744.2</ele>
   </trkpt>
   <trkpt lat="40.6195560" lon="-3.1445590">
    <ele>743.8</ele>
   </trkpt>
   <trkpt lat="40.6196140" lon="-3.1446150">
    <ele>743.4</ele>
   </trkpt>
   <trkpt lat="40.6196710" lon="-3.1446690">
    <ele>743.0</ele>
   </trkpt>
   <trkpt lat="40.6197320" lon="-3.1447290">
    <ele>742.6</ele>
   </trkpt>
   <trkpt lat="40.6198010" lon="-3.1447880">
    <ele>742.2</ele>
   </trkpt>
   <trkpt lat="40.6198690" lon="-3.1448470">
    <ele>741.4</ele>
   </trkpt>
   <trkpt lat="40.6199340" lon="-3.1449170">
    <ele>740.8</ele>
   </trkpt>
   <trkpt lat="40.6199910" lon="-3.1449960">
    <ele>740.4</ele>
   </trkpt>
   <trkpt lat="40.6200450" lon="-3.1450790">
    <ele>739.8</ele>
   </trkpt>
   <trkpt lat="40.6200980" lon="-3.1451530">
    <ele>739.4</ele>
   </trkpt>
   <trkpt lat="40.6201550" lon="-3.1452220">
    <ele>738.8</ele>
   </trkpt>
   <trkpt lat="40.6202240" lon="-3.1452930">
    <ele>738.2</ele>
   </trkpt>
   <trkpt lat="40.6202930" lon="-3.1453600">
    <ele>737.8</ele>
   </trkpt>
   <trkpt lat="40.6203650" lon="-3.1454210">
    <ele>737.4</ele>
   </trkpt>
   <trkpt lat="40.6204410" lon="-3.1454690">
    <ele>737.2</ele>
   </trkpt>
   <trkpt lat="40.6205180" lon="-3.1455120">
    <ele>736.6</ele>
   </trkpt>
   <trkpt lat="40.6206020" lon="-3.1455520">
    <ele>736.2</ele>
   </trkpt>
   <trkpt lat="40.6206820" lon="-3.1455940">
    <ele>735.8</ele>
   </trkpt>
   <trkpt lat="40.6207540" lon="-3.1456370">
    <ele>735.6</ele>
   </trkpt>
   <trkpt lat="40.6208270" lon="-3.1456820">
    <ele>735.4</ele>
   </trkpt>
   <trkpt lat="40.6208950" lon="-3.1457240">
    <ele>735.2</ele>
   </trkpt>
   <trkpt lat="40.6209720" lon="-3.1457610">
    <ele>735.0</ele>
   </trkpt>
   <trkpt lat="40.6210480" lon="-3.1457890">
    <ele>734.8</ele>
   </trkpt>
   <trkpt lat="40.6211200" lon="-3.1458130">
    <ele>734.6</ele>
   </trkpt>
   <trkpt lat="40.6211970" lon="-3.1458260">
    <ele>734.4</ele>
   </trkpt>
   <trkpt lat="40.6212730" lon="-3.1458280">
    <ele>734.2</ele>
   </trkpt>
   <trkpt lat="40.6213490" lon="-3.1458270">
    <ele>734.0</ele>
   </trkpt>
   <trkpt lat="40.6214260" lon="-3.1458270">
    <ele>733.8</ele>
   </trkpt>
   <trkpt lat="40.6214870" lon="-3.1458270">
    <ele>733.8</ele>
   </trkpt>
   <trkpt lat="40.6215630" lon="-3.1458300">
    <ele>733.6</ele>
   </trkpt>
   <trkpt lat="40.6216470" lon="-3.1458360">
    <ele>733.4</ele>
   </trkpt>
   <trkpt lat="40.6217270" lon="-3.1458420">
    <ele>733.4</ele>
   </trkpt>
   <trkpt lat="40.6217990" lon="-3.1458480">
    <ele>733.2</ele>
   </trkpt>
   <trkpt lat="40.6218760" lon="-3.1458580">
    <ele>733.0</ele>
   </trkpt>
   <trkpt lat="40.6219290" lon="-3.1458750">
    <ele>732.8</ele>
   </trkpt>
   <trkpt lat="40.6220130" lon="-3.1459130">
    <ele>732.6</ele>
   </trkpt>
   <trkpt lat="40.6220820" lon="-3.1459580">
    <ele>732.4</ele>
   </trkpt>
   <trkpt lat="40.6221430" lon="-3.1460120">
    <ele>732.2</ele>
   </trkpt>
   <trkpt lat="40.6222080" lon="-3.1460760">
    <ele>732.0</ele>
   </trkpt>
   <trkpt lat="40.6222650" lon="-3.1461390">
    <ele>732.0</ele>
   </trkpt>
   <trkpt lat="40.6223260" lon="-3.1462090">
    <ele>731.8</ele>
   </trkpt>
   <trkpt lat="40.6223830" lon="-3.1462750">
    <ele>731.6</ele>
   </trkpt>
   <trkpt lat="40.6224360" lon="-3.1463340">
    <ele>731.4</ele>
   </trkpt>
   <trkpt lat="40.6225010" lon="-3.1463940">
    <ele>731.2</ele>
   </trkpt>
   <trkpt lat="40.6225660" lon="-3.1464490">
    <ele>731.0</ele>
   </trkpt>
   <trkpt lat="40.6226270" lon="-3.1464970">
    <ele>730.8</ele>
   </trkpt>
   <trkpt lat="40.6226880" lon="-3.1465440">
    <ele>730.6</ele>
   </trkpt>
   <trkpt lat="40.6227490" lon="-3.1465970">
    <ele>730.6</ele>
   </trkpt>
   <trkpt lat="40.6228030" lon="-3.1466620">
    <ele>730.2</ele>
   </trkpt>
   <trkpt lat="40.6228480" lon="-3.1467450">
    <ele>730.0</ele>
   </trkpt>
   <trkpt lat="40.6228870" lon="-3.1468330">
    <ele>729.6</ele>
   </trkpt>
   <trkpt lat="40.6229170" lon="-3.1469250">
    <ele>729.4</ele>
   </trkpt>
   <trkpt lat="40.6229480" lon="-3.1470130">
    <ele>729.2</ele>
   </trkpt>
   <trkpt lat="40.6229740" lon="-3.1470980">
    <ele>729.0</ele>
   </trkpt>
   <trkpt lat="40.6230050" lon="-3.1471800">
    <ele>728.8</ele>
   </trkpt>
   <trkpt lat="40.6230430" lon="-3.1472600">
    <ele>728.6</ele>
   </trkpt>
   <trkpt lat="40.6230810" lon="-3.1473370">
    <ele>728.2</ele>
   </trkpt>
   <trkpt lat="40.6231230" lon="-3.1474180">
    <ele>727.8</ele>
   </trkpt>
   <trkpt lat="40.6231770" lon="-3.1474980">
    <ele>727.2</ele>
   </trkpt>
   <trkpt lat="40.6232340" lon="-3.1475800">
    <ele>726.6</ele>
   </trkpt>
   <trkpt lat="40.6232870" lon="-3.1476650">
    <ele>726.0</ele>
   </trkpt>
   <trkpt lat="40.6233480" lon="-3.1477550">
    <ele>725.2</ele>
   </trkpt>
   <trkpt lat="40.6234050" lon="-3.1478400">
    <ele>724.8</ele>
   </trkpt>
   <trkpt lat="40.6234660" lon="-3.1479220">
    <ele>724.4</ele>
   </trkpt>
   <trkpt lat="40.6235200" lon="-3.1480000">
    <ele>724.0</ele>
   </trkpt>
   <trkpt lat="40.6235730" lon="-3.1480670">
    <ele>723.6</ele>
   </trkpt>
   <trkpt lat="40.6236460" lon="-3.1481670">
    <ele>723.4</ele>
   </trkpt>
   <trkpt lat="40.6237030" lon="-3.1482470">
    <ele>723.2</ele>
   </trkpt>
   <trkpt lat="40.6237560" lon="-3.1483300">
    <ele>722.8</ele>
   </trkpt>
   <trkpt lat="40.6238060" lon="-3.1484130">
    <ele>722.8</ele>
   </trkpt>
   <trkpt lat="40.6238480" lon="-3.1484960">
    <ele>722.8</ele>
   </trkpt>
   <trkpt lat="40.6238860" lon="-3.1485720">
    <ele>722.8</ele>
   </trkpt>
   <trkpt lat="40.6239320" lon="-3.1486370">
    <ele>722.8</ele>
   </trkpt>
   <trkpt lat="40.6239700" lon="-3.1486810">
    <ele>722.8</ele>
   </trkpt>
   <trkpt lat="40.6240270" lon="-3.1487290">
    <ele>722.8</ele>
   </trkpt>
   <trkpt lat="40.6240810" lon="-3.1487610">
    <ele>722.8</ele>
   </trkpt>
   <trkpt lat="40.6241490" lon="-3.1487860">
    <ele>722.8</ele>
   </trkpt>
   <trkpt lat="40.6242060" lon="-3.1488120">
    <ele>722.6</ele>
   </trkpt>
   <trkpt lat="40.6242750" lon="-3.1488410">
    <ele>722.4</ele>
   </trkpt>
   <trkpt lat="40.6243210" lon="-3.1488630">
    <ele>722.2</ele>
   </trkpt>
   <trkpt lat="40.6243930" lon="-3.1488960">
    <ele>722.0</ele>
   </trkpt>
   <trkpt lat="40.6244580" lon="-3.1489280">
    <ele>721.6</ele>
   </trkpt>
   <trkpt lat="40.6245310" lon="-3.1489610">
    <ele>721.4</ele>
   </trkpt>
   <trkpt lat="40.6245990" lon="-3.1489940">
    <ele>721.0</ele>
   </trkpt>
   <trkpt lat="40.6246720" lon="-3.1490290">
    <ele>720.8</ele>
   </trkpt>
   <trkpt lat="40.6247330" lon="-3.1490530">
    <ele>720.6</ele>
   </trkpt>
   <trkpt lat="40.6248170" lon="-3.1490890">
    <ele>720.4</ele>
   </trkpt>
   <trkpt lat="40.6248890" lon="-3.1491190">
    <ele>720.0</ele>
   </trkpt>
   <trkpt lat="40.6249470" lon="-3.1491440">
    <ele>719.6</ele>
   </trkpt>
   <trkpt lat="40.6250310" lon="-3.1491960">
    <ele>719.2</ele>
   </trkpt>
   <trkpt lat="40.6250920" lon="-3.1492590">
    <ele>718.6</ele>
   </trkpt>
   <trkpt lat="40.6251370" lon="-3.1493300">
    <ele>718.4</ele>
   </trkpt>
   <trkpt lat="40.6251640" lon="-3.1493860">
    <ele>718.2</ele>
   </trkpt>
   <trkpt lat="40.6251870" lon="-3.1494460">
    <ele>718.0</ele>
   </trkpt>
   <trkpt lat="40.6252250" lon="-3.1495020">
    <ele>717.8</ele>
   </trkpt>
   <trkpt lat="40.6252780" lon="-3.1495340">
    <ele>717.6</ele>
   </trkpt>
   <trkpt lat="40.6253320" lon="-3.1495530">
    <ele>717.4</ele>
   </trkpt>
   <trkpt lat="40.6253780" lon="-3.1495660">
    <ele>717.2</ele>
   </trkpt>
   <trkpt lat="40.6254390" lon="-3.1495940">
    <ele>717.0</ele>
   </trkpt>
   <trkpt lat="40.6255110" lon="-3.1496540">
    <ele>717.0</ele>
   </trkpt>
   <trkpt lat="40.6255530" lon="-3.1497270">
    <ele>716.8</ele>
   </trkpt>
   <trkpt lat="40.6255840" lon="-3.1498100">
    <ele>716.8</ele>
   </trkpt>
   <trkpt lat="40.6255950" lon="-3.1499050">
    <ele>716.4</ele>
   </trkpt>
   <trkpt lat="40.6255910" lon="-3.1500030">
    <ele>716.2</ele>
   </trkpt>
   <trkpt lat="40.6255760" lon="-3.1501000">
    <ele>715.6</ele>
   </trkpt>
   <trkpt lat="40.6255650" lon="-3.1501870">
    <ele>715.4</ele>
   </trkpt>
   <trkpt lat="40.6255650" lon="-3.1502590">
    <ele>715.4</ele>
   </trkpt>
   <trkpt lat="40.6255800" lon="-3.1503710">
    <ele>715.0</ele>
   </trkpt>
   <trkpt lat="40.6256070" lon="-3.1504660">
    <ele>714.8</ele>
   </trkpt>
   <trkpt lat="40.6256410" lon="-3.1505640">
    <ele>714.6</ele>
   </trkpt>
   <trkpt lat="40.6256750" lon="-3.1506550">
    <ele>714.4</ele>
   </trkpt>
   <trkpt lat="40.6257060" lon="-3.1507360">
    <ele>714.4</ele>
   </trkpt>
   <trkpt lat="40.6257250" lon="-3.1507970">
    <ele>714.4</ele>
   </trkpt>
   <trkpt lat="40.6257440" lon="-3.1508390">
    <ele>714.6</ele>
   </trkpt>
   <trkpt lat="40.6257510" lon="-3.1508550">
    <ele>714.6</ele>
   </trkpt>
   <trkpt lat="40.6257670" lon="-3.1509030">
    <ele>714.8</ele>
   </trkpt>
   <trkpt lat="40.6257590" lon="-3.1509260">
    <ele>714.8</ele>
   </trkpt>
   <trkpt lat="40.6257400" lon="-3.1509620">
    <ele>714.8</ele>
   </trkpt>
   <trkpt lat="40.6257100" lon="-3.1509880">
    <ele>714.8</ele>
   </trkpt>
   <trkpt lat="40.6256790" lon="-3.1510160">
    <ele>715.0</ele>
   </trkpt>
   <trkpt lat="40.6256490" lon="-3.1510460">
    <ele>715.0</ele>
   </trkpt>
   <trkpt lat="40.6256220" lon="-3.1510730">
    <ele>715.0</ele>
   </trkpt>
   <trkpt lat="40.6255910" lon="-3.1510960">
    <ele>715.0</ele>
   </trkpt>
   <trkpt lat="40.6255490" lon="-3.1511330">
    <ele>715.0</ele>
   </trkpt>
   <trkpt lat="40.6255110" lon="-3.1511630">
    <ele>715.2</ele>
   </trkpt>
   <trkpt lat="40.6254810" lon="-3.1511910">
    <ele>715.2</ele>
   </trkpt>
   <trkpt lat="40.6254350" lon="-3.1512320">
    <ele>715.4</ele>
   </trkpt>
   <trkpt lat="40.6254000" lon="-3.1512680">
    <ele>715.6</ele>
   </trkpt>
   <trkpt lat="40.6253700" lon="-3.1512930">
    <ele>715.8</ele>
   </trkpt>
   <trkpt lat="40.6253390" lon="-3.1513260">
    <ele>715.8</ele>
   </trkpt>
   <trkpt lat="40.6253050" lon="-3.1513540">
    <ele>716.0</ele>
   </trkpt>
   <trkpt lat="40.6252670" lon="-3.1513910">
    <ele>716.2</ele>
   </trkpt>
   <trkpt lat="40.6252360" lon="-3.1514210">
    <ele>716.4</ele>
   </trkpt>
   <trkpt lat="40.6252020" lon="-3.1514530">
    <ele>716.6</ele>
   </trkpt>
   <trkpt lat="40.6251720" lon="-3.1514810">
    <ele>716.8</ele>
   </trkpt>
   <trkpt lat="40.6251410" lon="-3.1515080">
    <ele>717.0</ele>
   </trkpt>
   <trkpt lat="40.6251110" lon="-3.1515360">
    <ele>717.0</ele>
   </trkpt>
   <trkpt lat="40.6250840" lon="-3.1515640">
    <ele>717.2</ele>
   </trkpt>
   <trkpt lat="40.6250650" lon="-3.1515860">
    <ele>717.4</ele>
   </trkpt>
   <trkpt lat="40.6250380" lon="-3.1516110">
    <ele>717.6</ele>
   </trkpt>
   <trkpt lat="40.6250110" lon="-3.1516440">
    <ele>717.8</ele>
   </trkpt>
   <trkpt lat="40.6249960" lon="-3.1516780">
    <ele>718.0</ele>
   </trkpt>
   <trkpt lat="40.6249890" lon="-3.1517060">
    <ele>718.2</ele>
   </trkpt>
   <trkpt lat="40.6249850" lon="-3.1517440">
    <ele>718.2</ele>
   </trkpt>
   <trkpt lat="40.6249770" lon="-3.1517950">
    <ele>718.2</ele>
   </trkpt>
   <trkpt lat="40.6249730" lon="-3.1518390">
    <ele>718.2</ele>
   </trkpt>
   <trkpt lat="40.6249770" lon="-3.1518660">
    <ele>718.2</ele>
   </trkpt>
   <trkpt lat="40.6249810" lon="-3.1518980">
    <ele>718.4</ele>
   </trkpt>
   <trkpt lat="40.6249850" lon="-3.1519050">
    <ele>718.4</ele>
   </trkpt>
   <trkpt lat="40.6249850" lon="-3.1519050">
    <ele>718.4</ele>
   </trkpt>
   <trkpt lat="40.6249850" lon="-3.1519050">
    <ele>718.4</ele>
   </trkpt>
   <trkpt lat="40.6249850" lon="-3.1519050">
    <ele>718.4</ele>
   </trkpt>
   <trkpt lat="40.6249850" lon="-3.1519050">
    <ele>718.4</ele>
   </trkpt>
   <trkpt lat="40.6249850" lon="-3.1519050">
    <ele>718.4</ele>
   </trkpt>
   <trkpt lat="40.6249810" lon="-3.1519150">
    <ele>718.4</ele>
   </trkpt>
   <trkpt lat="40.6249730" lon="-3.1519170">
    <ele>718.4</ele>
   </trkpt>
   <trkpt lat="40.6249660" lon="-3.1519150">
    <ele>718.4</ele>
   </trkpt>
   <trkpt lat="40.6249540" lon="-3.1519150">
    <ele>718.6</ele>
   </trkpt>
   <trkpt lat="40.6249430" lon="-3.1519230">
    <ele>718.6</ele>
   </trkpt>
   <trkpt lat="40.6249310" lon="-3.1519400">
    <ele>718.6</ele>
   </trkpt>
   <trkpt lat="40.6249200" lon="-3.1519610">
    <ele>718.8</ele>
   </trkpt>
   <trkpt lat="40.6249050" lon="-3.1519830">
    <ele>719.0</ele>
   </trkpt>
   <trkpt lat="40.6248860" lon="-3.1520000">
    <ele>719.2</ele>
   </trkpt>
   <trkpt lat="40.6248700" lon="-3.1520200">
    <ele>719.4</ele>
   </trkpt>
   <trkpt lat="40.6248510" lon="-3.1520380">
    <ele>719.6</ele>
   </trkpt>
   <trkpt lat="40.6248280" lon="-3.1520610">
    <ele>719.8</ele>
   </trkpt>
   <trkpt lat="40.6248170" lon="-3.1520780">
    <ele>720.2</ele>
   </trkpt>
   <trkpt lat="40.6248020" lon="-3.1521000">
    <ele>720.4</ele>
   </trkpt>
   <trkpt lat="40.6247900" lon="-3.1521180">
    <ele>720.6</ele>
   </trkpt>
   <trkpt lat="40.6247670" lon="-3.1521400">
    <ele>720.8</ele>
   </trkpt>
   <trkpt lat="40.6247480" lon="-3.1521530">
    <ele>721.0</ele>
   </trkpt>
   <trkpt lat="40.6247250" lon="-3.1521750">
    <ele>721.2</ele>
   </trkpt>
   <trkpt lat="40.6246990" lon="-3.1522000">
    <ele>721.2</ele>
   </trkpt>
   <trkpt lat="40.6246830" lon="-3.1522160">
    <ele>721.4</ele>
   </trkpt>
   <trkpt lat="40.6246600" lon="-3.1522450">
    <ele>721.4</ele>
   </trkpt>
   <trkpt lat="40.6246410" lon="-3.1522750">
    <ele>721.4</ele>
   </trkpt>
   <trkpt lat="40.6246220" lon="-3.1523030">
    <ele>721.4</ele>
   </trkpt>
   <trkpt lat="40.6246030" lon="-3.1523310">
    <ele>721.4</ele>
   </trkpt>
   <trkpt lat="40.6245800" lon="-3.1523690">
    <ele>721.4</ele>
   </trkpt>
   <trkpt lat="40.6245610" lon="-3.1523960">
    <ele>721.4</ele>
   </trkpt>
   <trkpt lat="40.6245310" lon="-3.1524330">
    <ele>721.6</ele>
   </trkpt>
   <trkpt lat="40.6245040" lon="-3.1524690">
    <ele>721.6</ele>
   </trkpt>
   <trkpt lat="40.6244740" lon="-3.1525040">
    <ele>721.6</ele>
   </trkpt>
   <trkpt lat="40.6244470" lon="-3.1525410">
    <ele>721.6</ele>
   </trkpt>
   <trkpt lat="40.6244200" lon="-3.1525780">
    <ele>721.6</ele>
   </trkpt>
   <trkpt lat="40.6243900" lon="-3.1526150">
    <ele>721.6</ele>
   </trkpt>
   <trkpt lat="40.6243630" lon="-3.1526510">
    <ele>721.6</ele>
   </trkpt>
   <trkpt lat="40.6243320" lon="-3.1526960">
    <ele>721.6</ele>
   </trkpt>
   <trkpt lat="40.6243100" lon="-3.1527260">
    <ele>721.4</ele>
   </trkpt>
   <trkpt lat="40.6242830" lon="-3.1527680">
    <ele>721.2</ele>
   </trkpt>
   <trkpt lat="40.6242480" lon="-3.1528190">
    <ele>721.0</ele>
   </trkpt>
   <trkpt lat="40.6242100" lon="-3.1528660">
    <ele>720.8</ele>
   </trkpt>
   <trkpt lat="40.6241760" lon="-3.1529160">
    <ele>720.4</ele>
   </trkpt>
   <trkpt lat="40.6241450" lon="-3.1529580">
    <ele>720.0</ele>
   </trkpt>
   <trkpt lat="40.6241000" lon="-3.1530240">
    <ele>719.6</ele>
   </trkpt>
   <trkpt lat="40.6240580" lon="-3.1530800">
    <ele>719.4</ele>
   </trkpt>
   <trkpt lat="40.6240270" lon="-3.1531260">
    <ele>719.0</ele>
   </trkpt>
   <trkpt lat="40.6239850" lon="-3.1531860">
    <ele>718.6</ele>
   </trkpt>
   <trkpt lat="40.6239400" lon="-3.1532440">
    <ele>718.4</ele>
   </trkpt>
   <trkpt lat="40.6238980" lon="-3.1533030">
    <ele>718.2</ele>
   </trkpt>
   <trkpt lat="40.6238590" lon="-3.1533600">
    <ele>718.2</ele>
   </trkpt>
   <trkpt lat="40.6238250" lon="-3.1534120">
    <ele>718.2</ele>
   </trkpt>
   <trkpt lat="40.6237910" lon="-3.1534600">
    <ele>718.2</ele>
   </trkpt>
   <trkpt lat="40.6237560" lon="-3.1535060">
    <ele>718.2</ele>
   </trkpt>
   <trkpt lat="40.6237180" lon="-3.1535510">
    <ele>718.4</ele>
   </trkpt>
   <trkpt lat="40.6236800" lon="-3.1535950">
    <ele>718.4</ele>
   </trkpt>
   <trkpt lat="40.6236460" lon="-3.1536400">
    <ele>718.6</ele>
   </trkpt>
   <trkpt lat="40.6236230" lon="-3.1536790">
    <ele>718.6</ele>
   </trkpt>
   <trkpt lat="40.6236040" lon="-3.1537130">
    <ele>718.8</ele>
   </trkpt>
   <trkpt lat="40.6235810" lon="-3.1537540">
    <ele>719.0</ele>
   </trkpt>
   <trkpt lat="40.6235620" lon="-3.1537850">
    <ele>719.0</ele>
   </trkpt>
   <trkpt lat="40.6235270" lon="-3.1538250">
    <ele>719.0</ele>
   </trkpt>
   <trkpt lat="40.6234860" lon="-3.1538760">
    <ele>719.2</ele>
   </trkpt>
   <trkpt lat="40.6234440" lon="-3.1539320">
    <ele>719.2</ele>
   </trkpt>
   <trkpt lat="40.6234090" lon="-3.1539820">
    <ele>719.4</ele>
   </trkpt>
   <trkpt lat="40.6233790" lon="-3.1540240">
    <ele>719.4</ele>
   </trkpt>
   <trkpt lat="40.6233480" lon="-3.1540700">
    <ele>719.4</ele>
   </trkpt>
   <trkpt lat="40.6233180" lon="-3.1541100">
    <ele>719.4</ele>
   </trkpt>
   <trkpt lat="40.6232870" lon="-3.1541540">
    <ele>719.6</ele>
   </trkpt>
   <trkpt lat="40.6232680" lon="-3.1541790">
    <ele>719.6</ele>
   </trkpt>
   <trkpt lat="40.6232490" lon="-3.1542050">
    <ele>719.6</ele>
   </trkpt>
   <trkpt lat="40.6232300" lon="-3.1542430">
    <ele>719.8</ele>
   </trkpt>
   <trkpt lat="40.6232190" lon="-3.1542730">
    <ele>719.8</ele>
   </trkpt>
   <trkpt lat="40.6231990" lon="-3.1543170">
    <ele>719.8</ele>
   </trkpt>
   <trkpt lat="40.6231770" lon="-3.1543700">
    <ele>719.6</ele>
   </trkpt>
   <trkpt lat="40.6231540" lon="-3.1544220">
    <ele>719.6</ele>
   </trkpt>
   <trkpt lat="40.6231380" lon="-3.1544820">
    <ele>719.4</ele>
   </trkpt>
   <trkpt lat="40.6231190" lon="-3.1545620">
    <ele>719.4</ele>
   </trkpt>
   <trkpt lat="40.6231000" lon="-3.1546280">
    <ele>719.4</ele>
   </trkpt>
   <trkpt lat="40.6230850" lon="-3.1546780">
    <ele>719.2</ele>
   </trkpt>
   <trkpt lat="40.6230660" lon="-3.1547470">
    <ele>719.2</ele>
   </trkpt>
   <trkpt lat="40.6230510" lon="-3.1547930">
    <ele>719.2</ele>
   </trkpt>
   <trkpt lat="40.6230320" lon="-3.1548400">
    <ele>719.0</ele>
   </trkpt>
   <trkpt lat="40.6230160" lon="-3.1548850">
    <ele>719.0</ele>
   </trkpt>
   <trkpt lat="40.6230050" lon="-3.1549310">
    <ele>719.0</ele>
   </trkpt>
   <trkpt lat="40.6230010" lon="-3.1549880">
    <ele>719.0</ele>
   </trkpt>
   <trkpt lat="40.6229820" lon="-3.1550610">
    <ele>718.8</ele>
   </trkpt>
   <trkpt lat="40.6229710" lon="-3.1551130">
    <ele>718.8</ele>
   </trkpt>
   <trkpt lat="40.6229510" lon="-3.1551700">
    <ele>718.8</ele>
   </trkpt>
   <trkpt lat="40.6229320" lon="-3.1552290">
    <ele>718.6</ele>
   </trkpt>
   <trkpt lat="40.6229210" lon="-3.1552690">
    <ele>718.6</ele>
   </trkpt>
   <trkpt lat="40.6229100" lon="-3.1553180">
    <ele>718.6</ele>
   </trkpt>
   <trkpt lat="40.6229020" lon="-3.1553680">
    <ele>718.4</ele>
   </trkpt>
   <trkpt lat="40.6228870" lon="-3.1554230">
    <ele>718.6</ele>
   </trkpt>
   <trkpt lat="40.6228710" lon="-3.1554680">
    <ele>718.6</ele>
   </trkpt>
   <trkpt lat="40.6228480" lon="-3.1555350">
    <ele>718.4</ele>
   </trkpt>
   <trkpt lat="40.6228260" lon="-3.1555810">
    <ele>718.6</ele>
   </trkpt>
   <trkpt lat="40.6228070" lon="-3.1556290">
    <ele>718.6</ele>
   </trkpt>
   <trkpt lat="40.6227910" lon="-3.1556760">
    <ele>718.6</ele>
   </trkpt>
   <trkpt lat="40.6227680" lon="-3.1557290">
    <ele>718.8</ele>
   </trkpt>
   <trkpt lat="40.6227460" lon="-3.1558010">
    <ele>719.0</ele>
   </trkpt>
   <trkpt lat="40.6227260" lon="-3.1558540">
    <ele>719.0</ele>
   </trkpt>
   <trkpt lat="40.6226960" lon="-3.1559150">
    <ele>719.0</ele>
   </trkpt>
   <trkpt lat="40.6226770" lon="-3.1559950">
    <ele>719.2</ele>
   </trkpt>
   <trkpt lat="40.6226690" lon="-3.1560390">
    <ele>719.2</ele>
   </trkpt>
   <trkpt lat="40.6226840" lon="-3.1561040">
    <ele>719.2</ele>
   </trkpt>
   <trkpt lat="40.6226880" lon="-3.1561660">
    <ele>719.2</ele>
   </trkpt>
   <trkpt lat="40.6226620" lon="-3.1562410">
    <ele>719.2</ele>
   </trkpt>
   <trkpt lat="40.6226430" lon="-3.1562960">
    <ele>719.2</ele>
   </trkpt>
   <trkpt lat="40.6226160" lon="-3.1563570">
    <ele>719.2</ele>
   </trkpt>
   <trkpt lat="40.6225930" lon="-3.1564270">
    <ele>719.2</ele>
   </trkpt>
   <trkpt lat="40.6225810" lon="-3.1564960">
    <ele>719.2</ele>
   </trkpt>
   <trkpt lat="40.6225780" lon="-3.1565310">
    <ele>719.4</ele>
   </trkpt>
   <trkpt lat="40.6225700" lon="-3.1565790">
    <ele>719.4</ele>
   </trkpt>
   <trkpt lat="40.6225700" lon="-3.1566000">
    <ele>719.4</ele>
   </trkpt>
   <trkpt lat="40.6225660" lon="-3.1566470">
    <ele>719.4</ele>
   </trkpt>
   <trkpt lat="40.6225550" lon="-3.1566960">
    <ele>719.2</ele>
   </trkpt>
   <trkpt lat="40.6225430" lon="-3.1567470">
    <ele>719.2</ele>
   </trkpt>
   <trkpt lat="40.6225320" lon="-3.1567960">
    <ele>719.0</ele>
   </trkpt>
   <trkpt lat="40.6225170" lon="-3.1568470">
    <ele>718.8</ele>
   </trkpt>
   <trkpt lat="40.6225090" lon="-3.1568960">
    <ele>718.8</ele>
   </trkpt>
   <trkpt lat="40.6225050" lon="-3.1569470">
    <ele>718.8</ele>
   </trkpt>
   <trkpt lat="40.6225170" lon="-3.1569810">
    <ele>718.6</ele>
   </trkpt>
   <trkpt lat="40.6225280" lon="-3.1570050">
    <ele>718.6</ele>
   </trkpt>
   <trkpt lat="40.6225400" lon="-3.1570330">
    <ele>718.4</ele>
   </trkpt>
   <trkpt lat="40.6225550" lon="-3.1570680">
    <ele>718.4</ele>
   </trkpt>
   <trkpt lat="40.6225550" lon="-3.1570930">
    <ele>718.4</ele>
   </trkpt>
   <trkpt lat="40.6225550" lon="-3.1571240">
    <ele>718.2</ele>
   </trkpt>
   <trkpt lat="40.6225550" lon="-3.1571630">
    <ele>718.2</ele>
   </trkpt>
   <trkpt lat="40.6225550" lon="-3.1572030">
    <ele>718.2</ele>
   </trkpt>
   <trkpt lat="40.6225470" lon="-3.1572360">
    <ele>718.2</ele>
   </trkpt>
   <trkpt lat="40.6225430" lon="-3.1572660">
    <ele>718.2</ele>
   </trkpt>
   <trkpt lat="40.6225430" lon="-3.1572810">
    <ele>718.2</ele>
   </trkpt>
   <trkpt lat="40.6225430" lon="-3.1572980">
    <ele>718.2</ele>
   </trkpt>
   <trkpt lat="40.6225360" lon="-3.1573130">
    <ele>718.2</ele>
   </trkpt>
   <trkpt lat="40.6225320" lon="-3.1573200">
    <ele>718.2</ele>
   </trkpt>
   <trkpt lat="40.6225320" lon="-3.1573330">
    <ele>718.2</ele>
   </trkpt>
   <trkpt lat="40.6225320" lon="-3.1573610">
    <ele>718.2</ele>
   </trkpt>
   <trkpt lat="40.6225320" lon="-3.1573910">
    <ele>718.2</ele>
   </trkpt>
   <trkpt lat="40.6225320" lon="-3.1574190">
    <ele>718.2</ele>
   </trkpt>
   <trkpt lat="40.6225320" lon="-3.1574520">
    <ele>718.2</ele>
   </trkpt>
   <trkpt lat="40.6225360" lon="-3.1574860">
    <ele>718.2</ele>
   </trkpt>
   <trkpt lat="40.6225400" lon="-3.1575100">
    <ele>718.0</ele>
   </trkpt>
   <trkpt lat="40.6225470" lon="-3.1575310">
    <ele>718.0</ele>
   </trkpt>
   <trkpt lat="40.6225590" lon="-3.1575560">
    <ele>718.0</ele>
   </trkpt>
   <trkpt lat="40.6225810" lon="-3.1575860">
    <ele>717.8</ele>
   </trkpt>
   <trkpt lat="40.6226010" lon="-3.1576090">
    <ele>717.8</ele>
   </trkpt>
   <trkpt lat="40.6226270" lon="-3.1576380">
    <ele>717.6</ele>
   </trkpt>
   <trkpt lat="40.6226580" lon="-3.1576680">
    <ele>717.4</ele>
   </trkpt>
   <trkpt lat="40.6226960" lon="-3.1577030">
    <ele>717.4</ele>
   </trkpt>
   <trkpt lat="40.6227230" lon="-3.1577280">
    <ele>717.2</ele>
   </trkpt>
   <trkpt lat="40.6227570" lon="-3.1577560">
    <ele>717.0</ele>
   </trkpt>
   <trkpt lat="40.6228070" lon="-3.1577930">
    <ele>716.6</ele>
   </trkpt>
   <trkpt lat="40.6228560" lon="-3.1578260">
    <ele>716.4</ele>
   </trkpt>
   <trkpt lat="40.6229020" lon="-3.1578560">
    <ele>716.2</ele>
   </trkpt>
   <trkpt lat="40.6229440" lon="-3.1578780">
    <ele>715.8</ele>
   </trkpt>
   <trkpt lat="40.6230010" lon="-3.1579110">
    <ele>715.6</ele>
   </trkpt>
   <trkpt lat="40.6230320" lon="-3.1579360">
    <ele>715.4</ele>
   </trkpt>
   <trkpt lat="40.6230770" lon="-3.1579630">
    <ele>715.2</ele>
   </trkpt>
   <trkpt lat="40.6231270" lon="-3.1579890">
    <ele>715.2</ele>
   </trkpt>
   <trkpt lat="40.6231540" lon="-3.1580050">
    <ele>715.0</ele>
   </trkpt>
   <trkpt lat="40.6231880" lon="-3.1580250">
    <ele>714.8</ele>
   </trkpt>
   <trkpt lat="40.6232070" lon="-3.1580510">
    <ele>714.8</ele>
   </trkpt>
   <trkpt lat="40.6232300" lon="-3.1580830">
    <ele>714.6</ele>
   </trkpt>
   <trkpt lat="40.6232490" lon="-3.1581140">
    <ele>714.6</ele>
   </trkpt>
   <trkpt lat="40.6232640" lon="-3.1581510">
    <ele>714.4</ele>
   </trkpt>
   <trkpt lat="40.6232680" lon="-3.1581910">
    <ele>714.4</ele>
   </trkpt>
   <trkpt lat="40.6232760" lon="-3.1582280">
    <ele>714.4</ele>
   </trkpt>
   <trkpt lat="40.6232830" lon="-3.1582610">
    <ele>714.2</ele>
   </trkpt>
   <trkpt lat="40.6232990" lon="-3.1583060">
    <ele>714.2</ele>
   </trkpt>
  </trkseg>
 </trk>
</gpx>
