<?xml version="1.0" encoding="UTF-8"?>
<gpx creator="StravaGPX" version="1.1" xmlns="http://www.topografix.com/GPX/1/1" xmlns:xsi="http://www.w3.org/2001/XMLSchema-instance" xsi:schemaLocation="http://www.topografix.com/GPX/1/1 http://www.topografix.com/GPX/1/1/gpx.xsd">
 <trk>
  <name>Tourneeé</name>
  <type>cycling</type>
  <trkseg>
   <trkpt lat="40.6232010" lon="-3.1584710">
    <ele>730.3</ele>
   </trkpt>
   <trkpt lat="40.6232140" lon="-3.1583790">
    <ele>730.1</ele>
   </trkpt>
   <trkpt lat="40.6232130" lon="-3.1582960">
    <ele>729.9</ele>
   </trkpt>
   <trkpt lat="40.6231960" lon="-3.1582190">
    <ele>730.1</ele>
   </trkpt>
   <trkpt lat="40.6231580" lon="-3.1581830">
    <ele>730.2</ele>
   </trkpt>
   <trkpt lat="40.6231110" lon="-3.1581500">
    <ele>730.4</ele>
   </trkpt>
   <trkpt lat="40.6230650" lon="-3.1581230">
    <ele>730.6</ele>
   </trkpt>
   <trkpt lat="40.6230330" lon="-3.1580940">
    <ele>730.8</ele>
   </trkpt>
   <trkpt lat="40.6230000" lon="-3.1580660">
    <ele>730.9</ele>
   </trkpt>
   <trkpt lat="40.6229690" lon="-3.1580320">
    <ele>731.1</ele>
   </trkpt>
   <trkpt lat="40.6229370" lon="-3.1580050">
    <ele>731.3</ele>
   </trkpt>
   <trkpt lat="40.6228980" lon="-3.1579780">
    <ele>731.5</ele>
   </trkpt>
   <trkpt lat="40.6228570" lon="-3.1579560">
    <ele>731.7</ele>
   </trkpt>
   <trkpt lat="40.6228140" lon="-3.1579410">
    <ele>731.9</ele>
   </trkpt>
   <trkpt lat="40.6227840" lon="-3.1579120">
    <ele>732.1</ele>
   </trkpt>
   <trkpt lat="40.6227480" lon="-3.1578830">
    <ele>732.2</ele>
   </trkpt>
   <trkpt lat="40.6227140" lon="-3.1578620">
    <ele>732.4</ele>
   </trkpt>
   <trkpt lat="40.6226810" lon="-3.1578460">
    <ele>732.5</ele>
   </trkpt>
   <trkpt lat="40.6226480" lon="-3.1578300">
    <ele>732.6</ele>
   </trkpt>
   <trkpt lat="40.6226160" lon="-3.1578180">
    <ele>732.8</ele>
   </trkpt>
   <trkpt lat="40.6225850" lon="-3.1578030">
    <ele>732.9</ele>
   </trkpt>
   <trkpt lat="40.6225550" lon="-3.1577920">
    <ele>733.0</ele>
   </trkpt>
   <trkpt lat="40.6225210" lon="-3.1577780">
    <ele>733.0</ele>
   </trkpt>
   <trkpt lat="40.6224860" lon="-3.1577670">
    <ele>732.9</ele>
   </trkpt>
   <trkpt lat="40.6224530" lon="-3.1577520">
    <ele>732.9</ele>
   </trkpt>
   <trkpt lat="40.6224180" lon="-3.1577290">
    <ele>732.9</ele>
   </trkpt>
   <trkpt lat="40.6223820" lon="-3.1576930">
    <ele>732.8</ele>
   </trkpt>
   <trkpt lat="40.6223630" lon="-3.1576580">
    <ele>732.9</ele>
   </trkpt>
   <trkpt lat="40.6223500" lon="-3.1576160">
    <ele>732.9</ele>
   </trkpt>
   <trkpt lat="40.6223370" lon="-3.1575690">
    <ele>732.9</ele>
   </trkpt>
   <trkpt lat="40.6223250" lon="-3.1575190">
    <ele>733.0</ele>
   </trkpt>
   <trkpt lat="40.6223150" lon="-3.1574540">
    <ele>733.0</ele>
   </trkpt>
   <trkpt lat="40.6223030" lon="-3.1574120">
    <ele>733.0</ele>
   </trkpt>
   <trkpt lat="40.6222940" lon="-3.1573770">
    <ele>733.1</ele>
   </trkpt>
   <trkpt lat="40.6222860" lon="-3.1573280">
    <ele>733.1</ele>
   </trkpt>
   <trkpt lat="40.6222850" lon="-3.1573110">
    <ele>733.1</ele>
   </trkpt>
   <trkpt lat="40.6222850" lon="-3.1572650">
    <ele>733.1</ele>
   </trkpt>
   <trkpt lat="40.6222850" lon="-3.1572480">
    <ele>733.1</ele>
   </trkpt>
   <trkpt lat="40.6222940" lon="-3.1571950">
    <ele>733.2</ele>
   </trkpt>
   <trkpt lat="40.6223110" lon="-3.1571380">
    <ele>733.3</ele>
   </trkpt>
   <trkpt lat="40.6223260" lon="-3.1570710">
    <ele>733.4</ele>
   </trkpt>
   <trkpt lat="40.6223400" lon="-3.1570100">
    <ele>733.5</ele>
   </trkpt>
   <trkpt lat="40.6223500" lon="-3.1569460">
    <ele>733.6</ele>
   </trkpt>
   <trkpt lat="40.6223600" lon="-3.1568880">
    <ele>733.8</ele>
   </trkpt>
   <trkpt lat="40.6223630" lon="-3.1568290">
    <ele>734.0</ele>
   </trkpt>
   <trkpt lat="40.6223710" lon="-3.1567940">
    <ele>734.1</ele>
   </trkpt>
   <trkpt lat="40.6223840" lon="-3.1567740">
    <ele>734.2</ele>
   </trkpt>
   <trkpt lat="40.6223860" lon="-3.1567690">
    <ele>734.2</ele>
   </trkpt>
   <trkpt lat="40.6223880" lon="-3.1567630">
    <ele>734.2</ele>
   </trkpt>
   <trkpt lat="40.6223890" lon="-3.1567580">
    <ele>734.2</ele>
   </trkpt>
   <trkpt lat="40.6223910" lon="-3.1567530">
    <ele>734.2</ele>
   </trkpt>
   <trkpt lat="40.6223930" lon="-3.1567480">
    <ele>734.2</ele>
   </trkpt>
   <trkpt lat="40.6223950" lon="-3.1567430">
    <ele>734.3</ele>
   </trkpt>
   <trkpt lat="40.6223970" lon="-3.1567370">
    <ele>734.3</ele>
   </trkpt>
   <trkpt lat="40.6223990" lon="-3.1567320">
    <ele>734.3</ele>
   </trkpt>
   <trkpt lat="40.6224010" lon="-3.1567270">
    <ele>734.3</ele>
   </trkpt>
   <trkpt lat="40.6224020" lon="-3.1567220">
    <ele>734.3</ele>
   </trkpt>
   <trkpt lat="40.6224040" lon="-3.1567160">
    <ele>734.3</ele>
   </trkpt>
   <trkpt lat="40.6224060" lon="-3.1567110">
    <ele>734.4</ele>
   </trkpt>
   <trkpt lat="40.6224080" lon="-3.1567060">
    <ele>734.4</ele>
   </trkpt>
   <trkpt lat="40.6224140" lon="-3.1566700">
    <ele>734.5</ele>
   </trkpt>
   <trkpt lat="40.6224280" lon="-3.1566300">
    <ele>734.6</ele>
   </trkpt>
   <trkpt lat="40.6224420" lon="-3.1565910">
    <ele>734.7</ele>
   </trkpt>
   <trkpt lat="40.6224560" lon="-3.1565500">
    <ele>734.7</ele>
   </trkpt>
   <trkpt lat="40.6224720" lon="-3.1565090">
    <ele>734.8</ele>
   </trkpt>
   <trkpt lat="40.6224850" lon="-3.1564650">
    <ele>734.9</ele>
   </trkpt>
   <trkpt lat="40.6225070" lon="-3.1564110">
    <ele>734.9</ele>
   </trkpt>
   <trkpt lat="40.6225250" lon="-3.1563500">
    <ele>734.9</ele>
   </trkpt>
   <trkpt lat="40.6225370" lon="-3.1562930">
    <ele>734.9</ele>
   </trkpt>
   <trkpt lat="40.6225550" lon="-3.1562290">
    <ele>734.9</ele>
   </trkpt>
   <trkpt lat="40.6225700" lon="-3.1561660">
    <ele>734.8</ele>
   </trkpt>
   <trkpt lat="40.6225890" lon="-3.1561090">
    <ele>734.8</ele>
   </trkpt>
   <trkpt lat="40.6226100" lon="-3.1560510">
    <ele>734.7</ele>
   </trkpt>
   <trkpt lat="40.6226300" lon="-3.1559910">
    <ele>734.7</ele>
   </trkpt>
   <trkpt lat="40.6226480" lon="-3.1559280">
    <ele>734.6</ele>
   </trkpt>
   <trkpt lat="40.6226640" lon="-3.1558690">
    <ele>734.6</ele>
   </trkpt>
   <trkpt lat="40.6226800" lon="-3.1558010">
    <ele>734.5</ele>
   </trkpt>
   <trkpt lat="40.6226980" lon="-3.1557390">
    <ele>734.4</ele>
   </trkpt>
   <trkpt lat="40.6227160" lon="-3.1556840">
    <ele>734.3</ele>
   </trkpt>
   <trkpt lat="40.6227310" lon="-3.1556120">
    <ele>734.3</ele>
   </trkpt>
   <trkpt lat="40.6227460" lon="-3.1555430">
    <ele>734.2</ele>
   </trkpt>
   <trkpt lat="40.6227660" lon="-3.1554740">
    <ele>734.2</ele>
   </trkpt>
   <trkpt lat="40.6227890" lon="-3.1554110">
    <ele>734.2</ele>
   </trkpt>
   <trkpt lat="40.6228090" lon="-3.1553510">
    <ele>734.2</ele>
   </trkpt>
   <trkpt lat="40.6228340" lon="-3.1552870">
    <ele>734.2</ele>
   </trkpt>
   <trkpt lat="40.6228570" lon="-3.1552120">
    <ele>734.3</ele>
   </trkpt>
   <trkpt lat="40.6228780" lon="-3.1551440">
    <ele>734.3</ele>
   </trkpt>
   <trkpt lat="40.6228940" lon="-3.1550820">
    <ele>734.3</ele>
   </trkpt>
   <trkpt lat="40.6229070" lon="-3.1550190">
    <ele>734.4</ele>
   </trkpt>
   <trkpt lat="40.6229300" lon="-3.1549550">
    <ele>734.4</ele>
   </trkpt>
   <trkpt lat="40.6229480" lon="-3.1548840">
    <ele>734.5</ele>
   </trkpt>
   <trkpt lat="40.6229620" lon="-3.1548210">
    <ele>734.5</ele>
   </trkpt>
   <trkpt lat="40.6229820" lon="-3.1547590">
    <ele>734.6</ele>
   </trkpt>
   <trkpt lat="40.6230070" lon="-3.1546890">
    <ele>734.7</ele>
   </trkpt>
   <trkpt lat="40.6230300" lon="-3.1546270">
    <ele>734.7</ele>
   </trkpt>
   <trkpt lat="40.6230500" lon="-3.1545630">
    <ele>734.8</ele>
   </trkpt>
   <trkpt lat="40.6230680" lon="-3.1545080">
    <ele>734.8</ele>
   </trkpt>
   <trkpt lat="40.6230860" lon="-3.1544520">
    <ele>734.9</ele>
   </trkpt>
   <trkpt lat="40.6231000" lon="-3.1543920">
    <ele>734.9</ele>
   </trkpt>
   <trkpt lat="40.6231200" lon="-3.1543240">
    <ele>734.9</ele>
   </trkpt>
   <trkpt lat="40.6231320" lon="-3.1542590">
    <ele>734.9</ele>
   </trkpt>
   <trkpt lat="40.6231450" lon="-3.1542100">
    <ele>734.8</ele>
   </trkpt>
   <trkpt lat="40.6231680" lon="-3.1541600">
    <ele>734.8</ele>
   </trkpt>
   <trkpt lat="40.6232060" lon="-3.1541090">
    <ele>734.7</ele>
   </trkpt>
   <trkpt lat="40.6232500" lon="-3.1540520">
    <ele>734.6</ele>
   </trkpt>
   <trkpt lat="40.6232900" lon="-3.1540050">
    <ele>734.5</ele>
   </trkpt>
   <trkpt lat="40.6233290" lon="-3.1539520">
    <ele>734.4</ele>
   </trkpt>
   <trkpt lat="40.6233690" lon="-3.1538980">
    <ele>734.3</ele>
   </trkpt>
   <trkpt lat="40.6234070" lon="-3.1538480">
    <ele>734.2</ele>
   </trkpt>
   <trkpt lat="40.6234430" lon="-3.1537990">
    <ele>734.1</ele>
   </trkpt>
   <trkpt lat="40.6234810" lon="-3.1537400">
    <ele>734.0</ele>
   </trkpt>
   <trkpt lat="40.6235150" lon="-3.1536910">
    <ele>733.9</ele>
   </trkpt>
   <trkpt lat="40.6235500" lon="-3.1536460">
    <ele>733.8</ele>
   </trkpt>
   <trkpt lat="40.6235810" lon="-3.1535950">
    <ele>733.8</ele>
   </trkpt>
   <trkpt lat="40.6236170" lon="-3.1535440">
    <ele>733.7</ele>
   </trkpt>
   <trkpt lat="40.6236540" lon="-3.1534910">
    <ele>733.6</ele>
   </trkpt>
   <trkpt lat="40.6236950" lon="-3.1534270">
    <ele>733.5</ele>
   </trkpt>
   <trkpt lat="40.6237350" lon="-3.1533680">
    <ele>733.4</ele>
   </trkpt>
   <trkpt lat="40.6237640" lon="-3.1533060">
    <ele>733.3</ele>
   </trkpt>
   <trkpt lat="40.6237960" lon="-3.1532420">
    <ele>733.3</ele>
   </trkpt>
   <trkpt lat="40.6238260" lon="-3.1531860">
    <ele>733.3</ele>
   </trkpt>
   <trkpt lat="40.6238600" lon="-3.1531280">
    <ele>733.4</ele>
   </trkpt>
   <trkpt lat="40.6238990" lon="-3.1530710">
    <ele>733.5</ele>
   </trkpt>
   <trkpt lat="40.6239350" lon="-3.1530190">
    <ele>733.7</ele>
   </trkpt>
   <trkpt lat="40.6239660" lon="-3.1529750">
    <ele>733.8</ele>
   </trkpt>
   <trkpt lat="40.6240010" lon="-3.1529210">
    <ele>734.0</ele>
   </trkpt>
   <trkpt lat="40.6240340" lon="-3.1528750">
    <ele>734.2</ele>
   </trkpt>
   <trkpt lat="40.6240670" lon="-3.1528350">
    <ele>734.4</ele>
   </trkpt>
   <trkpt lat="40.6240990" lon="-3.1528010">
    <ele>734.6</ele>
   </trkpt>
   <trkpt lat="40.6241380" lon="-3.1527690">
    <ele>734.7</ele>
   </trkpt>
   <trkpt lat="40.6241670" lon="-3.1527260">
    <ele>734.9</ele>
   </trkpt>
   <trkpt lat="40.6242000" lon="-3.1526820">
    <ele>735.0</ele>
   </trkpt>
   <trkpt lat="40.6242320" lon="-3.1526370">
    <ele>735.1</ele>
   </trkpt>
   <trkpt lat="40.6242640" lon="-3.1526040">
    <ele>735.2</ele>
   </trkpt>
   <trkpt lat="40.6242960" lon="-3.1525660">
    <ele>735.2</ele>
   </trkpt>
   <trkpt lat="40.6243290" lon="-3.1525270">
    <ele>735.3</ele>
   </trkpt>
   <trkpt lat="40.6243630" lon="-3.1524860">
    <ele>735.3</ele>
   </trkpt>
   <trkpt lat="40.6243980" lon="-3.1524470">
    <ele>735.2</ele>
   </trkpt>
   <trkpt lat="40.6244430" lon="-3.1524130">
    <ele>735.2</ele>
   </trkpt>
   <trkpt lat="40.6244790" lon="-3.1523710">
    <ele>735.2</ele>
   </trkpt>
   <trkpt lat="40.6245090" lon="-3.1523260">
    <ele>735.1</ele>
   </trkpt>
   <trkpt lat="40.6245400" lon="-3.1522880">
    <ele>735.1</ele>
   </trkpt>
   <trkpt lat="40.6245800" lon="-3.1522520">
    <ele>735.0</ele>
   </trkpt>
   <trkpt lat="40.6246120" lon="-3.1522050">
    <ele>734.9</ele>
   </trkpt>
   <trkpt lat="40.6246460" lon="-3.1521660">
    <ele>734.8</ele>
   </trkpt>
   <trkpt lat="40.6246770" lon="-3.1521370">
    <ele>734.8</ele>
   </trkpt>
   <trkpt lat="40.6247100" lon="-3.1521060">
    <ele>734.6</ele>
   </trkpt>
   <trkpt lat="40.6247400" lon="-3.1520700">
    <ele>734.3</ele>
   </trkpt>
   <trkpt lat="40.6247730" lon="-3.1520350">
    <ele>734.0</ele>
   </trkpt>
   <trkpt lat="40.6248110" lon="-3.1520000">
    <ele>733.6</ele>
   </trkpt>
   <trkpt lat="40.6248550" lon="-3.1519700">
    <ele>733.2</ele>
   </trkpt>
   <trkpt lat="40.6248920" lon="-3.1519380">
    <ele>732.8</ele>
   </trkpt>
   <trkpt lat="40.6249250" lon="-3.1518990">
    <ele>732.5</ele>
   </trkpt>
   <trkpt lat="40.6249510" lon="-3.1518690">
    <ele>732.3</ele>
   </trkpt>
   <trkpt lat="40.6249690" lon="-3.1518360">
    <ele>732.2</ele>
   </trkpt>
   <trkpt lat="40.6249830" lon="-3.1518050">
    <ele>732.1</ele>
   </trkpt>
   <trkpt lat="40.6249960" lon="-3.1517730">
    <ele>732.0</ele>
   </trkpt>
   <trkpt lat="40.6250140" lon="-3.1517390">
    <ele>731.9</ele>
   </trkpt>
   <trkpt lat="40.6250220" lon="-3.1516980">
    <ele>731.8</ele>
   </trkpt>
   <trkpt lat="40.6250210" lon="-3.1516880">
    <ele>731.7</ele>
   </trkpt>
   <trkpt lat="40.6250080" lon="-3.1516470">
    <ele>731.5</ele>
   </trkpt>
   <trkpt lat="40.6250020" lon="-3.1516290">
    <ele>731.5</ele>
   </trkpt>
   <trkpt lat="40.6250050" lon="-3.1515850">
    <ele>731.3</ele>
   </trkpt>
   <trkpt lat="40.6250070" lon="-3.1515370">
    <ele>731.1</ele>
   </trkpt>
   <trkpt lat="40.6250280" lon="-3.1514860">
    <ele>730.9</ele>
   </trkpt>
   <trkpt lat="40.6250700" lon="-3.1514420">
    <ele>730.6</ele>
   </trkpt>
   <trkpt lat="40.6251250" lon="-3.1513980">
    <ele>730.4</ele>
   </trkpt>
   <trkpt lat="40.6251750" lon="-3.1513520">
    <ele>730.1</ele>
   </trkpt>
   <trkpt lat="40.6252280" lon="-3.1513140">
    <ele>729.9</ele>
   </trkpt>
   <trkpt lat="40.6252740" lon="-3.1512660">
    <ele>729.7</ele>
   </trkpt>
   <trkpt lat="40.6253210" lon="-3.1512230">
    <ele>729.5</ele>
   </trkpt>
   <trkpt lat="40.6253710" lon="-3.1511810">
    <ele>729.3</ele>
   </trkpt>
   <trkpt lat="40.6254290" lon="-3.1511300">
    <ele>729.0</ele>
   </trkpt>
   <trkpt lat="40.6254920" lon="-3.1510750">
    <ele>728.8</ele>
   </trkpt>
   <trkpt lat="40.6255510" lon="-3.1510220">
    <ele>728.6</ele>
   </trkpt>
   <trkpt lat="40.6256090" lon="-3.1509710">
    <ele>728.5</ele>
   </trkpt>
   <trkpt lat="40.6256490" lon="-3.1509260">
    <ele>728.5</ele>
   </trkpt>
   <trkpt lat="40.6256780" lon="-3.1508740">
    <ele>728.7</ele>
   </trkpt>
   <trkpt lat="40.6256870" lon="-3.1508210">
    <ele>728.9</ele>
   </trkpt>
   <trkpt lat="40.6256610" lon="-3.1507580">
    <ele>728.9</ele>
   </trkpt>
   <trkpt lat="40.6256250" lon="-3.1506960">
    <ele>729.0</ele>
   </trkpt>
   <trkpt lat="40.6256030" lon="-3.1506310">
    <ele>729.1</ele>
   </trkpt>
   <trkpt lat="40.6255840" lon="-3.1505560">
    <ele>729.3</ele>
   </trkpt>
   <trkpt lat="40.6255680" lon="-3.1504830">
    <ele>729.5</ele>
   </trkpt>
   <trkpt lat="40.6255460" lon="-3.1504000">
    <ele>729.6</ele>
   </trkpt>
   <trkpt lat="40.6255240" lon="-3.1503380">
    <ele>729.8</ele>
   </trkpt>
   <trkpt lat="40.6254940" lon="-3.1502800">
    <ele>729.9</ele>
   </trkpt>
   <trkpt lat="40.6254670" lon="-3.1502070">
    <ele>730.1</ele>
   </trkpt>
   <trkpt lat="40.6254360" lon="-3.1501550">
    <ele>730.3</ele>
   </trkpt>
   <trkpt lat="40.6254040" lon="-3.1501240">
    <ele>730.4</ele>
   </trkpt>
   <trkpt lat="40.6253700" lon="-3.1501090">
    <ele>730.5</ele>
   </trkpt>
   <trkpt lat="40.6253220" lon="-3.1501070">
    <ele>730.7</ele>
   </trkpt>
   <trkpt lat="40.6252820" lon="-3.1501110">
    <ele>730.8</ele>
   </trkpt>
   <trkpt lat="40.6252450" lon="-3.1501030">
    <ele>730.9</ele>
   </trkpt>
   <trkpt lat="40.6252080" lon="-3.1500900">
    <ele>731.0</ele>
   </trkpt>
   <trkpt lat="40.6251840" lon="-3.1500680">
    <ele>731.1</ele>
   </trkpt>
   <trkpt lat="40.6251500" lon="-3.1500500">
    <ele>731.3</ele>
   </trkpt>
   <trkpt lat="40.6251290" lon="-3.1500210">
    <ele>731.4</ele>
   </trkpt>
   <trkpt lat="40.6251140" lon="-3.1499800">
    <ele>731.5</ele>
   </trkpt>
   <trkpt lat="40.6251000" lon="-3.1499410">
    <ele>731.6</ele>
   </trkpt>
   <trkpt lat="40.6250890" lon="-3.1498990">
    <ele>731.7</ele>
   </trkpt>
   <trkpt lat="40.6250830" lon="-3.1498450">
    <ele>731.8</ele>
   </trkpt>
   <trkpt lat="40.6250870" lon="-3.1497950">
    <ele>731.9</ele>
   </trkpt>
   <trkpt lat="40.6250920" lon="-3.1497370">
    <ele>731.9</ele>
   </trkpt>
   <trkpt lat="40.6251030" lon="-3.1496850">
    <ele>732.0</ele>
   </trkpt>
   <trkpt lat="40.6251160" lon="-3.1496350">
    <ele>732.1</ele>
   </trkpt>
   <trkpt lat="40.6251210" lon="-3.1495780">
    <ele>732.2</ele>
   </trkpt>
   <trkpt lat="40.6251350" lon="-3.1495230">
    <ele>732.3</ele>
   </trkpt>
   <trkpt lat="40.6251520" lon="-3.1494710">
    <ele>732.4</ele>
   </trkpt>
   <trkpt lat="40.6251550" lon="-3.1494130">
    <ele>732.6</ele>
   </trkpt>
   <trkpt lat="40.6251430" lon="-3.1493560">
    <ele>732.7</ele>
   </trkpt>
   <trkpt lat="40.6251240" lon="-3.1493050">
    <ele>732.8</ele>
   </trkpt>
   <trkpt lat="40.6250940" lon="-3.1492640">
    <ele>732.9</ele>
   </trkpt>
   <trkpt lat="40.6250620" lon="-3.1492380">
    <ele>733.1</ele>
   </trkpt>
   <trkpt lat="40.6250330" lon="-3.1492170">
    <ele>733.2</ele>
   </trkpt>
   <trkpt lat="40.6250040" lon="-3.1491920">
    <ele>733.4</ele>
   </trkpt>
   <trkpt lat="40.6249750" lon="-3.1491670">
    <ele>733.5</ele>
   </trkpt>
   <trkpt lat="40.6249450" lon="-3.1491480">
    <ele>733.7</ele>
   </trkpt>
   <trkpt lat="40.6249190" lon="-3.1491310">
    <ele>733.8</ele>
   </trkpt>
   <trkpt lat="40.6248890" lon="-3.1491210">
    <ele>734.0</ele>
   </trkpt>
   <trkpt lat="40.6248610" lon="-3.1491090">
    <ele>734.1</ele>
   </trkpt>
   <trkpt lat="40.6248300" lon="-3.1491020">
    <ele>734.2</ele>
   </trkpt>
   <trkpt lat="40.6248010" lon="-3.1490870">
    <ele>734.4</ele>
   </trkpt>
   <trkpt lat="40.6247690" lon="-3.1490720">
    <ele>734.6</ele>
   </trkpt>
   <trkpt lat="40.6247380" lon="-3.1490590">
    <ele>734.7</ele>
   </trkpt>
   <trkpt lat="40.6247080" lon="-3.1490480">
    <ele>734.9</ele>
   </trkpt>
   <trkpt lat="40.6246810" lon="-3.1490290">
    <ele>735.0</ele>
   </trkpt>
   <trkpt lat="40.6246490" lon="-3.1490110">
    <ele>735.2</ele>
   </trkpt>
   <trkpt lat="40.6246190" lon="-3.1489930">
    <ele>735.3</ele>
   </trkpt>
   <trkpt lat="40.6245860" lon="-3.1489770">
    <ele>735.5</ele>
   </trkpt>
   <trkpt lat="40.6245530" lon="-3.1489560">
    <ele>735.6</ele>
   </trkpt>
   <trkpt lat="40.6245190" lon="-3.1489300">
    <ele>735.8</ele>
   </trkpt>
   <trkpt lat="40.6244880" lon="-3.1489160">
    <ele>736.0</ele>
   </trkpt>
   <trkpt lat="40.6244590" lon="-3.1488970">
    <ele>736.1</ele>
   </trkpt>
   <trkpt lat="40.6244290" lon="-3.1488850">
    <ele>736.3</ele>
   </trkpt>
   <trkpt lat="40.6243950" lon="-3.1488740">
    <ele>736.4</ele>
   </trkpt>
   <trkpt lat="40.6243640" lon="-3.1488570">
    <ele>736.5</ele>
   </trkpt>
   <trkpt lat="40.6243330" lon="-3.1488410">
    <ele>736.7</ele>
   </trkpt>
   <trkpt lat="40.6243040" lon="-3.1488270">
    <ele>736.8</ele>
   </trkpt>
   <trkpt lat="40.6242720" lon="-3.1488160">
    <ele>736.9</ele>
   </trkpt>
   <trkpt lat="40.6242450" lon="-3.1488020">
    <ele>737.0</ele>
   </trkpt>
   <trkpt lat="40.6242140" lon="-3.1487800">
    <ele>737.1</ele>
   </trkpt>
   <trkpt lat="40.6241820" lon="-3.1487630">
    <ele>737.3</ele>
   </trkpt>
   <trkpt lat="40.6241500" lon="-3.1487460">
    <ele>737.4</ele>
   </trkpt>
   <trkpt lat="40.6241240" lon="-3.1487300">
    <ele>737.4</ele>
   </trkpt>
   <trkpt lat="40.6240950" lon="-3.1487110">
    <ele>737.5</ele>
   </trkpt>
   <trkpt lat="40.6240660" lon="-3.1486950">
    <ele>737.6</ele>
   </trkpt>
   <trkpt lat="40.6240330" lon="-3.1486770">
    <ele>737.7</ele>
   </trkpt>
   <trkpt lat="40.6240010" lon="-3.1486620">
    <ele>737.8</ele>
   </trkpt>
   <trkpt lat="40.6239750" lon="-3.1486390">
    <ele>737.9</ele>
   </trkpt>
   <trkpt lat="40.6239520" lon="-3.1486040">
    <ele>737.9</ele>
   </trkpt>
   <trkpt lat="40.6239330" lon="-3.1485620">
    <ele>738.0</ele>
   </trkpt>
   <trkpt lat="40.6239130" lon="-3.1485240">
    <ele>738.0</ele>
   </trkpt>
   <trkpt lat="40.6238920" lon="-3.1484860">
    <ele>738.1</ele>
   </trkpt>
   <trkpt lat="40.6238700" lon="-3.1484550">
    <ele>738.1</ele>
   </trkpt>
   <trkpt lat="40.6238460" lon="-3.1484270">
    <ele>738.2</ele>
   </trkpt>
   <trkpt lat="40.6238230" lon="-3.1484030">
    <ele>738.2</ele>
   </trkpt>
   <trkpt lat="40.6238000" lon="-3.1483660">
    <ele>738.3</ele>
   </trkpt>
   <trkpt lat="40.6237790" lon="-3.1483340">
    <ele>738.4</ele>
   </trkpt>
   <trkpt lat="40.6237540" lon="-3.1483000">
    <ele>738.4</ele>
   </trkpt>
   <trkpt lat="40.6237280" lon="-3.1482650">
    <ele>738.5</ele>
   </trkpt>
   <trkpt lat="40.6237010" lon="-3.1482350">
    <ele>738.6</ele>
   </trkpt>
   <trkpt lat="40.6236770" lon="-3.1482040">
    <ele>738.6</ele>
   </trkpt>
   <trkpt lat="40.6236540" lon="-3.1481760">
    <ele>738.7</ele>
   </trkpt>
   <trkpt lat="40.6236340" lon="-3.1481400">
    <ele>738.8</ele>
   </trkpt>
   <trkpt lat="40.6236090" lon="-3.1481000">
    <ele>738.9</ele>
   </trkpt>
   <trkpt lat="40.6235850" lon="-3.1480610">
    <ele>739.0</ele>
   </trkpt>
   <trkpt lat="40.6235620" lon="-3.1480140">
    <ele>739.1</ele>
   </trkpt>
   <trkpt lat="40.6235410" lon="-3.1479730">
    <ele>739.2</ele>
   </trkpt>
   <trkpt lat="40.6235190" lon="-3.1479410">
    <ele>739.3</ele>
   </trkpt>
   <trkpt lat="40.6234930" lon="-3.1479090">
    <ele>739.4</ele>
   </trkpt>
   <trkpt lat="40.6234680" lon="-3.1478780">
    <ele>739.5</ele>
   </trkpt>
   <trkpt lat="40.6234430" lon="-3.1478520">
    <ele>739.7</ele>
   </trkpt>
   <trkpt lat="40.6234210" lon="-3.1478220">
    <ele>739.8</ele>
   </trkpt>
   <trkpt lat="40.6233950" lon="-3.1477890">
    <ele>739.9</ele>
   </trkpt>
   <trkpt lat="40.6233730" lon="-3.1477570">
    <ele>740.1</ele>
   </trkpt>
   <trkpt lat="40.6233490" lon="-3.1477230">
    <ele>740.2</ele>
   </trkpt>
   <trkpt lat="40.6233270" lon="-3.1476880">
    <ele>740.4</ele>
   </trkpt>
   <trkpt lat="40.6233010" lon="-3.1476510">
    <ele>740.6</ele>
   </trkpt>
   <trkpt lat="40.6232720" lon="-3.1476240">
    <ele>740.8</ele>
   </trkpt>
   <trkpt lat="40.6232560" lon="-3.1475930">
    <ele>740.9</ele>
   </trkpt>
   <trkpt lat="40.6232310" lon="-3.1475550">
    <ele>741.1</ele>
   </trkpt>
   <trkpt lat="40.6232220" lon="-3.1475430">
    <ele>741.2</ele>
   </trkpt>
   <trkpt lat="40.6232070" lon="-3.1475070">
    <ele>741.4</ele>
   </trkpt>
   <trkpt lat="40.6232020" lon="-3.1474930">
    <ele>741.5</ele>
   </trkpt>
   <trkpt lat="40.6231810" lon="-3.1474590">
    <ele>741.7</ele>
   </trkpt>
   <trkpt lat="40.6231730" lon="-3.1474470">
    <ele>741.8</ele>
   </trkpt>
   <trkpt lat="40.6231440" lon="-3.1474150">
    <ele>742.1</ele>
   </trkpt>
   <trkpt lat="40.6231340" lon="-3.1474050">
    <ele>742.2</ele>
   </trkpt>
   <trkpt lat="40.6231040" lon="-3.1473750">
    <ele>742.4</ele>
   </trkpt>
   <trkpt lat="40.6230940" lon="-3.1473650">
    <ele>742.5</ele>
   </trkpt>
   <trkpt lat="40.6230650" lon="-3.1473320">
    <ele>742.8</ele>
   </trkpt>
   <trkpt lat="40.6230570" lon="-3.1473200">
    <ele>742.8</ele>
   </trkpt>
   <trkpt lat="40.6230340" lon="-3.1472810">
    <ele>743.1</ele>
   </trkpt>
   <trkpt lat="40.6230250" lon="-3.1472670">
    <ele>743.2</ele>
   </trkpt>
   <trkpt lat="40.6229970" lon="-3.1472310">
    <ele>743.4</ele>
   </trkpt>
   <trkpt lat="40.6229880" lon="-3.1472190">
    <ele>743.5</ele>
   </trkpt>
   <trkpt lat="40.6229730" lon="-3.1471780">
    <ele>743.7</ele>
   </trkpt>
   <trkpt lat="40.6229670" lon="-3.1471640">
    <ele>743.7</ele>
   </trkpt>
   <trkpt lat="40.6229620" lon="-3.1471240">
    <ele>743.9</ele>
   </trkpt>
   <trkpt lat="40.6229570" lon="-3.1471110">
    <ele>744.0</ele>
   </trkpt>
   <trkpt lat="40.6229440" lon="-3.1470680">
    <ele>744.1</ele>
   </trkpt>
   <trkpt lat="40.6229420" lon="-3.1470530">
    <ele>744.2</ele>
   </trkpt>
   <trkpt lat="40.6229380" lon="-3.1470120">
    <ele>744.3</ele>
   </trkpt>
   <trkpt lat="40.6229280" lon="-3.1469760">
    <ele>744.4</ele>
   </trkpt>
   <trkpt lat="40.6229180" lon="-3.1469380">
    <ele>744.6</ele>
   </trkpt>
   <trkpt lat="40.6229050" lon="-3.1469030">
    <ele>744.7</ele>
   </trkpt>
   <trkpt lat="40.6228940" lon="-3.1468710">
    <ele>744.8</ele>
   </trkpt>
   <trkpt lat="40.6228770" lon="-3.1468330">
    <ele>744.9</ele>
   </trkpt>
   <trkpt lat="40.6228630" lon="-3.1467900">
    <ele>745.0</ele>
   </trkpt>
   <trkpt lat="40.6228550" lon="-3.1467520">
    <ele>745.1</ele>
   </trkpt>
   <trkpt lat="40.6228450" lon="-3.1467150">
    <ele>745.2</ele>
   </trkpt>
   <trkpt lat="40.6228240" lon="-3.1466740">
    <ele>745.4</ele>
   </trkpt>
   <trkpt lat="40.6228170" lon="-3.1466620">
    <ele>745.4</ele>
   </trkpt>
   <trkpt lat="40.6228020" lon="-3.1466300">
    <ele>745.5</ele>
   </trkpt>
   <trkpt lat="40.6227740" lon="-3.1465960">
    <ele>745.6</ele>
   </trkpt>
   <trkpt lat="40.6227620" lon="-3.1465850">
    <ele>745.6</ele>
   </trkpt>
   <trkpt lat="40.6227350" lon="-3.1465600">
    <ele>745.7</ele>
   </trkpt>
   <trkpt lat="40.6227060" lon="-3.1465370">
    <ele>745.8</ele>
   </trkpt>
   <trkpt lat="40.6226800" lon="-3.1465150">
    <ele>745.9</ele>
   </trkpt>
   <trkpt lat="40.6226510" lon="-3.1464920">
    <ele>746.0</ele>
   </trkpt>
   <trkpt lat="40.6226240" lon="-3.1464620">
    <ele>746.1</ele>
   </trkpt>
   <trkpt lat="40.6226000" lon="-3.1464420">
    <ele>746.2</ele>
   </trkpt>
   <trkpt lat="40.6225720" lon="-3.1464300">
    <ele>746.3</ele>
   </trkpt>
   <trkpt lat="40.6225500" lon="-3.1464100">
    <ele>746.3</ele>
   </trkpt>
   <trkpt lat="40.6225260" lon="-3.1463800">
    <ele>746.4</ele>
   </trkpt>
   <trkpt lat="40.6225020" lon="-3.1463520">
    <ele>746.5</ele>
   </trkpt>
   <trkpt lat="40.6224760" lon="-3.1463230">
    <ele>746.6</ele>
   </trkpt>
   <trkpt lat="40.6224490" lon="-3.1462940">
    <ele>746.7</ele>
   </trkpt>
   <trkpt lat="40.6224250" lon="-3.1462660">
    <ele>746.8</ele>
   </trkpt>
   <trkpt lat="40.6224010" lon="-3.1462370">
    <ele>746.8</ele>
   </trkpt>
   <trkpt lat="40.6223750" lon="-3.1462090">
    <ele>746.9</ele>
   </trkpt>
   <trkpt lat="40.6223500" lon="-3.1461760">
    <ele>747.0</ele>
   </trkpt>
   <trkpt lat="40.6223240" lon="-3.1461470">
    <ele>747.1</ele>
   </trkpt>
   <trkpt lat="40.6223010" lon="-3.1461210">
    <ele>747.1</ele>
   </trkpt>
   <trkpt lat="40.6222740" lon="-3.1460970">
    <ele>747.2</ele>
   </trkpt>
   <trkpt lat="40.6222460" lon="-3.1460740">
    <ele>747.3</ele>
   </trkpt>
   <trkpt lat="40.6222170" lon="-3.1460560">
    <ele>747.4</ele>
   </trkpt>
   <trkpt lat="40.6221910" lon="-3.1460290">
    <ele>747.4</ele>
   </trkpt>
   <trkpt lat="40.6221650" lon="-3.1460000">
    <ele>747.5</ele>
   </trkpt>
   <trkpt lat="40.6221380" lon="-3.1459750">
    <ele>747.6</ele>
   </trkpt>
   <trkpt lat="40.6221120" lon="-3.1459540">
    <ele>747.7</ele>
   </trkpt>
   <trkpt lat="40.6220840" lon="-3.1459280">
    <ele>747.7</ele>
   </trkpt>
   <trkpt lat="40.6220500" lon="-3.1459020">
    <ele>747.8</ele>
   </trkpt>
   <trkpt lat="40.6220220" lon="-3.1458710">
    <ele>747.9</ele>
   </trkpt>
   <trkpt lat="40.6219900" lon="-3.1458510">
    <ele>748.0</ele>
   </trkpt>
   <trkpt lat="40.6219520" lon="-3.1458180">
    <ele>748.1</ele>
   </trkpt>
   <trkpt lat="40.6219200" lon="-3.1458010">
    <ele>748.1</ele>
   </trkpt>
   <trkpt lat="40.6218860" lon="-3.1457810">
    <ele>748.2</ele>
   </trkpt>
   <trkpt lat="40.6218540" lon="-3.1457810">
    <ele>748.3</ele>
   </trkpt>
   <trkpt lat="40.6218180" lon="-3.1457810">
    <ele>748.3</ele>
   </trkpt>
   <trkpt lat="40.6217750" lon="-3.1457840">
    <ele>748.4</ele>
   </trkpt>
   <trkpt lat="40.6217370" lon="-3.1457780">
    <ele>748.5</ele>
   </trkpt>
   <trkpt lat="40.6216960" lon="-3.1457730">
    <ele>748.5</ele>
   </trkpt>
   <trkpt lat="40.6216590" lon="-3.1457700">
    <ele>748.6</ele>
   </trkpt>
   <trkpt lat="40.6216180" lon="-3.1457730">
    <ele>748.7</ele>
   </trkpt>
   <trkpt lat="40.6215770" lon="-3.1457780">
    <ele>748.8</ele>
   </trkpt>
   <trkpt lat="40.6215420" lon="-3.1457750">
    <ele>748.8</ele>
   </trkpt>
   <trkpt lat="40.6215030" lon="-3.1457710">
    <ele>748.9</ele>
   </trkpt>
   <trkpt lat="40.6214650" lon="-3.1457720">
    <ele>749.0</ele>
   </trkpt>
   <trkpt lat="40.6214280" lon="-3.1457730">
    <ele>749.1</ele>
   </trkpt>
   <trkpt lat="40.6213950" lon="-3.1457780">
    <ele>749.1</ele>
   </trkpt>
   <trkpt lat="40.6213580" lon="-3.1457770">
    <ele>749.2</ele>
   </trkpt>
   <trkpt lat="40.6213180" lon="-3.1457770">
    <ele>749.3</ele>
   </trkpt>
   <trkpt lat="40.6212820" lon="-3.1457710">
    <ele>749.4</ele>
   </trkpt>
   <trkpt lat="40.6212430" lon="-3.1457640">
    <ele>749.5</ele>
   </trkpt>
   <trkpt lat="40.6212000" lon="-3.1457610">
    <ele>749.6</ele>
   </trkpt>
   <trkpt lat="40.6211580" lon="-3.1457620">
    <ele>749.7</ele>
   </trkpt>
   <trkpt lat="40.6211250" lon="-3.1457540">
    <ele>749.7</ele>
   </trkpt>
   <trkpt lat="40.6210930" lon="-3.1457440">
    <ele>749.8</ele>
   </trkpt>
   <trkpt lat="40.6210610" lon="-3.1457370">
    <ele>749.9</ele>
   </trkpt>
   <trkpt lat="40.6210260" lon="-3.1457220">
    <ele>750.0</ele>
   </trkpt>
   <trkpt lat="40.6209910" lon="-3.1457060">
    <ele>750.1</ele>
   </trkpt>
   <trkpt lat="40.6209550" lon="-3.1456870">
    <ele>750.1</ele>
   </trkpt>
   <trkpt lat="40.6209200" lon="-3.1456570">
    <ele>750.2</ele>
   </trkpt>
   <trkpt lat="40.6208820" lon="-3.1456340">
    <ele>750.3</ele>
   </trkpt>
   <trkpt lat="40.6208470" lon="-3.1456150">
    <ele>750.4</ele>
   </trkpt>
   <trkpt lat="40.6208120" lon="-3.1455970">
    <ele>750.5</ele>
   </trkpt>
   <trkpt lat="40.6207790" lon="-3.1455760">
    <ele>750.6</ele>
   </trkpt>
   <trkpt lat="40.6207480" lon="-3.1455550">
    <ele>750.7</ele>
   </trkpt>
   <trkpt lat="40.6207120" lon="-3.1455290">
    <ele>750.8</ele>
   </trkpt>
   <trkpt lat="40.6206780" lon="-3.1455140">
    <ele>750.9</ele>
   </trkpt>
   <trkpt lat="40.6206410" lon="-3.1455010">
    <ele>751.0</ele>
   </trkpt>
   <trkpt lat="40.6206080" lon="-3.1454930">
    <ele>751.1</ele>
   </trkpt>
   <trkpt lat="40.6205730" lon="-3.1454820">
    <ele>751.2</ele>
   </trkpt>
   <trkpt lat="40.6205320" lon="-3.1454740">
    <ele>751.4</ele>
   </trkpt>
   <trkpt lat="40.6204910" lon="-3.1454510">
    <ele>751.6</ele>
   </trkpt>
   <trkpt lat="40.6204580" lon="-3.1454330">
    <ele>751.7</ele>
   </trkpt>
   <trkpt lat="40.6204160" lon="-3.1454060">
    <ele>751.9</ele>
   </trkpt>
   <trkpt lat="40.6203810" lon="-3.1453870">
    <ele>752.1</ele>
   </trkpt>
   <trkpt lat="40.6203480" lon="-3.1453620">
    <ele>752.3</ele>
   </trkpt>
   <trkpt lat="40.6203150" lon="-3.1453420">
    <ele>752.4</ele>
   </trkpt>
   <trkpt lat="40.6202850" lon="-3.1453230">
    <ele>752.6</ele>
   </trkpt>
   <trkpt lat="40.6202500" lon="-3.1453000">
    <ele>752.8</ele>
   </trkpt>
   <trkpt lat="40.6202190" lon="-3.1452740">
    <ele>753.0</ele>
   </trkpt>
   <trkpt lat="40.6201920" lon="-3.1452520">
    <ele>753.2</ele>
   </trkpt>
   <trkpt lat="40.6201670" lon="-3.1452280">
    <ele>753.4</ele>
   </trkpt>
   <trkpt lat="40.6201400" lon="-3.1452000">
    <ele>753.6</ele>
   </trkpt>
   <trkpt lat="40.6201150" lon="-3.1451800">
    <ele>753.8</ele>
   </trkpt>
   <trkpt lat="40.6200910" lon="-3.1451530">
    <ele>754.0</ele>
   </trkpt>
   <trkpt lat="40.6200720" lon="-3.1451190">
    <ele>754.2</ele>
   </trkpt>
   <trkpt lat="40.6200510" lon="-3.1450890">
    <ele>754.4</ele>
   </trkpt>
   <trkpt lat="40.6200320" lon="-3.1450560">
    <ele>754.6</ele>
   </trkpt>
   <trkpt lat="40.6200170" lon="-3.1450240">
    <ele>754.8</ele>
   </trkpt>
   <trkpt lat="40.6199980" lon="-3.1449960">
    <ele>755.0</ele>
   </trkpt>
   <trkpt lat="40.6199800" lon="-3.1449670">
    <ele>755.2</ele>
   </trkpt>
   <trkpt lat="40.6199600" lon="-3.1449360">
    <ele>755.4</ele>
   </trkpt>
   <trkpt lat="40.6199440" lon="-3.1448860">
    <ele>755.6</ele>
   </trkpt>
   <trkpt lat="40.6199380" lon="-3.1448680">
    <ele>755.7</ele>
   </trkpt>
   <trkpt lat="40.6199170" lon="-3.1448440">
    <ele>755.9</ele>
   </trkpt>
   <trkpt lat="40.6198960" lon="-3.1448200">
    <ele>756.1</ele>
   </trkpt>
   <trkpt lat="40.6198700" lon="-3.1447960">
    <ele>756.3</ele>
   </trkpt>
   <trkpt lat="40.6198470" lon="-3.1447670">
    <ele>756.6</ele>
   </trkpt>
   <trkpt lat="40.6198250" lon="-3.1447460">
    <ele>756.7</ele>
   </trkpt>
   <trkpt lat="40.6197990" lon="-3.1447280">
    <ele>757.0</ele>
   </trkpt>
   <trkpt lat="40.6197770" lon="-3.1447070">
    <ele>757.1</ele>
   </trkpt>
   <trkpt lat="40.6197490" lon="-3.1446810">
    <ele>757.4</ele>
   </trkpt>
   <trkpt lat="40.6197240" lon="-3.1446520">
    <ele>757.6</ele>
   </trkpt>
   <trkpt lat="40.6196980" lon="-3.1446290">
    <ele>757.8</ele>
   </trkpt>
   <trkpt lat="40.6196710" lon="-3.1446080">
    <ele>758.1</ele>
   </trkpt>
   <trkpt lat="40.6196460" lon="-3.1445840">
    <ele>758.3</ele>
   </trkpt>
   <trkpt lat="40.6196230" lon="-3.1445580">
    <ele>758.5</ele>
   </trkpt>
   <trkpt lat="40.6195990" lon="-3.1445330">
    <ele>758.7</ele>
   </trkpt>
   <trkpt lat="40.6195750" lon="-3.1445120">
    <ele>758.9</ele>
   </trkpt>
   <trkpt lat="40.6195530" lon="-3.1444830">
    <ele>759.1</ele>
   </trkpt>
   <trkpt lat="40.6195340" lon="-3.1444530">
    <ele>759.2</ele>
   </trkpt>
   <trkpt lat="40.6195110" lon="-3.1444310">
    <ele>759.4</ele>
   </trkpt>
   <trkpt lat="40.6194850" lon="-3.1444080">
    <ele>759.6</ele>
   </trkpt>
   <trkpt lat="40.6194590" lon="-3.1443820">
    <ele>759.7</ele>
   </trkpt>
   <trkpt lat="40.6194350" lon="-3.1443550">
    <ele>759.9</ele>
   </trkpt>
   <trkpt lat="40.6194120" lon="-3.1443330">
    <ele>760.0</ele>
   </trkpt>
   <trkpt lat="40.6193890" lon="-3.1443030">
    <ele>760.1</ele>
   </trkpt>
   <trkpt lat="40.6193660" lon="-3.1442790">
    <ele>760.2</ele>
   </trkpt>
   <trkpt lat="40.6193330" lon="-3.1442490">
    <ele>760.4</ele>
   </trkpt>
   <trkpt lat="40.6193200" lon="-3.1442410">
    <ele>760.4</ele>
   </trkpt>
   <trkpt lat="40.6192940" lon="-3.1442190">
    <ele>760.5</ele>
   </trkpt>
   <trkpt lat="40.6192660" lon="-3.1441980">
    <ele>760.6</ele>
   </trkpt>
   <trkpt lat="40.6192380" lon="-3.1441740">
    <ele>760.7</ele>
   </trkpt>
   <trkpt lat="40.6192100" lon="-3.1441500">
    <ele>760.8</ele>
   </trkpt>
   <trkpt lat="40.6191830" lon="-3.1441220">
    <ele>760.8</ele>
   </trkpt>
   <trkpt lat="40.6191540" lon="-3.1441010">
    <ele>760.9</ele>
   </trkpt>
   <trkpt lat="40.6191250" lon="-3.1440730">
    <ele>761.0</ele>
   </trkpt>
   <trkpt lat="40.6190930" lon="-3.1440500">
    <ele>761.0</ele>
   </trkpt>
   <trkpt lat="40.6190610" lon="-3.1440320">
    <ele>761.1</ele>
   </trkpt>
   <trkpt lat="40.6190300" lon="-3.1440150">
    <ele>761.2</ele>
   </trkpt>
   <trkpt lat="40.6190020" lon="-3.1439920">
    <ele>761.2</ele>
   </trkpt>
   <trkpt lat="40.6189740" lon="-3.1439740">
    <ele>761.3</ele>
   </trkpt>
   <trkpt lat="40.6189490" lon="-3.1439500">
    <ele>761.3</ele>
   </trkpt>
   <trkpt lat="40.6189280" lon="-3.1439280">
    <ele>761.4</ele>
   </trkpt>
   <trkpt lat="40.6189060" lon="-3.1438960">
    <ele>761.4</ele>
   </trkpt>
   <trkpt lat="40.6188840" lon="-3.1438650">
    <ele>761.5</ele>
   </trkpt>
   <trkpt lat="40.6188590" lon="-3.1438320">
    <ele>761.5</ele>
   </trkpt>
   <trkpt lat="40.6188330" lon="-3.1438080">
    <ele>761.6</ele>
   </trkpt>
   <trkpt lat="40.6188120" lon="-3.1437780">
    <ele>761.7</ele>
   </trkpt>
   <trkpt lat="40.6187900" lon="-3.1437450">
    <ele>761.7</ele>
   </trkpt>
   <trkpt lat="40.6187670" lon="-3.1437180">
    <ele>761.8</ele>
   </trkpt>
   <trkpt lat="40.6187420" lon="-3.1436910">
    <ele>761.8</ele>
   </trkpt>
   <trkpt lat="40.6187130" lon="-3.1436650">
    <ele>761.9</ele>
   </trkpt>
   <trkpt lat="40.6186880" lon="-3.1436220">
    <ele>762.0</ele>
   </trkpt>
   <trkpt lat="40.6186580" lon="-3.1435830">
    <ele>762.1</ele>
   </trkpt>
   <trkpt lat="40.6186320" lon="-3.1435470">
    <ele>762.1</ele>
   </trkpt>
   <trkpt lat="40.6186080" lon="-3.1435120">
    <ele>762.2</ele>
   </trkpt>
   <trkpt lat="40.6185840" lon="-3.1434880">
    <ele>762.2</ele>
   </trkpt>
   <trkpt lat="40.6185580" lon="-3.1434620">
    <ele>762.3</ele>
   </trkpt>
   <trkpt lat="40.6185290" lon="-3.1434350">
    <ele>762.3</ele>
   </trkpt>
   <trkpt lat="40.6185080" lon="-3.1434020">
    <ele>762.4</ele>
   </trkpt>
   <trkpt lat="40.6184700" lon="-3.1433680">
    <ele>762.4</ele>
   </trkpt>
   <trkpt lat="40.6184400" lon="-3.1433440">
    <ele>762.5</ele>
   </trkpt>
   <trkpt lat="40.6184100" lon="-3.1433190">
    <ele>762.5</ele>
   </trkpt>
   <trkpt lat="40.6183750" lon="-3.1432980">
    <ele>762.6</ele>
   </trkpt>
   <trkpt lat="40.6183410" lon="-3.1432860">
    <ele>762.6</ele>
   </trkpt>
   <trkpt lat="40.6183070" lon="-3.1432690">
    <ele>762.7</ele>
   </trkpt>
   <trkpt lat="40.6182730" lon="-3.1432570">
    <ele>762.7</ele>
   </trkpt>
   <trkpt lat="40.6182320" lon="-3.1432420">
    <ele>762.8</ele>
   </trkpt>
   <trkpt lat="40.6181970" lon="-3.1432220">
    <ele>762.9</ele>
   </trkpt>
   <trkpt lat="40.6181610" lon="-3.1432090">
    <ele>762.9</ele>
   </trkpt>
   <trkpt lat="40.6181230" lon="-3.1431950">
    <ele>763.0</ele>
   </trkpt>
   <trkpt lat="40.6180890" lon="-3.1431760">
    <ele>763.1</ele>
   </trkpt>
   <trkpt lat="40.6180530" lon="-3.1431500">
    <ele>763.2</ele>
   </trkpt>
   <trkpt lat="40.6180170" lon="-3.1431250">
    <ele>763.3</ele>
   </trkpt>
   <trkpt lat="40.6179840" lon="-3.1431010">
    <ele>763.4</ele>
   </trkpt>
   <trkpt lat="40.6179480" lon="-3.1430800">
    <ele>763.4</ele>
   </trkpt>
   <trkpt lat="40.6179150" lon="-3.1430610">
    <ele>763.5</ele>
   </trkpt>
   <trkpt lat="40.6178850" lon="-3.1430350">
    <ele>763.6</ele>
   </trkpt>
   <trkpt lat="40.6178580" lon="-3.1430050">
    <ele>763.7</ele>
   </trkpt>
   <trkpt lat="40.6178290" lon="-3.1429770">
    <ele>763.8</ele>
   </trkpt>
   <trkpt lat="40.6178000" lon="-3.1429470">
    <ele>763.9</ele>
   </trkpt>
   <trkpt lat="40.6177660" lon="-3.1429300">
    <ele>764.0</ele>
   </trkpt>
   <trkpt lat="40.6177330" lon="-3.1429060">
    <ele>764.1</ele>
   </trkpt>
   <trkpt lat="40.6177010" lon="-3.1428790">
    <ele>764.2</ele>
   </trkpt>
   <trkpt lat="40.6176690" lon="-3.1428420">
    <ele>764.4</ele>
   </trkpt>
   <trkpt lat="40.6176390" lon="-3.1428080">
    <ele>764.5</ele>
   </trkpt>
   <trkpt lat="40.6176060" lon="-3.1427800">
    <ele>764.6</ele>
   </trkpt>
   <trkpt lat="40.6175770" lon="-3.1427490">
    <ele>764.7</ele>
   </trkpt>
   <trkpt lat="40.6175440" lon="-3.1427220">
    <ele>764.9</ele>
   </trkpt>
   <trkpt lat="40.6175120" lon="-3.1426990">
    <ele>765.0</ele>
   </trkpt>
   <trkpt lat="40.6174790" lon="-3.1426740">
    <ele>765.1</ele>
   </trkpt>
   <trkpt lat="40.6174510" lon="-3.1426420">
    <ele>765.2</ele>
   </trkpt>
   <trkpt lat="40.6174230" lon="-3.1426160">
    <ele>765.4</ele>
   </trkpt>
   <trkpt lat="40.6173920" lon="-3.1425890">
    <ele>765.5</ele>
   </trkpt>
   <trkpt lat="40.6173710" lon="-3.1425510">
    <ele>765.6</ele>
   </trkpt>
   <trkpt lat="40.6173470" lon="-3.1425140">
    <ele>765.7</ele>
   </trkpt>
   <trkpt lat="40.6173190" lon="-3.1424700">
    <ele>765.9</ele>
   </trkpt>
   <trkpt lat="40.6172980" lon="-3.1424320">
    <ele>766.0</ele>
   </trkpt>
   <trkpt lat="40.6172780" lon="-3.1423930">
    <ele>766.1</ele>
   </trkpt>
   <trkpt lat="40.6172480" lon="-3.1423480">
    <ele>766.3</ele>
   </trkpt>
   <trkpt lat="40.6172230" lon="-3.1423040">
    <ele>766.4</ele>
   </trkpt>
   <trkpt lat="40.6171930" lon="-3.1422770">
    <ele>766.5</ele>
   </trkpt>
   <trkpt lat="40.6171670" lon="-3.1422410">
    <ele>766.7</ele>
   </trkpt>
   <trkpt lat="40.6171490" lon="-3.1421980">
    <ele>766.8</ele>
   </trkpt>
   <trkpt lat="40.6171320" lon="-3.1421480">
    <ele>767.0</ele>
   </trkpt>
   <trkpt lat="40.6171100" lon="-3.1421010">
    <ele>767.1</ele>
   </trkpt>
   <trkpt lat="40.6170880" lon="-3.1420670">
    <ele>767.2</ele>
   </trkpt>
   <trkpt lat="40.6170650" lon="-3.1420320">
    <ele>767.4</ele>
   </trkpt>
   <trkpt lat="40.6170380" lon="-3.1419910">
    <ele>767.5</ele>
   </trkpt>
   <trkpt lat="40.6170130" lon="-3.1419570">
    <ele>767.7</ele>
   </trkpt>
   <trkpt lat="40.6169930" lon="-3.1419200">
    <ele>767.8</ele>
   </trkpt>
   <trkpt lat="40.6169720" lon="-3.1418870">
    <ele>768.0</ele>
   </trkpt>
   <trkpt lat="40.6169510" lon="-3.1418540">
    <ele>768.1</ele>
   </trkpt>
   <trkpt lat="40.6169280" lon="-3.1418180">
    <ele>768.3</ele>
   </trkpt>
   <trkpt lat="40.6169040" lon="-3.1417850">
    <ele>768.5</ele>
   </trkpt>
   <trkpt lat="40.6168790" lon="-3.1417480">
    <ele>768.6</ele>
   </trkpt>
   <trkpt lat="40.6168620" lon="-3.1417070">
    <ele>768.8</ele>
   </trkpt>
   <trkpt lat="40.6168370" lon="-3.1416760">
    <ele>769.0</ele>
   </trkpt>
   <trkpt lat="40.6168120" lon="-3.1416450">
    <ele>769.1</ele>
   </trkpt>
   <trkpt lat="40.6167890" lon="-3.1416130">
    <ele>769.3</ele>
   </trkpt>
   <trkpt lat="40.6167680" lon="-3.1415810">
    <ele>769.4</ele>
   </trkpt>
   <trkpt lat="40.6167480" lon="-3.1415430">
    <ele>769.6</ele>
   </trkpt>
   <trkpt lat="40.6167280" lon="-3.1415000">
    <ele>769.8</ele>
   </trkpt>
   <trkpt lat="40.6167050" lon="-3.1414550">
    <ele>770.0</ele>
   </trkpt>
   <trkpt lat="40.6166880" lon="-3.1414140">
    <ele>770.2</ele>
   </trkpt>
   <trkpt lat="40.6166650" lon="-3.1413760">
    <ele>770.4</ele>
   </trkpt>
   <trkpt lat="40.6166470" lon="-3.1413380">
    <ele>770.6</ele>
   </trkpt>
   <trkpt lat="40.6166270" lon="-3.1413050">
    <ele>770.8</ele>
   </trkpt>
   <trkpt lat="40.6166060" lon="-3.1412700">
    <ele>771.0</ele>
   </trkpt>
   <trkpt lat="40.6165870" lon="-3.1412330">
    <ele>771.2</ele>
   </trkpt>
   <trkpt lat="40.6165680" lon="-3.1412030">
    <ele>771.4</ele>
   </trkpt>
   <trkpt lat="40.6165480" lon="-3.1411730">
    <ele>771.6</ele>
   </trkpt>
   <trkpt lat="40.6165250" lon="-3.1411340">
    <ele>771.8</ele>
   </trkpt>
   <trkpt lat="40.6164990" lon="-3.1410950">
    <ele>772.1</ele>
   </trkpt>
   <trkpt lat="40.6164740" lon="-3.1410610">
    <ele>772.3</ele>
   </trkpt>
   <trkpt lat="40.6164520" lon="-3.1410350">
    <ele>772.5</ele>
   </trkpt>
   <trkpt lat="40.6164310" lon="-3.1410080">
    <ele>772.8</ele>
   </trkpt>
   <trkpt lat="40.6164070" lon="-3.1409870">
    <ele>772.9</ele>
   </trkpt>
   <trkpt lat="40.6163800" lon="-3.1409640">
    <ele>773.1</ele>
   </trkpt>
   <trkpt lat="40.6163560" lon="-3.1409420">
    <ele>773.3</ele>
   </trkpt>
   <trkpt lat="40.6163320" lon="-3.1409130">
    <ele>773.5</ele>
   </trkpt>
   <trkpt lat="40.6163030" lon="-3.1408830">
    <ele>773.7</ele>
   </trkpt>
   <trkpt lat="40.6162750" lon="-3.1408540">
    <ele>773.9</ele>
   </trkpt>
   <trkpt lat="40.6162480" lon="-3.1408340">
    <ele>774.0</ele>
   </trkpt>
   <trkpt lat="40.6162190" lon="-3.1408120">
    <ele>774.2</ele>
   </trkpt>
   <trkpt lat="40.6161920" lon="-3.1407900">
    <ele>774.3</ele>
   </trkpt>
   <trkpt lat="40.6161650" lon="-3.1407590">
    <ele>774.5</ele>
   </trkpt>
   <trkpt lat="40.6161370" lon="-3.1407340">
    <ele>774.7</ele>
   </trkpt>
   <trkpt lat="40.6161080" lon="-3.1407110">
    <ele>774.8</ele>
   </trkpt>
   <trkpt lat="40.6160850" lon="-3.1406820">
    <ele>774.9</ele>
   </trkpt>
   <trkpt lat="40.6160590" lon="-3.1406520">
    <ele>775.1</ele>
   </trkpt>
   <trkpt lat="40.6160360" lon="-3.1406260">
    <ele>775.2</ele>
   </trkpt>
   <trkpt lat="40.6160140" lon="-3.1406060">
    <ele>775.3</ele>
   </trkpt>
   <trkpt lat="40.6159910" lon="-3.1405840">
    <ele>775.5</ele>
   </trkpt>
   <trkpt lat="40.6159630" lon="-3.1405540">
    <ele>775.6</ele>
   </trkpt>
   <trkpt lat="40.6159360" lon="-3.1405300">
    <ele>775.8</ele>
   </trkpt>
   <trkpt lat="40.6159140" lon="-3.1405020">
    <ele>776.0</ele>
   </trkpt>
   <trkpt lat="40.6159020" lon="-3.1404630">
    <ele>776.1</ele>
   </trkpt>
   <trkpt lat="40.6158870" lon="-3.1404270">
    <ele>776.3</ele>
   </trkpt>
   <trkpt lat="40.6158780" lon="-3.1403870">
    <ele>776.4</ele>
   </trkpt>
   <trkpt lat="40.6158740" lon="-3.1403510">
    <ele>776.6</ele>
   </trkpt>
   <trkpt lat="40.6158790" lon="-3.1403020">
    <ele>776.8</ele>
   </trkpt>
   <trkpt lat="40.6158800" lon="-3.1402860">
    <ele>776.8</ele>
   </trkpt>
   <trkpt lat="40.6158860" lon="-3.1402410">
    <ele>777.0</ele>
   </trkpt>
   <trkpt lat="40.6158910" lon="-3.1402240">
    <ele>777.1</ele>
   </trkpt>
   <trkpt lat="40.6159110" lon="-3.1401870">
    <ele>777.3</ele>
   </trkpt>
   <trkpt lat="40.6159160" lon="-3.1401690">
    <ele>777.4</ele>
   </trkpt>
   <trkpt lat="40.6159240" lon="-3.1401230">
    <ele>777.6</ele>
   </trkpt>
   <trkpt lat="40.6159240" lon="-3.1401090">
    <ele>777.7</ele>
   </trkpt>
   <trkpt lat="40.6159260" lon="-3.1400210">
    <ele>778.1</ele>
   </trkpt>
   <trkpt lat="40.6159180" lon="-3.1399960">
    <ele>778.2</ele>
   </trkpt>
   <trkpt lat="40.6159130" lon="-3.1399660">
    <ele>778.3</ele>
   </trkpt>
   <trkpt lat="40.6159140" lon="-3.1399490">
    <ele>778.4</ele>
   </trkpt>
   <trkpt lat="40.6159000" lon="-3.1399110">
    <ele>778.6</ele>
   </trkpt>
   <trkpt lat="40.6158840" lon="-3.1398730">
    <ele>778.8</ele>
   </trkpt>
   <trkpt lat="40.6158670" lon="-3.1398310">
    <ele>779.0</ele>
   </trkpt>
   <trkpt lat="40.6158630" lon="-3.1398160">
    <ele>779.1</ele>
   </trkpt>
   <trkpt lat="40.6158460" lon="-3.1397700">
    <ele>779.4</ele>
   </trkpt>
   <trkpt lat="40.6158380" lon="-3.1397570">
    <ele>779.4</ele>
   </trkpt>
   <trkpt lat="40.6158270" lon="-3.1397380">
    <ele>779.6</ele>
   </trkpt>
   <trkpt lat="40.6158250" lon="-3.1397160">
    <ele>779.7</ele>
   </trkpt>
   <trkpt lat="40.6158180" lon="-3.1396810">
    <ele>779.8</ele>
   </trkpt>
   <trkpt lat="40.6158140" lon="-3.1396670">
    <ele>779.9</ele>
   </trkpt>
   <trkpt lat="40.6157940" lon="-3.1396390">
    <ele>780.1</ele>
   </trkpt>
   <trkpt lat="40.6157870" lon="-3.1396300">
    <ele>780.1</ele>
   </trkpt>
   <trkpt lat="40.6157780" lon="-3.1396120">
    <ele>780.2</ele>
   </trkpt>
   <trkpt lat="40.6157670" lon="-3.1395920">
    <ele>780.3</ele>
   </trkpt>
   <trkpt lat="40.6157340" lon="-3.1395570">
    <ele>780.6</ele>
   </trkpt>
   <trkpt lat="40.6157180" lon="-3.1395450">
    <ele>780.7</ele>
   </trkpt>
   <trkpt lat="40.6157010" lon="-3.1395300">
    <ele>780.8</ele>
   </trkpt>
   <trkpt lat="40.6156990" lon="-3.1395040">
    <ele>780.9</ele>
   </trkpt>
   <trkpt lat="40.6156900" lon="-3.1394830">
    <ele>781.0</ele>
   </trkpt>
   <trkpt lat="40.6156820" lon="-3.1394680">
    <ele>781.0</ele>
   </trkpt>
   <trkpt lat="40.6156660" lon="-3.1394210">
    <ele>781.2</ele>
   </trkpt>
   <trkpt lat="40.6156610" lon="-3.1394050">
    <ele>781.3</ele>
   </trkpt>
   <trkpt lat="40.6156470" lon="-3.1393730">
    <ele>781.4</ele>
   </trkpt>
   <trkpt lat="40.6156400" lon="-3.1393370">
    <ele>781.5</ele>
   </trkpt>
   <trkpt lat="40.6156300" lon="-3.1392950">
    <ele>781.6</ele>
   </trkpt>
   <trkpt lat="40.6156150" lon="-3.1392570">
    <ele>781.8</ele>
   </trkpt>
   <trkpt lat="40.6156020" lon="-3.1392200">
    <ele>781.9</ele>
   </trkpt>
   <trkpt lat="40.6155910" lon="-3.1391850">
    <ele>782.0</ele>
   </trkpt>
   <trkpt lat="40.6155770" lon="-3.1391450">
    <ele>782.2</ele>
   </trkpt>
   <trkpt lat="40.6155640" lon="-3.1391050">
    <ele>782.3</ele>
   </trkpt>
   <trkpt lat="40.6155530" lon="-3.1390650">
    <ele>782.4</ele>
   </trkpt>
   <trkpt lat="40.6155360" lon="-3.1390280">
    <ele>782.6</ele>
   </trkpt>
   <trkpt lat="40.6155220" lon="-3.1389900">
    <ele>782.7</ele>
   </trkpt>
   <trkpt lat="40.6155130" lon="-3.1389520">
    <ele>782.9</ele>
   </trkpt>
   <trkpt lat="40.6154970" lon="-3.1389050">
    <ele>783.1</ele>
   </trkpt>
   <trkpt lat="40.6154920" lon="-3.1388870">
    <ele>783.1</ele>
   </trkpt>
   <trkpt lat="40.6154750" lon="-3.1388400">
    <ele>783.3</ele>
   </trkpt>
   <trkpt lat="40.6154680" lon="-3.1388240">
    <ele>783.4</ele>
   </trkpt>
   <trkpt lat="40.6154510" lon="-3.1387890">
    <ele>783.6</ele>
   </trkpt>
   <trkpt lat="40.6154400" lon="-3.1387480">
    <ele>783.8</ele>
   </trkpt>
   <trkpt lat="40.6154200" lon="-3.1387040">
    <ele>784.0</ele>
   </trkpt>
   <trkpt lat="40.6154130" lon="-3.1386880">
    <ele>784.1</ele>
   </trkpt>
   <trkpt lat="40.6154040" lon="-3.1386400">
    <ele>784.3</ele>
   </trkpt>
   <trkpt lat="40.6154020" lon="-3.1386240">
    <ele>784.4</ele>
   </trkpt>
   <trkpt lat="40.6153940" lon="-3.1385730">
    <ele>784.7</ele>
   </trkpt>
   <trkpt lat="40.6153900" lon="-3.1385570">
    <ele>784.7</ele>
   </trkpt>
   <trkpt lat="40.6153790" lon="-3.1385090">
    <ele>785.0</ele>
   </trkpt>
   <trkpt lat="40.6153750" lon="-3.1384920">
    <ele>785.1</ele>
   </trkpt>
   <trkpt lat="40.6153710" lon="-3.1384540">
    <ele>785.3</ele>
   </trkpt>
   <trkpt lat="40.6153630" lon="-3.1384040">
    <ele>785.6</ele>
   </trkpt>
   <trkpt lat="40.6153610" lon="-3.1383860">
    <ele>785.7</ele>
   </trkpt>
   <trkpt lat="40.6153640" lon="-3.1383450">
    <ele>785.9</ele>
   </trkpt>
   <trkpt lat="40.6153690" lon="-3.1382940">
    <ele>786.1</ele>
   </trkpt>
   <trkpt lat="40.6153710" lon="-3.1382770">
    <ele>786.1</ele>
   </trkpt>
   <trkpt lat="40.6153780" lon="-3.1382260">
    <ele>786.3</ele>
   </trkpt>
   <trkpt lat="40.6153780" lon="-3.1382090">
    <ele>786.4</ele>
   </trkpt>
   <trkpt lat="40.6153780" lon="-3.1381580">
    <ele>786.5</ele>
   </trkpt>
   <trkpt lat="40.6153770" lon="-3.1381410">
    <ele>786.6</ele>
   </trkpt>
   <trkpt lat="40.6153710" lon="-3.1381070">
    <ele>786.7</ele>
   </trkpt>
   <trkpt lat="40.6153630" lon="-3.1380550">
    <ele>786.8</ele>
   </trkpt>
   <trkpt lat="40.6153600" lon="-3.1380380">
    <ele>786.9</ele>
   </trkpt>
   <trkpt lat="40.6153500" lon="-3.1380020">
    <ele>787.0</ele>
   </trkpt>
   <trkpt lat="40.6153400" lon="-3.1379680">
    <ele>787.1</ele>
   </trkpt>
   <trkpt lat="40.6153290" lon="-3.1379340">
    <ele>787.1</ele>
   </trkpt>
   <trkpt lat="40.6153110" lon="-3.1378990">
    <ele>787.2</ele>
   </trkpt>
   <trkpt lat="40.6152820" lon="-3.1378640">
    <ele>787.3</ele>
   </trkpt>
   <trkpt lat="40.6152700" lon="-3.1378570">
    <ele>787.3</ele>
   </trkpt>
   <trkpt lat="40.6152430" lon="-3.1378490">
    <ele>787.4</ele>
   </trkpt>
   <trkpt lat="40.6152100" lon="-3.1378390">
    <ele>787.4</ele>
   </trkpt>
   <trkpt lat="40.6151790" lon="-3.1378350">
    <ele>787.5</ele>
   </trkpt>
   <trkpt lat="40.6151710" lon="-3.1378360">
    <ele>787.5</ele>
   </trkpt>
   <trkpt lat="40.6151650" lon="-3.1378370">
    <ele>787.5</ele>
   </trkpt>
   <trkpt lat="40.6151610" lon="-3.1378440">
    <ele>787.5</ele>
   </trkpt>
   <trkpt lat="40.6151580" lon="-3.1378500">
    <ele>787.5</ele>
   </trkpt>
   <trkpt lat="40.6151540" lon="-3.1378560">
    <ele>787.5</ele>
   </trkpt>
   <trkpt lat="40.6151510" lon="-3.1378620">
    <ele>787.5</ele>
   </trkpt>
   <trkpt lat="40.6151470" lon="-3.1378690">
    <ele>787.6</ele>
   </trkpt>
   <trkpt lat="40.6151440" lon="-3.1378750">
    <ele>787.6</ele>
   </trkpt>
   <trkpt lat="40.6151410" lon="-3.1378810">
    <ele>787.6</ele>
   </trkpt>
   <trkpt lat="40.6151370" lon="-3.1378870">
    <ele>787.6</ele>
   </trkpt>
   <trkpt lat="40.6151340" lon="-3.1378940">
    <ele>787.6</ele>
   </trkpt>
   <trkpt lat="40.6151300" lon="-3.1379000">
    <ele>787.6</ele>
   </trkpt>
   <trkpt lat="40.6151270" lon="-3.1379060">
    <ele>787.6</ele>
   </trkpt>
   <trkpt lat="40.6151230" lon="-3.1379120">
    <ele>787.6</ele>
   </trkpt>
   <trkpt lat="40.6151200" lon="-3.1379190">
    <ele>787.6</ele>
   </trkpt>
   <trkpt lat="40.6151160" lon="-3.1379250">
    <ele>787.6</ele>
   </trkpt>
   <trkpt lat="40.6151130" lon="-3.1379310">
    <ele>787.6</ele>
   </trkpt>
   <trkpt lat="40.6151010" lon="-3.1379740">
    <ele>787.6</ele>
   </trkpt>
   <trkpt lat="40.6150910" lon="-3.1380070">
    <ele>787.7</ele>
   </trkpt>
   <trkpt lat="40.6150720" lon="-3.1380430">
    <ele>787.7</ele>
   </trkpt>
   <trkpt lat="40.6150490" lon="-3.1380770">
    <ele>787.7</ele>
   </trkpt>
   <trkpt lat="40.6150250" lon="-3.1381030">
    <ele>787.7</ele>
   </trkpt>
   <trkpt lat="40.6149890" lon="-3.1381170">
    <ele>787.7</ele>
   </trkpt>
   <trkpt lat="40.6149290" lon="-3.1381080">
    <ele>787.6</ele>
   </trkpt>
   <trkpt lat="40.6148820" lon="-3.1380870">
    <ele>787.6</ele>
   </trkpt>
   <trkpt lat="40.6148390" lon="-3.1380680">
    <ele>787.6</ele>
   </trkpt>
   <trkpt lat="40.6147930" lon="-3.1380590">
    <ele>787.5</ele>
   </trkpt>
   <trkpt lat="40.6147420" lon="-3.1380520">
    <ele>787.4</ele>
   </trkpt>
   <trkpt lat="40.6146930" lon="-3.1380550">
    <ele>787.3</ele>
   </trkpt>
   <trkpt lat="40.6146510" lon="-3.1380710">
    <ele>787.2</ele>
   </trkpt>
   <trkpt lat="40.6146070" lon="-3.1380950">
    <ele>787.1</ele>
   </trkpt>
   <trkpt lat="40.6145680" lon="-3.1381390">
    <ele>787.0</ele>
   </trkpt>
   <trkpt lat="40.6145360" lon="-3.1381870">
    <ele>786.9</ele>
   </trkpt>
   <trkpt lat="40.6145020" lon="-3.1382360">
    <ele>786.8</ele>
   </trkpt>
   <trkpt lat="40.6144650" lon="-3.1382740">
    <ele>786.7</ele>
   </trkpt>
   <trkpt lat="40.6144260" lon="-3.1383000">
    <ele>786.6</ele>
   </trkpt>
   <trkpt lat="40.6144030" lon="-3.1383190">
    <ele>786.6</ele>
   </trkpt>
   <trkpt lat="40.6143780" lon="-3.1383390">
    <ele>786.5</ele>
   </trkpt>
   <trkpt lat="40.6143680" lon="-3.1383430">
    <ele>786.5</ele>
   </trkpt>
   <trkpt lat="40.6143350" lon="-3.1383400">
    <ele>786.5</ele>
   </trkpt>
   <trkpt lat="40.6143000" lon="-3.1383150">
    <ele>786.4</ele>
   </trkpt>
   <trkpt lat="40.6142770" lon="-3.1382870">
    <ele>786.5</ele>
   </trkpt>
   <trkpt lat="40.6142590" lon="-3.1382560">
    <ele>786.6</ele>
   </trkpt>
   <trkpt lat="40.6142520" lon="-3.1382290">
    <ele>786.6</ele>
   </trkpt>
   <trkpt lat="40.6142440" lon="-3.1382170">
    <ele>786.6</ele>
   </trkpt>
   <trkpt lat="40.6142200" lon="-3.1381880">
    <ele>786.7</ele>
   </trkpt>
   <trkpt lat="40.6142130" lon="-3.1381750">
    <ele>786.8</ele>
   </trkpt>
   <trkpt lat="40.6142000" lon="-3.1381420">
    <ele>786.8</ele>
   </trkpt>
   <trkpt lat="40.6141840" lon="-3.1381100">
    <ele>786.9</ele>
   </trkpt>
   <trkpt lat="40.6141640" lon="-3.1380630">
    <ele>787.0</ele>
   </trkpt>
   <trkpt lat="40.6141590" lon="-3.1380460">
    <ele>787.1</ele>
   </trkpt>
   <trkpt lat="40.6141460" lon="-3.1380110">
    <ele>787.2</ele>
   </trkpt>
   <trkpt lat="40.6141310" lon="-3.1379800">
    <ele>787.3</ele>
   </trkpt>
   <trkpt lat="40.6141080" lon="-3.1379380">
    <ele>787.4</ele>
   </trkpt>
   <trkpt lat="40.6140980" lon="-3.1379210">
    <ele>787.4</ele>
   </trkpt>
   <trkpt lat="40.6140770" lon="-3.1378760">
    <ele>787.6</ele>
   </trkpt>
   <trkpt lat="40.6140700" lon="-3.1378590">
    <ele>787.6</ele>
   </trkpt>
   <trkpt lat="40.6140530" lon="-3.1378270">
    <ele>787.7</ele>
   </trkpt>
   <trkpt lat="40.6140300" lon="-3.1377830">
    <ele>787.9</ele>
   </trkpt>
   <trkpt lat="40.6140200" lon="-3.1377660">
    <ele>787.9</ele>
   </trkpt>
   <trkpt lat="40.6140020" lon="-3.1377310">
    <ele>788.0</ele>
   </trkpt>
   <trkpt lat="40.6139820" lon="-3.1376920">
    <ele>788.2</ele>
   </trkpt>
   <trkpt lat="40.6139640" lon="-3.1376630">
    <ele>788.3</ele>
   </trkpt>
   <trkpt lat="40.6139440" lon="-3.1376340">
    <ele>788.4</ele>
   </trkpt>
   <trkpt lat="40.6139200" lon="-3.1375970">
    <ele>788.6</ele>
   </trkpt>
   <trkpt lat="40.6139120" lon="-3.1375850">
    <ele>788.7</ele>
   </trkpt>
   <trkpt lat="40.6138930" lon="-3.1375410">
    <ele>788.9</ele>
   </trkpt>
   <trkpt lat="40.6138850" lon="-3.1375260">
    <ele>789.0</ele>
   </trkpt>
   <trkpt lat="40.6138670" lon="-3.1374980">
    <ele>789.1</ele>
   </trkpt>
   <trkpt lat="40.6138490" lon="-3.1374670">
    <ele>789.3</ele>
   </trkpt>
   <trkpt lat="40.6138350" lon="-3.1374300">
    <ele>789.4</ele>
   </trkpt>
   <trkpt lat="40.6138180" lon="-3.1374000">
    <ele>789.6</ele>
   </trkpt>
   <trkpt lat="40.6137990" lon="-3.1373650">
    <ele>789.8</ele>
   </trkpt>
   <trkpt lat="40.6137790" lon="-3.1373260">
    <ele>789.9</ele>
   </trkpt>
   <trkpt lat="40.6137620" lon="-3.1372790">
    <ele>790.1</ele>
   </trkpt>
   <trkpt lat="40.6137430" lon="-3.1372310">
    <ele>790.4</ele>
   </trkpt>
   <trkpt lat="40.6137230" lon="-3.1371930">
    <ele>790.5</ele>
   </trkpt>
   <trkpt lat="40.6137090" lon="-3.1371540">
    <ele>790.7</ele>
   </trkpt>
   <trkpt lat="40.6136950" lon="-3.1371120">
    <ele>790.9</ele>
   </trkpt>
   <trkpt lat="40.6136770" lon="-3.1370680">
    <ele>791.1</ele>
   </trkpt>
   <trkpt lat="40.6136610" lon="-3.1370220">
    <ele>791.3</ele>
   </trkpt>
   <trkpt lat="40.6136460" lon="-3.1369800">
    <ele>791.5</ele>
   </trkpt>
   <trkpt lat="40.6136280" lon="-3.1369420">
    <ele>791.7</ele>
   </trkpt>
   <trkpt lat="40.6136090" lon="-3.1368980">
    <ele>791.9</ele>
   </trkpt>
   <trkpt lat="40.6135890" lon="-3.1368550">
    <ele>792.1</ele>
   </trkpt>
   <trkpt lat="40.6135680" lon="-3.1368080">
    <ele>792.4</ele>
   </trkpt>
   <trkpt lat="40.6135520" lon="-3.1367590">
    <ele>792.6</ele>
   </trkpt>
   <trkpt lat="40.6135350" lon="-3.1367200">
    <ele>792.8</ele>
   </trkpt>
   <trkpt lat="40.6135190" lon="-3.1366780">
    <ele>793.0</ele>
   </trkpt>
   <trkpt lat="40.6135010" lon="-3.1366360">
    <ele>793.2</ele>
   </trkpt>
   <trkpt lat="40.6134840" lon="-3.1365990">
    <ele>793.4</ele>
   </trkpt>
   <trkpt lat="40.6134640" lon="-3.1365560">
    <ele>793.6</ele>
   </trkpt>
   <trkpt lat="40.6134470" lon="-3.1365150">
    <ele>793.8</ele>
   </trkpt>
   <trkpt lat="40.6134320" lon="-3.1364740">
    <ele>794.0</ele>
   </trkpt>
   <trkpt lat="40.6134140" lon="-3.1364350">
    <ele>794.2</ele>
   </trkpt>
   <trkpt lat="40.6133970" lon="-3.1363970">
    <ele>794.4</ele>
   </trkpt>
   <trkpt lat="40.6133770" lon="-3.1363580">
    <ele>794.6</ele>
   </trkpt>
   <trkpt lat="40.6133600" lon="-3.1363180">
    <ele>794.8</ele>
   </trkpt>
   <trkpt lat="40.6133440" lon="-3.1362760">
    <ele>795.0</ele>
   </trkpt>
   <trkpt lat="40.6133290" lon="-3.1362260">
    <ele>795.2</ele>
   </trkpt>
   <trkpt lat="40.6133160" lon="-3.1361870">
    <ele>795.4</ele>
   </trkpt>
   <trkpt lat="40.6133010" lon="-3.1361430">
    <ele>795.6</ele>
   </trkpt>
   <trkpt lat="40.6132890" lon="-3.1360980">
    <ele>795.8</ele>
   </trkpt>
   <trkpt lat="40.6132720" lon="-3.1360510">
    <ele>796.0</ele>
   </trkpt>
   <trkpt lat="40.6132560" lon="-3.1359980">
    <ele>796.3</ele>
   </trkpt>
   <trkpt lat="40.6132430" lon="-3.1359570">
    <ele>796.5</ele>
   </trkpt>
   <trkpt lat="40.6132290" lon="-3.1359150">
    <ele>796.6</ele>
   </trkpt>
   <trkpt lat="40.6132150" lon="-3.1358770">
    <ele>796.8</ele>
   </trkpt>
   <trkpt lat="40.6132020" lon="-3.1358410">
    <ele>797.0</ele>
   </trkpt>
   <trkpt lat="40.6131900" lon="-3.1357980">
    <ele>797.2</ele>
   </trkpt>
   <trkpt lat="40.6131760" lon="-3.1357540">
    <ele>797.4</ele>
   </trkpt>
   <trkpt lat="40.6131600" lon="-3.1357100">
    <ele>797.6</ele>
   </trkpt>
   <trkpt lat="40.6131450" lon="-3.1356690">
    <ele>797.8</ele>
   </trkpt>
   <trkpt lat="40.6131310" lon="-3.1356240">
    <ele>798.0</ele>
   </trkpt>
   <trkpt lat="40.6131200" lon="-3.1355800">
    <ele>798.2</ele>
   </trkpt>
   <trkpt lat="40.6131100" lon="-3.1355370">
    <ele>798.4</ele>
   </trkpt>
   <trkpt lat="40.6130980" lon="-3.1354970">
    <ele>798.6</ele>
   </trkpt>
   <trkpt lat="40.6130900" lon="-3.1354570">
    <ele>798.8</ele>
   </trkpt>
   <trkpt lat="40.6130790" lon="-3.1354180">
    <ele>799.0</ele>
   </trkpt>
   <trkpt lat="40.6130710" lon="-3.1353690">
    <ele>799.2</ele>
   </trkpt>
   <trkpt lat="40.6130580" lon="-3.1353290">
    <ele>799.3</ele>
   </trkpt>
   <trkpt lat="40.6130470" lon="-3.1352900">
    <ele>799.5</ele>
   </trkpt>
   <trkpt lat="40.6130350" lon="-3.1352470">
    <ele>799.7</ele>
   </trkpt>
   <trkpt lat="40.6130250" lon="-3.1352040">
    <ele>799.9</ele>
   </trkpt>
   <trkpt lat="40.6130120" lon="-3.1351640">
    <ele>800.0</ele>
   </trkpt>
   <trkpt lat="40.6129960" lon="-3.1351280">
    <ele>800.2</ele>
   </trkpt>
   <trkpt lat="40.6129820" lon="-3.1350940">
    <ele>800.4</ele>
   </trkpt>
   <trkpt lat="40.6129680" lon="-3.1350600">
    <ele>800.5</ele>
   </trkpt>
   <trkpt lat="40.6129520" lon="-3.1350280">
    <ele>800.7</ele>
   </trkpt>
   <trkpt lat="40.6129350" lon="-3.1349920">
    <ele>800.8</ele>
   </trkpt>
   <trkpt lat="40.6129160" lon="-3.1349530">
    <ele>801.0</ele>
   </trkpt>
   <trkpt lat="40.6129030" lon="-3.1349110">
    <ele>801.2</ele>
   </trkpt>
   <trkpt lat="40.6128830" lon="-3.1348720">
    <ele>801.4</ele>
   </trkpt>
   <trkpt lat="40.6128680" lon="-3.1348320">
    <ele>801.6</ele>
   </trkpt>
   <trkpt lat="40.6128530" lon="-3.1347990">
    <ele>801.7</ele>
   </trkpt>
   <trkpt lat="40.6128420" lon="-3.1347630">
    <ele>801.9</ele>
   </trkpt>
   <trkpt lat="40.6128310" lon="-3.1347190">
    <ele>802.1</ele>
   </trkpt>
   <trkpt lat="40.6128180" lon="-3.1346820">
    <ele>802.2</ele>
   </trkpt>
   <trkpt lat="40.6128020" lon="-3.1346430">
    <ele>802.4</ele>
   </trkpt>
   <trkpt lat="40.6127870" lon="-3.1346120">
    <ele>802.6</ele>
   </trkpt>
   <trkpt lat="40.6127770" lon="-3.1345730">
    <ele>802.8</ele>
   </trkpt>
   <trkpt lat="40.6127640" lon="-3.1345390">
    <ele>802.9</ele>
   </trkpt>
   <trkpt lat="40.6127500" lon="-3.1345030">
    <ele>803.1</ele>
   </trkpt>
   <trkpt lat="40.6127370" lon="-3.1344640">
    <ele>803.3</ele>
   </trkpt>
   <trkpt lat="40.6127270" lon="-3.1344270">
    <ele>803.5</ele>
   </trkpt>
   <trkpt lat="40.6127140" lon="-3.1343890">
    <ele>803.6</ele>
   </trkpt>
   <trkpt lat="40.6127040" lon="-3.1343500">
    <ele>803.8</ele>
   </trkpt>
   <trkpt lat="40.6126940" lon="-3.1343010">
    <ele>804.0</ele>
   </trkpt>
   <trkpt lat="40.6126820" lon="-3.1342560">
    <ele>804.3</ele>
   </trkpt>
   <trkpt lat="40.6126690" lon="-3.1342180">
    <ele>804.5</ele>
   </trkpt>
   <trkpt lat="40.6126590" lon="-3.1341800">
    <ele>804.6</ele>
   </trkpt>
   <trkpt lat="40.6126480" lon="-3.1341400">
    <ele>804.8</ele>
   </trkpt>
   <trkpt lat="40.6126360" lon="-3.1341050">
    <ele>805.0</ele>
   </trkpt>
   <trkpt lat="40.6126290" lon="-3.1340690">
    <ele>805.2</ele>
   </trkpt>
   <trkpt lat="40.6126150" lon="-3.1340200">
    <ele>805.4</ele>
   </trkpt>
   <trkpt lat="40.6126100" lon="-3.1340020">
    <ele>805.5</ele>
   </trkpt>
   <trkpt lat="40.6125950" lon="-3.1339560">
    <ele>805.7</ele>
   </trkpt>
   <trkpt lat="40.6125900" lon="-3.1339400">
    <ele>805.8</ele>
   </trkpt>
   <trkpt lat="40.6125760" lon="-3.1338910">
    <ele>806.0</ele>
   </trkpt>
   <trkpt lat="40.6125690" lon="-3.1338710">
    <ele>806.1</ele>
   </trkpt>
   <trkpt lat="40.6125540" lon="-3.1338340">
    <ele>806.2</ele>
   </trkpt>
   <trkpt lat="40.6125390" lon="-3.1338020">
    <ele>806.4</ele>
   </trkpt>
   <trkpt lat="40.6125220" lon="-3.1337630">
    <ele>806.6</ele>
   </trkpt>
   <trkpt lat="40.6125110" lon="-3.1337270">
    <ele>806.8</ele>
   </trkpt>
   <trkpt lat="40.6125010" lon="-3.1336840">
    <ele>807.0</ele>
   </trkpt>
   <trkpt lat="40.6124970" lon="-3.1336410">
    <ele>807.1</ele>
   </trkpt>
   <trkpt lat="40.6124860" lon="-3.1336060">
    <ele>807.3</ele>
   </trkpt>
   <trkpt lat="40.6124810" lon="-3.1335650">
    <ele>807.5</ele>
   </trkpt>
   <trkpt lat="40.6124740" lon="-3.1335240">
    <ele>807.7</ele>
   </trkpt>
   <trkpt lat="40.6124670" lon="-3.1334800">
    <ele>807.9</ele>
   </trkpt>
   <trkpt lat="40.6124610" lon="-3.1334330">
    <ele>808.1</ele>
   </trkpt>
   <trkpt lat="40.6124520" lon="-3.1333950">
    <ele>808.2</ele>
   </trkpt>
   <trkpt lat="40.6124490" lon="-3.1333530">
    <ele>808.4</ele>
   </trkpt>
   <trkpt lat="40.6124520" lon="-3.1333100">
    <ele>808.6</ele>
   </trkpt>
   <trkpt lat="40.6124540" lon="-3.1332670">
    <ele>808.8</ele>
   </trkpt>
   <trkpt lat="40.6124490" lon="-3.1332320">
    <ele>808.9</ele>
   </trkpt>
   <trkpt lat="40.6124430" lon="-3.1331820">
    <ele>809.1</ele>
   </trkpt>
   <trkpt lat="40.6124410" lon="-3.1331660">
    <ele>809.2</ele>
   </trkpt>
   <trkpt lat="40.6124380" lon="-3.1331130">
    <ele>809.4</ele>
   </trkpt>
   <trkpt lat="40.6124380" lon="-3.1330920">
    <ele>809.5</ele>
   </trkpt>
   <trkpt lat="40.6124340" lon="-3.1330530">
    <ele>809.7</ele>
   </trkpt>
   <trkpt lat="40.6124310" lon="-3.1330150">
    <ele>809.9</ele>
   </trkpt>
   <trkpt lat="40.6124280" lon="-3.1329730">
    <ele>810.0</ele>
   </trkpt>
   <trkpt lat="40.6124290" lon="-3.1329320">
    <ele>810.2</ele>
   </trkpt>
   <trkpt lat="40.6124290" lon="-3.1328930">
    <ele>810.3</ele>
   </trkpt>
   <trkpt lat="40.6124300" lon="-3.1328520">
    <ele>810.5</ele>
   </trkpt>
   <trkpt lat="40.6124330" lon="-3.1327950">
    <ele>810.7</ele>
   </trkpt>
   <trkpt lat="40.6124340" lon="-3.1327730">
    <ele>810.8</ele>
   </trkpt>
   <trkpt lat="40.6124390" lon="-3.1327300">
    <ele>811.0</ele>
   </trkpt>
   <trkpt lat="40.6124410" lon="-3.1326890">
    <ele>811.1</ele>
   </trkpt>
   <trkpt lat="40.6124440" lon="-3.1326450">
    <ele>811.3</ele>
   </trkpt>
   <trkpt lat="40.6124480" lon="-3.1326010">
    <ele>811.4</ele>
   </trkpt>
   <trkpt lat="40.6124470" lon="-3.1325570">
    <ele>811.6</ele>
   </trkpt>
   <trkpt lat="40.6124530" lon="-3.1325110">
    <ele>811.8</ele>
   </trkpt>
   <trkpt lat="40.6124550" lon="-3.1324610">
    <ele>811.9</ele>
   </trkpt>
   <trkpt lat="40.6124590" lon="-3.1324170">
    <ele>812.1</ele>
   </trkpt>
   <trkpt lat="40.6124610" lon="-3.1323690">
    <ele>812.3</ele>
   </trkpt>
   <trkpt lat="40.6124600" lon="-3.1323250">
    <ele>812.5</ele>
   </trkpt>
   <trkpt lat="40.6124620" lon="-3.1322830">
    <ele>812.6</ele>
   </trkpt>
   <trkpt lat="40.6124630" lon="-3.1322300">
    <ele>812.8</ele>
   </trkpt>
   <trkpt lat="40.6124620" lon="-3.1322110">
    <ele>812.9</ele>
   </trkpt>
   <trkpt lat="40.6124690" lon="-3.1321590">
    <ele>813.1</ele>
   </trkpt>
   <trkpt lat="40.6124720" lon="-3.1321410">
    <ele>813.2</ele>
   </trkpt>
   <trkpt lat="40.6124740" lon="-3.1321010">
    <ele>813.4</ele>
   </trkpt>
   <trkpt lat="40.6124730" lon="-3.1320600">
    <ele>813.5</ele>
   </trkpt>
   <trkpt lat="40.6124770" lon="-3.1320190">
    <ele>813.7</ele>
   </trkpt>
   <trkpt lat="40.6124770" lon="-3.1319790">
    <ele>813.8</ele>
   </trkpt>
   <trkpt lat="40.6124770" lon="-3.1319380">
    <ele>814.0</ele>
   </trkpt>
   <trkpt lat="40.6124780" lon="-3.1318970">
    <ele>814.2</ele>
   </trkpt>
   <trkpt lat="40.6124770" lon="-3.1318580">
    <ele>814.4</ele>
   </trkpt>
   <trkpt lat="40.6124760" lon="-3.1318140">
    <ele>814.5</ele>
   </trkpt>
   <trkpt lat="40.6124820" lon="-3.1317770">
    <ele>814.7</ele>
   </trkpt>
   <trkpt lat="40.6124850" lon="-3.1317320">
    <ele>814.9</ele>
   </trkpt>
   <trkpt lat="40.6124870" lon="-3.1316890">
    <ele>815.1</ele>
   </trkpt>
   <trkpt lat="40.6124920" lon="-3.1316450">
    <ele>815.3</ele>
   </trkpt>
   <trkpt lat="40.6124980" lon="-3.1315990">
    <ele>815.5</ele>
   </trkpt>
   <trkpt lat="40.6124990" lon="-3.1315530">
    <ele>815.6</ele>
   </trkpt>
   <trkpt lat="40.6125050" lon="-3.1315110">
    <ele>815.8</ele>
   </trkpt>
   <trkpt lat="40.6125090" lon="-3.1314730">
    <ele>816.0</ele>
   </trkpt>
   <trkpt lat="40.6125130" lon="-3.1314310">
    <ele>816.2</ele>
   </trkpt>
   <trkpt lat="40.6125150" lon="-3.1313860">
    <ele>816.4</ele>
   </trkpt>
   <trkpt lat="40.6125210" lon="-3.1313430">
    <ele>816.5</ele>
   </trkpt>
   <trkpt lat="40.6125320" lon="-3.1313020">
    <ele>816.7</ele>
   </trkpt>
   <trkpt lat="40.6125440" lon="-3.1312620">
    <ele>816.9</ele>
   </trkpt>
   <trkpt lat="40.6125530" lon="-3.1312230">
    <ele>817.0</ele>
   </trkpt>
   <trkpt lat="40.6125620" lon="-3.1311850">
    <ele>817.2</ele>
   </trkpt>
   <trkpt lat="40.6125670" lon="-3.1311450">
    <ele>817.3</ele>
   </trkpt>
   <trkpt lat="40.6125720" lon="-3.1310960">
    <ele>817.5</ele>
   </trkpt>
   <trkpt lat="40.6125720" lon="-3.1310800">
    <ele>817.6</ele>
   </trkpt>
   <trkpt lat="40.6125550" lon="-3.1310400">
    <ele>817.8</ele>
   </trkpt>
   <trkpt lat="40.6125530" lon="-3.1310000">
    <ele>817.9</ele>
   </trkpt>
   <trkpt lat="40.6125690" lon="-3.1309620">
    <ele>818.1</ele>
   </trkpt>
   <trkpt lat="40.6125750" lon="-3.1309450">
    <ele>818.2</ele>
   </trkpt>
   <trkpt lat="40.6125670" lon="-3.1309030">
    <ele>818.3</ele>
   </trkpt>
   <trkpt lat="40.6125850" lon="-3.1308600">
    <ele>818.5</ele>
   </trkpt>
   <trkpt lat="40.6125940" lon="-3.1308480">
    <ele>818.6</ele>
   </trkpt>
   <trkpt lat="40.6125930" lon="-3.1308070">
    <ele>818.7</ele>
   </trkpt>
   <trkpt lat="40.6126010" lon="-3.1307550">
    <ele>818.9</ele>
   </trkpt>
   <trkpt lat="40.6126050" lon="-3.1307370">
    <ele>819.0</ele>
   </trkpt>
   <trkpt lat="40.6126210" lon="-3.1307080">
    <ele>819.2</ele>
   </trkpt>
   <trkpt lat="40.6126290" lon="-3.1306720">
    <ele>819.3</ele>
   </trkpt>
   <trkpt lat="40.6126380" lon="-3.1306510">
    <ele>819.4</ele>
   </trkpt>
   <trkpt lat="40.6126470" lon="-3.1305960">
    <ele>819.7</ele>
   </trkpt>
   <trkpt lat="40.6126490" lon="-3.1305510">
    <ele>819.9</ele>
   </trkpt>
   <trkpt lat="40.6126460" lon="-3.1305370">
    <ele>819.9</ele>
   </trkpt>
   <trkpt lat="40.6126560" lon="-3.1304980">
    <ele>820.1</ele>
   </trkpt>
   <trkpt lat="40.6126630" lon="-3.1304750">
    <ele>820.2</ele>
   </trkpt>
   <trkpt lat="40.6126450" lon="-3.1304280">
    <ele>820.4</ele>
   </trkpt>
   <trkpt lat="40.6126310" lon="-3.1304120">
    <ele>820.5</ele>
   </trkpt>
   <trkpt lat="40.6126260" lon="-3.1303770">
    <ele>820.7</ele>
   </trkpt>
   <trkpt lat="40.6126250" lon="-3.1303620">
    <ele>820.8</ele>
   </trkpt>
   <trkpt lat="40.6126330" lon="-3.1303130">
    <ele>821.0</ele>
   </trkpt>
   <trkpt lat="40.6126510" lon="-3.1302690">
    <ele>821.2</ele>
   </trkpt>
   <trkpt lat="40.6126760" lon="-3.1302310">
    <ele>821.4</ele>
   </trkpt>
   <trkpt lat="40.6126860" lon="-3.1301900">
    <ele>821.6</ele>
   </trkpt>
   <trkpt lat="40.6126840" lon="-3.1301440">
    <ele>821.8</ele>
   </trkpt>
   <trkpt lat="40.6126820" lon="-3.1301040">
    <ele>822.0</ele>
   </trkpt>
   <trkpt lat="40.6126890" lon="-3.1300620">
    <ele>822.2</ele>
   </trkpt>
   <trkpt lat="40.6127030" lon="-3.1300210">
    <ele>822.4</ele>
   </trkpt>
   <trkpt lat="40.6127060" lon="-3.1299800">
    <ele>822.6</ele>
   </trkpt>
   <trkpt lat="40.6127250" lon="-3.1299350">
    <ele>822.8</ele>
   </trkpt>
   <trkpt lat="40.6127420" lon="-3.1298820">
    <ele>823.1</ele>
   </trkpt>
   <trkpt lat="40.6127500" lon="-3.1298600">
    <ele>823.2</ele>
   </trkpt>
   <trkpt lat="40.6127640" lon="-3.1298150">
    <ele>823.4</ele>
   </trkpt>
   <trkpt lat="40.6127790" lon="-3.1297690">
    <ele>823.7</ele>
   </trkpt>
   <trkpt lat="40.6127850" lon="-3.1297490">
    <ele>823.8</ele>
   </trkpt>
   <trkpt lat="40.6127850" lon="-3.1297230">
    <ele>823.9</ele>
   </trkpt>
   <trkpt lat="40.6127900" lon="-3.1297050">
    <ele>824.0</ele>
   </trkpt>
   <trkpt lat="40.6127950" lon="-3.1296750">
    <ele>824.1</ele>
   </trkpt>
   <trkpt lat="40.6127960" lon="-3.1296720">
    <ele>824.1</ele>
   </trkpt>
   <trkpt lat="40.6127970" lon="-3.1296700">
    <ele>824.2</ele>
   </trkpt>
   <trkpt lat="40.6127980" lon="-3.1296670">
    <ele>824.2</ele>
   </trkpt>
   <trkpt lat="40.6127990" lon="-3.1296650">
    <ele>824.2</ele>
   </trkpt>
   <trkpt lat="40.6128000" lon="-3.1296620">
    <ele>824.2</ele>
   </trkpt>
   <trkpt lat="40.6128010" lon="-3.1296600">
    <ele>824.2</ele>
   </trkpt>
   <trkpt lat="40.6128020" lon="-3.1296570">
    <ele>824.2</ele>
   </trkpt>
   <trkpt lat="40.6128030" lon="-3.1296550">
    <ele>824.2</ele>
   </trkpt>
   <trkpt lat="40.6128040" lon="-3.1296520">
    <ele>824.3</ele>
   </trkpt>
   <trkpt lat="40.6128050" lon="-3.1296500">
    <ele>824.3</ele>
   </trkpt>
   <trkpt lat="40.6128060" lon="-3.1296470">
    <ele>824.3</ele>
   </trkpt>
   <trkpt lat="40.6128070" lon="-3.1296450">
    <ele>824.3</ele>
   </trkpt>
   <trkpt lat="40.6128080" lon="-3.1296420">
    <ele>824.3</ele>
   </trkpt>
   <trkpt lat="40.6128090" lon="-3.1296400">
    <ele>824.3</ele>
   </trkpt>
   <trkpt lat="40.6128110" lon="-3.1296370">
    <ele>824.3</ele>
   </trkpt>
   <trkpt lat="40.6128120" lon="-3.1296350">
    <ele>824.3</ele>
   </trkpt>
   <trkpt lat="40.6128130" lon="-3.1296320">
    <ele>824.4</ele>
   </trkpt>
   <trkpt lat="40.6128140" lon="-3.1296300">
    <ele>824.4</ele>
   </trkpt>
   <trkpt lat="40.6128150" lon="-3.1296270">
    <ele>824.4</ele>
   </trkpt>
   <trkpt lat="40.6128160" lon="-3.1296250">
    <ele>824.4</ele>
   </trkpt>
   <trkpt lat="40.6128170" lon="-3.1296220">
    <ele>824.4</ele>
   </trkpt>
   <trkpt lat="40.6128180" lon="-3.1296200">
    <ele>824.4</ele>
   </trkpt>
   <trkpt lat="40.6128190" lon="-3.1296170">
    <ele>824.4</ele>
   </trkpt>
   <trkpt lat="40.6128200" lon="-3.1296150">
    <ele>824.5</ele>
   </trkpt>
   <trkpt lat="40.6128210" lon="-3.1296120">
    <ele>824.5</ele>
   </trkpt>
   <trkpt lat="40.6128220" lon="-3.1296100">
    <ele>824.5</ele>
   </trkpt>
   <trkpt lat="40.6128230" lon="-3.1296070">
    <ele>824.5</ele>
   </trkpt>
   <trkpt lat="40.6128240" lon="-3.1296050">
    <ele>824.5</ele>
   </trkpt>
   <trkpt lat="40.6128250" lon="-3.1296020">
    <ele>824.5</ele>
   </trkpt>
   <trkpt lat="40.6128260" lon="-3.1296000">
    <ele>824.5</ele>
   </trkpt>
   <trkpt lat="40.6128270" lon="-3.1295970">
    <ele>824.5</ele>
   </trkpt>
   <trkpt lat="40.6128370" lon="-3.1295620">
    <ele>824.7</ele>
   </trkpt>
   <trkpt lat="40.6128440" lon="-3.1295160">
    <ele>824.9</ele>
   </trkpt>
   <trkpt lat="40.6128450" lon="-3.1295000">
    <ele>825.0</ele>
   </trkpt>
   <trkpt lat="40.6128500" lon="-3.1294590">
    <ele>825.2</ele>
   </trkpt>
   <trkpt lat="40.6128500" lon="-3.1294210">
    <ele>825.4</ele>
   </trkpt>
   <trkpt lat="40.6128550" lon="-3.1293800">
    <ele>825.6</ele>
   </trkpt>
   <trkpt lat="40.6128550" lon="-3.1293650">
    <ele>825.6</ele>
   </trkpt>
   <trkpt lat="40.6128590" lon="-3.1293250">
    <ele>825.8</ele>
   </trkpt>
   <trkpt lat="40.6128570" lon="-3.1292800">
    <ele>826.0</ele>
   </trkpt>
   <trkpt lat="40.6128630" lon="-3.1292320">
    <ele>826.2</ele>
   </trkpt>
   <trkpt lat="40.6128660" lon="-3.1292160">
    <ele>826.3</ele>
   </trkpt>
   <trkpt lat="40.6128800" lon="-3.1291740">
    <ele>826.5</ele>
   </trkpt>
   <trkpt lat="40.6128830" lon="-3.1291610">
    <ele>826.6</ele>
   </trkpt>
   <trkpt lat="40.6128890" lon="-3.1291210">
    <ele>826.8</ele>
   </trkpt>
   <trkpt lat="40.6128910" lon="-3.1290840">
    <ele>826.9</ele>
   </trkpt>
   <trkpt lat="40.6128990" lon="-3.1290390">
    <ele>827.2</ele>
   </trkpt>
   <trkpt lat="40.6129140" lon="-3.1289860">
    <ele>827.4</ele>
   </trkpt>
   <trkpt lat="40.6129190" lon="-3.1289640">
    <ele>827.5</ele>
   </trkpt>
   <trkpt lat="40.6129410" lon="-3.1289270">
    <ele>827.7</ele>
   </trkpt>
   <trkpt lat="40.6129460" lon="-3.1288870">
    <ele>827.9</ele>
   </trkpt>
   <trkpt lat="40.6129580" lon="-3.1288550">
    <ele>828.1</ele>
   </trkpt>
   <trkpt lat="40.6129630" lon="-3.1288200">
    <ele>828.2</ele>
   </trkpt>
   <trkpt lat="40.6129720" lon="-3.1287690">
    <ele>828.5</ele>
   </trkpt>
   <trkpt lat="40.6129770" lon="-3.1287510">
    <ele>828.5</ele>
   </trkpt>
   <trkpt lat="40.6130020" lon="-3.1287100">
    <ele>828.8</ele>
   </trkpt>
   <trkpt lat="40.6130090" lon="-3.1286960">
    <ele>828.8</ele>
   </trkpt>
   <trkpt lat="40.6130300" lon="-3.1286600">
    <ele>829.0</ele>
   </trkpt>
   <trkpt lat="40.6130450" lon="-3.1286230">
    <ele>829.2</ele>
   </trkpt>
   <trkpt lat="40.6130530" lon="-3.1285840">
    <ele>829.4</ele>
   </trkpt>
   <trkpt lat="40.6130650" lon="-3.1285520">
    <ele>829.6</ele>
   </trkpt>
   <trkpt lat="40.6130880" lon="-3.1285150">
    <ele>829.8</ele>
   </trkpt>
   <trkpt lat="40.6131050" lon="-3.1284850">
    <ele>829.9</ele>
   </trkpt>
   <trkpt lat="40.6131170" lon="-3.1284490">
    <ele>830.1</ele>
   </trkpt>
   <trkpt lat="40.6131320" lon="-3.1284160">
    <ele>830.3</ele>
   </trkpt>
   <trkpt lat="40.6131390" lon="-3.1283820">
    <ele>830.4</ele>
   </trkpt>
   <trkpt lat="40.6131520" lon="-3.1283410">
    <ele>830.6</ele>
   </trkpt>
   <trkpt lat="40.6131600" lon="-3.1282930">
    <ele>830.9</ele>
   </trkpt>
   <trkpt lat="40.6131770" lon="-3.1282560">
    <ele>831.0</ele>
   </trkpt>
   <trkpt lat="40.6131880" lon="-3.1282240">
    <ele>831.2</ele>
   </trkpt>
   <trkpt lat="40.6132060" lon="-3.1281800">
    <ele>831.4</ele>
   </trkpt>
   <trkpt lat="40.6132130" lon="-3.1281630">
    <ele>831.5</ele>
   </trkpt>
   <trkpt lat="40.6132180" lon="-3.1281250">
    <ele>831.7</ele>
   </trkpt>
   <trkpt lat="40.6132270" lon="-3.1280760">
    <ele>831.9</ele>
   </trkpt>
   <trkpt lat="40.6132310" lon="-3.1280600">
    <ele>832.0</ele>
   </trkpt>
   <trkpt lat="40.6132450" lon="-3.1280230">
    <ele>832.2</ele>
   </trkpt>
   <trkpt lat="40.6132570" lon="-3.1279800">
    <ele>832.4</ele>
   </trkpt>
   <trkpt lat="40.6132620" lon="-3.1279630">
    <ele>832.5</ele>
   </trkpt>
   <trkpt lat="40.6132900" lon="-3.1279320">
    <ele>832.7</ele>
   </trkpt>
   <trkpt lat="40.6133000" lon="-3.1279200">
    <ele>832.8</ele>
   </trkpt>
   <trkpt lat="40.6133130" lon="-3.1278710">
    <ele>833.0</ele>
   </trkpt>
   <trkpt lat="40.6133170" lon="-3.1278520">
    <ele>833.1</ele>
   </trkpt>
   <trkpt lat="40.6133300" lon="-3.1278090">
    <ele>833.3</ele>
   </trkpt>
   <trkpt lat="40.6133360" lon="-3.1277950">
    <ele>833.3</ele>
   </trkpt>
   <trkpt lat="40.6133450" lon="-3.1277600">
    <ele>833.5</ele>
   </trkpt>
   <trkpt lat="40.6133610" lon="-3.1277130">
    <ele>833.7</ele>
   </trkpt>
   <trkpt lat="40.6133650" lon="-3.1276970">
    <ele>833.8</ele>
   </trkpt>
   <trkpt lat="40.6133830" lon="-3.1276620">
    <ele>834.0</ele>
   </trkpt>
   <trkpt lat="40.6133940" lon="-3.1276240">
    <ele>834.2</ele>
   </trkpt>
   <trkpt lat="40.6134100" lon="-3.1275760">
    <ele>834.4</ele>
   </trkpt>
   <trkpt lat="40.6134160" lon="-3.1275590">
    <ele>834.5</ele>
   </trkpt>
   <trkpt lat="40.6134300" lon="-3.1275210">
    <ele>834.7</ele>
   </trkpt>
   <trkpt lat="40.6134460" lon="-3.1274860">
    <ele>834.9</ele>
   </trkpt>
   <trkpt lat="40.6134560" lon="-3.1274360">
    <ele>835.1</ele>
   </trkpt>
   <trkpt lat="40.6134590" lon="-3.1274180">
    <ele>835.2</ele>
   </trkpt>
   <trkpt lat="40.6134750" lon="-3.1273720">
    <ele>835.4</ele>
   </trkpt>
   <trkpt lat="40.6134810" lon="-3.1273540">
    <ele>835.5</ele>
   </trkpt>
   <trkpt lat="40.6134900" lon="-3.1273080">
    <ele>835.7</ele>
   </trkpt>
   <trkpt lat="40.6134930" lon="-3.1272920">
    <ele>835.8</ele>
   </trkpt>
   <trkpt lat="40.6135090" lon="-3.1272500">
    <ele>836.0</ele>
   </trkpt>
   <trkpt lat="40.6135180" lon="-3.1272160">
    <ele>836.2</ele>
   </trkpt>
   <trkpt lat="40.6135300" lon="-3.1271830">
    <ele>836.3</ele>
   </trkpt>
   <trkpt lat="40.6135400" lon="-3.1271360">
    <ele>836.5</ele>
   </trkpt>
   <trkpt lat="40.6135430" lon="-3.1271170">
    <ele>836.6</ele>
   </trkpt>
   <trkpt lat="40.6135570" lon="-3.1270800">
    <ele>836.8</ele>
   </trkpt>
   <trkpt lat="40.6135720" lon="-3.1270340">
    <ele>837.1</ele>
   </trkpt>
   <trkpt lat="40.6135780" lon="-3.1270180">
    <ele>837.1</ele>
   </trkpt>
   <trkpt lat="40.6135940" lon="-3.1269690">
    <ele>837.4</ele>
   </trkpt>
   <trkpt lat="40.6135990" lon="-3.1269510">
    <ele>837.5</ele>
   </trkpt>
   <trkpt lat="40.6136060" lon="-3.1269130">
    <ele>837.7</ele>
   </trkpt>
   <trkpt lat="40.6136240" lon="-3.1268660">
    <ele>837.9</ele>
   </trkpt>
   <trkpt lat="40.6136280" lon="-3.1268480">
    <ele>838.0</ele>
   </trkpt>
   <trkpt lat="40.6136390" lon="-3.1267990">
    <ele>838.2</ele>
   </trkpt>
   <trkpt lat="40.6136390" lon="-3.1267810">
    <ele>838.3</ele>
   </trkpt>
   <trkpt lat="40.6136470" lon="-3.1267310">
    <ele>838.6</ele>
   </trkpt>
   <trkpt lat="40.6136530" lon="-3.1267140">
    <ele>838.7</ele>
   </trkpt>
   <trkpt lat="40.6136680" lon="-3.1266850">
    <ele>838.8</ele>
   </trkpt>
   <trkpt lat="40.6136860" lon="-3.1266560">
    <ele>839.0</ele>
   </trkpt>
   <trkpt lat="40.6137020" lon="-3.1266210">
    <ele>839.2</ele>
   </trkpt>
   <trkpt lat="40.6137160" lon="-3.1265830">
    <ele>839.4</ele>
   </trkpt>
   <trkpt lat="40.6137350" lon="-3.1265370">
    <ele>839.7</ele>
   </trkpt>
   <trkpt lat="40.6137420" lon="-3.1265210">
    <ele>839.8</ele>
   </trkpt>
   <trkpt lat="40.6137590" lon="-3.1264900">
    <ele>840.0</ele>
   </trkpt>
   <trkpt lat="40.6137760" lon="-3.1264550">
    <ele>840.2</ele>
   </trkpt>
   <trkpt lat="40.6137920" lon="-3.1264260">
    <ele>840.4</ele>
   </trkpt>
   <trkpt lat="40.6138130" lon="-3.1263870">
    <ele>840.6</ele>
   </trkpt>
   <trkpt lat="40.6138210" lon="-3.1263720">
    <ele>840.7</ele>
   </trkpt>
   <trkpt lat="40.6138350" lon="-3.1263420">
    <ele>840.9</ele>
   </trkpt>
   <trkpt lat="40.6138540" lon="-3.1263080">
    <ele>841.1</ele>
   </trkpt>
   <trkpt lat="40.6138740" lon="-3.1262750">
    <ele>841.3</ele>
   </trkpt>
   <trkpt lat="40.6139010" lon="-3.1262400">
    <ele>841.5</ele>
   </trkpt>
   <trkpt lat="40.6139300" lon="-3.1262080">
    <ele>841.8</ele>
   </trkpt>
   <trkpt lat="40.6139550" lon="-3.1261690">
    <ele>842.1</ele>
   </trkpt>
   <trkpt lat="40.6139640" lon="-3.1261570">
    <ele>842.1</ele>
   </trkpt>
   <trkpt lat="40.6139820" lon="-3.1261300">
    <ele>842.3</ele>
   </trkpt>
   <trkpt lat="40.6140000" lon="-3.1261000">
    <ele>842.5</ele>
   </trkpt>
   <trkpt lat="40.6140250" lon="-3.1260670">
    <ele>842.8</ele>
   </trkpt>
   <trkpt lat="40.6140320" lon="-3.1260560">
    <ele>842.8</ele>
   </trkpt>
   <trkpt lat="40.6140620" lon="-3.1260180">
    <ele>843.1</ele>
   </trkpt>
   <trkpt lat="40.6140730" lon="-3.1260050">
    <ele>843.2</ele>
   </trkpt>
   <trkpt lat="40.6140930" lon="-3.1259770">
    <ele>843.4</ele>
   </trkpt>
   <trkpt lat="40.6141180" lon="-3.1259350">
    <ele>843.7</ele>
   </trkpt>
   <trkpt lat="40.6141260" lon="-3.1259200">
    <ele>843.8</ele>
   </trkpt>
   <trkpt lat="40.6141420" lon="-3.1258890">
    <ele>844.0</ele>
   </trkpt>
   <trkpt lat="40.6141600" lon="-3.1258600">
    <ele>844.2</ele>
   </trkpt>
   <trkpt lat="40.6141730" lon="-3.1258250">
    <ele>844.3</ele>
   </trkpt>
   <trkpt lat="40.6141930" lon="-3.1257820">
    <ele>844.6</ele>
   </trkpt>
   <trkpt lat="40.6142000" lon="-3.1257670">
    <ele>844.7</ele>
   </trkpt>
   <trkpt lat="40.6142180" lon="-3.1257350">
    <ele>844.9</ele>
   </trkpt>
   <trkpt lat="40.6142330" lon="-3.1257020">
    <ele>845.0</ele>
   </trkpt>
   <trkpt lat="40.6142530" lon="-3.1256670">
    <ele>845.2</ele>
   </trkpt>
   <trkpt lat="40.6142570" lon="-3.1256560">
    <ele>845.3</ele>
   </trkpt>
   <trkpt lat="40.6142830" lon="-3.1256140">
    <ele>845.6</ele>
   </trkpt>
   <trkpt lat="40.6142910" lon="-3.1255960">
    <ele>845.7</ele>
   </trkpt>
   <trkpt lat="40.6143090" lon="-3.1255620">
    <ele>845.9</ele>
   </trkpt>
   <trkpt lat="40.6143320" lon="-3.1255150">
    <ele>846.1</ele>
   </trkpt>
   <trkpt lat="40.6143400" lon="-3.1254980">
    <ele>846.2</ele>
   </trkpt>
   <trkpt lat="40.6143500" lon="-3.1254620">
    <ele>846.4</ele>
   </trkpt>
   <trkpt lat="40.6143580" lon="-3.1254120">
    <ele>846.6</ele>
   </trkpt>
   <trkpt lat="40.6143620" lon="-3.1253930">
    <ele>846.7</ele>
   </trkpt>
   <trkpt lat="40.6143680" lon="-3.1253480">
    <ele>847.0</ele>
   </trkpt>
   <trkpt lat="40.6143720" lon="-3.1253040">
    <ele>847.2</ele>
   </trkpt>
   <trkpt lat="40.6143750" lon="-3.1252550">
    <ele>847.4</ele>
   </trkpt>
   <trkpt lat="40.6143770" lon="-3.1252060">
    <ele>847.7</ele>
   </trkpt>
   <trkpt lat="40.6143780" lon="-3.1251920">
    <ele>847.7</ele>
   </trkpt>
   <trkpt lat="40.6143940" lon="-3.1251410">
    <ele>848.0</ele>
   </trkpt>
   <trkpt lat="40.6143990" lon="-3.1251220">
    <ele>848.1</ele>
   </trkpt>
   <trkpt lat="40.6144050" lon="-3.1250850">
    <ele>848.3</ele>
   </trkpt>
   <trkpt lat="40.6144120" lon="-3.1250400">
    <ele>848.5</ele>
   </trkpt>
   <trkpt lat="40.6144180" lon="-3.1249990">
    <ele>848.7</ele>
   </trkpt>
   <trkpt lat="40.6144180" lon="-3.1249830">
    <ele>848.8</ele>
   </trkpt>
   <trkpt lat="40.6144220" lon="-3.1249390">
    <ele>849.0</ele>
   </trkpt>
   <trkpt lat="40.6144260" lon="-3.1249210">
    <ele>849.1</ele>
   </trkpt>
   <trkpt lat="40.6144380" lon="-3.1248810">
    <ele>849.3</ele>
   </trkpt>
   <trkpt lat="40.6144460" lon="-3.1248430">
    <ele>849.5</ele>
   </trkpt>
   <trkpt lat="40.6144570" lon="-3.1248010">
    <ele>849.7</ele>
   </trkpt>
   <trkpt lat="40.6144580" lon="-3.1247490">
    <ele>850.0</ele>
   </trkpt>
   <trkpt lat="40.6144570" lon="-3.1247330">
    <ele>850.1</ele>
   </trkpt>
   <trkpt lat="40.6144560" lon="-3.1246850">
    <ele>850.3</ele>
   </trkpt>
   <trkpt lat="40.6144540" lon="-3.1246700">
    <ele>850.4</ele>
   </trkpt>
   <trkpt lat="40.6144480" lon="-3.1246240">
    <ele>850.6</ele>
   </trkpt>
   <trkpt lat="40.6144470" lon="-3.1246090">
    <ele>850.7</ele>
   </trkpt>
   <trkpt lat="40.6144380" lon="-3.1245640">
    <ele>851.0</ele>
   </trkpt>
   <trkpt lat="40.6144340" lon="-3.1245480">
    <ele>851.0</ele>
   </trkpt>
   <trkpt lat="40.6144340" lon="-3.1244950">
    <ele>851.3</ele>
   </trkpt>
   <trkpt lat="40.6144330" lon="-3.1244750">
    <ele>851.4</ele>
   </trkpt>
   <trkpt lat="40.6144230" lon="-3.1244410">
    <ele>851.6</ele>
   </trkpt>
   <trkpt lat="40.6144000" lon="-3.1244010">
    <ele>851.9</ele>
   </trkpt>
   <trkpt lat="40.6143920" lon="-3.1243830">
    <ele>852.0</ele>
   </trkpt>
   <trkpt lat="40.6143750" lon="-3.1243370">
    <ele>852.3</ele>
   </trkpt>
   <trkpt lat="40.6143690" lon="-3.1243230">
    <ele>852.3</ele>
   </trkpt>
   <trkpt lat="40.6143520" lon="-3.1242780">
    <ele>852.6</ele>
   </trkpt>
   <trkpt lat="40.6143450" lon="-3.1242610">
    <ele>852.7</ele>
   </trkpt>
   <trkpt lat="40.6143250" lon="-3.1242180">
    <ele>853.0</ele>
   </trkpt>
   <trkpt lat="40.6143190" lon="-3.1242040">
    <ele>853.1</ele>
   </trkpt>
   <trkpt lat="40.6143110" lon="-3.1241630">
    <ele>853.3</ele>
   </trkpt>
   <trkpt lat="40.6143030" lon="-3.1241230">
    <ele>853.5</ele>
   </trkpt>
   <trkpt lat="40.6142920" lon="-3.1240850">
    <ele>853.7</ele>
   </trkpt>
   <trkpt lat="40.6142700" lon="-3.1240560">
    <ele>853.9</ele>
   </trkpt>
   <trkpt lat="40.6142640" lon="-3.1240510">
    <ele>854.0</ele>
   </trkpt>
   <trkpt lat="40.6142490" lon="-3.1240420">
    <ele>854.1</ele>
   </trkpt>
   <trkpt lat="40.6142360" lon="-3.1240320">
    <ele>854.2</ele>
   </trkpt>
   <trkpt lat="40.6142210" lon="-3.1239900">
    <ele>854.4</ele>
   </trkpt>
   <trkpt lat="40.6142160" lon="-3.1239770">
    <ele>854.5</ele>
   </trkpt>
   <trkpt lat="40.6141960" lon="-3.1239360">
    <ele>854.8</ele>
   </trkpt>
   <trkpt lat="40.6141740" lon="-3.1238930">
    <ele>855.0</ele>
   </trkpt>
   <trkpt lat="40.6141630" lon="-3.1238490">
    <ele>855.2</ele>
   </trkpt>
   <trkpt lat="40.6141460" lon="-3.1237970">
    <ele>855.5</ele>
   </trkpt>
   <trkpt lat="40.6141300" lon="-3.1237650">
    <ele>855.7</ele>
   </trkpt>
   <trkpt lat="40.6141080" lon="-3.1237300">
    <ele>855.9</ele>
   </trkpt>
   <trkpt lat="40.6141000" lon="-3.1237180">
    <ele>856.0</ele>
   </trkpt>
   <trkpt lat="40.6140780" lon="-3.1236870">
    <ele>856.2</ele>
   </trkpt>
   <trkpt lat="40.6140560" lon="-3.1236580">
    <ele>856.4</ele>
   </trkpt>
   <trkpt lat="40.6140340" lon="-3.1236200">
    <ele>856.6</ele>
   </trkpt>
   <trkpt lat="40.6140280" lon="-3.1236070">
    <ele>856.7</ele>
   </trkpt>
   <trkpt lat="40.6140220" lon="-3.1235550">
    <ele>857.0</ele>
   </trkpt>
   <trkpt lat="40.6140200" lon="-3.1235360">
    <ele>857.1</ele>
   </trkpt>
   <trkpt lat="40.6140130" lon="-3.1234880">
    <ele>857.3</ele>
   </trkpt>
   <trkpt lat="40.6140070" lon="-3.1234720">
    <ele>857.4</ele>
   </trkpt>
   <trkpt lat="40.6139880" lon="-3.1234290">
    <ele>857.6</ele>
   </trkpt>
   <trkpt lat="40.6139820" lon="-3.1234170">
    <ele>857.7</ele>
   </trkpt>
   <trkpt lat="40.6139700" lon="-3.1233800">
    <ele>857.9</ele>
   </trkpt>
   <trkpt lat="40.6139660" lon="-3.1233700">
    <ele>858.0</ele>
   </trkpt>
   <trkpt lat="40.6139480" lon="-3.1233350">
    <ele>858.2</ele>
   </trkpt>
   <trkpt lat="40.6139430" lon="-3.1233230">
    <ele>858.2</ele>
   </trkpt>
   <trkpt lat="40.6139270" lon="-3.1232930">
    <ele>858.4</ele>
   </trkpt>
   <trkpt lat="40.6139100" lon="-3.1232560">
    <ele>858.6</ele>
   </trkpt>
   <trkpt lat="40.6138980" lon="-3.1232110">
    <ele>858.8</ele>
   </trkpt>
   <trkpt lat="40.6138900" lon="-3.1231720">
    <ele>859.0</ele>
   </trkpt>
   <trkpt lat="40.6138770" lon="-3.1231380">
    <ele>859.2</ele>
   </trkpt>
   <trkpt lat="40.6138700" lon="-3.1231030">
    <ele>859.4</ele>
   </trkpt>
   <trkpt lat="40.6138670" lon="-3.1230540">
    <ele>859.6</ele>
   </trkpt>
   <trkpt lat="40.6138640" lon="-3.1230390">
    <ele>859.7</ele>
   </trkpt>
   <trkpt lat="40.6138560" lon="-3.1230040">
    <ele>859.9</ele>
   </trkpt>
   <trkpt lat="40.6138500" lon="-3.1229580">
    <ele>860.1</ele>
   </trkpt>
   <trkpt lat="40.6138520" lon="-3.1229420">
    <ele>860.2</ele>
   </trkpt>
   <trkpt lat="40.6138520" lon="-3.1228900">
    <ele>860.5</ele>
   </trkpt>
   <trkpt lat="40.6138510" lon="-3.1228700">
    <ele>860.6</ele>
   </trkpt>
   <trkpt lat="40.6138330" lon="-3.1228430">
    <ele>860.7</ele>
   </trkpt>
   <trkpt lat="40.6138290" lon="-3.1228050">
    <ele>860.9</ele>
   </trkpt>
   <trkpt lat="40.6138340" lon="-3.1227670">
    <ele>861.1</ele>
   </trkpt>
   <trkpt lat="40.6138350" lon="-3.1227550">
    <ele>861.2</ele>
   </trkpt>
   <trkpt lat="40.6138350" lon="-3.1227180">
    <ele>861.3</ele>
   </trkpt>
   <trkpt lat="40.6138360" lon="-3.1227050">
    <ele>861.4</ele>
   </trkpt>
   <trkpt lat="40.6138400" lon="-3.1226660">
    <ele>861.6</ele>
   </trkpt>
   <trkpt lat="40.6138430" lon="-3.1226480">
    <ele>861.7</ele>
   </trkpt>
   <trkpt lat="40.6138510" lon="-3.1226040">
    <ele>861.9</ele>
   </trkpt>
   <trkpt lat="40.6138480" lon="-3.1225650">
    <ele>862.1</ele>
   </trkpt>
   <trkpt lat="40.6138640" lon="-3.1225170">
    <ele>862.3</ele>
   </trkpt>
   <trkpt lat="40.6138690" lon="-3.1225000">
    <ele>862.4</ele>
   </trkpt>
   <trkpt lat="40.6138660" lon="-3.1224640">
    <ele>862.6</ele>
   </trkpt>
   <trkpt lat="40.6138760" lon="-3.1224260">
    <ele>862.8</ele>
   </trkpt>
   <trkpt lat="40.6138900" lon="-3.1223790">
    <ele>863.0</ele>
   </trkpt>
   <trkpt lat="40.6138940" lon="-3.1223630">
    <ele>863.1</ele>
   </trkpt>
   <trkpt lat="40.6139020" lon="-3.1223290">
    <ele>863.2</ele>
   </trkpt>
   <trkpt lat="40.6139090" lon="-3.1222840">
    <ele>863.5</ele>
   </trkpt>
   <trkpt lat="40.6139120" lon="-3.1222660">
    <ele>863.5</ele>
   </trkpt>
   <trkpt lat="40.6139220" lon="-3.1222140">
    <ele>863.8</ele>
   </trkpt>
   <trkpt lat="40.6139280" lon="-3.1221950">
    <ele>863.9</ele>
   </trkpt>
   <trkpt lat="40.6139420" lon="-3.1221630">
    <ele>864.0</ele>
   </trkpt>
   <trkpt lat="40.6139560" lon="-3.1221270">
    <ele>864.2</ele>
   </trkpt>
   <trkpt lat="40.6139640" lon="-3.1220890">
    <ele>864.4</ele>
   </trkpt>
   <trkpt lat="40.6139770" lon="-3.1220530">
    <ele>864.6</ele>
   </trkpt>
   <trkpt lat="40.6139970" lon="-3.1220210">
    <ele>864.9</ele>
   </trkpt>
   <trkpt lat="40.6140140" lon="-3.1219920">
    <ele>865.0</ele>
   </trkpt>
   <trkpt lat="40.6140310" lon="-3.1219620">
    <ele>865.2</ele>
   </trkpt>
   <trkpt lat="40.6140430" lon="-3.1219270">
    <ele>865.4</ele>
   </trkpt>
   <trkpt lat="40.6140610" lon="-3.1218980">
    <ele>865.6</ele>
   </trkpt>
   <trkpt lat="40.6140810" lon="-3.1218500">
    <ele>865.9</ele>
   </trkpt>
   <trkpt lat="40.6140890" lon="-3.1218330">
    <ele>866.0</ele>
   </trkpt>
   <trkpt lat="40.6141040" lon="-3.1217900">
    <ele>866.2</ele>
   </trkpt>
   <trkpt lat="40.6141060" lon="-3.1217740">
    <ele>866.3</ele>
   </trkpt>
   <trkpt lat="40.6141260" lon="-3.1217270">
    <ele>866.6</ele>
   </trkpt>
   <trkpt lat="40.6141340" lon="-3.1217080">
    <ele>866.7</ele>
   </trkpt>
   <trkpt lat="40.6141360" lon="-3.1216710">
    <ele>866.9</ele>
   </trkpt>
   <trkpt lat="40.6141500" lon="-3.1216370">
    <ele>867.1</ele>
   </trkpt>
   <trkpt lat="40.6141700" lon="-3.1215930">
    <ele>867.3</ele>
   </trkpt>
   <trkpt lat="40.6141770" lon="-3.1215760">
    <ele>867.4</ele>
   </trkpt>
   <trkpt lat="40.6141920" lon="-3.1215380">
    <ele>867.6</ele>
   </trkpt>
   <trkpt lat="40.6142060" lon="-3.1215050">
    <ele>867.8</ele>
   </trkpt>
   <trkpt lat="40.6142190" lon="-3.1214560">
    <ele>868.1</ele>
   </trkpt>
   <trkpt lat="40.6142260" lon="-3.1214390">
    <ele>868.2</ele>
   </trkpt>
   <trkpt lat="40.6142400" lon="-3.1213940">
    <ele>868.4</ele>
   </trkpt>
   <trkpt lat="40.6142460" lon="-3.1213770">
    <ele>868.5</ele>
   </trkpt>
   <trkpt lat="40.6142640" lon="-3.1213350">
    <ele>868.8</ele>
   </trkpt>
   <trkpt lat="40.6142690" lon="-3.1213200">
    <ele>868.9</ele>
   </trkpt>
   <trkpt lat="40.6142840" lon="-3.1212740">
    <ele>869.1</ele>
   </trkpt>
   <trkpt lat="40.6142880" lon="-3.1212580">
    <ele>869.2</ele>
   </trkpt>
   <trkpt lat="40.6142980" lon="-3.1212160">
    <ele>869.4</ele>
   </trkpt>
   <trkpt lat="40.6143010" lon="-3.1211970">
    <ele>869.5</ele>
   </trkpt>
   <trkpt lat="40.6143140" lon="-3.1211480">
    <ele>869.8</ele>
   </trkpt>
   <trkpt lat="40.6143200" lon="-3.1211300">
    <ele>869.9</ele>
   </trkpt>
   <trkpt lat="40.6143540" lon="-3.1210910">
    <ele>870.2</ele>
   </trkpt>
   <trkpt lat="40.6143770" lon="-3.1210620">
    <ele>870.5</ele>
   </trkpt>
   <trkpt lat="40.6143990" lon="-3.1210300">
    <ele>870.7</ele>
   </trkpt>
   <trkpt lat="40.6144130" lon="-3.1209820">
    <ele>871.0</ele>
   </trkpt>
   <trkpt lat="40.6144170" lon="-3.1209660">
    <ele>871.1</ele>
   </trkpt>
   <trkpt lat="40.6144390" lon="-3.1209240">
    <ele>871.5</ele>
   </trkpt>
   <trkpt lat="40.6144440" lon="-3.1209090">
    <ele>871.6</ele>
   </trkpt>
   <trkpt lat="40.6144610" lon="-3.1208620">
    <ele>872.2</ele>
   </trkpt>
   <trkpt lat="40.6144680" lon="-3.1208480">
    <ele>872.4</ele>
   </trkpt>
   <trkpt lat="40.6144800" lon="-3.1208000">
    <ele>873.0</ele>
   </trkpt>
   <trkpt lat="40.6144830" lon="-3.1207830">
    <ele>873.2</ele>
   </trkpt>
   <trkpt lat="40.6145050" lon="-3.1207410">
    <ele>873.7</ele>
   </trkpt>
   <trkpt lat="40.6145140" lon="-3.1207300">
    <ele>873.9</ele>
   </trkpt>
   <trkpt lat="40.6145380" lon="-3.1207040">
    <ele>874.4</ele>
   </trkpt>
   <trkpt lat="40.6145620" lon="-3.1206790">
    <ele>874.8</ele>
   </trkpt>
   <trkpt lat="40.6145870" lon="-3.1206430">
    <ele>875.3</ele>
   </trkpt>
   <trkpt lat="40.6145950" lon="-3.1206320">
    <ele>875.3</ele>
   </trkpt>
   <trkpt lat="40.6146190" lon="-3.1206050">
    <ele>875.4</ele>
   </trkpt>
   <trkpt lat="40.6146290" lon="-3.1205970">
    <ele>875.5</ele>
   </trkpt>
   <trkpt lat="40.6146600" lon="-3.1205780">
    <ele>875.8</ele>
   </trkpt>
   <trkpt lat="40.6146720" lon="-3.1205720">
    <ele>875.9</ele>
   </trkpt>
   <trkpt lat="40.6147050" lon="-3.1205420">
    <ele>876.2</ele>
   </trkpt>
   <trkpt lat="40.6147150" lon="-3.1205300">
    <ele>876.3</ele>
   </trkpt>
   <trkpt lat="40.6147330" lon="-3.1204890">
    <ele>876.6</ele>
   </trkpt>
   <trkpt lat="40.6147400" lon="-3.1204760">
    <ele>876.7</ele>
   </trkpt>
   <trkpt lat="40.6147600" lon="-3.1204400">
    <ele>876.9</ele>
   </trkpt>
   <trkpt lat="40.6147650" lon="-3.1204280">
    <ele>877.0</ele>
   </trkpt>
   <trkpt lat="40.6147630" lon="-3.1203840">
    <ele>877.3</ele>
   </trkpt>
   <trkpt lat="40.6147590" lon="-3.1203710">
    <ele>877.4</ele>
   </trkpt>
   <trkpt lat="40.6147480" lon="-3.1203200">
    <ele>877.7</ele>
   </trkpt>
   <trkpt lat="40.6147450" lon="-3.1203020">
    <ele>877.8</ele>
   </trkpt>
   <trkpt lat="40.6147450" lon="-3.1202500">
    <ele>878.1</ele>
   </trkpt>
   <trkpt lat="40.6147430" lon="-3.1202320">
    <ele>878.2</ele>
   </trkpt>
   <trkpt lat="40.6147420" lon="-3.1201940">
    <ele>878.4</ele>
   </trkpt>
   <trkpt lat="40.6147340" lon="-3.1201390">
    <ele>878.8</ele>
   </trkpt>
   <trkpt lat="40.6147300" lon="-3.1201170">
    <ele>878.9</ele>
   </trkpt>
   <trkpt lat="40.6147180" lon="-3.1200780">
    <ele>879.1</ele>
   </trkpt>
   <trkpt lat="40.6147120" lon="-3.1200660">
    <ele>879.2</ele>
   </trkpt>
   <trkpt lat="40.6146920" lon="-3.1200400">
    <ele>879.4</ele>
   </trkpt>
   <trkpt lat="40.6146780" lon="-3.1200030">
    <ele>879.6</ele>
   </trkpt>
   <trkpt lat="40.6146630" lon="-3.1199530">
    <ele>879.9</ele>
   </trkpt>
   <trkpt lat="40.6146590" lon="-3.1199350">
    <ele>880.0</ele>
   </trkpt>
   <trkpt lat="40.6146550" lon="-3.1198890">
    <ele>880.2</ele>
   </trkpt>
   <trkpt lat="40.6146530" lon="-3.1198740">
    <ele>880.3</ele>
   </trkpt>
   <trkpt lat="40.6146520" lon="-3.1198350">
    <ele>880.5</ele>
   </trkpt>
   <trkpt lat="40.6146480" lon="-3.1198220">
    <ele>880.5</ele>
   </trkpt>
   <trkpt lat="40.6146450" lon="-3.1197730">
    <ele>880.8</ele>
   </trkpt>
   <trkpt lat="40.6146430" lon="-3.1197560">
    <ele>880.8</ele>
   </trkpt>
   <trkpt lat="40.6146450" lon="-3.1197140">
    <ele>881.0</ele>
   </trkpt>
   <trkpt lat="40.6146450" lon="-3.1196780">
    <ele>881.2</ele>
   </trkpt>
   <trkpt lat="40.6146450" lon="-3.1196250">
    <ele>881.4</ele>
   </trkpt>
   <trkpt lat="40.6146420" lon="-3.1196030">
    <ele>881.5</ele>
   </trkpt>
   <trkpt lat="40.6146470" lon="-3.1195590">
    <ele>881.7</ele>
   </trkpt>
   <trkpt lat="40.6146450" lon="-3.1195190">
    <ele>881.9</ele>
   </trkpt>
   <trkpt lat="40.6146490" lon="-3.1194820">
    <ele>882.0</ele>
   </trkpt>
   <trkpt lat="40.6146540" lon="-3.1194460">
    <ele>882.2</ele>
   </trkpt>
   <trkpt lat="40.6146530" lon="-3.1193910">
    <ele>882.4</ele>
   </trkpt>
   <trkpt lat="40.6146530" lon="-3.1193710">
    <ele>882.5</ele>
   </trkpt>
   <trkpt lat="40.6146550" lon="-3.1193230">
    <ele>882.7</ele>
   </trkpt>
   <trkpt lat="40.6146530" lon="-3.1193080">
    <ele>882.7</ele>
   </trkpt>
   <trkpt lat="40.6146540" lon="-3.1192660">
    <ele>882.9</ele>
   </trkpt>
   <trkpt lat="40.6146560" lon="-3.1192490">
    <ele>883.0</ele>
   </trkpt>
   <trkpt lat="40.6146590" lon="-3.1192040">
    <ele>883.2</ele>
   </trkpt>
   <trkpt lat="40.6146680" lon="-3.1191630">
    <ele>883.3</ele>
   </trkpt>
   <trkpt lat="40.6146740" lon="-3.1191260">
    <ele>883.5</ele>
   </trkpt>
   <trkpt lat="40.6146820" lon="-3.1190840">
    <ele>883.7</ele>
   </trkpt>
   <trkpt lat="40.6146850" lon="-3.1190720">
    <ele>883.7</ele>
   </trkpt>
   <trkpt lat="40.6146810" lon="-3.1190350">
    <ele>883.9</ele>
   </trkpt>
   <trkpt lat="40.6146790" lon="-3.1190220">
    <ele>883.9</ele>
   </trkpt>
   <trkpt lat="40.6146810" lon="-3.1189850">
    <ele>884.1</ele>
   </trkpt>
   <trkpt lat="40.6146820" lon="-3.1189690">
    <ele>884.1</ele>
   </trkpt>
   <trkpt lat="40.6146790" lon="-3.1189240">
    <ele>884.3</ele>
   </trkpt>
   <trkpt lat="40.6146770" lon="-3.1189070">
    <ele>884.4</ele>
   </trkpt>
   <trkpt lat="40.6146830" lon="-3.1188610">
    <ele>884.6</ele>
   </trkpt>
   <trkpt lat="40.6146840" lon="-3.1188460">
    <ele>884.7</ele>
   </trkpt>
   <trkpt lat="40.6146880" lon="-3.1187970">
    <ele>884.9</ele>
   </trkpt>
   <trkpt lat="40.6146900" lon="-3.1187800">
    <ele>885.0</ele>
   </trkpt>
   <trkpt lat="40.6146930" lon="-3.1187380">
    <ele>885.1</ele>
   </trkpt>
   <trkpt lat="40.6146930" lon="-3.1187210">
    <ele>885.2</ele>
   </trkpt>
   <trkpt lat="40.6146980" lon="-3.1186790">
    <ele>885.4</ele>
   </trkpt>
   <trkpt lat="40.6147060" lon="-3.1186340">
    <ele>885.6</ele>
   </trkpt>
   <trkpt lat="40.6147160" lon="-3.1185830">
    <ele>885.8</ele>
   </trkpt>
   <trkpt lat="40.6147180" lon="-3.1185650">
    <ele>885.9</ele>
   </trkpt>
   <trkpt lat="40.6147250" lon="-3.1185250">
    <ele>886.1</ele>
   </trkpt>
   <trkpt lat="40.6147360" lon="-3.1184900">
    <ele>886.2</ele>
   </trkpt>
   <trkpt lat="40.6147410" lon="-3.1184460">
    <ele>886.4</ele>
   </trkpt>
   <trkpt lat="40.6147410" lon="-3.1184300">
    <ele>886.5</ele>
   </trkpt>
   <trkpt lat="40.6147360" lon="-3.1183940">
    <ele>886.6</ele>
   </trkpt>
   <trkpt lat="40.6147400" lon="-3.1183560">
    <ele>886.8</ele>
   </trkpt>
   <trkpt lat="40.6147380" lon="-3.1183120">
    <ele>887.0</ele>
   </trkpt>
   <trkpt lat="40.6147380" lon="-3.1182760">
    <ele>887.2</ele>
   </trkpt>
   <trkpt lat="40.6147470" lon="-3.1182330">
    <ele>887.3</ele>
   </trkpt>
   <trkpt lat="40.6147500" lon="-3.1182150">
    <ele>887.4</ele>
   </trkpt>
   <trkpt lat="40.6147590" lon="-3.1181650">
    <ele>887.6</ele>
   </trkpt>
   <trkpt lat="40.6147610" lon="-3.1181470">
    <ele>887.7</ele>
   </trkpt>
   <trkpt lat="40.6147750" lon="-3.1180990">
    <ele>887.9</ele>
   </trkpt>
   <trkpt lat="40.6147790" lon="-3.1180820">
    <ele>888.0</ele>
   </trkpt>
   <trkpt lat="40.6147880" lon="-3.1180380">
    <ele>888.2</ele>
   </trkpt>
   <trkpt lat="40.6147920" lon="-3.1180220">
    <ele>888.3</ele>
   </trkpt>
   <trkpt lat="40.6147940" lon="-3.1179860">
    <ele>888.4</ele>
   </trkpt>
   <trkpt lat="40.6148000" lon="-3.1179410">
    <ele>888.6</ele>
   </trkpt>
   <trkpt lat="40.6148010" lon="-3.1179260">
    <ele>888.7</ele>
   </trkpt>
   <trkpt lat="40.6148080" lon="-3.1178770">
    <ele>888.9</ele>
   </trkpt>
   <trkpt lat="40.6148120" lon="-3.1178600">
    <ele>889.0</ele>
   </trkpt>
   <trkpt lat="40.6148170" lon="-3.1178090">
    <ele>889.2</ele>
   </trkpt>
   <trkpt lat="40.6148170" lon="-3.1177900">
    <ele>889.3</ele>
   </trkpt>
   <trkpt lat="40.6148230" lon="-3.1177400">
    <ele>889.5</ele>
   </trkpt>
   <trkpt lat="40.6148250" lon="-3.1177230">
    <ele>889.5</ele>
   </trkpt>
   <trkpt lat="40.6148320" lon="-3.1176810">
    <ele>889.7</ele>
   </trkpt>
   <trkpt lat="40.6148350" lon="-3.1176660">
    <ele>889.8</ele>
   </trkpt>
   <trkpt lat="40.6148480" lon="-3.1176260">
    <ele>890.0</ele>
   </trkpt>
   <trkpt lat="40.6148500" lon="-3.1176130">
    <ele>890.0</ele>
   </trkpt>
   <trkpt lat="40.6148580" lon="-3.1175660">
    <ele>890.2</ele>
   </trkpt>
   <trkpt lat="40.6148600" lon="-3.1175500">
    <ele>890.3</ele>
   </trkpt>
   <trkpt lat="40.6148690" lon="-3.1175040">
    <ele>890.5</ele>
   </trkpt>
   <trkpt lat="40.6148700" lon="-3.1174880">
    <ele>890.5</ele>
   </trkpt>
   <trkpt lat="40.6148710" lon="-3.1174470">
    <ele>890.7</ele>
   </trkpt>
   <trkpt lat="40.6148720" lon="-3.1174310">
    <ele>890.8</ele>
   </trkpt>
   <trkpt lat="40.6148820" lon="-3.1173790">
    <ele>891.0</ele>
   </trkpt>
   <trkpt lat="40.6148880" lon="-3.1173600">
    <ele>891.1</ele>
   </trkpt>
   <trkpt lat="40.6148950" lon="-3.1173080">
    <ele>891.3</ele>
   </trkpt>
   <trkpt lat="40.6148960" lon="-3.1172870">
    <ele>891.4</ele>
   </trkpt>
   <trkpt lat="40.6148990" lon="-3.1172390">
    <ele>891.6</ele>
   </trkpt>
   <trkpt lat="40.6148990" lon="-3.1172220">
    <ele>891.7</ele>
   </trkpt>
   <trkpt lat="40.6149030" lon="-3.1171830">
    <ele>891.9</ele>
   </trkpt>
   <trkpt lat="40.6149050" lon="-3.1171370">
    <ele>892.1</ele>
   </trkpt>
   <trkpt lat="40.6149080" lon="-3.1171010">
    <ele>892.2</ele>
   </trkpt>
   <trkpt lat="40.6149190" lon="-3.1170530">
    <ele>892.4</ele>
   </trkpt>
   <trkpt lat="40.6149210" lon="-3.1170350">
    <ele>892.5</ele>
   </trkpt>
   <trkpt lat="40.6149320" lon="-3.1169890">
    <ele>892.7</ele>
   </trkpt>
   <trkpt lat="40.6149390" lon="-3.1169730">
    <ele>892.8</ele>
   </trkpt>
   <trkpt lat="40.6149540" lon="-3.1169390">
    <ele>892.9</ele>
   </trkpt>
   <trkpt lat="40.6149620" lon="-3.1169000">
    <ele>893.1</ele>
   </trkpt>
   <trkpt lat="40.6149800" lon="-3.1168550">
    <ele>893.3</ele>
   </trkpt>
   <trkpt lat="40.6149880" lon="-3.1168400">
    <ele>893.4</ele>
   </trkpt>
   <trkpt lat="40.6150070" lon="-3.1168080">
    <ele>893.6</ele>
   </trkpt>
   <trkpt lat="40.6150250" lon="-3.1167670">
    <ele>893.8</ele>
   </trkpt>
   <trkpt lat="40.6150310" lon="-3.1167510">
    <ele>893.9</ele>
   </trkpt>
   <trkpt lat="40.6150450" lon="-3.1167190">
    <ele>894.0</ele>
   </trkpt>
   <trkpt lat="40.6150560" lon="-3.1166750">
    <ele>894.1</ele>
   </trkpt>
   <trkpt lat="40.6150600" lon="-3.1166600">
    <ele>894.1</ele>
   </trkpt>
   <trkpt lat="40.6150780" lon="-3.1166200">
    <ele>894.2</ele>
   </trkpt>
   <trkpt lat="40.6150820" lon="-3.1166070">
    <ele>894.2</ele>
   </trkpt>
   <trkpt lat="40.6150960" lon="-3.1165630">
    <ele>894.3</ele>
   </trkpt>
   <trkpt lat="40.6150990" lon="-3.1165490">
    <ele>894.4</ele>
   </trkpt>
   <trkpt lat="40.6151140" lon="-3.1165040">
    <ele>894.5</ele>
   </trkpt>
   <trkpt lat="40.6151170" lon="-3.1164890">
    <ele>894.5</ele>
   </trkpt>
   <trkpt lat="40.6151110" lon="-3.1164440">
    <ele>894.6</ele>
   </trkpt>
   <trkpt lat="40.6151070" lon="-3.1164310">
    <ele>894.7</ele>
   </trkpt>
   <trkpt lat="40.6150980" lon="-3.1163930">
    <ele>894.9</ele>
   </trkpt>
   <trkpt lat="40.6150810" lon="-3.1163520">
    <ele>895.0</ele>
   </trkpt>
   <trkpt lat="40.6150740" lon="-3.1163400">
    <ele>895.1</ele>
   </trkpt>
   <trkpt lat="40.6150400" lon="-3.1163110">
    <ele>895.3</ele>
   </trkpt>
   <trkpt lat="40.6150240" lon="-3.1163040">
    <ele>895.4</ele>
   </trkpt>
   <trkpt lat="40.6149860" lon="-3.1162980">
    <ele>895.6</ele>
   </trkpt>
   <trkpt lat="40.6149710" lon="-3.1162930">
    <ele>895.7</ele>
   </trkpt>
   <trkpt lat="40.6149420" lon="-3.1162900">
    <ele>895.8</ele>
   </trkpt>
   <trkpt lat="40.6149160" lon="-3.1162810">
    <ele>896.0</ele>
   </trkpt>
   <trkpt lat="40.6148790" lon="-3.1162810">
    <ele>896.2</ele>
   </trkpt>
   <trkpt lat="40.6148670" lon="-3.1162810">
    <ele>896.3</ele>
   </trkpt>
   <trkpt lat="40.6148300" lon="-3.1162770">
    <ele>896.4</ele>
   </trkpt>
   <trkpt lat="40.6148190" lon="-3.1162760">
    <ele>896.5</ele>
   </trkpt>
   <trkpt lat="40.6147790" lon="-3.1162800">
    <ele>896.7</ele>
   </trkpt>
   <trkpt lat="40.6147660" lon="-3.1162810">
    <ele>896.8</ele>
   </trkpt>
   <trkpt lat="40.6147320" lon="-3.1162980">
    <ele>896.9</ele>
   </trkpt>
   <trkpt lat="40.6147200" lon="-3.1163080">
    <ele>897.0</ele>
   </trkpt>
   <trkpt lat="40.6146970" lon="-3.1163330">
    <ele>897.1</ele>
   </trkpt>
   <trkpt lat="40.6146710" lon="-3.1163580">
    <ele>897.3</ele>
   </trkpt>
   <trkpt lat="40.6146440" lon="-3.1163890">
    <ele>897.4</ele>
   </trkpt>
   <trkpt lat="40.6146350" lon="-3.1163990">
    <ele>897.5</ele>
   </trkpt>
   <trkpt lat="40.6146050" lon="-3.1164270">
    <ele>897.7</ele>
   </trkpt>
   <trkpt lat="40.6145940" lon="-3.1164360">
    <ele>897.7</ele>
   </trkpt>
   <trkpt lat="40.6145710" lon="-3.1164720">
    <ele>897.9</ele>
   </trkpt>
   <trkpt lat="40.6145630" lon="-3.1164810">
    <ele>898.0</ele>
   </trkpt>
   <trkpt lat="40.6145390" lon="-3.1165210">
    <ele>898.2</ele>
   </trkpt>
   <trkpt lat="40.6145330" lon="-3.1165360">
    <ele>898.2</ele>
   </trkpt>
   <trkpt lat="40.6145180" lon="-3.1165840">
    <ele>898.4</ele>
   </trkpt>
   <trkpt lat="40.6145120" lon="-3.1165990">
    <ele>898.5</ele>
   </trkpt>
   <trkpt lat="40.6144970" lon="-3.1166360">
    <ele>898.7</ele>
   </trkpt>
   <trkpt lat="40.6144790" lon="-3.1166740">
    <ele>898.8</ele>
   </trkpt>
   <trkpt lat="40.6144680" lon="-3.1167080">
    <ele>899.0</ele>
   </trkpt>
   <trkpt lat="40.6144420" lon="-3.1167510">
    <ele>899.2</ele>
   </trkpt>
   <trkpt lat="40.6144320" lon="-3.1167640">
    <ele>899.3</ele>
   </trkpt>
   <trkpt lat="40.6144140" lon="-3.1167940">
    <ele>899.5</ele>
   </trkpt>
   <trkpt lat="40.6143980" lon="-3.1168280">
    <ele>899.6</ele>
   </trkpt>
   <trkpt lat="40.6143830" lon="-3.1168770">
    <ele>899.8</ele>
   </trkpt>
   <trkpt lat="40.6143780" lon="-3.1168940">
    <ele>899.9</ele>
   </trkpt>
   <trkpt lat="40.6143560" lon="-3.1169390">
    <ele>900.1</ele>
   </trkpt>
   <trkpt lat="40.6143500" lon="-3.1169580">
    <ele>900.2</ele>
   </trkpt>
   <trkpt lat="40.6143220" lon="-3.1170030">
    <ele>900.4</ele>
   </trkpt>
   <trkpt lat="40.6143070" lon="-3.1170330">
    <ele>900.6</ele>
   </trkpt>
   <trkpt lat="40.6142950" lon="-3.1170700">
    <ele>900.7</ele>
   </trkpt>
   <trkpt lat="40.6142770" lon="-3.1171050">
    <ele>900.9</ele>
   </trkpt>
   <trkpt lat="40.6142630" lon="-3.1171410">
    <ele>901.1</ele>
   </trkpt>
   <trkpt lat="40.6142440" lon="-3.1171720">
    <ele>901.2</ele>
   </trkpt>
   <trkpt lat="40.6142270" lon="-3.1172040">
    <ele>901.4</ele>
   </trkpt>
   <trkpt lat="40.6142160" lon="-3.1172080">
    <ele>901.4</ele>
   </trkpt>
   <trkpt lat="40.6141940" lon="-3.1172440">
    <ele>901.6</ele>
   </trkpt>
   <trkpt lat="40.6141850" lon="-3.1172860">
    <ele>901.8</ele>
   </trkpt>
   <trkpt lat="40.6141760" lon="-3.1173000">
    <ele>901.9</ele>
   </trkpt>
   <trkpt lat="40.6141550" lon="-3.1173270">
    <ele>902.0</ele>
   </trkpt>
   <trkpt lat="40.6141500" lon="-3.1173370">
    <ele>902.1</ele>
   </trkpt>
   <trkpt lat="40.6141350" lon="-3.1173770">
    <ele>902.3</ele>
   </trkpt>
   <trkpt lat="40.6141290" lon="-3.1173920">
    <ele>902.3</ele>
   </trkpt>
   <trkpt lat="40.6141090" lon="-3.1174290">
    <ele>902.5</ele>
   </trkpt>
   <trkpt lat="40.6141020" lon="-3.1174430">
    <ele>902.6</ele>
   </trkpt>
   <trkpt lat="40.6140870" lon="-3.1174890">
    <ele>902.8</ele>
   </trkpt>
   <trkpt lat="40.6140790" lon="-3.1175030">
    <ele>902.9</ele>
   </trkpt>
   <trkpt lat="40.6140510" lon="-3.1175330">
    <ele>903.1</ele>
   </trkpt>
   <trkpt lat="40.6140410" lon="-3.1175420">
    <ele>903.1</ele>
   </trkpt>
   <trkpt lat="40.6140180" lon="-3.1175630">
    <ele>903.3</ele>
   </trkpt>
   <trkpt lat="40.6139920" lon="-3.1175780">
    <ele>903.4</ele>
   </trkpt>
   <trkpt lat="40.6139740" lon="-3.1176160">
    <ele>903.6</ele>
   </trkpt>
   <trkpt lat="40.6139670" lon="-3.1176290">
    <ele>903.6</ele>
   </trkpt>
   <trkpt lat="40.6139460" lon="-3.1176580">
    <ele>903.8</ele>
   </trkpt>
   <trkpt lat="40.6139290" lon="-3.1176910">
    <ele>904.0</ele>
   </trkpt>
   <trkpt lat="40.6139120" lon="-3.1177270">
    <ele>904.1</ele>
   </trkpt>
   <trkpt lat="40.6138960" lon="-3.1177580">
    <ele>904.3</ele>
   </trkpt>
   <trkpt lat="40.6138760" lon="-3.1177980">
    <ele>904.4</ele>
   </trkpt>
   <trkpt lat="40.6138690" lon="-3.1178130">
    <ele>904.5</ele>
   </trkpt>
   <trkpt lat="40.6138500" lon="-3.1178500">
    <ele>904.7</ele>
   </trkpt>
   <trkpt lat="40.6138430" lon="-3.1178640">
    <ele>904.7</ele>
   </trkpt>
   <trkpt lat="40.6138230" lon="-3.1178940">
    <ele>904.9</ele>
   </trkpt>
   <trkpt lat="40.6138080" lon="-3.1179230">
    <ele>905.0</ele>
   </trkpt>
   <trkpt lat="40.6137850" lon="-3.1179510">
    <ele>905.1</ele>
   </trkpt>
   <trkpt lat="40.6137610" lon="-3.1179900">
    <ele>905.3</ele>
   </trkpt>
   <trkpt lat="40.6137510" lon="-3.1180020">
    <ele>905.4</ele>
   </trkpt>
   <trkpt lat="40.6137300" lon="-3.1180260">
    <ele>905.6</ele>
   </trkpt>
   <trkpt lat="40.6137070" lon="-3.1180480">
    <ele>905.7</ele>
   </trkpt>
   <trkpt lat="40.6136830" lon="-3.1180900">
    <ele>905.9</ele>
   </trkpt>
   <trkpt lat="40.6136760" lon="-3.1181070">
    <ele>906.0</ele>
   </trkpt>
   <trkpt lat="40.6136570" lon="-3.1181350">
    <ele>906.2</ele>
   </trkpt>
   <trkpt lat="40.6136380" lon="-3.1181660">
    <ele>906.3</ele>
   </trkpt>
   <trkpt lat="40.6136120" lon="-3.1181910">
    <ele>906.5</ele>
   </trkpt>
   <trkpt lat="40.6135890" lon="-3.1182120">
    <ele>906.6</ele>
   </trkpt>
   <trkpt lat="40.6135640" lon="-3.1182500">
    <ele>906.8</ele>
   </trkpt>
   <trkpt lat="40.6135540" lon="-3.1182630">
    <ele>906.9</ele>
   </trkpt>
   <trkpt lat="40.6135350" lon="-3.1182910">
    <ele>907.1</ele>
   </trkpt>
   <trkpt lat="40.6135100" lon="-3.1183330">
    <ele>907.3</ele>
   </trkpt>
   <trkpt lat="40.6134990" lon="-3.1183500">
    <ele>907.4</ele>
   </trkpt>
   <trkpt lat="40.6134760" lon="-3.1183840">
    <ele>907.5</ele>
   </trkpt>
   <trkpt lat="40.6134550" lon="-3.1184100">
    <ele>907.7</ele>
   </trkpt>
   <trkpt lat="40.6134310" lon="-3.1184340">
    <ele>907.8</ele>
   </trkpt>
   <trkpt lat="40.6134050" lon="-3.1184530">
    <ele>908.0</ele>
   </trkpt>
   <trkpt lat="40.6133820" lon="-3.1184760">
    <ele>908.1</ele>
   </trkpt>
   <trkpt lat="40.6133570" lon="-3.1184970">
    <ele>908.2</ele>
   </trkpt>
   <trkpt lat="40.6133320" lon="-3.1185260">
    <ele>908.4</ele>
   </trkpt>
   <trkpt lat="40.6133240" lon="-3.1185350">
    <ele>908.4</ele>
   </trkpt>
   <trkpt lat="40.6132980" lon="-3.1185490">
    <ele>908.5</ele>
   </trkpt>
   <trkpt lat="40.6132590" lon="-3.1185700">
    <ele>908.7</ele>
   </trkpt>
   <trkpt lat="40.6132440" lon="-3.1185780">
    <ele>908.8</ele>
   </trkpt>
   <trkpt lat="40.6132060" lon="-3.1185890">
    <ele>909.0</ele>
   </trkpt>
   <trkpt lat="40.6131780" lon="-3.1186030">
    <ele>909.1</ele>
   </trkpt>
   <trkpt lat="40.6131480" lon="-3.1186050">
    <ele>909.2</ele>
   </trkpt>
   <trkpt lat="40.6131090" lon="-3.1186060">
    <ele>909.3</ele>
   </trkpt>
   <trkpt lat="40.6130950" lon="-3.1186060">
    <ele>909.4</ele>
   </trkpt>
   <trkpt lat="40.6130520" lon="-3.1186120">
    <ele>909.5</ele>
   </trkpt>
   <trkpt lat="40.6130350" lon="-3.1186120">
    <ele>909.6</ele>
   </trkpt>
   <trkpt lat="40.6130020" lon="-3.1186120">
    <ele>909.7</ele>
   </trkpt>
   <trkpt lat="40.6129930" lon="-3.1186110">
    <ele>909.7</ele>
   </trkpt>
   <trkpt lat="40.6129860" lon="-3.1186060">
    <ele>909.7</ele>
   </trkpt>
   <trkpt lat="40.6129860" lon="-3.1186060">
    <ele>909.7</ele>
   </trkpt>
   <trkpt lat="40.6129860" lon="-3.1186060">
    <ele>909.7</ele>
   </trkpt>
   <trkpt lat="40.6129850" lon="-3.1186060">
    <ele>909.8</ele>
   </trkpt>
   <trkpt lat="40.6129810" lon="-3.1186100">
    <ele>909.8</ele>
   </trkpt>
   <trkpt lat="40.6129810" lon="-3.1186100">
    <ele>909.8</ele>
   </trkpt>
   <trkpt lat="40.6129810" lon="-3.1186100">
    <ele>909.8</ele>
   </trkpt>
   <trkpt lat="40.6129820" lon="-3.1186100">
    <ele>909.8</ele>
   </trkpt>
   <trkpt lat="40.6129670" lon="-3.1186160">
    <ele>909.8</ele>
   </trkpt>
   <trkpt lat="40.6129670" lon="-3.1186190">
    <ele>909.8</ele>
   </trkpt>
   <trkpt lat="40.6129670" lon="-3.1186190">
    <ele>909.8</ele>
   </trkpt>
   <trkpt lat="40.6129670" lon="-3.1186190">
    <ele>909.8</ele>
   </trkpt>
   <trkpt lat="40.6129670" lon="-3.1186190">
    <ele>909.8</ele>
   </trkpt>
   <trkpt lat="40.6129670" lon="-3.1186190">
    <ele>909.8</ele>
   </trkpt>
   <trkpt lat="40.6129670" lon="-3.1186190">
    <ele>909.8</ele>
   </trkpt>
   <trkpt lat="40.6129670" lon="-3.1186190">
    <ele>909.8</ele>
   </trkpt>
   <trkpt lat="40.6129670" lon="-3.1186190">
    <ele>909.8</ele>
   </trkpt>
   <trkpt lat="40.6129670" lon="-3.1186190">
    <ele>909.8</ele>
   </trkpt>
   <trkpt lat="40.6129670" lon="-3.1186190">
    <ele>909.8</ele>
   </trkpt>
   <trkpt lat="40.6129670" lon="-3.1186190">
    <ele>909.8</ele>
   </trkpt>
   <trkpt lat="40.6129300" lon="-3.1185850">
    <ele>910.0</ele>
   </trkpt>
   <trkpt lat="40.6129020" lon="-3.1185720">
    <ele>910.0</ele>
   </trkpt>
   <trkpt lat="40.6128660" lon="-3.1185530">
    <ele>910.2</ele>
   </trkpt>
   <trkpt lat="40.6128350" lon="-3.1185440">
    <ele>910.2</ele>
   </trkpt>
   <trkpt lat="40.6127990" lon="-3.1185380">
    <ele>910.3</ele>
   </trkpt>
   <trkpt lat="40.6127640" lon="-3.1185170">
    <ele>910.4</ele>
   </trkpt>
   <trkpt lat="40.6127320" lon="-3.1185070">
    <ele>910.5</ele>
   </trkpt>
   <trkpt lat="40.6127180" lon="-3.1185010">
    <ele>910.5</ele>
   </trkpt>
   <trkpt lat="40.6126820" lon="-3.1184830">
    <ele>910.6</ele>
   </trkpt>
   <trkpt lat="40.6126490" lon="-3.1184660">
    <ele>910.7</ele>
   </trkpt>
   <trkpt lat="40.6126160" lon="-3.1184460">
    <ele>910.8</ele>
   </trkpt>
   <trkpt lat="40.6125810" lon="-3.1184280">
    <ele>910.8</ele>
   </trkpt>
   <trkpt lat="40.6125490" lon="-3.1184160">
    <ele>910.9</ele>
   </trkpt>
   <trkpt lat="40.6125130" lon="-3.1184060">
    <ele>911.0</ele>
   </trkpt>
   <trkpt lat="40.6124770" lon="-3.1183940">
    <ele>911.0</ele>
   </trkpt>
   <trkpt lat="40.6124440" lon="-3.1183720">
    <ele>911.1</ele>
   </trkpt>
   <trkpt lat="40.6124050" lon="-3.1183640">
    <ele>911.2</ele>
   </trkpt>
   <trkpt lat="40.6123740" lon="-3.1183500">
    <ele>911.2</ele>
   </trkpt>
   <trkpt lat="40.6123490" lon="-3.1183350">
    <ele>911.3</ele>
   </trkpt>
   <trkpt lat="40.6123130" lon="-3.1183240">
    <ele>911.4</ele>
   </trkpt>
   <trkpt lat="40.6122830" lon="-3.1183130">
    <ele>911.4</ele>
   </trkpt>
   <trkpt lat="40.6122460" lon="-3.1183130">
    <ele>911.5</ele>
   </trkpt>
   <trkpt lat="40.6122060" lon="-3.1183020">
    <ele>911.5</ele>
   </trkpt>
   <trkpt lat="40.6121640" lon="-3.1182880">
    <ele>911.6</ele>
   </trkpt>
   <trkpt lat="40.6121220" lon="-3.1182690">
    <ele>911.7</ele>
   </trkpt>
   <trkpt lat="40.6120780" lon="-3.1182510">
    <ele>911.8</ele>
   </trkpt>
   <trkpt lat="40.6120350" lon="-3.1182290">
    <ele>911.9</ele>
   </trkpt>
   <trkpt lat="40.6119920" lon="-3.1182120">
    <ele>911.9</ele>
   </trkpt>
   <trkpt lat="40.6119460" lon="-3.1181810">
    <ele>912.0</ele>
   </trkpt>
   <trkpt lat="40.6119020" lon="-3.1181680">
    <ele>912.1</ele>
   </trkpt>
   <trkpt lat="40.6118610" lon="-3.1181560">
    <ele>912.2</ele>
   </trkpt>
   <trkpt lat="40.6118200" lon="-3.1181460">
    <ele>912.2</ele>
   </trkpt>
   <trkpt lat="40.6117730" lon="-3.1181400">
    <ele>912.3</ele>
   </trkpt>
   <trkpt lat="40.6117270" lon="-3.1181250">
    <ele>912.4</ele>
   </trkpt>
   <trkpt lat="40.6116850" lon="-3.1181050">
    <ele>912.5</ele>
   </trkpt>
   <trkpt lat="40.6116380" lon="-3.1180820">
    <ele>912.6</ele>
   </trkpt>
   <trkpt lat="40.6115910" lon="-3.1180600">
    <ele>912.7</ele>
   </trkpt>
   <trkpt lat="40.6115510" lon="-3.1180460">
    <ele>912.7</ele>
   </trkpt>
   <trkpt lat="40.6115020" lon="-3.1180320">
    <ele>912.8</ele>
   </trkpt>
   <trkpt lat="40.6114630" lon="-3.1180100">
    <ele>912.9</ele>
   </trkpt>
   <trkpt lat="40.6114130" lon="-3.1179870">
    <ele>913.0</ele>
   </trkpt>
   <trkpt lat="40.6113680" lon="-3.1179640">
    <ele>913.1</ele>
   </trkpt>
   <trkpt lat="40.6113210" lon="-3.1179390">
    <ele>913.2</ele>
   </trkpt>
   <trkpt lat="40.6112800" lon="-3.1179100">
    <ele>913.2</ele>
   </trkpt>
   <trkpt lat="40.6112350" lon="-3.1178960">
    <ele>913.3</ele>
   </trkpt>
   <trkpt lat="40.6111920" lon="-3.1178850">
    <ele>913.4</ele>
   </trkpt>
   <trkpt lat="40.6111470" lon="-3.1178670">
    <ele>913.5</ele>
   </trkpt>
   <trkpt lat="40.6110910" lon="-3.1178600">
    <ele>913.6</ele>
   </trkpt>
   <trkpt lat="40.6110470" lon="-3.1178460">
    <ele>913.6</ele>
   </trkpt>
   <trkpt lat="40.6110030" lon="-3.1178260">
    <ele>913.7</ele>
   </trkpt>
   <trkpt lat="40.6109630" lon="-3.1177960">
    <ele>913.8</ele>
   </trkpt>
   <trkpt lat="40.6109220" lon="-3.1177430">
    <ele>913.9</ele>
   </trkpt>
   <trkpt lat="40.6108750" lon="-3.1176840">
    <ele>914.0</ele>
   </trkpt>
   <trkpt lat="40.6108300" lon="-3.1176300">
    <ele>914.1</ele>
   </trkpt>
   <trkpt lat="40.6107780" lon="-3.1175950">
    <ele>914.2</ele>
   </trkpt>
   <trkpt lat="40.6107300" lon="-3.1175680">
    <ele>914.3</ele>
   </trkpt>
   <trkpt lat="40.6106860" lon="-3.1175430">
    <ele>914.3</ele>
   </trkpt>
   <trkpt lat="40.6106470" lon="-3.1175120">
    <ele>914.4</ele>
   </trkpt>
   <trkpt lat="40.6106070" lon="-3.1174890">
    <ele>914.5</ele>
   </trkpt>
   <trkpt lat="40.6105720" lon="-3.1174780">
    <ele>914.5</ele>
   </trkpt>
   <trkpt lat="40.6105210" lon="-3.1174590">
    <ele>914.6</ele>
   </trkpt>
   <trkpt lat="40.6104760" lon="-3.1174320">
    <ele>914.7</ele>
   </trkpt>
   <trkpt lat="40.6104310" lon="-3.1174150">
    <ele>914.8</ele>
   </trkpt>
   <trkpt lat="40.6103860" lon="-3.1173970">
    <ele>914.9</ele>
   </trkpt>
   <trkpt lat="40.6103420" lon="-3.1173840">
    <ele>914.9</ele>
   </trkpt>
   <trkpt lat="40.6102980" lon="-3.1173580">
    <ele>915.0</ele>
   </trkpt>
   <trkpt lat="40.6102540" lon="-3.1173300">
    <ele>915.1</ele>
   </trkpt>
   <trkpt lat="40.6102150" lon="-3.1173060">
    <ele>915.2</ele>
   </trkpt>
   <trkpt lat="40.6101770" lon="-3.1172720">
    <ele>915.3</ele>
   </trkpt>
   <trkpt lat="40.6101390" lon="-3.1172360">
    <ele>915.4</ele>
   </trkpt>
   <trkpt lat="40.6100990" lon="-3.1172020">
    <ele>915.5</ele>
   </trkpt>
   <trkpt lat="40.6100550" lon="-3.1171730">
    <ele>915.7</ele>
   </trkpt>
   <trkpt lat="40.6100150" lon="-3.1171450">
    <ele>915.8</ele>
   </trkpt>
   <trkpt lat="40.6099810" lon="-3.1171090">
    <ele>915.9</ele>
   </trkpt>
   <trkpt lat="40.6099390" lon="-3.1170860">
    <ele>916.0</ele>
   </trkpt>
   <trkpt lat="40.6098940" lon="-3.1170580">
    <ele>916.1</ele>
   </trkpt>
   <trkpt lat="40.6098460" lon="-3.1170170">
    <ele>916.3</ele>
   </trkpt>
   <trkpt lat="40.6098120" lon="-3.1169770">
    <ele>916.4</ele>
   </trkpt>
   <trkpt lat="40.6097810" lon="-3.1169270">
    <ele>916.6</ele>
   </trkpt>
   <trkpt lat="40.6097420" lon="-3.1168890">
    <ele>916.7</ele>
   </trkpt>
   <trkpt lat="40.6097080" lon="-3.1168560">
    <ele>916.8</ele>
   </trkpt>
   <trkpt lat="40.6096720" lon="-3.1168230">
    <ele>916.9</ele>
   </trkpt>
   <trkpt lat="40.6096360" lon="-3.1167980">
    <ele>917.1</ele>
   </trkpt>
   <trkpt lat="40.6096050" lon="-3.1167730">
    <ele>917.2</ele>
   </trkpt>
   <trkpt lat="40.6095790" lon="-3.1167570">
    <ele>917.2</ele>
   </trkpt>
   <trkpt lat="40.6095440" lon="-3.1167260">
    <ele>917.4</ele>
   </trkpt>
   <trkpt lat="40.6095130" lon="-3.1167080">
    <ele>917.5</ele>
   </trkpt>
   <trkpt lat="40.6094720" lon="-3.1166850">
    <ele>917.6</ele>
   </trkpt>
   <trkpt lat="40.6094320" lon="-3.1166630">
    <ele>917.7</ele>
   </trkpt>
   <trkpt lat="40.6093980" lon="-3.1166370">
    <ele>917.8</ele>
   </trkpt>
   <trkpt lat="40.6093620" lon="-3.1166080">
    <ele>917.9</ele>
   </trkpt>
   <trkpt lat="40.6093270" lon="-3.1165700">
    <ele>918.0</ele>
   </trkpt>
   <trkpt lat="40.6092920" lon="-3.1165430">
    <ele>918.1</ele>
   </trkpt>
   <trkpt lat="40.6092610" lon="-3.1164960">
    <ele>918.3</ele>
   </trkpt>
   <trkpt lat="40.6092300" lon="-3.1164540">
    <ele>918.4</ele>
   </trkpt>
   <trkpt lat="40.6091960" lon="-3.1164330">
    <ele>918.5</ele>
   </trkpt>
   <trkpt lat="40.6091590" lon="-3.1164080">
    <ele>918.6</ele>
   </trkpt>
   <trkpt lat="40.6091170" lon="-3.1163770">
    <ele>918.7</ele>
   </trkpt>
   <trkpt lat="40.6090770" lon="-3.1163540">
    <ele>918.8</ele>
   </trkpt>
   <trkpt lat="40.6090400" lon="-3.1163270">
    <ele>918.9</ele>
   </trkpt>
   <trkpt lat="40.6090060" lon="-3.1162950">
    <ele>919.0</ele>
   </trkpt>
   <trkpt lat="40.6089650" lon="-3.1162700">
    <ele>919.0</ele>
   </trkpt>
   <trkpt lat="40.6089230" lon="-3.1162570">
    <ele>919.1</ele>
   </trkpt>
   <trkpt lat="40.6088860" lon="-3.1162560">
    <ele>919.1</ele>
   </trkpt>
   <trkpt lat="40.6088450" lon="-3.1162720">
    <ele>919.2</ele>
   </trkpt>
   <trkpt lat="40.6088210" lon="-3.1163120">
    <ele>919.3</ele>
   </trkpt>
   <trkpt lat="40.6088040" lon="-3.1163640">
    <ele>919.3</ele>
   </trkpt>
   <trkpt lat="40.6087980" lon="-3.1164330">
    <ele>919.4</ele>
   </trkpt>
   <trkpt lat="40.6087990" lon="-3.1164960">
    <ele>919.5</ele>
   </trkpt>
   <trkpt lat="40.6088030" lon="-3.1165610">
    <ele>919.7</ele>
   </trkpt>
   <trkpt lat="40.6088110" lon="-3.1166210">
    <ele>919.8</ele>
   </trkpt>
   <trkpt lat="40.6088350" lon="-3.1166790">
    <ele>919.9</ele>
   </trkpt>
   <trkpt lat="40.6088610" lon="-3.1167390">
    <ele>920.1</ele>
   </trkpt>
   <trkpt lat="40.6088810" lon="-3.1167950">
    <ele>920.2</ele>
   </trkpt>
   <trkpt lat="40.6088890" lon="-3.1168500">
    <ele>920.4</ele>
   </trkpt>
   <trkpt lat="40.6088920" lon="-3.1169090">
    <ele>920.5</ele>
   </trkpt>
   <trkpt lat="40.6088980" lon="-3.1169530">
    <ele>920.6</ele>
   </trkpt>
   <trkpt lat="40.6089010" lon="-3.1170200">
    <ele>920.8</ele>
   </trkpt>
   <trkpt lat="40.6089000" lon="-3.1170800">
    <ele>920.9</ele>
   </trkpt>
   <trkpt lat="40.6088970" lon="-3.1171420">
    <ele>921.1</ele>
   </trkpt>
   <trkpt lat="40.6088940" lon="-3.1172070">
    <ele>921.3</ele>
   </trkpt>
   <trkpt lat="40.6088930" lon="-3.1172720">
    <ele>921.4</ele>
   </trkpt>
   <trkpt lat="40.6088930" lon="-3.1173360">
    <ele>921.6</ele>
   </trkpt>
   <trkpt lat="40.6088800" lon="-3.1174070">
    <ele>921.7</ele>
   </trkpt>
   <trkpt lat="40.6088710" lon="-3.1174690">
    <ele>921.9</ele>
   </trkpt>
   <trkpt lat="40.6088570" lon="-3.1175380">
    <ele>922.1</ele>
   </trkpt>
   <trkpt lat="40.6088420" lon="-3.1176000">
    <ele>922.2</ele>
   </trkpt>
   <trkpt lat="40.6088400" lon="-3.1176510">
    <ele>922.3</ele>
   </trkpt>
   <trkpt lat="40.6088310" lon="-3.1177030">
    <ele>922.5</ele>
   </trkpt>
   <trkpt lat="40.6088170" lon="-3.1177530">
    <ele>922.6</ele>
   </trkpt>
   <trkpt lat="40.6088130" lon="-3.1178100">
    <ele>922.8</ele>
   </trkpt>
   <trkpt lat="40.6088040" lon="-3.1178650">
    <ele>922.9</ele>
   </trkpt>
   <trkpt lat="40.6088000" lon="-3.1179140">
    <ele>923.1</ele>
   </trkpt>
   <trkpt lat="40.6087980" lon="-3.1179640">
    <ele>923.2</ele>
   </trkpt>
   <trkpt lat="40.6087990" lon="-3.1180130">
    <ele>923.4</ele>
   </trkpt>
   <trkpt lat="40.6087940" lon="-3.1180590">
    <ele>923.5</ele>
   </trkpt>
   <trkpt lat="40.6087880" lon="-3.1180990">
    <ele>923.7</ele>
   </trkpt>
   <trkpt lat="40.6087800" lon="-3.1181410">
    <ele>923.8</ele>
   </trkpt>
   <trkpt lat="40.6087730" lon="-3.1181860">
    <ele>924.0</ele>
   </trkpt>
   <trkpt lat="40.6087650" lon="-3.1182260">
    <ele>924.1</ele>
   </trkpt>
   <trkpt lat="40.6087490" lon="-3.1182700">
    <ele>924.3</ele>
   </trkpt>
   <trkpt lat="40.6087270" lon="-3.1183140">
    <ele>924.5</ele>
   </trkpt>
   <trkpt lat="40.6087200" lon="-3.1183310">
    <ele>924.6</ele>
   </trkpt>
   <trkpt lat="40.6087130" lon="-3.1183670">
    <ele>924.7</ele>
   </trkpt>
   <trkpt lat="40.6087040" lon="-3.1184030">
    <ele>924.9</ele>
   </trkpt>
   <trkpt lat="40.6086940" lon="-3.1184520">
    <ele>925.1</ele>
   </trkpt>
   <trkpt lat="40.6086870" lon="-3.1184670">
    <ele>925.1</ele>
   </trkpt>
   <trkpt lat="40.6086730" lon="-3.1185030">
    <ele>925.3</ele>
   </trkpt>
   <trkpt lat="40.6086600" lon="-3.1185400">
    <ele>925.5</ele>
   </trkpt>
   <trkpt lat="40.6086510" lon="-3.1185750">
    <ele>925.6</ele>
   </trkpt>
   <trkpt lat="40.6086420" lon="-3.1186160">
    <ele>925.8</ele>
   </trkpt>
   <trkpt lat="40.6086340" lon="-3.1186510">
    <ele>925.9</ele>
   </trkpt>
   <trkpt lat="40.6086280" lon="-3.1186870">
    <ele>926.1</ele>
   </trkpt>
   <trkpt lat="40.6086190" lon="-3.1187250">
    <ele>926.2</ele>
   </trkpt>
   <trkpt lat="40.6085950" lon="-3.1187660">
    <ele>926.4</ele>
   </trkpt>
   <trkpt lat="40.6085870" lon="-3.1187790">
    <ele>926.5</ele>
   </trkpt>
   <trkpt lat="40.6085670" lon="-3.1188200">
    <ele>926.7</ele>
   </trkpt>
   <trkpt lat="40.6085580" lon="-3.1188350">
    <ele>926.7</ele>
   </trkpt>
   <trkpt lat="40.6085350" lon="-3.1188630">
    <ele>926.9</ele>
   </trkpt>
   <trkpt lat="40.6085040" lon="-3.1188800">
    <ele>927.1</ele>
   </trkpt>
   <trkpt lat="40.6084740" lon="-3.1189000">
    <ele>927.2</ele>
   </trkpt>
   <trkpt lat="40.6084470" lon="-3.1189130">
    <ele>927.4</ele>
   </trkpt>
   <trkpt lat="40.6084120" lon="-3.1189180">
    <ele>927.6</ele>
   </trkpt>
   <trkpt lat="40.6083820" lon="-3.1189320">
    <ele>927.8</ele>
   </trkpt>
   <trkpt lat="40.6083460" lon="-3.1189360">
    <ele>928.0</ele>
   </trkpt>
   <trkpt lat="40.6083120" lon="-3.1189390">
    <ele>928.2</ele>
   </trkpt>
   <trkpt lat="40.6082840" lon="-3.1189450">
    <ele>928.3</ele>
   </trkpt>
   <trkpt lat="40.6082540" lon="-3.1189410">
    <ele>928.5</ele>
   </trkpt>
   <trkpt lat="40.6082200" lon="-3.1189390">
    <ele>928.7</ele>
   </trkpt>
   <trkpt lat="40.6082080" lon="-3.1189390">
    <ele>928.8</ele>
   </trkpt>
   <trkpt lat="40.6081760" lon="-3.1189270">
    <ele>929.0</ele>
   </trkpt>
   <trkpt lat="40.6081660" lon="-3.1189210">
    <ele>929.1</ele>
   </trkpt>
   <trkpt lat="40.6081420" lon="-3.1189020">
    <ele>929.2</ele>
   </trkpt>
   <trkpt lat="40.6081170" lon="-3.1188840">
    <ele>929.4</ele>
   </trkpt>
   <trkpt lat="40.6080930" lon="-3.1188670">
    <ele>929.6</ele>
   </trkpt>
   <trkpt lat="40.6080710" lon="-3.1188450">
    <ele>929.7</ele>
   </trkpt>
   <trkpt lat="40.6080390" lon="-3.1188280">
    <ele>930.0</ele>
   </trkpt>
   <trkpt lat="40.6080280" lon="-3.1188250">
    <ele>930.0</ele>
   </trkpt>
   <trkpt lat="40.6079900" lon="-3.1188050">
    <ele>930.3</ele>
   </trkpt>
   <trkpt lat="40.6079760" lon="-3.1187980">
    <ele>930.4</ele>
   </trkpt>
   <trkpt lat="40.6079490" lon="-3.1187790">
    <ele>930.6</ele>
   </trkpt>
   <trkpt lat="40.6079200" lon="-3.1187590">
    <ele>930.8</ele>
   </trkpt>
   <trkpt lat="40.6078990" lon="-3.1187320">
    <ele>930.9</ele>
   </trkpt>
   <trkpt lat="40.6078730" lon="-3.1187100">
    <ele>931.1</ele>
   </trkpt>
   <trkpt lat="40.6078440" lon="-3.1186860">
    <ele>931.4</ele>
   </trkpt>
   <trkpt lat="40.6078160" lon="-3.1186720">
    <ele>931.5</ele>
   </trkpt>
   <trkpt lat="40.6077860" lon="-3.1186520">
    <ele>931.7</ele>
   </trkpt>
   <trkpt lat="40.6077760" lon="-3.1186430">
    <ele>931.8</ele>
   </trkpt>
   <trkpt lat="40.6077530" lon="-3.1186180">
    <ele>932.0</ele>
   </trkpt>
   <trkpt lat="40.6077310" lon="-3.1185950">
    <ele>932.1</ele>
   </trkpt>
   <trkpt lat="40.6077070" lon="-3.1185710">
    <ele>932.3</ele>
   </trkpt>
   <trkpt lat="40.6076810" lon="-3.1185590">
    <ele>932.5</ele>
   </trkpt>
   <trkpt lat="40.6076490" lon="-3.1185380">
    <ele>932.7</ele>
   </trkpt>
   <trkpt lat="40.6076360" lon="-3.1185330">
    <ele>932.7</ele>
   </trkpt>
   <trkpt lat="40.6075990" lon="-3.1185210">
    <ele>933.0</ele>
   </trkpt>
   <trkpt lat="40.6075830" lon="-3.1185140">
    <ele>933.1</ele>
   </trkpt>
   <trkpt lat="40.6075610" lon="-3.1184900">
    <ele>933.2</ele>
   </trkpt>
   <trkpt lat="40.6075260" lon="-3.1184620">
    <ele>933.5</ele>
   </trkpt>
   <trkpt lat="40.6075120" lon="-3.1184550">
    <ele>933.5</ele>
   </trkpt>
   <trkpt lat="40.6074880" lon="-3.1184370">
    <ele>933.7</ele>
   </trkpt>
   <trkpt lat="40.6074510" lon="-3.1184250">
    <ele>933.9</ele>
   </trkpt>
   <trkpt lat="40.6074370" lon="-3.1184180">
    <ele>934.0</ele>
   </trkpt>
   <trkpt lat="40.6074100" lon="-3.1183950">
    <ele>934.2</ele>
   </trkpt>
   <trkpt lat="40.6074000" lon="-3.1183890">
    <ele>934.3</ele>
   </trkpt>
   <trkpt lat="40.6073730" lon="-3.1183790">
    <ele>934.4</ele>
   </trkpt>
   <trkpt lat="40.6073410" lon="-3.1183670">
    <ele>934.6</ele>
   </trkpt>
   <trkpt lat="40.6073310" lon="-3.1183620">
    <ele>934.7</ele>
   </trkpt>
   <trkpt lat="40.6072980" lon="-3.1183460">
    <ele>934.9</ele>
   </trkpt>
   <trkpt lat="40.6072890" lon="-3.1183360">
    <ele>935.0</ele>
   </trkpt>
   <trkpt lat="40.6072740" lon="-3.1183050">
    <ele>935.1</ele>
   </trkpt>
   <trkpt lat="40.6072540" lon="-3.1182710">
    <ele>935.3</ele>
   </trkpt>
   <trkpt lat="40.6072250" lon="-3.1182370">
    <ele>935.6</ele>
   </trkpt>
   <trkpt lat="40.6072000" lon="-3.1182080">
    <ele>935.8</ele>
   </trkpt>
   <trkpt lat="40.6071910" lon="-3.1182050">
    <ele>935.8</ele>
   </trkpt>
   <trkpt lat="40.6071590" lon="-3.1181830">
    <ele>935.9</ele>
   </trkpt>
   <trkpt lat="40.6071480" lon="-3.1181740">
    <ele>936.0</ele>
   </trkpt>
   <trkpt lat="40.6071210" lon="-3.1181530">
    <ele>936.1</ele>
   </trkpt>
   <trkpt lat="40.6070940" lon="-3.1181430">
    <ele>936.2</ele>
   </trkpt>
   <trkpt lat="40.6070650" lon="-3.1181260">
    <ele>936.3</ele>
   </trkpt>
   <trkpt lat="40.6070380" lon="-3.1181090">
    <ele>936.4</ele>
   </trkpt>
   <trkpt lat="40.6070050" lon="-3.1180990">
    <ele>936.5</ele>
   </trkpt>
   <trkpt lat="40.6069730" lon="-3.1180720">
    <ele>936.6</ele>
   </trkpt>
   <trkpt lat="40.6069640" lon="-3.1180600">
    <ele>936.7</ele>
   </trkpt>
   <trkpt lat="40.6069590" lon="-3.1180070">
    <ele>936.9</ele>
   </trkpt>
   <trkpt lat="40.6069610" lon="-3.1179880">
    <ele>937.0</ele>
   </trkpt>
   <trkpt lat="40.6069670" lon="-3.1179500">
    <ele>937.2</ele>
   </trkpt>
   <trkpt lat="40.6069790" lon="-3.1179050">
    <ele>937.4</ele>
   </trkpt>
   <trkpt lat="40.6069810" lon="-3.1178920">
    <ele>937.5</ele>
   </trkpt>
   <trkpt lat="40.6069710" lon="-3.1178570">
    <ele>937.6</ele>
   </trkpt>
   <trkpt lat="40.6069660" lon="-3.1178410">
    <ele>937.7</ele>
   </trkpt>
   <trkpt lat="40.6069350" lon="-3.1178140">
    <ele>937.9</ele>
   </trkpt>
   <trkpt lat="40.6069230" lon="-3.1178050">
    <ele>938.0</ele>
   </trkpt>
   <trkpt lat="40.6068990" lon="-3.1177830">
    <ele>938.2</ele>
   </trkpt>
   <trkpt lat="40.6068920" lon="-3.1177740">
    <ele>938.3</ele>
   </trkpt>
   <trkpt lat="40.6068740" lon="-3.1177450">
    <ele>938.4</ele>
   </trkpt>
   <trkpt lat="40.6068670" lon="-3.1177360">
    <ele>938.5</ele>
   </trkpt>
   <trkpt lat="40.6068520" lon="-3.1177040">
    <ele>938.7</ele>
   </trkpt>
   <trkpt lat="40.6068450" lon="-3.1176960">
    <ele>938.8</ele>
   </trkpt>
   <trkpt lat="40.6068340" lon="-3.1176620">
    <ele>939.0</ele>
   </trkpt>
   <trkpt lat="40.6068300" lon="-3.1176500">
    <ele>939.1</ele>
   </trkpt>
   <trkpt lat="40.6068130" lon="-3.1176190">
    <ele>939.3</ele>
   </trkpt>
   <trkpt lat="40.6068070" lon="-3.1176080">
    <ele>939.4</ele>
   </trkpt>
   <trkpt lat="40.6067890" lon="-3.1175630">
    <ele>939.6</ele>
   </trkpt>
   <trkpt lat="40.6067830" lon="-3.1175490">
    <ele>939.7</ele>
   </trkpt>
   <trkpt lat="40.6067660" lon="-3.1175070">
    <ele>940.0</ele>
   </trkpt>
   <trkpt lat="40.6067620" lon="-3.1174950">
    <ele>940.1</ele>
   </trkpt>
   <trkpt lat="40.6067520" lon="-3.1174470">
    <ele>940.4</ele>
   </trkpt>
   <trkpt lat="40.6067490" lon="-3.1174320">
    <ele>940.5</ele>
   </trkpt>
   <trkpt lat="40.6067380" lon="-3.1173900">
    <ele>940.7</ele>
   </trkpt>
   <trkpt lat="40.6067330" lon="-3.1173760">
    <ele>940.8</ele>
   </trkpt>
   <trkpt lat="40.6067270" lon="-3.1173360">
    <ele>941.1</ele>
   </trkpt>
   <trkpt lat="40.6067240" lon="-3.1173210">
    <ele>941.2</ele>
   </trkpt>
   <trkpt lat="40.6067100" lon="-3.1172770">
    <ele>941.4</ele>
   </trkpt>
   <trkpt lat="40.6067050" lon="-3.1172600">
    <ele>941.5</ele>
   </trkpt>
   <trkpt lat="40.6066830" lon="-3.1172170">
    <ele>941.8</ele>
   </trkpt>
   <trkpt lat="40.6066750" lon="-3.1172030">
    <ele>941.8</ele>
   </trkpt>
   <trkpt lat="40.6066610" lon="-3.1171690">
    <ele>942.0</ele>
   </trkpt>
   <trkpt lat="40.6066500" lon="-3.1171320">
    <ele>942.2</ele>
   </trkpt>
   <trkpt lat="40.6066450" lon="-3.1170950">
    <ele>942.3</ele>
   </trkpt>
   <trkpt lat="40.6066330" lon="-3.1170560">
    <ele>942.4</ele>
   </trkpt>
   <trkpt lat="40.6066140" lon="-3.1170080">
    <ele>942.6</ele>
   </trkpt>
   <trkpt lat="40.6066070" lon="-3.1169930">
    <ele>942.6</ele>
   </trkpt>
   <trkpt lat="40.6065940" lon="-3.1169570">
    <ele>942.7</ele>
   </trkpt>
   <trkpt lat="40.6065780" lon="-3.1169240">
    <ele>942.8</ele>
   </trkpt>
   <trkpt lat="40.6065590" lon="-3.1168920">
    <ele>942.9</ele>
   </trkpt>
   <trkpt lat="40.6065370" lon="-3.1168510">
    <ele>943.0</ele>
   </trkpt>
   <trkpt lat="40.6065120" lon="-3.1168070">
    <ele>943.0</ele>
   </trkpt>
   <trkpt lat="40.6065010" lon="-3.1167630">
    <ele>943.0</ele>
   </trkpt>
   <trkpt lat="40.6064870" lon="-3.1167270">
    <ele>943.1</ele>
   </trkpt>
   <trkpt lat="40.6064770" lon="-3.1166830">
    <ele>943.1</ele>
   </trkpt>
   <trkpt lat="40.6064650" lon="-3.1166350">
    <ele>943.1</ele>
   </trkpt>
   <trkpt lat="40.6064680" lon="-3.1165810">
    <ele>943.1</ele>
   </trkpt>
   <trkpt lat="40.6064620" lon="-3.1165310">
    <ele>943.1</ele>
   </trkpt>
   <trkpt lat="40.6064630" lon="-3.1164580">
    <ele>943.1</ele>
   </trkpt>
   <trkpt lat="40.6064670" lon="-3.1163950">
    <ele>943.0</ele>
   </trkpt>
   <trkpt lat="40.6064700" lon="-3.1163420">
    <ele>943.0</ele>
   </trkpt>
   <trkpt lat="40.6064730" lon="-3.1163030">
    <ele>943.0</ele>
   </trkpt>
   <trkpt lat="40.6064700" lon="-3.1162510">
    <ele>943.0</ele>
   </trkpt>
   <trkpt lat="40.6064690" lon="-3.1161970">
    <ele>943.0</ele>
   </trkpt>
   <trkpt lat="40.6064750" lon="-3.1161430">
    <ele>943.0</ele>
   </trkpt>
   <trkpt lat="40.6064770" lon="-3.1161070">
    <ele>943.0</ele>
   </trkpt>
   <trkpt lat="40.6064560" lon="-3.1160680">
    <ele>943.0</ele>
   </trkpt>
   <trkpt lat="40.6064440" lon="-3.1160550">
    <ele>943.0</ele>
   </trkpt>
   <trkpt lat="40.6064130" lon="-3.1160200">
    <ele>943.0</ele>
   </trkpt>
   <trkpt lat="40.6063820" lon="-3.1159700">
    <ele>942.9</ele>
   </trkpt>
   <trkpt lat="40.6063540" lon="-3.1159240">
    <ele>942.9</ele>
   </trkpt>
   <trkpt lat="40.6063430" lon="-3.1158820">
    <ele>942.9</ele>
   </trkpt>
   <trkpt lat="40.6063250" lon="-3.1158180">
    <ele>942.9</ele>
   </trkpt>
   <trkpt lat="40.6063160" lon="-3.1157730">
    <ele>942.9</ele>
   </trkpt>
   <trkpt lat="40.6063080" lon="-3.1157300">
    <ele>943.0</ele>
   </trkpt>
   <trkpt lat="40.6063040" lon="-3.1156880">
    <ele>943.1</ele>
   </trkpt>
   <trkpt lat="40.6063050" lon="-3.1156430">
    <ele>943.2</ele>
   </trkpt>
   <trkpt lat="40.6063060" lon="-3.1155950">
    <ele>943.3</ele>
   </trkpt>
   <trkpt lat="40.6063190" lon="-3.1155470">
    <ele>943.4</ele>
   </trkpt>
   <trkpt lat="40.6063340" lon="-3.1154980">
    <ele>943.5</ele>
   </trkpt>
   <trkpt lat="40.6063460" lon="-3.1154430">
    <ele>943.6</ele>
   </trkpt>
   <trkpt lat="40.6063590" lon="-3.1153980">
    <ele>943.6</ele>
   </trkpt>
   <trkpt lat="40.6063710" lon="-3.1153490">
    <ele>943.7</ele>
   </trkpt>
   <trkpt lat="40.6063770" lon="-3.1152860">
    <ele>943.8</ele>
   </trkpt>
   <trkpt lat="40.6063900" lon="-3.1152280">
    <ele>943.9</ele>
   </trkpt>
   <trkpt lat="40.6064050" lon="-3.1151770">
    <ele>944.0</ele>
   </trkpt>
   <trkpt lat="40.6064210" lon="-3.1151220">
    <ele>944.0</ele>
   </trkpt>
   <trkpt lat="40.6064360" lon="-3.1150710">
    <ele>944.1</ele>
   </trkpt>
   <trkpt lat="40.6064440" lon="-3.1150200">
    <ele>944.2</ele>
   </trkpt>
   <trkpt lat="40.6064560" lon="-3.1149740">
    <ele>944.3</ele>
   </trkpt>
   <trkpt lat="40.6064600" lon="-3.1149170">
    <ele>944.3</ele>
   </trkpt>
   <trkpt lat="40.6064540" lon="-3.1148620">
    <ele>944.4</ele>
   </trkpt>
   <trkpt lat="40.6064540" lon="-3.1148110">
    <ele>944.4</ele>
   </trkpt>
   <trkpt lat="40.6064640" lon="-3.1147620">
    <ele>944.5</ele>
   </trkpt>
   <trkpt lat="40.6064950" lon="-3.1147210">
    <ele>944.5</ele>
   </trkpt>
   <trkpt lat="40.6065210" lon="-3.1146680">
    <ele>944.6</ele>
   </trkpt>
   <trkpt lat="40.6065420" lon="-3.1146150">
    <ele>944.6</ele>
   </trkpt>
   <trkpt lat="40.6065660" lon="-3.1145590">
    <ele>944.6</ele>
   </trkpt>
   <trkpt lat="40.6065840" lon="-3.1145000">
    <ele>944.6</ele>
   </trkpt>
   <trkpt lat="40.6065980" lon="-3.1144450">
    <ele>944.6</ele>
   </trkpt>
   <trkpt lat="40.6066130" lon="-3.1143900">
    <ele>944.6</ele>
   </trkpt>
   <trkpt lat="40.6066210" lon="-3.1143490">
    <ele>944.7</ele>
   </trkpt>
   <trkpt lat="40.6066360" lon="-3.1143010">
    <ele>944.7</ele>
   </trkpt>
   <trkpt lat="40.6066420" lon="-3.1142550">
    <ele>944.7</ele>
   </trkpt>
   <trkpt lat="40.6066510" lon="-3.1142130">
    <ele>944.7</ele>
   </trkpt>
   <trkpt lat="40.6066610" lon="-3.1141700">
    <ele>944.7</ele>
   </trkpt>
   <trkpt lat="40.6066710" lon="-3.1141230">
    <ele>944.7</ele>
   </trkpt>
   <trkpt lat="40.6066790" lon="-3.1140700">
    <ele>944.7</ele>
   </trkpt>
   <trkpt lat="40.6066910" lon="-3.1140130">
    <ele>944.8</ele>
   </trkpt>
   <trkpt lat="40.6066990" lon="-3.1139590">
    <ele>944.8</ele>
   </trkpt>
   <trkpt lat="40.6067110" lon="-3.1139140">
    <ele>944.8</ele>
   </trkpt>
   <trkpt lat="40.6067180" lon="-3.1138670">
    <ele>944.8</ele>
   </trkpt>
   <trkpt lat="40.6067310" lon="-3.1138240">
    <ele>944.8</ele>
   </trkpt>
   <trkpt lat="40.6067400" lon="-3.1137820">
    <ele>944.9</ele>
   </trkpt>
   <trkpt lat="40.6067590" lon="-3.1137410">
    <ele>944.9</ele>
   </trkpt>
   <trkpt lat="40.6067780" lon="-3.1137050">
    <ele>944.9</ele>
   </trkpt>
   <trkpt lat="40.6067900" lon="-3.1136680">
    <ele>944.9</ele>
   </trkpt>
   <trkpt lat="40.6068020" lon="-3.1136250">
    <ele>944.9</ele>
   </trkpt>
   <trkpt lat="40.6068150" lon="-3.1135800">
    <ele>945.0</ele>
   </trkpt>
   <trkpt lat="40.6068310" lon="-3.1135340">
    <ele>945.0</ele>
   </trkpt>
   <trkpt lat="40.6068440" lon="-3.1134790">
    <ele>945.0</ele>
   </trkpt>
   <trkpt lat="40.6068560" lon="-3.1134320">
    <ele>945.1</ele>
   </trkpt>
   <trkpt lat="40.6068640" lon="-3.1133870">
    <ele>945.1</ele>
   </trkpt>
   <trkpt lat="40.6068790" lon="-3.1133410">
    <ele>945.1</ele>
   </trkpt>
   <trkpt lat="40.6068880" lon="-3.1132890">
    <ele>945.2</ele>
   </trkpt>
   <trkpt lat="40.6069090" lon="-3.1132370">
    <ele>945.2</ele>
   </trkpt>
   <trkpt lat="40.6069250" lon="-3.1131840">
    <ele>945.2</ele>
   </trkpt>
   <trkpt lat="40.6069350" lon="-3.1131310">
    <ele>945.2</ele>
   </trkpt>
   <trkpt lat="40.6069470" lon="-3.1130900">
    <ele>945.2</ele>
   </trkpt>
   <trkpt lat="40.6069610" lon="-3.1130420">
    <ele>945.3</ele>
   </trkpt>
   <trkpt lat="40.6069790" lon="-3.1129960">
    <ele>945.3</ele>
   </trkpt>
   <trkpt lat="40.6069950" lon="-3.1129490">
    <ele>945.3</ele>
   </trkpt>
   <trkpt lat="40.6070110" lon="-3.1128960">
    <ele>945.3</ele>
   </trkpt>
   <trkpt lat="40.6070240" lon="-3.1128380">
    <ele>945.3</ele>
   </trkpt>
   <trkpt lat="40.6070250" lon="-3.1127780">
    <ele>945.4</ele>
   </trkpt>
   <trkpt lat="40.6070380" lon="-3.1127270">
    <ele>945.4</ele>
   </trkpt>
   <trkpt lat="40.6070550" lon="-3.1126730">
    <ele>945.4</ele>
   </trkpt>
   <trkpt lat="40.6070680" lon="-3.1126140">
    <ele>945.4</ele>
   </trkpt>
   <trkpt lat="40.6070790" lon="-3.1125580">
    <ele>945.4</ele>
   </trkpt>
   <trkpt lat="40.6070880" lon="-3.1125110">
    <ele>945.3</ele>
   </trkpt>
   <trkpt lat="40.6071010" lon="-3.1124530">
    <ele>945.3</ele>
   </trkpt>
   <trkpt lat="40.6071160" lon="-3.1123990">
    <ele>945.3</ele>
   </trkpt>
   <trkpt lat="40.6071390" lon="-3.1123400">
    <ele>945.3</ele>
   </trkpt>
   <trkpt lat="40.6071640" lon="-3.1122780">
    <ele>945.3</ele>
   </trkpt>
   <trkpt lat="40.6071900" lon="-3.1122200">
    <ele>945.3</ele>
   </trkpt>
   <trkpt lat="40.6072150" lon="-3.1121660">
    <ele>945.3</ele>
   </trkpt>
   <trkpt lat="40.6072350" lon="-3.1121190">
    <ele>945.3</ele>
   </trkpt>
   <trkpt lat="40.6072510" lon="-3.1120850">
    <ele>945.3</ele>
   </trkpt>
   <trkpt lat="40.6072640" lon="-3.1120500">
    <ele>945.3</ele>
   </trkpt>
   <trkpt lat="40.6072810" lon="-3.1120070">
    <ele>945.3</ele>
   </trkpt>
   <trkpt lat="40.6073110" lon="-3.1119730">
    <ele>945.3</ele>
   </trkpt>
   <trkpt lat="40.6073330" lon="-3.1119490">
    <ele>945.3</ele>
   </trkpt>
   <trkpt lat="40.6073750" lon="-3.1118980">
    <ele>945.3</ele>
   </trkpt>
   <trkpt lat="40.6073960" lon="-3.1118670">
    <ele>945.3</ele>
   </trkpt>
   <trkpt lat="40.6074080" lon="-3.1118340">
    <ele>945.3</ele>
   </trkpt>
   <trkpt lat="40.6074230" lon="-3.1118030">
    <ele>945.3</ele>
   </trkpt>
   <trkpt lat="40.6074460" lon="-3.1117640">
    <ele>945.3</ele>
   </trkpt>
   <trkpt lat="40.6074540" lon="-3.1117500">
    <ele>945.3</ele>
   </trkpt>
   <trkpt lat="40.6074770" lon="-3.1117270">
    <ele>945.2</ele>
   </trkpt>
   <trkpt lat="40.6075010" lon="-3.1117060">
    <ele>945.2</ele>
   </trkpt>
   <trkpt lat="40.6075260" lon="-3.1116920">
    <ele>945.2</ele>
   </trkpt>
   <trkpt lat="40.6075570" lon="-3.1116810">
    <ele>945.2</ele>
   </trkpt>
   <trkpt lat="40.6075810" lon="-3.1116540">
    <ele>945.2</ele>
   </trkpt>
   <trkpt lat="40.6076100" lon="-3.1116230">
    <ele>945.2</ele>
   </trkpt>
   <trkpt lat="40.6076490" lon="-3.1115790">
    <ele>945.2</ele>
   </trkpt>
   <trkpt lat="40.6076920" lon="-3.1115420">
    <ele>945.2</ele>
   </trkpt>
   <trkpt lat="40.6077370" lon="-3.1115080">
    <ele>945.1</ele>
   </trkpt>
   <trkpt lat="40.6077860" lon="-3.1114870">
    <ele>945.1</ele>
   </trkpt>
   <trkpt lat="40.6078290" lon="-3.1114470">
    <ele>945.1</ele>
   </trkpt>
   <trkpt lat="40.6078740" lon="-3.1114060">
    <ele>945.1</ele>
   </trkpt>
   <trkpt lat="40.6079200" lon="-3.1113560">
    <ele>945.0</ele>
   </trkpt>
   <trkpt lat="40.6079650" lon="-3.1113040">
    <ele>945.0</ele>
   </trkpt>
   <trkpt lat="40.6080080" lon="-3.1112620">
    <ele>945.0</ele>
   </trkpt>
   <trkpt lat="40.6080550" lon="-3.1112230">
    <ele>944.9</ele>
   </trkpt>
   <trkpt lat="40.6080970" lon="-3.1111710">
    <ele>944.9</ele>
   </trkpt>
   <trkpt lat="40.6081360" lon="-3.1111340">
    <ele>944.9</ele>
   </trkpt>
   <trkpt lat="40.6081770" lon="-3.1110940">
    <ele>944.9</ele>
   </trkpt>
   <trkpt lat="40.6082200" lon="-3.1110550">
    <ele>944.9</ele>
   </trkpt>
   <trkpt lat="40.6082610" lon="-3.1110220">
    <ele>944.9</ele>
   </trkpt>
   <trkpt lat="40.6083020" lon="-3.1109900">
    <ele>944.9</ele>
   </trkpt>
   <trkpt lat="40.6083390" lon="-3.1109600">
    <ele>944.9</ele>
   </trkpt>
   <trkpt lat="40.6083750" lon="-3.1109260">
    <ele>944.9</ele>
   </trkpt>
   <trkpt lat="40.6084160" lon="-3.1108890">
    <ele>944.9</ele>
   </trkpt>
   <trkpt lat="40.6084590" lon="-3.1108490">
    <ele>944.9</ele>
   </trkpt>
   <trkpt lat="40.6085010" lon="-3.1108110">
    <ele>944.9</ele>
   </trkpt>
   <trkpt lat="40.6085460" lon="-3.1107710">
    <ele>944.9</ele>
   </trkpt>
   <trkpt lat="40.6085940" lon="-3.1107370">
    <ele>945.0</ele>
   </trkpt>
   <trkpt lat="40.6086480" lon="-3.1107200">
    <ele>945.0</ele>
   </trkpt>
   <trkpt lat="40.6087080" lon="-3.1107100">
    <ele>945.0</ele>
   </trkpt>
   <trkpt lat="40.6087600" lon="-3.1106930">
    <ele>945.0</ele>
   </trkpt>
   <trkpt lat="40.6088140" lon="-3.1106810">
    <ele>945.0</ele>
   </trkpt>
   <trkpt lat="40.6088660" lon="-3.1106630">
    <ele>945.0</ele>
   </trkpt>
   <trkpt lat="40.6089190" lon="-3.1106460">
    <ele>945.0</ele>
   </trkpt>
   <trkpt lat="40.6089690" lon="-3.1106200">
    <ele>945.0</ele>
   </trkpt>
   <trkpt lat="40.6090200" lon="-3.1106010">
    <ele>945.1</ele>
   </trkpt>
   <trkpt lat="40.6090720" lon="-3.1105800">
    <ele>945.1</ele>
   </trkpt>
   <trkpt lat="40.6091220" lon="-3.1105610">
    <ele>945.1</ele>
   </trkpt>
   <trkpt lat="40.6091810" lon="-3.1105470">
    <ele>945.1</ele>
   </trkpt>
   <trkpt lat="40.6092380" lon="-3.1105330">
    <ele>945.1</ele>
   </trkpt>
   <trkpt lat="40.6092940" lon="-3.1105170">
    <ele>945.1</ele>
   </trkpt>
   <trkpt lat="40.6093440" lon="-3.1105050">
    <ele>945.1</ele>
   </trkpt>
   <trkpt lat="40.6093960" lon="-3.1104830">
    <ele>945.1</ele>
   </trkpt>
   <trkpt lat="40.6094430" lon="-3.1104600">
    <ele>945.1</ele>
   </trkpt>
   <trkpt lat="40.6094840" lon="-3.1104250">
    <ele>945.1</ele>
   </trkpt>
   <trkpt lat="40.6095310" lon="-3.1103870">
    <ele>945.1</ele>
   </trkpt>
   <trkpt lat="40.6095780" lon="-3.1103530">
    <ele>945.1</ele>
   </trkpt>
   <trkpt lat="40.6096280" lon="-3.1103110">
    <ele>945.2</ele>
   </trkpt>
   <trkpt lat="40.6096700" lon="-3.1102720">
    <ele>945.2</ele>
   </trkpt>
   <trkpt lat="40.6097170" lon="-3.1102440">
    <ele>945.2</ele>
   </trkpt>
   <trkpt lat="40.6097720" lon="-3.1102250">
    <ele>945.2</ele>
   </trkpt>
   <trkpt lat="40.6098270" lon="-3.1102110">
    <ele>945.2</ele>
   </trkpt>
   <trkpt lat="40.6098820" lon="-3.1101950">
    <ele>945.2</ele>
   </trkpt>
   <trkpt lat="40.6099350" lon="-3.1101700">
    <ele>945.2</ele>
   </trkpt>
   <trkpt lat="40.6099810" lon="-3.1101510">
    <ele>945.3</ele>
   </trkpt>
   <trkpt lat="40.6100350" lon="-3.1101410">
    <ele>945.3</ele>
   </trkpt>
   <trkpt lat="40.6100930" lon="-3.1101340">
    <ele>945.3</ele>
   </trkpt>
   <trkpt lat="40.6101440" lon="-3.1101180">
    <ele>945.4</ele>
   </trkpt>
   <trkpt lat="40.6102070" lon="-3.1101120">
    <ele>945.4</ele>
   </trkpt>
   <trkpt lat="40.6102630" lon="-3.1100980">
    <ele>945.5</ele>
   </trkpt>
   <trkpt lat="40.6103130" lon="-3.1100730">
    <ele>945.5</ele>
   </trkpt>
   <trkpt lat="40.6103640" lon="-3.1100650">
    <ele>945.5</ele>
   </trkpt>
   <trkpt lat="40.6104170" lon="-3.1100540">
    <ele>945.6</ele>
   </trkpt>
   <trkpt lat="40.6104670" lon="-3.1100340">
    <ele>945.6</ele>
   </trkpt>
   <trkpt lat="40.6105180" lon="-3.1100080">
    <ele>945.7</ele>
   </trkpt>
   <trkpt lat="40.6105670" lon="-3.1099740">
    <ele>945.7</ele>
   </trkpt>
   <trkpt lat="40.6106140" lon="-3.1099440">
    <ele>945.7</ele>
   </trkpt>
   <trkpt lat="40.6106660" lon="-3.1099100">
    <ele>945.7</ele>
   </trkpt>
   <trkpt lat="40.6107140" lon="-3.1098760">
    <ele>945.8</ele>
   </trkpt>
   <trkpt lat="40.6107580" lon="-3.1098390">
    <ele>945.8</ele>
   </trkpt>
   <trkpt lat="40.6107970" lon="-3.1098040">
    <ele>945.8</ele>
   </trkpt>
   <trkpt lat="40.6108380" lon="-3.1097640">
    <ele>945.7</ele>
   </trkpt>
   <trkpt lat="40.6108870" lon="-3.1097370">
    <ele>945.7</ele>
   </trkpt>
   <trkpt lat="40.6109360" lon="-3.1097110">
    <ele>945.7</ele>
   </trkpt>
   <trkpt lat="40.6109840" lon="-3.1096800">
    <ele>945.6</ele>
   </trkpt>
   <trkpt lat="40.6110320" lon="-3.1096510">
    <ele>945.5</ele>
   </trkpt>
   <trkpt lat="40.6110760" lon="-3.1096130">
    <ele>945.5</ele>
   </trkpt>
   <trkpt lat="40.6111320" lon="-3.1095720">
    <ele>945.4</ele>
   </trkpt>
   <trkpt lat="40.6111820" lon="-3.1095280">
    <ele>945.3</ele>
   </trkpt>
   <trkpt lat="40.6112290" lon="-3.1094980">
    <ele>945.3</ele>
   </trkpt>
   <trkpt lat="40.6112780" lon="-3.1094570">
    <ele>945.2</ele>
   </trkpt>
   <trkpt lat="40.6113180" lon="-3.1094230">
    <ele>945.2</ele>
   </trkpt>
   <trkpt lat="40.6113630" lon="-3.1093870">
    <ele>945.2</ele>
   </trkpt>
   <trkpt lat="40.6114070" lon="-3.1093530">
    <ele>945.1</ele>
   </trkpt>
   <trkpt lat="40.6114570" lon="-3.1093350">
    <ele>945.1</ele>
   </trkpt>
   <trkpt lat="40.6115080" lon="-3.1093210">
    <ele>945.1</ele>
   </trkpt>
   <trkpt lat="40.6115590" lon="-3.1093150">
    <ele>945.0</ele>
   </trkpt>
   <trkpt lat="40.6116020" lon="-3.1092970">
    <ele>945.0</ele>
   </trkpt>
   <trkpt lat="40.6116440" lon="-3.1092680">
    <ele>945.0</ele>
   </trkpt>
   <trkpt lat="40.6116730" lon="-3.1092210">
    <ele>945.0</ele>
   </trkpt>
   <trkpt lat="40.6116940" lon="-3.1091740">
    <ele>945.0</ele>
   </trkpt>
   <trkpt lat="40.6117150" lon="-3.1091340">
    <ele>945.0</ele>
   </trkpt>
   <trkpt lat="40.6117470" lon="-3.1091080">
    <ele>945.0</ele>
   </trkpt>
   <trkpt lat="40.6117860" lon="-3.1090920">
    <ele>945.1</ele>
   </trkpt>
   <trkpt lat="40.6118230" lon="-3.1090840">
    <ele>945.1</ele>
   </trkpt>
   <trkpt lat="40.6118710" lon="-3.1090840">
    <ele>945.1</ele>
   </trkpt>
   <trkpt lat="40.6119190" lon="-3.1090760">
    <ele>945.1</ele>
   </trkpt>
   <trkpt lat="40.6119550" lon="-3.1090380">
    <ele>945.1</ele>
   </trkpt>
   <trkpt lat="40.6119940" lon="-3.1089930">
    <ele>945.0</ele>
   </trkpt>
   <trkpt lat="40.6120210" lon="-3.1089500">
    <ele>945.0</ele>
   </trkpt>
   <trkpt lat="40.6120470" lon="-3.1089140">
    <ele>945.0</ele>
   </trkpt>
   <trkpt lat="40.6120710" lon="-3.1088780">
    <ele>945.0</ele>
   </trkpt>
   <trkpt lat="40.6120920" lon="-3.1088440">
    <ele>945.0</ele>
   </trkpt>
   <trkpt lat="40.6121110" lon="-3.1088120">
    <ele>945.0</ele>
   </trkpt>
   <trkpt lat="40.6121360" lon="-3.1087730">
    <ele>945.0</ele>
   </trkpt>
   <trkpt lat="40.6121450" lon="-3.1087600">
    <ele>945.0</ele>
   </trkpt>
   <trkpt lat="40.6121640" lon="-3.1087250">
    <ele>945.0</ele>
   </trkpt>
   <trkpt lat="40.6121860" lon="-3.1086810">
    <ele>945.0</ele>
   </trkpt>
   <trkpt lat="40.6122090" lon="-3.1086280">
    <ele>945.0</ele>
   </trkpt>
   <trkpt lat="40.6122330" lon="-3.1085710">
    <ele>945.0</ele>
   </trkpt>
   <trkpt lat="40.6122590" lon="-3.1085170">
    <ele>945.0</ele>
   </trkpt>
   <trkpt lat="40.6122890" lon="-3.1084670">
    <ele>945.0</ele>
   </trkpt>
   <trkpt lat="40.6123240" lon="-3.1084190">
    <ele>945.0</ele>
   </trkpt>
   <trkpt lat="40.6123560" lon="-3.1083600">
    <ele>945.0</ele>
   </trkpt>
   <trkpt lat="40.6123820" lon="-3.1083030">
    <ele>945.0</ele>
   </trkpt>
   <trkpt lat="40.6124100" lon="-3.1082560">
    <ele>945.1</ele>
   </trkpt>
   <trkpt lat="40.6124380" lon="-3.1082060">
    <ele>945.1</ele>
   </trkpt>
   <trkpt lat="40.6124680" lon="-3.1081520">
    <ele>945.1</ele>
   </trkpt>
   <trkpt lat="40.6124990" lon="-3.1081000">
    <ele>945.2</ele>
   </trkpt>
   <trkpt lat="40.6125340" lon="-3.1080570">
    <ele>945.2</ele>
   </trkpt>
   <trkpt lat="40.6125720" lon="-3.1080120">
    <ele>945.3</ele>
   </trkpt>
   <trkpt lat="40.6126110" lon="-3.1079740">
    <ele>945.3</ele>
   </trkpt>
   <trkpt lat="40.6126530" lon="-3.1079550">
    <ele>945.3</ele>
   </trkpt>
   <trkpt lat="40.6126970" lon="-3.1079430">
    <ele>945.4</ele>
   </trkpt>
   <trkpt lat="40.6127440" lon="-3.1079310">
    <ele>945.4</ele>
   </trkpt>
   <trkpt lat="40.6127810" lon="-3.1079240">
    <ele>945.4</ele>
   </trkpt>
   <trkpt lat="40.6128320" lon="-3.1079200">
    <ele>945.4</ele>
   </trkpt>
   <trkpt lat="40.6128790" lon="-3.1079170">
    <ele>945.5</ele>
   </trkpt>
   <trkpt lat="40.6129280" lon="-3.1079060">
    <ele>945.5</ele>
   </trkpt>
   <trkpt lat="40.6129760" lon="-3.1078920">
    <ele>945.5</ele>
   </trkpt>
   <trkpt lat="40.6130240" lon="-3.1078890">
    <ele>945.5</ele>
   </trkpt>
   <trkpt lat="40.6130720" lon="-3.1078870">
    <ele>945.5</ele>
   </trkpt>
   <trkpt lat="40.6131300" lon="-3.1078810">
    <ele>945.5</ele>
   </trkpt>
   <trkpt lat="40.6131750" lon="-3.1078590">
    <ele>945.5</ele>
   </trkpt>
   <trkpt lat="40.6132240" lon="-3.1078300">
    <ele>945.5</ele>
   </trkpt>
   <trkpt lat="40.6132730" lon="-3.1077980">
    <ele>945.5</ele>
   </trkpt>
   <trkpt lat="40.6133210" lon="-3.1077690">
    <ele>945.5</ele>
   </trkpt>
   <trkpt lat="40.6133700" lon="-3.1077540">
    <ele>945.5</ele>
   </trkpt>
   <trkpt lat="40.6134220" lon="-3.1077440">
    <ele>945.5</ele>
   </trkpt>
   <trkpt lat="40.6134660" lon="-3.1077320">
    <ele>945.5</ele>
   </trkpt>
   <trkpt lat="40.6135140" lon="-3.1077090">
    <ele>945.5</ele>
   </trkpt>
   <trkpt lat="40.6135580" lon="-3.1076930">
    <ele>945.5</ele>
   </trkpt>
   <trkpt lat="40.6135970" lon="-3.1076690">
    <ele>945.5</ele>
   </trkpt>
   <trkpt lat="40.6136300" lon="-3.1076370">
    <ele>945.6</ele>
   </trkpt>
   <trkpt lat="40.6136590" lon="-3.1075990">
    <ele>945.5</ele>
   </trkpt>
   <trkpt lat="40.6136900" lon="-3.1075730">
    <ele>945.5</ele>
   </trkpt>
   <trkpt lat="40.6137220" lon="-3.1075530">
    <ele>945.5</ele>
   </trkpt>
   <trkpt lat="40.6137510" lon="-3.1075310">
    <ele>945.5</ele>
   </trkpt>
   <trkpt lat="40.6137820" lon="-3.1074990">
    <ele>945.5</ele>
   </trkpt>
   <trkpt lat="40.6138180" lon="-3.1074730">
    <ele>945.5</ele>
   </trkpt>
   <trkpt lat="40.6138690" lon="-3.1074520">
    <ele>945.5</ele>
   </trkpt>
   <trkpt lat="40.6139160" lon="-3.1074210">
    <ele>945.5</ele>
   </trkpt>
   <trkpt lat="40.6139600" lon="-3.1073920">
    <ele>945.5</ele>
   </trkpt>
   <trkpt lat="40.6140060" lon="-3.1073660">
    <ele>945.5</ele>
   </trkpt>
   <trkpt lat="40.6140570" lon="-3.1073510">
    <ele>945.6</ele>
   </trkpt>
   <trkpt lat="40.6141040" lon="-3.1073240">
    <ele>945.6</ele>
   </trkpt>
   <trkpt lat="40.6141500" lon="-3.1072910">
    <ele>945.7</ele>
   </trkpt>
   <trkpt lat="40.6141930" lon="-3.1072650">
    <ele>945.7</ele>
   </trkpt>
   <trkpt lat="40.6142380" lon="-3.1072380">
    <ele>945.8</ele>
   </trkpt>
   <trkpt lat="40.6142790" lon="-3.1072200">
    <ele>945.8</ele>
   </trkpt>
   <trkpt lat="40.6143230" lon="-3.1072040">
    <ele>945.9</ele>
   </trkpt>
   <trkpt lat="40.6143610" lon="-3.1071800">
    <ele>945.9</ele>
   </trkpt>
   <trkpt lat="40.6143940" lon="-3.1071770">
    <ele>946.0</ele>
   </trkpt>
   <trkpt lat="40.6144280" lon="-3.1071510">
    <ele>946.0</ele>
   </trkpt>
   <trkpt lat="40.6144450" lon="-3.1071420">
    <ele>946.0</ele>
   </trkpt>
   <trkpt lat="40.6144740" lon="-3.1071160">
    <ele>946.0</ele>
   </trkpt>
   <trkpt lat="40.6145010" lon="-3.1071150">
    <ele>946.1</ele>
   </trkpt>
   <trkpt lat="40.6145240" lon="-3.1070780">
    <ele>946.1</ele>
   </trkpt>
   <trkpt lat="40.6145620" lon="-3.1070780">
    <ele>946.1</ele>
   </trkpt>
   <trkpt lat="40.6145770" lon="-3.1070850">
    <ele>946.1</ele>
   </trkpt>
   <trkpt lat="40.6146130" lon="-3.1070810">
    <ele>946.2</ele>
   </trkpt>
   <trkpt lat="40.6146250" lon="-3.1070750">
    <ele>946.2</ele>
   </trkpt>
   <trkpt lat="40.6146580" lon="-3.1070480">
    <ele>946.3</ele>
   </trkpt>
   <trkpt lat="40.6146690" lon="-3.1070380">
    <ele>946.3</ele>
   </trkpt>
   <trkpt lat="40.6146990" lon="-3.1070030">
    <ele>946.3</ele>
   </trkpt>
   <trkpt lat="40.6147090" lon="-3.1069920">
    <ele>946.4</ele>
   </trkpt>
   <trkpt lat="40.6147350" lon="-3.1069740">
    <ele>946.4</ele>
   </trkpt>
   <trkpt lat="40.6147580" lon="-3.1069520">
    <ele>946.5</ele>
   </trkpt>
   <trkpt lat="40.6147980" lon="-3.1069300">
    <ele>946.5</ele>
   </trkpt>
   <trkpt lat="40.6148130" lon="-3.1069210">
    <ele>946.6</ele>
   </trkpt>
   <trkpt lat="40.6148380" lon="-3.1068990">
    <ele>946.6</ele>
   </trkpt>
   <trkpt lat="40.6148680" lon="-3.1068790">
    <ele>946.7</ele>
   </trkpt>
   <trkpt lat="40.6148750" lon="-3.1068720">
    <ele>946.7</ele>
   </trkpt>
   <trkpt lat="40.6148840" lon="-3.1068680">
    <ele>946.7</ele>
   </trkpt>
   <trkpt lat="40.6148870" lon="-3.1068670">
    <ele>946.7</ele>
   </trkpt>
   <trkpt lat="40.6148880" lon="-3.1068660">
    <ele>946.7</ele>
   </trkpt>
   <trkpt lat="40.6148870" lon="-3.1068680">
    <ele>946.7</ele>
   </trkpt>
   <trkpt lat="40.6148870" lon="-3.1068670">
    <ele>946.7</ele>
   </trkpt>
   <trkpt lat="40.6148870" lon="-3.1068670">
    <ele>946.7</ele>
   </trkpt>
   <trkpt lat="40.6148870" lon="-3.1068670">
    <ele>946.7</ele>
   </trkpt>
   <trkpt lat="40.6148870" lon="-3.1068670">
    <ele>946.7</ele>
   </trkpt>
   <trkpt lat="40.6148870" lon="-3.1068670">
    <ele>946.7</ele>
   </trkpt>
   <trkpt lat="40.6148870" lon="-3.1068670">
    <ele>946.7</ele>
   </trkpt>
   <trkpt lat="40.6148870" lon="-3.1068670">
    <ele>946.7</ele>
   </trkpt>
   <trkpt lat="40.6148870" lon="-3.1068670">
    <ele>946.7</ele>
   </trkpt>
   <trkpt lat="40.6148870" lon="-3.1068670">
    <ele>946.7</ele>
   </trkpt>
   <trkpt lat="40.6148970" lon="-3.1068490">
    <ele>946.8</ele>
   </trkpt>
   <trkpt lat="40.6149100" lon="-3.1068450">
    <ele>946.8</ele>
   </trkpt>
   <trkpt lat="40.6149260" lon="-3.1068340">
    <ele>946.8</ele>
   </trkpt>
   <trkpt lat="40.6149610" lon="-3.1068260">
    <ele>946.9</ele>
   </trkpt>
   <trkpt lat="40.6149750" lon="-3.1068230">
    <ele>946.9</ele>
   </trkpt>
   <trkpt lat="40.6150080" lon="-3.1068120">
    <ele>947.0</ele>
   </trkpt>
   <trkpt lat="40.6150360" lon="-3.1067960">
    <ele>947.1</ele>
   </trkpt>
   <trkpt lat="40.6150680" lon="-3.1067800">
    <ele>947.1</ele>
   </trkpt>
   <trkpt lat="40.6150980" lon="-3.1067640">
    <ele>947.2</ele>
   </trkpt>
   <trkpt lat="40.6151280" lon="-3.1067530">
    <ele>947.3</ele>
   </trkpt>
   <trkpt lat="40.6151600" lon="-3.1067260">
    <ele>947.4</ele>
   </trkpt>
   <trkpt lat="40.6151920" lon="-3.1067010">
    <ele>947.5</ele>
   </trkpt>
   <trkpt lat="40.6152310" lon="-3.1066780">
    <ele>947.6</ele>
   </trkpt>
   <trkpt lat="40.6152810" lon="-3.1066600">
    <ele>947.7</ele>
   </trkpt>
   <trkpt lat="40.6153240" lon="-3.1066410">
    <ele>947.8</ele>
   </trkpt>
   <trkpt lat="40.6153560" lon="-3.1066240">
    <ele>947.9</ele>
   </trkpt>
   <trkpt lat="40.6153890" lon="-3.1065930">
    <ele>948.0</ele>
   </trkpt>
   <trkpt lat="40.6154330" lon="-3.1065750">
    <ele>948.1</ele>
   </trkpt>
   <trkpt lat="40.6154780" lon="-3.1065610">
    <ele>948.3</ele>
   </trkpt>
   <trkpt lat="40.6155140" lon="-3.1065430">
    <ele>948.4</ele>
   </trkpt>
   <trkpt lat="40.6155550" lon="-3.1065310">
    <ele>948.5</ele>
   </trkpt>
   <trkpt lat="40.6155970" lon="-3.1065120">
    <ele>948.6</ele>
   </trkpt>
   <trkpt lat="40.6156370" lon="-3.1064850">
    <ele>948.7</ele>
   </trkpt>
   <trkpt lat="40.6156710" lon="-3.1064550">
    <ele>948.8</ele>
   </trkpt>
   <trkpt lat="40.6156980" lon="-3.1064220">
    <ele>948.9</ele>
   </trkpt>
   <trkpt lat="40.6157200" lon="-3.1063900">
    <ele>949.0</ele>
   </trkpt>
   <trkpt lat="40.6157470" lon="-3.1063650">
    <ele>949.0</ele>
   </trkpt>
   <trkpt lat="40.6157760" lon="-3.1063380">
    <ele>949.1</ele>
   </trkpt>
   <trkpt lat="40.6158100" lon="-3.1063120">
    <ele>949.2</ele>
   </trkpt>
   <trkpt lat="40.6158420" lon="-3.1062850">
    <ele>949.3</ele>
   </trkpt>
   <trkpt lat="40.6158810" lon="-3.1062660">
    <ele>949.3</ele>
   </trkpt>
   <trkpt lat="40.6159170" lon="-3.1062420">
    <ele>949.4</ele>
   </trkpt>
   <trkpt lat="40.6159580" lon="-3.1062180">
    <ele>949.5</ele>
   </trkpt>
   <trkpt lat="40.6159930" lon="-3.1061940">
    <ele>949.6</ele>
   </trkpt>
   <trkpt lat="40.6160350" lon="-3.1061760">
    <ele>949.7</ele>
   </trkpt>
   <trkpt lat="40.6160670" lon="-3.1061600">
    <ele>949.8</ele>
   </trkpt>
   <trkpt lat="40.6161020" lon="-3.1061400">
    <ele>949.9</ele>
   </trkpt>
   <trkpt lat="40.6161400" lon="-3.1061220">
    <ele>949.9</ele>
   </trkpt>
   <trkpt lat="40.6161750" lon="-3.1060970">
    <ele>950.0</ele>
   </trkpt>
   <trkpt lat="40.6162140" lon="-3.1060690">
    <ele>950.1</ele>
   </trkpt>
   <trkpt lat="40.6162570" lon="-3.1060480">
    <ele>950.2</ele>
   </trkpt>
   <trkpt lat="40.6162880" lon="-3.1060330">
    <ele>950.3</ele>
   </trkpt>
   <trkpt lat="40.6163200" lon="-3.1060250">
    <ele>950.4</ele>
   </trkpt>
   <trkpt lat="40.6163560" lon="-3.1060140">
    <ele>950.4</ele>
   </trkpt>
   <trkpt lat="40.6163970" lon="-3.1059950">
    <ele>950.5</ele>
   </trkpt>
   <trkpt lat="40.6164380" lon="-3.1059790">
    <ele>950.6</ele>
   </trkpt>
   <trkpt lat="40.6164720" lon="-3.1059670">
    <ele>950.7</ele>
   </trkpt>
   <trkpt lat="40.6165170" lon="-3.1059410">
    <ele>950.8</ele>
   </trkpt>
   <trkpt lat="40.6165490" lon="-3.1059130">
    <ele>950.9</ele>
   </trkpt>
   <trkpt lat="40.6165870" lon="-3.1058980">
    <ele>951.0</ele>
   </trkpt>
   <trkpt lat="40.6166280" lon="-3.1058900">
    <ele>951.1</ele>
   </trkpt>
   <trkpt lat="40.6166720" lon="-3.1058830">
    <ele>951.1</ele>
   </trkpt>
   <trkpt lat="40.6167100" lon="-3.1058740">
    <ele>951.2</ele>
   </trkpt>
   <trkpt lat="40.6167480" lon="-3.1058660">
    <ele>951.3</ele>
   </trkpt>
   <trkpt lat="40.6167820" lon="-3.1058480">
    <ele>951.4</ele>
   </trkpt>
   <trkpt lat="40.6168190" lon="-3.1058290">
    <ele>951.4</ele>
   </trkpt>
   <trkpt lat="40.6168580" lon="-3.1058190">
    <ele>951.5</ele>
   </trkpt>
   <trkpt lat="40.6169080" lon="-3.1058120">
    <ele>951.6</ele>
   </trkpt>
   <trkpt lat="40.6169510" lon="-3.1058100">
    <ele>951.7</ele>
   </trkpt>
   <trkpt lat="40.6169900" lon="-3.1057950">
    <ele>951.8</ele>
   </trkpt>
   <trkpt lat="40.6170200" lon="-3.1057720">
    <ele>951.8</ele>
   </trkpt>
   <trkpt lat="40.6170410" lon="-3.1057430">
    <ele>951.9</ele>
   </trkpt>
   <trkpt lat="40.6170570" lon="-3.1057090">
    <ele>951.9</ele>
   </trkpt>
   <trkpt lat="40.6170780" lon="-3.1056750">
    <ele>952.0</ele>
   </trkpt>
   <trkpt lat="40.6171020" lon="-3.1056430">
    <ele>952.1</ele>
   </trkpt>
   <trkpt lat="40.6171230" lon="-3.1056110">
    <ele>952.2</ele>
   </trkpt>
   <trkpt lat="40.6171460" lon="-3.1055780">
    <ele>952.3</ele>
   </trkpt>
   <trkpt lat="40.6171680" lon="-3.1055450">
    <ele>952.4</ele>
   </trkpt>
   <trkpt lat="40.6171920" lon="-3.1055140">
    <ele>952.5</ele>
   </trkpt>
   <trkpt lat="40.6172180" lon="-3.1054800">
    <ele>952.6</ele>
   </trkpt>
   <trkpt lat="40.6172440" lon="-3.1054540">
    <ele>952.7</ele>
   </trkpt>
   <trkpt lat="40.6172740" lon="-3.1054250">
    <ele>952.9</ele>
   </trkpt>
   <trkpt lat="40.6173080" lon="-3.1053980">
    <ele>953.0</ele>
   </trkpt>
   <trkpt lat="40.6173630" lon="-3.1053900">
    <ele>953.1</ele>
   </trkpt>
   <trkpt lat="40.6174110" lon="-3.1053620">
    <ele>953.3</ele>
   </trkpt>
   <trkpt lat="40.6174510" lon="-3.1053300">
    <ele>953.4</ele>
   </trkpt>
   <trkpt lat="40.6174810" lon="-3.1053050">
    <ele>953.5</ele>
   </trkpt>
   <trkpt lat="40.6175100" lon="-3.1052770">
    <ele>953.6</ele>
   </trkpt>
   <trkpt lat="40.6175400" lon="-3.1052460">
    <ele>953.7</ele>
   </trkpt>
   <trkpt lat="40.6175670" lon="-3.1052210">
    <ele>953.8</ele>
   </trkpt>
   <trkpt lat="40.6175910" lon="-3.1051950">
    <ele>953.9</ele>
   </trkpt>
   <trkpt lat="40.6176230" lon="-3.1051770">
    <ele>954.0</ele>
   </trkpt>
   <trkpt lat="40.6176670" lon="-3.1051590">
    <ele>954.1</ele>
   </trkpt>
   <trkpt lat="40.6177080" lon="-3.1051450">
    <ele>954.2</ele>
   </trkpt>
   <trkpt lat="40.6177360" lon="-3.1051210">
    <ele>954.3</ele>
   </trkpt>
   <trkpt lat="40.6177650" lon="-3.1050980">
    <ele>954.4</ele>
   </trkpt>
   <trkpt lat="40.6177880" lon="-3.1050730">
    <ele>954.5</ele>
   </trkpt>
   <trkpt lat="40.6178140" lon="-3.1050450">
    <ele>954.6</ele>
   </trkpt>
   <trkpt lat="40.6178440" lon="-3.1050110">
    <ele>954.7</ele>
   </trkpt>
   <trkpt lat="40.6178690" lon="-3.1049750">
    <ele>954.9</ele>
   </trkpt>
   <trkpt lat="40.6178980" lon="-3.1049410">
    <ele>955.0</ele>
   </trkpt>
   <trkpt lat="40.6179260" lon="-3.1049170">
    <ele>955.1</ele>
   </trkpt>
   <trkpt lat="40.6179540" lon="-3.1048910">
    <ele>955.2</ele>
   </trkpt>
   <trkpt lat="40.6179790" lon="-3.1048620">
    <ele>955.3</ele>
   </trkpt>
   <trkpt lat="40.6180070" lon="-3.1048340">
    <ele>955.4</ele>
   </trkpt>
   <trkpt lat="40.6180420" lon="-3.1048190">
    <ele>955.5</ele>
   </trkpt>
   <trkpt lat="40.6180730" lon="-3.1047960">
    <ele>955.6</ele>
   </trkpt>
   <trkpt lat="40.6181100" lon="-3.1047880">
    <ele>955.7</ele>
   </trkpt>
   <trkpt lat="40.6181420" lon="-3.1047720">
    <ele>955.8</ele>
   </trkpt>
   <trkpt lat="40.6181740" lon="-3.1047530">
    <ele>955.9</ele>
   </trkpt>
   <trkpt lat="40.6182060" lon="-3.1047350">
    <ele>956.0</ele>
   </trkpt>
   <trkpt lat="40.6182340" lon="-3.1047180">
    <ele>956.1</ele>
   </trkpt>
   <trkpt lat="40.6182690" lon="-3.1047000">
    <ele>956.1</ele>
   </trkpt>
   <trkpt lat="40.6183000" lon="-3.1046800">
    <ele>956.2</ele>
   </trkpt>
   <trkpt lat="40.6183330" lon="-3.1046590">
    <ele>956.3</ele>
   </trkpt>
   <trkpt lat="40.6183670" lon="-3.1046420">
    <ele>956.3</ele>
   </trkpt>
   <trkpt lat="40.6183990" lon="-3.1046190">
    <ele>956.4</ele>
   </trkpt>
   <trkpt lat="40.6184360" lon="-3.1046010">
    <ele>956.5</ele>
   </trkpt>
   <trkpt lat="40.6184840" lon="-3.1045770">
    <ele>956.5</ele>
   </trkpt>
   <trkpt lat="40.6185220" lon="-3.1045640">
    <ele>956.6</ele>
   </trkpt>
   <trkpt lat="40.6185580" lon="-3.1045600">
    <ele>956.7</ele>
   </trkpt>
   <trkpt lat="40.6186010" lon="-3.1045600">
    <ele>956.7</ele>
   </trkpt>
   <trkpt lat="40.6186380" lon="-3.1045420">
    <ele>956.8</ele>
   </trkpt>
   <trkpt lat="40.6186780" lon="-3.1045250">
    <ele>956.8</ele>
   </trkpt>
   <trkpt lat="40.6187120" lon="-3.1045130">
    <ele>956.9</ele>
   </trkpt>
   <trkpt lat="40.6187530" lon="-3.1045060">
    <ele>956.9</ele>
   </trkpt>
   <trkpt lat="40.6187970" lon="-3.1044970">
    <ele>957.0</ele>
   </trkpt>
   <trkpt lat="40.6188390" lon="-3.1044930">
    <ele>957.0</ele>
   </trkpt>
   <trkpt lat="40.6188870" lon="-3.1044850">
    <ele>957.1</ele>
   </trkpt>
   <trkpt lat="40.6189330" lon="-3.1044760">
    <ele>957.1</ele>
   </trkpt>
   <trkpt lat="40.6189830" lon="-3.1044730">
    <ele>957.2</ele>
   </trkpt>
   <trkpt lat="40.6190270" lon="-3.1044620">
    <ele>957.2</ele>
   </trkpt>
   <trkpt lat="40.6190720" lon="-3.1044530">
    <ele>957.2</ele>
   </trkpt>
   <trkpt lat="40.6191170" lon="-3.1044440">
    <ele>957.3</ele>
   </trkpt>
   <trkpt lat="40.6191640" lon="-3.1044420">
    <ele>957.3</ele>
   </trkpt>
   <trkpt lat="40.6192170" lon="-3.1044320">
    <ele>957.3</ele>
   </trkpt>
   <trkpt lat="40.6192610" lon="-3.1044300">
    <ele>957.4</ele>
   </trkpt>
   <trkpt lat="40.6193070" lon="-3.1044170">
    <ele>957.4</ele>
   </trkpt>
   <trkpt lat="40.6193570" lon="-3.1044050">
    <ele>957.5</ele>
   </trkpt>
   <trkpt lat="40.6194040" lon="-3.1043820">
    <ele>957.5</ele>
   </trkpt>
   <trkpt lat="40.6194480" lon="-3.1043630">
    <ele>957.6</ele>
   </trkpt>
   <trkpt lat="40.6194950" lon="-3.1043410">
    <ele>957.7</ele>
   </trkpt>
   <trkpt lat="40.6195390" lon="-3.1043260">
    <ele>957.8</ele>
   </trkpt>
   <trkpt lat="40.6195810" lon="-3.1043060">
    <ele>957.8</ele>
   </trkpt>
   <trkpt lat="40.6196230" lon="-3.1042850">
    <ele>957.9</ele>
   </trkpt>
   <trkpt lat="40.6196660" lon="-3.1042640">
    <ele>958.0</ele>
   </trkpt>
   <trkpt lat="40.6197140" lon="-3.1042480">
    <ele>958.0</ele>
   </trkpt>
   <trkpt lat="40.6197610" lon="-3.1042320">
    <ele>958.1</ele>
   </trkpt>
   <trkpt lat="40.6198090" lon="-3.1042200">
    <ele>958.1</ele>
   </trkpt>
   <trkpt lat="40.6198550" lon="-3.1042220">
    <ele>958.2</ele>
   </trkpt>
   <trkpt lat="40.6199040" lon="-3.1042170">
    <ele>958.3</ele>
   </trkpt>
   <trkpt lat="40.6199440" lon="-3.1042040">
    <ele>958.4</ele>
   </trkpt>
   <trkpt lat="40.6199910" lon="-3.1041880">
    <ele>958.6</ele>
   </trkpt>
   <trkpt lat="40.6200390" lon="-3.1041710">
    <ele>958.7</ele>
   </trkpt>
   <trkpt lat="40.6200840" lon="-3.1041460">
    <ele>958.8</ele>
   </trkpt>
   <trkpt lat="40.6201250" lon="-3.1041210">
    <ele>959.0</ele>
   </trkpt>
   <trkpt lat="40.6201670" lon="-3.1040970">
    <ele>959.1</ele>
   </trkpt>
   <trkpt lat="40.6202090" lon="-3.1040850">
    <ele>959.2</ele>
   </trkpt>
   <trkpt lat="40.6202540" lon="-3.1040760">
    <ele>959.3</ele>
   </trkpt>
   <trkpt lat="40.6203000" lon="-3.1040700">
    <ele>959.5</ele>
   </trkpt>
   <trkpt lat="40.6203480" lon="-3.1040660">
    <ele>959.6</ele>
   </trkpt>
   <trkpt lat="40.6203950" lon="-3.1040640">
    <ele>959.7</ele>
   </trkpt>
   <trkpt lat="40.6204460" lon="-3.1040620">
    <ele>959.8</ele>
   </trkpt>
   <trkpt lat="40.6204940" lon="-3.1040660">
    <ele>959.8</ele>
   </trkpt>
   <trkpt lat="40.6205410" lon="-3.1040680">
    <ele>959.9</ele>
   </trkpt>
   <trkpt lat="40.6205870" lon="-3.1040740">
    <ele>960.0</ele>
   </trkpt>
   <trkpt lat="40.6206300" lon="-3.1040670">
    <ele>960.1</ele>
   </trkpt>
   <trkpt lat="40.6206750" lon="-3.1040600">
    <ele>960.1</ele>
   </trkpt>
   <trkpt lat="40.6207220" lon="-3.1040540">
    <ele>960.2</ele>
   </trkpt>
   <trkpt lat="40.6207640" lon="-3.1040450">
    <ele>960.2</ele>
   </trkpt>
   <trkpt lat="40.6207940" lon="-3.1040310">
    <ele>960.2</ele>
   </trkpt>
   <trkpt lat="40.6208280" lon="-3.1040150">
    <ele>960.3</ele>
   </trkpt>
   <trkpt lat="40.6208760" lon="-3.1039970">
    <ele>960.3</ele>
   </trkpt>
   <trkpt lat="40.6209210" lon="-3.1039760">
    <ele>960.3</ele>
   </trkpt>
   <trkpt lat="40.6209660" lon="-3.1039560">
    <ele>960.4</ele>
   </trkpt>
   <trkpt lat="40.6210170" lon="-3.1039400">
    <ele>960.4</ele>
   </trkpt>
   <trkpt lat="40.6210670" lon="-3.1039200">
    <ele>960.4</ele>
   </trkpt>
   <trkpt lat="40.6211180" lon="-3.1039050">
    <ele>960.5</ele>
   </trkpt>
   <trkpt lat="40.6211650" lon="-3.1038810">
    <ele>960.5</ele>
   </trkpt>
   <trkpt lat="40.6212160" lon="-3.1038560">
    <ele>960.5</ele>
   </trkpt>
   <trkpt lat="40.6212630" lon="-3.1038240">
    <ele>960.6</ele>
   </trkpt>
   <trkpt lat="40.6213110" lon="-3.1037900">
    <ele>960.6</ele>
   </trkpt>
   <trkpt lat="40.6213660" lon="-3.1037550">
    <ele>960.6</ele>
   </trkpt>
   <trkpt lat="40.6214230" lon="-3.1037320">
    <ele>960.7</ele>
   </trkpt>
   <trkpt lat="40.6214840" lon="-3.1037120">
    <ele>960.7</ele>
   </trkpt>
   <trkpt lat="40.6215350" lon="-3.1036930">
    <ele>960.7</ele>
   </trkpt>
   <trkpt lat="40.6215890" lon="-3.1036800">
    <ele>960.8</ele>
   </trkpt>
   <trkpt lat="40.6216410" lon="-3.1036610">
    <ele>960.8</ele>
   </trkpt>
   <trkpt lat="40.6216920" lon="-3.1036430">
    <ele>960.8</ele>
   </trkpt>
   <trkpt lat="40.6217490" lon="-3.1036240">
    <ele>960.8</ele>
   </trkpt>
   <trkpt lat="40.6218010" lon="-3.1036000">
    <ele>960.8</ele>
   </trkpt>
   <trkpt lat="40.6218540" lon="-3.1035730">
    <ele>960.8</ele>
   </trkpt>
   <trkpt lat="40.6219110" lon="-3.1035470">
    <ele>960.8</ele>
   </trkpt>
   <trkpt lat="40.6219660" lon="-3.1035390">
    <ele>960.8</ele>
   </trkpt>
   <trkpt lat="40.6220150" lon="-3.1035340">
    <ele>960.7</ele>
   </trkpt>
   <trkpt lat="40.6220670" lon="-3.1035220">
    <ele>960.7</ele>
   </trkpt>
   <trkpt lat="40.6221170" lon="-3.1035060">
    <ele>960.7</ele>
   </trkpt>
   <trkpt lat="40.6221710" lon="-3.1034870">
    <ele>960.6</ele>
   </trkpt>
   <trkpt lat="40.6222230" lon="-3.1034620">
    <ele>960.5</ele>
   </trkpt>
   <trkpt lat="40.6222770" lon="-3.1034390">
    <ele>960.5</ele>
   </trkpt>
   <trkpt lat="40.6223280" lon="-3.1034130">
    <ele>960.4</ele>
   </trkpt>
   <trkpt lat="40.6223840" lon="-3.1033810">
    <ele>960.3</ele>
   </trkpt>
   <trkpt lat="40.6224270" lon="-3.1033380">
    <ele>960.3</ele>
   </trkpt>
   <trkpt lat="40.6224780" lon="-3.1032910">
    <ele>960.2</ele>
   </trkpt>
   <trkpt lat="40.6225240" lon="-3.1032520">
    <ele>960.1</ele>
   </trkpt>
   <trkpt lat="40.6225740" lon="-3.1032160">
    <ele>960.1</ele>
   </trkpt>
   <trkpt lat="40.6226230" lon="-3.1031810">
    <ele>960.0</ele>
   </trkpt>
   <trkpt lat="40.6226750" lon="-3.1031590">
    <ele>960.0</ele>
   </trkpt>
   <trkpt lat="40.6227260" lon="-3.1031470">
    <ele>959.9</ele>
   </trkpt>
   <trkpt lat="40.6227730" lon="-3.1031460">
    <ele>959.9</ele>
   </trkpt>
   <trkpt lat="40.6228210" lon="-3.1031460">
    <ele>959.9</ele>
   </trkpt>
   <trkpt lat="40.6228730" lon="-3.1031340">
    <ele>959.9</ele>
   </trkpt>
   <trkpt lat="40.6229240" lon="-3.1031300">
    <ele>959.9</ele>
   </trkpt>
   <trkpt lat="40.6229680" lon="-3.1031140">
    <ele>959.9</ele>
   </trkpt>
   <trkpt lat="40.6230160" lon="-3.1030940">
    <ele>959.9</ele>
   </trkpt>
   <trkpt lat="40.6230690" lon="-3.1030750">
    <ele>959.8</ele>
   </trkpt>
   <trkpt lat="40.6231250" lon="-3.1030630">
    <ele>959.8</ele>
   </trkpt>
   <trkpt lat="40.6231770" lon="-3.1030520">
    <ele>959.8</ele>
   </trkpt>
   <trkpt lat="40.6232340" lon="-3.1030360">
    <ele>959.8</ele>
   </trkpt>
   <trkpt lat="40.6232820" lon="-3.1030140">
    <ele>959.8</ele>
   </trkpt>
   <trkpt lat="40.6233280" lon="-3.1029840">
    <ele>959.8</ele>
   </trkpt>
   <trkpt lat="40.6233730" lon="-3.1029490">
    <ele>959.8</ele>
   </trkpt>
   <trkpt lat="40.6234180" lon="-3.1029170">
    <ele>959.7</ele>
   </trkpt>
   <trkpt lat="40.6234610" lon="-3.1028820">
    <ele>959.7</ele>
   </trkpt>
   <trkpt lat="40.6235070" lon="-3.1028530">
    <ele>959.7</ele>
   </trkpt>
   <trkpt lat="40.6235560" lon="-3.1028200">
    <ele>959.7</ele>
   </trkpt>
   <trkpt lat="40.6235990" lon="-3.1027780">
    <ele>959.6</ele>
   </trkpt>
   <trkpt lat="40.6236390" lon="-3.1027310">
    <ele>959.6</ele>
   </trkpt>
   <trkpt lat="40.6236750" lon="-3.1026840">
    <ele>959.6</ele>
   </trkpt>
   <trkpt lat="40.6237070" lon="-3.1026260">
    <ele>959.6</ele>
   </trkpt>
   <trkpt lat="40.6237390" lon="-3.1025690">
    <ele>959.5</ele>
   </trkpt>
   <trkpt lat="40.6237670" lon="-3.1025160">
    <ele>959.5</ele>
   </trkpt>
   <trkpt lat="40.6237940" lon="-3.1024630">
    <ele>959.4</ele>
   </trkpt>
   <trkpt lat="40.6238180" lon="-3.1024040">
    <ele>959.4</ele>
   </trkpt>
   <trkpt lat="40.6238400" lon="-3.1023350">
    <ele>959.3</ele>
   </trkpt>
   <trkpt lat="40.6238650" lon="-3.1022660">
    <ele>959.2</ele>
   </trkpt>
   <trkpt lat="40.6238860" lon="-3.1022000">
    <ele>959.1</ele>
   </trkpt>
   <trkpt lat="40.6239070" lon="-3.1021380">
    <ele>958.9</ele>
   </trkpt>
   <trkpt lat="40.6239200" lon="-3.1020670">
    <ele>958.8</ele>
   </trkpt>
   <trkpt lat="40.6239270" lon="-3.1020000">
    <ele>958.6</ele>
   </trkpt>
   <trkpt lat="40.6239360" lon="-3.1019330">
    <ele>958.4</ele>
   </trkpt>
   <trkpt lat="40.6239520" lon="-3.1018620">
    <ele>958.2</ele>
   </trkpt>
   <trkpt lat="40.6239620" lon="-3.1017940">
    <ele>958.1</ele>
   </trkpt>
   <trkpt lat="40.6239750" lon="-3.1017220">
    <ele>957.9</ele>
   </trkpt>
   <trkpt lat="40.6239860" lon="-3.1016510">
    <ele>957.7</ele>
   </trkpt>
   <trkpt lat="40.6239900" lon="-3.1015850">
    <ele>957.5</ele>
   </trkpt>
   <trkpt lat="40.6239990" lon="-3.1015170">
    <ele>957.3</ele>
   </trkpt>
   <trkpt lat="40.6239980" lon="-3.1014590">
    <ele>957.1</ele>
   </trkpt>
   <trkpt lat="40.6239920" lon="-3.1014040">
    <ele>956.9</ele>
   </trkpt>
   <trkpt lat="40.6239830" lon="-3.1013700">
    <ele>956.8</ele>
   </trkpt>
   <trkpt lat="40.6239830" lon="-3.1013600">
    <ele>956.7</ele>
   </trkpt>
   <trkpt lat="40.6239820" lon="-3.1013610">
    <ele>956.7</ele>
   </trkpt>
   <trkpt lat="40.6239800" lon="-3.1013640">
    <ele>956.7</ele>
   </trkpt>
   <trkpt lat="40.6239830" lon="-3.1013690">
    <ele>956.7</ele>
   </trkpt>
   <trkpt lat="40.6239830" lon="-3.1013690">
    <ele>956.7</ele>
   </trkpt>
   <trkpt lat="40.6239830" lon="-3.1013700">
    <ele>956.7</ele>
   </trkpt>
   <trkpt lat="40.6239830" lon="-3.1013700">
    <ele>956.7</ele>
   </trkpt>
   <trkpt lat="40.6239830" lon="-3.1013700">
    <ele>956.7</ele>
   </trkpt>
   <trkpt lat="40.6239720" lon="-3.1013730">
    <ele>956.6</ele>
   </trkpt>
   <trkpt lat="40.6239650" lon="-3.1013790">
    <ele>956.6</ele>
   </trkpt>
   <trkpt lat="40.6239610" lon="-3.1013770">
    <ele>956.6</ele>
   </trkpt>
   <trkpt lat="40.6239520" lon="-3.1013760">
    <ele>956.5</ele>
   </trkpt>
   <trkpt lat="40.6239500" lon="-3.1013650">
    <ele>956.5</ele>
   </trkpt>
   <trkpt lat="40.6239540" lon="-3.1013380">
    <ele>956.4</ele>
   </trkpt>
   <trkpt lat="40.6239570" lon="-3.1012980">
    <ele>956.2</ele>
   </trkpt>
   <trkpt lat="40.6239620" lon="-3.1012500">
    <ele>956.1</ele>
   </trkpt>
   <trkpt lat="40.6239740" lon="-3.1011950">
    <ele>955.8</ele>
   </trkpt>
   <trkpt lat="40.6239910" lon="-3.1011350">
    <ele>955.6</ele>
   </trkpt>
   <trkpt lat="40.6240140" lon="-3.1010720">
    <ele>955.3</ele>
   </trkpt>
   <trkpt lat="40.6240380" lon="-3.1010030">
    <ele>955.1</ele>
   </trkpt>
   <trkpt lat="40.6240660" lon="-3.1009200">
    <ele>954.8</ele>
   </trkpt>
   <trkpt lat="40.6240930" lon="-3.1008480">
    <ele>954.5</ele>
   </trkpt>
   <trkpt lat="40.6241100" lon="-3.1007780">
    <ele>954.2</ele>
   </trkpt>
   <trkpt lat="40.6241200" lon="-3.1007090">
    <ele>954.0</ele>
   </trkpt>
   <trkpt lat="40.6241130" lon="-3.1006340">
    <ele>953.8</ele>
   </trkpt>
   <trkpt lat="40.6241060" lon="-3.1005600">
    <ele>953.5</ele>
   </trkpt>
   <trkpt lat="40.6241070" lon="-3.1004800">
    <ele>953.3</ele>
   </trkpt>
   <trkpt lat="40.6241150" lon="-3.1004070">
    <ele>953.0</ele>
   </trkpt>
   <trkpt lat="40.6241260" lon="-3.1003340">
    <ele>952.8</ele>
   </trkpt>
   <trkpt lat="40.6241420" lon="-3.1002670">
    <ele>952.6</ele>
   </trkpt>
   <trkpt lat="40.6241470" lon="-3.1001960">
    <ele>952.4</ele>
   </trkpt>
   <trkpt lat="40.6241490" lon="-3.1001290">
    <ele>952.1</ele>
   </trkpt>
   <trkpt lat="40.6241420" lon="-3.1000550">
    <ele>951.9</ele>
   </trkpt>
   <trkpt lat="40.6241360" lon="-3.0999730">
    <ele>951.6</ele>
   </trkpt>
   <trkpt lat="40.6241250" lon="-3.0998840">
    <ele>951.3</ele>
   </trkpt>
   <trkpt lat="40.6241100" lon="-3.0998030">
    <ele>951.0</ele>
   </trkpt>
   <trkpt lat="40.6240910" lon="-3.0997240">
    <ele>950.7</ele>
   </trkpt>
   <trkpt lat="40.6240690" lon="-3.0996410">
    <ele>950.4</ele>
   </trkpt>
   <trkpt lat="40.6240400" lon="-3.0995630">
    <ele>950.1</ele>
   </trkpt>
   <trkpt lat="40.6240040" lon="-3.0994900">
    <ele>949.8</ele>
   </trkpt>
   <trkpt lat="40.6239770" lon="-3.0994080">
    <ele>949.5</ele>
   </trkpt>
   <trkpt lat="40.6239670" lon="-3.0993240">
    <ele>949.2</ele>
   </trkpt>
   <trkpt lat="40.6239540" lon="-3.0992320">
    <ele>948.9</ele>
   </trkpt>
   <trkpt lat="40.6239470" lon="-3.0991460">
    <ele>948.6</ele>
   </trkpt>
   <trkpt lat="40.6239390" lon="-3.0990620">
    <ele>948.3</ele>
   </trkpt>
   <trkpt lat="40.6239320" lon="-3.0989760">
    <ele>947.9</ele>
   </trkpt>
   <trkpt lat="40.6239190" lon="-3.0988960">
    <ele>947.5</ele>
   </trkpt>
   <trkpt lat="40.6238940" lon="-3.0988270">
    <ele>947.2</ele>
   </trkpt>
   <trkpt lat="40.6238630" lon="-3.0987660">
    <ele>946.9</ele>
   </trkpt>
   <trkpt lat="40.6238200" lon="-3.0987100">
    <ele>946.5</ele>
   </trkpt>
   <trkpt lat="40.6237730" lon="-3.0986580">
    <ele>946.2</ele>
   </trkpt>
   <trkpt lat="40.6237360" lon="-3.0985980">
    <ele>945.9</ele>
   </trkpt>
   <trkpt lat="40.6237080" lon="-3.0985250">
    <ele>945.6</ele>
   </trkpt>
   <trkpt lat="40.6236910" lon="-3.0984380">
    <ele>945.2</ele>
   </trkpt>
   <trkpt lat="40.6237070" lon="-3.0983460">
    <ele>944.9</ele>
   </trkpt>
   <trkpt lat="40.6237210" lon="-3.0982580">
    <ele>944.5</ele>
   </trkpt>
   <trkpt lat="40.6237370" lon="-3.0981640">
    <ele>944.2</ele>
   </trkpt>
   <trkpt lat="40.6237550" lon="-3.0980670">
    <ele>943.8</ele>
   </trkpt>
   <trkpt lat="40.6237730" lon="-3.0979710">
    <ele>943.4</ele>
   </trkpt>
   <trkpt lat="40.6237890" lon="-3.0978750">
    <ele>943.0</ele>
   </trkpt>
   <trkpt lat="40.6237960" lon="-3.0977880">
    <ele>942.7</ele>
   </trkpt>
   <trkpt lat="40.6237930" lon="-3.0977020">
    <ele>942.4</ele>
   </trkpt>
   <trkpt lat="40.6237870" lon="-3.0976150">
    <ele>942.1</ele>
   </trkpt>
   <trkpt lat="40.6237900" lon="-3.0975280">
    <ele>941.7</ele>
   </trkpt>
   <trkpt lat="40.6237900" lon="-3.0974440">
    <ele>941.4</ele>
   </trkpt>
   <trkpt lat="40.6238000" lon="-3.0973600">
    <ele>941.1</ele>
   </trkpt>
   <trkpt lat="40.6238150" lon="-3.0972740">
    <ele>940.8</ele>
   </trkpt>
   <trkpt lat="40.6238260" lon="-3.0971860">
    <ele>940.5</ele>
   </trkpt>
   <trkpt lat="40.6238350" lon="-3.0970930">
    <ele>940.2</ele>
   </trkpt>
   <trkpt lat="40.6238490" lon="-3.0970000">
    <ele>939.9</ele>
   </trkpt>
   <trkpt lat="40.6238710" lon="-3.0969070">
    <ele>939.6</ele>
   </trkpt>
   <trkpt lat="40.6239030" lon="-3.0968230">
    <ele>939.2</ele>
   </trkpt>
   <trkpt lat="40.6239380" lon="-3.0967410">
    <ele>938.9</ele>
   </trkpt>
   <trkpt lat="40.6239710" lon="-3.0966590">
    <ele>938.6</ele>
   </trkpt>
   <trkpt lat="40.6240070" lon="-3.0965750">
    <ele>938.3</ele>
   </trkpt>
   <trkpt lat="40.6240390" lon="-3.0964930">
    <ele>938.1</ele>
   </trkpt>
   <trkpt lat="40.6240720" lon="-3.0964080">
    <ele>937.8</ele>
   </trkpt>
   <trkpt lat="40.6241050" lon="-3.0963220">
    <ele>937.5</ele>
   </trkpt>
   <trkpt lat="40.6241310" lon="-3.0962370">
    <ele>937.2</ele>
   </trkpt>
   <trkpt lat="40.6241550" lon="-3.0961570">
    <ele>937.0</ele>
   </trkpt>
   <trkpt lat="40.6241760" lon="-3.0960680">
    <ele>936.7</ele>
   </trkpt>
   <trkpt lat="40.6241950" lon="-3.0959790">
    <ele>936.5</ele>
   </trkpt>
   <trkpt lat="40.6242220" lon="-3.0958910">
    <ele>936.3</ele>
   </trkpt>
   <trkpt lat="40.6242440" lon="-3.0958020">
    <ele>936.0</ele>
   </trkpt>
   <trkpt lat="40.6242590" lon="-3.0957100">
    <ele>935.8</ele>
   </trkpt>
   <trkpt lat="40.6242680" lon="-3.0956230">
    <ele>935.6</ele>
   </trkpt>
   <trkpt lat="40.6242710" lon="-3.0955370">
    <ele>935.4</ele>
   </trkpt>
   <trkpt lat="40.6242700" lon="-3.0954560">
    <ele>935.2</ele>
   </trkpt>
   <trkpt lat="40.6242730" lon="-3.0953680">
    <ele>934.9</ele>
   </trkpt>
   <trkpt lat="40.6242750" lon="-3.0952910">
    <ele>934.7</ele>
   </trkpt>
   <trkpt lat="40.6242700" lon="-3.0952280">
    <ele>934.5</ele>
   </trkpt>
   <trkpt lat="40.6242660" lon="-3.0951880">
    <ele>934.3</ele>
   </trkpt>
   <trkpt lat="40.6242650" lon="-3.0951370">
    <ele>934.2</ele>
   </trkpt>
   <trkpt lat="40.6242550" lon="-3.0950870">
    <ele>934.0</ele>
   </trkpt>
   <trkpt lat="40.6242380" lon="-3.0950350">
    <ele>933.8</ele>
   </trkpt>
   <trkpt lat="40.6242260" lon="-3.0949800">
    <ele>933.6</ele>
   </trkpt>
   <trkpt lat="40.6242210" lon="-3.0949260">
    <ele>933.4</ele>
   </trkpt>
   <trkpt lat="40.6242120" lon="-3.0948580">
    <ele>933.2</ele>
   </trkpt>
   <trkpt lat="40.6241970" lon="-3.0947850">
    <ele>933.0</ele>
   </trkpt>
   <trkpt lat="40.6241740" lon="-3.0947270">
    <ele>932.8</ele>
   </trkpt>
   <trkpt lat="40.6241420" lon="-3.0946710">
    <ele>932.6</ele>
   </trkpt>
   <trkpt lat="40.6241070" lon="-3.0946270">
    <ele>932.4</ele>
   </trkpt>
   <trkpt lat="40.6240690" lon="-3.0945800">
    <ele>932.3</ele>
   </trkpt>
   <trkpt lat="40.6240400" lon="-3.0945290">
    <ele>932.1</ele>
   </trkpt>
   <trkpt lat="40.6240080" lon="-3.0944720">
    <ele>932.0</ele>
   </trkpt>
   <trkpt lat="40.6239790" lon="-3.0944090">
    <ele>931.9</ele>
   </trkpt>
   <trkpt lat="40.6239600" lon="-3.0943440">
    <ele>931.8</ele>
   </trkpt>
   <trkpt lat="40.6239570" lon="-3.0942830">
    <ele>931.7</ele>
   </trkpt>
   <trkpt lat="40.6239480" lon="-3.0942310">
    <ele>931.6</ele>
   </trkpt>
   <trkpt lat="40.6239350" lon="-3.0941770">
    <ele>931.6</ele>
   </trkpt>
   <trkpt lat="40.6239200" lon="-3.0941050">
    <ele>931.6</ele>
   </trkpt>
   <trkpt lat="40.6239020" lon="-3.0940310">
    <ele>931.6</ele>
   </trkpt>
   <trkpt lat="40.6238850" lon="-3.0939630">
    <ele>931.6</ele>
   </trkpt>
   <trkpt lat="40.6238600" lon="-3.0939010">
    <ele>931.6</ele>
   </trkpt>
   <trkpt lat="40.6238600" lon="-3.0939010">
    <ele>931.6</ele>
   </trkpt>
   <trkpt lat="40.6238600" lon="-3.0939010">
    <ele>931.6</ele>
   </trkpt>
   <trkpt lat="40.6238600" lon="-3.0939010">
    <ele>931.6</ele>
   </trkpt>
   <trkpt lat="40.6238600" lon="-3.0939010">
    <ele>931.6</ele>
   </trkpt>
   <trkpt lat="40.6238600" lon="-3.0939010">
    <ele>931.6</ele>
   </trkpt>
   <trkpt lat="40.6236720" lon="-3.0934680">
    <ele>931.4</ele>
   </trkpt>
   <trkpt lat="40.6236400" lon="-3.0933560">
    <ele>931.4</ele>
   </trkpt>
   <trkpt lat="40.6236090" lon="-3.0933030">
    <ele>931.4</ele>
   </trkpt>
   <trkpt lat="40.6235810" lon="-3.0932630">
    <ele>931.4</ele>
   </trkpt>
   <trkpt lat="40.6235380" lon="-3.0932300">
    <ele>931.4</ele>
   </trkpt>
   <trkpt lat="40.6234830" lon="-3.0931750">
    <ele>931.2</ele>
   </trkpt>
   <trkpt lat="40.6234710" lon="-3.0931120">
    <ele>931.1</ele>
   </trkpt>
   <trkpt lat="40.6234440" lon="-3.0930690">
    <ele>931.0</ele>
   </trkpt>
   <trkpt lat="40.6234220" lon="-3.0930010">
    <ele>930.9</ele>
   </trkpt>
   <trkpt lat="40.6234010" lon="-3.0929380">
    <ele>930.7</ele>
   </trkpt>
   <trkpt lat="40.6233800" lon="-3.0928930">
    <ele>930.6</ele>
   </trkpt>
   <trkpt lat="40.6233550" lon="-3.0928500">
    <ele>930.5</ele>
   </trkpt>
   <trkpt lat="40.6233230" lon="-3.0927950">
    <ele>930.3</ele>
   </trkpt>
   <trkpt lat="40.6232830" lon="-3.0927680">
    <ele>930.1</ele>
   </trkpt>
   <trkpt lat="40.6232350" lon="-3.0927750">
    <ele>929.9</ele>
   </trkpt>
   <trkpt lat="40.6231770" lon="-3.0927670">
    <ele>929.7</ele>
   </trkpt>
   <trkpt lat="40.6231320" lon="-3.0927690">
    <ele>929.5</ele>
   </trkpt>
   <trkpt lat="40.6230770" lon="-3.0927530">
    <ele>929.3</ele>
   </trkpt>
   <trkpt lat="40.6230290" lon="-3.0927100">
    <ele>929.1</ele>
   </trkpt>
   <trkpt lat="40.6229720" lon="-3.0926700">
    <ele>928.9</ele>
   </trkpt>
   <trkpt lat="40.6229220" lon="-3.0926260">
    <ele>928.7</ele>
   </trkpt>
   <trkpt lat="40.6228780" lon="-3.0925600">
    <ele>928.5</ele>
   </trkpt>
   <trkpt lat="40.6228320" lon="-3.0925150">
    <ele>928.3</ele>
   </trkpt>
   <trkpt lat="40.6227910" lon="-3.0924470">
    <ele>928.1</ele>
   </trkpt>
   <trkpt lat="40.6227580" lon="-3.0923840">
    <ele>928.0</ele>
   </trkpt>
   <trkpt lat="40.6227300" lon="-3.0923050">
    <ele>927.8</ele>
   </trkpt>
   <trkpt lat="40.6227070" lon="-3.0922010">
    <ele>927.6</ele>
   </trkpt>
   <trkpt lat="40.6226910" lon="-3.0921130">
    <ele>927.5</ele>
   </trkpt>
   <trkpt lat="40.6226720" lon="-3.0920230">
    <ele>927.3</ele>
   </trkpt>
   <trkpt lat="40.6226630" lon="-3.0919250">
    <ele>927.2</ele>
   </trkpt>
   <trkpt lat="40.6226520" lon="-3.0918360">
    <ele>927.1</ele>
   </trkpt>
   <trkpt lat="40.6226380" lon="-3.0917600">
    <ele>927.0</ele>
   </trkpt>
   <trkpt lat="40.6226370" lon="-3.0916800">
    <ele>926.9</ele>
   </trkpt>
   <trkpt lat="40.6226280" lon="-3.0916090">
    <ele>926.8</ele>
   </trkpt>
   <trkpt lat="40.6226160" lon="-3.0915530">
    <ele>926.8</ele>
   </trkpt>
   <trkpt lat="40.6226090" lon="-3.0915130">
    <ele>926.7</ele>
   </trkpt>
   <trkpt lat="40.6226020" lon="-3.0914760">
    <ele>926.7</ele>
   </trkpt>
   <trkpt lat="40.6226010" lon="-3.0914500">
    <ele>926.7</ele>
   </trkpt>
   <trkpt lat="40.6226050" lon="-3.0914310">
    <ele>926.7</ele>
   </trkpt>
   <trkpt lat="40.6226010" lon="-3.0914290">
    <ele>926.7</ele>
   </trkpt>
   <trkpt lat="40.6225970" lon="-3.0914260">
    <ele>926.7</ele>
   </trkpt>
   <trkpt lat="40.6225940" lon="-3.0914230">
    <ele>926.7</ele>
   </trkpt>
   <trkpt lat="40.6225900" lon="-3.0914200">
    <ele>926.7</ele>
   </trkpt>
   <trkpt lat="40.6225870" lon="-3.0914170">
    <ele>926.7</ele>
   </trkpt>
   <trkpt lat="40.6225830" lon="-3.0914140">
    <ele>926.7</ele>
   </trkpt>
   <trkpt lat="40.6225800" lon="-3.0914110">
    <ele>926.7</ele>
   </trkpt>
   <trkpt lat="40.6225760" lon="-3.0914080">
    <ele>926.7</ele>
   </trkpt>
   <trkpt lat="40.6225730" lon="-3.0914040">
    <ele>926.7</ele>
   </trkpt>
   <trkpt lat="40.6225690" lon="-3.0914010">
    <ele>926.7</ele>
   </trkpt>
   <trkpt lat="40.6225660" lon="-3.0913980">
    <ele>926.7</ele>
   </trkpt>
   <trkpt lat="40.6225620" lon="-3.0913950">
    <ele>926.7</ele>
   </trkpt>
   <trkpt lat="40.6225590" lon="-3.0913920">
    <ele>926.7</ele>
   </trkpt>
   <trkpt lat="40.6225550" lon="-3.0913890">
    <ele>926.7</ele>
   </trkpt>
   <trkpt lat="40.6225520" lon="-3.0913860">
    <ele>926.7</ele>
   </trkpt>
   <trkpt lat="40.6225480" lon="-3.0913830">
    <ele>926.7</ele>
   </trkpt>
   <trkpt lat="40.6225450" lon="-3.0913800">
    <ele>926.7</ele>
   </trkpt>
   <trkpt lat="40.6225240" lon="-3.0913480">
    <ele>926.7</ele>
   </trkpt>
   <trkpt lat="40.6225130" lon="-3.0913140">
    <ele>926.7</ele>
   </trkpt>
   <trkpt lat="40.6225040" lon="-3.0912780">
    <ele>926.7</ele>
   </trkpt>
   <trkpt lat="40.6225020" lon="-3.0912390">
    <ele>926.7</ele>
   </trkpt>
   <trkpt lat="40.6225060" lon="-3.0911930">
    <ele>926.7</ele>
   </trkpt>
   <trkpt lat="40.6225070" lon="-3.0911450">
    <ele>926.7</ele>
   </trkpt>
   <trkpt lat="40.6225090" lon="-3.0910820">
    <ele>926.7</ele>
   </trkpt>
   <trkpt lat="40.6225160" lon="-3.0910340">
    <ele>926.8</ele>
   </trkpt>
   <trkpt lat="40.6225300" lon="-3.0909710">
    <ele>926.8</ele>
   </trkpt>
   <trkpt lat="40.6225470" lon="-3.0909160">
    <ele>926.8</ele>
   </trkpt>
   <trkpt lat="40.6225630" lon="-3.0908690">
    <ele>926.8</ele>
   </trkpt>
   <trkpt lat="40.6225720" lon="-3.0908190">
    <ele>926.9</ele>
   </trkpt>
   <trkpt lat="40.6225810" lon="-3.0907750">
    <ele>926.9</ele>
   </trkpt>
   <trkpt lat="40.6225860" lon="-3.0907320">
    <ele>926.9</ele>
   </trkpt>
   <trkpt lat="40.6225850" lon="-3.0906950">
    <ele>926.9</ele>
   </trkpt>
   <trkpt lat="40.6225820" lon="-3.0906560">
    <ele>926.9</ele>
   </trkpt>
   <trkpt lat="40.6225820" lon="-3.0906120">
    <ele>926.9</ele>
   </trkpt>
   <trkpt lat="40.6225790" lon="-3.0905710">
    <ele>926.8</ele>
   </trkpt>
   <trkpt lat="40.6225750" lon="-3.0905330">
    <ele>926.8</ele>
   </trkpt>
   <trkpt lat="40.6225790" lon="-3.0905090">
    <ele>926.8</ele>
   </trkpt>
   <trkpt lat="40.6225830" lon="-3.0904870">
    <ele>926.8</ele>
   </trkpt>
   <trkpt lat="40.6225840" lon="-3.0904780">
    <ele>926.8</ele>
   </trkpt>
   <trkpt lat="40.6225830" lon="-3.0904750">
    <ele>926.8</ele>
   </trkpt>
   <trkpt lat="40.6225820" lon="-3.0904720">
    <ele>926.8</ele>
   </trkpt>
   <trkpt lat="40.6225820" lon="-3.0904690">
    <ele>926.8</ele>
   </trkpt>
   <trkpt lat="40.6225810" lon="-3.0904670">
    <ele>926.8</ele>
   </trkpt>
   <trkpt lat="40.6225800" lon="-3.0904640">
    <ele>926.8</ele>
   </trkpt>
   <trkpt lat="40.6225790" lon="-3.0904610">
    <ele>926.8</ele>
   </trkpt>
   <trkpt lat="40.6225780" lon="-3.0904580">
    <ele>926.8</ele>
   </trkpt>
   <trkpt lat="40.6225770" lon="-3.0904550">
    <ele>926.8</ele>
   </trkpt>
   <trkpt lat="40.6225760" lon="-3.0904520">
    <ele>926.8</ele>
   </trkpt>
   <trkpt lat="40.6225750" lon="-3.0904490">
    <ele>926.8</ele>
   </trkpt>
   <trkpt lat="40.6225750" lon="-3.0904460">
    <ele>926.7</ele>
   </trkpt>
   <trkpt lat="40.6225740" lon="-3.0904440">
    <ele>926.7</ele>
   </trkpt>
   <trkpt lat="40.6225730" lon="-3.0904410">
    <ele>926.7</ele>
   </trkpt>
   <trkpt lat="40.6225720" lon="-3.0904380">
    <ele>926.7</ele>
   </trkpt>
   <trkpt lat="40.6225710" lon="-3.0904350">
    <ele>926.7</ele>
   </trkpt>
   <trkpt lat="40.6225770" lon="-3.0903860">
    <ele>926.7</ele>
   </trkpt>
   <trkpt lat="40.6225790" lon="-3.0903620">
    <ele>926.7</ele>
   </trkpt>
   <trkpt lat="40.6226010" lon="-3.0903060">
    <ele>926.6</ele>
   </trkpt>
   <trkpt lat="40.6226130" lon="-3.0902570">
    <ele>926.5</ele>
   </trkpt>
   <trkpt lat="40.6226190" lon="-3.0902220">
    <ele>926.5</ele>
   </trkpt>
   <trkpt lat="40.6226300" lon="-3.0901860">
    <ele>926.4</ele>
   </trkpt>
   <trkpt lat="40.6226340" lon="-3.0901720">
    <ele>926.4</ele>
   </trkpt>
   <trkpt lat="40.6226530" lon="-3.0901420">
    <ele>926.4</ele>
   </trkpt>
   <trkpt lat="40.6226730" lon="-3.0901070">
    <ele>926.4</ele>
   </trkpt>
   <trkpt lat="40.6226800" lon="-3.0900950">
    <ele>926.4</ele>
   </trkpt>
   <trkpt lat="40.6227030" lon="-3.0900690">
    <ele>926.3</ele>
   </trkpt>
   <trkpt lat="40.6227240" lon="-3.0900320">
    <ele>926.3</ele>
   </trkpt>
   <trkpt lat="40.6227380" lon="-3.0899860">
    <ele>926.3</ele>
   </trkpt>
   <trkpt lat="40.6227410" lon="-3.0899370">
    <ele>926.3</ele>
   </trkpt>
   <trkpt lat="40.6227280" lon="-3.0898860">
    <ele>926.2</ele>
   </trkpt>
   <trkpt lat="40.6227120" lon="-3.0898400">
    <ele>926.2</ele>
   </trkpt>
   <trkpt lat="40.6226930" lon="-3.0898090">
    <ele>926.2</ele>
   </trkpt>
   <trkpt lat="40.6226720" lon="-3.0897770">
    <ele>926.2</ele>
   </trkpt>
   <trkpt lat="40.6226440" lon="-3.0897410">
    <ele>926.2</ele>
   </trkpt>
   <trkpt lat="40.6226210" lon="-3.0896970">
    <ele>926.2</ele>
   </trkpt>
   <trkpt lat="40.6225980" lon="-3.0896380">
    <ele>926.2</ele>
   </trkpt>
   <trkpt lat="40.6225750" lon="-3.0895760">
    <ele>926.3</ele>
   </trkpt>
   <trkpt lat="40.6225550" lon="-3.0895050">
    <ele>926.4</ele>
   </trkpt>
   <trkpt lat="40.6225430" lon="-3.0894430">
    <ele>926.5</ele>
   </trkpt>
   <trkpt lat="40.6225280" lon="-3.0893860">
    <ele>926.6</ele>
   </trkpt>
   <trkpt lat="40.6225150" lon="-3.0893200">
    <ele>926.8</ele>
   </trkpt>
   <trkpt lat="40.6225030" lon="-3.0892620">
    <ele>926.9</ele>
   </trkpt>
   <trkpt lat="40.6224890" lon="-3.0891970">
    <ele>927.1</ele>
   </trkpt>
   <trkpt lat="40.6224810" lon="-3.0891380">
    <ele>927.3</ele>
   </trkpt>
   <trkpt lat="40.6224740" lon="-3.0890910">
    <ele>927.4</ele>
   </trkpt>
   <trkpt lat="40.6224730" lon="-3.0890510">
    <ele>927.5</ele>
   </trkpt>
   <trkpt lat="40.6224720" lon="-3.0890210">
    <ele>927.6</ele>
   </trkpt>
   <trkpt lat="40.6224760" lon="-3.0890060">
    <ele>927.6</ele>
   </trkpt>
   <trkpt lat="40.6224800" lon="-3.0890020">
    <ele>927.6</ele>
   </trkpt>
   <trkpt lat="40.6224850" lon="-3.0890040">
    <ele>927.7</ele>
   </trkpt>
   <trkpt lat="40.6224870" lon="-3.0890010">
    <ele>927.7</ele>
   </trkpt>
   <trkpt lat="40.6224780" lon="-3.0890130">
    <ele>927.7</ele>
   </trkpt>
   <trkpt lat="40.6224780" lon="-3.0890130">
    <ele>927.7</ele>
   </trkpt>
   <trkpt lat="40.6224780" lon="-3.0890130">
    <ele>927.7</ele>
   </trkpt>
   <trkpt lat="40.6224780" lon="-3.0890150">
    <ele>927.7</ele>
   </trkpt>
   <trkpt lat="40.6224780" lon="-3.0890190">
    <ele>927.7</ele>
   </trkpt>
   <trkpt lat="40.6224690" lon="-3.0890210">
    <ele>927.7</ele>
   </trkpt>
   <trkpt lat="40.6224670" lon="-3.0890270">
    <ele>927.7</ele>
   </trkpt>
   <trkpt lat="40.6224670" lon="-3.0890260">
    <ele>927.7</ele>
   </trkpt>
   <trkpt lat="40.6224670" lon="-3.0890260">
    <ele>927.7</ele>
   </trkpt>
   <trkpt lat="40.6224670" lon="-3.0890260">
    <ele>927.7</ele>
   </trkpt>
   <trkpt lat="40.6224670" lon="-3.0890260">
    <ele>927.7</ele>
   </trkpt>
   <trkpt lat="40.6224670" lon="-3.0890260">
    <ele>927.7</ele>
   </trkpt>
   <trkpt lat="40.6224670" lon="-3.0890260">
    <ele>927.7</ele>
   </trkpt>
   <trkpt lat="40.6224710" lon="-3.0890130">
    <ele>927.7</ele>
   </trkpt>
   <trkpt lat="40.6224810" lon="-3.0889960">
    <ele>927.7</ele>
   </trkpt>
   <trkpt lat="40.6224870" lon="-3.0889980">
    <ele>927.7</ele>
   </trkpt>
   <trkpt lat="40.6224900" lon="-3.0890170">
    <ele>927.7</ele>
   </trkpt>
   <trkpt lat="40.6224920" lon="-3.0890400">
    <ele>927.7</ele>
   </trkpt>
   <trkpt lat="40.6224870" lon="-3.0890810">
    <ele>927.7</ele>
   </trkpt>
   <trkpt lat="40.6224850" lon="-3.0890960">
    <ele>927.6</ele>
   </trkpt>
   <trkpt lat="40.6224850" lon="-3.0891460">
    <ele>927.5</ele>
   </trkpt>
   <trkpt lat="40.6224980" lon="-3.0892350">
    <ele>927.2</ele>
   </trkpt>
   <trkpt lat="40.6225050" lon="-3.0893020">
    <ele>927.0</ele>
   </trkpt>
   <trkpt lat="40.6225170" lon="-3.0893680">
    <ele>926.8</ele>
   </trkpt>
   <trkpt lat="40.6225280" lon="-3.0894330">
    <ele>926.7</ele>
   </trkpt>
   <trkpt lat="40.6225460" lon="-3.0894930">
    <ele>926.5</ele>
   </trkpt>
   <trkpt lat="40.6225630" lon="-3.0895600">
    <ele>926.4</ele>
   </trkpt>
   <trkpt lat="40.6225800" lon="-3.0896280">
    <ele>926.3</ele>
   </trkpt>
   <trkpt lat="40.6226140" lon="-3.0896970">
    <ele>926.2</ele>
   </trkpt>
   <trkpt lat="40.6226480" lon="-3.0897510">
    <ele>926.2</ele>
   </trkpt>
   <trkpt lat="40.6226810" lon="-3.0898060">
    <ele>926.2</ele>
   </trkpt>
   <trkpt lat="40.6227060" lon="-3.0898640">
    <ele>926.2</ele>
   </trkpt>
   <trkpt lat="40.6227210" lon="-3.0899310">
    <ele>926.2</ele>
   </trkpt>
   <trkpt lat="40.6227200" lon="-3.0899980">
    <ele>926.3</ele>
   </trkpt>
   <trkpt lat="40.6227120" lon="-3.0900550">
    <ele>926.3</ele>
   </trkpt>
   <trkpt lat="40.6226970" lon="-3.0901040">
    <ele>926.3</ele>
   </trkpt>
   <trkpt lat="40.6226770" lon="-3.0901410">
    <ele>926.3</ele>
   </trkpt>
   <trkpt lat="40.6226540" lon="-3.0901700">
    <ele>926.4</ele>
   </trkpt>
   <trkpt lat="40.6226230" lon="-3.0901850">
    <ele>926.4</ele>
   </trkpt>
   <trkpt lat="40.6226100" lon="-3.0901860">
    <ele>926.0</ele>
   </trkpt>
   <trkpt lat="40.6225800" lon="-3.0901540">
    <ele>925.4</ele>
   </trkpt>
   <trkpt lat="40.6225700" lon="-3.0901400">
    <ele>925.2</ele>
   </trkpt>
   <trkpt lat="40.6225510" lon="-3.0901090">
    <ele>924.7</ele>
   </trkpt>
   <trkpt lat="40.6225250" lon="-3.0900740">
    <ele>924.3</ele>
   </trkpt>
   <trkpt lat="40.6224940" lon="-3.0900340">
    <ele>924.0</ele>
   </trkpt>
   <trkpt lat="40.6224520" lon="-3.0899880">
    <ele>923.4</ele>
   </trkpt>
   <trkpt lat="40.6224140" lon="-3.0899300">
    <ele>923.1</ele>
   </trkpt>
   <trkpt lat="40.6223890" lon="-3.0898650">
    <ele>922.9</ele>
   </trkpt>
   <trkpt lat="40.6223680" lon="-3.0898200">
    <ele>922.7</ele>
   </trkpt>
   <trkpt lat="40.6223450" lon="-3.0897830">
    <ele>922.4</ele>
   </trkpt>
   <trkpt lat="40.6223130" lon="-3.0897580">
    <ele>922.2</ele>
   </trkpt>
   <trkpt lat="40.6222660" lon="-3.0897570">
    <ele>921.8</ele>
   </trkpt>
   <trkpt lat="40.6222220" lon="-3.0897510">
    <ele>921.4</ele>
   </trkpt>
   <trkpt lat="40.6221820" lon="-3.0897340">
    <ele>921.0</ele>
   </trkpt>
   <trkpt lat="40.6221390" lon="-3.0897030">
    <ele>920.7</ele>
   </trkpt>
   <trkpt lat="40.6220990" lon="-3.0896700">
    <ele>920.3</ele>
   </trkpt>
   <trkpt lat="40.6220500" lon="-3.0896380">
    <ele>919.9</ele>
   </trkpt>
   <trkpt lat="40.6219970" lon="-3.0896190">
    <ele>919.6</ele>
   </trkpt>
   <trkpt lat="40.6219470" lon="-3.0896010">
    <ele>919.4</ele>
   </trkpt>
   <trkpt lat="40.6219020" lon="-3.0895860">
    <ele>919.2</ele>
   </trkpt>
   <trkpt lat="40.6218640" lon="-3.0895890">
    <ele>919.1</ele>
   </trkpt>
   <trkpt lat="40.6218200" lon="-3.0895850">
    <ele>918.9</ele>
   </trkpt>
   <trkpt lat="40.6217760" lon="-3.0895830">
    <ele>918.8</ele>
   </trkpt>
   <trkpt lat="40.6217340" lon="-3.0895820">
    <ele>918.6</ele>
   </trkpt>
   <trkpt lat="40.6216980" lon="-3.0895710">
    <ele>918.4</ele>
   </trkpt>
   <trkpt lat="40.6216580" lon="-3.0895520">
    <ele>918.3</ele>
   </trkpt>
   <trkpt lat="40.6216180" lon="-3.0895130">
    <ele>918.1</ele>
   </trkpt>
   <trkpt lat="40.6215750" lon="-3.0894750">
    <ele>917.9</ele>
   </trkpt>
   <trkpt lat="40.6215390" lon="-3.0894440">
    <ele>917.7</ele>
   </trkpt>
   <trkpt lat="40.6215090" lon="-3.0893970">
    <ele>917.6</ele>
   </trkpt>
   <trkpt lat="40.6214830" lon="-3.0893370">
    <ele>917.4</ele>
   </trkpt>
   <trkpt lat="40.6214620" lon="-3.0892700">
    <ele>917.2</ele>
   </trkpt>
   <trkpt lat="40.6214500" lon="-3.0892050">
    <ele>917.0</ele>
   </trkpt>
   <trkpt lat="40.6214360" lon="-3.0891420">
    <ele>916.9</ele>
   </trkpt>
   <trkpt lat="40.6214260" lon="-3.0890660">
    <ele>916.7</ele>
   </trkpt>
   <trkpt lat="40.6214250" lon="-3.0889850">
    <ele>916.5</ele>
   </trkpt>
   <trkpt lat="40.6214200" lon="-3.0889110">
    <ele>916.4</ele>
   </trkpt>
   <trkpt lat="40.6214040" lon="-3.0888690">
    <ele>916.2</ele>
   </trkpt>
   <trkpt lat="40.6213840" lon="-3.0888310">
    <ele>916.1</ele>
   </trkpt>
   <trkpt lat="40.6213780" lon="-3.0888220">
    <ele>916.0</ele>
   </trkpt>
   <trkpt lat="40.6213610" lon="-3.0887780">
    <ele>915.8</ele>
   </trkpt>
   <trkpt lat="40.6213540" lon="-3.0887610">
    <ele>915.8</ele>
   </trkpt>
   <trkpt lat="40.6213420" lon="-3.0887200">
    <ele>915.6</ele>
   </trkpt>
   <trkpt lat="40.6213320" lon="-3.0886760">
    <ele>915.4</ele>
   </trkpt>
   <trkpt lat="40.6213180" lon="-3.0886270">
    <ele>915.2</ele>
   </trkpt>
   <trkpt lat="40.6213060" lon="-3.0885680">
    <ele>914.9</ele>
   </trkpt>
   <trkpt lat="40.6212950" lon="-3.0885150">
    <ele>914.7</ele>
   </trkpt>
   <trkpt lat="40.6212810" lon="-3.0884750">
    <ele>914.6</ele>
   </trkpt>
   <trkpt lat="40.6212610" lon="-3.0884480">
    <ele>914.4</ele>
   </trkpt>
   <trkpt lat="40.6212530" lon="-3.0884420">
    <ele>914.4</ele>
   </trkpt>
   <trkpt lat="40.6212150" lon="-3.0884270">
    <ele>914.2</ele>
   </trkpt>
   <trkpt lat="40.6211990" lon="-3.0884210">
    <ele>914.1</ele>
   </trkpt>
   <trkpt lat="40.6211650" lon="-3.0884050">
    <ele>913.9</ele>
   </trkpt>
   <trkpt lat="40.6211540" lon="-3.0884000">
    <ele>913.9</ele>
   </trkpt>
   <trkpt lat="40.6211210" lon="-3.0883880">
    <ele>913.7</ele>
   </trkpt>
   <trkpt lat="40.6211090" lon="-3.0883850">
    <ele>913.6</ele>
   </trkpt>
   <trkpt lat="40.6210890" lon="-3.0883810">
    <ele>913.5</ele>
   </trkpt>
   <trkpt lat="40.6210770" lon="-3.0883770">
    <ele>913.4</ele>
   </trkpt>
   <trkpt lat="40.6210680" lon="-3.0883710">
    <ele>913.3</ele>
   </trkpt>
   <trkpt lat="40.6210710" lon="-3.0883630">
    <ele>913.3</ele>
   </trkpt>
   <trkpt lat="40.6210730" lon="-3.0883580">
    <ele>913.2</ele>
   </trkpt>
   <trkpt lat="40.6210760" lon="-3.0883480">
    <ele>913.2</ele>
   </trkpt>
   <trkpt lat="40.6210700" lon="-3.0883400">
    <ele>913.1</ele>
   </trkpt>
   <trkpt lat="40.6210700" lon="-3.0883400">
    <ele>913.1</ele>
   </trkpt>
   <trkpt lat="40.6210700" lon="-3.0883400">
    <ele>913.1</ele>
   </trkpt>
   <trkpt lat="40.6210720" lon="-3.0883340">
    <ele>913.1</ele>
   </trkpt>
   <trkpt lat="40.6210750" lon="-3.0883310">
    <ele>913.0</ele>
   </trkpt>
   <trkpt lat="40.6210750" lon="-3.0883260">
    <ele>913.0</ele>
   </trkpt>
   <trkpt lat="40.6210690" lon="-3.0883250">
    <ele>913.0</ele>
   </trkpt>
   <trkpt lat="40.6210730" lon="-3.0883410">
    <ele>912.9</ele>
   </trkpt>
   <trkpt lat="40.6210710" lon="-3.0883400">
    <ele>912.8</ele>
   </trkpt>
   <trkpt lat="40.6210690" lon="-3.0883390">
    <ele>912.8</ele>
   </trkpt>
   <trkpt lat="40.6210650" lon="-3.0883380">
    <ele>912.8</ele>
   </trkpt>
   <trkpt lat="40.6210620" lon="-3.0883370">
    <ele>912.8</ele>
   </trkpt>
   <trkpt lat="40.6210560" lon="-3.0883360">
    <ele>912.7</ele>
   </trkpt>
   <trkpt lat="40.6210460" lon="-3.0883350">
    <ele>912.6</ele>
   </trkpt>
   <trkpt lat="40.6210410" lon="-3.0883340">
    <ele>912.6</ele>
   </trkpt>
   <trkpt lat="40.6210140" lon="-3.0883350">
    <ele>912.3</ele>
   </trkpt>
   <trkpt lat="40.6210000" lon="-3.0883360">
    <ele>912.2</ele>
   </trkpt>
   <trkpt lat="40.6209730" lon="-3.0883440">
    <ele>911.9</ele>
   </trkpt>
   <trkpt lat="40.6209420" lon="-3.0883610">
    <ele>911.6</ele>
   </trkpt>
   <trkpt lat="40.6209330" lon="-3.0883660">
    <ele>911.5</ele>
   </trkpt>
   <trkpt lat="40.6209100" lon="-3.0883710">
    <ele>911.3</ele>
   </trkpt>
   <trkpt lat="40.6209010" lon="-3.0883740">
    <ele>911.2</ele>
   </trkpt>
   <trkpt lat="40.6208910" lon="-3.0883760">
    <ele>911.1</ele>
   </trkpt>
   <trkpt lat="40.6208650" lon="-3.0883850">
    <ele>910.9</ele>
   </trkpt>
   <trkpt lat="40.6208550" lon="-3.0883870">
    <ele>910.8</ele>
   </trkpt>
   <trkpt lat="40.6208230" lon="-3.0883860">
    <ele>910.5</ele>
   </trkpt>
   <trkpt lat="40.6208120" lon="-3.0883840">
    <ele>910.4</ele>
   </trkpt>
   <trkpt lat="40.6207960" lon="-3.0883710">
    <ele>910.2</ele>
   </trkpt>
   <trkpt lat="40.6207830" lon="-3.0883590">
    <ele>910.1</ele>
   </trkpt>
   <trkpt lat="40.6207640" lon="-3.0883400">
    <ele>909.8</ele>
   </trkpt>
   <trkpt lat="40.6207540" lon="-3.0883290">
    <ele>909.7</ele>
   </trkpt>
   <trkpt lat="40.6207440" lon="-3.0883190">
    <ele>909.6</ele>
   </trkpt>
   <trkpt lat="40.6207340" lon="-3.0883090">
    <ele>909.4</ele>
   </trkpt>
   <trkpt lat="40.6207340" lon="-3.0883120">
    <ele>909.4</ele>
   </trkpt>
   <trkpt lat="40.6207360" lon="-3.0883070">
    <ele>909.4</ele>
   </trkpt>
   <trkpt lat="40.6207350" lon="-3.0883030">
    <ele>909.3</ele>
   </trkpt>
   <trkpt lat="40.6207350" lon="-3.0883070">
    <ele>909.3</ele>
   </trkpt>
   <trkpt lat="40.6207330" lon="-3.0883120">
    <ele>909.3</ele>
   </trkpt>
   <trkpt lat="40.6207280" lon="-3.0883140">
    <ele>909.2</ele>
   </trkpt>
   <trkpt lat="40.6207260" lon="-3.0883150">
    <ele>909.2</ele>
   </trkpt>
   <trkpt lat="40.6207190" lon="-3.0883100">
    <ele>909.1</ele>
   </trkpt>
   <trkpt lat="40.6207090" lon="-3.0883090">
    <ele>909.0</ele>
   </trkpt>
   <trkpt lat="40.6207020" lon="-3.0883020">
    <ele>908.9</ele>
   </trkpt>
   <trkpt lat="40.6207060" lon="-3.0882940">
    <ele>908.8</ele>
   </trkpt>
   <trkpt lat="40.6207120" lon="-3.0882970">
    <ele>908.7</ele>
   </trkpt>
   <trkpt lat="40.6207050" lon="-3.0882930">
    <ele>908.6</ele>
   </trkpt>
   <trkpt lat="40.6207060" lon="-3.0882930">
    <ele>908.6</ele>
   </trkpt>
   <trkpt lat="40.6206970" lon="-3.0883020">
    <ele>908.4</ele>
   </trkpt>
   <trkpt lat="40.6206940" lon="-3.0883120">
    <ele>908.3</ele>
   </trkpt>
   <trkpt lat="40.6206880" lon="-3.0883070">
    <ele>908.2</ele>
   </trkpt>
   <trkpt lat="40.6206810" lon="-3.0883050">
    <ele>908.1</ele>
   </trkpt>
   <trkpt lat="40.6206690" lon="-3.0883070">
    <ele>908.0</ele>
   </trkpt>
   <trkpt lat="40.6206670" lon="-3.0882940">
    <ele>907.8</ele>
   </trkpt>
   <trkpt lat="40.6206650" lon="-3.0882910">
    <ele>907.8</ele>
   </trkpt>
   <trkpt lat="40.6206620" lon="-3.0882920">
    <ele>907.8</ele>
   </trkpt>
   <trkpt lat="40.6206540" lon="-3.0882910">
    <ele>907.6</ele>
   </trkpt>
   <trkpt lat="40.6206420" lon="-3.0882950">
    <ele>907.5</ele>
   </trkpt>
   <trkpt lat="40.6206340" lon="-3.0882840">
    <ele>907.3</ele>
   </trkpt>
   <trkpt lat="40.6206280" lon="-3.0882760">
    <ele>907.2</ele>
   </trkpt>
   <trkpt lat="40.6206260" lon="-3.0882680">
    <ele>907.1</ele>
   </trkpt>
   <trkpt lat="40.6206160" lon="-3.0882640">
    <ele>907.0</ele>
   </trkpt>
   <trkpt lat="40.6206050" lon="-3.0882580">
    <ele>906.8</ele>
   </trkpt>
   <trkpt lat="40.6205980" lon="-3.0882490">
    <ele>906.7</ele>
   </trkpt>
   <trkpt lat="40.6205930" lon="-3.0882440">
    <ele>906.6</ele>
   </trkpt>
   <trkpt lat="40.6205920" lon="-3.0882360">
    <ele>906.5</ele>
   </trkpt>
   <trkpt lat="40.6205900" lon="-3.0882260">
    <ele>906.4</ele>
   </trkpt>
   <trkpt lat="40.6205860" lon="-3.0882210">
    <ele>906.3</ele>
   </trkpt>
   <trkpt lat="40.6205790" lon="-3.0882140">
    <ele>906.2</ele>
   </trkpt>
   <trkpt lat="40.6205710" lon="-3.0882070">
    <ele>906.0</ele>
   </trkpt>
   <trkpt lat="40.6205630" lon="-3.0882050">
    <ele>905.9</ele>
   </trkpt>
   <trkpt lat="40.6205600" lon="-3.0881960">
    <ele>905.8</ele>
   </trkpt>
   <trkpt lat="40.6205520" lon="-3.0881940">
    <ele>905.7</ele>
   </trkpt>
   <trkpt lat="40.6205480" lon="-3.0881880">
    <ele>905.6</ele>
   </trkpt>
   <trkpt lat="40.6205450" lon="-3.0881840">
    <ele>905.5</ele>
   </trkpt>
   <trkpt lat="40.6205380" lon="-3.0881770">
    <ele>905.4</ele>
   </trkpt>
   <trkpt lat="40.6205310" lon="-3.0881680">
    <ele>905.3</ele>
   </trkpt>
   <trkpt lat="40.6205270" lon="-3.0881550">
    <ele>905.1</ele>
   </trkpt>
   <trkpt lat="40.6205250" lon="-3.0881390">
    <ele>904.9</ele>
   </trkpt>
   <trkpt lat="40.6205210" lon="-3.0881270">
    <ele>904.8</ele>
   </trkpt>
   <trkpt lat="40.6205150" lon="-3.0881190">
    <ele>904.7</ele>
   </trkpt>
   <trkpt lat="40.6205100" lon="-3.0880890">
    <ele>904.3</ele>
   </trkpt>
   <trkpt lat="40.6205050" lon="-3.0880730">
    <ele>904.1</ele>
   </trkpt>
   <trkpt lat="40.6204990" lon="-3.0880580">
    <ele>903.9</ele>
   </trkpt>
   <trkpt lat="40.6204930" lon="-3.0880430">
    <ele>903.7</ele>
   </trkpt>
   <trkpt lat="40.6204870" lon="-3.0880330">
    <ele>903.6</ele>
   </trkpt>
   <trkpt lat="40.6204820" lon="-3.0880270">
    <ele>903.5</ele>
   </trkpt>
   <trkpt lat="40.6204770" lon="-3.0880220">
    <ele>903.4</ele>
   </trkpt>
   <trkpt lat="40.6204710" lon="-3.0880230">
    <ele>903.3</ele>
   </trkpt>
   <trkpt lat="40.6204720" lon="-3.0880270">
    <ele>903.3</ele>
   </trkpt>
   <trkpt lat="40.6204800" lon="-3.0880360">
    <ele>903.1</ele>
   </trkpt>
   <trkpt lat="40.6204900" lon="-3.0880460">
    <ele>902.9</ele>
   </trkpt>
   <trkpt lat="40.6204930" lon="-3.0880480">
    <ele>902.9</ele>
   </trkpt>
   <trkpt lat="40.6204960" lon="-3.0880500">
    <ele>902.9</ele>
   </trkpt>
   <trkpt lat="40.6204970" lon="-3.0880510">
    <ele>902.8</ele>
   </trkpt>
   <trkpt lat="40.6204960" lon="-3.0880510">
    <ele>902.8</ele>
   </trkpt>
   <trkpt lat="40.6204960" lon="-3.0880500">
    <ele>902.8</ele>
   </trkpt>
   <trkpt lat="40.6204990" lon="-3.0880510">
    <ele>902.8</ele>
   </trkpt>
   <trkpt lat="40.6204990" lon="-3.0880510">
    <ele>902.8</ele>
   </trkpt>
   <trkpt lat="40.6204990" lon="-3.0880510">
    <ele>902.8</ele>
   </trkpt>
   <trkpt lat="40.6204560" lon="-3.0880360">
    <ele>902.2</ele>
   </trkpt>
   <trkpt lat="40.6204430" lon="-3.0880280">
    <ele>902.0</ele>
   </trkpt>
   <trkpt lat="40.6204250" lon="-3.0880120">
    <ele>901.7</ele>
   </trkpt>
   <trkpt lat="40.6204010" lon="-3.0879790">
    <ele>901.3</ele>
   </trkpt>
   <trkpt lat="40.6203910" lon="-3.0879660">
    <ele>901.1</ele>
   </trkpt>
   <trkpt lat="40.6203740" lon="-3.0879290">
    <ele>900.8</ele>
   </trkpt>
   <trkpt lat="40.6203680" lon="-3.0879170">
    <ele>900.7</ele>
   </trkpt>
   <trkpt lat="40.6203400" lon="-3.0878850">
    <ele>900.3</ele>
   </trkpt>
   <trkpt lat="40.6203270" lon="-3.0878750">
    <ele>900.2</ele>
   </trkpt>
   <trkpt lat="40.6202990" lon="-3.0878510">
    <ele>899.9</ele>
   </trkpt>
   <trkpt lat="40.6202770" lon="-3.0878280">
    <ele>899.7</ele>
   </trkpt>
   <trkpt lat="40.6202510" lon="-3.0877900">
    <ele>899.5</ele>
   </trkpt>
   <trkpt lat="40.6202120" lon="-3.0877460">
    <ele>899.2</ele>
   </trkpt>
   <trkpt lat="40.6201910" lon="-3.0877240">
    <ele>899.0</ele>
   </trkpt>
   <trkpt lat="40.6201540" lon="-3.0876980">
    <ele>898.8</ele>
   </trkpt>
   <trkpt lat="40.6201330" lon="-3.0876820">
    <ele>898.6</ele>
   </trkpt>
   <trkpt lat="40.6201020" lon="-3.0876620">
    <ele>898.4</ele>
   </trkpt>
   <trkpt lat="40.6200750" lon="-3.0876470">
    <ele>898.2</ele>
   </trkpt>
   <trkpt lat="40.6200460" lon="-3.0876310">
    <ele>898.1</ele>
   </trkpt>
   <trkpt lat="40.6200370" lon="-3.0876270">
    <ele>898.0</ele>
   </trkpt>
   <trkpt lat="40.6200080" lon="-3.0876050">
    <ele>897.8</ele>
   </trkpt>
   <trkpt lat="40.6199940" lon="-3.0875930">
    <ele>897.8</ele>
   </trkpt>
   <trkpt lat="40.6199350" lon="-3.0875490">
    <ele>897.5</ele>
   </trkpt>
   <trkpt lat="40.6198930" lon="-3.0875230">
    <ele>897.4</ele>
   </trkpt>
   <trkpt lat="40.6198760" lon="-3.0874910">
    <ele>897.3</ele>
   </trkpt>
   <trkpt lat="40.6198700" lon="-3.0874820">
    <ele>897.2</ele>
   </trkpt>
   <trkpt lat="40.6198500" lon="-3.0874540">
    <ele>897.1</ele>
   </trkpt>
   <trkpt lat="40.6198260" lon="-3.0874280">
    <ele>897.0</ele>
   </trkpt>
   <trkpt lat="40.6198190" lon="-3.0874230">
    <ele>897.0</ele>
   </trkpt>
   <trkpt lat="40.6197940" lon="-3.0873960">
    <ele>896.9</ele>
   </trkpt>
   <trkpt lat="40.6197860" lon="-3.0873840">
    <ele>896.9</ele>
   </trkpt>
   <trkpt lat="40.6197740" lon="-3.0873710">
    <ele>896.8</ele>
   </trkpt>
   <trkpt lat="40.6197750" lon="-3.0873720">
    <ele>896.8</ele>
   </trkpt>
   <trkpt lat="40.6197750" lon="-3.0873720">
    <ele>896.8</ele>
   </trkpt>
   <trkpt lat="40.6197750" lon="-3.0873710">
    <ele>896.8</ele>
   </trkpt>
   <trkpt lat="40.6197750" lon="-3.0873710">
    <ele>896.8</ele>
   </trkpt>
   <trkpt lat="40.6197750" lon="-3.0873710">
    <ele>896.8</ele>
   </trkpt>
   <trkpt lat="40.6197750" lon="-3.0873710">
    <ele>896.8</ele>
   </trkpt>
   <trkpt lat="40.6197790" lon="-3.0873490">
    <ele>896.8</ele>
   </trkpt>
   <trkpt lat="40.6197780" lon="-3.0873240">
    <ele>896.7</ele>
   </trkpt>
   <trkpt lat="40.6197770" lon="-3.0872990">
    <ele>896.6</ele>
   </trkpt>
   <trkpt lat="40.6197760" lon="-3.0872730">
    <ele>896.6</ele>
   </trkpt>
   <trkpt lat="40.6197740" lon="-3.0872480">
    <ele>896.5</ele>
   </trkpt>
   <trkpt lat="40.6197730" lon="-3.0872230">
    <ele>896.4</ele>
   </trkpt>
   <trkpt lat="40.6197720" lon="-3.0871980">
    <ele>896.4</ele>
   </trkpt>
   <trkpt lat="40.6197630" lon="-3.0871810">
    <ele>896.3</ele>
   </trkpt>
   <trkpt lat="40.6197530" lon="-3.0871770">
    <ele>896.3</ele>
   </trkpt>
   <trkpt lat="40.6197470" lon="-3.0871780">
    <ele>896.3</ele>
   </trkpt>
   <trkpt lat="40.6197440" lon="-3.0871710">
    <ele>896.3</ele>
   </trkpt>
   <trkpt lat="40.6197360" lon="-3.0871630">
    <ele>896.2</ele>
   </trkpt>
   <trkpt lat="40.6197190" lon="-3.0871520">
    <ele>896.2</ele>
   </trkpt>
   <trkpt lat="40.6197120" lon="-3.0871410">
    <ele>896.1</ele>
   </trkpt>
   <trkpt lat="40.6197080" lon="-3.0871140">
    <ele>896.1</ele>
   </trkpt>
   <trkpt lat="40.6197000" lon="-3.0870750">
    <ele>896.0</ele>
   </trkpt>
   <trkpt lat="40.6196960" lon="-3.0870650">
    <ele>895.9</ele>
   </trkpt>
   <trkpt lat="40.6196810" lon="-3.0870290">
    <ele>895.8</ele>
   </trkpt>
   <trkpt lat="40.6196720" lon="-3.0870150">
    <ele>895.8</ele>
   </trkpt>
   <trkpt lat="40.6196480" lon="-3.0869720">
    <ele>895.6</ele>
   </trkpt>
   <trkpt lat="40.6196400" lon="-3.0869560">
    <ele>895.6</ele>
   </trkpt>
   <trkpt lat="40.6196190" lon="-3.0869190">
    <ele>895.5</ele>
   </trkpt>
   <trkpt lat="40.6196110" lon="-3.0869060">
    <ele>895.4</ele>
   </trkpt>
   <trkpt lat="40.6196010" lon="-3.0868830">
    <ele>895.3</ele>
   </trkpt>
   <trkpt lat="40.6195950" lon="-3.0868780">
    <ele>895.3</ele>
   </trkpt>
   <trkpt lat="40.6195880" lon="-3.0868730">
    <ele>895.3</ele>
   </trkpt>
   <trkpt lat="40.6195810" lon="-3.0868680">
    <ele>895.3</ele>
   </trkpt>
   <trkpt lat="40.6195700" lon="-3.0868530">
    <ele>895.2</ele>
   </trkpt>
   <trkpt lat="40.6195560" lon="-3.0868410">
    <ele>895.1</ele>
   </trkpt>
   <trkpt lat="40.6195310" lon="-3.0868200">
    <ele>895.1</ele>
   </trkpt>
   <trkpt lat="40.6195230" lon="-3.0868110">
    <ele>895.0</ele>
   </trkpt>
   <trkpt lat="40.6195130" lon="-3.0868000">
    <ele>895.0</ele>
   </trkpt>
   <trkpt lat="40.6195000" lon="-3.0867860">
    <ele>894.9</ele>
   </trkpt>
   <trkpt lat="40.6194860" lon="-3.0867470">
    <ele>894.8</ele>
   </trkpt>
   <trkpt lat="40.6194780" lon="-3.0867340">
    <ele>894.8</ele>
   </trkpt>
   <trkpt lat="40.6194730" lon="-3.0866830">
    <ele>894.6</ele>
   </trkpt>
   <trkpt lat="40.6194710" lon="-3.0866660">
    <ele>894.6</ele>
   </trkpt>
   <trkpt lat="40.6194620" lon="-3.0866240">
    <ele>894.5</ele>
   </trkpt>
   <trkpt lat="40.6194580" lon="-3.0865700">
    <ele>894.3</ele>
   </trkpt>
   <trkpt lat="40.6194540" lon="-3.0865270">
    <ele>894.2</ele>
   </trkpt>
   <trkpt lat="40.6194440" lon="-3.0864770">
    <ele>894.0</ele>
   </trkpt>
   <trkpt lat="40.6194380" lon="-3.0864610">
    <ele>894.0</ele>
   </trkpt>
   <trkpt lat="40.6194140" lon="-3.0864310">
    <ele>893.8</ele>
   </trkpt>
   <trkpt lat="40.6194040" lon="-3.0864230">
    <ele>893.8</ele>
   </trkpt>
   <trkpt lat="40.6193720" lon="-3.0864060">
    <ele>893.6</ele>
   </trkpt>
   <trkpt lat="40.6193600" lon="-3.0863980">
    <ele>893.6</ele>
   </trkpt>
   <trkpt lat="40.6193350" lon="-3.0863710">
    <ele>893.4</ele>
   </trkpt>
   <trkpt lat="40.6193100" lon="-3.0863310">
    <ele>893.3</ele>
   </trkpt>
   <trkpt lat="40.6192830" lon="-3.0862750">
    <ele>893.1</ele>
   </trkpt>
   <trkpt lat="40.6192540" lon="-3.0862360">
    <ele>892.9</ele>
   </trkpt>
   <trkpt lat="40.6192360" lon="-3.0862000">
    <ele>892.8</ele>
   </trkpt>
   <trkpt lat="40.6192310" lon="-3.0861600">
    <ele>892.6</ele>
   </trkpt>
   <trkpt lat="40.6192270" lon="-3.0861100">
    <ele>892.4</ele>
   </trkpt>
   <trkpt lat="40.6192250" lon="-3.0860930">
    <ele>892.4</ele>
   </trkpt>
   <trkpt lat="40.6192130" lon="-3.0860540">
    <ele>892.2</ele>
   </trkpt>
   <trkpt lat="40.6192070" lon="-3.0860430">
    <ele>892.1</ele>
   </trkpt>
   <trkpt lat="40.6191850" lon="-3.0860210">
    <ele>892.0</ele>
   </trkpt>
   <trkpt lat="40.6191580" lon="-3.0859970">
    <ele>891.8</ele>
   </trkpt>
   <trkpt lat="40.6191210" lon="-3.0859650">
    <ele>891.5</ele>
   </trkpt>
   <trkpt lat="40.6190810" lon="-3.0859140">
    <ele>891.2</ele>
   </trkpt>
   <trkpt lat="40.6190490" lon="-3.0858660">
    <ele>891.0</ele>
   </trkpt>
   <trkpt lat="40.6190160" lon="-3.0858280">
    <ele>890.8</ele>
   </trkpt>
   <trkpt lat="40.6189920" lon="-3.0857850">
    <ele>890.6</ele>
   </trkpt>
   <trkpt lat="40.6189710" lon="-3.0857370">
    <ele>890.4</ele>
   </trkpt>
   <trkpt lat="40.6189450" lon="-3.0856960">
    <ele>890.2</ele>
   </trkpt>
   <trkpt lat="40.6189160" lon="-3.0856390">
    <ele>890.0</ele>
   </trkpt>
   <trkpt lat="40.6188900" lon="-3.0855860">
    <ele>889.8</ele>
   </trkpt>
   <trkpt lat="40.6188640" lon="-3.0855370">
    <ele>889.6</ele>
   </trkpt>
   <trkpt lat="40.6188410" lon="-3.0854960">
    <ele>889.5</ele>
   </trkpt>
   <trkpt lat="40.6188190" lon="-3.0854440">
    <ele>889.3</ele>
   </trkpt>
   <trkpt lat="40.6187940" lon="-3.0854000">
    <ele>889.2</ele>
   </trkpt>
   <trkpt lat="40.6187680" lon="-3.0853530">
    <ele>889.0</ele>
   </trkpt>
   <trkpt lat="40.6187500" lon="-3.0853060">
    <ele>888.9</ele>
   </trkpt>
   <trkpt lat="40.6187270" lon="-3.0852710">
    <ele>888.8</ele>
   </trkpt>
   <trkpt lat="40.6187030" lon="-3.0852380">
    <ele>888.7</ele>
   </trkpt>
   <trkpt lat="40.6186810" lon="-3.0852070">
    <ele>888.6</ele>
   </trkpt>
   <trkpt lat="40.6186550" lon="-3.0851740">
    <ele>888.4</ele>
   </trkpt>
   <trkpt lat="40.6186260" lon="-3.0851370">
    <ele>888.2</ele>
   </trkpt>
   <trkpt lat="40.6186010" lon="-3.0850870">
    <ele>888.0</ele>
   </trkpt>
   <trkpt lat="40.6185850" lon="-3.0850460">
    <ele>887.8</ele>
   </trkpt>
   <trkpt lat="40.6185630" lon="-3.0850070">
    <ele>887.5</ele>
   </trkpt>
   <trkpt lat="40.6185580" lon="-3.0849950">
    <ele>887.4</ele>
   </trkpt>
   <trkpt lat="40.6185460" lon="-3.0849820">
    <ele>887.2</ele>
   </trkpt>
   <trkpt lat="40.6185330" lon="-3.0849750">
    <ele>887.1</ele>
   </trkpt>
   <trkpt lat="40.6185170" lon="-3.0849700">
    <ele>887.0</ele>
   </trkpt>
   <trkpt lat="40.6185080" lon="-3.0849640">
    <ele>886.9</ele>
   </trkpt>
   <trkpt lat="40.6184990" lon="-3.0849580">
    <ele>886.8</ele>
   </trkpt>
   <trkpt lat="40.6184900" lon="-3.0849520">
    <ele>886.6</ele>
   </trkpt>
   <trkpt lat="40.6184600" lon="-3.0849210">
    <ele>886.2</ele>
   </trkpt>
   <trkpt lat="40.6184500" lon="-3.0849100">
    <ele>886.1</ele>
   </trkpt>
   <trkpt lat="40.6184310" lon="-3.0848810">
    <ele>885.8</ele>
   </trkpt>
   <trkpt lat="40.6184260" lon="-3.0848740">
    <ele>885.7</ele>
   </trkpt>
   <trkpt lat="40.6184150" lon="-3.0848660">
    <ele>885.5</ele>
   </trkpt>
   <trkpt lat="40.6184100" lon="-3.0848700">
    <ele>885.5</ele>
   </trkpt>
   <trkpt lat="40.6184070" lon="-3.0848680">
    <ele>885.4</ele>
   </trkpt>
   <trkpt lat="40.6184070" lon="-3.0848630">
    <ele>885.4</ele>
   </trkpt>
   <trkpt lat="40.6184110" lon="-3.0848580">
    <ele>885.3</ele>
   </trkpt>
   <trkpt lat="40.6184020" lon="-3.0848540">
    <ele>885.2</ele>
   </trkpt>
   <trkpt lat="40.6183830" lon="-3.0848360">
    <ele>884.9</ele>
   </trkpt>
   <trkpt lat="40.6183710" lon="-3.0848290">
    <ele>884.8</ele>
   </trkpt>
   <trkpt lat="40.6183510" lon="-3.0848010">
    <ele>884.4</ele>
   </trkpt>
   <trkpt lat="40.6183290" lon="-3.0847680">
    <ele>884.0</ele>
   </trkpt>
   <trkpt lat="40.6183220" lon="-3.0847590">
    <ele>883.9</ele>
   </trkpt>
   <trkpt lat="40.6183300" lon="-3.0847780">
    <ele>883.7</ele>
   </trkpt>
   <trkpt lat="40.6183220" lon="-3.0847670">
    <ele>883.6</ele>
   </trkpt>
   <trkpt lat="40.6183150" lon="-3.0847570">
    <ele>883.4</ele>
   </trkpt>
   <trkpt lat="40.6183080" lon="-3.0847500">
    <ele>883.3</ele>
   </trkpt>
   <trkpt lat="40.6183090" lon="-3.0847490">
    <ele>883.3</ele>
   </trkpt>
   <trkpt lat="40.6183130" lon="-3.0847480">
    <ele>883.3</ele>
   </trkpt>
   <trkpt lat="40.6183150" lon="-3.0847460">
    <ele>883.2</ele>
   </trkpt>
   <trkpt lat="40.6183150" lon="-3.0847450">
    <ele>883.2</ele>
   </trkpt>
   <trkpt lat="40.6183150" lon="-3.0847430">
    <ele>883.2</ele>
   </trkpt>
   <trkpt lat="40.6183130" lon="-3.0847400">
    <ele>883.2</ele>
   </trkpt>
   <trkpt lat="40.6183110" lon="-3.0847370">
    <ele>883.1</ele>
   </trkpt>
   <trkpt lat="40.6183060" lon="-3.0847310">
    <ele>883.1</ele>
   </trkpt>
   <trkpt lat="40.6183000" lon="-3.0847250">
    <ele>883.0</ele>
   </trkpt>
   <trkpt lat="40.6182930" lon="-3.0847180">
    <ele>882.9</ele>
   </trkpt>
   <trkpt lat="40.6182890" lon="-3.0847130">
    <ele>882.8</ele>
   </trkpt>
   <trkpt lat="40.6182810" lon="-3.0847060">
    <ele>882.7</ele>
   </trkpt>
   <trkpt lat="40.6182720" lon="-3.0846970">
    <ele>882.6</ele>
   </trkpt>
   <trkpt lat="40.6182480" lon="-3.0846660">
    <ele>882.2</ele>
   </trkpt>
   <trkpt lat="40.6182420" lon="-3.0846610">
    <ele>882.1</ele>
   </trkpt>
   <trkpt lat="40.6182310" lon="-3.0846490">
    <ele>882.0</ele>
   </trkpt>
   <trkpt lat="40.6182180" lon="-3.0846340">
    <ele>881.8</ele>
   </trkpt>
   <trkpt lat="40.6182020" lon="-3.0846070">
    <ele>881.5</ele>
   </trkpt>
   <trkpt lat="40.6181990" lon="-3.0845990">
    <ele>881.4</ele>
   </trkpt>
   <trkpt lat="40.6182000" lon="-3.0845950">
    <ele>881.4</ele>
   </trkpt>
   <trkpt lat="40.6181990" lon="-3.0845890">
    <ele>881.3</ele>
   </trkpt>
   <trkpt lat="40.6181990" lon="-3.0845870">
    <ele>881.3</ele>
   </trkpt>
   <trkpt lat="40.6182000" lon="-3.0845870">
    <ele>881.3</ele>
   </trkpt>
   <trkpt lat="40.6181980" lon="-3.0845850">
    <ele>881.3</ele>
   </trkpt>
   <trkpt lat="40.6181820" lon="-3.0845670">
    <ele>881.0</ele>
   </trkpt>
   <trkpt lat="40.6181610" lon="-3.0845280">
    <ele>880.6</ele>
   </trkpt>
   <trkpt lat="40.6181500" lon="-3.0845040">
    <ele>880.4</ele>
   </trkpt>
   <trkpt lat="40.6181370" lon="-3.0844770">
    <ele>880.2</ele>
   </trkpt>
   <trkpt lat="40.6181290" lon="-3.0844660">
    <ele>880.1</ele>
   </trkpt>
   <trkpt lat="40.6181200" lon="-3.0844540">
    <ele>880.0</ele>
   </trkpt>
   <trkpt lat="40.6180930" lon="-3.0844210">
    <ele>879.6</ele>
   </trkpt>
   <trkpt lat="40.6180850" lon="-3.0844090">
    <ele>879.5</ele>
   </trkpt>
   <trkpt lat="40.6180620" lon="-3.0843780">
    <ele>879.2</ele>
   </trkpt>
   <trkpt lat="40.6180540" lon="-3.0843680">
    <ele>879.1</ele>
   </trkpt>
   <trkpt lat="40.6180410" lon="-3.0843530">
    <ele>878.9</ele>
   </trkpt>
   <trkpt lat="40.6180330" lon="-3.0843400">
    <ele>878.8</ele>
   </trkpt>
   <trkpt lat="40.6180120" lon="-3.0842950">
    <ele>878.4</ele>
   </trkpt>
   <trkpt lat="40.6179970" lon="-3.0842660">
    <ele>878.2</ele>
   </trkpt>
   <trkpt lat="40.6179820" lon="-3.0842370">
    <ele>877.9</ele>
   </trkpt>
   <trkpt lat="40.6179740" lon="-3.0842240">
    <ele>877.8</ele>
   </trkpt>
   <trkpt lat="40.6179570" lon="-3.0842160">
    <ele>877.6</ele>
   </trkpt>
   <trkpt lat="40.6179290" lon="-3.0841860">
    <ele>877.2</ele>
   </trkpt>
   <trkpt lat="40.6179190" lon="-3.0841750">
    <ele>877.0</ele>
   </trkpt>
   <trkpt lat="40.6178920" lon="-3.0841450">
    <ele>876.6</ele>
   </trkpt>
   <trkpt lat="40.6178860" lon="-3.0841330">
    <ele>876.5</ele>
   </trkpt>
   <trkpt lat="40.6178820" lon="-3.0841180">
    <ele>876.3</ele>
   </trkpt>
   <trkpt lat="40.6178830" lon="-3.0841110">
    <ele>876.3</ele>
   </trkpt>
   <trkpt lat="40.6178880" lon="-3.0841100">
    <ele>876.2</ele>
   </trkpt>
   <trkpt lat="40.6178830" lon="-3.0841040">
    <ele>876.1</ele>
   </trkpt>
   <trkpt lat="40.6178730" lon="-3.0840950">
    <ele>876.0</ele>
   </trkpt>
   <trkpt lat="40.6178700" lon="-3.0840850">
    <ele>875.8</ele>
   </trkpt>
   <trkpt lat="40.6178640" lon="-3.0840740">
    <ele>875.7</ele>
   </trkpt>
   <trkpt lat="40.6178630" lon="-3.0840600">
    <ele>875.6</ele>
   </trkpt>
   <trkpt lat="40.6178580" lon="-3.0840530">
    <ele>875.5</ele>
   </trkpt>
   <trkpt lat="40.6178520" lon="-3.0840430">
    <ele>875.3</ele>
   </trkpt>
   <trkpt lat="40.6178420" lon="-3.0840350">
    <ele>875.2</ele>
   </trkpt>
   <trkpt lat="40.6178310" lon="-3.0840260">
    <ele>875.0</ele>
   </trkpt>
   <trkpt lat="40.6178280" lon="-3.0840180">
    <ele>874.9</ele>
   </trkpt>
   <trkpt lat="40.6178280" lon="-3.0839970">
    <ele>874.7</ele>
   </trkpt>
   <trkpt lat="40.6178320" lon="-3.0839450">
    <ele>874.2</ele>
   </trkpt>
   <trkpt lat="40.6178330" lon="-3.0839270">
    <ele>874.0</ele>
   </trkpt>
   <trkpt lat="40.6178300" lon="-3.0838830">
    <ele>873.6</ele>
   </trkpt>
   <trkpt lat="40.6178350" lon="-3.0838340">
    <ele>873.1</ele>
   </trkpt>
   <trkpt lat="40.6178320" lon="-3.0837940">
    <ele>872.7</ele>
   </trkpt>
   <trkpt lat="40.6178310" lon="-3.0837560">
    <ele>872.3</ele>
   </trkpt>
   <trkpt lat="40.6178200" lon="-3.0837120">
    <ele>871.9</ele>
   </trkpt>
   <trkpt lat="40.6178150" lon="-3.0836990">
    <ele>871.8</ele>
   </trkpt>
   <trkpt lat="40.6177990" lon="-3.0836690">
    <ele>871.5</ele>
   </trkpt>
   <trkpt lat="40.6177800" lon="-3.0836360">
    <ele>871.1</ele>
   </trkpt>
   <trkpt lat="40.6177640" lon="-3.0836020">
    <ele>870.8</ele>
   </trkpt>
   <trkpt lat="40.6177450" lon="-3.0835670">
    <ele>870.4</ele>
   </trkpt>
   <trkpt lat="40.6177200" lon="-3.0835330">
    <ele>870.1</ele>
   </trkpt>
   <trkpt lat="40.6176920" lon="-3.0834950">
    <ele>869.8</ele>
   </trkpt>
   <trkpt lat="40.6176580" lon="-3.0834490">
    <ele>869.4</ele>
   </trkpt>
   <trkpt lat="40.6176340" lon="-3.0834070">
    <ele>869.1</ele>
   </trkpt>
   <trkpt lat="40.6176060" lon="-3.0833700">
    <ele>868.8</ele>
   </trkpt>
   <trkpt lat="40.6175780" lon="-3.0833430">
    <ele>868.6</ele>
   </trkpt>
   <trkpt lat="40.6175460" lon="-3.0833160">
    <ele>868.4</ele>
   </trkpt>
   <trkpt lat="40.6175190" lon="-3.0832910">
    <ele>868.3</ele>
   </trkpt>
   <trkpt lat="40.6174900" lon="-3.0832630">
    <ele>868.1</ele>
   </trkpt>
   <trkpt lat="40.6174600" lon="-3.0832350">
    <ele>867.9</ele>
   </trkpt>
   <trkpt lat="40.6174350" lon="-3.0832120">
    <ele>867.8</ele>
   </trkpt>
   <trkpt lat="40.6174030" lon="-3.0831750">
    <ele>867.6</ele>
   </trkpt>
   <trkpt lat="40.6173920" lon="-3.0831580">
    <ele>867.6</ele>
   </trkpt>
   <trkpt lat="40.6173740" lon="-3.0831160">
    <ele>867.4</ele>
   </trkpt>
   <trkpt lat="40.6173560" lon="-3.0830790">
    <ele>867.3</ele>
   </trkpt>
   <trkpt lat="40.6173340" lon="-3.0830420">
    <ele>867.1</ele>
   </trkpt>
   <trkpt lat="40.6173050" lon="-3.0829940">
    <ele>866.9</ele>
   </trkpt>
   <trkpt lat="40.6172800" lon="-3.0829580">
    <ele>866.7</ele>
   </trkpt>
   <trkpt lat="40.6172520" lon="-3.0829270">
    <ele>866.6</ele>
   </trkpt>
   <trkpt lat="40.6172250" lon="-3.0829100">
    <ele>866.5</ele>
   </trkpt>
   <trkpt lat="40.6171970" lon="-3.0828850">
    <ele>866.4</ele>
   </trkpt>
   <trkpt lat="40.6171760" lon="-3.0828620">
    <ele>866.3</ele>
   </trkpt>
   <trkpt lat="40.6171400" lon="-3.0828360">
    <ele>866.1</ele>
   </trkpt>
   <trkpt lat="40.6171280" lon="-3.0828250">
    <ele>866.1</ele>
   </trkpt>
   <trkpt lat="40.6171090" lon="-3.0827950">
    <ele>866.0</ele>
   </trkpt>
   <trkpt lat="40.6170930" lon="-3.0827640">
    <ele>865.9</ele>
   </trkpt>
   <trkpt lat="40.6170730" lon="-3.0827340">
    <ele>865.7</ele>
   </trkpt>
   <trkpt lat="40.6170660" lon="-3.0827260">
    <ele>865.7</ele>
   </trkpt>
   <trkpt lat="40.6170360" lon="-3.0827150">
    <ele>865.6</ele>
   </trkpt>
   <trkpt lat="40.6170240" lon="-3.0827120">
    <ele>865.5</ele>
   </trkpt>
   <trkpt lat="40.6170090" lon="-3.0827070">
    <ele>865.4</ele>
   </trkpt>
   <trkpt lat="40.6170050" lon="-3.0827110">
    <ele>865.4</ele>
   </trkpt>
   <trkpt lat="40.6170070" lon="-3.0827100">
    <ele>865.4</ele>
   </trkpt>
   <trkpt lat="40.6170160" lon="-3.0827110">
    <ele>865.3</ele>
   </trkpt>
   <trkpt lat="40.6170190" lon="-3.0827150">
    <ele>865.3</ele>
   </trkpt>
   <trkpt lat="40.6170200" lon="-3.0827150">
    <ele>865.3</ele>
   </trkpt>
   <trkpt lat="40.6170200" lon="-3.0827280">
    <ele>865.3</ele>
   </trkpt>
   <trkpt lat="40.6170190" lon="-3.0827190">
    <ele>865.2</ele>
   </trkpt>
   <trkpt lat="40.6170190" lon="-3.0827190">
    <ele>865.2</ele>
   </trkpt>
   <trkpt lat="40.6170190" lon="-3.0827190">
    <ele>865.2</ele>
   </trkpt>
   <trkpt lat="40.6170190" lon="-3.0827190">
    <ele>865.2</ele>
   </trkpt>
   <trkpt lat="40.6170190" lon="-3.0827190">
    <ele>865.2</ele>
   </trkpt>
   <trkpt lat="40.6169940" lon="-3.0827060">
    <ele>865.1</ele>
   </trkpt>
   <trkpt lat="40.6169660" lon="-3.0827050">
    <ele>864.9</ele>
   </trkpt>
   <trkpt lat="40.6169320" lon="-3.0827030">
    <ele>864.7</ele>
   </trkpt>
   <trkpt lat="40.6168870" lon="-3.0826950">
    <ele>864.5</ele>
   </trkpt>
   <trkpt lat="40.6168410" lon="-3.0826720">
    <ele>864.2</ele>
   </trkpt>
   <trkpt lat="40.6167990" lon="-3.0826470">
    <ele>864.0</ele>
   </trkpt>
   <trkpt lat="40.6167660" lon="-3.0826200">
    <ele>863.8</ele>
   </trkpt>
   <trkpt lat="40.6167300" lon="-3.0826000">
    <ele>863.6</ele>
   </trkpt>
   <trkpt lat="40.6166890" lon="-3.0825780">
    <ele>863.3</ele>
   </trkpt>
   <trkpt lat="40.6166470" lon="-3.0825540">
    <ele>863.1</ele>
   </trkpt>
   <trkpt lat="40.6166100" lon="-3.0825300">
    <ele>862.8</ele>
   </trkpt>
   <trkpt lat="40.6165850" lon="-3.0825050">
    <ele>862.6</ele>
   </trkpt>
   <trkpt lat="40.6165590" lon="-3.0824800">
    <ele>862.4</ele>
   </trkpt>
   <trkpt lat="40.6165320" lon="-3.0824620">
    <ele>862.2</ele>
   </trkpt>
   <trkpt lat="40.6165040" lon="-3.0824450">
    <ele>862.0</ele>
   </trkpt>
   <trkpt lat="40.6164690" lon="-3.0824190">
    <ele>861.8</ele>
   </trkpt>
   <trkpt lat="40.6164400" lon="-3.0823910">
    <ele>861.6</ele>
   </trkpt>
   <trkpt lat="40.6164080" lon="-3.0823620">
    <ele>861.3</ele>
   </trkpt>
   <trkpt lat="40.6163840" lon="-3.0823420">
    <ele>861.1</ele>
   </trkpt>
   <trkpt lat="40.6163680" lon="-3.0823280">
    <ele>861.0</ele>
   </trkpt>
   <trkpt lat="40.6163640" lon="-3.0823250">
    <ele>861.0</ele>
   </trkpt>
   <trkpt lat="40.6163640" lon="-3.0823160">
    <ele>861.0</ele>
   </trkpt>
   <trkpt lat="40.6163660" lon="-3.0823120">
    <ele>860.9</ele>
   </trkpt>
   <trkpt lat="40.6163640" lon="-3.0823080">
    <ele>860.9</ele>
   </trkpt>
   <trkpt lat="40.6163630" lon="-3.0822950">
    <ele>860.8</ele>
   </trkpt>
   <trkpt lat="40.6163720" lon="-3.0822850">
    <ele>860.8</ele>
   </trkpt>
   <trkpt lat="40.6163750" lon="-3.0822840">
    <ele>860.8</ele>
   </trkpt>
   <trkpt lat="40.6163780" lon="-3.0823040">
    <ele>860.7</ele>
   </trkpt>
   <trkpt lat="40.6163780" lon="-3.0823050">
    <ele>860.7</ele>
   </trkpt>
   <trkpt lat="40.6163780" lon="-3.0823030">
    <ele>860.6</ele>
   </trkpt>
   <trkpt lat="40.6163780" lon="-3.0823030">
    <ele>860.6</ele>
   </trkpt>
   <trkpt lat="40.6163780" lon="-3.0823030">
    <ele>860.6</ele>
   </trkpt>
   <trkpt lat="40.6163780" lon="-3.0823030">
    <ele>860.6</ele>
   </trkpt>
   <trkpt lat="40.6163780" lon="-3.0823030">
    <ele>860.6</ele>
   </trkpt>
   <trkpt lat="40.6163780" lon="-3.0823030">
    <ele>860.6</ele>
   </trkpt>
   <trkpt lat="40.6163780" lon="-3.0823030">
    <ele>860.6</ele>
   </trkpt>
   <trkpt lat="40.6163820" lon="-3.0822870">
    <ele>860.6</ele>
   </trkpt>
   <trkpt lat="40.6163750" lon="-3.0822820">
    <ele>860.5</ele>
   </trkpt>
   <trkpt lat="40.6163650" lon="-3.0822810">
    <ele>860.5</ele>
   </trkpt>
   <trkpt lat="40.6163540" lon="-3.0822820">
    <ele>860.4</ele>
   </trkpt>
   <trkpt lat="40.6163260" lon="-3.0822640">
    <ele>860.2</ele>
   </trkpt>
   <trkpt lat="40.6163160" lon="-3.0822570">
    <ele>860.2</ele>
   </trkpt>
   <trkpt lat="40.6162890" lon="-3.0822470">
    <ele>860.0</ele>
   </trkpt>
   <trkpt lat="40.6162610" lon="-3.0822340">
    <ele>859.9</ele>
   </trkpt>
   <trkpt lat="40.6162230" lon="-3.0822130">
    <ele>859.7</ele>
   </trkpt>
   <trkpt lat="40.6161860" lon="-3.0821850">
    <ele>859.5</ele>
   </trkpt>
   <trkpt lat="40.6161490" lon="-3.0821490">
    <ele>859.3</ele>
   </trkpt>
   <trkpt lat="40.6161160" lon="-3.0821250">
    <ele>859.2</ele>
   </trkpt>
   <trkpt lat="40.6160840" lon="-3.0820950">
    <ele>859.1</ele>
   </trkpt>
   <trkpt lat="40.6160520" lon="-3.0820580">
    <ele>858.9</ele>
   </trkpt>
   <trkpt lat="40.6160210" lon="-3.0820450">
    <ele>858.8</ele>
   </trkpt>
   <trkpt lat="40.6159870" lon="-3.0820380">
    <ele>858.7</ele>
   </trkpt>
   <trkpt lat="40.6159580" lon="-3.0820280">
    <ele>858.6</ele>
   </trkpt>
   <trkpt lat="40.6159340" lon="-3.0820110">
    <ele>858.5</ele>
   </trkpt>
   <trkpt lat="40.6159100" lon="-3.0819890">
    <ele>858.3</ele>
   </trkpt>
   <trkpt lat="40.6158720" lon="-3.0819700">
    <ele>858.1</ele>
   </trkpt>
   <trkpt lat="40.6158580" lon="-3.0819650">
    <ele>858.0</ele>
   </trkpt>
   <trkpt lat="40.6158260" lon="-3.0819650">
    <ele>857.8</ele>
   </trkpt>
   <trkpt lat="40.6157940" lon="-3.0819650">
    <ele>857.6</ele>
   </trkpt>
   <trkpt lat="40.6157590" lon="-3.0819610">
    <ele>857.4</ele>
   </trkpt>
   <trkpt lat="40.6157150" lon="-3.0819550">
    <ele>857.1</ele>
   </trkpt>
   <trkpt lat="40.6156780" lon="-3.0819620">
    <ele>856.8</ele>
   </trkpt>
   <trkpt lat="40.6156370" lon="-3.0819710">
    <ele>856.5</ele>
   </trkpt>
   <trkpt lat="40.6156210" lon="-3.0819750">
    <ele>856.4</ele>
   </trkpt>
   <trkpt lat="40.6155840" lon="-3.0819730">
    <ele>856.2</ele>
   </trkpt>
   <trkpt lat="40.6155720" lon="-3.0819690">
    <ele>856.1</ele>
   </trkpt>
   <trkpt lat="40.6155430" lon="-3.0819590">
    <ele>855.9</ele>
   </trkpt>
   <trkpt lat="40.6155070" lon="-3.0819440">
    <ele>855.6</ele>
   </trkpt>
   <trkpt lat="40.6154660" lon="-3.0819420">
    <ele>855.4</ele>
   </trkpt>
   <trkpt lat="40.6154190" lon="-3.0819390">
    <ele>855.1</ele>
   </trkpt>
   <trkpt lat="40.6153780" lon="-3.0819420">
    <ele>854.9</ele>
   </trkpt>
   <trkpt lat="40.6153390" lon="-3.0819280">
    <ele>854.6</ele>
   </trkpt>
   <trkpt lat="40.6152990" lon="-3.0819160">
    <ele>854.4</ele>
   </trkpt>
   <trkpt lat="40.6152590" lon="-3.0819150">
    <ele>854.2</ele>
   </trkpt>
   <trkpt lat="40.6152200" lon="-3.0819230">
    <ele>853.9</ele>
   </trkpt>
   <trkpt lat="40.6151840" lon="-3.0819360">
    <ele>853.7</ele>
   </trkpt>
   <trkpt lat="40.6151520" lon="-3.0819470">
    <ele>853.6</ele>
   </trkpt>
   <trkpt lat="40.6151220" lon="-3.0819620">
    <ele>853.4</ele>
   </trkpt>
   <trkpt lat="40.6150930" lon="-3.0819770">
    <ele>853.2</ele>
   </trkpt>
   <trkpt lat="40.6150670" lon="-3.0820050">
    <ele>853.0</ele>
   </trkpt>
   <trkpt lat="40.6150370" lon="-3.0820280">
    <ele>852.8</ele>
   </trkpt>
   <trkpt lat="40.6150030" lon="-3.0820460">
    <ele>852.6</ele>
   </trkpt>
   <trkpt lat="40.6149720" lon="-3.0820520">
    <ele>852.5</ele>
   </trkpt>
   <trkpt lat="40.6149350" lon="-3.0820600">
    <ele>852.3</ele>
   </trkpt>
   <trkpt lat="40.6148970" lon="-3.0820680">
    <ele>852.1</ele>
   </trkpt>
   <trkpt lat="40.6148600" lon="-3.0820860">
    <ele>851.9</ele>
   </trkpt>
   <trkpt lat="40.6148170" lon="-3.0820980">
    <ele>851.7</ele>
   </trkpt>
   <trkpt lat="40.6147740" lon="-3.0821080">
    <ele>851.5</ele>
   </trkpt>
   <trkpt lat="40.6147370" lon="-3.0821190">
    <ele>851.3</ele>
   </trkpt>
   <trkpt lat="40.6146990" lon="-3.0821160">
    <ele>851.1</ele>
   </trkpt>
   <trkpt lat="40.6146640" lon="-3.0821080">
    <ele>850.9</ele>
   </trkpt>
   <trkpt lat="40.6146280" lon="-3.0821060">
    <ele>850.7</ele>
   </trkpt>
   <trkpt lat="40.6145920" lon="-3.0821140">
    <ele>850.6</ele>
   </trkpt>
   <trkpt lat="40.6145540" lon="-3.0821250">
    <ele>850.4</ele>
   </trkpt>
   <trkpt lat="40.6145110" lon="-3.0821300">
    <ele>850.2</ele>
   </trkpt>
   <trkpt lat="40.6144680" lon="-3.0821370">
    <ele>850.0</ele>
   </trkpt>
   <trkpt lat="40.6144290" lon="-3.0821460">
    <ele>849.8</ele>
   </trkpt>
   <trkpt lat="40.6143920" lon="-3.0821550">
    <ele>849.6</ele>
   </trkpt>
   <trkpt lat="40.6143580" lon="-3.0821640">
    <ele>849.5</ele>
   </trkpt>
   <trkpt lat="40.6143150" lon="-3.0821650">
    <ele>849.3</ele>
   </trkpt>
   <trkpt lat="40.6142780" lon="-3.0821610">
    <ele>849.1</ele>
   </trkpt>
   <trkpt lat="40.6142430" lon="-3.0821460">
    <ele>849.0</ele>
   </trkpt>
   <trkpt lat="40.6142070" lon="-3.0821380">
    <ele>848.8</ele>
   </trkpt>
   <trkpt lat="40.6141730" lon="-3.0821320">
    <ele>848.7</ele>
   </trkpt>
   <trkpt lat="40.6141390" lon="-3.0821310">
    <ele>848.5</ele>
   </trkpt>
   <trkpt lat="40.6141080" lon="-3.0821410">
    <ele>848.4</ele>
   </trkpt>
   <trkpt lat="40.6140780" lon="-3.0821630">
    <ele>848.2</ele>
   </trkpt>
   <trkpt lat="40.6140510" lon="-3.0821530">
    <ele>848.1</ele>
   </trkpt>
   <trkpt lat="40.6140090" lon="-3.0821380">
    <ele>847.9</ele>
   </trkpt>
   <trkpt lat="40.6139750" lon="-3.0821220">
    <ele>847.8</ele>
   </trkpt>
   <trkpt lat="40.6139350" lon="-3.0821130">
    <ele>847.6</ele>
   </trkpt>
   <trkpt lat="40.6138970" lon="-3.0821060">
    <ele>847.5</ele>
   </trkpt>
   <trkpt lat="40.6138630" lon="-3.0820950">
    <ele>847.3</ele>
   </trkpt>
   <trkpt lat="40.6138320" lon="-3.0821100">
    <ele>847.2</ele>
   </trkpt>
   <trkpt lat="40.6138010" lon="-3.0821250">
    <ele>847.1</ele>
   </trkpt>
   <trkpt lat="40.6137690" lon="-3.0821360">
    <ele>847.0</ele>
   </trkpt>
   <trkpt lat="40.6137360" lon="-3.0821450">
    <ele>846.9</ele>
   </trkpt>
   <trkpt lat="40.6137010" lon="-3.0821530">
    <ele>846.8</ele>
   </trkpt>
   <trkpt lat="40.6136680" lon="-3.0821510">
    <ele>846.7</ele>
   </trkpt>
   <trkpt lat="40.6136320" lon="-3.0821460">
    <ele>846.6</ele>
   </trkpt>
   <trkpt lat="40.6136010" lon="-3.0821520">
    <ele>846.5</ele>
   </trkpt>
   <trkpt lat="40.6135700" lon="-3.0821480">
    <ele>846.5</ele>
   </trkpt>
   <trkpt lat="40.6135340" lon="-3.0821360">
    <ele>846.4</ele>
   </trkpt>
   <trkpt lat="40.6135030" lon="-3.0821210">
    <ele>846.3</ele>
   </trkpt>
   <trkpt lat="40.6134700" lon="-3.0821230">
    <ele>846.2</ele>
   </trkpt>
   <trkpt lat="40.6134300" lon="-3.0821350">
    <ele>846.1</ele>
   </trkpt>
   <trkpt lat="40.6134150" lon="-3.0821400">
    <ele>846.1</ele>
   </trkpt>
   <trkpt lat="40.6133870" lon="-3.0821550">
    <ele>846.0</ele>
   </trkpt>
   <trkpt lat="40.6133590" lon="-3.0821750">
    <ele>846.0</ele>
   </trkpt>
   <trkpt lat="40.6133300" lon="-3.0821970">
    <ele>845.9</ele>
   </trkpt>
   <trkpt lat="40.6133030" lon="-3.0822120">
    <ele>845.8</ele>
   </trkpt>
   <trkpt lat="40.6132700" lon="-3.0822280">
    <ele>845.7</ele>
   </trkpt>
   <trkpt lat="40.6132420" lon="-3.0822460">
    <ele>845.7</ele>
   </trkpt>
   <trkpt lat="40.6132100" lon="-3.0822590">
    <ele>845.6</ele>
   </trkpt>
   <trkpt lat="40.6131770" lon="-3.0822600">
    <ele>845.5</ele>
   </trkpt>
   <trkpt lat="40.6131460" lon="-3.0822700">
    <ele>845.4</ele>
   </trkpt>
   <trkpt lat="40.6131190" lon="-3.0822810">
    <ele>845.2</ele>
   </trkpt>
   <trkpt lat="40.6130870" lon="-3.0822930">
    <ele>845.1</ele>
   </trkpt>
   <trkpt lat="40.6130520" lon="-3.0823010">
    <ele>844.9</ele>
   </trkpt>
   <trkpt lat="40.6130140" lon="-3.0823100">
    <ele>844.7</ele>
   </trkpt>
   <trkpt lat="40.6129730" lon="-3.0823100">
    <ele>844.5</ele>
   </trkpt>
   <trkpt lat="40.6129400" lon="-3.0823090">
    <ele>844.3</ele>
   </trkpt>
   <trkpt lat="40.6129040" lon="-3.0823100">
    <ele>844.1</ele>
   </trkpt>
   <trkpt lat="40.6128690" lon="-3.0823000">
    <ele>843.9</ele>
   </trkpt>
   <trkpt lat="40.6128400" lon="-3.0822980">
    <ele>843.7</ele>
   </trkpt>
   <trkpt lat="40.6128050" lon="-3.0822920">
    <ele>843.5</ele>
   </trkpt>
   <trkpt lat="40.6127700" lon="-3.0822740">
    <ele>843.3</ele>
   </trkpt>
   <trkpt lat="40.6127320" lon="-3.0822490">
    <ele>843.0</ele>
   </trkpt>
   <trkpt lat="40.6126980" lon="-3.0822220">
    <ele>842.7</ele>
   </trkpt>
   <trkpt lat="40.6126670" lon="-3.0822100">
    <ele>842.5</ele>
   </trkpt>
   <trkpt lat="40.6126290" lon="-3.0822070">
    <ele>842.2</ele>
   </trkpt>
   <trkpt lat="40.6125910" lon="-3.0821950">
    <ele>841.9</ele>
   </trkpt>
   <trkpt lat="40.6125560" lon="-3.0821800">
    <ele>841.7</ele>
   </trkpt>
   <trkpt lat="40.6125240" lon="-3.0821640">
    <ele>841.4</ele>
   </trkpt>
   <trkpt lat="40.6124900" lon="-3.0821440">
    <ele>841.2</ele>
   </trkpt>
   <trkpt lat="40.6124480" lon="-3.0821240">
    <ele>840.9</ele>
   </trkpt>
   <trkpt lat="40.6124080" lon="-3.0821020">
    <ele>840.6</ele>
   </trkpt>
   <trkpt lat="40.6123740" lon="-3.0821020">
    <ele>840.4</ele>
   </trkpt>
   <trkpt lat="40.6123370" lon="-3.0820920">
    <ele>840.1</ele>
   </trkpt>
   <trkpt lat="40.6123030" lon="-3.0820750">
    <ele>839.9</ele>
   </trkpt>
   <trkpt lat="40.6122700" lon="-3.0820510">
    <ele>839.7</ele>
   </trkpt>
   <trkpt lat="40.6122310" lon="-3.0820290">
    <ele>839.5</ele>
   </trkpt>
   <trkpt lat="40.6121940" lon="-3.0819970">
    <ele>839.2</ele>
   </trkpt>
   <trkpt lat="40.6121580" lon="-3.0819740">
    <ele>839.0</ele>
   </trkpt>
   <trkpt lat="40.6121170" lon="-3.0819410">
    <ele>838.8</ele>
   </trkpt>
   <trkpt lat="40.6120890" lon="-3.0819090">
    <ele>838.6</ele>
   </trkpt>
   <trkpt lat="40.6120520" lon="-3.0818620">
    <ele>838.4</ele>
   </trkpt>
   <trkpt lat="40.6120150" lon="-3.0818190">
    <ele>838.2</ele>
   </trkpt>
   <trkpt lat="40.6119700" lon="-3.0817730">
    <ele>837.9</ele>
   </trkpt>
   <trkpt lat="40.6119400" lon="-3.0817340">
    <ele>837.7</ele>
   </trkpt>
   <trkpt lat="40.6119090" lon="-3.0816880">
    <ele>837.5</ele>
   </trkpt>
   <trkpt lat="40.6118830" lon="-3.0816560">
    <ele>837.4</ele>
   </trkpt>
   <trkpt lat="40.6118480" lon="-3.0816210">
    <ele>837.2</ele>
   </trkpt>
   <trkpt lat="40.6118080" lon="-3.0815910">
    <ele>837.0</ele>
   </trkpt>
   <trkpt lat="40.6117790" lon="-3.0815590">
    <ele>836.9</ele>
   </trkpt>
   <trkpt lat="40.6117450" lon="-3.0815230">
    <ele>836.7</ele>
   </trkpt>
   <trkpt lat="40.6117100" lon="-3.0814900">
    <ele>836.5</ele>
   </trkpt>
   <trkpt lat="40.6116740" lon="-3.0814560">
    <ele>836.3</ele>
   </trkpt>
   <trkpt lat="40.6116290" lon="-3.0814290">
    <ele>836.1</ele>
   </trkpt>
   <trkpt lat="40.6115870" lon="-3.0814090">
    <ele>835.9</ele>
   </trkpt>
   <trkpt lat="40.6115530" lon="-3.0813880">
    <ele>835.7</ele>
   </trkpt>
   <trkpt lat="40.6115130" lon="-3.0813640">
    <ele>835.5</ele>
   </trkpt>
   <trkpt lat="40.6114700" lon="-3.0813400">
    <ele>835.2</ele>
   </trkpt>
   <trkpt lat="40.6114270" lon="-3.0813020">
    <ele>835.0</ele>
   </trkpt>
   <trkpt lat="40.6113830" lon="-3.0812550">
    <ele>834.6</ele>
   </trkpt>
   <trkpt lat="40.6113360" lon="-3.0812040">
    <ele>834.3</ele>
   </trkpt>
   <trkpt lat="40.6112920" lon="-3.0811550">
    <ele>834.0</ele>
   </trkpt>
   <trkpt lat="40.6112580" lon="-3.0811060">
    <ele>833.8</ele>
   </trkpt>
   <trkpt lat="40.6112290" lon="-3.0810460">
    <ele>833.5</ele>
   </trkpt>
   <trkpt lat="40.6111990" lon="-3.0809870">
    <ele>833.3</ele>
   </trkpt>
   <trkpt lat="40.6111660" lon="-3.0809370">
    <ele>833.1</ele>
   </trkpt>
   <trkpt lat="40.6111300" lon="-3.0808970">
    <ele>832.9</ele>
   </trkpt>
   <trkpt lat="40.6110940" lon="-3.0808600">
    <ele>832.7</ele>
   </trkpt>
   <trkpt lat="40.6110560" lon="-3.0808260">
    <ele>832.5</ele>
   </trkpt>
   <trkpt lat="40.6110210" lon="-3.0807880">
    <ele>832.3</ele>
   </trkpt>
   <trkpt lat="40.6109880" lon="-3.0807480">
    <ele>832.1</ele>
   </trkpt>
   <trkpt lat="40.6109510" lon="-3.0807060">
    <ele>831.9</ele>
   </trkpt>
   <trkpt lat="40.6109080" lon="-3.0806700">
    <ele>831.7</ele>
   </trkpt>
   <trkpt lat="40.6108710" lon="-3.0806390">
    <ele>831.5</ele>
   </trkpt>
   <trkpt lat="40.6108320" lon="-3.0806030">
    <ele>831.3</ele>
   </trkpt>
   <trkpt lat="40.6107990" lon="-3.0805610">
    <ele>831.2</ele>
   </trkpt>
   <trkpt lat="40.6107590" lon="-3.0805230">
    <ele>831.0</ele>
   </trkpt>
   <trkpt lat="40.6107190" lon="-3.0804810">
    <ele>830.9</ele>
   </trkpt>
   <trkpt lat="40.6106820" lon="-3.0804340">
    <ele>830.7</ele>
   </trkpt>
   <trkpt lat="40.6106520" lon="-3.0803760">
    <ele>830.5</ele>
   </trkpt>
   <trkpt lat="40.6106310" lon="-3.0803170">
    <ele>830.4</ele>
   </trkpt>
   <trkpt lat="40.6106130" lon="-3.0802560">
    <ele>830.2</ele>
   </trkpt>
   <trkpt lat="40.6106040" lon="-3.0801830">
    <ele>830.1</ele>
   </trkpt>
   <trkpt lat="40.6105950" lon="-3.0801110">
    <ele>829.9</ele>
   </trkpt>
   <trkpt lat="40.6105930" lon="-3.0800390">
    <ele>829.8</ele>
   </trkpt>
   <trkpt lat="40.6105840" lon="-3.0799760">
    <ele>829.7</ele>
   </trkpt>
   <trkpt lat="40.6105780" lon="-3.0799080">
    <ele>829.5</ele>
   </trkpt>
   <trkpt lat="40.6105620" lon="-3.0798480">
    <ele>829.4</ele>
   </trkpt>
   <trkpt lat="40.6105300" lon="-3.0798060">
    <ele>829.3</ele>
   </trkpt>
   <trkpt lat="40.6104950" lon="-3.0797720">
    <ele>829.2</ele>
   </trkpt>
   <trkpt lat="40.6104630" lon="-3.0797530">
    <ele>829.1</ele>
   </trkpt>
   <trkpt lat="40.6104260" lon="-3.0797430">
    <ele>829.0</ele>
   </trkpt>
   <trkpt lat="40.6103880" lon="-3.0797390">
    <ele>828.9</ele>
   </trkpt>
   <trkpt lat="40.6103480" lon="-3.0797310">
    <ele>828.7</ele>
   </trkpt>
   <trkpt lat="40.6103120" lon="-3.0797130">
    <ele>828.6</ele>
   </trkpt>
   <trkpt lat="40.6102780" lon="-3.0796940">
    <ele>828.6</ele>
   </trkpt>
   <trkpt lat="40.6102440" lon="-3.0796630">
    <ele>828.5</ele>
   </trkpt>
   <trkpt lat="40.6102110" lon="-3.0796380">
    <ele>828.4</ele>
   </trkpt>
   <trkpt lat="40.6101790" lon="-3.0796120">
    <ele>828.3</ele>
   </trkpt>
   <trkpt lat="40.6101550" lon="-3.0795840">
    <ele>828.2</ele>
   </trkpt>
   <trkpt lat="40.6101270" lon="-3.0795610">
    <ele>828.2</ele>
   </trkpt>
   <trkpt lat="40.6100970" lon="-3.0795380">
    <ele>828.1</ele>
   </trkpt>
   <trkpt lat="40.6100630" lon="-3.0795150">
    <ele>828.0</ele>
   </trkpt>
   <trkpt lat="40.6100290" lon="-3.0794980">
    <ele>828.0</ele>
   </trkpt>
   <trkpt lat="40.6099940" lon="-3.0794720">
    <ele>827.9</ele>
   </trkpt>
   <trkpt lat="40.6099660" lon="-3.0794400">
    <ele>827.8</ele>
   </trkpt>
   <trkpt lat="40.6099380" lon="-3.0794000">
    <ele>827.8</ele>
   </trkpt>
   <trkpt lat="40.6099120" lon="-3.0793590">
    <ele>827.7</ele>
   </trkpt>
   <trkpt lat="40.6098840" lon="-3.0793220">
    <ele>827.7</ele>
   </trkpt>
   <trkpt lat="40.6098570" lon="-3.0792780">
    <ele>827.6</ele>
   </trkpt>
   <trkpt lat="40.6098380" lon="-3.0792360">
    <ele>827.6</ele>
   </trkpt>
   <trkpt lat="40.6098190" lon="-3.0792010">
    <ele>827.6</ele>
   </trkpt>
   <trkpt lat="40.6098000" lon="-3.0791710">
    <ele>827.6</ele>
   </trkpt>
   <trkpt lat="40.6097820" lon="-3.0791410">
    <ele>827.5</ele>
   </trkpt>
   <trkpt lat="40.6097660" lon="-3.0791130">
    <ele>827.5</ele>
   </trkpt>
   <trkpt lat="40.6097460" lon="-3.0790790">
    <ele>827.5</ele>
   </trkpt>
   <trkpt lat="40.6097210" lon="-3.0790490">
    <ele>827.5</ele>
   </trkpt>
   <trkpt lat="40.6097010" lon="-3.0790230">
    <ele>827.5</ele>
   </trkpt>
   <trkpt lat="40.6096700" lon="-3.0789910">
    <ele>827.4</ele>
   </trkpt>
   <trkpt lat="40.6096550" lon="-3.0789830">
    <ele>827.3</ele>
   </trkpt>
   <trkpt lat="40.6096200" lon="-3.0789600">
    <ele>827.2</ele>
   </trkpt>
   <trkpt lat="40.6095800" lon="-3.0789300">
    <ele>827.1</ele>
   </trkpt>
   <trkpt lat="40.6095440" lon="-3.0789050">
    <ele>826.9</ele>
   </trkpt>
   <trkpt lat="40.6094980" lon="-3.0788860">
    <ele>826.8</ele>
   </trkpt>
   <trkpt lat="40.6094560" lon="-3.0788580">
    <ele>826.6</ele>
   </trkpt>
   <trkpt lat="40.6094090" lon="-3.0788360">
    <ele>826.5</ele>
   </trkpt>
   <trkpt lat="40.6093630" lon="-3.0788180">
    <ele>826.3</ele>
   </trkpt>
   <trkpt lat="40.6093140" lon="-3.0787990">
    <ele>826.2</ele>
   </trkpt>
   <trkpt lat="40.6092670" lon="-3.0787840">
    <ele>826.1</ele>
   </trkpt>
   <trkpt lat="40.6092180" lon="-3.0787800">
    <ele>826.0</ele>
   </trkpt>
   <trkpt lat="40.6091700" lon="-3.0787750">
    <ele>826.0</ele>
   </trkpt>
   <trkpt lat="40.6091250" lon="-3.0787560">
    <ele>825.9</ele>
   </trkpt>
   <trkpt lat="40.6090850" lon="-3.0787300">
    <ele>825.8</ele>
   </trkpt>
   <trkpt lat="40.6090480" lon="-3.0787000">
    <ele>825.7</ele>
   </trkpt>
   <trkpt lat="40.6090150" lon="-3.0786750">
    <ele>825.7</ele>
   </trkpt>
   <trkpt lat="40.6089820" lon="-3.0786490">
    <ele>825.5</ele>
   </trkpt>
   <trkpt lat="40.6089470" lon="-3.0786310">
    <ele>825.4</ele>
   </trkpt>
   <trkpt lat="40.6089070" lon="-3.0786020">
    <ele>825.3</ele>
   </trkpt>
   <trkpt lat="40.6088600" lon="-3.0785700">
    <ele>825.1</ele>
   </trkpt>
   <trkpt lat="40.6088120" lon="-3.0785420">
    <ele>824.8</ele>
   </trkpt>
   <trkpt lat="40.6087660" lon="-3.0785060">
    <ele>824.5</ele>
   </trkpt>
   <trkpt lat="40.6087220" lon="-3.0784780">
    <ele>824.3</ele>
   </trkpt>
   <trkpt lat="40.6086750" lon="-3.0784640">
    <ele>824.0</ele>
   </trkpt>
   <trkpt lat="40.6086260" lon="-3.0784530">
    <ele>823.7</ele>
   </trkpt>
   <trkpt lat="40.6085820" lon="-3.0784500">
    <ele>823.4</ele>
   </trkpt>
   <trkpt lat="40.6085290" lon="-3.0784470">
    <ele>823.0</ele>
   </trkpt>
   <trkpt lat="40.6084790" lon="-3.0784440">
    <ele>822.7</ele>
   </trkpt>
   <trkpt lat="40.6084200" lon="-3.0784370">
    <ele>822.4</ele>
   </trkpt>
   <trkpt lat="40.6083620" lon="-3.0784310">
    <ele>822.0</ele>
   </trkpt>
   <trkpt lat="40.6083090" lon="-3.0784280">
    <ele>821.8</ele>
   </trkpt>
   <trkpt lat="40.6082690" lon="-3.0784130">
    <ele>821.5</ele>
   </trkpt>
   <trkpt lat="40.6082170" lon="-3.0783930">
    <ele>821.3</ele>
   </trkpt>
   <trkpt lat="40.6081630" lon="-3.0783740">
    <ele>821.0</ele>
   </trkpt>
   <trkpt lat="40.6081090" lon="-3.0783470">
    <ele>820.8</ele>
   </trkpt>
   <trkpt lat="40.6080570" lon="-3.0783380">
    <ele>820.6</ele>
   </trkpt>
   <trkpt lat="40.6080000" lon="-3.0783380">
    <ele>820.3</ele>
   </trkpt>
   <trkpt lat="40.6079530" lon="-3.0783440">
    <ele>820.1</ele>
   </trkpt>
   <trkpt lat="40.6079180" lon="-3.0783470">
    <ele>820.0</ele>
   </trkpt>
   <trkpt lat="40.6078790" lon="-3.0783460">
    <ele>819.8</ele>
   </trkpt>
   <trkpt lat="40.6078430" lon="-3.0783370">
    <ele>819.6</ele>
   </trkpt>
   <trkpt lat="40.6078020" lon="-3.0783150">
    <ele>819.4</ele>
   </trkpt>
   <trkpt lat="40.6077640" lon="-3.0782980">
    <ele>819.2</ele>
   </trkpt>
   <trkpt lat="40.6077210" lon="-3.0782760">
    <ele>819.0</ele>
   </trkpt>
   <trkpt lat="40.6076810" lon="-3.0782520">
    <ele>818.9</ele>
   </trkpt>
   <trkpt lat="40.6076460" lon="-3.0782270">
    <ele>818.7</ele>
   </trkpt>
   <trkpt lat="40.6076090" lon="-3.0782000">
    <ele>818.5</ele>
   </trkpt>
   <trkpt lat="40.6075740" lon="-3.0781640">
    <ele>818.3</ele>
   </trkpt>
   <trkpt lat="40.6075430" lon="-3.0781280">
    <ele>818.1</ele>
   </trkpt>
   <trkpt lat="40.6075130" lon="-3.0780830">
    <ele>817.9</ele>
   </trkpt>
   <trkpt lat="40.6074850" lon="-3.0780400">
    <ele>817.7</ele>
   </trkpt>
   <trkpt lat="40.6074580" lon="-3.0780030">
    <ele>817.5</ele>
   </trkpt>
   <trkpt lat="40.6074340" lon="-3.0779760">
    <ele>817.3</ele>
   </trkpt>
   <trkpt lat="40.6074200" lon="-3.0779650">
    <ele>817.2</ele>
   </trkpt>
   <trkpt lat="40.6074220" lon="-3.0779640">
    <ele>817.2</ele>
   </trkpt>
   <trkpt lat="40.6074220" lon="-3.0779620">
    <ele>817.2</ele>
   </trkpt>
   <trkpt lat="40.6074280" lon="-3.0779660">
    <ele>817.1</ele>
   </trkpt>
   <trkpt lat="40.6074230" lon="-3.0779660">
    <ele>817.1</ele>
   </trkpt>
   <trkpt lat="40.6074210" lon="-3.0779650">
    <ele>817.1</ele>
   </trkpt>
   <trkpt lat="40.6074200" lon="-3.0779540">
    <ele>817.1</ele>
   </trkpt>
   <trkpt lat="40.6074200" lon="-3.0779560">
    <ele>817.0</ele>
   </trkpt>
   <trkpt lat="40.6074160" lon="-3.0779430">
    <ele>817.0</ele>
   </trkpt>
   <trkpt lat="40.6074170" lon="-3.0779410">
    <ele>817.0</ele>
   </trkpt>
   <trkpt lat="40.6074170" lon="-3.0779410">
    <ele>817.0</ele>
   </trkpt>
   <trkpt lat="40.6074170" lon="-3.0779410">
    <ele>817.0</ele>
   </trkpt>
   <trkpt lat="40.6074170" lon="-3.0779410">
    <ele>817.0</ele>
   </trkpt>
   <trkpt lat="40.6074170" lon="-3.0779410">
    <ele>817.0</ele>
   </trkpt>
   <trkpt lat="40.6074170" lon="-3.0779410">
    <ele>817.0</ele>
   </trkpt>
   <trkpt lat="40.6074170" lon="-3.0779410">
    <ele>817.0</ele>
   </trkpt>
   <trkpt lat="40.6074170" lon="-3.0779410">
    <ele>817.0</ele>
   </trkpt>
   <trkpt lat="40.6073860" lon="-3.0779330">
    <ele>816.8</ele>
   </trkpt>
   <trkpt lat="40.6073580" lon="-3.0779260">
    <ele>816.6</ele>
   </trkpt>
   <trkpt lat="40.6073300" lon="-3.0779120">
    <ele>816.4</ele>
   </trkpt>
   <trkpt lat="40.6073020" lon="-3.0779040">
    <ele>816.3</ele>
   </trkpt>
   <trkpt lat="40.6072740" lon="-3.0778940">
    <ele>816.1</ele>
   </trkpt>
   <trkpt lat="40.6072390" lon="-3.0778800">
    <ele>816.0</ele>
   </trkpt>
   <trkpt lat="40.6072020" lon="-3.0778600">
    <ele>815.8</ele>
   </trkpt>
   <trkpt lat="40.6071700" lon="-3.0778340">
    <ele>815.6</ele>
   </trkpt>
   <trkpt lat="40.6071450" lon="-3.0778020">
    <ele>815.5</ele>
   </trkpt>
   <trkpt lat="40.6071200" lon="-3.0777550">
    <ele>815.4</ele>
   </trkpt>
   <trkpt lat="40.6070970" lon="-3.0777080">
    <ele>815.2</ele>
   </trkpt>
   <trkpt lat="40.6070740" lon="-3.0776610">
    <ele>815.1</ele>
   </trkpt>
   <trkpt lat="40.6070500" lon="-3.0776200">
    <ele>814.9</ele>
   </trkpt>
   <trkpt lat="40.6070210" lon="-3.0775750">
    <ele>814.8</ele>
   </trkpt>
   <trkpt lat="40.6069980" lon="-3.0775310">
    <ele>814.6</ele>
   </trkpt>
   <trkpt lat="40.6069780" lon="-3.0774920">
    <ele>814.5</ele>
   </trkpt>
   <trkpt lat="40.6069560" lon="-3.0774410">
    <ele>814.3</ele>
   </trkpt>
   <trkpt lat="40.6069320" lon="-3.0773920">
    <ele>814.2</ele>
   </trkpt>
   <trkpt lat="40.6069080" lon="-3.0773360">
    <ele>814.0</ele>
   </trkpt>
   <trkpt lat="40.6068860" lon="-3.0772780">
    <ele>813.8</ele>
   </trkpt>
   <trkpt lat="40.6068660" lon="-3.0772130">
    <ele>813.7</ele>
   </trkpt>
   <trkpt lat="40.6068470" lon="-3.0771440">
    <ele>813.5</ele>
   </trkpt>
   <trkpt lat="40.6068340" lon="-3.0770710">
    <ele>813.3</ele>
   </trkpt>
   <trkpt lat="40.6068300" lon="-3.0770040">
    <ele>813.2</ele>
   </trkpt>
   <trkpt lat="40.6068300" lon="-3.0769380">
    <ele>813.1</ele>
   </trkpt>
   <trkpt lat="40.6068230" lon="-3.0768840">
    <ele>812.9</ele>
   </trkpt>
   <trkpt lat="40.6068120" lon="-3.0768310">
    <ele>812.8</ele>
   </trkpt>
   <trkpt lat="40.6067990" lon="-3.0767900">
    <ele>812.7</ele>
   </trkpt>
   <trkpt lat="40.6067810" lon="-3.0767470">
    <ele>812.6</ele>
   </trkpt>
   <trkpt lat="40.6067510" lon="-3.0766920">
    <ele>812.4</ele>
   </trkpt>
   <trkpt lat="40.6067190" lon="-3.0766360">
    <ele>812.1</ele>
   </trkpt>
   <trkpt lat="40.6066930" lon="-3.0765870">
    <ele>812.0</ele>
   </trkpt>
   <trkpt lat="40.6066520" lon="-3.0765300">
    <ele>811.7</ele>
   </trkpt>
   <trkpt lat="40.6066220" lon="-3.0764810">
    <ele>811.5</ele>
   </trkpt>
   <trkpt lat="40.6065850" lon="-3.0764420">
    <ele>811.4</ele>
   </trkpt>
   <trkpt lat="40.6065490" lon="-3.0763950">
    <ele>811.2</ele>
   </trkpt>
   <trkpt lat="40.6065150" lon="-3.0763570">
    <ele>811.0</ele>
   </trkpt>
   <trkpt lat="40.6064810" lon="-3.0763210">
    <ele>810.8</ele>
   </trkpt>
   <trkpt lat="40.6064460" lon="-3.0762790">
    <ele>810.6</ele>
   </trkpt>
   <trkpt lat="40.6064120" lon="-3.0762330">
    <ele>810.4</ele>
   </trkpt>
   <trkpt lat="40.6063770" lon="-3.0761780">
    <ele>810.2</ele>
   </trkpt>
   <trkpt lat="40.6063430" lon="-3.0761170">
    <ele>809.9</ele>
   </trkpt>
   <trkpt lat="40.6063060" lon="-3.0760630">
    <ele>809.7</ele>
   </trkpt>
   <trkpt lat="40.6062690" lon="-3.0760050">
    <ele>809.4</ele>
   </trkpt>
   <trkpt lat="40.6062270" lon="-3.0759450">
    <ele>809.2</ele>
   </trkpt>
   <trkpt lat="40.6061840" lon="-3.0758820">
    <ele>808.9</ele>
   </trkpt>
   <trkpt lat="40.6061430" lon="-3.0758210">
    <ele>808.6</ele>
   </trkpt>
   <trkpt lat="40.6061080" lon="-3.0757630">
    <ele>808.3</ele>
   </trkpt>
   <trkpt lat="40.6060650" lon="-3.0757030">
    <ele>808.1</ele>
   </trkpt>
   <trkpt lat="40.6060180" lon="-3.0756310">
    <ele>807.8</ele>
   </trkpt>
   <trkpt lat="40.6059860" lon="-3.0755500">
    <ele>807.5</ele>
   </trkpt>
   <trkpt lat="40.6059580" lon="-3.0754780">
    <ele>807.3</ele>
   </trkpt>
   <trkpt lat="40.6059270" lon="-3.0753960">
    <ele>807.1</ele>
   </trkpt>
   <trkpt lat="40.6059110" lon="-3.0753130">
    <ele>807.0</ele>
   </trkpt>
   <trkpt lat="40.6059090" lon="-3.0752240">
    <ele>806.8</ele>
   </trkpt>
   <trkpt lat="40.6059190" lon="-3.0751310">
    <ele>806.7</ele>
   </trkpt>
   <trkpt lat="40.6059300" lon="-3.0750460">
    <ele>806.6</ele>
   </trkpt>
   <trkpt lat="40.6059450" lon="-3.0749520">
    <ele>806.5</ele>
   </trkpt>
   <trkpt lat="40.6059620" lon="-3.0748590">
    <ele>806.4</ele>
   </trkpt>
   <trkpt lat="40.6059810" lon="-3.0747680">
    <ele>806.3</ele>
   </trkpt>
   <trkpt lat="40.6059990" lon="-3.0746770">
    <ele>806.2</ele>
   </trkpt>
   <trkpt lat="40.6060180" lon="-3.0745890">
    <ele>806.2</ele>
   </trkpt>
   <trkpt lat="40.6060380" lon="-3.0745000">
    <ele>806.1</ele>
   </trkpt>
   <trkpt lat="40.6060570" lon="-3.0744210">
    <ele>806.0</ele>
   </trkpt>
   <trkpt lat="40.6060820" lon="-3.0743350">
    <ele>805.8</ele>
   </trkpt>
   <trkpt lat="40.6061040" lon="-3.0742540">
    <ele>805.7</ele>
   </trkpt>
   <trkpt lat="40.6061190" lon="-3.0741780">
    <ele>805.5</ele>
   </trkpt>
   <trkpt lat="40.6061360" lon="-3.0741000">
    <ele>805.4</ele>
   </trkpt>
   <trkpt lat="40.6061490" lon="-3.0740170">
    <ele>805.2</ele>
   </trkpt>
   <trkpt lat="40.6061650" lon="-3.0739330">
    <ele>805.0</ele>
   </trkpt>
   <trkpt lat="40.6061800" lon="-3.0738550">
    <ele>804.8</ele>
   </trkpt>
   <trkpt lat="40.6061970" lon="-3.0737710">
    <ele>804.6</ele>
   </trkpt>
   <trkpt lat="40.6062190" lon="-3.0736850">
    <ele>804.4</ele>
   </trkpt>
   <trkpt lat="40.6062380" lon="-3.0736050">
    <ele>804.2</ele>
   </trkpt>
   <trkpt lat="40.6062570" lon="-3.0735320">
    <ele>804.0</ele>
   </trkpt>
   <trkpt lat="40.6062780" lon="-3.0734580">
    <ele>803.8</ele>
   </trkpt>
   <trkpt lat="40.6062950" lon="-3.0733790">
    <ele>803.6</ele>
   </trkpt>
   <trkpt lat="40.6063150" lon="-3.0733000">
    <ele>803.4</ele>
   </trkpt>
   <trkpt lat="40.6063390" lon="-3.0732190">
    <ele>803.2</ele>
   </trkpt>
   <trkpt lat="40.6063580" lon="-3.0731440">
    <ele>803.1</ele>
   </trkpt>
   <trkpt lat="40.6063730" lon="-3.0730660">
    <ele>802.9</ele>
   </trkpt>
   <trkpt lat="40.6063920" lon="-3.0729870">
    <ele>802.7</ele>
   </trkpt>
   <trkpt lat="40.6064170" lon="-3.0729160">
    <ele>802.6</ele>
   </trkpt>
   <trkpt lat="40.6064350" lon="-3.0728380">
    <ele>802.5</ele>
   </trkpt>
   <trkpt lat="40.6064500" lon="-3.0727670">
    <ele>802.3</ele>
   </trkpt>
   <trkpt lat="40.6064690" lon="-3.0726960">
    <ele>802.2</ele>
   </trkpt>
   <trkpt lat="40.6064910" lon="-3.0726230">
    <ele>802.0</ele>
   </trkpt>
   <trkpt lat="40.6065120" lon="-3.0725550">
    <ele>801.8</ele>
   </trkpt>
   <trkpt lat="40.6065330" lon="-3.0724850">
    <ele>801.6</ele>
   </trkpt>
   <trkpt lat="40.6065520" lon="-3.0724140">
    <ele>801.4</ele>
   </trkpt>
   <trkpt lat="40.6065690" lon="-3.0723490">
    <ele>801.1</ele>
   </trkpt>
   <trkpt lat="40.6065850" lon="-3.0722780">
    <ele>800.9</ele>
   </trkpt>
   <trkpt lat="40.6066070" lon="-3.0722110">
    <ele>800.6</ele>
   </trkpt>
   <trkpt lat="40.6066270" lon="-3.0721410">
    <ele>800.3</ele>
   </trkpt>
   <trkpt lat="40.6066430" lon="-3.0720640">
    <ele>799.9</ele>
   </trkpt>
   <trkpt lat="40.6066600" lon="-3.0719830">
    <ele>799.6</ele>
   </trkpt>
   <trkpt lat="40.6066770" lon="-3.0718950">
    <ele>799.2</ele>
   </trkpt>
   <trkpt lat="40.6066840" lon="-3.0718010">
    <ele>798.9</ele>
   </trkpt>
   <trkpt lat="40.6066930" lon="-3.0717070">
    <ele>798.5</ele>
   </trkpt>
   <trkpt lat="40.6067080" lon="-3.0716040">
    <ele>798.1</ele>
   </trkpt>
   <trkpt lat="40.6067280" lon="-3.0715140">
    <ele>797.9</ele>
   </trkpt>
   <trkpt lat="40.6067580" lon="-3.0714260">
    <ele>797.6</ele>
   </trkpt>
   <trkpt lat="40.6067990" lon="-3.0713520">
    <ele>797.4</ele>
   </trkpt>
   <trkpt lat="40.6068450" lon="-3.0712850">
    <ele>797.2</ele>
   </trkpt>
   <trkpt lat="40.6068900" lon="-3.0712170">
    <ele>796.9</ele>
   </trkpt>
   <trkpt lat="40.6069340" lon="-3.0711480">
    <ele>796.7</ele>
   </trkpt>
   <trkpt lat="40.6069720" lon="-3.0710700">
    <ele>796.5</ele>
   </trkpt>
   <trkpt lat="40.6070050" lon="-3.0709970">
    <ele>796.3</ele>
   </trkpt>
   <trkpt lat="40.6070350" lon="-3.0709290">
    <ele>796.2</ele>
   </trkpt>
   <trkpt lat="40.6070670" lon="-3.0708580">
    <ele>796.1</ele>
   </trkpt>
   <trkpt lat="40.6070920" lon="-3.0707850">
    <ele>796.0</ele>
   </trkpt>
   <trkpt lat="40.6071240" lon="-3.0707230">
    <ele>795.9</ele>
   </trkpt>
   <trkpt lat="40.6071610" lon="-3.0706620">
    <ele>795.8</ele>
   </trkpt>
   <trkpt lat="40.6071940" lon="-3.0706060">
    <ele>795.7</ele>
   </trkpt>
   <trkpt lat="40.6072340" lon="-3.0705580">
    <ele>795.6</ele>
   </trkpt>
   <trkpt lat="40.6072700" lon="-3.0705130">
    <ele>795.5</ele>
   </trkpt>
   <trkpt lat="40.6073100" lon="-3.0704600">
    <ele>795.4</ele>
   </trkpt>
   <trkpt lat="40.6073550" lon="-3.0704190">
    <ele>795.3</ele>
   </trkpt>
   <trkpt lat="40.6073960" lon="-3.0703740">
    <ele>795.3</ele>
   </trkpt>
   <trkpt lat="40.6074340" lon="-3.0703300">
    <ele>795.2</ele>
   </trkpt>
   <trkpt lat="40.6074700" lon="-3.0702840">
    <ele>795.1</ele>
   </trkpt>
   <trkpt lat="40.6075060" lon="-3.0702360">
    <ele>795.0</ele>
   </trkpt>
   <trkpt lat="40.6075490" lon="-3.0701900">
    <ele>794.8</ele>
   </trkpt>
   <trkpt lat="40.6075950" lon="-3.0701440">
    <ele>794.7</ele>
   </trkpt>
   <trkpt lat="40.6076480" lon="-3.0701040">
    <ele>794.5</ele>
   </trkpt>
   <trkpt lat="40.6076990" lon="-3.0700610">
    <ele>794.4</ele>
   </trkpt>
   <trkpt lat="40.6077480" lon="-3.0700180">
    <ele>794.2</ele>
   </trkpt>
   <trkpt lat="40.6077940" lon="-3.0699720">
    <ele>794.1</ele>
   </trkpt>
   <trkpt lat="40.6078360" lon="-3.0699290">
    <ele>794.0</ele>
   </trkpt>
   <trkpt lat="40.6078810" lon="-3.0698800">
    <ele>793.8</ele>
   </trkpt>
   <trkpt lat="40.6079240" lon="-3.0698290">
    <ele>793.7</ele>
   </trkpt>
   <trkpt lat="40.6079610" lon="-3.0697770">
    <ele>793.5</ele>
   </trkpt>
   <trkpt lat="40.6079960" lon="-3.0697260">
    <ele>793.4</ele>
   </trkpt>
   <trkpt lat="40.6080350" lon="-3.0696770">
    <ele>793.3</ele>
   </trkpt>
   <trkpt lat="40.6080780" lon="-3.0696310">
    <ele>793.1</ele>
   </trkpt>
   <trkpt lat="40.6081270" lon="-3.0695810">
    <ele>793.0</ele>
   </trkpt>
   <trkpt lat="40.6081750" lon="-3.0695370">
    <ele>792.8</ele>
   </trkpt>
   <trkpt lat="40.6082130" lon="-3.0694830">
    <ele>792.7</ele>
   </trkpt>
   <trkpt lat="40.6082520" lon="-3.0694310">
    <ele>792.6</ele>
   </trkpt>
   <trkpt lat="40.6082970" lon="-3.0693750">
    <ele>792.4</ele>
   </trkpt>
   <trkpt lat="40.6083370" lon="-3.0693220">
    <ele>792.3</ele>
   </trkpt>
   <trkpt lat="40.6083820" lon="-3.0692750">
    <ele>792.1</ele>
   </trkpt>
   <trkpt lat="40.6084310" lon="-3.0692200">
    <ele>792.0</ele>
   </trkpt>
   <trkpt lat="40.6084790" lon="-3.0691680">
    <ele>791.8</ele>
   </trkpt>
   <trkpt lat="40.6085250" lon="-3.0691160">
    <ele>791.6</ele>
   </trkpt>
   <trkpt lat="40.6085710" lon="-3.0690600">
    <ele>791.5</ele>
   </trkpt>
   <trkpt lat="40.6086170" lon="-3.0690040">
    <ele>791.3</ele>
   </trkpt>
   <trkpt lat="40.6086570" lon="-3.0689590">
    <ele>791.2</ele>
   </trkpt>
   <trkpt lat="40.6086930" lon="-3.0689020">
    <ele>791.1</ele>
   </trkpt>
   <trkpt lat="40.6087300" lon="-3.0688550">
    <ele>791.0</ele>
   </trkpt>
   <trkpt lat="40.6087630" lon="-3.0688090">
    <ele>790.8</ele>
   </trkpt>
   <trkpt lat="40.6088030" lon="-3.0687710">
    <ele>790.6</ele>
   </trkpt>
   <trkpt lat="40.6088370" lon="-3.0687290">
    <ele>790.5</ele>
   </trkpt>
   <trkpt lat="40.6088790" lon="-3.0686850">
    <ele>790.2</ele>
   </trkpt>
   <trkpt lat="40.6089260" lon="-3.0686450">
    <ele>790.0</ele>
   </trkpt>
   <trkpt lat="40.6089760" lon="-3.0686000">
    <ele>789.8</ele>
   </trkpt>
   <trkpt lat="40.6090320" lon="-3.0685560">
    <ele>789.5</ele>
   </trkpt>
   <trkpt lat="40.6090810" lon="-3.0685120">
    <ele>789.3</ele>
   </trkpt>
   <trkpt lat="40.6091320" lon="-3.0684700">
    <ele>789.0</ele>
   </trkpt>
   <trkpt lat="40.6091850" lon="-3.0684230">
    <ele>788.8</ele>
   </trkpt>
   <trkpt lat="40.6092350" lon="-3.0683740">
    <ele>788.6</ele>
   </trkpt>
   <trkpt lat="40.6092840" lon="-3.0683170">
    <ele>788.4</ele>
   </trkpt>
   <trkpt lat="40.6093330" lon="-3.0682680">
    <ele>788.3</ele>
   </trkpt>
   <trkpt lat="40.6093830" lon="-3.0682250">
    <ele>788.2</ele>
   </trkpt>
   <trkpt lat="40.6094320" lon="-3.0681880">
    <ele>788.1</ele>
   </trkpt>
   <trkpt lat="40.6094890" lon="-3.0681570">
    <ele>788.0</ele>
   </trkpt>
   <trkpt lat="40.6095480" lon="-3.0681360">
    <ele>787.9</ele>
   </trkpt>
   <trkpt lat="40.6096030" lon="-3.0681120">
    <ele>787.8</ele>
   </trkpt>
   <trkpt lat="40.6096590" lon="-3.0680840">
    <ele>787.8</ele>
   </trkpt>
   <trkpt lat="40.6097170" lon="-3.0680550">
    <ele>787.7</ele>
   </trkpt>
   <trkpt lat="40.6097770" lon="-3.0680260">
    <ele>787.6</ele>
   </trkpt>
   <trkpt lat="40.6098350" lon="-3.0679920">
    <ele>787.5</ele>
   </trkpt>
   <trkpt lat="40.6098860" lon="-3.0679610">
    <ele>787.4</ele>
   </trkpt>
   <trkpt lat="40.6099370" lon="-3.0679290">
    <ele>787.3</ele>
   </trkpt>
   <trkpt lat="40.6099900" lon="-3.0678960">
    <ele>787.1</ele>
   </trkpt>
   <trkpt lat="40.6100460" lon="-3.0678620">
    <ele>787.0</ele>
   </trkpt>
   <trkpt lat="40.6101070" lon="-3.0678300">
    <ele>786.8</ele>
   </trkpt>
   <trkpt lat="40.6101690" lon="-3.0677900">
    <ele>786.6</ele>
   </trkpt>
   <trkpt lat="40.6102240" lon="-3.0677400">
    <ele>786.4</ele>
   </trkpt>
   <trkpt lat="40.6102820" lon="-3.0676930">
    <ele>786.2</ele>
   </trkpt>
   <trkpt lat="40.6103380" lon="-3.0676460">
    <ele>786.0</ele>
   </trkpt>
   <trkpt lat="40.6103950" lon="-3.0675910">
    <ele>785.8</ele>
   </trkpt>
   <trkpt lat="40.6104510" lon="-3.0675350">
    <ele>785.6</ele>
   </trkpt>
   <trkpt lat="40.6105150" lon="-3.0674820">
    <ele>785.3</ele>
   </trkpt>
   <trkpt lat="40.6105740" lon="-3.0674130">
    <ele>785.1</ele>
   </trkpt>
   <trkpt lat="40.6106230" lon="-3.0673470">
    <ele>784.9</ele>
   </trkpt>
   <trkpt lat="40.6106730" lon="-3.0672800">
    <ele>784.7</ele>
   </trkpt>
   <trkpt lat="40.6107240" lon="-3.0672130">
    <ele>784.5</ele>
   </trkpt>
   <trkpt lat="40.6107710" lon="-3.0671520">
    <ele>784.4</ele>
   </trkpt>
   <trkpt lat="40.6108230" lon="-3.0670950">
    <ele>784.3</ele>
   </trkpt>
   <trkpt lat="40.6108690" lon="-3.0670330">
    <ele>784.1</ele>
   </trkpt>
   <trkpt lat="40.6109100" lon="-3.0669680">
    <ele>784.0</ele>
   </trkpt>
   <trkpt lat="40.6109500" lon="-3.0669050">
    <ele>783.9</ele>
   </trkpt>
   <trkpt lat="40.6109890" lon="-3.0668330">
    <ele>783.7</ele>
   </trkpt>
   <trkpt lat="40.6110310" lon="-3.0667700">
    <ele>783.6</ele>
   </trkpt>
   <trkpt lat="40.6110710" lon="-3.0667060">
    <ele>783.4</ele>
   </trkpt>
   <trkpt lat="40.6111030" lon="-3.0666450">
    <ele>783.2</ele>
   </trkpt>
   <trkpt lat="40.6111340" lon="-3.0665730">
    <ele>783.0</ele>
   </trkpt>
   <trkpt lat="40.6111690" lon="-3.0664980">
    <ele>782.7</ele>
   </trkpt>
   <trkpt lat="40.6112030" lon="-3.0664360">
    <ele>782.4</ele>
   </trkpt>
   <trkpt lat="40.6112370" lon="-3.0663630">
    <ele>782.1</ele>
   </trkpt>
   <trkpt lat="40.6112580" lon="-3.0662770">
    <ele>781.7</ele>
   </trkpt>
   <trkpt lat="40.6112680" lon="-3.0661880">
    <ele>781.4</ele>
   </trkpt>
   <trkpt lat="40.6112780" lon="-3.0660950">
    <ele>781.0</ele>
   </trkpt>
   <trkpt lat="40.6112860" lon="-3.0660070">
    <ele>780.7</ele>
   </trkpt>
   <trkpt lat="40.6112880" lon="-3.0659230">
    <ele>780.4</ele>
   </trkpt>
   <trkpt lat="40.6112910" lon="-3.0658330">
    <ele>780.1</ele>
   </trkpt>
   <trkpt lat="40.6112950" lon="-3.0657470">
    <ele>779.8</ele>
   </trkpt>
   <trkpt lat="40.6113020" lon="-3.0656580">
    <ele>779.6</ele>
   </trkpt>
   <trkpt lat="40.6113160" lon="-3.0655730">
    <ele>779.3</ele>
   </trkpt>
   <trkpt lat="40.6113310" lon="-3.0654870">
    <ele>779.1</ele>
   </trkpt>
   <trkpt lat="40.6113390" lon="-3.0653990">
    <ele>778.8</ele>
   </trkpt>
   <trkpt lat="40.6113410" lon="-3.0653100">
    <ele>778.6</ele>
   </trkpt>
   <trkpt lat="40.6113450" lon="-3.0652280">
    <ele>778.3</ele>
   </trkpt>
   <trkpt lat="40.6113520" lon="-3.0651430">
    <ele>778.1</ele>
   </trkpt>
   <trkpt lat="40.6113590" lon="-3.0650560">
    <ele>777.9</ele>
   </trkpt>
   <trkpt lat="40.6113660" lon="-3.0649650">
    <ele>777.7</ele>
   </trkpt>
   <trkpt lat="40.6113710" lon="-3.0648680">
    <ele>777.5</ele>
   </trkpt>
   <trkpt lat="40.6113790" lon="-3.0647760">
    <ele>777.4</ele>
   </trkpt>
   <trkpt lat="40.6113900" lon="-3.0646980">
    <ele>777.3</ele>
   </trkpt>
   <trkpt lat="40.6114010" lon="-3.0646180">
    <ele>777.1</ele>
   </trkpt>
   <trkpt lat="40.6114160" lon="-3.0645440">
    <ele>777.0</ele>
   </trkpt>
   <trkpt lat="40.6114230" lon="-3.0644670">
    <ele>776.9</ele>
   </trkpt>
   <trkpt lat="40.6114410" lon="-3.0643930">
    <ele>776.8</ele>
   </trkpt>
   <trkpt lat="40.6114590" lon="-3.0643270">
    <ele>776.7</ele>
   </trkpt>
   <trkpt lat="40.6114760" lon="-3.0642650">
    <ele>776.6</ele>
   </trkpt>
   <trkpt lat="40.6114960" lon="-3.0642030">
    <ele>776.6</ele>
   </trkpt>
   <trkpt lat="40.6115200" lon="-3.0641460">
    <ele>776.5</ele>
   </trkpt>
   <trkpt lat="40.6115440" lon="-3.0640830">
    <ele>776.4</ele>
   </trkpt>
   <trkpt lat="40.6115680" lon="-3.0640190">
    <ele>776.3</ele>
   </trkpt>
   <trkpt lat="40.6115930" lon="-3.0639520">
    <ele>776.2</ele>
   </trkpt>
   <trkpt lat="40.6116180" lon="-3.0638840">
    <ele>776.1</ele>
   </trkpt>
   <trkpt lat="40.6116410" lon="-3.0638250">
    <ele>776.0</ele>
   </trkpt>
   <trkpt lat="40.6116620" lon="-3.0637630">
    <ele>775.9</ele>
   </trkpt>
   <trkpt lat="40.6116890" lon="-3.0637020">
    <ele>775.8</ele>
   </trkpt>
   <trkpt lat="40.6117050" lon="-3.0636460">
    <ele>775.8</ele>
   </trkpt>
   <trkpt lat="40.6117210" lon="-3.0635910">
    <ele>775.7</ele>
   </trkpt>
   <trkpt lat="40.6117420" lon="-3.0635330">
    <ele>775.6</ele>
   </trkpt>
   <trkpt lat="40.6117670" lon="-3.0634840">
    <ele>775.5</ele>
   </trkpt>
   <trkpt lat="40.6117920" lon="-3.0634320">
    <ele>775.4</ele>
   </trkpt>
   <trkpt lat="40.6118170" lon="-3.0633850">
    <ele>775.3</ele>
   </trkpt>
   <trkpt lat="40.6118320" lon="-3.0633350">
    <ele>775.2</ele>
   </trkpt>
   <trkpt lat="40.6118440" lon="-3.0632810">
    <ele>775.1</ele>
   </trkpt>
   <trkpt lat="40.6118500" lon="-3.0632280">
    <ele>775.0</ele>
   </trkpt>
   <trkpt lat="40.6118480" lon="-3.0631700">
    <ele>774.9</ele>
   </trkpt>
   <trkpt lat="40.6118500" lon="-3.0631140">
    <ele>774.7</ele>
   </trkpt>
   <trkpt lat="40.6118480" lon="-3.0630560">
    <ele>774.6</ele>
   </trkpt>
   <trkpt lat="40.6118480" lon="-3.0630000">
    <ele>774.5</ele>
   </trkpt>
   <trkpt lat="40.6118520" lon="-3.0629350">
    <ele>774.4</ele>
   </trkpt>
   <trkpt lat="40.6118510" lon="-3.0628660">
    <ele>774.2</ele>
   </trkpt>
   <trkpt lat="40.6118510" lon="-3.0627990">
    <ele>774.1</ele>
   </trkpt>
   <trkpt lat="40.6118500" lon="-3.0627310">
    <ele>773.9</ele>
   </trkpt>
   <trkpt lat="40.6118520" lon="-3.0626650">
    <ele>773.8</ele>
   </trkpt>
   <trkpt lat="40.6118520" lon="-3.0626030">
    <ele>773.7</ele>
   </trkpt>
   <trkpt lat="40.6118540" lon="-3.0625460">
    <ele>773.6</ele>
   </trkpt>
   <trkpt lat="40.6118600" lon="-3.0624860">
    <ele>773.5</ele>
   </trkpt>
   <trkpt lat="40.6118690" lon="-3.0624260">
    <ele>773.4</ele>
   </trkpt>
   <trkpt lat="40.6118710" lon="-3.0623630">
    <ele>773.3</ele>
   </trkpt>
   <trkpt lat="40.6118790" lon="-3.0623060">
    <ele>773.2</ele>
   </trkpt>
   <trkpt lat="40.6118850" lon="-3.0622490">
    <ele>773.1</ele>
   </trkpt>
   <trkpt lat="40.6118870" lon="-3.0622040">
    <ele>773.1</ele>
   </trkpt>
   <trkpt lat="40.6118940" lon="-3.0621600">
    <ele>773.0</ele>
   </trkpt>
   <trkpt lat="40.6118950" lon="-3.0621490">
    <ele>773.0</ele>
   </trkpt>
   <trkpt lat="40.6119010" lon="-3.0621440">
    <ele>773.0</ele>
   </trkpt>
   <trkpt lat="40.6119060" lon="-3.0621430">
    <ele>773.0</ele>
   </trkpt>
   <trkpt lat="40.6119100" lon="-3.0621430">
    <ele>773.0</ele>
   </trkpt>
   <trkpt lat="40.6119090" lon="-3.0621470">
    <ele>773.0</ele>
   </trkpt>
   <trkpt lat="40.6119080" lon="-3.0621500">
    <ele>773.0</ele>
   </trkpt>
   <trkpt lat="40.6119080" lon="-3.0621490">
    <ele>773.0</ele>
   </trkpt>
   <trkpt lat="40.6119070" lon="-3.0621490">
    <ele>773.0</ele>
   </trkpt>
   <trkpt lat="40.6119070" lon="-3.0621480">
    <ele>773.0</ele>
   </trkpt>
   <trkpt lat="40.6119070" lon="-3.0621480">
    <ele>773.0</ele>
   </trkpt>
   <trkpt lat="40.6119070" lon="-3.0621480">
    <ele>773.0</ele>
   </trkpt>
   <trkpt lat="40.6118940" lon="-3.0621650">
    <ele>772.9</ele>
   </trkpt>
   <trkpt lat="40.6118740" lon="-3.0621800">
    <ele>772.9</ele>
   </trkpt>
   <trkpt lat="40.6118910" lon="-3.0621740">
    <ele>772.9</ele>
   </trkpt>
   <trkpt lat="40.6118910" lon="-3.0621730">
    <ele>772.9</ele>
   </trkpt>
   <trkpt lat="40.6118910" lon="-3.0621710">
    <ele>772.9</ele>
   </trkpt>
   <trkpt lat="40.6118900" lon="-3.0621700">
    <ele>772.9</ele>
   </trkpt>
   <trkpt lat="40.6118900" lon="-3.0621690">
    <ele>772.9</ele>
   </trkpt>
   <trkpt lat="40.6118900" lon="-3.0621680">
    <ele>772.9</ele>
   </trkpt>
   <trkpt lat="40.6118900" lon="-3.0621670">
    <ele>772.9</ele>
   </trkpt>
   <trkpt lat="40.6118900" lon="-3.0621660">
    <ele>772.9</ele>
   </trkpt>
   <trkpt lat="40.6118900" lon="-3.0621640">
    <ele>772.9</ele>
   </trkpt>
   <trkpt lat="40.6118900" lon="-3.0621630">
    <ele>772.9</ele>
   </trkpt>
   <trkpt lat="40.6118890" lon="-3.0621620">
    <ele>772.9</ele>
   </trkpt>
   <trkpt lat="40.6118890" lon="-3.0621610">
    <ele>772.9</ele>
   </trkpt>
   <trkpt lat="40.6118890" lon="-3.0621600">
    <ele>772.9</ele>
   </trkpt>
   <trkpt lat="40.6118890" lon="-3.0621590">
    <ele>772.9</ele>
   </trkpt>
   <trkpt lat="40.6118890" lon="-3.0621570">
    <ele>772.9</ele>
   </trkpt>
   <trkpt lat="40.6118890" lon="-3.0621560">
    <ele>772.8</ele>
   </trkpt>
   <trkpt lat="40.6118880" lon="-3.0621550">
    <ele>772.8</ele>
   </trkpt>
   <trkpt lat="40.6118880" lon="-3.0621540">
    <ele>772.8</ele>
   </trkpt>
   <trkpt lat="40.6118880" lon="-3.0621530">
    <ele>772.8</ele>
   </trkpt>
   <trkpt lat="40.6118880" lon="-3.0621510">
    <ele>772.8</ele>
   </trkpt>
   <trkpt lat="40.6118880" lon="-3.0621500">
    <ele>772.8</ele>
   </trkpt>
   <trkpt lat="40.6118880" lon="-3.0621490">
    <ele>772.8</ele>
   </trkpt>
   <trkpt lat="40.6118880" lon="-3.0621480">
    <ele>772.8</ele>
   </trkpt>
   <trkpt lat="40.6118870" lon="-3.0621470">
    <ele>772.8</ele>
   </trkpt>
   <trkpt lat="40.6118870" lon="-3.0621460">
    <ele>772.8</ele>
   </trkpt>
   <trkpt lat="40.6118870" lon="-3.0621440">
    <ele>772.8</ele>
   </trkpt>
   <trkpt lat="40.6118870" lon="-3.0621430">
    <ele>772.8</ele>
   </trkpt>
   <trkpt lat="40.6118870" lon="-3.0621420">
    <ele>772.8</ele>
   </trkpt>
   <trkpt lat="40.6118870" lon="-3.0621410">
    <ele>772.8</ele>
   </trkpt>
   <trkpt lat="40.6118870" lon="-3.0621400">
    <ele>772.8</ele>
   </trkpt>
   <trkpt lat="40.6118860" lon="-3.0621390">
    <ele>772.8</ele>
   </trkpt>
   <trkpt lat="40.6118860" lon="-3.0621370">
    <ele>772.8</ele>
   </trkpt>
   <trkpt lat="40.6118860" lon="-3.0621360">
    <ele>772.8</ele>
   </trkpt>
   <trkpt lat="40.6118860" lon="-3.0621350">
    <ele>772.8</ele>
   </trkpt>
   <trkpt lat="40.6118860" lon="-3.0621340">
    <ele>772.8</ele>
   </trkpt>
   <trkpt lat="40.6118860" lon="-3.0621330">
    <ele>772.8</ele>
   </trkpt>
   <trkpt lat="40.6118850" lon="-3.0621320">
    <ele>772.8</ele>
   </trkpt>
   <trkpt lat="40.6118850" lon="-3.0621300">
    <ele>772.8</ele>
   </trkpt>
   <trkpt lat="40.6118850" lon="-3.0621290">
    <ele>772.8</ele>
   </trkpt>
   <trkpt lat="40.6118850" lon="-3.0621280">
    <ele>772.8</ele>
   </trkpt>
   <trkpt lat="40.6118470" lon="-3.0621170">
    <ele>772.8</ele>
   </trkpt>
   <trkpt lat="40.6118290" lon="-3.0621180">
    <ele>772.8</ele>
   </trkpt>
   <trkpt lat="40.6117930" lon="-3.0621160">
    <ele>772.7</ele>
   </trkpt>
   <trkpt lat="40.6117550" lon="-3.0621040">
    <ele>772.7</ele>
   </trkpt>
   <trkpt lat="40.6117100" lon="-3.0620880">
    <ele>772.6</ele>
   </trkpt>
   <trkpt lat="40.6116690" lon="-3.0620690">
    <ele>772.6</ele>
   </trkpt>
   <trkpt lat="40.6116220" lon="-3.0620540">
    <ele>772.5</ele>
   </trkpt>
   <trkpt lat="40.6115720" lon="-3.0620260">
    <ele>772.5</ele>
   </trkpt>
   <trkpt lat="40.6115240" lon="-3.0620000">
    <ele>772.4</ele>
   </trkpt>
   <trkpt lat="40.6114700" lon="-3.0619740">
    <ele>772.4</ele>
   </trkpt>
   <trkpt lat="40.6114240" lon="-3.0619500">
    <ele>772.3</ele>
   </trkpt>
   <trkpt lat="40.6113750" lon="-3.0619270">
    <ele>772.3</ele>
   </trkpt>
   <trkpt lat="40.6113290" lon="-3.0619060">
    <ele>772.2</ele>
   </trkpt>
   <trkpt lat="40.6112740" lon="-3.0618850">
    <ele>772.2</ele>
   </trkpt>
   <trkpt lat="40.6112290" lon="-3.0618650">
    <ele>772.1</ele>
   </trkpt>
   <trkpt lat="40.6111840" lon="-3.0618400">
    <ele>772.1</ele>
   </trkpt>
   <trkpt lat="40.6111360" lon="-3.0618250">
    <ele>772.0</ele>
   </trkpt>
   <trkpt lat="40.6110920" lon="-3.0618080">
    <ele>772.0</ele>
   </trkpt>
   <trkpt lat="40.6110410" lon="-3.0617860">
    <ele>771.9</ele>
   </trkpt>
   <trkpt lat="40.6109960" lon="-3.0617650">
    <ele>771.8</ele>
   </trkpt>
   <trkpt lat="40.6109480" lon="-3.0617440">
    <ele>771.6</ele>
   </trkpt>
   <trkpt lat="40.6109000" lon="-3.0617340">
    <ele>771.5</ele>
   </trkpt>
   <trkpt lat="40.6108480" lon="-3.0617260">
    <ele>771.3</ele>
   </trkpt>
   <trkpt lat="40.6107940" lon="-3.0617150">
    <ele>771.1</ele>
   </trkpt>
   <trkpt lat="40.6107380" lon="-3.0617070">
    <ele>770.9</ele>
   </trkpt>
   <trkpt lat="40.6106840" lon="-3.0617090">
    <ele>770.8</ele>
   </trkpt>
   <trkpt lat="40.6106260" lon="-3.0617060">
    <ele>770.6</ele>
   </trkpt>
   <trkpt lat="40.6105630" lon="-3.0617010">
    <ele>770.5</ele>
   </trkpt>
   <trkpt lat="40.6105020" lon="-3.0616910">
    <ele>770.4</ele>
   </trkpt>
   <trkpt lat="40.6104430" lon="-3.0616850">
    <ele>770.3</ele>
   </trkpt>
   <trkpt lat="40.6103820" lon="-3.0616820">
    <ele>770.2</ele>
   </trkpt>
   <trkpt lat="40.6103230" lon="-3.0616750">
    <ele>770.1</ele>
   </trkpt>
   <trkpt lat="40.6102630" lon="-3.0616740">
    <ele>770.0</ele>
   </trkpt>
   <trkpt lat="40.6102070" lon="-3.0616830">
    <ele>770.0</ele>
   </trkpt>
   <trkpt lat="40.6101520" lon="-3.0616930">
    <ele>770.0</ele>
   </trkpt>
   <trkpt lat="40.6100930" lon="-3.0617080">
    <ele>769.9</ele>
   </trkpt>
   <trkpt lat="40.6100290" lon="-3.0617150">
    <ele>769.9</ele>
   </trkpt>
   <trkpt lat="40.6099720" lon="-3.0617130">
    <ele>769.9</ele>
   </trkpt>
   <trkpt lat="40.6099170" lon="-3.0617180">
    <ele>769.9</ele>
   </trkpt>
   <trkpt lat="40.6098540" lon="-3.0617220">
    <ele>769.9</ele>
   </trkpt>
   <trkpt lat="40.6097930" lon="-3.0617220">
    <ele>769.9</ele>
   </trkpt>
   <trkpt lat="40.6097360" lon="-3.0617180">
    <ele>770.0</ele>
   </trkpt>
   <trkpt lat="40.6096760" lon="-3.0617100">
    <ele>770.0</ele>
   </trkpt>
   <trkpt lat="40.6096280" lon="-3.0616960">
    <ele>770.0</ele>
   </trkpt>
   <trkpt lat="40.6095750" lon="-3.0616750">
    <ele>770.1</ele>
   </trkpt>
   <trkpt lat="40.6095200" lon="-3.0616550">
    <ele>770.1</ele>
   </trkpt>
   <trkpt lat="40.6094640" lon="-3.0616410">
    <ele>770.2</ele>
   </trkpt>
   <trkpt lat="40.6094140" lon="-3.0616180">
    <ele>770.2</ele>
   </trkpt>
   <trkpt lat="40.6093670" lon="-3.0615850">
    <ele>770.2</ele>
   </trkpt>
   <trkpt lat="40.6093250" lon="-3.0615450">
    <ele>770.3</ele>
   </trkpt>
   <trkpt lat="40.6092800" lon="-3.0615090">
    <ele>770.3</ele>
   </trkpt>
   <trkpt lat="40.6092360" lon="-3.0614670">
    <ele>770.2</ele>
   </trkpt>
   <trkpt lat="40.6091930" lon="-3.0614180">
    <ele>770.2</ele>
   </trkpt>
   <trkpt lat="40.6091510" lon="-3.0613610">
    <ele>770.1</ele>
   </trkpt>
   <trkpt lat="40.6091130" lon="-3.0612980">
    <ele>770.0</ele>
   </trkpt>
   <trkpt lat="40.6090710" lon="-3.0612410">
    <ele>769.9</ele>
   </trkpt>
   <trkpt lat="40.6090300" lon="-3.0611740">
    <ele>769.8</ele>
   </trkpt>
   <trkpt lat="40.6089880" lon="-3.0611120">
    <ele>769.7</ele>
   </trkpt>
   <trkpt lat="40.6089440" lon="-3.0610460">
    <ele>769.5</ele>
   </trkpt>
   <trkpt lat="40.6089040" lon="-3.0609820">
    <ele>769.4</ele>
   </trkpt>
   <trkpt lat="40.6088670" lon="-3.0609180">
    <ele>769.3</ele>
   </trkpt>
   <trkpt lat="40.6088270" lon="-3.0608450">
    <ele>769.2</ele>
   </trkpt>
   <trkpt lat="40.6087940" lon="-3.0607670">
    <ele>769.1</ele>
   </trkpt>
   <trkpt lat="40.6087630" lon="-3.0606870">
    <ele>769.0</ele>
   </trkpt>
   <trkpt lat="40.6087290" lon="-3.0606090">
    <ele>768.9</ele>
   </trkpt>
   <trkpt lat="40.6087010" lon="-3.0605280">
    <ele>768.9</ele>
   </trkpt>
   <trkpt lat="40.6086720" lon="-3.0604450">
    <ele>768.8</ele>
   </trkpt>
   <trkpt lat="40.6086420" lon="-3.0603680">
    <ele>768.8</ele>
   </trkpt>
   <trkpt lat="40.6086120" lon="-3.0602870">
    <ele>768.7</ele>
   </trkpt>
   <trkpt lat="40.6085860" lon="-3.0602040">
    <ele>768.7</ele>
   </trkpt>
   <trkpt lat="40.6085610" lon="-3.0601260">
    <ele>768.6</ele>
   </trkpt>
   <trkpt lat="40.6085390" lon="-3.0600480">
    <ele>768.6</ele>
   </trkpt>
   <trkpt lat="40.6085160" lon="-3.0599740">
    <ele>768.6</ele>
   </trkpt>
   <trkpt lat="40.6084990" lon="-3.0598930">
    <ele>768.6</ele>
   </trkpt>
   <trkpt lat="40.6084900" lon="-3.0598100">
    <ele>768.6</ele>
   </trkpt>
   <trkpt lat="40.6084810" lon="-3.0597280">
    <ele>768.6</ele>
   </trkpt>
   <trkpt lat="40.6084740" lon="-3.0596490">
    <ele>768.5</ele>
   </trkpt>
   <trkpt lat="40.6084690" lon="-3.0595710">
    <ele>768.5</ele>
   </trkpt>
   <trkpt lat="40.6084550" lon="-3.0594910">
    <ele>768.5</ele>
   </trkpt>
   <trkpt lat="40.6084430" lon="-3.0594060">
    <ele>768.5</ele>
   </trkpt>
   <trkpt lat="40.6084350" lon="-3.0593270">
    <ele>768.5</ele>
   </trkpt>
   <trkpt lat="40.6084320" lon="-3.0592420">
    <ele>768.5</ele>
   </trkpt>
   <trkpt lat="40.6084250" lon="-3.0591530">
    <ele>768.4</ele>
   </trkpt>
   <trkpt lat="40.6084240" lon="-3.0590680">
    <ele>768.4</ele>
   </trkpt>
   <trkpt lat="40.6084190" lon="-3.0589850">
    <ele>768.3</ele>
   </trkpt>
   <trkpt lat="40.6084150" lon="-3.0588980">
    <ele>768.3</ele>
   </trkpt>
   <trkpt lat="40.6084140" lon="-3.0588110">
    <ele>768.2</ele>
   </trkpt>
   <trkpt lat="40.6084090" lon="-3.0587290">
    <ele>768.1</ele>
   </trkpt>
   <trkpt lat="40.6084010" lon="-3.0586510">
    <ele>768.1</ele>
   </trkpt>
   <trkpt lat="40.6083950" lon="-3.0585640">
    <ele>768.0</ele>
   </trkpt>
   <trkpt lat="40.6083850" lon="-3.0584750">
    <ele>767.9</ele>
   </trkpt>
   <trkpt lat="40.6083730" lon="-3.0583920">
    <ele>767.8</ele>
   </trkpt>
   <trkpt lat="40.6083630" lon="-3.0583040">
    <ele>767.8</ele>
   </trkpt>
   <trkpt lat="40.6083470" lon="-3.0582190">
    <ele>767.7</ele>
   </trkpt>
   <trkpt lat="40.6083270" lon="-3.0581380">
    <ele>767.6</ele>
   </trkpt>
   <trkpt lat="40.6083030" lon="-3.0580510">
    <ele>767.5</ele>
   </trkpt>
   <trkpt lat="40.6082840" lon="-3.0579710">
    <ele>767.5</ele>
   </trkpt>
   <trkpt lat="40.6082660" lon="-3.0578900">
    <ele>767.4</ele>
   </trkpt>
   <trkpt lat="40.6082380" lon="-3.0578100">
    <ele>767.3</ele>
   </trkpt>
   <trkpt lat="40.6082080" lon="-3.0577390">
    <ele>767.2</ele>
   </trkpt>
   <trkpt lat="40.6081830" lon="-3.0576650">
    <ele>767.1</ele>
   </trkpt>
   <trkpt lat="40.6081560" lon="-3.0575860">
    <ele>767.0</ele>
   </trkpt>
   <trkpt lat="40.6081350" lon="-3.0575040">
    <ele>766.9</ele>
   </trkpt>
   <trkpt lat="40.6081080" lon="-3.0574220">
    <ele>766.9</ele>
   </trkpt>
   <trkpt lat="40.6080810" lon="-3.0573400">
    <ele>766.8</ele>
   </trkpt>
   <trkpt lat="40.6080610" lon="-3.0572570">
    <ele>766.7</ele>
   </trkpt>
   <trkpt lat="40.6080470" lon="-3.0571730">
    <ele>766.7</ele>
   </trkpt>
   <trkpt lat="40.6080280" lon="-3.0570940">
    <ele>766.6</ele>
   </trkpt>
   <trkpt lat="40.6080040" lon="-3.0570170">
    <ele>766.6</ele>
   </trkpt>
   <trkpt lat="40.6079870" lon="-3.0569360">
    <ele>766.5</ele>
   </trkpt>
   <trkpt lat="40.6079730" lon="-3.0568510">
    <ele>766.4</ele>
   </trkpt>
   <trkpt lat="40.6079540" lon="-3.0567660">
    <ele>766.3</ele>
   </trkpt>
   <trkpt lat="40.6079340" lon="-3.0566820">
    <ele>766.2</ele>
   </trkpt>
   <trkpt lat="40.6079160" lon="-3.0565960">
    <ele>766.1</ele>
   </trkpt>
   <trkpt lat="40.6078940" lon="-3.0565200">
    <ele>766.0</ele>
   </trkpt>
   <trkpt lat="40.6078840" lon="-3.0564400">
    <ele>765.9</ele>
   </trkpt>
   <trkpt lat="40.6078730" lon="-3.0563570">
    <ele>765.8</ele>
   </trkpt>
   <trkpt lat="40.6078710" lon="-3.0562800">
    <ele>765.7</ele>
   </trkpt>
   <trkpt lat="40.6078830" lon="-3.0562000">
    <ele>765.6</ele>
   </trkpt>
   <trkpt lat="40.6079070" lon="-3.0561200">
    <ele>765.5</ele>
   </trkpt>
   <trkpt lat="40.6079400" lon="-3.0560510">
    <ele>765.4</ele>
   </trkpt>
   <trkpt lat="40.6079770" lon="-3.0559790">
    <ele>765.4</ele>
   </trkpt>
   <trkpt lat="40.6080070" lon="-3.0559130">
    <ele>765.3</ele>
   </trkpt>
   <trkpt lat="40.6080380" lon="-3.0558390">
    <ele>765.2</ele>
   </trkpt>
   <trkpt lat="40.6080650" lon="-3.0557600">
    <ele>765.1</ele>
   </trkpt>
   <trkpt lat="40.6080800" lon="-3.0556860">
    <ele>765.0</ele>
   </trkpt>
   <trkpt lat="40.6080900" lon="-3.0556150">
    <ele>764.9</ele>
   </trkpt>
   <trkpt lat="40.6080930" lon="-3.0555460">
    <ele>764.8</ele>
   </trkpt>
   <trkpt lat="40.6080870" lon="-3.0554730">
    <ele>764.6</ele>
   </trkpt>
   <trkpt lat="40.6080770" lon="-3.0554000">
    <ele>764.5</ele>
   </trkpt>
   <trkpt lat="40.6080680" lon="-3.0553320">
    <ele>764.4</ele>
   </trkpt>
   <trkpt lat="40.6080650" lon="-3.0552580">
    <ele>764.3</ele>
   </trkpt>
   <trkpt lat="40.6080620" lon="-3.0551870">
    <ele>764.2</ele>
   </trkpt>
   <trkpt lat="40.6080510" lon="-3.0551230">
    <ele>764.1</ele>
   </trkpt>
   <trkpt lat="40.6080370" lon="-3.0550530">
    <ele>764.0</ele>
   </trkpt>
   <trkpt lat="40.6080280" lon="-3.0549880">
    <ele>763.9</ele>
   </trkpt>
   <trkpt lat="40.6080250" lon="-3.0549210">
    <ele>763.8</ele>
   </trkpt>
   <trkpt lat="40.6080140" lon="-3.0548590">
    <ele>763.7</ele>
   </trkpt>
   <trkpt lat="40.6080090" lon="-3.0547940">
    <ele>763.6</ele>
   </trkpt>
   <trkpt lat="40.6080080" lon="-3.0547220">
    <ele>763.5</ele>
   </trkpt>
   <trkpt lat="40.6080210" lon="-3.0546390">
    <ele>763.4</ele>
   </trkpt>
   <trkpt lat="40.6080490" lon="-3.0545610">
    <ele>763.3</ele>
   </trkpt>
   <trkpt lat="40.6080900" lon="-3.0544950">
    <ele>763.1</ele>
   </trkpt>
   <trkpt lat="40.6081350" lon="-3.0544420">
    <ele>763.0</ele>
   </trkpt>
   <trkpt lat="40.6081940" lon="-3.0544020">
    <ele>762.9</ele>
   </trkpt>
   <trkpt lat="40.6082600" lon="-3.0543690">
    <ele>762.7</ele>
   </trkpt>
   <trkpt lat="40.6083360" lon="-3.0543410">
    <ele>762.5</ele>
   </trkpt>
   <trkpt lat="40.6084050" lon="-3.0543040">
    <ele>762.4</ele>
   </trkpt>
   <trkpt lat="40.6084630" lon="-3.0542520">
    <ele>762.3</ele>
   </trkpt>
   <trkpt lat="40.6085210" lon="-3.0542140">
    <ele>762.2</ele>
   </trkpt>
   <trkpt lat="40.6085760" lon="-3.0541600">
    <ele>762.2</ele>
   </trkpt>
   <trkpt lat="40.6086260" lon="-3.0540890">
    <ele>762.2</ele>
   </trkpt>
   <trkpt lat="40.6086750" lon="-3.0540330">
    <ele>762.3</ele>
   </trkpt>
   <trkpt lat="40.6087100" lon="-3.0539850">
    <ele>762.4</ele>
   </trkpt>
   <trkpt lat="40.6087240" lon="-3.0539370">
    <ele>762.4</ele>
   </trkpt>
   <trkpt lat="40.6087250" lon="-3.0539200">
    <ele>762.5</ele>
   </trkpt>
   <trkpt lat="40.6087020" lon="-3.0538800">
    <ele>762.5</ele>
   </trkpt>
   <trkpt lat="40.6086880" lon="-3.0538700">
    <ele>762.5</ele>
   </trkpt>
   <trkpt lat="40.6086520" lon="-3.0538560">
    <ele>762.5</ele>
   </trkpt>
   <trkpt lat="40.6086160" lon="-3.0538490">
    <ele>762.4</ele>
   </trkpt>
   <trkpt lat="40.6085790" lon="-3.0538310">
    <ele>762.4</ele>
   </trkpt>
   <trkpt lat="40.6085610" lon="-3.0538280">
    <ele>762.4</ele>
   </trkpt>
   <trkpt lat="40.6085180" lon="-3.0538290">
    <ele>762.3</ele>
   </trkpt>
   <trkpt lat="40.6084950" lon="-3.0538190">
    <ele>762.3</ele>
   </trkpt>
   <trkpt lat="40.6084670" lon="-3.0538150">
    <ele>762.3</ele>
   </trkpt>
   <trkpt lat="40.6084300" lon="-3.0538070">
    <ele>762.4</ele>
   </trkpt>
   <trkpt lat="40.6083930" lon="-3.0538040">
    <ele>762.4</ele>
   </trkpt>
   <trkpt lat="40.6083620" lon="-3.0537940">
    <ele>762.5</ele>
   </trkpt>
   <trkpt lat="40.6083190" lon="-3.0537800">
    <ele>762.6</ele>
   </trkpt>
   <trkpt lat="40.6082860" lon="-3.0537690">
    <ele>762.7</ele>
   </trkpt>
   <trkpt lat="40.6082600" lon="-3.0537610">
    <ele>762.8</ele>
   </trkpt>
   <trkpt lat="40.6082290" lon="-3.0537560">
    <ele>762.9</ele>
   </trkpt>
   <trkpt lat="40.6081990" lon="-3.0537540">
    <ele>763.0</ele>
   </trkpt>
   <trkpt lat="40.6081710" lon="-3.0537490">
    <ele>763.1</ele>
   </trkpt>
   <trkpt lat="40.6081430" lon="-3.0537360">
    <ele>763.2</ele>
   </trkpt>
   <trkpt lat="40.6081110" lon="-3.0537170">
    <ele>763.2</ele>
   </trkpt>
   <trkpt lat="40.6080840" lon="-3.0536920">
    <ele>763.3</ele>
   </trkpt>
   <trkpt lat="40.6080590" lon="-3.0536710">
    <ele>763.3</ele>
   </trkpt>
   <trkpt lat="40.6080310" lon="-3.0536410">
    <ele>763.3</ele>
   </trkpt>
   <trkpt lat="40.6080050" lon="-3.0536070">
    <ele>763.3</ele>
   </trkpt>
   <trkpt lat="40.6079750" lon="-3.0535710">
    <ele>763.3</ele>
   </trkpt>
   <trkpt lat="40.6079520" lon="-3.0535410">
    <ele>763.3</ele>
   </trkpt>
   <trkpt lat="40.6079280" lon="-3.0535030">
    <ele>763.3</ele>
   </trkpt>
   <trkpt lat="40.6078950" lon="-3.0534620">
    <ele>763.2</ele>
   </trkpt>
   <trkpt lat="40.6078620" lon="-3.0534250">
    <ele>763.1</ele>
   </trkpt>
   <trkpt lat="40.6078270" lon="-3.0533670">
    <ele>763.0</ele>
   </trkpt>
   <trkpt lat="40.6078010" lon="-3.0533100">
    <ele>762.8</ele>
   </trkpt>
   <trkpt lat="40.6077710" lon="-3.0532550">
    <ele>762.7</ele>
   </trkpt>
   <trkpt lat="40.6077350" lon="-3.0531910">
    <ele>762.5</ele>
   </trkpt>
   <trkpt lat="40.6076980" lon="-3.0531220">
    <ele>762.3</ele>
   </trkpt>
   <trkpt lat="40.6076650" lon="-3.0530550">
    <ele>762.2</ele>
   </trkpt>
   <trkpt lat="40.6076290" lon="-3.0529900">
    <ele>762.1</ele>
   </trkpt>
   <trkpt lat="40.6075900" lon="-3.0529290">
    <ele>762.0</ele>
   </trkpt>
   <trkpt lat="40.6075570" lon="-3.0528760">
    <ele>761.9</ele>
   </trkpt>
   <trkpt lat="40.6075240" lon="-3.0528300">
    <ele>761.9</ele>
   </trkpt>
   <trkpt lat="40.6074870" lon="-3.0527830">
    <ele>762.0</ele>
   </trkpt>
   <trkpt lat="40.6074430" lon="-3.0527270">
    <ele>762.0</ele>
   </trkpt>
   <trkpt lat="40.6074120" lon="-3.0526640">
    <ele>762.1</ele>
   </trkpt>
   <trkpt lat="40.6073740" lon="-3.0526040">
    <ele>762.2</ele>
   </trkpt>
   <trkpt lat="40.6073310" lon="-3.0525450">
    <ele>762.3</ele>
   </trkpt>
   <trkpt lat="40.6072970" lon="-3.0524990">
    <ele>762.4</ele>
   </trkpt>
   <trkpt lat="40.6072650" lon="-3.0524610">
    <ele>762.5</ele>
   </trkpt>
   <trkpt lat="40.6072310" lon="-3.0524150">
    <ele>762.6</ele>
   </trkpt>
   <trkpt lat="40.6072030" lon="-3.0523670">
    <ele>762.6</ele>
   </trkpt>
   <trkpt lat="40.6071690" lon="-3.0523130">
    <ele>762.7</ele>
   </trkpt>
   <trkpt lat="40.6071330" lon="-3.0522660">
    <ele>762.8</ele>
   </trkpt>
   <trkpt lat="40.6070990" lon="-3.0522240">
    <ele>762.8</ele>
   </trkpt>
   <trkpt lat="40.6070670" lon="-3.0521750">
    <ele>762.9</ele>
   </trkpt>
   <trkpt lat="40.6070320" lon="-3.0521210">
    <ele>763.0</ele>
   </trkpt>
   <trkpt lat="40.6070000" lon="-3.0520650">
    <ele>763.1</ele>
   </trkpt>
   <trkpt lat="40.6069690" lon="-3.0520080">
    <ele>763.1</ele>
   </trkpt>
   <trkpt lat="40.6069370" lon="-3.0519490">
    <ele>763.2</ele>
   </trkpt>
   <trkpt lat="40.6069060" lon="-3.0518950">
    <ele>763.3</ele>
   </trkpt>
   <trkpt lat="40.6068780" lon="-3.0518390">
    <ele>763.4</ele>
   </trkpt>
   <trkpt lat="40.6068520" lon="-3.0517920">
    <ele>763.4</ele>
   </trkpt>
   <trkpt lat="40.6068310" lon="-3.0517530">
    <ele>763.5</ele>
   </trkpt>
   <trkpt lat="40.6068020" lon="-3.0517030">
    <ele>763.6</ele>
   </trkpt>
   <trkpt lat="40.6067680" lon="-3.0516520">
    <ele>763.7</ele>
   </trkpt>
   <trkpt lat="40.6067370" lon="-3.0515960">
    <ele>763.8</ele>
   </trkpt>
   <trkpt lat="40.6067090" lon="-3.0515380">
    <ele>764.0</ele>
   </trkpt>
   <trkpt lat="40.6066830" lon="-3.0514830">
    <ele>764.2</ele>
   </trkpt>
   <trkpt lat="40.6066590" lon="-3.0514290">
    <ele>764.4</ele>
   </trkpt>
   <trkpt lat="40.6066290" lon="-3.0513760">
    <ele>764.6</ele>
   </trkpt>
   <trkpt lat="40.6065990" lon="-3.0513200">
    <ele>764.9</ele>
   </trkpt>
   <trkpt lat="40.6065780" lon="-3.0512640">
    <ele>765.2</ele>
   </trkpt>
   <trkpt lat="40.6065550" lon="-3.0512060">
    <ele>765.6</ele>
   </trkpt>
   <trkpt lat="40.6065350" lon="-3.0511690">
    <ele>765.8</ele>
   </trkpt>
   <trkpt lat="40.6065160" lon="-3.0511340">
    <ele>766.1</ele>
   </trkpt>
   <trkpt lat="40.6065000" lon="-3.0511020">
    <ele>766.3</ele>
   </trkpt>
   <trkpt lat="40.6064810" lon="-3.0510720">
    <ele>766.5</ele>
   </trkpt>
   <trkpt lat="40.6064620" lon="-3.0510480">
    <ele>766.8</ele>
   </trkpt>
   <trkpt lat="40.6064330" lon="-3.0510170">
    <ele>767.1</ele>
   </trkpt>
   <trkpt lat="40.6064220" lon="-3.0510060">
    <ele>767.2</ele>
   </trkpt>
   <trkpt lat="40.6063980" lon="-3.0509890">
    <ele>767.5</ele>
   </trkpt>
   <trkpt lat="40.6063640" lon="-3.0509880">
    <ele>767.8</ele>
   </trkpt>
   <trkpt lat="40.6063520" lon="-3.0509890">
    <ele>767.9</ele>
   </trkpt>
   <trkpt lat="40.6063150" lon="-3.0510020">
    <ele>768.3</ele>
   </trkpt>
   <trkpt lat="40.6063020" lon="-3.0510080">
    <ele>768.4</ele>
   </trkpt>
   <trkpt lat="40.6062670" lon="-3.0510080">
    <ele>768.7</ele>
   </trkpt>
   <trkpt lat="40.6062400" lon="-3.0510120">
    <ele>768.9</ele>
   </trkpt>
   <trkpt lat="40.6062080" lon="-3.0510220">
    <ele>769.2</ele>
   </trkpt>
   <trkpt lat="40.6061750" lon="-3.0510460">
    <ele>769.6</ele>
   </trkpt>
   <trkpt lat="40.6061610" lon="-3.0510490">
    <ele>769.7</ele>
   </trkpt>
   <trkpt lat="40.6061380" lon="-3.0510280">
    <ele>769.9</ele>
   </trkpt>
   <trkpt lat="40.6061340" lon="-3.0510140">
    <ele>770.0</ele>
   </trkpt>
   <trkpt lat="40.6061540" lon="-3.0509820">
    <ele>769.9</ele>
   </trkpt>
   <trkpt lat="40.6061650" lon="-3.0509750">
    <ele>769.8</ele>
   </trkpt>
   <trkpt lat="40.6061950" lon="-3.0509680">
    <ele>769.6</ele>
   </trkpt>
   <trkpt lat="40.6062270" lon="-3.0509570">
    <ele>769.4</ele>
   </trkpt>
   <trkpt lat="40.6062620" lon="-3.0509400">
    <ele>769.1</ele>
   </trkpt>
   <trkpt lat="40.6063030" lon="-3.0509250">
    <ele>768.8</ele>
   </trkpt>
   <trkpt lat="40.6063370" lon="-3.0509040">
    <ele>768.5</ele>
   </trkpt>
   <trkpt lat="40.6063680" lon="-3.0508780">
    <ele>768.2</ele>
   </trkpt>
   <trkpt lat="40.6064010" lon="-3.0508450">
    <ele>767.9</ele>
   </trkpt>
   <trkpt lat="40.6064430" lon="-3.0507910">
    <ele>767.5</ele>
   </trkpt>
   <trkpt lat="40.6064790" lon="-3.0507350">
    <ele>767.2</ele>
   </trkpt>
   <trkpt lat="40.6065090" lon="-3.0506700">
    <ele>766.8</ele>
   </trkpt>
   <trkpt lat="40.6065350" lon="-3.0505960">
    <ele>766.3</ele>
   </trkpt>
   <trkpt lat="40.6065510" lon="-3.0505220">
    <ele>765.9</ele>
   </trkpt>
   <trkpt lat="40.6065690" lon="-3.0504440">
    <ele>765.5</ele>
   </trkpt>
   <trkpt lat="40.6065940" lon="-3.0503650">
    <ele>765.1</ele>
   </trkpt>
   <trkpt lat="40.6066210" lon="-3.0502820">
    <ele>764.7</ele>
   </trkpt>
   <trkpt lat="40.6066600" lon="-3.0501910">
    <ele>764.3</ele>
   </trkpt>
   <trkpt lat="40.6066970" lon="-3.0500990">
    <ele>763.9</ele>
   </trkpt>
   <trkpt lat="40.6067240" lon="-3.0499950">
    <ele>763.6</ele>
   </trkpt>
   <trkpt lat="40.6067450" lon="-3.0498890">
    <ele>763.3</ele>
   </trkpt>
   <trkpt lat="40.6067620" lon="-3.0497860">
    <ele>763.0</ele>
   </trkpt>
   <trkpt lat="40.6067660" lon="-3.0497030">
    <ele>762.8</ele>
   </trkpt>
   <trkpt lat="40.6067640" lon="-3.0496400">
    <ele>762.6</ele>
   </trkpt>
   <trkpt lat="40.6067590" lon="-3.0495950">
    <ele>762.5</ele>
   </trkpt>
   <trkpt lat="40.6067580" lon="-3.0495850">
    <ele>762.5</ele>
   </trkpt>
   <trkpt lat="40.6067570" lon="-3.0495760">
    <ele>762.4</ele>
   </trkpt>
   <trkpt lat="40.6067550" lon="-3.0495690">
    <ele>762.4</ele>
   </trkpt>
   <trkpt lat="40.6067530" lon="-3.0495620">
    <ele>762.4</ele>
   </trkpt>
   <trkpt lat="40.6067510" lon="-3.0495550">
    <ele>762.4</ele>
   </trkpt>
   <trkpt lat="40.6067480" lon="-3.0495490">
    <ele>762.3</ele>
   </trkpt>
   <trkpt lat="40.6067460" lon="-3.0495420">
    <ele>762.3</ele>
   </trkpt>
   <trkpt lat="40.6067440" lon="-3.0495350">
    <ele>762.3</ele>
   </trkpt>
   <trkpt lat="40.6067420" lon="-3.0495280">
    <ele>762.3</ele>
   </trkpt>
   <trkpt lat="40.6067400" lon="-3.0495210">
    <ele>762.3</ele>
   </trkpt>
   <trkpt lat="40.6067440" lon="-3.0494840">
    <ele>762.2</ele>
   </trkpt>
   <trkpt lat="40.6067410" lon="-3.0494420">
    <ele>762.0</ele>
   </trkpt>
   <trkpt lat="40.6067320" lon="-3.0493880">
    <ele>761.9</ele>
   </trkpt>
   <trkpt lat="40.6067250" lon="-3.0493200">
    <ele>761.7</ele>
   </trkpt>
   <trkpt lat="40.6067160" lon="-3.0492590">
    <ele>761.5</ele>
   </trkpt>
   <trkpt lat="40.6067070" lon="-3.0491910">
    <ele>761.4</ele>
   </trkpt>
   <trkpt lat="40.6066920" lon="-3.0491260">
    <ele>761.2</ele>
   </trkpt>
   <trkpt lat="40.6066740" lon="-3.0490590">
    <ele>761.0</ele>
   </trkpt>
   <trkpt lat="40.6066550" lon="-3.0489840">
    <ele>760.8</ele>
   </trkpt>
   <trkpt lat="40.6066400" lon="-3.0489010">
    <ele>760.6</ele>
   </trkpt>
   <trkpt lat="40.6066230" lon="-3.0488200">
    <ele>760.4</ele>
   </trkpt>
   <trkpt lat="40.6066070" lon="-3.0487330">
    <ele>760.2</ele>
   </trkpt>
   <trkpt lat="40.6065850" lon="-3.0486400">
    <ele>760.0</ele>
   </trkpt>
   <trkpt lat="40.6065590" lon="-3.0485430">
    <ele>759.7</ele>
   </trkpt>
   <trkpt lat="40.6065330" lon="-3.0484430">
    <ele>759.4</ele>
   </trkpt>
   <trkpt lat="40.6065030" lon="-3.0483440">
    <ele>759.1</ele>
   </trkpt>
   <trkpt lat="40.6064850" lon="-3.0482380">
    <ele>758.9</ele>
   </trkpt>
   <trkpt lat="40.6064620" lon="-3.0481230">
    <ele>758.7</ele>
   </trkpt>
   <trkpt lat="40.6064460" lon="-3.0480140">
    <ele>758.5</ele>
   </trkpt>
   <trkpt lat="40.6064280" lon="-3.0479190">
    <ele>758.4</ele>
   </trkpt>
   <trkpt lat="40.6064060" lon="-3.0478220">
    <ele>758.3</ele>
   </trkpt>
   <trkpt lat="40.6063840" lon="-3.0477220">
    <ele>758.2</ele>
   </trkpt>
   <trkpt lat="40.6063660" lon="-3.0476220">
    <ele>758.0</ele>
   </trkpt>
   <trkpt lat="40.6063490" lon="-3.0475270">
    <ele>758.0</ele>
   </trkpt>
   <trkpt lat="40.6063340" lon="-3.0474370">
    <ele>757.9</ele>
   </trkpt>
   <trkpt lat="40.6063150" lon="-3.0473580">
    <ele>757.8</ele>
   </trkpt>
   <trkpt lat="40.6062960" lon="-3.0472720">
    <ele>757.8</ele>
   </trkpt>
   <trkpt lat="40.6062800" lon="-3.0471840">
    <ele>757.7</ele>
   </trkpt>
   <trkpt lat="40.6062640" lon="-3.0470940">
    <ele>757.7</ele>
   </trkpt>
   <trkpt lat="40.6062490" lon="-3.0470170">
    <ele>757.6</ele>
   </trkpt>
   <trkpt lat="40.6062360" lon="-3.0469380">
    <ele>757.5</ele>
   </trkpt>
   <trkpt lat="40.6062150" lon="-3.0468770">
    <ele>757.5</ele>
   </trkpt>
   <trkpt lat="40.6061830" lon="-3.0468200">
    <ele>757.5</ele>
   </trkpt>
   <trkpt lat="40.6061500" lon="-3.0467420">
    <ele>757.4</ele>
   </trkpt>
   <trkpt lat="40.6061270" lon="-3.0466480">
    <ele>757.3</ele>
   </trkpt>
   <trkpt lat="40.6061200" lon="-3.0465750">
    <ele>757.3</ele>
   </trkpt>
   <trkpt lat="40.6060990" lon="-3.0464880">
    <ele>757.2</ele>
   </trkpt>
   <trkpt lat="40.6060920" lon="-3.0464040">
    <ele>757.2</ele>
   </trkpt>
   <trkpt lat="40.6060780" lon="-3.0463160">
    <ele>757.1</ele>
   </trkpt>
   <trkpt lat="40.6060660" lon="-3.0462290">
    <ele>757.0</ele>
   </trkpt>
   <trkpt lat="40.6060540" lon="-3.0461420">
    <ele>757.0</ele>
   </trkpt>
   <trkpt lat="40.6060390" lon="-3.0460570">
    <ele>756.9</ele>
   </trkpt>
   <trkpt lat="40.6060250" lon="-3.0459700">
    <ele>756.8</ele>
   </trkpt>
   <trkpt lat="40.6060100" lon="-3.0458870">
    <ele>756.8</ele>
   </trkpt>
   <trkpt lat="40.6059890" lon="-3.0458000">
    <ele>756.7</ele>
   </trkpt>
   <trkpt lat="40.6059660" lon="-3.0457100">
    <ele>756.6</ele>
   </trkpt>
   <trkpt lat="40.6059490" lon="-3.0456200">
    <ele>756.6</ele>
   </trkpt>
   <trkpt lat="40.6059280" lon="-3.0455310">
    <ele>756.5</ele>
   </trkpt>
   <trkpt lat="40.6059090" lon="-3.0454400">
    <ele>756.4</ele>
   </trkpt>
   <trkpt lat="40.6058950" lon="-3.0453570">
    <ele>756.3</ele>
   </trkpt>
   <trkpt lat="40.6058820" lon="-3.0452660">
    <ele>756.2</ele>
   </trkpt>
   <trkpt lat="40.6058680" lon="-3.0451800">
    <ele>756.2</ele>
   </trkpt>
   <trkpt lat="40.6058510" lon="-3.0450950">
    <ele>756.1</ele>
   </trkpt>
   <trkpt lat="40.6058320" lon="-3.0450120">
    <ele>756.0</ele>
   </trkpt>
   <trkpt lat="40.6058130" lon="-3.0449250">
    <ele>756.0</ele>
   </trkpt>
   <trkpt lat="40.6057940" lon="-3.0448440">
    <ele>755.9</ele>
   </trkpt>
   <trkpt lat="40.6057740" lon="-3.0447550">
    <ele>755.8</ele>
   </trkpt>
   <trkpt lat="40.6057490" lon="-3.0446680">
    <ele>755.7</ele>
   </trkpt>
   <trkpt lat="40.6057210" lon="-3.0445850">
    <ele>755.6</ele>
   </trkpt>
   <trkpt lat="40.6056940" lon="-3.0445050">
    <ele>755.5</ele>
   </trkpt>
   <trkpt lat="40.6056600" lon="-3.0444220">
    <ele>755.4</ele>
   </trkpt>
   <trkpt lat="40.6056280" lon="-3.0443400">
    <ele>755.3</ele>
   </trkpt>
   <trkpt lat="40.6055870" lon="-3.0442650">
    <ele>755.2</ele>
   </trkpt>
   <trkpt lat="40.6055500" lon="-3.0441930">
    <ele>755.1</ele>
   </trkpt>
   <trkpt lat="40.6055090" lon="-3.0441200">
    <ele>755.0</ele>
   </trkpt>
   <trkpt lat="40.6054660" lon="-3.0440440">
    <ele>755.0</ele>
   </trkpt>
   <trkpt lat="40.6054180" lon="-3.0439760">
    <ele>754.9</ele>
   </trkpt>
   <trkpt lat="40.6053640" lon="-3.0439140">
    <ele>754.8</ele>
   </trkpt>
   <trkpt lat="40.6053140" lon="-3.0438520">
    <ele>754.7</ele>
   </trkpt>
   <trkpt lat="40.6052710" lon="-3.0437820">
    <ele>754.6</ele>
   </trkpt>
   <trkpt lat="40.6052230" lon="-3.0437180">
    <ele>754.5</ele>
   </trkpt>
   <trkpt lat="40.6051780" lon="-3.0436560">
    <ele>754.4</ele>
   </trkpt>
   <trkpt lat="40.6051360" lon="-3.0435870">
    <ele>754.3</ele>
   </trkpt>
   <trkpt lat="40.6050860" lon="-3.0435240">
    <ele>754.2</ele>
   </trkpt>
   <trkpt lat="40.6050400" lon="-3.0434590">
    <ele>754.1</ele>
   </trkpt>
   <trkpt lat="40.6050030" lon="-3.0434000">
    <ele>754.0</ele>
   </trkpt>
   <trkpt lat="40.6049640" lon="-3.0433360">
    <ele>753.9</ele>
   </trkpt>
   <trkpt lat="40.6049180" lon="-3.0432620">
    <ele>753.9</ele>
   </trkpt>
   <trkpt lat="40.6048620" lon="-3.0432010">
    <ele>753.8</ele>
   </trkpt>
   <trkpt lat="40.6048150" lon="-3.0431370">
    <ele>753.7</ele>
   </trkpt>
   <trkpt lat="40.6047680" lon="-3.0430770">
    <ele>753.6</ele>
   </trkpt>
   <trkpt lat="40.6047230" lon="-3.0430040">
    <ele>753.6</ele>
   </trkpt>
   <trkpt lat="40.6046810" lon="-3.0429300">
    <ele>753.5</ele>
   </trkpt>
   <trkpt lat="40.6046330" lon="-3.0428650">
    <ele>753.4</ele>
   </trkpt>
   <trkpt lat="40.6045880" lon="-3.0427970">
    <ele>753.3</ele>
   </trkpt>
   <trkpt lat="40.6045410" lon="-3.0427240">
    <ele>753.3</ele>
   </trkpt>
   <trkpt lat="40.6044880" lon="-3.0426610">
    <ele>753.2</ele>
   </trkpt>
   <trkpt lat="40.6044310" lon="-3.0426060">
    <ele>753.1</ele>
   </trkpt>
   <trkpt lat="40.6043760" lon="-3.0425560">
    <ele>753.0</ele>
   </trkpt>
   <trkpt lat="40.6043250" lon="-3.0424990">
    <ele>753.0</ele>
   </trkpt>
   <trkpt lat="40.6042680" lon="-3.0424520">
    <ele>752.9</ele>
   </trkpt>
   <trkpt lat="40.6042150" lon="-3.0424110">
    <ele>752.9</ele>
   </trkpt>
   <trkpt lat="40.6041580" lon="-3.0423840">
    <ele>752.8</ele>
   </trkpt>
   <trkpt lat="40.6040980" lon="-3.0423560">
    <ele>752.8</ele>
   </trkpt>
   <trkpt lat="40.6040320" lon="-3.0423230">
    <ele>752.7</ele>
   </trkpt>
   <trkpt lat="40.6039760" lon="-3.0422880">
    <ele>752.6</ele>
   </trkpt>
   <trkpt lat="40.6039210" lon="-3.0422510">
    <ele>752.6</ele>
   </trkpt>
   <trkpt lat="40.6038650" lon="-3.0422210">
    <ele>752.5</ele>
   </trkpt>
   <trkpt lat="40.6038080" lon="-3.0421850">
    <ele>752.4</ele>
   </trkpt>
   <trkpt lat="40.6037520" lon="-3.0421480">
    <ele>752.4</ele>
   </trkpt>
   <trkpt lat="40.6036890" lon="-3.0421280">
    <ele>752.3</ele>
   </trkpt>
   <trkpt lat="40.6036380" lon="-3.0421060">
    <ele>752.2</ele>
   </trkpt>
   <trkpt lat="40.6035820" lon="-3.0420830">
    <ele>752.1</ele>
   </trkpt>
   <trkpt lat="40.6035190" lon="-3.0420500">
    <ele>752.1</ele>
   </trkpt>
   <trkpt lat="40.6034510" lon="-3.0420210">
    <ele>752.1</ele>
   </trkpt>
   <trkpt lat="40.6033830" lon="-3.0419900">
    <ele>752.0</ele>
   </trkpt>
   <trkpt lat="40.6033180" lon="-3.0419640">
    <ele>751.9</ele>
   </trkpt>
   <trkpt lat="40.6032510" lon="-3.0419430">
    <ele>751.9</ele>
   </trkpt>
   <trkpt lat="40.6031860" lon="-3.0419150">
    <ele>751.9</ele>
   </trkpt>
   <trkpt lat="40.6031230" lon="-3.0418850">
    <ele>751.8</ele>
   </trkpt>
   <trkpt lat="40.6030570" lon="-3.0418630">
    <ele>751.7</ele>
   </trkpt>
   <trkpt lat="40.6029980" lon="-3.0418420">
    <ele>751.7</ele>
   </trkpt>
   <trkpt lat="40.6029350" lon="-3.0418260">
    <ele>751.6</ele>
   </trkpt>
   <trkpt lat="40.6028710" lon="-3.0418000">
    <ele>751.5</ele>
   </trkpt>
   <trkpt lat="40.6028100" lon="-3.0417700">
    <ele>751.5</ele>
   </trkpt>
   <trkpt lat="40.6027530" lon="-3.0417420">
    <ele>751.4</ele>
   </trkpt>
   <trkpt lat="40.6026920" lon="-3.0417130">
    <ele>751.3</ele>
   </trkpt>
   <trkpt lat="40.6026290" lon="-3.0416820">
    <ele>751.3</ele>
   </trkpt>
   <trkpt lat="40.6025620" lon="-3.0416530">
    <ele>751.2</ele>
   </trkpt>
   <trkpt lat="40.6024930" lon="-3.0416170">
    <ele>751.1</ele>
   </trkpt>
   <trkpt lat="40.6024220" lon="-3.0415820">
    <ele>751.0</ele>
   </trkpt>
   <trkpt lat="40.6023640" lon="-3.0415540">
    <ele>750.9</ele>
   </trkpt>
   <trkpt lat="40.6023020" lon="-3.0415280">
    <ele>750.8</ele>
   </trkpt>
   <trkpt lat="40.6022460" lon="-3.0414950">
    <ele>750.7</ele>
   </trkpt>
   <trkpt lat="40.6021870" lon="-3.0414580">
    <ele>750.6</ele>
   </trkpt>
   <trkpt lat="40.6021270" lon="-3.0414120">
    <ele>750.5</ele>
   </trkpt>
   <trkpt lat="40.6020670" lon="-3.0413670">
    <ele>750.5</ele>
   </trkpt>
   <trkpt lat="40.6020050" lon="-3.0413240">
    <ele>750.4</ele>
   </trkpt>
   <trkpt lat="40.6019460" lon="-3.0412860">
    <ele>750.3</ele>
   </trkpt>
   <trkpt lat="40.6018900" lon="-3.0412510">
    <ele>750.3</ele>
   </trkpt>
   <trkpt lat="40.6018410" lon="-3.0412040">
    <ele>750.2</ele>
   </trkpt>
   <trkpt lat="40.6017920" lon="-3.0411480">
    <ele>750.1</ele>
   </trkpt>
   <trkpt lat="40.6017450" lon="-3.0410990">
    <ele>750.0</ele>
   </trkpt>
   <trkpt lat="40.6017060" lon="-3.0410500">
    <ele>749.8</ele>
   </trkpt>
   <trkpt lat="40.6016630" lon="-3.0410000">
    <ele>749.7</ele>
   </trkpt>
   <trkpt lat="40.6016170" lon="-3.0409440">
    <ele>749.5</ele>
   </trkpt>
   <trkpt lat="40.6015680" lon="-3.0408810">
    <ele>749.4</ele>
   </trkpt>
   <trkpt lat="40.6015170" lon="-3.0408220">
    <ele>749.2</ele>
   </trkpt>
   <trkpt lat="40.6014690" lon="-3.0407690">
    <ele>749.1</ele>
   </trkpt>
   <trkpt lat="40.6014190" lon="-3.0407170">
    <ele>749.0</ele>
   </trkpt>
   <trkpt lat="40.6013690" lon="-3.0406600">
    <ele>749.0</ele>
   </trkpt>
   <trkpt lat="40.6013210" lon="-3.0406070">
    <ele>748.9</ele>
   </trkpt>
   <trkpt lat="40.6012740" lon="-3.0405550">
    <ele>748.8</ele>
   </trkpt>
   <trkpt lat="40.6012270" lon="-3.0405030">
    <ele>748.7</ele>
   </trkpt>
   <trkpt lat="40.6011770" lon="-3.0404420">
    <ele>748.6</ele>
   </trkpt>
   <trkpt lat="40.6011250" lon="-3.0403900">
    <ele>748.5</ele>
   </trkpt>
   <trkpt lat="40.6010710" lon="-3.0403310">
    <ele>748.4</ele>
   </trkpt>
   <trkpt lat="40.6010200" lon="-3.0402720">
    <ele>748.2</ele>
   </trkpt>
   <trkpt lat="40.6009640" lon="-3.0402110">
    <ele>748.1</ele>
   </trkpt>
   <trkpt lat="40.6009100" lon="-3.0401650">
    <ele>748.0</ele>
   </trkpt>
   <trkpt lat="40.6008490" lon="-3.0401170">
    <ele>747.8</ele>
   </trkpt>
   <trkpt lat="40.6007980" lon="-3.0400440">
    <ele>747.7</ele>
   </trkpt>
   <trkpt lat="40.6007440" lon="-3.0399780">
    <ele>747.6</ele>
   </trkpt>
   <trkpt lat="40.6006960" lon="-3.0399170">
    <ele>747.5</ele>
   </trkpt>
   <trkpt lat="40.6006510" lon="-3.0398640">
    <ele>747.4</ele>
   </trkpt>
   <trkpt lat="40.6006010" lon="-3.0397920">
    <ele>747.3</ele>
   </trkpt>
   <trkpt lat="40.6005440" lon="-3.0397320">
    <ele>747.2</ele>
   </trkpt>
   <trkpt lat="40.6004920" lon="-3.0396710">
    <ele>747.1</ele>
   </trkpt>
   <trkpt lat="40.6004330" lon="-3.0396060">
    <ele>747.0</ele>
   </trkpt>
   <trkpt lat="40.6003850" lon="-3.0395380">
    <ele>746.9</ele>
   </trkpt>
   <trkpt lat="40.6003330" lon="-3.0394760">
    <ele>746.8</ele>
   </trkpt>
   <trkpt lat="40.6002770" lon="-3.0394180">
    <ele>746.6</ele>
   </trkpt>
   <trkpt lat="40.6002240" lon="-3.0393620">
    <ele>746.5</ele>
   </trkpt>
   <trkpt lat="40.6001710" lon="-3.0392990">
    <ele>746.4</ele>
   </trkpt>
   <trkpt lat="40.6001160" lon="-3.0392460">
    <ele>746.3</ele>
   </trkpt>
   <trkpt lat="40.6000590" lon="-3.0391920">
    <ele>746.2</ele>
   </trkpt>
   <trkpt lat="40.6000000" lon="-3.0391340">
    <ele>746.0</ele>
   </trkpt>
   <trkpt lat="40.5999490" lon="-3.0390780">
    <ele>745.9</ele>
   </trkpt>
   <trkpt lat="40.5998960" lon="-3.0390190">
    <ele>745.8</ele>
   </trkpt>
   <trkpt lat="40.5998380" lon="-3.0389670">
    <ele>745.7</ele>
   </trkpt>
   <trkpt lat="40.5997810" lon="-3.0388980">
    <ele>745.6</ele>
   </trkpt>
   <trkpt lat="40.5997240" lon="-3.0388330">
    <ele>745.5</ele>
   </trkpt>
   <trkpt lat="40.5996690" lon="-3.0387570">
    <ele>745.3</ele>
   </trkpt>
   <trkpt lat="40.5996140" lon="-3.0386970">
    <ele>745.2</ele>
   </trkpt>
   <trkpt lat="40.5995530" lon="-3.0386390">
    <ele>745.1</ele>
   </trkpt>
   <trkpt lat="40.5994960" lon="-3.0385790">
    <ele>745.0</ele>
   </trkpt>
   <trkpt lat="40.5994390" lon="-3.0385180">
    <ele>745.0</ele>
   </trkpt>
   <trkpt lat="40.5993810" lon="-3.0384540">
    <ele>744.9</ele>
   </trkpt>
   <trkpt lat="40.5993290" lon="-3.0383930">
    <ele>744.8</ele>
   </trkpt>
   <trkpt lat="40.5992770" lon="-3.0383400">
    <ele>744.8</ele>
   </trkpt>
   <trkpt lat="40.5992240" lon="-3.0382860">
    <ele>744.7</ele>
   </trkpt>
   <trkpt lat="40.5991620" lon="-3.0382400">
    <ele>744.7</ele>
   </trkpt>
   <trkpt lat="40.5991020" lon="-3.0382040">
    <ele>744.6</ele>
   </trkpt>
   <trkpt lat="40.5990360" lon="-3.0381730">
    <ele>744.6</ele>
   </trkpt>
   <trkpt lat="40.5989630" lon="-3.0381650">
    <ele>744.6</ele>
   </trkpt>
   <trkpt lat="40.5988850" lon="-3.0381700">
    <ele>744.5</ele>
   </trkpt>
   <trkpt lat="40.5988130" lon="-3.0381830">
    <ele>744.5</ele>
   </trkpt>
   <trkpt lat="40.5987490" lon="-3.0381980">
    <ele>744.4</ele>
   </trkpt>
   <trkpt lat="40.5986870" lon="-3.0382260">
    <ele>744.4</ele>
   </trkpt>
   <trkpt lat="40.5986240" lon="-3.0382520">
    <ele>744.4</ele>
   </trkpt>
   <trkpt lat="40.5985610" lon="-3.0382700">
    <ele>744.3</ele>
   </trkpt>
   <trkpt lat="40.5984990" lon="-3.0382860">
    <ele>744.3</ele>
   </trkpt>
   <trkpt lat="40.5984340" lon="-3.0383020">
    <ele>744.3</ele>
   </trkpt>
   <trkpt lat="40.5983750" lon="-3.0383160">
    <ele>744.2</ele>
   </trkpt>
   <trkpt lat="40.5983150" lon="-3.0383330">
    <ele>744.2</ele>
   </trkpt>
   <trkpt lat="40.5982580" lon="-3.0383480">
    <ele>744.1</ele>
   </trkpt>
   <trkpt lat="40.5981920" lon="-3.0383590">
    <ele>744.1</ele>
   </trkpt>
   <trkpt lat="40.5981360" lon="-3.0383590">
    <ele>744.0</ele>
   </trkpt>
   <trkpt lat="40.5980970" lon="-3.0383650">
    <ele>744.0</ele>
   </trkpt>
   <trkpt lat="40.5980500" lon="-3.0383750">
    <ele>743.9</ele>
   </trkpt>
   <trkpt lat="40.5979930" lon="-3.0383970">
    <ele>743.9</ele>
   </trkpt>
   <trkpt lat="40.5979360" lon="-3.0384200">
    <ele>743.8</ele>
   </trkpt>
   <trkpt lat="40.5978730" lon="-3.0384280">
    <ele>743.7</ele>
   </trkpt>
   <trkpt lat="40.5978200" lon="-3.0384410">
    <ele>743.7</ele>
   </trkpt>
   <trkpt lat="40.5977710" lon="-3.0384470">
    <ele>743.6</ele>
   </trkpt>
   <trkpt lat="40.5977100" lon="-3.0384470">
    <ele>743.6</ele>
   </trkpt>
   <trkpt lat="40.5976500" lon="-3.0384690">
    <ele>743.5</ele>
   </trkpt>
   <trkpt lat="40.5976020" lon="-3.0384730">
    <ele>743.5</ele>
   </trkpt>
   <trkpt lat="40.5975620" lon="-3.0384790">
    <ele>743.4</ele>
   </trkpt>
   <trkpt lat="40.5975260" lon="-3.0384940">
    <ele>743.4</ele>
   </trkpt>
   <trkpt lat="40.5974800" lon="-3.0385150">
    <ele>743.4</ele>
   </trkpt>
   <trkpt lat="40.5974000" lon="-3.0385200">
    <ele>743.3</ele>
   </trkpt>
   <trkpt lat="40.5973280" lon="-3.0385260">
    <ele>743.3</ele>
   </trkpt>
   <trkpt lat="40.5972620" lon="-3.0385270">
    <ele>743.2</ele>
   </trkpt>
   <trkpt lat="40.5971960" lon="-3.0385240">
    <ele>743.2</ele>
   </trkpt>
   <trkpt lat="40.5971280" lon="-3.0385090">
    <ele>743.1</ele>
   </trkpt>
   <trkpt lat="40.5970690" lon="-3.0384980">
    <ele>743.1</ele>
   </trkpt>
   <trkpt lat="40.5970110" lon="-3.0384760">
    <ele>743.1</ele>
   </trkpt>
   <trkpt lat="40.5969550" lon="-3.0384630">
    <ele>743.0</ele>
   </trkpt>
   <trkpt lat="40.5968930" lon="-3.0384380">
    <ele>743.0</ele>
   </trkpt>
   <trkpt lat="40.5968320" lon="-3.0384050">
    <ele>743.0</ele>
   </trkpt>
   <trkpt lat="40.5967710" lon="-3.0383750">
    <ele>743.0</ele>
   </trkpt>
   <trkpt lat="40.5967170" lon="-3.0383590">
    <ele>743.0</ele>
   </trkpt>
   <trkpt lat="40.5966640" lon="-3.0383180">
    <ele>743.0</ele>
   </trkpt>
   <trkpt lat="40.5966120" lon="-3.0382790">
    <ele>743.0</ele>
   </trkpt>
   <trkpt lat="40.5965590" lon="-3.0382600">
    <ele>743.0</ele>
   </trkpt>
   <trkpt lat="40.5965110" lon="-3.0382450">
    <ele>743.0</ele>
   </trkpt>
   <trkpt lat="40.5964520" lon="-3.0382250">
    <ele>743.0</ele>
   </trkpt>
   <trkpt lat="40.5963970" lon="-3.0382040">
    <ele>742.9</ele>
   </trkpt>
   <trkpt lat="40.5963360" lon="-3.0381710">
    <ele>742.9</ele>
   </trkpt>
   <trkpt lat="40.5962780" lon="-3.0381330">
    <ele>742.8</ele>
   </trkpt>
   <trkpt lat="40.5962160" lon="-3.0380900">
    <ele>742.7</ele>
   </trkpt>
   <trkpt lat="40.5961580" lon="-3.0380540">
    <ele>742.7</ele>
   </trkpt>
   <trkpt lat="40.5960970" lon="-3.0380300">
    <ele>742.6</ele>
   </trkpt>
   <trkpt lat="40.5960280" lon="-3.0380060">
    <ele>742.5</ele>
   </trkpt>
   <trkpt lat="40.5959630" lon="-3.0379720">
    <ele>742.3</ele>
   </trkpt>
   <trkpt lat="40.5959020" lon="-3.0379400">
    <ele>742.2</ele>
   </trkpt>
   <trkpt lat="40.5958380" lon="-3.0379090">
    <ele>742.1</ele>
   </trkpt>
   <trkpt lat="40.5957750" lon="-3.0378750">
    <ele>742.0</ele>
   </trkpt>
   <trkpt lat="40.5957140" lon="-3.0378490">
    <ele>741.9</ele>
   </trkpt>
   <trkpt lat="40.5956460" lon="-3.0378190">
    <ele>741.8</ele>
   </trkpt>
   <trkpt lat="40.5955980" lon="-3.0377820">
    <ele>741.7</ele>
   </trkpt>
   <trkpt lat="40.5955420" lon="-3.0377490">
    <ele>741.6</ele>
   </trkpt>
   <trkpt lat="40.5954870" lon="-3.0377010">
    <ele>741.5</ele>
   </trkpt>
   <trkpt lat="40.5954270" lon="-3.0376450">
    <ele>741.4</ele>
   </trkpt>
   <trkpt lat="40.5953780" lon="-3.0375920">
    <ele>741.3</ele>
   </trkpt>
   <trkpt lat="40.5953330" lon="-3.0375440">
    <ele>741.2</ele>
   </trkpt>
   <trkpt lat="40.5952870" lon="-3.0374900">
    <ele>741.1</ele>
   </trkpt>
   <trkpt lat="40.5952500" lon="-3.0374340">
    <ele>741.0</ele>
   </trkpt>
   <trkpt lat="40.5952130" lon="-3.0373870">
    <ele>740.9</ele>
   </trkpt>
   <trkpt lat="40.5951790" lon="-3.0373180">
    <ele>740.9</ele>
   </trkpt>
   <trkpt lat="40.5951460" lon="-3.0372620">
    <ele>740.8</ele>
   </trkpt>
   <trkpt lat="40.5951140" lon="-3.0372000">
    <ele>740.8</ele>
   </trkpt>
   <trkpt lat="40.5950780" lon="-3.0371570">
    <ele>740.7</ele>
   </trkpt>
   <trkpt lat="40.5950590" lon="-3.0371000">
    <ele>740.7</ele>
   </trkpt>
   <trkpt lat="40.5950350" lon="-3.0370590">
    <ele>740.6</ele>
   </trkpt>
   <trkpt lat="40.5950230" lon="-3.0370430">
    <ele>740.6</ele>
   </trkpt>
   <trkpt lat="40.5949990" lon="-3.0370160">
    <ele>740.6</ele>
   </trkpt>
   <trkpt lat="40.5949950" lon="-3.0370110">
    <ele>740.6</ele>
   </trkpt>
   <trkpt lat="40.5949890" lon="-3.0370090">
    <ele>740.6</ele>
   </trkpt>
   <trkpt lat="40.5949870" lon="-3.0370070">
    <ele>740.6</ele>
   </trkpt>
   <trkpt lat="40.5949860" lon="-3.0370060">
    <ele>740.6</ele>
   </trkpt>
   <trkpt lat="40.5949850" lon="-3.0370050">
    <ele>740.6</ele>
   </trkpt>
   <trkpt lat="40.5949840" lon="-3.0370040">
    <ele>740.6</ele>
   </trkpt>
   <trkpt lat="40.5949820" lon="-3.0370020">
    <ele>740.6</ele>
   </trkpt>
   <trkpt lat="40.5949810" lon="-3.0370010">
    <ele>740.6</ele>
   </trkpt>
   <trkpt lat="40.5949800" lon="-3.0370000">
    <ele>740.6</ele>
   </trkpt>
   <trkpt lat="40.5949780" lon="-3.0369990">
    <ele>740.6</ele>
   </trkpt>
   <trkpt lat="40.5949770" lon="-3.0369970">
    <ele>740.6</ele>
   </trkpt>
   <trkpt lat="40.5949760" lon="-3.0369960">
    <ele>740.6</ele>
   </trkpt>
   <trkpt lat="40.5949740" lon="-3.0369950">
    <ele>740.6</ele>
   </trkpt>
   <trkpt lat="40.5949730" lon="-3.0369940">
    <ele>740.6</ele>
   </trkpt>
   <trkpt lat="40.5949720" lon="-3.0369920">
    <ele>740.6</ele>
   </trkpt>
   <trkpt lat="40.5949710" lon="-3.0369910">
    <ele>740.6</ele>
   </trkpt>
   <trkpt lat="40.5949690" lon="-3.0369900">
    <ele>740.6</ele>
   </trkpt>
   <trkpt lat="40.5949680" lon="-3.0369890">
    <ele>740.6</ele>
   </trkpt>
   <trkpt lat="40.5949670" lon="-3.0369870">
    <ele>740.6</ele>
   </trkpt>
   <trkpt lat="40.5949650" lon="-3.0369860">
    <ele>740.6</ele>
   </trkpt>
   <trkpt lat="40.5949640" lon="-3.0369850">
    <ele>740.6</ele>
   </trkpt>
   <trkpt lat="40.5949620" lon="-3.0369490">
    <ele>740.5</ele>
   </trkpt>
   <trkpt lat="40.5949450" lon="-3.0369150">
    <ele>740.5</ele>
   </trkpt>
   <trkpt lat="40.5949230" lon="-3.0368670">
    <ele>740.5</ele>
   </trkpt>
   <trkpt lat="40.5949080" lon="-3.0368270">
    <ele>740.4</ele>
   </trkpt>
   <trkpt lat="40.5948810" lon="-3.0367810">
    <ele>740.4</ele>
   </trkpt>
   <trkpt lat="40.5948540" lon="-3.0367320">
    <ele>740.3</ele>
   </trkpt>
   <trkpt lat="40.5948230" lon="-3.0366770">
    <ele>740.3</ele>
   </trkpt>
   <trkpt lat="40.5947920" lon="-3.0366100">
    <ele>740.2</ele>
   </trkpt>
   <trkpt lat="40.5947630" lon="-3.0365510">
    <ele>740.2</ele>
   </trkpt>
   <trkpt lat="40.5947290" lon="-3.0364900">
    <ele>740.2</ele>
   </trkpt>
   <trkpt lat="40.5946960" lon="-3.0364250">
    <ele>740.1</ele>
   </trkpt>
   <trkpt lat="40.5946630" lon="-3.0363540">
    <ele>740.1</ele>
   </trkpt>
   <trkpt lat="40.5946300" lon="-3.0362920">
    <ele>740.1</ele>
   </trkpt>
   <trkpt lat="40.5945960" lon="-3.0362230">
    <ele>740.1</ele>
   </trkpt>
   <trkpt lat="40.5945640" lon="-3.0361540">
    <ele>740.0</ele>
   </trkpt>
   <trkpt lat="40.5945290" lon="-3.0360870">
    <ele>740.0</ele>
   </trkpt>
   <trkpt lat="40.5944940" lon="-3.0360130">
    <ele>740.0</ele>
   </trkpt>
   <trkpt lat="40.5944620" lon="-3.0359450">
    <ele>740.0</ele>
   </trkpt>
   <trkpt lat="40.5944310" lon="-3.0358700">
    <ele>740.0</ele>
   </trkpt>
   <trkpt lat="40.5943970" lon="-3.0358020">
    <ele>739.9</ele>
   </trkpt>
   <trkpt lat="40.5943630" lon="-3.0357370">
    <ele>739.9</ele>
   </trkpt>
   <trkpt lat="40.5943250" lon="-3.0356730">
    <ele>739.9</ele>
   </trkpt>
   <trkpt lat="40.5942900" lon="-3.0356030">
    <ele>739.9</ele>
   </trkpt>
   <trkpt lat="40.5942540" lon="-3.0355330">
    <ele>739.9</ele>
   </trkpt>
   <trkpt lat="40.5942130" lon="-3.0354630">
    <ele>739.9</ele>
   </trkpt>
   <trkpt lat="40.5941740" lon="-3.0353980">
    <ele>739.8</ele>
   </trkpt>
   <trkpt lat="40.5941410" lon="-3.0353290">
    <ele>739.8</ele>
   </trkpt>
   <trkpt lat="40.5941050" lon="-3.0352660">
    <ele>739.8</ele>
   </trkpt>
   <trkpt lat="40.5940660" lon="-3.0351970">
    <ele>739.8</ele>
   </trkpt>
   <trkpt lat="40.5940290" lon="-3.0351320">
    <ele>739.7</ele>
   </trkpt>
   <trkpt lat="40.5939910" lon="-3.0350710">
    <ele>739.7</ele>
   </trkpt>
   <trkpt lat="40.5939530" lon="-3.0350030">
    <ele>739.7</ele>
   </trkpt>
   <trkpt lat="40.5939100" lon="-3.0349310">
    <ele>739.6</ele>
   </trkpt>
   <trkpt lat="40.5938770" lon="-3.0348630">
    <ele>739.6</ele>
   </trkpt>
   <trkpt lat="40.5938410" lon="-3.0347960">
    <ele>739.6</ele>
   </trkpt>
   <trkpt lat="40.5938030" lon="-3.0347250">
    <ele>739.6</ele>
   </trkpt>
   <trkpt lat="40.5937690" lon="-3.0346590">
    <ele>739.6</ele>
   </trkpt>
   <trkpt lat="40.5937330" lon="-3.0345940">
    <ele>739.5</ele>
   </trkpt>
   <trkpt lat="40.5937010" lon="-3.0345290">
    <ele>739.5</ele>
   </trkpt>
   <trkpt lat="40.5936720" lon="-3.0344630">
    <ele>739.5</ele>
   </trkpt>
   <trkpt lat="40.5936450" lon="-3.0343930">
    <ele>739.5</ele>
   </trkpt>
   <trkpt lat="40.5936170" lon="-3.0343270">
    <ele>739.5</ele>
   </trkpt>
   <trkpt lat="40.5935900" lon="-3.0342650">
    <ele>739.5</ele>
   </trkpt>
   <trkpt lat="40.5935590" lon="-3.0341990">
    <ele>739.5</ele>
   </trkpt>
   <trkpt lat="40.5935300" lon="-3.0341470">
    <ele>739.5</ele>
   </trkpt>
   <trkpt lat="40.5934980" lon="-3.0341010">
    <ele>739.5</ele>
   </trkpt>
   <trkpt lat="40.5934620" lon="-3.0340500">
    <ele>739.5</ele>
   </trkpt>
   <trkpt lat="40.5934310" lon="-3.0339850">
    <ele>739.4</ele>
   </trkpt>
   <trkpt lat="40.5934060" lon="-3.0339000">
    <ele>739.4</ele>
   </trkpt>
   <trkpt lat="40.5933780" lon="-3.0338440">
    <ele>739.4</ele>
   </trkpt>
   <trkpt lat="40.5933700" lon="-3.0337810">
    <ele>739.4</ele>
   </trkpt>
   <trkpt lat="40.5933730" lon="-3.0337090">
    <ele>739.4</ele>
   </trkpt>
   <trkpt lat="40.5933820" lon="-3.0336450">
    <ele>739.4</ele>
   </trkpt>
   <trkpt lat="40.5934090" lon="-3.0335830">
    <ele>739.4</ele>
   </trkpt>
   <trkpt lat="40.5934290" lon="-3.0335260">
    <ele>739.5</ele>
   </trkpt>
   <trkpt lat="40.5934510" lon="-3.0334660">
    <ele>739.5</ele>
   </trkpt>
   <trkpt lat="40.5934710" lon="-3.0334150">
    <ele>739.5</ele>
   </trkpt>
   <trkpt lat="40.5934990" lon="-3.0333780">
    <ele>739.5</ele>
   </trkpt>
   <trkpt lat="40.5935090" lon="-3.0333570">
    <ele>739.5</ele>
   </trkpt>
   <trkpt lat="40.5935130" lon="-3.0333430">
    <ele>739.5</ele>
   </trkpt>
   <trkpt lat="40.5935070" lon="-3.0333300">
    <ele>739.5</ele>
   </trkpt>
   <trkpt lat="40.5935040" lon="-3.0333280">
    <ele>739.5</ele>
   </trkpt>
   <trkpt lat="40.5935070" lon="-3.0333230">
    <ele>739.5</ele>
   </trkpt>
   <trkpt lat="40.5935130" lon="-3.0333110">
    <ele>739.5</ele>
   </trkpt>
   <trkpt lat="40.5935170" lon="-3.0333130">
    <ele>739.5</ele>
   </trkpt>
   <trkpt lat="40.5935150" lon="-3.0333150">
    <ele>739.5</ele>
   </trkpt>
   <trkpt lat="40.5935150" lon="-3.0333130">
    <ele>739.5</ele>
   </trkpt>
   <trkpt lat="40.5935140" lon="-3.0333120">
    <ele>739.5</ele>
   </trkpt>
   <trkpt lat="40.5935130" lon="-3.0333110">
    <ele>739.5</ele>
   </trkpt>
   <trkpt lat="40.5935130" lon="-3.0333110">
    <ele>739.5</ele>
   </trkpt>
   <trkpt lat="40.5935130" lon="-3.0333110">
    <ele>739.5</ele>
   </trkpt>
   <trkpt lat="40.5935130" lon="-3.0333110">
    <ele>739.5</ele>
   </trkpt>
   <trkpt lat="40.5935030" lon="-3.0333260">
    <ele>739.5</ele>
   </trkpt>
   <trkpt lat="40.5935120" lon="-3.0333160">
    <ele>739.5</ele>
   </trkpt>
   <trkpt lat="40.5935000" lon="-3.0333120">
    <ele>739.5</ele>
   </trkpt>
   <trkpt lat="40.5934980" lon="-3.0332980">
    <ele>739.5</ele>
   </trkpt>
   <trkpt lat="40.5934940" lon="-3.0332820">
    <ele>739.5</ele>
   </trkpt>
   <trkpt lat="40.5934940" lon="-3.0332820">
    <ele>739.5</ele>
   </trkpt>
   <trkpt lat="40.5934940" lon="-3.0332810">
    <ele>739.5</ele>
   </trkpt>
   <trkpt lat="40.5934940" lon="-3.0332800">
    <ele>739.5</ele>
   </trkpt>
   <trkpt lat="40.5934940" lon="-3.0332800">
    <ele>739.5</ele>
   </trkpt>
   <trkpt lat="40.5934900" lon="-3.0332900">
    <ele>739.5</ele>
   </trkpt>
   <trkpt lat="40.5934820" lon="-3.0332960">
    <ele>739.5</ele>
   </trkpt>
   <trkpt lat="40.5934730" lon="-3.0332910">
    <ele>739.5</ele>
   </trkpt>
   <trkpt lat="40.5934720" lon="-3.0333030">
    <ele>739.5</ele>
   </trkpt>
   <trkpt lat="40.5934660" lon="-3.0333090">
    <ele>739.5</ele>
   </trkpt>
   <trkpt lat="40.5934610" lon="-3.0333150">
    <ele>739.5</ele>
   </trkpt>
   <trkpt lat="40.5934560" lon="-3.0333200">
    <ele>739.5</ele>
   </trkpt>
   <trkpt lat="40.5934510" lon="-3.0333260">
    <ele>739.5</ele>
   </trkpt>
   <trkpt lat="40.5934450" lon="-3.0333320">
    <ele>739.5</ele>
   </trkpt>
   <trkpt lat="40.5934400" lon="-3.0333380">
    <ele>739.5</ele>
   </trkpt>
   <trkpt lat="40.5934200" lon="-3.0333640">
    <ele>739.5</ele>
   </trkpt>
   <trkpt lat="40.5934020" lon="-3.0333900">
    <ele>739.5</ele>
   </trkpt>
   <trkpt lat="40.5933850" lon="-3.0334200">
    <ele>739.5</ele>
   </trkpt>
   <trkpt lat="40.5933650" lon="-3.0334600">
    <ele>739.5</ele>
   </trkpt>
   <trkpt lat="40.5933520" lon="-3.0335020">
    <ele>739.6</ele>
   </trkpt>
   <trkpt lat="40.5933430" lon="-3.0335490">
    <ele>739.6</ele>
   </trkpt>
   <trkpt lat="40.5933380" lon="-3.0335900">
    <ele>739.7</ele>
   </trkpt>
   <trkpt lat="40.5933340" lon="-3.0336340">
    <ele>739.8</ele>
   </trkpt>
   <trkpt lat="40.5933330" lon="-3.0336650">
    <ele>739.8</ele>
   </trkpt>
   <trkpt lat="40.5933330" lon="-3.0336730">
    <ele>739.8</ele>
   </trkpt>
   <trkpt lat="40.5933330" lon="-3.0336810">
    <ele>739.9</ele>
   </trkpt>
   <trkpt lat="40.5933330" lon="-3.0336880">
    <ele>739.9</ele>
   </trkpt>
   <trkpt lat="40.5933210" lon="-3.0337200">
    <ele>739.8</ele>
   </trkpt>
   <trkpt lat="40.5933050" lon="-3.0337540">
    <ele>739.7</ele>
   </trkpt>
   <trkpt lat="40.5932920" lon="-3.0337930">
    <ele>739.6</ele>
   </trkpt>
   <trkpt lat="40.5932850" lon="-3.0338280">
    <ele>739.5</ele>
   </trkpt>
   <trkpt lat="40.5932740" lon="-3.0338630">
    <ele>739.4</ele>
   </trkpt>
   <trkpt lat="40.5932620" lon="-3.0339020">
    <ele>739.4</ele>
   </trkpt>
   <trkpt lat="40.5932540" lon="-3.0339460">
    <ele>739.3</ele>
   </trkpt>
   <trkpt lat="40.5932510" lon="-3.0339580">
    <ele>739.3</ele>
   </trkpt>
   <trkpt lat="40.5932290" lon="-3.0339990">
    <ele>739.2</ele>
   </trkpt>
   <trkpt lat="40.5932220" lon="-3.0340120">
    <ele>739.2</ele>
   </trkpt>
   <trkpt lat="40.5932090" lon="-3.0340590">
    <ele>739.2</ele>
   </trkpt>
   <trkpt lat="40.5932040" lon="-3.0340730">
    <ele>739.1</ele>
   </trkpt>
   <trkpt lat="40.5931950" lon="-3.0340940">
    <ele>739.1</ele>
   </trkpt>
   <trkpt lat="40.5931950" lon="-3.0341060">
    <ele>739.1</ele>
   </trkpt>
   <trkpt lat="40.5931950" lon="-3.0341190">
    <ele>739.1</ele>
   </trkpt>
   <trkpt lat="40.5931920" lon="-3.0341420">
    <ele>739.1</ele>
   </trkpt>
   <trkpt lat="40.5931860" lon="-3.0341620">
    <ele>739.1</ele>
   </trkpt>
   <trkpt lat="40.5931790" lon="-3.0341990">
    <ele>739.0</ele>
   </trkpt>
   <trkpt lat="40.5931760" lon="-3.0342120">
    <ele>739.0</ele>
   </trkpt>
   <trkpt lat="40.5931690" lon="-3.0342500">
    <ele>739.0</ele>
   </trkpt>
   <trkpt lat="40.5931540" lon="-3.0342890">
    <ele>738.9</ele>
   </trkpt>
   <trkpt lat="40.5931440" lon="-3.0343230">
    <ele>738.9</ele>
   </trkpt>
   <trkpt lat="40.5931340" lon="-3.0343660">
    <ele>738.9</ele>
   </trkpt>
   <trkpt lat="40.5931300" lon="-3.0343780">
    <ele>738.9</ele>
   </trkpt>
   <trkpt lat="40.5931080" lon="-3.0344170">
    <ele>738.9</ele>
   </trkpt>
   <trkpt lat="40.5930980" lon="-3.0344330">
    <ele>738.9</ele>
   </trkpt>
   <trkpt lat="40.5930840" lon="-3.0344760">
    <ele>738.8</ele>
   </trkpt>
   <trkpt lat="40.5930710" lon="-3.0345200">
    <ele>738.8</ele>
   </trkpt>
   <trkpt lat="40.5930560" lon="-3.0345580">
    <ele>738.8</ele>
   </trkpt>
   <trkpt lat="40.5930430" lon="-3.0345970">
    <ele>738.8</ele>
   </trkpt>
   <trkpt lat="40.5930300" lon="-3.0346320">
    <ele>738.8</ele>
   </trkpt>
   <trkpt lat="40.5930140" lon="-3.0346670">
    <ele>738.8</ele>
   </trkpt>
   <trkpt lat="40.5929940" lon="-3.0347050">
    <ele>738.7</ele>
   </trkpt>
   <trkpt lat="40.5929870" lon="-3.0347190">
    <ele>738.7</ele>
   </trkpt>
   <trkpt lat="40.5929780" lon="-3.0347390">
    <ele>738.7</ele>
   </trkpt>
   <trkpt lat="40.5929710" lon="-3.0347400">
    <ele>738.7</ele>
   </trkpt>
   <trkpt lat="40.5929720" lon="-3.0347390">
    <ele>738.7</ele>
   </trkpt>
   <trkpt lat="40.5929780" lon="-3.0347440">
    <ele>738.7</ele>
   </trkpt>
   <trkpt lat="40.5929750" lon="-3.0347460">
    <ele>738.7</ele>
   </trkpt>
   <trkpt lat="40.5929640" lon="-3.0347400">
    <ele>738.7</ele>
   </trkpt>
   <trkpt lat="40.5929660" lon="-3.0347400">
    <ele>738.7</ele>
   </trkpt>
   <trkpt lat="40.5929660" lon="-3.0347410">
    <ele>738.7</ele>
   </trkpt>
   <trkpt lat="40.5929660" lon="-3.0347410">
    <ele>738.7</ele>
   </trkpt>
   <trkpt lat="40.5929660" lon="-3.0347420">
    <ele>738.7</ele>
   </trkpt>
   <trkpt lat="40.5929660" lon="-3.0347420">
    <ele>738.7</ele>
   </trkpt>
   <trkpt lat="40.5929660" lon="-3.0347420">
    <ele>738.7</ele>
   </trkpt>
   <trkpt lat="40.5929660" lon="-3.0347420">
    <ele>738.7</ele>
   </trkpt>
   <trkpt lat="40.5929660" lon="-3.0347420">
    <ele>738.7</ele>
   </trkpt>
   <trkpt lat="40.5929660" lon="-3.0347420">
    <ele>738.7</ele>
   </trkpt>
   <trkpt lat="40.5929660" lon="-3.0347420">
    <ele>738.7</ele>
   </trkpt>
   <trkpt lat="40.5929630" lon="-3.0347800">
    <ele>738.7</ele>
   </trkpt>
   <trkpt lat="40.5929600" lon="-3.0347920">
    <ele>738.7</ele>
   </trkpt>
   <trkpt lat="40.5929540" lon="-3.0348230">
    <ele>738.7</ele>
   </trkpt>
   <trkpt lat="40.5929380" lon="-3.0348700">
    <ele>738.7</ele>
   </trkpt>
   <trkpt lat="40.5929310" lon="-3.0348860">
    <ele>738.7</ele>
   </trkpt>
   <trkpt lat="40.5929030" lon="-3.0349230">
    <ele>738.7</ele>
   </trkpt>
   <trkpt lat="40.5928930" lon="-3.0349350">
    <ele>738.7</ele>
   </trkpt>
   <trkpt lat="40.5928700" lon="-3.0349780">
    <ele>738.7</ele>
   </trkpt>
   <trkpt lat="40.5928630" lon="-3.0349950">
    <ele>738.7</ele>
   </trkpt>
   <trkpt lat="40.5928440" lon="-3.0350240">
    <ele>738.7</ele>
   </trkpt>
   <trkpt lat="40.5928190" lon="-3.0350440">
    <ele>738.7</ele>
   </trkpt>
   <trkpt lat="40.5927890" lon="-3.0350710">
    <ele>738.7</ele>
   </trkpt>
   <trkpt lat="40.5927790" lon="-3.0350800">
    <ele>738.7</ele>
   </trkpt>
   <trkpt lat="40.5927550" lon="-3.0351100">
    <ele>738.7</ele>
   </trkpt>
   <trkpt lat="40.5927300" lon="-3.0351410">
    <ele>738.7</ele>
   </trkpt>
   <trkpt lat="40.5926990" lon="-3.0351710">
    <ele>738.7</ele>
   </trkpt>
   <trkpt lat="40.5926710" lon="-3.0351900">
    <ele>738.7</ele>
   </trkpt>
   <trkpt lat="40.5926420" lon="-3.0352030">
    <ele>738.7</ele>
   </trkpt>
   <trkpt lat="40.5926090" lon="-3.0352140">
    <ele>738.7</ele>
   </trkpt>
   <trkpt lat="40.5925750" lon="-3.0352190">
    <ele>738.7</ele>
   </trkpt>
   <trkpt lat="40.5925370" lon="-3.0352390">
    <ele>738.7</ele>
   </trkpt>
   <trkpt lat="40.5925220" lon="-3.0352430">
    <ele>738.7</ele>
   </trkpt>
   <trkpt lat="40.5924880" lon="-3.0352500">
    <ele>738.8</ele>
   </trkpt>
   <trkpt lat="40.5924530" lon="-3.0352540">
    <ele>738.8</ele>
   </trkpt>
   <trkpt lat="40.5924190" lon="-3.0352500">
    <ele>738.8</ele>
   </trkpt>
   <trkpt lat="40.5923890" lon="-3.0352480">
    <ele>738.9</ele>
   </trkpt>
   <trkpt lat="40.5923580" lon="-3.0352420">
    <ele>738.9</ele>
   </trkpt>
   <trkpt lat="40.5923270" lon="-3.0352420">
    <ele>738.9</ele>
   </trkpt>
   <trkpt lat="40.5922980" lon="-3.0352460">
    <ele>739.0</ele>
   </trkpt>
   <trkpt lat="40.5922690" lon="-3.0352490">
    <ele>739.0</ele>
   </trkpt>
   <trkpt lat="40.5922390" lon="-3.0352520">
    <ele>739.0</ele>
   </trkpt>
   <trkpt lat="40.5922110" lon="-3.0352600">
    <ele>739.1</ele>
   </trkpt>
   <trkpt lat="40.5921760" lon="-3.0352680">
    <ele>739.1</ele>
   </trkpt>
   <trkpt lat="40.5921430" lon="-3.0352750">
    <ele>739.1</ele>
   </trkpt>
   <trkpt lat="40.5921140" lon="-3.0352760">
    <ele>739.2</ele>
   </trkpt>
   <trkpt lat="40.5920830" lon="-3.0352770">
    <ele>739.2</ele>
   </trkpt>
   <trkpt lat="40.5920450" lon="-3.0352730">
    <ele>739.2</ele>
   </trkpt>
   <trkpt lat="40.5920080" lon="-3.0352720">
    <ele>739.2</ele>
   </trkpt>
   <trkpt lat="40.5919770" lon="-3.0352610">
    <ele>739.2</ele>
   </trkpt>
   <trkpt lat="40.5919380" lon="-3.0352610">
    <ele>739.2</ele>
   </trkpt>
   <trkpt lat="40.5918940" lon="-3.0352530">
    <ele>739.2</ele>
   </trkpt>
   <trkpt lat="40.5918560" lon="-3.0352610">
    <ele>739.2</ele>
   </trkpt>
   <trkpt lat="40.5918050" lon="-3.0352510">
    <ele>739.1</ele>
   </trkpt>
   <trkpt lat="40.5917600" lon="-3.0352440">
    <ele>739.1</ele>
   </trkpt>
   <trkpt lat="40.5917140" lon="-3.0352410">
    <ele>739.0</ele>
   </trkpt>
   <trkpt lat="40.5916700" lon="-3.0352460">
    <ele>738.9</ele>
   </trkpt>
   <trkpt lat="40.5916260" lon="-3.0352440">
    <ele>738.9</ele>
   </trkpt>
   <trkpt lat="40.5915830" lon="-3.0352490">
    <ele>738.8</ele>
   </trkpt>
   <trkpt lat="40.5915500" lon="-3.0352480">
    <ele>738.7</ele>
   </trkpt>
   <trkpt lat="40.5915090" lon="-3.0352530">
    <ele>738.7</ele>
   </trkpt>
   <trkpt lat="40.5914660" lon="-3.0352660">
    <ele>738.6</ele>
   </trkpt>
   <trkpt lat="40.5914220" lon="-3.0352890">
    <ele>738.5</ele>
   </trkpt>
   <trkpt lat="40.5913750" lon="-3.0353060">
    <ele>738.5</ele>
   </trkpt>
   <trkpt lat="40.5913240" lon="-3.0353260">
    <ele>738.4</ele>
   </trkpt>
   <trkpt lat="40.5912710" lon="-3.0353500">
    <ele>738.4</ele>
   </trkpt>
   <trkpt lat="40.5912190" lon="-3.0353650">
    <ele>738.3</ele>
   </trkpt>
   <trkpt lat="40.5911750" lon="-3.0353840">
    <ele>738.2</ele>
   </trkpt>
   <trkpt lat="40.5911350" lon="-3.0353980">
    <ele>738.2</ele>
   </trkpt>
   <trkpt lat="40.5910880" lon="-3.0354220">
    <ele>738.1</ele>
   </trkpt>
   <trkpt lat="40.5910460" lon="-3.0354330">
    <ele>738.0</ele>
   </trkpt>
   <trkpt lat="40.5909970" lon="-3.0354330">
    <ele>737.9</ele>
   </trkpt>
   <trkpt lat="40.5909460" lon="-3.0354420">
    <ele>737.9</ele>
   </trkpt>
   <trkpt lat="40.5908960" lon="-3.0354580">
    <ele>737.8</ele>
   </trkpt>
   <trkpt lat="40.5908420" lon="-3.0354650">
    <ele>737.7</ele>
   </trkpt>
   <trkpt lat="40.5907930" lon="-3.0354650">
    <ele>737.6</ele>
   </trkpt>
   <trkpt lat="40.5907330" lon="-3.0354690">
    <ele>737.6</ele>
   </trkpt>
   <trkpt lat="40.5906920" lon="-3.0354690">
    <ele>737.5</ele>
   </trkpt>
   <trkpt lat="40.5906480" lon="-3.0354590">
    <ele>737.5</ele>
   </trkpt>
   <trkpt lat="40.5906050" lon="-3.0354560">
    <ele>737.5</ele>
   </trkpt>
   <trkpt lat="40.5905600" lon="-3.0354530">
    <ele>737.5</ele>
   </trkpt>
   <trkpt lat="40.5905130" lon="-3.0354440">
    <ele>737.4</ele>
   </trkpt>
   <trkpt lat="40.5904640" lon="-3.0354410">
    <ele>737.4</ele>
   </trkpt>
   <trkpt lat="40.5904140" lon="-3.0354380">
    <ele>737.4</ele>
   </trkpt>
   <trkpt lat="40.5903690" lon="-3.0354360">
    <ele>737.3</ele>
   </trkpt>
   <trkpt lat="40.5903270" lon="-3.0354380">
    <ele>737.3</ele>
   </trkpt>
   <trkpt lat="40.5902830" lon="-3.0354410">
    <ele>737.3</ele>
   </trkpt>
   <trkpt lat="40.5902420" lon="-3.0354430">
    <ele>737.3</ele>
   </trkpt>
   <trkpt lat="40.5902000" lon="-3.0354390">
    <ele>737.3</ele>
   </trkpt>
   <trkpt lat="40.5901500" lon="-3.0354350">
    <ele>737.3</ele>
   </trkpt>
   <trkpt lat="40.5901070" lon="-3.0354460">
    <ele>737.3</ele>
   </trkpt>
   <trkpt lat="40.5900660" lon="-3.0354550">
    <ele>737.3</ele>
   </trkpt>
   <trkpt lat="40.5900200" lon="-3.0354620">
    <ele>737.4</ele>
   </trkpt>
   <trkpt lat="40.5899740" lon="-3.0354710">
    <ele>737.4</ele>
   </trkpt>
   <trkpt lat="40.5899260" lon="-3.0354820">
    <ele>737.4</ele>
   </trkpt>
   <trkpt lat="40.5898810" lon="-3.0354990">
    <ele>737.5</ele>
   </trkpt>
   <trkpt lat="40.5898430" lon="-3.0355140">
    <ele>737.5</ele>
   </trkpt>
   <trkpt lat="40.5898170" lon="-3.0355350">
    <ele>737.5</ele>
   </trkpt>
   <trkpt lat="40.5897770" lon="-3.0355450">
    <ele>737.5</ele>
   </trkpt>
   <trkpt lat="40.5897470" lon="-3.0355460">
    <ele>737.5</ele>
   </trkpt>
   <trkpt lat="40.5897110" lon="-3.0355600">
    <ele>737.5</ele>
   </trkpt>
   <trkpt lat="40.5897000" lon="-3.0355650">
    <ele>737.5</ele>
   </trkpt>
   <trkpt lat="40.5896700" lon="-3.0355890">
    <ele>737.5</ele>
   </trkpt>
   <trkpt lat="40.5896580" lon="-3.0355960">
    <ele>737.5</ele>
   </trkpt>
   <trkpt lat="40.5896310" lon="-3.0356130">
    <ele>737.5</ele>
   </trkpt>
   <trkpt lat="40.5896010" lon="-3.0356290">
    <ele>737.5</ele>
   </trkpt>
   <trkpt lat="40.5895730" lon="-3.0356430">
    <ele>737.5</ele>
   </trkpt>
   <trkpt lat="40.5895480" lon="-3.0356660">
    <ele>737.4</ele>
   </trkpt>
   <trkpt lat="40.5895260" lon="-3.0356870">
    <ele>737.4</ele>
   </trkpt>
   <trkpt lat="40.5895090" lon="-3.0357230">
    <ele>737.4</ele>
   </trkpt>
   <trkpt lat="40.5894930" lon="-3.0357550">
    <ele>737.4</ele>
   </trkpt>
   <trkpt lat="40.5894680" lon="-3.0357790">
    <ele>737.3</ele>
   </trkpt>
   <trkpt lat="40.5894590" lon="-3.0357870">
    <ele>737.3</ele>
   </trkpt>
   <trkpt lat="40.5894500" lon="-3.0358010">
    <ele>737.3</ele>
   </trkpt>
   <trkpt lat="40.5894420" lon="-3.0358090">
    <ele>737.3</ele>
   </trkpt>
   <trkpt lat="40.5894310" lon="-3.0357890">
    <ele>737.3</ele>
   </trkpt>
   <trkpt lat="40.5894230" lon="-3.0357850">
    <ele>737.3</ele>
   </trkpt>
   <trkpt lat="40.5894210" lon="-3.0357840">
    <ele>737.3</ele>
   </trkpt>
   <trkpt lat="40.5894220" lon="-3.0357850">
    <ele>737.3</ele>
   </trkpt>
   <trkpt lat="40.5894140" lon="-3.0357860">
    <ele>737.3</ele>
   </trkpt>
   <trkpt lat="40.5894150" lon="-3.0357900">
    <ele>737.3</ele>
   </trkpt>
   <trkpt lat="40.5894130" lon="-3.0358080">
    <ele>737.3</ele>
   </trkpt>
   <trkpt lat="40.5894130" lon="-3.0358080">
    <ele>737.3</ele>
   </trkpt>
   <trkpt lat="40.5894120" lon="-3.0358080">
    <ele>737.3</ele>
   </trkpt>
   <trkpt lat="40.5894120" lon="-3.0358080">
    <ele>737.3</ele>
   </trkpt>
   <trkpt lat="40.5894120" lon="-3.0358080">
    <ele>737.3</ele>
   </trkpt>
   <trkpt lat="40.5894120" lon="-3.0358080">
    <ele>737.3</ele>
   </trkpt>
   <trkpt lat="40.5894120" lon="-3.0358080">
    <ele>737.3</ele>
   </trkpt>
   <trkpt lat="40.5894120" lon="-3.0358080">
    <ele>737.3</ele>
   </trkpt>
   <trkpt lat="40.5894120" lon="-3.0358080">
    <ele>737.3</ele>
   </trkpt>
   <trkpt lat="40.5894510" lon="-3.0357480">
    <ele>737.2</ele>
   </trkpt>
   <trkpt lat="40.5894560" lon="-3.0357410">
    <ele>737.2</ele>
   </trkpt>
   <trkpt lat="40.5894620" lon="-3.0357330">
    <ele>737.2</ele>
   </trkpt>
   <trkpt lat="40.5894670" lon="-3.0357230">
    <ele>737.2</ele>
   </trkpt>
   <trkpt lat="40.5894700" lon="-3.0357160">
    <ele>737.2</ele>
   </trkpt>
   <trkpt lat="40.5894750" lon="-3.0357070">
    <ele>737.2</ele>
   </trkpt>
   <trkpt lat="40.5894850" lon="-3.0357000">
    <ele>737.2</ele>
   </trkpt>
   <trkpt lat="40.5894940" lon="-3.0356990">
    <ele>737.2</ele>
   </trkpt>
   <trkpt lat="40.5894980" lon="-3.0356920">
    <ele>737.2</ele>
   </trkpt>
   <trkpt lat="40.5895010" lon="-3.0356800">
    <ele>737.2</ele>
   </trkpt>
   <trkpt lat="40.5895110" lon="-3.0356780">
    <ele>737.2</ele>
   </trkpt>
   <trkpt lat="40.5895170" lon="-3.0356690">
    <ele>737.2</ele>
   </trkpt>
   <trkpt lat="40.5895200" lon="-3.0356600">
    <ele>737.2</ele>
   </trkpt>
   <trkpt lat="40.5895220" lon="-3.0356540">
    <ele>737.2</ele>
   </trkpt>
   <trkpt lat="40.5895350" lon="-3.0356660">
    <ele>737.2</ele>
   </trkpt>
   <trkpt lat="40.5895400" lon="-3.0356660">
    <ele>737.2</ele>
   </trkpt>
   <trkpt lat="40.5895400" lon="-3.0356670">
    <ele>737.2</ele>
   </trkpt>
   <trkpt lat="40.5895490" lon="-3.0356620">
    <ele>737.2</ele>
   </trkpt>
   <trkpt lat="40.5895580" lon="-3.0356570">
    <ele>737.2</ele>
   </trkpt>
   <trkpt lat="40.5895600" lon="-3.0356490">
    <ele>737.3</ele>
   </trkpt>
   <trkpt lat="40.5895550" lon="-3.0356530">
    <ele>737.4</ele>
   </trkpt>
   <trkpt lat="40.5895450" lon="-3.0356400">
    <ele>737.4</ele>
   </trkpt>
   <trkpt lat="40.5895360" lon="-3.0356340">
    <ele>737.5</ele>
   </trkpt>
   <trkpt lat="40.5895340" lon="-3.0356200">
    <ele>737.6</ele>
   </trkpt>
   <trkpt lat="40.5895350" lon="-3.0355900">
    <ele>738.2</ele>
   </trkpt>
   <trkpt lat="40.5895350" lon="-3.0355840">
    <ele>738.3</ele>
   </trkpt>
   <trkpt lat="40.5895360" lon="-3.0355770">
    <ele>738.4</ele>
   </trkpt>
   <trkpt lat="40.5895360" lon="-3.0355700">
    <ele>739.1</ele>
   </trkpt>
   <trkpt lat="40.5895470" lon="-3.0355720">
    <ele>739.2</ele>
   </trkpt>
   <trkpt lat="40.5895490" lon="-3.0355860">
    <ele>738.8</ele>
   </trkpt>
   <trkpt lat="40.5895470" lon="-3.0355980">
    <ele>738.8</ele>
   </trkpt>
   <trkpt lat="40.5895460" lon="-3.0356110">
    <ele>738.9</ele>
   </trkpt>
   <trkpt lat="40.5895440" lon="-3.0356230">
    <ele>738.4</ele>
   </trkpt>
   <trkpt lat="40.5895420" lon="-3.0356330">
    <ele>738.5</ele>
   </trkpt>
   <trkpt lat="40.5895400" lon="-3.0356410">
    <ele>738.6</ele>
   </trkpt>
   <trkpt lat="40.5895420" lon="-3.0356200">
    <ele>738.6</ele>
   </trkpt>
   <trkpt lat="40.5895370" lon="-3.0356130">
    <ele>738.6</ele>
   </trkpt>
   <trkpt lat="40.5895380" lon="-3.0356130">
    <ele>738.6</ele>
   </trkpt>
   <trkpt lat="40.5895360" lon="-3.0356110">
    <ele>738.6</ele>
   </trkpt>
   <trkpt lat="40.5895340" lon="-3.0356150">
    <ele>738.6</ele>
   </trkpt>
   <trkpt lat="40.5895340" lon="-3.0356150">
    <ele>738.6</ele>
   </trkpt>
   <trkpt lat="40.5895340" lon="-3.0356160">
    <ele>738.6</ele>
   </trkpt>
   <trkpt lat="40.5895310" lon="-3.0356140">
    <ele>738.6</ele>
   </trkpt>
   <trkpt lat="40.5895310" lon="-3.0356140">
    <ele>738.6</ele>
   </trkpt>
   <trkpt lat="40.5895310" lon="-3.0356140">
    <ele>738.6</ele>
   </trkpt>
   <trkpt lat="40.5895260" lon="-3.0356120">
    <ele>738.6</ele>
   </trkpt>
   <trkpt lat="40.5895240" lon="-3.0356170">
    <ele>738.6</ele>
   </trkpt>
   <trkpt lat="40.5895260" lon="-3.0356230">
    <ele>738.6</ele>
   </trkpt>
   <trkpt lat="40.5895280" lon="-3.0356270">
    <ele>738.6</ele>
   </trkpt>
   <trkpt lat="40.5895240" lon="-3.0356150">
    <ele>738.7</ele>
   </trkpt>
   <trkpt lat="40.5895200" lon="-3.0356000">
    <ele>738.7</ele>
   </trkpt>
   <trkpt lat="40.5895240" lon="-3.0355910">
    <ele>738.7</ele>
   </trkpt>
   <trkpt lat="40.5895200" lon="-3.0355750">
    <ele>738.7</ele>
   </trkpt>
   <trkpt lat="40.5895170" lon="-3.0355730">
    <ele>738.7</ele>
   </trkpt>
   <trkpt lat="40.5895110" lon="-3.0355680">
    <ele>738.7</ele>
   </trkpt>
   <trkpt lat="40.5895120" lon="-3.0355700">
    <ele>738.8</ele>
   </trkpt>
   <trkpt lat="40.5895170" lon="-3.0355770">
    <ele>738.8</ele>
   </trkpt>
   <trkpt lat="40.5895200" lon="-3.0355800">
    <ele>738.8</ele>
   </trkpt>
   <trkpt lat="40.5895220" lon="-3.0355800">
    <ele>738.8</ele>
   </trkpt>
   <trkpt lat="40.5895160" lon="-3.0355890">
    <ele>738.8</ele>
   </trkpt>
   <trkpt lat="40.5895060" lon="-3.0355900">
    <ele>738.9</ele>
   </trkpt>
   <trkpt lat="40.5894970" lon="-3.0355920">
    <ele>738.9</ele>
   </trkpt>
   <trkpt lat="40.5894890" lon="-3.0355990">
    <ele>738.9</ele>
   </trkpt>
   <trkpt lat="40.5894640" lon="-3.0356190">
    <ele>739.0</ele>
   </trkpt>
   <trkpt lat="40.5894530" lon="-3.0356280">
    <ele>739.1</ele>
   </trkpt>
   <trkpt lat="40.5894350" lon="-3.0356660">
    <ele>739.2</ele>
   </trkpt>
   <trkpt lat="40.5894280" lon="-3.0356790">
    <ele>739.3</ele>
   </trkpt>
   <trkpt lat="40.5894060" lon="-3.0357180">
    <ele>739.4</ele>
   </trkpt>
   <trkpt lat="40.5893960" lon="-3.0357290">
    <ele>739.5</ele>
   </trkpt>
   <trkpt lat="40.5893740" lon="-3.0357670">
    <ele>739.6</ele>
   </trkpt>
   <trkpt lat="40.5893700" lon="-3.0357810">
    <ele>739.6</ele>
   </trkpt>
   <trkpt lat="40.5893540" lon="-3.0358220">
    <ele>739.8</ele>
   </trkpt>
   <trkpt lat="40.5893490" lon="-3.0358340">
    <ele>739.8</ele>
   </trkpt>
   <trkpt lat="40.5893320" lon="-3.0358700">
    <ele>739.9</ele>
   </trkpt>
   <trkpt lat="40.5893260" lon="-3.0358800">
    <ele>739.9</ele>
   </trkpt>
   <trkpt lat="40.5892990" lon="-3.0359110">
    <ele>740.0</ele>
   </trkpt>
   <trkpt lat="40.5892870" lon="-3.0359240">
    <ele>740.0</ele>
   </trkpt>
   <trkpt lat="40.5892680" lon="-3.0359510">
    <ele>740.0</ele>
   </trkpt>
   <trkpt lat="40.5892460" lon="-3.0359850">
    <ele>740.1</ele>
   </trkpt>
   <trkpt lat="40.5892230" lon="-3.0360130">
    <ele>740.1</ele>
   </trkpt>
   <trkpt lat="40.5891980" lon="-3.0360490">
    <ele>740.1</ele>
   </trkpt>
   <trkpt lat="40.5891770" lon="-3.0361140">
    <ele>740.1</ele>
   </trkpt>
   <trkpt lat="40.5891440" lon="-3.0361570">
    <ele>740.1</ele>
   </trkpt>
   <trkpt lat="40.5891000" lon="-3.0361950">
    <ele>740.2</ele>
   </trkpt>
   <trkpt lat="40.5890600" lon="-3.0362070">
    <ele>740.3</ele>
   </trkpt>
   <trkpt lat="40.5890240" lon="-3.0362090">
    <ele>740.4</ele>
   </trkpt>
   <trkpt lat="40.5889920" lon="-3.0362090">
    <ele>740.6</ele>
   </trkpt>
   <trkpt lat="40.5889600" lon="-3.0362000">
    <ele>740.7</ele>
   </trkpt>
   <trkpt lat="40.5889230" lon="-3.0361990">
    <ele>741.0</ele>
   </trkpt>
   <trkpt lat="40.5889110" lon="-3.0361990">
    <ele>741.1</ele>
   </trkpt>
   <trkpt lat="40.5888790" lon="-3.0361940">
    <ele>741.3</ele>
   </trkpt>
   <trkpt lat="40.5888670" lon="-3.0361960">
    <ele>741.4</ele>
   </trkpt>
   <trkpt lat="40.5888350" lon="-3.0362110">
    <ele>741.5</ele>
   </trkpt>
   <trkpt lat="40.5888250" lon="-3.0362190">
    <ele>741.6</ele>
   </trkpt>
   <trkpt lat="40.5888030" lon="-3.0362550">
    <ele>741.8</ele>
   </trkpt>
   <trkpt lat="40.5887950" lon="-3.0362660">
    <ele>741.7</ele>
   </trkpt>
   <trkpt lat="40.5887730" lon="-3.0362910">
    <ele>741.7</ele>
   </trkpt>
   <trkpt lat="40.5887650" lon="-3.0362970">
    <ele>741.7</ele>
   </trkpt>
   <trkpt lat="40.5887610" lon="-3.0362980">
    <ele>741.7</ele>
   </trkpt>
   <trkpt lat="40.5887620" lon="-3.0363000">
    <ele>741.6</ele>
   </trkpt>
   <trkpt lat="40.5887640" lon="-3.0363040">
    <ele>741.6</ele>
   </trkpt>
   <trkpt lat="40.5887570" lon="-3.0363060">
    <ele>741.6</ele>
   </trkpt>
   <trkpt lat="40.5887600" lon="-3.0363100">
    <ele>741.6</ele>
   </trkpt>
   <trkpt lat="40.5887740" lon="-3.0363090">
    <ele>741.6</ele>
   </trkpt>
   <trkpt lat="40.5887740" lon="-3.0363090">
    <ele>741.6</ele>
   </trkpt>
   <trkpt lat="40.5887680" lon="-3.0363140">
    <ele>741.6</ele>
   </trkpt>
   <trkpt lat="40.5887680" lon="-3.0363140">
    <ele>741.6</ele>
   </trkpt>
   <trkpt lat="40.5887680" lon="-3.0363140">
    <ele>741.6</ele>
   </trkpt>
   <trkpt lat="40.5887700" lon="-3.0363140">
    <ele>741.6</ele>
   </trkpt>
   <trkpt lat="40.5887860" lon="-3.0363150">
    <ele>741.5</ele>
   </trkpt>
   <trkpt lat="40.5887860" lon="-3.0363120">
    <ele>741.5</ele>
   </trkpt>
   <trkpt lat="40.5887860" lon="-3.0363130">
    <ele>741.5</ele>
   </trkpt>
   <trkpt lat="40.5887860" lon="-3.0363130">
    <ele>741.5</ele>
   </trkpt>
   <trkpt lat="40.5887860" lon="-3.0363130">
    <ele>741.5</ele>
   </trkpt>
   <trkpt lat="40.5887860" lon="-3.0363130">
    <ele>741.5</ele>
   </trkpt>
   <trkpt lat="40.5887860" lon="-3.0363130">
    <ele>741.5</ele>
   </trkpt>
   <trkpt lat="40.5887760" lon="-3.0363250">
    <ele>741.5</ele>
   </trkpt>
   <trkpt lat="40.5887730" lon="-3.0363370">
    <ele>741.5</ele>
   </trkpt>
   <trkpt lat="40.5887540" lon="-3.0363420">
    <ele>741.4</ele>
   </trkpt>
   <trkpt lat="40.5887390" lon="-3.0363490">
    <ele>741.4</ele>
   </trkpt>
   <trkpt lat="40.5887240" lon="-3.0363550">
    <ele>741.4</ele>
   </trkpt>
   <trkpt lat="40.5887090" lon="-3.0363620">
    <ele>741.3</ele>
   </trkpt>
   <trkpt lat="40.5886940" lon="-3.0363680">
    <ele>741.3</ele>
   </trkpt>
   <trkpt lat="40.5886630" lon="-3.0363790">
    <ele>741.2</ele>
   </trkpt>
   <trkpt lat="40.5886270" lon="-3.0363850">
    <ele>741.1</ele>
   </trkpt>
   <trkpt lat="40.5885900" lon="-3.0363960">
    <ele>741.1</ele>
   </trkpt>
   <trkpt lat="40.5885530" lon="-3.0363990">
    <ele>741.0</ele>
   </trkpt>
   <trkpt lat="40.5885140" lon="-3.0363970">
    <ele>740.9</ele>
   </trkpt>
   <trkpt lat="40.5884760" lon="-3.0363990">
    <ele>740.9</ele>
   </trkpt>
   <trkpt lat="40.5884380" lon="-3.0363950">
    <ele>740.8</ele>
   </trkpt>
   <trkpt lat="40.5884030" lon="-3.0364000">
    <ele>740.8</ele>
   </trkpt>
   <trkpt lat="40.5883650" lon="-3.0364100">
    <ele>740.7</ele>
   </trkpt>
   <trkpt lat="40.5883330" lon="-3.0364060">
    <ele>740.6</ele>
   </trkpt>
   <trkpt lat="40.5883010" lon="-3.0364090">
    <ele>740.5</ele>
   </trkpt>
   <trkpt lat="40.5882750" lon="-3.0364200">
    <ele>740.5</ele>
   </trkpt>
   <trkpt lat="40.5882470" lon="-3.0364340">
    <ele>740.4</ele>
   </trkpt>
   <trkpt lat="40.5882130" lon="-3.0364530">
    <ele>740.3</ele>
   </trkpt>
   <trkpt lat="40.5881730" lon="-3.0364720">
    <ele>740.2</ele>
   </trkpt>
   <trkpt lat="40.5881290" lon="-3.0364910">
    <ele>740.1</ele>
   </trkpt>
   <trkpt lat="40.5880960" lon="-3.0365120">
    <ele>740.0</ele>
   </trkpt>
   <trkpt lat="40.5880590" lon="-3.0365200">
    <ele>740.0</ele>
   </trkpt>
   <trkpt lat="40.5880150" lon="-3.0365270">
    <ele>739.9</ele>
   </trkpt>
   <trkpt lat="40.5879670" lon="-3.0365470">
    <ele>739.8</ele>
   </trkpt>
   <trkpt lat="40.5879230" lon="-3.0365660">
    <ele>739.8</ele>
   </trkpt>
   <trkpt lat="40.5878790" lon="-3.0365910">
    <ele>739.8</ele>
   </trkpt>
   <trkpt lat="40.5878260" lon="-3.0366070">
    <ele>739.7</ele>
   </trkpt>
   <trkpt lat="40.5877730" lon="-3.0366200">
    <ele>739.7</ele>
   </trkpt>
   <trkpt lat="40.5877210" lon="-3.0366300">
    <ele>739.6</ele>
   </trkpt>
   <trkpt lat="40.5876720" lon="-3.0366410">
    <ele>739.6</ele>
   </trkpt>
   <trkpt lat="40.5876220" lon="-3.0366520">
    <ele>739.6</ele>
   </trkpt>
   <trkpt lat="40.5875720" lon="-3.0366660">
    <ele>739.5</ele>
   </trkpt>
   <trkpt lat="40.5875240" lon="-3.0366740">
    <ele>739.4</ele>
   </trkpt>
   <trkpt lat="40.5874730" lon="-3.0366720">
    <ele>739.4</ele>
   </trkpt>
   <trkpt lat="40.5874250" lon="-3.0366830">
    <ele>739.3</ele>
   </trkpt>
   <trkpt lat="40.5873790" lon="-3.0367070">
    <ele>739.2</ele>
   </trkpt>
   <trkpt lat="40.5873300" lon="-3.0367250">
    <ele>739.1</ele>
   </trkpt>
   <trkpt lat="40.5872770" lon="-3.0367490">
    <ele>739.0</ele>
   </trkpt>
   <trkpt lat="40.5872210" lon="-3.0367780">
    <ele>738.8</ele>
   </trkpt>
   <trkpt lat="40.5871600" lon="-3.0367970">
    <ele>738.7</ele>
   </trkpt>
   <trkpt lat="40.5870960" lon="-3.0368190">
    <ele>738.6</ele>
   </trkpt>
   <trkpt lat="40.5870430" lon="-3.0368410">
    <ele>738.5</ele>
   </trkpt>
   <trkpt lat="40.5869900" lon="-3.0368630">
    <ele>738.5</ele>
   </trkpt>
   <trkpt lat="40.5869400" lon="-3.0368810">
    <ele>738.5</ele>
   </trkpt>
   <trkpt lat="40.5868960" lon="-3.0368950">
    <ele>738.5</ele>
   </trkpt>
   <trkpt lat="40.5868520" lon="-3.0369070">
    <ele>738.5</ele>
   </trkpt>
   <trkpt lat="40.5868110" lon="-3.0369170">
    <ele>738.5</ele>
   </trkpt>
   <trkpt lat="40.5867720" lon="-3.0369280">
    <ele>738.5</ele>
   </trkpt>
   <trkpt lat="40.5867420" lon="-3.0369430">
    <ele>738.5</ele>
   </trkpt>
   <trkpt lat="40.5867120" lon="-3.0369470">
    <ele>738.6</ele>
   </trkpt>
   <trkpt lat="40.5866810" lon="-3.0369340">
    <ele>738.7</ele>
   </trkpt>
   <trkpt lat="40.5866520" lon="-3.0369120">
    <ele>738.7</ele>
   </trkpt>
   <trkpt lat="40.5866440" lon="-3.0369060">
    <ele>738.7</ele>
   </trkpt>
   <trkpt lat="40.5866310" lon="-3.0369060">
    <ele>738.7</ele>
   </trkpt>
   <trkpt lat="40.5866220" lon="-3.0369100">
    <ele>738.7</ele>
   </trkpt>
   <trkpt lat="40.5866140" lon="-3.0369200">
    <ele>738.7</ele>
   </trkpt>
   <trkpt lat="40.5865770" lon="-3.0369390">
    <ele>738.6</ele>
   </trkpt>
   <trkpt lat="40.5865620" lon="-3.0369470">
    <ele>738.5</ele>
   </trkpt>
   <trkpt lat="40.5865280" lon="-3.0369760">
    <ele>738.3</ele>
   </trkpt>
   <trkpt lat="40.5864970" lon="-3.0370170">
    <ele>738.1</ele>
   </trkpt>
   <trkpt lat="40.5864760" lon="-3.0370570">
    <ele>737.9</ele>
   </trkpt>
   <trkpt lat="40.5864530" lon="-3.0371100">
    <ele>737.6</ele>
   </trkpt>
   <trkpt lat="40.5864200" lon="-3.0371580">
    <ele>737.3</ele>
   </trkpt>
   <trkpt lat="40.5863910" lon="-3.0371980">
    <ele>737.1</ele>
   </trkpt>
   <trkpt lat="40.5863570" lon="-3.0372470">
    <ele>736.8</ele>
   </trkpt>
   <trkpt lat="40.5863170" lon="-3.0373020">
    <ele>736.6</ele>
   </trkpt>
   <trkpt lat="40.5862780" lon="-3.0373300">
    <ele>736.5</ele>
   </trkpt>
   <trkpt lat="40.5862420" lon="-3.0373520">
    <ele>736.3</ele>
   </trkpt>
   <trkpt lat="40.5862010" lon="-3.0373510">
    <ele>736.2</ele>
   </trkpt>
   <trkpt lat="40.5861660" lon="-3.0373700">
    <ele>736.1</ele>
   </trkpt>
   <trkpt lat="40.5861550" lon="-3.0373780">
    <ele>736.1</ele>
   </trkpt>
   <trkpt lat="40.5861180" lon="-3.0374110">
    <ele>736.0</ele>
   </trkpt>
   <trkpt lat="40.5861020" lon="-3.0374220">
    <ele>735.9</ele>
   </trkpt>
   <trkpt lat="40.5860750" lon="-3.0374420">
    <ele>735.8</ele>
   </trkpt>
   <trkpt lat="40.5860430" lon="-3.0374580">
    <ele>735.8</ele>
   </trkpt>
   <trkpt lat="40.5860100" lon="-3.0374760">
    <ele>735.7</ele>
   </trkpt>
   <trkpt lat="40.5859750" lon="-3.0374890">
    <ele>735.6</ele>
   </trkpt>
   <trkpt lat="40.5859340" lon="-3.0374960">
    <ele>735.5</ele>
   </trkpt>
   <trkpt lat="40.5859190" lon="-3.0375000">
    <ele>735.5</ele>
   </trkpt>
   <trkpt lat="40.5858920" lon="-3.0375040">
    <ele>735.5</ele>
   </trkpt>
   <trkpt lat="40.5858640" lon="-3.0374940">
    <ele>735.5</ele>
   </trkpt>
   <trkpt lat="40.5858370" lon="-3.0374690">
    <ele>735.5</ele>
   </trkpt>
   <trkpt lat="40.5858120" lon="-3.0374450">
    <ele>735.5</ele>
   </trkpt>
   <trkpt lat="40.5857850" lon="-3.0374260">
    <ele>735.5</ele>
   </trkpt>
   <trkpt lat="40.5857550" lon="-3.0374110">
    <ele>735.5</ele>
   </trkpt>
   <trkpt lat="40.5857190" lon="-3.0373930">
    <ele>735.5</ele>
   </trkpt>
   <trkpt lat="40.5857050" lon="-3.0373880">
    <ele>735.4</ele>
   </trkpt>
   <trkpt lat="40.5856670" lon="-3.0373760">
    <ele>735.4</ele>
   </trkpt>
   <trkpt lat="40.5856530" lon="-3.0373720">
    <ele>735.4</ele>
   </trkpt>
   <trkpt lat="40.5856160" lon="-3.0373630">
    <ele>735.4</ele>
   </trkpt>
   <trkpt lat="40.5856030" lon="-3.0373610">
    <ele>735.4</ele>
   </trkpt>
   <trkpt lat="40.5855650" lon="-3.0373480">
    <ele>735.4</ele>
   </trkpt>
   <trkpt lat="40.5855510" lon="-3.0373450">
    <ele>735.3</ele>
   </trkpt>
   <trkpt lat="40.5855350" lon="-3.0373450">
    <ele>735.3</ele>
   </trkpt>
   <trkpt lat="40.5855250" lon="-3.0373510">
    <ele>735.3</ele>
   </trkpt>
   <trkpt lat="40.5855270" lon="-3.0373520">
    <ele>735.3</ele>
   </trkpt>
   <trkpt lat="40.5855270" lon="-3.0373510">
    <ele>735.3</ele>
   </trkpt>
   <trkpt lat="40.5855250" lon="-3.0373510">
    <ele>735.3</ele>
   </trkpt>
   <trkpt lat="40.5855190" lon="-3.0373620">
    <ele>735.3</ele>
   </trkpt>
   <trkpt lat="40.5855190" lon="-3.0373600">
    <ele>735.3</ele>
   </trkpt>
   <trkpt lat="40.5855140" lon="-3.0373610">
    <ele>735.3</ele>
   </trkpt>
   <trkpt lat="40.5855080" lon="-3.0373620">
    <ele>735.3</ele>
   </trkpt>
   <trkpt lat="40.5855030" lon="-3.0373630">
    <ele>735.3</ele>
   </trkpt>
   <trkpt lat="40.5854980" lon="-3.0373650">
    <ele>735.3</ele>
   </trkpt>
   <trkpt lat="40.5854930" lon="-3.0373660">
    <ele>735.3</ele>
   </trkpt>
   <trkpt lat="40.5854870" lon="-3.0373670">
    <ele>735.3</ele>
   </trkpt>
   <trkpt lat="40.5854820" lon="-3.0373680">
    <ele>735.3</ele>
   </trkpt>
   <trkpt lat="40.5854770" lon="-3.0373690">
    <ele>735.3</ele>
   </trkpt>
   <trkpt lat="40.5854350" lon="-3.0373670">
    <ele>735.3</ele>
   </trkpt>
   <trkpt lat="40.5854190" lon="-3.0373650">
    <ele>735.3</ele>
   </trkpt>
   <trkpt lat="40.5853850" lon="-3.0373630">
    <ele>735.3</ele>
   </trkpt>
   <trkpt lat="40.5853520" lon="-3.0373580">
    <ele>735.3</ele>
   </trkpt>
   <trkpt lat="40.5853200" lon="-3.0373450">
    <ele>735.3</ele>
   </trkpt>
   <trkpt lat="40.5852860" lon="-3.0373170">
    <ele>735.3</ele>
   </trkpt>
   <trkpt lat="40.5852590" lon="-3.0372940">
    <ele>735.3</ele>
   </trkpt>
   <trkpt lat="40.5852220" lon="-3.0372830">
    <ele>735.2</ele>
   </trkpt>
   <trkpt lat="40.5851870" lon="-3.0372710">
    <ele>735.2</ele>
   </trkpt>
   <trkpt lat="40.5851560" lon="-3.0372670">
    <ele>735.2</ele>
   </trkpt>
   <trkpt lat="40.5851180" lon="-3.0372570">
    <ele>735.1</ele>
   </trkpt>
   <trkpt lat="40.5850790" lon="-3.0372490">
    <ele>735.0</ele>
   </trkpt>
   <trkpt lat="40.5850470" lon="-3.0372350">
    <ele>735.0</ele>
   </trkpt>
   <trkpt lat="40.5850060" lon="-3.0372320">
    <ele>734.9</ele>
   </trkpt>
   <trkpt lat="40.5849610" lon="-3.0372230">
    <ele>734.8</ele>
   </trkpt>
   <trkpt lat="40.5849160" lon="-3.0371960">
    <ele>734.7</ele>
   </trkpt>
   <trkpt lat="40.5848810" lon="-3.0371660">
    <ele>734.7</ele>
   </trkpt>
   <trkpt lat="40.5848530" lon="-3.0371440">
    <ele>734.6</ele>
   </trkpt>
   <trkpt lat="40.5848190" lon="-3.0371260">
    <ele>734.6</ele>
   </trkpt>
   <trkpt lat="40.5847840" lon="-3.0371090">
    <ele>734.6</ele>
   </trkpt>
   <trkpt lat="40.5847460" lon="-3.0370920">
    <ele>734.7</ele>
   </trkpt>
   <trkpt lat="40.5847090" lon="-3.0370670">
    <ele>734.7</ele>
   </trkpt>
   <trkpt lat="40.5846710" lon="-3.0370550">
    <ele>734.7</ele>
   </trkpt>
   <trkpt lat="40.5846310" lon="-3.0370420">
    <ele>734.8</ele>
   </trkpt>
   <trkpt lat="40.5845950" lon="-3.0370200">
    <ele>734.8</ele>
   </trkpt>
   <trkpt lat="40.5845580" lon="-3.0370140">
    <ele>734.8</ele>
   </trkpt>
   <trkpt lat="40.5845220" lon="-3.0370120">
    <ele>734.8</ele>
   </trkpt>
   <trkpt lat="40.5844730" lon="-3.0370100">
    <ele>734.8</ele>
   </trkpt>
   <trkpt lat="40.5844410" lon="-3.0370100">
    <ele>734.7</ele>
   </trkpt>
   <trkpt lat="40.5844130" lon="-3.0370180">
    <ele>734.7</ele>
   </trkpt>
   <trkpt lat="40.5843870" lon="-3.0370290">
    <ele>734.7</ele>
   </trkpt>
   <trkpt lat="40.5843600" lon="-3.0370490">
    <ele>734.6</ele>
   </trkpt>
   <trkpt lat="40.5843280" lon="-3.0370600">
    <ele>734.6</ele>
   </trkpt>
   <trkpt lat="40.5842880" lon="-3.0370760">
    <ele>734.5</ele>
   </trkpt>
   <trkpt lat="40.5842550" lon="-3.0370660">
    <ele>734.4</ele>
   </trkpt>
   <trkpt lat="40.5842240" lon="-3.0370570">
    <ele>734.4</ele>
   </trkpt>
   <trkpt lat="40.5841950" lon="-3.0370690">
    <ele>734.3</ele>
   </trkpt>
   <trkpt lat="40.5841640" lon="-3.0370760">
    <ele>734.3</ele>
   </trkpt>
   <trkpt lat="40.5841220" lon="-3.0370750">
    <ele>734.2</ele>
   </trkpt>
   <trkpt lat="40.5840740" lon="-3.0370710">
    <ele>734.0</ele>
   </trkpt>
   <trkpt lat="40.5840290" lon="-3.0370710">
    <ele>733.9</ele>
   </trkpt>
   <trkpt lat="40.5839900" lon="-3.0370670">
    <ele>733.8</ele>
   </trkpt>
   <trkpt lat="40.5839550" lon="-3.0370780">
    <ele>733.7</ele>
   </trkpt>
   <trkpt lat="40.5839220" lon="-3.0370880">
    <ele>733.7</ele>
   </trkpt>
   <trkpt lat="40.5838840" lon="-3.0370940">
    <ele>733.6</ele>
   </trkpt>
   <trkpt lat="40.5838560" lon="-3.0371020">
    <ele>733.5</ele>
   </trkpt>
   <trkpt lat="40.5838250" lon="-3.0371160">
    <ele>733.4</ele>
   </trkpt>
   <trkpt lat="40.5837860" lon="-3.0371280">
    <ele>733.4</ele>
   </trkpt>
   <trkpt lat="40.5837540" lon="-3.0371470">
    <ele>733.3</ele>
   </trkpt>
   <trkpt lat="40.5837220" lon="-3.0371620">
    <ele>733.3</ele>
   </trkpt>
   <trkpt lat="40.5836810" lon="-3.0371600">
    <ele>733.2</ele>
   </trkpt>
   <trkpt lat="40.5836300" lon="-3.0371380">
    <ele>733.1</ele>
   </trkpt>
   <trkpt lat="40.5835830" lon="-3.0371140">
    <ele>733.1</ele>
   </trkpt>
   <trkpt lat="40.5835400" lon="-3.0370900">
    <ele>733.1</ele>
   </trkpt>
   <trkpt lat="40.5834900" lon="-3.0370500">
    <ele>733.1</ele>
   </trkpt>
   <trkpt lat="40.5834470" lon="-3.0370370">
    <ele>733.1</ele>
   </trkpt>
   <trkpt lat="40.5834100" lon="-3.0370310">
    <ele>733.1</ele>
   </trkpt>
   <trkpt lat="40.5833810" lon="-3.0370210">
    <ele>733.1</ele>
   </trkpt>
   <trkpt lat="40.5833420" lon="-3.0369980">
    <ele>733.1</ele>
   </trkpt>
   <trkpt lat="40.5833040" lon="-3.0369770">
    <ele>733.1</ele>
   </trkpt>
   <trkpt lat="40.5832680" lon="-3.0369600">
    <ele>733.1</ele>
   </trkpt>
   <trkpt lat="40.5832360" lon="-3.0369430">
    <ele>733.0</ele>
   </trkpt>
   <trkpt lat="40.5831930" lon="-3.0369210">
    <ele>733.0</ele>
   </trkpt>
   <trkpt lat="40.5831470" lon="-3.0369120">
    <ele>733.1</ele>
   </trkpt>
   <trkpt lat="40.5831030" lon="-3.0368970">
    <ele>733.1</ele>
   </trkpt>
   <trkpt lat="40.5830670" lon="-3.0368860">
    <ele>733.1</ele>
   </trkpt>
   <trkpt lat="40.5830300" lon="-3.0368650">
    <ele>733.2</ele>
   </trkpt>
   <trkpt lat="40.5829850" lon="-3.0368360">
    <ele>733.2</ele>
   </trkpt>
   <trkpt lat="40.5829430" lon="-3.0368070">
    <ele>733.3</ele>
   </trkpt>
   <trkpt lat="40.5829070" lon="-3.0367920">
    <ele>733.3</ele>
   </trkpt>
   <trkpt lat="40.5828740" lon="-3.0367850">
    <ele>733.4</ele>
   </trkpt>
   <trkpt lat="40.5828440" lon="-3.0367790">
    <ele>733.5</ele>
   </trkpt>
   <trkpt lat="40.5828080" lon="-3.0367820">
    <ele>733.5</ele>
   </trkpt>
   <trkpt lat="40.5827770" lon="-3.0367650">
    <ele>733.6</ele>
   </trkpt>
   <trkpt lat="40.5827410" lon="-3.0367790">
    <ele>733.7</ele>
   </trkpt>
   <trkpt lat="40.5827110" lon="-3.0367740">
    <ele>733.8</ele>
   </trkpt>
   <trkpt lat="40.5826790" lon="-3.0367690">
    <ele>733.9</ele>
   </trkpt>
   <trkpt lat="40.5826480" lon="-3.0367530">
    <ele>734.0</ele>
   </trkpt>
   <trkpt lat="40.5826170" lon="-3.0367460">
    <ele>734.1</ele>
   </trkpt>
   <trkpt lat="40.5825830" lon="-3.0367410">
    <ele>734.2</ele>
   </trkpt>
   <trkpt lat="40.5825490" lon="-3.0367310">
    <ele>734.4</ele>
   </trkpt>
   <trkpt lat="40.5825140" lon="-3.0367150">
    <ele>734.5</ele>
   </trkpt>
   <trkpt lat="40.5824830" lon="-3.0366970">
    <ele>734.6</ele>
   </trkpt>
   <trkpt lat="40.5824450" lon="-3.0366710">
    <ele>734.8</ele>
   </trkpt>
   <trkpt lat="40.5824140" lon="-3.0366390">
    <ele>734.9</ele>
   </trkpt>
   <trkpt lat="40.5823810" lon="-3.0365920">
    <ele>735.2</ele>
   </trkpt>
   <trkpt lat="40.5823520" lon="-3.0365690">
    <ele>735.3</ele>
   </trkpt>
   <trkpt lat="40.5823260" lon="-3.0365340">
    <ele>735.5</ele>
   </trkpt>
   <trkpt lat="40.5823000" lon="-3.0365130">
    <ele>735.6</ele>
   </trkpt>
   <trkpt lat="40.5822880" lon="-3.0365030">
    <ele>735.7</ele>
   </trkpt>
   <trkpt lat="40.5822520" lon="-3.0364850">
    <ele>735.9</ele>
   </trkpt>
   <trkpt lat="40.5822390" lon="-3.0364790">
    <ele>735.9</ele>
   </trkpt>
   <trkpt lat="40.5822060" lon="-3.0364540">
    <ele>736.2</ele>
   </trkpt>
   <trkpt lat="40.5821970" lon="-3.0364440">
    <ele>736.2</ele>
   </trkpt>
   <trkpt lat="40.5821860" lon="-3.0364350">
    <ele>736.3</ele>
   </trkpt>
   <trkpt lat="40.5821720" lon="-3.0364210">
    <ele>736.4</ele>
   </trkpt>
   <trkpt lat="40.5821450" lon="-3.0364050">
    <ele>736.6</ele>
   </trkpt>
   <trkpt lat="40.5821120" lon="-3.0363870">
    <ele>736.8</ele>
   </trkpt>
   <trkpt lat="40.5821010" lon="-3.0363830">
    <ele>736.8</ele>
   </trkpt>
   <trkpt lat="40.5820700" lon="-3.0363560">
    <ele>737.0</ele>
   </trkpt>
   <trkpt lat="40.5820450" lon="-3.0363110">
    <ele>737.2</ele>
   </trkpt>
   <trkpt lat="40.5820050" lon="-3.0362990">
    <ele>737.4</ele>
   </trkpt>
   <trkpt lat="40.5819890" lon="-3.0362990">
    <ele>737.5</ele>
   </trkpt>
   <trkpt lat="40.5819610" lon="-3.0362900">
    <ele>737.6</ele>
   </trkpt>
   <trkpt lat="40.5819300" lon="-3.0362740">
    <ele>737.8</ele>
   </trkpt>
   <trkpt lat="40.5818920" lon="-3.0362720">
    <ele>738.0</ele>
   </trkpt>
   <trkpt lat="40.5818790" lon="-3.0362700">
    <ele>738.1</ele>
   </trkpt>
   <trkpt lat="40.5818540" lon="-3.0362550">
    <ele>738.3</ele>
   </trkpt>
   <trkpt lat="40.5818170" lon="-3.0362410">
    <ele>738.6</ele>
   </trkpt>
   <trkpt lat="40.5818040" lon="-3.0362400">
    <ele>738.6</ele>
   </trkpt>
   <trkpt lat="40.5817750" lon="-3.0362280">
    <ele>738.9</ele>
   </trkpt>
   <trkpt lat="40.5817390" lon="-3.0362360">
    <ele>739.1</ele>
   </trkpt>
   <trkpt lat="40.5817290" lon="-3.0362440">
    <ele>739.2</ele>
   </trkpt>
   <trkpt lat="40.5816920" lon="-3.0362670">
    <ele>739.5</ele>
   </trkpt>
   <trkpt lat="40.5816770" lon="-3.0362740">
    <ele>739.6</ele>
   </trkpt>
   <trkpt lat="40.5816480" lon="-3.0362810">
    <ele>739.9</ele>
   </trkpt>
   <trkpt lat="40.5816390" lon="-3.0362790">
    <ele>739.9</ele>
   </trkpt>
   <trkpt lat="40.5816250" lon="-3.0362810">
    <ele>740.0</ele>
   </trkpt>
   <trkpt lat="40.5816260" lon="-3.0362820">
    <ele>740.0</ele>
   </trkpt>
   <trkpt lat="40.5816300" lon="-3.0362780">
    <ele>740.1</ele>
   </trkpt>
   <trkpt lat="40.5816290" lon="-3.0362770">
    <ele>740.1</ele>
   </trkpt>
   <trkpt lat="40.5816310" lon="-3.0362730">
    <ele>740.1</ele>
   </trkpt>
   <trkpt lat="40.5816340" lon="-3.0362720">
    <ele>740.1</ele>
   </trkpt>
   <trkpt lat="40.5816340" lon="-3.0362720">
    <ele>740.1</ele>
   </trkpt>
   <trkpt lat="40.5816250" lon="-3.0362690">
    <ele>740.2</ele>
   </trkpt>
   <trkpt lat="40.5816200" lon="-3.0362680">
    <ele>740.2</ele>
   </trkpt>
   <trkpt lat="40.5816070" lon="-3.0362680">
    <ele>740.3</ele>
   </trkpt>
   <trkpt lat="40.5815920" lon="-3.0362600">
    <ele>740.4</ele>
   </trkpt>
   <trkpt lat="40.5815780" lon="-3.0362590">
    <ele>740.5</ele>
   </trkpt>
   <trkpt lat="40.5815630" lon="-3.0362530">
    <ele>740.6</ele>
   </trkpt>
   <trkpt lat="40.5815480" lon="-3.0362480">
    <ele>740.7</ele>
   </trkpt>
   <trkpt lat="40.5815210" lon="-3.0362270">
    <ele>741.0</ele>
   </trkpt>
   <trkpt lat="40.5815140" lon="-3.0362230">
    <ele>741.0</ele>
   </trkpt>
   <trkpt lat="40.5814810" lon="-3.0362170">
    <ele>741.2</ele>
   </trkpt>
   <trkpt lat="40.5814700" lon="-3.0362180">
    <ele>741.3</ele>
   </trkpt>
   <trkpt lat="40.5814510" lon="-3.0362230">
    <ele>741.4</ele>
   </trkpt>
   <trkpt lat="40.5814350" lon="-3.0362280">
    <ele>741.6</ele>
   </trkpt>
   <trkpt lat="40.5814070" lon="-3.0362270">
    <ele>741.7</ele>
   </trkpt>
   <trkpt lat="40.5813980" lon="-3.0362270">
    <ele>741.8</ele>
   </trkpt>
   <trkpt lat="40.5813650" lon="-3.0362420">
    <ele>742.0</ele>
   </trkpt>
   <trkpt lat="40.5813520" lon="-3.0362440">
    <ele>742.1</ele>
   </trkpt>
   <trkpt lat="40.5813380" lon="-3.0362490">
    <ele>742.2</ele>
   </trkpt>
   <trkpt lat="40.5813270" lon="-3.0362620">
    <ele>742.3</ele>
   </trkpt>
   <trkpt lat="40.5812970" lon="-3.0362850">
    <ele>742.4</ele>
   </trkpt>
   <trkpt lat="40.5812860" lon="-3.0362920">
    <ele>742.5</ele>
   </trkpt>
   <trkpt lat="40.5812610" lon="-3.0363170">
    <ele>742.6</ele>
   </trkpt>
   <trkpt lat="40.5812490" lon="-3.0363270">
    <ele>742.6</ele>
   </trkpt>
   <trkpt lat="40.5812240" lon="-3.0363460">
    <ele>742.6</ele>
   </trkpt>
   <trkpt lat="40.5811900" lon="-3.0363630">
    <ele>742.6</ele>
   </trkpt>
   <trkpt lat="40.5811550" lon="-3.0363800">
    <ele>742.5</ele>
   </trkpt>
   <trkpt lat="40.5811430" lon="-3.0363820">
    <ele>742.5</ele>
   </trkpt>
   <trkpt lat="40.5811070" lon="-3.0363950">
    <ele>742.4</ele>
   </trkpt>
   <trkpt lat="40.5810960" lon="-3.0364040">
    <ele>742.3</ele>
   </trkpt>
   <trkpt lat="40.5810700" lon="-3.0364170">
    <ele>742.3</ele>
   </trkpt>
   <trkpt lat="40.5810610" lon="-3.0364200">
    <ele>742.2</ele>
   </trkpt>
   <trkpt lat="40.5810270" lon="-3.0364310">
    <ele>742.1</ele>
   </trkpt>
   <trkpt lat="40.5810150" lon="-3.0364340">
    <ele>742.1</ele>
   </trkpt>
   <trkpt lat="40.5809810" lon="-3.0364490">
    <ele>742.0</ele>
   </trkpt>
   <trkpt lat="40.5809700" lon="-3.0364570">
    <ele>742.0</ele>
   </trkpt>
   <trkpt lat="40.5809450" lon="-3.0364880">
    <ele>741.9</ele>
   </trkpt>
   <trkpt lat="40.5809170" lon="-3.0365150">
    <ele>741.8</ele>
   </trkpt>
   <trkpt lat="40.5808910" lon="-3.0365340">
    <ele>741.7</ele>
   </trkpt>
   <trkpt lat="40.5808620" lon="-3.0365630">
    <ele>741.6</ele>
   </trkpt>
   <trkpt lat="40.5808550" lon="-3.0365720">
    <ele>741.6</ele>
   </trkpt>
   <trkpt lat="40.5808300" lon="-3.0365950">
    <ele>741.5</ele>
   </trkpt>
   <trkpt lat="40.5808220" lon="-3.0366010">
    <ele>741.5</ele>
   </trkpt>
   <trkpt lat="40.5808030" lon="-3.0366290">
    <ele>741.4</ele>
   </trkpt>
   <trkpt lat="40.5807970" lon="-3.0366370">
    <ele>741.4</ele>
   </trkpt>
   <trkpt lat="40.5807870" lon="-3.0366580">
    <ele>741.3</ele>
   </trkpt>
   <trkpt lat="40.5807860" lon="-3.0366820">
    <ele>741.3</ele>
   </trkpt>
   <trkpt lat="40.5807630" lon="-3.0367090">
    <ele>741.2</ele>
   </trkpt>
   <trkpt lat="40.5807320" lon="-3.0367190">
    <ele>741.0</ele>
   </trkpt>
   <trkpt lat="40.5806980" lon="-3.0367450">
    <ele>740.9</ele>
   </trkpt>
   <trkpt lat="40.5806850" lon="-3.0367530">
    <ele>740.9</ele>
   </trkpt>
   <trkpt lat="40.5806570" lon="-3.0367600">
    <ele>740.7</ele>
   </trkpt>
   <trkpt lat="40.5806270" lon="-3.0367700">
    <ele>740.6</ele>
   </trkpt>
   <trkpt lat="40.5805920" lon="-3.0367830">
    <ele>740.5</ele>
   </trkpt>
   <trkpt lat="40.5805810" lon="-3.0367830">
    <ele>740.5</ele>
   </trkpt>
   <trkpt lat="40.5805450" lon="-3.0367910">
    <ele>740.4</ele>
   </trkpt>
   <trkpt lat="40.5805110" lon="-3.0367930">
    <ele>740.3</ele>
   </trkpt>
   <trkpt lat="40.5804790" lon="-3.0367880">
    <ele>740.2</ele>
   </trkpt>
   <trkpt lat="40.5804470" lon="-3.0367920">
    <ele>740.1</ele>
   </trkpt>
   <trkpt lat="40.5804130" lon="-3.0367890">
    <ele>740.0</ele>
   </trkpt>
   <trkpt lat="40.5803790" lon="-3.0367840">
    <ele>739.9</ele>
   </trkpt>
   <trkpt lat="40.5803420" lon="-3.0367830">
    <ele>739.9</ele>
   </trkpt>
   <trkpt lat="40.5803120" lon="-3.0367760">
    <ele>739.8</ele>
   </trkpt>
   <trkpt lat="40.5802840" lon="-3.0367890">
    <ele>739.8</ele>
   </trkpt>
   <trkpt lat="40.5802540" lon="-3.0368100">
    <ele>739.8</ele>
   </trkpt>
   <trkpt lat="40.5802290" lon="-3.0368280">
    <ele>739.8</ele>
   </trkpt>
   <trkpt lat="40.5802140" lon="-3.0368590">
    <ele>739.7</ele>
   </trkpt>
   <trkpt lat="40.5801860" lon="-3.0368860">
    <ele>739.7</ele>
   </trkpt>
   <trkpt lat="40.5801540" lon="-3.0369130">
    <ele>739.7</ele>
   </trkpt>
   <trkpt lat="40.5801240" lon="-3.0369450">
    <ele>739.7</ele>
   </trkpt>
   <trkpt lat="40.5800970" lon="-3.0369650">
    <ele>739.6</ele>
   </trkpt>
   <trkpt lat="40.5800680" lon="-3.0369920">
    <ele>739.6</ele>
   </trkpt>
   <trkpt lat="40.5800460" lon="-3.0370210">
    <ele>739.5</ele>
   </trkpt>
   <trkpt lat="40.5800270" lon="-3.0370500">
    <ele>739.5</ele>
   </trkpt>
   <trkpt lat="40.5800140" lon="-3.0370680">
    <ele>739.5</ele>
   </trkpt>
   <trkpt lat="40.5800080" lon="-3.0370700">
    <ele>739.4</ele>
   </trkpt>
   <trkpt lat="40.5800090" lon="-3.0370690">
    <ele>739.4</ele>
   </trkpt>
   <trkpt lat="40.5800040" lon="-3.0370710">
    <ele>739.4</ele>
   </trkpt>
   <trkpt lat="40.5799920" lon="-3.0370700">
    <ele>739.4</ele>
   </trkpt>
   <trkpt lat="40.5799880" lon="-3.0370680">
    <ele>739.4</ele>
   </trkpt>
   <trkpt lat="40.5799900" lon="-3.0370300">
    <ele>739.4</ele>
   </trkpt>
   <trkpt lat="40.5799960" lon="-3.0370120">
    <ele>739.3</ele>
   </trkpt>
   <trkpt lat="40.5799940" lon="-3.0370030">
    <ele>739.3</ele>
   </trkpt>
   <trkpt lat="40.5800000" lon="-3.0369980">
    <ele>739.3</ele>
   </trkpt>
   <trkpt lat="40.5799920" lon="-3.0370000">
    <ele>739.3</ele>
   </trkpt>
   <trkpt lat="40.5799900" lon="-3.0369930">
    <ele>739.3</ele>
   </trkpt>
   <trkpt lat="40.5799900" lon="-3.0369930">
    <ele>739.3</ele>
   </trkpt>
   <trkpt lat="40.5799890" lon="-3.0369770">
    <ele>739.2</ele>
   </trkpt>
   <trkpt lat="40.5799930" lon="-3.0369590">
    <ele>739.2</ele>
   </trkpt>
   <trkpt lat="40.5799880" lon="-3.0369590">
    <ele>739.2</ele>
   </trkpt>
   <trkpt lat="40.5799720" lon="-3.0369700">
    <ele>739.1</ele>
   </trkpt>
   <trkpt lat="40.5799660" lon="-3.0369850">
    <ele>739.1</ele>
   </trkpt>
   <trkpt lat="40.5799630" lon="-3.0370170">
    <ele>739.0</ele>
   </trkpt>
   <trkpt lat="40.5799570" lon="-3.0370570">
    <ele>739.0</ele>
   </trkpt>
   <trkpt lat="40.5799400" lon="-3.0371050">
    <ele>738.9</ele>
   </trkpt>
   <trkpt lat="40.5799210" lon="-3.0371630">
    <ele>738.9</ele>
   </trkpt>
   <trkpt lat="40.5799040" lon="-3.0372170">
    <ele>738.9</ele>
   </trkpt>
   <trkpt lat="40.5798850" lon="-3.0372620">
    <ele>738.9</ele>
   </trkpt>
   <trkpt lat="40.5798710" lon="-3.0373060">
    <ele>738.8</ele>
   </trkpt>
   <trkpt lat="40.5798590" lon="-3.0373420">
    <ele>738.7</ele>
   </trkpt>
   <trkpt lat="40.5798540" lon="-3.0373540">
    <ele>738.7</ele>
   </trkpt>
   <trkpt lat="40.5798370" lon="-3.0373870">
    <ele>738.5</ele>
   </trkpt>
   <trkpt lat="40.5798320" lon="-3.0373990">
    <ele>738.5</ele>
   </trkpt>
   <trkpt lat="40.5798090" lon="-3.0374280">
    <ele>738.3</ele>
   </trkpt>
   <trkpt lat="40.5798040" lon="-3.0374360">
    <ele>738.2</ele>
   </trkpt>
   <trkpt lat="40.5797920" lon="-3.0374730">
    <ele>737.9</ele>
   </trkpt>
   <trkpt lat="40.5797870" lon="-3.0374890">
    <ele>737.8</ele>
   </trkpt>
   <trkpt lat="40.5797820" lon="-3.0375300">
    <ele>737.5</ele>
   </trkpt>
   <trkpt lat="40.5797790" lon="-3.0375410">
    <ele>737.4</ele>
   </trkpt>
   <trkpt lat="40.5797750" lon="-3.0375860">
    <ele>737.0</ele>
   </trkpt>
   <trkpt lat="40.5797740" lon="-3.0376010">
    <ele>736.9</ele>
   </trkpt>
   <trkpt lat="40.5797740" lon="-3.0376390">
    <ele>736.6</ele>
   </trkpt>
   <trkpt lat="40.5797640" lon="-3.0376790">
    <ele>736.3</ele>
   </trkpt>
   <trkpt lat="40.5797490" lon="-3.0377290">
    <ele>735.9</ele>
   </trkpt>
   <trkpt lat="40.5797430" lon="-3.0377480">
    <ele>735.7</ele>
   </trkpt>
   <trkpt lat="40.5797280" lon="-3.0377840">
    <ele>735.4</ele>
   </trkpt>
   <trkpt lat="40.5797030" lon="-3.0378270">
    <ele>735.0</ele>
   </trkpt>
   <trkpt lat="40.5796780" lon="-3.0378710">
    <ele>734.7</ele>
   </trkpt>
   <trkpt lat="40.5796360" lon="-3.0379140">
    <ele>734.3</ele>
   </trkpt>
   <trkpt lat="40.5796050" lon="-3.0379580">
    <ele>733.9</ele>
   </trkpt>
   <trkpt lat="40.5795810" lon="-3.0380000">
    <ele>733.6</ele>
   </trkpt>
   <trkpt lat="40.5795700" lon="-3.0380420">
    <ele>733.3</ele>
   </trkpt>
   <trkpt lat="40.5795690" lon="-3.0380550">
    <ele>733.3</ele>
   </trkpt>
   <trkpt lat="40.5795920" lon="-3.0380950">
    <ele>732.9</ele>
   </trkpt>
   <trkpt lat="40.5795940" lon="-3.0381440">
    <ele>732.6</ele>
   </trkpt>
   <trkpt lat="40.5795920" lon="-3.0381970">
    <ele>732.2</ele>
   </trkpt>
   <trkpt lat="40.5795780" lon="-3.0382500">
    <ele>731.8</ele>
   </trkpt>
   <trkpt lat="40.5795710" lon="-3.0383140">
    <ele>731.4</ele>
   </trkpt>
   <trkpt lat="40.5795640" lon="-3.0383770">
    <ele>731.0</ele>
   </trkpt>
   <trkpt lat="40.5795670" lon="-3.0384460">
    <ele>730.7</ele>
   </trkpt>
   <trkpt lat="40.5795540" lon="-3.0385050">
    <ele>730.4</ele>
   </trkpt>
   <trkpt lat="40.5795440" lon="-3.0385530">
    <ele>730.2</ele>
   </trkpt>
   <trkpt lat="40.5795370" lon="-3.0385980">
    <ele>730.1</ele>
   </trkpt>
   <trkpt lat="40.5795140" lon="-3.0386300">
    <ele>729.9</ele>
   </trkpt>
   <trkpt lat="40.5795030" lon="-3.0386710">
    <ele>729.8</ele>
   </trkpt>
   <trkpt lat="40.5794960" lon="-3.0387180">
    <ele>729.7</ele>
   </trkpt>
   <trkpt lat="40.5794910" lon="-3.0387700">
    <ele>729.5</ele>
   </trkpt>
   <trkpt lat="40.5794700" lon="-3.0388190">
    <ele>729.4</ele>
   </trkpt>
   <trkpt lat="40.5794420" lon="-3.0388640">
    <ele>729.3</ele>
   </trkpt>
   <trkpt lat="40.5794060" lon="-3.0389140">
    <ele>729.1</ele>
   </trkpt>
   <trkpt lat="40.5793750" lon="-3.0389720">
    <ele>729.0</ele>
   </trkpt>
   <trkpt lat="40.5793480" lon="-3.0390210">
    <ele>728.9</ele>
   </trkpt>
   <trkpt lat="40.5793130" lon="-3.0390680">
    <ele>728.8</ele>
   </trkpt>
   <trkpt lat="40.5792830" lon="-3.0391210">
    <ele>728.8</ele>
   </trkpt>
   <trkpt lat="40.5792610" lon="-3.0391700">
    <ele>728.7</ele>
   </trkpt>
   <trkpt lat="40.5792380" lon="-3.0392170">
    <ele>728.7</ele>
   </trkpt>
   <trkpt lat="40.5792160" lon="-3.0392710">
    <ele>728.7</ele>
   </trkpt>
   <trkpt lat="40.5791980" lon="-3.0393080">
    <ele>728.8</ele>
   </trkpt>
   <trkpt lat="40.5791740" lon="-3.0393400">
    <ele>728.8</ele>
   </trkpt>
   <trkpt lat="40.5791440" lon="-3.0393710">
    <ele>728.8</ele>
   </trkpt>
   <trkpt lat="40.5791180" lon="-3.0394080">
    <ele>728.9</ele>
   </trkpt>
   <trkpt lat="40.5790880" lon="-3.0394520">
    <ele>728.9</ele>
   </trkpt>
   <trkpt lat="40.5790670" lon="-3.0394900">
    <ele>728.9</ele>
   </trkpt>
   <trkpt lat="40.5790370" lon="-3.0395300">
    <ele>728.9</ele>
   </trkpt>
   <trkpt lat="40.5790250" lon="-3.0395780">
    <ele>728.9</ele>
   </trkpt>
   <trkpt lat="40.5790010" lon="-3.0396120">
    <ele>728.8</ele>
   </trkpt>
   <trkpt lat="40.5789720" lon="-3.0396430">
    <ele>728.8</ele>
   </trkpt>
   <trkpt lat="40.5789480" lon="-3.0396790">
    <ele>728.8</ele>
   </trkpt>
   <trkpt lat="40.5789200" lon="-3.0397130">
    <ele>728.7</ele>
   </trkpt>
   <trkpt lat="40.5788990" lon="-3.0397410">
    <ele>728.7</ele>
   </trkpt>
   <trkpt lat="40.5788700" lon="-3.0397640">
    <ele>728.7</ele>
   </trkpt>
   <trkpt lat="40.5788390" lon="-3.0397910">
    <ele>728.6</ele>
   </trkpt>
   <trkpt lat="40.5788070" lon="-3.0398240">
    <ele>728.6</ele>
   </trkpt>
   <trkpt lat="40.5787740" lon="-3.0398650">
    <ele>728.5</ele>
   </trkpt>
   <trkpt lat="40.5787560" lon="-3.0399230">
    <ele>728.4</ele>
   </trkpt>
   <trkpt lat="40.5787360" lon="-3.0399770">
    <ele>728.3</ele>
   </trkpt>
   <trkpt lat="40.5787190" lon="-3.0400300">
    <ele>728.3</ele>
   </trkpt>
   <trkpt lat="40.5786950" lon="-3.0400750">
    <ele>728.2</ele>
   </trkpt>
   <trkpt lat="40.5786690" lon="-3.0401150">
    <ele>728.2</ele>
   </trkpt>
   <trkpt lat="40.5786310" lon="-3.0401580">
    <ele>728.2</ele>
   </trkpt>
   <trkpt lat="40.5785920" lon="-3.0401910">
    <ele>728.2</ele>
   </trkpt>
   <trkpt lat="40.5785610" lon="-3.0402240">
    <ele>728.2</ele>
   </trkpt>
   <trkpt lat="40.5785180" lon="-3.0402550">
    <ele>728.2</ele>
   </trkpt>
   <trkpt lat="40.5784850" lon="-3.0402960">
    <ele>728.2</ele>
   </trkpt>
   <trkpt lat="40.5784430" lon="-3.0403280">
    <ele>728.3</ele>
   </trkpt>
   <trkpt lat="40.5784070" lon="-3.0403660">
    <ele>728.3</ele>
   </trkpt>
   <trkpt lat="40.5783640" lon="-3.0404050">
    <ele>728.4</ele>
   </trkpt>
   <trkpt lat="40.5783230" lon="-3.0404370">
    <ele>728.5</ele>
   </trkpt>
   <trkpt lat="40.5782870" lon="-3.0404780">
    <ele>728.6</ele>
   </trkpt>
   <trkpt lat="40.5782580" lon="-3.0405120">
    <ele>728.6</ele>
   </trkpt>
   <trkpt lat="40.5782270" lon="-3.0405390">
    <ele>728.6</ele>
   </trkpt>
   <trkpt lat="40.5781950" lon="-3.0405850">
    <ele>728.6</ele>
   </trkpt>
   <trkpt lat="40.5781600" lon="-3.0406220">
    <ele>728.6</ele>
   </trkpt>
   <trkpt lat="40.5781230" lon="-3.0406620">
    <ele>728.5</ele>
   </trkpt>
   <trkpt lat="40.5780920" lon="-3.0407150">
    <ele>728.5</ele>
   </trkpt>
   <trkpt lat="40.5780590" lon="-3.0407530">
    <ele>728.4</ele>
   </trkpt>
   <trkpt lat="40.5780220" lon="-3.0407830">
    <ele>728.4</ele>
   </trkpt>
   <trkpt lat="40.5779890" lon="-3.0408160">
    <ele>728.4</ele>
   </trkpt>
   <trkpt lat="40.5779520" lon="-3.0408520">
    <ele>728.4</ele>
   </trkpt>
   <trkpt lat="40.5779160" lon="-3.0408830">
    <ele>728.4</ele>
   </trkpt>
   <trkpt lat="40.5778750" lon="-3.0409190">
    <ele>728.4</ele>
   </trkpt>
   <trkpt lat="40.5778340" lon="-3.0409470">
    <ele>728.4</ele>
   </trkpt>
   <trkpt lat="40.5777970" lon="-3.0409680">
    <ele>728.4</ele>
   </trkpt>
   <trkpt lat="40.5777610" lon="-3.0409940">
    <ele>728.4</ele>
   </trkpt>
   <trkpt lat="40.5777210" lon="-3.0410160">
    <ele>728.5</ele>
   </trkpt>
   <trkpt lat="40.5776850" lon="-3.0410430">
    <ele>728.5</ele>
   </trkpt>
   <trkpt lat="40.5776590" lon="-3.0410790">
    <ele>728.6</ele>
   </trkpt>
   <trkpt lat="40.5776280" lon="-3.0411260">
    <ele>728.7</ele>
   </trkpt>
   <trkpt lat="40.5775910" lon="-3.0411590">
    <ele>728.8</ele>
   </trkpt>
   <trkpt lat="40.5775420" lon="-3.0411800">
    <ele>728.9</ele>
   </trkpt>
   <trkpt lat="40.5775050" lon="-3.0412020">
    <ele>729.0</ele>
   </trkpt>
   <trkpt lat="40.5774660" lon="-3.0412260">
    <ele>729.1</ele>
   </trkpt>
   <trkpt lat="40.5774310" lon="-3.0412530">
    <ele>729.1</ele>
   </trkpt>
   <trkpt lat="40.5773870" lon="-3.0412730">
    <ele>729.2</ele>
   </trkpt>
   <trkpt lat="40.5773520" lon="-3.0413040">
    <ele>729.2</ele>
   </trkpt>
   <trkpt lat="40.5773100" lon="-3.0413510">
    <ele>729.3</ele>
   </trkpt>
   <trkpt lat="40.5772780" lon="-3.0413990">
    <ele>729.3</ele>
   </trkpt>
   <trkpt lat="40.5772540" lon="-3.0414420">
    <ele>729.3</ele>
   </trkpt>
   <trkpt lat="40.5772270" lon="-3.0414840">
    <ele>729.3</ele>
   </trkpt>
   <trkpt lat="40.5771950" lon="-3.0415230">
    <ele>729.3</ele>
   </trkpt>
   <trkpt lat="40.5771670" lon="-3.0415620">
    <ele>729.3</ele>
   </trkpt>
   <trkpt lat="40.5771300" lon="-3.0416000">
    <ele>729.3</ele>
   </trkpt>
   <trkpt lat="40.5770950" lon="-3.0416450">
    <ele>729.2</ele>
   </trkpt>
   <trkpt lat="40.5770540" lon="-3.0416890">
    <ele>729.2</ele>
   </trkpt>
   <trkpt lat="40.5770070" lon="-3.0417340">
    <ele>729.1</ele>
   </trkpt>
   <trkpt lat="40.5769630" lon="-3.0417770">
    <ele>729.1</ele>
   </trkpt>
   <trkpt lat="40.5769150" lon="-3.0418210">
    <ele>729.1</ele>
   </trkpt>
   <trkpt lat="40.5768800" lon="-3.0418630">
    <ele>729.2</ele>
   </trkpt>
   <trkpt lat="40.5768350" lon="-3.0418950">
    <ele>729.3</ele>
   </trkpt>
   <trkpt lat="40.5767950" lon="-3.0419290">
    <ele>729.4</ele>
   </trkpt>
   <trkpt lat="40.5767550" lon="-3.0419630">
    <ele>729.5</ele>
   </trkpt>
   <trkpt lat="40.5767150" lon="-3.0419890">
    <ele>729.6</ele>
   </trkpt>
   <trkpt lat="40.5766640" lon="-3.0420030">
    <ele>729.7</ele>
   </trkpt>
   <trkpt lat="40.5766340" lon="-3.0420320">
    <ele>729.8</ele>
   </trkpt>
   <trkpt lat="40.5765900" lon="-3.0420630">
    <ele>730.0</ele>
   </trkpt>
   <trkpt lat="40.5765450" lon="-3.0420910">
    <ele>730.1</ele>
   </trkpt>
   <trkpt lat="40.5765100" lon="-3.0421190">
    <ele>730.2</ele>
   </trkpt>
   <trkpt lat="40.5764760" lon="-3.0421500">
    <ele>730.3</ele>
   </trkpt>
   <trkpt lat="40.5764450" lon="-3.0421880">
    <ele>730.3</ele>
   </trkpt>
   <trkpt lat="40.5764130" lon="-3.0422250">
    <ele>730.4</ele>
   </trkpt>
   <trkpt lat="40.5763820" lon="-3.0422650">
    <ele>730.4</ele>
   </trkpt>
   <trkpt lat="40.5763630" lon="-3.0423160">
    <ele>730.3</ele>
   </trkpt>
   <trkpt lat="40.5763500" lon="-3.0423610">
    <ele>730.3</ele>
   </trkpt>
   <trkpt lat="40.5763260" lon="-3.0424150">
    <ele>730.3</ele>
   </trkpt>
   <trkpt lat="40.5762970" lon="-3.0424530">
    <ele>730.2</ele>
   </trkpt>
   <trkpt lat="40.5762650" lon="-3.0424860">
    <ele>730.2</ele>
   </trkpt>
   <trkpt lat="40.5762320" lon="-3.0425080">
    <ele>730.2</ele>
   </trkpt>
   <trkpt lat="40.5762000" lon="-3.0425370">
    <ele>730.2</ele>
   </trkpt>
   <trkpt lat="40.5761690" lon="-3.0425590">
    <ele>730.1</ele>
   </trkpt>
   <trkpt lat="40.5761430" lon="-3.0425730">
    <ele>730.1</ele>
   </trkpt>
   <trkpt lat="40.5761140" lon="-3.0425900">
    <ele>730.1</ele>
   </trkpt>
   <trkpt lat="40.5760830" lon="-3.0426150">
    <ele>730.0</ele>
   </trkpt>
   <trkpt lat="40.5760560" lon="-3.0426520">
    <ele>730.0</ele>
   </trkpt>
   <trkpt lat="40.5760220" lon="-3.0426870">
    <ele>729.9</ele>
   </trkpt>
   <trkpt lat="40.5759960" lon="-3.0427220">
    <ele>729.7</ele>
   </trkpt>
   <trkpt lat="40.5759740" lon="-3.0427600">
    <ele>729.6</ele>
   </trkpt>
   <trkpt lat="40.5759440" lon="-3.0428030">
    <ele>729.5</ele>
   </trkpt>
   <trkpt lat="40.5759140" lon="-3.0428510">
    <ele>729.3</ele>
   </trkpt>
   <trkpt lat="40.5758910" lon="-3.0428990">
    <ele>729.1</ele>
   </trkpt>
   <trkpt lat="40.5758640" lon="-3.0429440">
    <ele>728.9</ele>
   </trkpt>
   <trkpt lat="40.5758370" lon="-3.0429840">
    <ele>728.8</ele>
   </trkpt>
   <trkpt lat="40.5758120" lon="-3.0430160">
    <ele>728.7</ele>
   </trkpt>
   <trkpt lat="40.5757890" lon="-3.0430580">
    <ele>728.5</ele>
   </trkpt>
   <trkpt lat="40.5757690" lon="-3.0431020">
    <ele>728.4</ele>
   </trkpt>
   <trkpt lat="40.5757470" lon="-3.0431470">
    <ele>728.2</ele>
   </trkpt>
   <trkpt lat="40.5757280" lon="-3.0431920">
    <ele>728.1</ele>
   </trkpt>
   <trkpt lat="40.5757050" lon="-3.0432310">
    <ele>728.0</ele>
   </trkpt>
   <trkpt lat="40.5756770" lon="-3.0432610">
    <ele>727.9</ele>
   </trkpt>
   <trkpt lat="40.5756520" lon="-3.0433110">
    <ele>727.8</ele>
   </trkpt>
   <trkpt lat="40.5756300" lon="-3.0433580">
    <ele>727.7</ele>
   </trkpt>
   <trkpt lat="40.5756120" lon="-3.0434050">
    <ele>727.6</ele>
   </trkpt>
   <trkpt lat="40.5755860" lon="-3.0434520">
    <ele>727.6</ele>
   </trkpt>
   <trkpt lat="40.5755540" lon="-3.0435030">
    <ele>727.5</ele>
   </trkpt>
   <trkpt lat="40.5755220" lon="-3.0435480">
    <ele>727.4</ele>
   </trkpt>
   <trkpt lat="40.5754950" lon="-3.0435880">
    <ele>727.3</ele>
   </trkpt>
   <trkpt lat="40.5754720" lon="-3.0436390">
    <ele>727.3</ele>
   </trkpt>
   <trkpt lat="40.5754520" lon="-3.0436920">
    <ele>727.2</ele>
   </trkpt>
   <trkpt lat="40.5754280" lon="-3.0437490">
    <ele>727.1</ele>
   </trkpt>
   <trkpt lat="40.5754060" lon="-3.0438050">
    <ele>727.1</ele>
   </trkpt>
   <trkpt lat="40.5753810" lon="-3.0438540">
    <ele>727.0</ele>
   </trkpt>
   <trkpt lat="40.5753600" lon="-3.0438930">
    <ele>726.9</ele>
   </trkpt>
   <trkpt lat="40.5753240" lon="-3.0439370">
    <ele>726.9</ele>
   </trkpt>
   <trkpt lat="40.5752920" lon="-3.0439820">
    <ele>726.8</ele>
   </trkpt>
   <trkpt lat="40.5752670" lon="-3.0440340">
    <ele>726.8</ele>
   </trkpt>
   <trkpt lat="40.5752370" lon="-3.0440820">
    <ele>726.7</ele>
   </trkpt>
   <trkpt lat="40.5752130" lon="-3.0441380">
    <ele>726.6</ele>
   </trkpt>
   <trkpt lat="40.5752040" lon="-3.0441940">
    <ele>726.6</ele>
   </trkpt>
   <trkpt lat="40.5751970" lon="-3.0442410">
    <ele>726.5</ele>
   </trkpt>
   <trkpt lat="40.5751790" lon="-3.0442850">
    <ele>726.4</ele>
   </trkpt>
   <trkpt lat="40.5751610" lon="-3.0443240">
    <ele>726.3</ele>
   </trkpt>
   <trkpt lat="40.5751400" lon="-3.0443590">
    <ele>726.2</ele>
   </trkpt>
   <trkpt lat="40.5751120" lon="-3.0443930">
    <ele>726.1</ele>
   </trkpt>
   <trkpt lat="40.5750770" lon="-3.0444120">
    <ele>726.0</ele>
   </trkpt>
   <trkpt lat="40.5750460" lon="-3.0444330">
    <ele>726.0</ele>
   </trkpt>
   <trkpt lat="40.5750090" lon="-3.0444560">
    <ele>725.9</ele>
   </trkpt>
   <trkpt lat="40.5749740" lon="-3.0444800">
    <ele>725.8</ele>
   </trkpt>
   <trkpt lat="40.5749470" lon="-3.0444930">
    <ele>725.7</ele>
   </trkpt>
   <trkpt lat="40.5749340" lon="-3.0444980">
    <ele>725.7</ele>
   </trkpt>
   <trkpt lat="40.5749370" lon="-3.0444990">
    <ele>725.7</ele>
   </trkpt>
   <trkpt lat="40.5749390" lon="-3.0444990">
    <ele>725.7</ele>
   </trkpt>
   <trkpt lat="40.5749420" lon="-3.0445000">
    <ele>725.7</ele>
   </trkpt>
   <trkpt lat="40.5749440" lon="-3.0445000">
    <ele>725.7</ele>
   </trkpt>
   <trkpt lat="40.5749460" lon="-3.0445010">
    <ele>725.7</ele>
   </trkpt>
   <trkpt lat="40.5749490" lon="-3.0445010">
    <ele>725.7</ele>
   </trkpt>
   <trkpt lat="40.5749510" lon="-3.0445020">
    <ele>725.7</ele>
   </trkpt>
   <trkpt lat="40.5749540" lon="-3.0445020">
    <ele>725.7</ele>
   </trkpt>
   <trkpt lat="40.5749560" lon="-3.0445030">
    <ele>725.7</ele>
   </trkpt>
   <trkpt lat="40.5749580" lon="-3.0445030">
    <ele>725.7</ele>
   </trkpt>
   <trkpt lat="40.5749610" lon="-3.0445040">
    <ele>725.7</ele>
   </trkpt>
   <trkpt lat="40.5749630" lon="-3.0445040">
    <ele>725.7</ele>
   </trkpt>
   <trkpt lat="40.5749650" lon="-3.0445050">
    <ele>725.6</ele>
   </trkpt>
   <trkpt lat="40.5749680" lon="-3.0445050">
    <ele>725.6</ele>
   </trkpt>
   <trkpt lat="40.5749700" lon="-3.0445060">
    <ele>725.6</ele>
   </trkpt>
   <trkpt lat="40.5749730" lon="-3.0445060">
    <ele>725.6</ele>
   </trkpt>
   <trkpt lat="40.5749750" lon="-3.0445070">
    <ele>725.6</ele>
   </trkpt>
   <trkpt lat="40.5749730" lon="-3.0445070">
    <ele>725.6</ele>
   </trkpt>
   <trkpt lat="40.5749730" lon="-3.0445070">
    <ele>725.6</ele>
   </trkpt>
   <trkpt lat="40.5749730" lon="-3.0445070">
    <ele>725.6</ele>
   </trkpt>
   <trkpt lat="40.5749730" lon="-3.0445070">
    <ele>725.6</ele>
   </trkpt>
   <trkpt lat="40.5749730" lon="-3.0445070">
    <ele>725.6</ele>
   </trkpt>
   <trkpt lat="40.5749730" lon="-3.0445070">
    <ele>725.6</ele>
   </trkpt>
   <trkpt lat="40.5749730" lon="-3.0445070">
    <ele>725.6</ele>
   </trkpt>
   <trkpt lat="40.5749730" lon="-3.0445070">
    <ele>725.6</ele>
   </trkpt>
   <trkpt lat="40.5749730" lon="-3.0445070">
    <ele>725.6</ele>
   </trkpt>
   <trkpt lat="40.5749630" lon="-3.0445220">
    <ele>725.6</ele>
   </trkpt>
   <trkpt lat="40.5749510" lon="-3.0445310">
    <ele>725.6</ele>
   </trkpt>
   <trkpt lat="40.5749140" lon="-3.0445420">
    <ele>725.5</ele>
   </trkpt>
   <trkpt lat="40.5749000" lon="-3.0445480">
    <ele>725.5</ele>
   </trkpt>
   <trkpt lat="40.5748710" lon="-3.0445640">
    <ele>725.4</ele>
   </trkpt>
   <trkpt lat="40.5748400" lon="-3.0445830">
    <ele>725.3</ele>
   </trkpt>
   <trkpt lat="40.5748050" lon="-3.0446000">
    <ele>725.2</ele>
   </trkpt>
   <trkpt lat="40.5747650" lon="-3.0446120">
    <ele>725.2</ele>
   </trkpt>
   <trkpt lat="40.5747250" lon="-3.0446320">
    <ele>725.1</ele>
   </trkpt>
   <trkpt lat="40.5746800" lon="-3.0446540">
    <ele>725.0</ele>
   </trkpt>
   <trkpt lat="40.5746430" lon="-3.0446610">
    <ele>724.9</ele>
   </trkpt>
   <trkpt lat="40.5745990" lon="-3.0446810">
    <ele>724.8</ele>
   </trkpt>
   <trkpt lat="40.5745600" lon="-3.0447050">
    <ele>724.7</ele>
   </trkpt>
   <trkpt lat="40.5745170" lon="-3.0447260">
    <ele>724.6</ele>
   </trkpt>
   <trkpt lat="40.5744780" lon="-3.0447440">
    <ele>724.6</ele>
   </trkpt>
   <trkpt lat="40.5744380" lon="-3.0447650">
    <ele>724.5</ele>
   </trkpt>
   <trkpt lat="40.5743940" lon="-3.0447840">
    <ele>724.4</ele>
   </trkpt>
   <trkpt lat="40.5743460" lon="-3.0447970">
    <ele>724.3</ele>
   </trkpt>
   <trkpt lat="40.5743020" lon="-3.0448160">
    <ele>724.3</ele>
   </trkpt>
   <trkpt lat="40.5742600" lon="-3.0448370">
    <ele>724.2</ele>
   </trkpt>
   <trkpt lat="40.5742120" lon="-3.0448520">
    <ele>724.1</ele>
   </trkpt>
   <trkpt lat="40.5741680" lon="-3.0448750">
    <ele>724.1</ele>
   </trkpt>
   <trkpt lat="40.5741210" lon="-3.0449010">
    <ele>724.1</ele>
   </trkpt>
   <trkpt lat="40.5740840" lon="-3.0449290">
    <ele>724.2</ele>
   </trkpt>
   <trkpt lat="40.5740450" lon="-3.0449470">
    <ele>724.2</ele>
   </trkpt>
   <trkpt lat="40.5740170" lon="-3.0449670">
    <ele>724.2</ele>
   </trkpt>
   <trkpt lat="40.5739870" lon="-3.0449920">
    <ele>724.3</ele>
   </trkpt>
   <trkpt lat="40.5739550" lon="-3.0450110">
    <ele>724.4</ele>
   </trkpt>
   <trkpt lat="40.5739250" lon="-3.0450320">
    <ele>724.5</ele>
   </trkpt>
   <trkpt lat="40.5738940" lon="-3.0450560">
    <ele>724.6</ele>
   </trkpt>
   <trkpt lat="40.5738640" lon="-3.0450730">
    <ele>724.7</ele>
   </trkpt>
   <trkpt lat="40.5738410" lon="-3.0450920">
    <ele>724.8</ele>
   </trkpt>
   <trkpt lat="40.5738280" lon="-3.0451310">
    <ele>724.9</ele>
   </trkpt>
   <trkpt lat="40.5738240" lon="-3.0451480">
    <ele>725.0</ele>
   </trkpt>
   <trkpt lat="40.5738260" lon="-3.0451950">
    <ele>724.9</ele>
   </trkpt>
   <trkpt lat="40.5738350" lon="-3.0452550">
    <ele>724.8</ele>
   </trkpt>
   <trkpt lat="40.5738480" lon="-3.0453150">
    <ele>724.7</ele>
   </trkpt>
   <trkpt lat="40.5738640" lon="-3.0453760">
    <ele>724.6</ele>
   </trkpt>
   <trkpt lat="40.5738790" lon="-3.0454400">
    <ele>724.5</ele>
   </trkpt>
   <trkpt lat="40.5738900" lon="-3.0455050">
    <ele>724.5</ele>
   </trkpt>
   <trkpt lat="40.5739020" lon="-3.0455730">
    <ele>724.4</ele>
   </trkpt>
   <trkpt lat="40.5739120" lon="-3.0456330">
    <ele>724.4</ele>
   </trkpt>
   <trkpt lat="40.5739270" lon="-3.0456950">
    <ele>724.3</ele>
   </trkpt>
   <trkpt lat="40.5739370" lon="-3.0457580">
    <ele>724.3</ele>
   </trkpt>
   <trkpt lat="40.5739450" lon="-3.0458220">
    <ele>724.3</ele>
   </trkpt>
   <trkpt lat="40.5739530" lon="-3.0458960">
    <ele>724.3</ele>
   </trkpt>
   <trkpt lat="40.5739720" lon="-3.0459630">
    <ele>724.3</ele>
   </trkpt>
   <trkpt lat="40.5739890" lon="-3.0460250">
    <ele>724.3</ele>
   </trkpt>
   <trkpt lat="40.5739920" lon="-3.0460810">
    <ele>724.3</ele>
   </trkpt>
   <trkpt lat="40.5739920" lon="-3.0461310">
    <ele>724.3</ele>
   </trkpt>
   <trkpt lat="40.5739930" lon="-3.0461760">
    <ele>724.4</ele>
   </trkpt>
   <trkpt lat="40.5739980" lon="-3.0462170">
    <ele>724.4</ele>
   </trkpt>
   <trkpt lat="40.5740130" lon="-3.0462640">
    <ele>724.4</ele>
   </trkpt>
   <trkpt lat="40.5740260" lon="-3.0463070">
    <ele>724.4</ele>
   </trkpt>
   <trkpt lat="40.5740430" lon="-3.0463570">
    <ele>724.4</ele>
   </trkpt>
   <trkpt lat="40.5740550" lon="-3.0464070">
    <ele>724.4</ele>
   </trkpt>
   <trkpt lat="40.5740720" lon="-3.0464600">
    <ele>724.4</ele>
   </trkpt>
   <trkpt lat="40.5740890" lon="-3.0465110">
    <ele>724.4</ele>
   </trkpt>
   <trkpt lat="40.5741050" lon="-3.0465610">
    <ele>724.3</ele>
   </trkpt>
   <trkpt lat="40.5741160" lon="-3.0466090">
    <ele>724.3</ele>
   </trkpt>
   <trkpt lat="40.5741300" lon="-3.0466660">
    <ele>724.2</ele>
   </trkpt>
   <trkpt lat="40.5741430" lon="-3.0467250">
    <ele>724.2</ele>
   </trkpt>
   <trkpt lat="40.5741520" lon="-3.0467810">
    <ele>724.2</ele>
   </trkpt>
   <trkpt lat="40.5741580" lon="-3.0468390">
    <ele>724.2</ele>
   </trkpt>
   <trkpt lat="40.5741710" lon="-3.0468970">
    <ele>724.2</ele>
   </trkpt>
   <trkpt lat="40.5741830" lon="-3.0469610">
    <ele>724.3</ele>
   </trkpt>
   <trkpt lat="40.5741940" lon="-3.0470170">
    <ele>724.3</ele>
   </trkpt>
   <trkpt lat="40.5742000" lon="-3.0470770">
    <ele>724.4</ele>
   </trkpt>
   <trkpt lat="40.5742090" lon="-3.0471310">
    <ele>724.5</ele>
   </trkpt>
   <trkpt lat="40.5742150" lon="-3.0471810">
    <ele>724.5</ele>
   </trkpt>
   <trkpt lat="40.5742260" lon="-3.0472420">
    <ele>724.7</ele>
   </trkpt>
   <trkpt lat="40.5742220" lon="-3.0472960">
    <ele>724.8</ele>
   </trkpt>
   <trkpt lat="40.5742190" lon="-3.0473550">
    <ele>724.9</ele>
   </trkpt>
   <trkpt lat="40.5742220" lon="-3.0474070">
    <ele>725.0</ele>
   </trkpt>
   <trkpt lat="40.5742300" lon="-3.0474580">
    <ele>725.2</ele>
   </trkpt>
   <trkpt lat="40.5742370" lon="-3.0475070">
    <ele>725.3</ele>
   </trkpt>
   <trkpt lat="40.5742460" lon="-3.0475550">
    <ele>725.5</ele>
   </trkpt>
   <trkpt lat="40.5742480" lon="-3.0475910">
    <ele>725.6</ele>
   </trkpt>
   <trkpt lat="40.5742530" lon="-3.0476250">
    <ele>725.8</ele>
   </trkpt>
   <trkpt lat="40.5742600" lon="-3.0476660">
    <ele>725.9</ele>
   </trkpt>
   <trkpt lat="40.5742730" lon="-3.0476990">
    <ele>726.1</ele>
   </trkpt>
   <trkpt lat="40.5742900" lon="-3.0477400">
    <ele>726.3</ele>
   </trkpt>
   <trkpt lat="40.5742950" lon="-3.0477520">
    <ele>726.3</ele>
   </trkpt>
   <trkpt lat="40.5743020" lon="-3.0477750">
    <ele>726.4</ele>
   </trkpt>
   <trkpt lat="40.5743080" lon="-3.0477950">
    <ele>726.5</ele>
   </trkpt>
   <trkpt lat="40.5743180" lon="-3.0478170">
    <ele>726.6</ele>
   </trkpt>
   <trkpt lat="40.5743290" lon="-3.0478280">
    <ele>726.7</ele>
   </trkpt>
   <trkpt lat="40.5743350" lon="-3.0478370">
    <ele>726.7</ele>
   </trkpt>
   <trkpt lat="40.5743320" lon="-3.0478380">
    <ele>726.7</ele>
   </trkpt>
   <trkpt lat="40.5743290" lon="-3.0478400">
    <ele>726.7</ele>
   </trkpt>
   <trkpt lat="40.5743250" lon="-3.0478420">
    <ele>726.8</ele>
   </trkpt>
   <trkpt lat="40.5743220" lon="-3.0478440">
    <ele>726.8</ele>
   </trkpt>
   <trkpt lat="40.5743190" lon="-3.0478450">
    <ele>726.8</ele>
   </trkpt>
   <trkpt lat="40.5743160" lon="-3.0478470">
    <ele>726.8</ele>
   </trkpt>
   <trkpt lat="40.5743130" lon="-3.0478490">
    <ele>726.8</ele>
   </trkpt>
   <trkpt lat="40.5743100" lon="-3.0478510">
    <ele>726.8</ele>
   </trkpt>
   <trkpt lat="40.5743060" lon="-3.0478520">
    <ele>726.8</ele>
   </trkpt>
   <trkpt lat="40.5743030" lon="-3.0478540">
    <ele>726.8</ele>
   </trkpt>
   <trkpt lat="40.5743000" lon="-3.0478560">
    <ele>726.8</ele>
   </trkpt>
   <trkpt lat="40.5742970" lon="-3.0478570">
    <ele>726.8</ele>
   </trkpt>
   <trkpt lat="40.5742940" lon="-3.0478590">
    <ele>726.8</ele>
   </trkpt>
   <trkpt lat="40.5742910" lon="-3.0478610">
    <ele>726.8</ele>
   </trkpt>
   <trkpt lat="40.5742870" lon="-3.0478630">
    <ele>726.8</ele>
   </trkpt>
   <trkpt lat="40.5742840" lon="-3.0478640">
    <ele>726.8</ele>
   </trkpt>
   <trkpt lat="40.5742810" lon="-3.0478660">
    <ele>726.8</ele>
   </trkpt>
   <trkpt lat="40.5742540" lon="-3.0478900">
    <ele>726.9</ele>
   </trkpt>
   <trkpt lat="40.5742410" lon="-3.0478980">
    <ele>726.9</ele>
   </trkpt>
   <trkpt lat="40.5742120" lon="-3.0479320">
    <ele>726.9</ele>
   </trkpt>
   <trkpt lat="40.5742000" lon="-3.0479410">
    <ele>726.9</ele>
   </trkpt>
   <trkpt lat="40.5741820" lon="-3.0479760">
    <ele>727.0</ele>
   </trkpt>
   <trkpt lat="40.5741730" lon="-3.0479870">
    <ele>727.0</ele>
   </trkpt>
   <trkpt lat="40.5741520" lon="-3.0480130">
    <ele>727.0</ele>
   </trkpt>
   <trkpt lat="40.5741270" lon="-3.0480510">
    <ele>727.0</ele>
   </trkpt>
   <trkpt lat="40.5741180" lon="-3.0480640">
    <ele>727.0</ele>
   </trkpt>
   <trkpt lat="40.5740920" lon="-3.0480850">
    <ele>727.0</ele>
   </trkpt>
   <trkpt lat="40.5740640" lon="-3.0481140">
    <ele>727.0</ele>
   </trkpt>
   <trkpt lat="40.5740390" lon="-3.0481390">
    <ele>727.1</ele>
   </trkpt>
   <trkpt lat="40.5740170" lon="-3.0481700">
    <ele>727.1</ele>
   </trkpt>
   <trkpt lat="40.5739970" lon="-3.0482020">
    <ele>727.1</ele>
   </trkpt>
   <trkpt lat="40.5739750" lon="-3.0482300">
    <ele>727.1</ele>
   </trkpt>
   <trkpt lat="40.5739540" lon="-3.0482580">
    <ele>727.1</ele>
   </trkpt>
   <trkpt lat="40.5739290" lon="-3.0482920">
    <ele>727.2</ele>
   </trkpt>
   <trkpt lat="40.5739080" lon="-3.0483260">
    <ele>727.2</ele>
   </trkpt>
   <trkpt lat="40.5738800" lon="-3.0483650">
    <ele>727.2</ele>
   </trkpt>
   <trkpt lat="40.5738480" lon="-3.0483950">
    <ele>727.2</ele>
   </trkpt>
   <trkpt lat="40.5738040" lon="-3.0484300">
    <ele>727.3</ele>
   </trkpt>
   <trkpt lat="40.5737600" lon="-3.0484720">
    <ele>727.4</ele>
   </trkpt>
   <trkpt lat="40.5737160" lon="-3.0485000">
    <ele>727.4</ele>
   </trkpt>
   <trkpt lat="40.5736780" lon="-3.0485300">
    <ele>727.5</ele>
   </trkpt>
   <trkpt lat="40.5736440" lon="-3.0485510">
    <ele>727.5</ele>
   </trkpt>
   <trkpt lat="40.5736170" lon="-3.0485830">
    <ele>727.5</ele>
   </trkpt>
   <trkpt lat="40.5735910" lon="-3.0486170">
    <ele>727.5</ele>
   </trkpt>
   <trkpt lat="40.5735560" lon="-3.0486600">
    <ele>727.5</ele>
   </trkpt>
   <trkpt lat="40.5735210" lon="-3.0486920">
    <ele>727.5</ele>
   </trkpt>
   <trkpt lat="40.5734790" lon="-3.0487340">
    <ele>727.4</ele>
   </trkpt>
   <trkpt lat="40.5734440" lon="-3.0487680">
    <ele>727.4</ele>
   </trkpt>
   <trkpt lat="40.5734020" lon="-3.0488050">
    <ele>727.3</ele>
   </trkpt>
   <trkpt lat="40.5733630" lon="-3.0488460">
    <ele>727.3</ele>
   </trkpt>
   <trkpt lat="40.5733220" lon="-3.0488850">
    <ele>727.3</ele>
   </trkpt>
   <trkpt lat="40.5732830" lon="-3.0489210">
    <ele>727.2</ele>
   </trkpt>
   <trkpt lat="40.5732450" lon="-3.0489560">
    <ele>727.2</ele>
   </trkpt>
   <trkpt lat="40.5732090" lon="-3.0489940">
    <ele>727.2</ele>
   </trkpt>
   <trkpt lat="40.5731720" lon="-3.0490370">
    <ele>727.2</ele>
   </trkpt>
   <trkpt lat="40.5731410" lon="-3.0490680">
    <ele>727.2</ele>
   </trkpt>
   <trkpt lat="40.5731160" lon="-3.0491040">
    <ele>727.2</ele>
   </trkpt>
   <trkpt lat="40.5730880" lon="-3.0491420">
    <ele>727.2</ele>
   </trkpt>
   <trkpt lat="40.5730570" lon="-3.0491770">
    <ele>727.2</ele>
   </trkpt>
   <trkpt lat="40.5730290" lon="-3.0492130">
    <ele>727.2</ele>
   </trkpt>
   <trkpt lat="40.5729970" lon="-3.0492530">
    <ele>727.2</ele>
   </trkpt>
   <trkpt lat="40.5729710" lon="-3.0492980">
    <ele>727.2</ele>
   </trkpt>
   <trkpt lat="40.5729440" lon="-3.0493390">
    <ele>727.2</ele>
   </trkpt>
   <trkpt lat="40.5729060" lon="-3.0493810">
    <ele>727.3</ele>
   </trkpt>
   <trkpt lat="40.5728710" lon="-3.0494180">
    <ele>727.3</ele>
   </trkpt>
   <trkpt lat="40.5728320" lon="-3.0494570">
    <ele>727.4</ele>
   </trkpt>
   <trkpt lat="40.5727910" lon="-3.0494970">
    <ele>727.5</ele>
   </trkpt>
   <trkpt lat="40.5727570" lon="-3.0495350">
    <ele>727.5</ele>
   </trkpt>
   <trkpt lat="40.5727230" lon="-3.0495770">
    <ele>727.6</ele>
   </trkpt>
   <trkpt lat="40.5726890" lon="-3.0496150">
    <ele>727.7</ele>
   </trkpt>
   <trkpt lat="40.5726620" lon="-3.0496590">
    <ele>727.8</ele>
   </trkpt>
   <trkpt lat="40.5726310" lon="-3.0496940">
    <ele>727.9</ele>
   </trkpt>
   <trkpt lat="40.5725920" lon="-3.0497340">
    <ele>728.0</ele>
   </trkpt>
   <trkpt lat="40.5725590" lon="-3.0497730">
    <ele>728.1</ele>
   </trkpt>
   <trkpt lat="40.5725270" lon="-3.0498090">
    <ele>728.2</ele>
   </trkpt>
   <trkpt lat="40.5724920" lon="-3.0498470">
    <ele>728.3</ele>
   </trkpt>
   <trkpt lat="40.5724470" lon="-3.0498790">
    <ele>728.3</ele>
   </trkpt>
   <trkpt lat="40.5724120" lon="-3.0499220">
    <ele>728.4</ele>
   </trkpt>
   <trkpt lat="40.5723800" lon="-3.0499520">
    <ele>728.5</ele>
   </trkpt>
   <trkpt lat="40.5723560" lon="-3.0499870">
    <ele>728.5</ele>
   </trkpt>
   <trkpt lat="40.5723210" lon="-3.0500210">
    <ele>728.6</ele>
   </trkpt>
   <trkpt lat="40.5722970" lon="-3.0500600">
    <ele>728.7</ele>
   </trkpt>
   <trkpt lat="40.5722670" lon="-3.0501040">
    <ele>728.8</ele>
   </trkpt>
   <trkpt lat="40.5722400" lon="-3.0501520">
    <ele>728.8</ele>
   </trkpt>
   <trkpt lat="40.5722120" lon="-3.0501870">
    <ele>728.9</ele>
   </trkpt>
   <trkpt lat="40.5721820" lon="-3.0502270">
    <ele>729.0</ele>
   </trkpt>
   <trkpt lat="40.5721570" lon="-3.0502670">
    <ele>729.0</ele>
   </trkpt>
   <trkpt lat="40.5721370" lon="-3.0503150">
    <ele>729.1</ele>
   </trkpt>
   <trkpt lat="40.5721170" lon="-3.0503680">
    <ele>729.1</ele>
   </trkpt>
   <trkpt lat="40.5720930" lon="-3.0504190">
    <ele>729.2</ele>
   </trkpt>
   <trkpt lat="40.5720670" lon="-3.0504580">
    <ele>729.2</ele>
   </trkpt>
   <trkpt lat="40.5720310" lon="-3.0504930">
    <ele>729.3</ele>
   </trkpt>
   <trkpt lat="40.5719960" lon="-3.0505280">
    <ele>729.3</ele>
   </trkpt>
   <trkpt lat="40.5719600" lon="-3.0505690">
    <ele>729.4</ele>
   </trkpt>
   <trkpt lat="40.5719230" lon="-3.0506020">
    <ele>729.4</ele>
   </trkpt>
   <trkpt lat="40.5718790" lon="-3.0506240">
    <ele>729.4</ele>
   </trkpt>
   <trkpt lat="40.5718440" lon="-3.0506400">
    <ele>729.4</ele>
   </trkpt>
   <trkpt lat="40.5718100" lon="-3.0506540">
    <ele>729.4</ele>
   </trkpt>
   <trkpt lat="40.5717740" lon="-3.0506710">
    <ele>729.3</ele>
   </trkpt>
   <trkpt lat="40.5717400" lon="-3.0506900">
    <ele>729.3</ele>
   </trkpt>
   <trkpt lat="40.5717110" lon="-3.0507010">
    <ele>729.3</ele>
   </trkpt>
   <trkpt lat="40.5716890" lon="-3.0507040">
    <ele>729.2</ele>
   </trkpt>
   <trkpt lat="40.5716760" lon="-3.0507060">
    <ele>729.2</ele>
   </trkpt>
   <trkpt lat="40.5716680" lon="-3.0507050">
    <ele>729.2</ele>
   </trkpt>
   <trkpt lat="40.5716660" lon="-3.0507050">
    <ele>729.2</ele>
   </trkpt>
   <trkpt lat="40.5716650" lon="-3.0507050">
    <ele>729.2</ele>
   </trkpt>
   <trkpt lat="40.5716630" lon="-3.0507050">
    <ele>729.2</ele>
   </trkpt>
   <trkpt lat="40.5716610" lon="-3.0507050">
    <ele>729.2</ele>
   </trkpt>
   <trkpt lat="40.5716590" lon="-3.0507050">
    <ele>729.2</ele>
   </trkpt>
   <trkpt lat="40.5716570" lon="-3.0507050">
    <ele>729.2</ele>
   </trkpt>
   <trkpt lat="40.5716560" lon="-3.0507050">
    <ele>729.2</ele>
   </trkpt>
   <trkpt lat="40.5716540" lon="-3.0507050">
    <ele>729.2</ele>
   </trkpt>
   <trkpt lat="40.5716520" lon="-3.0507050">
    <ele>729.2</ele>
   </trkpt>
   <trkpt lat="40.5716500" lon="-3.0507050">
    <ele>729.2</ele>
   </trkpt>
   <trkpt lat="40.5716490" lon="-3.0507050">
    <ele>729.2</ele>
   </trkpt>
   <trkpt lat="40.5716470" lon="-3.0507050">
    <ele>729.2</ele>
   </trkpt>
   <trkpt lat="40.5716450" lon="-3.0507050">
    <ele>729.2</ele>
   </trkpt>
   <trkpt lat="40.5716430" lon="-3.0507050">
    <ele>729.2</ele>
   </trkpt>
   <trkpt lat="40.5716410" lon="-3.0507050">
    <ele>729.2</ele>
   </trkpt>
   <trkpt lat="40.5716400" lon="-3.0507050">
    <ele>729.2</ele>
   </trkpt>
   <trkpt lat="40.5716380" lon="-3.0507050">
    <ele>729.2</ele>
   </trkpt>
   <trkpt lat="40.5716360" lon="-3.0507050">
    <ele>729.2</ele>
   </trkpt>
   <trkpt lat="40.5715920" lon="-3.0507170">
    <ele>729.1</ele>
   </trkpt>
   <trkpt lat="40.5715740" lon="-3.0507230">
    <ele>729.0</ele>
   </trkpt>
   <trkpt lat="40.5715360" lon="-3.0507300">
    <ele>729.0</ele>
   </trkpt>
   <trkpt lat="40.5714930" lon="-3.0507300">
    <ele>728.9</ele>
   </trkpt>
   <trkpt lat="40.5714480" lon="-3.0507460">
    <ele>728.8</ele>
   </trkpt>
   <trkpt lat="40.5713990" lon="-3.0507570">
    <ele>728.7</ele>
   </trkpt>
   <trkpt lat="40.5713620" lon="-3.0507610">
    <ele>728.7</ele>
   </trkpt>
   <trkpt lat="40.5713180" lon="-3.0507770">
    <ele>728.5</ele>
   </trkpt>
   <trkpt lat="40.5712820" lon="-3.0507850">
    <ele>728.5</ele>
   </trkpt>
   <trkpt lat="40.5712510" lon="-3.0507940">
    <ele>728.4</ele>
   </trkpt>
   <trkpt lat="40.5712250" lon="-3.0508010">
    <ele>728.3</ele>
   </trkpt>
   <trkpt lat="40.5711950" lon="-3.0508080">
    <ele>728.2</ele>
   </trkpt>
   <trkpt lat="40.5711840" lon="-3.0508090">
    <ele>728.2</ele>
   </trkpt>
   <trkpt lat="40.5711500" lon="-3.0508120">
    <ele>728.1</ele>
   </trkpt>
   <trkpt lat="40.5711360" lon="-3.0508140">
    <ele>728.0</ele>
   </trkpt>
   <trkpt lat="40.5710960" lon="-3.0508200">
    <ele>727.9</ele>
   </trkpt>
   <trkpt lat="40.5710590" lon="-3.0508340">
    <ele>727.7</ele>
   </trkpt>
   <trkpt lat="40.5710210" lon="-3.0508460">
    <ele>727.6</ele>
   </trkpt>
   <trkpt lat="40.5709700" lon="-3.0508530">
    <ele>727.4</ele>
   </trkpt>
   <trkpt lat="40.5709210" lon="-3.0508640">
    <ele>727.2</ele>
   </trkpt>
   <trkpt lat="40.5708720" lon="-3.0508790">
    <ele>727.0</ele>
   </trkpt>
   <trkpt lat="40.5708140" lon="-3.0508960">
    <ele>726.8</ele>
   </trkpt>
   <trkpt lat="40.5707570" lon="-3.0509140">
    <ele>726.7</ele>
   </trkpt>
   <trkpt lat="40.5707040" lon="-3.0509410">
    <ele>726.5</ele>
   </trkpt>
   <trkpt lat="40.5706450" lon="-3.0509730">
    <ele>726.3</ele>
   </trkpt>
   <trkpt lat="40.5705870" lon="-3.0510010">
    <ele>726.1</ele>
   </trkpt>
   <trkpt lat="40.5705230" lon="-3.0510340">
    <ele>725.9</ele>
   </trkpt>
   <trkpt lat="40.5704620" lon="-3.0510690">
    <ele>725.7</ele>
   </trkpt>
   <trkpt lat="40.5704110" lon="-3.0511110">
    <ele>725.5</ele>
   </trkpt>
   <trkpt lat="40.5703640" lon="-3.0511510">
    <ele>725.3</ele>
   </trkpt>
   <trkpt lat="40.5703140" lon="-3.0511850">
    <ele>725.1</ele>
   </trkpt>
   <trkpt lat="40.5702470" lon="-3.0512200">
    <ele>724.9</ele>
   </trkpt>
   <trkpt lat="40.5701920" lon="-3.0512660">
    <ele>724.7</ele>
   </trkpt>
   <trkpt lat="40.5701390" lon="-3.0513030">
    <ele>724.5</ele>
   </trkpt>
   <trkpt lat="40.5700710" lon="-3.0513330">
    <ele>724.4</ele>
   </trkpt>
   <trkpt lat="40.5700120" lon="-3.0513510">
    <ele>724.3</ele>
   </trkpt>
   <trkpt lat="40.5699500" lon="-3.0513600">
    <ele>724.2</ele>
   </trkpt>
   <trkpt lat="40.5698750" lon="-3.0513430">
    <ele>724.0</ele>
   </trkpt>
   <trkpt lat="40.5698010" lon="-3.0513110">
    <ele>723.8</ele>
   </trkpt>
   <trkpt lat="40.5697340" lon="-3.0512830">
    <ele>723.7</ele>
   </trkpt>
   <trkpt lat="40.5696630" lon="-3.0512530">
    <ele>723.6</ele>
   </trkpt>
   <trkpt lat="40.5695950" lon="-3.0512210">
    <ele>723.5</ele>
   </trkpt>
   <trkpt lat="40.5695330" lon="-3.0511900">
    <ele>723.5</ele>
   </trkpt>
   <trkpt lat="40.5694640" lon="-3.0511560">
    <ele>723.4</ele>
   </trkpt>
   <trkpt lat="40.5694050" lon="-3.0511320">
    <ele>723.4</ele>
   </trkpt>
   <trkpt lat="40.5693440" lon="-3.0511150">
    <ele>723.4</ele>
   </trkpt>
   <trkpt lat="40.5692850" lon="-3.0511030">
    <ele>723.4</ele>
   </trkpt>
   <trkpt lat="40.5692230" lon="-3.0510900">
    <ele>723.3</ele>
   </trkpt>
   <trkpt lat="40.5691680" lon="-3.0510770">
    <ele>723.3</ele>
   </trkpt>
   <trkpt lat="40.5691060" lon="-3.0510600">
    <ele>723.3</ele>
   </trkpt>
   <trkpt lat="40.5690500" lon="-3.0510420">
    <ele>723.3</ele>
   </trkpt>
   <trkpt lat="40.5689810" lon="-3.0510360">
    <ele>723.3</ele>
   </trkpt>
   <trkpt lat="40.5689180" lon="-3.0510330">
    <ele>723.2</ele>
   </trkpt>
   <trkpt lat="40.5688570" lon="-3.0510210">
    <ele>723.2</ele>
   </trkpt>
   <trkpt lat="40.5687970" lon="-3.0510170">
    <ele>723.1</ele>
   </trkpt>
   <trkpt lat="40.5687380" lon="-3.0510090">
    <ele>723.0</ele>
   </trkpt>
   <trkpt lat="40.5686780" lon="-3.0509970">
    <ele>722.9</ele>
   </trkpt>
   <trkpt lat="40.5686120" lon="-3.0510000">
    <ele>722.8</ele>
   </trkpt>
   <trkpt lat="40.5685510" lon="-3.0510030">
    <ele>722.7</ele>
   </trkpt>
   <trkpt lat="40.5684900" lon="-3.0510070">
    <ele>722.6</ele>
   </trkpt>
   <trkpt lat="40.5684280" lon="-3.0510030">
    <ele>722.6</ele>
   </trkpt>
   <trkpt lat="40.5683670" lon="-3.0509970">
    <ele>722.6</ele>
   </trkpt>
   <trkpt lat="40.5683120" lon="-3.0509980">
    <ele>722.6</ele>
   </trkpt>
   <trkpt lat="40.5682570" lon="-3.0509980">
    <ele>722.6</ele>
   </trkpt>
   <trkpt lat="40.5682050" lon="-3.0509940">
    <ele>722.6</ele>
   </trkpt>
   <trkpt lat="40.5681510" lon="-3.0510010">
    <ele>722.6</ele>
   </trkpt>
   <trkpt lat="40.5681020" lon="-3.0510040">
    <ele>722.7</ele>
   </trkpt>
   <trkpt lat="40.5680470" lon="-3.0510070">
    <ele>722.8</ele>
   </trkpt>
   <trkpt lat="40.5679930" lon="-3.0510180">
    <ele>722.9</ele>
   </trkpt>
   <trkpt lat="40.5679400" lon="-3.0510310">
    <ele>723.0</ele>
   </trkpt>
   <trkpt lat="40.5678850" lon="-3.0510390">
    <ele>723.2</ele>
   </trkpt>
   <trkpt lat="40.5678350" lon="-3.0510620">
    <ele>723.3</ele>
   </trkpt>
   <trkpt lat="40.5677880" lon="-3.0510860">
    <ele>723.5</ele>
   </trkpt>
   <trkpt lat="40.5677470" lon="-3.0510920">
    <ele>723.7</ele>
   </trkpt>
   <trkpt lat="40.5676980" lon="-3.0511090">
    <ele>723.9</ele>
   </trkpt>
   <trkpt lat="40.5676610" lon="-3.0511290">
    <ele>724.1</ele>
   </trkpt>
   <trkpt lat="40.5676270" lon="-3.0511410">
    <ele>724.2</ele>
   </trkpt>
   <trkpt lat="40.5675920" lon="-3.0511520">
    <ele>724.4</ele>
   </trkpt>
   <trkpt lat="40.5675610" lon="-3.0511590">
    <ele>724.5</ele>
   </trkpt>
   <trkpt lat="40.5675270" lon="-3.0511720">
    <ele>724.7</ele>
   </trkpt>
   <trkpt lat="40.5674950" lon="-3.0511830">
    <ele>724.8</ele>
   </trkpt>
   <trkpt lat="40.5674620" lon="-3.0511940">
    <ele>724.9</ele>
   </trkpt>
   <trkpt lat="40.5674280" lon="-3.0512050">
    <ele>725.1</ele>
   </trkpt>
   <trkpt lat="40.5673930" lon="-3.0512050">
    <ele>725.2</ele>
   </trkpt>
   <trkpt lat="40.5673560" lon="-3.0512110">
    <ele>725.3</ele>
   </trkpt>
   <trkpt lat="40.5673210" lon="-3.0512130">
    <ele>725.4</ele>
   </trkpt>
   <trkpt lat="40.5672880" lon="-3.0512190">
    <ele>725.5</ele>
   </trkpt>
   <trkpt lat="40.5672560" lon="-3.0512230">
    <ele>725.6</ele>
   </trkpt>
   <trkpt lat="40.5672220" lon="-3.0512260">
    <ele>725.7</ele>
   </trkpt>
   <trkpt lat="40.5671840" lon="-3.0512360">
    <ele>725.7</ele>
   </trkpt>
   <trkpt lat="40.5671430" lon="-3.0512590">
    <ele>725.8</ele>
   </trkpt>
   <trkpt lat="40.5671240" lon="-3.0512660">
    <ele>725.8</ele>
   </trkpt>
   <trkpt lat="40.5670840" lon="-3.0512770">
    <ele>725.8</ele>
   </trkpt>
   <trkpt lat="40.5670490" lon="-3.0512930">
    <ele>725.8</ele>
   </trkpt>
   <trkpt lat="40.5670170" lon="-3.0513040">
    <ele>725.8</ele>
   </trkpt>
   <trkpt lat="40.5669820" lon="-3.0513170">
    <ele>725.8</ele>
   </trkpt>
   <trkpt lat="40.5669520" lon="-3.0513240">
    <ele>725.8</ele>
   </trkpt>
   <trkpt lat="40.5669180" lon="-3.0513380">
    <ele>725.8</ele>
   </trkpt>
   <trkpt lat="40.5668760" lon="-3.0513470">
    <ele>725.8</ele>
   </trkpt>
   <trkpt lat="40.5668360" lon="-3.0513540">
    <ele>725.8</ele>
   </trkpt>
   <trkpt lat="40.5667960" lon="-3.0513550">
    <ele>725.7</ele>
   </trkpt>
   <trkpt lat="40.5667530" lon="-3.0513520">
    <ele>725.7</ele>
   </trkpt>
   <trkpt lat="40.5667050" lon="-3.0513430">
    <ele>725.7</ele>
   </trkpt>
   <trkpt lat="40.5666580" lon="-3.0513430">
    <ele>725.6</ele>
   </trkpt>
   <trkpt lat="40.5666120" lon="-3.0513400">
    <ele>725.6</ele>
   </trkpt>
   <trkpt lat="40.5665710" lon="-3.0513500">
    <ele>725.6</ele>
   </trkpt>
   <trkpt lat="40.5665260" lon="-3.0513540">
    <ele>725.5</ele>
   </trkpt>
   <trkpt lat="40.5664810" lon="-3.0513600">
    <ele>725.5</ele>
   </trkpt>
   <trkpt lat="40.5664340" lon="-3.0513690">
    <ele>725.4</ele>
   </trkpt>
   <trkpt lat="40.5663890" lon="-3.0513770">
    <ele>725.4</ele>
   </trkpt>
   <trkpt lat="40.5663400" lon="-3.0513860">
    <ele>725.3</ele>
   </trkpt>
   <trkpt lat="40.5662900" lon="-3.0513920">
    <ele>725.3</ele>
   </trkpt>
   <trkpt lat="40.5662420" lon="-3.0513930">
    <ele>725.2</ele>
   </trkpt>
   <trkpt lat="40.5661960" lon="-3.0513870">
    <ele>725.2</ele>
   </trkpt>
   <trkpt lat="40.5661550" lon="-3.0513820">
    <ele>725.2</ele>
   </trkpt>
   <trkpt lat="40.5661140" lon="-3.0513850">
    <ele>725.2</ele>
   </trkpt>
   <trkpt lat="40.5660720" lon="-3.0513850">
    <ele>725.2</ele>
   </trkpt>
   <trkpt lat="40.5660280" lon="-3.0513870">
    <ele>725.3</ele>
   </trkpt>
   <trkpt lat="40.5659890" lon="-3.0513750">
    <ele>725.3</ele>
   </trkpt>
   <trkpt lat="40.5659470" lon="-3.0513620">
    <ele>725.3</ele>
   </trkpt>
   <trkpt lat="40.5658990" lon="-3.0513650">
    <ele>725.3</ele>
   </trkpt>
   <trkpt lat="40.5658550" lon="-3.0513680">
    <ele>725.4</ele>
   </trkpt>
   <trkpt lat="40.5658100" lon="-3.0513650">
    <ele>725.4</ele>
   </trkpt>
   <trkpt lat="40.5657630" lon="-3.0513570">
    <ele>725.4</ele>
   </trkpt>
   <trkpt lat="40.5657130" lon="-3.0513510">
    <ele>725.5</ele>
   </trkpt>
   <trkpt lat="40.5656670" lon="-3.0513450">
    <ele>725.5</ele>
   </trkpt>
   <trkpt lat="40.5656230" lon="-3.0513380">
    <ele>725.6</ele>
   </trkpt>
   <trkpt lat="40.5655830" lon="-3.0513300">
    <ele>725.6</ele>
   </trkpt>
   <trkpt lat="40.5655430" lon="-3.0513130">
    <ele>725.6</ele>
   </trkpt>
   <trkpt lat="40.5655020" lon="-3.0513010">
    <ele>725.7</ele>
   </trkpt>
   <trkpt lat="40.5654650" lon="-3.0512870">
    <ele>725.7</ele>
   </trkpt>
   <trkpt lat="40.5654230" lon="-3.0512680">
    <ele>725.7</ele>
   </trkpt>
   <trkpt lat="40.5653870" lon="-3.0512390">
    <ele>725.8</ele>
   </trkpt>
   <trkpt lat="40.5653540" lon="-3.0512070">
    <ele>725.8</ele>
   </trkpt>
   <trkpt lat="40.5653160" lon="-3.0511830">
    <ele>725.9</ele>
   </trkpt>
   <trkpt lat="40.5652790" lon="-3.0511620">
    <ele>725.9</ele>
   </trkpt>
   <trkpt lat="40.5652430" lon="-3.0511350">
    <ele>725.9</ele>
   </trkpt>
   <trkpt lat="40.5652080" lon="-3.0511130">
    <ele>725.9</ele>
   </trkpt>
   <trkpt lat="40.5651680" lon="-3.0510800">
    <ele>725.9</ele>
   </trkpt>
   <trkpt lat="40.5651180" lon="-3.0510550">
    <ele>725.9</ele>
   </trkpt>
   <trkpt lat="40.5650690" lon="-3.0510340">
    <ele>725.9</ele>
   </trkpt>
   <trkpt lat="40.5650250" lon="-3.0510130">
    <ele>725.9</ele>
   </trkpt>
   <trkpt lat="40.5649820" lon="-3.0509950">
    <ele>725.8</ele>
   </trkpt>
   <trkpt lat="40.5649390" lon="-3.0509840">
    <ele>725.8</ele>
   </trkpt>
   <trkpt lat="40.5648970" lon="-3.0509750">
    <ele>725.8</ele>
   </trkpt>
   <trkpt lat="40.5648530" lon="-3.0509560">
    <ele>725.7</ele>
   </trkpt>
   <trkpt lat="40.5648090" lon="-3.0509480">
    <ele>725.7</ele>
   </trkpt>
   <trkpt lat="40.5647610" lon="-3.0509490">
    <ele>725.7</ele>
   </trkpt>
   <trkpt lat="40.5647160" lon="-3.0509500">
    <ele>725.7</ele>
   </trkpt>
   <trkpt lat="40.5646770" lon="-3.0509480">
    <ele>725.7</ele>
   </trkpt>
   <trkpt lat="40.5646400" lon="-3.0509440">
    <ele>725.7</ele>
   </trkpt>
   <trkpt lat="40.5645990" lon="-3.0509470">
    <ele>725.7</ele>
   </trkpt>
   <trkpt lat="40.5645600" lon="-3.0509440">
    <ele>725.8</ele>
   </trkpt>
   <trkpt lat="40.5645150" lon="-3.0509350">
    <ele>725.8</ele>
   </trkpt>
   <trkpt lat="40.5644720" lon="-3.0509270">
    <ele>725.8</ele>
   </trkpt>
   <trkpt lat="40.5644290" lon="-3.0509160">
    <ele>725.9</ele>
   </trkpt>
   <trkpt lat="40.5643880" lon="-3.0509030">
    <ele>725.9</ele>
   </trkpt>
   <trkpt lat="40.5643490" lon="-3.0509000">
    <ele>726.0</ele>
   </trkpt>
   <trkpt lat="40.5643090" lon="-3.0508890">
    <ele>726.0</ele>
   </trkpt>
   <trkpt lat="40.5642600" lon="-3.0508770">
    <ele>726.1</ele>
   </trkpt>
   <trkpt lat="40.5642180" lon="-3.0508630">
    <ele>726.2</ele>
   </trkpt>
   <trkpt lat="40.5641770" lon="-3.0508520">
    <ele>726.3</ele>
   </trkpt>
   <trkpt lat="40.5641290" lon="-3.0508400">
    <ele>726.4</ele>
   </trkpt>
   <trkpt lat="40.5640910" lon="-3.0508330">
    <ele>726.5</ele>
   </trkpt>
   <trkpt lat="40.5640500" lon="-3.0508370">
    <ele>726.7</ele>
   </trkpt>
   <trkpt lat="40.5640030" lon="-3.0508390">
    <ele>726.9</ele>
   </trkpt>
   <trkpt lat="40.5639630" lon="-3.0508370">
    <ele>727.0</ele>
   </trkpt>
   <trkpt lat="40.5639290" lon="-3.0508350">
    <ele>727.2</ele>
   </trkpt>
   <trkpt lat="40.5638930" lon="-3.0508350">
    <ele>727.4</ele>
   </trkpt>
   <trkpt lat="40.5638650" lon="-3.0508330">
    <ele>727.5</ele>
   </trkpt>
   <trkpt lat="40.5638290" lon="-3.0508420">
    <ele>727.7</ele>
   </trkpt>
   <trkpt lat="40.5638140" lon="-3.0508440">
    <ele>727.7</ele>
   </trkpt>
   <trkpt lat="40.5637850" lon="-3.0508590">
    <ele>727.9</ele>
   </trkpt>
   <trkpt lat="40.5637530" lon="-3.0508700">
    <ele>728.0</ele>
   </trkpt>
   <trkpt lat="40.5637230" lon="-3.0508770">
    <ele>728.2</ele>
   </trkpt>
   <trkpt lat="40.5636950" lon="-3.0508870">
    <ele>728.3</ele>
   </trkpt>
   <trkpt lat="40.5636600" lon="-3.0509090">
    <ele>728.5</ele>
   </trkpt>
   <trkpt lat="40.5636470" lon="-3.0509150">
    <ele>728.5</ele>
   </trkpt>
   <trkpt lat="40.5636190" lon="-3.0509220">
    <ele>728.6</ele>
   </trkpt>
   <trkpt lat="40.5635820" lon="-3.0509320">
    <ele>728.7</ele>
   </trkpt>
   <trkpt lat="40.5635700" lon="-3.0509360">
    <ele>728.7</ele>
   </trkpt>
   <trkpt lat="40.5635410" lon="-3.0509480">
    <ele>728.7</ele>
   </trkpt>
   <trkpt lat="40.5635310" lon="-3.0509490">
    <ele>728.7</ele>
   </trkpt>
   <trkpt lat="40.5634970" lon="-3.0509710">
    <ele>728.7</ele>
   </trkpt>
   <trkpt lat="40.5634840" lon="-3.0509760">
    <ele>728.7</ele>
   </trkpt>
   <trkpt lat="40.5634440" lon="-3.0509910">
    <ele>728.7</ele>
   </trkpt>
   <trkpt lat="40.5634280" lon="-3.0509940">
    <ele>728.7</ele>
   </trkpt>
   <trkpt lat="40.5634010" lon="-3.0510030">
    <ele>728.6</ele>
   </trkpt>
   <trkpt lat="40.5633640" lon="-3.0510060">
    <ele>728.5</ele>
   </trkpt>
   <trkpt lat="40.5633510" lon="-3.0510050">
    <ele>728.5</ele>
   </trkpt>
   <trkpt lat="40.5633130" lon="-3.0509990">
    <ele>728.4</ele>
   </trkpt>
   <trkpt lat="40.5633000" lon="-3.0509960">
    <ele>728.4</ele>
   </trkpt>
   <trkpt lat="40.5632820" lon="-3.0509960">
    <ele>728.4</ele>
   </trkpt>
   <trkpt lat="40.5632710" lon="-3.0509890">
    <ele>728.4</ele>
   </trkpt>
   <trkpt lat="40.5632830" lon="-3.0509920">
    <ele>728.3</ele>
   </trkpt>
   <trkpt lat="40.5632900" lon="-3.0509970">
    <ele>728.3</ele>
   </trkpt>
   <trkpt lat="40.5632980" lon="-3.0510020">
    <ele>728.3</ele>
   </trkpt>
   <trkpt lat="40.5633050" lon="-3.0510070">
    <ele>728.3</ele>
   </trkpt>
   <trkpt lat="40.5633030" lon="-3.0510090">
    <ele>728.3</ele>
   </trkpt>
   <trkpt lat="40.5633000" lon="-3.0510110">
    <ele>728.3</ele>
   </trkpt>
   <trkpt lat="40.5632980" lon="-3.0510120">
    <ele>728.3</ele>
   </trkpt>
   <trkpt lat="40.5632960" lon="-3.0510140">
    <ele>728.3</ele>
   </trkpt>
   <trkpt lat="40.5632930" lon="-3.0510150">
    <ele>728.2</ele>
   </trkpt>
   <trkpt lat="40.5632910" lon="-3.0510160">
    <ele>728.2</ele>
   </trkpt>
   <trkpt lat="40.5632890" lon="-3.0510180">
    <ele>728.2</ele>
   </trkpt>
   <trkpt lat="40.5632870" lon="-3.0510190">
    <ele>728.2</ele>
   </trkpt>
   <trkpt lat="40.5632840" lon="-3.0510200">
    <ele>728.2</ele>
   </trkpt>
   <trkpt lat="40.5632820" lon="-3.0510220">
    <ele>728.2</ele>
   </trkpt>
   <trkpt lat="40.5632800" lon="-3.0510230">
    <ele>728.2</ele>
   </trkpt>
   <trkpt lat="40.5632770" lon="-3.0510250">
    <ele>728.2</ele>
   </trkpt>
   <trkpt lat="40.5632750" lon="-3.0510260">
    <ele>728.2</ele>
   </trkpt>
   <trkpt lat="40.5632400" lon="-3.0510080">
    <ele>728.1</ele>
   </trkpt>
   <trkpt lat="40.5632260" lon="-3.0510000">
    <ele>728.1</ele>
   </trkpt>
   <trkpt lat="40.5631940" lon="-3.0509720">
    <ele>728.0</ele>
   </trkpt>
   <trkpt lat="40.5631670" lon="-3.0509350">
    <ele>727.8</ele>
   </trkpt>
   <trkpt lat="40.5631310" lon="-3.0509000">
    <ele>727.7</ele>
   </trkpt>
   <trkpt lat="40.5630940" lon="-3.0508610">
    <ele>727.5</ele>
   </trkpt>
   <trkpt lat="40.5630470" lon="-3.0508150">
    <ele>727.3</ele>
   </trkpt>
   <trkpt lat="40.5630150" lon="-3.0507660">
    <ele>727.1</ele>
   </trkpt>
   <trkpt lat="40.5629740" lon="-3.0507170">
    <ele>726.9</ele>
   </trkpt>
   <trkpt lat="40.5629310" lon="-3.0506670">
    <ele>726.7</ele>
   </trkpt>
   <trkpt lat="40.5628920" lon="-3.0506190">
    <ele>726.5</ele>
   </trkpt>
   <trkpt lat="40.5628560" lon="-3.0505810">
    <ele>726.3</ele>
   </trkpt>
   <trkpt lat="40.5628200" lon="-3.0505350">
    <ele>726.2</ele>
   </trkpt>
   <trkpt lat="40.5627780" lon="-3.0504960">
    <ele>726.0</ele>
   </trkpt>
   <trkpt lat="40.5627390" lon="-3.0504460">
    <ele>725.8</ele>
   </trkpt>
   <trkpt lat="40.5626980" lon="-3.0503950">
    <ele>725.6</ele>
   </trkpt>
   <trkpt lat="40.5626530" lon="-3.0503440">
    <ele>725.5</ele>
   </trkpt>
   <trkpt lat="40.5626040" lon="-3.0502970">
    <ele>725.3</ele>
   </trkpt>
   <trkpt lat="40.5625580" lon="-3.0502480">
    <ele>725.2</ele>
   </trkpt>
   <trkpt lat="40.5625160" lon="-3.0501980">
    <ele>725.1</ele>
   </trkpt>
   <trkpt lat="40.5624760" lon="-3.0501450">
    <ele>725.1</ele>
   </trkpt>
   <trkpt lat="40.5624350" lon="-3.0500990">
    <ele>725.0</ele>
   </trkpt>
   <trkpt lat="40.5623960" lon="-3.0500560">
    <ele>725.0</ele>
   </trkpt>
   <trkpt lat="40.5623560" lon="-3.0500200">
    <ele>725.0</ele>
   </trkpt>
   <trkpt lat="40.5623160" lon="-3.0499770">
    <ele>725.0</ele>
   </trkpt>
   <trkpt lat="40.5622730" lon="-3.0499370">
    <ele>725.0</ele>
   </trkpt>
   <trkpt lat="40.5622350" lon="-3.0498980">
    <ele>725.0</ele>
   </trkpt>
   <trkpt lat="40.5621950" lon="-3.0498480">
    <ele>725.1</ele>
   </trkpt>
   <trkpt lat="40.5621560" lon="-3.0498020">
    <ele>725.2</ele>
   </trkpt>
   <trkpt lat="40.5621190" lon="-3.0497550">
    <ele>725.2</ele>
   </trkpt>
   <trkpt lat="40.5620850" lon="-3.0497140">
    <ele>725.3</ele>
   </trkpt>
   <trkpt lat="40.5620500" lon="-3.0496610">
    <ele>725.4</ele>
   </trkpt>
   <trkpt lat="40.5620110" lon="-3.0496100">
    <ele>725.5</ele>
   </trkpt>
   <trkpt lat="40.5619700" lon="-3.0495660">
    <ele>725.5</ele>
   </trkpt>
   <trkpt lat="40.5619290" lon="-3.0495270">
    <ele>725.5</ele>
   </trkpt>
   <trkpt lat="40.5618990" lon="-3.0494880">
    <ele>725.4</ele>
   </trkpt>
   <trkpt lat="40.5618670" lon="-3.0494530">
    <ele>725.4</ele>
   </trkpt>
   <trkpt lat="40.5618340" lon="-3.0494090">
    <ele>725.3</ele>
   </trkpt>
   <trkpt lat="40.5618030" lon="-3.0493640">
    <ele>725.3</ele>
   </trkpt>
   <trkpt lat="40.5617640" lon="-3.0493210">
    <ele>725.2</ele>
   </trkpt>
   <trkpt lat="40.5617200" lon="-3.0492790">
    <ele>725.0</ele>
   </trkpt>
   <trkpt lat="40.5616710" lon="-3.0492280">
    <ele>724.9</ele>
   </trkpt>
   <trkpt lat="40.5616230" lon="-3.0491830">
    <ele>724.8</ele>
   </trkpt>
   <trkpt lat="40.5615750" lon="-3.0491340">
    <ele>724.6</ele>
   </trkpt>
   <trkpt lat="40.5615280" lon="-3.0490910">
    <ele>724.5</ele>
   </trkpt>
   <trkpt lat="40.5614780" lon="-3.0490530">
    <ele>724.4</ele>
   </trkpt>
   <trkpt lat="40.5614400" lon="-3.0490140">
    <ele>724.3</ele>
   </trkpt>
   <trkpt lat="40.5614050" lon="-3.0489740">
    <ele>724.2</ele>
   </trkpt>
   <trkpt lat="40.5613640" lon="-3.0489310">
    <ele>724.1</ele>
   </trkpt>
   <trkpt lat="40.5613330" lon="-3.0488940">
    <ele>724.0</ele>
   </trkpt>
   <trkpt lat="40.5613050" lon="-3.0488570">
    <ele>723.9</ele>
   </trkpt>
   <trkpt lat="40.5612740" lon="-3.0488100">
    <ele>723.7</ele>
   </trkpt>
   <trkpt lat="40.5612380" lon="-3.0487670">
    <ele>723.5</ele>
   </trkpt>
   <trkpt lat="40.5612010" lon="-3.0487170">
    <ele>723.3</ele>
   </trkpt>
   <trkpt lat="40.5611630" lon="-3.0486710">
    <ele>723.1</ele>
   </trkpt>
   <trkpt lat="40.5611230" lon="-3.0486280">
    <ele>722.9</ele>
   </trkpt>
   <trkpt lat="40.5610800" lon="-3.0485780">
    <ele>722.7</ele>
   </trkpt>
   <trkpt lat="40.5610330" lon="-3.0485290">
    <ele>722.5</ele>
   </trkpt>
   <trkpt lat="40.5609890" lon="-3.0484730">
    <ele>722.3</ele>
   </trkpt>
   <trkpt lat="40.5609410" lon="-3.0484160">
    <ele>722.1</ele>
   </trkpt>
   <trkpt lat="40.5608970" lon="-3.0483610">
    <ele>721.9</ele>
   </trkpt>
   <trkpt lat="40.5608550" lon="-3.0483010">
    <ele>721.7</ele>
   </trkpt>
   <trkpt lat="40.5608150" lon="-3.0482440">
    <ele>721.6</ele>
   </trkpt>
   <trkpt lat="40.5607740" lon="-3.0481930">
    <ele>721.4</ele>
   </trkpt>
   <trkpt lat="40.5607310" lon="-3.0481420">
    <ele>721.3</ele>
   </trkpt>
   <trkpt lat="40.5606900" lon="-3.0480940">
    <ele>721.1</ele>
   </trkpt>
   <trkpt lat="40.5606430" lon="-3.0480430">
    <ele>720.9</ele>
   </trkpt>
   <trkpt lat="40.5606020" lon="-3.0479930">
    <ele>720.8</ele>
   </trkpt>
   <trkpt lat="40.5605580" lon="-3.0479410">
    <ele>720.6</ele>
   </trkpt>
   <trkpt lat="40.5605080" lon="-3.0478930">
    <ele>720.5</ele>
   </trkpt>
   <trkpt lat="40.5604540" lon="-3.0478500">
    <ele>720.3</ele>
   </trkpt>
   <trkpt lat="40.5603980" lon="-3.0478100">
    <ele>720.1</ele>
   </trkpt>
   <trkpt lat="40.5603450" lon="-3.0477610">
    <ele>720.0</ele>
   </trkpt>
   <trkpt lat="40.5602920" lon="-3.0477130">
    <ele>719.8</ele>
   </trkpt>
   <trkpt lat="40.5602460" lon="-3.0476560">
    <ele>719.6</ele>
   </trkpt>
   <trkpt lat="40.5601930" lon="-3.0476050">
    <ele>719.4</ele>
   </trkpt>
   <trkpt lat="40.5601430" lon="-3.0475530">
    <ele>719.3</ele>
   </trkpt>
   <trkpt lat="40.5600910" lon="-3.0475060">
    <ele>719.1</ele>
   </trkpt>
   <trkpt lat="40.5600410" lon="-3.0474500">
    <ele>718.9</ele>
   </trkpt>
   <trkpt lat="40.5599890" lon="-3.0473940">
    <ele>718.8</ele>
   </trkpt>
   <trkpt lat="40.5599340" lon="-3.0473380">
    <ele>718.6</ele>
   </trkpt>
   <trkpt lat="40.5598790" lon="-3.0472750">
    <ele>718.4</ele>
   </trkpt>
   <trkpt lat="40.5598310" lon="-3.0472260">
    <ele>718.3</ele>
   </trkpt>
   <trkpt lat="40.5597800" lon="-3.0471680">
    <ele>718.2</ele>
   </trkpt>
   <trkpt lat="40.5597280" lon="-3.0471120">
    <ele>718.1</ele>
   </trkpt>
   <trkpt lat="40.5596720" lon="-3.0470630">
    <ele>718.0</ele>
   </trkpt>
   <trkpt lat="40.5596300" lon="-3.0469980">
    <ele>717.9</ele>
   </trkpt>
   <trkpt lat="40.5595820" lon="-3.0469370">
    <ele>717.8</ele>
   </trkpt>
   <trkpt lat="40.5595350" lon="-3.0468790">
    <ele>717.7</ele>
   </trkpt>
   <trkpt lat="40.5594850" lon="-3.0468210">
    <ele>717.7</ele>
   </trkpt>
   <trkpt lat="40.5594270" lon="-3.0467640">
    <ele>717.6</ele>
   </trkpt>
   <trkpt lat="40.5593680" lon="-3.0467010">
    <ele>717.5</ele>
   </trkpt>
   <trkpt lat="40.5593140" lon="-3.0466400">
    <ele>717.6</ele>
   </trkpt>
   <trkpt lat="40.5592600" lon="-3.0465850">
    <ele>717.6</ele>
   </trkpt>
   <trkpt lat="40.5592140" lon="-3.0465370">
    <ele>717.7</ele>
   </trkpt>
   <trkpt lat="40.5591650" lon="-3.0464830">
    <ele>717.7</ele>
   </trkpt>
   <trkpt lat="40.5591110" lon="-3.0464290">
    <ele>717.8</ele>
   </trkpt>
   <trkpt lat="40.5590590" lon="-3.0463740">
    <ele>717.9</ele>
   </trkpt>
   <trkpt lat="40.5590010" lon="-3.0463160">
    <ele>718.0</ele>
   </trkpt>
   <trkpt lat="40.5589470" lon="-3.0462520">
    <ele>718.0</ele>
   </trkpt>
   <trkpt lat="40.5588960" lon="-3.0461930">
    <ele>718.1</ele>
   </trkpt>
   <trkpt lat="40.5588500" lon="-3.0461230">
    <ele>718.1</ele>
   </trkpt>
   <trkpt lat="40.5588060" lon="-3.0460530">
    <ele>718.2</ele>
   </trkpt>
   <trkpt lat="40.5587700" lon="-3.0459840">
    <ele>718.2</ele>
   </trkpt>
   <trkpt lat="40.5587340" lon="-3.0459080">
    <ele>718.3</ele>
   </trkpt>
   <trkpt lat="40.5586960" lon="-3.0458300">
    <ele>718.5</ele>
   </trkpt>
   <trkpt lat="40.5586700" lon="-3.0457540">
    <ele>718.6</ele>
   </trkpt>
   <trkpt lat="40.5586470" lon="-3.0456660">
    <ele>718.8</ele>
   </trkpt>
   <trkpt lat="40.5586200" lon="-3.0455860">
    <ele>719.0</ele>
   </trkpt>
   <trkpt lat="40.5585950" lon="-3.0455180">
    <ele>719.2</ele>
   </trkpt>
   <trkpt lat="40.5585650" lon="-3.0454450">
    <ele>719.4</ele>
   </trkpt>
   <trkpt lat="40.5585420" lon="-3.0453830">
    <ele>719.6</ele>
   </trkpt>
   <trkpt lat="40.5585140" lon="-3.0453200">
    <ele>719.9</ele>
   </trkpt>
   <trkpt lat="40.5584900" lon="-3.0452540">
    <ele>720.1</ele>
   </trkpt>
   <trkpt lat="40.5584660" lon="-3.0452000">
    <ele>720.4</ele>
   </trkpt>
   <trkpt lat="40.5584480" lon="-3.0451430">
    <ele>720.6</ele>
   </trkpt>
   <trkpt lat="40.5584260" lon="-3.0450930">
    <ele>720.9</ele>
   </trkpt>
   <trkpt lat="40.5584020" lon="-3.0450470">
    <ele>721.2</ele>
   </trkpt>
   <trkpt lat="40.5583830" lon="-3.0450030">
    <ele>721.4</ele>
   </trkpt>
   <trkpt lat="40.5583660" lon="-3.0449530">
    <ele>721.7</ele>
   </trkpt>
   <trkpt lat="40.5583450" lon="-3.0449130">
    <ele>721.9</ele>
   </trkpt>
   <trkpt lat="40.5583280" lon="-3.0448790">
    <ele>722.1</ele>
   </trkpt>
   <trkpt lat="40.5583050" lon="-3.0448390">
    <ele>722.4</ele>
   </trkpt>
   <trkpt lat="40.5582950" lon="-3.0448250">
    <ele>722.5</ele>
   </trkpt>
   <trkpt lat="40.5582800" lon="-3.0447940">
    <ele>722.6</ele>
   </trkpt>
   <trkpt lat="40.5582700" lon="-3.0447590">
    <ele>722.8</ele>
   </trkpt>
   <trkpt lat="40.5582490" lon="-3.0447200">
    <ele>723.1</ele>
   </trkpt>
   <trkpt lat="40.5582420" lon="-3.0447080">
    <ele>723.2</ele>
   </trkpt>
   <trkpt lat="40.5582260" lon="-3.0446780">
    <ele>723.3</ele>
   </trkpt>
   <trkpt lat="40.5582040" lon="-3.0446330">
    <ele>723.6</ele>
   </trkpt>
   <trkpt lat="40.5581960" lon="-3.0446160">
    <ele>723.7</ele>
   </trkpt>
   <trkpt lat="40.5581820" lon="-3.0445850">
    <ele>723.9</ele>
   </trkpt>
   <trkpt lat="40.5581670" lon="-3.0445510">
    <ele>724.1</ele>
   </trkpt>
   <trkpt lat="40.5581520" lon="-3.0445170">
    <ele>724.3</ele>
   </trkpt>
   <trkpt lat="40.5581280" lon="-3.0444790">
    <ele>724.6</ele>
   </trkpt>
   <trkpt lat="40.5581200" lon="-3.0444670">
    <ele>724.7</ele>
   </trkpt>
   <trkpt lat="40.5580930" lon="-3.0444430">
    <ele>724.9</ele>
   </trkpt>
   <trkpt lat="40.5580830" lon="-3.0444360">
    <ele>725.0</ele>
   </trkpt>
   <trkpt lat="40.5580640" lon="-3.0444290">
    <ele>725.1</ele>
   </trkpt>
   <trkpt lat="40.5580470" lon="-3.0444290">
    <ele>725.1</ele>
   </trkpt>
   <trkpt lat="40.5580240" lon="-3.0444490">
    <ele>725.2</ele>
   </trkpt>
   <trkpt lat="40.5580170" lon="-3.0444590">
    <ele>725.2</ele>
   </trkpt>
   <trkpt lat="40.5579930" lon="-3.0445040">
    <ele>725.3</ele>
   </trkpt>
   <trkpt lat="40.5579830" lon="-3.0445200">
    <ele>725.3</ele>
   </trkpt>
   <trkpt lat="40.5579660" lon="-3.0445590">
    <ele>725.4</ele>
   </trkpt>
   <trkpt lat="40.5579460" lon="-3.0445970">
    <ele>725.5</ele>
   </trkpt>
   <trkpt lat="40.5579230" lon="-3.0446230">
    <ele>725.5</ele>
   </trkpt>
   <trkpt lat="40.5578970" lon="-3.0446400">
    <ele>725.6</ele>
   </trkpt>
   <trkpt lat="40.5578690" lon="-3.0446540">
    <ele>725.6</ele>
   </trkpt>
   <trkpt lat="40.5578430" lon="-3.0446770">
    <ele>725.7</ele>
   </trkpt>
   <trkpt lat="40.5578350" lon="-3.0446830">
    <ele>725.7</ele>
   </trkpt>
   <trkpt lat="40.5578260" lon="-3.0447000">
    <ele>725.7</ele>
   </trkpt>
   <trkpt lat="40.5578240" lon="-3.0447260">
    <ele>725.8</ele>
   </trkpt>
   <trkpt lat="40.5577980" lon="-3.0447710">
    <ele>725.9</ele>
   </trkpt>
   <trkpt lat="40.5577870" lon="-3.0447860">
    <ele>725.9</ele>
   </trkpt>
   <trkpt lat="40.5577570" lon="-3.0448100">
    <ele>726.0</ele>
   </trkpt>
   <trkpt lat="40.5577320" lon="-3.0448320">
    <ele>726.0</ele>
   </trkpt>
   <trkpt lat="40.5577080" lon="-3.0448520">
    <ele>726.1</ele>
   </trkpt>
   <trkpt lat="40.5576890" lon="-3.0448830">
    <ele>726.1</ele>
   </trkpt>
   <trkpt lat="40.5576660" lon="-3.0449170">
    <ele>726.1</ele>
   </trkpt>
   <trkpt lat="40.5576470" lon="-3.0449470">
    <ele>726.0</ele>
   </trkpt>
   <trkpt lat="40.5576260" lon="-3.0449720">
    <ele>725.9</ele>
   </trkpt>
   <trkpt lat="40.5576130" lon="-3.0450080">
    <ele>725.8</ele>
   </trkpt>
   <trkpt lat="40.5576000" lon="-3.0450430">
    <ele>725.6</ele>
   </trkpt>
   <trkpt lat="40.5575850" lon="-3.0450880">
    <ele>725.4</ele>
   </trkpt>
   <trkpt lat="40.5575750" lon="-3.0451380">
    <ele>725.2</ele>
   </trkpt>
   <trkpt lat="40.5575770" lon="-3.0451800">
    <ele>725.0</ele>
   </trkpt>
   <trkpt lat="40.5575890" lon="-3.0452410">
    <ele>724.7</ele>
   </trkpt>
   <trkpt lat="40.5576020" lon="-3.0453070">
    <ele>724.5</ele>
   </trkpt>
   <trkpt lat="40.5576270" lon="-3.0453630">
    <ele>724.5</ele>
   </trkpt>
   <trkpt lat="40.5576650" lon="-3.0454120">
    <ele>724.4</ele>
   </trkpt>
   <trkpt lat="40.5577170" lon="-3.0454540">
    <ele>724.3</ele>
   </trkpt>
   <trkpt lat="40.5577740" lon="-3.0455060">
    <ele>724.1</ele>
   </trkpt>
   <trkpt lat="40.5578180" lon="-3.0455460">
    <ele>724.0</ele>
   </trkpt>
   <trkpt lat="40.5578670" lon="-3.0455930">
    <ele>723.8</ele>
   </trkpt>
   <trkpt lat="40.5579070" lon="-3.0456400">
    <ele>723.7</ele>
   </trkpt>
   <trkpt lat="40.5579520" lon="-3.0456810">
    <ele>723.5</ele>
   </trkpt>
   <trkpt lat="40.5579940" lon="-3.0457220">
    <ele>723.3</ele>
   </trkpt>
   <trkpt lat="40.5580400" lon="-3.0457660">
    <ele>723.1</ele>
   </trkpt>
   <trkpt lat="40.5580870" lon="-3.0458200">
    <ele>722.9</ele>
   </trkpt>
   <trkpt lat="40.5581290" lon="-3.0458690">
    <ele>722.7</ele>
   </trkpt>
   <trkpt lat="40.5581760" lon="-3.0459190">
    <ele>722.6</ele>
   </trkpt>
   <trkpt lat="40.5582230" lon="-3.0459790">
    <ele>722.4</ele>
   </trkpt>
   <trkpt lat="40.5582700" lon="-3.0460430">
    <ele>722.1</ele>
   </trkpt>
   <trkpt lat="40.5583220" lon="-3.0460960">
    <ele>721.9</ele>
   </trkpt>
   <trkpt lat="40.5583720" lon="-3.0461460">
    <ele>721.7</ele>
   </trkpt>
   <trkpt lat="40.5584160" lon="-3.0461840">
    <ele>721.6</ele>
   </trkpt>
   <trkpt lat="40.5584670" lon="-3.0462300">
    <ele>721.4</ele>
   </trkpt>
   <trkpt lat="40.5585130" lon="-3.0462790">
    <ele>721.2</ele>
   </trkpt>
   <trkpt lat="40.5585680" lon="-3.0463310">
    <ele>721.0</ele>
   </trkpt>
   <trkpt lat="40.5586150" lon="-3.0463960">
    <ele>720.8</ele>
   </trkpt>
   <trkpt lat="40.5586680" lon="-3.0464530">
    <ele>720.6</ele>
   </trkpt>
   <trkpt lat="40.5587190" lon="-3.0465120">
    <ele>720.4</ele>
   </trkpt>
   <trkpt lat="40.5587700" lon="-3.0465710">
    <ele>720.2</ele>
   </trkpt>
   <trkpt lat="40.5588240" lon="-3.0466320">
    <ele>720.0</ele>
   </trkpt>
   <trkpt lat="40.5588850" lon="-3.0466920">
    <ele>719.8</ele>
   </trkpt>
   <trkpt lat="40.5589470" lon="-3.0467430">
    <ele>719.6</ele>
   </trkpt>
   <trkpt lat="40.5590010" lon="-3.0468010">
    <ele>719.4</ele>
   </trkpt>
   <trkpt lat="40.5590560" lon="-3.0468550">
    <ele>719.3</ele>
   </trkpt>
   <trkpt lat="40.5591100" lon="-3.0469140">
    <ele>719.1</ele>
   </trkpt>
   <trkpt lat="40.5591660" lon="-3.0469700">
    <ele>719.0</ele>
   </trkpt>
   <trkpt lat="40.5592200" lon="-3.0470320">
    <ele>718.9</ele>
   </trkpt>
   <trkpt lat="40.5592690" lon="-3.0470840">
    <ele>718.8</ele>
   </trkpt>
   <trkpt lat="40.5593190" lon="-3.0471460">
    <ele>718.8</ele>
   </trkpt>
   <trkpt lat="40.5593680" lon="-3.0472070">
    <ele>718.7</ele>
   </trkpt>
   <trkpt lat="40.5594160" lon="-3.0472670">
    <ele>718.7</ele>
   </trkpt>
   <trkpt lat="40.5594690" lon="-3.0473270">
    <ele>718.8</ele>
   </trkpt>
   <trkpt lat="40.5595170" lon="-3.0473830">
    <ele>718.8</ele>
   </trkpt>
   <trkpt lat="40.5595690" lon="-3.0474370">
    <ele>718.9</ele>
   </trkpt>
   <trkpt lat="40.5596160" lon="-3.0474900">
    <ele>719.0</ele>
   </trkpt>
   <trkpt lat="40.5596620" lon="-3.0475410">
    <ele>719.1</ele>
   </trkpt>
   <trkpt lat="40.5597100" lon="-3.0475980">
    <ele>719.2</ele>
   </trkpt>
   <trkpt lat="40.5597500" lon="-3.0476500">
    <ele>719.3</ele>
   </trkpt>
   <trkpt lat="40.5597980" lon="-3.0476960">
    <ele>719.4</ele>
   </trkpt>
   <trkpt lat="40.5598460" lon="-3.0477390">
    <ele>719.5</ele>
   </trkpt>
   <trkpt lat="40.5598930" lon="-3.0477910">
    <ele>719.7</ele>
   </trkpt>
   <trkpt lat="40.5599390" lon="-3.0478320">
    <ele>719.8</ele>
   </trkpt>
   <trkpt lat="40.5599820" lon="-3.0478760">
    <ele>719.9</ele>
   </trkpt>
   <trkpt lat="40.5600220" lon="-3.0479150">
    <ele>720.1</ele>
   </trkpt>
   <trkpt lat="40.5600630" lon="-3.0479580">
    <ele>720.2</ele>
   </trkpt>
   <trkpt lat="40.5601020" lon="-3.0479990">
    <ele>720.4</ele>
   </trkpt>
   <trkpt lat="40.5601460" lon="-3.0480540">
    <ele>720.5</ele>
   </trkpt>
   <trkpt lat="40.5601830" lon="-3.0480950">
    <ele>720.7</ele>
   </trkpt>
   <trkpt lat="40.5602240" lon="-3.0481360">
    <ele>720.8</ele>
   </trkpt>
   <trkpt lat="40.5602620" lon="-3.0481780">
    <ele>721.0</ele>
   </trkpt>
   <trkpt lat="40.5602960" lon="-3.0482270">
    <ele>721.1</ele>
   </trkpt>
   <trkpt lat="40.5603310" lon="-3.0482720">
    <ele>721.3</ele>
   </trkpt>
   <trkpt lat="40.5603700" lon="-3.0482680">
    <ele>721.4</ele>
   </trkpt>
   <trkpt lat="40.5604100" lon="-3.0483040">
    <ele>721.5</ele>
   </trkpt>
   <trkpt lat="40.5604410" lon="-3.0483370">
    <ele>721.6</ele>
   </trkpt>
   <trkpt lat="40.5604670" lon="-3.0483860">
    <ele>721.8</ele>
   </trkpt>
   <trkpt lat="40.5605030" lon="-3.0484090">
    <ele>721.9</ele>
   </trkpt>
   <trkpt lat="40.5605360" lon="-3.0484400">
    <ele>722.0</ele>
   </trkpt>
   <trkpt lat="40.5605750" lon="-3.0484820">
    <ele>722.1</ele>
   </trkpt>
   <trkpt lat="40.5606040" lon="-3.0485260">
    <ele>722.2</ele>
   </trkpt>
   <trkpt lat="40.5606390" lon="-3.0485440">
    <ele>722.3</ele>
   </trkpt>
   <trkpt lat="40.5606790" lon="-3.0485810">
    <ele>722.4</ele>
   </trkpt>
   <trkpt lat="40.5607200" lon="-3.0486280">
    <ele>722.6</ele>
   </trkpt>
   <trkpt lat="40.5607560" lon="-3.0486760">
    <ele>722.7</ele>
   </trkpt>
   <trkpt lat="40.5607890" lon="-3.0487160">
    <ele>722.8</ele>
   </trkpt>
   <trkpt lat="40.5608280" lon="-3.0487490">
    <ele>722.9</ele>
   </trkpt>
   <trkpt lat="40.5608680" lon="-3.0487850">
    <ele>723.0</ele>
   </trkpt>
   <trkpt lat="40.5609010" lon="-3.0488280">
    <ele>723.2</ele>
   </trkpt>
   <trkpt lat="40.5609380" lon="-3.0488640">
    <ele>723.3</ele>
   </trkpt>
   <trkpt lat="40.5609710" lon="-3.0489000">
    <ele>723.4</ele>
   </trkpt>
   <trkpt lat="40.5610030" lon="-3.0489310">
    <ele>723.6</ele>
   </trkpt>
   <trkpt lat="40.5610310" lon="-3.0489610">
    <ele>723.7</ele>
   </trkpt>
   <trkpt lat="40.5610620" lon="-3.0490040">
    <ele>723.8</ele>
   </trkpt>
   <trkpt lat="40.5610940" lon="-3.0490470">
    <ele>724.0</ele>
   </trkpt>
   <trkpt lat="40.5611290" lon="-3.0490910">
    <ele>724.1</ele>
   </trkpt>
   <trkpt lat="40.5611640" lon="-3.0491290">
    <ele>724.3</ele>
   </trkpt>
   <trkpt lat="40.5611970" lon="-3.0491620">
    <ele>724.4</ele>
   </trkpt>
   <trkpt lat="40.5612250" lon="-3.0492040">
    <ele>724.5</ele>
   </trkpt>
   <trkpt lat="40.5612560" lon="-3.0492430">
    <ele>724.6</ele>
   </trkpt>
   <trkpt lat="40.5612880" lon="-3.0492900">
    <ele>724.8</ele>
   </trkpt>
   <trkpt lat="40.5613220" lon="-3.0493350">
    <ele>725.0</ele>
   </trkpt>
   <trkpt lat="40.5613530" lon="-3.0493710">
    <ele>725.1</ele>
   </trkpt>
   <trkpt lat="40.5613830" lon="-3.0494050">
    <ele>725.2</ele>
   </trkpt>
   <trkpt lat="40.5614110" lon="-3.0494440">
    <ele>725.4</ele>
   </trkpt>
   <trkpt lat="40.5614420" lon="-3.0494860">
    <ele>725.5</ele>
   </trkpt>
   <trkpt lat="40.5614730" lon="-3.0495190">
    <ele>725.6</ele>
   </trkpt>
   <trkpt lat="40.5615020" lon="-3.0495500">
    <ele>725.8</ele>
   </trkpt>
   <trkpt lat="40.5615290" lon="-3.0495900">
    <ele>725.9</ele>
   </trkpt>
   <trkpt lat="40.5615540" lon="-3.0496230">
    <ele>726.0</ele>
   </trkpt>
   <trkpt lat="40.5615840" lon="-3.0496520">
    <ele>726.1</ele>
   </trkpt>
   <trkpt lat="40.5616150" lon="-3.0496780">
    <ele>726.3</ele>
   </trkpt>
   <trkpt lat="40.5616440" lon="-3.0497060">
    <ele>726.4</ele>
   </trkpt>
   <trkpt lat="40.5616720" lon="-3.0497360">
    <ele>726.5</ele>
   </trkpt>
   <trkpt lat="40.5616930" lon="-3.0497630">
    <ele>726.6</ele>
   </trkpt>
   <trkpt lat="40.5617240" lon="-3.0497960">
    <ele>726.7</ele>
   </trkpt>
   <trkpt lat="40.5617340" lon="-3.0498080">
    <ele>726.8</ele>
   </trkpt>
   <trkpt lat="40.5617570" lon="-3.0498380">
    <ele>726.9</ele>
   </trkpt>
   <trkpt lat="40.5617630" lon="-3.0498480">
    <ele>727.0</ele>
   </trkpt>
   <trkpt lat="40.5617710" lon="-3.0498650">
    <ele>727.0</ele>
   </trkpt>
   <trkpt lat="40.5617730" lon="-3.0498710">
    <ele>727.0</ele>
   </trkpt>
   <trkpt lat="40.5617760" lon="-3.0498770">
    <ele>727.1</ele>
   </trkpt>
   <trkpt lat="40.5617780" lon="-3.0498830">
    <ele>727.1</ele>
   </trkpt>
   <trkpt lat="40.5617810" lon="-3.0498890">
    <ele>727.1</ele>
   </trkpt>
   <trkpt lat="40.5617830" lon="-3.0498950">
    <ele>727.1</ele>
   </trkpt>
   <trkpt lat="40.5617860" lon="-3.0499010">
    <ele>727.2</ele>
   </trkpt>
   <trkpt lat="40.5617880" lon="-3.0499070">
    <ele>727.2</ele>
   </trkpt>
   <trkpt lat="40.5617910" lon="-3.0499130">
    <ele>727.2</ele>
   </trkpt>
   <trkpt lat="40.5617930" lon="-3.0499190">
    <ele>727.2</ele>
   </trkpt>
   <trkpt lat="40.5617960" lon="-3.0499250">
    <ele>727.2</ele>
   </trkpt>
   <trkpt lat="40.5617980" lon="-3.0499310">
    <ele>727.3</ele>
   </trkpt>
   <trkpt lat="40.5618010" lon="-3.0499370">
    <ele>727.3</ele>
   </trkpt>
   <trkpt lat="40.5618120" lon="-3.0499750">
    <ele>727.4</ele>
   </trkpt>
   <trkpt lat="40.5618240" lon="-3.0500170">
    <ele>727.8</ele>
   </trkpt>
   <trkpt lat="40.5618290" lon="-3.0500550">
    <ele>728.2</ele>
   </trkpt>
   <trkpt lat="40.5618360" lon="-3.0500910">
    <ele>728.6</ele>
   </trkpt>
   <trkpt lat="40.5618490" lon="-3.0501330">
    <ele>729.2</ele>
   </trkpt>
   <trkpt lat="40.5618530" lon="-3.0501440">
    <ele>729.3</ele>
   </trkpt>
   <trkpt lat="40.5618600" lon="-3.0501850">
    <ele>729.8</ele>
   </trkpt>
   <trkpt lat="40.5618620" lon="-3.0502020">
    <ele>730.0</ele>
   </trkpt>
   <trkpt lat="40.5618570" lon="-3.0502530">
    <ele>730.6</ele>
   </trkpt>
   <trkpt lat="40.5618560" lon="-3.0502710">
    <ele>730.8</ele>
   </trkpt>
   <trkpt lat="40.5618520" lon="-3.0503160">
    <ele>731.3</ele>
   </trkpt>
   <trkpt lat="40.5618490" lon="-3.0503300">
    <ele>731.5</ele>
   </trkpt>
   <trkpt lat="40.5618410" lon="-3.0503740">
    <ele>732.0</ele>
   </trkpt>
   <trkpt lat="40.5618370" lon="-3.0503880">
    <ele>732.2</ele>
   </trkpt>
   <trkpt lat="40.5618270" lon="-3.0504330">
    <ele>732.7</ele>
   </trkpt>
   <trkpt lat="40.5618270" lon="-3.0504480">
    <ele>732.9</ele>
   </trkpt>
   <trkpt lat="40.5618360" lon="-3.0504870">
    <ele>733.2</ele>
   </trkpt>
   <trkpt lat="40.5618380" lon="-3.0505000">
    <ele>733.3</ele>
   </trkpt>
   <trkpt lat="40.5618500" lon="-3.0505350">
    <ele>733.6</ele>
   </trkpt>
   <trkpt lat="40.5618540" lon="-3.0505440">
    <ele>733.7</ele>
   </trkpt>
   <trkpt lat="40.5618700" lon="-3.0505790">
    <ele>734.0</ele>
   </trkpt>
   <trkpt lat="40.5618800" lon="-3.0505880">
    <ele>734.1</ele>
   </trkpt>
   <trkpt lat="40.5618970" lon="-3.0506040">
    <ele>734.4</ele>
   </trkpt>
   <trkpt lat="40.5619060" lon="-3.0506140">
    <ele>734.5</ele>
   </trkpt>
   <trkpt lat="40.5619180" lon="-3.0506500">
    <ele>734.9</ele>
   </trkpt>
   <trkpt lat="40.5619220" lon="-3.0506640">
    <ele>735.0</ele>
   </trkpt>
   <trkpt lat="40.5619350" lon="-3.0506970">
    <ele>735.3</ele>
   </trkpt>
   <trkpt lat="40.5619360" lon="-3.0507100">
    <ele>735.5</ele>
   </trkpt>
   <trkpt lat="40.5619540" lon="-3.0507410">
    <ele>735.8</ele>
   </trkpt>
   <trkpt lat="40.5619580" lon="-3.0507480">
    <ele>735.9</ele>
   </trkpt>
   <trkpt lat="40.5619770" lon="-3.0507670">
    <ele>736.2</ele>
   </trkpt>
   <trkpt lat="40.5619830" lon="-3.0507740">
    <ele>736.3</ele>
   </trkpt>
   <trkpt lat="40.5619900" lon="-3.0507800">
    <ele>736.4</ele>
   </trkpt>
   <trkpt lat="40.5620050" lon="-3.0507920">
    <ele>736.7</ele>
   </trkpt>
   <trkpt lat="40.5620130" lon="-3.0508080">
    <ele>736.9</ele>
   </trkpt>
   <trkpt lat="40.5620190" lon="-3.0508220">
    <ele>737.0</ele>
   </trkpt>
   <trkpt lat="40.5620230" lon="-3.0508440">
    <ele>737.3</ele>
   </trkpt>
   <trkpt lat="40.5620330" lon="-3.0508770">
    <ele>737.6</ele>
   </trkpt>
   <trkpt lat="40.5620360" lon="-3.0508910">
    <ele>737.8</ele>
   </trkpt>
   <trkpt lat="40.5620340" lon="-3.0509320">
    <ele>738.2</ele>
   </trkpt>
   <trkpt lat="40.5620310" lon="-3.0509480">
    <ele>738.4</ele>
   </trkpt>
   <trkpt lat="40.5620390" lon="-3.0509960">
    <ele>738.9</ele>
   </trkpt>
   <trkpt lat="40.5620410" lon="-3.0510130">
    <ele>739.1</ele>
   </trkpt>
   <trkpt lat="40.5620530" lon="-3.0510540">
    <ele>739.6</ele>
   </trkpt>
   <trkpt lat="40.5620570" lon="-3.0510630">
    <ele>739.7</ele>
   </trkpt>
   <trkpt lat="40.5620600" lon="-3.0510830">
    <ele>739.9</ele>
   </trkpt>
   <trkpt lat="40.5620530" lon="-3.0511090">
    <ele>740.2</ele>
   </trkpt>
   <trkpt lat="40.5620490" lon="-3.0511290">
    <ele>740.4</ele>
   </trkpt>
   <trkpt lat="40.5620450" lon="-3.0511440">
    <ele>740.5</ele>
   </trkpt>
   <trkpt lat="40.5620430" lon="-3.0511600">
    <ele>740.7</ele>
   </trkpt>
   <trkpt lat="40.5620420" lon="-3.0511790">
    <ele>740.9</ele>
   </trkpt>
   <trkpt lat="40.5620380" lon="-3.0512070">
    <ele>741.2</ele>
   </trkpt>
   <trkpt lat="40.5620370" lon="-3.0512180">
    <ele>741.3</ele>
   </trkpt>
   <trkpt lat="40.5620350" lon="-3.0512290">
    <ele>741.4</ele>
   </trkpt>
   <trkpt lat="40.5620330" lon="-3.0512540">
    <ele>741.7</ele>
   </trkpt>
   <trkpt lat="40.5620300" lon="-3.0512680">
    <ele>741.9</ele>
   </trkpt>
   <trkpt lat="40.5620280" lon="-3.0512810">
    <ele>742.0</ele>
   </trkpt>
   <trkpt lat="40.5620240" lon="-3.0513010">
    <ele>742.3</ele>
   </trkpt>
   <trkpt lat="40.5620240" lon="-3.0513170">
    <ele>742.4</ele>
   </trkpt>
   <trkpt lat="40.5620160" lon="-3.0513340">
    <ele>742.7</ele>
   </trkpt>
   <trkpt lat="40.5620110" lon="-3.0513600">
    <ele>743.0</ele>
   </trkpt>
   <trkpt lat="40.5620080" lon="-3.0513860">
    <ele>743.3</ele>
   </trkpt>
   <trkpt lat="40.5620070" lon="-3.0514030">
    <ele>743.4</ele>
   </trkpt>
   <trkpt lat="40.5620050" lon="-3.0514210">
    <ele>743.6</ele>
   </trkpt>
   <trkpt lat="40.5620070" lon="-3.0514440">
    <ele>743.9</ele>
   </trkpt>
   <trkpt lat="40.5620100" lon="-3.0514690">
    <ele>744.2</ele>
   </trkpt>
   <trkpt lat="40.5620150" lon="-3.0514840">
    <ele>744.4</ele>
   </trkpt>
   <trkpt lat="40.5620200" lon="-3.0515060">
    <ele>744.6</ele>
   </trkpt>
   <trkpt lat="40.5620150" lon="-3.0515250">
    <ele>744.9</ele>
   </trkpt>
   <trkpt lat="40.5620100" lon="-3.0515500">
    <ele>745.2</ele>
   </trkpt>
   <trkpt lat="40.5620050" lon="-3.0515620">
    <ele>745.4</ele>
   </trkpt>
   <trkpt lat="40.5619990" lon="-3.0515920">
    <ele>745.7</ele>
   </trkpt>
   <trkpt lat="40.5619970" lon="-3.0516090">
    <ele>745.9</ele>
   </trkpt>
   <trkpt lat="40.5619960" lon="-3.0516260">
    <ele>746.1</ele>
   </trkpt>
   <trkpt lat="40.5620050" lon="-3.0516630">
    <ele>746.6</ele>
   </trkpt>
   <trkpt lat="40.5620050" lon="-3.0516750">
    <ele>746.7</ele>
   </trkpt>
   <trkpt lat="40.5620050" lon="-3.0516920">
    <ele>746.9</ele>
   </trkpt>
   <trkpt lat="40.5619990" lon="-3.0517150">
    <ele>747.2</ele>
   </trkpt>
   <trkpt lat="40.5619970" lon="-3.0517490">
    <ele>747.6</ele>
   </trkpt>
   <trkpt lat="40.5619990" lon="-3.0517640">
    <ele>747.7</ele>
   </trkpt>
   <trkpt lat="40.5619970" lon="-3.0517810">
    <ele>747.9</ele>
   </trkpt>
   <trkpt lat="40.5619870" lon="-3.0518020">
    <ele>748.2</ele>
   </trkpt>
   <trkpt lat="40.5619860" lon="-3.0518230">
    <ele>748.4</ele>
   </trkpt>
   <trkpt lat="40.5619810" lon="-3.0518470">
    <ele>748.7</ele>
   </trkpt>
   <trkpt lat="40.5619760" lon="-3.0518660">
    <ele>748.9</ele>
   </trkpt>
   <trkpt lat="40.5619700" lon="-3.0518850">
    <ele>749.1</ele>
   </trkpt>
   <trkpt lat="40.5619600" lon="-3.0519240">
    <ele>749.6</ele>
   </trkpt>
   <trkpt lat="40.5619560" lon="-3.0519360">
    <ele>749.7</ele>
   </trkpt>
   <trkpt lat="40.5619500" lon="-3.0519580">
    <ele>750.0</ele>
   </trkpt>
   <trkpt lat="40.5619410" lon="-3.0519790">
    <ele>750.2</ele>
   </trkpt>
   <trkpt lat="40.5619240" lon="-3.0520130">
    <ele>750.6</ele>
   </trkpt>
   <trkpt lat="40.5619180" lon="-3.0520240">
    <ele>750.8</ele>
   </trkpt>
   <trkpt lat="40.5619060" lon="-3.0520600">
    <ele>751.1</ele>
   </trkpt>
   <trkpt lat="40.5619020" lon="-3.0520730">
    <ele>751.3</ele>
   </trkpt>
   <trkpt lat="40.5618930" lon="-3.0521090">
    <ele>751.6</ele>
   </trkpt>
   <trkpt lat="40.5618880" lon="-3.0521200">
    <ele>751.8</ele>
   </trkpt>
   <trkpt lat="40.5618830" lon="-3.0521390">
    <ele>752.0</ele>
   </trkpt>
   <trkpt lat="40.5618810" lon="-3.0521600">
    <ele>752.2</ele>
   </trkpt>
   <trkpt lat="40.5618780" lon="-3.0521930">
    <ele>752.5</ele>
   </trkpt>
   <trkpt lat="40.5618750" lon="-3.0522040">
    <ele>752.6</ele>
   </trkpt>
   <trkpt lat="40.5618730" lon="-3.0522140">
    <ele>752.7</ele>
   </trkpt>
   <trkpt lat="40.5618690" lon="-3.0522280">
    <ele>752.8</ele>
   </trkpt>
   <trkpt lat="40.5618650" lon="-3.0522490">
    <ele>753.0</ele>
   </trkpt>
   <trkpt lat="40.5618610" lon="-3.0522780">
    <ele>753.2</ele>
   </trkpt>
   <trkpt lat="40.5618580" lon="-3.0522900">
    <ele>753.3</ele>
   </trkpt>
   <trkpt lat="40.5618550" lon="-3.0523020">
    <ele>753.5</ele>
   </trkpt>
   <trkpt lat="40.5618550" lon="-3.0523200">
    <ele>753.6</ele>
   </trkpt>
   <trkpt lat="40.5618570" lon="-3.0523410">
    <ele>753.8</ele>
   </trkpt>
   <trkpt lat="40.5618570" lon="-3.0523580">
    <ele>753.9</ele>
   </trkpt>
   <trkpt lat="40.5618520" lon="-3.0523790">
    <ele>754.1</ele>
   </trkpt>
   <trkpt lat="40.5618460" lon="-3.0523940">
    <ele>754.2</ele>
   </trkpt>
   <trkpt lat="40.5618370" lon="-3.0524090">
    <ele>754.4</ele>
   </trkpt>
   <trkpt lat="40.5618310" lon="-3.0524280">
    <ele>754.5</ele>
   </trkpt>
   <trkpt lat="40.5618280" lon="-3.0524460">
    <ele>754.7</ele>
   </trkpt>
   <trkpt lat="40.5618250" lon="-3.0524680">
    <ele>754.9</ele>
   </trkpt>
   <trkpt lat="40.5618200" lon="-3.0524900">
    <ele>755.0</ele>
   </trkpt>
   <trkpt lat="40.5618190" lon="-3.0525100">
    <ele>755.2</ele>
   </trkpt>
   <trkpt lat="40.5618150" lon="-3.0525340">
    <ele>755.4</ele>
   </trkpt>
   <trkpt lat="40.5618140" lon="-3.0525550">
    <ele>755.6</ele>
   </trkpt>
   <trkpt lat="40.5618120" lon="-3.0525750">
    <ele>755.7</ele>
   </trkpt>
   <trkpt lat="40.5618100" lon="-3.0525970">
    <ele>755.9</ele>
   </trkpt>
   <trkpt lat="40.5618110" lon="-3.0526170">
    <ele>756.0</ele>
   </trkpt>
   <trkpt lat="40.5618090" lon="-3.0526350">
    <ele>756.2</ele>
   </trkpt>
   <trkpt lat="40.5618030" lon="-3.0526550">
    <ele>756.4</ele>
   </trkpt>
   <trkpt lat="40.5617970" lon="-3.0526780">
    <ele>756.6</ele>
   </trkpt>
   <trkpt lat="40.5617920" lon="-3.0526980">
    <ele>756.7</ele>
   </trkpt>
   <trkpt lat="40.5617830" lon="-3.0527410">
    <ele>757.1</ele>
   </trkpt>
   <trkpt lat="40.5617810" lon="-3.0527520">
    <ele>757.2</ele>
   </trkpt>
   <trkpt lat="40.5617760" lon="-3.0527690">
    <ele>757.3</ele>
   </trkpt>
   <trkpt lat="40.5617700" lon="-3.0527890">
    <ele>757.5</ele>
   </trkpt>
   <trkpt lat="40.5617720" lon="-3.0528110">
    <ele>757.7</ele>
   </trkpt>
   <trkpt lat="40.5617830" lon="-3.0528290">
    <ele>757.9</ele>
   </trkpt>
   <trkpt lat="40.5617850" lon="-3.0528490">
    <ele>758.1</ele>
   </trkpt>
   <trkpt lat="40.5617830" lon="-3.0528680">
    <ele>758.3</ele>
   </trkpt>
   <trkpt lat="40.5617870" lon="-3.0528860">
    <ele>758.4</ele>
   </trkpt>
   <trkpt lat="40.5617880" lon="-3.0529050">
    <ele>758.6</ele>
   </trkpt>
   <trkpt lat="40.5617910" lon="-3.0529220">
    <ele>758.7</ele>
   </trkpt>
   <trkpt lat="40.5617940" lon="-3.0529430">
    <ele>758.9</ele>
   </trkpt>
   <trkpt lat="40.5618000" lon="-3.0529800">
    <ele>759.2</ele>
   </trkpt>
   <trkpt lat="40.5618050" lon="-3.0530020">
    <ele>759.4</ele>
   </trkpt>
   <trkpt lat="40.5618100" lon="-3.0530230">
    <ele>759.6</ele>
   </trkpt>
   <trkpt lat="40.5618140" lon="-3.0530450">
    <ele>759.8</ele>
   </trkpt>
   <trkpt lat="40.5618190" lon="-3.0530670">
    <ele>760.0</ele>
   </trkpt>
   <trkpt lat="40.5618270" lon="-3.0530940">
    <ele>760.3</ele>
   </trkpt>
   <trkpt lat="40.5618310" lon="-3.0531030">
    <ele>760.4</ele>
   </trkpt>
   <trkpt lat="40.5618360" lon="-3.0531110">
    <ele>760.4</ele>
   </trkpt>
   <trkpt lat="40.5618420" lon="-3.0531330">
    <ele>760.6</ele>
   </trkpt>
   <trkpt lat="40.5618450" lon="-3.0531540">
    <ele>760.8</ele>
   </trkpt>
   <trkpt lat="40.5618520" lon="-3.0531900">
    <ele>761.1</ele>
   </trkpt>
   <trkpt lat="40.5618560" lon="-3.0532020">
    <ele>761.2</ele>
   </trkpt>
   <trkpt lat="40.5618580" lon="-3.0532220">
    <ele>761.4</ele>
   </trkpt>
   <trkpt lat="40.5618560" lon="-3.0532430">
    <ele>761.5</ele>
   </trkpt>
   <trkpt lat="40.5618520" lon="-3.0532820">
    <ele>761.8</ele>
   </trkpt>
   <trkpt lat="40.5618520" lon="-3.0532940">
    <ele>761.9</ele>
   </trkpt>
   <trkpt lat="40.5618570" lon="-3.0533320">
    <ele>762.2</ele>
   </trkpt>
   <trkpt lat="40.5618580" lon="-3.0533460">
    <ele>762.3</ele>
   </trkpt>
   <trkpt lat="40.5618650" lon="-3.0533830">
    <ele>762.6</ele>
   </trkpt>
   <trkpt lat="40.5618650" lon="-3.0533970">
    <ele>762.7</ele>
   </trkpt>
   <trkpt lat="40.5618650" lon="-3.0534340">
    <ele>762.9</ele>
   </trkpt>
   <trkpt lat="40.5618660" lon="-3.0534450">
    <ele>763.0</ele>
   </trkpt>
   <trkpt lat="40.5618640" lon="-3.0534820">
    <ele>763.3</ele>
   </trkpt>
   <trkpt lat="40.5618640" lon="-3.0534940">
    <ele>763.4</ele>
   </trkpt>
   <trkpt lat="40.5618620" lon="-3.0535150">
    <ele>763.5</ele>
   </trkpt>
   <trkpt lat="40.5618590" lon="-3.0535350">
    <ele>763.7</ele>
   </trkpt>
   <trkpt lat="40.5618560" lon="-3.0535550">
    <ele>763.8</ele>
   </trkpt>
   <trkpt lat="40.5618600" lon="-3.0535760">
    <ele>764.0</ele>
   </trkpt>
   <trkpt lat="40.5618760" lon="-3.0536090">
    <ele>764.3</ele>
   </trkpt>
   <trkpt lat="40.5618820" lon="-3.0536160">
    <ele>764.4</ele>
   </trkpt>
   <trkpt lat="40.5618860" lon="-3.0536360">
    <ele>764.5</ele>
   </trkpt>
   <trkpt lat="40.5618960" lon="-3.0536560">
    <ele>764.7</ele>
   </trkpt>
   <trkpt lat="40.5619030" lon="-3.0536720">
    <ele>764.9</ele>
   </trkpt>
   <trkpt lat="40.5618970" lon="-3.0536990">
    <ele>765.1</ele>
   </trkpt>
   <trkpt lat="40.5618990" lon="-3.0537200">
    <ele>765.2</ele>
   </trkpt>
   <trkpt lat="40.5619030" lon="-3.0537370">
    <ele>765.4</ele>
   </trkpt>
   <trkpt lat="40.5619080" lon="-3.0537520">
    <ele>765.5</ele>
   </trkpt>
   <trkpt lat="40.5619110" lon="-3.0537740">
    <ele>765.7</ele>
   </trkpt>
   <trkpt lat="40.5619130" lon="-3.0537940">
    <ele>765.8</ele>
   </trkpt>
   <trkpt lat="40.5619180" lon="-3.0538130">
    <ele>766.0</ele>
   </trkpt>
   <trkpt lat="40.5619240" lon="-3.0538520">
    <ele>766.3</ele>
   </trkpt>
   <trkpt lat="40.5619260" lon="-3.0538620">
    <ele>766.4</ele>
   </trkpt>
   <trkpt lat="40.5619310" lon="-3.0538820">
    <ele>766.6</ele>
   </trkpt>
   <trkpt lat="40.5619370" lon="-3.0539020">
    <ele>766.7</ele>
   </trkpt>
   <trkpt lat="40.5619440" lon="-3.0539380">
    <ele>767.0</ele>
   </trkpt>
   <trkpt lat="40.5619470" lon="-3.0539490">
    <ele>767.1</ele>
   </trkpt>
   <trkpt lat="40.5619500" lon="-3.0539730">
    <ele>767.3</ele>
   </trkpt>
   <trkpt lat="40.5619570" lon="-3.0539880">
    <ele>767.4</ele>
   </trkpt>
   <trkpt lat="40.5619610" lon="-3.0540070">
    <ele>767.6</ele>
   </trkpt>
   <trkpt lat="40.5619660" lon="-3.0540290">
    <ele>767.8</ele>
   </trkpt>
   <trkpt lat="40.5619750" lon="-3.0540650">
    <ele>768.1</ele>
   </trkpt>
   <trkpt lat="40.5619770" lon="-3.0540800">
    <ele>768.2</ele>
   </trkpt>
   <trkpt lat="40.5619820" lon="-3.0541020">
    <ele>768.4</ele>
   </trkpt>
   <trkpt lat="40.5619900" lon="-3.0541190">
    <ele>768.5</ele>
   </trkpt>
   <trkpt lat="40.5619940" lon="-3.0541360">
    <ele>768.7</ele>
   </trkpt>
   <trkpt lat="40.5619990" lon="-3.0541580">
    <ele>768.9</ele>
   </trkpt>
   <trkpt lat="40.5620040" lon="-3.0541940">
    <ele>769.2</ele>
   </trkpt>
   <trkpt lat="40.5620060" lon="-3.0542070">
    <ele>769.3</ele>
   </trkpt>
   <trkpt lat="40.5620130" lon="-3.0542310">
    <ele>769.5</ele>
   </trkpt>
   <trkpt lat="40.5620250" lon="-3.0542430">
    <ele>769.7</ele>
   </trkpt>
   <trkpt lat="40.5620360" lon="-3.0542600">
    <ele>769.9</ele>
   </trkpt>
   <trkpt lat="40.5620430" lon="-3.0542780">
    <ele>770.0</ele>
   </trkpt>
   <trkpt lat="40.5620470" lon="-3.0543150">
    <ele>770.4</ele>
   </trkpt>
   <trkpt lat="40.5620480" lon="-3.0543310">
    <ele>770.5</ele>
   </trkpt>
   <trkpt lat="40.5620570" lon="-3.0543690">
    <ele>770.9</ele>
   </trkpt>
   <trkpt lat="40.5620600" lon="-3.0543810">
    <ele>771.0</ele>
   </trkpt>
   <trkpt lat="40.5620670" lon="-3.0544010">
    <ele>771.2</ele>
   </trkpt>
   <trkpt lat="40.5620710" lon="-3.0544190">
    <ele>771.3</ele>
   </trkpt>
   <trkpt lat="40.5620730" lon="-3.0544610">
    <ele>771.7</ele>
   </trkpt>
   <trkpt lat="40.5620720" lon="-3.0544760">
    <ele>771.8</ele>
   </trkpt>
   <trkpt lat="40.5620750" lon="-3.0545150">
    <ele>772.2</ele>
   </trkpt>
   <trkpt lat="40.5620750" lon="-3.0545280">
    <ele>772.3</ele>
   </trkpt>
   <trkpt lat="40.5620800" lon="-3.0545460">
    <ele>772.5</ele>
   </trkpt>
   <trkpt lat="40.5620860" lon="-3.0545650">
    <ele>772.6</ele>
   </trkpt>
   <trkpt lat="40.5620900" lon="-3.0545870">
    <ele>772.8</ele>
   </trkpt>
   <trkpt lat="40.5620940" lon="-3.0546040">
    <ele>773.0</ele>
   </trkpt>
   <trkpt lat="40.5620960" lon="-3.0546430">
    <ele>773.3</ele>
   </trkpt>
   <trkpt lat="40.5620970" lon="-3.0546560">
    <ele>773.4</ele>
   </trkpt>
   <trkpt lat="40.5621050" lon="-3.0546760">
    <ele>773.6</ele>
   </trkpt>
   <trkpt lat="40.5621120" lon="-3.0546930">
    <ele>773.8</ele>
   </trkpt>
   <trkpt lat="40.5621220" lon="-3.0547280">
    <ele>774.1</ele>
   </trkpt>
   <trkpt lat="40.5621260" lon="-3.0547390">
    <ele>774.2</ele>
   </trkpt>
   <trkpt lat="40.5621280" lon="-3.0547580">
    <ele>774.3</ele>
   </trkpt>
   <trkpt lat="40.5621310" lon="-3.0547780">
    <ele>774.5</ele>
   </trkpt>
   <trkpt lat="40.5621340" lon="-3.0547970">
    <ele>774.6</ele>
   </trkpt>
   <trkpt lat="40.5621400" lon="-3.0548160">
    <ele>774.8</ele>
   </trkpt>
   <trkpt lat="40.5621480" lon="-3.0548340">
    <ele>775.0</ele>
   </trkpt>
   <trkpt lat="40.5621570" lon="-3.0548520">
    <ele>775.1</ele>
   </trkpt>
   <trkpt lat="40.5621620" lon="-3.0548720">
    <ele>775.3</ele>
   </trkpt>
   <trkpt lat="40.5621630" lon="-3.0548880">
    <ele>775.4</ele>
   </trkpt>
   <trkpt lat="40.5621630" lon="-3.0549180">
    <ele>775.7</ele>
   </trkpt>
   <trkpt lat="40.5621660" lon="-3.0549320">
    <ele>775.8</ele>
   </trkpt>
   <trkpt lat="40.5621690" lon="-3.0549460">
    <ele>775.9</ele>
   </trkpt>
   <trkpt lat="40.5621760" lon="-3.0549850">
    <ele>776.2</ele>
   </trkpt>
   <trkpt lat="40.5621770" lon="-3.0549990">
    <ele>776.3</ele>
   </trkpt>
   <trkpt lat="40.5621810" lon="-3.0550180">
    <ele>776.5</ele>
   </trkpt>
   <trkpt lat="40.5621880" lon="-3.0550430">
    <ele>776.7</ele>
   </trkpt>
   <trkpt lat="40.5621910" lon="-3.0550640">
    <ele>776.9</ele>
   </trkpt>
   <trkpt lat="40.5621930" lon="-3.0550890">
    <ele>777.1</ele>
   </trkpt>
   <trkpt lat="40.5622010" lon="-3.0551240">
    <ele>777.3</ele>
   </trkpt>
   <trkpt lat="40.5622050" lon="-3.0551360">
    <ele>777.4</ele>
   </trkpt>
   <trkpt lat="40.5622100" lon="-3.0551600">
    <ele>777.6</ele>
   </trkpt>
   <trkpt lat="40.5622130" lon="-3.0551820">
    <ele>777.8</ele>
   </trkpt>
   <trkpt lat="40.5622190" lon="-3.0552050">
    <ele>778.0</ele>
   </trkpt>
   <trkpt lat="40.5622230" lon="-3.0552160">
    <ele>778.1</ele>
   </trkpt>
   <trkpt lat="40.5622340" lon="-3.0552520">
    <ele>778.4</ele>
   </trkpt>
   <trkpt lat="40.5622390" lon="-3.0552630">
    <ele>778.5</ele>
   </trkpt>
   <trkpt lat="40.5622450" lon="-3.0552830">
    <ele>778.7</ele>
   </trkpt>
   <trkpt lat="40.5622520" lon="-3.0553000">
    <ele>778.9</ele>
   </trkpt>
   <trkpt lat="40.5622650" lon="-3.0553250">
    <ele>779.1</ele>
   </trkpt>
   <trkpt lat="40.5622700" lon="-3.0553380">
    <ele>779.2</ele>
   </trkpt>
   <trkpt lat="40.5622740" lon="-3.0553510">
    <ele>779.4</ele>
   </trkpt>
   <trkpt lat="40.5622910" lon="-3.0553820">
    <ele>779.7</ele>
   </trkpt>
   <trkpt lat="40.5622970" lon="-3.0553930">
    <ele>779.8</ele>
   </trkpt>
   <trkpt lat="40.5623210" lon="-3.0554240">
    <ele>780.1</ele>
   </trkpt>
   <trkpt lat="40.5623290" lon="-3.0554350">
    <ele>780.3</ele>
   </trkpt>
   <trkpt lat="40.5623540" lon="-3.0554590">
    <ele>780.6</ele>
   </trkpt>
   <trkpt lat="40.5623600" lon="-3.0554660">
    <ele>780.7</ele>
   </trkpt>
   <trkpt lat="40.5623750" lon="-3.0554750">
    <ele>780.8</ele>
   </trkpt>
   <trkpt lat="40.5623870" lon="-3.0554860">
    <ele>781.0</ele>
   </trkpt>
   <trkpt lat="40.5623960" lon="-3.0554920">
    <ele>781.1</ele>
   </trkpt>
   <trkpt lat="40.5624040" lon="-3.0555040">
    <ele>781.2</ele>
   </trkpt>
   <trkpt lat="40.5624140" lon="-3.0555160">
    <ele>781.4</ele>
   </trkpt>
   <trkpt lat="40.5624230" lon="-3.0555280">
    <ele>781.5</ele>
   </trkpt>
   <trkpt lat="40.5624340" lon="-3.0555470">
    <ele>781.7</ele>
   </trkpt>
   <trkpt lat="40.5624470" lon="-3.0555670">
    <ele>781.9</ele>
   </trkpt>
   <trkpt lat="40.5624520" lon="-3.0555830">
    <ele>782.1</ele>
   </trkpt>
   <trkpt lat="40.5624590" lon="-3.0555980">
    <ele>782.2</ele>
   </trkpt>
   <trkpt lat="40.5624670" lon="-3.0556140">
    <ele>782.4</ele>
   </trkpt>
   <trkpt lat="40.5624670" lon="-3.0556160">
    <ele>782.4</ele>
   </trkpt>
   <trkpt lat="40.5624670" lon="-3.0556150">
    <ele>782.4</ele>
   </trkpt>
   <trkpt lat="40.5624700" lon="-3.0556150">
    <ele>782.4</ele>
   </trkpt>
   <trkpt lat="40.5624700" lon="-3.0556150">
    <ele>782.4</ele>
   </trkpt>
   <trkpt lat="40.5624700" lon="-3.0556150">
    <ele>782.4</ele>
   </trkpt>
   <trkpt lat="40.5624830" lon="-3.0556200">
    <ele>782.6</ele>
   </trkpt>
   <trkpt lat="40.5624850" lon="-3.0556260">
    <ele>782.7</ele>
   </trkpt>
   <trkpt lat="40.5624870" lon="-3.0556400">
    <ele>782.8</ele>
   </trkpt>
   <trkpt lat="40.5624950" lon="-3.0556530">
    <ele>782.9</ele>
   </trkpt>
   <trkpt lat="40.5625080" lon="-3.0556570">
    <ele>783.1</ele>
   </trkpt>
   <trkpt lat="40.5625160" lon="-3.0556600">
    <ele>783.2</ele>
   </trkpt>
   <trkpt lat="40.5625290" lon="-3.0556880">
    <ele>783.4</ele>
   </trkpt>
   <trkpt lat="40.5625330" lon="-3.0557020">
    <ele>783.6</ele>
   </trkpt>
   <trkpt lat="40.5625480" lon="-3.0557340">
    <ele>783.9</ele>
   </trkpt>
   <trkpt lat="40.5625520" lon="-3.0557440">
    <ele>784.0</ele>
   </trkpt>
   <trkpt lat="40.5625610" lon="-3.0557640">
    <ele>784.2</ele>
   </trkpt>
   <trkpt lat="40.5625710" lon="-3.0557820">
    <ele>784.4</ele>
   </trkpt>
   <trkpt lat="40.5625910" lon="-3.0558130">
    <ele>784.7</ele>
   </trkpt>
   <trkpt lat="40.5625970" lon="-3.0558230">
    <ele>784.8</ele>
   </trkpt>
   <trkpt lat="40.5626140" lon="-3.0558530">
    <ele>785.1</ele>
   </trkpt>
   <trkpt lat="40.5626200" lon="-3.0558630">
    <ele>785.2</ele>
   </trkpt>
   <trkpt lat="40.5626410" lon="-3.0558900">
    <ele>785.5</ele>
   </trkpt>
   <trkpt lat="40.5626460" lon="-3.0559000">
    <ele>785.6</ele>
   </trkpt>
   <trkpt lat="40.5626580" lon="-3.0559180">
    <ele>785.8</ele>
   </trkpt>
   <trkpt lat="40.5626660" lon="-3.0559310">
    <ele>785.9</ele>
   </trkpt>
   <trkpt lat="40.5626740" lon="-3.0559500">
    <ele>786.1</ele>
   </trkpt>
   <trkpt lat="40.5626830" lon="-3.0559690">
    <ele>786.3</ele>
   </trkpt>
   <trkpt lat="40.5626950" lon="-3.0559900">
    <ele>786.5</ele>
   </trkpt>
   <trkpt lat="40.5627040" lon="-3.0560080">
    <ele>786.7</ele>
   </trkpt>
   <trkpt lat="40.5627140" lon="-3.0560220">
    <ele>786.8</ele>
   </trkpt>
   <trkpt lat="40.5627240" lon="-3.0560370">
    <ele>787.0</ele>
   </trkpt>
   <trkpt lat="40.5627360" lon="-3.0560470">
    <ele>787.1</ele>
   </trkpt>
   <trkpt lat="40.5627490" lon="-3.0560530">
    <ele>787.3</ele>
   </trkpt>
   <trkpt lat="40.5627600" lon="-3.0560610">
    <ele>787.4</ele>
   </trkpt>
   <trkpt lat="40.5627710" lon="-3.0560790">
    <ele>787.6</ele>
   </trkpt>
   <trkpt lat="40.5627790" lon="-3.0560950">
    <ele>787.8</ele>
   </trkpt>
   <trkpt lat="40.5627880" lon="-3.0561130">
    <ele>787.9</ele>
   </trkpt>
   <trkpt lat="40.5628040" lon="-3.0561450">
    <ele>788.3</ele>
   </trkpt>
   <trkpt lat="40.5628100" lon="-3.0561570">
    <ele>788.4</ele>
   </trkpt>
   <trkpt lat="40.5628220" lon="-3.0561800">
    <ele>788.6</ele>
   </trkpt>
   <trkpt lat="40.5628330" lon="-3.0561920">
    <ele>788.8</ele>
   </trkpt>
   <trkpt lat="40.5628440" lon="-3.0562120">
    <ele>789.0</ele>
   </trkpt>
   <trkpt lat="40.5628540" lon="-3.0562280">
    <ele>789.2</ele>
   </trkpt>
   <trkpt lat="40.5628650" lon="-3.0562460">
    <ele>789.4</ele>
   </trkpt>
   <trkpt lat="40.5628750" lon="-3.0562640">
    <ele>789.6</ele>
   </trkpt>
   <trkpt lat="40.5628890" lon="-3.0562780">
    <ele>789.9</ele>
   </trkpt>
   <trkpt lat="40.5629030" lon="-3.0562910">
    <ele>790.1</ele>
   </trkpt>
   <trkpt lat="40.5629220" lon="-3.0563180">
    <ele>790.5</ele>
   </trkpt>
   <trkpt lat="40.5629270" lon="-3.0563280">
    <ele>790.6</ele>
   </trkpt>
   <trkpt lat="40.5629370" lon="-3.0563740">
    <ele>791.1</ele>
   </trkpt>
   <trkpt lat="40.5629400" lon="-3.0563920">
    <ele>791.3</ele>
   </trkpt>
   <trkpt lat="40.5629510" lon="-3.0564340">
    <ele>791.7</ele>
   </trkpt>
   <trkpt lat="40.5629530" lon="-3.0564450">
    <ele>791.8</ele>
   </trkpt>
   <trkpt lat="40.5629510" lon="-3.0564480">
    <ele>791.9</ele>
   </trkpt>
   <trkpt lat="40.5629490" lon="-3.0564380">
    <ele>792.0</ele>
   </trkpt>
   <trkpt lat="40.5629510" lon="-3.0564310">
    <ele>792.1</ele>
   </trkpt>
   <trkpt lat="40.5629470" lon="-3.0564330">
    <ele>792.1</ele>
   </trkpt>
   <trkpt lat="40.5629470" lon="-3.0564330">
    <ele>792.1</ele>
   </trkpt>
   <trkpt lat="40.5629470" lon="-3.0564330">
    <ele>792.1</ele>
   </trkpt>
   <trkpt lat="40.5629470" lon="-3.0564330">
    <ele>792.1</ele>
   </trkpt>
   <trkpt lat="40.5629470" lon="-3.0564330">
    <ele>792.1</ele>
   </trkpt>
   <trkpt lat="40.5629470" lon="-3.0564330">
    <ele>792.1</ele>
   </trkpt>
   <trkpt lat="40.5629470" lon="-3.0564330">
    <ele>792.1</ele>
   </trkpt>
   <trkpt lat="40.5629480" lon="-3.0564350">
    <ele>792.2</ele>
   </trkpt>
   <trkpt lat="40.5629480" lon="-3.0564350">
    <ele>792.2</ele>
   </trkpt>
   <trkpt lat="40.5629480" lon="-3.0564350">
    <ele>792.2</ele>
   </trkpt>
   <trkpt lat="40.5629840" lon="-3.0564560">
    <ele>792.7</ele>
   </trkpt>
   <trkpt lat="40.5629880" lon="-3.0564630">
    <ele>792.8</ele>
   </trkpt>
   <trkpt lat="40.5629910" lon="-3.0564610">
    <ele>792.9</ele>
   </trkpt>
   <trkpt lat="40.5629930" lon="-3.0564650">
    <ele>792.9</ele>
   </trkpt>
   <trkpt lat="40.5629940" lon="-3.0564780">
    <ele>793.1</ele>
   </trkpt>
   <trkpt lat="40.5629960" lon="-3.0564940">
    <ele>793.3</ele>
   </trkpt>
   <trkpt lat="40.5629970" lon="-3.0565100">
    <ele>793.4</ele>
   </trkpt>
   <trkpt lat="40.5629980" lon="-3.0565200">
    <ele>793.5</ele>
   </trkpt>
   <trkpt lat="40.5630000" lon="-3.0565310">
    <ele>793.7</ele>
   </trkpt>
   <trkpt lat="40.5629980" lon="-3.0565510">
    <ele>793.9</ele>
   </trkpt>
   <trkpt lat="40.5629970" lon="-3.0565640">
    <ele>794.0</ele>
   </trkpt>
   <trkpt lat="40.5629920" lon="-3.0565760">
    <ele>794.2</ele>
   </trkpt>
   <trkpt lat="40.5629830" lon="-3.0565950">
    <ele>794.4</ele>
   </trkpt>
   <trkpt lat="40.5629800" lon="-3.0566000">
    <ele>794.5</ele>
   </trkpt>
   <trkpt lat="40.5629730" lon="-3.0566070">
    <ele>794.6</ele>
   </trkpt>
   <trkpt lat="40.5629660" lon="-3.0566140">
    <ele>794.7</ele>
   </trkpt>
   <trkpt lat="40.5629580" lon="-3.0566340">
    <ele>795.0</ele>
   </trkpt>
   <trkpt lat="40.5629490" lon="-3.0566410">
    <ele>795.1</ele>
   </trkpt>
   <trkpt lat="40.5629390" lon="-3.0566480">
    <ele>795.3</ele>
   </trkpt>
   <trkpt lat="40.5629300" lon="-3.0566500">
    <ele>795.4</ele>
   </trkpt>
   <trkpt lat="40.5629230" lon="-3.0566530">
    <ele>795.5</ele>
   </trkpt>
   <trkpt lat="40.5629080" lon="-3.0566560">
    <ele>795.7</ele>
   </trkpt>
   <trkpt lat="40.5629010" lon="-3.0566590">
    <ele>795.8</ele>
   </trkpt>
   <trkpt lat="40.5628930" lon="-3.0566610">
    <ele>795.9</ele>
   </trkpt>
   <trkpt lat="40.5628860" lon="-3.0566630">
    <ele>796.0</ele>
   </trkpt>
   <trkpt lat="40.5628770" lon="-3.0566650">
    <ele>796.1</ele>
   </trkpt>
   <trkpt lat="40.5628700" lon="-3.0566650">
    <ele>796.2</ele>
   </trkpt>
   <trkpt lat="40.5628610" lon="-3.0566690">
    <ele>796.3</ele>
   </trkpt>
   <trkpt lat="40.5628500" lon="-3.0566660">
    <ele>796.4</ele>
   </trkpt>
   <trkpt lat="40.5628500" lon="-3.0566730">
    <ele>796.5</ele>
   </trkpt>
   <trkpt lat="40.5628500" lon="-3.0566800">
    <ele>796.6</ele>
   </trkpt>
   <trkpt lat="40.5628460" lon="-3.0566740">
    <ele>796.6</ele>
   </trkpt>
   <trkpt lat="40.5628450" lon="-3.0566710">
    <ele>796.7</ele>
   </trkpt>
   <trkpt lat="40.5628430" lon="-3.0566700">
    <ele>796.7</ele>
   </trkpt>
   <trkpt lat="40.5628400" lon="-3.0566720">
    <ele>796.7</ele>
   </trkpt>
   <trkpt lat="40.5628380" lon="-3.0566840">
    <ele>796.8</ele>
   </trkpt>
   <trkpt lat="40.5628300" lon="-3.0566910">
    <ele>797.0</ele>
   </trkpt>
   <trkpt lat="40.5628030" lon="-3.0567040">
    <ele>797.3</ele>
   </trkpt>
   <trkpt lat="40.5627930" lon="-3.0567090">
    <ele>797.4</ele>
   </trkpt>
   <trkpt lat="40.5627660" lon="-3.0567160">
    <ele>797.8</ele>
   </trkpt>
   <trkpt lat="40.5627570" lon="-3.0567170">
    <ele>797.9</ele>
   </trkpt>
   <trkpt lat="40.5627220" lon="-3.0567110">
    <ele>798.3</ele>
   </trkpt>
   <trkpt lat="40.5627080" lon="-3.0567090">
    <ele>798.5</ele>
   </trkpt>
   <trkpt lat="40.5626750" lon="-3.0567280">
    <ele>798.9</ele>
   </trkpt>
   <trkpt lat="40.5626640" lon="-3.0567390">
    <ele>799.1</ele>
   </trkpt>
   <trkpt lat="40.5626500" lon="-3.0567550">
    <ele>799.3</ele>
   </trkpt>
   <trkpt lat="40.5626380" lon="-3.0567660">
    <ele>799.5</ele>
   </trkpt>
   <trkpt lat="40.5626190" lon="-3.0567660">
    <ele>799.8</ele>
   </trkpt>
   <trkpt lat="40.5626020" lon="-3.0567630">
    <ele>800.0</ele>
   </trkpt>
   <trkpt lat="40.5625700" lon="-3.0567700">
    <ele>800.5</ele>
   </trkpt>
   <trkpt lat="40.5625600" lon="-3.0567760">
    <ele>800.6</ele>
   </trkpt>
   <trkpt lat="40.5625410" lon="-3.0567840">
    <ele>800.9</ele>
   </trkpt>
   <trkpt lat="40.5625300" lon="-3.0567920">
    <ele>801.1</ele>
   </trkpt>
   <trkpt lat="40.5625050" lon="-3.0568170">
    <ele>801.6</ele>
   </trkpt>
   <trkpt lat="40.5624970" lon="-3.0568210">
    <ele>801.7</ele>
   </trkpt>
   <trkpt lat="40.5624830" lon="-3.0568390">
    <ele>802.0</ele>
   </trkpt>
   <trkpt lat="40.5624740" lon="-3.0568440">
    <ele>802.2</ele>
   </trkpt>
   <trkpt lat="40.5624660" lon="-3.0568490">
    <ele>802.3</ele>
   </trkpt>
   <trkpt lat="40.5624490" lon="-3.0568560">
    <ele>802.6</ele>
   </trkpt>
   <trkpt lat="40.5624330" lon="-3.0568610">
    <ele>802.8</ele>
   </trkpt>
   <trkpt lat="40.5624160" lon="-3.0568650">
    <ele>803.1</ele>
   </trkpt>
   <trkpt lat="40.5624040" lon="-3.0568750">
    <ele>803.3</ele>
   </trkpt>
   <trkpt lat="40.5623890" lon="-3.0568850">
    <ele>803.6</ele>
   </trkpt>
   <trkpt lat="40.5623790" lon="-3.0568950">
    <ele>803.8</ele>
   </trkpt>
   <trkpt lat="40.5623750" lon="-3.0568990">
    <ele>803.9</ele>
   </trkpt>
   <trkpt lat="40.5623710" lon="-3.0569000">
    <ele>803.9</ele>
   </trkpt>
   <trkpt lat="40.5623800" lon="-3.0569000">
    <ele>804.1</ele>
   </trkpt>
   <trkpt lat="40.5623930" lon="-3.0569010">
    <ele>804.3</ele>
   </trkpt>
   <trkpt lat="40.5623890" lon="-3.0569080">
    <ele>804.4</ele>
   </trkpt>
   <trkpt lat="40.5623890" lon="-3.0569090">
    <ele>804.4</ele>
   </trkpt>
   <trkpt lat="40.5623890" lon="-3.0569160">
    <ele>804.5</ele>
   </trkpt>
   <trkpt lat="40.5623810" lon="-3.0569250">
    <ele>804.6</ele>
   </trkpt>
   <trkpt lat="40.5623790" lon="-3.0569310">
    <ele>804.7</ele>
   </trkpt>
   <trkpt lat="40.5623850" lon="-3.0569310">
    <ele>804.8</ele>
   </trkpt>
   <trkpt lat="40.5623840" lon="-3.0569300">
    <ele>804.8</ele>
   </trkpt>
   <trkpt lat="40.5623760" lon="-3.0569340">
    <ele>805.0</ele>
   </trkpt>
   <trkpt lat="40.5623660" lon="-3.0569290">
    <ele>805.1</ele>
   </trkpt>
   <trkpt lat="40.5623620" lon="-3.0569270">
    <ele>805.2</ele>
   </trkpt>
   <trkpt lat="40.5623500" lon="-3.0569210">
    <ele>805.4</ele>
   </trkpt>
   <trkpt lat="40.5623400" lon="-3.0569190">
    <ele>805.5</ele>
   </trkpt>
   <trkpt lat="40.5623360" lon="-3.0569200">
    <ele>805.6</ele>
   </trkpt>
   <trkpt lat="40.5623320" lon="-3.0569270">
    <ele>805.7</ele>
   </trkpt>
   <trkpt lat="40.5623320" lon="-3.0569330">
    <ele>805.8</ele>
   </trkpt>
   <trkpt lat="40.5623300" lon="-3.0569390">
    <ele>805.8</ele>
   </trkpt>
   <trkpt lat="40.5623260" lon="-3.0569490">
    <ele>806.0</ele>
   </trkpt>
   <trkpt lat="40.5623160" lon="-3.0569610">
    <ele>806.2</ele>
   </trkpt>
   <trkpt lat="40.5623060" lon="-3.0569820">
    <ele>806.4</ele>
   </trkpt>
   <trkpt lat="40.5622970" lon="-3.0570050">
    <ele>806.7</ele>
   </trkpt>
   <trkpt lat="40.5622910" lon="-3.0570230">
    <ele>807.0</ele>
   </trkpt>
   <trkpt lat="40.5622840" lon="-3.0570390">
    <ele>807.2</ele>
   </trkpt>
   <trkpt lat="40.5622820" lon="-3.0570510">
    <ele>807.3</ele>
   </trkpt>
   <trkpt lat="40.5622820" lon="-3.0570590">
    <ele>807.4</ele>
   </trkpt>
   <trkpt lat="40.5622830" lon="-3.0570670">
    <ele>807.5</ele>
   </trkpt>
   <trkpt lat="40.5622880" lon="-3.0570810">
    <ele>807.7</ele>
   </trkpt>
   <trkpt lat="40.5622960" lon="-3.0570910">
    <ele>807.8</ele>
   </trkpt>
   <trkpt lat="40.5623050" lon="-3.0571030">
    <ele>808.0</ele>
   </trkpt>
   <trkpt lat="40.5623170" lon="-3.0571150">
    <ele>808.3</ele>
   </trkpt>
   <trkpt lat="40.5623290" lon="-3.0571220">
    <ele>808.5</ele>
   </trkpt>
   <trkpt lat="40.5623340" lon="-3.0571280">
    <ele>808.6</ele>
   </trkpt>
   <trkpt lat="40.5623400" lon="-3.0571260">
    <ele>808.7</ele>
   </trkpt>
   <trkpt lat="40.5623430" lon="-3.0571230">
    <ele>808.7</ele>
   </trkpt>
   <trkpt lat="40.5623490" lon="-3.0571310">
    <ele>808.8</ele>
   </trkpt>
   <trkpt lat="40.5623560" lon="-3.0571400">
    <ele>809.0</ele>
   </trkpt>
   <trkpt lat="40.5623570" lon="-3.0571420">
    <ele>809.0</ele>
   </trkpt>
   <trkpt lat="40.5623600" lon="-3.0571500">
    <ele>809.1</ele>
   </trkpt>
   <trkpt lat="40.5623660" lon="-3.0571610">
    <ele>809.3</ele>
   </trkpt>
   <trkpt lat="40.5623720" lon="-3.0571660">
    <ele>809.4</ele>
   </trkpt>
   <trkpt lat="40.5623840" lon="-3.0571700">
    <ele>809.6</ele>
   </trkpt>
   <trkpt lat="40.5623920" lon="-3.0571790">
    <ele>809.7</ele>
   </trkpt>
   <trkpt lat="40.5624010" lon="-3.0571850">
    <ele>809.9</ele>
   </trkpt>
   <trkpt lat="40.5624070" lon="-3.0571850">
    <ele>810.0</ele>
   </trkpt>
   <trkpt lat="40.5624160" lon="-3.0571820">
    <ele>810.1</ele>
   </trkpt>
   <trkpt lat="40.5624230" lon="-3.0571850">
    <ele>810.3</ele>
   </trkpt>
   <trkpt lat="40.5624270" lon="-3.0571910">
    <ele>810.4</ele>
   </trkpt>
   <trkpt lat="40.5624300" lon="-3.0572000">
    <ele>810.5</ele>
   </trkpt>
   <trkpt lat="40.5624380" lon="-3.0571990">
    <ele>810.6</ele>
   </trkpt>
   <trkpt lat="40.5624420" lon="-3.0572040">
    <ele>810.7</ele>
   </trkpt>
   <trkpt lat="40.5624520" lon="-3.0572110">
    <ele>810.9</ele>
   </trkpt>
   <trkpt lat="40.5624590" lon="-3.0572170">
    <ele>811.1</ele>
   </trkpt>
   <trkpt lat="40.5624710" lon="-3.0572230">
    <ele>811.3</ele>
   </trkpt>
   <trkpt lat="40.5624780" lon="-3.0572320">
    <ele>811.5</ele>
   </trkpt>
   <trkpt lat="40.5624820" lon="-3.0572430">
    <ele>811.6</ele>
   </trkpt>
   <trkpt lat="40.5624850" lon="-3.0572560">
    <ele>811.8</ele>
   </trkpt>
   <trkpt lat="40.5624930" lon="-3.0572590">
    <ele>812.0</ele>
   </trkpt>
   <trkpt lat="40.5624950" lon="-3.0572640">
    <ele>812.0</ele>
   </trkpt>
   <trkpt lat="40.5625020" lon="-3.0572650">
    <ele>812.1</ele>
   </trkpt>
   <trkpt lat="40.5625050" lon="-3.0572690">
    <ele>812.2</ele>
   </trkpt>
   <trkpt lat="40.5625080" lon="-3.0572680">
    <ele>812.3</ele>
   </trkpt>
   <trkpt lat="40.5625120" lon="-3.0572810">
    <ele>812.5</ele>
   </trkpt>
   <trkpt lat="40.5625160" lon="-3.0572920">
    <ele>812.6</ele>
   </trkpt>
   <trkpt lat="40.5625260" lon="-3.0573080">
    <ele>812.9</ele>
   </trkpt>
   <trkpt lat="40.5625380" lon="-3.0573120">
    <ele>813.1</ele>
   </trkpt>
   <trkpt lat="40.5625450" lon="-3.0573140">
    <ele>813.2</ele>
   </trkpt>
   <trkpt lat="40.5625490" lon="-3.0573180">
    <ele>813.3</ele>
   </trkpt>
   <trkpt lat="40.5625560" lon="-3.0573230">
    <ele>813.5</ele>
   </trkpt>
   <trkpt lat="40.5625660" lon="-3.0573250">
    <ele>813.6</ele>
   </trkpt>
   <trkpt lat="40.5625700" lon="-3.0573290">
    <ele>813.7</ele>
   </trkpt>
   <trkpt lat="40.5625730" lon="-3.0573360">
    <ele>813.8</ele>
   </trkpt>
   <trkpt lat="40.5625800" lon="-3.0573360">
    <ele>813.9</ele>
   </trkpt>
   <trkpt lat="40.5625870" lon="-3.0573410">
    <ele>814.1</ele>
   </trkpt>
   <trkpt lat="40.5625880" lon="-3.0573520">
    <ele>814.2</ele>
   </trkpt>
   <trkpt lat="40.5625890" lon="-3.0573520">
    <ele>814.2</ele>
   </trkpt>
   <trkpt lat="40.5625920" lon="-3.0573510">
    <ele>814.3</ele>
   </trkpt>
   <trkpt lat="40.5625960" lon="-3.0573600">
    <ele>814.4</ele>
   </trkpt>
   <trkpt lat="40.5626040" lon="-3.0573680">
    <ele>814.6</ele>
   </trkpt>
   <trkpt lat="40.5626070" lon="-3.0573820">
    <ele>814.8</ele>
   </trkpt>
   <trkpt lat="40.5626100" lon="-3.0573940">
    <ele>814.9</ele>
   </trkpt>
   <trkpt lat="40.5626150" lon="-3.0574080">
    <ele>815.1</ele>
   </trkpt>
   <trkpt lat="40.5626220" lon="-3.0574180">
    <ele>815.3</ele>
   </trkpt>
   <trkpt lat="40.5626270" lon="-3.0574260">
    <ele>815.4</ele>
   </trkpt>
   <trkpt lat="40.5626290" lon="-3.0574350">
    <ele>815.5</ele>
   </trkpt>
   <trkpt lat="40.5626280" lon="-3.0574450">
    <ele>815.7</ele>
   </trkpt>
   <trkpt lat="40.5626290" lon="-3.0574550">
    <ele>815.8</ele>
   </trkpt>
   <trkpt lat="40.5626350" lon="-3.0574640">
    <ele>816.0</ele>
   </trkpt>
   <trkpt lat="40.5626360" lon="-3.0574730">
    <ele>816.1</ele>
   </trkpt>
   <trkpt lat="40.5626440" lon="-3.0574820">
    <ele>816.3</ele>
   </trkpt>
   <trkpt lat="40.5626530" lon="-3.0574900">
    <ele>816.4</ele>
   </trkpt>
   <trkpt lat="40.5626640" lon="-3.0574920">
    <ele>816.6</ele>
   </trkpt>
   <trkpt lat="40.5626720" lon="-3.0574940">
    <ele>816.8</ele>
   </trkpt>
   <trkpt lat="40.5626760" lon="-3.0575010">
    <ele>816.9</ele>
   </trkpt>
   <trkpt lat="40.5626780" lon="-3.0575060">
    <ele>817.0</ele>
   </trkpt>
   <trkpt lat="40.5626830" lon="-3.0575120">
    <ele>817.1</ele>
   </trkpt>
   <trkpt lat="40.5626890" lon="-3.0575200">
    <ele>817.2</ele>
   </trkpt>
   <trkpt lat="40.5626940" lon="-3.0575260">
    <ele>817.4</ele>
   </trkpt>
   <trkpt lat="40.5626980" lon="-3.0575340">
    <ele>817.5</ele>
   </trkpt>
   <trkpt lat="40.5627070" lon="-3.0575410">
    <ele>817.7</ele>
   </trkpt>
   <trkpt lat="40.5627130" lon="-3.0575470">
    <ele>817.8</ele>
   </trkpt>
   <trkpt lat="40.5627180" lon="-3.0575620">
    <ele>818.0</ele>
   </trkpt>
   <trkpt lat="40.5627240" lon="-3.0575900">
    <ele>818.4</ele>
   </trkpt>
   <trkpt lat="40.5627260" lon="-3.0575990">
    <ele>818.5</ele>
   </trkpt>
   <trkpt lat="40.5627270" lon="-3.0576080">
    <ele>818.6</ele>
   </trkpt>
   <trkpt lat="40.5627340" lon="-3.0576290">
    <ele>818.9</ele>
   </trkpt>
   <trkpt lat="40.5627380" lon="-3.0576400">
    <ele>819.1</ele>
   </trkpt>
   <trkpt lat="40.5627410" lon="-3.0576510">
    <ele>819.2</ele>
   </trkpt>
   <trkpt lat="40.5627440" lon="-3.0576620">
    <ele>819.4</ele>
   </trkpt>
   <trkpt lat="40.5627520" lon="-3.0576800">
    <ele>819.6</ele>
   </trkpt>
   <trkpt lat="40.5627560" lon="-3.0576880">
    <ele>819.7</ele>
   </trkpt>
   <trkpt lat="40.5627590" lon="-3.0576950">
    <ele>819.8</ele>
   </trkpt>
   <trkpt lat="40.5627630" lon="-3.0577020">
    <ele>820.0</ele>
   </trkpt>
   <trkpt lat="40.5627670" lon="-3.0577090">
    <ele>820.1</ele>
   </trkpt>
   <trkpt lat="40.5627710" lon="-3.0577170">
    <ele>820.2</ele>
   </trkpt>
   <trkpt lat="40.5627740" lon="-3.0577240">
    <ele>820.3</ele>
   </trkpt>
   <trkpt lat="40.5627780" lon="-3.0577310">
    <ele>820.4</ele>
   </trkpt>
   <trkpt lat="40.5627820" lon="-3.0577380">
    <ele>820.5</ele>
   </trkpt>
   <trkpt lat="40.5627860" lon="-3.0577460">
    <ele>820.6</ele>
   </trkpt>
   <trkpt lat="40.5627900" lon="-3.0577530">
    <ele>820.7</ele>
   </trkpt>
   <trkpt lat="40.5627930" lon="-3.0577600">
    <ele>820.8</ele>
   </trkpt>
   <trkpt lat="40.5627970" lon="-3.0577680">
    <ele>820.9</ele>
   </trkpt>
   <trkpt lat="40.5628010" lon="-3.0577750">
    <ele>821.0</ele>
   </trkpt>
   <trkpt lat="40.5628050" lon="-3.0577820">
    <ele>821.1</ele>
   </trkpt>
   <trkpt lat="40.5628080" lon="-3.0577890">
    <ele>821.2</ele>
   </trkpt>
   <trkpt lat="40.5628120" lon="-3.0577970">
    <ele>821.3</ele>
   </trkpt>
   <trkpt lat="40.5628160" lon="-3.0578040">
    <ele>821.4</ele>
   </trkpt>
   <trkpt lat="40.5628300" lon="-3.0578380">
    <ele>821.8</ele>
   </trkpt>
   <trkpt lat="40.5628320" lon="-3.0578490">
    <ele>821.9</ele>
   </trkpt>
   <trkpt lat="40.5628380" lon="-3.0578670">
    <ele>822.1</ele>
   </trkpt>
   <trkpt lat="40.5628450" lon="-3.0578840">
    <ele>822.3</ele>
   </trkpt>
   <trkpt lat="40.5628520" lon="-3.0579010">
    <ele>822.5</ele>
   </trkpt>
   <trkpt lat="40.5628590" lon="-3.0579160">
    <ele>822.7</ele>
   </trkpt>
   <trkpt lat="40.5628710" lon="-3.0579390">
    <ele>823.0</ele>
   </trkpt>
   <trkpt lat="40.5628750" lon="-3.0579490">
    <ele>823.1</ele>
   </trkpt>
   <trkpt lat="40.5628800" lon="-3.0579590">
    <ele>823.2</ele>
   </trkpt>
   <trkpt lat="40.5628870" lon="-3.0579740">
    <ele>823.4</ele>
   </trkpt>
   <trkpt lat="40.5628940" lon="-3.0579920">
    <ele>823.6</ele>
   </trkpt>
   <trkpt lat="40.5629060" lon="-3.0580240">
    <ele>823.9</ele>
   </trkpt>
   <trkpt lat="40.5629120" lon="-3.0580420">
    <ele>824.1</ele>
   </trkpt>
   <trkpt lat="40.5629290" lon="-3.0580690">
    <ele>824.5</ele>
   </trkpt>
   <trkpt lat="40.5629340" lon="-3.0580810">
    <ele>824.6</ele>
   </trkpt>
   <trkpt lat="40.5629400" lon="-3.0581020">
    <ele>824.8</ele>
   </trkpt>
   <trkpt lat="40.5629460" lon="-3.0581210">
    <ele>825.0</ele>
   </trkpt>
   <trkpt lat="40.5629550" lon="-3.0581470">
    <ele>825.3</ele>
   </trkpt>
   <trkpt lat="40.5629600" lon="-3.0581640">
    <ele>825.5</ele>
   </trkpt>
   <trkpt lat="40.5629630" lon="-3.0581830">
    <ele>825.7</ele>
   </trkpt>
   <trkpt lat="40.5629710" lon="-3.0582010">
    <ele>825.9</ele>
   </trkpt>
   <trkpt lat="40.5629820" lon="-3.0582210">
    <ele>826.1</ele>
   </trkpt>
   <trkpt lat="40.5629870" lon="-3.0582420">
    <ele>826.4</ele>
   </trkpt>
   <trkpt lat="40.5630000" lon="-3.0582570">
    <ele>826.6</ele>
   </trkpt>
   <trkpt lat="40.5630100" lon="-3.0582730">
    <ele>826.8</ele>
   </trkpt>
   <trkpt lat="40.5630200" lon="-3.0582890">
    <ele>827.0</ele>
   </trkpt>
   <trkpt lat="40.5630300" lon="-3.0583080">
    <ele>827.3</ele>
   </trkpt>
   <trkpt lat="40.5630440" lon="-3.0583430">
    <ele>827.7</ele>
   </trkpt>
   <trkpt lat="40.5630490" lon="-3.0583560">
    <ele>827.8</ele>
   </trkpt>
   <trkpt lat="40.5630610" lon="-3.0583730">
    <ele>828.1</ele>
   </trkpt>
   <trkpt lat="40.5630620" lon="-3.0583830">
    <ele>828.2</ele>
   </trkpt>
   <trkpt lat="40.5630590" lon="-3.0583830">
    <ele>828.2</ele>
   </trkpt>
   <trkpt lat="40.5630590" lon="-3.0583820">
    <ele>828.3</ele>
   </trkpt>
   <trkpt lat="40.5630590" lon="-3.0583780">
    <ele>828.3</ele>
   </trkpt>
   <trkpt lat="40.5630540" lon="-3.0583770">
    <ele>828.4</ele>
   </trkpt>
   <trkpt lat="40.5630570" lon="-3.0583800">
    <ele>828.4</ele>
   </trkpt>
   <trkpt lat="40.5630570" lon="-3.0583750">
    <ele>828.5</ele>
   </trkpt>
   <trkpt lat="40.5630600" lon="-3.0583740">
    <ele>828.5</ele>
   </trkpt>
   <trkpt lat="40.5630600" lon="-3.0583740">
    <ele>828.5</ele>
   </trkpt>
   <trkpt lat="40.5630600" lon="-3.0583730">
    <ele>828.5</ele>
   </trkpt>
   <trkpt lat="40.5630690" lon="-3.0583710">
    <ele>828.7</ele>
   </trkpt>
   <trkpt lat="40.5630690" lon="-3.0583710">
    <ele>828.7</ele>
   </trkpt>
   <trkpt lat="40.5630690" lon="-3.0583710">
    <ele>828.7</ele>
   </trkpt>
   <trkpt lat="40.5630690" lon="-3.0583830">
    <ele>828.8</ele>
   </trkpt>
   <trkpt lat="40.5630740" lon="-3.0583890">
    <ele>828.9</ele>
   </trkpt>
   <trkpt lat="40.5630750" lon="-3.0583910">
    <ele>828.9</ele>
   </trkpt>
   <trkpt lat="40.5630750" lon="-3.0583900">
    <ele>828.9</ele>
   </trkpt>
   <trkpt lat="40.5630770" lon="-3.0583930">
    <ele>829.0</ele>
   </trkpt>
   <trkpt lat="40.5630800" lon="-3.0584010">
    <ele>829.1</ele>
   </trkpt>
   <trkpt lat="40.5630800" lon="-3.0584010">
    <ele>829.1</ele>
   </trkpt>
   <trkpt lat="40.5630800" lon="-3.0584010">
    <ele>829.1</ele>
   </trkpt>
   <trkpt lat="40.5630760" lon="-3.0584030">
    <ele>829.1</ele>
   </trkpt>
   <trkpt lat="40.5630780" lon="-3.0583960">
    <ele>829.2</ele>
   </trkpt>
   <trkpt lat="40.5630780" lon="-3.0584020">
    <ele>829.3</ele>
   </trkpt>
   <trkpt lat="40.5630870" lon="-3.0584020">
    <ele>829.4</ele>
   </trkpt>
   <trkpt lat="40.5630870" lon="-3.0584150">
    <ele>829.6</ele>
   </trkpt>
   <trkpt lat="40.5630870" lon="-3.0584250">
    <ele>829.7</ele>
   </trkpt>
   <trkpt lat="40.5630880" lon="-3.0584320">
    <ele>829.8</ele>
   </trkpt>
   <trkpt lat="40.5630950" lon="-3.0584430">
    <ele>829.9</ele>
   </trkpt>
   <trkpt lat="40.5631000" lon="-3.0584570">
    <ele>830.1</ele>
   </trkpt>
   <trkpt lat="40.5631060" lon="-3.0584600">
    <ele>830.2</ele>
   </trkpt>
   <trkpt lat="40.5631120" lon="-3.0584710">
    <ele>830.4</ele>
   </trkpt>
   <trkpt lat="40.5631160" lon="-3.0584830">
    <ele>830.5</ele>
   </trkpt>
   <trkpt lat="40.5631200" lon="-3.0584960">
    <ele>830.7</ele>
   </trkpt>
   <trkpt lat="40.5631200" lon="-3.0585130">
    <ele>830.9</ele>
   </trkpt>
   <trkpt lat="40.5631240" lon="-3.0585250">
    <ele>831.0</ele>
   </trkpt>
   <trkpt lat="40.5631250" lon="-3.0585330">
    <ele>831.1</ele>
   </trkpt>
   <trkpt lat="40.5631270" lon="-3.0585420">
    <ele>831.2</ele>
   </trkpt>
   <trkpt lat="40.5631320" lon="-3.0585540">
    <ele>831.4</ele>
   </trkpt>
   <trkpt lat="40.5631320" lon="-3.0585610">
    <ele>831.5</ele>
   </trkpt>
   <trkpt lat="40.5631340" lon="-3.0585670">
    <ele>831.6</ele>
   </trkpt>
   <trkpt lat="40.5631360" lon="-3.0585720">
    <ele>831.6</ele>
   </trkpt>
   <trkpt lat="40.5631390" lon="-3.0585790">
    <ele>831.7</ele>
   </trkpt>
   <trkpt lat="40.5631390" lon="-3.0585930">
    <ele>831.9</ele>
   </trkpt>
   <trkpt lat="40.5631410" lon="-3.0586040">
    <ele>832.0</ele>
   </trkpt>
   <trkpt lat="40.5631470" lon="-3.0586140">
    <ele>832.2</ele>
   </trkpt>
   <trkpt lat="40.5631490" lon="-3.0586220">
    <ele>832.3</ele>
   </trkpt>
   <trkpt lat="40.5631470" lon="-3.0586320">
    <ele>832.4</ele>
   </trkpt>
   <trkpt lat="40.5631440" lon="-3.0586450">
    <ele>832.6</ele>
   </trkpt>
   <trkpt lat="40.5631420" lon="-3.0586560">
    <ele>832.7</ele>
   </trkpt>
   <trkpt lat="40.5631480" lon="-3.0586620">
    <ele>832.9</ele>
   </trkpt>
   <trkpt lat="40.5631460" lon="-3.0586750">
    <ele>833.0</ele>
   </trkpt>
   <trkpt lat="40.5631470" lon="-3.0586880">
    <ele>833.2</ele>
   </trkpt>
   <trkpt lat="40.5631480" lon="-3.0586910">
    <ele>833.2</ele>
   </trkpt>
   <trkpt lat="40.5631540" lon="-3.0586950">
    <ele>833.3</ele>
   </trkpt>
   <trkpt lat="40.5631590" lon="-3.0587000">
    <ele>833.4</ele>
   </trkpt>
   <trkpt lat="40.5631620" lon="-3.0587010">
    <ele>833.5</ele>
   </trkpt>
   <trkpt lat="40.5631660" lon="-3.0587030">
    <ele>833.6</ele>
   </trkpt>
   <trkpt lat="40.5631720" lon="-3.0587020">
    <ele>833.7</ele>
   </trkpt>
   <trkpt lat="40.5631820" lon="-3.0587160">
    <ele>833.9</ele>
   </trkpt>
   <trkpt lat="40.5631850" lon="-3.0587260">
    <ele>834.1</ele>
   </trkpt>
   <trkpt lat="40.5631890" lon="-3.0587370">
    <ele>834.2</ele>
   </trkpt>
   <trkpt lat="40.5631920" lon="-3.0587470">
    <ele>834.4</ele>
   </trkpt>
   <trkpt lat="40.5631930" lon="-3.0587630">
    <ele>834.6</ele>
   </trkpt>
   <trkpt lat="40.5631880" lon="-3.0587660">
    <ele>834.7</ele>
   </trkpt>
   <trkpt lat="40.5631920" lon="-3.0587740">
    <ele>834.8</ele>
   </trkpt>
   <trkpt lat="40.5631970" lon="-3.0587850">
    <ele>835.0</ele>
   </trkpt>
   <trkpt lat="40.5632010" lon="-3.0588040">
    <ele>835.2</ele>
   </trkpt>
   <trkpt lat="40.5632100" lon="-3.0588210">
    <ele>835.5</ele>
   </trkpt>
   <trkpt lat="40.5632160" lon="-3.0588300">
    <ele>835.6</ele>
   </trkpt>
   <trkpt lat="40.5632200" lon="-3.0588360">
    <ele>835.7</ele>
   </trkpt>
   <trkpt lat="40.5632180" lon="-3.0588430">
    <ele>835.8</ele>
   </trkpt>
   <trkpt lat="40.5632140" lon="-3.0588550">
    <ele>836.0</ele>
   </trkpt>
   <trkpt lat="40.5632140" lon="-3.0588640">
    <ele>836.1</ele>
   </trkpt>
   <trkpt lat="40.5632160" lon="-3.0588740">
    <ele>836.3</ele>
   </trkpt>
   <trkpt lat="40.5632170" lon="-3.0588810">
    <ele>836.4</ele>
   </trkpt>
   <trkpt lat="40.5632140" lon="-3.0588910">
    <ele>836.5</ele>
   </trkpt>
   <trkpt lat="40.5632150" lon="-3.0589050">
    <ele>836.7</ele>
   </trkpt>
   <trkpt lat="40.5632150" lon="-3.0589090">
    <ele>836.7</ele>
   </trkpt>
   <trkpt lat="40.5632140" lon="-3.0589210">
    <ele>836.9</ele>
   </trkpt>
   <trkpt lat="40.5632150" lon="-3.0589330">
    <ele>837.0</ele>
   </trkpt>
   <trkpt lat="40.5632160" lon="-3.0589460">
    <ele>837.2</ele>
   </trkpt>
   <trkpt lat="40.5632180" lon="-3.0589610">
    <ele>837.4</ele>
   </trkpt>
   <trkpt lat="40.5632230" lon="-3.0589730">
    <ele>837.6</ele>
   </trkpt>
   <trkpt lat="40.5632230" lon="-3.0589840">
    <ele>837.7</ele>
   </trkpt>
   <trkpt lat="40.5632280" lon="-3.0589930">
    <ele>837.9</ele>
   </trkpt>
   <trkpt lat="40.5632320" lon="-3.0589940">
    <ele>838.0</ele>
   </trkpt>
   <trkpt lat="40.5632360" lon="-3.0590000">
    <ele>838.1</ele>
   </trkpt>
   <trkpt lat="40.5632420" lon="-3.0590040">
    <ele>838.2</ele>
   </trkpt>
   <trkpt lat="40.5632470" lon="-3.0590160">
    <ele>838.4</ele>
   </trkpt>
   <trkpt lat="40.5632420" lon="-3.0590310">
    <ele>838.6</ele>
   </trkpt>
   <trkpt lat="40.5632390" lon="-3.0590450">
    <ele>838.8</ele>
   </trkpt>
   <trkpt lat="40.5632420" lon="-3.0590560">
    <ele>838.9</ele>
   </trkpt>
   <trkpt lat="40.5632450" lon="-3.0590670">
    <ele>839.1</ele>
   </trkpt>
   <trkpt lat="40.5632440" lon="-3.0590820">
    <ele>839.3</ele>
   </trkpt>
   <trkpt lat="40.5632480" lon="-3.0590910">
    <ele>839.4</ele>
   </trkpt>
   <trkpt lat="40.5632520" lon="-3.0590900">
    <ele>839.5</ele>
   </trkpt>
   <trkpt lat="40.5632520" lon="-3.0590950">
    <ele>839.6</ele>
   </trkpt>
   <trkpt lat="40.5632490" lon="-3.0591050">
    <ele>839.7</ele>
   </trkpt>
   <trkpt lat="40.5632520" lon="-3.0591170">
    <ele>839.9</ele>
   </trkpt>
   <trkpt lat="40.5632570" lon="-3.0591320">
    <ele>840.1</ele>
   </trkpt>
   <trkpt lat="40.5632620" lon="-3.0591460">
    <ele>840.3</ele>
   </trkpt>
   <trkpt lat="40.5632710" lon="-3.0591520">
    <ele>840.5</ele>
   </trkpt>
   <trkpt lat="40.5632740" lon="-3.0591590">
    <ele>840.6</ele>
   </trkpt>
   <trkpt lat="40.5632690" lon="-3.0591580">
    <ele>840.7</ele>
   </trkpt>
   <trkpt lat="40.5632690" lon="-3.0591550">
    <ele>840.7</ele>
   </trkpt>
   <trkpt lat="40.5632730" lon="-3.0591660">
    <ele>840.9</ele>
   </trkpt>
   <trkpt lat="40.5632710" lon="-3.0591630">
    <ele>840.9</ele>
   </trkpt>
   <trkpt lat="40.5632720" lon="-3.0591660">
    <ele>841.0</ele>
   </trkpt>
   <trkpt lat="40.5632730" lon="-3.0591610">
    <ele>841.0</ele>
   </trkpt>
   <trkpt lat="40.5632710" lon="-3.0591630">
    <ele>841.1</ele>
   </trkpt>
   <trkpt lat="40.5632720" lon="-3.0591640">
    <ele>841.1</ele>
   </trkpt>
   <trkpt lat="40.5632750" lon="-3.0591700">
    <ele>841.2</ele>
   </trkpt>
   <trkpt lat="40.5632750" lon="-3.0591660">
    <ele>841.3</ele>
   </trkpt>
   <trkpt lat="40.5632780" lon="-3.0591620">
    <ele>841.3</ele>
   </trkpt>
   <trkpt lat="40.5632750" lon="-3.0591690">
    <ele>841.4</ele>
   </trkpt>
   <trkpt lat="40.5632750" lon="-3.0591780">
    <ele>841.6</ele>
   </trkpt>
   <trkpt lat="40.5632730" lon="-3.0591940">
    <ele>841.8</ele>
   </trkpt>
   <trkpt lat="40.5632780" lon="-3.0592090">
    <ele>842.0</ele>
   </trkpt>
   <trkpt lat="40.5632840" lon="-3.0592220">
    <ele>842.2</ele>
   </trkpt>
   <trkpt lat="40.5632870" lon="-3.0592360">
    <ele>842.4</ele>
   </trkpt>
   <trkpt lat="40.5632880" lon="-3.0592530">
    <ele>842.6</ele>
   </trkpt>
   <trkpt lat="40.5632900" lon="-3.0592630">
    <ele>842.7</ele>
   </trkpt>
   <trkpt lat="40.5632980" lon="-3.0592690">
    <ele>842.9</ele>
   </trkpt>
   <trkpt lat="40.5633040" lon="-3.0592750">
    <ele>843.0</ele>
   </trkpt>
   <trkpt lat="40.5633120" lon="-3.0592840">
    <ele>843.2</ele>
   </trkpt>
   <trkpt lat="40.5633160" lon="-3.0592970">
    <ele>843.4</ele>
   </trkpt>
   <trkpt lat="40.5633180" lon="-3.0593010">
    <ele>843.4</ele>
   </trkpt>
   <trkpt lat="40.5633210" lon="-3.0593130">
    <ele>843.6</ele>
   </trkpt>
   <trkpt lat="40.5633250" lon="-3.0593170">
    <ele>843.7</ele>
   </trkpt>
   <trkpt lat="40.5633280" lon="-3.0593220">
    <ele>843.8</ele>
   </trkpt>
   <trkpt lat="40.5633360" lon="-3.0593290">
    <ele>843.9</ele>
   </trkpt>
   <trkpt lat="40.5633390" lon="-3.0593400">
    <ele>844.1</ele>
   </trkpt>
   <trkpt lat="40.5633440" lon="-3.0593510">
    <ele>844.2</ele>
   </trkpt>
   <trkpt lat="40.5633470" lon="-3.0593690">
    <ele>844.5</ele>
   </trkpt>
   <trkpt lat="40.5633490" lon="-3.0593790">
    <ele>844.6</ele>
   </trkpt>
   <trkpt lat="40.5633500" lon="-3.0593890">
    <ele>844.7</ele>
   </trkpt>
   <trkpt lat="40.5633510" lon="-3.0593990">
    <ele>844.9</ele>
   </trkpt>
   <trkpt lat="40.5633550" lon="-3.0594100">
    <ele>845.0</ele>
   </trkpt>
   <trkpt lat="40.5633580" lon="-3.0594230">
    <ele>845.2</ele>
   </trkpt>
   <trkpt lat="40.5633620" lon="-3.0594390">
    <ele>845.4</ele>
   </trkpt>
   <trkpt lat="40.5633660" lon="-3.0594510">
    <ele>845.6</ele>
   </trkpt>
   <trkpt lat="40.5633700" lon="-3.0594600">
    <ele>845.7</ele>
   </trkpt>
   <trkpt lat="40.5633730" lon="-3.0594690">
    <ele>845.8</ele>
   </trkpt>
   <trkpt lat="40.5633770" lon="-3.0594790">
    <ele>846.0</ele>
   </trkpt>
   <trkpt lat="40.5633810" lon="-3.0594870">
    <ele>846.1</ele>
   </trkpt>
   <trkpt lat="40.5633860" lon="-3.0594980">
    <ele>846.3</ele>
   </trkpt>
   <trkpt lat="40.5633890" lon="-3.0595070">
    <ele>846.4</ele>
   </trkpt>
   <trkpt lat="40.5633920" lon="-3.0595180">
    <ele>846.6</ele>
   </trkpt>
   <trkpt lat="40.5633980" lon="-3.0595290">
    <ele>846.7</ele>
   </trkpt>
   <trkpt lat="40.5634010" lon="-3.0595320">
    <ele>846.8</ele>
   </trkpt>
   <trkpt lat="40.5634040" lon="-3.0595350">
    <ele>846.9</ele>
   </trkpt>
   <trkpt lat="40.5634070" lon="-3.0595380">
    <ele>846.9</ele>
   </trkpt>
   <trkpt lat="40.5634110" lon="-3.0595420">
    <ele>847.0</ele>
   </trkpt>
   <trkpt lat="40.5634140" lon="-3.0595450">
    <ele>847.1</ele>
   </trkpt>
   <trkpt lat="40.5634170" lon="-3.0595480">
    <ele>847.2</ele>
   </trkpt>
   <trkpt lat="40.5634200" lon="-3.0595510">
    <ele>847.2</ele>
   </trkpt>
   <trkpt lat="40.5634230" lon="-3.0595540">
    <ele>847.3</ele>
   </trkpt>
   <trkpt lat="40.5634260" lon="-3.0595570">
    <ele>847.3</ele>
   </trkpt>
   <trkpt lat="40.5634290" lon="-3.0595600">
    <ele>847.4</ele>
   </trkpt>
   <trkpt lat="40.5634320" lon="-3.0595630">
    <ele>847.5</ele>
   </trkpt>
   <trkpt lat="40.5634360" lon="-3.0595670">
    <ele>847.6</ele>
   </trkpt>
   <trkpt lat="40.5634390" lon="-3.0595700">
    <ele>847.6</ele>
   </trkpt>
   <trkpt lat="40.5634420" lon="-3.0595730">
    <ele>847.7</ele>
   </trkpt>
   <trkpt lat="40.5634450" lon="-3.0595760">
    <ele>847.8</ele>
   </trkpt>
   <trkpt lat="40.5634480" lon="-3.0595790">
    <ele>847.8</ele>
   </trkpt>
   <trkpt lat="40.5634650" lon="-3.0595980">
    <ele>848.2</ele>
   </trkpt>
   <trkpt lat="40.5634720" lon="-3.0596040">
    <ele>848.4</ele>
   </trkpt>
   <trkpt lat="40.5634780" lon="-3.0596110">
    <ele>848.5</ele>
   </trkpt>
   <trkpt lat="40.5634850" lon="-3.0596190">
    <ele>848.7</ele>
   </trkpt>
   <trkpt lat="40.5634900" lon="-3.0596250">
    <ele>848.8</ele>
   </trkpt>
   <trkpt lat="40.5634950" lon="-3.0596330">
    <ele>848.9</ele>
   </trkpt>
   <trkpt lat="40.5634990" lon="-3.0596430">
    <ele>849.1</ele>
   </trkpt>
   <trkpt lat="40.5635050" lon="-3.0596550">
    <ele>849.3</ele>
   </trkpt>
   <trkpt lat="40.5635140" lon="-3.0596650">
    <ele>849.5</ele>
   </trkpt>
   <trkpt lat="40.5635240" lon="-3.0596720">
    <ele>849.7</ele>
   </trkpt>
   <trkpt lat="40.5635320" lon="-3.0596810">
    <ele>849.8</ele>
   </trkpt>
   <trkpt lat="40.5635390" lon="-3.0596920">
    <ele>850.0</ele>
   </trkpt>
   <trkpt lat="40.5635450" lon="-3.0597050">
    <ele>850.2</ele>
   </trkpt>
   <trkpt lat="40.5635500" lon="-3.0597140">
    <ele>850.4</ele>
   </trkpt>
   <trkpt lat="40.5635530" lon="-3.0597260">
    <ele>850.5</ele>
   </trkpt>
   <trkpt lat="40.5635570" lon="-3.0597370">
    <ele>850.7</ele>
   </trkpt>
   <trkpt lat="40.5635620" lon="-3.0597460">
    <ele>850.8</ele>
   </trkpt>
   <trkpt lat="40.5635670" lon="-3.0597560">
    <ele>851.0</ele>
   </trkpt>
   <trkpt lat="40.5635730" lon="-3.0597660">
    <ele>851.2</ele>
   </trkpt>
   <trkpt lat="40.5635810" lon="-3.0597750">
    <ele>851.3</ele>
   </trkpt>
   <trkpt lat="40.5635890" lon="-3.0597850">
    <ele>851.5</ele>
   </trkpt>
   <trkpt lat="40.5635980" lon="-3.0597920">
    <ele>851.6</ele>
   </trkpt>
   <trkpt lat="40.5636030" lon="-3.0597970">
    <ele>851.7</ele>
   </trkpt>
   <trkpt lat="40.5636090" lon="-3.0598040">
    <ele>851.8</ele>
   </trkpt>
   <trkpt lat="40.5636120" lon="-3.0598080">
    <ele>851.9</ele>
   </trkpt>
   <trkpt lat="40.5636140" lon="-3.0598050">
    <ele>852.0</ele>
   </trkpt>
   <trkpt lat="40.5636120" lon="-3.0598080">
    <ele>852.0</ele>
   </trkpt>
   <trkpt lat="40.5636090" lon="-3.0598070">
    <ele>852.0</ele>
   </trkpt>
   <trkpt lat="40.5636080" lon="-3.0598060">
    <ele>852.1</ele>
   </trkpt>
   <trkpt lat="40.5636070" lon="-3.0598050">
    <ele>852.1</ele>
   </trkpt>
   <trkpt lat="40.5636070" lon="-3.0598030">
    <ele>852.1</ele>
   </trkpt>
   <trkpt lat="40.5636070" lon="-3.0598040">
    <ele>852.1</ele>
   </trkpt>
   <trkpt lat="40.5636060" lon="-3.0598040">
    <ele>852.1</ele>
   </trkpt>
   <trkpt lat="40.5636070" lon="-3.0598040">
    <ele>852.1</ele>
   </trkpt>
   <trkpt lat="40.5636080" lon="-3.0598040">
    <ele>852.2</ele>
   </trkpt>
   <trkpt lat="40.5636090" lon="-3.0598050">
    <ele>852.2</ele>
   </trkpt>
   <trkpt lat="40.5636110" lon="-3.0598070">
    <ele>852.2</ele>
   </trkpt>
   <trkpt lat="40.5636120" lon="-3.0598070">
    <ele>852.2</ele>
   </trkpt>
   <trkpt lat="40.5636480" lon="-3.0598870">
    <ele>853.3</ele>
   </trkpt>
   <trkpt lat="40.5636780" lon="-3.0599270">
    <ele>853.9</ele>
   </trkpt>
   <trkpt lat="40.5636960" lon="-3.0599610">
    <ele>854.4</ele>
   </trkpt>
   <trkpt lat="40.5637000" lon="-3.0599730">
    <ele>854.6</ele>
   </trkpt>
   <trkpt lat="40.5637050" lon="-3.0599940">
    <ele>854.9</ele>
   </trkpt>
   <trkpt lat="40.5637070" lon="-3.0600140">
    <ele>855.1</ele>
   </trkpt>
   <trkpt lat="40.5637110" lon="-3.0600430">
    <ele>855.5</ele>
   </trkpt>
   <trkpt lat="40.5637140" lon="-3.0600530">
    <ele>855.6</ele>
   </trkpt>
   <trkpt lat="40.5637160" lon="-3.0600630">
    <ele>855.8</ele>
   </trkpt>
   <trkpt lat="40.5637230" lon="-3.0601090">
    <ele>856.4</ele>
   </trkpt>
   <trkpt lat="40.5637250" lon="-3.0601220">
    <ele>856.5</ele>
   </trkpt>
   <trkpt lat="40.5637400" lon="-3.0601880">
    <ele>857.5</ele>
   </trkpt>
   <trkpt lat="40.5637430" lon="-3.0602010">
    <ele>857.7</ele>
   </trkpt>
   <trkpt lat="40.5637460" lon="-3.0602130">
    <ele>857.9</ele>
   </trkpt>
   <trkpt lat="40.5637490" lon="-3.0602310">
    <ele>858.1</ele>
   </trkpt>
   <trkpt lat="40.5637520" lon="-3.0602450">
    <ele>858.3</ele>
   </trkpt>
   <trkpt lat="40.5637480" lon="-3.0602590">
    <ele>858.6</ele>
   </trkpt>
   <trkpt lat="40.5637460" lon="-3.0602770">
    <ele>858.8</ele>
   </trkpt>
   <trkpt lat="40.5637470" lon="-3.0603030">
    <ele>859.2</ele>
   </trkpt>
   <trkpt lat="40.5637490" lon="-3.0603150">
    <ele>859.4</ele>
   </trkpt>
   <trkpt lat="40.5637510" lon="-3.0603260">
    <ele>859.6</ele>
   </trkpt>
   <trkpt lat="40.5637540" lon="-3.0603420">
    <ele>859.8</ele>
   </trkpt>
   <trkpt lat="40.5637540" lon="-3.0603640">
    <ele>860.2</ele>
   </trkpt>
   <trkpt lat="40.5637520" lon="-3.0603840">
    <ele>860.5</ele>
   </trkpt>
   <trkpt lat="40.5637490" lon="-3.0604040">
    <ele>860.8</ele>
   </trkpt>
   <trkpt lat="40.5637460" lon="-3.0604210">
    <ele>861.1</ele>
   </trkpt>
   <trkpt lat="40.5637370" lon="-3.0604360">
    <ele>861.4</ele>
   </trkpt>
   <trkpt lat="40.5637300" lon="-3.0604560">
    <ele>861.8</ele>
   </trkpt>
   <trkpt lat="40.5637280" lon="-3.0604720">
    <ele>862.0</ele>
   </trkpt>
   <trkpt lat="40.5637240" lon="-3.0604940">
    <ele>862.4</ele>
   </trkpt>
   <trkpt lat="40.5637230" lon="-3.0605120">
    <ele>862.7</ele>
   </trkpt>
   <trkpt lat="40.5637240" lon="-3.0605280">
    <ele>862.9</ele>
   </trkpt>
   <trkpt lat="40.5637170" lon="-3.0605430">
    <ele>863.2</ele>
   </trkpt>
   <trkpt lat="40.5637160" lon="-3.0605590">
    <ele>863.5</ele>
   </trkpt>
   <trkpt lat="40.5637110" lon="-3.0605850">
    <ele>863.9</ele>
   </trkpt>
   <trkpt lat="40.5637060" lon="-3.0605950">
    <ele>864.1</ele>
   </trkpt>
   <trkpt lat="40.5637020" lon="-3.0606050">
    <ele>864.3</ele>
   </trkpt>
   <trkpt lat="40.5636980" lon="-3.0606270">
    <ele>864.6</ele>
   </trkpt>
   <trkpt lat="40.5636960" lon="-3.0606460">
    <ele>864.9</ele>
   </trkpt>
   <trkpt lat="40.5636910" lon="-3.0606660">
    <ele>865.2</ele>
   </trkpt>
   <trkpt lat="40.5636840" lon="-3.0606810">
    <ele>865.5</ele>
   </trkpt>
   <trkpt lat="40.5636850" lon="-3.0607030">
    <ele>865.8</ele>
   </trkpt>
   <trkpt lat="40.5636870" lon="-3.0607230">
    <ele>866.1</ele>
   </trkpt>
   <trkpt lat="40.5636860" lon="-3.0607440">
    <ele>866.4</ele>
   </trkpt>
   <trkpt lat="40.5636830" lon="-3.0607660">
    <ele>866.7</ele>
   </trkpt>
   <trkpt lat="40.5636830" lon="-3.0607810">
    <ele>866.9</ele>
   </trkpt>
   <trkpt lat="40.5636850" lon="-3.0607950">
    <ele>867.1</ele>
   </trkpt>
   <trkpt lat="40.5636800" lon="-3.0608140">
    <ele>867.3</ele>
   </trkpt>
   <trkpt lat="40.5636750" lon="-3.0608310">
    <ele>867.5</ele>
   </trkpt>
   <trkpt lat="40.5636710" lon="-3.0608500">
    <ele>867.8</ele>
   </trkpt>
   <trkpt lat="40.5636690" lon="-3.0608720">
    <ele>868.0</ele>
   </trkpt>
   <trkpt lat="40.5636680" lon="-3.0608910">
    <ele>868.3</ele>
   </trkpt>
   <trkpt lat="40.5636750" lon="-3.0609080">
    <ele>868.5</ele>
   </trkpt>
   <trkpt lat="40.5636760" lon="-3.0609290">
    <ele>868.7</ele>
   </trkpt>
   <trkpt lat="40.5636770" lon="-3.0609580">
    <ele>869.0</ele>
   </trkpt>
   <trkpt lat="40.5636760" lon="-3.0609680">
    <ele>869.1</ele>
   </trkpt>
   <trkpt lat="40.5636760" lon="-3.0609790">
    <ele>869.2</ele>
   </trkpt>
   <trkpt lat="40.5636760" lon="-3.0610010">
    <ele>869.4</ele>
   </trkpt>
   <trkpt lat="40.5636790" lon="-3.0610200">
    <ele>869.6</ele>
   </trkpt>
   <trkpt lat="40.5636910" lon="-3.0610470">
    <ele>869.9</ele>
   </trkpt>
   <trkpt lat="40.5636990" lon="-3.0610590">
    <ele>870.1</ele>
   </trkpt>
   <trkpt lat="40.5637210" lon="-3.0610920">
    <ele>870.5</ele>
   </trkpt>
   <trkpt lat="40.5637280" lon="-3.0611060">
    <ele>870.6</ele>
   </trkpt>
   <trkpt lat="40.5637410" lon="-3.0611410">
    <ele>871.0</ele>
   </trkpt>
   <trkpt lat="40.5637430" lon="-3.0611540">
    <ele>871.1</ele>
   </trkpt>
   <trkpt lat="40.5637670" lon="-3.0611860">
    <ele>871.5</ele>
   </trkpt>
   <trkpt lat="40.5637780" lon="-3.0611900">
    <ele>871.6</ele>
   </trkpt>
   <trkpt lat="40.5638010" lon="-3.0612170">
    <ele>871.9</ele>
   </trkpt>
   <trkpt lat="40.5638060" lon="-3.0612270">
    <ele>871.9</ele>
   </trkpt>
   <trkpt lat="40.5638190" lon="-3.0612470">
    <ele>872.0</ele>
   </trkpt>
   <trkpt lat="40.5638230" lon="-3.0612600">
    <ele>872.0</ele>
   </trkpt>
   <trkpt lat="40.5638260" lon="-3.0612720">
    <ele>872.0</ele>
   </trkpt>
   <trkpt lat="40.5638270" lon="-3.0612860">
    <ele>872.1</ele>
   </trkpt>
   <trkpt lat="40.5638340" lon="-3.0612970">
    <ele>872.1</ele>
   </trkpt>
   <trkpt lat="40.5638350" lon="-3.0613160">
    <ele>872.1</ele>
   </trkpt>
   <trkpt lat="40.5638320" lon="-3.0613210">
    <ele>872.2</ele>
   </trkpt>
   <trkpt lat="40.5638380" lon="-3.0613250">
    <ele>872.2</ele>
   </trkpt>
   <trkpt lat="40.5638450" lon="-3.0613350">
    <ele>872.2</ele>
   </trkpt>
   <trkpt lat="40.5638590" lon="-3.0613440">
    <ele>872.3</ele>
   </trkpt>
   <trkpt lat="40.5638740" lon="-3.0613530">
    <ele>872.3</ele>
   </trkpt>
   <trkpt lat="40.5638900" lon="-3.0613670">
    <ele>872.4</ele>
   </trkpt>
   <trkpt lat="40.5639030" lon="-3.0613850">
    <ele>872.4</ele>
   </trkpt>
   <trkpt lat="40.5639200" lon="-3.0613930">
    <ele>872.5</ele>
   </trkpt>
   <trkpt lat="40.5639430" lon="-3.0614240">
    <ele>872.6</ele>
   </trkpt>
   <trkpt lat="40.5639510" lon="-3.0614340">
    <ele>872.6</ele>
   </trkpt>
   <trkpt lat="40.5639790" lon="-3.0614620">
    <ele>872.8</ele>
   </trkpt>
   <trkpt lat="40.5639900" lon="-3.0614720">
    <ele>872.8</ele>
   </trkpt>
   <trkpt lat="40.5640160" lon="-3.0615030">
    <ele>872.9</ele>
   </trkpt>
   <trkpt lat="40.5640260" lon="-3.0615150">
    <ele>873.0</ele>
   </trkpt>
   <trkpt lat="40.5640540" lon="-3.0615430">
    <ele>873.1</ele>
   </trkpt>
   <trkpt lat="40.5640630" lon="-3.0615520">
    <ele>873.1</ele>
   </trkpt>
   <trkpt lat="40.5640910" lon="-3.0615730">
    <ele>873.2</ele>
   </trkpt>
   <trkpt lat="40.5641010" lon="-3.0615810">
    <ele>873.3</ele>
   </trkpt>
   <trkpt lat="40.5641370" lon="-3.0615980">
    <ele>873.4</ele>
   </trkpt>
   <trkpt lat="40.5641470" lon="-3.0616050">
    <ele>873.4</ele>
   </trkpt>
   <trkpt lat="40.5641700" lon="-3.0616390">
    <ele>873.5</ele>
   </trkpt>
   <trkpt lat="40.5641770" lon="-3.0616490">
    <ele>873.6</ele>
   </trkpt>
   <trkpt lat="40.5641960" lon="-3.0616600">
    <ele>873.6</ele>
   </trkpt>
   <trkpt lat="40.5642060" lon="-3.0616700">
    <ele>873.7</ele>
   </trkpt>
   <trkpt lat="40.5642260" lon="-3.0616830">
    <ele>873.8</ele>
   </trkpt>
   <trkpt lat="40.5642330" lon="-3.0616890">
    <ele>873.9</ele>
   </trkpt>
   <trkpt lat="40.5642410" lon="-3.0616960">
    <ele>873.9</ele>
   </trkpt>
   <trkpt lat="40.5642540" lon="-3.0617100">
    <ele>874.1</ele>
   </trkpt>
   <trkpt lat="40.5642680" lon="-3.0617270">
    <ele>874.2</ele>
   </trkpt>
   <trkpt lat="40.5642970" lon="-3.0617350">
    <ele>874.4</ele>
   </trkpt>
   <trkpt lat="40.5643070" lon="-3.0617390">
    <ele>874.5</ele>
   </trkpt>
   <trkpt lat="40.5643440" lon="-3.0617510">
    <ele>874.7</ele>
   </trkpt>
   <trkpt lat="40.5643560" lon="-3.0617560">
    <ele>874.8</ele>
   </trkpt>
   <trkpt lat="40.5643900" lon="-3.0617710">
    <ele>875.1</ele>
   </trkpt>
   <trkpt lat="40.5643990" lon="-3.0617760">
    <ele>875.2</ele>
   </trkpt>
   <trkpt lat="40.5644280" lon="-3.0617900">
    <ele>875.4</ele>
   </trkpt>
   <trkpt lat="40.5644360" lon="-3.0617950">
    <ele>875.5</ele>
   </trkpt>
   <trkpt lat="40.5644630" lon="-3.0618130">
    <ele>875.7</ele>
   </trkpt>
   <trkpt lat="40.5644730" lon="-3.0618180">
    <ele>875.7</ele>
   </trkpt>
   <trkpt lat="40.5645010" lon="-3.0618430">
    <ele>876.0</ele>
   </trkpt>
   <trkpt lat="40.5645100" lon="-3.0618500">
    <ele>876.1</ele>
   </trkpt>
   <trkpt lat="40.5645220" lon="-3.0618650">
    <ele>876.2</ele>
   </trkpt>
   <trkpt lat="40.5645350" lon="-3.0618740">
    <ele>876.3</ele>
   </trkpt>
   <trkpt lat="40.5645680" lon="-3.0618920">
    <ele>876.6</ele>
   </trkpt>
   <trkpt lat="40.5645790" lon="-3.0619030">
    <ele>876.7</ele>
   </trkpt>
   <trkpt lat="40.5646090" lon="-3.0619170">
    <ele>876.9</ele>
   </trkpt>
   <trkpt lat="40.5646180" lon="-3.0619230">
    <ele>877.0</ele>
   </trkpt>
   <trkpt lat="40.5646310" lon="-3.0619280">
    <ele>877.1</ele>
   </trkpt>
   <trkpt lat="40.5646470" lon="-3.0619340">
    <ele>877.2</ele>
   </trkpt>
   <trkpt lat="40.5646550" lon="-3.0619540">
    <ele>877.3</ele>
   </trkpt>
   <trkpt lat="40.5646600" lon="-3.0619640">
    <ele>877.4</ele>
   </trkpt>
   <trkpt lat="40.5646640" lon="-3.0619750">
    <ele>877.4</ele>
   </trkpt>
   <trkpt lat="40.5646680" lon="-3.0619850">
    <ele>877.5</ele>
   </trkpt>
   <trkpt lat="40.5646720" lon="-3.0620010">
    <ele>877.6</ele>
   </trkpt>
   <trkpt lat="40.5646720" lon="-3.0620010">
    <ele>877.6</ele>
   </trkpt>
   <trkpt lat="40.5646720" lon="-3.0620010">
    <ele>877.6</ele>
   </trkpt>
   <trkpt lat="40.5646720" lon="-3.0620010">
    <ele>877.6</ele>
   </trkpt>
   <trkpt lat="40.5646760" lon="-3.0620040">
    <ele>877.6</ele>
   </trkpt>
   <trkpt lat="40.5646670" lon="-3.0619990">
    <ele>877.7</ele>
   </trkpt>
   <trkpt lat="40.5646730" lon="-3.0619910">
    <ele>877.7</ele>
   </trkpt>
   <trkpt lat="40.5646820" lon="-3.0619880">
    <ele>877.8</ele>
   </trkpt>
   <trkpt lat="40.5646900" lon="-3.0619920">
    <ele>877.9</ele>
   </trkpt>
   <trkpt lat="40.5646990" lon="-3.0620060">
    <ele>878.0</ele>
   </trkpt>
   <trkpt lat="40.5647010" lon="-3.0620340">
    <ele>878.1</ele>
   </trkpt>
   <trkpt lat="40.5647010" lon="-3.0620440">
    <ele>878.2</ele>
   </trkpt>
   <trkpt lat="40.5647020" lon="-3.0620550">
    <ele>878.2</ele>
   </trkpt>
   <trkpt lat="40.5647180" lon="-3.0620910">
    <ele>878.4</ele>
   </trkpt>
   <trkpt lat="40.5647260" lon="-3.0621050">
    <ele>878.6</ele>
   </trkpt>
   <trkpt lat="40.5647530" lon="-3.0621270">
    <ele>878.9</ele>
   </trkpt>
   <trkpt lat="40.5647590" lon="-3.0621340">
    <ele>879.0</ele>
   </trkpt>
   <trkpt lat="40.5647790" lon="-3.0621680">
    <ele>879.3</ele>
   </trkpt>
   <trkpt lat="40.5647860" lon="-3.0621780">
    <ele>879.4</ele>
   </trkpt>
   <trkpt lat="40.5648050" lon="-3.0622100">
    <ele>879.7</ele>
   </trkpt>
   <trkpt lat="40.5648100" lon="-3.0622200">
    <ele>879.8</ele>
   </trkpt>
   <trkpt lat="40.5648170" lon="-3.0622390">
    <ele>880.0</ele>
   </trkpt>
   <trkpt lat="40.5648220" lon="-3.0622580">
    <ele>880.1</ele>
   </trkpt>
   <trkpt lat="40.5648360" lon="-3.0622910">
    <ele>880.5</ele>
   </trkpt>
   <trkpt lat="40.5648400" lon="-3.0623040">
    <ele>880.6</ele>
   </trkpt>
   <trkpt lat="40.5648500" lon="-3.0623400">
    <ele>880.9</ele>
   </trkpt>
   <trkpt lat="40.5648530" lon="-3.0623500">
    <ele>881.0</ele>
   </trkpt>
   <trkpt lat="40.5648620" lon="-3.0623630">
    <ele>881.1</ele>
   </trkpt>
   <trkpt lat="40.5648660" lon="-3.0623750">
    <ele>881.2</ele>
   </trkpt>
   <trkpt lat="40.5648700" lon="-3.0623840">
    <ele>881.3</ele>
   </trkpt>
   <trkpt lat="40.5648790" lon="-3.0623950">
    <ele>881.4</ele>
   </trkpt>
   <trkpt lat="40.5648860" lon="-3.0624130">
    <ele>881.6</ele>
   </trkpt>
   <trkpt lat="40.5648990" lon="-3.0624500">
    <ele>881.9</ele>
   </trkpt>
   <trkpt lat="40.5649020" lon="-3.0624610">
    <ele>882.0</ele>
   </trkpt>
   <trkpt lat="40.5649150" lon="-3.0624960">
    <ele>882.3</ele>
   </trkpt>
   <trkpt lat="40.5649200" lon="-3.0625070">
    <ele>882.5</ele>
   </trkpt>
   <trkpt lat="40.5649360" lon="-3.0625420">
    <ele>882.9</ele>
   </trkpt>
   <trkpt lat="40.5649440" lon="-3.0625550">
    <ele>883.1</ele>
   </trkpt>
   <trkpt lat="40.5649590" lon="-3.0625870">
    <ele>883.5</ele>
   </trkpt>
   <trkpt lat="40.5649640" lon="-3.0625970">
    <ele>883.6</ele>
   </trkpt>
   <trkpt lat="40.5649880" lon="-3.0626250">
    <ele>884.0</ele>
   </trkpt>
   <trkpt lat="40.5649970" lon="-3.0626340">
    <ele>884.2</ele>
   </trkpt>
   <trkpt lat="40.5650210" lon="-3.0626620">
    <ele>884.6</ele>
   </trkpt>
   <trkpt lat="40.5650290" lon="-3.0626740">
    <ele>884.8</ele>
   </trkpt>
   <trkpt lat="40.5650630" lon="-3.0626950">
    <ele>885.3</ele>
   </trkpt>
   <trkpt lat="40.5650720" lon="-3.0627040">
    <ele>885.5</ele>
   </trkpt>
   <trkpt lat="40.5651000" lon="-3.0627370">
    <ele>885.9</ele>
   </trkpt>
   <trkpt lat="40.5651100" lon="-3.0627460">
    <ele>885.9</ele>
   </trkpt>
   <trkpt lat="40.5651380" lon="-3.0627620">
    <ele>886.0</ele>
   </trkpt>
   <trkpt lat="40.5651490" lon="-3.0627650">
    <ele>886.0</ele>
   </trkpt>
   <trkpt lat="40.5651670" lon="-3.0627920">
    <ele>886.1</ele>
   </trkpt>
   <trkpt lat="40.5651730" lon="-3.0628010">
    <ele>886.1</ele>
   </trkpt>
   <trkpt lat="40.5651900" lon="-3.0628390">
    <ele>886.3</ele>
   </trkpt>
   <trkpt lat="40.5651960" lon="-3.0628510">
    <ele>886.3</ele>
   </trkpt>
   <trkpt lat="40.5652200" lon="-3.0628800">
    <ele>886.4</ele>
   </trkpt>
   <trkpt lat="40.5652260" lon="-3.0628890">
    <ele>886.5</ele>
   </trkpt>
   <trkpt lat="40.5652480" lon="-3.0629150">
    <ele>886.6</ele>
   </trkpt>
   <trkpt lat="40.5652560" lon="-3.0629270">
    <ele>886.6</ele>
   </trkpt>
   <trkpt lat="40.5652800" lon="-3.0629560">
    <ele>886.8</ele>
   </trkpt>
   <trkpt lat="40.5652860" lon="-3.0629660">
    <ele>886.8</ele>
   </trkpt>
   <trkpt lat="40.5653100" lon="-3.0629990">
    <ele>886.9</ele>
   </trkpt>
   <trkpt lat="40.5653180" lon="-3.0630110">
    <ele>887.0</ele>
   </trkpt>
   <trkpt lat="40.5653240" lon="-3.0630590">
    <ele>887.1</ele>
   </trkpt>
   <trkpt lat="40.5653230" lon="-3.0630770">
    <ele>887.2</ele>
   </trkpt>
   <trkpt lat="40.5653190" lon="-3.0631270">
    <ele>887.4</ele>
   </trkpt>
   <trkpt lat="40.5653170" lon="-3.0631460">
    <ele>887.6</ele>
   </trkpt>
   <trkpt lat="40.5653230" lon="-3.0631820">
    <ele>888.0</ele>
   </trkpt>
   <trkpt lat="40.5653260" lon="-3.0631930">
    <ele>888.1</ele>
   </trkpt>
   <trkpt lat="40.5653370" lon="-3.0632270">
    <ele>888.4</ele>
   </trkpt>
   <trkpt lat="40.5653420" lon="-3.0632390">
    <ele>888.6</ele>
   </trkpt>
   <trkpt lat="40.5653540" lon="-3.0632740">
    <ele>888.9</ele>
   </trkpt>
   <trkpt lat="40.5653570" lon="-3.0632860">
    <ele>889.1</ele>
   </trkpt>
   <trkpt lat="40.5653650" lon="-3.0633150">
    <ele>889.4</ele>
   </trkpt>
   <trkpt lat="40.5653670" lon="-3.0633300">
    <ele>889.5</ele>
   </trkpt>
   <trkpt lat="40.5653680" lon="-3.0633460">
    <ele>889.7</ele>
   </trkpt>
   <trkpt lat="40.5653730" lon="-3.0633660">
    <ele>889.8</ele>
   </trkpt>
   <trkpt lat="40.5653800" lon="-3.0633860">
    <ele>890.0</ele>
   </trkpt>
   <trkpt lat="40.5653840" lon="-3.0634140">
    <ele>890.2</ele>
   </trkpt>
   <trkpt lat="40.5653920" lon="-3.0634290">
    <ele>890.3</ele>
   </trkpt>
   <trkpt lat="40.5654120" lon="-3.0634420">
    <ele>890.5</ele>
   </trkpt>
   <trkpt lat="40.5654200" lon="-3.0634410">
    <ele>890.6</ele>
   </trkpt>
   <trkpt lat="40.5654290" lon="-3.0634400">
    <ele>890.7</ele>
   </trkpt>
   <trkpt lat="40.5654230" lon="-3.0634270">
    <ele>890.8</ele>
   </trkpt>
   <trkpt lat="40.5654080" lon="-3.0634140">
    <ele>890.9</ele>
   </trkpt>
   <trkpt lat="40.5653760" lon="-3.0633880">
    <ele>891.3</ele>
   </trkpt>
   <trkpt lat="40.5653660" lon="-3.0633810">
    <ele>891.4</ele>
   </trkpt>
   <trkpt lat="40.5653570" lon="-3.0633660">
    <ele>891.5</ele>
   </trkpt>
   <trkpt lat="40.5653650" lon="-3.0633710">
    <ele>891.6</ele>
   </trkpt>
   <trkpt lat="40.5653730" lon="-3.0633770">
    <ele>891.7</ele>
   </trkpt>
   <trkpt lat="40.5653810" lon="-3.0633830">
    <ele>891.8</ele>
   </trkpt>
   <trkpt lat="40.5653890" lon="-3.0633890">
    <ele>891.8</ele>
   </trkpt>
   <trkpt lat="40.5653970" lon="-3.0633940">
    <ele>891.9</ele>
   </trkpt>
   <trkpt lat="40.5654050" lon="-3.0634000">
    <ele>892.0</ele>
   </trkpt>
   <trkpt lat="40.5654290" lon="-3.0634480">
    <ele>892.4</ele>
   </trkpt>
   <trkpt lat="40.5654440" lon="-3.0635000">
    <ele>892.8</ele>
   </trkpt>
   <trkpt lat="40.5654610" lon="-3.0635570">
    <ele>893.2</ele>
   </trkpt>
   <trkpt lat="40.5654930" lon="-3.0636120">
    <ele>893.7</ele>
   </trkpt>
   <trkpt lat="40.5655180" lon="-3.0636700">
    <ele>894.1</ele>
   </trkpt>
   <trkpt lat="40.5655290" lon="-3.0636980">
    <ele>894.3</ele>
   </trkpt>
   <trkpt lat="40.5655320" lon="-3.0637360">
    <ele>894.5</ele>
   </trkpt>
   <trkpt lat="40.5655360" lon="-3.0637810">
    <ele>894.8</ele>
   </trkpt>
   <trkpt lat="40.5655400" lon="-3.0638240">
    <ele>895.1</ele>
   </trkpt>
   <trkpt lat="40.5655410" lon="-3.0638690">
    <ele>895.4</ele>
   </trkpt>
   <trkpt lat="40.5655430" lon="-3.0639150">
    <ele>895.6</ele>
   </trkpt>
   <trkpt lat="40.5655540" lon="-3.0639660">
    <ele>896.0</ele>
   </trkpt>
   <trkpt lat="40.5655590" lon="-3.0639820">
    <ele>896.1</ele>
   </trkpt>
   <trkpt lat="40.5655740" lon="-3.0640080">
    <ele>896.3</ele>
   </trkpt>
   <trkpt lat="40.5655790" lon="-3.0640200">
    <ele>896.4</ele>
   </trkpt>
   <trkpt lat="40.5655830" lon="-3.0640320">
    <ele>896.4</ele>
   </trkpt>
   <trkpt lat="40.5655770" lon="-3.0640760">
    <ele>896.8</ele>
   </trkpt>
   <trkpt lat="40.5655680" lon="-3.0640950">
    <ele>896.8</ele>
   </trkpt>
   <trkpt lat="40.5655550" lon="-3.0641460">
    <ele>897.0</ele>
   </trkpt>
   <trkpt lat="40.5655450" lon="-3.0641920">
    <ele>897.1</ele>
   </trkpt>
   <trkpt lat="40.5655400" lon="-3.0642340">
    <ele>897.3</ele>
   </trkpt>
   <trkpt lat="40.5655280" lon="-3.0642850">
    <ele>897.5</ele>
   </trkpt>
   <trkpt lat="40.5655220" lon="-3.0643200">
    <ele>897.6</ele>
   </trkpt>
   <trkpt lat="40.5655210" lon="-3.0643630">
    <ele>897.7</ele>
   </trkpt>
   <trkpt lat="40.5655250" lon="-3.0643740">
    <ele>897.8</ele>
   </trkpt>
   <trkpt lat="40.5655270" lon="-3.0643920">
    <ele>897.8</ele>
   </trkpt>
   <trkpt lat="40.5655280" lon="-3.0644010">
    <ele>897.9</ele>
   </trkpt>
   <trkpt lat="40.5655310" lon="-3.0644190">
    <ele>897.9</ele>
   </trkpt>
   <trkpt lat="40.5655290" lon="-3.0644340">
    <ele>898.0</ele>
   </trkpt>
   <trkpt lat="40.5655290" lon="-3.0644450">
    <ele>898.0</ele>
   </trkpt>
   <trkpt lat="40.5655230" lon="-3.0644610">
    <ele>898.1</ele>
   </trkpt>
   <trkpt lat="40.5655230" lon="-3.0644610">
    <ele>898.1</ele>
   </trkpt>
   <trkpt lat="40.5655200" lon="-3.0644500">
    <ele>898.1</ele>
   </trkpt>
   <trkpt lat="40.5655180" lon="-3.0644380">
    <ele>898.1</ele>
   </trkpt>
   <trkpt lat="40.5655150" lon="-3.0644270">
    <ele>898.2</ele>
   </trkpt>
   <trkpt lat="40.5655130" lon="-3.0644150">
    <ele>898.2</ele>
   </trkpt>
   <trkpt lat="40.5655030" lon="-3.0643800">
    <ele>898.4</ele>
   </trkpt>
   <trkpt lat="40.5655040" lon="-3.0643680">
    <ele>898.4</ele>
   </trkpt>
   <trkpt lat="40.5655080" lon="-3.0643200">
    <ele>898.1</ele>
   </trkpt>
   <trkpt lat="40.5655160" lon="-3.0643050">
    <ele>897.9</ele>
   </trkpt>
   <trkpt lat="40.5655420" lon="-3.0642750">
    <ele>897.4</ele>
   </trkpt>
   <trkpt lat="40.5655650" lon="-3.0642390">
    <ele>896.9</ele>
   </trkpt>
   <trkpt lat="40.5655870" lon="-3.0642000">
    <ele>897.2</ele>
   </trkpt>
   <trkpt lat="40.5656070" lon="-3.0641670">
    <ele>897.3</ele>
   </trkpt>
   <trkpt lat="40.5656290" lon="-3.0641420">
    <ele>897.4</ele>
   </trkpt>
   <trkpt lat="40.5656590" lon="-3.0641240">
    <ele>897.5</ele>
   </trkpt>
   <trkpt lat="40.5656660" lon="-3.0641200">
    <ele>897.5</ele>
   </trkpt>
   <trkpt lat="40.5656790" lon="-3.0641150">
    <ele>897.5</ele>
   </trkpt>
   <trkpt lat="40.5656790" lon="-3.0641220">
    <ele>897.6</ele>
   </trkpt>
   <trkpt lat="40.5656750" lon="-3.0641190">
    <ele>897.6</ele>
   </trkpt>
   <trkpt lat="40.5656580" lon="-3.0641180">
    <ele>897.6</ele>
   </trkpt>
   <trkpt lat="40.5656360" lon="-3.0641120">
    <ele>897.7</ele>
   </trkpt>
   <trkpt lat="40.5656260" lon="-3.0641060">
    <ele>897.8</ele>
   </trkpt>
   <trkpt lat="40.5656080" lon="-3.0640930">
    <ele>897.8</ele>
   </trkpt>
   <trkpt lat="40.5655910" lon="-3.0640820">
    <ele>897.9</ele>
   </trkpt>
   <trkpt lat="40.5655940" lon="-3.0640820">
    <ele>897.9</ele>
   </trkpt>
   <trkpt lat="40.5656010" lon="-3.0640840">
    <ele>897.9</ele>
   </trkpt>
   <trkpt lat="40.5656030" lon="-3.0640800">
    <ele>897.9</ele>
   </trkpt>
   <trkpt lat="40.5656010" lon="-3.0640690">
    <ele>897.9</ele>
   </trkpt>
   <trkpt lat="40.5656140" lon="-3.0640650">
    <ele>898.0</ele>
   </trkpt>
   <trkpt lat="40.5656230" lon="-3.0640650">
    <ele>898.0</ele>
   </trkpt>
   <trkpt lat="40.5656320" lon="-3.0640610">
    <ele>898.0</ele>
   </trkpt>
   <trkpt lat="40.5656430" lon="-3.0640560">
    <ele>898.0</ele>
   </trkpt>
   <trkpt lat="40.5656570" lon="-3.0640450">
    <ele>898.1</ele>
   </trkpt>
   <trkpt lat="40.5656790" lon="-3.0640430">
    <ele>898.1</ele>
   </trkpt>
   <trkpt lat="40.5656830" lon="-3.0640360">
    <ele>898.2</ele>
   </trkpt>
   <trkpt lat="40.5656760" lon="-3.0640380">
    <ele>898.2</ele>
   </trkpt>
   <trkpt lat="40.5656700" lon="-3.0640420">
    <ele>898.2</ele>
   </trkpt>
   <trkpt lat="40.5656560" lon="-3.0640400">
    <ele>898.2</ele>
   </trkpt>
   <trkpt lat="40.5656480" lon="-3.0640350">
    <ele>898.3</ele>
   </trkpt>
   <trkpt lat="40.5656420" lon="-3.0640330">
    <ele>898.3</ele>
   </trkpt>
   <trkpt lat="40.5656360" lon="-3.0640320">
    <ele>898.3</ele>
   </trkpt>
   <trkpt lat="40.5656300" lon="-3.0640310">
    <ele>898.3</ele>
   </trkpt>
   <trkpt lat="40.5656240" lon="-3.0640290">
    <ele>898.3</ele>
   </trkpt>
   <trkpt lat="40.5656180" lon="-3.0640280">
    <ele>898.3</ele>
   </trkpt>
   <trkpt lat="40.5656080" lon="-3.0640260">
    <ele>898.4</ele>
   </trkpt>
   <trkpt lat="40.5656120" lon="-3.0640220">
    <ele>898.4</ele>
   </trkpt>
   <trkpt lat="40.5656080" lon="-3.0640290">
    <ele>898.4</ele>
   </trkpt>
   <trkpt lat="40.5656050" lon="-3.0640340">
    <ele>898.4</ele>
   </trkpt>
   <trkpt lat="40.5656200" lon="-3.0640500">
    <ele>898.5</ele>
   </trkpt>
   <trkpt lat="40.5656250" lon="-3.0640700">
    <ele>898.5</ele>
   </trkpt>
   <trkpt lat="40.5656430" lon="-3.0640720">
    <ele>898.6</ele>
   </trkpt>
   <trkpt lat="40.5656340" lon="-3.0640720">
    <ele>898.6</ele>
   </trkpt>
   <trkpt lat="40.5656360" lon="-3.0640720">
    <ele>898.6</ele>
   </trkpt>
   <trkpt lat="40.5656420" lon="-3.0640720">
    <ele>898.6</ele>
   </trkpt>
   <trkpt lat="40.5656530" lon="-3.0640680">
    <ele>898.6</ele>
   </trkpt>
   <trkpt lat="40.5656810" lon="-3.0640890">
    <ele>898.7</ele>
   </trkpt>
   <trkpt lat="40.5657140" lon="-3.0641050">
    <ele>898.8</ele>
   </trkpt>
   <trkpt lat="40.5657270" lon="-3.0641070">
    <ele>898.9</ele>
   </trkpt>
   <trkpt lat="40.5657400" lon="-3.0641110">
    <ele>898.9</ele>
   </trkpt>
   <trkpt lat="40.5657510" lon="-3.0641120">
    <ele>899.0</ele>
   </trkpt>
   <trkpt lat="40.5657620" lon="-3.0641120">
    <ele>899.0</ele>
   </trkpt>
   <trkpt lat="40.5657730" lon="-3.0641130">
    <ele>899.0</ele>
   </trkpt>
   <trkpt lat="40.5658060" lon="-3.0640890">
    <ele>899.1</ele>
   </trkpt>
   <trkpt lat="40.5658160" lon="-3.0640720">
    <ele>899.2</ele>
   </trkpt>
   <trkpt lat="40.5658160" lon="-3.0640720">
    <ele>899.2</ele>
   </trkpt>
   <trkpt lat="40.5658160" lon="-3.0640720">
    <ele>899.2</ele>
   </trkpt>
   <trkpt lat="40.5656800" lon="-3.0640320">
    <ele>898.0</ele>
   </trkpt>
   <trkpt lat="40.5656800" lon="-3.0640360">
    <ele>898.0</ele>
   </trkpt>
   <trkpt lat="40.5656810" lon="-3.0640320">
    <ele>897.9</ele>
   </trkpt>
   <trkpt lat="40.5656790" lon="-3.0640350">
    <ele>897.9</ele>
   </trkpt>
   <trkpt lat="40.5656720" lon="-3.0640320">
    <ele>897.9</ele>
   </trkpt>
   <trkpt lat="40.5656410" lon="-3.0640570">
    <ele>897.7</ele>
   </trkpt>
   <trkpt lat="40.5656010" lon="-3.0641750">
    <ele>897.4</ele>
   </trkpt>
   <trkpt lat="40.5657530" lon="-3.0639150">
    <ele>899.9</ele>
   </trkpt>
   <trkpt lat="40.5657560" lon="-3.0639300">
    <ele>899.8</ele>
   </trkpt>
   <trkpt lat="40.5657730" lon="-3.0639330">
    <ele>899.7</ele>
   </trkpt>
   <trkpt lat="40.5657840" lon="-3.0639450">
    <ele>899.5</ele>
   </trkpt>
   <trkpt lat="40.5657940" lon="-3.0639850">
    <ele>899.5</ele>
   </trkpt>
   <trkpt lat="40.5657870" lon="-3.0639790">
    <ele>899.5</ele>
   </trkpt>
   <trkpt lat="40.5657780" lon="-3.0639740">
    <ele>899.4</ele>
   </trkpt>
   <trkpt lat="40.5657700" lon="-3.0639690">
    <ele>899.4</ele>
   </trkpt>
   <trkpt lat="40.5657610" lon="-3.0639640">
    <ele>899.4</ele>
   </trkpt>
   <trkpt lat="40.5657530" lon="-3.0639590">
    <ele>899.4</ele>
   </trkpt>
   <trkpt lat="40.5657420" lon="-3.0639770">
    <ele>899.4</ele>
   </trkpt>
   <trkpt lat="40.5657340" lon="-3.0639800">
    <ele>899.4</ele>
   </trkpt>
   <trkpt lat="40.5657250" lon="-3.0639840">
    <ele>899.3</ele>
   </trkpt>
   <trkpt lat="40.5657170" lon="-3.0639870">
    <ele>899.3</ele>
   </trkpt>
   <trkpt lat="40.5656980" lon="-3.0640110">
    <ele>899.3</ele>
   </trkpt>
   <trkpt lat="40.5656910" lon="-3.0640210">
    <ele>899.3</ele>
   </trkpt>
   <trkpt lat="40.5656840" lon="-3.0640300">
    <ele>899.3</ele>
   </trkpt>
   <trkpt lat="40.5656680" lon="-3.0640460">
    <ele>899.2</ele>
   </trkpt>
   <trkpt lat="40.5656590" lon="-3.0640490">
    <ele>899.2</ele>
   </trkpt>
   <trkpt lat="40.5656500" lon="-3.0640510">
    <ele>899.2</ele>
   </trkpt>
   <trkpt lat="40.5656280" lon="-3.0640530">
    <ele>899.2</ele>
   </trkpt>
   <trkpt lat="40.5656220" lon="-3.0640570">
    <ele>899.2</ele>
   </trkpt>
   <trkpt lat="40.5656250" lon="-3.0640490">
    <ele>899.1</ele>
   </trkpt>
   <trkpt lat="40.5656280" lon="-3.0640470">
    <ele>899.1</ele>
   </trkpt>
   <trkpt lat="40.5656210" lon="-3.0640490">
    <ele>899.1</ele>
   </trkpt>
   <trkpt lat="40.5656200" lon="-3.0640600">
    <ele>899.1</ele>
   </trkpt>
   <trkpt lat="40.5656300" lon="-3.0640660">
    <ele>899.1</ele>
   </trkpt>
   <trkpt lat="40.5656520" lon="-3.0640600">
    <ele>899.1</ele>
   </trkpt>
   <trkpt lat="40.5656850" lon="-3.0640460">
    <ele>899.0</ele>
   </trkpt>
   <trkpt lat="40.5656930" lon="-3.0640450">
    <ele>899.0</ele>
   </trkpt>
   <trkpt lat="40.5657050" lon="-3.0640480">
    <ele>899.0</ele>
   </trkpt>
   <trkpt lat="40.5657180" lon="-3.0640460">
    <ele>899.0</ele>
   </trkpt>
   <trkpt lat="40.5657280" lon="-3.0640430">
    <ele>898.9</ele>
   </trkpt>
   <trkpt lat="40.5657370" lon="-3.0640420">
    <ele>898.9</ele>
   </trkpt>
   <trkpt lat="40.5657390" lon="-3.0640380">
    <ele>898.9</ele>
   </trkpt>
   <trkpt lat="40.5657300" lon="-3.0640370">
    <ele>898.9</ele>
   </trkpt>
   <trkpt lat="40.5657210" lon="-3.0640360">
    <ele>898.9</ele>
   </trkpt>
   <trkpt lat="40.5657120" lon="-3.0640440">
    <ele>898.9</ele>
   </trkpt>
   <trkpt lat="40.5657050" lon="-3.0640500">
    <ele>898.9</ele>
   </trkpt>
   <trkpt lat="40.5656930" lon="-3.0640530">
    <ele>898.8</ele>
   </trkpt>
   <trkpt lat="40.5656750" lon="-3.0640700">
    <ele>898.8</ele>
   </trkpt>
   <trkpt lat="40.5656700" lon="-3.0640760">
    <ele>898.8</ele>
   </trkpt>
   <trkpt lat="40.5656640" lon="-3.0640830">
    <ele>898.8</ele>
   </trkpt>
   <trkpt lat="40.5656640" lon="-3.0640830">
    <ele>898.8</ele>
   </trkpt>
   <trkpt lat="40.5656690" lon="-3.0640910">
    <ele>898.8</ele>
   </trkpt>
   <trkpt lat="40.5656650" lon="-3.0641020">
    <ele>898.7</ele>
   </trkpt>
   <trkpt lat="40.5656520" lon="-3.0641050">
    <ele>898.7</ele>
   </trkpt>
   <trkpt lat="40.5656410" lon="-3.0641070">
    <ele>898.7</ele>
   </trkpt>
   <trkpt lat="40.5656290" lon="-3.0641080">
    <ele>898.7</ele>
   </trkpt>
   <trkpt lat="40.5656220" lon="-3.0641040">
    <ele>898.7</ele>
   </trkpt>
   <trkpt lat="40.5656130" lon="-3.0641070">
    <ele>898.7</ele>
   </trkpt>
   <trkpt lat="40.5656110" lon="-3.0641050">
    <ele>898.7</ele>
   </trkpt>
   <trkpt lat="40.5656140" lon="-3.0640950">
    <ele>898.6</ele>
   </trkpt>
   <trkpt lat="40.5656110" lon="-3.0640890">
    <ele>898.6</ele>
   </trkpt>
   <trkpt lat="40.5656240" lon="-3.0640810">
    <ele>898.6</ele>
   </trkpt>
   <trkpt lat="40.5656320" lon="-3.0640750">
    <ele>898.6</ele>
   </trkpt>
   <trkpt lat="40.5656180" lon="-3.0640750">
    <ele>898.6</ele>
   </trkpt>
   <trkpt lat="40.5656060" lon="-3.0640790">
    <ele>898.6</ele>
   </trkpt>
   <trkpt lat="40.5655930" lon="-3.0640840">
    <ele>898.5</ele>
   </trkpt>
   <trkpt lat="40.5655810" lon="-3.0640870">
    <ele>898.5</ele>
   </trkpt>
   <trkpt lat="40.5655760" lon="-3.0640860">
    <ele>898.5</ele>
   </trkpt>
   <trkpt lat="40.5655710" lon="-3.0640840">
    <ele>898.5</ele>
   </trkpt>
   <trkpt lat="40.5655670" lon="-3.0640830">
    <ele>898.5</ele>
   </trkpt>
   <trkpt lat="40.5655620" lon="-3.0640810">
    <ele>898.5</ele>
   </trkpt>
   <trkpt lat="40.5655570" lon="-3.0640800">
    <ele>898.5</ele>
   </trkpt>
   <trkpt lat="40.5655520" lon="-3.0640780">
    <ele>898.5</ele>
   </trkpt>
   <trkpt lat="40.5655390" lon="-3.0640730">
    <ele>898.5</ele>
   </trkpt>
   <trkpt lat="40.5655330" lon="-3.0640710">
    <ele>898.4</ele>
   </trkpt>
   <trkpt lat="40.5655340" lon="-3.0640730">
    <ele>898.4</ele>
   </trkpt>
   <trkpt lat="40.5655390" lon="-3.0640720">
    <ele>898.4</ele>
   </trkpt>
   <trkpt lat="40.5655430" lon="-3.0640630">
    <ele>898.4</ele>
   </trkpt>
   <trkpt lat="40.5655470" lon="-3.0640640">
    <ele>898.4</ele>
   </trkpt>
   <trkpt lat="40.5655580" lon="-3.0640590">
    <ele>898.4</ele>
   </trkpt>
   <trkpt lat="40.5655710" lon="-3.0640510">
    <ele>898.4</ele>
   </trkpt>
   <trkpt lat="40.5655770" lon="-3.0640380">
    <ele>898.4</ele>
   </trkpt>
   <trkpt lat="40.5655800" lon="-3.0640250">
    <ele>898.3</ele>
   </trkpt>
   <trkpt lat="40.5655780" lon="-3.0640090">
    <ele>898.3</ele>
   </trkpt>
   <trkpt lat="40.5655750" lon="-3.0639960">
    <ele>898.3</ele>
   </trkpt>
   <trkpt lat="40.5655700" lon="-3.0639860">
    <ele>898.3</ele>
   </trkpt>
   <trkpt lat="40.5655660" lon="-3.0639850">
    <ele>898.3</ele>
   </trkpt>
   <trkpt lat="40.5655650" lon="-3.0639770">
    <ele>898.3</ele>
   </trkpt>
   <trkpt lat="40.5655600" lon="-3.0639720">
    <ele>898.3</ele>
   </trkpt>
   <trkpt lat="40.5655560" lon="-3.0639720">
    <ele>898.3</ele>
   </trkpt>
   <trkpt lat="40.5655510" lon="-3.0639730">
    <ele>898.2</ele>
   </trkpt>
   <trkpt lat="40.5655540" lon="-3.0639790">
    <ele>898.2</ele>
   </trkpt>
   <trkpt lat="40.5655620" lon="-3.0639930">
    <ele>898.2</ele>
   </trkpt>
   <trkpt lat="40.5655740" lon="-3.0639970">
    <ele>898.2</ele>
   </trkpt>
   <trkpt lat="40.5655850" lon="-3.0640150">
    <ele>898.2</ele>
   </trkpt>
   <trkpt lat="40.5656010" lon="-3.0640120">
    <ele>898.1</ele>
   </trkpt>
   <trkpt lat="40.5656050" lon="-3.0640090">
    <ele>898.1</ele>
   </trkpt>
   <trkpt lat="40.5656100" lon="-3.0640070">
    <ele>898.1</ele>
   </trkpt>
   <trkpt lat="40.5656150" lon="-3.0640040">
    <ele>898.1</ele>
   </trkpt>
   <trkpt lat="40.5656190" lon="-3.0640020">
    <ele>898.1</ele>
   </trkpt>
   <trkpt lat="40.5656240" lon="-3.0639990">
    <ele>898.1</ele>
   </trkpt>
   <trkpt lat="40.5656350" lon="-3.0640100">
    <ele>898.1</ele>
   </trkpt>
   <trkpt lat="40.5656420" lon="-3.0640170">
    <ele>898.1</ele>
   </trkpt>
   <trkpt lat="40.5656470" lon="-3.0640230">
    <ele>898.1</ele>
   </trkpt>
   <trkpt lat="40.5656660" lon="-3.0640380">
    <ele>898.0</ele>
   </trkpt>
   <trkpt lat="40.5656840" lon="-3.0640540">
    <ele>898.0</ele>
   </trkpt>
   <trkpt lat="40.5656890" lon="-3.0640670">
    <ele>898.0</ele>
   </trkpt>
   <trkpt lat="40.5656930" lon="-3.0640770">
    <ele>898.0</ele>
   </trkpt>
   <trkpt lat="40.5657060" lon="-3.0640900">
    <ele>897.9</ele>
   </trkpt>
   <trkpt lat="40.5657190" lon="-3.0640990">
    <ele>897.9</ele>
   </trkpt>
   <trkpt lat="40.5657330" lon="-3.0641160">
    <ele>897.8</ele>
   </trkpt>
   <trkpt lat="40.5657360" lon="-3.0641190">
    <ele>897.8</ele>
   </trkpt>
   <trkpt lat="40.5657260" lon="-3.0641140">
    <ele>897.8</ele>
   </trkpt>
   <trkpt lat="40.5657160" lon="-3.0641100">
    <ele>897.7</ele>
   </trkpt>
   <trkpt lat="40.5657060" lon="-3.0641050">
    <ele>897.6</ele>
   </trkpt>
   <trkpt lat="40.5656960" lon="-3.0641010">
    <ele>897.6</ele>
   </trkpt>
   <trkpt lat="40.5656780" lon="-3.0641110">
    <ele>897.5</ele>
   </trkpt>
   <trkpt lat="40.5656750" lon="-3.0641130">
    <ele>897.4</ele>
   </trkpt>
   <trkpt lat="40.5656710" lon="-3.0641150">
    <ele>897.4</ele>
   </trkpt>
   <trkpt lat="40.5656670" lon="-3.0641160">
    <ele>897.4</ele>
   </trkpt>
   <trkpt lat="40.5656630" lon="-3.0641180">
    <ele>897.4</ele>
   </trkpt>
   <trkpt lat="40.5656600" lon="-3.0641200">
    <ele>897.4</ele>
   </trkpt>
   <trkpt lat="40.5656560" lon="-3.0641220">
    <ele>897.3</ele>
   </trkpt>
   <trkpt lat="40.5656550" lon="-3.0641220">
    <ele>897.3</ele>
   </trkpt>
   <trkpt lat="40.5656530" lon="-3.0641240">
    <ele>897.3</ele>
   </trkpt>
   <trkpt lat="40.5656520" lon="-3.0641240">
    <ele>897.3</ele>
   </trkpt>
   <trkpt lat="40.5656520" lon="-3.0641240">
    <ele>897.3</ele>
   </trkpt>
   <trkpt lat="40.5656520" lon="-3.0641240">
    <ele>897.3</ele>
   </trkpt>
   <trkpt lat="40.5656520" lon="-3.0641240">
    <ele>897.3</ele>
   </trkpt>
   <trkpt lat="40.5656520" lon="-3.0641240">
    <ele>897.3</ele>
   </trkpt>
   <trkpt lat="40.5656520" lon="-3.0641240">
    <ele>897.3</ele>
   </trkpt>
   <trkpt lat="40.5656520" lon="-3.0641240">
    <ele>897.3</ele>
   </trkpt>
   <trkpt lat="40.5656520" lon="-3.0641240">
    <ele>897.3</ele>
   </trkpt>
   <trkpt lat="40.5656010" lon="-3.0641280">
    <ele>897.0</ele>
   </trkpt>
   <trkpt lat="40.5656010" lon="-3.0641340">
    <ele>897.0</ele>
   </trkpt>
   <trkpt lat="40.5656000" lon="-3.0641350">
    <ele>897.0</ele>
   </trkpt>
   <trkpt lat="40.5656000" lon="-3.0641240">
    <ele>897.0</ele>
   </trkpt>
   <trkpt lat="40.5655960" lon="-3.0641200">
    <ele>896.9</ele>
   </trkpt>
   <trkpt lat="40.5655880" lon="-3.0641170">
    <ele>896.9</ele>
   </trkpt>
   <trkpt lat="40.5656260" lon="-3.0641640">
    <ele>897.2</ele>
   </trkpt>
   <trkpt lat="40.5656630" lon="-3.0641580">
    <ele>897.4</ele>
   </trkpt>
   <trkpt lat="40.5656630" lon="-3.0641580">
    <ele>897.4</ele>
   </trkpt>
   <trkpt lat="40.5656650" lon="-3.0641450">
    <ele>897.4</ele>
   </trkpt>
   <trkpt lat="40.5656600" lon="-3.0641380">
    <ele>897.5</ele>
   </trkpt>
   <trkpt lat="40.5656540" lon="-3.0641410">
    <ele>897.5</ele>
   </trkpt>
   <trkpt lat="40.5656490" lon="-3.0641400">
    <ele>897.5</ele>
   </trkpt>
   <trkpt lat="40.5656480" lon="-3.0641380">
    <ele>897.5</ele>
   </trkpt>
   <trkpt lat="40.5656520" lon="-3.0641420">
    <ele>897.6</ele>
   </trkpt>
   <trkpt lat="40.5656470" lon="-3.0641510">
    <ele>897.6</ele>
   </trkpt>
   <trkpt lat="40.5656440" lon="-3.0641740">
    <ele>897.7</ele>
   </trkpt>
   <trkpt lat="40.5656380" lon="-3.0641890">
    <ele>897.8</ele>
   </trkpt>
   <trkpt lat="40.5656180" lon="-3.0642150">
    <ele>897.9</ele>
   </trkpt>
   <trkpt lat="40.5656150" lon="-3.0642570">
    <ele>898.1</ele>
   </trkpt>
   <trkpt lat="40.5656180" lon="-3.0642710">
    <ele>898.2</ele>
   </trkpt>
   <trkpt lat="40.5656250" lon="-3.0643090">
    <ele>898.3</ele>
   </trkpt>
   <trkpt lat="40.5656180" lon="-3.0643550">
    <ele>898.5</ele>
   </trkpt>
   <trkpt lat="40.5656160" lon="-3.0643690">
    <ele>898.6</ele>
   </trkpt>
   <trkpt lat="40.5656090" lon="-3.0643910">
    <ele>898.7</ele>
   </trkpt>
   <trkpt lat="40.5656020" lon="-3.0644120">
    <ele>898.8</ele>
   </trkpt>
   <trkpt lat="40.5655850" lon="-3.0644550">
    <ele>899.0</ele>
   </trkpt>
   <trkpt lat="40.5655810" lon="-3.0644680">
    <ele>899.1</ele>
   </trkpt>
   <trkpt lat="40.5655590" lon="-3.0645080">
    <ele>899.2</ele>
   </trkpt>
   <trkpt lat="40.5655530" lon="-3.0645200">
    <ele>899.2</ele>
   </trkpt>
   <trkpt lat="40.5655430" lon="-3.0645590">
    <ele>899.5</ele>
   </trkpt>
   <trkpt lat="40.5655410" lon="-3.0645740">
    <ele>899.5</ele>
   </trkpt>
   <trkpt lat="40.5655290" lon="-3.0646160">
    <ele>899.7</ele>
   </trkpt>
   <trkpt lat="40.5655240" lon="-3.0646300">
    <ele>899.8</ele>
   </trkpt>
   <trkpt lat="40.5655210" lon="-3.0646740">
    <ele>899.9</ele>
   </trkpt>
   <trkpt lat="40.5655200" lon="-3.0646900">
    <ele>900.0</ele>
   </trkpt>
   <trkpt lat="40.5655140" lon="-3.0647320">
    <ele>900.1</ele>
   </trkpt>
   <trkpt lat="40.5655130" lon="-3.0647450">
    <ele>900.2</ele>
   </trkpt>
   <trkpt lat="40.5655110" lon="-3.0647730">
    <ele>900.3</ele>
   </trkpt>
   <trkpt lat="40.5655090" lon="-3.0647870">
    <ele>900.3</ele>
   </trkpt>
   <trkpt lat="40.5655080" lon="-3.0648000">
    <ele>900.4</ele>
   </trkpt>
   <trkpt lat="40.5655060" lon="-3.0648190">
    <ele>900.5</ele>
   </trkpt>
   <trkpt lat="40.5655000" lon="-3.0648420">
    <ele>900.6</ele>
   </trkpt>
   <trkpt lat="40.5654970" lon="-3.0648590">
    <ele>900.6</ele>
   </trkpt>
   <trkpt lat="40.5654860" lon="-3.0648770">
    <ele>900.8</ele>
   </trkpt>
   <trkpt lat="40.5654780" lon="-3.0649150">
    <ele>901.0</ele>
   </trkpt>
   <trkpt lat="40.5654730" lon="-3.0649270">
    <ele>901.1</ele>
   </trkpt>
   <trkpt lat="40.5654670" lon="-3.0649430">
    <ele>901.2</ele>
   </trkpt>
   <trkpt lat="40.5654700" lon="-3.0649640">
    <ele>901.4</ele>
   </trkpt>
   <trkpt lat="40.5654700" lon="-3.0650010">
    <ele>901.6</ele>
   </trkpt>
   <trkpt lat="40.5654680" lon="-3.0650120">
    <ele>901.7</ele>
   </trkpt>
   <trkpt lat="40.5654720" lon="-3.0650500">
    <ele>902.0</ele>
   </trkpt>
   <trkpt lat="40.5654750" lon="-3.0650660">
    <ele>902.1</ele>
   </trkpt>
   <trkpt lat="40.5654780" lon="-3.0651040">
    <ele>902.4</ele>
   </trkpt>
   <trkpt lat="40.5654770" lon="-3.0651160">
    <ele>902.5</ele>
   </trkpt>
   <trkpt lat="40.5654820" lon="-3.0651550">
    <ele>902.7</ele>
   </trkpt>
   <trkpt lat="40.5654920" lon="-3.0652080">
    <ele>903.2</ele>
   </trkpt>
   <trkpt lat="40.5654970" lon="-3.0652460">
    <ele>903.5</ele>
   </trkpt>
   <trkpt lat="40.5655010" lon="-3.0652920">
    <ele>903.8</ele>
   </trkpt>
   <trkpt lat="40.5655220" lon="-3.0653430">
    <ele>904.3</ele>
   </trkpt>
   <trkpt lat="40.5655390" lon="-3.0653880">
    <ele>904.6</ele>
   </trkpt>
   <trkpt lat="40.5655420" lon="-3.0654040">
    <ele>904.8</ele>
   </trkpt>
   <trkpt lat="40.5655350" lon="-3.0654530">
    <ele>905.1</ele>
   </trkpt>
   <trkpt lat="40.5655320" lon="-3.0654690">
    <ele>905.3</ele>
   </trkpt>
   <trkpt lat="40.5655290" lon="-3.0655160">
    <ele>905.6</ele>
   </trkpt>
   <trkpt lat="40.5655300" lon="-3.0655330">
    <ele>905.8</ele>
   </trkpt>
   <trkpt lat="40.5655420" lon="-3.0655740">
    <ele>906.1</ele>
   </trkpt>
   <trkpt lat="40.5655470" lon="-3.0655850">
    <ele>906.2</ele>
   </trkpt>
   <trkpt lat="40.5655480" lon="-3.0656080">
    <ele>906.3</ele>
   </trkpt>
   <trkpt lat="40.5655510" lon="-3.0656300">
    <ele>906.5</ele>
   </trkpt>
   <trkpt lat="40.5655500" lon="-3.0656540">
    <ele>906.7</ele>
   </trkpt>
   <trkpt lat="40.5655390" lon="-3.0656720">
    <ele>906.8</ele>
   </trkpt>
   <trkpt lat="40.5655260" lon="-3.0657080">
    <ele>907.1</ele>
   </trkpt>
   <trkpt lat="40.5655350" lon="-3.0657500">
    <ele>907.4</ele>
   </trkpt>
   <trkpt lat="40.5655370" lon="-3.0657620">
    <ele>907.5</ele>
   </trkpt>
   <trkpt lat="40.5655470" lon="-3.0657990">
    <ele>907.8</ele>
   </trkpt>
   <trkpt lat="40.5655510" lon="-3.0658100">
    <ele>907.9</ele>
   </trkpt>
   <trkpt lat="40.5655610" lon="-3.0658500">
    <ele>908.2</ele>
   </trkpt>
   <trkpt lat="40.5655650" lon="-3.0658620">
    <ele>908.3</ele>
   </trkpt>
   <trkpt lat="40.5655800" lon="-3.0659010">
    <ele>908.6</ele>
   </trkpt>
   <trkpt lat="40.5655830" lon="-3.0659170">
    <ele>908.7</ele>
   </trkpt>
   <trkpt lat="40.5655930" lon="-3.0659580">
    <ele>908.9</ele>
   </trkpt>
   <trkpt lat="40.5655960" lon="-3.0659720">
    <ele>909.0</ele>
   </trkpt>
   <trkpt lat="40.5656110" lon="-3.0660160">
    <ele>909.3</ele>
   </trkpt>
   <trkpt lat="40.5656150" lon="-3.0660310">
    <ele>909.4</ele>
   </trkpt>
   <trkpt lat="40.5656240" lon="-3.0660670">
    <ele>909.6</ele>
   </trkpt>
   <trkpt lat="40.5656270" lon="-3.0660790">
    <ele>909.7</ele>
   </trkpt>
   <trkpt lat="40.5656410" lon="-3.0661180">
    <ele>909.9</ele>
   </trkpt>
   <trkpt lat="40.5656450" lon="-3.0661330">
    <ele>910.0</ele>
   </trkpt>
   <trkpt lat="40.5656570" lon="-3.0661780">
    <ele>910.2</ele>
   </trkpt>
   <trkpt lat="40.5656610" lon="-3.0661930">
    <ele>910.3</ele>
   </trkpt>
   <trkpt lat="40.5656610" lon="-3.0662300">
    <ele>910.5</ele>
   </trkpt>
   <trkpt lat="40.5656720" lon="-3.0662690">
    <ele>910.7</ele>
   </trkpt>
   <trkpt lat="40.5656750" lon="-3.0662840">
    <ele>910.8</ele>
   </trkpt>
   <trkpt lat="40.5656860" lon="-3.0663170">
    <ele>910.9</ele>
   </trkpt>
   <trkpt lat="40.5656980" lon="-3.0663610">
    <ele>911.1</ele>
   </trkpt>
   <trkpt lat="40.5657010" lon="-3.0663770">
    <ele>911.2</ele>
   </trkpt>
   <trkpt lat="40.5657070" lon="-3.0664140">
    <ele>911.4</ele>
   </trkpt>
   <trkpt lat="40.5657130" lon="-3.0664510">
    <ele>911.5</ele>
   </trkpt>
   <trkpt lat="40.5657220" lon="-3.0665000">
    <ele>911.7</ele>
   </trkpt>
   <trkpt lat="40.5657230" lon="-3.0665180">
    <ele>911.8</ele>
   </trkpt>
   <trkpt lat="40.5657380" lon="-3.0665590">
    <ele>912.0</ele>
   </trkpt>
   <trkpt lat="40.5657410" lon="-3.0665730">
    <ele>912.0</ele>
   </trkpt>
   <trkpt lat="40.5657590" lon="-3.0666150">
    <ele>912.2</ele>
   </trkpt>
   <trkpt lat="40.5657640" lon="-3.0666300">
    <ele>912.2</ele>
   </trkpt>
   <trkpt lat="40.5657790" lon="-3.0666700">
    <ele>912.3</ele>
   </trkpt>
   <trkpt lat="40.5657820" lon="-3.0666830">
    <ele>912.3</ele>
   </trkpt>
   <trkpt lat="40.5657990" lon="-3.0667130">
    <ele>912.4</ele>
   </trkpt>
   <trkpt lat="40.5658030" lon="-3.0667230">
    <ele>912.4</ele>
   </trkpt>
   <trkpt lat="40.5658030" lon="-3.0667250">
    <ele>912.4</ele>
   </trkpt>
   <trkpt lat="40.5658030" lon="-3.0667250">
    <ele>912.4</ele>
   </trkpt>
   <trkpt lat="40.5658060" lon="-3.0667280">
    <ele>912.4</ele>
   </trkpt>
   <trkpt lat="40.5658060" lon="-3.0667280">
    <ele>912.4</ele>
   </trkpt>
   <trkpt lat="40.5658060" lon="-3.0667280">
    <ele>912.4</ele>
   </trkpt>
   <trkpt lat="40.5658060" lon="-3.0667280">
    <ele>912.4</ele>
   </trkpt>
   <trkpt lat="40.5658060" lon="-3.0667280">
    <ele>912.4</ele>
   </trkpt>
   <trkpt lat="40.5658060" lon="-3.0667280">
    <ele>912.4</ele>
   </trkpt>
   <trkpt lat="40.5658060" lon="-3.0667280">
    <ele>912.4</ele>
   </trkpt>
   <trkpt lat="40.5658240" lon="-3.0667580">
    <ele>912.4</ele>
   </trkpt>
   <trkpt lat="40.5658330" lon="-3.0667740">
    <ele>912.4</ele>
   </trkpt>
   <trkpt lat="40.5658430" lon="-3.0667990">
    <ele>912.4</ele>
   </trkpt>
   <trkpt lat="40.5658610" lon="-3.0668300">
    <ele>912.4</ele>
   </trkpt>
   <trkpt lat="40.5658890" lon="-3.0668640">
    <ele>912.5</ele>
   </trkpt>
   <trkpt lat="40.5658980" lon="-3.0668760">
    <ele>912.5</ele>
   </trkpt>
   <trkpt lat="40.5659260" lon="-3.0669150">
    <ele>912.4</ele>
   </trkpt>
   <trkpt lat="40.5659350" lon="-3.0669290">
    <ele>912.4</ele>
   </trkpt>
   <trkpt lat="40.5659540" lon="-3.0669570">
    <ele>912.3</ele>
   </trkpt>
   <trkpt lat="40.5659610" lon="-3.0669660">
    <ele>912.3</ele>
   </trkpt>
   <trkpt lat="40.5659850" lon="-3.0669950">
    <ele>912.3</ele>
   </trkpt>
   <trkpt lat="40.5659940" lon="-3.0670050">
    <ele>912.3</ele>
   </trkpt>
   <trkpt lat="40.5660240" lon="-3.0670200">
    <ele>912.3</ele>
   </trkpt>
   <trkpt lat="40.5660640" lon="-3.0670430">
    <ele>912.4</ele>
   </trkpt>
   <trkpt lat="40.5660790" lon="-3.0670530">
    <ele>912.4</ele>
   </trkpt>
   <trkpt lat="40.5661080" lon="-3.0670690">
    <ele>912.4</ele>
   </trkpt>
   <trkpt lat="40.5661360" lon="-3.0670970">
    <ele>912.4</ele>
   </trkpt>
   <trkpt lat="40.5661680" lon="-3.0671140">
    <ele>912.5</ele>
   </trkpt>
   <trkpt lat="40.5661970" lon="-3.0671290">
    <ele>912.5</ele>
   </trkpt>
   <trkpt lat="40.5662290" lon="-3.0671450">
    <ele>912.6</ele>
   </trkpt>
   <trkpt lat="40.5662620" lon="-3.0671570">
    <ele>912.7</ele>
   </trkpt>
   <trkpt lat="40.5662990" lon="-3.0671690">
    <ele>912.7</ele>
   </trkpt>
   <trkpt lat="40.5663320" lon="-3.0671840">
    <ele>912.8</ele>
   </trkpt>
   <trkpt lat="40.5663650" lon="-3.0671970">
    <ele>912.8</ele>
   </trkpt>
   <trkpt lat="40.5663970" lon="-3.0672170">
    <ele>912.9</ele>
   </trkpt>
   <trkpt lat="40.5664320" lon="-3.0672350">
    <ele>912.9</ele>
   </trkpt>
   <trkpt lat="40.5664640" lon="-3.0672520">
    <ele>913.0</ele>
   </trkpt>
   <trkpt lat="40.5664990" lon="-3.0672680">
    <ele>913.1</ele>
   </trkpt>
   <trkpt lat="40.5665410" lon="-3.0672890">
    <ele>913.2</ele>
   </trkpt>
   <trkpt lat="40.5665760" lon="-3.0673070">
    <ele>913.2</ele>
   </trkpt>
   <trkpt lat="40.5666120" lon="-3.0673210">
    <ele>913.3</ele>
   </trkpt>
   <trkpt lat="40.5666450" lon="-3.0673400">
    <ele>913.4</ele>
   </trkpt>
   <trkpt lat="40.5666820" lon="-3.0673550">
    <ele>913.5</ele>
   </trkpt>
   <trkpt lat="40.5667190" lon="-3.0673670">
    <ele>913.5</ele>
   </trkpt>
   <trkpt lat="40.5667510" lon="-3.0673810">
    <ele>913.6</ele>
   </trkpt>
   <trkpt lat="40.5667860" lon="-3.0674020">
    <ele>913.7</ele>
   </trkpt>
   <trkpt lat="40.5668280" lon="-3.0674210">
    <ele>913.8</ele>
   </trkpt>
   <trkpt lat="40.5668640" lon="-3.0674370">
    <ele>913.9</ele>
   </trkpt>
   <trkpt lat="40.5669000" lon="-3.0674510">
    <ele>914.0</ele>
   </trkpt>
   <trkpt lat="40.5669330" lon="-3.0674690">
    <ele>914.1</ele>
   </trkpt>
   <trkpt lat="40.5669720" lon="-3.0674810">
    <ele>914.2</ele>
   </trkpt>
   <trkpt lat="40.5670070" lon="-3.0674970">
    <ele>914.3</ele>
   </trkpt>
   <trkpt lat="40.5670360" lon="-3.0675120">
    <ele>914.3</ele>
   </trkpt>
   <trkpt lat="40.5670700" lon="-3.0675360">
    <ele>914.4</ele>
   </trkpt>
   <trkpt lat="40.5671040" lon="-3.0675570">
    <ele>914.4</ele>
   </trkpt>
   <trkpt lat="40.5671350" lon="-3.0675790">
    <ele>914.5</ele>
   </trkpt>
   <trkpt lat="40.5671660" lon="-3.0676000">
    <ele>914.6</ele>
   </trkpt>
   <trkpt lat="40.5672000" lon="-3.0676210">
    <ele>914.6</ele>
   </trkpt>
   <trkpt lat="40.5672340" lon="-3.0676390">
    <ele>914.7</ele>
   </trkpt>
   <trkpt lat="40.5672680" lon="-3.0676540">
    <ele>914.7</ele>
   </trkpt>
   <trkpt lat="40.5673040" lon="-3.0676740">
    <ele>914.8</ele>
   </trkpt>
   <trkpt lat="40.5673380" lon="-3.0676870">
    <ele>914.9</ele>
   </trkpt>
   <trkpt lat="40.5673740" lon="-3.0677020">
    <ele>915.1</ele>
   </trkpt>
   <trkpt lat="40.5674140" lon="-3.0677160">
    <ele>915.2</ele>
   </trkpt>
   <trkpt lat="40.5674520" lon="-3.0677290">
    <ele>915.4</ele>
   </trkpt>
   <trkpt lat="40.5674930" lon="-3.0677460">
    <ele>915.6</ele>
   </trkpt>
   <trkpt lat="40.5675340" lon="-3.0677680">
    <ele>915.7</ele>
   </trkpt>
   <trkpt lat="40.5675790" lon="-3.0677900">
    <ele>915.9</ele>
   </trkpt>
   <trkpt lat="40.5676250" lon="-3.0678100">
    <ele>916.1</ele>
   </trkpt>
   <trkpt lat="40.5676680" lon="-3.0678330">
    <ele>916.3</ele>
   </trkpt>
   <trkpt lat="40.5677110" lon="-3.0678520">
    <ele>916.4</ele>
   </trkpt>
   <trkpt lat="40.5677580" lon="-3.0678700">
    <ele>916.6</ele>
   </trkpt>
   <trkpt lat="40.5677970" lon="-3.0678840">
    <ele>916.8</ele>
   </trkpt>
   <trkpt lat="40.5678350" lon="-3.0679040">
    <ele>916.9</ele>
   </trkpt>
   <trkpt lat="40.5678670" lon="-3.0679230">
    <ele>917.0</ele>
   </trkpt>
   <trkpt lat="40.5679030" lon="-3.0679400">
    <ele>917.1</ele>
   </trkpt>
   <trkpt lat="40.5679370" lon="-3.0679590">
    <ele>917.2</ele>
   </trkpt>
   <trkpt lat="40.5679700" lon="-3.0679760">
    <ele>917.3</ele>
   </trkpt>
   <trkpt lat="40.5680030" lon="-3.0679970">
    <ele>917.4</ele>
   </trkpt>
   <trkpt lat="40.5680350" lon="-3.0680120">
    <ele>917.6</ele>
   </trkpt>
   <trkpt lat="40.5680660" lon="-3.0680310">
    <ele>917.7</ele>
   </trkpt>
   <trkpt lat="40.5680920" lon="-3.0680630">
    <ele>917.8</ele>
   </trkpt>
   <trkpt lat="40.5681020" lon="-3.0681220">
    <ele>918.2</ele>
   </trkpt>
   <trkpt lat="40.5680990" lon="-3.0681700">
    <ele>918.4</ele>
   </trkpt>
   <trkpt lat="40.5680980" lon="-3.0682200">
    <ele>918.7</ele>
   </trkpt>
   <trkpt lat="40.5680970" lon="-3.0682650">
    <ele>919.0</ele>
   </trkpt>
   <trkpt lat="40.5681030" lon="-3.0683060">
    <ele>919.2</ele>
   </trkpt>
   <trkpt lat="40.5681060" lon="-3.0683490">
    <ele>919.4</ele>
   </trkpt>
   <trkpt lat="40.5681010" lon="-3.0683900">
    <ele>919.6</ele>
   </trkpt>
   <trkpt lat="40.5680930" lon="-3.0684330">
    <ele>919.8</ele>
   </trkpt>
   <trkpt lat="40.5680900" lon="-3.0684750">
    <ele>920.0</ele>
   </trkpt>
   <trkpt lat="40.5680900" lon="-3.0685200">
    <ele>920.2</ele>
   </trkpt>
   <trkpt lat="40.5680970" lon="-3.0685670">
    <ele>920.5</ele>
   </trkpt>
   <trkpt lat="40.5681020" lon="-3.0686140">
    <ele>920.7</ele>
   </trkpt>
   <trkpt lat="40.5681040" lon="-3.0686650">
    <ele>920.9</ele>
   </trkpt>
   <trkpt lat="40.5681050" lon="-3.0687080">
    <ele>921.1</ele>
   </trkpt>
   <trkpt lat="40.5681030" lon="-3.0687510">
    <ele>921.3</ele>
   </trkpt>
   <trkpt lat="40.5681040" lon="-3.0688000">
    <ele>921.5</ele>
   </trkpt>
   <trkpt lat="40.5681000" lon="-3.0688440">
    <ele>921.6</ele>
   </trkpt>
   <trkpt lat="40.5681050" lon="-3.0688970">
    <ele>921.8</ele>
   </trkpt>
   <trkpt lat="40.5681090" lon="-3.0689190">
    <ele>921.9</ele>
   </trkpt>
   <trkpt lat="40.5681300" lon="-3.0689590">
    <ele>922.0</ele>
   </trkpt>
   <trkpt lat="40.5681400" lon="-3.0690010">
    <ele>922.1</ele>
   </trkpt>
   <trkpt lat="40.5681510" lon="-3.0690480">
    <ele>922.2</ele>
   </trkpt>
   <trkpt lat="40.5681550" lon="-3.0690910">
    <ele>922.3</ele>
   </trkpt>
   <trkpt lat="40.5681590" lon="-3.0691310">
    <ele>922.3</ele>
   </trkpt>
   <trkpt lat="40.5681620" lon="-3.0691670">
    <ele>922.4</ele>
   </trkpt>
   <trkpt lat="40.5681720" lon="-3.0692060">
    <ele>922.5</ele>
   </trkpt>
   <trkpt lat="40.5681850" lon="-3.0692410">
    <ele>922.5</ele>
   </trkpt>
   <trkpt lat="40.5681940" lon="-3.0692910">
    <ele>922.6</ele>
   </trkpt>
   <trkpt lat="40.5682040" lon="-3.0693340">
    <ele>922.7</ele>
   </trkpt>
   <trkpt lat="40.5682010" lon="-3.0693790">
    <ele>922.7</ele>
   </trkpt>
   <trkpt lat="40.5682020" lon="-3.0694210">
    <ele>922.8</ele>
   </trkpt>
   <trkpt lat="40.5682030" lon="-3.0694690">
    <ele>922.8</ele>
   </trkpt>
   <trkpt lat="40.5682030" lon="-3.0695120">
    <ele>922.9</ele>
   </trkpt>
   <trkpt lat="40.5682040" lon="-3.0695560">
    <ele>922.9</ele>
   </trkpt>
   <trkpt lat="40.5682060" lon="-3.0695980">
    <ele>922.9</ele>
   </trkpt>
   <trkpt lat="40.5682080" lon="-3.0696430">
    <ele>923.0</ele>
   </trkpt>
   <trkpt lat="40.5682070" lon="-3.0696890">
    <ele>923.0</ele>
   </trkpt>
   <trkpt lat="40.5682050" lon="-3.0697250">
    <ele>923.0</ele>
   </trkpt>
   <trkpt lat="40.5682080" lon="-3.0697660">
    <ele>923.0</ele>
   </trkpt>
   <trkpt lat="40.5682190" lon="-3.0698090">
    <ele>922.9</ele>
   </trkpt>
   <trkpt lat="40.5682240" lon="-3.0698580">
    <ele>922.8</ele>
   </trkpt>
   <trkpt lat="40.5682200" lon="-3.0699130">
    <ele>922.7</ele>
   </trkpt>
   <trkpt lat="40.5682120" lon="-3.0699610">
    <ele>922.5</ele>
   </trkpt>
   <trkpt lat="40.5682050" lon="-3.0700200">
    <ele>922.4</ele>
   </trkpt>
   <trkpt lat="40.5681950" lon="-3.0700770">
    <ele>922.2</ele>
   </trkpt>
   <trkpt lat="40.5681950" lon="-3.0701340">
    <ele>922.1</ele>
   </trkpt>
   <trkpt lat="40.5681970" lon="-3.0702040">
    <ele>921.9</ele>
   </trkpt>
   <trkpt lat="40.5681970" lon="-3.0702740">
    <ele>921.7</ele>
   </trkpt>
   <trkpt lat="40.5681980" lon="-3.0703420">
    <ele>921.5</ele>
   </trkpt>
   <trkpt lat="40.5682090" lon="-3.0704080">
    <ele>921.3</ele>
   </trkpt>
   <trkpt lat="40.5682260" lon="-3.0704680">
    <ele>921.1</ele>
   </trkpt>
   <trkpt lat="40.5682440" lon="-3.0705320">
    <ele>920.8</ele>
   </trkpt>
   <trkpt lat="40.5682710" lon="-3.0705950">
    <ele>920.6</ele>
   </trkpt>
   <trkpt lat="40.5682960" lon="-3.0706570">
    <ele>920.3</ele>
   </trkpt>
   <trkpt lat="40.5683280" lon="-3.0707160">
    <ele>919.9</ele>
   </trkpt>
   <trkpt lat="40.5683610" lon="-3.0707860">
    <ele>919.6</ele>
   </trkpt>
   <trkpt lat="40.5683920" lon="-3.0708550">
    <ele>919.2</ele>
   </trkpt>
   <trkpt lat="40.5684280" lon="-3.0709180">
    <ele>918.8</ele>
   </trkpt>
   <trkpt lat="40.5684630" lon="-3.0709800">
    <ele>918.4</ele>
   </trkpt>
   <trkpt lat="40.5685020" lon="-3.0710440">
    <ele>917.9</ele>
   </trkpt>
   <trkpt lat="40.5685460" lon="-3.0711140">
    <ele>917.3</ele>
   </trkpt>
   <trkpt lat="40.5685930" lon="-3.0711850">
    <ele>916.7</ele>
   </trkpt>
   <trkpt lat="40.5686360" lon="-3.0712600">
    <ele>916.0</ele>
   </trkpt>
   <trkpt lat="40.5686840" lon="-3.0713410">
    <ele>915.3</ele>
   </trkpt>
   <trkpt lat="40.5687320" lon="-3.0714280">
    <ele>914.6</ele>
   </trkpt>
   <trkpt lat="40.5687770" lon="-3.0715180">
    <ele>914.0</ele>
   </trkpt>
   <trkpt lat="40.5688210" lon="-3.0716100">
    <ele>913.5</ele>
   </trkpt>
   <trkpt lat="40.5688610" lon="-3.0717050">
    <ele>913.0</ele>
   </trkpt>
   <trkpt lat="40.5689050" lon="-3.0718000">
    <ele>912.8</ele>
   </trkpt>
   <trkpt lat="40.5689460" lon="-3.0718970">
    <ele>912.7</ele>
   </trkpt>
   <trkpt lat="40.5689820" lon="-3.0719950">
    <ele>912.7</ele>
   </trkpt>
   <trkpt lat="40.5690100" lon="-3.0720920">
    <ele>912.7</ele>
   </trkpt>
   <trkpt lat="40.5690370" lon="-3.0721810">
    <ele>912.7</ele>
   </trkpt>
   <trkpt lat="40.5690520" lon="-3.0722660">
    <ele>912.7</ele>
   </trkpt>
   <trkpt lat="40.5690750" lon="-3.0723450">
    <ele>912.8</ele>
   </trkpt>
   <trkpt lat="40.5691050" lon="-3.0724190">
    <ele>912.8</ele>
   </trkpt>
   <trkpt lat="40.5691290" lon="-3.0724910">
    <ele>912.8</ele>
   </trkpt>
   <trkpt lat="40.5691470" lon="-3.0725670">
    <ele>912.9</ele>
   </trkpt>
   <trkpt lat="40.5691680" lon="-3.0726410">
    <ele>912.9</ele>
   </trkpt>
   <trkpt lat="40.5692050" lon="-3.0727090">
    <ele>912.9</ele>
   </trkpt>
   <trkpt lat="40.5692450" lon="-3.0727700">
    <ele>912.9</ele>
   </trkpt>
   <trkpt lat="40.5692770" lon="-3.0728350">
    <ele>912.9</ele>
   </trkpt>
   <trkpt lat="40.5693110" lon="-3.0729110">
    <ele>912.9</ele>
   </trkpt>
   <trkpt lat="40.5693400" lon="-3.0729930">
    <ele>912.9</ele>
   </trkpt>
   <trkpt lat="40.5693660" lon="-3.0730630">
    <ele>913.0</ele>
   </trkpt>
   <trkpt lat="40.5693990" lon="-3.0731320">
    <ele>913.0</ele>
   </trkpt>
   <trkpt lat="40.5694250" lon="-3.0732010">
    <ele>913.0</ele>
   </trkpt>
   <trkpt lat="40.5694420" lon="-3.0732680">
    <ele>913.0</ele>
   </trkpt>
   <trkpt lat="40.5694590" lon="-3.0733340">
    <ele>913.1</ele>
   </trkpt>
   <trkpt lat="40.5694770" lon="-3.0734010">
    <ele>913.1</ele>
   </trkpt>
   <trkpt lat="40.5694940" lon="-3.0734650">
    <ele>913.1</ele>
   </trkpt>
   <trkpt lat="40.5695140" lon="-3.0735340">
    <ele>913.1</ele>
   </trkpt>
   <trkpt lat="40.5695330" lon="-3.0736020">
    <ele>913.1</ele>
   </trkpt>
   <trkpt lat="40.5695550" lon="-3.0736680">
    <ele>913.2</ele>
   </trkpt>
   <trkpt lat="40.5695760" lon="-3.0737290">
    <ele>913.2</ele>
   </trkpt>
   <trkpt lat="40.5695990" lon="-3.0737890">
    <ele>913.3</ele>
   </trkpt>
   <trkpt lat="40.5696260" lon="-3.0738470">
    <ele>913.4</ele>
   </trkpt>
   <trkpt lat="40.5696500" lon="-3.0739050">
    <ele>913.5</ele>
   </trkpt>
   <trkpt lat="40.5696690" lon="-3.0739640">
    <ele>913.6</ele>
   </trkpt>
   <trkpt lat="40.5696900" lon="-3.0740190">
    <ele>913.7</ele>
   </trkpt>
   <trkpt lat="40.5697130" lon="-3.0740760">
    <ele>913.7</ele>
   </trkpt>
   <trkpt lat="40.5697360" lon="-3.0741290">
    <ele>913.8</ele>
   </trkpt>
   <trkpt lat="40.5697560" lon="-3.0741820">
    <ele>913.9</ele>
   </trkpt>
   <trkpt lat="40.5697740" lon="-3.0742420">
    <ele>914.0</ele>
   </trkpt>
   <trkpt lat="40.5697900" lon="-3.0743030">
    <ele>914.1</ele>
   </trkpt>
   <trkpt lat="40.5698060" lon="-3.0743640">
    <ele>914.2</ele>
   </trkpt>
   <trkpt lat="40.5698240" lon="-3.0744180">
    <ele>914.4</ele>
   </trkpt>
   <trkpt lat="40.5698410" lon="-3.0744680">
    <ele>914.5</ele>
   </trkpt>
   <trkpt lat="40.5698500" lon="-3.0745160">
    <ele>914.6</ele>
   </trkpt>
   <trkpt lat="40.5698630" lon="-3.0745600">
    <ele>914.7</ele>
   </trkpt>
   <trkpt lat="40.5698770" lon="-3.0745970">
    <ele>914.7</ele>
   </trkpt>
   <trkpt lat="40.5698910" lon="-3.0746380">
    <ele>914.8</ele>
   </trkpt>
   <trkpt lat="40.5699060" lon="-3.0746780">
    <ele>914.9</ele>
   </trkpt>
   <trkpt lat="40.5699210" lon="-3.0747220">
    <ele>915.0</ele>
   </trkpt>
   <trkpt lat="40.5699340" lon="-3.0747690">
    <ele>915.1</ele>
   </trkpt>
   <trkpt lat="40.5699490" lon="-3.0748120">
    <ele>915.1</ele>
   </trkpt>
   <trkpt lat="40.5699670" lon="-3.0748560">
    <ele>915.2</ele>
   </trkpt>
   <trkpt lat="40.5699830" lon="-3.0749120">
    <ele>915.2</ele>
   </trkpt>
   <trkpt lat="40.5699950" lon="-3.0749590">
    <ele>915.2</ele>
   </trkpt>
   <trkpt lat="40.5700090" lon="-3.0750040">
    <ele>915.2</ele>
   </trkpt>
   <trkpt lat="40.5700260" lon="-3.0750500">
    <ele>915.3</ele>
   </trkpt>
   <trkpt lat="40.5700470" lon="-3.0750950">
    <ele>915.3</ele>
   </trkpt>
   <trkpt lat="40.5700590" lon="-3.0751440">
    <ele>915.3</ele>
   </trkpt>
   <trkpt lat="40.5700770" lon="-3.0751950">
    <ele>915.3</ele>
   </trkpt>
   <trkpt lat="40.5700990" lon="-3.0752450">
    <ele>915.4</ele>
   </trkpt>
   <trkpt lat="40.5701210" lon="-3.0752910">
    <ele>915.4</ele>
   </trkpt>
   <trkpt lat="40.5701380" lon="-3.0753390">
    <ele>915.4</ele>
   </trkpt>
   <trkpt lat="40.5701520" lon="-3.0753810">
    <ele>915.4</ele>
   </trkpt>
   <trkpt lat="40.5701660" lon="-3.0754190">
    <ele>915.4</ele>
   </trkpt>
   <trkpt lat="40.5701680" lon="-3.0754280">
    <ele>915.4</ele>
   </trkpt>
   <trkpt lat="40.5701700" lon="-3.0754330">
    <ele>915.4</ele>
   </trkpt>
   <trkpt lat="40.5701670" lon="-3.0754290">
    <ele>915.4</ele>
   </trkpt>
   <trkpt lat="40.5701700" lon="-3.0754220">
    <ele>915.4</ele>
   </trkpt>
   <trkpt lat="40.5701790" lon="-3.0754130">
    <ele>915.4</ele>
   </trkpt>
   <trkpt lat="40.5701790" lon="-3.0754120">
    <ele>915.4</ele>
   </trkpt>
   <trkpt lat="40.5701790" lon="-3.0754120">
    <ele>915.4</ele>
   </trkpt>
   <trkpt lat="40.5701800" lon="-3.0754120">
    <ele>915.4</ele>
   </trkpt>
   <trkpt lat="40.5701800" lon="-3.0754120">
    <ele>915.4</ele>
   </trkpt>
   <trkpt lat="40.5701800" lon="-3.0754120">
    <ele>915.4</ele>
   </trkpt>
   <trkpt lat="40.5701800" lon="-3.0754120">
    <ele>915.4</ele>
   </trkpt>
   <trkpt lat="40.5701800" lon="-3.0754120">
    <ele>915.4</ele>
   </trkpt>
   <trkpt lat="40.5701800" lon="-3.0754120">
    <ele>915.4</ele>
   </trkpt>
   <trkpt lat="40.5701800" lon="-3.0754120">
    <ele>915.4</ele>
   </trkpt>
   <trkpt lat="40.5701840" lon="-3.0753970">
    <ele>915.4</ele>
   </trkpt>
   <trkpt lat="40.5701880" lon="-3.0754040">
    <ele>915.4</ele>
   </trkpt>
   <trkpt lat="40.5701910" lon="-3.0754020">
    <ele>915.4</ele>
   </trkpt>
   <trkpt lat="40.5701990" lon="-3.0754130">
    <ele>915.4</ele>
   </trkpt>
   <trkpt lat="40.5702110" lon="-3.0754210">
    <ele>915.4</ele>
   </trkpt>
   <trkpt lat="40.5702180" lon="-3.0754340">
    <ele>915.4</ele>
   </trkpt>
   <trkpt lat="40.5702240" lon="-3.0754560">
    <ele>915.4</ele>
   </trkpt>
   <trkpt lat="40.5702320" lon="-3.0755000">
    <ele>915.4</ele>
   </trkpt>
   <trkpt lat="40.5702370" lon="-3.0755180">
    <ele>915.3</ele>
   </trkpt>
   <trkpt lat="40.5702520" lon="-3.0755580">
    <ele>915.3</ele>
   </trkpt>
   <trkpt lat="40.5702760" lon="-3.0756010">
    <ele>915.3</ele>
   </trkpt>
   <trkpt lat="40.5702940" lon="-3.0756500">
    <ele>915.3</ele>
   </trkpt>
   <trkpt lat="40.5703100" lon="-3.0756970">
    <ele>915.2</ele>
   </trkpt>
   <trkpt lat="40.5703280" lon="-3.0757530">
    <ele>915.2</ele>
   </trkpt>
   <trkpt lat="40.5703480" lon="-3.0758020">
    <ele>915.2</ele>
   </trkpt>
   <trkpt lat="40.5703690" lon="-3.0758590">
    <ele>915.1</ele>
   </trkpt>
   <trkpt lat="40.5703840" lon="-3.0759120">
    <ele>915.1</ele>
   </trkpt>
   <trkpt lat="40.5703900" lon="-3.0759670">
    <ele>915.1</ele>
   </trkpt>
   <trkpt lat="40.5703970" lon="-3.0760120">
    <ele>915.1</ele>
   </trkpt>
   <trkpt lat="40.5704070" lon="-3.0760640">
    <ele>915.1</ele>
   </trkpt>
   <trkpt lat="40.5704180" lon="-3.0761250">
    <ele>915.1</ele>
   </trkpt>
   <trkpt lat="40.5704350" lon="-3.0761820">
    <ele>915.1</ele>
   </trkpt>
   <trkpt lat="40.5704530" lon="-3.0762360">
    <ele>915.1</ele>
   </trkpt>
   <trkpt lat="40.5704700" lon="-3.0762910">
    <ele>915.1</ele>
   </trkpt>
   <trkpt lat="40.5704890" lon="-3.0763400">
    <ele>915.1</ele>
   </trkpt>
   <trkpt lat="40.5705210" lon="-3.0763810">
    <ele>915.1</ele>
   </trkpt>
   <trkpt lat="40.5705460" lon="-3.0764290">
    <ele>915.1</ele>
   </trkpt>
   <trkpt lat="40.5705710" lon="-3.0764720">
    <ele>915.1</ele>
   </trkpt>
   <trkpt lat="40.5705820" lon="-3.0765150">
    <ele>915.1</ele>
   </trkpt>
   <trkpt lat="40.5705930" lon="-3.0765640">
    <ele>915.2</ele>
   </trkpt>
   <trkpt lat="40.5706080" lon="-3.0766070">
    <ele>915.2</ele>
   </trkpt>
   <trkpt lat="40.5706280" lon="-3.0766530">
    <ele>915.2</ele>
   </trkpt>
   <trkpt lat="40.5706420" lon="-3.0767040">
    <ele>915.2</ele>
   </trkpt>
   <trkpt lat="40.5706580" lon="-3.0767640">
    <ele>915.2</ele>
   </trkpt>
   <trkpt lat="40.5706740" lon="-3.0768190">
    <ele>915.2</ele>
   </trkpt>
   <trkpt lat="40.5706820" lon="-3.0768760">
    <ele>915.2</ele>
   </trkpt>
   <trkpt lat="40.5706920" lon="-3.0769300">
    <ele>915.2</ele>
   </trkpt>
   <trkpt lat="40.5707000" lon="-3.0769930">
    <ele>915.2</ele>
   </trkpt>
   <trkpt lat="40.5707120" lon="-3.0770490">
    <ele>915.3</ele>
   </trkpt>
   <trkpt lat="40.5707270" lon="-3.0771020">
    <ele>915.3</ele>
   </trkpt>
   <trkpt lat="40.5707400" lon="-3.0771570">
    <ele>915.3</ele>
   </trkpt>
   <trkpt lat="40.5707570" lon="-3.0772170">
    <ele>915.3</ele>
   </trkpt>
   <trkpt lat="40.5707760" lon="-3.0772750">
    <ele>915.3</ele>
   </trkpt>
   <trkpt lat="40.5707930" lon="-3.0773290">
    <ele>915.3</ele>
   </trkpt>
   <trkpt lat="40.5708070" lon="-3.0773890">
    <ele>915.3</ele>
   </trkpt>
   <trkpt lat="40.5708180" lon="-3.0774460">
    <ele>915.4</ele>
   </trkpt>
   <trkpt lat="40.5708330" lon="-3.0775030">
    <ele>915.4</ele>
   </trkpt>
   <trkpt lat="40.5708480" lon="-3.0775590">
    <ele>915.4</ele>
   </trkpt>
   <trkpt lat="40.5708640" lon="-3.0776090">
    <ele>915.5</ele>
   </trkpt>
   <trkpt lat="40.5708820" lon="-3.0776700">
    <ele>915.5</ele>
   </trkpt>
   <trkpt lat="40.5708990" lon="-3.0777290">
    <ele>915.6</ele>
   </trkpt>
   <trkpt lat="40.5709140" lon="-3.0777830">
    <ele>915.6</ele>
   </trkpt>
   <trkpt lat="40.5709310" lon="-3.0778400">
    <ele>915.7</ele>
   </trkpt>
   <trkpt lat="40.5709480" lon="-3.0778940">
    <ele>915.7</ele>
   </trkpt>
   <trkpt lat="40.5709660" lon="-3.0779490">
    <ele>915.8</ele>
   </trkpt>
   <trkpt lat="40.5709840" lon="-3.0780080">
    <ele>915.8</ele>
   </trkpt>
   <trkpt lat="40.5709990" lon="-3.0780610">
    <ele>915.9</ele>
   </trkpt>
   <trkpt lat="40.5710130" lon="-3.0781160">
    <ele>915.9</ele>
   </trkpt>
   <trkpt lat="40.5710300" lon="-3.0781720">
    <ele>915.9</ele>
   </trkpt>
   <trkpt lat="40.5710490" lon="-3.0782310">
    <ele>916.0</ele>
   </trkpt>
   <trkpt lat="40.5710690" lon="-3.0782880">
    <ele>916.0</ele>
   </trkpt>
   <trkpt lat="40.5710880" lon="-3.0783470">
    <ele>916.0</ele>
   </trkpt>
   <trkpt lat="40.5711000" lon="-3.0784000">
    <ele>916.1</ele>
   </trkpt>
   <trkpt lat="40.5711160" lon="-3.0784580">
    <ele>916.1</ele>
   </trkpt>
   <trkpt lat="40.5711340" lon="-3.0785180">
    <ele>916.1</ele>
   </trkpt>
   <trkpt lat="40.5711490" lon="-3.0785710">
    <ele>916.2</ele>
   </trkpt>
   <trkpt lat="40.5711670" lon="-3.0786280">
    <ele>916.2</ele>
   </trkpt>
   <trkpt lat="40.5711870" lon="-3.0786820">
    <ele>916.2</ele>
   </trkpt>
   <trkpt lat="40.5712050" lon="-3.0787420">
    <ele>916.2</ele>
   </trkpt>
   <trkpt lat="40.5712220" lon="-3.0787990">
    <ele>916.2</ele>
   </trkpt>
   <trkpt lat="40.5712380" lon="-3.0788570">
    <ele>916.3</ele>
   </trkpt>
   <trkpt lat="40.5712570" lon="-3.0789100">
    <ele>916.3</ele>
   </trkpt>
   <trkpt lat="40.5712750" lon="-3.0789640">
    <ele>916.3</ele>
   </trkpt>
   <trkpt lat="40.5712920" lon="-3.0790220">
    <ele>916.3</ele>
   </trkpt>
   <trkpt lat="40.5713080" lon="-3.0790770">
    <ele>916.4</ele>
   </trkpt>
   <trkpt lat="40.5713270" lon="-3.0791330">
    <ele>916.4</ele>
   </trkpt>
   <trkpt lat="40.5713440" lon="-3.0791950">
    <ele>916.4</ele>
   </trkpt>
   <trkpt lat="40.5713630" lon="-3.0792570">
    <ele>916.4</ele>
   </trkpt>
   <trkpt lat="40.5713780" lon="-3.0793220">
    <ele>916.5</ele>
   </trkpt>
   <trkpt lat="40.5713920" lon="-3.0793850">
    <ele>916.5</ele>
   </trkpt>
   <trkpt lat="40.5714080" lon="-3.0794460">
    <ele>916.6</ele>
   </trkpt>
   <trkpt lat="40.5714280" lon="-3.0795090">
    <ele>916.6</ele>
   </trkpt>
   <trkpt lat="40.5714490" lon="-3.0795680">
    <ele>916.6</ele>
   </trkpt>
   <trkpt lat="40.5714620" lon="-3.0796280">
    <ele>916.7</ele>
   </trkpt>
   <trkpt lat="40.5714790" lon="-3.0796830">
    <ele>916.7</ele>
   </trkpt>
   <trkpt lat="40.5714950" lon="-3.0797500">
    <ele>916.7</ele>
   </trkpt>
   <trkpt lat="40.5715110" lon="-3.0798100">
    <ele>916.8</ele>
   </trkpt>
   <trkpt lat="40.5715250" lon="-3.0798680">
    <ele>916.8</ele>
   </trkpt>
   <trkpt lat="40.5715420" lon="-3.0799300">
    <ele>916.8</ele>
   </trkpt>
   <trkpt lat="40.5715600" lon="-3.0799870">
    <ele>916.9</ele>
   </trkpt>
   <trkpt lat="40.5715840" lon="-3.0800550">
    <ele>916.9</ele>
   </trkpt>
   <trkpt lat="40.5716060" lon="-3.0801200">
    <ele>916.9</ele>
   </trkpt>
   <trkpt lat="40.5716230" lon="-3.0801820">
    <ele>917.0</ele>
   </trkpt>
   <trkpt lat="40.5716420" lon="-3.0802510">
    <ele>917.0</ele>
   </trkpt>
   <trkpt lat="40.5716630" lon="-3.0803150">
    <ele>917.0</ele>
   </trkpt>
   <trkpt lat="40.5716820" lon="-3.0803800">
    <ele>917.1</ele>
   </trkpt>
   <trkpt lat="40.5717000" lon="-3.0804460">
    <ele>917.1</ele>
   </trkpt>
   <trkpt lat="40.5717130" lon="-3.0805140">
    <ele>917.2</ele>
   </trkpt>
   <trkpt lat="40.5717360" lon="-3.0805740">
    <ele>917.2</ele>
   </trkpt>
   <trkpt lat="40.5717590" lon="-3.0806410">
    <ele>917.2</ele>
   </trkpt>
   <trkpt lat="40.5717820" lon="-3.0807030">
    <ele>917.3</ele>
   </trkpt>
   <trkpt lat="40.5718050" lon="-3.0807670">
    <ele>917.3</ele>
   </trkpt>
   <trkpt lat="40.5718240" lon="-3.0808320">
    <ele>917.3</ele>
   </trkpt>
   <trkpt lat="40.5718450" lon="-3.0809000">
    <ele>917.4</ele>
   </trkpt>
   <trkpt lat="40.5718660" lon="-3.0809630">
    <ele>917.4</ele>
   </trkpt>
   <trkpt lat="40.5718810" lon="-3.0810210">
    <ele>917.5</ele>
   </trkpt>
   <trkpt lat="40.5718990" lon="-3.0810800">
    <ele>917.6</ele>
   </trkpt>
   <trkpt lat="40.5719180" lon="-3.0811380">
    <ele>917.6</ele>
   </trkpt>
   <trkpt lat="40.5719380" lon="-3.0812010">
    <ele>917.7</ele>
   </trkpt>
   <trkpt lat="40.5719510" lon="-3.0812650">
    <ele>917.8</ele>
   </trkpt>
   <trkpt lat="40.5719680" lon="-3.0813270">
    <ele>917.9</ele>
   </trkpt>
   <trkpt lat="40.5719820" lon="-3.0813870">
    <ele>918.0</ele>
   </trkpt>
   <trkpt lat="40.5719930" lon="-3.0814520">
    <ele>918.1</ele>
   </trkpt>
   <trkpt lat="40.5720050" lon="-3.0815160">
    <ele>918.2</ele>
   </trkpt>
   <trkpt lat="40.5720160" lon="-3.0815810">
    <ele>918.2</ele>
   </trkpt>
   <trkpt lat="40.5720270" lon="-3.0816400">
    <ele>918.3</ele>
   </trkpt>
   <trkpt lat="40.5720400" lon="-3.0816990">
    <ele>918.4</ele>
   </trkpt>
   <trkpt lat="40.5720470" lon="-3.0817630">
    <ele>918.4</ele>
   </trkpt>
   <trkpt lat="40.5720510" lon="-3.0818320">
    <ele>918.5</ele>
   </trkpt>
   <trkpt lat="40.5720620" lon="-3.0818890">
    <ele>918.5</ele>
   </trkpt>
   <trkpt lat="40.5720660" lon="-3.0819490">
    <ele>918.6</ele>
   </trkpt>
   <trkpt lat="40.5720680" lon="-3.0820060">
    <ele>918.6</ele>
   </trkpt>
   <trkpt lat="40.5720800" lon="-3.0820690">
    <ele>918.7</ele>
   </trkpt>
   <trkpt lat="40.5720890" lon="-3.0821210">
    <ele>918.7</ele>
   </trkpt>
   <trkpt lat="40.5721010" lon="-3.0821760">
    <ele>918.8</ele>
   </trkpt>
   <trkpt lat="40.5721120" lon="-3.0822390">
    <ele>918.8</ele>
   </trkpt>
   <trkpt lat="40.5721230" lon="-3.0822980">
    <ele>918.9</ele>
   </trkpt>
   <trkpt lat="40.5721270" lon="-3.0823610">
    <ele>918.9</ele>
   </trkpt>
   <trkpt lat="40.5721350" lon="-3.0824210">
    <ele>919.0</ele>
   </trkpt>
   <trkpt lat="40.5721490" lon="-3.0824860">
    <ele>919.0</ele>
   </trkpt>
   <trkpt lat="40.5721600" lon="-3.0825480">
    <ele>919.1</ele>
   </trkpt>
   <trkpt lat="40.5721720" lon="-3.0826060">
    <ele>919.1</ele>
   </trkpt>
   <trkpt lat="40.5721790" lon="-3.0826680">
    <ele>919.2</ele>
   </trkpt>
   <trkpt lat="40.5721840" lon="-3.0827270">
    <ele>919.3</ele>
   </trkpt>
   <trkpt lat="40.5721900" lon="-3.0827880">
    <ele>919.3</ele>
   </trkpt>
   <trkpt lat="40.5721960" lon="-3.0828490">
    <ele>919.4</ele>
   </trkpt>
   <trkpt lat="40.5722080" lon="-3.0829120">
    <ele>919.5</ele>
   </trkpt>
   <trkpt lat="40.5722180" lon="-3.0829730">
    <ele>919.6</ele>
   </trkpt>
   <trkpt lat="40.5722240" lon="-3.0830290">
    <ele>919.6</ele>
   </trkpt>
   <trkpt lat="40.5722260" lon="-3.0830760">
    <ele>919.7</ele>
   </trkpt>
   <trkpt lat="40.5722300" lon="-3.0831360">
    <ele>919.8</ele>
   </trkpt>
   <trkpt lat="40.5722400" lon="-3.0831940">
    <ele>919.9</ele>
   </trkpt>
   <trkpt lat="40.5722530" lon="-3.0832530">
    <ele>920.0</ele>
   </trkpt>
   <trkpt lat="40.5722680" lon="-3.0833120">
    <ele>920.1</ele>
   </trkpt>
   <trkpt lat="40.5722750" lon="-3.0833650">
    <ele>920.2</ele>
   </trkpt>
   <trkpt lat="40.5722860" lon="-3.0834230">
    <ele>920.3</ele>
   </trkpt>
   <trkpt lat="40.5722950" lon="-3.0834840">
    <ele>920.4</ele>
   </trkpt>
   <trkpt lat="40.5723010" lon="-3.0835400">
    <ele>920.6</ele>
   </trkpt>
   <trkpt lat="40.5723040" lon="-3.0836010">
    <ele>920.7</ele>
   </trkpt>
   <trkpt lat="40.5723100" lon="-3.0836620">
    <ele>920.9</ele>
   </trkpt>
   <trkpt lat="40.5723080" lon="-3.0837210">
    <ele>921.1</ele>
   </trkpt>
   <trkpt lat="40.5723080" lon="-3.0837820">
    <ele>921.3</ele>
   </trkpt>
   <trkpt lat="40.5723180" lon="-3.0838240">
    <ele>921.4</ele>
   </trkpt>
   <trkpt lat="40.5723180" lon="-3.0838680">
    <ele>921.6</ele>
   </trkpt>
   <trkpt lat="40.5723140" lon="-3.0839120">
    <ele>921.8</ele>
   </trkpt>
   <trkpt lat="40.5723060" lon="-3.0839580">
    <ele>921.9</ele>
   </trkpt>
   <trkpt lat="40.5722930" lon="-3.0840020">
    <ele>922.1</ele>
   </trkpt>
   <trkpt lat="40.5722840" lon="-3.0840470">
    <ele>922.3</ele>
   </trkpt>
   <trkpt lat="40.5722800" lon="-3.0840910">
    <ele>922.5</ele>
   </trkpt>
   <trkpt lat="40.5722760" lon="-3.0841350">
    <ele>922.7</ele>
   </trkpt>
   <trkpt lat="40.5722740" lon="-3.0841750">
    <ele>922.8</ele>
   </trkpt>
   <trkpt lat="40.5722700" lon="-3.0842160">
    <ele>923.0</ele>
   </trkpt>
   <trkpt lat="40.5722620" lon="-3.0842610">
    <ele>923.2</ele>
   </trkpt>
   <trkpt lat="40.5722550" lon="-3.0843000">
    <ele>923.3</ele>
   </trkpt>
   <trkpt lat="40.5722480" lon="-3.0843370">
    <ele>923.5</ele>
   </trkpt>
   <trkpt lat="40.5722390" lon="-3.0843730">
    <ele>923.6</ele>
   </trkpt>
   <trkpt lat="40.5722330" lon="-3.0844080">
    <ele>923.7</ele>
   </trkpt>
   <trkpt lat="40.5722280" lon="-3.0844610">
    <ele>923.9</ele>
   </trkpt>
   <trkpt lat="40.5722260" lon="-3.0844810">
    <ele>923.9</ele>
   </trkpt>
   <trkpt lat="40.5722290" lon="-3.0845240">
    <ele>924.0</ele>
   </trkpt>
   <trkpt lat="40.5722310" lon="-3.0845610">
    <ele>924.1</ele>
   </trkpt>
   <trkpt lat="40.5722310" lon="-3.0846000">
    <ele>924.2</ele>
   </trkpt>
   <trkpt lat="40.5722300" lon="-3.0846410">
    <ele>924.3</ele>
   </trkpt>
   <trkpt lat="40.5722240" lon="-3.0846790">
    <ele>924.4</ele>
   </trkpt>
   <trkpt lat="40.5722210" lon="-3.0847220">
    <ele>924.4</ele>
   </trkpt>
   <trkpt lat="40.5722240" lon="-3.0847610">
    <ele>924.5</ele>
   </trkpt>
   <trkpt lat="40.5722240" lon="-3.0848030">
    <ele>924.5</ele>
   </trkpt>
   <trkpt lat="40.5722200" lon="-3.0848500">
    <ele>924.6</ele>
   </trkpt>
   <trkpt lat="40.5722250" lon="-3.0849030">
    <ele>924.6</ele>
   </trkpt>
   <trkpt lat="40.5722280" lon="-3.0849460">
    <ele>924.7</ele>
   </trkpt>
   <trkpt lat="40.5722300" lon="-3.0849890">
    <ele>924.7</ele>
   </trkpt>
   <trkpt lat="40.5722300" lon="-3.0850340">
    <ele>924.8</ele>
   </trkpt>
   <trkpt lat="40.5722330" lon="-3.0850770">
    <ele>924.8</ele>
   </trkpt>
   <trkpt lat="40.5722350" lon="-3.0851240">
    <ele>924.9</ele>
   </trkpt>
   <trkpt lat="40.5722400" lon="-3.0851680">
    <ele>924.9</ele>
   </trkpt>
   <trkpt lat="40.5722450" lon="-3.0852120">
    <ele>925.0</ele>
   </trkpt>
   <trkpt lat="40.5722510" lon="-3.0852560">
    <ele>925.0</ele>
   </trkpt>
   <trkpt lat="40.5722560" lon="-3.0853030">
    <ele>925.0</ele>
   </trkpt>
   <trkpt lat="40.5722640" lon="-3.0853480">
    <ele>925.0</ele>
   </trkpt>
   <trkpt lat="40.5722730" lon="-3.0853990">
    <ele>925.1</ele>
   </trkpt>
   <trkpt lat="40.5722870" lon="-3.0854460">
    <ele>925.1</ele>
   </trkpt>
   <trkpt lat="40.5723150" lon="-3.0854970">
    <ele>925.0</ele>
   </trkpt>
   <trkpt lat="40.5723450" lon="-3.0855430">
    <ele>925.0</ele>
   </trkpt>
   <trkpt lat="40.5723610" lon="-3.0855970">
    <ele>925.0</ele>
   </trkpt>
   <trkpt lat="40.5723750" lon="-3.0856370">
    <ele>925.0</ele>
   </trkpt>
   <trkpt lat="40.5723850" lon="-3.0856940">
    <ele>924.9</ele>
   </trkpt>
   <trkpt lat="40.5723900" lon="-3.0857450">
    <ele>924.9</ele>
   </trkpt>
   <trkpt lat="40.5724000" lon="-3.0858020">
    <ele>924.9</ele>
   </trkpt>
   <trkpt lat="40.5724180" lon="-3.0858490">
    <ele>924.9</ele>
   </trkpt>
   <trkpt lat="40.5724330" lon="-3.0858950">
    <ele>924.9</ele>
   </trkpt>
   <trkpt lat="40.5724510" lon="-3.0859460">
    <ele>924.9</ele>
   </trkpt>
   <trkpt lat="40.5724670" lon="-3.0859860">
    <ele>924.9</ele>
   </trkpt>
   <trkpt lat="40.5724850" lon="-3.0860280">
    <ele>924.9</ele>
   </trkpt>
   <trkpt lat="40.5725120" lon="-3.0860630">
    <ele>924.9</ele>
   </trkpt>
   <trkpt lat="40.5725320" lon="-3.0860950">
    <ele>924.9</ele>
   </trkpt>
   <trkpt lat="40.5725570" lon="-3.0861330">
    <ele>925.0</ele>
   </trkpt>
   <trkpt lat="40.5725640" lon="-3.0861450">
    <ele>925.0</ele>
   </trkpt>
   <trkpt lat="40.5725690" lon="-3.0861830">
    <ele>925.0</ele>
   </trkpt>
   <trkpt lat="40.5725720" lon="-3.0862220">
    <ele>925.0</ele>
   </trkpt>
   <trkpt lat="40.5725800" lon="-3.0862640">
    <ele>925.0</ele>
   </trkpt>
   <trkpt lat="40.5725910" lon="-3.0863150">
    <ele>925.1</ele>
   </trkpt>
   <trkpt lat="40.5726000" lon="-3.0863600">
    <ele>925.1</ele>
   </trkpt>
   <trkpt lat="40.5726150" lon="-3.0864140">
    <ele>925.2</ele>
   </trkpt>
   <trkpt lat="40.5726250" lon="-3.0864650">
    <ele>925.2</ele>
   </trkpt>
   <trkpt lat="40.5726440" lon="-3.0865100">
    <ele>925.3</ele>
   </trkpt>
   <trkpt lat="40.5726540" lon="-3.0865620">
    <ele>925.3</ele>
   </trkpt>
   <trkpt lat="40.5726680" lon="-3.0866160">
    <ele>925.4</ele>
   </trkpt>
   <trkpt lat="40.5726880" lon="-3.0866710">
    <ele>925.5</ele>
   </trkpt>
   <trkpt lat="40.5727040" lon="-3.0867160">
    <ele>925.5</ele>
   </trkpt>
   <trkpt lat="40.5727070" lon="-3.0867640">
    <ele>925.6</ele>
   </trkpt>
   <trkpt lat="40.5727150" lon="-3.0868090">
    <ele>925.7</ele>
   </trkpt>
   <trkpt lat="40.5727220" lon="-3.0868510">
    <ele>925.8</ele>
   </trkpt>
   <trkpt lat="40.5727320" lon="-3.0868900">
    <ele>925.9</ele>
   </trkpt>
   <trkpt lat="40.5727410" lon="-3.0869300">
    <ele>926.0</ele>
   </trkpt>
   <trkpt lat="40.5727540" lon="-3.0869720">
    <ele>926.1</ele>
   </trkpt>
   <trkpt lat="40.5727620" lon="-3.0870170">
    <ele>926.2</ele>
   </trkpt>
   <trkpt lat="40.5727690" lon="-3.0870630">
    <ele>926.3</ele>
   </trkpt>
   <trkpt lat="40.5727760" lon="-3.0871050">
    <ele>926.3</ele>
   </trkpt>
   <trkpt lat="40.5727880" lon="-3.0871520">
    <ele>926.4</ele>
   </trkpt>
   <trkpt lat="40.5727930" lon="-3.0871980">
    <ele>926.5</ele>
   </trkpt>
   <trkpt lat="40.5728010" lon="-3.0872440">
    <ele>926.6</ele>
   </trkpt>
   <trkpt lat="40.5728100" lon="-3.0872880">
    <ele>926.6</ele>
   </trkpt>
   <trkpt lat="40.5728230" lon="-3.0873400">
    <ele>926.7</ele>
   </trkpt>
   <trkpt lat="40.5728360" lon="-3.0873770">
    <ele>926.8</ele>
   </trkpt>
   <trkpt lat="40.5728460" lon="-3.0874200">
    <ele>926.8</ele>
   </trkpt>
   <trkpt lat="40.5728520" lon="-3.0874620">
    <ele>926.9</ele>
   </trkpt>
   <trkpt lat="40.5728590" lon="-3.0875070">
    <ele>926.9</ele>
   </trkpt>
   <trkpt lat="40.5728640" lon="-3.0875530">
    <ele>927.0</ele>
   </trkpt>
   <trkpt lat="40.5728710" lon="-3.0875990">
    <ele>927.1</ele>
   </trkpt>
   <trkpt lat="40.5728790" lon="-3.0876470">
    <ele>927.2</ele>
   </trkpt>
   <trkpt lat="40.5728900" lon="-3.0877020">
    <ele>927.3</ele>
   </trkpt>
   <trkpt lat="40.5729030" lon="-3.0877550">
    <ele>927.4</ele>
   </trkpt>
   <trkpt lat="40.5729140" lon="-3.0878020">
    <ele>927.5</ele>
   </trkpt>
   <trkpt lat="40.5729220" lon="-3.0878500">
    <ele>927.6</ele>
   </trkpt>
   <trkpt lat="40.5729310" lon="-3.0878980">
    <ele>927.7</ele>
   </trkpt>
   <trkpt lat="40.5729390" lon="-3.0879420">
    <ele>927.9</ele>
   </trkpt>
   <trkpt lat="40.5729520" lon="-3.0879830">
    <ele>928.0</ele>
   </trkpt>
   <trkpt lat="40.5729680" lon="-3.0880280">
    <ele>928.1</ele>
   </trkpt>
   <trkpt lat="40.5729830" lon="-3.0880680">
    <ele>928.3</ele>
   </trkpt>
   <trkpt lat="40.5729940" lon="-3.0881080">
    <ele>928.4</ele>
   </trkpt>
   <trkpt lat="40.5730070" lon="-3.0881470">
    <ele>928.5</ele>
   </trkpt>
   <trkpt lat="40.5730200" lon="-3.0881870">
    <ele>928.6</ele>
   </trkpt>
   <trkpt lat="40.5730290" lon="-3.0882280">
    <ele>928.7</ele>
   </trkpt>
   <trkpt lat="40.5730390" lon="-3.0882710">
    <ele>928.8</ele>
   </trkpt>
   <trkpt lat="40.5730510" lon="-3.0883130">
    <ele>928.8</ele>
   </trkpt>
   <trkpt lat="40.5730660" lon="-3.0883570">
    <ele>928.8</ele>
   </trkpt>
   <trkpt lat="40.5730790" lon="-3.0884030">
    <ele>928.8</ele>
   </trkpt>
   <trkpt lat="40.5730960" lon="-3.0884450">
    <ele>928.8</ele>
   </trkpt>
   <trkpt lat="40.5731110" lon="-3.0884890">
    <ele>928.7</ele>
   </trkpt>
   <trkpt lat="40.5731200" lon="-3.0885360">
    <ele>928.7</ele>
   </trkpt>
   <trkpt lat="40.5731350" lon="-3.0885860">
    <ele>928.6</ele>
   </trkpt>
   <trkpt lat="40.5731440" lon="-3.0886350">
    <ele>928.5</ele>
   </trkpt>
   <trkpt lat="40.5731550" lon="-3.0886880">
    <ele>928.4</ele>
   </trkpt>
   <trkpt lat="40.5731730" lon="-3.0887390">
    <ele>928.3</ele>
   </trkpt>
   <trkpt lat="40.5731900" lon="-3.0887900">
    <ele>928.3</ele>
   </trkpt>
   <trkpt lat="40.5732080" lon="-3.0888400">
    <ele>928.2</ele>
   </trkpt>
   <trkpt lat="40.5732330" lon="-3.0889000">
    <ele>928.1</ele>
   </trkpt>
   <trkpt lat="40.5732570" lon="-3.0889550">
    <ele>928.0</ele>
   </trkpt>
   <trkpt lat="40.5732790" lon="-3.0890140">
    <ele>927.9</ele>
   </trkpt>
   <trkpt lat="40.5733020" lon="-3.0890740">
    <ele>927.8</ele>
   </trkpt>
   <trkpt lat="40.5733260" lon="-3.0891310">
    <ele>927.7</ele>
   </trkpt>
   <trkpt lat="40.5733570" lon="-3.0891900">
    <ele>927.6</ele>
   </trkpt>
   <trkpt lat="40.5733940" lon="-3.0892390">
    <ele>927.5</ele>
   </trkpt>
   <trkpt lat="40.5734340" lon="-3.0892810">
    <ele>927.5</ele>
   </trkpt>
   <trkpt lat="40.5734790" lon="-3.0893220">
    <ele>927.4</ele>
   </trkpt>
   <trkpt lat="40.5735170" lon="-3.0893600">
    <ele>927.3</ele>
   </trkpt>
   <trkpt lat="40.5735430" lon="-3.0894090">
    <ele>927.3</ele>
   </trkpt>
   <trkpt lat="40.5735600" lon="-3.0894600">
    <ele>927.3</ele>
   </trkpt>
   <trkpt lat="40.5735720" lon="-3.0895140">
    <ele>927.3</ele>
   </trkpt>
   <trkpt lat="40.5735870" lon="-3.0895690">
    <ele>927.3</ele>
   </trkpt>
   <trkpt lat="40.5735990" lon="-3.0896270">
    <ele>927.3</ele>
   </trkpt>
   <trkpt lat="40.5736150" lon="-3.0896880">
    <ele>927.3</ele>
   </trkpt>
   <trkpt lat="40.5736370" lon="-3.0897440">
    <ele>927.2</ele>
   </trkpt>
   <trkpt lat="40.5736640" lon="-3.0898030">
    <ele>927.2</ele>
   </trkpt>
   <trkpt lat="40.5736910" lon="-3.0898610">
    <ele>927.2</ele>
   </trkpt>
   <trkpt lat="40.5737170" lon="-3.0899210">
    <ele>927.1</ele>
   </trkpt>
   <trkpt lat="40.5737400" lon="-3.0899840">
    <ele>927.1</ele>
   </trkpt>
   <trkpt lat="40.5737660" lon="-3.0900400">
    <ele>927.1</ele>
   </trkpt>
   <trkpt lat="40.5737900" lon="-3.0901000">
    <ele>927.0</ele>
   </trkpt>
   <trkpt lat="40.5738130" lon="-3.0901590">
    <ele>927.0</ele>
   </trkpt>
   <trkpt lat="40.5738330" lon="-3.0902260">
    <ele>927.0</ele>
   </trkpt>
   <trkpt lat="40.5738540" lon="-3.0902940">
    <ele>927.0</ele>
   </trkpt>
   <trkpt lat="40.5738780" lon="-3.0903570">
    <ele>926.9</ele>
   </trkpt>
   <trkpt lat="40.5739030" lon="-3.0904140">
    <ele>926.9</ele>
   </trkpt>
   <trkpt lat="40.5739300" lon="-3.0904700">
    <ele>926.9</ele>
   </trkpt>
   <trkpt lat="40.5739560" lon="-3.0905250">
    <ele>926.9</ele>
   </trkpt>
   <trkpt lat="40.5739790" lon="-3.0905850">
    <ele>926.9</ele>
   </trkpt>
   <trkpt lat="40.5740030" lon="-3.0906470">
    <ele>927.0</ele>
   </trkpt>
   <trkpt lat="40.5740280" lon="-3.0907100">
    <ele>927.0</ele>
   </trkpt>
   <trkpt lat="40.5740510" lon="-3.0907780">
    <ele>927.0</ele>
   </trkpt>
   <trkpt lat="40.5740800" lon="-3.0908470">
    <ele>927.0</ele>
   </trkpt>
   <trkpt lat="40.5741070" lon="-3.0909090">
    <ele>927.0</ele>
   </trkpt>
   <trkpt lat="40.5741290" lon="-3.0909770">
    <ele>927.0</ele>
   </trkpt>
   <trkpt lat="40.5741540" lon="-3.0910480">
    <ele>927.0</ele>
   </trkpt>
   <trkpt lat="40.5741720" lon="-3.0911170">
    <ele>927.0</ele>
   </trkpt>
   <trkpt lat="40.5741930" lon="-3.0911860">
    <ele>927.0</ele>
   </trkpt>
   <trkpt lat="40.5742210" lon="-3.0912540">
    <ele>927.0</ele>
   </trkpt>
   <trkpt lat="40.5742500" lon="-3.0913210">
    <ele>927.0</ele>
   </trkpt>
   <trkpt lat="40.5742810" lon="-3.0913810">
    <ele>927.0</ele>
   </trkpt>
   <trkpt lat="40.5743130" lon="-3.0914410">
    <ele>927.0</ele>
   </trkpt>
   <trkpt lat="40.5743450" lon="-3.0914940">
    <ele>927.0</ele>
   </trkpt>
   <trkpt lat="40.5743760" lon="-3.0915550">
    <ele>927.0</ele>
   </trkpt>
   <trkpt lat="40.5744100" lon="-3.0916110">
    <ele>927.1</ele>
   </trkpt>
   <trkpt lat="40.5744420" lon="-3.0916730">
    <ele>927.2</ele>
   </trkpt>
   <trkpt lat="40.5744670" lon="-3.0917430">
    <ele>927.2</ele>
   </trkpt>
   <trkpt lat="40.5744870" lon="-3.0918100">
    <ele>927.3</ele>
   </trkpt>
   <trkpt lat="40.5745120" lon="-3.0918800">
    <ele>927.4</ele>
   </trkpt>
   <trkpt lat="40.5745360" lon="-3.0919420">
    <ele>927.5</ele>
   </trkpt>
   <trkpt lat="40.5745610" lon="-3.0920030">
    <ele>927.7</ele>
   </trkpt>
   <trkpt lat="40.5745860" lon="-3.0920670">
    <ele>927.8</ele>
   </trkpt>
   <trkpt lat="40.5746070" lon="-3.0921300">
    <ele>927.9</ele>
   </trkpt>
   <trkpt lat="40.5746240" lon="-3.0921950">
    <ele>928.1</ele>
   </trkpt>
   <trkpt lat="40.5746460" lon="-3.0922550">
    <ele>928.1</ele>
   </trkpt>
   <trkpt lat="40.5746680" lon="-3.0923150">
    <ele>928.1</ele>
   </trkpt>
   <trkpt lat="40.5746860" lon="-3.0923700">
    <ele>928.1</ele>
   </trkpt>
   <trkpt lat="40.5747120" lon="-3.0924280">
    <ele>927.9</ele>
   </trkpt>
   <trkpt lat="40.5747370" lon="-3.0924840">
    <ele>927.8</ele>
   </trkpt>
   <trkpt lat="40.5747630" lon="-3.0925380">
    <ele>927.6</ele>
   </trkpt>
   <trkpt lat="40.5747860" lon="-3.0925950">
    <ele>927.3</ele>
   </trkpt>
   <trkpt lat="40.5748080" lon="-3.0926590">
    <ele>927.1</ele>
   </trkpt>
   <trkpt lat="40.5748350" lon="-3.0927290">
    <ele>926.8</ele>
   </trkpt>
   <trkpt lat="40.5748700" lon="-3.0928010">
    <ele>926.5</ele>
   </trkpt>
   <trkpt lat="40.5749100" lon="-3.0928630">
    <ele>926.3</ele>
   </trkpt>
   <trkpt lat="40.5749470" lon="-3.0929270">
    <ele>926.1</ele>
   </trkpt>
   <trkpt lat="40.5749910" lon="-3.0929900">
    <ele>925.9</ele>
   </trkpt>
   <trkpt lat="40.5750370" lon="-3.0930540">
    <ele>925.7</ele>
   </trkpt>
   <trkpt lat="40.5750820" lon="-3.0931100">
    <ele>925.6</ele>
   </trkpt>
   <trkpt lat="40.5751280" lon="-3.0931690">
    <ele>925.4</ele>
   </trkpt>
   <trkpt lat="40.5751740" lon="-3.0932310">
    <ele>925.3</ele>
   </trkpt>
   <trkpt lat="40.5752070" lon="-3.0932920">
    <ele>925.1</ele>
   </trkpt>
   <trkpt lat="40.5752510" lon="-3.0933490">
    <ele>924.9</ele>
   </trkpt>
   <trkpt lat="40.5752960" lon="-3.0934140">
    <ele>924.7</ele>
   </trkpt>
   <trkpt lat="40.5753360" lon="-3.0934780">
    <ele>924.5</ele>
   </trkpt>
   <trkpt lat="40.5753760" lon="-3.0935400">
    <ele>924.2</ele>
   </trkpt>
   <trkpt lat="40.5754150" lon="-3.0936090">
    <ele>923.9</ele>
   </trkpt>
   <trkpt lat="40.5754540" lon="-3.0936710">
    <ele>923.7</ele>
   </trkpt>
   <trkpt lat="40.5754920" lon="-3.0937320">
    <ele>923.4</ele>
   </trkpt>
   <trkpt lat="40.5755310" lon="-3.0937970">
    <ele>923.2</ele>
   </trkpt>
   <trkpt lat="40.5755700" lon="-3.0938600">
    <ele>922.9</ele>
   </trkpt>
   <trkpt lat="40.5756060" lon="-3.0939310">
    <ele>922.6</ele>
   </trkpt>
   <trkpt lat="40.5756420" lon="-3.0940020">
    <ele>922.3</ele>
   </trkpt>
   <trkpt lat="40.5756810" lon="-3.0940750">
    <ele>921.9</ele>
   </trkpt>
   <trkpt lat="40.5757260" lon="-3.0941400">
    <ele>921.5</ele>
   </trkpt>
   <trkpt lat="40.5757700" lon="-3.0942140">
    <ele>921.1</ele>
   </trkpt>
   <trkpt lat="40.5758180" lon="-3.0942820">
    <ele>920.7</ele>
   </trkpt>
   <trkpt lat="40.5758640" lon="-3.0943570">
    <ele>920.3</ele>
   </trkpt>
   <trkpt lat="40.5759070" lon="-3.0944300">
    <ele>920.0</ele>
   </trkpt>
   <trkpt lat="40.5759540" lon="-3.0945100">
    <ele>919.6</ele>
   </trkpt>
   <trkpt lat="40.5759990" lon="-3.0945910">
    <ele>919.3</ele>
   </trkpt>
   <trkpt lat="40.5760470" lon="-3.0946750">
    <ele>919.1</ele>
   </trkpt>
   <trkpt lat="40.5760950" lon="-3.0947540">
    <ele>918.8</ele>
   </trkpt>
   <trkpt lat="40.5761450" lon="-3.0948230">
    <ele>918.6</ele>
   </trkpt>
   <trkpt lat="40.5761920" lon="-3.0948900">
    <ele>918.4</ele>
   </trkpt>
   <trkpt lat="40.5762360" lon="-3.0949670">
    <ele>918.3</ele>
   </trkpt>
   <trkpt lat="40.5762770" lon="-3.0950390">
    <ele>918.1</ele>
   </trkpt>
   <trkpt lat="40.5763170" lon="-3.0951110">
    <ele>918.0</ele>
   </trkpt>
   <trkpt lat="40.5763590" lon="-3.0951830">
    <ele>917.8</ele>
   </trkpt>
   <trkpt lat="40.5764020" lon="-3.0952500">
    <ele>917.7</ele>
   </trkpt>
   <trkpt lat="40.5764420" lon="-3.0953140">
    <ele>917.5</ele>
   </trkpt>
   <trkpt lat="40.5764790" lon="-3.0953830">
    <ele>917.4</ele>
   </trkpt>
   <trkpt lat="40.5765190" lon="-3.0954480">
    <ele>917.3</ele>
   </trkpt>
   <trkpt lat="40.5765620" lon="-3.0955040">
    <ele>917.2</ele>
   </trkpt>
   <trkpt lat="40.5766040" lon="-3.0955630">
    <ele>917.1</ele>
   </trkpt>
   <trkpt lat="40.5766420" lon="-3.0956220">
    <ele>917.0</ele>
   </trkpt>
   <trkpt lat="40.5766730" lon="-3.0956760">
    <ele>916.9</ele>
   </trkpt>
   <trkpt lat="40.5767020" lon="-3.0957350">
    <ele>916.8</ele>
   </trkpt>
   <trkpt lat="40.5767340" lon="-3.0957920">
    <ele>916.7</ele>
   </trkpt>
   <trkpt lat="40.5767670" lon="-3.0958430">
    <ele>916.6</ele>
   </trkpt>
   <trkpt lat="40.5768000" lon="-3.0959080">
    <ele>916.5</ele>
   </trkpt>
   <trkpt lat="40.5768310" lon="-3.0959640">
    <ele>916.4</ele>
   </trkpt>
   <trkpt lat="40.5768640" lon="-3.0960310">
    <ele>916.3</ele>
   </trkpt>
   <trkpt lat="40.5768970" lon="-3.0960950">
    <ele>916.2</ele>
   </trkpt>
   <trkpt lat="40.5769360" lon="-3.0961570">
    <ele>916.0</ele>
   </trkpt>
   <trkpt lat="40.5769720" lon="-3.0962310">
    <ele>915.9</ele>
   </trkpt>
   <trkpt lat="40.5770020" lon="-3.0962970">
    <ele>915.8</ele>
   </trkpt>
   <trkpt lat="40.5770410" lon="-3.0963530">
    <ele>915.6</ele>
   </trkpt>
   <trkpt lat="40.5770810" lon="-3.0964130">
    <ele>915.5</ele>
   </trkpt>
   <trkpt lat="40.5771210" lon="-3.0964720">
    <ele>915.4</ele>
   </trkpt>
   <trkpt lat="40.5771550" lon="-3.0965300">
    <ele>915.3</ele>
   </trkpt>
   <trkpt lat="40.5771900" lon="-3.0965870">
    <ele>915.2</ele>
   </trkpt>
   <trkpt lat="40.5772220" lon="-3.0966370">
    <ele>915.1</ele>
   </trkpt>
   <trkpt lat="40.5772600" lon="-3.0967000">
    <ele>915.0</ele>
   </trkpt>
   <trkpt lat="40.5772960" lon="-3.0967550">
    <ele>915.0</ele>
   </trkpt>
   <trkpt lat="40.5773260" lon="-3.0968180">
    <ele>914.9</ele>
   </trkpt>
   <trkpt lat="40.5773570" lon="-3.0968710">
    <ele>914.8</ele>
   </trkpt>
   <trkpt lat="40.5773900" lon="-3.0969260">
    <ele>914.7</ele>
   </trkpt>
   <trkpt lat="40.5774240" lon="-3.0969860">
    <ele>914.7</ele>
   </trkpt>
   <trkpt lat="40.5774570" lon="-3.0970460">
    <ele>914.6</ele>
   </trkpt>
   <trkpt lat="40.5774940" lon="-3.0971100">
    <ele>914.6</ele>
   </trkpt>
   <trkpt lat="40.5775330" lon="-3.0971780">
    <ele>914.5</ele>
   </trkpt>
   <trkpt lat="40.5775680" lon="-3.0972430">
    <ele>914.5</ele>
   </trkpt>
   <trkpt lat="40.5775980" lon="-3.0973010">
    <ele>914.4</ele>
   </trkpt>
   <trkpt lat="40.5776380" lon="-3.0973530">
    <ele>914.4</ele>
   </trkpt>
   <trkpt lat="40.5776770" lon="-3.0974010">
    <ele>914.4</ele>
   </trkpt>
   <trkpt lat="40.5777180" lon="-3.0974510">
    <ele>914.3</ele>
   </trkpt>
   <trkpt lat="40.5777530" lon="-3.0974990">
    <ele>914.3</ele>
   </trkpt>
   <trkpt lat="40.5777870" lon="-3.0975400">
    <ele>914.3</ele>
   </trkpt>
   <trkpt lat="40.5778210" lon="-3.0975800">
    <ele>914.2</ele>
   </trkpt>
   <trkpt lat="40.5778460" lon="-3.0976390">
    <ele>914.2</ele>
   </trkpt>
   <trkpt lat="40.5778720" lon="-3.0976860">
    <ele>914.2</ele>
   </trkpt>
   <trkpt lat="40.5778970" lon="-3.0977350">
    <ele>914.1</ele>
   </trkpt>
   <trkpt lat="40.5779230" lon="-3.0977880">
    <ele>914.1</ele>
   </trkpt>
   <trkpt lat="40.5779540" lon="-3.0978390">
    <ele>914.0</ele>
   </trkpt>
   <trkpt lat="40.5779760" lon="-3.0978790">
    <ele>914.0</ele>
   </trkpt>
   <trkpt lat="40.5780060" lon="-3.0979140">
    <ele>914.0</ele>
   </trkpt>
   <trkpt lat="40.5780370" lon="-3.0979600">
    <ele>913.9</ele>
   </trkpt>
   <trkpt lat="40.5780640" lon="-3.0980080">
    <ele>913.9</ele>
   </trkpt>
   <trkpt lat="40.5780900" lon="-3.0980670">
    <ele>913.8</ele>
   </trkpt>
   <trkpt lat="40.5781200" lon="-3.0981200">
    <ele>913.8</ele>
   </trkpt>
   <trkpt lat="40.5781510" lon="-3.0981760">
    <ele>913.7</ele>
   </trkpt>
   <trkpt lat="40.5781830" lon="-3.0982340">
    <ele>913.7</ele>
   </trkpt>
   <trkpt lat="40.5782160" lon="-3.0982870">
    <ele>913.6</ele>
   </trkpt>
   <trkpt lat="40.5782490" lon="-3.0983390">
    <ele>913.5</ele>
   </trkpt>
   <trkpt lat="40.5782810" lon="-3.0983890">
    <ele>913.5</ele>
   </trkpt>
   <trkpt lat="40.5783130" lon="-3.0984330">
    <ele>913.5</ele>
   </trkpt>
   <trkpt lat="40.5783440" lon="-3.0984900">
    <ele>913.4</ele>
   </trkpt>
   <trkpt lat="40.5783770" lon="-3.0985370">
    <ele>913.4</ele>
   </trkpt>
   <trkpt lat="40.5784100" lon="-3.0985900">
    <ele>913.3</ele>
   </trkpt>
   <trkpt lat="40.5784420" lon="-3.0986440">
    <ele>913.3</ele>
   </trkpt>
   <trkpt lat="40.5784760" lon="-3.0986990">
    <ele>913.3</ele>
   </trkpt>
   <trkpt lat="40.5785050" lon="-3.0987550">
    <ele>913.3</ele>
   </trkpt>
   <trkpt lat="40.5785390" lon="-3.0987950">
    <ele>913.3</ele>
   </trkpt>
   <trkpt lat="40.5785730" lon="-3.0988430">
    <ele>913.3</ele>
   </trkpt>
   <trkpt lat="40.5786070" lon="-3.0988830">
    <ele>913.2</ele>
   </trkpt>
   <trkpt lat="40.5786380" lon="-3.0989240">
    <ele>913.2</ele>
   </trkpt>
   <trkpt lat="40.5786680" lon="-3.0989750">
    <ele>913.2</ele>
   </trkpt>
   <trkpt lat="40.5786930" lon="-3.0990320">
    <ele>913.2</ele>
   </trkpt>
   <trkpt lat="40.5787190" lon="-3.0990890">
    <ele>913.1</ele>
   </trkpt>
   <trkpt lat="40.5787520" lon="-3.0991400">
    <ele>913.1</ele>
   </trkpt>
   <trkpt lat="40.5787810" lon="-3.0991890">
    <ele>913.1</ele>
   </trkpt>
   <trkpt lat="40.5788120" lon="-3.0992340">
    <ele>913.1</ele>
   </trkpt>
   <trkpt lat="40.5788410" lon="-3.0992820">
    <ele>913.0</ele>
   </trkpt>
   <trkpt lat="40.5788700" lon="-3.0993360">
    <ele>913.0</ele>
   </trkpt>
   <trkpt lat="40.5788980" lon="-3.0993870">
    <ele>913.0</ele>
   </trkpt>
   <trkpt lat="40.5789280" lon="-3.0994330">
    <ele>912.9</ele>
   </trkpt>
   <trkpt lat="40.5789600" lon="-3.0994860">
    <ele>912.9</ele>
   </trkpt>
   <trkpt lat="40.5789930" lon="-3.0995330">
    <ele>912.8</ele>
   </trkpt>
   <trkpt lat="40.5790300" lon="-3.0995810">
    <ele>912.8</ele>
   </trkpt>
   <trkpt lat="40.5790610" lon="-3.0996370">
    <ele>912.7</ele>
   </trkpt>
   <trkpt lat="40.5790880" lon="-3.0996930">
    <ele>912.7</ele>
   </trkpt>
   <trkpt lat="40.5791190" lon="-3.0997520">
    <ele>912.6</ele>
   </trkpt>
   <trkpt lat="40.5791480" lon="-3.0998090">
    <ele>912.5</ele>
   </trkpt>
   <trkpt lat="40.5791840" lon="-3.0998630">
    <ele>912.4</ele>
   </trkpt>
   <trkpt lat="40.5792170" lon="-3.0999100">
    <ele>912.3</ele>
   </trkpt>
   <trkpt lat="40.5792550" lon="-3.0999560">
    <ele>912.2</ele>
   </trkpt>
   <trkpt lat="40.5792870" lon="-3.0999890">
    <ele>912.2</ele>
   </trkpt>
   <trkpt lat="40.5793140" lon="-3.1000250">
    <ele>912.1</ele>
   </trkpt>
   <trkpt lat="40.5793470" lon="-3.1000580">
    <ele>912.0</ele>
   </trkpt>
   <trkpt lat="40.5793790" lon="-3.1001070">
    <ele>911.9</ele>
   </trkpt>
   <trkpt lat="40.5794030" lon="-3.1001550">
    <ele>911.8</ele>
   </trkpt>
   <trkpt lat="40.5794370" lon="-3.1002010">
    <ele>911.7</ele>
   </trkpt>
   <trkpt lat="40.5794730" lon="-3.1002530">
    <ele>911.5</ele>
   </trkpt>
   <trkpt lat="40.5795040" lon="-3.1003030">
    <ele>911.4</ele>
   </trkpt>
   <trkpt lat="40.5795340" lon="-3.1003600">
    <ele>911.2</ele>
   </trkpt>
   <trkpt lat="40.5795570" lon="-3.1004120">
    <ele>911.0</ele>
   </trkpt>
   <trkpt lat="40.5795830" lon="-3.1004680">
    <ele>910.8</ele>
   </trkpt>
   <trkpt lat="40.5796140" lon="-3.1005240">
    <ele>910.5</ele>
   </trkpt>
   <trkpt lat="40.5796530" lon="-3.1005730">
    <ele>910.3</ele>
   </trkpt>
   <trkpt lat="40.5796850" lon="-3.1006350">
    <ele>910.0</ele>
   </trkpt>
   <trkpt lat="40.5797220" lon="-3.1006980">
    <ele>909.7</ele>
   </trkpt>
   <trkpt lat="40.5797510" lon="-3.1007570">
    <ele>909.5</ele>
   </trkpt>
   <trkpt lat="40.5797860" lon="-3.1008260">
    <ele>909.2</ele>
   </trkpt>
   <trkpt lat="40.5798250" lon="-3.1008890">
    <ele>908.9</ele>
   </trkpt>
   <trkpt lat="40.5798630" lon="-3.1009470">
    <ele>908.6</ele>
   </trkpt>
   <trkpt lat="40.5799090" lon="-3.1010010">
    <ele>908.3</ele>
   </trkpt>
   <trkpt lat="40.5799560" lon="-3.1010470">
    <ele>908.1</ele>
   </trkpt>
   <trkpt lat="40.5799890" lon="-3.1010990">
    <ele>907.9</ele>
   </trkpt>
   <trkpt lat="40.5800140" lon="-3.1011700">
    <ele>907.8</ele>
   </trkpt>
   <trkpt lat="40.5800390" lon="-3.1012300">
    <ele>907.6</ele>
   </trkpt>
   <trkpt lat="40.5800720" lon="-3.1012860">
    <ele>907.5</ele>
   </trkpt>
   <trkpt lat="40.5801050" lon="-3.1013350">
    <ele>907.4</ele>
   </trkpt>
   <trkpt lat="40.5801330" lon="-3.1013870">
    <ele>907.3</ele>
   </trkpt>
   <trkpt lat="40.5801610" lon="-3.1014450">
    <ele>907.2</ele>
   </trkpt>
   <trkpt lat="40.5801890" lon="-3.1015030">
    <ele>907.2</ele>
   </trkpt>
   <trkpt lat="40.5802190" lon="-3.1015550">
    <ele>907.2</ele>
   </trkpt>
   <trkpt lat="40.5802540" lon="-3.1016080">
    <ele>907.1</ele>
   </trkpt>
   <trkpt lat="40.5802860" lon="-3.1016630">
    <ele>907.1</ele>
   </trkpt>
   <trkpt lat="40.5803150" lon="-3.1017200">
    <ele>907.1</ele>
   </trkpt>
   <trkpt lat="40.5803440" lon="-3.1017740">
    <ele>907.2</ele>
   </trkpt>
   <trkpt lat="40.5803700" lon="-3.1018320">
    <ele>907.3</ele>
   </trkpt>
   <trkpt lat="40.5803900" lon="-3.1018920">
    <ele>907.4</ele>
   </trkpt>
   <trkpt lat="40.5804110" lon="-3.1019600">
    <ele>907.5</ele>
   </trkpt>
   <trkpt lat="40.5804290" lon="-3.1020170">
    <ele>907.6</ele>
   </trkpt>
   <trkpt lat="40.5804480" lon="-3.1020750">
    <ele>907.8</ele>
   </trkpt>
   <trkpt lat="40.5804610" lon="-3.1021310">
    <ele>908.0</ele>
   </trkpt>
   <trkpt lat="40.5804740" lon="-3.1021850">
    <ele>908.1</ele>
   </trkpt>
   <trkpt lat="40.5804850" lon="-3.1022380">
    <ele>908.3</ele>
   </trkpt>
   <trkpt lat="40.5804970" lon="-3.1022870">
    <ele>908.5</ele>
   </trkpt>
   <trkpt lat="40.5805080" lon="-3.1023300">
    <ele>908.6</ele>
   </trkpt>
   <trkpt lat="40.5805220" lon="-3.1023710">
    <ele>908.8</ele>
   </trkpt>
   <trkpt lat="40.5805390" lon="-3.1024120">
    <ele>908.9</ele>
   </trkpt>
   <trkpt lat="40.5805510" lon="-3.1024570">
    <ele>909.1</ele>
   </trkpt>
   <trkpt lat="40.5805650" lon="-3.1025120">
    <ele>909.3</ele>
   </trkpt>
   <trkpt lat="40.5805800" lon="-3.1025490">
    <ele>909.4</ele>
   </trkpt>
   <trkpt lat="40.5805950" lon="-3.1025890">
    <ele>909.6</ele>
   </trkpt>
   <trkpt lat="40.5806020" lon="-3.1026290">
    <ele>909.7</ele>
   </trkpt>
   <trkpt lat="40.5806070" lon="-3.1026760">
    <ele>909.8</ele>
   </trkpt>
   <trkpt lat="40.5806280" lon="-3.1027050">
    <ele>909.9</ele>
   </trkpt>
   <trkpt lat="40.5806420" lon="-3.1027470">
    <ele>910.0</ele>
   </trkpt>
   <trkpt lat="40.5806670" lon="-3.1027800">
    <ele>910.2</ele>
   </trkpt>
   <trkpt lat="40.5806820" lon="-3.1028220">
    <ele>910.3</ele>
   </trkpt>
   <trkpt lat="40.5806950" lon="-3.1028720">
    <ele>910.4</ele>
   </trkpt>
   <trkpt lat="40.5807100" lon="-3.1029150">
    <ele>910.5</ele>
   </trkpt>
   <trkpt lat="40.5807220" lon="-3.1029660">
    <ele>910.6</ele>
   </trkpt>
   <trkpt lat="40.5807410" lon="-3.1030100">
    <ele>910.8</ele>
   </trkpt>
   <trkpt lat="40.5807520" lon="-3.1030600">
    <ele>910.9</ele>
   </trkpt>
   <trkpt lat="40.5807620" lon="-3.1031010">
    <ele>911.0</ele>
   </trkpt>
   <trkpt lat="40.5807740" lon="-3.1031480">
    <ele>911.1</ele>
   </trkpt>
   <trkpt lat="40.5807840" lon="-3.1031930">
    <ele>911.2</ele>
   </trkpt>
   <trkpt lat="40.5807970" lon="-3.1032360">
    <ele>911.3</ele>
   </trkpt>
   <trkpt lat="40.5808150" lon="-3.1032760">
    <ele>911.4</ele>
   </trkpt>
   <trkpt lat="40.5808370" lon="-3.1033180">
    <ele>911.5</ele>
   </trkpt>
   <trkpt lat="40.5808540" lon="-3.1033560">
    <ele>911.5</ele>
   </trkpt>
   <trkpt lat="40.5808630" lon="-3.1033950">
    <ele>911.6</ele>
   </trkpt>
   <trkpt lat="40.5808750" lon="-3.1034350">
    <ele>911.6</ele>
   </trkpt>
   <trkpt lat="40.5808860" lon="-3.1034770">
    <ele>911.7</ele>
   </trkpt>
   <trkpt lat="40.5808990" lon="-3.1035180">
    <ele>911.8</ele>
   </trkpt>
   <trkpt lat="40.5809120" lon="-3.1035630">
    <ele>911.8</ele>
   </trkpt>
   <trkpt lat="40.5809220" lon="-3.1036070">
    <ele>911.9</ele>
   </trkpt>
   <trkpt lat="40.5809330" lon="-3.1036470">
    <ele>911.9</ele>
   </trkpt>
   <trkpt lat="40.5809450" lon="-3.1036870">
    <ele>912.0</ele>
   </trkpt>
   <trkpt lat="40.5809580" lon="-3.1037300">
    <ele>912.1</ele>
   </trkpt>
   <trkpt lat="40.5809750" lon="-3.1037780">
    <ele>912.2</ele>
   </trkpt>
   <trkpt lat="40.5809880" lon="-3.1038290">
    <ele>912.2</ele>
   </trkpt>
   <trkpt lat="40.5809940" lon="-3.1038820">
    <ele>912.3</ele>
   </trkpt>
   <trkpt lat="40.5810040" lon="-3.1039270">
    <ele>912.4</ele>
   </trkpt>
   <trkpt lat="40.5810170" lon="-3.1039720">
    <ele>912.5</ele>
   </trkpt>
   <trkpt lat="40.5810300" lon="-3.1040150">
    <ele>912.6</ele>
   </trkpt>
   <trkpt lat="40.5810430" lon="-3.1040570">
    <ele>912.7</ele>
   </trkpt>
   <trkpt lat="40.5810530" lon="-3.1040980">
    <ele>912.8</ele>
   </trkpt>
   <trkpt lat="40.5810640" lon="-3.1041360">
    <ele>912.9</ele>
   </trkpt>
   <trkpt lat="40.5810780" lon="-3.1041720">
    <ele>913.1</ele>
   </trkpt>
   <trkpt lat="40.5810930" lon="-3.1042060">
    <ele>913.2</ele>
   </trkpt>
   <trkpt lat="40.5811090" lon="-3.1042380">
    <ele>913.3</ele>
   </trkpt>
   <trkpt lat="40.5811260" lon="-3.1042700">
    <ele>913.4</ele>
   </trkpt>
   <trkpt lat="40.5811440" lon="-3.1043030">
    <ele>913.5</ele>
   </trkpt>
   <trkpt lat="40.5811570" lon="-3.1043430">
    <ele>913.6</ele>
   </trkpt>
   <trkpt lat="40.5811690" lon="-3.1043850">
    <ele>913.6</ele>
   </trkpt>
   <trkpt lat="40.5811740" lon="-3.1044310">
    <ele>913.7</ele>
   </trkpt>
   <trkpt lat="40.5811820" lon="-3.1044690">
    <ele>913.8</ele>
   </trkpt>
   <trkpt lat="40.5811890" lon="-3.1045130">
    <ele>913.8</ele>
   </trkpt>
   <trkpt lat="40.5812000" lon="-3.1045550">
    <ele>913.9</ele>
   </trkpt>
   <trkpt lat="40.5812160" lon="-3.1045940">
    <ele>913.9</ele>
   </trkpt>
   <trkpt lat="40.5812350" lon="-3.1046260">
    <ele>913.9</ele>
   </trkpt>
   <trkpt lat="40.5812600" lon="-3.1046620">
    <ele>913.9</ele>
   </trkpt>
   <trkpt lat="40.5812790" lon="-3.1046900">
    <ele>913.9</ele>
   </trkpt>
   <trkpt lat="40.5812980" lon="-3.1047230">
    <ele>913.9</ele>
   </trkpt>
   <trkpt lat="40.5813160" lon="-3.1047580">
    <ele>914.0</ele>
   </trkpt>
   <trkpt lat="40.5813350" lon="-3.1047890">
    <ele>914.0</ele>
   </trkpt>
   <trkpt lat="40.5813500" lon="-3.1048250">
    <ele>914.0</ele>
   </trkpt>
   <trkpt lat="40.5813690" lon="-3.1048600">
    <ele>914.0</ele>
   </trkpt>
   <trkpt lat="40.5813810" lon="-3.1048970">
    <ele>914.0</ele>
   </trkpt>
   <trkpt lat="40.5813930" lon="-3.1049350">
    <ele>914.0</ele>
   </trkpt>
   <trkpt lat="40.5814060" lon="-3.1049710">
    <ele>914.0</ele>
   </trkpt>
   <trkpt lat="40.5814160" lon="-3.1049940">
    <ele>914.1</ele>
   </trkpt>
   <trkpt lat="40.5814230" lon="-3.1050120">
    <ele>914.1</ele>
   </trkpt>
   <trkpt lat="40.5814220" lon="-3.1050150">
    <ele>914.1</ele>
   </trkpt>
   <trkpt lat="40.5814220" lon="-3.1050150">
    <ele>914.1</ele>
   </trkpt>
   <trkpt lat="40.5814200" lon="-3.1050150">
    <ele>914.1</ele>
   </trkpt>
   <trkpt lat="40.5814260" lon="-3.1050160">
    <ele>914.1</ele>
   </trkpt>
   <trkpt lat="40.5814260" lon="-3.1050160">
    <ele>914.1</ele>
   </trkpt>
   <trkpt lat="40.5814260" lon="-3.1050160">
    <ele>914.1</ele>
   </trkpt>
   <trkpt lat="40.5814240" lon="-3.1050240">
    <ele>914.1</ele>
   </trkpt>
   <trkpt lat="40.5814240" lon="-3.1050240">
    <ele>914.1</ele>
   </trkpt>
   <trkpt lat="40.5814240" lon="-3.1050240">
    <ele>914.1</ele>
   </trkpt>
   <trkpt lat="40.5814240" lon="-3.1050240">
    <ele>914.1</ele>
   </trkpt>
   <trkpt lat="40.5814240" lon="-3.1050240">
    <ele>914.1</ele>
   </trkpt>
   <trkpt lat="40.5814240" lon="-3.1050240">
    <ele>914.1</ele>
   </trkpt>
   <trkpt lat="40.5814240" lon="-3.1050240">
    <ele>914.1</ele>
   </trkpt>
   <trkpt lat="40.5814440" lon="-3.1050730">
    <ele>914.1</ele>
   </trkpt>
   <trkpt lat="40.5814520" lon="-3.1051070">
    <ele>914.1</ele>
   </trkpt>
   <trkpt lat="40.5814640" lon="-3.1051480">
    <ele>914.1</ele>
   </trkpt>
   <trkpt lat="40.5814730" lon="-3.1051960">
    <ele>914.1</ele>
   </trkpt>
   <trkpt lat="40.5814780" lon="-3.1052420">
    <ele>914.1</ele>
   </trkpt>
   <trkpt lat="40.5814830" lon="-3.1052870">
    <ele>914.0</ele>
   </trkpt>
   <trkpt lat="40.5814900" lon="-3.1053360">
    <ele>914.0</ele>
   </trkpt>
   <trkpt lat="40.5814950" lon="-3.1053780">
    <ele>914.0</ele>
   </trkpt>
   <trkpt lat="40.5815100" lon="-3.1054290">
    <ele>913.9</ele>
   </trkpt>
   <trkpt lat="40.5815340" lon="-3.1054790">
    <ele>913.9</ele>
   </trkpt>
   <trkpt lat="40.5815610" lon="-3.1055280">
    <ele>913.8</ele>
   </trkpt>
   <trkpt lat="40.5815790" lon="-3.1055670">
    <ele>913.8</ele>
   </trkpt>
   <trkpt lat="40.5815940" lon="-3.1056150">
    <ele>913.8</ele>
   </trkpt>
   <trkpt lat="40.5816130" lon="-3.1056690">
    <ele>913.7</ele>
   </trkpt>
   <trkpt lat="40.5816280" lon="-3.1057150">
    <ele>913.7</ele>
   </trkpt>
   <trkpt lat="40.5816490" lon="-3.1057600">
    <ele>913.6</ele>
   </trkpt>
   <trkpt lat="40.5816660" lon="-3.1058110">
    <ele>913.6</ele>
   </trkpt>
   <trkpt lat="40.5816860" lon="-3.1058630">
    <ele>913.5</ele>
   </trkpt>
   <trkpt lat="40.5816960" lon="-3.1059210">
    <ele>913.5</ele>
   </trkpt>
   <trkpt lat="40.5817100" lon="-3.1059800">
    <ele>913.4</ele>
   </trkpt>
   <trkpt lat="40.5817270" lon="-3.1060450">
    <ele>913.4</ele>
   </trkpt>
   <trkpt lat="40.5817390" lon="-3.1061100">
    <ele>913.3</ele>
   </trkpt>
   <trkpt lat="40.5817470" lon="-3.1061740">
    <ele>913.3</ele>
   </trkpt>
   <trkpt lat="40.5817510" lon="-3.1062310">
    <ele>913.2</ele>
   </trkpt>
   <trkpt lat="40.5817610" lon="-3.1062940">
    <ele>913.2</ele>
   </trkpt>
   <trkpt lat="40.5817650" lon="-3.1063580">
    <ele>913.1</ele>
   </trkpt>
   <trkpt lat="40.5817700" lon="-3.1064250">
    <ele>913.1</ele>
   </trkpt>
   <trkpt lat="40.5817680" lon="-3.1064920">
    <ele>913.1</ele>
   </trkpt>
   <trkpt lat="40.5817780" lon="-3.1065530">
    <ele>913.1</ele>
   </trkpt>
   <trkpt lat="40.5817940" lon="-3.1066260">
    <ele>913.1</ele>
   </trkpt>
   <trkpt lat="40.5818090" lon="-3.1066810">
    <ele>913.1</ele>
   </trkpt>
   <trkpt lat="40.5818240" lon="-3.1067370">
    <ele>913.1</ele>
   </trkpt>
   <trkpt lat="40.5818410" lon="-3.1067950">
    <ele>913.1</ele>
   </trkpt>
   <trkpt lat="40.5818550" lon="-3.1068540">
    <ele>913.1</ele>
   </trkpt>
   <trkpt lat="40.5818630" lon="-3.1069120">
    <ele>913.1</ele>
   </trkpt>
   <trkpt lat="40.5818690" lon="-3.1069700">
    <ele>913.2</ele>
   </trkpt>
   <trkpt lat="40.5818810" lon="-3.1070290">
    <ele>913.2</ele>
   </trkpt>
   <trkpt lat="40.5818960" lon="-3.1070960">
    <ele>913.2</ele>
   </trkpt>
   <trkpt lat="40.5819060" lon="-3.1071560">
    <ele>913.3</ele>
   </trkpt>
   <trkpt lat="40.5819160" lon="-3.1072190">
    <ele>913.3</ele>
   </trkpt>
   <trkpt lat="40.5819330" lon="-3.1072810">
    <ele>913.3</ele>
   </trkpt>
   <trkpt lat="40.5819520" lon="-3.1073450">
    <ele>913.4</ele>
   </trkpt>
   <trkpt lat="40.5819690" lon="-3.1074050">
    <ele>913.4</ele>
   </trkpt>
   <trkpt lat="40.5819920" lon="-3.1074680">
    <ele>913.5</ele>
   </trkpt>
   <trkpt lat="40.5820120" lon="-3.1075280">
    <ele>913.5</ele>
   </trkpt>
   <trkpt lat="40.5820330" lon="-3.1075880">
    <ele>913.6</ele>
   </trkpt>
   <trkpt lat="40.5820610" lon="-3.1076520">
    <ele>913.6</ele>
   </trkpt>
   <trkpt lat="40.5820870" lon="-3.1077110">
    <ele>913.7</ele>
   </trkpt>
   <trkpt lat="40.5821190" lon="-3.1077740">
    <ele>913.8</ele>
   </trkpt>
   <trkpt lat="40.5821470" lon="-3.1078350">
    <ele>913.9</ele>
   </trkpt>
   <trkpt lat="40.5821730" lon="-3.1078920">
    <ele>913.9</ele>
   </trkpt>
   <trkpt lat="40.5822000" lon="-3.1079470">
    <ele>914.0</ele>
   </trkpt>
   <trkpt lat="40.5822260" lon="-3.1080030">
    <ele>914.1</ele>
   </trkpt>
   <trkpt lat="40.5822600" lon="-3.1080560">
    <ele>914.2</ele>
   </trkpt>
   <trkpt lat="40.5822890" lon="-3.1081100">
    <ele>914.3</ele>
   </trkpt>
   <trkpt lat="40.5823170" lon="-3.1081560">
    <ele>914.4</ele>
   </trkpt>
   <trkpt lat="40.5823470" lon="-3.1082020">
    <ele>914.5</ele>
   </trkpt>
   <trkpt lat="40.5823720" lon="-3.1082530">
    <ele>914.6</ele>
   </trkpt>
   <trkpt lat="40.5823970" lon="-3.1083050">
    <ele>914.7</ele>
   </trkpt>
   <trkpt lat="40.5824240" lon="-3.1083560">
    <ele>914.8</ele>
   </trkpt>
   <trkpt lat="40.5824580" lon="-3.1084120">
    <ele>914.9</ele>
   </trkpt>
   <trkpt lat="40.5824890" lon="-3.1084700">
    <ele>915.0</ele>
   </trkpt>
   <trkpt lat="40.5825180" lon="-3.1085270">
    <ele>915.1</ele>
   </trkpt>
   <trkpt lat="40.5825500" lon="-3.1085860">
    <ele>915.2</ele>
   </trkpt>
   <trkpt lat="40.5825720" lon="-3.1086370">
    <ele>915.4</ele>
   </trkpt>
   <trkpt lat="40.5825960" lon="-3.1086910">
    <ele>915.5</ele>
   </trkpt>
   <trkpt lat="40.5826210" lon="-3.1087380">
    <ele>915.7</ele>
   </trkpt>
   <trkpt lat="40.5826450" lon="-3.1087930">
    <ele>915.9</ele>
   </trkpt>
   <trkpt lat="40.5826670" lon="-3.1088410">
    <ele>916.1</ele>
   </trkpt>
   <trkpt lat="40.5826900" lon="-3.1088930">
    <ele>916.3</ele>
   </trkpt>
   <trkpt lat="40.5827030" lon="-3.1089440">
    <ele>916.5</ele>
   </trkpt>
   <trkpt lat="40.5827130" lon="-3.1089970">
    <ele>916.7</ele>
   </trkpt>
   <trkpt lat="40.5827260" lon="-3.1090450">
    <ele>916.9</ele>
   </trkpt>
   <trkpt lat="40.5827400" lon="-3.1090860">
    <ele>917.1</ele>
   </trkpt>
   <trkpt lat="40.5827590" lon="-3.1091300">
    <ele>917.2</ele>
   </trkpt>
   <trkpt lat="40.5827790" lon="-3.1091710">
    <ele>917.4</ele>
   </trkpt>
   <trkpt lat="40.5827970" lon="-3.1092210">
    <ele>917.5</ele>
   </trkpt>
   <trkpt lat="40.5828180" lon="-3.1092660">
    <ele>917.7</ele>
   </trkpt>
   <trkpt lat="40.5828410" lon="-3.1093100">
    <ele>917.8</ele>
   </trkpt>
   <trkpt lat="40.5828670" lon="-3.1093480">
    <ele>917.9</ele>
   </trkpt>
   <trkpt lat="40.5828980" lon="-3.1093860">
    <ele>918.1</ele>
   </trkpt>
   <trkpt lat="40.5829320" lon="-3.1094290">
    <ele>918.2</ele>
   </trkpt>
   <trkpt lat="40.5829660" lon="-3.1094720">
    <ele>918.3</ele>
   </trkpt>
   <trkpt lat="40.5830000" lon="-3.1095080">
    <ele>918.5</ele>
   </trkpt>
   <trkpt lat="40.5830330" lon="-3.1095530">
    <ele>918.6</ele>
   </trkpt>
   <trkpt lat="40.5830580" lon="-3.1095970">
    <ele>918.8</ele>
   </trkpt>
   <trkpt lat="40.5830860" lon="-3.1096380">
    <ele>918.9</ele>
   </trkpt>
   <trkpt lat="40.5831120" lon="-3.1096810">
    <ele>919.1</ele>
   </trkpt>
   <trkpt lat="40.5831400" lon="-3.1097160">
    <ele>919.3</ele>
   </trkpt>
   <trkpt lat="40.5831670" lon="-3.1097530">
    <ele>919.5</ele>
   </trkpt>
   <trkpt lat="40.5831940" lon="-3.1097920">
    <ele>919.6</ele>
   </trkpt>
   <trkpt lat="40.5832220" lon="-3.1098330">
    <ele>919.8</ele>
   </trkpt>
   <trkpt lat="40.5832460" lon="-3.1098700">
    <ele>920.0</ele>
   </trkpt>
   <trkpt lat="40.5832740" lon="-3.1099130">
    <ele>920.1</ele>
   </trkpt>
   <trkpt lat="40.5832940" lon="-3.1099450">
    <ele>920.3</ele>
   </trkpt>
   <trkpt lat="40.5833200" lon="-3.1099820">
    <ele>920.4</ele>
   </trkpt>
   <trkpt lat="40.5833470" lon="-3.1100210">
    <ele>920.6</ele>
   </trkpt>
   <trkpt lat="40.5833750" lon="-3.1100640">
    <ele>920.7</ele>
   </trkpt>
   <trkpt lat="40.5833980" lon="-3.1100970">
    <ele>920.8</ele>
   </trkpt>
   <trkpt lat="40.5834260" lon="-3.1101300">
    <ele>921.0</ele>
   </trkpt>
   <trkpt lat="40.5834540" lon="-3.1101710">
    <ele>921.1</ele>
   </trkpt>
   <trkpt lat="40.5834780" lon="-3.1102020">
    <ele>921.2</ele>
   </trkpt>
   <trkpt lat="40.5835060" lon="-3.1102330">
    <ele>921.3</ele>
   </trkpt>
   <trkpt lat="40.5835340" lon="-3.1102630">
    <ele>921.3</ele>
   </trkpt>
   <trkpt lat="40.5835620" lon="-3.1102910">
    <ele>921.4</ele>
   </trkpt>
   <trkpt lat="40.5835920" lon="-3.1103230">
    <ele>921.4</ele>
   </trkpt>
   <trkpt lat="40.5836180" lon="-3.1103540">
    <ele>921.3</ele>
   </trkpt>
   <trkpt lat="40.5836450" lon="-3.1103900">
    <ele>921.3</ele>
   </trkpt>
   <trkpt lat="40.5836670" lon="-3.1104260">
    <ele>921.2</ele>
   </trkpt>
   <trkpt lat="40.5836950" lon="-3.1104590">
    <ele>921.1</ele>
   </trkpt>
   <trkpt lat="40.5837260" lon="-3.1104860">
    <ele>921.0</ele>
   </trkpt>
   <trkpt lat="40.5837530" lon="-3.1105160">
    <ele>920.9</ele>
   </trkpt>
   <trkpt lat="40.5837780" lon="-3.1105440">
    <ele>920.7</ele>
   </trkpt>
   <trkpt lat="40.5838080" lon="-3.1105820">
    <ele>920.5</ele>
   </trkpt>
   <trkpt lat="40.5838400" lon="-3.1106220">
    <ele>920.3</ele>
   </trkpt>
   <trkpt lat="40.5838650" lon="-3.1106450">
    <ele>920.2</ele>
   </trkpt>
   <trkpt lat="40.5838870" lon="-3.1106850">
    <ele>920.0</ele>
   </trkpt>
   <trkpt lat="40.5838940" lon="-3.1106990">
    <ele>919.9</ele>
   </trkpt>
   <trkpt lat="40.5839160" lon="-3.1107320">
    <ele>919.8</ele>
   </trkpt>
   <trkpt lat="40.5839400" lon="-3.1107710">
    <ele>919.6</ele>
   </trkpt>
   <trkpt lat="40.5839670" lon="-3.1108060">
    <ele>919.4</ele>
   </trkpt>
   <trkpt lat="40.5839980" lon="-3.1108260">
    <ele>919.3</ele>
   </trkpt>
   <trkpt lat="40.5840360" lon="-3.1108540">
    <ele>919.2</ele>
   </trkpt>
   <trkpt lat="40.5840730" lon="-3.1108910">
    <ele>919.1</ele>
   </trkpt>
   <trkpt lat="40.5841090" lon="-3.1109090">
    <ele>919.0</ele>
   </trkpt>
   <trkpt lat="40.5841460" lon="-3.1109360">
    <ele>918.9</ele>
   </trkpt>
   <trkpt lat="40.5841870" lon="-3.1109580">
    <ele>918.7</ele>
   </trkpt>
   <trkpt lat="40.5842310" lon="-3.1109890">
    <ele>918.6</ele>
   </trkpt>
   <trkpt lat="40.5842660" lon="-3.1110430">
    <ele>918.5</ele>
   </trkpt>
   <trkpt lat="40.5842910" lon="-3.1110900">
    <ele>918.4</ele>
   </trkpt>
   <trkpt lat="40.5843170" lon="-3.1111400">
    <ele>918.3</ele>
   </trkpt>
   <trkpt lat="40.5843450" lon="-3.1111840">
    <ele>918.2</ele>
   </trkpt>
   <trkpt lat="40.5843720" lon="-3.1112230">
    <ele>918.1</ele>
   </trkpt>
   <trkpt lat="40.5844060" lon="-3.1112680">
    <ele>918.0</ele>
   </trkpt>
   <trkpt lat="40.5844430" lon="-3.1113020">
    <ele>917.9</ele>
   </trkpt>
   <trkpt lat="40.5844750" lon="-3.1113370">
    <ele>917.8</ele>
   </trkpt>
   <trkpt lat="40.5845080" lon="-3.1113720">
    <ele>917.7</ele>
   </trkpt>
   <trkpt lat="40.5845400" lon="-3.1114120">
    <ele>917.6</ele>
   </trkpt>
   <trkpt lat="40.5845710" lon="-3.1114510">
    <ele>917.5</ele>
   </trkpt>
   <trkpt lat="40.5846000" lon="-3.1114900">
    <ele>917.5</ele>
   </trkpt>
   <trkpt lat="40.5846300" lon="-3.1115260">
    <ele>917.4</ele>
   </trkpt>
   <trkpt lat="40.5846650" lon="-3.1115580">
    <ele>917.3</ele>
   </trkpt>
   <trkpt lat="40.5847060" lon="-3.1116020">
    <ele>917.2</ele>
   </trkpt>
   <trkpt lat="40.5847430" lon="-3.1116330">
    <ele>917.1</ele>
   </trkpt>
   <trkpt lat="40.5847770" lon="-3.1116760">
    <ele>917.1</ele>
   </trkpt>
   <trkpt lat="40.5848040" lon="-3.1117260">
    <ele>917.0</ele>
   </trkpt>
   <trkpt lat="40.5848410" lon="-3.1117720">
    <ele>917.0</ele>
   </trkpt>
   <trkpt lat="40.5848830" lon="-3.1118270">
    <ele>916.9</ele>
   </trkpt>
   <trkpt lat="40.5849210" lon="-3.1118780">
    <ele>916.8</ele>
   </trkpt>
   <trkpt lat="40.5849560" lon="-3.1119330">
    <ele>916.8</ele>
   </trkpt>
   <trkpt lat="40.5849940" lon="-3.1119880">
    <ele>916.7</ele>
   </trkpt>
   <trkpt lat="40.5850310" lon="-3.1120490">
    <ele>916.7</ele>
   </trkpt>
   <trkpt lat="40.5850740" lon="-3.1121060">
    <ele>916.6</ele>
   </trkpt>
   <trkpt lat="40.5851030" lon="-3.1121490">
    <ele>916.6</ele>
   </trkpt>
   <trkpt lat="40.5851320" lon="-3.1122020">
    <ele>916.6</ele>
   </trkpt>
   <trkpt lat="40.5851700" lon="-3.1122470">
    <ele>916.6</ele>
   </trkpt>
   <trkpt lat="40.5852080" lon="-3.1122900">
    <ele>916.6</ele>
   </trkpt>
   <trkpt lat="40.5852370" lon="-3.1123390">
    <ele>916.6</ele>
   </trkpt>
   <trkpt lat="40.5852650" lon="-3.1123850">
    <ele>916.6</ele>
   </trkpt>
   <trkpt lat="40.5852970" lon="-3.1124250">
    <ele>916.6</ele>
   </trkpt>
   <trkpt lat="40.5853320" lon="-3.1124600">
    <ele>916.6</ele>
   </trkpt>
   <trkpt lat="40.5853690" lon="-3.1124960">
    <ele>916.6</ele>
   </trkpt>
   <trkpt lat="40.5854020" lon="-3.1125300">
    <ele>916.6</ele>
   </trkpt>
   <trkpt lat="40.5854340" lon="-3.1125550">
    <ele>916.6</ele>
   </trkpt>
   <trkpt lat="40.5854760" lon="-3.1125650">
    <ele>916.6</ele>
   </trkpt>
   <trkpt lat="40.5855120" lon="-3.1125560">
    <ele>916.6</ele>
   </trkpt>
   <trkpt lat="40.5855390" lon="-3.1125340">
    <ele>916.6</ele>
   </trkpt>
   <trkpt lat="40.5855660" lon="-3.1124920">
    <ele>916.5</ele>
   </trkpt>
   <trkpt lat="40.5855920" lon="-3.1124380">
    <ele>916.5</ele>
   </trkpt>
   <trkpt lat="40.5856250" lon="-3.1123880">
    <ele>916.5</ele>
   </trkpt>
   <trkpt lat="40.5856580" lon="-3.1123340">
    <ele>916.4</ele>
   </trkpt>
   <trkpt lat="40.5856920" lon="-3.1122810">
    <ele>916.4</ele>
   </trkpt>
   <trkpt lat="40.5857320" lon="-3.1122370">
    <ele>916.4</ele>
   </trkpt>
   <trkpt lat="40.5857790" lon="-3.1122110">
    <ele>916.3</ele>
   </trkpt>
   <trkpt lat="40.5858420" lon="-3.1122080">
    <ele>916.2</ele>
   </trkpt>
   <trkpt lat="40.5858970" lon="-3.1122330">
    <ele>916.2</ele>
   </trkpt>
   <trkpt lat="40.5859520" lon="-3.1122770">
    <ele>916.1</ele>
   </trkpt>
   <trkpt lat="40.5859900" lon="-3.1123230">
    <ele>916.0</ele>
   </trkpt>
   <trkpt lat="40.5860200" lon="-3.1123750">
    <ele>916.0</ele>
   </trkpt>
   <trkpt lat="40.5860530" lon="-3.1124140">
    <ele>915.9</ele>
   </trkpt>
   <trkpt lat="40.5860870" lon="-3.1124650">
    <ele>915.9</ele>
   </trkpt>
   <trkpt lat="40.5861190" lon="-3.1125170">
    <ele>915.8</ele>
   </trkpt>
   <trkpt lat="40.5861520" lon="-3.1125670">
    <ele>915.8</ele>
   </trkpt>
   <trkpt lat="40.5861850" lon="-3.1126200">
    <ele>915.7</ele>
   </trkpt>
   <trkpt lat="40.5862200" lon="-3.1126720">
    <ele>915.7</ele>
   </trkpt>
   <trkpt lat="40.5862560" lon="-3.1127280">
    <ele>915.6</ele>
   </trkpt>
   <trkpt lat="40.5862910" lon="-3.1127790">
    <ele>915.6</ele>
   </trkpt>
   <trkpt lat="40.5863240" lon="-3.1128280">
    <ele>915.6</ele>
   </trkpt>
   <trkpt lat="40.5863630" lon="-3.1128810">
    <ele>915.5</ele>
   </trkpt>
   <trkpt lat="40.5864020" lon="-3.1129290">
    <ele>915.5</ele>
   </trkpt>
   <trkpt lat="40.5864410" lon="-3.1129750">
    <ele>915.5</ele>
   </trkpt>
   <trkpt lat="40.5864760" lon="-3.1130220">
    <ele>915.5</ele>
   </trkpt>
   <trkpt lat="40.5865110" lon="-3.1130680">
    <ele>915.5</ele>
   </trkpt>
   <trkpt lat="40.5865470" lon="-3.1131140">
    <ele>915.5</ele>
   </trkpt>
   <trkpt lat="40.5865950" lon="-3.1131600">
    <ele>915.5</ele>
   </trkpt>
   <trkpt lat="40.5866360" lon="-3.1132110">
    <ele>915.5</ele>
   </trkpt>
   <trkpt lat="40.5866800" lon="-3.1132650">
    <ele>915.5</ele>
   </trkpt>
   <trkpt lat="40.5867190" lon="-3.1133000">
    <ele>915.5</ele>
   </trkpt>
   <trkpt lat="40.5867630" lon="-3.1133110">
    <ele>915.4</ele>
   </trkpt>
   <trkpt lat="40.5868140" lon="-3.1133060">
    <ele>915.4</ele>
   </trkpt>
   <trkpt lat="40.5868640" lon="-3.1132920">
    <ele>915.4</ele>
   </trkpt>
   <trkpt lat="40.5869140" lon="-3.1132910">
    <ele>915.3</ele>
   </trkpt>
   <trkpt lat="40.5869590" lon="-3.1133120">
    <ele>915.3</ele>
   </trkpt>
   <trkpt lat="40.5870140" lon="-3.1133500">
    <ele>915.3</ele>
   </trkpt>
   <trkpt lat="40.5870680" lon="-3.1133890">
    <ele>915.3</ele>
   </trkpt>
   <trkpt lat="40.5871100" lon="-3.1134290">
    <ele>915.2</ele>
   </trkpt>
   <trkpt lat="40.5871400" lon="-3.1134780">
    <ele>915.2</ele>
   </trkpt>
   <trkpt lat="40.5871620" lon="-3.1135390">
    <ele>915.2</ele>
   </trkpt>
   <trkpt lat="40.5871740" lon="-3.1136040">
    <ele>915.2</ele>
   </trkpt>
   <trkpt lat="40.5871840" lon="-3.1136810">
    <ele>915.1</ele>
   </trkpt>
   <trkpt lat="40.5871810" lon="-3.1137530">
    <ele>915.1</ele>
   </trkpt>
   <trkpt lat="40.5871750" lon="-3.1138170">
    <ele>915.1</ele>
   </trkpt>
   <trkpt lat="40.5871890" lon="-3.1138750">
    <ele>915.0</ele>
   </trkpt>
   <trkpt lat="40.5872160" lon="-3.1139390">
    <ele>915.0</ele>
   </trkpt>
   <trkpt lat="40.5872550" lon="-3.1139920">
    <ele>914.9</ele>
   </trkpt>
   <trkpt lat="40.5873000" lon="-3.1140360">
    <ele>914.8</ele>
   </trkpt>
   <trkpt lat="40.5873450" lon="-3.1140890">
    <ele>914.8</ele>
   </trkpt>
   <trkpt lat="40.5873890" lon="-3.1141480">
    <ele>914.7</ele>
   </trkpt>
   <trkpt lat="40.5874290" lon="-3.1142090">
    <ele>914.6</ele>
   </trkpt>
   <trkpt lat="40.5874700" lon="-3.1142680">
    <ele>914.5</ele>
   </trkpt>
   <trkpt lat="40.5875140" lon="-3.1143340">
    <ele>914.5</ele>
   </trkpt>
   <trkpt lat="40.5875600" lon="-3.1144020">
    <ele>914.4</ele>
   </trkpt>
   <trkpt lat="40.5876060" lon="-3.1144660">
    <ele>914.3</ele>
   </trkpt>
   <trkpt lat="40.5876490" lon="-3.1145250">
    <ele>914.2</ele>
   </trkpt>
   <trkpt lat="40.5876890" lon="-3.1145870">
    <ele>914.2</ele>
   </trkpt>
   <trkpt lat="40.5877330" lon="-3.1146390">
    <ele>914.1</ele>
   </trkpt>
   <trkpt lat="40.5877790" lon="-3.1146980">
    <ele>914.1</ele>
   </trkpt>
   <trkpt lat="40.5878280" lon="-3.1147550">
    <ele>914.0</ele>
   </trkpt>
   <trkpt lat="40.5878780" lon="-3.1148160">
    <ele>913.9</ele>
   </trkpt>
   <trkpt lat="40.5879230" lon="-3.1148750">
    <ele>913.9</ele>
   </trkpt>
   <trkpt lat="40.5879740" lon="-3.1149290">
    <ele>913.8</ele>
   </trkpt>
   <trkpt lat="40.5880250" lon="-3.1149910">
    <ele>913.8</ele>
   </trkpt>
   <trkpt lat="40.5880690" lon="-3.1150530">
    <ele>913.7</ele>
   </trkpt>
   <trkpt lat="40.5881220" lon="-3.1151120">
    <ele>913.7</ele>
   </trkpt>
   <trkpt lat="40.5881740" lon="-3.1151740">
    <ele>913.6</ele>
   </trkpt>
   <trkpt lat="40.5882220" lon="-3.1152360">
    <ele>913.5</ele>
   </trkpt>
   <trkpt lat="40.5882730" lon="-3.1153040">
    <ele>913.5</ele>
   </trkpt>
   <trkpt lat="40.5883200" lon="-3.1153750">
    <ele>913.5</ele>
   </trkpt>
   <trkpt lat="40.5883660" lon="-3.1154430">
    <ele>913.4</ele>
   </trkpt>
   <trkpt lat="40.5884140" lon="-3.1154990">
    <ele>913.4</ele>
   </trkpt>
   <trkpt lat="40.5884670" lon="-3.1155560">
    <ele>913.4</ele>
   </trkpt>
   <trkpt lat="40.5885130" lon="-3.1156090">
    <ele>913.3</ele>
   </trkpt>
   <trkpt lat="40.5885610" lon="-3.1156660">
    <ele>913.3</ele>
   </trkpt>
   <trkpt lat="40.5886120" lon="-3.1157280">
    <ele>913.3</ele>
   </trkpt>
   <trkpt lat="40.5886540" lon="-3.1157920">
    <ele>913.3</ele>
   </trkpt>
   <trkpt lat="40.5886980" lon="-3.1158560">
    <ele>913.3</ele>
   </trkpt>
   <trkpt lat="40.5887420" lon="-3.1159200">
    <ele>913.3</ele>
   </trkpt>
   <trkpt lat="40.5887900" lon="-3.1159810">
    <ele>913.3</ele>
   </trkpt>
   <trkpt lat="40.5888360" lon="-3.1160430">
    <ele>913.3</ele>
   </trkpt>
   <trkpt lat="40.5888790" lon="-3.1161050">
    <ele>913.3</ele>
   </trkpt>
   <trkpt lat="40.5889270" lon="-3.1161590">
    <ele>913.3</ele>
   </trkpt>
   <trkpt lat="40.5889700" lon="-3.1162220">
    <ele>913.3</ele>
   </trkpt>
   <trkpt lat="40.5890150" lon="-3.1162840">
    <ele>913.3</ele>
   </trkpt>
   <trkpt lat="40.5890570" lon="-3.1163450">
    <ele>913.3</ele>
   </trkpt>
   <trkpt lat="40.5891020" lon="-3.1164020">
    <ele>913.3</ele>
   </trkpt>
   <trkpt lat="40.5891460" lon="-3.1164580">
    <ele>913.3</ele>
   </trkpt>
   <trkpt lat="40.5891880" lon="-3.1165110">
    <ele>913.3</ele>
   </trkpt>
   <trkpt lat="40.5892330" lon="-3.1165690">
    <ele>913.3</ele>
   </trkpt>
   <trkpt lat="40.5892810" lon="-3.1166210">
    <ele>913.3</ele>
   </trkpt>
   <trkpt lat="40.5893250" lon="-3.1166760">
    <ele>913.3</ele>
   </trkpt>
   <trkpt lat="40.5893670" lon="-3.1167320">
    <ele>913.3</ele>
   </trkpt>
   <trkpt lat="40.5894090" lon="-3.1167870">
    <ele>913.3</ele>
   </trkpt>
   <trkpt lat="40.5894560" lon="-3.1168440">
    <ele>913.3</ele>
   </trkpt>
   <trkpt lat="40.5894990" lon="-3.1169040">
    <ele>913.3</ele>
   </trkpt>
   <trkpt lat="40.5895410" lon="-3.1169600">
    <ele>913.3</ele>
   </trkpt>
   <trkpt lat="40.5895870" lon="-3.1170190">
    <ele>913.3</ele>
   </trkpt>
   <trkpt lat="40.5896290" lon="-3.1170780">
    <ele>913.3</ele>
   </trkpt>
   <trkpt lat="40.5896680" lon="-3.1171410">
    <ele>913.4</ele>
   </trkpt>
   <trkpt lat="40.5897060" lon="-3.1172050">
    <ele>913.4</ele>
   </trkpt>
   <trkpt lat="40.5897520" lon="-3.1172630">
    <ele>913.5</ele>
   </trkpt>
   <trkpt lat="40.5897930" lon="-3.1173170">
    <ele>913.6</ele>
   </trkpt>
   <trkpt lat="40.5898380" lon="-3.1173480">
    <ele>913.6</ele>
   </trkpt>
   <trkpt lat="40.5898950" lon="-3.1173640">
    <ele>913.6</ele>
   </trkpt>
   <trkpt lat="40.5899500" lon="-3.1173640">
    <ele>913.6</ele>
   </trkpt>
   <trkpt lat="40.5900150" lon="-3.1173630">
    <ele>913.5</ele>
   </trkpt>
   <trkpt lat="40.5900750" lon="-3.1173730">
    <ele>913.5</ele>
   </trkpt>
   <trkpt lat="40.5901300" lon="-3.1173990">
    <ele>913.5</ele>
   </trkpt>
   <trkpt lat="40.5901820" lon="-3.1174530">
    <ele>913.4</ele>
   </trkpt>
   <trkpt lat="40.5902130" lon="-3.1175040">
    <ele>913.4</ele>
   </trkpt>
   <trkpt lat="40.5902350" lon="-3.1175630">
    <ele>913.4</ele>
   </trkpt>
   <trkpt lat="40.5902500" lon="-3.1176290">
    <ele>913.4</ele>
   </trkpt>
   <trkpt lat="40.5902680" lon="-3.1176930">
    <ele>913.5</ele>
   </trkpt>
   <trkpt lat="40.5902750" lon="-3.1177550">
    <ele>913.5</ele>
   </trkpt>
   <trkpt lat="40.5902740" lon="-3.1178090">
    <ele>913.5</ele>
   </trkpt>
   <trkpt lat="40.5902730" lon="-3.1178730">
    <ele>913.6</ele>
   </trkpt>
   <trkpt lat="40.5902820" lon="-3.1179340">
    <ele>913.6</ele>
   </trkpt>
   <trkpt lat="40.5903020" lon="-3.1179990">
    <ele>913.7</ele>
   </trkpt>
   <trkpt lat="40.5903300" lon="-3.1180540">
    <ele>913.7</ele>
   </trkpt>
   <trkpt lat="40.5903670" lon="-3.1181010">
    <ele>913.7</ele>
   </trkpt>
   <trkpt lat="40.5904050" lon="-3.1181540">
    <ele>913.7</ele>
   </trkpt>
   <trkpt lat="40.5904390" lon="-3.1182040">
    <ele>913.7</ele>
   </trkpt>
   <trkpt lat="40.5904710" lon="-3.1182540">
    <ele>913.7</ele>
   </trkpt>
   <trkpt lat="40.5905070" lon="-3.1183050">
    <ele>913.7</ele>
   </trkpt>
   <trkpt lat="40.5905360" lon="-3.1183630">
    <ele>913.7</ele>
   </trkpt>
   <trkpt lat="40.5905680" lon="-3.1184190">
    <ele>913.6</ele>
   </trkpt>
   <trkpt lat="40.5905970" lon="-3.1184600">
    <ele>913.6</ele>
   </trkpt>
   <trkpt lat="40.5906180" lon="-3.1185040">
    <ele>913.6</ele>
   </trkpt>
   <trkpt lat="40.5906510" lon="-3.1185440">
    <ele>913.6</ele>
   </trkpt>
   <trkpt lat="40.5906810" lon="-3.1185870">
    <ele>913.6</ele>
   </trkpt>
   <trkpt lat="40.5907120" lon="-3.1186250">
    <ele>913.6</ele>
   </trkpt>
   <trkpt lat="40.5907440" lon="-3.1186640">
    <ele>913.6</ele>
   </trkpt>
   <trkpt lat="40.5907740" lon="-3.1187020">
    <ele>913.6</ele>
   </trkpt>
   <trkpt lat="40.5908010" lon="-3.1187450">
    <ele>913.7</ele>
   </trkpt>
   <trkpt lat="40.5908310" lon="-3.1187770">
    <ele>913.7</ele>
   </trkpt>
   <trkpt lat="40.5908630" lon="-3.1188210">
    <ele>913.7</ele>
   </trkpt>
   <trkpt lat="40.5908900" lon="-3.1188720">
    <ele>913.7</ele>
   </trkpt>
   <trkpt lat="40.5909140" lon="-3.1189190">
    <ele>913.8</ele>
   </trkpt>
   <trkpt lat="40.5909300" lon="-3.1189700">
    <ele>913.8</ele>
   </trkpt>
   <trkpt lat="40.5909370" lon="-3.1190240">
    <ele>913.9</ele>
   </trkpt>
   <trkpt lat="40.5909440" lon="-3.1190640">
    <ele>913.9</ele>
   </trkpt>
   <trkpt lat="40.5909360" lon="-3.1191050">
    <ele>913.9</ele>
   </trkpt>
   <trkpt lat="40.5909270" lon="-3.1191490">
    <ele>914.0</ele>
   </trkpt>
   <trkpt lat="40.5909130" lon="-3.1191870">
    <ele>914.0</ele>
   </trkpt>
   <trkpt lat="40.5908960" lon="-3.1192210">
    <ele>914.1</ele>
   </trkpt>
   <trkpt lat="40.5908820" lon="-3.1192620">
    <ele>914.1</ele>
   </trkpt>
   <trkpt lat="40.5908720" lon="-3.1192960">
    <ele>914.1</ele>
   </trkpt>
   <trkpt lat="40.5908710" lon="-3.1193390">
    <ele>914.2</ele>
   </trkpt>
   <trkpt lat="40.5908760" lon="-3.1193810">
    <ele>914.2</ele>
   </trkpt>
   <trkpt lat="40.5908860" lon="-3.1194240">
    <ele>914.3</ele>
   </trkpt>
   <trkpt lat="40.5908970" lon="-3.1194670">
    <ele>914.3</ele>
   </trkpt>
   <trkpt lat="40.5909080" lon="-3.1195130">
    <ele>914.3</ele>
   </trkpt>
   <trkpt lat="40.5909250" lon="-3.1195520">
    <ele>914.4</ele>
   </trkpt>
   <trkpt lat="40.5909520" lon="-3.1195830">
    <ele>914.4</ele>
   </trkpt>
   <trkpt lat="40.5909870" lon="-3.1196080">
    <ele>914.4</ele>
   </trkpt>
   <trkpt lat="40.5910260" lon="-3.1196250">
    <ele>914.4</ele>
   </trkpt>
   <trkpt lat="40.5910660" lon="-3.1196490">
    <ele>914.4</ele>
   </trkpt>
   <trkpt lat="40.5910960" lon="-3.1196850">
    <ele>914.4</ele>
   </trkpt>
   <trkpt lat="40.5911300" lon="-3.1197240">
    <ele>914.5</ele>
   </trkpt>
   <trkpt lat="40.5911570" lon="-3.1197680">
    <ele>914.5</ele>
   </trkpt>
   <trkpt lat="40.5911810" lon="-3.1198170">
    <ele>914.5</ele>
   </trkpt>
   <trkpt lat="40.5912000" lon="-3.1198720">
    <ele>914.5</ele>
   </trkpt>
   <trkpt lat="40.5912250" lon="-3.1199230">
    <ele>914.5</ele>
   </trkpt>
   <trkpt lat="40.5912520" lon="-3.1199680">
    <ele>914.5</ele>
   </trkpt>
   <trkpt lat="40.5912830" lon="-3.1200000">
    <ele>914.5</ele>
   </trkpt>
   <trkpt lat="40.5913040" lon="-3.1200240">
    <ele>914.5</ele>
   </trkpt>
   <trkpt lat="40.5913380" lon="-3.1200510">
    <ele>914.5</ele>
   </trkpt>
   <trkpt lat="40.5913790" lon="-3.1200890">
    <ele>914.5</ele>
   </trkpt>
   <trkpt lat="40.5914190" lon="-3.1201370">
    <ele>914.5</ele>
   </trkpt>
   <trkpt lat="40.5914500" lon="-3.1201830">
    <ele>914.5</ele>
   </trkpt>
   <trkpt lat="40.5914730" lon="-3.1202140">
    <ele>914.5</ele>
   </trkpt>
   <trkpt lat="40.5915020" lon="-3.1202550">
    <ele>914.5</ele>
   </trkpt>
   <trkpt lat="40.5915160" lon="-3.1202850">
    <ele>914.5</ele>
   </trkpt>
   <trkpt lat="40.5915330" lon="-3.1203280">
    <ele>914.5</ele>
   </trkpt>
   <trkpt lat="40.5915620" lon="-3.1203730">
    <ele>914.5</ele>
   </trkpt>
   <trkpt lat="40.5915940" lon="-3.1204210">
    <ele>914.5</ele>
   </trkpt>
   <trkpt lat="40.5916300" lon="-3.1204710">
    <ele>914.4</ele>
   </trkpt>
   <trkpt lat="40.5917190" lon="-3.1204680">
    <ele>914.4</ele>
   </trkpt>
   <trkpt lat="40.5917620" lon="-3.1204560">
    <ele>914.3</ele>
   </trkpt>
   <trkpt lat="40.5918150" lon="-3.1204500">
    <ele>914.3</ele>
   </trkpt>
   <trkpt lat="40.5918650" lon="-3.1204410">
    <ele>914.3</ele>
   </trkpt>
   <trkpt lat="40.5919170" lon="-3.1204330">
    <ele>914.3</ele>
   </trkpt>
   <trkpt lat="40.5919690" lon="-3.1204490">
    <ele>914.3</ele>
   </trkpt>
   <trkpt lat="40.5920150" lon="-3.1204490">
    <ele>914.3</ele>
   </trkpt>
   <trkpt lat="40.5920540" lon="-3.1204750">
    <ele>914.2</ele>
   </trkpt>
   <trkpt lat="40.5920900" lon="-3.1205210">
    <ele>914.2</ele>
   </trkpt>
   <trkpt lat="40.5921270" lon="-3.1205680">
    <ele>914.2</ele>
   </trkpt>
   <trkpt lat="40.5921440" lon="-3.1206100">
    <ele>914.2</ele>
   </trkpt>
   <trkpt lat="40.5921550" lon="-3.1206600">
    <ele>914.2</ele>
   </trkpt>
   <trkpt lat="40.5921640" lon="-3.1207050">
    <ele>914.2</ele>
   </trkpt>
   <trkpt lat="40.5921690" lon="-3.1207510">
    <ele>914.2</ele>
   </trkpt>
   <trkpt lat="40.5921690" lon="-3.1207940">
    <ele>914.2</ele>
   </trkpt>
   <trkpt lat="40.5921670" lon="-3.1208380">
    <ele>914.2</ele>
   </trkpt>
   <trkpt lat="40.5921590" lon="-3.1208800">
    <ele>914.3</ele>
   </trkpt>
   <trkpt lat="40.5921460" lon="-3.1209150">
    <ele>914.3</ele>
   </trkpt>
   <trkpt lat="40.5921280" lon="-3.1209580">
    <ele>914.3</ele>
   </trkpt>
   <trkpt lat="40.5921040" lon="-3.1209860">
    <ele>914.3</ele>
   </trkpt>
   <trkpt lat="40.5920770" lon="-3.1210150">
    <ele>914.4</ele>
   </trkpt>
   <trkpt lat="40.5920410" lon="-3.1210530">
    <ele>914.4</ele>
   </trkpt>
   <trkpt lat="40.5920100" lon="-3.1210840">
    <ele>914.4</ele>
   </trkpt>
   <trkpt lat="40.5919760" lon="-3.1210980">
    <ele>914.5</ele>
   </trkpt>
   <trkpt lat="40.5919420" lon="-3.1211120">
    <ele>914.5</ele>
   </trkpt>
   <trkpt lat="40.5919090" lon="-3.1211210">
    <ele>914.6</ele>
   </trkpt>
   <trkpt lat="40.5918780" lon="-3.1211370">
    <ele>914.6</ele>
   </trkpt>
   <trkpt lat="40.5918500" lon="-3.1211600">
    <ele>914.6</ele>
   </trkpt>
   <trkpt lat="40.5918290" lon="-3.1211900">
    <ele>914.6</ele>
   </trkpt>
   <trkpt lat="40.5918200" lon="-3.1212260">
    <ele>914.6</ele>
   </trkpt>
   <trkpt lat="40.5918300" lon="-3.1212650">
    <ele>914.8</ele>
   </trkpt>
   <trkpt lat="40.5918340" lon="-3.1212740">
    <ele>914.8</ele>
   </trkpt>
   <trkpt lat="40.5918480" lon="-3.1213100">
    <ele>915.0</ele>
   </trkpt>
   <trkpt lat="40.5918520" lon="-3.1213240">
    <ele>915.0</ele>
   </trkpt>
   <trkpt lat="40.5918610" lon="-3.1213690">
    <ele>915.2</ele>
   </trkpt>
   <trkpt lat="40.5918620" lon="-3.1213820">
    <ele>915.2</ele>
   </trkpt>
   <trkpt lat="40.5918710" lon="-3.1214020">
    <ele>915.3</ele>
   </trkpt>
   <trkpt lat="40.5918830" lon="-3.1214160">
    <ele>915.3</ele>
   </trkpt>
   <trkpt lat="40.5919060" lon="-3.1214470">
    <ele>915.5</ele>
   </trkpt>
   <trkpt lat="40.5919110" lon="-3.1214610">
    <ele>915.5</ele>
   </trkpt>
   <trkpt lat="40.5919150" lon="-3.1214980">
    <ele>915.7</ele>
   </trkpt>
   <trkpt lat="40.5919150" lon="-3.1215120">
    <ele>915.7</ele>
   </trkpt>
   <trkpt lat="40.5919080" lon="-3.1215550">
    <ele>915.9</ele>
   </trkpt>
   <trkpt lat="40.5919040" lon="-3.1215700">
    <ele>915.9</ele>
   </trkpt>
   <trkpt lat="40.5918900" lon="-3.1216190">
    <ele>916.1</ele>
   </trkpt>
   <trkpt lat="40.5918860" lon="-3.1216350">
    <ele>916.1</ele>
   </trkpt>
   <trkpt lat="40.5918780" lon="-3.1216720">
    <ele>916.2</ele>
   </trkpt>
   <trkpt lat="40.5918690" lon="-3.1217060">
    <ele>916.4</ele>
   </trkpt>
   <trkpt lat="40.5918510" lon="-3.1217510">
    <ele>916.5</ele>
   </trkpt>
   <trkpt lat="40.5918470" lon="-3.1217680">
    <ele>916.6</ele>
   </trkpt>
   <trkpt lat="40.5918270" lon="-3.1218130">
    <ele>916.8</ele>
   </trkpt>
   <trkpt lat="40.5918200" lon="-3.1218280">
    <ele>916.8</ele>
   </trkpt>
   <trkpt lat="40.5917990" lon="-3.1218660">
    <ele>917.0</ele>
   </trkpt>
   <trkpt lat="40.5917900" lon="-3.1218790">
    <ele>917.0</ele>
   </trkpt>
   <trkpt lat="40.5917670" lon="-3.1219190">
    <ele>917.2</ele>
   </trkpt>
   <trkpt lat="40.5917600" lon="-3.1219340">
    <ele>917.2</ele>
   </trkpt>
   <trkpt lat="40.5917480" lon="-3.1219700">
    <ele>917.4</ele>
   </trkpt>
   <trkpt lat="40.5917350" lon="-3.1220020">
    <ele>917.5</ele>
   </trkpt>
   <trkpt lat="40.5917200" lon="-3.1220350">
    <ele>917.6</ele>
   </trkpt>
   <trkpt lat="40.5917010" lon="-3.1220680">
    <ele>917.7</ele>
   </trkpt>
   <trkpt lat="40.5916830" lon="-3.1220980">
    <ele>917.9</ele>
   </trkpt>
   <trkpt lat="40.5916670" lon="-3.1221290">
    <ele>918.0</ele>
   </trkpt>
   <trkpt lat="40.5916470" lon="-3.1221570">
    <ele>918.2</ele>
   </trkpt>
   <trkpt lat="40.5916210" lon="-3.1221980">
    <ele>918.4</ele>
   </trkpt>
   <trkpt lat="40.5916110" lon="-3.1222120">
    <ele>918.5</ele>
   </trkpt>
   <trkpt lat="40.5915930" lon="-3.1222440">
    <ele>918.7</ele>
   </trkpt>
   <trkpt lat="40.5915750" lon="-3.1222870">
    <ele>919.0</ele>
   </trkpt>
   <trkpt lat="40.5915700" lon="-3.1223010">
    <ele>919.0</ele>
   </trkpt>
   <trkpt lat="40.5915570" lon="-3.1223340">
    <ele>919.2</ele>
   </trkpt>
   <trkpt lat="40.5915440" lon="-3.1223690">
    <ele>919.4</ele>
   </trkpt>
   <trkpt lat="40.5915290" lon="-3.1224160">
    <ele>919.6</ele>
   </trkpt>
   <trkpt lat="40.5915240" lon="-3.1224330">
    <ele>919.7</ele>
   </trkpt>
   <trkpt lat="40.5915210" lon="-3.1224720">
    <ele>919.8</ele>
   </trkpt>
   <trkpt lat="40.5915180" lon="-3.1225170">
    <ele>920.0</ele>
   </trkpt>
   <trkpt lat="40.5915140" lon="-3.1225560">
    <ele>920.1</ele>
   </trkpt>
   <trkpt lat="40.5915200" lon="-3.1225980">
    <ele>920.2</ele>
   </trkpt>
   <trkpt lat="40.5915280" lon="-3.1226340">
    <ele>920.3</ele>
   </trkpt>
   <trkpt lat="40.5915400" lon="-3.1226700">
    <ele>920.5</ele>
   </trkpt>
   <trkpt lat="40.5915560" lon="-3.1227010">
    <ele>920.6</ele>
   </trkpt>
   <trkpt lat="40.5915740" lon="-3.1227360">
    <ele>920.7</ele>
   </trkpt>
   <trkpt lat="40.5915950" lon="-3.1227770">
    <ele>920.8</ele>
   </trkpt>
   <trkpt lat="40.5916030" lon="-3.1227900">
    <ele>920.9</ele>
   </trkpt>
   <trkpt lat="40.5916250" lon="-3.1228270">
    <ele>920.9</ele>
   </trkpt>
   <trkpt lat="40.5916310" lon="-3.1228400">
    <ele>921.0</ele>
   </trkpt>
   <trkpt lat="40.5916450" lon="-3.1228760">
    <ele>921.1</ele>
   </trkpt>
   <trkpt lat="40.5916480" lon="-3.1228880">
    <ele>921.1</ele>
   </trkpt>
   <trkpt lat="40.5916680" lon="-3.1229310">
    <ele>921.2</ele>
   </trkpt>
   <trkpt lat="40.5916750" lon="-3.1229440">
    <ele>921.2</ele>
   </trkpt>
   <trkpt lat="40.5916890" lon="-3.1229670">
    <ele>921.2</ele>
   </trkpt>
   <trkpt lat="40.5916960" lon="-3.1229760">
    <ele>921.2</ele>
   </trkpt>
   <trkpt lat="40.5917000" lon="-3.1229740">
    <ele>921.2</ele>
   </trkpt>
   <trkpt lat="40.5917040" lon="-3.1229660">
    <ele>921.2</ele>
   </trkpt>
   <trkpt lat="40.5917060" lon="-3.1229620">
    <ele>921.2</ele>
   </trkpt>
   <trkpt lat="40.5917040" lon="-3.1229530">
    <ele>921.2</ele>
   </trkpt>
   <trkpt lat="40.5917030" lon="-3.1229560">
    <ele>921.2</ele>
   </trkpt>
   <trkpt lat="40.5917040" lon="-3.1229570">
    <ele>921.2</ele>
   </trkpt>
   <trkpt lat="40.5917040" lon="-3.1229570">
    <ele>921.2</ele>
   </trkpt>
   <trkpt lat="40.5917040" lon="-3.1229570">
    <ele>921.2</ele>
   </trkpt>
   <trkpt lat="40.5917040" lon="-3.1229570">
    <ele>921.2</ele>
   </trkpt>
   <trkpt lat="40.5917040" lon="-3.1229570">
    <ele>921.2</ele>
   </trkpt>
   <trkpt lat="40.5916950" lon="-3.1229550">
    <ele>921.2</ele>
   </trkpt>
   <trkpt lat="40.5916960" lon="-3.1229600">
    <ele>921.2</ele>
   </trkpt>
   <trkpt lat="40.5916990" lon="-3.1229610">
    <ele>921.2</ele>
   </trkpt>
   <trkpt lat="40.5917060" lon="-3.1229640">
    <ele>921.2</ele>
   </trkpt>
   <trkpt lat="40.5917160" lon="-3.1229670">
    <ele>921.2</ele>
   </trkpt>
   <trkpt lat="40.5917280" lon="-3.1229720">
    <ele>921.2</ele>
   </trkpt>
   <trkpt lat="40.5917590" lon="-3.1229880">
    <ele>921.2</ele>
   </trkpt>
   <trkpt lat="40.5917690" lon="-3.1229950">
    <ele>921.2</ele>
   </trkpt>
   <trkpt lat="40.5917960" lon="-3.1230110">
    <ele>921.2</ele>
   </trkpt>
   <trkpt lat="40.5918050" lon="-3.1230180">
    <ele>921.2</ele>
   </trkpt>
   <trkpt lat="40.5918340" lon="-3.1230460">
    <ele>921.2</ele>
   </trkpt>
   <trkpt lat="40.5918440" lon="-3.1230570">
    <ele>921.2</ele>
   </trkpt>
   <trkpt lat="40.5918700" lon="-3.1230800">
    <ele>921.2</ele>
   </trkpt>
   <trkpt lat="40.5919000" lon="-3.1230970">
    <ele>921.1</ele>
   </trkpt>
   <trkpt lat="40.5919290" lon="-3.1231170">
    <ele>921.1</ele>
   </trkpt>
   <trkpt lat="40.5919580" lon="-3.1231450">
    <ele>921.1</ele>
   </trkpt>
   <trkpt lat="40.5919840" lon="-3.1231710">
    <ele>921.1</ele>
   </trkpt>
   <trkpt lat="40.5920120" lon="-3.1231930">
    <ele>921.1</ele>
   </trkpt>
   <trkpt lat="40.5920350" lon="-3.1232170">
    <ele>921.0</ele>
   </trkpt>
   <trkpt lat="40.5920590" lon="-3.1232440">
    <ele>921.0</ele>
   </trkpt>
   <trkpt lat="40.5920840" lon="-3.1232740">
    <ele>921.0</ele>
   </trkpt>
   <trkpt lat="40.5921070" lon="-3.1233080">
    <ele>921.0</ele>
   </trkpt>
   <trkpt lat="40.5921320" lon="-3.1233430">
    <ele>921.0</ele>
   </trkpt>
   <trkpt lat="40.5921560" lon="-3.1233750">
    <ele>921.0</ele>
   </trkpt>
   <trkpt lat="40.5921820" lon="-3.1234070">
    <ele>921.0</ele>
   </trkpt>
   <trkpt lat="40.5922070" lon="-3.1234350">
    <ele>921.0</ele>
   </trkpt>
   <trkpt lat="40.5922400" lon="-3.1234620">
    <ele>921.0</ele>
   </trkpt>
   <trkpt lat="40.5922730" lon="-3.1235030">
    <ele>921.0</ele>
   </trkpt>
   <trkpt lat="40.5923040" lon="-3.1235350">
    <ele>921.1</ele>
   </trkpt>
   <trkpt lat="40.5923390" lon="-3.1235730">
    <ele>921.1</ele>
   </trkpt>
   <trkpt lat="40.5923660" lon="-3.1236090">
    <ele>921.2</ele>
   </trkpt>
   <trkpt lat="40.5923940" lon="-3.1236450">
    <ele>921.2</ele>
   </trkpt>
   <trkpt lat="40.5924250" lon="-3.1236820">
    <ele>921.3</ele>
   </trkpt>
   <trkpt lat="40.5924530" lon="-3.1237150">
    <ele>921.4</ele>
   </trkpt>
   <trkpt lat="40.5924810" lon="-3.1237550">
    <ele>921.5</ele>
   </trkpt>
   <trkpt lat="40.5925120" lon="-3.1237910">
    <ele>921.5</ele>
   </trkpt>
   <trkpt lat="40.5925400" lon="-3.1238220">
    <ele>921.6</ele>
   </trkpt>
   <trkpt lat="40.5925680" lon="-3.1238600">
    <ele>921.7</ele>
   </trkpt>
   <trkpt lat="40.5925920" lon="-3.1239000">
    <ele>921.8</ele>
   </trkpt>
   <trkpt lat="40.5926190" lon="-3.1239380">
    <ele>921.9</ele>
   </trkpt>
   <trkpt lat="40.5926420" lon="-3.1239700">
    <ele>922.0</ele>
   </trkpt>
   <trkpt lat="40.5926640" lon="-3.1240180">
    <ele>922.1</ele>
   </trkpt>
   <trkpt lat="40.5926920" lon="-3.1240560">
    <ele>922.2</ele>
   </trkpt>
   <trkpt lat="40.5927220" lon="-3.1240880">
    <ele>922.3</ele>
   </trkpt>
   <trkpt lat="40.5927500" lon="-3.1241290">
    <ele>922.4</ele>
   </trkpt>
   <trkpt lat="40.5927770" lon="-3.1241750">
    <ele>922.5</ele>
   </trkpt>
   <trkpt lat="40.5927950" lon="-3.1242190">
    <ele>922.6</ele>
   </trkpt>
   <trkpt lat="40.5928120" lon="-3.1242600">
    <ele>922.7</ele>
   </trkpt>
   <trkpt lat="40.5928260" lon="-3.1243020">
    <ele>922.8</ele>
   </trkpt>
   <trkpt lat="40.5928430" lon="-3.1243370">
    <ele>922.8</ele>
   </trkpt>
   <trkpt lat="40.5928690" lon="-3.1243700">
    <ele>922.9</ele>
   </trkpt>
   <trkpt lat="40.5928980" lon="-3.1243920">
    <ele>922.9</ele>
   </trkpt>
   <trkpt lat="40.5929280" lon="-3.1244120">
    <ele>922.9</ele>
   </trkpt>
   <trkpt lat="40.5929580" lon="-3.1244300">
    <ele>923.0</ele>
   </trkpt>
   <trkpt lat="40.5929910" lon="-3.1244480">
    <ele>923.0</ele>
   </trkpt>
   <trkpt lat="40.5930300" lon="-3.1244680">
    <ele>923.1</ele>
   </trkpt>
   <trkpt lat="40.5930500" lon="-3.1244710">
    <ele>923.1</ele>
   </trkpt>
   <trkpt lat="40.5930860" lon="-3.1244820">
    <ele>923.2</ele>
   </trkpt>
   <trkpt lat="40.5930980" lon="-3.1244880">
    <ele>923.3</ele>
   </trkpt>
   <trkpt lat="40.5931250" lon="-3.1244920">
    <ele>923.3</ele>
   </trkpt>
   <trkpt lat="40.5931680" lon="-3.1245120">
    <ele>923.5</ele>
   </trkpt>
   <trkpt lat="40.5931870" lon="-3.1245190">
    <ele>923.5</ele>
   </trkpt>
   <trkpt lat="40.5932210" lon="-3.1245500">
    <ele>923.7</ele>
   </trkpt>
   <trkpt lat="40.5932470" lon="-3.1245890">
    <ele>923.8</ele>
   </trkpt>
   <trkpt lat="40.5932730" lon="-3.1246310">
    <ele>924.0</ele>
   </trkpt>
   <trkpt lat="40.5933040" lon="-3.1246660">
    <ele>924.2</ele>
   </trkpt>
   <trkpt lat="40.5933320" lon="-3.1246850">
    <ele>924.4</ele>
   </trkpt>
   <trkpt lat="40.5933580" lon="-3.1247080">
    <ele>924.6</ele>
   </trkpt>
   <trkpt lat="40.5933880" lon="-3.1247340">
    <ele>924.8</ele>
   </trkpt>
   <trkpt lat="40.5933960" lon="-3.1247410">
    <ele>924.9</ele>
   </trkpt>
   <trkpt lat="40.5934090" lon="-3.1247560">
    <ele>925.0</ele>
   </trkpt>
   <trkpt lat="40.5934230" lon="-3.1247730">
    <ele>925.1</ele>
   </trkpt>
   <trkpt lat="40.5934340" lon="-3.1247940">
    <ele>925.2</ele>
   </trkpt>
   <trkpt lat="40.5934440" lon="-3.1248050">
    <ele>925.3</ele>
   </trkpt>
   <trkpt lat="40.5934570" lon="-3.1248180">
    <ele>925.4</ele>
   </trkpt>
   <trkpt lat="40.5934730" lon="-3.1248270">
    <ele>925.5</ele>
   </trkpt>
   <trkpt lat="40.5935090" lon="-3.1248380">
    <ele>925.7</ele>
   </trkpt>
   <trkpt lat="40.5935230" lon="-3.1248430">
    <ele>925.8</ele>
   </trkpt>
   <trkpt lat="40.5935510" lon="-3.1248530">
    <ele>926.0</ele>
   </trkpt>
   <trkpt lat="40.5935780" lon="-3.1248620">
    <ele>926.1</ele>
   </trkpt>
   <trkpt lat="40.5936140" lon="-3.1248790">
    <ele>926.2</ele>
   </trkpt>
   <trkpt lat="40.5936250" lon="-3.1248870">
    <ele>926.3</ele>
   </trkpt>
   <trkpt lat="40.5936470" lon="-3.1249080">
    <ele>926.4</ele>
   </trkpt>
   <trkpt lat="40.5936820" lon="-3.1249300">
    <ele>926.5</ele>
   </trkpt>
   <trkpt lat="40.5936940" lon="-3.1249350">
    <ele>926.6</ele>
   </trkpt>
   <trkpt lat="40.5937310" lon="-3.1249570">
    <ele>926.7</ele>
   </trkpt>
   <trkpt lat="40.5937430" lon="-3.1249670">
    <ele>926.7</ele>
   </trkpt>
   <trkpt lat="40.5937650" lon="-3.1249890">
    <ele>926.8</ele>
   </trkpt>
   <trkpt lat="40.5937880" lon="-3.1250110">
    <ele>926.9</ele>
   </trkpt>
   <trkpt lat="40.5938130" lon="-3.1250300">
    <ele>927.0</ele>
   </trkpt>
   <trkpt lat="40.5938410" lon="-3.1250460">
    <ele>927.1</ele>
   </trkpt>
   <trkpt lat="40.5938760" lon="-3.1250710">
    <ele>927.3</ele>
   </trkpt>
   <trkpt lat="40.5938900" lon="-3.1250780">
    <ele>927.3</ele>
   </trkpt>
   <trkpt lat="40.5939200" lon="-3.1250840">
    <ele>927.5</ele>
   </trkpt>
   <trkpt lat="40.5939510" lon="-3.1250900">
    <ele>927.6</ele>
   </trkpt>
   <trkpt lat="40.5939780" lon="-3.1250930">
    <ele>927.7</ele>
   </trkpt>
   <trkpt lat="40.5940080" lon="-3.1250930">
    <ele>927.9</ele>
   </trkpt>
   <trkpt lat="40.5940360" lon="-3.1250860">
    <ele>928.1</ele>
   </trkpt>
   <trkpt lat="40.5940740" lon="-3.1250800">
    <ele>928.3</ele>
   </trkpt>
   <trkpt lat="40.5940870" lon="-3.1250790">
    <ele>928.4</ele>
   </trkpt>
   <trkpt lat="40.5941040" lon="-3.1250760">
    <ele>928.5</ele>
   </trkpt>
   <trkpt lat="40.5941200" lon="-3.1250700">
    <ele>928.6</ele>
   </trkpt>
   <trkpt lat="40.5941570" lon="-3.1250740">
    <ele>928.9</ele>
   </trkpt>
   <trkpt lat="40.5941700" lon="-3.1250780">
    <ele>929.0</ele>
   </trkpt>
   <trkpt lat="40.5941960" lon="-3.1250870">
    <ele>929.2</ele>
   </trkpt>
   <trkpt lat="40.5942250" lon="-3.1251190">
    <ele>929.4</ele>
   </trkpt>
   <trkpt lat="40.5942310" lon="-3.1251330">
    <ele>929.5</ele>
   </trkpt>
   <trkpt lat="40.5942530" lon="-3.1251710">
    <ele>929.7</ele>
   </trkpt>
   <trkpt lat="40.5942610" lon="-3.1251840">
    <ele>929.8</ele>
   </trkpt>
   <trkpt lat="40.5942810" lon="-3.1252090">
    <ele>930.0</ele>
   </trkpt>
   <trkpt lat="40.5943110" lon="-3.1252410">
    <ele>930.2</ele>
   </trkpt>
   <trkpt lat="40.5943210" lon="-3.1252490">
    <ele>930.3</ele>
   </trkpt>
   <trkpt lat="40.5943510" lon="-3.1252710">
    <ele>930.5</ele>
   </trkpt>
   <trkpt lat="40.5943590" lon="-3.1252770">
    <ele>930.5</ele>
   </trkpt>
   <trkpt lat="40.5943910" lon="-3.1253050">
    <ele>930.7</ele>
   </trkpt>
   <trkpt lat="40.5944030" lon="-3.1253160">
    <ele>930.8</ele>
   </trkpt>
   <trkpt lat="40.5944270" lon="-3.1253350">
    <ele>931.0</ele>
   </trkpt>
   <trkpt lat="40.5944510" lon="-3.1253520">
    <ele>931.1</ele>
   </trkpt>
   <trkpt lat="40.5944840" lon="-3.1253780">
    <ele>931.4</ele>
   </trkpt>
   <trkpt lat="40.5944960" lon="-3.1253860">
    <ele>931.4</ele>
   </trkpt>
   <trkpt lat="40.5945200" lon="-3.1254050">
    <ele>931.6</ele>
   </trkpt>
   <trkpt lat="40.5945590" lon="-3.1254170">
    <ele>931.8</ele>
   </trkpt>
   <trkpt lat="40.5945730" lon="-3.1254170">
    <ele>931.9</ele>
   </trkpt>
   <trkpt lat="40.5946030" lon="-3.1254200">
    <ele>932.1</ele>
   </trkpt>
   <trkpt lat="40.5946390" lon="-3.1254410">
    <ele>932.3</ele>
   </trkpt>
   <trkpt lat="40.5946500" lon="-3.1254500">
    <ele>932.4</ele>
   </trkpt>
   <trkpt lat="40.5946790" lon="-3.1254790">
    <ele>932.5</ele>
   </trkpt>
   <trkpt lat="40.5946880" lon="-3.1254890">
    <ele>932.6</ele>
   </trkpt>
   <trkpt lat="40.5947210" lon="-3.1255140">
    <ele>932.8</ele>
   </trkpt>
   <trkpt lat="40.5947330" lon="-3.1255230">
    <ele>932.8</ele>
   </trkpt>
   <trkpt lat="40.5947560" lon="-3.1255450">
    <ele>932.9</ele>
   </trkpt>
   <trkpt lat="40.5947750" lon="-3.1255710">
    <ele>933.0</ele>
   </trkpt>
   <trkpt lat="40.5948070" lon="-3.1256000">
    <ele>933.2</ele>
   </trkpt>
   <trkpt lat="40.5948180" lon="-3.1256070">
    <ele>933.2</ele>
   </trkpt>
   <trkpt lat="40.5948560" lon="-3.1256170">
    <ele>933.3</ele>
   </trkpt>
   <trkpt lat="40.5948690" lon="-3.1256210">
    <ele>933.3</ele>
   </trkpt>
   <trkpt lat="40.5948990" lon="-3.1256340">
    <ele>933.4</ele>
   </trkpt>
   <trkpt lat="40.5949300" lon="-3.1256580">
    <ele>933.5</ele>
   </trkpt>
   <trkpt lat="40.5949540" lon="-3.1256880">
    <ele>933.6</ele>
   </trkpt>
   <trkpt lat="40.5949770" lon="-3.1257160">
    <ele>933.7</ele>
   </trkpt>
   <trkpt lat="40.5950040" lon="-3.1257420">
    <ele>933.7</ele>
   </trkpt>
   <trkpt lat="40.5950260" lon="-3.1257620">
    <ele>933.8</ele>
   </trkpt>
   <trkpt lat="40.5950520" lon="-3.1257870">
    <ele>933.8</ele>
   </trkpt>
   <trkpt lat="40.5950770" lon="-3.1258070">
    <ele>933.9</ele>
   </trkpt>
   <trkpt lat="40.5951010" lon="-3.1258250">
    <ele>933.9</ele>
   </trkpt>
   <trkpt lat="40.5951380" lon="-3.1258500">
    <ele>934.0</ele>
   </trkpt>
   <trkpt lat="40.5951510" lon="-3.1258610">
    <ele>934.0</ele>
   </trkpt>
   <trkpt lat="40.5951750" lon="-3.1258790">
    <ele>934.0</ele>
   </trkpt>
   <trkpt lat="40.5952040" lon="-3.1259130">
    <ele>934.0</ele>
   </trkpt>
   <trkpt lat="40.5952310" lon="-3.1259510">
    <ele>934.1</ele>
   </trkpt>
   <trkpt lat="40.5952610" lon="-3.1259850">
    <ele>934.1</ele>
   </trkpt>
   <trkpt lat="40.5952980" lon="-3.1260150">
    <ele>934.1</ele>
   </trkpt>
   <trkpt lat="40.5953360" lon="-3.1260340">
    <ele>934.1</ele>
   </trkpt>
   <trkpt lat="40.5953710" lon="-3.1260440">
    <ele>934.1</ele>
   </trkpt>
   <trkpt lat="40.5954060" lon="-3.1260520">
    <ele>934.1</ele>
   </trkpt>
   <trkpt lat="40.5954360" lon="-3.1260640">
    <ele>934.1</ele>
   </trkpt>
   <trkpt lat="40.5954680" lon="-3.1260770">
    <ele>934.1</ele>
   </trkpt>
   <trkpt lat="40.5955060" lon="-3.1261090">
    <ele>934.1</ele>
   </trkpt>
   <trkpt lat="40.5955360" lon="-3.1261430">
    <ele>934.1</ele>
   </trkpt>
   <trkpt lat="40.5955440" lon="-3.1261630">
    <ele>934.1</ele>
   </trkpt>
   <trkpt lat="40.5955640" lon="-3.1261970">
    <ele>934.1</ele>
   </trkpt>
   <trkpt lat="40.5955890" lon="-3.1262280">
    <ele>934.1</ele>
   </trkpt>
   <trkpt lat="40.5956170" lon="-3.1262680">
    <ele>934.1</ele>
   </trkpt>
   <trkpt lat="40.5956400" lon="-3.1263080">
    <ele>934.1</ele>
   </trkpt>
   <trkpt lat="40.5956740" lon="-3.1263430">
    <ele>934.2</ele>
   </trkpt>
   <trkpt lat="40.5957000" lon="-3.1263750">
    <ele>934.2</ele>
   </trkpt>
   <trkpt lat="40.5957330" lon="-3.1264050">
    <ele>934.2</ele>
   </trkpt>
   <trkpt lat="40.5957690" lon="-3.1264360">
    <ele>934.2</ele>
   </trkpt>
   <trkpt lat="40.5958060" lon="-3.1264600">
    <ele>934.3</ele>
   </trkpt>
   <trkpt lat="40.5958440" lon="-3.1264860">
    <ele>934.3</ele>
   </trkpt>
   <trkpt lat="40.5958780" lon="-3.1265070">
    <ele>934.3</ele>
   </trkpt>
   <trkpt lat="40.5959190" lon="-3.1265390">
    <ele>934.4</ele>
   </trkpt>
   <trkpt lat="40.5959640" lon="-3.1265690">
    <ele>934.4</ele>
   </trkpt>
   <trkpt lat="40.5960040" lon="-3.1265970">
    <ele>934.5</ele>
   </trkpt>
   <trkpt lat="40.5960440" lon="-3.1266290">
    <ele>934.6</ele>
   </trkpt>
   <trkpt lat="40.5960820" lon="-3.1266620">
    <ele>934.6</ele>
   </trkpt>
   <trkpt lat="40.5961170" lon="-3.1266910">
    <ele>934.7</ele>
   </trkpt>
   <trkpt lat="40.5961440" lon="-3.1267210">
    <ele>934.7</ele>
   </trkpt>
   <trkpt lat="40.5961740" lon="-3.1267430">
    <ele>934.8</ele>
   </trkpt>
   <trkpt lat="40.5962020" lon="-3.1267560">
    <ele>934.8</ele>
   </trkpt>
   <trkpt lat="40.5962350" lon="-3.1267800">
    <ele>934.9</ele>
   </trkpt>
   <trkpt lat="40.5962440" lon="-3.1267900">
    <ele>934.9</ele>
   </trkpt>
   <trkpt lat="40.5962680" lon="-3.1268110">
    <ele>934.9</ele>
   </trkpt>
   <trkpt lat="40.5962950" lon="-3.1268350">
    <ele>935.0</ele>
   </trkpt>
   <trkpt lat="40.5963240" lon="-3.1268580">
    <ele>935.0</ele>
   </trkpt>
   <trkpt lat="40.5963560" lon="-3.1268820">
    <ele>935.1</ele>
   </trkpt>
   <trkpt lat="40.5963870" lon="-3.1269010">
    <ele>935.1</ele>
   </trkpt>
   <trkpt lat="40.5964220" lon="-3.1269020">
    <ele>935.2</ele>
   </trkpt>
   <trkpt lat="40.5964300" lon="-3.1269070">
    <ele>935.2</ele>
   </trkpt>
   <trkpt lat="40.5964620" lon="-3.1269280">
    <ele>935.2</ele>
   </trkpt>
   <trkpt lat="40.5964740" lon="-3.1269350">
    <ele>935.2</ele>
   </trkpt>
   <trkpt lat="40.5965000" lon="-3.1269450">
    <ele>935.3</ele>
   </trkpt>
   <trkpt lat="40.5965180" lon="-3.1269740">
    <ele>935.3</ele>
   </trkpt>
   <trkpt lat="40.5965300" lon="-3.1270210">
    <ele>935.4</ele>
   </trkpt>
   <trkpt lat="40.5965340" lon="-3.1270370">
    <ele>935.4</ele>
   </trkpt>
   <trkpt lat="40.5965490" lon="-3.1270810">
    <ele>935.4</ele>
   </trkpt>
   <trkpt lat="40.5965580" lon="-3.1270950">
    <ele>935.4</ele>
   </trkpt>
   <trkpt lat="40.5965860" lon="-3.1271180">
    <ele>935.5</ele>
   </trkpt>
   <trkpt lat="40.5966160" lon="-3.1271480">
    <ele>935.5</ele>
   </trkpt>
   <trkpt lat="40.5966450" lon="-3.1271750">
    <ele>935.6</ele>
   </trkpt>
   <trkpt lat="40.5966800" lon="-3.1272030">
    <ele>935.6</ele>
   </trkpt>
   <trkpt lat="40.5967170" lon="-3.1272220">
    <ele>935.6</ele>
   </trkpt>
   <trkpt lat="40.5967310" lon="-3.1272290">
    <ele>935.6</ele>
   </trkpt>
   <trkpt lat="40.5967700" lon="-3.1272580">
    <ele>935.7</ele>
   </trkpt>
   <trkpt lat="40.5968150" lon="-3.1272850">
    <ele>935.7</ele>
   </trkpt>
   <trkpt lat="40.5968490" lon="-3.1273170">
    <ele>935.7</ele>
   </trkpt>
   <trkpt lat="40.5968900" lon="-3.1273280">
    <ele>935.7</ele>
   </trkpt>
   <trkpt lat="40.5969300" lon="-3.1273460">
    <ele>935.7</ele>
   </trkpt>
   <trkpt lat="40.5969650" lon="-3.1273580">
    <ele>935.7</ele>
   </trkpt>
   <trkpt lat="40.5970010" lon="-3.1273730">
    <ele>935.7</ele>
   </trkpt>
   <trkpt lat="40.5970360" lon="-3.1273920">
    <ele>935.7</ele>
   </trkpt>
   <trkpt lat="40.5970650" lon="-3.1274210">
    <ele>935.7</ele>
   </trkpt>
   <trkpt lat="40.5971050" lon="-3.1274510">
    <ele>935.7</ele>
   </trkpt>
   <trkpt lat="40.5971360" lon="-3.1274720">
    <ele>935.6</ele>
   </trkpt>
   <trkpt lat="40.5971690" lon="-3.1275000">
    <ele>935.6</ele>
   </trkpt>
   <trkpt lat="40.5971970" lon="-3.1275260">
    <ele>935.5</ele>
   </trkpt>
   <trkpt lat="40.5972310" lon="-3.1275610">
    <ele>935.4</ele>
   </trkpt>
   <trkpt lat="40.5972650" lon="-3.1275960">
    <ele>935.3</ele>
   </trkpt>
   <trkpt lat="40.5973010" lon="-3.1276380">
    <ele>935.2</ele>
   </trkpt>
   <trkpt lat="40.5973270" lon="-3.1276770">
    <ele>935.2</ele>
   </trkpt>
   <trkpt lat="40.5973570" lon="-3.1277170">
    <ele>935.1</ele>
   </trkpt>
   <trkpt lat="40.5973960" lon="-3.1277560">
    <ele>935.0</ele>
   </trkpt>
   <trkpt lat="40.5974350" lon="-3.1278010">
    <ele>934.9</ele>
   </trkpt>
   <trkpt lat="40.5974700" lon="-3.1278470">
    <ele>934.9</ele>
   </trkpt>
   <trkpt lat="40.5975060" lon="-3.1279040">
    <ele>934.8</ele>
   </trkpt>
   <trkpt lat="40.5975400" lon="-3.1279470">
    <ele>934.7</ele>
   </trkpt>
   <trkpt lat="40.5975740" lon="-3.1280050">
    <ele>934.6</ele>
   </trkpt>
   <trkpt lat="40.5976070" lon="-3.1280530">
    <ele>934.4</ele>
   </trkpt>
   <trkpt lat="40.5976210" lon="-3.1280930">
    <ele>934.3</ele>
   </trkpt>
   <trkpt lat="40.5976470" lon="-3.1281420">
    <ele>934.2</ele>
   </trkpt>
   <trkpt lat="40.5976750" lon="-3.1282030">
    <ele>934.0</ele>
   </trkpt>
   <trkpt lat="40.5977040" lon="-3.1282700">
    <ele>933.8</ele>
   </trkpt>
   <trkpt lat="40.5977280" lon="-3.1283230">
    <ele>933.6</ele>
   </trkpt>
   <trkpt lat="40.5977690" lon="-3.1283760">
    <ele>933.4</ele>
   </trkpt>
   <trkpt lat="40.5978170" lon="-3.1284150">
    <ele>933.2</ele>
   </trkpt>
   <trkpt lat="40.5978680" lon="-3.1284530">
    <ele>933.0</ele>
   </trkpt>
   <trkpt lat="40.5979100" lon="-3.1284950">
    <ele>932.9</ele>
   </trkpt>
   <trkpt lat="40.5979530" lon="-3.1285450">
    <ele>932.7</ele>
   </trkpt>
   <trkpt lat="40.5979970" lon="-3.1285980">
    <ele>932.6</ele>
   </trkpt>
   <trkpt lat="40.5980400" lon="-3.1286540">
    <ele>932.6</ele>
   </trkpt>
   <trkpt lat="40.5980810" lon="-3.1287170">
    <ele>932.5</ele>
   </trkpt>
   <trkpt lat="40.5981180" lon="-3.1287870">
    <ele>932.4</ele>
   </trkpt>
   <trkpt lat="40.5981550" lon="-3.1288500">
    <ele>932.4</ele>
   </trkpt>
   <trkpt lat="40.5981900" lon="-3.1289240">
    <ele>932.4</ele>
   </trkpt>
   <trkpt lat="40.5982180" lon="-3.1289950">
    <ele>932.3</ele>
   </trkpt>
   <trkpt lat="40.5982410" lon="-3.1290710">
    <ele>932.3</ele>
   </trkpt>
   <trkpt lat="40.5982580" lon="-3.1291540">
    <ele>932.3</ele>
   </trkpt>
   <trkpt lat="40.5982800" lon="-3.1292320">
    <ele>932.3</ele>
   </trkpt>
   <trkpt lat="40.5982980" lon="-3.1293140">
    <ele>932.2</ele>
   </trkpt>
   <trkpt lat="40.5983210" lon="-3.1293930">
    <ele>932.2</ele>
   </trkpt>
   <trkpt lat="40.5983430" lon="-3.1294720">
    <ele>932.2</ele>
   </trkpt>
   <trkpt lat="40.5983620" lon="-3.1295480">
    <ele>932.2</ele>
   </trkpt>
   <trkpt lat="40.5983830" lon="-3.1296230">
    <ele>932.2</ele>
   </trkpt>
   <trkpt lat="40.5984030" lon="-3.1297000">
    <ele>932.2</ele>
   </trkpt>
   <trkpt lat="40.5984280" lon="-3.1297770">
    <ele>932.2</ele>
   </trkpt>
   <trkpt lat="40.5984460" lon="-3.1298460">
    <ele>932.2</ele>
   </trkpt>
   <trkpt lat="40.5984670" lon="-3.1299180">
    <ele>932.2</ele>
   </trkpt>
   <trkpt lat="40.5984920" lon="-3.1299890">
    <ele>932.2</ele>
   </trkpt>
   <trkpt lat="40.5985150" lon="-3.1300710">
    <ele>932.2</ele>
   </trkpt>
   <trkpt lat="40.5985360" lon="-3.1301490">
    <ele>932.2</ele>
   </trkpt>
   <trkpt lat="40.5985530" lon="-3.1302220">
    <ele>932.2</ele>
   </trkpt>
   <trkpt lat="40.5985720" lon="-3.1303010">
    <ele>932.2</ele>
   </trkpt>
   <trkpt lat="40.5985940" lon="-3.1303810">
    <ele>932.2</ele>
   </trkpt>
   <trkpt lat="40.5986150" lon="-3.1304580">
    <ele>932.2</ele>
   </trkpt>
   <trkpt lat="40.5986330" lon="-3.1305320">
    <ele>932.2</ele>
   </trkpt>
   <trkpt lat="40.5986510" lon="-3.1306060">
    <ele>932.2</ele>
   </trkpt>
   <trkpt lat="40.5986720" lon="-3.1306880">
    <ele>932.2</ele>
   </trkpt>
   <trkpt lat="40.5986900" lon="-3.1307600">
    <ele>932.2</ele>
   </trkpt>
   <trkpt lat="40.5987080" lon="-3.1308330">
    <ele>932.2</ele>
   </trkpt>
   <trkpt lat="40.5987290" lon="-3.1309060">
    <ele>932.2</ele>
   </trkpt>
   <trkpt lat="40.5987490" lon="-3.1309830">
    <ele>932.2</ele>
   </trkpt>
   <trkpt lat="40.5987660" lon="-3.1310510">
    <ele>932.3</ele>
   </trkpt>
   <trkpt lat="40.5987920" lon="-3.1311220">
    <ele>932.3</ele>
   </trkpt>
   <trkpt lat="40.5988120" lon="-3.1311890">
    <ele>932.3</ele>
   </trkpt>
   <trkpt lat="40.5988330" lon="-3.1312530">
    <ele>932.4</ele>
   </trkpt>
   <trkpt lat="40.5988540" lon="-3.1313180">
    <ele>932.5</ele>
   </trkpt>
   <trkpt lat="40.5988700" lon="-3.1313860">
    <ele>932.5</ele>
   </trkpt>
   <trkpt lat="40.5988920" lon="-3.1314460">
    <ele>932.6</ele>
   </trkpt>
   <trkpt lat="40.5989120" lon="-3.1315140">
    <ele>932.7</ele>
   </trkpt>
   <trkpt lat="40.5989290" lon="-3.1315780">
    <ele>932.7</ele>
   </trkpt>
   <trkpt lat="40.5989450" lon="-3.1316470">
    <ele>932.8</ele>
   </trkpt>
   <trkpt lat="40.5989590" lon="-3.1317190">
    <ele>933.0</ele>
   </trkpt>
   <trkpt lat="40.5989690" lon="-3.1317870">
    <ele>933.1</ele>
   </trkpt>
   <trkpt lat="40.5989750" lon="-3.1318560">
    <ele>933.2</ele>
   </trkpt>
   <trkpt lat="40.5989880" lon="-3.1319260">
    <ele>933.4</ele>
   </trkpt>
   <trkpt lat="40.5990010" lon="-3.1319910">
    <ele>933.6</ele>
   </trkpt>
   <trkpt lat="40.5990200" lon="-3.1320490">
    <ele>933.7</ele>
   </trkpt>
   <trkpt lat="40.5990470" lon="-3.1320940">
    <ele>933.9</ele>
   </trkpt>
   <trkpt lat="40.5990750" lon="-3.1321280">
    <ele>934.0</ele>
   </trkpt>
   <trkpt lat="40.5990960" lon="-3.1321630">
    <ele>934.2</ele>
   </trkpt>
   <trkpt lat="40.5991140" lon="-3.1322010">
    <ele>934.3</ele>
   </trkpt>
   <trkpt lat="40.5991320" lon="-3.1322380">
    <ele>934.4</ele>
   </trkpt>
   <trkpt lat="40.5991500" lon="-3.1322760">
    <ele>934.6</ele>
   </trkpt>
   <trkpt lat="40.5991670" lon="-3.1323110">
    <ele>934.7</ele>
   </trkpt>
   <trkpt lat="40.5991840" lon="-3.1323470">
    <ele>934.8</ele>
   </trkpt>
   <trkpt lat="40.5991990" lon="-3.1323850">
    <ele>934.9</ele>
   </trkpt>
   <trkpt lat="40.5992170" lon="-3.1324260">
    <ele>934.9</ele>
   </trkpt>
   <trkpt lat="40.5992330" lon="-3.1324630">
    <ele>935.0</ele>
   </trkpt>
   <trkpt lat="40.5992470" lon="-3.1325040">
    <ele>935.1</ele>
   </trkpt>
   <trkpt lat="40.5992610" lon="-3.1325430">
    <ele>935.2</ele>
   </trkpt>
   <trkpt lat="40.5992810" lon="-3.1325820">
    <ele>935.3</ele>
   </trkpt>
   <trkpt lat="40.5992980" lon="-3.1326250">
    <ele>935.3</ele>
   </trkpt>
   <trkpt lat="40.5993170" lon="-3.1326690">
    <ele>935.4</ele>
   </trkpt>
   <trkpt lat="40.5993380" lon="-3.1327050">
    <ele>935.5</ele>
   </trkpt>
   <trkpt lat="40.5993580" lon="-3.1327450">
    <ele>935.6</ele>
   </trkpt>
   <trkpt lat="40.5993770" lon="-3.1327800">
    <ele>935.6</ele>
   </trkpt>
   <trkpt lat="40.5993960" lon="-3.1328190">
    <ele>935.7</ele>
   </trkpt>
   <trkpt lat="40.5994120" lon="-3.1328640">
    <ele>935.8</ele>
   </trkpt>
   <trkpt lat="40.5994340" lon="-3.1329130">
    <ele>935.9</ele>
   </trkpt>
   <trkpt lat="40.5994550" lon="-3.1329570">
    <ele>936.0</ele>
   </trkpt>
   <trkpt lat="40.5994770" lon="-3.1330050">
    <ele>936.1</ele>
   </trkpt>
   <trkpt lat="40.5994870" lon="-3.1330610">
    <ele>936.2</ele>
   </trkpt>
   <trkpt lat="40.5994980" lon="-3.1331080">
    <ele>936.3</ele>
   </trkpt>
   <trkpt lat="40.5995100" lon="-3.1331550">
    <ele>936.4</ele>
   </trkpt>
   <trkpt lat="40.5995220" lon="-3.1332010">
    <ele>936.4</ele>
   </trkpt>
   <trkpt lat="40.5995350" lon="-3.1332470">
    <ele>936.5</ele>
   </trkpt>
   <trkpt lat="40.5995510" lon="-3.1332860">
    <ele>936.6</ele>
   </trkpt>
   <trkpt lat="40.5995660" lon="-3.1333350">
    <ele>936.7</ele>
   </trkpt>
   <trkpt lat="40.5995780" lon="-3.1333820">
    <ele>936.8</ele>
   </trkpt>
   <trkpt lat="40.5995910" lon="-3.1334220">
    <ele>936.9</ele>
   </trkpt>
   <trkpt lat="40.5996040" lon="-3.1334680">
    <ele>936.9</ele>
   </trkpt>
   <trkpt lat="40.5996220" lon="-3.1335130">
    <ele>937.0</ele>
   </trkpt>
   <trkpt lat="40.5996380" lon="-3.1335550">
    <ele>937.1</ele>
   </trkpt>
   <trkpt lat="40.5996540" lon="-3.1336000">
    <ele>937.2</ele>
   </trkpt>
   <trkpt lat="40.5996680" lon="-3.1336460">
    <ele>937.3</ele>
   </trkpt>
   <trkpt lat="40.5996820" lon="-3.1336940">
    <ele>937.4</ele>
   </trkpt>
   <trkpt lat="40.5997010" lon="-3.1337340">
    <ele>937.5</ele>
   </trkpt>
   <trkpt lat="40.5997180" lon="-3.1337790">
    <ele>937.6</ele>
   </trkpt>
   <trkpt lat="40.5997370" lon="-3.1338240">
    <ele>937.7</ele>
   </trkpt>
   <trkpt lat="40.5997560" lon="-3.1338670">
    <ele>937.8</ele>
   </trkpt>
   <trkpt lat="40.5997750" lon="-3.1339080">
    <ele>937.9</ele>
   </trkpt>
   <trkpt lat="40.5997990" lon="-3.1339530">
    <ele>938.1</ele>
   </trkpt>
   <trkpt lat="40.5998190" lon="-3.1340000">
    <ele>938.2</ele>
   </trkpt>
   <trkpt lat="40.5998410" lon="-3.1340440">
    <ele>938.3</ele>
   </trkpt>
   <trkpt lat="40.5998660" lon="-3.1340870">
    <ele>938.5</ele>
   </trkpt>
   <trkpt lat="40.5998880" lon="-3.1341220">
    <ele>938.6</ele>
   </trkpt>
   <trkpt lat="40.5999020" lon="-3.1341590">
    <ele>938.7</ele>
   </trkpt>
   <trkpt lat="40.5999140" lon="-3.1342000">
    <ele>938.8</ele>
   </trkpt>
   <trkpt lat="40.5999300" lon="-3.1342450">
    <ele>939.0</ele>
   </trkpt>
   <trkpt lat="40.5999500" lon="-3.1342870">
    <ele>939.1</ele>
   </trkpt>
   <trkpt lat="40.5999670" lon="-3.1343360">
    <ele>939.3</ele>
   </trkpt>
   <trkpt lat="40.5999840" lon="-3.1343780">
    <ele>939.4</ele>
   </trkpt>
   <trkpt lat="40.6000000" lon="-3.1344210">
    <ele>939.5</ele>
   </trkpt>
   <trkpt lat="40.6000180" lon="-3.1344610">
    <ele>939.6</ele>
   </trkpt>
   <trkpt lat="40.6000390" lon="-3.1345020">
    <ele>939.7</ele>
   </trkpt>
   <trkpt lat="40.6000610" lon="-3.1345420">
    <ele>939.8</ele>
   </trkpt>
   <trkpt lat="40.6000810" lon="-3.1345760">
    <ele>939.9</ele>
   </trkpt>
   <trkpt lat="40.6001030" lon="-3.1346180">
    <ele>939.9</ele>
   </trkpt>
   <trkpt lat="40.6001270" lon="-3.1346530">
    <ele>940.0</ele>
   </trkpt>
   <trkpt lat="40.6001520" lon="-3.1346820">
    <ele>940.0</ele>
   </trkpt>
   <trkpt lat="40.6001740" lon="-3.1347130">
    <ele>940.1</ele>
   </trkpt>
   <trkpt lat="40.6001960" lon="-3.1347540">
    <ele>940.1</ele>
   </trkpt>
   <trkpt lat="40.6002180" lon="-3.1347940">
    <ele>940.1</ele>
   </trkpt>
   <trkpt lat="40.6002370" lon="-3.1348300">
    <ele>940.1</ele>
   </trkpt>
   <trkpt lat="40.6002570" lon="-3.1348700">
    <ele>940.1</ele>
   </trkpt>
   <trkpt lat="40.6002720" lon="-3.1349140">
    <ele>940.1</ele>
   </trkpt>
   <trkpt lat="40.6002940" lon="-3.1349650">
    <ele>940.0</ele>
   </trkpt>
   <trkpt lat="40.6003100" lon="-3.1350110">
    <ele>940.0</ele>
   </trkpt>
   <trkpt lat="40.6003340" lon="-3.1350530">
    <ele>940.0</ele>
   </trkpt>
   <trkpt lat="40.6003670" lon="-3.1350910">
    <ele>939.9</ele>
   </trkpt>
   <trkpt lat="40.6004030" lon="-3.1351210">
    <ele>939.9</ele>
   </trkpt>
   <trkpt lat="40.6004390" lon="-3.1351520">
    <ele>939.9</ele>
   </trkpt>
   <trkpt lat="40.6004740" lon="-3.1351840">
    <ele>939.9</ele>
   </trkpt>
   <trkpt lat="40.6004950" lon="-3.1352220">
    <ele>939.9</ele>
   </trkpt>
   <trkpt lat="40.6005150" lon="-3.1352630">
    <ele>939.9</ele>
   </trkpt>
   <trkpt lat="40.6005260" lon="-3.1352830">
    <ele>939.9</ele>
   </trkpt>
   <trkpt lat="40.6005290" lon="-3.1352860">
    <ele>939.9</ele>
   </trkpt>
   <trkpt lat="40.6005300" lon="-3.1352840">
    <ele>939.9</ele>
   </trkpt>
   <trkpt lat="40.6005290" lon="-3.1352820">
    <ele>939.9</ele>
   </trkpt>
   <trkpt lat="40.6005330" lon="-3.1352860">
    <ele>939.9</ele>
   </trkpt>
   <trkpt lat="40.6005420" lon="-3.1352820">
    <ele>939.9</ele>
   </trkpt>
   <trkpt lat="40.6005420" lon="-3.1352810">
    <ele>939.9</ele>
   </trkpt>
   <trkpt lat="40.6005420" lon="-3.1352820">
    <ele>939.9</ele>
   </trkpt>
   <trkpt lat="40.6005420" lon="-3.1352820">
    <ele>939.9</ele>
   </trkpt>
   <trkpt lat="40.6005420" lon="-3.1352820">
    <ele>939.9</ele>
   </trkpt>
   <trkpt lat="40.6005420" lon="-3.1352820">
    <ele>939.9</ele>
   </trkpt>
   <trkpt lat="40.6005420" lon="-3.1352820">
    <ele>939.9</ele>
   </trkpt>
   <trkpt lat="40.6005420" lon="-3.1352820">
    <ele>939.9</ele>
   </trkpt>
   <trkpt lat="40.6005420" lon="-3.1352820">
    <ele>939.9</ele>
   </trkpt>
   <trkpt lat="40.6005420" lon="-3.1352820">
    <ele>939.9</ele>
   </trkpt>
   <trkpt lat="40.6005680" lon="-3.1352940">
    <ele>939.9</ele>
   </trkpt>
   <trkpt lat="40.6005890" lon="-3.1353170">
    <ele>939.9</ele>
   </trkpt>
   <trkpt lat="40.6006090" lon="-3.1353500">
    <ele>939.9</ele>
   </trkpt>
   <trkpt lat="40.6006280" lon="-3.1353820">
    <ele>940.0</ele>
   </trkpt>
   <trkpt lat="40.6006510" lon="-3.1354200">
    <ele>939.9</ele>
   </trkpt>
   <trkpt lat="40.6006740" lon="-3.1354490">
    <ele>939.9</ele>
   </trkpt>
   <trkpt lat="40.6007080" lon="-3.1354760">
    <ele>939.8</ele>
   </trkpt>
   <trkpt lat="40.6007380" lon="-3.1355100">
    <ele>939.8</ele>
   </trkpt>
   <trkpt lat="40.6007720" lon="-3.1355470">
    <ele>939.7</ele>
   </trkpt>
   <trkpt lat="40.6008010" lon="-3.1355830">
    <ele>939.7</ele>
   </trkpt>
   <trkpt lat="40.6008360" lon="-3.1356120">
    <ele>939.7</ele>
   </trkpt>
   <trkpt lat="40.6008720" lon="-3.1356330">
    <ele>939.7</ele>
   </trkpt>
   <trkpt lat="40.6009100" lon="-3.1356600">
    <ele>939.6</ele>
   </trkpt>
   <trkpt lat="40.6009500" lon="-3.1356920">
    <ele>939.6</ele>
   </trkpt>
   <trkpt lat="40.6009900" lon="-3.1357280">
    <ele>939.5</ele>
   </trkpt>
   <trkpt lat="40.6010280" lon="-3.1357620">
    <ele>939.5</ele>
   </trkpt>
   <trkpt lat="40.6010680" lon="-3.1358000">
    <ele>939.4</ele>
   </trkpt>
   <trkpt lat="40.6011050" lon="-3.1358320">
    <ele>939.4</ele>
   </trkpt>
   <trkpt lat="40.6011430" lon="-3.1358650">
    <ele>939.4</ele>
   </trkpt>
   <trkpt lat="40.6011840" lon="-3.1359010">
    <ele>939.3</ele>
   </trkpt>
   <trkpt lat="40.6012220" lon="-3.1359390">
    <ele>939.3</ele>
   </trkpt>
   <trkpt lat="40.6012650" lon="-3.1359710">
    <ele>939.3</ele>
   </trkpt>
   <trkpt lat="40.6013100" lon="-3.1360010">
    <ele>939.3</ele>
   </trkpt>
   <trkpt lat="40.6013600" lon="-3.1360280">
    <ele>939.3</ele>
   </trkpt>
   <trkpt lat="40.6014110" lon="-3.1360480">
    <ele>939.3</ele>
   </trkpt>
   <trkpt lat="40.6014580" lon="-3.1360730">
    <ele>939.3</ele>
   </trkpt>
   <trkpt lat="40.6015040" lon="-3.1361050">
    <ele>939.2</ele>
   </trkpt>
   <trkpt lat="40.6015470" lon="-3.1361430">
    <ele>939.2</ele>
   </trkpt>
   <trkpt lat="40.6015860" lon="-3.1361840">
    <ele>939.2</ele>
   </trkpt>
   <trkpt lat="40.6016230" lon="-3.1362210">
    <ele>939.1</ele>
   </trkpt>
   <trkpt lat="40.6016550" lon="-3.1362550">
    <ele>939.1</ele>
   </trkpt>
   <trkpt lat="40.6016830" lon="-3.1362860">
    <ele>939.1</ele>
   </trkpt>
   <trkpt lat="40.6017180" lon="-3.1363200">
    <ele>939.1</ele>
   </trkpt>
   <trkpt lat="40.6017550" lon="-3.1363550">
    <ele>939.1</ele>
   </trkpt>
   <trkpt lat="40.6017950" lon="-3.1363890">
    <ele>939.2</ele>
   </trkpt>
   <trkpt lat="40.6018330" lon="-3.1364220">
    <ele>939.2</ele>
   </trkpt>
   <trkpt lat="40.6018770" lon="-3.1364430">
    <ele>939.2</ele>
   </trkpt>
   <trkpt lat="40.6019200" lon="-3.1364630">
    <ele>939.2</ele>
   </trkpt>
   <trkpt lat="40.6019660" lon="-3.1364890">
    <ele>939.2</ele>
   </trkpt>
   <trkpt lat="40.6020080" lon="-3.1365140">
    <ele>939.2</ele>
   </trkpt>
   <trkpt lat="40.6020430" lon="-3.1365450">
    <ele>939.2</ele>
   </trkpt>
   <trkpt lat="40.6020770" lon="-3.1365770">
    <ele>939.1</ele>
   </trkpt>
   <trkpt lat="40.6021070" lon="-3.1365930">
    <ele>939.1</ele>
   </trkpt>
   <trkpt lat="40.6021360" lon="-3.1366150">
    <ele>939.1</ele>
   </trkpt>
   <trkpt lat="40.6021690" lon="-3.1366250">
    <ele>939.0</ele>
   </trkpt>
   <trkpt lat="40.6021790" lon="-3.1366270">
    <ele>939.0</ele>
   </trkpt>
   <trkpt lat="40.6021830" lon="-3.1366300">
    <ele>939.0</ele>
   </trkpt>
   <trkpt lat="40.6021820" lon="-3.1366310">
    <ele>939.0</ele>
   </trkpt>
   <trkpt lat="40.6021810" lon="-3.1366290">
    <ele>939.0</ele>
   </trkpt>
   <trkpt lat="40.6021810" lon="-3.1366320">
    <ele>939.0</ele>
   </trkpt>
   <trkpt lat="40.6021800" lon="-3.1366050">
    <ele>939.0</ele>
   </trkpt>
   <trkpt lat="40.6021890" lon="-3.1365990">
    <ele>939.0</ele>
   </trkpt>
   <trkpt lat="40.6021880" lon="-3.1365970">
    <ele>939.0</ele>
   </trkpt>
   <trkpt lat="40.6021880" lon="-3.1365970">
    <ele>939.0</ele>
   </trkpt>
   <trkpt lat="40.6021870" lon="-3.1365880">
    <ele>939.0</ele>
   </trkpt>
   <trkpt lat="40.6021920" lon="-3.1365770">
    <ele>938.9</ele>
   </trkpt>
   <trkpt lat="40.6021950" lon="-3.1365800">
    <ele>938.9</ele>
   </trkpt>
   <trkpt lat="40.6022010" lon="-3.1365800">
    <ele>938.9</ele>
   </trkpt>
   <trkpt lat="40.6022180" lon="-3.1365740">
    <ele>938.8</ele>
   </trkpt>
   <trkpt lat="40.6022460" lon="-3.1365750">
    <ele>938.8</ele>
   </trkpt>
   <trkpt lat="40.6022750" lon="-3.1365790">
    <ele>938.7</ele>
   </trkpt>
   <trkpt lat="40.6022840" lon="-3.1365830">
    <ele>938.7</ele>
   </trkpt>
   <trkpt lat="40.6023110" lon="-3.1365980">
    <ele>938.6</ele>
   </trkpt>
   <trkpt lat="40.6023430" lon="-3.1366090">
    <ele>938.5</ele>
   </trkpt>
   <trkpt lat="40.6023790" lon="-3.1366270">
    <ele>938.3</ele>
   </trkpt>
   <trkpt lat="40.6024060" lon="-3.1366420">
    <ele>938.2</ele>
   </trkpt>
   <trkpt lat="40.6024380" lon="-3.1366600">
    <ele>938.1</ele>
   </trkpt>
   <trkpt lat="40.6024720" lon="-3.1366800">
    <ele>938.0</ele>
   </trkpt>
   <trkpt lat="40.6025070" lon="-3.1367020">
    <ele>937.8</ele>
   </trkpt>
   <trkpt lat="40.6025350" lon="-3.1367200">
    <ele>937.7</ele>
   </trkpt>
   <trkpt lat="40.6025700" lon="-3.1367370">
    <ele>937.5</ele>
   </trkpt>
   <trkpt lat="40.6026080" lon="-3.1367600">
    <ele>937.3</ele>
   </trkpt>
   <trkpt lat="40.6026490" lon="-3.1367980">
    <ele>937.1</ele>
   </trkpt>
   <trkpt lat="40.6026820" lon="-3.1368370">
    <ele>936.9</ele>
   </trkpt>
   <trkpt lat="40.6027150" lon="-3.1368650">
    <ele>936.7</ele>
   </trkpt>
   <trkpt lat="40.6027550" lon="-3.1368960">
    <ele>936.4</ele>
   </trkpt>
   <trkpt lat="40.6027910" lon="-3.1369150">
    <ele>936.2</ele>
   </trkpt>
   <trkpt lat="40.6028170" lon="-3.1369300">
    <ele>936.0</ele>
   </trkpt>
   <trkpt lat="40.6028580" lon="-3.1369370">
    <ele>935.7</ele>
   </trkpt>
   <trkpt lat="40.6028740" lon="-3.1369350">
    <ele>935.6</ele>
   </trkpt>
   <trkpt lat="40.6029090" lon="-3.1369280">
    <ele>935.4</ele>
   </trkpt>
   <trkpt lat="40.6029430" lon="-3.1369350">
    <ele>935.2</ele>
   </trkpt>
   <trkpt lat="40.6029810" lon="-3.1369540">
    <ele>934.9</ele>
   </trkpt>
   <trkpt lat="40.6030210" lon="-3.1369680">
    <ele>934.7</ele>
   </trkpt>
   <trkpt lat="40.6030510" lon="-3.1369760">
    <ele>934.5</ele>
   </trkpt>
   <trkpt lat="40.6030860" lon="-3.1369930">
    <ele>934.3</ele>
   </trkpt>
   <trkpt lat="40.6031270" lon="-3.1370140">
    <ele>934.0</ele>
   </trkpt>
   <trkpt lat="40.6031700" lon="-3.1370360">
    <ele>933.8</ele>
   </trkpt>
   <trkpt lat="40.6032130" lon="-3.1370630">
    <ele>933.5</ele>
   </trkpt>
   <trkpt lat="40.6032440" lon="-3.1370920">
    <ele>933.3</ele>
   </trkpt>
   <trkpt lat="40.6032800" lon="-3.1371290">
    <ele>933.1</ele>
   </trkpt>
   <trkpt lat="40.6033040" lon="-3.1371620">
    <ele>932.9</ele>
   </trkpt>
   <trkpt lat="40.6033320" lon="-3.1371920">
    <ele>932.8</ele>
   </trkpt>
   <trkpt lat="40.6033610" lon="-3.1372270">
    <ele>932.6</ele>
   </trkpt>
   <trkpt lat="40.6034000" lon="-3.1372670">
    <ele>932.4</ele>
   </trkpt>
   <trkpt lat="40.6034390" lon="-3.1373080">
    <ele>932.2</ele>
   </trkpt>
   <trkpt lat="40.6034790" lon="-3.1373470">
    <ele>932.0</ele>
   </trkpt>
   <trkpt lat="40.6035190" lon="-3.1373790">
    <ele>931.7</ele>
   </trkpt>
   <trkpt lat="40.6035640" lon="-3.1374090">
    <ele>931.5</ele>
   </trkpt>
   <trkpt lat="40.6036060" lon="-3.1374370">
    <ele>931.3</ele>
   </trkpt>
   <trkpt lat="40.6036490" lon="-3.1374490">
    <ele>931.0</ele>
   </trkpt>
   <trkpt lat="40.6036950" lon="-3.1374520">
    <ele>930.7</ele>
   </trkpt>
   <trkpt lat="40.6037330" lon="-3.1374440">
    <ele>930.5</ele>
   </trkpt>
   <trkpt lat="40.6037750" lon="-3.1374320">
    <ele>930.3</ele>
   </trkpt>
   <trkpt lat="40.6038170" lon="-3.1374230">
    <ele>930.0</ele>
   </trkpt>
   <trkpt lat="40.6038610" lon="-3.1374140">
    <ele>929.7</ele>
   </trkpt>
   <trkpt lat="40.6039060" lon="-3.1373980">
    <ele>929.4</ele>
   </trkpt>
   <trkpt lat="40.6039510" lon="-3.1373800">
    <ele>929.2</ele>
   </trkpt>
   <trkpt lat="40.6040010" lon="-3.1373710">
    <ele>929.0</ele>
   </trkpt>
   <trkpt lat="40.6040490" lon="-3.1373520">
    <ele>928.7</ele>
   </trkpt>
   <trkpt lat="40.6040960" lon="-3.1373300">
    <ele>928.5</ele>
   </trkpt>
   <trkpt lat="40.6041400" lon="-3.1372960">
    <ele>928.4</ele>
   </trkpt>
   <trkpt lat="40.6041780" lon="-3.1372500">
    <ele>928.2</ele>
   </trkpt>
   <trkpt lat="40.6042100" lon="-3.1371950">
    <ele>928.0</ele>
   </trkpt>
   <trkpt lat="40.6042400" lon="-3.1371370">
    <ele>927.9</ele>
   </trkpt>
   <trkpt lat="40.6042730" lon="-3.1370800">
    <ele>927.8</ele>
   </trkpt>
   <trkpt lat="40.6043070" lon="-3.1370220">
    <ele>927.6</ele>
   </trkpt>
   <trkpt lat="40.6043440" lon="-3.1369580">
    <ele>927.5</ele>
   </trkpt>
   <trkpt lat="40.6043760" lon="-3.1368870">
    <ele>927.3</ele>
   </trkpt>
   <trkpt lat="40.6044120" lon="-3.1368210">
    <ele>927.2</ele>
   </trkpt>
   <trkpt lat="40.6044540" lon="-3.1367570">
    <ele>927.0</ele>
   </trkpt>
   <trkpt lat="40.6044960" lon="-3.1366970">
    <ele>926.9</ele>
   </trkpt>
   <trkpt lat="40.6045310" lon="-3.1366350">
    <ele>926.7</ele>
   </trkpt>
   <trkpt lat="40.6045690" lon="-3.1365730">
    <ele>926.6</ele>
   </trkpt>
   <trkpt lat="40.6046020" lon="-3.1365120">
    <ele>926.4</ele>
   </trkpt>
   <trkpt lat="40.6046330" lon="-3.1364530">
    <ele>926.3</ele>
   </trkpt>
   <trkpt lat="40.6046660" lon="-3.1363950">
    <ele>926.2</ele>
   </trkpt>
   <trkpt lat="40.6047010" lon="-3.1363420">
    <ele>926.0</ele>
   </trkpt>
   <trkpt lat="40.6047370" lon="-3.1362810">
    <ele>925.9</ele>
   </trkpt>
   <trkpt lat="40.6047700" lon="-3.1362260">
    <ele>925.8</ele>
   </trkpt>
   <trkpt lat="40.6048060" lon="-3.1361640">
    <ele>925.7</ele>
   </trkpt>
   <trkpt lat="40.6048340" lon="-3.1361090">
    <ele>925.6</ele>
   </trkpt>
   <trkpt lat="40.6048650" lon="-3.1360500">
    <ele>925.5</ele>
   </trkpt>
   <trkpt lat="40.6048920" lon="-3.1360050">
    <ele>925.4</ele>
   </trkpt>
   <trkpt lat="40.6049240" lon="-3.1359510">
    <ele>925.3</ele>
   </trkpt>
   <trkpt lat="40.6049510" lon="-3.1359010">
    <ele>925.2</ele>
   </trkpt>
   <trkpt lat="40.6049770" lon="-3.1358590">
    <ele>925.1</ele>
   </trkpt>
   <trkpt lat="40.6050010" lon="-3.1358100">
    <ele>925.0</ele>
   </trkpt>
   <trkpt lat="40.6050290" lon="-3.1357630">
    <ele>924.9</ele>
   </trkpt>
   <trkpt lat="40.6050500" lon="-3.1357270">
    <ele>924.8</ele>
   </trkpt>
   <trkpt lat="40.6050660" lon="-3.1357050">
    <ele>924.7</ele>
   </trkpt>
   <trkpt lat="40.6050740" lon="-3.1357000">
    <ele>924.7</ele>
   </trkpt>
   <trkpt lat="40.6050760" lon="-3.1357040">
    <ele>924.7</ele>
   </trkpt>
   <trkpt lat="40.6050780" lon="-3.1357070">
    <ele>924.7</ele>
   </trkpt>
   <trkpt lat="40.6050750" lon="-3.1357090">
    <ele>924.7</ele>
   </trkpt>
   <trkpt lat="40.6050750" lon="-3.1357090">
    <ele>924.7</ele>
   </trkpt>
   <trkpt lat="40.6050790" lon="-3.1357160">
    <ele>924.7</ele>
   </trkpt>
   <trkpt lat="40.6050790" lon="-3.1357150">
    <ele>924.6</ele>
   </trkpt>
   <trkpt lat="40.6050780" lon="-3.1357150">
    <ele>924.6</ele>
   </trkpt>
   <trkpt lat="40.6050780" lon="-3.1357150">
    <ele>924.6</ele>
   </trkpt>
   <trkpt lat="40.6050780" lon="-3.1357150">
    <ele>924.6</ele>
   </trkpt>
   <trkpt lat="40.6050780" lon="-3.1357150">
    <ele>924.6</ele>
   </trkpt>
   <trkpt lat="40.6050750" lon="-3.1357120">
    <ele>924.6</ele>
   </trkpt>
   <trkpt lat="40.6050760" lon="-3.1357000">
    <ele>924.6</ele>
   </trkpt>
   <trkpt lat="40.6050850" lon="-3.1356830">
    <ele>924.6</ele>
   </trkpt>
   <trkpt lat="40.6050940" lon="-3.1356690">
    <ele>924.5</ele>
   </trkpt>
   <trkpt lat="40.6051140" lon="-3.1356360">
    <ele>924.4</ele>
   </trkpt>
   <trkpt lat="40.6051190" lon="-3.1356240">
    <ele>924.3</ele>
   </trkpt>
   <trkpt lat="40.6051350" lon="-3.1355910">
    <ele>924.2</ele>
   </trkpt>
   <trkpt lat="40.6051590" lon="-3.1355560">
    <ele>924.0</ele>
   </trkpt>
   <trkpt lat="40.6051710" lon="-3.1355060">
    <ele>923.8</ele>
   </trkpt>
   <trkpt lat="40.6051980" lon="-3.1354500">
    <ele>923.5</ele>
   </trkpt>
   <trkpt lat="40.6052330" lon="-3.1353950">
    <ele>923.1</ele>
   </trkpt>
   <trkpt lat="40.6052680" lon="-3.1353330">
    <ele>922.6</ele>
   </trkpt>
   <trkpt lat="40.6053060" lon="-3.1352730">
    <ele>922.1</ele>
   </trkpt>
   <trkpt lat="40.6053420" lon="-3.1352110">
    <ele>921.7</ele>
   </trkpt>
   <trkpt lat="40.6053800" lon="-3.1351580">
    <ele>921.3</ele>
   </trkpt>
   <trkpt lat="40.6054040" lon="-3.1351250">
    <ele>921.1</ele>
   </trkpt>
   <trkpt lat="40.6054280" lon="-3.1350980">
    <ele>920.9</ele>
   </trkpt>
   <trkpt lat="40.6054520" lon="-3.1350790">
    <ele>920.7</ele>
   </trkpt>
   <trkpt lat="40.6054820" lon="-3.1350650">
    <ele>920.5</ele>
   </trkpt>
   <trkpt lat="40.6054920" lon="-3.1350610">
    <ele>920.4</ele>
   </trkpt>
   <trkpt lat="40.6055300" lon="-3.1350620">
    <ele>920.2</ele>
   </trkpt>
   <trkpt lat="40.6055450" lon="-3.1350660">
    <ele>920.1</ele>
   </trkpt>
   <trkpt lat="40.6055750" lon="-3.1350820">
    <ele>919.9</ele>
   </trkpt>
   <trkpt lat="40.6056050" lon="-3.1350970">
    <ele>919.7</ele>
   </trkpt>
   <trkpt lat="40.6056380" lon="-3.1351210">
    <ele>919.4</ele>
   </trkpt>
   <trkpt lat="40.6056470" lon="-3.1351300">
    <ele>919.3</ele>
   </trkpt>
   <trkpt lat="40.6056780" lon="-3.1351590">
    <ele>919.0</ele>
   </trkpt>
   <trkpt lat="40.6056870" lon="-3.1351690">
    <ele>918.9</ele>
   </trkpt>
   <trkpt lat="40.6057090" lon="-3.1351960">
    <ele>918.7</ele>
   </trkpt>
   <trkpt lat="40.6057130" lon="-3.1352060">
    <ele>918.6</ele>
   </trkpt>
   <trkpt lat="40.6057300" lon="-3.1352340">
    <ele>918.4</ele>
   </trkpt>
   <trkpt lat="40.6057360" lon="-3.1352430">
    <ele>918.3</ele>
   </trkpt>
   <trkpt lat="40.6057500" lon="-3.1352720">
    <ele>918.0</ele>
   </trkpt>
   <trkpt lat="40.6057560" lon="-3.1352860">
    <ele>917.9</ele>
   </trkpt>
   <trkpt lat="40.6057780" lon="-3.1353230">
    <ele>917.6</ele>
   </trkpt>
   <trkpt lat="40.6057850" lon="-3.1353350">
    <ele>917.5</ele>
   </trkpt>
   <trkpt lat="40.6058060" lon="-3.1353580">
    <ele>917.3</ele>
   </trkpt>
   <trkpt lat="40.6058130" lon="-3.1353690">
    <ele>917.2</ele>
   </trkpt>
   <trkpt lat="40.6058350" lon="-3.1354090">
    <ele>916.8</ele>
   </trkpt>
   <trkpt lat="40.6058400" lon="-3.1354210">
    <ele>916.7</ele>
   </trkpt>
   <trkpt lat="40.6058640" lon="-3.1354640">
    <ele>916.3</ele>
   </trkpt>
   <trkpt lat="40.6058730" lon="-3.1354790">
    <ele>916.2</ele>
   </trkpt>
   <trkpt lat="40.6058920" lon="-3.1355100">
    <ele>915.9</ele>
   </trkpt>
   <trkpt lat="40.6059150" lon="-3.1355450">
    <ele>915.5</ele>
   </trkpt>
   <trkpt lat="40.6059200" lon="-3.1355590">
    <ele>915.4</ele>
   </trkpt>
   <trkpt lat="40.6059380" lon="-3.1355870">
    <ele>915.1</ele>
   </trkpt>
   <trkpt lat="40.6059520" lon="-3.1356220">
    <ele>914.8</ele>
   </trkpt>
   <trkpt lat="40.6059640" lon="-3.1356550">
    <ele>914.5</ele>
   </trkpt>
   <trkpt lat="40.6059810" lon="-3.1357040">
    <ele>914.0</ele>
   </trkpt>
   <trkpt lat="40.6059860" lon="-3.1357220">
    <ele>913.9</ele>
   </trkpt>
   <trkpt lat="40.6060030" lon="-3.1357530">
    <ele>913.6</ele>
   </trkpt>
   <trkpt lat="40.6060230" lon="-3.1357840">
    <ele>913.2</ele>
   </trkpt>
   <trkpt lat="40.6060390" lon="-3.1358190">
    <ele>912.9</ele>
   </trkpt>
   <trkpt lat="40.6060450" lon="-3.1358300">
    <ele>912.8</ele>
   </trkpt>
   <trkpt lat="40.6060750" lon="-3.1358660">
    <ele>912.4</ele>
   </trkpt>
   <trkpt lat="40.6060820" lon="-3.1358850">
    <ele>912.2</ele>
   </trkpt>
   <trkpt lat="40.6060930" lon="-3.1359220">
    <ele>911.9</ele>
   </trkpt>
   <trkpt lat="40.6060990" lon="-3.1359690">
    <ele>911.5</ele>
   </trkpt>
   <trkpt lat="40.6061100" lon="-3.1360110">
    <ele>911.2</ele>
   </trkpt>
   <trkpt lat="40.6061280" lon="-3.1360540">
    <ele>910.8</ele>
   </trkpt>
   <trkpt lat="40.6061460" lon="-3.1360900">
    <ele>910.5</ele>
   </trkpt>
   <trkpt lat="40.6061660" lon="-3.1361320">
    <ele>910.1</ele>
   </trkpt>
   <trkpt lat="40.6061820" lon="-3.1361670">
    <ele>909.7</ele>
   </trkpt>
   <trkpt lat="40.6062000" lon="-3.1361970">
    <ele>909.4</ele>
   </trkpt>
   <trkpt lat="40.6062210" lon="-3.1362410">
    <ele>908.9</ele>
   </trkpt>
   <trkpt lat="40.6062290" lon="-3.1362560">
    <ele>908.8</ele>
   </trkpt>
   <trkpt lat="40.6062580" lon="-3.1362980">
    <ele>908.2</ele>
   </trkpt>
   <trkpt lat="40.6062780" lon="-3.1363500">
    <ele>907.7</ele>
   </trkpt>
   <trkpt lat="40.6062930" lon="-3.1364060">
    <ele>907.1</ele>
   </trkpt>
   <trkpt lat="40.6063000" lon="-3.1364400">
    <ele>906.8</ele>
   </trkpt>
   <trkpt lat="40.6063040" lon="-3.1364620">
    <ele>906.6</ele>
   </trkpt>
   <trkpt lat="40.6063090" lon="-3.1364840">
    <ele>906.4</ele>
   </trkpt>
   <trkpt lat="40.6063110" lon="-3.1365010">
    <ele>906.2</ele>
   </trkpt>
   <trkpt lat="40.6063100" lon="-3.1365070">
    <ele>906.2</ele>
   </trkpt>
   <trkpt lat="40.6063090" lon="-3.1365140">
    <ele>906.1</ele>
   </trkpt>
   <trkpt lat="40.6063070" lon="-3.1365200">
    <ele>906.0</ele>
   </trkpt>
   <trkpt lat="40.6063060" lon="-3.1365260">
    <ele>906.0</ele>
   </trkpt>
   <trkpt lat="40.6063050" lon="-3.1365320">
    <ele>905.9</ele>
   </trkpt>
   <trkpt lat="40.6062930" lon="-3.1365350">
    <ele>905.8</ele>
   </trkpt>
   <trkpt lat="40.6062930" lon="-3.1365340">
    <ele>905.8</ele>
   </trkpt>
   <trkpt lat="40.6062920" lon="-3.1365330">
    <ele>905.7</ele>
   </trkpt>
   <trkpt lat="40.6062920" lon="-3.1365320">
    <ele>905.7</ele>
   </trkpt>
   <trkpt lat="40.6062910" lon="-3.1365310">
    <ele>905.7</ele>
   </trkpt>
   <trkpt lat="40.6062910" lon="-3.1365310">
    <ele>905.7</ele>
   </trkpt>
   <trkpt lat="40.6062900" lon="-3.1365300">
    <ele>905.7</ele>
   </trkpt>
   <trkpt lat="40.6062890" lon="-3.1365290">
    <ele>905.7</ele>
   </trkpt>
   <trkpt lat="40.6062890" lon="-3.1365280">
    <ele>905.7</ele>
   </trkpt>
   <trkpt lat="40.6062880" lon="-3.1365270">
    <ele>905.7</ele>
   </trkpt>
   <trkpt lat="40.6062880" lon="-3.1365260">
    <ele>905.7</ele>
   </trkpt>
   <trkpt lat="40.6062870" lon="-3.1365250">
    <ele>905.6</ele>
   </trkpt>
   <trkpt lat="40.6062870" lon="-3.1365240">
    <ele>905.6</ele>
   </trkpt>
   <trkpt lat="40.6062860" lon="-3.1365230">
    <ele>905.6</ele>
   </trkpt>
   <trkpt lat="40.6062850" lon="-3.1365220">
    <ele>905.6</ele>
   </trkpt>
   <trkpt lat="40.6062850" lon="-3.1365220">
    <ele>905.6</ele>
   </trkpt>
   <trkpt lat="40.6062840" lon="-3.1365210">
    <ele>905.6</ele>
   </trkpt>
   <trkpt lat="40.6062840" lon="-3.1365200">
    <ele>905.6</ele>
   </trkpt>
   <trkpt lat="40.6062830" lon="-3.1365190">
    <ele>905.6</ele>
   </trkpt>
   <trkpt lat="40.6062830" lon="-3.1365180">
    <ele>905.6</ele>
   </trkpt>
   <trkpt lat="40.6062820" lon="-3.1365170">
    <ele>905.5</ele>
   </trkpt>
   <trkpt lat="40.6062710" lon="-3.1364910">
    <ele>905.3</ele>
   </trkpt>
   <trkpt lat="40.6062670" lon="-3.1364790">
    <ele>905.2</ele>
   </trkpt>
   <trkpt lat="40.6062620" lon="-3.1364680">
    <ele>905.0</ele>
   </trkpt>
   <trkpt lat="40.6062570" lon="-3.1364550">
    <ele>904.9</ele>
   </trkpt>
   <trkpt lat="40.6062520" lon="-3.1364410">
    <ele>904.8</ele>
   </trkpt>
   <trkpt lat="40.6062430" lon="-3.1364310">
    <ele>904.6</ele>
   </trkpt>
   <trkpt lat="40.6062370" lon="-3.1364150">
    <ele>904.5</ele>
   </trkpt>
   <trkpt lat="40.6062320" lon="-3.1364040">
    <ele>904.4</ele>
   </trkpt>
   <trkpt lat="40.6062260" lon="-3.1363960">
    <ele>904.3</ele>
   </trkpt>
   <trkpt lat="40.6062220" lon="-3.1363830">
    <ele>904.1</ele>
   </trkpt>
   <trkpt lat="40.6062220" lon="-3.1363720">
    <ele>904.1</ele>
   </trkpt>
   <trkpt lat="40.6062180" lon="-3.1363600">
    <ele>903.9</ele>
   </trkpt>
   <trkpt lat="40.6062050" lon="-3.1363450">
    <ele>903.7</ele>
   </trkpt>
   <trkpt lat="40.6061980" lon="-3.1363290">
    <ele>903.6</ele>
   </trkpt>
   <trkpt lat="40.6061900" lon="-3.1363170">
    <ele>903.7</ele>
   </trkpt>
   <trkpt lat="40.6061880" lon="-3.1363030">
    <ele>903.9</ele>
   </trkpt>
   <trkpt lat="40.6061830" lon="-3.1362900">
    <ele>904.0</ele>
   </trkpt>
   <trkpt lat="40.6061770" lon="-3.1362770">
    <ele>904.1</ele>
   </trkpt>
   <trkpt lat="40.6061760" lon="-3.1362630">
    <ele>904.3</ele>
   </trkpt>
   <trkpt lat="40.6061710" lon="-3.1362510">
    <ele>904.4</ele>
   </trkpt>
   <trkpt lat="40.6061720" lon="-3.1362400">
    <ele>904.5</ele>
   </trkpt>
   <trkpt lat="40.6061710" lon="-3.1362410">
    <ele>904.5</ele>
   </trkpt>
   <trkpt lat="40.6061750" lon="-3.1362350">
    <ele>904.6</ele>
   </trkpt>
   <trkpt lat="40.6061540" lon="-3.1362360">
    <ele>904.8</ele>
   </trkpt>
   <trkpt lat="40.6061560" lon="-3.1362400">
    <ele>904.9</ele>
   </trkpt>
   <trkpt lat="40.6061590" lon="-3.1362430">
    <ele>904.9</ele>
   </trkpt>
   <trkpt lat="40.6061600" lon="-3.1362440">
    <ele>904.9</ele>
   </trkpt>
   <trkpt lat="40.6061600" lon="-3.1362450">
    <ele>905.0</ele>
   </trkpt>
   <trkpt lat="40.6061640" lon="-3.1362460">
    <ele>905.0</ele>
   </trkpt>
   <trkpt lat="40.6061640" lon="-3.1362470">
    <ele>905.0</ele>
   </trkpt>
   <trkpt lat="40.6061640" lon="-3.1362470">
    <ele>905.0</ele>
   </trkpt>
   <trkpt lat="40.6061650" lon="-3.1362470">
    <ele>905.0</ele>
   </trkpt>
   <trkpt lat="40.6061660" lon="-3.1362470">
    <ele>905.0</ele>
   </trkpt>
   <trkpt lat="40.6061670" lon="-3.1362470">
    <ele>905.0</ele>
   </trkpt>
   <trkpt lat="40.6061510" lon="-3.1361920">
    <ele>905.6</ele>
   </trkpt>
   <trkpt lat="40.6061470" lon="-3.1361720">
    <ele>905.8</ele>
   </trkpt>
   <trkpt lat="40.6061420" lon="-3.1361530">
    <ele>906.0</ele>
   </trkpt>
   <trkpt lat="40.6061380" lon="-3.1361330">
    <ele>906.2</ele>
   </trkpt>
   <trkpt lat="40.6061320" lon="-3.1361150">
    <ele>906.4</ele>
   </trkpt>
   <trkpt lat="40.6061280" lon="-3.1360940">
    <ele>906.6</ele>
   </trkpt>
   <trkpt lat="40.6061210" lon="-3.1360770">
    <ele>906.8</ele>
   </trkpt>
   <trkpt lat="40.6061150" lon="-3.1360580">
    <ele>907.0</ele>
   </trkpt>
   <trkpt lat="40.6061110" lon="-3.1360400">
    <ele>907.2</ele>
   </trkpt>
   <trkpt lat="40.6061110" lon="-3.1360130">
    <ele>907.4</ele>
   </trkpt>
   <trkpt lat="40.6061060" lon="-3.1360010">
    <ele>907.6</ele>
   </trkpt>
   <trkpt lat="40.6060990" lon="-3.1359890">
    <ele>907.7</ele>
   </trkpt>
   <trkpt lat="40.6060910" lon="-3.1359790">
    <ele>907.9</ele>
   </trkpt>
   <trkpt lat="40.6060860" lon="-3.1359700">
    <ele>908.0</ele>
   </trkpt>
   <trkpt lat="40.6060810" lon="-3.1359590">
    <ele>908.1</ele>
   </trkpt>
   <trkpt lat="40.6060780" lon="-3.1359520">
    <ele>908.2</ele>
   </trkpt>
   <trkpt lat="40.6060790" lon="-3.1359560">
    <ele>908.2</ele>
   </trkpt>
   <trkpt lat="40.6060770" lon="-3.1359550">
    <ele>908.2</ele>
   </trkpt>
   <trkpt lat="40.6060680" lon="-3.1359410">
    <ele>908.4</ele>
   </trkpt>
   <trkpt lat="40.6060500" lon="-3.1359160">
    <ele>908.8</ele>
   </trkpt>
   <trkpt lat="40.6060410" lon="-3.1359070">
    <ele>908.9</ele>
   </trkpt>
   <trkpt lat="40.6060240" lon="-3.1358950">
    <ele>909.2</ele>
   </trkpt>
   <trkpt lat="40.6060090" lon="-3.1358840">
    <ele>909.4</ele>
   </trkpt>
   <trkpt lat="40.6059950" lon="-3.1358760">
    <ele>909.5</ele>
   </trkpt>
   <trkpt lat="40.6059830" lon="-3.1358660">
    <ele>909.7</ele>
   </trkpt>
   <trkpt lat="40.6059660" lon="-3.1358450">
    <ele>910.0</ele>
   </trkpt>
   <trkpt lat="40.6059600" lon="-3.1358350">
    <ele>910.1</ele>
   </trkpt>
   <trkpt lat="40.6059530" lon="-3.1358250">
    <ele>910.2</ele>
   </trkpt>
   <trkpt lat="40.6059490" lon="-3.1358160">
    <ele>910.3</ele>
   </trkpt>
   <trkpt lat="40.6059440" lon="-3.1358040">
    <ele>910.4</ele>
   </trkpt>
   <trkpt lat="40.6059390" lon="-3.1357900">
    <ele>910.5</ele>
   </trkpt>
   <trkpt lat="40.6059320" lon="-3.1357640">
    <ele>910.8</ele>
   </trkpt>
   <trkpt lat="40.6059290" lon="-3.1357540">
    <ele>910.9</ele>
   </trkpt>
   <trkpt lat="40.6059260" lon="-3.1357440">
    <ele>910.9</ele>
   </trkpt>
   <trkpt lat="40.6059180" lon="-3.1357190">
    <ele>911.2</ele>
   </trkpt>
   <trkpt lat="40.6059150" lon="-3.1357070">
    <ele>911.3</ele>
   </trkpt>
   <trkpt lat="40.6059120" lon="-3.1356960">
    <ele>911.4</ele>
   </trkpt>
   <trkpt lat="40.6059080" lon="-3.1356840">
    <ele>911.5</ele>
   </trkpt>
   <trkpt lat="40.6059060" lon="-3.1356700">
    <ele>911.6</ele>
   </trkpt>
   <trkpt lat="40.6059040" lon="-3.1356560">
    <ele>911.7</ele>
   </trkpt>
   <trkpt lat="40.6059020" lon="-3.1356430">
    <ele>911.8</ele>
   </trkpt>
   <trkpt lat="40.6058970" lon="-3.1356300">
    <ele>911.9</ele>
   </trkpt>
   <trkpt lat="40.6058910" lon="-3.1356180">
    <ele>912.0</ele>
   </trkpt>
   <trkpt lat="40.6058810" lon="-3.1355970">
    <ele>912.2</ele>
   </trkpt>
   <trkpt lat="40.6058760" lon="-3.1355870">
    <ele>912.3</ele>
   </trkpt>
   <trkpt lat="40.6058700" lon="-3.1355780">
    <ele>912.4</ele>
   </trkpt>
   <trkpt lat="40.6058660" lon="-3.1355730">
    <ele>912.5</ele>
   </trkpt>
   <trkpt lat="40.6058590" lon="-3.1355630">
    <ele>912.6</ele>
   </trkpt>
   <trkpt lat="40.6058510" lon="-3.1355510">
    <ele>912.7</ele>
   </trkpt>
   <trkpt lat="40.6058430" lon="-3.1355390">
    <ele>912.9</ele>
   </trkpt>
   <trkpt lat="40.6058390" lon="-3.1355280">
    <ele>913.0</ele>
   </trkpt>
   <trkpt lat="40.6058340" lon="-3.1355200">
    <ele>913.1</ele>
   </trkpt>
   <trkpt lat="40.6058300" lon="-3.1355090">
    <ele>913.2</ele>
   </trkpt>
   <trkpt lat="40.6058260" lon="-3.1354970">
    <ele>913.3</ele>
   </trkpt>
   <trkpt lat="40.6058220" lon="-3.1354850">
    <ele>913.4</ele>
   </trkpt>
   <trkpt lat="40.6058170" lon="-3.1354730">
    <ele>913.5</ele>
   </trkpt>
   <trkpt lat="40.6058120" lon="-3.1354630">
    <ele>913.6</ele>
   </trkpt>
   <trkpt lat="40.6058080" lon="-3.1354520">
    <ele>913.7</ele>
   </trkpt>
   <trkpt lat="40.6058040" lon="-3.1354390">
    <ele>913.8</ele>
   </trkpt>
   <trkpt lat="40.6058000" lon="-3.1354260">
    <ele>914.0</ele>
   </trkpt>
   <trkpt lat="40.6057950" lon="-3.1354150">
    <ele>914.1</ele>
   </trkpt>
   <trkpt lat="40.6057890" lon="-3.1354040">
    <ele>914.2</ele>
   </trkpt>
   <trkpt lat="40.6057820" lon="-3.1353940">
    <ele>914.3</ele>
   </trkpt>
   <trkpt lat="40.6057750" lon="-3.1353810">
    <ele>914.4</ele>
   </trkpt>
   <trkpt lat="40.6057700" lon="-3.1353690">
    <ele>914.6</ele>
   </trkpt>
   <trkpt lat="40.6057670" lon="-3.1353560">
    <ele>914.7</ele>
   </trkpt>
   <trkpt lat="40.6057650" lon="-3.1353410">
    <ele>914.8</ele>
   </trkpt>
   <trkpt lat="40.6057620" lon="-3.1353260">
    <ele>914.9</ele>
   </trkpt>
   <trkpt lat="40.6057590" lon="-3.1353120">
    <ele>915.1</ele>
   </trkpt>
   <trkpt lat="40.6057540" lon="-3.1352970">
    <ele>915.2</ele>
   </trkpt>
   <trkpt lat="40.6057470" lon="-3.1352720">
    <ele>915.4</ele>
   </trkpt>
   <trkpt lat="40.6057440" lon="-3.1352620">
    <ele>915.5</ele>
   </trkpt>
   <trkpt lat="40.6057400" lon="-3.1352510">
    <ele>915.6</ele>
   </trkpt>
   <trkpt lat="40.6057360" lon="-3.1352400">
    <ele>915.7</ele>
   </trkpt>
   <trkpt lat="40.6057300" lon="-3.1352260">
    <ele>915.9</ele>
   </trkpt>
   <trkpt lat="40.6057230" lon="-3.1352140">
    <ele>916.0</ele>
   </trkpt>
   <trkpt lat="40.6057160" lon="-3.1352030">
    <ele>916.1</ele>
   </trkpt>
   <trkpt lat="40.6057100" lon="-3.1351920">
    <ele>916.2</ele>
   </trkpt>
   <trkpt lat="40.6057050" lon="-3.1351820">
    <ele>916.3</ele>
   </trkpt>
   <trkpt lat="40.6057000" lon="-3.1351730">
    <ele>916.4</ele>
   </trkpt>
   <trkpt lat="40.6056930" lon="-3.1351630">
    <ele>916.5</ele>
   </trkpt>
   <trkpt lat="40.6056840" lon="-3.1351510">
    <ele>916.6</ele>
   </trkpt>
   <trkpt lat="40.6056770" lon="-3.1351440">
    <ele>916.7</ele>
   </trkpt>
   <trkpt lat="40.6056680" lon="-3.1351350">
    <ele>916.8</ele>
   </trkpt>
   <trkpt lat="40.6056580" lon="-3.1351250">
    <ele>917.0</ele>
   </trkpt>
   <trkpt lat="40.6056420" lon="-3.1351120">
    <ele>917.1</ele>
   </trkpt>
   <trkpt lat="40.6056340" lon="-3.1351060">
    <ele>917.2</ele>
   </trkpt>
   <trkpt lat="40.6056270" lon="-3.1351010">
    <ele>917.3</ele>
   </trkpt>
   <trkpt lat="40.6056090" lon="-3.1350910">
    <ele>917.5</ele>
   </trkpt>
   <trkpt lat="40.6056000" lon="-3.1350880">
    <ele>917.6</ele>
   </trkpt>
   <trkpt lat="40.6055920" lon="-3.1350840">
    <ele>917.7</ele>
   </trkpt>
   <trkpt lat="40.6055860" lon="-3.1350810">
    <ele>917.7</ele>
   </trkpt>
   <trkpt lat="40.6055760" lon="-3.1350730">
    <ele>917.8</ele>
   </trkpt>
   <trkpt lat="40.6055670" lon="-3.1350670">
    <ele>917.9</ele>
   </trkpt>
   <trkpt lat="40.6055570" lon="-3.1350610">
    <ele>918.0</ele>
   </trkpt>
   <trkpt lat="40.6055490" lon="-3.1350570">
    <ele>918.1</ele>
   </trkpt>
   <trkpt lat="40.6055400" lon="-3.1350510">
    <ele>918.2</ele>
   </trkpt>
   <trkpt lat="40.6055190" lon="-3.1350470">
    <ele>918.4</ele>
   </trkpt>
   <trkpt lat="40.6055110" lon="-3.1350450">
    <ele>918.5</ele>
   </trkpt>
   <trkpt lat="40.6055020" lon="-3.1350440">
    <ele>918.5</ele>
   </trkpt>
   <trkpt lat="40.6054950" lon="-3.1350440">
    <ele>918.6</ele>
   </trkpt>
   <trkpt lat="40.6054830" lon="-3.1350450">
    <ele>918.7</ele>
   </trkpt>
   <trkpt lat="40.6054720" lon="-3.1350460">
    <ele>918.8</ele>
   </trkpt>
   <trkpt lat="40.6054620" lon="-3.1350420">
    <ele>918.9</ele>
   </trkpt>
   <trkpt lat="40.6054590" lon="-3.1350380">
    <ele>918.9</ele>
   </trkpt>
   <trkpt lat="40.6054610" lon="-3.1350380">
    <ele>919.0</ele>
   </trkpt>
   <trkpt lat="40.6054650" lon="-3.1350410">
    <ele>919.0</ele>
   </trkpt>
   <trkpt lat="40.6054670" lon="-3.1350430">
    <ele>919.0</ele>
   </trkpt>
   <trkpt lat="40.6054690" lon="-3.1350460">
    <ele>919.0</ele>
   </trkpt>
   <trkpt lat="40.6054680" lon="-3.1350460">
    <ele>919.1</ele>
   </trkpt>
   <trkpt lat="40.6054670" lon="-3.1350460">
    <ele>919.1</ele>
   </trkpt>
   <trkpt lat="40.6054650" lon="-3.1350460">
    <ele>919.1</ele>
   </trkpt>
   <trkpt lat="40.6054630" lon="-3.1350480">
    <ele>919.1</ele>
   </trkpt>
   <trkpt lat="40.6054590" lon="-3.1350490">
    <ele>919.1</ele>
   </trkpt>
   <trkpt lat="40.6054530" lon="-3.1350520">
    <ele>919.2</ele>
   </trkpt>
   <trkpt lat="40.6054450" lon="-3.1350560">
    <ele>919.3</ele>
   </trkpt>
   <trkpt lat="40.6054350" lon="-3.1350640">
    <ele>919.3</ele>
   </trkpt>
   <trkpt lat="40.6054300" lon="-3.1350650">
    <ele>919.4</ele>
   </trkpt>
   <trkpt lat="40.6054240" lon="-3.1350670">
    <ele>919.4</ele>
   </trkpt>
   <trkpt lat="40.6054180" lon="-3.1350680">
    <ele>919.5</ele>
   </trkpt>
   <trkpt lat="40.6054130" lon="-3.1350690">
    <ele>919.5</ele>
   </trkpt>
   <trkpt lat="40.6054070" lon="-3.1350700">
    <ele>919.6</ele>
   </trkpt>
   <trkpt lat="40.6053960" lon="-3.1350750">
    <ele>919.6</ele>
   </trkpt>
   <trkpt lat="40.6053830" lon="-3.1350950">
    <ele>919.8</ele>
   </trkpt>
   <trkpt lat="40.6053580" lon="-3.1351830">
    <ele>920.3</ele>
   </trkpt>
   <trkpt lat="40.6053410" lon="-3.1352150">
    <ele>920.5</ele>
   </trkpt>
   <trkpt lat="40.6053350" lon="-3.1352260">
    <ele>920.5</ele>
   </trkpt>
   <trkpt lat="40.6053240" lon="-3.1352680">
    <ele>920.7</ele>
   </trkpt>
   <trkpt lat="40.6053200" lon="-3.1352820">
    <ele>920.8</ele>
   </trkpt>
   <trkpt lat="40.6052970" lon="-3.1353270">
    <ele>921.1</ele>
   </trkpt>
   <trkpt lat="40.6052860" lon="-3.1353450">
    <ele>921.2</ele>
   </trkpt>
   <trkpt lat="40.6052720" lon="-3.1353840">
    <ele>921.5</ele>
   </trkpt>
   <trkpt lat="40.6052530" lon="-3.1354290">
    <ele>921.8</ele>
   </trkpt>
   <trkpt lat="40.6052460" lon="-3.1354430">
    <ele>921.9</ele>
   </trkpt>
   <trkpt lat="40.6052390" lon="-3.1354800">
    <ele>922.1</ele>
   </trkpt>
   <trkpt lat="40.6052290" lon="-3.1355290">
    <ele>922.4</ele>
   </trkpt>
   <trkpt lat="40.6052230" lon="-3.1355430">
    <ele>922.5</ele>
   </trkpt>
   <trkpt lat="40.6052120" lon="-3.1355810">
    <ele>922.8</ele>
   </trkpt>
   <trkpt lat="40.6052090" lon="-3.1355910">
    <ele>922.9</ele>
   </trkpt>
   <trkpt lat="40.6052010" lon="-3.1356030">
    <ele>923.0</ele>
   </trkpt>
   <trkpt lat="40.6051830" lon="-3.1356150">
    <ele>923.1</ele>
   </trkpt>
   <trkpt lat="40.6051700" lon="-3.1356490">
    <ele>923.4</ele>
   </trkpt>
   <trkpt lat="40.6051650" lon="-3.1356650">
    <ele>923.5</ele>
   </trkpt>
   <trkpt lat="40.6051510" lon="-3.1356980">
    <ele>923.7</ele>
   </trkpt>
   <trkpt lat="40.6051440" lon="-3.1357110">
    <ele>923.7</ele>
   </trkpt>
   <trkpt lat="40.6051230" lon="-3.1357420">
    <ele>923.9</ele>
   </trkpt>
   <trkpt lat="40.6051060" lon="-3.1357750">
    <ele>924.1</ele>
   </trkpt>
   <trkpt lat="40.6050820" lon="-3.1358080">
    <ele>924.3</ele>
   </trkpt>
   <trkpt lat="40.6050610" lon="-3.1358450">
    <ele>924.4</ele>
   </trkpt>
   <trkpt lat="40.6050370" lon="-3.1358860">
    <ele>924.6</ele>
   </trkpt>
   <trkpt lat="40.6050120" lon="-3.1359230">
    <ele>924.7</ele>
   </trkpt>
   <trkpt lat="40.6049870" lon="-3.1359580">
    <ele>924.8</ele>
   </trkpt>
   <trkpt lat="40.6049490" lon="-3.1359870">
    <ele>924.9</ele>
   </trkpt>
   <trkpt lat="40.6049260" lon="-3.1360210">
    <ele>925.0</ele>
   </trkpt>
   <trkpt lat="40.6048960" lon="-3.1360560">
    <ele>925.1</ele>
   </trkpt>
   <trkpt lat="40.6048610" lon="-3.1360860">
    <ele>925.2</ele>
   </trkpt>
   <trkpt lat="40.6048360" lon="-3.1361240">
    <ele>925.3</ele>
   </trkpt>
   <trkpt lat="40.6048080" lon="-3.1361610">
    <ele>925.4</ele>
   </trkpt>
   <trkpt lat="40.6047800" lon="-3.1361990">
    <ele>925.5</ele>
   </trkpt>
   <trkpt lat="40.6047590" lon="-3.1362400">
    <ele>925.5</ele>
   </trkpt>
   <trkpt lat="40.6047410" lon="-3.1362850">
    <ele>925.6</ele>
   </trkpt>
   <trkpt lat="40.6047170" lon="-3.1363200">
    <ele>925.7</ele>
   </trkpt>
   <trkpt lat="40.6046920" lon="-3.1363590">
    <ele>925.8</ele>
   </trkpt>
   <trkpt lat="40.6046700" lon="-3.1363950">
    <ele>925.9</ele>
   </trkpt>
   <trkpt lat="40.6046410" lon="-3.1364340">
    <ele>925.9</ele>
   </trkpt>
   <trkpt lat="40.6046170" lon="-3.1364780">
    <ele>926.0</ele>
   </trkpt>
   <trkpt lat="40.6045910" lon="-3.1365260">
    <ele>926.1</ele>
   </trkpt>
   <trkpt lat="40.6045690" lon="-3.1365660">
    <ele>926.2</ele>
   </trkpt>
   <trkpt lat="40.6045500" lon="-3.1366120">
    <ele>926.3</ele>
   </trkpt>
   <trkpt lat="40.6045220" lon="-3.1366510">
    <ele>926.4</ele>
   </trkpt>
   <trkpt lat="40.6044830" lon="-3.1366900">
    <ele>926.6</ele>
   </trkpt>
   <trkpt lat="40.6044440" lon="-3.1367230">
    <ele>926.7</ele>
   </trkpt>
   <trkpt lat="40.6044070" lon="-3.1367590">
    <ele>926.8</ele>
   </trkpt>
   <trkpt lat="40.6043810" lon="-3.1367990">
    <ele>926.9</ele>
   </trkpt>
   <trkpt lat="40.6043540" lon="-3.1368400">
    <ele>927.0</ele>
   </trkpt>
   <trkpt lat="40.6043260" lon="-3.1368760">
    <ele>927.1</ele>
   </trkpt>
   <trkpt lat="40.6043050" lon="-3.1369150">
    <ele>927.2</ele>
   </trkpt>
   <trkpt lat="40.6042800" lon="-3.1369510">
    <ele>927.3</ele>
   </trkpt>
   <trkpt lat="40.6042560" lon="-3.1369900">
    <ele>927.4</ele>
   </trkpt>
   <trkpt lat="40.6042320" lon="-3.1370270">
    <ele>927.5</ele>
   </trkpt>
   <trkpt lat="40.6042070" lon="-3.1370660">
    <ele>927.6</ele>
   </trkpt>
   <trkpt lat="40.6041810" lon="-3.1371010">
    <ele>927.7</ele>
   </trkpt>
   <trkpt lat="40.6041570" lon="-3.1371380">
    <ele>927.8</ele>
   </trkpt>
   <trkpt lat="40.6041340" lon="-3.1371740">
    <ele>927.9</ele>
   </trkpt>
   <trkpt lat="40.6041150" lon="-3.1372080">
    <ele>928.0</ele>
   </trkpt>
   <trkpt lat="40.6040940" lon="-3.1372470">
    <ele>928.1</ele>
   </trkpt>
   <trkpt lat="40.6040710" lon="-3.1372820">
    <ele>928.2</ele>
   </trkpt>
   <trkpt lat="40.6040460" lon="-3.1373060">
    <ele>928.3</ele>
   </trkpt>
   <trkpt lat="40.6040160" lon="-3.1373300">
    <ele>928.4</ele>
   </trkpt>
   <trkpt lat="40.6039800" lon="-3.1373430">
    <ele>928.5</ele>
   </trkpt>
   <trkpt lat="40.6039540" lon="-3.1373570">
    <ele>928.7</ele>
   </trkpt>
   <trkpt lat="40.6039200" lon="-3.1373630">
    <ele>928.8</ele>
   </trkpt>
   <trkpt lat="40.6038910" lon="-3.1373660">
    <ele>928.9</ele>
   </trkpt>
   <trkpt lat="40.6038620" lon="-3.1373670">
    <ele>929.1</ele>
   </trkpt>
   <trkpt lat="40.6038270" lon="-3.1373660">
    <ele>929.3</ele>
   </trkpt>
   <trkpt lat="40.6038160" lon="-3.1373660">
    <ele>929.3</ele>
   </trkpt>
   <trkpt lat="40.6037860" lon="-3.1373730">
    <ele>929.5</ele>
   </trkpt>
   <trkpt lat="40.6037750" lon="-3.1373760">
    <ele>929.6</ele>
   </trkpt>
   <trkpt lat="40.6037430" lon="-3.1373840">
    <ele>929.8</ele>
   </trkpt>
   <trkpt lat="40.6037340" lon="-3.1373860">
    <ele>929.8</ele>
   </trkpt>
   <trkpt lat="40.6037000" lon="-3.1373910">
    <ele>930.1</ele>
   </trkpt>
   <trkpt lat="40.6036890" lon="-3.1373920">
    <ele>930.1</ele>
   </trkpt>
   <trkpt lat="40.6036550" lon="-3.1373950">
    <ele>930.4</ele>
   </trkpt>
   <trkpt lat="40.6036460" lon="-3.1373960">
    <ele>930.4</ele>
   </trkpt>
   <trkpt lat="40.6036300" lon="-3.1374030">
    <ele>930.5</ele>
   </trkpt>
   <trkpt lat="40.6036130" lon="-3.1374010">
    <ele>930.7</ele>
   </trkpt>
   <trkpt lat="40.6035960" lon="-3.1374000">
    <ele>930.7</ele>
   </trkpt>
   <trkpt lat="40.6035820" lon="-3.1373970">
    <ele>930.9</ele>
   </trkpt>
   <trkpt lat="40.6035540" lon="-3.1373940">
    <ele>931.1</ele>
   </trkpt>
   <trkpt lat="40.6035430" lon="-3.1373910">
    <ele>931.1</ele>
   </trkpt>
   <trkpt lat="40.6035260" lon="-3.1373900">
    <ele>931.3</ele>
   </trkpt>
   <trkpt lat="40.6035110" lon="-3.1373950">
    <ele>931.3</ele>
   </trkpt>
   <trkpt lat="40.6034770" lon="-3.1373940">
    <ele>931.5</ele>
   </trkpt>
   <trkpt lat="40.6034620" lon="-3.1373930">
    <ele>931.5</ele>
   </trkpt>
   <trkpt lat="40.6034350" lon="-3.1373960">
    <ele>931.7</ele>
   </trkpt>
   <trkpt lat="40.6034000" lon="-3.1373960">
    <ele>931.9</ele>
   </trkpt>
   <trkpt lat="40.6033610" lon="-3.1373950">
    <ele>932.3</ele>
   </trkpt>
   <trkpt lat="40.6033310" lon="-3.1374060">
    <ele>932.5</ele>
   </trkpt>
   <trkpt lat="40.6032940" lon="-3.1373950">
    <ele>932.7</ele>
   </trkpt>
   <trkpt lat="40.6032550" lon="-3.1373760">
    <ele>932.9</ele>
   </trkpt>
   <trkpt lat="40.6032170" lon="-3.1373680">
    <ele>933.3</ele>
   </trkpt>
   <trkpt lat="40.6032020" lon="-3.1373680">
    <ele>933.3</ele>
   </trkpt>
   <trkpt lat="40.6031690" lon="-3.1373640">
    <ele>933.4</ele>
   </trkpt>
   <trkpt lat="40.6031310" lon="-3.1373580">
    <ele>933.6</ele>
   </trkpt>
   <trkpt lat="40.6030940" lon="-3.1373550">
    <ele>933.7</ele>
   </trkpt>
   <trkpt lat="40.6030630" lon="-3.1373520">
    <ele>933.8</ele>
   </trkpt>
   <trkpt lat="40.6030370" lon="-3.1373320">
    <ele>933.8</ele>
   </trkpt>
   <trkpt lat="40.6030060" lon="-3.1373150">
    <ele>934.0</ele>
   </trkpt>
   <trkpt lat="40.6029760" lon="-3.1373050">
    <ele>934.1</ele>
   </trkpt>
   <trkpt lat="40.6029480" lon="-3.1373010">
    <ele>934.1</ele>
   </trkpt>
   <trkpt lat="40.6029170" lon="-3.1373080">
    <ele>934.2</ele>
   </trkpt>
   <trkpt lat="40.6029070" lon="-3.1373110">
    <ele>934.2</ele>
   </trkpt>
   <trkpt lat="40.6029020" lon="-3.1373110">
    <ele>934.2</ele>
   </trkpt>
   <trkpt lat="40.6029020" lon="-3.1373110">
    <ele>934.2</ele>
   </trkpt>
   <trkpt lat="40.6029020" lon="-3.1373130">
    <ele>934.1</ele>
   </trkpt>
   <trkpt lat="40.6029060" lon="-3.1373300">
    <ele>933.9</ele>
   </trkpt>
   <trkpt lat="40.6029100" lon="-3.1373500">
    <ele>933.8</ele>
   </trkpt>
   <trkpt lat="40.6029150" lon="-3.1373610">
    <ele>933.7</ele>
   </trkpt>
   <trkpt lat="40.6029160" lon="-3.1373610">
    <ele>933.7</ele>
   </trkpt>
   <trkpt lat="40.6029160" lon="-3.1373630">
    <ele>933.7</ele>
   </trkpt>
   <trkpt lat="40.6029160" lon="-3.1373630">
    <ele>933.6</ele>
   </trkpt>
   <trkpt lat="40.6029160" lon="-3.1373630">
    <ele>933.6</ele>
   </trkpt>
   <trkpt lat="40.6029160" lon="-3.1373630">
    <ele>933.6</ele>
   </trkpt>
   <trkpt lat="40.6029160" lon="-3.1373630">
    <ele>933.5</ele>
   </trkpt>
   <trkpt lat="40.6029160" lon="-3.1373630">
    <ele>933.5</ele>
   </trkpt>
   <trkpt lat="40.6029330" lon="-3.1373670">
    <ele>933.5</ele>
   </trkpt>
   <trkpt lat="40.6029320" lon="-3.1373570">
    <ele>933.4</ele>
   </trkpt>
   <trkpt lat="40.6029240" lon="-3.1373620">
    <ele>933.4</ele>
   </trkpt>
   <trkpt lat="40.6029100" lon="-3.1373800">
    <ele>933.2</ele>
   </trkpt>
   <trkpt lat="40.6029030" lon="-3.1373890">
    <ele>933.2</ele>
   </trkpt>
   <trkpt lat="40.6029080" lon="-3.1374140">
    <ele>932.9</ele>
   </trkpt>
   <trkpt lat="40.6029130" lon="-3.1374240">
    <ele>932.8</ele>
   </trkpt>
   <trkpt lat="40.6029190" lon="-3.1374330">
    <ele>932.7</ele>
   </trkpt>
   <trkpt lat="40.6029500" lon="-3.1374510">
    <ele>932.4</ele>
   </trkpt>
   <trkpt lat="40.6029590" lon="-3.1374580">
    <ele>932.3</ele>
   </trkpt>
   <trkpt lat="40.6029820" lon="-3.1374930">
    <ele>932.0</ele>
   </trkpt>
   <trkpt lat="40.6029870" lon="-3.1375070">
    <ele>931.9</ele>
   </trkpt>
   <trkpt lat="40.6030170" lon="-3.1375480">
    <ele>931.6</ele>
   </trkpt>
   <trkpt lat="40.6030280" lon="-3.1375640">
    <ele>931.4</ele>
   </trkpt>
   <trkpt lat="40.6030510" lon="-3.1376090">
    <ele>931.1</ele>
   </trkpt>
   <trkpt lat="40.6030740" lon="-3.1376550">
    <ele>930.8</ele>
   </trkpt>
   <trkpt lat="40.6030910" lon="-3.1377030">
    <ele>930.5</ele>
   </trkpt>
   <trkpt lat="40.6031140" lon="-3.1377640">
    <ele>930.1</ele>
   </trkpt>
   <trkpt lat="40.6031340" lon="-3.1378110">
    <ele>929.9</ele>
   </trkpt>
   <trkpt lat="40.6031560" lon="-3.1378580">
    <ele>929.6</ele>
   </trkpt>
   <trkpt lat="40.6031730" lon="-3.1379170">
    <ele>929.4</ele>
   </trkpt>
   <trkpt lat="40.6031910" lon="-3.1379740">
    <ele>929.1</ele>
   </trkpt>
   <trkpt lat="40.6032090" lon="-3.1380250">
    <ele>928.9</ele>
   </trkpt>
   <trkpt lat="40.6032290" lon="-3.1380780">
    <ele>928.7</ele>
   </trkpt>
   <trkpt lat="40.6032530" lon="-3.1381340">
    <ele>928.4</ele>
   </trkpt>
   <trkpt lat="40.6032770" lon="-3.1381850">
    <ele>928.2</ele>
   </trkpt>
   <trkpt lat="40.6033030" lon="-3.1382430">
    <ele>928.0</ele>
   </trkpt>
   <trkpt lat="40.6033370" lon="-3.1382910">
    <ele>927.8</ele>
   </trkpt>
   <trkpt lat="40.6033700" lon="-3.1383300">
    <ele>927.6</ele>
   </trkpt>
   <trkpt lat="40.6033930" lon="-3.1383740">
    <ele>927.5</ele>
   </trkpt>
   <trkpt lat="40.6034170" lon="-3.1384240">
    <ele>927.3</ele>
   </trkpt>
   <trkpt lat="40.6034380" lon="-3.1384740">
    <ele>927.2</ele>
   </trkpt>
   <trkpt lat="40.6034640" lon="-3.1385220">
    <ele>927.1</ele>
   </trkpt>
   <trkpt lat="40.6034870" lon="-3.1385710">
    <ele>926.9</ele>
   </trkpt>
   <trkpt lat="40.6035120" lon="-3.1386240">
    <ele>926.8</ele>
   </trkpt>
   <trkpt lat="40.6035420" lon="-3.1386740">
    <ele>926.7</ele>
   </trkpt>
   <trkpt lat="40.6035690" lon="-3.1387240">
    <ele>926.5</ele>
   </trkpt>
   <trkpt lat="40.6035980" lon="-3.1387660">
    <ele>926.4</ele>
   </trkpt>
   <trkpt lat="40.6036250" lon="-3.1388170">
    <ele>926.3</ele>
   </trkpt>
   <trkpt lat="40.6036520" lon="-3.1388670">
    <ele>926.2</ele>
   </trkpt>
   <trkpt lat="40.6036810" lon="-3.1389210">
    <ele>926.1</ele>
   </trkpt>
   <trkpt lat="40.6037120" lon="-3.1389770">
    <ele>926.0</ele>
   </trkpt>
   <trkpt lat="40.6037390" lon="-3.1390370">
    <ele>925.8</ele>
   </trkpt>
   <trkpt lat="40.6037690" lon="-3.1390890">
    <ele>925.7</ele>
   </trkpt>
   <trkpt lat="40.6037910" lon="-3.1391410">
    <ele>925.6</ele>
   </trkpt>
   <trkpt lat="40.6038160" lon="-3.1391890">
    <ele>925.5</ele>
   </trkpt>
   <trkpt lat="40.6038430" lon="-3.1392460">
    <ele>925.4</ele>
   </trkpt>
   <trkpt lat="40.6038720" lon="-3.1392990">
    <ele>925.3</ele>
   </trkpt>
   <trkpt lat="40.6039010" lon="-3.1393530">
    <ele>925.2</ele>
   </trkpt>
   <trkpt lat="40.6039370" lon="-3.1393950">
    <ele>925.1</ele>
   </trkpt>
   <trkpt lat="40.6039660" lon="-3.1394450">
    <ele>925.0</ele>
   </trkpt>
   <trkpt lat="40.6039950" lon="-3.1394860">
    <ele>925.0</ele>
   </trkpt>
   <trkpt lat="40.6040170" lon="-3.1395380">
    <ele>924.9</ele>
   </trkpt>
   <trkpt lat="40.6040390" lon="-3.1395830">
    <ele>924.8</ele>
   </trkpt>
   <trkpt lat="40.6040600" lon="-3.1396300">
    <ele>924.8</ele>
   </trkpt>
   <trkpt lat="40.6040740" lon="-3.1396760">
    <ele>924.7</ele>
   </trkpt>
   <trkpt lat="40.6040990" lon="-3.1397120">
    <ele>924.7</ele>
   </trkpt>
   <trkpt lat="40.6041180" lon="-3.1397600">
    <ele>924.6</ele>
   </trkpt>
   <trkpt lat="40.6041370" lon="-3.1398030">
    <ele>924.6</ele>
   </trkpt>
   <trkpt lat="40.6041650" lon="-3.1398480">
    <ele>924.6</ele>
   </trkpt>
   <trkpt lat="40.6041930" lon="-3.1398950">
    <ele>924.5</ele>
   </trkpt>
   <trkpt lat="40.6042190" lon="-3.1399390">
    <ele>924.5</ele>
   </trkpt>
   <trkpt lat="40.6042460" lon="-3.1399840">
    <ele>924.4</ele>
   </trkpt>
   <trkpt lat="40.6042700" lon="-3.1400240">
    <ele>924.3</ele>
   </trkpt>
   <trkpt lat="40.6042990" lon="-3.1400580">
    <ele>924.3</ele>
   </trkpt>
   <trkpt lat="40.6043330" lon="-3.1400880">
    <ele>924.2</ele>
   </trkpt>
   <trkpt lat="40.6043630" lon="-3.1401180">
    <ele>924.2</ele>
   </trkpt>
   <trkpt lat="40.6043890" lon="-3.1401500">
    <ele>924.1</ele>
   </trkpt>
   <trkpt lat="40.6044080" lon="-3.1401890">
    <ele>924.1</ele>
   </trkpt>
   <trkpt lat="40.6044210" lon="-3.1402370">
    <ele>924.0</ele>
   </trkpt>
   <trkpt lat="40.6044400" lon="-3.1402720">
    <ele>923.9</ele>
   </trkpt>
   <trkpt lat="40.6044610" lon="-3.1402960">
    <ele>923.9</ele>
   </trkpt>
   <trkpt lat="40.6044790" lon="-3.1403050">
    <ele>923.9</ele>
   </trkpt>
   <trkpt lat="40.6044900" lon="-3.1403140">
    <ele>923.8</ele>
   </trkpt>
   <trkpt lat="40.6045060" lon="-3.1403160">
    <ele>923.8</ele>
   </trkpt>
   <trkpt lat="40.6045180" lon="-3.1403200">
    <ele>923.8</ele>
   </trkpt>
   <trkpt lat="40.6045310" lon="-3.1403190">
    <ele>923.8</ele>
   </trkpt>
   <trkpt lat="40.6045420" lon="-3.1403240">
    <ele>923.8</ele>
   </trkpt>
   <trkpt lat="40.6045510" lon="-3.1403270">
    <ele>923.7</ele>
   </trkpt>
   <trkpt lat="40.6045560" lon="-3.1403310">
    <ele>923.7</ele>
   </trkpt>
   <trkpt lat="40.6045620" lon="-3.1403410">
    <ele>923.7</ele>
   </trkpt>
   <trkpt lat="40.6045640" lon="-3.1403510">
    <ele>923.7</ele>
   </trkpt>
   <trkpt lat="40.6045720" lon="-3.1403620">
    <ele>923.7</ele>
   </trkpt>
   <trkpt lat="40.6045790" lon="-3.1403680">
    <ele>923.7</ele>
   </trkpt>
   <trkpt lat="40.6045890" lon="-3.1403790">
    <ele>923.6</ele>
   </trkpt>
   <trkpt lat="40.6045970" lon="-3.1403900">
    <ele>923.6</ele>
   </trkpt>
   <trkpt lat="40.6046020" lon="-3.1403970">
    <ele>923.6</ele>
   </trkpt>
   <trkpt lat="40.6046100" lon="-3.1404090">
    <ele>923.6</ele>
   </trkpt>
   <trkpt lat="40.6046200" lon="-3.1404240">
    <ele>923.5</ele>
   </trkpt>
   <trkpt lat="40.6046330" lon="-3.1404360">
    <ele>923.5</ele>
   </trkpt>
   <trkpt lat="40.6046420" lon="-3.1404490">
    <ele>923.4</ele>
   </trkpt>
   <trkpt lat="40.6046560" lon="-3.1404700">
    <ele>923.4</ele>
   </trkpt>
   <trkpt lat="40.6046610" lon="-3.1404790">
    <ele>923.4</ele>
   </trkpt>
   <trkpt lat="40.6046670" lon="-3.1404890">
    <ele>923.3</ele>
   </trkpt>
   <trkpt lat="40.6046740" lon="-3.1405010">
    <ele>923.3</ele>
   </trkpt>
   <trkpt lat="40.6046840" lon="-3.1405280">
    <ele>923.2</ele>
   </trkpt>
   <trkpt lat="40.6046980" lon="-3.1405710">
    <ele>923.1</ele>
   </trkpt>
   <trkpt lat="40.6047050" lon="-3.1405850">
    <ele>923.0</ele>
   </trkpt>
   <trkpt lat="40.6047270" lon="-3.1406220">
    <ele>922.8</ele>
   </trkpt>
   <trkpt lat="40.6047350" lon="-3.1406380">
    <ele>922.8</ele>
   </trkpt>
   <trkpt lat="40.6047620" lon="-3.1406780">
    <ele>922.5</ele>
   </trkpt>
   <trkpt lat="40.6047880" lon="-3.1407240">
    <ele>922.3</ele>
   </trkpt>
   <trkpt lat="40.6048110" lon="-3.1407520">
    <ele>922.1</ele>
   </trkpt>
   <trkpt lat="40.6048300" lon="-3.1407830">
    <ele>921.9</ele>
   </trkpt>
   <trkpt lat="40.6048480" lon="-3.1408180">
    <ele>921.6</ele>
   </trkpt>
   <trkpt lat="40.6048720" lon="-3.1408590">
    <ele>921.3</ele>
   </trkpt>
   <trkpt lat="40.6048780" lon="-3.1408740">
    <ele>921.2</ele>
   </trkpt>
   <trkpt lat="40.6048930" lon="-3.1409070">
    <ele>920.9</ele>
   </trkpt>
   <trkpt lat="40.6049070" lon="-3.1409530">
    <ele>920.6</ele>
   </trkpt>
   <trkpt lat="40.6049130" lon="-3.1409690">
    <ele>920.4</ele>
   </trkpt>
   <trkpt lat="40.6049190" lon="-3.1409920">
    <ele>920.2</ele>
   </trkpt>
   <trkpt lat="40.6049290" lon="-3.1410100">
    <ele>920.1</ele>
   </trkpt>
   <trkpt lat="40.6049400" lon="-3.1410280">
    <ele>919.9</ele>
   </trkpt>
   <trkpt lat="40.6049490" lon="-3.1410450">
    <ele>919.7</ele>
   </trkpt>
   <trkpt lat="40.6049560" lon="-3.1410640">
    <ele>919.6</ele>
   </trkpt>
   <trkpt lat="40.6049670" lon="-3.1410860">
    <ele>919.4</ele>
   </trkpt>
   <trkpt lat="40.6049860" lon="-3.1411230">
    <ele>919.1</ele>
   </trkpt>
   <trkpt lat="40.6049930" lon="-3.1411370">
    <ele>918.9</ele>
   </trkpt>
   <trkpt lat="40.6050060" lon="-3.1411460">
    <ele>918.8</ele>
   </trkpt>
   <trkpt lat="40.6050190" lon="-3.1411540">
    <ele>918.7</ele>
   </trkpt>
   <trkpt lat="40.6050270" lon="-3.1411690">
    <ele>918.5</ele>
   </trkpt>
   <trkpt lat="40.6050290" lon="-3.1411800">
    <ele>918.5</ele>
   </trkpt>
   <trkpt lat="40.6050330" lon="-3.1411850">
    <ele>918.4</ele>
   </trkpt>
   <trkpt lat="40.6050320" lon="-3.1411860">
    <ele>918.4</ele>
   </trkpt>
   <trkpt lat="40.6050240" lon="-3.1411930">
    <ele>918.3</ele>
   </trkpt>
   <trkpt lat="40.6050270" lon="-3.1412150">
    <ele>918.2</ele>
   </trkpt>
   <trkpt lat="40.6050260" lon="-3.1412090">
    <ele>918.2</ele>
   </trkpt>
   <trkpt lat="40.6050280" lon="-3.1412090">
    <ele>918.2</ele>
   </trkpt>
   <trkpt lat="40.6050280" lon="-3.1412080">
    <ele>918.1</ele>
   </trkpt>
   <trkpt lat="40.6050260" lon="-3.1411970">
    <ele>918.1</ele>
   </trkpt>
   <trkpt lat="40.6050300" lon="-3.1411880">
    <ele>918.0</ele>
   </trkpt>
   <trkpt lat="40.6050390" lon="-3.1411990">
    <ele>917.9</ele>
   </trkpt>
   <trkpt lat="40.6050400" lon="-3.1412080">
    <ele>917.9</ele>
   </trkpt>
   <trkpt lat="40.6050430" lon="-3.1412120">
    <ele>917.8</ele>
   </trkpt>
   <trkpt lat="40.6050470" lon="-3.1412040">
    <ele>917.8</ele>
   </trkpt>
   <trkpt lat="40.6050580" lon="-3.1412080">
    <ele>917.7</ele>
   </trkpt>
   <trkpt lat="40.6050600" lon="-3.1412100">
    <ele>917.7</ele>
   </trkpt>
   <trkpt lat="40.6050640" lon="-3.1412150">
    <ele>917.7</ele>
   </trkpt>
   <trkpt lat="40.6050690" lon="-3.1412220">
    <ele>917.6</ele>
   </trkpt>
   <trkpt lat="40.6050700" lon="-3.1412220">
    <ele>917.6</ele>
   </trkpt>
   <trkpt lat="40.6050710" lon="-3.1412290">
    <ele>917.6</ele>
   </trkpt>
   <trkpt lat="40.6050720" lon="-3.1412370">
    <ele>917.5</ele>
   </trkpt>
   <trkpt lat="40.6050700" lon="-3.1412460">
    <ele>917.5</ele>
   </trkpt>
   <trkpt lat="40.6050730" lon="-3.1412460">
    <ele>917.5</ele>
   </trkpt>
   <trkpt lat="40.6050760" lon="-3.1412560">
    <ele>917.4</ele>
   </trkpt>
   <trkpt lat="40.6050790" lon="-3.1412630">
    <ele>917.4</ele>
   </trkpt>
   <trkpt lat="40.6050790" lon="-3.1412730">
    <ele>917.3</ele>
   </trkpt>
   <trkpt lat="40.6050780" lon="-3.1412830">
    <ele>917.3</ele>
   </trkpt>
   <trkpt lat="40.6050780" lon="-3.1412810">
    <ele>917.2</ele>
   </trkpt>
   <trkpt lat="40.6050760" lon="-3.1412850">
    <ele>917.2</ele>
   </trkpt>
   <trkpt lat="40.6050760" lon="-3.1412860">
    <ele>917.2</ele>
   </trkpt>
   <trkpt lat="40.6050760" lon="-3.1412860">
    <ele>917.2</ele>
   </trkpt>
   <trkpt lat="40.6050780" lon="-3.1412900">
    <ele>917.2</ele>
   </trkpt>
   <trkpt lat="40.6050810" lon="-3.1412870">
    <ele>917.2</ele>
   </trkpt>
   <trkpt lat="40.6050810" lon="-3.1412900">
    <ele>917.2</ele>
   </trkpt>
   <trkpt lat="40.6050860" lon="-3.1412960">
    <ele>917.1</ele>
   </trkpt>
   <trkpt lat="40.6050900" lon="-3.1413030">
    <ele>917.1</ele>
   </trkpt>
   <trkpt lat="40.6050920" lon="-3.1413130">
    <ele>917.0</ele>
   </trkpt>
   <trkpt lat="40.6050970" lon="-3.1413170">
    <ele>917.0</ele>
   </trkpt>
   <trkpt lat="40.6051010" lon="-3.1413130">
    <ele>917.0</ele>
   </trkpt>
   <trkpt lat="40.6051010" lon="-3.1413140">
    <ele>917.0</ele>
   </trkpt>
   <trkpt lat="40.6051010" lon="-3.1413140">
    <ele>917.0</ele>
   </trkpt>
   <trkpt lat="40.6051010" lon="-3.1413140">
    <ele>917.0</ele>
   </trkpt>
   <trkpt lat="40.6051010" lon="-3.1413140">
    <ele>917.0</ele>
   </trkpt>
   <trkpt lat="40.6051010" lon="-3.1413140">
    <ele>917.0</ele>
   </trkpt>
   <trkpt lat="40.6051010" lon="-3.1413140">
    <ele>917.0</ele>
   </trkpt>
   <trkpt lat="40.6051010" lon="-3.1413140">
    <ele>917.0</ele>
   </trkpt>
   <trkpt lat="40.6051010" lon="-3.1413140">
    <ele>917.0</ele>
   </trkpt>
   <trkpt lat="40.6051010" lon="-3.1413140">
    <ele>917.0</ele>
   </trkpt>
   <trkpt lat="40.6050930" lon="-3.1413140">
    <ele>916.9</ele>
   </trkpt>
   <trkpt lat="40.6050940" lon="-3.1413080">
    <ele>916.9</ele>
   </trkpt>
   <trkpt lat="40.6051010" lon="-3.1413090">
    <ele>916.8</ele>
   </trkpt>
   <trkpt lat="40.6051020" lon="-3.1413100">
    <ele>916.8</ele>
   </trkpt>
   <trkpt lat="40.6051000" lon="-3.1413070">
    <ele>916.8</ele>
   </trkpt>
   <trkpt lat="40.6051030" lon="-3.1413070">
    <ele>916.8</ele>
   </trkpt>
   <trkpt lat="40.6051040" lon="-3.1413130">
    <ele>916.8</ele>
   </trkpt>
   <trkpt lat="40.6051100" lon="-3.1413190">
    <ele>916.7</ele>
   </trkpt>
   <trkpt lat="40.6051180" lon="-3.1413170">
    <ele>916.7</ele>
   </trkpt>
   <trkpt lat="40.6051290" lon="-3.1413140">
    <ele>916.6</ele>
   </trkpt>
   <trkpt lat="40.6051420" lon="-3.1413110">
    <ele>916.5</ele>
   </trkpt>
   <trkpt lat="40.6051460" lon="-3.1412990">
    <ele>916.5</ele>
   </trkpt>
   <trkpt lat="40.6051550" lon="-3.1412870">
    <ele>916.4</ele>
   </trkpt>
   <trkpt lat="40.6051390" lon="-3.1413280">
    <ele>916.2</ele>
   </trkpt>
   <trkpt lat="40.6051540" lon="-3.1413300">
    <ele>916.1</ele>
   </trkpt>
   <trkpt lat="40.6051640" lon="-3.1413150">
    <ele>916.0</ele>
   </trkpt>
   <trkpt lat="40.6051800" lon="-3.1412910">
    <ele>915.8</ele>
   </trkpt>
   <trkpt lat="40.6051860" lon="-3.1412840">
    <ele>915.7</ele>
   </trkpt>
   <trkpt lat="40.6051930" lon="-3.1412760">
    <ele>915.7</ele>
   </trkpt>
   <trkpt lat="40.6052030" lon="-3.1412790">
    <ele>915.6</ele>
   </trkpt>
   <trkpt lat="40.6052080" lon="-3.1412860">
    <ele>915.6</ele>
   </trkpt>
   <trkpt lat="40.6052090" lon="-3.1412940">
    <ele>915.5</ele>
   </trkpt>
   <trkpt lat="40.6052090" lon="-3.1412980">
    <ele>915.5</ele>
   </trkpt>
   <trkpt lat="40.6052110" lon="-3.1412980">
    <ele>915.5</ele>
   </trkpt>
   <trkpt lat="40.6052130" lon="-3.1412990">
    <ele>915.5</ele>
   </trkpt>
   <trkpt lat="40.6052160" lon="-3.1412980">
    <ele>915.4</ele>
   </trkpt>
   <trkpt lat="40.6052180" lon="-3.1412970">
    <ele>915.4</ele>
   </trkpt>
   <trkpt lat="40.6052220" lon="-3.1412950">
    <ele>915.4</ele>
   </trkpt>
   <trkpt lat="40.6052300" lon="-3.1412940">
    <ele>915.3</ele>
   </trkpt>
   <trkpt lat="40.6052360" lon="-3.1412940">
    <ele>915.3</ele>
   </trkpt>
   <trkpt lat="40.6052390" lon="-3.1412920">
    <ele>915.2</ele>
   </trkpt>
   <trkpt lat="40.6052410" lon="-3.1412880">
    <ele>915.2</ele>
   </trkpt>
   <trkpt lat="40.6052420" lon="-3.1412870">
    <ele>915.2</ele>
   </trkpt>
   <trkpt lat="40.6052430" lon="-3.1412870">
    <ele>915.2</ele>
   </trkpt>
   <trkpt lat="40.6052440" lon="-3.1412870">
    <ele>915.2</ele>
   </trkpt>
   <trkpt lat="40.6052450" lon="-3.1412860">
    <ele>915.2</ele>
   </trkpt>
   <trkpt lat="40.6052450" lon="-3.1412860">
    <ele>915.2</ele>
   </trkpt>
   <trkpt lat="40.6052450" lon="-3.1412870">
    <ele>915.2</ele>
   </trkpt>
   <trkpt lat="40.6052460" lon="-3.1412860">
    <ele>915.2</ele>
   </trkpt>
   <trkpt lat="40.6052090" lon="-3.1413070">
    <ele>914.8</ele>
   </trkpt>
   <trkpt lat="40.6051960" lon="-3.1413090">
    <ele>914.7</ele>
   </trkpt>
   <trkpt lat="40.6051860" lon="-3.1413150">
    <ele>914.6</ele>
   </trkpt>
   <trkpt lat="40.6051860" lon="-3.1413300">
    <ele>914.5</ele>
   </trkpt>
   <trkpt lat="40.6051910" lon="-3.1413350">
    <ele>914.4</ele>
   </trkpt>
   <trkpt lat="40.6051920" lon="-3.1413430">
    <ele>914.3</ele>
   </trkpt>
   <trkpt lat="40.6051860" lon="-3.1413530">
    <ele>914.2</ele>
   </trkpt>
   <trkpt lat="40.6051750" lon="-3.1413640">
    <ele>914.0</ele>
   </trkpt>
   <trkpt lat="40.6051600" lon="-3.1413670">
    <ele>913.9</ele>
   </trkpt>
   <trkpt lat="40.6051420" lon="-3.1413690">
    <ele>913.6</ele>
   </trkpt>
   <trkpt lat="40.6051230" lon="-3.1413670">
    <ele>913.4</ele>
   </trkpt>
   <trkpt lat="40.6051050" lon="-3.1413590">
    <ele>913.1</ele>
   </trkpt>
   <trkpt lat="40.6050860" lon="-3.1413480">
    <ele>912.8</ele>
   </trkpt>
   <trkpt lat="40.6050810" lon="-3.1413450">
    <ele>912.7</ele>
   </trkpt>
   <trkpt lat="40.6050800" lon="-3.1413520">
    <ele>912.6</ele>
   </trkpt>
   <trkpt lat="40.6050840" lon="-3.1413620">
    <ele>912.5</ele>
   </trkpt>
   <trkpt lat="40.6050910" lon="-3.1413640">
    <ele>912.4</ele>
   </trkpt>
   <trkpt lat="40.6050970" lon="-3.1413600">
    <ele>912.3</ele>
   </trkpt>
   <trkpt lat="40.6051010" lon="-3.1413540">
    <ele>912.2</ele>
   </trkpt>
   <trkpt lat="40.6051070" lon="-3.1413540">
    <ele>912.1</ele>
   </trkpt>
   <trkpt lat="40.6051140" lon="-3.1413590">
    <ele>912.0</ele>
   </trkpt>
   <trkpt lat="40.6051200" lon="-3.1413670">
    <ele>911.8</ele>
   </trkpt>
   <trkpt lat="40.6051250" lon="-3.1413780">
    <ele>911.7</ele>
   </trkpt>
   <trkpt lat="40.6051280" lon="-3.1413920">
    <ele>911.5</ele>
   </trkpt>
   <trkpt lat="40.6051270" lon="-3.1414040">
    <ele>911.3</ele>
   </trkpt>
   <trkpt lat="40.6051280" lon="-3.1414160">
    <ele>911.2</ele>
   </trkpt>
   <trkpt lat="40.6051320" lon="-3.1414290">
    <ele>911.0</ele>
   </trkpt>
   <trkpt lat="40.6051390" lon="-3.1414400">
    <ele>910.8</ele>
   </trkpt>
   <trkpt lat="40.6051470" lon="-3.1414480">
    <ele>910.6</ele>
   </trkpt>
   <trkpt lat="40.6051590" lon="-3.1414570">
    <ele>910.4</ele>
   </trkpt>
   <trkpt lat="40.6051680" lon="-3.1414570">
    <ele>910.2</ele>
   </trkpt>
   <trkpt lat="40.6051690" lon="-3.1414560">
    <ele>910.2</ele>
   </trkpt>
   <trkpt lat="40.6051710" lon="-3.1414540">
    <ele>910.1</ele>
   </trkpt>
   <trkpt lat="40.6051730" lon="-3.1414530">
    <ele>910.1</ele>
   </trkpt>
   <trkpt lat="40.6051750" lon="-3.1414510">
    <ele>910.1</ele>
   </trkpt>
   <trkpt lat="40.6051760" lon="-3.1414490">
    <ele>910.0</ele>
   </trkpt>
   <trkpt lat="40.6051780" lon="-3.1414480">
    <ele>910.0</ele>
   </trkpt>
   <trkpt lat="40.6051800" lon="-3.1414460">
    <ele>910.0</ele>
   </trkpt>
   <trkpt lat="40.6051820" lon="-3.1414450">
    <ele>909.9</ele>
   </trkpt>
   <trkpt lat="40.6051830" lon="-3.1414430">
    <ele>909.9</ele>
   </trkpt>
   <trkpt lat="40.6051850" lon="-3.1414410">
    <ele>909.8</ele>
   </trkpt>
   <trkpt lat="40.6051870" lon="-3.1414400">
    <ele>909.8</ele>
   </trkpt>
   <trkpt lat="40.6051890" lon="-3.1414380">
    <ele>909.8</ele>
   </trkpt>
   <trkpt lat="40.6051900" lon="-3.1414370">
    <ele>909.7</ele>
   </trkpt>
   <trkpt lat="40.6051920" lon="-3.1414350">
    <ele>909.7</ele>
   </trkpt>
   <trkpt lat="40.6052060" lon="-3.1414400">
    <ele>909.4</ele>
   </trkpt>
   <trkpt lat="40.6052220" lon="-3.1414450">
    <ele>909.1</ele>
   </trkpt>
   <trkpt lat="40.6052280" lon="-3.1414430">
    <ele>909.0</ele>
   </trkpt>
   <trkpt lat="40.6052370" lon="-3.1414450">
    <ele>908.9</ele>
   </trkpt>
   <trkpt lat="40.6052480" lon="-3.1414470">
    <ele>908.7</ele>
   </trkpt>
   <trkpt lat="40.6052580" lon="-3.1414500">
    <ele>908.5</ele>
   </trkpt>
   <trkpt lat="40.6052680" lon="-3.1414530">
    <ele>908.3</ele>
   </trkpt>
   <trkpt lat="40.6052760" lon="-3.1414570">
    <ele>908.2</ele>
   </trkpt>
   <trkpt lat="40.6052830" lon="-3.1414630">
    <ele>908.0</ele>
   </trkpt>
   <trkpt lat="40.6052880" lon="-3.1414640">
    <ele>907.9</ele>
   </trkpt>
   <trkpt lat="40.6052960" lon="-3.1414660">
    <ele>907.8</ele>
   </trkpt>
   <trkpt lat="40.6053020" lon="-3.1414690">
    <ele>907.7</ele>
   </trkpt>
   <trkpt lat="40.6053090" lon="-3.1414750">
    <ele>907.5</ele>
   </trkpt>
   <trkpt lat="40.6053170" lon="-3.1414810">
    <ele>907.4</ele>
   </trkpt>
   <trkpt lat="40.6053250" lon="-3.1414900">
    <ele>907.2</ele>
   </trkpt>
   <trkpt lat="40.6053310" lon="-3.1414980">
    <ele>907.1</ele>
   </trkpt>
   <trkpt lat="40.6053350" lon="-3.1415020">
    <ele>907.0</ele>
   </trkpt>
   <trkpt lat="40.6053400" lon="-3.1415070">
    <ele>906.9</ele>
   </trkpt>
   <trkpt lat="40.6053480" lon="-3.1415150">
    <ele>906.7</ele>
   </trkpt>
   <trkpt lat="40.6053590" lon="-3.1415200">
    <ele>906.5</ele>
   </trkpt>
   <trkpt lat="40.6053630" lon="-3.1415240">
    <ele>906.4</ele>
   </trkpt>
   <trkpt lat="40.6053680" lon="-3.1415330">
    <ele>906.3</ele>
   </trkpt>
   <trkpt lat="40.6053750" lon="-3.1415410">
    <ele>906.2</ele>
   </trkpt>
   <trkpt lat="40.6053830" lon="-3.1415500">
    <ele>906.0</ele>
   </trkpt>
   <trkpt lat="40.6053910" lon="-3.1415560">
    <ele>905.9</ele>
   </trkpt>
   <trkpt lat="40.6053970" lon="-3.1415660">
    <ele>905.7</ele>
   </trkpt>
   <trkpt lat="40.6054000" lon="-3.1415760">
    <ele>905.6</ele>
   </trkpt>
   <trkpt lat="40.6054050" lon="-3.1415860">
    <ele>905.5</ele>
   </trkpt>
   <trkpt lat="40.6054080" lon="-3.1415940">
    <ele>905.4</ele>
   </trkpt>
   <trkpt lat="40.6054120" lon="-3.1415990">
    <ele>905.3</ele>
   </trkpt>
   <trkpt lat="40.6054160" lon="-3.1416070">
    <ele>905.2</ele>
   </trkpt>
   <trkpt lat="40.6054200" lon="-3.1416160">
    <ele>905.1</ele>
   </trkpt>
   <trkpt lat="40.6054230" lon="-3.1416220">
    <ele>905.0</ele>
   </trkpt>
   <trkpt lat="40.6054280" lon="-3.1416300">
    <ele>904.9</ele>
   </trkpt>
   <trkpt lat="40.6054320" lon="-3.1416350">
    <ele>904.8</ele>
   </trkpt>
   <trkpt lat="40.6054350" lon="-3.1416310">
    <ele>904.7</ele>
   </trkpt>
   <trkpt lat="40.6054340" lon="-3.1416240">
    <ele>904.6</ele>
   </trkpt>
   <trkpt lat="40.6054250" lon="-3.1416190">
    <ele>904.5</ele>
   </trkpt>
   <trkpt lat="40.6054220" lon="-3.1416140">
    <ele>904.4</ele>
   </trkpt>
   <trkpt lat="40.6054220" lon="-3.1416130">
    <ele>904.4</ele>
   </trkpt>
   <trkpt lat="40.6054240" lon="-3.1416120">
    <ele>904.4</ele>
   </trkpt>
   <trkpt lat="40.6054280" lon="-3.1416120">
    <ele>904.3</ele>
   </trkpt>
   <trkpt lat="40.6054280" lon="-3.1416120">
    <ele>904.3</ele>
   </trkpt>
   <trkpt lat="40.6054290" lon="-3.1416120">
    <ele>904.3</ele>
   </trkpt>
   <trkpt lat="40.6054340" lon="-3.1416120">
    <ele>904.2</ele>
   </trkpt>
   <trkpt lat="40.6054410" lon="-3.1416140">
    <ele>904.1</ele>
   </trkpt>
   <trkpt lat="40.6054490" lon="-3.1416170">
    <ele>904.0</ele>
   </trkpt>
   <trkpt lat="40.6055460" lon="-3.1416270">
    <ele>902.7</ele>
   </trkpt>
   <trkpt lat="40.6055550" lon="-3.1416310">
    <ele>902.5</ele>
   </trkpt>
   <trkpt lat="40.6055720" lon="-3.1416400">
    <ele>902.3</ele>
   </trkpt>
   <trkpt lat="40.6055980" lon="-3.1416560">
    <ele>901.8</ele>
   </trkpt>
   <trkpt lat="40.6056100" lon="-3.1416670">
    <ele>901.6</ele>
   </trkpt>
   <trkpt lat="40.6056220" lon="-3.1416790">
    <ele>901.4</ele>
   </trkpt>
   <trkpt lat="40.6056390" lon="-3.1416970">
    <ele>901.0</ele>
   </trkpt>
   <trkpt lat="40.6056460" lon="-3.1417030">
    <ele>900.9</ele>
   </trkpt>
   <trkpt lat="40.6056530" lon="-3.1417100">
    <ele>900.8</ele>
   </trkpt>
   <trkpt lat="40.6056610" lon="-3.1417200">
    <ele>900.6</ele>
   </trkpt>
   <trkpt lat="40.6056690" lon="-3.1417260">
    <ele>900.4</ele>
   </trkpt>
   <trkpt lat="40.6056750" lon="-3.1417320">
    <ele>900.3</ele>
   </trkpt>
   <trkpt lat="40.6056840" lon="-3.1417440">
    <ele>900.1</ele>
   </trkpt>
   <trkpt lat="40.6056890" lon="-3.1417520">
    <ele>899.9</ele>
   </trkpt>
   <trkpt lat="40.6056950" lon="-3.1417600">
    <ele>899.8</ele>
   </trkpt>
   <trkpt lat="40.6057000" lon="-3.1417680">
    <ele>899.7</ele>
   </trkpt>
   <trkpt lat="40.6057060" lon="-3.1417760">
    <ele>899.5</ele>
   </trkpt>
   <trkpt lat="40.6057110" lon="-3.1417840">
    <ele>899.4</ele>
   </trkpt>
   <trkpt lat="40.6057170" lon="-3.1417910">
    <ele>899.3</ele>
   </trkpt>
   <trkpt lat="40.6057220" lon="-3.1417990">
    <ele>899.1</ele>
   </trkpt>
   <trkpt lat="40.6057280" lon="-3.1418070">
    <ele>899.0</ele>
   </trkpt>
   <trkpt lat="40.6057330" lon="-3.1418150">
    <ele>898.8</ele>
   </trkpt>
   <trkpt lat="40.6057390" lon="-3.1418230">
    <ele>898.7</ele>
   </trkpt>
   <trkpt lat="40.6057440" lon="-3.1418310">
    <ele>898.6</ele>
   </trkpt>
   <trkpt lat="40.6057500" lon="-3.1418390">
    <ele>898.4</ele>
   </trkpt>
   <trkpt lat="40.6057640" lon="-3.1418630">
    <ele>898.0</ele>
   </trkpt>
   <trkpt lat="40.6057680" lon="-3.1418710">
    <ele>897.9</ele>
   </trkpt>
   <trkpt lat="40.6057730" lon="-3.1418790">
    <ele>897.8</ele>
   </trkpt>
   <trkpt lat="40.6057790" lon="-3.1418890">
    <ele>897.6</ele>
   </trkpt>
   <trkpt lat="40.6057860" lon="-3.1419010">
    <ele>897.4</ele>
   </trkpt>
   <trkpt lat="40.6057930" lon="-3.1419100">
    <ele>897.2</ele>
   </trkpt>
   <trkpt lat="40.6057990" lon="-3.1419170">
    <ele>897.1</ele>
   </trkpt>
   <trkpt lat="40.6058050" lon="-3.1419300">
    <ele>896.9</ele>
   </trkpt>
   <trkpt lat="40.6058080" lon="-3.1419390">
    <ele>896.8</ele>
   </trkpt>
   <trkpt lat="40.6058080" lon="-3.1419440">
    <ele>896.7</ele>
   </trkpt>
   <trkpt lat="40.6058100" lon="-3.1419550">
    <ele>896.6</ele>
   </trkpt>
   <trkpt lat="40.6058080" lon="-3.1419590">
    <ele>896.5</ele>
   </trkpt>
   <trkpt lat="40.6058060" lon="-3.1419620">
    <ele>896.4</ele>
   </trkpt>
   <trkpt lat="40.6057940" lon="-3.1419420">
    <ele>896.1</ele>
   </trkpt>
   <trkpt lat="40.6057900" lon="-3.1419360">
    <ele>896.0</ele>
   </trkpt>
   <trkpt lat="40.6057890" lon="-3.1419330">
    <ele>896.0</ele>
   </trkpt>
   <trkpt lat="40.6057880" lon="-3.1419310">
    <ele>895.9</ele>
   </trkpt>
   <trkpt lat="40.6057880" lon="-3.1419320">
    <ele>895.9</ele>
   </trkpt>
   <trkpt lat="40.6057880" lon="-3.1419320">
    <ele>895.9</ele>
   </trkpt>
   <trkpt lat="40.6057880" lon="-3.1419310">
    <ele>895.9</ele>
   </trkpt>
   <trkpt lat="40.6057880" lon="-3.1419310">
    <ele>895.9</ele>
   </trkpt>
   <trkpt lat="40.6057880" lon="-3.1419310">
    <ele>895.9</ele>
   </trkpt>
   <trkpt lat="40.6057900" lon="-3.1419350">
    <ele>895.8</ele>
   </trkpt>
   <trkpt lat="40.6058240" lon="-3.1419740">
    <ele>895.1</ele>
   </trkpt>
   <trkpt lat="40.6058320" lon="-3.1419830">
    <ele>894.9</ele>
   </trkpt>
   <trkpt lat="40.6058390" lon="-3.1419930">
    <ele>894.7</ele>
   </trkpt>
   <trkpt lat="40.6058470" lon="-3.1420030">
    <ele>894.5</ele>
   </trkpt>
   <trkpt lat="40.6058530" lon="-3.1420160">
    <ele>894.3</ele>
   </trkpt>
   <trkpt lat="40.6058590" lon="-3.1420240">
    <ele>894.2</ele>
   </trkpt>
   <trkpt lat="40.6058670" lon="-3.1420330">
    <ele>894.0</ele>
   </trkpt>
   <trkpt lat="40.6058750" lon="-3.1420410">
    <ele>893.8</ele>
   </trkpt>
   <trkpt lat="40.6058820" lon="-3.1420510">
    <ele>893.6</ele>
   </trkpt>
   <trkpt lat="40.6058890" lon="-3.1420560">
    <ele>893.5</ele>
   </trkpt>
   <trkpt lat="40.6058920" lon="-3.1420520">
    <ele>893.4</ele>
   </trkpt>
   <trkpt lat="40.6058940" lon="-3.1420560">
    <ele>893.3</ele>
   </trkpt>
   <trkpt lat="40.6058970" lon="-3.1420600">
    <ele>893.2</ele>
   </trkpt>
   <trkpt lat="40.6058990" lon="-3.1420640">
    <ele>893.1</ele>
   </trkpt>
   <trkpt lat="40.6059010" lon="-3.1420680">
    <ele>893.1</ele>
   </trkpt>
   <trkpt lat="40.6059030" lon="-3.1420730">
    <ele>893.0</ele>
   </trkpt>
   <trkpt lat="40.6059050" lon="-3.1420770">
    <ele>892.9</ele>
   </trkpt>
   <trkpt lat="40.6059070" lon="-3.1420810">
    <ele>892.8</ele>
   </trkpt>
   <trkpt lat="40.6059100" lon="-3.1420850">
    <ele>892.7</ele>
   </trkpt>
   <trkpt lat="40.6059120" lon="-3.1420890">
    <ele>892.7</ele>
   </trkpt>
   <trkpt lat="40.6059140" lon="-3.1420930">
    <ele>892.6</ele>
   </trkpt>
   <trkpt lat="40.6059220" lon="-3.1421080">
    <ele>892.3</ele>
   </trkpt>
   <trkpt lat="40.6059270" lon="-3.1421180">
    <ele>892.1</ele>
   </trkpt>
   <trkpt lat="40.6059340" lon="-3.1421300">
    <ele>891.9</ele>
   </trkpt>
   <trkpt lat="40.6059410" lon="-3.1421420">
    <ele>891.6</ele>
   </trkpt>
   <trkpt lat="40.6059480" lon="-3.1421510">
    <ele>891.4</ele>
   </trkpt>
   <trkpt lat="40.6059550" lon="-3.1421630">
    <ele>891.2</ele>
   </trkpt>
   <trkpt lat="40.6059610" lon="-3.1421730">
    <ele>891.0</ele>
   </trkpt>
   <trkpt lat="40.6059680" lon="-3.1421840">
    <ele>890.8</ele>
   </trkpt>
   <trkpt lat="40.6059750" lon="-3.1421970">
    <ele>890.5</ele>
   </trkpt>
   <trkpt lat="40.6059830" lon="-3.1422170">
    <ele>890.1</ele>
   </trkpt>
   <trkpt lat="40.6059870" lon="-3.1422170">
    <ele>890.1</ele>
   </trkpt>
   <trkpt lat="40.6059930" lon="-3.1422270">
    <ele>889.9</ele>
   </trkpt>
   <trkpt lat="40.6060000" lon="-3.1422390">
    <ele>889.6</ele>
   </trkpt>
   <trkpt lat="40.6060070" lon="-3.1422430">
    <ele>889.5</ele>
   </trkpt>
   <trkpt lat="40.6060140" lon="-3.1422530">
    <ele>889.3</ele>
   </trkpt>
   <trkpt lat="40.6060190" lon="-3.1422600">
    <ele>889.1</ele>
   </trkpt>
   <trkpt lat="40.6060220" lon="-3.1422690">
    <ele>889.0</ele>
   </trkpt>
   <trkpt lat="40.6060250" lon="-3.1422830">
    <ele>888.7</ele>
   </trkpt>
   <trkpt lat="40.6060270" lon="-3.1422940">
    <ele>888.6</ele>
   </trkpt>
   <trkpt lat="40.6060340" lon="-3.1423130">
    <ele>888.2</ele>
   </trkpt>
   <trkpt lat="40.6060370" lon="-3.1423210">
    <ele>888.1</ele>
   </trkpt>
   <trkpt lat="40.6060410" lon="-3.1423300">
    <ele>888.0</ele>
   </trkpt>
   <trkpt lat="40.6060440" lon="-3.1423380">
    <ele>887.8</ele>
   </trkpt>
   <trkpt lat="40.6060490" lon="-3.1423480">
    <ele>887.6</ele>
   </trkpt>
   <trkpt lat="40.6060550" lon="-3.1423580">
    <ele>887.4</ele>
   </trkpt>
   <trkpt lat="40.6060600" lon="-3.1423670">
    <ele>887.3</ele>
   </trkpt>
   <trkpt lat="40.6060650" lon="-3.1423770">
    <ele>887.1</ele>
   </trkpt>
   <trkpt lat="40.6060740" lon="-3.1423900">
    <ele>886.8</ele>
   </trkpt>
   <trkpt lat="40.6060810" lon="-3.1423940">
    <ele>886.7</ele>
   </trkpt>
   <trkpt lat="40.6060870" lon="-3.1424020">
    <ele>886.5</ele>
   </trkpt>
   <trkpt lat="40.6060890" lon="-3.1424040">
    <ele>886.5</ele>
   </trkpt>
   <trkpt lat="40.6060910" lon="-3.1424070">
    <ele>886.4</ele>
   </trkpt>
   <trkpt lat="40.6060930" lon="-3.1424090">
    <ele>886.4</ele>
   </trkpt>
   <trkpt lat="40.6060950" lon="-3.1424120">
    <ele>886.3</ele>
   </trkpt>
   <trkpt lat="40.6060970" lon="-3.1424150">
    <ele>886.3</ele>
   </trkpt>
   <trkpt lat="40.6060980" lon="-3.1424170">
    <ele>886.2</ele>
   </trkpt>
   <trkpt lat="40.6061000" lon="-3.1424200">
    <ele>886.2</ele>
   </trkpt>
   <trkpt lat="40.6061020" lon="-3.1424230">
    <ele>886.1</ele>
   </trkpt>
   <trkpt lat="40.6061040" lon="-3.1424250">
    <ele>886.1</ele>
   </trkpt>
   <trkpt lat="40.6061060" lon="-3.1424280">
    <ele>886.0</ele>
   </trkpt>
   <trkpt lat="40.6061080" lon="-3.1424300">
    <ele>886.0</ele>
   </trkpt>
   <trkpt lat="40.6061100" lon="-3.1424330">
    <ele>885.9</ele>
   </trkpt>
   <trkpt lat="40.6061190" lon="-3.1424500">
    <ele>885.6</ele>
   </trkpt>
   <trkpt lat="40.6061250" lon="-3.1424660">
    <ele>885.3</ele>
   </trkpt>
   <trkpt lat="40.6061300" lon="-3.1424820">
    <ele>885.1</ele>
   </trkpt>
   <trkpt lat="40.6061320" lon="-3.1424910">
    <ele>884.9</ele>
   </trkpt>
   <trkpt lat="40.6061360" lon="-3.1425040">
    <ele>884.7</ele>
   </trkpt>
   <trkpt lat="40.6061370" lon="-3.1425130">
    <ele>884.6</ele>
   </trkpt>
   <trkpt lat="40.6061400" lon="-3.1425240">
    <ele>884.4</ele>
   </trkpt>
   <trkpt lat="40.6061420" lon="-3.1425350">
    <ele>884.3</ele>
   </trkpt>
   <trkpt lat="40.6061440" lon="-3.1425460">
    <ele>884.1</ele>
   </trkpt>
   <trkpt lat="40.6061450" lon="-3.1425600">
    <ele>883.9</ele>
   </trkpt>
   <trkpt lat="40.6061450" lon="-3.1425730">
    <ele>883.7</ele>
   </trkpt>
   <trkpt lat="40.6061480" lon="-3.1425910">
    <ele>883.5</ele>
   </trkpt>
   <trkpt lat="40.6061480" lon="-3.1425970">
    <ele>883.4</ele>
   </trkpt>
   <trkpt lat="40.6061500" lon="-3.1426110">
    <ele>883.2</ele>
   </trkpt>
   <trkpt lat="40.6061520" lon="-3.1426280">
    <ele>882.9</ele>
   </trkpt>
   <trkpt lat="40.6061530" lon="-3.1426440">
    <ele>882.7</ele>
   </trkpt>
   <trkpt lat="40.6061540" lon="-3.1426580">
    <ele>882.5</ele>
   </trkpt>
   <trkpt lat="40.6061530" lon="-3.1426730">
    <ele>882.3</ele>
   </trkpt>
   <trkpt lat="40.6061540" lon="-3.1426850">
    <ele>882.1</ele>
   </trkpt>
   <trkpt lat="40.6061560" lon="-3.1426980">
    <ele>881.9</ele>
   </trkpt>
   <trkpt lat="40.6061600" lon="-3.1427120">
    <ele>881.7</ele>
   </trkpt>
   <trkpt lat="40.6061630" lon="-3.1427230">
    <ele>881.5</ele>
   </trkpt>
   <trkpt lat="40.6061660" lon="-3.1427320">
    <ele>881.4</ele>
   </trkpt>
   <trkpt lat="40.6061680" lon="-3.1427390">
    <ele>881.3</ele>
   </trkpt>
   <trkpt lat="40.6061690" lon="-3.1427460">
    <ele>881.2</ele>
   </trkpt>
   <trkpt lat="40.6061700" lon="-3.1427680">
    <ele>880.9</ele>
   </trkpt>
   <trkpt lat="40.6061710" lon="-3.1427780">
    <ele>880.7</ele>
   </trkpt>
   <trkpt lat="40.6061720" lon="-3.1427880">
    <ele>880.6</ele>
   </trkpt>
   <trkpt lat="40.6061730" lon="-3.1427980">
    <ele>880.4</ele>
   </trkpt>
   <trkpt lat="40.6061760" lon="-3.1428060">
    <ele>880.3</ele>
   </trkpt>
   <trkpt lat="40.6061770" lon="-3.1428040">
    <ele>880.3</ele>
   </trkpt>
   <trkpt lat="40.6061780" lon="-3.1428160">
    <ele>880.1</ele>
   </trkpt>
   <trkpt lat="40.6061770" lon="-3.1428160">
    <ele>880.1</ele>
   </trkpt>
   <trkpt lat="40.6061780" lon="-3.1428280">
    <ele>879.9</ele>
   </trkpt>
   <trkpt lat="40.6061740" lon="-3.1428330">
    <ele>879.8</ele>
   </trkpt>
   <trkpt lat="40.6061710" lon="-3.1428430">
    <ele>879.6</ele>
   </trkpt>
   <trkpt lat="40.6061710" lon="-3.1428560">
    <ele>879.4</ele>
   </trkpt>
   <trkpt lat="40.6061740" lon="-3.1428720">
    <ele>879.2</ele>
   </trkpt>
   <trkpt lat="40.6061720" lon="-3.1428760">
    <ele>879.1</ele>
   </trkpt>
   <trkpt lat="40.6061710" lon="-3.1428810">
    <ele>879.0</ele>
   </trkpt>
   <trkpt lat="40.6061710" lon="-3.1428900">
    <ele>878.9</ele>
   </trkpt>
   <trkpt lat="40.6061710" lon="-3.1428990">
    <ele>878.7</ele>
   </trkpt>
   <trkpt lat="40.6061740" lon="-3.1429090">
    <ele>878.6</ele>
   </trkpt>
   <trkpt lat="40.6061780" lon="-3.1429180">
    <ele>878.4</ele>
   </trkpt>
   <trkpt lat="40.6061870" lon="-3.1429200">
    <ele>878.2</ele>
   </trkpt>
   <trkpt lat="40.6061940" lon="-3.1429270">
    <ele>878.1</ele>
   </trkpt>
   <trkpt lat="40.6061980" lon="-3.1429300">
    <ele>878.0</ele>
   </trkpt>
   <trkpt lat="40.6062040" lon="-3.1429420">
    <ele>877.7</ele>
   </trkpt>
   <trkpt lat="40.6062070" lon="-3.1429500">
    <ele>877.6</ele>
   </trkpt>
   <trkpt lat="40.6062100" lon="-3.1429590">
    <ele>877.5</ele>
   </trkpt>
   <trkpt lat="40.6062120" lon="-3.1429650">
    <ele>877.4</ele>
   </trkpt>
   <trkpt lat="40.6062140" lon="-3.1429760">
    <ele>877.2</ele>
   </trkpt>
   <trkpt lat="40.6062210" lon="-3.1429880">
    <ele>876.9</ele>
   </trkpt>
   <trkpt lat="40.6062290" lon="-3.1429980">
    <ele>876.7</ele>
   </trkpt>
   <trkpt lat="40.6062360" lon="-3.1430020">
    <ele>876.6</ele>
   </trkpt>
   <trkpt lat="40.6062440" lon="-3.1430120">
    <ele>876.4</ele>
   </trkpt>
   <trkpt lat="40.6062530" lon="-3.1430210">
    <ele>876.1</ele>
   </trkpt>
   <trkpt lat="40.6062560" lon="-3.1430250">
    <ele>876.1</ele>
   </trkpt>
   <trkpt lat="40.6062610" lon="-3.1430320">
    <ele>875.9</ele>
   </trkpt>
   <trkpt lat="40.6062640" lon="-3.1430320">
    <ele>875.9</ele>
   </trkpt>
   <trkpt lat="40.6062690" lon="-3.1430380">
    <ele>875.7</ele>
   </trkpt>
   <trkpt lat="40.6062740" lon="-3.1430430">
    <ele>875.6</ele>
   </trkpt>
   <trkpt lat="40.6062810" lon="-3.1430490">
    <ele>875.4</ele>
   </trkpt>
   <trkpt lat="40.6062900" lon="-3.1430570">
    <ele>875.2</ele>
   </trkpt>
   <trkpt lat="40.6062980" lon="-3.1430620">
    <ele>875.1</ele>
   </trkpt>
   <trkpt lat="40.6063020" lon="-3.1430520">
    <ele>874.9</ele>
   </trkpt>
   <trkpt lat="40.6062970" lon="-3.1430390">
    <ele>874.7</ele>
   </trkpt>
   <trkpt lat="40.6062860" lon="-3.1430180">
    <ele>874.3</ele>
   </trkpt>
   <trkpt lat="40.6062800" lon="-3.1430090">
    <ele>874.2</ele>
   </trkpt>
   <trkpt lat="40.6062750" lon="-3.1430080">
    <ele>874.1</ele>
   </trkpt>
   <trkpt lat="40.6062750" lon="-3.1430060">
    <ele>874.0</ele>
   </trkpt>
   <trkpt lat="40.6062740" lon="-3.1430080">
    <ele>874.0</ele>
   </trkpt>
   <trkpt lat="40.6062720" lon="-3.1430110">
    <ele>873.9</ele>
   </trkpt>
   <trkpt lat="40.6062710" lon="-3.1430100">
    <ele>873.9</ele>
   </trkpt>
   <trkpt lat="40.6062710" lon="-3.1430090">
    <ele>873.9</ele>
   </trkpt>
   <trkpt lat="40.6062710" lon="-3.1430090">
    <ele>873.9</ele>
   </trkpt>
   <trkpt lat="40.6063080" lon="-3.1430520">
    <ele>873.0</ele>
   </trkpt>
   <trkpt lat="40.6063150" lon="-3.1430660">
    <ele>872.7</ele>
   </trkpt>
   <trkpt lat="40.6063230" lon="-3.1430790">
    <ele>872.5</ele>
   </trkpt>
   <trkpt lat="40.6063280" lon="-3.1430920">
    <ele>872.3</ele>
   </trkpt>
   <trkpt lat="40.6063340" lon="-3.1431030">
    <ele>872.1</ele>
   </trkpt>
   <trkpt lat="40.6063440" lon="-3.1431230">
    <ele>871.8</ele>
   </trkpt>
   <trkpt lat="40.6063420" lon="-3.1431280">
    <ele>871.7</ele>
   </trkpt>
   <trkpt lat="40.6063450" lon="-3.1431410">
    <ele>871.5</ele>
   </trkpt>
   <trkpt lat="40.6063490" lon="-3.1431540">
    <ele>871.3</ele>
   </trkpt>
   <trkpt lat="40.6063540" lon="-3.1431680">
    <ele>871.1</ele>
   </trkpt>
   <trkpt lat="40.6063590" lon="-3.1431820">
    <ele>870.9</ele>
   </trkpt>
   <trkpt lat="40.6063650" lon="-3.1431970">
    <ele>870.7</ele>
   </trkpt>
   <trkpt lat="40.6063690" lon="-3.1432080">
    <ele>870.5</ele>
   </trkpt>
   <trkpt lat="40.6063730" lon="-3.1432210">
    <ele>870.3</ele>
   </trkpt>
   <trkpt lat="40.6063750" lon="-3.1432290">
    <ele>870.2</ele>
   </trkpt>
   <trkpt lat="40.6063780" lon="-3.1432360">
    <ele>870.1</ele>
   </trkpt>
   <trkpt lat="40.6063810" lon="-3.1432480">
    <ele>869.9</ele>
   </trkpt>
   <trkpt lat="40.6063830" lon="-3.1432570">
    <ele>869.8</ele>
   </trkpt>
   <trkpt lat="40.6063860" lon="-3.1432670">
    <ele>869.7</ele>
   </trkpt>
   <trkpt lat="40.6063930" lon="-3.1432780">
    <ele>869.5</ele>
   </trkpt>
   <trkpt lat="40.6064010" lon="-3.1432880">
    <ele>869.3</ele>
   </trkpt>
   <trkpt lat="40.6064070" lon="-3.1432910">
    <ele>869.2</ele>
   </trkpt>
   <trkpt lat="40.6064140" lon="-3.1432980">
    <ele>869.1</ele>
   </trkpt>
   <trkpt lat="40.6064240" lon="-3.1433060">
    <ele>868.9</ele>
   </trkpt>
   <trkpt lat="40.6064290" lon="-3.1433120">
    <ele>868.7</ele>
   </trkpt>
   <trkpt lat="40.6064360" lon="-3.1433150">
    <ele>868.6</ele>
   </trkpt>
   <trkpt lat="40.6064440" lon="-3.1433190">
    <ele>868.5</ele>
   </trkpt>
   <trkpt lat="40.6064480" lon="-3.1433180">
    <ele>868.4</ele>
   </trkpt>
   <trkpt lat="40.6064410" lon="-3.1433180">
    <ele>868.3</ele>
   </trkpt>
   <trkpt lat="40.6064400" lon="-3.1433220">
    <ele>868.3</ele>
   </trkpt>
   <trkpt lat="40.6064420" lon="-3.1433260">
    <ele>868.2</ele>
   </trkpt>
   <trkpt lat="40.6064450" lon="-3.1433280">
    <ele>868.1</ele>
   </trkpt>
   <trkpt lat="40.6064560" lon="-3.1433360">
    <ele>867.9</ele>
   </trkpt>
   <trkpt lat="40.6064770" lon="-3.1433590">
    <ele>867.5</ele>
   </trkpt>
   <trkpt lat="40.6064860" lon="-3.1433710">
    <ele>867.4</ele>
   </trkpt>
   <trkpt lat="40.6065090" lon="-3.1433920">
    <ele>867.0</ele>
   </trkpt>
   <trkpt lat="40.6065160" lon="-3.1433990">
    <ele>866.8</ele>
   </trkpt>
   <trkpt lat="40.6065290" lon="-3.1434080">
    <ele>866.6</ele>
   </trkpt>
   <trkpt lat="40.6065400" lon="-3.1434140">
    <ele>866.5</ele>
   </trkpt>
   <trkpt lat="40.6065470" lon="-3.1434170">
    <ele>866.4</ele>
   </trkpt>
   <trkpt lat="40.6065570" lon="-3.1434220">
    <ele>866.2</ele>
   </trkpt>
   <trkpt lat="40.6065680" lon="-3.1434260">
    <ele>866.1</ele>
   </trkpt>
   <trkpt lat="40.6065800" lon="-3.1434310">
    <ele>865.9</ele>
   </trkpt>
   <trkpt lat="40.6065890" lon="-3.1434360">
    <ele>865.8</ele>
   </trkpt>
   <trkpt lat="40.6065900" lon="-3.1434390">
    <ele>865.8</ele>
   </trkpt>
   <trkpt lat="40.6065920" lon="-3.1434430">
    <ele>865.7</ele>
   </trkpt>
   <trkpt lat="40.6065960" lon="-3.1434490">
    <ele>865.7</ele>
   </trkpt>
   <trkpt lat="40.6066040" lon="-3.1434590">
    <ele>865.5</ele>
   </trkpt>
   <trkpt lat="40.6066160" lon="-3.1434780">
    <ele>865.3</ele>
   </trkpt>
   <trkpt lat="40.6066260" lon="-3.1434950">
    <ele>865.1</ele>
   </trkpt>
   <trkpt lat="40.6066470" lon="-3.1435250">
    <ele>864.7</ele>
   </trkpt>
   <trkpt lat="40.6066530" lon="-3.1435340">
    <ele>864.6</ele>
   </trkpt>
   <trkpt lat="40.6066660" lon="-3.1435490">
    <ele>864.4</ele>
   </trkpt>
   <trkpt lat="40.6066770" lon="-3.1435630">
    <ele>864.2</ele>
   </trkpt>
   <trkpt lat="40.6067040" lon="-3.1435870">
    <ele>863.8</ele>
   </trkpt>
   <trkpt lat="40.6067120" lon="-3.1435950">
    <ele>863.7</ele>
   </trkpt>
   <trkpt lat="40.6067250" lon="-3.1436060">
    <ele>863.5</ele>
   </trkpt>
   <trkpt lat="40.6067380" lon="-3.1436140">
    <ele>863.3</ele>
   </trkpt>
   <trkpt lat="40.6068190" lon="-3.1436710">
    <ele>862.3</ele>
   </trkpt>
   <trkpt lat="40.6068460" lon="-3.1436800">
    <ele>861.9</ele>
   </trkpt>
   <trkpt lat="40.6068780" lon="-3.1436920">
    <ele>861.5</ele>
   </trkpt>
   <trkpt lat="40.6069040" lon="-3.1437000">
    <ele>861.2</ele>
   </trkpt>
   <trkpt lat="40.6069400" lon="-3.1437110">
    <ele>860.8</ele>
   </trkpt>
   <trkpt lat="40.6069510" lon="-3.1437150">
    <ele>860.7</ele>
   </trkpt>
   <trkpt lat="40.6069900" lon="-3.1437300">
    <ele>860.2</ele>
   </trkpt>
   <trkpt lat="40.6070030" lon="-3.1437390">
    <ele>860.0</ele>
   </trkpt>
   <trkpt lat="40.6070350" lon="-3.1437600">
    <ele>859.6</ele>
   </trkpt>
   <trkpt lat="40.6070720" lon="-3.1437730">
    <ele>859.2</ele>
   </trkpt>
   <trkpt lat="40.6071060" lon="-3.1437790">
    <ele>858.8</ele>
   </trkpt>
   <trkpt lat="40.6071360" lon="-3.1437840">
    <ele>858.5</ele>
   </trkpt>
   <trkpt lat="40.6071640" lon="-3.1437820">
    <ele>858.2</ele>
   </trkpt>
   <trkpt lat="40.6072000" lon="-3.1437760">
    <ele>857.8</ele>
   </trkpt>
   <trkpt lat="40.6072120" lon="-3.1437730">
    <ele>857.7</ele>
   </trkpt>
   <trkpt lat="40.6072350" lon="-3.1437690">
    <ele>857.4</ele>
   </trkpt>
   <trkpt lat="40.6072340" lon="-3.1437640">
    <ele>857.4</ele>
   </trkpt>
   <trkpt lat="40.6072340" lon="-3.1437650">
    <ele>857.4</ele>
   </trkpt>
   <trkpt lat="40.6072280" lon="-3.1437720">
    <ele>857.3</ele>
   </trkpt>
   <trkpt lat="40.6072280" lon="-3.1437730">
    <ele>857.3</ele>
   </trkpt>
   <trkpt lat="40.6072290" lon="-3.1437620">
    <ele>857.2</ele>
   </trkpt>
   <trkpt lat="40.6072380" lon="-3.1437530">
    <ele>857.1</ele>
   </trkpt>
   <trkpt lat="40.6072720" lon="-3.1437390">
    <ele>856.7</ele>
   </trkpt>
   <trkpt lat="40.6072840" lon="-3.1437350">
    <ele>856.6</ele>
   </trkpt>
   <trkpt lat="40.6073010" lon="-3.1437380">
    <ele>856.4</ele>
   </trkpt>
   <trkpt lat="40.6073130" lon="-3.1437360">
    <ele>856.3</ele>
   </trkpt>
   <trkpt lat="40.6073390" lon="-3.1437150">
    <ele>855.9</ele>
   </trkpt>
   <trkpt lat="40.6073470" lon="-3.1437100">
    <ele>855.9</ele>
   </trkpt>
   <trkpt lat="40.6073840" lon="-3.1436970">
    <ele>855.4</ele>
   </trkpt>
   <trkpt lat="40.6073970" lon="-3.1436940">
    <ele>855.3</ele>
   </trkpt>
   <trkpt lat="40.6074300" lon="-3.1436950">
    <ele>854.9</ele>
   </trkpt>
   <trkpt lat="40.6074390" lon="-3.1436990">
    <ele>854.8</ele>
   </trkpt>
   <trkpt lat="40.6074690" lon="-3.1436990">
    <ele>854.5</ele>
   </trkpt>
   <trkpt lat="40.6074790" lon="-3.1437010">
    <ele>854.4</ele>
   </trkpt>
   <trkpt lat="40.6075180" lon="-3.1437150">
    <ele>853.9</ele>
   </trkpt>
   <trkpt lat="40.6075310" lon="-3.1437230">
    <ele>853.8</ele>
   </trkpt>
   <trkpt lat="40.6075610" lon="-3.1437320">
    <ele>853.4</ele>
   </trkpt>
   <trkpt lat="40.6076030" lon="-3.1437500">
    <ele>853.0</ele>
   </trkpt>
   <trkpt lat="40.6076400" lon="-3.1437710">
    <ele>852.5</ele>
   </trkpt>
   <trkpt lat="40.6076700" lon="-3.1437850">
    <ele>852.2</ele>
   </trkpt>
   <trkpt lat="40.6077050" lon="-3.1438120">
    <ele>851.7</ele>
   </trkpt>
   <trkpt lat="40.6077170" lon="-3.1438220">
    <ele>851.5</ele>
   </trkpt>
   <trkpt lat="40.6077390" lon="-3.1438520">
    <ele>851.1</ele>
   </trkpt>
   <trkpt lat="40.6077460" lon="-3.1438630">
    <ele>851.0</ele>
   </trkpt>
   <trkpt lat="40.6077620" lon="-3.1438760">
    <ele>850.8</ele>
   </trkpt>
   <trkpt lat="40.6077700" lon="-3.1438850">
    <ele>850.7</ele>
   </trkpt>
   <trkpt lat="40.6077760" lon="-3.1438980">
    <ele>850.5</ele>
   </trkpt>
   <trkpt lat="40.6077770" lon="-3.1439010">
    <ele>850.5</ele>
   </trkpt>
   <trkpt lat="40.6077780" lon="-3.1439050">
    <ele>850.4</ele>
   </trkpt>
   <trkpt lat="40.6077790" lon="-3.1439080">
    <ele>850.4</ele>
   </trkpt>
   <trkpt lat="40.6077800" lon="-3.1439110">
    <ele>850.4</ele>
   </trkpt>
   <trkpt lat="40.6077800" lon="-3.1439140">
    <ele>850.4</ele>
   </trkpt>
   <trkpt lat="40.6077810" lon="-3.1439170">
    <ele>850.3</ele>
   </trkpt>
   <trkpt lat="40.6077820" lon="-3.1439200">
    <ele>850.3</ele>
   </trkpt>
   <trkpt lat="40.6077830" lon="-3.1439240">
    <ele>850.3</ele>
   </trkpt>
   <trkpt lat="40.6077840" lon="-3.1439270">
    <ele>850.2</ele>
   </trkpt>
   <trkpt lat="40.6077850" lon="-3.1439300">
    <ele>850.2</ele>
   </trkpt>
   <trkpt lat="40.6077920" lon="-3.1439510">
    <ele>850.0</ele>
   </trkpt>
   <trkpt lat="40.6077970" lon="-3.1439640">
    <ele>849.8</ele>
   </trkpt>
   <trkpt lat="40.6078090" lon="-3.1439910">
    <ele>849.5</ele>
   </trkpt>
   <trkpt lat="40.6078130" lon="-3.1440010">
    <ele>849.4</ele>
   </trkpt>
   <trkpt lat="40.6078160" lon="-3.1440100">
    <ele>849.3</ele>
   </trkpt>
   <trkpt lat="40.6078190" lon="-3.1440120">
    <ele>849.3</ele>
   </trkpt>
   <trkpt lat="40.6078210" lon="-3.1440200">
    <ele>849.2</ele>
   </trkpt>
   <trkpt lat="40.6078280" lon="-3.1440190">
    <ele>849.1</ele>
   </trkpt>
   <trkpt lat="40.6078340" lon="-3.1440210">
    <ele>849.0</ele>
   </trkpt>
   <trkpt lat="40.6078410" lon="-3.1440260">
    <ele>848.9</ele>
   </trkpt>
   <trkpt lat="40.6078410" lon="-3.1440300">
    <ele>848.9</ele>
   </trkpt>
   <trkpt lat="40.6078420" lon="-3.1440350">
    <ele>848.9</ele>
   </trkpt>
   <trkpt lat="40.6078440" lon="-3.1440400">
    <ele>848.8</ele>
   </trkpt>
   <trkpt lat="40.6078460" lon="-3.1440440">
    <ele>848.7</ele>
   </trkpt>
   <trkpt lat="40.6078470" lon="-3.1440490">
    <ele>848.7</ele>
   </trkpt>
   <trkpt lat="40.6078490" lon="-3.1440540">
    <ele>848.6</ele>
   </trkpt>
   <trkpt lat="40.6078510" lon="-3.1440590">
    <ele>848.6</ele>
   </trkpt>
   <trkpt lat="40.6078520" lon="-3.1440640">
    <ele>848.5</ele>
   </trkpt>
   <trkpt lat="40.6078540" lon="-3.1440690">
    <ele>848.5</ele>
   </trkpt>
   <trkpt lat="40.6078560" lon="-3.1440730">
    <ele>848.4</ele>
   </trkpt>
   <trkpt lat="40.6078580" lon="-3.1440780">
    <ele>848.4</ele>
   </trkpt>
   <trkpt lat="40.6078590" lon="-3.1440830">
    <ele>848.3</ele>
   </trkpt>
   <trkpt lat="40.6078610" lon="-3.1440880">
    <ele>848.3</ele>
   </trkpt>
   <trkpt lat="40.6078630" lon="-3.1440930">
    <ele>848.2</ele>
   </trkpt>
   <trkpt lat="40.6078640" lon="-3.1440980">
    <ele>848.1</ele>
   </trkpt>
   <trkpt lat="40.6078660" lon="-3.1441020">
    <ele>848.1</ele>
   </trkpt>
   <trkpt lat="40.6078680" lon="-3.1441070">
    <ele>848.0</ele>
   </trkpt>
   <trkpt lat="40.6078690" lon="-3.1441120">
    <ele>848.0</ele>
   </trkpt>
   <trkpt lat="40.6078710" lon="-3.1441170">
    <ele>847.9</ele>
   </trkpt>
   <trkpt lat="40.6078810" lon="-3.1441300">
    <ele>847.7</ele>
   </trkpt>
   <trkpt lat="40.6078920" lon="-3.1441420">
    <ele>847.5</ele>
   </trkpt>
   <trkpt lat="40.6079010" lon="-3.1441550">
    <ele>847.3</ele>
   </trkpt>
   <trkpt lat="40.6079060" lon="-3.1441610">
    <ele>847.2</ele>
   </trkpt>
   <trkpt lat="40.6079070" lon="-3.1441570">
    <ele>847.2</ele>
   </trkpt>
   <trkpt lat="40.6079130" lon="-3.1441570">
    <ele>847.1</ele>
   </trkpt>
   <trkpt lat="40.6079120" lon="-3.1441560">
    <ele>847.1</ele>
   </trkpt>
   <trkpt lat="40.6079120" lon="-3.1441560">
    <ele>847.1</ele>
   </trkpt>
   <trkpt lat="40.6079120" lon="-3.1441560">
    <ele>847.1</ele>
   </trkpt>
   <trkpt lat="40.6079120" lon="-3.1441560">
    <ele>847.1</ele>
   </trkpt>
   <trkpt lat="40.6079120" lon="-3.1441560">
    <ele>847.1</ele>
   </trkpt>
   <trkpt lat="40.6079120" lon="-3.1441560">
    <ele>847.1</ele>
   </trkpt>
   <trkpt lat="40.6079120" lon="-3.1441590">
    <ele>847.0</ele>
   </trkpt>
   <trkpt lat="40.6079130" lon="-3.1441690">
    <ele>846.9</ele>
   </trkpt>
   <trkpt lat="40.6079120" lon="-3.1441680">
    <ele>846.9</ele>
   </trkpt>
   <trkpt lat="40.6079050" lon="-3.1441700">
    <ele>846.8</ele>
   </trkpt>
   <trkpt lat="40.6079040" lon="-3.1441680">
    <ele>846.8</ele>
   </trkpt>
   <trkpt lat="40.6079040" lon="-3.1441730">
    <ele>846.7</ele>
   </trkpt>
   <trkpt lat="40.6078910" lon="-3.1441730">
    <ele>846.5</ele>
   </trkpt>
   <trkpt lat="40.6078820" lon="-3.1441760">
    <ele>846.3</ele>
   </trkpt>
   <trkpt lat="40.6078870" lon="-3.1441780">
    <ele>846.3</ele>
   </trkpt>
   <trkpt lat="40.6078890" lon="-3.1441820">
    <ele>846.2</ele>
   </trkpt>
   <trkpt lat="40.6078900" lon="-3.1441860">
    <ele>846.2</ele>
   </trkpt>
   <trkpt lat="40.6078920" lon="-3.1441890">
    <ele>846.1</ele>
   </trkpt>
   <trkpt lat="40.6078930" lon="-3.1441930">
    <ele>846.1</ele>
   </trkpt>
   <trkpt lat="40.6078950" lon="-3.1441970">
    <ele>846.0</ele>
   </trkpt>
   <trkpt lat="40.6078960" lon="-3.1442010">
    <ele>845.9</ele>
   </trkpt>
   <trkpt lat="40.6078980" lon="-3.1442050">
    <ele>845.9</ele>
   </trkpt>
   <trkpt lat="40.6078990" lon="-3.1442090">
    <ele>845.8</ele>
   </trkpt>
   <trkpt lat="40.6079010" lon="-3.1442120">
    <ele>845.8</ele>
   </trkpt>
   <trkpt lat="40.6079020" lon="-3.1442160">
    <ele>845.7</ele>
   </trkpt>
   <trkpt lat="40.6079040" lon="-3.1442200">
    <ele>845.7</ele>
   </trkpt>
   <trkpt lat="40.6079050" lon="-3.1442240">
    <ele>845.6</ele>
   </trkpt>
   <trkpt lat="40.6079130" lon="-3.1442680">
    <ele>845.1</ele>
   </trkpt>
   <trkpt lat="40.6079160" lon="-3.1442860">
    <ele>844.8</ele>
   </trkpt>
   <trkpt lat="40.6079290" lon="-3.1443310">
    <ele>844.2</ele>
   </trkpt>
   <trkpt lat="40.6079360" lon="-3.1443530">
    <ele>843.8</ele>
   </trkpt>
   <trkpt lat="40.6079510" lon="-3.1443960">
    <ele>843.2</ele>
   </trkpt>
   <trkpt lat="40.6079550" lon="-3.1444090">
    <ele>843.0</ele>
   </trkpt>
   <trkpt lat="40.6079690" lon="-3.1444480">
    <ele>842.4</ele>
   </trkpt>
   <trkpt lat="40.6079740" lon="-3.1444620">
    <ele>842.2</ele>
   </trkpt>
   <trkpt lat="40.6079820" lon="-3.1444780">
    <ele>841.9</ele>
   </trkpt>
   <trkpt lat="40.6079890" lon="-3.1444930">
    <ele>841.7</ele>
   </trkpt>
   <trkpt lat="40.6079970" lon="-3.1445510">
    <ele>840.2</ele>
   </trkpt>
   <trkpt lat="40.6080030" lon="-3.1445610">
    <ele>840.2</ele>
   </trkpt>
   <trkpt lat="40.6080030" lon="-3.1445660">
    <ele>840.2</ele>
   </trkpt>
   <trkpt lat="40.6080040" lon="-3.1445720">
    <ele>840.2</ele>
   </trkpt>
   <trkpt lat="40.6080040" lon="-3.1445770">
    <ele>840.2</ele>
   </trkpt>
   <trkpt lat="40.6080050" lon="-3.1445820">
    <ele>839.4</ele>
   </trkpt>
   <trkpt lat="40.6080050" lon="-3.1445870">
    <ele>839.4</ele>
   </trkpt>
   <trkpt lat="40.6080060" lon="-3.1445930">
    <ele>839.4</ele>
   </trkpt>
   <trkpt lat="40.6080060" lon="-3.1445980">
    <ele>839.4</ele>
   </trkpt>
   <trkpt lat="40.6080070" lon="-3.1446030">
    <ele>839.4</ele>
   </trkpt>
   <trkpt lat="40.6080130" lon="-3.1446530">
    <ele>838.6</ele>
   </trkpt>
   <trkpt lat="40.6080120" lon="-3.1447030">
    <ele>838.0</ele>
   </trkpt>
   <trkpt lat="40.6080170" lon="-3.1447450">
    <ele>837.3</ele>
   </trkpt>
   <trkpt lat="40.6080190" lon="-3.1447770">
    <ele>836.8</ele>
   </trkpt>
   <trkpt lat="40.6080150" lon="-3.1447900">
    <ele>836.7</ele>
   </trkpt>
   <trkpt lat="40.6080140" lon="-3.1448070">
    <ele>836.2</ele>
   </trkpt>
   <trkpt lat="40.6080150" lon="-3.1448270">
    <ele>836.2</ele>
   </trkpt>
   <trkpt lat="40.6080050" lon="-3.1448660">
    <ele>835.7</ele>
   </trkpt>
   <trkpt lat="40.6079980" lon="-3.1448790">
    <ele>835.7</ele>
   </trkpt>
   <trkpt lat="40.6079870" lon="-3.1448990">
    <ele>835.0</ele>
   </trkpt>
   <trkpt lat="40.6079820" lon="-3.1449180">
    <ele>835.0</ele>
   </trkpt>
   <trkpt lat="40.6079800" lon="-3.1449160">
    <ele>835.0</ele>
   </trkpt>
   <trkpt lat="40.6079820" lon="-3.1449130">
    <ele>835.0</ele>
   </trkpt>
   <trkpt lat="40.6079820" lon="-3.1449120">
    <ele>835.0</ele>
   </trkpt>
   <trkpt lat="40.6079820" lon="-3.1449120">
    <ele>835.0</ele>
   </trkpt>
   <trkpt lat="40.6079790" lon="-3.1449120">
    <ele>834.9</ele>
   </trkpt>
   <trkpt lat="40.6079790" lon="-3.1449120">
    <ele>834.9</ele>
   </trkpt>
   <trkpt lat="40.6079790" lon="-3.1449120">
    <ele>834.9</ele>
   </trkpt>
   <trkpt lat="40.6079780" lon="-3.1449100">
    <ele>834.9</ele>
   </trkpt>
   <trkpt lat="40.6079780" lon="-3.1449100">
    <ele>834.9</ele>
   </trkpt>
   <trkpt lat="40.6079780" lon="-3.1449100">
    <ele>834.9</ele>
   </trkpt>
   <trkpt lat="40.6079780" lon="-3.1449100">
    <ele>834.9</ele>
   </trkpt>
   <trkpt lat="40.6079660" lon="-3.1449570">
    <ele>834.4</ele>
   </trkpt>
   <trkpt lat="40.6079610" lon="-3.1449630">
    <ele>834.4</ele>
   </trkpt>
   <trkpt lat="40.6079560" lon="-3.1449750">
    <ele>833.7</ele>
   </trkpt>
   <trkpt lat="40.6079540" lon="-3.1449890">
    <ele>833.7</ele>
   </trkpt>
   <trkpt lat="40.6079470" lon="-3.1449960">
    <ele>833.7</ele>
   </trkpt>
   <trkpt lat="40.6079420" lon="-3.1450090">
    <ele>833.1</ele>
   </trkpt>
   <trkpt lat="40.6079340" lon="-3.1450170">
    <ele>833.1</ele>
   </trkpt>
   <trkpt lat="40.6079310" lon="-3.1450270">
    <ele>833.1</ele>
   </trkpt>
   <trkpt lat="40.6079260" lon="-3.1450360">
    <ele>833.1</ele>
   </trkpt>
   <trkpt lat="40.6079200" lon="-3.1450540">
    <ele>832.5</ele>
   </trkpt>
   <trkpt lat="40.6079180" lon="-3.1450640">
    <ele>832.5</ele>
   </trkpt>
   <trkpt lat="40.6079150" lon="-3.1450780">
    <ele>832.5</ele>
   </trkpt>
   <trkpt lat="40.6079120" lon="-3.1450940">
    <ele>832.0</ele>
   </trkpt>
   <trkpt lat="40.6079120" lon="-3.1451080">
    <ele>832.0</ele>
   </trkpt>
   <trkpt lat="40.6079100" lon="-3.1451210">
    <ele>832.0</ele>
   </trkpt>
   <trkpt lat="40.6079070" lon="-3.1451350">
    <ele>832.0</ele>
   </trkpt>
   <trkpt lat="40.6079080" lon="-3.1451490">
    <ele>831.6</ele>
   </trkpt>
   <trkpt lat="40.6079060" lon="-3.1451640">
    <ele>831.6</ele>
   </trkpt>
   <trkpt lat="40.6079000" lon="-3.1451790">
    <ele>831.5</ele>
   </trkpt>
   <trkpt lat="40.6078970" lon="-3.1451890">
    <ele>831.1</ele>
   </trkpt>
   <trkpt lat="40.6078950" lon="-3.1452050">
    <ele>831.1</ele>
   </trkpt>
   <trkpt lat="40.6078960" lon="-3.1452150">
    <ele>831.1</ele>
   </trkpt>
   <trkpt lat="40.6078930" lon="-3.1452280">
    <ele>830.7</ele>
   </trkpt>
   <trkpt lat="40.6078930" lon="-3.1452420">
    <ele>830.7</ele>
   </trkpt>
   <trkpt lat="40.6078960" lon="-3.1452510">
    <ele>830.7</ele>
   </trkpt>
   <trkpt lat="40.6079010" lon="-3.1452600">
    <ele>830.7</ele>
   </trkpt>
   <trkpt lat="40.6079080" lon="-3.1452690">
    <ele>830.3</ele>
   </trkpt>
   <trkpt lat="40.6079190" lon="-3.1452780">
    <ele>830.3</ele>
   </trkpt>
   <trkpt lat="40.6079270" lon="-3.1452810">
    <ele>830.4</ele>
   </trkpt>
   <trkpt lat="40.6079380" lon="-3.1452830">
    <ele>830.4</ele>
   </trkpt>
   <trkpt lat="40.6079450" lon="-3.1452850">
    <ele>830.4</ele>
   </trkpt>
   <trkpt lat="40.6079490" lon="-3.1452920">
    <ele>830.3</ele>
   </trkpt>
   <trkpt lat="40.6079530" lon="-3.1453020">
    <ele>830.3</ele>
   </trkpt>
   <trkpt lat="40.6079600" lon="-3.1453150">
    <ele>830.0</ele>
   </trkpt>
   <trkpt lat="40.6079640" lon="-3.1453230">
    <ele>830.0</ele>
   </trkpt>
   <trkpt lat="40.6079710" lon="-3.1453310">
    <ele>830.0</ele>
   </trkpt>
   <trkpt lat="40.6079810" lon="-3.1453440">
    <ele>830.0</ele>
   </trkpt>
   <trkpt lat="40.6079860" lon="-3.1453490">
    <ele>830.0</ele>
   </trkpt>
   <trkpt lat="40.6079940" lon="-3.1453580">
    <ele>829.6</ele>
   </trkpt>
   <trkpt lat="40.6080040" lon="-3.1453700">
    <ele>829.6</ele>
   </trkpt>
   <trkpt lat="40.6080080" lon="-3.1453760">
    <ele>829.5</ele>
   </trkpt>
   <trkpt lat="40.6080150" lon="-3.1453840">
    <ele>829.5</ele>
   </trkpt>
   <trkpt lat="40.6080240" lon="-3.1453910">
    <ele>829.6</ele>
   </trkpt>
   <trkpt lat="40.6080330" lon="-3.1453960">
    <ele>829.1</ele>
   </trkpt>
   <trkpt lat="40.6080520" lon="-3.1454080">
    <ele>829.1</ele>
   </trkpt>
   <trkpt lat="40.6080590" lon="-3.1454130">
    <ele>829.1</ele>
   </trkpt>
   <trkpt lat="40.6080670" lon="-3.1454190">
    <ele>829.1</ele>
   </trkpt>
   <trkpt lat="40.6080730" lon="-3.1454260">
    <ele>829.0</ele>
   </trkpt>
   <trkpt lat="40.6080820" lon="-3.1454350">
    <ele>829.0</ele>
   </trkpt>
   <trkpt lat="40.6080900" lon="-3.1454420">
    <ele>828.5</ele>
   </trkpt>
   <trkpt lat="40.6081000" lon="-3.1454530">
    <ele>828.5</ele>
   </trkpt>
   <trkpt lat="40.6081020" lon="-3.1454520">
    <ele>828.5</ele>
   </trkpt>
   <trkpt lat="40.6081040" lon="-3.1454520">
    <ele>828.5</ele>
   </trkpt>
   <trkpt lat="40.6081060" lon="-3.1454520">
    <ele>828.5</ele>
   </trkpt>
   <trkpt lat="40.6081080" lon="-3.1454510">
    <ele>828.4</ele>
   </trkpt>
   <trkpt lat="40.6081100" lon="-3.1454510">
    <ele>828.4</ele>
   </trkpt>
   <trkpt lat="40.6081130" lon="-3.1454510">
    <ele>828.4</ele>
   </trkpt>
   <trkpt lat="40.6081150" lon="-3.1454500">
    <ele>828.4</ele>
   </trkpt>
   <trkpt lat="40.6081170" lon="-3.1454500">
    <ele>828.4</ele>
   </trkpt>
   <trkpt lat="40.6081190" lon="-3.1454490">
    <ele>828.4</ele>
   </trkpt>
   <trkpt lat="40.6081210" lon="-3.1454490">
    <ele>828.3</ele>
   </trkpt>
   <trkpt lat="40.6081230" lon="-3.1454490">
    <ele>828.3</ele>
   </trkpt>
   <trkpt lat="40.6081250" lon="-3.1454480">
    <ele>828.3</ele>
   </trkpt>
   <trkpt lat="40.6081270" lon="-3.1454480">
    <ele>828.3</ele>
   </trkpt>
   <trkpt lat="40.6081340" lon="-3.1454610">
    <ele>828.3</ele>
   </trkpt>
   <trkpt lat="40.6081490" lon="-3.1454800">
    <ele>828.3</ele>
   </trkpt>
   <trkpt lat="40.6081610" lon="-3.1454950">
    <ele>827.6</ele>
   </trkpt>
   <trkpt lat="40.6081680" lon="-3.1455020">
    <ele>827.6</ele>
   </trkpt>
   <trkpt lat="40.6081760" lon="-3.1455050">
    <ele>827.6</ele>
   </trkpt>
   <trkpt lat="40.6081840" lon="-3.1455070">
    <ele>827.6</ele>
   </trkpt>
   <trkpt lat="40.6081930" lon="-3.1455110">
    <ele>827.5</ele>
   </trkpt>
   <trkpt lat="40.6082010" lon="-3.1455150">
    <ele>827.4</ele>
   </trkpt>
   <trkpt lat="40.6082080" lon="-3.1455190">
    <ele>827.4</ele>
   </trkpt>
   <trkpt lat="40.6082170" lon="-3.1455240">
    <ele>826.8</ele>
   </trkpt>
   <trkpt lat="40.6082270" lon="-3.1455290">
    <ele>826.7</ele>
   </trkpt>
   <trkpt lat="40.6082370" lon="-3.1455340">
    <ele>826.7</ele>
   </trkpt>
   <trkpt lat="40.6082470" lon="-3.1455410">
    <ele>826.6</ele>
   </trkpt>
   <trkpt lat="40.6082560" lon="-3.1455470">
    <ele>826.5</ele>
   </trkpt>
   <trkpt lat="40.6082670" lon="-3.1455540">
    <ele>826.4</ele>
   </trkpt>
   <trkpt lat="40.6082770" lon="-3.1455630">
    <ele>826.4</ele>
   </trkpt>
   <trkpt lat="40.6082860" lon="-3.1455670">
    <ele>825.6</ele>
   </trkpt>
   <trkpt lat="40.6082940" lon="-3.1455710">
    <ele>825.6</ele>
   </trkpt>
   <trkpt lat="40.6083020" lon="-3.1455770">
    <ele>825.6</ele>
   </trkpt>
   <trkpt lat="40.6083140" lon="-3.1455820">
    <ele>825.6</ele>
   </trkpt>
   <trkpt lat="40.6083170" lon="-3.1455760">
    <ele>825.3</ele>
   </trkpt>
   <trkpt lat="40.6083210" lon="-3.1455740">
    <ele>825.3</ele>
   </trkpt>
   <trkpt lat="40.6083260" lon="-3.1455750">
    <ele>825.3</ele>
   </trkpt>
   <trkpt lat="40.6083300" lon="-3.1455780">
    <ele>825.3</ele>
   </trkpt>
   <trkpt lat="40.6083340" lon="-3.1455790">
    <ele>825.3</ele>
   </trkpt>
   <trkpt lat="40.6083440" lon="-3.1455820">
    <ele>825.3</ele>
   </trkpt>
   <trkpt lat="40.6083550" lon="-3.1455830">
    <ele>825.0</ele>
   </trkpt>
   <trkpt lat="40.6083640" lon="-3.1455880">
    <ele>825.0</ele>
   </trkpt>
   <trkpt lat="40.6083710" lon="-3.1455980">
    <ele>825.0</ele>
   </trkpt>
   <trkpt lat="40.6083760" lon="-3.1456080">
    <ele>825.0</ele>
   </trkpt>
   <trkpt lat="40.6083810" lon="-3.1456160">
    <ele>824.4</ele>
   </trkpt>
   <trkpt lat="40.6083870" lon="-3.1456280">
    <ele>824.2</ele>
   </trkpt>
   <trkpt lat="40.6083910" lon="-3.1456330">
    <ele>824.1</ele>
   </trkpt>
   <trkpt lat="40.6083960" lon="-3.1456350">
    <ele>824.1</ele>
   </trkpt>
   <trkpt lat="40.6083980" lon="-3.1456310">
    <ele>824.1</ele>
   </trkpt>
   <trkpt lat="40.6083910" lon="-3.1456300">
    <ele>824.1</ele>
   </trkpt>
   <trkpt lat="40.6083860" lon="-3.1456240">
    <ele>824.1</ele>
   </trkpt>
   <trkpt lat="40.6083790" lon="-3.1456150">
    <ele>824.4</ele>
   </trkpt>
   <trkpt lat="40.6083740" lon="-3.1456080">
    <ele>824.9</ele>
   </trkpt>
   <trkpt lat="40.6083700" lon="-3.1456050">
    <ele>824.9</ele>
   </trkpt>
   <trkpt lat="40.6083660" lon="-3.1456030">
    <ele>824.9</ele>
   </trkpt>
   <trkpt lat="40.6083640" lon="-3.1456010">
    <ele>824.9</ele>
   </trkpt>
   <trkpt lat="40.6083610" lon="-3.1456000">
    <ele>824.9</ele>
   </trkpt>
   <trkpt lat="40.6083590" lon="-3.1456000">
    <ele>824.9</ele>
   </trkpt>
   <trkpt lat="40.6083570" lon="-3.1455990">
    <ele>824.9</ele>
   </trkpt>
   <trkpt lat="40.6083570" lon="-3.1455980">
    <ele>824.9</ele>
   </trkpt>
   <trkpt lat="40.6083850" lon="-3.1456580">
    <ele>823.5</ele>
   </trkpt>
   <trkpt lat="40.6083960" lon="-3.1456790">
    <ele>823.5</ele>
   </trkpt>
   <trkpt lat="40.6084050" lon="-3.1456970">
    <ele>823.0</ele>
   </trkpt>
   <trkpt lat="40.6084250" lon="-3.1457330">
    <ele>822.7</ele>
   </trkpt>
   <trkpt lat="40.6084310" lon="-3.1457440">
    <ele>822.2</ele>
   </trkpt>
   <trkpt lat="40.6084490" lon="-3.1457780">
    <ele>821.9</ele>
   </trkpt>
   <trkpt lat="40.6084540" lon="-3.1457900">
    <ele>821.3</ele>
   </trkpt>
   <trkpt lat="40.6085090" lon="-3.1458650">
    <ele>820.4</ele>
   </trkpt>
   <trkpt lat="40.6085320" lon="-3.1459030">
    <ele>819.5</ele>
   </trkpt>
   <trkpt lat="40.6085400" lon="-3.1459160">
    <ele>818.9</ele>
   </trkpt>
   <trkpt lat="40.6085570" lon="-3.1459430">
    <ele>818.5</ele>
   </trkpt>
   <trkpt lat="40.6085690" lon="-3.1459770">
    <ele>817.9</ele>
   </trkpt>
   <trkpt lat="40.6085780" lon="-3.1460010">
    <ele>816.9</ele>
   </trkpt>
   <trkpt lat="40.6085860" lon="-3.1460170">
    <ele>816.9</ele>
   </trkpt>
   <trkpt lat="40.6085880" lon="-3.1460180">
    <ele>816.9</ele>
   </trkpt>
   <trkpt lat="40.6085840" lon="-3.1460210">
    <ele>816.9</ele>
   </trkpt>
   <trkpt lat="40.6085850" lon="-3.1460210">
    <ele>816.8</ele>
   </trkpt>
   <trkpt lat="40.6085850" lon="-3.1460200">
    <ele>816.8</ele>
   </trkpt>
   <trkpt lat="40.6085850" lon="-3.1460200">
    <ele>816.8</ele>
   </trkpt>
   <trkpt lat="40.6085850" lon="-3.1460200">
    <ele>816.8</ele>
   </trkpt>
   <trkpt lat="40.6085850" lon="-3.1460200">
    <ele>816.8</ele>
   </trkpt>
   <trkpt lat="40.6085900" lon="-3.1460190">
    <ele>816.8</ele>
   </trkpt>
   <trkpt lat="40.6085970" lon="-3.1460380">
    <ele>816.8</ele>
   </trkpt>
   <trkpt lat="40.6086000" lon="-3.1460500">
    <ele>816.3</ele>
   </trkpt>
   <trkpt lat="40.6085990" lon="-3.1460450">
    <ele>816.3</ele>
   </trkpt>
   <trkpt lat="40.6086010" lon="-3.1460450">
    <ele>816.3</ele>
   </trkpt>
   <trkpt lat="40.6086010" lon="-3.1460420">
    <ele>816.3</ele>
   </trkpt>
   <trkpt lat="40.6086010" lon="-3.1460420">
    <ele>816.3</ele>
   </trkpt>
   <trkpt lat="40.6086010" lon="-3.1460430">
    <ele>816.3</ele>
   </trkpt>
   <trkpt lat="40.6086010" lon="-3.1460430">
    <ele>816.2</ele>
   </trkpt>
   <trkpt lat="40.6086010" lon="-3.1460430">
    <ele>816.2</ele>
   </trkpt>
   <trkpt lat="40.6086010" lon="-3.1460430">
    <ele>816.2</ele>
   </trkpt>
   <trkpt lat="40.6086010" lon="-3.1460430">
    <ele>816.2</ele>
   </trkpt>
   <trkpt lat="40.6086010" lon="-3.1460430">
    <ele>816.2</ele>
   </trkpt>
   <trkpt lat="40.6086010" lon="-3.1460430">
    <ele>816.2</ele>
   </trkpt>
   <trkpt lat="40.6086010" lon="-3.1460430">
    <ele>816.2</ele>
   </trkpt>
   <trkpt lat="40.6085870" lon="-3.1460920">
    <ele>815.7</ele>
   </trkpt>
   <trkpt lat="40.6085890" lon="-3.1461040">
    <ele>815.7</ele>
   </trkpt>
   <trkpt lat="40.6085890" lon="-3.1461220">
    <ele>815.7</ele>
   </trkpt>
   <trkpt lat="40.6085900" lon="-3.1461330">
    <ele>815.3</ele>
   </trkpt>
   <trkpt lat="40.6085930" lon="-3.1461450">
    <ele>815.3</ele>
   </trkpt>
   <trkpt lat="40.6085890" lon="-3.1461620">
    <ele>815.3</ele>
   </trkpt>
   <trkpt lat="40.6085840" lon="-3.1461750">
    <ele>814.9</ele>
   </trkpt>
   <trkpt lat="40.6085800" lon="-3.1461930">
    <ele>814.8</ele>
   </trkpt>
   <trkpt lat="40.6085750" lon="-3.1462200">
    <ele>814.9</ele>
   </trkpt>
   <trkpt lat="40.6085750" lon="-3.1462420">
    <ele>814.9</ele>
   </trkpt>
   <trkpt lat="40.6085720" lon="-3.1462660">
    <ele>814.5</ele>
   </trkpt>
   <trkpt lat="40.6085720" lon="-3.1462750">
    <ele>814.5</ele>
   </trkpt>
   <trkpt lat="40.6085720" lon="-3.1462810">
    <ele>814.5</ele>
   </trkpt>
   <trkpt lat="40.6085720" lon="-3.1462810">
    <ele>814.5</ele>
   </trkpt>
   <trkpt lat="40.6085670" lon="-3.1462820">
    <ele>814.4</ele>
   </trkpt>
   <trkpt lat="40.6085700" lon="-3.1462930">
    <ele>814.4</ele>
   </trkpt>
   <trkpt lat="40.6085700" lon="-3.1463050">
    <ele>814.0</ele>
   </trkpt>
   <trkpt lat="40.6085710" lon="-3.1463180">
    <ele>814.0</ele>
   </trkpt>
   <trkpt lat="40.6085720" lon="-3.1463280">
    <ele>814.0</ele>
   </trkpt>
   <trkpt lat="40.6085720" lon="-3.1463360">
    <ele>814.0</ele>
   </trkpt>
   <trkpt lat="40.6085730" lon="-3.1463460">
    <ele>813.6</ele>
   </trkpt>
   <trkpt lat="40.6085740" lon="-3.1463620">
    <ele>813.6</ele>
   </trkpt>
   <trkpt lat="40.6085750" lon="-3.1463700">
    <ele>813.6</ele>
   </trkpt>
   <trkpt lat="40.6085780" lon="-3.1463770">
    <ele>813.2</ele>
   </trkpt>
   <trkpt lat="40.6085800" lon="-3.1463830">
    <ele>812.8</ele>
   </trkpt>
   <trkpt lat="40.6085810" lon="-3.1463910">
    <ele>812.8</ele>
   </trkpt>
   <trkpt lat="40.6085790" lon="-3.1463970">
    <ele>812.8</ele>
   </trkpt>
   <trkpt lat="40.6085790" lon="-3.1464030">
    <ele>812.8</ele>
   </trkpt>
   <trkpt lat="40.6085820" lon="-3.1464070">
    <ele>812.8</ele>
   </trkpt>
   <trkpt lat="40.6085900" lon="-3.1463960">
    <ele>812.8</ele>
   </trkpt>
   <trkpt lat="40.6085930" lon="-3.1463870">
    <ele>812.7</ele>
   </trkpt>
   <trkpt lat="40.6085930" lon="-3.1463770">
    <ele>813.1</ele>
   </trkpt>
   <trkpt lat="40.6085950" lon="-3.1463690">
    <ele>813.1</ele>
   </trkpt>
   <trkpt lat="40.6085970" lon="-3.1463740">
    <ele>813.1</ele>
   </trkpt>
   <trkpt lat="40.6086000" lon="-3.1463780">
    <ele>813.1</ele>
   </trkpt>
   <trkpt lat="40.6085880" lon="-3.1464090">
    <ele>812.7</ele>
   </trkpt>
   <trkpt lat="40.6085900" lon="-3.1464070">
    <ele>812.7</ele>
   </trkpt>
   <trkpt lat="40.6085930" lon="-3.1464030">
    <ele>812.7</ele>
   </trkpt>
   <trkpt lat="40.6085960" lon="-3.1464000">
    <ele>812.7</ele>
   </trkpt>
   <trkpt lat="40.6085990" lon="-3.1463970">
    <ele>812.7</ele>
   </trkpt>
   <trkpt lat="40.6086000" lon="-3.1463960">
    <ele>812.7</ele>
   </trkpt>
   <trkpt lat="40.6086040" lon="-3.1463960">
    <ele>812.6</ele>
   </trkpt>
   <trkpt lat="40.6086090" lon="-3.1463950">
    <ele>812.6</ele>
   </trkpt>
   <trkpt lat="40.6086200" lon="-3.1463950">
    <ele>812.2</ele>
   </trkpt>
   <trkpt lat="40.6086280" lon="-3.1463950">
    <ele>812.2</ele>
   </trkpt>
   <trkpt lat="40.6086360" lon="-3.1463950">
    <ele>812.2</ele>
   </trkpt>
   <trkpt lat="40.6086440" lon="-3.1463950">
    <ele>811.8</ele>
   </trkpt>
   <trkpt lat="40.6086510" lon="-3.1463950">
    <ele>811.8</ele>
   </trkpt>
   <trkpt lat="40.6086590" lon="-3.1463950">
    <ele>811.8</ele>
   </trkpt>
   <trkpt lat="40.6086670" lon="-3.1463950">
    <ele>811.8</ele>
   </trkpt>
   <trkpt lat="40.6086750" lon="-3.1463950">
    <ele>811.3</ele>
   </trkpt>
   <trkpt lat="40.6086880" lon="-3.1463930">
    <ele>811.3</ele>
   </trkpt>
   <trkpt lat="40.6087050" lon="-3.1463920">
    <ele>811.3</ele>
   </trkpt>
   <trkpt lat="40.6087340" lon="-3.1463800">
    <ele>811.3</ele>
   </trkpt>
   <trkpt lat="40.6087410" lon="-3.1463750">
    <ele>810.9</ele>
   </trkpt>
   <trkpt lat="40.6087550" lon="-3.1463760">
    <ele>810.8</ele>
   </trkpt>
   <trkpt lat="40.6087630" lon="-3.1463800">
    <ele>810.8</ele>
   </trkpt>
   <trkpt lat="40.6087700" lon="-3.1463870">
    <ele>810.4</ele>
   </trkpt>
   <trkpt lat="40.6087770" lon="-3.1463900">
    <ele>810.0</ele>
   </trkpt>
   <trkpt lat="40.6087870" lon="-3.1463970">
    <ele>810.0</ele>
   </trkpt>
   <trkpt lat="40.6087880" lon="-3.1463990">
    <ele>810.0</ele>
   </trkpt>
   <trkpt lat="40.6087910" lon="-3.1464010">
    <ele>810.0</ele>
   </trkpt>
   <trkpt lat="40.6087850" lon="-3.1463950">
    <ele>810.0</ele>
   </trkpt>
   <trkpt lat="40.6087830" lon="-3.1463940">
    <ele>809.9</ele>
   </trkpt>
   <trkpt lat="40.6087840" lon="-3.1463930">
    <ele>809.9</ele>
   </trkpt>
   <trkpt lat="40.6087850" lon="-3.1463940">
    <ele>809.9</ele>
   </trkpt>
   <trkpt lat="40.6087870" lon="-3.1463950">
    <ele>809.9</ele>
   </trkpt>
   <trkpt lat="40.6087900" lon="-3.1463970">
    <ele>809.9</ele>
   </trkpt>
   <trkpt lat="40.6087940" lon="-3.1464010">
    <ele>809.9</ele>
   </trkpt>
   <trkpt lat="40.6087950" lon="-3.1464010">
    <ele>809.9</ele>
   </trkpt>
   <trkpt lat="40.6087970" lon="-3.1464020">
    <ele>809.9</ele>
   </trkpt>
   <trkpt lat="40.6087960" lon="-3.1464020">
    <ele>809.9</ele>
   </trkpt>
   <trkpt lat="40.6087960" lon="-3.1464020">
    <ele>809.9</ele>
   </trkpt>
   <trkpt lat="40.6087970" lon="-3.1464010">
    <ele>809.9</ele>
   </trkpt>
   <trkpt lat="40.6087970" lon="-3.1464000">
    <ele>809.8</ele>
   </trkpt>
   <trkpt lat="40.6087960" lon="-3.1464000">
    <ele>809.8</ele>
   </trkpt>
   <trkpt lat="40.6087930" lon="-3.1463980">
    <ele>809.8</ele>
   </trkpt>
   <trkpt lat="40.6087920" lon="-3.1463970">
    <ele>809.8</ele>
   </trkpt>
   <trkpt lat="40.6087890" lon="-3.1463950">
    <ele>809.8</ele>
   </trkpt>
   <trkpt lat="40.6087890" lon="-3.1464360">
    <ele>809.4</ele>
   </trkpt>
   <trkpt lat="40.6087880" lon="-3.1464450">
    <ele>809.4</ele>
   </trkpt>
   <trkpt lat="40.6087870" lon="-3.1464570">
    <ele>809.4</ele>
   </trkpt>
   <trkpt lat="40.6087860" lon="-3.1464640">
    <ele>809.4</ele>
   </trkpt>
   <trkpt lat="40.6087860" lon="-3.1464710">
    <ele>809.1</ele>
   </trkpt>
   <trkpt lat="40.6087870" lon="-3.1464770">
    <ele>809.1</ele>
   </trkpt>
   <trkpt lat="40.6087880" lon="-3.1464840">
    <ele>809.1</ele>
   </trkpt>
   <trkpt lat="40.6087900" lon="-3.1464880">
    <ele>809.0</ele>
   </trkpt>
   <trkpt lat="40.6087920" lon="-3.1464910">
    <ele>809.0</ele>
   </trkpt>
   <trkpt lat="40.6087930" lon="-3.1464920">
    <ele>809.0</ele>
   </trkpt>
   <trkpt lat="40.6087940" lon="-3.1464950">
    <ele>809.0</ele>
   </trkpt>
   <trkpt lat="40.6087980" lon="-3.1464990">
    <ele>809.0</ele>
   </trkpt>
   <trkpt lat="40.6088030" lon="-3.1465040">
    <ele>809.0</ele>
   </trkpt>
   <trkpt lat="40.6088060" lon="-3.1465090">
    <ele>808.5</ele>
   </trkpt>
   <trkpt lat="40.6088040" lon="-3.1465070">
    <ele>809.0</ele>
   </trkpt>
   <trkpt lat="40.6088050" lon="-3.1465090">
    <ele>808.5</ele>
   </trkpt>
   <trkpt lat="40.6088090" lon="-3.1465160">
    <ele>808.2</ele>
   </trkpt>
   <trkpt lat="40.6088130" lon="-3.1465260">
    <ele>808.2</ele>
   </trkpt>
   <trkpt lat="40.6088220" lon="-3.1465430">
    <ele>808.1</ele>
   </trkpt>
   <trkpt lat="40.6088330" lon="-3.1465540">
    <ele>808.0</ele>
   </trkpt>
   <trkpt lat="40.6088450" lon="-3.1465540">
    <ele>807.9</ele>
   </trkpt>
   <trkpt lat="40.6088530" lon="-3.1465540">
    <ele>807.8</ele>
   </trkpt>
   <trkpt lat="40.6088730" lon="-3.1465580">
    <ele>807.6</ele>
   </trkpt>
   <trkpt lat="40.6088820" lon="-3.1465570">
    <ele>807.5</ele>
   </trkpt>
   <trkpt lat="40.6088900" lon="-3.1465550">
    <ele>807.4</ele>
   </trkpt>
   <trkpt lat="40.6089220" lon="-3.1465370">
    <ele>807.1</ele>
   </trkpt>
   <trkpt lat="40.6089490" lon="-3.1465280">
    <ele>806.8</ele>
   </trkpt>
   <trkpt lat="40.6089800" lon="-3.1465210">
    <ele>806.5</ele>
   </trkpt>
   <trkpt lat="40.6089940" lon="-3.1465160">
    <ele>806.4</ele>
   </trkpt>
   <trkpt lat="40.6090250" lon="-3.1464940">
    <ele>806.1</ele>
   </trkpt>
   <trkpt lat="40.6090510" lon="-3.1464760">
    <ele>805.8</ele>
   </trkpt>
   <trkpt lat="40.6090580" lon="-3.1464710">
    <ele>805.8</ele>
   </trkpt>
   <trkpt lat="40.6090920" lon="-3.1464590">
    <ele>805.5</ele>
   </trkpt>
   <trkpt lat="40.6091030" lon="-3.1464560">
    <ele>805.4</ele>
   </trkpt>
   <trkpt lat="40.6091440" lon="-3.1464550">
    <ele>805.0</ele>
   </trkpt>
   <trkpt lat="40.6091720" lon="-3.1464580">
    <ele>804.8</ele>
   </trkpt>
   <trkpt lat="40.6092110" lon="-3.1464610">
    <ele>804.5</ele>
   </trkpt>
   <trkpt lat="40.6092220" lon="-3.1464640">
    <ele>804.4</ele>
   </trkpt>
   <trkpt lat="40.6092560" lon="-3.1464810">
    <ele>804.1</ele>
   </trkpt>
   <trkpt lat="40.6092670" lon="-3.1464870">
    <ele>804.0</ele>
   </trkpt>
   <trkpt lat="40.6093030" lon="-3.1465130">
    <ele>803.6</ele>
   </trkpt>
   <trkpt lat="40.6093220" lon="-3.1465260">
    <ele>803.5</ele>
   </trkpt>
   <trkpt lat="40.6093510" lon="-3.1465410">
    <ele>803.2</ele>
   </trkpt>
   <trkpt lat="40.6093890" lon="-3.1465560">
    <ele>803.0</ele>
   </trkpt>
   <trkpt lat="40.6095020" lon="-3.1465950">
    <ele>802.0</ele>
   </trkpt>
   <trkpt lat="40.6095390" lon="-3.1466050">
    <ele>801.7</ele>
   </trkpt>
   <trkpt lat="40.6095510" lon="-3.1466110">
    <ele>801.5</ele>
   </trkpt>
   <trkpt lat="40.6095750" lon="-3.1466280">
    <ele>801.3</ele>
   </trkpt>
   <trkpt lat="40.6096030" lon="-3.1466490">
    <ele>801.0</ele>
   </trkpt>
   <trkpt lat="40.6096390" lon="-3.1466730">
    <ele>800.6</ele>
   </trkpt>
   <trkpt lat="40.6096710" lon="-3.1466870">
    <ele>800.3</ele>
   </trkpt>
   <trkpt lat="40.6097060" lon="-3.1467080">
    <ele>799.9</ele>
   </trkpt>
   <trkpt lat="40.6097370" lon="-3.1467240">
    <ele>799.6</ele>
   </trkpt>
   <trkpt lat="40.6097810" lon="-3.1467390">
    <ele>799.1</ele>
   </trkpt>
   <trkpt lat="40.6098210" lon="-3.1467490">
    <ele>798.7</ele>
   </trkpt>
   <trkpt lat="40.6098650" lon="-3.1467710">
    <ele>798.3</ele>
   </trkpt>
   <trkpt lat="40.6099100" lon="-3.1467940">
    <ele>797.8</ele>
   </trkpt>
   <trkpt lat="40.6099470" lon="-3.1468230">
    <ele>797.4</ele>
   </trkpt>
   <trkpt lat="40.6099710" lon="-3.1468450">
    <ele>797.1</ele>
   </trkpt>
   <trkpt lat="40.6100020" lon="-3.1468580">
    <ele>796.8</ele>
   </trkpt>
   <trkpt lat="40.6100120" lon="-3.1468620">
    <ele>796.7</ele>
   </trkpt>
   <trkpt lat="40.6100480" lon="-3.1468740">
    <ele>796.3</ele>
   </trkpt>
   <trkpt lat="40.6100590" lon="-3.1468790">
    <ele>796.2</ele>
   </trkpt>
   <trkpt lat="40.6100900" lon="-3.1468950">
    <ele>795.9</ele>
   </trkpt>
   <trkpt lat="40.6101000" lon="-3.1469000">
    <ele>795.8</ele>
   </trkpt>
   <trkpt lat="40.6101270" lon="-3.1469100">
    <ele>795.5</ele>
   </trkpt>
   <trkpt lat="40.6101570" lon="-3.1469230">
    <ele>795.2</ele>
   </trkpt>
   <trkpt lat="40.6101880" lon="-3.1469340">
    <ele>794.9</ele>
   </trkpt>
   <trkpt lat="40.6102160" lon="-3.1469480">
    <ele>794.6</ele>
   </trkpt>
   <trkpt lat="40.6102450" lon="-3.1469580">
    <ele>794.3</ele>
   </trkpt>
   <trkpt lat="40.6102710" lon="-3.1469740">
    <ele>794.0</ele>
   </trkpt>
   <trkpt lat="40.6102980" lon="-3.1469840">
    <ele>793.8</ele>
   </trkpt>
   <trkpt lat="40.6103280" lon="-3.1469970">
    <ele>793.5</ele>
   </trkpt>
   <trkpt lat="40.6103570" lon="-3.1470190">
    <ele>793.2</ele>
   </trkpt>
   <trkpt lat="40.6103850" lon="-3.1470390">
    <ele>792.9</ele>
   </trkpt>
   <trkpt lat="40.6104130" lon="-3.1470550">
    <ele>792.6</ele>
   </trkpt>
   <trkpt lat="40.6104510" lon="-3.1470740">
    <ele>792.2</ele>
   </trkpt>
   <trkpt lat="40.6104650" lon="-3.1470840">
    <ele>792.0</ele>
   </trkpt>
   <trkpt lat="40.6104930" lon="-3.1471100">
    <ele>791.7</ele>
   </trkpt>
   <trkpt lat="40.6105290" lon="-3.1471390">
    <ele>791.3</ele>
   </trkpt>
   <trkpt lat="40.6105630" lon="-3.1471660">
    <ele>790.9</ele>
   </trkpt>
   <trkpt lat="40.6105960" lon="-3.1471900">
    <ele>790.6</ele>
   </trkpt>
   <trkpt lat="40.6106300" lon="-3.1472270">
    <ele>790.1</ele>
   </trkpt>
   <trkpt lat="40.6106640" lon="-3.1472500">
    <ele>789.7</ele>
   </trkpt>
   <trkpt lat="40.6106980" lon="-3.1472750">
    <ele>789.3</ele>
   </trkpt>
   <trkpt lat="40.6107280" lon="-3.1473020">
    <ele>789.0</ele>
   </trkpt>
   <trkpt lat="40.6107550" lon="-3.1473320">
    <ele>788.6</ele>
   </trkpt>
   <trkpt lat="40.6107900" lon="-3.1473600">
    <ele>788.2</ele>
   </trkpt>
   <trkpt lat="40.6108200" lon="-3.1473860">
    <ele>787.8</ele>
   </trkpt>
   <trkpt lat="40.6108500" lon="-3.1474120">
    <ele>787.5</ele>
   </trkpt>
   <trkpt lat="40.6108800" lon="-3.1474330">
    <ele>787.1</ele>
   </trkpt>
   <trkpt lat="40.6109110" lon="-3.1474560">
    <ele>786.8</ele>
   </trkpt>
   <trkpt lat="40.6109420" lon="-3.1474830">
    <ele>786.5</ele>
   </trkpt>
   <trkpt lat="40.6109710" lon="-3.1475140">
    <ele>786.2</ele>
   </trkpt>
   <trkpt lat="40.6109990" lon="-3.1475320">
    <ele>786.0</ele>
   </trkpt>
   <trkpt lat="40.6110310" lon="-3.1475590">
    <ele>785.7</ele>
   </trkpt>
   <trkpt lat="40.6110560" lon="-3.1475820">
    <ele>785.5</ele>
   </trkpt>
   <trkpt lat="40.6110800" lon="-3.1476070">
    <ele>785.3</ele>
   </trkpt>
   <trkpt lat="40.6111060" lon="-3.1476360">
    <ele>785.0</ele>
   </trkpt>
   <trkpt lat="40.6111310" lon="-3.1476630">
    <ele>784.8</ele>
   </trkpt>
   <trkpt lat="40.6111580" lon="-3.1476910">
    <ele>784.6</ele>
   </trkpt>
   <trkpt lat="40.6111880" lon="-3.1477020">
    <ele>784.4</ele>
   </trkpt>
   <trkpt lat="40.6112190" lon="-3.1477190">
    <ele>784.2</ele>
   </trkpt>
   <trkpt lat="40.6112560" lon="-3.1477360">
    <ele>783.9</ele>
   </trkpt>
   <trkpt lat="40.6112930" lon="-3.1477460">
    <ele>783.6</ele>
   </trkpt>
   <trkpt lat="40.6113270" lon="-3.1477550">
    <ele>783.3</ele>
   </trkpt>
   <trkpt lat="40.6113640" lon="-3.1477670">
    <ele>783.0</ele>
   </trkpt>
   <trkpt lat="40.6114080" lon="-3.1477800">
    <ele>782.7</ele>
   </trkpt>
   <trkpt lat="40.6114470" lon="-3.1478110">
    <ele>782.4</ele>
   </trkpt>
   <trkpt lat="40.6114860" lon="-3.1478320">
    <ele>782.0</ele>
   </trkpt>
   <trkpt lat="40.6115240" lon="-3.1478670">
    <ele>781.7</ele>
   </trkpt>
   <trkpt lat="40.6115630" lon="-3.1479000">
    <ele>781.4</ele>
   </trkpt>
   <trkpt lat="40.6115970" lon="-3.1479250">
    <ele>781.1</ele>
   </trkpt>
   <trkpt lat="40.6116260" lon="-3.1479620">
    <ele>780.8</ele>
   </trkpt>
   <trkpt lat="40.6116570" lon="-3.1479910">
    <ele>780.6</ele>
   </trkpt>
   <trkpt lat="40.6116920" lon="-3.1480090">
    <ele>780.3</ele>
   </trkpt>
   <trkpt lat="40.6117180" lon="-3.1480260">
    <ele>780.2</ele>
   </trkpt>
   <trkpt lat="40.6117430" lon="-3.1480460">
    <ele>780.0</ele>
   </trkpt>
   <trkpt lat="40.6117780" lon="-3.1480660">
    <ele>779.8</ele>
   </trkpt>
   <trkpt lat="40.6117900" lon="-3.1480700">
    <ele>779.7</ele>
   </trkpt>
   <trkpt lat="40.6118270" lon="-3.1480850">
    <ele>779.4</ele>
   </trkpt>
   <trkpt lat="40.6118390" lon="-3.1480920">
    <ele>779.3</ele>
   </trkpt>
   <trkpt lat="40.6118640" lon="-3.1481110">
    <ele>779.2</ele>
   </trkpt>
   <trkpt lat="40.6118940" lon="-3.1481260">
    <ele>778.9</ele>
   </trkpt>
   <trkpt lat="40.6119240" lon="-3.1481450">
    <ele>778.7</ele>
   </trkpt>
   <trkpt lat="40.6119550" lon="-3.1481750">
    <ele>778.5</ele>
   </trkpt>
   <trkpt lat="40.6119890" lon="-3.1481950">
    <ele>778.2</ele>
   </trkpt>
   <trkpt lat="40.6120260" lon="-3.1482200">
    <ele>778.0</ele>
   </trkpt>
   <trkpt lat="40.6120640" lon="-3.1482450">
    <ele>777.7</ele>
   </trkpt>
   <trkpt lat="40.6121000" lon="-3.1482730">
    <ele>777.4</ele>
   </trkpt>
   <trkpt lat="40.6121370" lon="-3.1482890">
    <ele>777.2</ele>
   </trkpt>
   <trkpt lat="40.6121660" lon="-3.1483020">
    <ele>777.0</ele>
   </trkpt>
   <trkpt lat="40.6121960" lon="-3.1483260">
    <ele>776.8</ele>
   </trkpt>
   <trkpt lat="40.6122290" lon="-3.1483590">
    <ele>776.5</ele>
   </trkpt>
   <trkpt lat="40.6122610" lon="-3.1483890">
    <ele>776.3</ele>
   </trkpt>
   <trkpt lat="40.6122970" lon="-3.1484280">
    <ele>776.0</ele>
   </trkpt>
   <trkpt lat="40.6123320" lon="-3.1484740">
    <ele>775.7</ele>
   </trkpt>
   <trkpt lat="40.6123630" lon="-3.1485080">
    <ele>775.4</ele>
   </trkpt>
   <trkpt lat="40.6123930" lon="-3.1485460">
    <ele>775.2</ele>
   </trkpt>
   <trkpt lat="40.6124290" lon="-3.1485760">
    <ele>774.9</ele>
   </trkpt>
   <trkpt lat="40.6124650" lon="-3.1486090">
    <ele>774.6</ele>
   </trkpt>
   <trkpt lat="40.6125040" lon="-3.1486430">
    <ele>774.3</ele>
   </trkpt>
   <trkpt lat="40.6125430" lon="-3.1486770">
    <ele>774.0</ele>
   </trkpt>
   <trkpt lat="40.6125850" lon="-3.1487120">
    <ele>773.7</ele>
   </trkpt>
   <trkpt lat="40.6126250" lon="-3.1487360">
    <ele>773.5</ele>
   </trkpt>
   <trkpt lat="40.6126640" lon="-3.1487680">
    <ele>773.2</ele>
   </trkpt>
   <trkpt lat="40.6127080" lon="-3.1488040">
    <ele>773.0</ele>
   </trkpt>
   <trkpt lat="40.6127570" lon="-3.1488370">
    <ele>772.7</ele>
   </trkpt>
   <trkpt lat="40.6128030" lon="-3.1488740">
    <ele>772.4</ele>
   </trkpt>
   <trkpt lat="40.6128460" lon="-3.1489120">
    <ele>772.2</ele>
   </trkpt>
   <trkpt lat="40.6128880" lon="-3.1489500">
    <ele>772.0</ele>
   </trkpt>
   <trkpt lat="40.6129290" lon="-3.1489910">
    <ele>771.7</ele>
   </trkpt>
   <trkpt lat="40.6129710" lon="-3.1490280">
    <ele>771.5</ele>
   </trkpt>
   <trkpt lat="40.6130100" lon="-3.1490560">
    <ele>771.3</ele>
   </trkpt>
   <trkpt lat="40.6130480" lon="-3.1490890">
    <ele>771.1</ele>
   </trkpt>
   <trkpt lat="40.6130920" lon="-3.1491350">
    <ele>770.9</ele>
   </trkpt>
   <trkpt lat="40.6131340" lon="-3.1491690">
    <ele>770.7</ele>
   </trkpt>
   <trkpt lat="40.6131790" lon="-3.1492000">
    <ele>770.5</ele>
   </trkpt>
   <trkpt lat="40.6132200" lon="-3.1492350">
    <ele>770.4</ele>
   </trkpt>
   <trkpt lat="40.6132660" lon="-3.1492760">
    <ele>770.1</ele>
   </trkpt>
   <trkpt lat="40.6133140" lon="-3.1493200">
    <ele>769.9</ele>
   </trkpt>
   <trkpt lat="40.6133600" lon="-3.1493540">
    <ele>769.7</ele>
   </trkpt>
   <trkpt lat="40.6134090" lon="-3.1493820">
    <ele>769.4</ele>
   </trkpt>
   <trkpt lat="40.6134550" lon="-3.1494080">
    <ele>769.2</ele>
   </trkpt>
   <trkpt lat="40.6134960" lon="-3.1494450">
    <ele>768.9</ele>
   </trkpt>
   <trkpt lat="40.6135370" lon="-3.1494850">
    <ele>768.7</ele>
   </trkpt>
   <trkpt lat="40.6135750" lon="-3.1495230">
    <ele>768.4</ele>
   </trkpt>
   <trkpt lat="40.6136180" lon="-3.1495660">
    <ele>768.1</ele>
   </trkpt>
   <trkpt lat="40.6136630" lon="-3.1496150">
    <ele>767.8</ele>
   </trkpt>
   <trkpt lat="40.6137140" lon="-3.1496600">
    <ele>767.5</ele>
   </trkpt>
   <trkpt lat="40.6137600" lon="-3.1497070">
    <ele>767.1</ele>
   </trkpt>
   <trkpt lat="40.6138030" lon="-3.1497510">
    <ele>766.9</ele>
   </trkpt>
   <trkpt lat="40.6138510" lon="-3.1497970">
    <ele>766.5</ele>
   </trkpt>
   <trkpt lat="40.6139030" lon="-3.1498520">
    <ele>766.1</ele>
   </trkpt>
   <trkpt lat="40.6139490" lon="-3.1499080">
    <ele>765.8</ele>
   </trkpt>
   <trkpt lat="40.6139990" lon="-3.1499650">
    <ele>765.5</ele>
   </trkpt>
   <trkpt lat="40.6140510" lon="-3.1500180">
    <ele>765.1</ele>
   </trkpt>
   <trkpt lat="40.6141030" lon="-3.1500740">
    <ele>764.8</ele>
   </trkpt>
   <trkpt lat="40.6141590" lon="-3.1501370">
    <ele>764.5</ele>
   </trkpt>
   <trkpt lat="40.6142130" lon="-3.1501980">
    <ele>764.1</ele>
   </trkpt>
   <trkpt lat="40.6142710" lon="-3.1502530">
    <ele>763.8</ele>
   </trkpt>
   <trkpt lat="40.6143320" lon="-3.1503090">
    <ele>763.5</ele>
   </trkpt>
   <trkpt lat="40.6143870" lon="-3.1503620">
    <ele>763.2</ele>
   </trkpt>
   <trkpt lat="40.6144460" lon="-3.1504190">
    <ele>762.9</ele>
   </trkpt>
   <trkpt lat="40.6144990" lon="-3.1504770">
    <ele>762.6</ele>
   </trkpt>
   <trkpt lat="40.6145550" lon="-3.1505310">
    <ele>762.3</ele>
   </trkpt>
   <trkpt lat="40.6146140" lon="-3.1505950">
    <ele>762.0</ele>
   </trkpt>
   <trkpt lat="40.6146650" lon="-3.1506550">
    <ele>761.7</ele>
   </trkpt>
   <trkpt lat="40.6147180" lon="-3.1507150">
    <ele>761.5</ele>
   </trkpt>
   <trkpt lat="40.6147730" lon="-3.1507690">
    <ele>761.3</ele>
   </trkpt>
   <trkpt lat="40.6148290" lon="-3.1508220">
    <ele>761.0</ele>
   </trkpt>
   <trkpt lat="40.6148820" lon="-3.1508730">
    <ele>760.9</ele>
   </trkpt>
   <trkpt lat="40.6149290" lon="-3.1509250">
    <ele>760.7</ele>
   </trkpt>
   <trkpt lat="40.6149830" lon="-3.1509860">
    <ele>760.5</ele>
   </trkpt>
   <trkpt lat="40.6150350" lon="-3.1510390">
    <ele>760.4</ele>
   </trkpt>
   <trkpt lat="40.6150850" lon="-3.1510880">
    <ele>760.3</ele>
   </trkpt>
   <trkpt lat="40.6151290" lon="-3.1511430">
    <ele>760.1</ele>
   </trkpt>
   <trkpt lat="40.6151730" lon="-3.1511910">
    <ele>760.0</ele>
   </trkpt>
   <trkpt lat="40.6152110" lon="-3.1512510">
    <ele>759.8</ele>
   </trkpt>
   <trkpt lat="40.6152490" lon="-3.1512990">
    <ele>759.7</ele>
   </trkpt>
   <trkpt lat="40.6152910" lon="-3.1513430">
    <ele>759.5</ele>
   </trkpt>
   <trkpt lat="40.6153380" lon="-3.1513830">
    <ele>759.3</ele>
   </trkpt>
   <trkpt lat="40.6153770" lon="-3.1514280">
    <ele>759.2</ele>
   </trkpt>
   <trkpt lat="40.6154210" lon="-3.1514650">
    <ele>759.0</ele>
   </trkpt>
   <trkpt lat="40.6154610" lon="-3.1515090">
    <ele>758.8</ele>
   </trkpt>
   <trkpt lat="40.6155010" lon="-3.1515440">
    <ele>758.7</ele>
   </trkpt>
   <trkpt lat="40.6155410" lon="-3.1515800">
    <ele>758.6</ele>
   </trkpt>
   <trkpt lat="40.6155730" lon="-3.1516110">
    <ele>758.5</ele>
   </trkpt>
   <trkpt lat="40.6156100" lon="-3.1516510">
    <ele>758.4</ele>
   </trkpt>
   <trkpt lat="40.6156420" lon="-3.1516870">
    <ele>758.3</ele>
   </trkpt>
   <trkpt lat="40.6156760" lon="-3.1517320">
    <ele>758.2</ele>
   </trkpt>
   <trkpt lat="40.6157120" lon="-3.1517740">
    <ele>758.1</ele>
   </trkpt>
   <trkpt lat="40.6157500" lon="-3.1518110">
    <ele>758.0</ele>
   </trkpt>
   <trkpt lat="40.6157830" lon="-3.1518380">
    <ele>757.9</ele>
   </trkpt>
   <trkpt lat="40.6158190" lon="-3.1518690">
    <ele>757.8</ele>
   </trkpt>
   <trkpt lat="40.6158590" lon="-3.1519040">
    <ele>757.7</ele>
   </trkpt>
   <trkpt lat="40.6158980" lon="-3.1519370">
    <ele>757.6</ele>
   </trkpt>
   <trkpt lat="40.6159380" lon="-3.1519740">
    <ele>757.5</ele>
   </trkpt>
   <trkpt lat="40.6159740" lon="-3.1520150">
    <ele>757.5</ele>
   </trkpt>
   <trkpt lat="40.6160130" lon="-3.1520550">
    <ele>757.4</ele>
   </trkpt>
   <trkpt lat="40.6160490" lon="-3.1520970">
    <ele>757.3</ele>
   </trkpt>
   <trkpt lat="40.6160840" lon="-3.1521370">
    <ele>757.2</ele>
   </trkpt>
   <trkpt lat="40.6161210" lon="-3.1521810">
    <ele>757.1</ele>
   </trkpt>
   <trkpt lat="40.6161520" lon="-3.1522220">
    <ele>757.0</ele>
   </trkpt>
   <trkpt lat="40.6161910" lon="-3.1522560">
    <ele>756.9</ele>
   </trkpt>
   <trkpt lat="40.6162290" lon="-3.1522930">
    <ele>756.9</ele>
   </trkpt>
   <trkpt lat="40.6162640" lon="-3.1523340">
    <ele>756.8</ele>
   </trkpt>
   <trkpt lat="40.6163020" lon="-3.1523780">
    <ele>756.7</ele>
   </trkpt>
   <trkpt lat="40.6163400" lon="-3.1524210">
    <ele>756.6</ele>
   </trkpt>
   <trkpt lat="40.6163790" lon="-3.1524670">
    <ele>756.6</ele>
   </trkpt>
   <trkpt lat="40.6164210" lon="-3.1525140">
    <ele>756.5</ele>
   </trkpt>
   <trkpt lat="40.6164630" lon="-3.1525640">
    <ele>756.4</ele>
   </trkpt>
   <trkpt lat="40.6165080" lon="-3.1526110">
    <ele>756.3</ele>
   </trkpt>
   <trkpt lat="40.6165550" lon="-3.1526550">
    <ele>756.2</ele>
   </trkpt>
   <trkpt lat="40.6165960" lon="-3.1527080">
    <ele>756.1</ele>
   </trkpt>
   <trkpt lat="40.6166400" lon="-3.1527570">
    <ele>756.0</ele>
   </trkpt>
   <trkpt lat="40.6166870" lon="-3.1528060">
    <ele>755.9</ele>
   </trkpt>
   <trkpt lat="40.6167280" lon="-3.1528580">
    <ele>755.8</ele>
   </trkpt>
   <trkpt lat="40.6167670" lon="-3.1529130">
    <ele>755.7</ele>
   </trkpt>
   <trkpt lat="40.6168000" lon="-3.1529640">
    <ele>755.7</ele>
   </trkpt>
   <trkpt lat="40.6168310" lon="-3.1530170">
    <ele>755.6</ele>
   </trkpt>
   <trkpt lat="40.6168620" lon="-3.1530670">
    <ele>755.5</ele>
   </trkpt>
   <trkpt lat="40.6168920" lon="-3.1531120">
    <ele>755.4</ele>
   </trkpt>
   <trkpt lat="40.6169260" lon="-3.1531550">
    <ele>755.3</ele>
   </trkpt>
   <trkpt lat="40.6169620" lon="-3.1531950">
    <ele>755.2</ele>
   </trkpt>
   <trkpt lat="40.6169990" lon="-3.1532190">
    <ele>755.1</ele>
   </trkpt>
   <trkpt lat="40.6170360" lon="-3.1532490">
    <ele>755.1</ele>
   </trkpt>
   <trkpt lat="40.6170660" lon="-3.1532730">
    <ele>755.0</ele>
   </trkpt>
   <trkpt lat="40.6170940" lon="-3.1532910">
    <ele>755.0</ele>
   </trkpt>
   <trkpt lat="40.6171140" lon="-3.1532890">
    <ele>754.9</ele>
   </trkpt>
   <trkpt lat="40.6171270" lon="-3.1532820">
    <ele>754.9</ele>
   </trkpt>
   <trkpt lat="40.6171350" lon="-3.1532790">
    <ele>754.9</ele>
   </trkpt>
   <trkpt lat="40.6171360" lon="-3.1532810">
    <ele>754.9</ele>
   </trkpt>
   <trkpt lat="40.6171370" lon="-3.1532800">
    <ele>754.9</ele>
   </trkpt>
   <trkpt lat="40.6171380" lon="-3.1532760">
    <ele>754.9</ele>
   </trkpt>
   <trkpt lat="40.6171530" lon="-3.1532750">
    <ele>754.9</ele>
   </trkpt>
   <trkpt lat="40.6171600" lon="-3.1532890">
    <ele>754.9</ele>
   </trkpt>
   <trkpt lat="40.6171600" lon="-3.1533000">
    <ele>754.9</ele>
   </trkpt>
   <trkpt lat="40.6171590" lon="-3.1533080">
    <ele>754.9</ele>
   </trkpt>
   <trkpt lat="40.6171590" lon="-3.1533170">
    <ele>754.9</ele>
   </trkpt>
   <trkpt lat="40.6171590" lon="-3.1533260">
    <ele>754.9</ele>
   </trkpt>
   <trkpt lat="40.6171580" lon="-3.1533340">
    <ele>754.8</ele>
   </trkpt>
   <trkpt lat="40.6171580" lon="-3.1533430">
    <ele>754.8</ele>
   </trkpt>
   <trkpt lat="40.6171580" lon="-3.1533520">
    <ele>754.8</ele>
   </trkpt>
   <trkpt lat="40.6171570" lon="-3.1533600">
    <ele>754.8</ele>
   </trkpt>
   <trkpt lat="40.6171570" lon="-3.1533690">
    <ele>754.8</ele>
   </trkpt>
   <trkpt lat="40.6171570" lon="-3.1533780">
    <ele>754.8</ele>
   </trkpt>
   <trkpt lat="40.6171560" lon="-3.1533860">
    <ele>754.8</ele>
   </trkpt>
   <trkpt lat="40.6171560" lon="-3.1533950">
    <ele>754.8</ele>
   </trkpt>
   <trkpt lat="40.6171500" lon="-3.1534150">
    <ele>754.8</ele>
   </trkpt>
   <trkpt lat="40.6171340" lon="-3.1534300">
    <ele>754.8</ele>
   </trkpt>
   <trkpt lat="40.6171140" lon="-3.1534210">
    <ele>754.7</ele>
   </trkpt>
   <trkpt lat="40.6171110" lon="-3.1534170">
    <ele>754.7</ele>
   </trkpt>
   <trkpt lat="40.6171080" lon="-3.1534120">
    <ele>754.7</ele>
   </trkpt>
   <trkpt lat="40.6171050" lon="-3.1534080">
    <ele>754.7</ele>
   </trkpt>
   <trkpt lat="40.6171030" lon="-3.1534040">
    <ele>754.7</ele>
   </trkpt>
   <trkpt lat="40.6171000" lon="-3.1534000">
    <ele>754.7</ele>
   </trkpt>
   <trkpt lat="40.6170970" lon="-3.1533960">
    <ele>754.7</ele>
   </trkpt>
   <trkpt lat="40.6170940" lon="-3.1533920">
    <ele>754.7</ele>
   </trkpt>
   <trkpt lat="40.6170910" lon="-3.1533870">
    <ele>754.7</ele>
   </trkpt>
   <trkpt lat="40.6170880" lon="-3.1533830">
    <ele>754.7</ele>
   </trkpt>
   <trkpt lat="40.6170850" lon="-3.1533790">
    <ele>754.7</ele>
   </trkpt>
   <trkpt lat="40.6170820" lon="-3.1533750">
    <ele>754.7</ele>
   </trkpt>
   <trkpt lat="40.6170800" lon="-3.1533710">
    <ele>754.7</ele>
   </trkpt>
   <trkpt lat="40.6170770" lon="-3.1533670">
    <ele>754.7</ele>
   </trkpt>
   <trkpt lat="40.6170740" lon="-3.1533620">
    <ele>754.7</ele>
   </trkpt>
   <trkpt lat="40.6170710" lon="-3.1533580">
    <ele>754.7</ele>
   </trkpt>
   <trkpt lat="40.6170680" lon="-3.1533540">
    <ele>754.7</ele>
   </trkpt>
   <trkpt lat="40.6170460" lon="-3.1533230">
    <ele>754.6</ele>
   </trkpt>
   <trkpt lat="40.6170250" lon="-3.1532920">
    <ele>754.6</ele>
   </trkpt>
   <trkpt lat="40.6170100" lon="-3.1532630">
    <ele>754.6</ele>
   </trkpt>
   <trkpt lat="40.6169890" lon="-3.1532370">
    <ele>754.6</ele>
   </trkpt>
   <trkpt lat="40.6169640" lon="-3.1531990">
    <ele>754.5</ele>
   </trkpt>
   <trkpt lat="40.6169550" lon="-3.1531880">
    <ele>754.5</ele>
   </trkpt>
   <trkpt lat="40.6169360" lon="-3.1531610">
    <ele>754.5</ele>
   </trkpt>
   <trkpt lat="40.6169110" lon="-3.1531360">
    <ele>754.4</ele>
   </trkpt>
   <trkpt lat="40.6169040" lon="-3.1531300">
    <ele>754.4</ele>
   </trkpt>
   <trkpt lat="40.6168920" lon="-3.1531260">
    <ele>754.4</ele>
   </trkpt>
   <trkpt lat="40.6168900" lon="-3.1531210">
    <ele>754.4</ele>
   </trkpt>
   <trkpt lat="40.6168900" lon="-3.1531210">
    <ele>754.4</ele>
   </trkpt>
   <trkpt lat="40.6168900" lon="-3.1531210">
    <ele>754.4</ele>
   </trkpt>
   <trkpt lat="40.6168900" lon="-3.1531210">
    <ele>754.4</ele>
   </trkpt>
   <trkpt lat="40.6168900" lon="-3.1531210">
    <ele>754.4</ele>
   </trkpt>
   <trkpt lat="40.6168900" lon="-3.1531210">
    <ele>754.4</ele>
   </trkpt>
   <trkpt lat="40.6168830" lon="-3.1531210">
    <ele>754.4</ele>
   </trkpt>
   <trkpt lat="40.6168830" lon="-3.1531210">
    <ele>754.4</ele>
   </trkpt>
   <trkpt lat="40.6168780" lon="-3.1531200">
    <ele>754.4</ele>
   </trkpt>
   <trkpt lat="40.6168780" lon="-3.1531200">
    <ele>754.4</ele>
   </trkpt>
   <trkpt lat="40.6168780" lon="-3.1531200">
    <ele>754.4</ele>
   </trkpt>
   <trkpt lat="40.6168580" lon="-3.1530930">
    <ele>754.4</ele>
   </trkpt>
   <trkpt lat="40.6168540" lon="-3.1530690">
    <ele>754.3</ele>
   </trkpt>
   <trkpt lat="40.6168620" lon="-3.1530620">
    <ele>754.3</ele>
   </trkpt>
   <trkpt lat="40.6168720" lon="-3.1530580">
    <ele>754.3</ele>
   </trkpt>
   <trkpt lat="40.6168890" lon="-3.1530850">
    <ele>754.3</ele>
   </trkpt>
   <trkpt lat="40.6168960" lon="-3.1530980">
    <ele>754.3</ele>
   </trkpt>
   <trkpt lat="40.6169180" lon="-3.1531260">
    <ele>754.2</ele>
   </trkpt>
   <trkpt lat="40.6169360" lon="-3.1531580">
    <ele>754.2</ele>
   </trkpt>
   <trkpt lat="40.6169610" lon="-3.1531810">
    <ele>754.2</ele>
   </trkpt>
   <trkpt lat="40.6169940" lon="-3.1532060">
    <ele>754.2</ele>
   </trkpt>
   <trkpt lat="40.6170040" lon="-3.1532150">
    <ele>754.2</ele>
   </trkpt>
   <trkpt lat="40.6170330" lon="-3.1532360">
    <ele>754.1</ele>
   </trkpt>
   <trkpt lat="40.6170610" lon="-3.1532560">
    <ele>754.1</ele>
   </trkpt>
   <trkpt lat="40.6170930" lon="-3.1532600">
    <ele>754.1</ele>
   </trkpt>
   <trkpt lat="40.6171010" lon="-3.1532610">
    <ele>754.1</ele>
   </trkpt>
   <trkpt lat="40.6171180" lon="-3.1532650">
    <ele>754.1</ele>
   </trkpt>
   <trkpt lat="40.6171220" lon="-3.1532650">
    <ele>754.1</ele>
   </trkpt>
   <trkpt lat="40.6171230" lon="-3.1532660">
    <ele>754.1</ele>
   </trkpt>
   <trkpt lat="40.6171230" lon="-3.1532660">
    <ele>754.1</ele>
   </trkpt>
   <trkpt lat="40.6171230" lon="-3.1532670">
    <ele>754.1</ele>
   </trkpt>
   <trkpt lat="40.6171230" lon="-3.1532670">
    <ele>754.1</ele>
   </trkpt>
   <trkpt lat="40.6171230" lon="-3.1532670">
    <ele>754.1</ele>
   </trkpt>
   <trkpt lat="40.6171260" lon="-3.1532740">
    <ele>754.1</ele>
   </trkpt>
   <trkpt lat="40.6171270" lon="-3.1532750">
    <ele>754.1</ele>
   </trkpt>
   <trkpt lat="40.6171270" lon="-3.1532750">
    <ele>754.1</ele>
   </trkpt>
   <trkpt lat="40.6171290" lon="-3.1532810">
    <ele>754.0</ele>
   </trkpt>
   <trkpt lat="40.6171380" lon="-3.1532830">
    <ele>754.0</ele>
   </trkpt>
   <trkpt lat="40.6171470" lon="-3.1532750">
    <ele>754.0</ele>
   </trkpt>
   <trkpt lat="40.6171550" lon="-3.1532600">
    <ele>754.0</ele>
   </trkpt>
   <trkpt lat="40.6171590" lon="-3.1532160">
    <ele>754.2</ele>
   </trkpt>
   <trkpt lat="40.6171570" lon="-3.1531960">
    <ele>754.2</ele>
   </trkpt>
   <trkpt lat="40.6171560" lon="-3.1531510">
    <ele>754.4</ele>
   </trkpt>
   <trkpt lat="40.6171490" lon="-3.1531050">
    <ele>754.6</ele>
   </trkpt>
   <trkpt lat="40.6171430" lon="-3.1530580">
    <ele>754.8</ele>
   </trkpt>
   <trkpt lat="40.6171280" lon="-3.1530050">
    <ele>755.0</ele>
   </trkpt>
   <trkpt lat="40.6171070" lon="-3.1529450">
    <ele>755.3</ele>
   </trkpt>
   <trkpt lat="40.6170960" lon="-3.1528830">
    <ele>755.5</ele>
   </trkpt>
   <trkpt lat="40.6170870" lon="-3.1528370">
    <ele>755.7</ele>
   </trkpt>
   <trkpt lat="40.6170760" lon="-3.1527830">
    <ele>755.9</ele>
   </trkpt>
   <trkpt lat="40.6170580" lon="-3.1527370">
    <ele>756.1</ele>
   </trkpt>
   <trkpt lat="40.6170440" lon="-3.1526910">
    <ele>756.3</ele>
   </trkpt>
   <trkpt lat="40.6170270" lon="-3.1526450">
    <ele>756.4</ele>
   </trkpt>
   <trkpt lat="40.6170170" lon="-3.1525910">
    <ele>756.6</ele>
   </trkpt>
   <trkpt lat="40.6170090" lon="-3.1525420">
    <ele>756.7</ele>
   </trkpt>
   <trkpt lat="40.6170020" lon="-3.1524980">
    <ele>756.9</ele>
   </trkpt>
   <trkpt lat="40.6169900" lon="-3.1524460">
    <ele>757.1</ele>
   </trkpt>
   <trkpt lat="40.6169790" lon="-3.1523910">
    <ele>757.2</ele>
   </trkpt>
   <trkpt lat="40.6169690" lon="-3.1523490">
    <ele>757.4</ele>
   </trkpt>
   <trkpt lat="40.6169630" lon="-3.1522950">
    <ele>757.6</ele>
   </trkpt>
   <trkpt lat="40.6169540" lon="-3.1522410">
    <ele>757.7</ele>
   </trkpt>
   <trkpt lat="40.6169490" lon="-3.1521930">
    <ele>757.9</ele>
   </trkpt>
   <trkpt lat="40.6169350" lon="-3.1521420">
    <ele>758.1</ele>
   </trkpt>
   <trkpt lat="40.6169250" lon="-3.1520930">
    <ele>758.3</ele>
   </trkpt>
   <trkpt lat="40.6169150" lon="-3.1520440">
    <ele>758.5</ele>
   </trkpt>
   <trkpt lat="40.6169060" lon="-3.1519860">
    <ele>758.7</ele>
   </trkpt>
   <trkpt lat="40.6168930" lon="-3.1519390">
    <ele>758.8</ele>
   </trkpt>
   <trkpt lat="40.6168810" lon="-3.1518910">
    <ele>759.0</ele>
   </trkpt>
   <trkpt lat="40.6168720" lon="-3.1518440">
    <ele>759.2</ele>
   </trkpt>
   <trkpt lat="40.6168510" lon="-3.1517960">
    <ele>759.4</ele>
   </trkpt>
   <trkpt lat="40.6168410" lon="-3.1517520">
    <ele>759.6</ele>
   </trkpt>
   <trkpt lat="40.6168290" lon="-3.1517070">
    <ele>759.8</ele>
   </trkpt>
   <trkpt lat="40.6168230" lon="-3.1516610">
    <ele>759.9</ele>
   </trkpt>
   <trkpt lat="40.6168200" lon="-3.1516160">
    <ele>760.1</ele>
   </trkpt>
   <trkpt lat="40.6168150" lon="-3.1515680">
    <ele>760.2</ele>
   </trkpt>
   <trkpt lat="40.6168170" lon="-3.1515130">
    <ele>760.4</ele>
   </trkpt>
   <trkpt lat="40.6168130" lon="-3.1514650">
    <ele>760.6</ele>
   </trkpt>
   <trkpt lat="40.6168090" lon="-3.1514140">
    <ele>760.7</ele>
   </trkpt>
   <trkpt lat="40.6168070" lon="-3.1513610">
    <ele>760.9</ele>
   </trkpt>
   <trkpt lat="40.6167990" lon="-3.1513070">
    <ele>761.1</ele>
   </trkpt>
   <trkpt lat="40.6167950" lon="-3.1512620">
    <ele>761.2</ele>
   </trkpt>
   <trkpt lat="40.6167900" lon="-3.1512170">
    <ele>761.4</ele>
   </trkpt>
   <trkpt lat="40.6167820" lon="-3.1511680">
    <ele>761.6</ele>
   </trkpt>
   <trkpt lat="40.6167740" lon="-3.1511180">
    <ele>761.7</ele>
   </trkpt>
   <trkpt lat="40.6167620" lon="-3.1510640">
    <ele>761.9</ele>
   </trkpt>
   <trkpt lat="40.6167530" lon="-3.1510120">
    <ele>762.1</ele>
   </trkpt>
   <trkpt lat="40.6167460" lon="-3.1509600">
    <ele>762.3</ele>
   </trkpt>
   <trkpt lat="40.6167390" lon="-3.1509030">
    <ele>762.5</ele>
   </trkpt>
   <trkpt lat="40.6167310" lon="-3.1508440">
    <ele>762.7</ele>
   </trkpt>
   <trkpt lat="40.6167210" lon="-3.1507860">
    <ele>762.9</ele>
   </trkpt>
   <trkpt lat="40.6167160" lon="-3.1507300">
    <ele>763.2</ele>
   </trkpt>
   <trkpt lat="40.6167120" lon="-3.1506780">
    <ele>763.4</ele>
   </trkpt>
   <trkpt lat="40.6167030" lon="-3.1506280">
    <ele>763.7</ele>
   </trkpt>
   <trkpt lat="40.6166970" lon="-3.1505830">
    <ele>763.9</ele>
   </trkpt>
   <trkpt lat="40.6166930" lon="-3.1505260">
    <ele>764.2</ele>
   </trkpt>
   <trkpt lat="40.6166900" lon="-3.1504790">
    <ele>764.4</ele>
   </trkpt>
   <trkpt lat="40.6166850" lon="-3.1504320">
    <ele>764.7</ele>
   </trkpt>
   <trkpt lat="40.6166780" lon="-3.1503840">
    <ele>764.9</ele>
   </trkpt>
   <trkpt lat="40.6166710" lon="-3.1503270">
    <ele>765.2</ele>
   </trkpt>
   <trkpt lat="40.6166680" lon="-3.1502700">
    <ele>765.5</ele>
   </trkpt>
   <trkpt lat="40.6166580" lon="-3.1502140">
    <ele>765.7</ele>
   </trkpt>
   <trkpt lat="40.6166450" lon="-3.1501560">
    <ele>766.0</ele>
   </trkpt>
   <trkpt lat="40.6166400" lon="-3.1501020">
    <ele>766.3</ele>
   </trkpt>
   <trkpt lat="40.6166370" lon="-3.1500470">
    <ele>766.5</ele>
   </trkpt>
   <trkpt lat="40.6166290" lon="-3.1499880">
    <ele>766.6</ele>
   </trkpt>
   <trkpt lat="40.6166240" lon="-3.1499330">
    <ele>766.8</ele>
   </trkpt>
   <trkpt lat="40.6166170" lon="-3.1498740">
    <ele>767.0</ele>
   </trkpt>
   <trkpt lat="40.6166090" lon="-3.1498180">
    <ele>767.2</ele>
   </trkpt>
   <trkpt lat="40.6166010" lon="-3.1497640">
    <ele>767.4</ele>
   </trkpt>
   <trkpt lat="40.6165980" lon="-3.1497080">
    <ele>767.6</ele>
   </trkpt>
   <trkpt lat="40.6165940" lon="-3.1496360">
    <ele>767.8</ele>
   </trkpt>
   <trkpt lat="40.6165850" lon="-3.1495820">
    <ele>768.0</ele>
   </trkpt>
   <trkpt lat="40.6165820" lon="-3.1495150">
    <ele>768.2</ele>
   </trkpt>
   <trkpt lat="40.6165760" lon="-3.1494520">
    <ele>768.4</ele>
   </trkpt>
   <trkpt lat="40.6165710" lon="-3.1493980">
    <ele>768.6</ele>
   </trkpt>
   <trkpt lat="40.6165640" lon="-3.1493400">
    <ele>768.7</ele>
   </trkpt>
   <trkpt lat="40.6165610" lon="-3.1492780">
    <ele>768.9</ele>
   </trkpt>
   <trkpt lat="40.6165500" lon="-3.1492200">
    <ele>769.1</ele>
   </trkpt>
   <trkpt lat="40.6165440" lon="-3.1491600">
    <ele>769.3</ele>
   </trkpt>
   <trkpt lat="40.6165370" lon="-3.1491000">
    <ele>769.5</ele>
   </trkpt>
   <trkpt lat="40.6165350" lon="-3.1490350">
    <ele>769.7</ele>
   </trkpt>
   <trkpt lat="40.6165340" lon="-3.1489750">
    <ele>769.9</ele>
   </trkpt>
   <trkpt lat="40.6165320" lon="-3.1489200">
    <ele>770.1</ele>
   </trkpt>
   <trkpt lat="40.6165280" lon="-3.1488630">
    <ele>770.2</ele>
   </trkpt>
   <trkpt lat="40.6165260" lon="-3.1488070">
    <ele>770.4</ele>
   </trkpt>
   <trkpt lat="40.6165200" lon="-3.1487490">
    <ele>770.6</ele>
   </trkpt>
   <trkpt lat="40.6165060" lon="-3.1486850">
    <ele>770.7</ele>
   </trkpt>
   <trkpt lat="40.6165000" lon="-3.1486230">
    <ele>770.9</ele>
   </trkpt>
   <trkpt lat="40.6164940" lon="-3.1485630">
    <ele>771.1</ele>
   </trkpt>
   <trkpt lat="40.6164860" lon="-3.1485040">
    <ele>771.2</ele>
   </trkpt>
   <trkpt lat="40.6164830" lon="-3.1484470">
    <ele>771.4</ele>
   </trkpt>
   <trkpt lat="40.6164750" lon="-3.1483880">
    <ele>771.5</ele>
   </trkpt>
   <trkpt lat="40.6164650" lon="-3.1483320">
    <ele>771.7</ele>
   </trkpt>
   <trkpt lat="40.6164620" lon="-3.1482700">
    <ele>771.8</ele>
   </trkpt>
   <trkpt lat="40.6164590" lon="-3.1482090">
    <ele>772.0</ele>
   </trkpt>
   <trkpt lat="40.6164570" lon="-3.1481480">
    <ele>772.1</ele>
   </trkpt>
   <trkpt lat="40.6164550" lon="-3.1480840">
    <ele>772.3</ele>
   </trkpt>
   <trkpt lat="40.6164530" lon="-3.1480230">
    <ele>772.4</ele>
   </trkpt>
   <trkpt lat="40.6164500" lon="-3.1479680">
    <ele>772.5</ele>
   </trkpt>
   <trkpt lat="40.6164460" lon="-3.1479020">
    <ele>772.6</ele>
   </trkpt>
   <trkpt lat="40.6164410" lon="-3.1478420">
    <ele>772.8</ele>
   </trkpt>
   <trkpt lat="40.6164400" lon="-3.1477820">
    <ele>772.9</ele>
   </trkpt>
   <trkpt lat="40.6164310" lon="-3.1477230">
    <ele>773.0</ele>
   </trkpt>
   <trkpt lat="40.6164220" lon="-3.1476550">
    <ele>773.2</ele>
   </trkpt>
   <trkpt lat="40.6164190" lon="-3.1475900">
    <ele>773.3</ele>
   </trkpt>
   <trkpt lat="40.6164080" lon="-3.1475260">
    <ele>773.5</ele>
   </trkpt>
   <trkpt lat="40.6163990" lon="-3.1474660">
    <ele>773.6</ele>
   </trkpt>
   <trkpt lat="40.6163880" lon="-3.1474160">
    <ele>773.7</ele>
   </trkpt>
   <trkpt lat="40.6163810" lon="-3.1473630">
    <ele>773.8</ele>
   </trkpt>
   <trkpt lat="40.6163730" lon="-3.1472980">
    <ele>773.9</ele>
   </trkpt>
   <trkpt lat="40.6163610" lon="-3.1472310">
    <ele>774.0</ele>
   </trkpt>
   <trkpt lat="40.6163510" lon="-3.1471730">
    <ele>774.1</ele>
   </trkpt>
   <trkpt lat="40.6163360" lon="-3.1471150">
    <ele>774.2</ele>
   </trkpt>
   <trkpt lat="40.6163240" lon="-3.1470610">
    <ele>774.3</ele>
   </trkpt>
   <trkpt lat="40.6163180" lon="-3.1470000">
    <ele>774.3</ele>
   </trkpt>
   <trkpt lat="40.6163040" lon="-3.1469380">
    <ele>774.4</ele>
   </trkpt>
   <trkpt lat="40.6162910" lon="-3.1468780">
    <ele>774.5</ele>
   </trkpt>
   <trkpt lat="40.6162730" lon="-3.1468240">
    <ele>774.6</ele>
   </trkpt>
   <trkpt lat="40.6162640" lon="-3.1467690">
    <ele>774.6</ele>
   </trkpt>
   <trkpt lat="40.6162490" lon="-3.1467110">
    <ele>774.7</ele>
   </trkpt>
   <trkpt lat="40.6162380" lon="-3.1466510">
    <ele>774.8</ele>
   </trkpt>
   <trkpt lat="40.6162220" lon="-3.1465960">
    <ele>774.9</ele>
   </trkpt>
   <trkpt lat="40.6162100" lon="-3.1465420">
    <ele>774.9</ele>
   </trkpt>
   <trkpt lat="40.6161940" lon="-3.1464860">
    <ele>775.0</ele>
   </trkpt>
   <trkpt lat="40.6161820" lon="-3.1464270">
    <ele>775.1</ele>
   </trkpt>
   <trkpt lat="40.6161690" lon="-3.1463660">
    <ele>775.2</ele>
   </trkpt>
   <trkpt lat="40.6161590" lon="-3.1463070">
    <ele>775.2</ele>
   </trkpt>
   <trkpt lat="40.6161470" lon="-3.1462470">
    <ele>775.3</ele>
   </trkpt>
   <trkpt lat="40.6161350" lon="-3.1461890">
    <ele>775.4</ele>
   </trkpt>
   <trkpt lat="40.6161220" lon="-3.1461310">
    <ele>775.6</ele>
   </trkpt>
   <trkpt lat="40.6161090" lon="-3.1460760">
    <ele>775.7</ele>
   </trkpt>
   <trkpt lat="40.6160970" lon="-3.1460230">
    <ele>775.8</ele>
   </trkpt>
   <trkpt lat="40.6160870" lon="-3.1459620">
    <ele>776.0</ele>
   </trkpt>
   <trkpt lat="40.6160720" lon="-3.1459050">
    <ele>776.1</ele>
   </trkpt>
   <trkpt lat="40.6160550" lon="-3.1458540">
    <ele>776.2</ele>
   </trkpt>
   <trkpt lat="40.6160390" lon="-3.1458040">
    <ele>776.4</ele>
   </trkpt>
   <trkpt lat="40.6160250" lon="-3.1457490">
    <ele>776.5</ele>
   </trkpt>
   <trkpt lat="40.6160080" lon="-3.1456910">
    <ele>776.6</ele>
   </trkpt>
   <trkpt lat="40.6159890" lon="-3.1456420">
    <ele>776.8</ele>
   </trkpt>
   <trkpt lat="40.6159700" lon="-3.1456050">
    <ele>776.9</ele>
   </trkpt>
   <trkpt lat="40.6159470" lon="-3.1455640">
    <ele>777.0</ele>
   </trkpt>
   <trkpt lat="40.6159200" lon="-3.1455160">
    <ele>777.1</ele>
   </trkpt>
   <trkpt lat="40.6159000" lon="-3.1454700">
    <ele>777.2</ele>
   </trkpt>
   <trkpt lat="40.6158810" lon="-3.1454300">
    <ele>777.3</ele>
   </trkpt>
   <trkpt lat="40.6158620" lon="-3.1453890">
    <ele>777.4</ele>
   </trkpt>
   <trkpt lat="40.6158410" lon="-3.1453320">
    <ele>777.6</ele>
   </trkpt>
   <trkpt lat="40.6158170" lon="-3.1452780">
    <ele>777.7</ele>
   </trkpt>
   <trkpt lat="40.6157950" lon="-3.1452210">
    <ele>777.9</ele>
   </trkpt>
   <trkpt lat="40.6157800" lon="-3.1451810">
    <ele>778.0</ele>
   </trkpt>
   <trkpt lat="40.6157670" lon="-3.1451410">
    <ele>778.1</ele>
   </trkpt>
   <trkpt lat="40.6157500" lon="-3.1450990">
    <ele>778.2</ele>
   </trkpt>
   <trkpt lat="40.6157370" lon="-3.1450490">
    <ele>778.3</ele>
   </trkpt>
   <trkpt lat="40.6157170" lon="-3.1450020">
    <ele>778.4</ele>
   </trkpt>
   <trkpt lat="40.6156950" lon="-3.1449580">
    <ele>778.6</ele>
   </trkpt>
   <trkpt lat="40.6156760" lon="-3.1449080">
    <ele>778.7</ele>
   </trkpt>
   <trkpt lat="40.6156500" lon="-3.1448260">
    <ele>778.9</ele>
   </trkpt>
   <trkpt lat="40.6156340" lon="-3.1447550">
    <ele>779.0</ele>
   </trkpt>
   <trkpt lat="40.6156080" lon="-3.1446810">
    <ele>779.2</ele>
   </trkpt>
   <trkpt lat="40.6155930" lon="-3.1446180">
    <ele>779.3</ele>
   </trkpt>
   <trkpt lat="40.6155800" lon="-3.1445590">
    <ele>779.4</ele>
   </trkpt>
   <trkpt lat="40.6155690" lon="-3.1445080">
    <ele>779.5</ele>
   </trkpt>
   <trkpt lat="40.6155600" lon="-3.1444610">
    <ele>779.6</ele>
   </trkpt>
   <trkpt lat="40.6155470" lon="-3.1444090">
    <ele>779.7</ele>
   </trkpt>
   <trkpt lat="40.6155360" lon="-3.1443500">
    <ele>779.9</ele>
   </trkpt>
   <trkpt lat="40.6155280" lon="-3.1443000">
    <ele>780.0</ele>
   </trkpt>
   <trkpt lat="40.6155200" lon="-3.1442520">
    <ele>780.0</ele>
   </trkpt>
   <trkpt lat="40.6155110" lon="-3.1442030">
    <ele>780.1</ele>
   </trkpt>
   <trkpt lat="40.6154940" lon="-3.1441430">
    <ele>780.1</ele>
   </trkpt>
   <trkpt lat="40.6154840" lon="-3.1440870">
    <ele>780.2</ele>
   </trkpt>
   <trkpt lat="40.6154710" lon="-3.1440290">
    <ele>780.3</ele>
   </trkpt>
   <trkpt lat="40.6154560" lon="-3.1439820">
    <ele>780.3</ele>
   </trkpt>
   <trkpt lat="40.6154400" lon="-3.1439220">
    <ele>780.4</ele>
   </trkpt>
   <trkpt lat="40.6154310" lon="-3.1438670">
    <ele>780.5</ele>
   </trkpt>
   <trkpt lat="40.6154290" lon="-3.1438050">
    <ele>780.5</ele>
   </trkpt>
   <trkpt lat="40.6154280" lon="-3.1437590">
    <ele>780.6</ele>
   </trkpt>
   <trkpt lat="40.6154190" lon="-3.1437080">
    <ele>780.6</ele>
   </trkpt>
   <trkpt lat="40.6154140" lon="-3.1436620">
    <ele>780.6</ele>
   </trkpt>
   <trkpt lat="40.6154090" lon="-3.1436010">
    <ele>780.7</ele>
   </trkpt>
   <trkpt lat="40.6154100" lon="-3.1435430">
    <ele>780.7</ele>
   </trkpt>
   <trkpt lat="40.6154010" lon="-3.1434840">
    <ele>780.7</ele>
   </trkpt>
   <trkpt lat="40.6153970" lon="-3.1434210">
    <ele>780.7</ele>
   </trkpt>
   <trkpt lat="40.6153860" lon="-3.1433640">
    <ele>780.7</ele>
   </trkpt>
   <trkpt lat="40.6153840" lon="-3.1432960">
    <ele>780.7</ele>
   </trkpt>
   <trkpt lat="40.6153850" lon="-3.1432300">
    <ele>780.7</ele>
   </trkpt>
   <trkpt lat="40.6153820" lon="-3.1431680">
    <ele>780.6</ele>
   </trkpt>
   <trkpt lat="40.6153900" lon="-3.1431040">
    <ele>780.6</ele>
   </trkpt>
   <trkpt lat="40.6153830" lon="-3.1430440">
    <ele>780.6</ele>
   </trkpt>
   <trkpt lat="40.6153800" lon="-3.1429770">
    <ele>780.5</ele>
   </trkpt>
   <trkpt lat="40.6153710" lon="-3.1429080">
    <ele>780.5</ele>
   </trkpt>
   <trkpt lat="40.6153620" lon="-3.1428400">
    <ele>780.4</ele>
   </trkpt>
   <trkpt lat="40.6153600" lon="-3.1427640">
    <ele>780.3</ele>
   </trkpt>
   <trkpt lat="40.6153530" lon="-3.1426970">
    <ele>780.2</ele>
   </trkpt>
   <trkpt lat="40.6153470" lon="-3.1426230">
    <ele>780.1</ele>
   </trkpt>
   <trkpt lat="40.6153410" lon="-3.1425500">
    <ele>780.0</ele>
   </trkpt>
   <trkpt lat="40.6153400" lon="-3.1424730">
    <ele>779.9</ele>
   </trkpt>
   <trkpt lat="40.6153300" lon="-3.1423880">
    <ele>779.7</ele>
   </trkpt>
   <trkpt lat="40.6153280" lon="-3.1422960">
    <ele>779.6</ele>
   </trkpt>
   <trkpt lat="40.6153230" lon="-3.1422090">
    <ele>779.4</ele>
   </trkpt>
   <trkpt lat="40.6153190" lon="-3.1421230">
    <ele>779.3</ele>
   </trkpt>
   <trkpt lat="40.6153140" lon="-3.1420370">
    <ele>779.1</ele>
   </trkpt>
   <trkpt lat="40.6153090" lon="-3.1419570">
    <ele>779.0</ele>
   </trkpt>
   <trkpt lat="40.6153020" lon="-3.1418760">
    <ele>778.8</ele>
   </trkpt>
   <trkpt lat="40.6152950" lon="-3.1417960">
    <ele>778.7</ele>
   </trkpt>
   <trkpt lat="40.6152880" lon="-3.1417130">
    <ele>778.5</ele>
   </trkpt>
   <trkpt lat="40.6152760" lon="-3.1416410">
    <ele>778.4</ele>
   </trkpt>
   <trkpt lat="40.6152680" lon="-3.1415600">
    <ele>778.3</ele>
   </trkpt>
   <trkpt lat="40.6152600" lon="-3.1414850">
    <ele>778.2</ele>
   </trkpt>
   <trkpt lat="40.6152500" lon="-3.1414090">
    <ele>778.2</ele>
   </trkpt>
   <trkpt lat="40.6152390" lon="-3.1413380">
    <ele>778.1</ele>
   </trkpt>
   <trkpt lat="40.6152300" lon="-3.1412590">
    <ele>778.1</ele>
   </trkpt>
   <trkpt lat="40.6152200" lon="-3.1411770">
    <ele>778.0</ele>
   </trkpt>
   <trkpt lat="40.6152040" lon="-3.1410950">
    <ele>778.0</ele>
   </trkpt>
   <trkpt lat="40.6151890" lon="-3.1410100">
    <ele>777.8</ele>
   </trkpt>
   <trkpt lat="40.6151770" lon="-3.1409270">
    <ele>777.7</ele>
   </trkpt>
   <trkpt lat="40.6151730" lon="-3.1408380">
    <ele>777.6</ele>
   </trkpt>
   <trkpt lat="40.6151610" lon="-3.1407490">
    <ele>777.6</ele>
   </trkpt>
   <trkpt lat="40.6151420" lon="-3.1406610">
    <ele>777.6</ele>
   </trkpt>
   <trkpt lat="40.6151240" lon="-3.1405750">
    <ele>777.6</ele>
   </trkpt>
   <trkpt lat="40.6151040" lon="-3.1404930">
    <ele>777.6</ele>
   </trkpt>
   <trkpt lat="40.6150820" lon="-3.1404070">
    <ele>777.7</ele>
   </trkpt>
   <trkpt lat="40.6150610" lon="-3.1403300">
    <ele>777.8</ele>
   </trkpt>
   <trkpt lat="40.6150320" lon="-3.1402560">
    <ele>777.8</ele>
   </trkpt>
   <trkpt lat="40.6150100" lon="-3.1401790">
    <ele>777.9</ele>
   </trkpt>
   <trkpt lat="40.6149860" lon="-3.1401050">
    <ele>778.1</ele>
   </trkpt>
   <trkpt lat="40.6149620" lon="-3.1400400">
    <ele>778.2</ele>
   </trkpt>
   <trkpt lat="40.6149350" lon="-3.1399750">
    <ele>778.3</ele>
   </trkpt>
   <trkpt lat="40.6149070" lon="-3.1399040">
    <ele>778.5</ele>
   </trkpt>
   <trkpt lat="40.6148790" lon="-3.1398350">
    <ele>778.7</ele>
   </trkpt>
   <trkpt lat="40.6148560" lon="-3.1397770">
    <ele>778.8</ele>
   </trkpt>
   <trkpt lat="40.6148410" lon="-3.1397190">
    <ele>779.1</ele>
   </trkpt>
   <trkpt lat="40.6148240" lon="-3.1396610">
    <ele>779.3</ele>
   </trkpt>
   <trkpt lat="40.6147960" lon="-3.1396080">
    <ele>779.6</ele>
   </trkpt>
   <trkpt lat="40.6147710" lon="-3.1395600">
    <ele>779.9</ele>
   </trkpt>
   <trkpt lat="40.6147490" lon="-3.1395050">
    <ele>780.2</ele>
   </trkpt>
   <trkpt lat="40.6147240" lon="-3.1394500">
    <ele>780.5</ele>
   </trkpt>
   <trkpt lat="40.6147030" lon="-3.1394010">
    <ele>780.8</ele>
   </trkpt>
   <trkpt lat="40.6146770" lon="-3.1393510">
    <ele>781.1</ele>
   </trkpt>
   <trkpt lat="40.6146550" lon="-3.1393090">
    <ele>781.3</ele>
   </trkpt>
   <trkpt lat="40.6146360" lon="-3.1392710">
    <ele>781.5</ele>
   </trkpt>
   <trkpt lat="40.6146190" lon="-3.1392300">
    <ele>781.8</ele>
   </trkpt>
   <trkpt lat="40.6146010" lon="-3.1391900">
    <ele>782.0</ele>
   </trkpt>
   <trkpt lat="40.6145690" lon="-3.1391400">
    <ele>782.3</ele>
   </trkpt>
   <trkpt lat="40.6145480" lon="-3.1390910">
    <ele>782.6</ele>
   </trkpt>
   <trkpt lat="40.6145290" lon="-3.1390490">
    <ele>782.8</ele>
   </trkpt>
   <trkpt lat="40.6145100" lon="-3.1390060">
    <ele>783.1</ele>
   </trkpt>
   <trkpt lat="40.6144900" lon="-3.1389690">
    <ele>783.3</ele>
   </trkpt>
   <trkpt lat="40.6144710" lon="-3.1389290">
    <ele>783.5</ele>
   </trkpt>
   <trkpt lat="40.6144510" lon="-3.1388830">
    <ele>783.7</ele>
   </trkpt>
   <trkpt lat="40.6144350" lon="-3.1388330">
    <ele>784.0</ele>
   </trkpt>
   <trkpt lat="40.6144130" lon="-3.1387890">
    <ele>784.2</ele>
   </trkpt>
   <trkpt lat="40.6143930" lon="-3.1387430">
    <ele>784.5</ele>
   </trkpt>
   <trkpt lat="40.6143740" lon="-3.1386940">
    <ele>784.7</ele>
   </trkpt>
   <trkpt lat="40.6143540" lon="-3.1386440">
    <ele>785.0</ele>
   </trkpt>
   <trkpt lat="40.6143370" lon="-3.1385990">
    <ele>785.2</ele>
   </trkpt>
   <trkpt lat="40.6143140" lon="-3.1385610">
    <ele>785.4</ele>
   </trkpt>
   <trkpt lat="40.6142930" lon="-3.1385170">
    <ele>785.6</ele>
   </trkpt>
   <trkpt lat="40.6142760" lon="-3.1384760">
    <ele>785.8</ele>
   </trkpt>
   <trkpt lat="40.6142590" lon="-3.1384360">
    <ele>786.0</ele>
   </trkpt>
   <trkpt lat="40.6142450" lon="-3.1383900">
    <ele>786.3</ele>
   </trkpt>
   <trkpt lat="40.6142270" lon="-3.1383460">
    <ele>786.4</ele>
   </trkpt>
   <trkpt lat="40.6142130" lon="-3.1382970">
    <ele>786.5</ele>
   </trkpt>
   <trkpt lat="40.6141930" lon="-3.1382490">
    <ele>786.6</ele>
   </trkpt>
   <trkpt lat="40.6141760" lon="-3.1382060">
    <ele>786.7</ele>
   </trkpt>
   <trkpt lat="40.6141700" lon="-3.1381650">
    <ele>786.8</ele>
   </trkpt>
   <trkpt lat="40.6141540" lon="-3.1381150">
    <ele>786.9</ele>
   </trkpt>
   <trkpt lat="40.6141320" lon="-3.1380690">
    <ele>787.1</ele>
   </trkpt>
   <trkpt lat="40.6141150" lon="-3.1380340">
    <ele>787.2</ele>
   </trkpt>
   <trkpt lat="40.6140960" lon="-3.1379950">
    <ele>787.3</ele>
   </trkpt>
   <trkpt lat="40.6140770" lon="-3.1379560">
    <ele>787.4</ele>
   </trkpt>
   <trkpt lat="40.6140630" lon="-3.1379170">
    <ele>787.5</ele>
   </trkpt>
   <trkpt lat="40.6140460" lon="-3.1378770">
    <ele>787.6</ele>
   </trkpt>
   <trkpt lat="40.6140280" lon="-3.1378350">
    <ele>787.8</ele>
   </trkpt>
   <trkpt lat="40.6140130" lon="-3.1377920">
    <ele>787.9</ele>
   </trkpt>
   <trkpt lat="40.6139970" lon="-3.1377550">
    <ele>788.0</ele>
   </trkpt>
   <trkpt lat="40.6139810" lon="-3.1377120">
    <ele>788.1</ele>
   </trkpt>
   <trkpt lat="40.6139620" lon="-3.1376740">
    <ele>788.3</ele>
   </trkpt>
   <trkpt lat="40.6139420" lon="-3.1376290">
    <ele>788.5</ele>
   </trkpt>
   <trkpt lat="40.6139220" lon="-3.1375970">
    <ele>788.6</ele>
   </trkpt>
   <trkpt lat="40.6139080" lon="-3.1375640">
    <ele>788.8</ele>
   </trkpt>
   <trkpt lat="40.6138920" lon="-3.1375340">
    <ele>788.9</ele>
   </trkpt>
   <trkpt lat="40.6138730" lon="-3.1374980">
    <ele>789.1</ele>
   </trkpt>
   <trkpt lat="40.6138540" lon="-3.1374680">
    <ele>789.3</ele>
   </trkpt>
   <trkpt lat="40.6138430" lon="-3.1374360">
    <ele>789.4</ele>
   </trkpt>
   <trkpt lat="40.6138160" lon="-3.1373960">
    <ele>789.6</ele>
   </trkpt>
   <trkpt lat="40.6138060" lon="-3.1373820">
    <ele>789.7</ele>
   </trkpt>
   <trkpt lat="40.6137850" lon="-3.1373450">
    <ele>789.9</ele>
   </trkpt>
   <trkpt lat="40.6137670" lon="-3.1373040">
    <ele>790.1</ele>
   </trkpt>
   <trkpt lat="40.6137450" lon="-3.1372690">
    <ele>790.2</ele>
   </trkpt>
   <trkpt lat="40.6137250" lon="-3.1372340">
    <ele>790.4</ele>
   </trkpt>
   <trkpt lat="40.6137040" lon="-3.1371950">
    <ele>790.6</ele>
   </trkpt>
   <trkpt lat="40.6136860" lon="-3.1371540">
    <ele>790.8</ele>
   </trkpt>
   <trkpt lat="40.6136670" lon="-3.1371060">
    <ele>791.0</ele>
   </trkpt>
   <trkpt lat="40.6136480" lon="-3.1370650">
    <ele>791.2</ele>
   </trkpt>
   <trkpt lat="40.6136310" lon="-3.1370210">
    <ele>791.4</ele>
   </trkpt>
   <trkpt lat="40.6136210" lon="-3.1369820">
    <ele>791.6</ele>
   </trkpt>
   <trkpt lat="40.6136050" lon="-3.1369430">
    <ele>791.8</ele>
   </trkpt>
   <trkpt lat="40.6135860" lon="-3.1369070">
    <ele>791.9</ele>
   </trkpt>
   <trkpt lat="40.6135680" lon="-3.1368750">
    <ele>792.1</ele>
   </trkpt>
   <trkpt lat="40.6135480" lon="-3.1368400">
    <ele>792.3</ele>
   </trkpt>
   <trkpt lat="40.6135270" lon="-3.1368030">
    <ele>792.5</ele>
   </trkpt>
   <trkpt lat="40.6135060" lon="-3.1367680">
    <ele>792.7</ele>
   </trkpt>
   <trkpt lat="40.6134840" lon="-3.1367290">
    <ele>792.9</ele>
   </trkpt>
   <trkpt lat="40.6134630" lon="-3.1366890">
    <ele>793.1</ele>
   </trkpt>
   <trkpt lat="40.6134500" lon="-3.1366480">
    <ele>793.3</ele>
   </trkpt>
   <trkpt lat="40.6134320" lon="-3.1366080">
    <ele>793.5</ele>
   </trkpt>
   <trkpt lat="40.6134160" lon="-3.1365650">
    <ele>793.8</ele>
   </trkpt>
   <trkpt lat="40.6134000" lon="-3.1365230">
    <ele>794.0</ele>
   </trkpt>
   <trkpt lat="40.6133830" lon="-3.1364860">
    <ele>794.1</ele>
   </trkpt>
   <trkpt lat="40.6133650" lon="-3.1364490">
    <ele>794.3</ele>
   </trkpt>
   <trkpt lat="40.6133490" lon="-3.1364080">
    <ele>794.5</ele>
   </trkpt>
   <trkpt lat="40.6133360" lon="-3.1363670">
    <ele>794.7</ele>
   </trkpt>
   <trkpt lat="40.6133270" lon="-3.1363260">
    <ele>794.9</ele>
   </trkpt>
   <trkpt lat="40.6133140" lon="-3.1362840">
    <ele>795.1</ele>
   </trkpt>
   <trkpt lat="40.6133040" lon="-3.1362430">
    <ele>795.3</ele>
   </trkpt>
   <trkpt lat="40.6132920" lon="-3.1362060">
    <ele>795.4</ele>
   </trkpt>
   <trkpt lat="40.6132780" lon="-3.1361650">
    <ele>795.6</ele>
   </trkpt>
   <trkpt lat="40.6132630" lon="-3.1361250">
    <ele>795.8</ele>
   </trkpt>
   <trkpt lat="40.6132420" lon="-3.1360870">
    <ele>796.0</ele>
   </trkpt>
   <trkpt lat="40.6132240" lon="-3.1360470">
    <ele>796.2</ele>
   </trkpt>
   <trkpt lat="40.6132100" lon="-3.1360060">
    <ele>796.4</ele>
   </trkpt>
   <trkpt lat="40.6131960" lon="-3.1359720">
    <ele>796.6</ele>
   </trkpt>
   <trkpt lat="40.6131760" lon="-3.1359380">
    <ele>796.7</ele>
   </trkpt>
   <trkpt lat="40.6131650" lon="-3.1358980">
    <ele>796.9</ele>
   </trkpt>
   <trkpt lat="40.6131540" lon="-3.1358520">
    <ele>797.1</ele>
   </trkpt>
   <trkpt lat="40.6131400" lon="-3.1358120">
    <ele>797.3</ele>
   </trkpt>
   <trkpt lat="40.6131290" lon="-3.1357660">
    <ele>797.5</ele>
   </trkpt>
   <trkpt lat="40.6131170" lon="-3.1357240">
    <ele>797.7</ele>
   </trkpt>
   <trkpt lat="40.6131020" lon="-3.1356820">
    <ele>797.9</ele>
   </trkpt>
   <trkpt lat="40.6130880" lon="-3.1356420">
    <ele>798.1</ele>
   </trkpt>
   <trkpt lat="40.6130730" lon="-3.1356090">
    <ele>798.3</ele>
   </trkpt>
   <trkpt lat="40.6130680" lon="-3.1355670">
    <ele>798.5</ele>
   </trkpt>
   <trkpt lat="40.6130480" lon="-3.1355340">
    <ele>798.7</ele>
   </trkpt>
   <trkpt lat="40.6130280" lon="-3.1354950">
    <ele>798.9</ele>
   </trkpt>
   <trkpt lat="40.6130150" lon="-3.1354490">
    <ele>799.1</ele>
   </trkpt>
   <trkpt lat="40.6130050" lon="-3.1354110">
    <ele>799.2</ele>
   </trkpt>
   <trkpt lat="40.6129920" lon="-3.1353660">
    <ele>799.4</ele>
   </trkpt>
   <trkpt lat="40.6129700" lon="-3.1353060">
    <ele>799.7</ele>
   </trkpt>
   <trkpt lat="40.6129500" lon="-3.1352650">
    <ele>799.9</ele>
   </trkpt>
   <trkpt lat="40.6129330" lon="-3.1352300">
    <ele>800.0</ele>
   </trkpt>
   <trkpt lat="40.6129210" lon="-3.1351910">
    <ele>800.2</ele>
   </trkpt>
   <trkpt lat="40.6129090" lon="-3.1351470">
    <ele>800.4</ele>
   </trkpt>
   <trkpt lat="40.6128980" lon="-3.1351050">
    <ele>800.6</ele>
   </trkpt>
   <trkpt lat="40.6128820" lon="-3.1350740">
    <ele>800.7</ele>
   </trkpt>
   <trkpt lat="40.6128700" lon="-3.1350380">
    <ele>800.9</ele>
   </trkpt>
   <trkpt lat="40.6128610" lon="-3.1349980">
    <ele>801.0</ele>
   </trkpt>
   <trkpt lat="40.6128490" lon="-3.1349620">
    <ele>801.2</ele>
   </trkpt>
   <trkpt lat="40.6128330" lon="-3.1349310">
    <ele>801.4</ele>
   </trkpt>
   <trkpt lat="40.6128170" lon="-3.1348800">
    <ele>801.6</ele>
   </trkpt>
   <trkpt lat="40.6128110" lon="-3.1348620">
    <ele>801.7</ele>
   </trkpt>
   <trkpt lat="40.6128070" lon="-3.1348180">
    <ele>801.8</ele>
   </trkpt>
   <trkpt lat="40.6127990" lon="-3.1347770">
    <ele>802.0</ele>
   </trkpt>
   <trkpt lat="40.6127880" lon="-3.1347370">
    <ele>802.2</ele>
   </trkpt>
   <trkpt lat="40.6127750" lon="-3.1347010">
    <ele>802.4</ele>
   </trkpt>
   <trkpt lat="40.6127640" lon="-3.1346630">
    <ele>802.5</ele>
   </trkpt>
   <trkpt lat="40.6127540" lon="-3.1346200">
    <ele>802.7</ele>
   </trkpt>
   <trkpt lat="40.6127420" lon="-3.1345710">
    <ele>802.9</ele>
   </trkpt>
   <trkpt lat="40.6127290" lon="-3.1345260">
    <ele>803.2</ele>
   </trkpt>
   <trkpt lat="40.6127180" lon="-3.1344840">
    <ele>803.3</ele>
   </trkpt>
   <trkpt lat="40.6127070" lon="-3.1344470">
    <ele>803.5</ele>
   </trkpt>
   <trkpt lat="40.6126940" lon="-3.1344060">
    <ele>803.7</ele>
   </trkpt>
   <trkpt lat="40.6126830" lon="-3.1343610">
    <ele>803.9</ele>
   </trkpt>
   <trkpt lat="40.6126740" lon="-3.1343150">
    <ele>804.1</ele>
   </trkpt>
   <trkpt lat="40.6126650" lon="-3.1342750">
    <ele>804.3</ele>
   </trkpt>
   <trkpt lat="40.6126570" lon="-3.1342360">
    <ele>804.5</ele>
   </trkpt>
   <trkpt lat="40.6126500" lon="-3.1342000">
    <ele>804.7</ele>
   </trkpt>
   <trkpt lat="40.6126420" lon="-3.1341600">
    <ele>804.8</ele>
   </trkpt>
   <trkpt lat="40.6126380" lon="-3.1341520">
    <ele>804.8</ele>
   </trkpt>
   <trkpt lat="40.6126270" lon="-3.1341390">
    <ele>804.8</ele>
   </trkpt>
   <trkpt lat="40.6126170" lon="-3.1341280">
    <ele>804.7</ele>
   </trkpt>
   <trkpt lat="40.6126140" lon="-3.1341270">
    <ele>804.7</ele>
   </trkpt>
   <trkpt lat="40.6126190" lon="-3.1341240">
    <ele>804.7</ele>
   </trkpt>
   <trkpt lat="40.6126220" lon="-3.1341280">
    <ele>804.7</ele>
   </trkpt>
   <trkpt lat="40.6126230" lon="-3.1341230">
    <ele>804.8</ele>
   </trkpt>
   <trkpt lat="40.6126170" lon="-3.1341250">
    <ele>804.8</ele>
   </trkpt>
   <trkpt lat="40.6126220" lon="-3.1341250">
    <ele>804.8</ele>
   </trkpt>
   <trkpt lat="40.6126290" lon="-3.1341240">
    <ele>804.8</ele>
   </trkpt>
   <trkpt lat="40.6126360" lon="-3.1341260">
    <ele>804.8</ele>
   </trkpt>
   <trkpt lat="40.6126300" lon="-3.1341220">
    <ele>804.8</ele>
   </trkpt>
   <trkpt lat="40.6126310" lon="-3.1341230">
    <ele>804.8</ele>
   </trkpt>
   <trkpt lat="40.6126310" lon="-3.1341230">
    <ele>804.8</ele>
   </trkpt>
   <trkpt lat="40.6126310" lon="-3.1341230">
    <ele>804.8</ele>
   </trkpt>
   <trkpt lat="40.6126310" lon="-3.1341230">
    <ele>804.8</ele>
   </trkpt>
   <trkpt lat="40.6126310" lon="-3.1341230">
    <ele>804.8</ele>
   </trkpt>
   <trkpt lat="40.6126310" lon="-3.1341230">
    <ele>804.8</ele>
   </trkpt>
   <trkpt lat="40.6126310" lon="-3.1341210">
    <ele>804.8</ele>
   </trkpt>
   <trkpt lat="40.6126300" lon="-3.1341030">
    <ele>804.8</ele>
   </trkpt>
   <trkpt lat="40.6126340" lon="-3.1341010">
    <ele>804.8</ele>
   </trkpt>
   <trkpt lat="40.6126310" lon="-3.1341030">
    <ele>804.8</ele>
   </trkpt>
   <trkpt lat="40.6126390" lon="-3.1340990">
    <ele>804.8</ele>
   </trkpt>
   <trkpt lat="40.6126550" lon="-3.1341010">
    <ele>804.8</ele>
   </trkpt>
   <trkpt lat="40.6126730" lon="-3.1340990">
    <ele>804.8</ele>
   </trkpt>
   <trkpt lat="40.6126890" lon="-3.1341470">
    <ele>804.5</ele>
   </trkpt>
   <trkpt lat="40.6126900" lon="-3.1341780">
    <ele>804.4</ele>
   </trkpt>
   <trkpt lat="40.6127030" lon="-3.1342750">
    <ele>803.9</ele>
   </trkpt>
   <trkpt lat="40.6127120" lon="-3.1343400">
    <ele>803.7</ele>
   </trkpt>
   <trkpt lat="40.6127320" lon="-3.1343930">
    <ele>803.4</ele>
   </trkpt>
   <trkpt lat="40.6127560" lon="-3.1344400">
    <ele>803.2</ele>
   </trkpt>
   <trkpt lat="40.6127790" lon="-3.1344980">
    <ele>802.9</ele>
   </trkpt>
   <trkpt lat="40.6128010" lon="-3.1345620">
    <ele>802.6</ele>
   </trkpt>
   <trkpt lat="40.6128190" lon="-3.1346310">
    <ele>802.3</ele>
   </trkpt>
   <trkpt lat="40.6128380" lon="-3.1346970">
    <ele>802.0</ele>
   </trkpt>
   <trkpt lat="40.6128560" lon="-3.1347610">
    <ele>801.7</ele>
   </trkpt>
   <trkpt lat="40.6128690" lon="-3.1348340">
    <ele>801.4</ele>
   </trkpt>
   <trkpt lat="40.6128860" lon="-3.1349040">
    <ele>801.1</ele>
   </trkpt>
   <trkpt lat="40.6129070" lon="-3.1349750">
    <ele>800.8</ele>
   </trkpt>
   <trkpt lat="40.6129450" lon="-3.1350510">
    <ele>800.4</ele>
   </trkpt>
   <trkpt lat="40.6129800" lon="-3.1351240">
    <ele>800.1</ele>
   </trkpt>
   <trkpt lat="40.6130120" lon="-3.1352060">
    <ele>799.7</ele>
   </trkpt>
   <trkpt lat="40.6130470" lon="-3.1352910">
    <ele>799.4</ele>
   </trkpt>
   <trkpt lat="40.6130780" lon="-3.1353760">
    <ele>799.0</ele>
   </trkpt>
   <trkpt lat="40.6131080" lon="-3.1354570">
    <ele>798.6</ele>
   </trkpt>
   <trkpt lat="40.6131420" lon="-3.1355440">
    <ele>798.2</ele>
   </trkpt>
   <trkpt lat="40.6131820" lon="-3.1356260">
    <ele>797.8</ele>
   </trkpt>
   <trkpt lat="40.6132210" lon="-3.1357170">
    <ele>797.3</ele>
   </trkpt>
   <trkpt lat="40.6132590" lon="-3.1358020">
    <ele>796.9</ele>
   </trkpt>
   <trkpt lat="40.6132960" lon="-3.1358960">
    <ele>796.4</ele>
   </trkpt>
   <trkpt lat="40.6133360" lon="-3.1359840">
    <ele>796.0</ele>
   </trkpt>
   <trkpt lat="40.6133740" lon="-3.1360720">
    <ele>795.6</ele>
   </trkpt>
   <trkpt lat="40.6134090" lon="-3.1361650">
    <ele>795.2</ele>
   </trkpt>
   <trkpt lat="40.6134480" lon="-3.1362590">
    <ele>794.7</ele>
   </trkpt>
   <trkpt lat="40.6134840" lon="-3.1363560">
    <ele>794.3</ele>
   </trkpt>
   <trkpt lat="40.6135200" lon="-3.1364500">
    <ele>793.8</ele>
   </trkpt>
   <trkpt lat="40.6135580" lon="-3.1365470">
    <ele>793.3</ele>
   </trkpt>
   <trkpt lat="40.6135940" lon="-3.1366420">
    <ele>792.9</ele>
   </trkpt>
   <trkpt lat="40.6136370" lon="-3.1367360">
    <ele>792.4</ele>
   </trkpt>
   <trkpt lat="40.6136770" lon="-3.1368350">
    <ele>791.9</ele>
   </trkpt>
   <trkpt lat="40.6137240" lon="-3.1369310">
    <ele>791.4</ele>
   </trkpt>
   <trkpt lat="40.6137650" lon="-3.1370260">
    <ele>791.0</ele>
   </trkpt>
   <trkpt lat="40.6138080" lon="-3.1371220">
    <ele>790.5</ele>
   </trkpt>
   <trkpt lat="40.6138530" lon="-3.1372030">
    <ele>790.2</ele>
   </trkpt>
   <trkpt lat="40.6138930" lon="-3.1373050">
    <ele>789.7</ele>
   </trkpt>
   <trkpt lat="40.6139300" lon="-3.1374120">
    <ele>789.3</ele>
   </trkpt>
   <trkpt lat="40.6139650" lon="-3.1375130">
    <ele>788.8</ele>
   </trkpt>
   <trkpt lat="40.6139990" lon="-3.1376170">
    <ele>788.4</ele>
   </trkpt>
   <trkpt lat="40.6140300" lon="-3.1377250">
    <ele>788.0</ele>
   </trkpt>
   <trkpt lat="40.6140680" lon="-3.1378170">
    <ele>787.7</ele>
   </trkpt>
   <trkpt lat="40.6141020" lon="-3.1379150">
    <ele>787.5</ele>
   </trkpt>
   <trkpt lat="40.6141360" lon="-3.1380170">
    <ele>787.2</ele>
   </trkpt>
   <trkpt lat="40.6141720" lon="-3.1381050">
    <ele>786.9</ele>
   </trkpt>
   <trkpt lat="40.6142130" lon="-3.1381730">
    <ele>786.8</ele>
   </trkpt>
   <trkpt lat="40.6142600" lon="-3.1382290">
    <ele>786.6</ele>
   </trkpt>
   <trkpt lat="40.6143130" lon="-3.1382510">
    <ele>786.4</ele>
   </trkpt>
   <trkpt lat="40.6143730" lon="-3.1382270">
    <ele>786.5</ele>
   </trkpt>
   <trkpt lat="40.6144340" lon="-3.1381890">
    <ele>786.6</ele>
   </trkpt>
   <trkpt lat="40.6144910" lon="-3.1381450">
    <ele>786.8</ele>
   </trkpt>
   <trkpt lat="40.6145500" lon="-3.1381040">
    <ele>787.0</ele>
   </trkpt>
   <trkpt lat="40.6146070" lon="-3.1380680">
    <ele>787.2</ele>
   </trkpt>
   <trkpt lat="40.6146520" lon="-3.1380140">
    <ele>787.2</ele>
   </trkpt>
   <trkpt lat="40.6146970" lon="-3.1379490">
    <ele>787.3</ele>
   </trkpt>
   <trkpt lat="40.6147370" lon="-3.1379010">
    <ele>787.4</ele>
   </trkpt>
   <trkpt lat="40.6147720" lon="-3.1378430">
    <ele>787.5</ele>
   </trkpt>
   <trkpt lat="40.6147940" lon="-3.1377950">
    <ele>787.5</ele>
   </trkpt>
   <trkpt lat="40.6148190" lon="-3.1377450">
    <ele>787.6</ele>
   </trkpt>
   <trkpt lat="40.6148590" lon="-3.1376990">
    <ele>787.6</ele>
   </trkpt>
   <trkpt lat="40.6149040" lon="-3.1376600">
    <ele>787.6</ele>
   </trkpt>
   <trkpt lat="40.6149570" lon="-3.1376480">
    <ele>787.6</ele>
   </trkpt>
   <trkpt lat="40.6150080" lon="-3.1376570">
    <ele>787.6</ele>
   </trkpt>
   <trkpt lat="40.6150550" lon="-3.1376870">
    <ele>787.6</ele>
   </trkpt>
   <trkpt lat="40.6150910" lon="-3.1377310">
    <ele>787.6</ele>
   </trkpt>
   <trkpt lat="40.6151260" lon="-3.1377900">
    <ele>787.6</ele>
   </trkpt>
   <trkpt lat="40.6151590" lon="-3.1378480">
    <ele>787.5</ele>
   </trkpt>
   <trkpt lat="40.6152050" lon="-3.1378830">
    <ele>787.4</ele>
   </trkpt>
   <trkpt lat="40.6152550" lon="-3.1379170">
    <ele>787.3</ele>
   </trkpt>
   <trkpt lat="40.6152970" lon="-3.1379450">
    <ele>787.2</ele>
   </trkpt>
   <trkpt lat="40.6153350" lon="-3.1379790">
    <ele>787.1</ele>
   </trkpt>
   <trkpt lat="40.6153600" lon="-3.1380350">
    <ele>786.9</ele>
   </trkpt>
   <trkpt lat="40.6153710" lon="-3.1380930">
    <ele>786.7</ele>
   </trkpt>
   <trkpt lat="40.6153790" lon="-3.1381470">
    <ele>786.6</ele>
   </trkpt>
   <trkpt lat="40.6153720" lon="-3.1381850">
    <ele>786.5</ele>
   </trkpt>
   <trkpt lat="40.6153690" lon="-3.1382420">
    <ele>786.3</ele>
   </trkpt>
   <trkpt lat="40.6153590" lon="-3.1382980">
    <ele>786.0</ele>
   </trkpt>
   <trkpt lat="40.6153600" lon="-3.1383650">
    <ele>785.7</ele>
   </trkpt>
   <trkpt lat="40.6153680" lon="-3.1384440">
    <ele>785.3</ele>
   </trkpt>
   <trkpt lat="40.6153760" lon="-3.1385220">
    <ele>784.9</ele>
   </trkpt>
   <trkpt lat="40.6153900" lon="-3.1385900">
    <ele>784.6</ele>
   </trkpt>
   <trkpt lat="40.6154030" lon="-3.1386540">
    <ele>784.2</ele>
   </trkpt>
   <trkpt lat="40.6154200" lon="-3.1386980">
    <ele>784.0</ele>
   </trkpt>
   <trkpt lat="40.6154350" lon="-3.1387340">
    <ele>783.8</ele>
   </trkpt>
   <trkpt lat="40.6154370" lon="-3.1387420">
    <ele>783.8</ele>
   </trkpt>
   <trkpt lat="40.6154350" lon="-3.1387500">
    <ele>783.8</ele>
   </trkpt>
   <trkpt lat="40.6154370" lon="-3.1387540">
    <ele>783.7</ele>
   </trkpt>
   <trkpt lat="40.6154400" lon="-3.1387570">
    <ele>783.7</ele>
   </trkpt>
   <trkpt lat="40.6154420" lon="-3.1387610">
    <ele>783.7</ele>
   </trkpt>
   <trkpt lat="40.6154440" lon="-3.1387650">
    <ele>783.7</ele>
   </trkpt>
   <trkpt lat="40.6154460" lon="-3.1387690">
    <ele>783.7</ele>
   </trkpt>
   <trkpt lat="40.6154480" lon="-3.1387730">
    <ele>783.6</ele>
   </trkpt>
   <trkpt lat="40.6154500" lon="-3.1387770">
    <ele>783.6</ele>
   </trkpt>
   <trkpt lat="40.6154530" lon="-3.1387800">
    <ele>783.6</ele>
   </trkpt>
   <trkpt lat="40.6154550" lon="-3.1387840">
    <ele>783.6</ele>
   </trkpt>
   <trkpt lat="40.6154570" lon="-3.1387880">
    <ele>783.6</ele>
   </trkpt>
   <trkpt lat="40.6154670" lon="-3.1388280">
    <ele>783.4</ele>
   </trkpt>
   <trkpt lat="40.6154810" lon="-3.1388850">
    <ele>783.1</ele>
   </trkpt>
   <trkpt lat="40.6154980" lon="-3.1389560">
    <ele>782.9</ele>
   </trkpt>
   <trkpt lat="40.6155170" lon="-3.1390340">
    <ele>782.6</ele>
   </trkpt>
   <trkpt lat="40.6155420" lon="-3.1391090">
    <ele>782.3</ele>
   </trkpt>
   <trkpt lat="40.6155640" lon="-3.1391710">
    <ele>782.1</ele>
   </trkpt>
   <trkpt lat="40.6155970" lon="-3.1392430">
    <ele>781.8</ele>
   </trkpt>
   <trkpt lat="40.6156230" lon="-3.1393150">
    <ele>781.6</ele>
   </trkpt>
   <trkpt lat="40.6156420" lon="-3.1393900">
    <ele>781.3</ele>
   </trkpt>
   <trkpt lat="40.6156590" lon="-3.1394730">
    <ele>781.0</ele>
   </trkpt>
   <trkpt lat="40.6156810" lon="-3.1395390">
    <ele>780.8</ele>
   </trkpt>
   <trkpt lat="40.6157140" lon="-3.1396130">
    <ele>780.4</ele>
   </trkpt>
   <trkpt lat="40.6157530" lon="-3.1396690">
    <ele>780.1</ele>
   </trkpt>
   <trkpt lat="40.6157850" lon="-3.1397250">
    <ele>779.8</ele>
   </trkpt>
   <trkpt lat="40.6158110" lon="-3.1397940">
    <ele>779.4</ele>
   </trkpt>
   <trkpt lat="40.6158420" lon="-3.1398700">
    <ele>779.0</ele>
   </trkpt>
   <trkpt lat="40.6158580" lon="-3.1399480">
    <ele>778.6</ele>
   </trkpt>
   <trkpt lat="40.6158740" lon="-3.1400290">
    <ele>777.7</ele>
   </trkpt>
   <trkpt lat="40.6158690" lon="-3.1401100">
    <ele>777.3</ele>
   </trkpt>
   <trkpt lat="40.6158590" lon="-3.1402020">
    <ele>776.9</ele>
   </trkpt>
   <trkpt lat="40.6158520" lon="-3.1402810">
    <ele>776.6</ele>
   </trkpt>
   <trkpt lat="40.6158410" lon="-3.1403560">
    <ele>776.3</ele>
   </trkpt>
   <trkpt lat="40.6158410" lon="-3.1404330">
    <ele>776.0</ele>
   </trkpt>
   <trkpt lat="40.6158530" lon="-3.1405070">
    <ele>775.7</ele>
   </trkpt>
   <trkpt lat="40.6158830" lon="-3.1405750">
    <ele>775.5</ele>
   </trkpt>
   <trkpt lat="40.6159280" lon="-3.1406330">
    <ele>775.2</ele>
   </trkpt>
   <trkpt lat="40.6159800" lon="-3.1406950">
    <ele>774.9</ele>
   </trkpt>
   <trkpt lat="40.6160390" lon="-3.1407560">
    <ele>774.5</ele>
   </trkpt>
   <trkpt lat="40.6160990" lon="-3.1408100">
    <ele>774.2</ele>
   </trkpt>
   <trkpt lat="40.6161620" lon="-3.1408570">
    <ele>773.9</ele>
   </trkpt>
   <trkpt lat="40.6162180" lon="-3.1409050">
    <ele>773.5</ele>
   </trkpt>
   <trkpt lat="40.6162770" lon="-3.1409630">
    <ele>773.1</ele>
   </trkpt>
   <trkpt lat="40.6163380" lon="-3.1410160">
    <ele>772.6</ele>
   </trkpt>
   <trkpt lat="40.6163870" lon="-3.1410810">
    <ele>772.2</ele>
   </trkpt>
   <trkpt lat="40.6164410" lon="-3.1411430">
    <ele>771.7</ele>
   </trkpt>
   <trkpt lat="40.6164910" lon="-3.1412120">
    <ele>771.2</ele>
   </trkpt>
   <trkpt lat="40.6165350" lon="-3.1412930">
    <ele>770.7</ele>
   </trkpt>
   <trkpt lat="40.6165850" lon="-3.1413700">
    <ele>770.3</ele>
   </trkpt>
   <trkpt lat="40.6166350" lon="-3.1414580">
    <ele>769.9</ele>
   </trkpt>
   <trkpt lat="40.6166860" lon="-3.1415480">
    <ele>769.5</ele>
   </trkpt>
   <trkpt lat="40.6167380" lon="-3.1416330">
    <ele>769.1</ele>
   </trkpt>
   <trkpt lat="40.6167890" lon="-3.1417190">
    <ele>768.7</ele>
   </trkpt>
   <trkpt lat="40.6168420" lon="-3.1418010">
    <ele>768.3</ele>
   </trkpt>
   <trkpt lat="40.6168920" lon="-3.1418830">
    <ele>767.9</ele>
   </trkpt>
   <trkpt lat="40.6169450" lon="-3.1419710">
    <ele>767.6</ele>
   </trkpt>
   <trkpt lat="40.6170010" lon="-3.1420570">
    <ele>767.2</ele>
   </trkpt>
   <trkpt lat="40.6170560" lon="-3.1421370">
    <ele>766.9</ele>
   </trkpt>
   <trkpt lat="40.6171040" lon="-3.1422280">
    <ele>766.6</ele>
   </trkpt>
   <trkpt lat="40.6171580" lon="-3.1423200">
    <ele>766.3</ele>
   </trkpt>
   <trkpt lat="40.6172140" lon="-3.1424030">
    <ele>766.1</ele>
   </trkpt>
   <trkpt lat="40.6172650" lon="-3.1424760">
    <ele>765.8</ele>
   </trkpt>
   <trkpt lat="40.6173240" lon="-3.1425500">
    <ele>765.5</ele>
   </trkpt>
   <trkpt lat="40.6173770" lon="-3.1426210">
    <ele>765.3</ele>
   </trkpt>
   <trkpt lat="40.6174330" lon="-3.1426880">
    <ele>765.0</ele>
   </trkpt>
   <trkpt lat="40.6174950" lon="-3.1427540">
    <ele>764.8</ele>
   </trkpt>
   <trkpt lat="40.6175580" lon="-3.1428140">
    <ele>764.5</ele>
   </trkpt>
   <trkpt lat="40.6176280" lon="-3.1428760">
    <ele>764.3</ele>
   </trkpt>
   <trkpt lat="40.6176920" lon="-3.1429380">
    <ele>764.0</ele>
   </trkpt>
   <trkpt lat="40.6177500" lon="-3.1429910">
    <ele>763.8</ele>
   </trkpt>
   <trkpt lat="40.6178120" lon="-3.1430460">
    <ele>763.6</ele>
   </trkpt>
   <trkpt lat="40.6178760" lon="-3.1431060">
    <ele>763.4</ele>
   </trkpt>
   <trkpt lat="40.6179440" lon="-3.1431610">
    <ele>763.3</ele>
   </trkpt>
   <trkpt lat="40.6180130" lon="-3.1432080">
    <ele>763.1</ele>
   </trkpt>
   <trkpt lat="40.6180890" lon="-3.1432580">
    <ele>762.9</ele>
   </trkpt>
   <trkpt lat="40.6181580" lon="-3.1433060">
    <ele>762.8</ele>
   </trkpt>
   <trkpt lat="40.6182310" lon="-3.1433440">
    <ele>762.7</ele>
   </trkpt>
   <trkpt lat="40.6183010" lon="-3.1433820">
    <ele>762.6</ele>
   </trkpt>
   <trkpt lat="40.6183700" lon="-3.1434260">
    <ele>762.5</ele>
   </trkpt>
   <trkpt lat="40.6184450" lon="-3.1434680">
    <ele>762.3</ele>
   </trkpt>
   <trkpt lat="40.6185160" lon="-3.1435090">
    <ele>762.2</ele>
   </trkpt>
   <trkpt lat="40.6185840" lon="-3.1435620">
    <ele>762.1</ele>
   </trkpt>
   <trkpt lat="40.6186420" lon="-3.1436190">
    <ele>762.0</ele>
   </trkpt>
   <trkpt lat="40.6186960" lon="-3.1436830">
    <ele>761.9</ele>
   </trkpt>
   <trkpt lat="40.6187420" lon="-3.1437520">
    <ele>761.7</ele>
   </trkpt>
   <trkpt lat="40.6187880" lon="-3.1438230">
    <ele>761.6</ele>
   </trkpt>
   <trkpt lat="40.6188370" lon="-3.1438930">
    <ele>761.5</ele>
   </trkpt>
   <trkpt lat="40.6188830" lon="-3.1439660">
    <ele>761.3</ele>
   </trkpt>
   <trkpt lat="40.6189310" lon="-3.1440400">
    <ele>761.2</ele>
   </trkpt>
   <trkpt lat="40.6189780" lon="-3.1441070">
    <ele>761.1</ele>
   </trkpt>
   <trkpt lat="40.6190310" lon="-3.1441600">
    <ele>761.0</ele>
   </trkpt>
   <trkpt lat="40.6190890" lon="-3.1442050">
    <ele>760.9</ele>
   </trkpt>
   <trkpt lat="40.6191490" lon="-3.1442470">
    <ele>760.7</ele>
   </trkpt>
   <trkpt lat="40.6192090" lon="-3.1442930">
    <ele>760.5</ele>
   </trkpt>
   <trkpt lat="40.6192670" lon="-3.1443390">
    <ele>760.3</ele>
   </trkpt>
   <trkpt lat="40.6193190" lon="-3.1443870">
    <ele>760.1</ele>
   </trkpt>
   <trkpt lat="40.6193710" lon="-3.1444270">
    <ele>759.9</ele>
   </trkpt>
   <trkpt lat="40.6194220" lon="-3.1444670">
    <ele>759.6</ele>
   </trkpt>
   <trkpt lat="40.6194680" lon="-3.1445130">
    <ele>759.3</ele>
   </trkpt>
   <trkpt lat="40.6195170" lon="-3.1445670">
    <ele>758.9</ele>
   </trkpt>
   <trkpt lat="40.6195660" lon="-3.1446110">
    <ele>758.5</ele>
   </trkpt>
   <trkpt lat="40.6196220" lon="-3.1446650">
    <ele>758.0</ele>
   </trkpt>
   <trkpt lat="40.6196830" lon="-3.1447180">
    <ele>757.5</ele>
   </trkpt>
   <trkpt lat="40.6197400" lon="-3.1447670">
    <ele>757.0</ele>
   </trkpt>
   <trkpt lat="40.6197960" lon="-3.1448130">
    <ele>756.6</ele>
   </trkpt>
   <trkpt lat="40.6198570" lon="-3.1448590">
    <ele>756.1</ele>
   </trkpt>
   <trkpt lat="40.6199050" lon="-3.1449210">
    <ele>755.6</ele>
   </trkpt>
   <trkpt lat="40.6199540" lon="-3.1449900">
    <ele>755.2</ele>
   </trkpt>
   <trkpt lat="40.6199990" lon="-3.1450690">
    <ele>754.7</ele>
   </trkpt>
   <trkpt lat="40.6200450" lon="-3.1451480">
    <ele>754.2</ele>
   </trkpt>
   <trkpt lat="40.6200980" lon="-3.1452190">
    <ele>753.7</ele>
   </trkpt>
   <trkpt lat="40.6201560" lon="-3.1452860">
    <ele>753.3</ele>
   </trkpt>
   <trkpt lat="40.6202180" lon="-3.1453580">
    <ele>752.8</ele>
   </trkpt>
   <trkpt lat="40.6202870" lon="-3.1454230">
    <ele>752.3</ele>
   </trkpt>
   <trkpt lat="40.6203640" lon="-3.1454640">
    <ele>752.0</ele>
   </trkpt>
   <trkpt lat="40.6204340" lon="-3.1455000">
    <ele>751.7</ele>
   </trkpt>
   <trkpt lat="40.6205100" lon="-3.1455470">
    <ele>751.3</ele>
   </trkpt>
   <trkpt lat="40.6205820" lon="-3.1455860">
    <ele>751.0</ele>
   </trkpt>
   <trkpt lat="40.6206580" lon="-3.1456140">
    <ele>750.8</ele>
   </trkpt>
   <trkpt lat="40.6207250" lon="-3.1456540">
    <ele>750.6</ele>
   </trkpt>
   <trkpt lat="40.6207920" lon="-3.1456980">
    <ele>750.4</ele>
   </trkpt>
   <trkpt lat="40.6208580" lon="-3.1457360">
    <ele>750.3</ele>
   </trkpt>
   <trkpt lat="40.6209270" lon="-3.1457710">
    <ele>750.1</ele>
   </trkpt>
   <trkpt lat="40.6209930" lon="-3.1458020">
    <ele>750.0</ele>
   </trkpt>
   <trkpt lat="40.6210580" lon="-3.1458230">
    <ele>749.8</ele>
   </trkpt>
   <trkpt lat="40.6211280" lon="-3.1458390">
    <ele>749.6</ele>
   </trkpt>
   <trkpt lat="40.6211910" lon="-3.1458450">
    <ele>749.5</ele>
   </trkpt>
   <trkpt lat="40.6212550" lon="-3.1458430">
    <ele>749.4</ele>
   </trkpt>
   <trkpt lat="40.6213240" lon="-3.1458410">
    <ele>749.2</ele>
   </trkpt>
   <trkpt lat="40.6213910" lon="-3.1458420">
    <ele>749.1</ele>
   </trkpt>
   <trkpt lat="40.6214640" lon="-3.1458430">
    <ele>748.9</ele>
   </trkpt>
   <trkpt lat="40.6215360" lon="-3.1458390">
    <ele>748.8</ele>
   </trkpt>
   <trkpt lat="40.6216090" lon="-3.1458360">
    <ele>748.6</ele>
   </trkpt>
   <trkpt lat="40.6216760" lon="-3.1458360">
    <ele>748.5</ele>
   </trkpt>
   <trkpt lat="40.6217520" lon="-3.1458470">
    <ele>748.4</ele>
   </trkpt>
   <trkpt lat="40.6218290" lon="-3.1458600">
    <ele>748.2</ele>
   </trkpt>
   <trkpt lat="40.6219060" lon="-3.1458690">
    <ele>748.1</ele>
   </trkpt>
   <trkpt lat="40.6219800" lon="-3.1458870">
    <ele>748.0</ele>
   </trkpt>
   <trkpt lat="40.6220480" lon="-3.1459110">
    <ele>747.8</ele>
   </trkpt>
   <trkpt lat="40.6221090" lon="-3.1459490">
    <ele>747.7</ele>
   </trkpt>
   <trkpt lat="40.6221720" lon="-3.1459980">
    <ele>747.5</ele>
   </trkpt>
   <trkpt lat="40.6222370" lon="-3.1460610">
    <ele>747.3</ele>
   </trkpt>
   <trkpt lat="40.6222960" lon="-3.1461330">
    <ele>747.1</ele>
   </trkpt>
   <trkpt lat="40.6223450" lon="-3.1462090">
    <ele>746.9</ele>
   </trkpt>
   <trkpt lat="40.6224050" lon="-3.1462790">
    <ele>746.8</ele>
   </trkpt>
   <trkpt lat="40.6224680" lon="-3.1463420">
    <ele>746.6</ele>
   </trkpt>
   <trkpt lat="40.6225360" lon="-3.1463970">
    <ele>746.3</ele>
   </trkpt>
   <trkpt lat="40.6226000" lon="-3.1464610">
    <ele>746.1</ele>
   </trkpt>
   <trkpt lat="40.6226720" lon="-3.1465270">
    <ele>745.9</ele>
   </trkpt>
   <trkpt lat="40.6227300" lon="-3.1465810">
    <ele>745.7</ele>
   </trkpt>
   <trkpt lat="40.6227840" lon="-3.1466520">
    <ele>745.5</ele>
   </trkpt>
   <trkpt lat="40.6228210" lon="-3.1467420">
    <ele>745.2</ele>
   </trkpt>
   <trkpt lat="40.6228470" lon="-3.1468330">
    <ele>744.9</ele>
   </trkpt>
   <trkpt lat="40.6228810" lon="-3.1469270">
    <ele>744.6</ele>
   </trkpt>
   <trkpt lat="40.6229210" lon="-3.1470220">
    <ele>744.3</ele>
   </trkpt>
   <trkpt lat="40.6229580" lon="-3.1471210">
    <ele>743.9</ele>
   </trkpt>
   <trkpt lat="40.6229950" lon="-3.1471990">
    <ele>743.6</ele>
   </trkpt>
   <trkpt lat="40.6230330" lon="-3.1472840">
    <ele>743.1</ele>
   </trkpt>
   <trkpt lat="40.6230750" lon="-3.1473640">
    <ele>742.6</ele>
   </trkpt>
   <trkpt lat="40.6231230" lon="-3.1474370">
    <ele>742.1</ele>
   </trkpt>
   <trkpt lat="40.6231700" lon="-3.1475110">
    <ele>741.6</ele>
   </trkpt>
   <trkpt lat="40.6232240" lon="-3.1475870">
    <ele>741.1</ele>
   </trkpt>
   <trkpt lat="40.6232770" lon="-3.1476750">
    <ele>740.6</ele>
   </trkpt>
   <trkpt lat="40.6233340" lon="-3.1477610">
    <ele>740.2</ele>
   </trkpt>
   <trkpt lat="40.6233920" lon="-3.1478470">
    <ele>739.8</ele>
   </trkpt>
   <trkpt lat="40.6234520" lon="-3.1479250">
    <ele>739.5</ele>
   </trkpt>
   <trkpt lat="40.6235060" lon="-3.1480010">
    <ele>739.2</ele>
   </trkpt>
   <trkpt lat="40.6235630" lon="-3.1480810">
    <ele>739.0</ele>
   </trkpt>
   <trkpt lat="40.6236170" lon="-3.1481650">
    <ele>738.8</ele>
   </trkpt>
   <trkpt lat="40.6236690" lon="-3.1482420">
    <ele>738.6</ele>
   </trkpt>
   <trkpt lat="40.6237210" lon="-3.1483220">
    <ele>738.5</ele>
   </trkpt>
   <trkpt lat="40.6237660" lon="-3.1483950">
    <ele>738.3</ele>
   </trkpt>
   <trkpt lat="40.6238040" lon="-3.1484720">
    <ele>738.2</ele>
   </trkpt>
   <trkpt lat="40.6238490" lon="-3.1485450">
    <ele>738.1</ele>
   </trkpt>
   <trkpt lat="40.6238910" lon="-3.1486160">
    <ele>738.0</ele>
   </trkpt>
   <trkpt lat="40.6239230" lon="-3.1486750">
    <ele>737.9</ele>
   </trkpt>
   <trkpt lat="40.6239550" lon="-3.1487240">
    <ele>737.8</ele>
   </trkpt>
   <trkpt lat="40.6239910" lon="-3.1487710">
    <ele>737.7</ele>
   </trkpt>
   <trkpt lat="40.6240320" lon="-3.1487920">
    <ele>737.6</ele>
   </trkpt>
   <trkpt lat="40.6240770" lon="-3.1488000">
    <ele>737.4</ele>
   </trkpt>
   <trkpt lat="40.6241220" lon="-3.1488210">
    <ele>737.3</ele>
   </trkpt>
   <trkpt lat="40.6241620" lon="-3.1488420">
    <ele>737.2</ele>
   </trkpt>
   <trkpt lat="40.6242080" lon="-3.1488630">
    <ele>737.0</ele>
   </trkpt>
   <trkpt lat="40.6242540" lon="-3.1488860">
    <ele>736.8</ele>
   </trkpt>
   <trkpt lat="40.6243050" lon="-3.1488990">
    <ele>736.6</ele>
   </trkpt>
   <trkpt lat="40.6243600" lon="-3.1489200">
    <ele>736.4</ele>
   </trkpt>
   <trkpt lat="40.6244110" lon="-3.1489400">
    <ele>736.2</ele>
   </trkpt>
   <trkpt lat="40.6244640" lon="-3.1489660">
    <ele>735.9</ele>
   </trkpt>
   <trkpt lat="40.6245160" lon="-3.1489930">
    <ele>735.7</ele>
   </trkpt>
   <trkpt lat="40.6245730" lon="-3.1490240">
    <ele>735.4</ele>
   </trkpt>
   <trkpt lat="40.6246290" lon="-3.1490510">
    <ele>735.1</ele>
   </trkpt>
   <trkpt lat="40.6246850" lon="-3.1490770">
    <ele>734.9</ele>
   </trkpt>
   <trkpt lat="40.6247430" lon="-3.1490910">
    <ele>734.6</ele>
   </trkpt>
   <trkpt lat="40.6248060" lon="-3.1491070">
    <ele>734.3</ele>
   </trkpt>
   <trkpt lat="40.6248700" lon="-3.1491380">
    <ele>734.0</ele>
   </trkpt>
   <trkpt lat="40.6249340" lon="-3.1491680">
    <ele>733.7</ele>
   </trkpt>
   <trkpt lat="40.6250020" lon="-3.1492000">
    <ele>733.3</ele>
   </trkpt>
   <trkpt lat="40.6250580" lon="-3.1492540">
    <ele>733.1</ele>
   </trkpt>
   <trkpt lat="40.6251100" lon="-3.1493090">
    <ele>732.8</ele>
   </trkpt>
   <trkpt lat="40.6251460" lon="-3.1493770">
    <ele>732.6</ele>
   </trkpt>
   <trkpt lat="40.6251680" lon="-3.1494400">
    <ele>732.5</ele>
   </trkpt>
   <trkpt lat="40.6251810" lon="-3.1494850">
    <ele>732.4</ele>
   </trkpt>
   <trkpt lat="40.6251920" lon="-3.1495190">
    <ele>732.3</ele>
   </trkpt>
   <trkpt lat="40.6252290" lon="-3.1495420">
    <ele>732.2</ele>
   </trkpt>
   <trkpt lat="40.6252480" lon="-3.1495450">
    <ele>732.2</ele>
   </trkpt>
   <trkpt lat="40.6252960" lon="-3.1495420">
    <ele>732.1</ele>
   </trkpt>
   <trkpt lat="40.6253550" lon="-3.1495490">
    <ele>732.0</ele>
   </trkpt>
   <trkpt lat="40.6254150" lon="-3.1495640">
    <ele>731.9</ele>
   </trkpt>
   <trkpt lat="40.6254730" lon="-3.1495950">
    <ele>731.8</ele>
   </trkpt>
   <trkpt lat="40.6255240" lon="-3.1496520">
    <ele>731.7</ele>
   </trkpt>
   <trkpt lat="40.6255540" lon="-3.1497200">
    <ele>731.6</ele>
   </trkpt>
   <trkpt lat="40.6255790" lon="-3.1498100">
    <ele>731.5</ele>
   </trkpt>
   <trkpt lat="40.6255890" lon="-3.1499030">
    <ele>731.4</ele>
   </trkpt>
   <trkpt lat="40.6255830" lon="-3.1500030">
    <ele>731.3</ele>
   </trkpt>
   <trkpt lat="40.6255660" lon="-3.1500990">
    <ele>731.2</ele>
   </trkpt>
   <trkpt lat="40.6255520" lon="-3.1501840">
    <ele>731.1</ele>
   </trkpt>
   <trkpt lat="40.6255520" lon="-3.1502650">
    <ele>730.9</ele>
   </trkpt>
   <trkpt lat="40.6255580" lon="-3.1503590">
    <ele>730.7</ele>
   </trkpt>
   <trkpt lat="40.6255760" lon="-3.1504260">
    <ele>730.5</ele>
   </trkpt>
   <trkpt lat="40.6255860" lon="-3.1504740">
    <ele>730.4</ele>
   </trkpt>
   <trkpt lat="40.6256100" lon="-3.1505160">
    <ele>730.2</ele>
   </trkpt>
   <trkpt lat="40.6256310" lon="-3.1505520">
    <ele>730.0</ele>
   </trkpt>
   <trkpt lat="40.6256600" lon="-3.1505930">
    <ele>729.8</ele>
   </trkpt>
   <trkpt lat="40.6256830" lon="-3.1506380">
    <ele>729.6</ele>
   </trkpt>
   <trkpt lat="40.6257150" lon="-3.1506720">
    <ele>729.4</ele>
   </trkpt>
   <trkpt lat="40.6257310" lon="-3.1507450">
    <ele>729.2</ele>
   </trkpt>
   <trkpt lat="40.6257340" lon="-3.1508150">
    <ele>728.9</ele>
   </trkpt>
   <trkpt lat="40.6257540" lon="-3.1508440">
    <ele>728.7</ele>
   </trkpt>
   <trkpt lat="40.6257580" lon="-3.1509020">
    <ele>728.5</ele>
   </trkpt>
   <trkpt lat="40.6257360" lon="-3.1509420">
    <ele>728.5</ele>
   </trkpt>
   <trkpt lat="40.6256880" lon="-3.1509770">
    <ele>728.4</ele>
   </trkpt>
   <trkpt lat="40.6256600" lon="-3.1510130">
    <ele>728.5</ele>
   </trkpt>
   <trkpt lat="40.6256260" lon="-3.1510550">
    <ele>728.5</ele>
   </trkpt>
   <trkpt lat="40.6255880" lon="-3.1510980">
    <ele>728.6</ele>
   </trkpt>
   <trkpt lat="40.6255440" lon="-3.1511480">
    <ele>728.8</ele>
   </trkpt>
   <trkpt lat="40.6254960" lon="-3.1511920">
    <ele>728.9</ele>
   </trkpt>
   <trkpt lat="40.6254480" lon="-3.1512370">
    <ele>729.1</ele>
   </trkpt>
   <trkpt lat="40.6254090" lon="-3.1512770">
    <ele>729.2</ele>
   </trkpt>
   <trkpt lat="40.6253640" lon="-3.1513140">
    <ele>729.4</ele>
   </trkpt>
   <trkpt lat="40.6253170" lon="-3.1513510">
    <ele>729.6</ele>
   </trkpt>
   <trkpt lat="40.6252680" lon="-3.1513820">
    <ele>729.8</ele>
   </trkpt>
   <trkpt lat="40.6252220" lon="-3.1514140">
    <ele>729.9</ele>
   </trkpt>
   <trkpt lat="40.6251760" lon="-3.1514460">
    <ele>730.1</ele>
   </trkpt>
   <trkpt lat="40.6251300" lon="-3.1514750">
    <ele>730.3</ele>
   </trkpt>
   <trkpt lat="40.6250870" lon="-3.1515110">
    <ele>730.5</ele>
   </trkpt>
   <trkpt lat="40.6250500" lon="-3.1515440">
    <ele>730.7</ele>
   </trkpt>
   <trkpt lat="40.6250160" lon="-3.1515750">
    <ele>730.9</ele>
   </trkpt>
   <trkpt lat="40.6249840" lon="-3.1516030">
    <ele>731.1</ele>
   </trkpt>
   <trkpt lat="40.6249500" lon="-3.1516270">
    <ele>731.2</ele>
   </trkpt>
   <trkpt lat="40.6249280" lon="-3.1516620">
    <ele>731.4</ele>
   </trkpt>
   <trkpt lat="40.6249070" lon="-3.1516950">
    <ele>731.6</ele>
   </trkpt>
   <trkpt lat="40.6248960" lon="-3.1517380">
    <ele>731.8</ele>
   </trkpt>
   <trkpt lat="40.6248980" lon="-3.1517850">
    <ele>731.9</ele>
   </trkpt>
   <trkpt lat="40.6248970" lon="-3.1518350">
    <ele>732.0</ele>
   </trkpt>
   <trkpt lat="40.6248910" lon="-3.1518800">
    <ele>732.3</ele>
   </trkpt>
   <trkpt lat="40.6248780" lon="-3.1519160">
    <ele>732.6</ele>
   </trkpt>
   <trkpt lat="40.6248590" lon="-3.1519450">
    <ele>732.8</ele>
   </trkpt>
   <trkpt lat="40.6248410" lon="-3.1519720">
    <ele>733.1</ele>
   </trkpt>
   <trkpt lat="40.6248170" lon="-3.1519890">
    <ele>733.4</ele>
   </trkpt>
   <trkpt lat="40.6247910" lon="-3.1520060">
    <ele>733.6</ele>
   </trkpt>
   <trkpt lat="40.6247720" lon="-3.1520340">
    <ele>733.9</ele>
   </trkpt>
   <trkpt lat="40.6247490" lon="-3.1520590">
    <ele>734.2</ele>
   </trkpt>
   <trkpt lat="40.6247220" lon="-3.1520930">
    <ele>734.5</ele>
   </trkpt>
   <trkpt lat="40.6247140" lon="-3.1521030">
    <ele>734.6</ele>
   </trkpt>
   <trkpt lat="40.6246920" lon="-3.1521250">
    <ele>734.8</ele>
   </trkpt>
   <trkpt lat="40.6246690" lon="-3.1521550">
    <ele>734.8</ele>
   </trkpt>
   <trkpt lat="40.6246620" lon="-3.1521630">
    <ele>734.8</ele>
   </trkpt>
   <trkpt lat="40.6246350" lon="-3.1521930">
    <ele>734.9</ele>
   </trkpt>
   <trkpt lat="40.6246260" lon="-3.1522040">
    <ele>734.9</ele>
   </trkpt>
   <trkpt lat="40.6246090" lon="-3.1522360">
    <ele>735.0</ele>
   </trkpt>
   <trkpt lat="40.6245920" lon="-3.1522720">
    <ele>735.0</ele>
   </trkpt>
   <trkpt lat="40.6245700" lon="-3.1523040">
    <ele>735.0</ele>
   </trkpt>
   <trkpt lat="40.6245450" lon="-3.1523460">
    <ele>735.1</ele>
   </trkpt>
   <trkpt lat="40.6245340" lon="-3.1523600">
    <ele>735.1</ele>
   </trkpt>
   <trkpt lat="40.6245130" lon="-3.1523950">
    <ele>735.2</ele>
   </trkpt>
   <trkpt lat="40.6244860" lon="-3.1524270">
    <ele>735.2</ele>
   </trkpt>
   <trkpt lat="40.6244620" lon="-3.1524660">
    <ele>735.2</ele>
   </trkpt>
   <trkpt lat="40.6244310" lon="-3.1524940">
    <ele>735.2</ele>
   </trkpt>
   <trkpt lat="40.6244150" lon="-3.1525290">
    <ele>735.2</ele>
   </trkpt>
   <trkpt lat="40.6243940" lon="-3.1525630">
    <ele>735.3</ele>
   </trkpt>
   <trkpt lat="40.6243750" lon="-3.1525960">
    <ele>735.3</ele>
   </trkpt>
   <trkpt lat="40.6243540" lon="-3.1526280">
    <ele>735.2</ele>
   </trkpt>
   <trkpt lat="40.6243370" lon="-3.1526650">
    <ele>735.2</ele>
   </trkpt>
   <trkpt lat="40.6243080" lon="-3.1527000">
    <ele>735.2</ele>
   </trkpt>
   <trkpt lat="40.6242840" lon="-3.1527440">
    <ele>735.1</ele>
   </trkpt>
   <trkpt lat="40.6242590" lon="-3.1527930">
    <ele>735.0</ele>
   </trkpt>
   <trkpt lat="40.6242270" lon="-3.1528410">
    <ele>734.8</ele>
   </trkpt>
   <trkpt lat="40.6242000" lon="-3.1528940">
    <ele>734.6</ele>
   </trkpt>
   <trkpt lat="40.6241640" lon="-3.1529470">
    <ele>734.4</ele>
   </trkpt>
   <trkpt lat="40.6241170" lon="-3.1529960">
    <ele>734.2</ele>
   </trkpt>
   <trkpt lat="40.6240700" lon="-3.1530550">
    <ele>733.9</ele>
   </trkpt>
   <trkpt lat="40.6240290" lon="-3.1531100">
    <ele>733.7</ele>
   </trkpt>
   <trkpt lat="40.6239890" lon="-3.1531700">
    <ele>733.5</ele>
   </trkpt>
   <trkpt lat="40.6239470" lon="-3.1532300">
    <ele>733.4</ele>
   </trkpt>
   <trkpt lat="40.6239100" lon="-3.1532920">
    <ele>733.3</ele>
   </trkpt>
   <trkpt lat="40.6238780" lon="-3.1533560">
    <ele>733.3</ele>
   </trkpt>
   <trkpt lat="40.6238480" lon="-3.1534150">
    <ele>733.3</ele>
   </trkpt>
   <trkpt lat="40.6238160" lon="-3.1534750">
    <ele>733.4</ele>
   </trkpt>
   <trkpt lat="40.6237780" lon="-3.1535270">
    <ele>733.5</ele>
   </trkpt>
   <trkpt lat="40.6237310" lon="-3.1535830">
    <ele>733.6</ele>
   </trkpt>
   <trkpt lat="40.6236800" lon="-3.1536400">
    <ele>733.7</ele>
   </trkpt>
   <trkpt lat="40.6236280" lon="-3.1536970">
    <ele>733.8</ele>
   </trkpt>
   <trkpt lat="40.6235680" lon="-3.1537540">
    <ele>733.9</ele>
   </trkpt>
   <trkpt lat="40.6235200" lon="-3.1538120">
    <ele>734.0</ele>
   </trkpt>
   <trkpt lat="40.6234780" lon="-3.1538670">
    <ele>734.1</ele>
   </trkpt>
   <trkpt lat="40.6234340" lon="-3.1539250">
    <ele>734.2</ele>
   </trkpt>
   <trkpt lat="40.6233990" lon="-3.1539820">
    <ele>734.3</ele>
   </trkpt>
   <trkpt lat="40.6233550" lon="-3.1540290">
    <ele>734.4</ele>
   </trkpt>
   <trkpt lat="40.6233090" lon="-3.1540760">
    <ele>734.5</ele>
   </trkpt>
   <trkpt lat="40.6232680" lon="-3.1541290">
    <ele>734.6</ele>
   </trkpt>
   <trkpt lat="40.6232240" lon="-3.1541830">
    <ele>734.7</ele>
   </trkpt>
   <trkpt lat="40.6231840" lon="-3.1542280">
    <ele>734.8</ele>
   </trkpt>
   <trkpt lat="40.6231490" lon="-3.1542830">
    <ele>734.8</ele>
   </trkpt>
   <trkpt lat="40.6231260" lon="-3.1543360">
    <ele>734.9</ele>
   </trkpt>
   <trkpt lat="40.6231090" lon="-3.1543800">
    <ele>734.9</ele>
   </trkpt>
   <trkpt lat="40.6230950" lon="-3.1544340">
    <ele>734.9</ele>
   </trkpt>
   <trkpt lat="40.6230830" lon="-3.1544800">
    <ele>734.9</ele>
   </trkpt>
   <trkpt lat="40.6230750" lon="-3.1545280">
    <ele>734.8</ele>
   </trkpt>
   <trkpt lat="40.6230710" lon="-3.1546040">
    <ele>734.8</ele>
   </trkpt>
   <trkpt lat="40.6230540" lon="-3.1546740">
    <ele>734.7</ele>
   </trkpt>
   <trkpt lat="40.6230410" lon="-3.1547450">
    <ele>734.7</ele>
   </trkpt>
   <trkpt lat="40.6230250" lon="-3.1548120">
    <ele>734.6</ele>
   </trkpt>
   <trkpt lat="40.6230030" lon="-3.1548770">
    <ele>734.6</ele>
   </trkpt>
   <trkpt lat="40.6229940" lon="-3.1549360">
    <ele>734.1</ele>
   </trkpt>
   <trkpt lat="40.6229830" lon="-3.1550050">
    <ele>733.7</ele>
   </trkpt>
   <trkpt lat="40.6229740" lon="-3.1550800">
    <ele>733.4</ele>
   </trkpt>
   <trkpt lat="40.6229560" lon="-3.1551470">
    <ele>733.0</ele>
   </trkpt>
   <trkpt lat="40.6229500" lon="-3.1552250">
    <ele>732.6</ele>
   </trkpt>
   <trkpt lat="40.6229400" lon="-3.1552940">
    <ele>732.3</ele>
   </trkpt>
   <trkpt lat="40.6229190" lon="-3.1553680">
    <ele>732.4</ele>
   </trkpt>
   <trkpt lat="40.6228990" lon="-3.1554390">
    <ele>732.4</ele>
   </trkpt>
   <trkpt lat="40.6228890" lon="-3.1555090">
    <ele>732.5</ele>
   </trkpt>
   <trkpt lat="40.6228680" lon="-3.1555770">
    <ele>732.6</ele>
   </trkpt>
   <trkpt lat="40.6228510" lon="-3.1556430">
    <ele>732.8</ele>
   </trkpt>
   <trkpt lat="40.6228380" lon="-3.1557110">
    <ele>732.9</ele>
   </trkpt>
   <trkpt lat="40.6228270" lon="-3.1557800">
    <ele>733.0</ele>
   </trkpt>
   <trkpt lat="40.6228150" lon="-3.1558440">
    <ele>733.1</ele>
   </trkpt>
   <trkpt lat="40.6227980" lon="-3.1559190">
    <ele>733.2</ele>
   </trkpt>
   <trkpt lat="40.6227750" lon="-3.1559890">
    <ele>733.3</ele>
   </trkpt>
   <trkpt lat="40.6227610" lon="-3.1560570">
    <ele>733.4</ele>
   </trkpt>
   <trkpt lat="40.6227420" lon="-3.1561340">
    <ele>733.4</ele>
   </trkpt>
   <trkpt lat="40.6227230" lon="-3.1562160">
    <ele>733.5</ele>
   </trkpt>
   <trkpt lat="40.6227060" lon="-3.1562840">
    <ele>733.5</ele>
   </trkpt>
   <trkpt lat="40.6226900" lon="-3.1563550">
    <ele>733.5</ele>
   </trkpt>
   <trkpt lat="40.6226740" lon="-3.1564280">
    <ele>733.5</ele>
   </trkpt>
   <trkpt lat="40.6226610" lon="-3.1565100">
    <ele>733.5</ele>
   </trkpt>
   <trkpt lat="40.6226460" lon="-3.1565870">
    <ele>733.6</ele>
   </trkpt>
   <trkpt lat="40.6226300" lon="-3.1566690">
    <ele>733.6</ele>
   </trkpt>
   <trkpt lat="40.6226130" lon="-3.1567340">
    <ele>733.6</ele>
   </trkpt>
   <trkpt lat="40.6225940" lon="-3.1568070">
    <ele>733.5</ele>
   </trkpt>
   <trkpt lat="40.6225800" lon="-3.1568730">
    <ele>733.5</ele>
   </trkpt>
   <trkpt lat="40.6225660" lon="-3.1569370">
    <ele>733.5</ele>
   </trkpt>
   <trkpt lat="40.6225510" lon="-3.1569810">
    <ele>733.4</ele>
   </trkpt>
   <trkpt lat="40.6225550" lon="-3.1570220">
    <ele>733.4</ele>
   </trkpt>
   <trkpt lat="40.6225530" lon="-3.1570760">
    <ele>733.4</ele>
   </trkpt>
   <trkpt lat="40.6225460" lon="-3.1571270">
    <ele>733.4</ele>
   </trkpt>
   <trkpt lat="40.6225310" lon="-3.1571970">
    <ele>733.4</ele>
   </trkpt>
   <trkpt lat="40.6225210" lon="-3.1572680">
    <ele>733.3</ele>
   </trkpt>
   <trkpt lat="40.6225020" lon="-3.1573270">
    <ele>733.3</ele>
   </trkpt>
   <trkpt lat="40.6224980" lon="-3.1573850">
    <ele>733.3</ele>
   </trkpt>
   <trkpt lat="40.6224950" lon="-3.1574440">
    <ele>733.2</ele>
   </trkpt>
   <trkpt lat="40.6224920" lon="-3.1574960">
    <ele>733.2</ele>
   </trkpt>
   <trkpt lat="40.6224990" lon="-3.1575440">
    <ele>733.2</ele>
   </trkpt>
   <trkpt lat="40.6225050" lon="-3.1575600">
    <ele>733.1</ele>
   </trkpt>
   <trkpt lat="40.6225260" lon="-3.1575890">
    <ele>733.1</ele>
   </trkpt>
   <trkpt lat="40.6225440" lon="-3.1576220">
    <ele>733.0</ele>
   </trkpt>
   <trkpt lat="40.6225620" lon="-3.1576550">
    <ele>733.0</ele>
   </trkpt>
   <trkpt lat="40.6225820" lon="-3.1576830">
    <ele>732.9</ele>
   </trkpt>
   <trkpt lat="40.6226080" lon="-3.1577130">
    <ele>732.9</ele>
   </trkpt>
   <trkpt lat="40.6226230" lon="-3.1577440">
    <ele>732.8</ele>
   </trkpt>
   <trkpt lat="40.6226530" lon="-3.1577660">
    <ele>732.7</ele>
   </trkpt>
   <trkpt lat="40.6226840" lon="-3.1577910">
    <ele>732.5</ele>
   </trkpt>
   <trkpt lat="40.6227140" lon="-3.1578230">
    <ele>732.4</ele>
   </trkpt>
   <trkpt lat="40.6227520" lon="-3.1578340">
    <ele>732.2</ele>
   </trkpt>
   <trkpt lat="40.6227910" lon="-3.1578420">
    <ele>732.1</ele>
   </trkpt>
   <trkpt lat="40.6228340" lon="-3.1578510">
    <ele>731.9</ele>
   </trkpt>
   <trkpt lat="40.6228820" lon="-3.1578580">
    <ele>731.7</ele>
   </trkpt>
   <trkpt lat="40.6229270" lon="-3.1578550">
    <ele>731.5</ele>
   </trkpt>
   <trkpt lat="40.6229740" lon="-3.1578620">
    <ele>731.3</ele>
   </trkpt>
   <trkpt lat="40.6230260" lon="-3.1578840">
    <ele>731.0</ele>
   </trkpt>
   <trkpt lat="40.6230740" lon="-3.1579140">
    <ele>730.8</ele>
   </trkpt>
   <trkpt lat="40.6231210" lon="-3.1579400">
    <ele>730.6</ele>
   </trkpt>
   <trkpt lat="40.6231670" lon="-3.1579660">
    <ele>730.4</ele>
   </trkpt>
   <trkpt lat="40.6232160" lon="-3.1579900">
    <ele>730.2</ele>
   </trkpt>
   <trkpt lat="40.6232630" lon="-3.1580180">
    <ele>730.1</ele>
   </trkpt>
   <trkpt lat="40.6233040" lon="-3.1580510">
    <ele>729.9</ele>
   </trkpt>
   <trkpt lat="40.6233430" lon="-3.1580820">
    <ele>729.8</ele>
   </trkpt>
   <trkpt lat="40.6233660" lon="-3.1581510">
    <ele>729.9</ele>
   </trkpt>
   <trkpt lat="40.6233700" lon="-3.1582280">
    <ele>730.0</ele>
   </trkpt>
   <trkpt lat="40.6233590" lon="-3.1582950">
    <ele>730.1</ele>
   </trkpt>
  </trkseg>
 </trk>
</gpx>
