<?xml version="1.0" encoding="UTF-8"?>
<gpx creator="StravaGPX" version="1.1" xmlns="http://www.topografix.com/GPX/1/1" xmlns:xsi="http://www.w3.org/2001/XMLSchema-instance" xsi:schemaLocation="http://www.topografix.com/GPX/1/1 http://www.topografix.com/GPX/1/1/gpx.xsd">
 <trk>
  <name>Valdelluzz</name>
  <type>cycling</type>
  <trkseg>
   <trkpt lat="40.6231920" lon="-3.1588460">
    <ele>717.4</ele>
   </trkpt>
   <trkpt lat="40.6232110" lon="-3.1587670">
    <ele>717.4</ele>
   </trkpt>
   <trkpt lat="40.6232300" lon="-3.1586920">
    <ele>717.2</ele>
   </trkpt>
   <trkpt lat="40.6232410" lon="-3.1586150">
    <ele>717.0</ele>
   </trkpt>
   <trkpt lat="40.6232530" lon="-3.1585360">
    <ele>716.8</ele>
   </trkpt>
   <trkpt lat="40.6232610" lon="-3.1584590">
    <ele>716.6</ele>
   </trkpt>
   <trkpt lat="40.6232760" lon="-3.1583860">
    <ele>716.6</ele>
   </trkpt>
   <trkpt lat="40.6232870" lon="-3.1583160">
    <ele>716.6</ele>
   </trkpt>
   <trkpt lat="40.6232830" lon="-3.1582460">
    <ele>716.4</ele>
   </trkpt>
   <trkpt lat="40.6232760" lon="-3.1581760">
    <ele>716.4</ele>
   </trkpt>
   <trkpt lat="40.6232450" lon="-3.1581200">
    <ele>716.4</ele>
   </trkpt>
   <trkpt lat="40.6232030" lon="-3.1580850">
    <ele>716.6</ele>
   </trkpt>
   <trkpt lat="40.6231610" lon="-3.1580610">
    <ele>716.8</ele>
   </trkpt>
   <trkpt lat="40.6231160" lon="-3.1580380">
    <ele>716.8</ele>
   </trkpt>
   <trkpt lat="40.6230700" lon="-3.1580170">
    <ele>717.0</ele>
   </trkpt>
   <trkpt lat="40.6230240" lon="-3.1579940">
    <ele>717.2</ele>
   </trkpt>
   <trkpt lat="40.6229820" lon="-3.1579670">
    <ele>717.4</ele>
   </trkpt>
   <trkpt lat="40.6229480" lon="-3.1579410">
    <ele>717.6</ele>
   </trkpt>
   <trkpt lat="40.6229100" lon="-3.1579180">
    <ele>717.8</ele>
   </trkpt>
   <trkpt lat="40.6228750" lon="-3.1578980">
    <ele>718.0</ele>
   </trkpt>
   <trkpt lat="40.6228370" lon="-3.1578800">
    <ele>718.2</ele>
   </trkpt>
   <trkpt lat="40.6228030" lon="-3.1578580">
    <ele>718.2</ele>
   </trkpt>
   <trkpt lat="40.6227650" lon="-3.1578340">
    <ele>718.4</ele>
   </trkpt>
   <trkpt lat="40.6227300" lon="-3.1578130">
    <ele>718.6</ele>
   </trkpt>
   <trkpt lat="40.6226960" lon="-3.1577930">
    <ele>718.8</ele>
   </trkpt>
   <trkpt lat="40.6226580" lon="-3.1577730">
    <ele>719.0</ele>
   </trkpt>
   <trkpt lat="40.6226200" lon="-3.1577560">
    <ele>719.0</ele>
   </trkpt>
   <trkpt lat="40.6225850" lon="-3.1577390">
    <ele>719.2</ele>
   </trkpt>
   <trkpt lat="40.6225510" lon="-3.1577220">
    <ele>719.4</ele>
   </trkpt>
   <trkpt lat="40.6225170" lon="-3.1577060">
    <ele>719.6</ele>
   </trkpt>
   <trkpt lat="40.6224820" lon="-3.1576890">
    <ele>719.6</ele>
   </trkpt>
   <trkpt lat="40.6224520" lon="-3.1576710">
    <ele>719.6</ele>
   </trkpt>
   <trkpt lat="40.6224170" lon="-3.1576480">
    <ele>719.8</ele>
   </trkpt>
   <trkpt lat="40.6223870" lon="-3.1576160">
    <ele>719.8</ele>
   </trkpt>
   <trkpt lat="40.6223680" lon="-3.1575760">
    <ele>719.8</ele>
   </trkpt>
   <trkpt lat="40.6223600" lon="-3.1575330">
    <ele>719.8</ele>
   </trkpt>
   <trkpt lat="40.6223560" lon="-3.1574850">
    <ele>719.8</ele>
   </trkpt>
   <trkpt lat="40.6223560" lon="-3.1574320">
    <ele>719.8</ele>
   </trkpt>
   <trkpt lat="40.6223600" lon="-3.1573740">
    <ele>719.8</ele>
   </trkpt>
   <trkpt lat="40.6223680" lon="-3.1573170">
    <ele>719.8</ele>
   </trkpt>
   <trkpt lat="40.6223750" lon="-3.1572630">
    <ele>719.8</ele>
   </trkpt>
   <trkpt lat="40.6223870" lon="-3.1572080">
    <ele>720.0</ele>
   </trkpt>
   <trkpt lat="40.6223950" lon="-3.1571510">
    <ele>720.0</ele>
   </trkpt>
   <trkpt lat="40.6224060" lon="-3.1570940">
    <ele>720.2</ele>
   </trkpt>
   <trkpt lat="40.6224250" lon="-3.1570400">
    <ele>720.4</ele>
   </trkpt>
   <trkpt lat="40.6224440" lon="-3.1569900">
    <ele>720.6</ele>
   </trkpt>
   <trkpt lat="40.6224630" lon="-3.1569440">
    <ele>720.6</ele>
   </trkpt>
   <trkpt lat="40.6224780" lon="-3.1568960">
    <ele>720.8</ele>
   </trkpt>
   <trkpt lat="40.6224940" lon="-3.1568430">
    <ele>721.0</ele>
   </trkpt>
   <trkpt lat="40.6225090" lon="-3.1567910">
    <ele>721.2</ele>
   </trkpt>
   <trkpt lat="40.6225200" lon="-3.1567360">
    <ele>721.4</ele>
   </trkpt>
   <trkpt lat="40.6225320" lon="-3.1566830">
    <ele>721.6</ele>
   </trkpt>
   <trkpt lat="40.6225430" lon="-3.1566280">
    <ele>721.6</ele>
   </trkpt>
   <trkpt lat="40.6225510" lon="-3.1565690">
    <ele>721.8</ele>
   </trkpt>
   <trkpt lat="40.6225590" lon="-3.1565080">
    <ele>721.8</ele>
   </trkpt>
   <trkpt lat="40.6225660" lon="-3.1564460">
    <ele>721.8</ele>
   </trkpt>
   <trkpt lat="40.6225810" lon="-3.1563820">
    <ele>721.8</ele>
   </trkpt>
   <trkpt lat="40.6225970" lon="-3.1563180">
    <ele>721.8</ele>
   </trkpt>
   <trkpt lat="40.6226120" lon="-3.1562530">
    <ele>721.8</ele>
   </trkpt>
   <trkpt lat="40.6226270" lon="-3.1561860">
    <ele>721.8</ele>
   </trkpt>
   <trkpt lat="40.6226390" lon="-3.1561190">
    <ele>721.6</ele>
   </trkpt>
   <trkpt lat="40.6226460" lon="-3.1560490">
    <ele>721.6</ele>
   </trkpt>
   <trkpt lat="40.6226540" lon="-3.1559830">
    <ele>721.6</ele>
   </trkpt>
   <trkpt lat="40.6226690" lon="-3.1559190">
    <ele>721.4</ele>
   </trkpt>
   <trkpt lat="40.6226880" lon="-3.1558460">
    <ele>721.2</ele>
   </trkpt>
   <trkpt lat="40.6227110" lon="-3.1557860">
    <ele>721.2</ele>
   </trkpt>
   <trkpt lat="40.6227340" lon="-3.1557250">
    <ele>721.0</ele>
   </trkpt>
   <trkpt lat="40.6227570" lon="-3.1556500">
    <ele>720.8</ele>
   </trkpt>
   <trkpt lat="40.6227800" lon="-3.1555680">
    <ele>720.8</ele>
   </trkpt>
   <trkpt lat="40.6228030" lon="-3.1554940">
    <ele>720.6</ele>
   </trkpt>
   <trkpt lat="40.6228290" lon="-3.1554230">
    <ele>720.6</ele>
   </trkpt>
   <trkpt lat="40.6228520" lon="-3.1553520">
    <ele>720.6</ele>
   </trkpt>
   <trkpt lat="40.6228710" lon="-3.1552810">
    <ele>720.6</ele>
   </trkpt>
   <trkpt lat="40.6228940" lon="-3.1552090">
    <ele>720.6</ele>
   </trkpt>
   <trkpt lat="40.6229130" lon="-3.1551380">
    <ele>720.6</ele>
   </trkpt>
   <trkpt lat="40.6229320" lon="-3.1550660">
    <ele>720.6</ele>
   </trkpt>
   <trkpt lat="40.6229590" lon="-3.1549990">
    <ele>720.8</ele>
   </trkpt>
   <trkpt lat="40.6229780" lon="-3.1549310">
    <ele>720.8</ele>
   </trkpt>
   <trkpt lat="40.6230010" lon="-3.1548640">
    <ele>720.8</ele>
   </trkpt>
   <trkpt lat="40.6230200" lon="-3.1547930">
    <ele>720.8</ele>
   </trkpt>
   <trkpt lat="40.6230350" lon="-3.1547200">
    <ele>720.8</ele>
   </trkpt>
   <trkpt lat="40.6230510" lon="-3.1546470">
    <ele>721.0</ele>
   </trkpt>
   <trkpt lat="40.6230700" lon="-3.1545750">
    <ele>721.0</ele>
   </trkpt>
   <trkpt lat="40.6230850" lon="-3.1545070">
    <ele>721.2</ele>
   </trkpt>
   <trkpt lat="40.6231040" lon="-3.1544430">
    <ele>721.2</ele>
   </trkpt>
   <trkpt lat="40.6231230" lon="-3.1543860">
    <ele>721.2</ele>
   </trkpt>
   <trkpt lat="40.6231420" lon="-3.1543390">
    <ele>721.4</ele>
   </trkpt>
   <trkpt lat="40.6231770" lon="-3.1542830">
    <ele>721.4</ele>
   </trkpt>
   <trkpt lat="40.6232190" lon="-3.1542240">
    <ele>721.4</ele>
   </trkpt>
   <trkpt lat="40.6232570" lon="-3.1541710">
    <ele>721.2</ele>
   </trkpt>
   <trkpt lat="40.6232990" lon="-3.1541150">
    <ele>721.2</ele>
   </trkpt>
   <trkpt lat="40.6233370" lon="-3.1540640">
    <ele>721.2</ele>
   </trkpt>
   <trkpt lat="40.6233790" lon="-3.1540110">
    <ele>721.0</ele>
   </trkpt>
   <trkpt lat="40.6234250" lon="-3.1539460">
    <ele>721.0</ele>
   </trkpt>
   <trkpt lat="40.6234630" lon="-3.1538850">
    <ele>720.8</ele>
   </trkpt>
   <trkpt lat="40.6235050" lon="-3.1538220">
    <ele>720.6</ele>
   </trkpt>
   <trkpt lat="40.6235430" lon="-3.1537580">
    <ele>720.6</ele>
   </trkpt>
   <trkpt lat="40.6235890" lon="-3.1536930">
    <ele>720.4</ele>
   </trkpt>
   <trkpt lat="40.6236340" lon="-3.1536320">
    <ele>720.2</ele>
   </trkpt>
   <trkpt lat="40.6236800" lon="-3.1535720">
    <ele>720.2</ele>
   </trkpt>
   <trkpt lat="40.6237220" lon="-3.1535100">
    <ele>720.0</ele>
   </trkpt>
   <trkpt lat="40.6237640" lon="-3.1534460">
    <ele>720.0</ele>
   </trkpt>
   <trkpt lat="40.6238020" lon="-3.1533850">
    <ele>719.8</ele>
   </trkpt>
   <trkpt lat="40.6238440" lon="-3.1533310">
    <ele>719.8</ele>
   </trkpt>
   <trkpt lat="40.6238820" lon="-3.1532780">
    <ele>719.8</ele>
   </trkpt>
   <trkpt lat="40.6239280" lon="-3.1532160">
    <ele>719.8</ele>
   </trkpt>
   <trkpt lat="40.6239660" lon="-3.1531560">
    <ele>720.0</ele>
   </trkpt>
   <trkpt lat="40.6240010" lon="-3.1531000">
    <ele>720.2</ele>
   </trkpt>
   <trkpt lat="40.6240350" lon="-3.1530440">
    <ele>720.4</ele>
   </trkpt>
   <trkpt lat="40.6240690" lon="-3.1529910">
    <ele>720.6</ele>
   </trkpt>
   <trkpt lat="40.6241040" lon="-3.1529430">
    <ele>720.8</ele>
   </trkpt>
   <trkpt lat="40.6241300" lon="-3.1528970">
    <ele>721.0</ele>
   </trkpt>
   <trkpt lat="40.6241610" lon="-3.1528530">
    <ele>721.2</ele>
   </trkpt>
   <trkpt lat="40.6241910" lon="-3.1528070">
    <ele>721.6</ele>
   </trkpt>
   <trkpt lat="40.6242180" lon="-3.1527700">
    <ele>721.8</ele>
   </trkpt>
   <trkpt lat="40.6242450" lon="-3.1527330">
    <ele>722.0</ele>
   </trkpt>
   <trkpt lat="40.6242710" lon="-3.1526940">
    <ele>722.4</ele>
   </trkpt>
   <trkpt lat="40.6242980" lon="-3.1526550">
    <ele>722.4</ele>
   </trkpt>
   <trkpt lat="40.6243250" lon="-3.1526160">
    <ele>722.6</ele>
   </trkpt>
   <trkpt lat="40.6243550" lon="-3.1525760">
    <ele>722.8</ele>
   </trkpt>
   <trkpt lat="40.6243860" lon="-3.1525380">
    <ele>722.8</ele>
   </trkpt>
   <trkpt lat="40.6244160" lon="-3.1524970">
    <ele>722.8</ele>
   </trkpt>
   <trkpt lat="40.6244470" lon="-3.1524550">
    <ele>722.8</ele>
   </trkpt>
   <trkpt lat="40.6244850" lon="-3.1524120">
    <ele>722.8</ele>
   </trkpt>
   <trkpt lat="40.6245230" lon="-3.1523690">
    <ele>722.8</ele>
   </trkpt>
   <trkpt lat="40.6245610" lon="-3.1523280">
    <ele>722.8</ele>
   </trkpt>
   <trkpt lat="40.6245960" lon="-3.1522840">
    <ele>722.8</ele>
   </trkpt>
   <trkpt lat="40.6246300" lon="-3.1522420">
    <ele>722.8</ele>
   </trkpt>
   <trkpt lat="40.6246600" lon="-3.1522030">
    <ele>722.8</ele>
   </trkpt>
   <trkpt lat="40.6246990" lon="-3.1521570">
    <ele>722.6</ele>
   </trkpt>
   <trkpt lat="40.6247410" lon="-3.1521120">
    <ele>722.6</ele>
   </trkpt>
   <trkpt lat="40.6247750" lon="-3.1520760">
    <ele>722.4</ele>
   </trkpt>
   <trkpt lat="40.6248130" lon="-3.1520390">
    <ele>722.0</ele>
   </trkpt>
   <trkpt lat="40.6248510" lon="-3.1519990">
    <ele>721.6</ele>
   </trkpt>
   <trkpt lat="40.6248860" lon="-3.1519590">
    <ele>721.2</ele>
   </trkpt>
   <trkpt lat="40.6249120" lon="-3.1519170">
    <ele>720.8</ele>
   </trkpt>
   <trkpt lat="40.6249310" lon="-3.1518730">
    <ele>720.4</ele>
   </trkpt>
   <trkpt lat="40.6249390" lon="-3.1518340">
    <ele>720.2</ele>
   </trkpt>
   <trkpt lat="40.6249390" lon="-3.1517960">
    <ele>720.0</ele>
   </trkpt>
   <trkpt lat="40.6249310" lon="-3.1517580">
    <ele>720.0</ele>
   </trkpt>
   <trkpt lat="40.6249200" lon="-3.1517290">
    <ele>720.0</ele>
   </trkpt>
   <trkpt lat="40.6249240" lon="-3.1517100">
    <ele>720.0</ele>
   </trkpt>
   <trkpt lat="40.6249350" lon="-3.1516820">
    <ele>719.8</ele>
   </trkpt>
   <trkpt lat="40.6249540" lon="-3.1516480">
    <ele>719.8</ele>
   </trkpt>
   <trkpt lat="40.6249850" lon="-3.1516090">
    <ele>719.6</ele>
   </trkpt>
   <trkpt lat="40.6250230" lon="-3.1515650">
    <ele>719.2</ele>
   </trkpt>
   <trkpt lat="40.6250610" lon="-3.1515240">
    <ele>719.0</ele>
   </trkpt>
   <trkpt lat="40.6251140" lon="-3.1514740">
    <ele>718.8</ele>
   </trkpt>
   <trkpt lat="40.6251720" lon="-3.1514190">
    <ele>718.4</ele>
   </trkpt>
   <trkpt lat="40.6252250" lon="-3.1513650">
    <ele>718.0</ele>
   </trkpt>
   <trkpt lat="40.6252780" lon="-3.1513100">
    <ele>717.8</ele>
   </trkpt>
   <trkpt lat="40.6253360" lon="-3.1512550">
    <ele>717.4</ele>
   </trkpt>
   <trkpt lat="40.6253970" lon="-3.1511980">
    <ele>717.0</ele>
   </trkpt>
   <trkpt lat="40.6254540" lon="-3.1511400">
    <ele>716.6</ele>
   </trkpt>
   <trkpt lat="40.6255110" lon="-3.1510870">
    <ele>716.2</ele>
   </trkpt>
   <trkpt lat="40.6255680" lon="-3.1510350">
    <ele>716.0</ele>
   </trkpt>
   <trkpt lat="40.6256370" lon="-3.1509730">
    <ele>715.6</ele>
   </trkpt>
   <trkpt lat="40.6256900" lon="-3.1509150">
    <ele>715.4</ele>
   </trkpt>
   <trkpt lat="40.6257250" lon="-3.1508560">
    <ele>715.4</ele>
   </trkpt>
   <trkpt lat="40.6257480" lon="-3.1507950">
    <ele>715.2</ele>
   </trkpt>
   <trkpt lat="40.6257480" lon="-3.1507360">
    <ele>715.2</ele>
   </trkpt>
   <trkpt lat="40.6257360" lon="-3.1506870">
    <ele>715.2</ele>
   </trkpt>
   <trkpt lat="40.6257130" lon="-3.1506420">
    <ele>715.2</ele>
   </trkpt>
   <trkpt lat="40.6256710" lon="-3.1505980">
    <ele>715.4</ele>
   </trkpt>
   <trkpt lat="40.6256220" lon="-3.1505460">
    <ele>715.8</ele>
   </trkpt>
   <trkpt lat="40.6255870" lon="-3.1504970">
    <ele>716.0</ele>
   </trkpt>
   <trkpt lat="40.6255570" lon="-3.1504440">
    <ele>716.4</ele>
   </trkpt>
   <trkpt lat="40.6255190" lon="-3.1503900">
    <ele>716.8</ele>
   </trkpt>
   <trkpt lat="40.6254690" lon="-3.1503330">
    <ele>717.0</ele>
   </trkpt>
   <trkpt lat="40.6254160" lon="-3.1502890">
    <ele>717.2</ele>
   </trkpt>
   <trkpt lat="40.6253620" lon="-3.1502540">
    <ele>717.2</ele>
   </trkpt>
   <trkpt lat="40.6253050" lon="-3.1502230">
    <ele>717.4</ele>
   </trkpt>
   <trkpt lat="40.6252520" lon="-3.1501880">
    <ele>717.6</ele>
   </trkpt>
   <trkpt lat="40.6252020" lon="-3.1501350">
    <ele>717.6</ele>
   </trkpt>
   <trkpt lat="40.6251640" lon="-3.1500780">
    <ele>717.8</ele>
   </trkpt>
   <trkpt lat="40.6251370" lon="-3.1500210">
    <ele>718.0</ele>
   </trkpt>
   <trkpt lat="40.6251180" lon="-3.1499620">
    <ele>718.0</ele>
   </trkpt>
   <trkpt lat="40.6251070" lon="-3.1498900">
    <ele>718.2</ele>
   </trkpt>
   <trkpt lat="40.6251070" lon="-3.1498080">
    <ele>718.2</ele>
   </trkpt>
   <trkpt lat="40.6251180" lon="-3.1497240">
    <ele>718.2</ele>
   </trkpt>
   <trkpt lat="40.6251370" lon="-3.1496550">
    <ele>718.2</ele>
   </trkpt>
   <trkpt lat="40.6251530" lon="-3.1495740">
    <ele>718.2</ele>
   </trkpt>
   <trkpt lat="40.6251600" lon="-3.1494860">
    <ele>718.2</ele>
   </trkpt>
   <trkpt lat="40.6251350" lon="-3.1494560">
    <ele>718.2</ele>
   </trkpt>
   <trkpt lat="40.6251100" lon="-3.1494270">
    <ele>718.4</ele>
   </trkpt>
   <trkpt lat="40.6250850" lon="-3.1493970">
    <ele>718.6</ele>
   </trkpt>
   <trkpt lat="40.6250600" lon="-3.1493670">
    <ele>718.8</ele>
   </trkpt>
   <trkpt lat="40.6250350" lon="-3.1493380">
    <ele>719.2</ele>
   </trkpt>
   <trkpt lat="40.6250090" lon="-3.1493080">
    <ele>719.4</ele>
   </trkpt>
   <trkpt lat="40.6249840" lon="-3.1492780">
    <ele>719.6</ele>
   </trkpt>
   <trkpt lat="40.6249590" lon="-3.1492490">
    <ele>720.0</ele>
   </trkpt>
   <trkpt lat="40.6249340" lon="-3.1492190">
    <ele>720.2</ele>
   </trkpt>
   <trkpt lat="40.6249090" lon="-3.1491890">
    <ele>720.2</ele>
   </trkpt>
   <trkpt lat="40.6248840" lon="-3.1491600">
    <ele>720.4</ele>
   </trkpt>
   <trkpt lat="40.6248590" lon="-3.1491300">
    <ele>720.6</ele>
   </trkpt>
   <trkpt lat="40.6248340" lon="-3.1491000">
    <ele>720.8</ele>
   </trkpt>
   <trkpt lat="40.6248090" lon="-3.1490700">
    <ele>721.0</ele>
   </trkpt>
   <trkpt lat="40.6247840" lon="-3.1490410">
    <ele>721.2</ele>
   </trkpt>
   <trkpt lat="40.6247590" lon="-3.1490110">
    <ele>721.4</ele>
   </trkpt>
   <trkpt lat="40.6247330" lon="-3.1489810">
    <ele>721.6</ele>
   </trkpt>
   <trkpt lat="40.6247080" lon="-3.1489520">
    <ele>721.8</ele>
   </trkpt>
   <trkpt lat="40.6246830" lon="-3.1489220">
    <ele>722.0</ele>
   </trkpt>
   <trkpt lat="40.6246580" lon="-3.1488920">
    <ele>722.2</ele>
   </trkpt>
   <trkpt lat="40.6246330" lon="-3.1488630">
    <ele>722.2</ele>
   </trkpt>
   <trkpt lat="40.6246080" lon="-3.1488330">
    <ele>722.4</ele>
   </trkpt>
   <trkpt lat="40.6245830" lon="-3.1488030">
    <ele>722.4</ele>
   </trkpt>
   <trkpt lat="40.6245580" lon="-3.1487740">
    <ele>722.4</ele>
   </trkpt>
   <trkpt lat="40.6245330" lon="-3.1487440">
    <ele>722.6</ele>
   </trkpt>
   <trkpt lat="40.6245080" lon="-3.1487140">
    <ele>722.6</ele>
   </trkpt>
   <trkpt lat="40.6244820" lon="-3.1486850">
    <ele>722.8</ele>
   </trkpt>
   <trkpt lat="40.6244570" lon="-3.1486550">
    <ele>722.8</ele>
   </trkpt>
   <trkpt lat="40.6244320" lon="-3.1486250">
    <ele>723.0</ele>
   </trkpt>
   <trkpt lat="40.6244070" lon="-3.1485960">
    <ele>723.2</ele>
   </trkpt>
   <trkpt lat="40.6243820" lon="-3.1485660">
    <ele>723.4</ele>
   </trkpt>
   <trkpt lat="40.6243570" lon="-3.1485360">
    <ele>723.4</ele>
   </trkpt>
   <trkpt lat="40.6243320" lon="-3.1485070">
    <ele>723.6</ele>
   </trkpt>
   <trkpt lat="40.6243070" lon="-3.1484770">
    <ele>723.6</ele>
   </trkpt>
   <trkpt lat="40.6242820" lon="-3.1484470">
    <ele>723.6</ele>
   </trkpt>
   <trkpt lat="40.6242570" lon="-3.1484180">
    <ele>723.6</ele>
   </trkpt>
   <trkpt lat="40.6242320" lon="-3.1483880">
    <ele>723.6</ele>
   </trkpt>
   <trkpt lat="40.6242060" lon="-3.1483580">
    <ele>723.8</ele>
   </trkpt>
   <trkpt lat="40.6241810" lon="-3.1483280">
    <ele>723.8</ele>
   </trkpt>
   <trkpt lat="40.6241560" lon="-3.1482990">
    <ele>723.8</ele>
   </trkpt>
   <trkpt lat="40.6241310" lon="-3.1482690">
    <ele>723.8</ele>
   </trkpt>
   <trkpt lat="40.6241060" lon="-3.1482390">
    <ele>723.8</ele>
   </trkpt>
   <trkpt lat="40.6240810" lon="-3.1482100">
    <ele>723.8</ele>
   </trkpt>
   <trkpt lat="40.6240560" lon="-3.1481800">
    <ele>724.0</ele>
   </trkpt>
   <trkpt lat="40.6240310" lon="-3.1481500">
    <ele>724.0</ele>
   </trkpt>
   <trkpt lat="40.6240060" lon="-3.1481210">
    <ele>724.0</ele>
   </trkpt>
   <trkpt lat="40.6239810" lon="-3.1480910">
    <ele>724.0</ele>
   </trkpt>
   <trkpt lat="40.6239560" lon="-3.1480610">
    <ele>724.2</ele>
   </trkpt>
   <trkpt lat="40.6239300" lon="-3.1480320">
    <ele>724.2</ele>
   </trkpt>
   <trkpt lat="40.6239050" lon="-3.1480020">
    <ele>724.4</ele>
   </trkpt>
   <trkpt lat="40.6238800" lon="-3.1479720">
    <ele>724.4</ele>
   </trkpt>
   <trkpt lat="40.6238550" lon="-3.1479430">
    <ele>724.4</ele>
   </trkpt>
   <trkpt lat="40.6238300" lon="-3.1479130">
    <ele>724.6</ele>
   </trkpt>
   <trkpt lat="40.6238050" lon="-3.1478830">
    <ele>724.6</ele>
   </trkpt>
   <trkpt lat="40.6237800" lon="-3.1478540">
    <ele>724.6</ele>
   </trkpt>
   <trkpt lat="40.6237550" lon="-3.1478240">
    <ele>724.8</ele>
   </trkpt>
   <trkpt lat="40.6237300" lon="-3.1477940">
    <ele>724.8</ele>
   </trkpt>
   <trkpt lat="40.6237050" lon="-3.1477650">
    <ele>725.0</ele>
   </trkpt>
   <trkpt lat="40.6236800" lon="-3.1477350">
    <ele>725.2</ele>
   </trkpt>
   <trkpt lat="40.6236540" lon="-3.1477050">
    <ele>725.2</ele>
   </trkpt>
   <trkpt lat="40.6236290" lon="-3.1476750">
    <ele>725.2</ele>
   </trkpt>
   <trkpt lat="40.6236040" lon="-3.1476460">
    <ele>725.4</ele>
   </trkpt>
   <trkpt lat="40.6235790" lon="-3.1476160">
    <ele>725.6</ele>
   </trkpt>
   <trkpt lat="40.6235540" lon="-3.1475860">
    <ele>725.8</ele>
   </trkpt>
   <trkpt lat="40.6235290" lon="-3.1475570">
    <ele>726.0</ele>
   </trkpt>
   <trkpt lat="40.6235040" lon="-3.1475270">
    <ele>726.2</ele>
   </trkpt>
   <trkpt lat="40.6234790" lon="-3.1474970">
    <ele>726.6</ele>
   </trkpt>
   <trkpt lat="40.6234540" lon="-3.1474680">
    <ele>726.8</ele>
   </trkpt>
   <trkpt lat="40.6234290" lon="-3.1474380">
    <ele>727.2</ele>
   </trkpt>
   <trkpt lat="40.6234040" lon="-3.1474080">
    <ele>727.4</ele>
   </trkpt>
   <trkpt lat="40.6233780" lon="-3.1473790">
    <ele>727.6</ele>
   </trkpt>
   <trkpt lat="40.6233530" lon="-3.1473490">
    <ele>727.8</ele>
   </trkpt>
   <trkpt lat="40.6233280" lon="-3.1473190">
    <ele>728.2</ele>
   </trkpt>
   <trkpt lat="40.6233030" lon="-3.1472900">
    <ele>728.4</ele>
   </trkpt>
   <trkpt lat="40.6232780" lon="-3.1472600">
    <ele>728.6</ele>
   </trkpt>
   <trkpt lat="40.6232530" lon="-3.1472300">
    <ele>728.8</ele>
   </trkpt>
   <trkpt lat="40.6232280" lon="-3.1472010">
    <ele>728.8</ele>
   </trkpt>
   <trkpt lat="40.6232030" lon="-3.1471710">
    <ele>729.0</ele>
   </trkpt>
   <trkpt lat="40.6231780" lon="-3.1471410">
    <ele>729.2</ele>
   </trkpt>
   <trkpt lat="40.6231530" lon="-3.1471120">
    <ele>729.4</ele>
   </trkpt>
   <trkpt lat="40.6231270" lon="-3.1470820">
    <ele>729.4</ele>
   </trkpt>
   <trkpt lat="40.6231020" lon="-3.1470520">
    <ele>729.6</ele>
   </trkpt>
   <trkpt lat="40.6230770" lon="-3.1470230">
    <ele>729.6</ele>
   </trkpt>
   <trkpt lat="40.6230520" lon="-3.1469930">
    <ele>729.6</ele>
   </trkpt>
   <trkpt lat="40.6230270" lon="-3.1469630">
    <ele>729.8</ele>
   </trkpt>
   <trkpt lat="40.6230020" lon="-3.1469330">
    <ele>729.8</ele>
   </trkpt>
   <trkpt lat="40.6229770" lon="-3.1469040">
    <ele>729.8</ele>
   </trkpt>
   <trkpt lat="40.6229520" lon="-3.1468740">
    <ele>730.0</ele>
   </trkpt>
   <trkpt lat="40.6229270" lon="-3.1468440">
    <ele>730.0</ele>
   </trkpt>
   <trkpt lat="40.6229020" lon="-3.1468150">
    <ele>730.2</ele>
   </trkpt>
   <trkpt lat="40.6228770" lon="-3.1467850">
    <ele>730.4</ele>
   </trkpt>
   <trkpt lat="40.6228510" lon="-3.1467550">
    <ele>730.4</ele>
   </trkpt>
   <trkpt lat="40.6228260" lon="-3.1467260">
    <ele>730.6</ele>
   </trkpt>
   <trkpt lat="40.6228010" lon="-3.1466960">
    <ele>730.8</ele>
   </trkpt>
   <trkpt lat="40.6227760" lon="-3.1466660">
    <ele>731.0</ele>
   </trkpt>
   <trkpt lat="40.6227510" lon="-3.1466370">
    <ele>731.2</ele>
   </trkpt>
   <trkpt lat="40.6227260" lon="-3.1466070">
    <ele>731.2</ele>
   </trkpt>
   <trkpt lat="40.6227110" lon="-3.1465800">
    <ele>731.4</ele>
   </trkpt>
   <trkpt lat="40.6226920" lon="-3.1465610">
    <ele>731.4</ele>
   </trkpt>
   <trkpt lat="40.6226650" lon="-3.1465500">
    <ele>731.4</ele>
   </trkpt>
   <trkpt lat="40.6226310" lon="-3.1465280">
    <ele>731.4</ele>
   </trkpt>
   <trkpt lat="40.6226010" lon="-3.1464980">
    <ele>731.4</ele>
   </trkpt>
   <trkpt lat="40.6225740" lon="-3.1464690">
    <ele>731.4</ele>
   </trkpt>
   <trkpt lat="40.6225430" lon="-3.1464450">
    <ele>731.4</ele>
   </trkpt>
   <trkpt lat="40.6225090" lon="-3.1464180">
    <ele>731.6</ele>
   </trkpt>
   <trkpt lat="40.6224710" lon="-3.1463880">
    <ele>731.6</ele>
   </trkpt>
   <trkpt lat="40.6224440" lon="-3.1463660">
    <ele>731.6</ele>
   </trkpt>
   <trkpt lat="40.6224170" lon="-3.1463450">
    <ele>731.8</ele>
   </trkpt>
   <trkpt lat="40.6223830" lon="-3.1463120">
    <ele>731.8</ele>
   </trkpt>
   <trkpt lat="40.6223560" lon="-3.1462820">
    <ele>731.8</ele>
   </trkpt>
   <trkpt lat="40.6223260" lon="-3.1462520">
    <ele>732.0</ele>
   </trkpt>
   <trkpt lat="40.6222950" lon="-3.1462190">
    <ele>732.0</ele>
   </trkpt>
   <trkpt lat="40.6222690" lon="-3.1461830">
    <ele>732.0</ele>
   </trkpt>
   <trkpt lat="40.6222460" lon="-3.1461510">
    <ele>732.2</ele>
   </trkpt>
   <trkpt lat="40.6222230" lon="-3.1461240">
    <ele>732.2</ele>
   </trkpt>
   <trkpt lat="40.6221960" lon="-3.1460920">
    <ele>732.2</ele>
   </trkpt>
   <trkpt lat="40.6221660" lon="-3.1460610">
    <ele>732.4</ele>
   </trkpt>
   <trkpt lat="40.6221390" lon="-3.1460270">
    <ele>732.4</ele>
   </trkpt>
   <trkpt lat="40.6221080" lon="-3.1459900">
    <ele>732.6</ele>
   </trkpt>
   <trkpt lat="40.6220780" lon="-3.1459620">
    <ele>732.6</ele>
   </trkpt>
   <trkpt lat="40.6220440" lon="-3.1459410">
    <ele>732.8</ele>
   </trkpt>
   <trkpt lat="40.6220130" lon="-3.1459220">
    <ele>732.8</ele>
   </trkpt>
   <trkpt lat="40.6219750" lon="-3.1458990">
    <ele>733.0</ele>
   </trkpt>
   <trkpt lat="40.6219370" lon="-3.1458810">
    <ele>733.0</ele>
   </trkpt>
   <trkpt lat="40.6219020" lon="-3.1458710">
    <ele>733.0</ele>
   </trkpt>
   <trkpt lat="40.6218600" lon="-3.1458630">
    <ele>733.0</ele>
   </trkpt>
   <trkpt lat="40.6218150" lon="-3.1458590">
    <ele>733.2</ele>
   </trkpt>
   <trkpt lat="40.6217770" lon="-3.1458570">
    <ele>733.2</ele>
   </trkpt>
   <trkpt lat="40.6217380" lon="-3.1458510">
    <ele>733.2</ele>
   </trkpt>
   <trkpt lat="40.6216960" lon="-3.1458460">
    <ele>733.2</ele>
   </trkpt>
   <trkpt lat="40.6216510" lon="-3.1458420">
    <ele>733.2</ele>
   </trkpt>
   <trkpt lat="40.6216090" lon="-3.1458420">
    <ele>733.2</ele>
   </trkpt>
   <trkpt lat="40.6215740" lon="-3.1458420">
    <ele>733.4</ele>
   </trkpt>
   <trkpt lat="40.6215290" lon="-3.1458420">
    <ele>733.4</ele>
   </trkpt>
   <trkpt lat="40.6214830" lon="-3.1458410">
    <ele>733.6</ele>
   </trkpt>
   <trkpt lat="40.6214450" lon="-3.1458400">
    <ele>733.8</ele>
   </trkpt>
   <trkpt lat="40.6214070" lon="-3.1458400">
    <ele>733.8</ele>
   </trkpt>
   <trkpt lat="40.6213680" lon="-3.1458420">
    <ele>733.8</ele>
   </trkpt>
   <trkpt lat="40.6213260" lon="-3.1458430">
    <ele>734.0</ele>
   </trkpt>
   <trkpt lat="40.6212810" lon="-3.1458430">
    <ele>734.0</ele>
   </trkpt>
   <trkpt lat="40.6212390" lon="-3.1458430">
    <ele>734.0</ele>
   </trkpt>
   <trkpt lat="40.6212010" lon="-3.1458430">
    <ele>734.2</ele>
   </trkpt>
   <trkpt lat="40.6211620" lon="-3.1458420">
    <ele>734.2</ele>
   </trkpt>
   <trkpt lat="40.6211200" lon="-3.1458360">
    <ele>734.4</ele>
   </trkpt>
   <trkpt lat="40.6210860" lon="-3.1458300">
    <ele>734.4</ele>
   </trkpt>
   <trkpt lat="40.6210440" lon="-3.1458200">
    <ele>734.6</ele>
   </trkpt>
   <trkpt lat="40.6210020" lon="-3.1458070">
    <ele>734.8</ele>
   </trkpt>
   <trkpt lat="40.6209750" lon="-3.1457920">
    <ele>735.0</ele>
   </trkpt>
   <trkpt lat="40.6209370" lon="-3.1457710">
    <ele>735.0</ele>
   </trkpt>
   <trkpt lat="40.6208990" lon="-3.1457470">
    <ele>735.2</ele>
   </trkpt>
   <trkpt lat="40.6208690" lon="-3.1457240">
    <ele>735.2</ele>
   </trkpt>
   <trkpt lat="40.6208380" lon="-3.1457040">
    <ele>735.4</ele>
   </trkpt>
   <trkpt lat="40.6208080" lon="-3.1456850">
    <ele>735.4</ele>
   </trkpt>
   <trkpt lat="40.6207690" lon="-3.1456640">
    <ele>735.4</ele>
   </trkpt>
   <trkpt lat="40.6207350" lon="-3.1456480">
    <ele>735.6</ele>
   </trkpt>
   <trkpt lat="40.6206970" lon="-3.1456280">
    <ele>735.6</ele>
   </trkpt>
   <trkpt lat="40.6206550" lon="-3.1456060">
    <ele>735.6</ele>
   </trkpt>
   <trkpt lat="40.6206240" lon="-3.1455860">
    <ele>735.8</ele>
   </trkpt>
   <trkpt lat="40.6205860" lon="-3.1455640">
    <ele>735.8</ele>
   </trkpt>
   <trkpt lat="40.6205480" lon="-3.1455440">
    <ele>736.0</ele>
   </trkpt>
   <trkpt lat="40.6205100" lon="-3.1455230">
    <ele>736.0</ele>
   </trkpt>
   <trkpt lat="40.6204640" lon="-3.1455000">
    <ele>736.2</ele>
   </trkpt>
   <trkpt lat="40.6204260" lon="-3.1454780">
    <ele>736.4</ele>
   </trkpt>
   <trkpt lat="40.6203960" lon="-3.1454540">
    <ele>736.4</ele>
   </trkpt>
   <trkpt lat="40.6203610" lon="-3.1454320">
    <ele>736.6</ele>
   </trkpt>
   <trkpt lat="40.6203270" lon="-3.1454090">
    <ele>736.8</ele>
   </trkpt>
   <trkpt lat="40.6202960" lon="-3.1453920">
    <ele>736.8</ele>
   </trkpt>
   <trkpt lat="40.6202660" lon="-3.1453730">
    <ele>737.2</ele>
   </trkpt>
   <trkpt lat="40.6202320" lon="-3.1453510">
    <ele>737.4</ele>
   </trkpt>
   <trkpt lat="40.6202010" lon="-3.1453280">
    <ele>737.4</ele>
   </trkpt>
   <trkpt lat="40.6201740" lon="-3.1453070">
    <ele>737.8</ele>
   </trkpt>
   <trkpt lat="40.6201480" lon="-3.1452880">
    <ele>738.0</ele>
   </trkpt>
   <trkpt lat="40.6201290" lon="-3.1452680">
    <ele>738.2</ele>
   </trkpt>
   <trkpt lat="40.6201060" lon="-3.1452410">
    <ele>738.4</ele>
   </trkpt>
   <trkpt lat="40.6200870" lon="-3.1452120">
    <ele>738.4</ele>
   </trkpt>
   <trkpt lat="40.6200710" lon="-3.1451880">
    <ele>738.6</ele>
   </trkpt>
   <trkpt lat="40.6200560" lon="-3.1451560">
    <ele>738.8</ele>
   </trkpt>
   <trkpt lat="40.6200370" lon="-3.1451240">
    <ele>739.0</ele>
   </trkpt>
   <trkpt lat="40.6200220" lon="-3.1450920">
    <ele>739.0</ele>
   </trkpt>
   <trkpt lat="40.6200030" lon="-3.1450610">
    <ele>739.2</ele>
   </trkpt>
   <trkpt lat="40.6199840" lon="-3.1450340">
    <ele>739.4</ele>
   </trkpt>
   <trkpt lat="40.6199650" lon="-3.1450050">
    <ele>739.6</ele>
   </trkpt>
   <trkpt lat="40.6199420" lon="-3.1449740">
    <ele>739.8</ele>
   </trkpt>
   <trkpt lat="40.6199260" lon="-3.1449450">
    <ele>740.0</ele>
   </trkpt>
   <trkpt lat="40.6199110" lon="-3.1449190">
    <ele>740.2</ele>
   </trkpt>
   <trkpt lat="40.6198920" lon="-3.1448970">
    <ele>740.4</ele>
   </trkpt>
   <trkpt lat="40.6198690" lon="-3.1448710">
    <ele>740.6</ele>
   </trkpt>
   <trkpt lat="40.6198430" lon="-3.1448450">
    <ele>740.8</ele>
   </trkpt>
   <trkpt lat="40.6198230" lon="-3.1448240">
    <ele>741.0</ele>
   </trkpt>
   <trkpt lat="40.6197970" lon="-3.1448010">
    <ele>741.2</ele>
   </trkpt>
   <trkpt lat="40.6197780" lon="-3.1447840">
    <ele>741.4</ele>
   </trkpt>
   <trkpt lat="40.6197590" lon="-3.1447640">
    <ele>741.6</ele>
   </trkpt>
   <trkpt lat="40.6197400" lon="-3.1447490">
    <ele>741.8</ele>
   </trkpt>
   <trkpt lat="40.6197170" lon="-3.1447320">
    <ele>742.0</ele>
   </trkpt>
   <trkpt lat="40.6196940" lon="-3.1447140">
    <ele>742.2</ele>
   </trkpt>
   <trkpt lat="40.6196750" lon="-3.1446970">
    <ele>742.4</ele>
   </trkpt>
   <trkpt lat="40.6196520" lon="-3.1446810">
    <ele>742.6</ele>
   </trkpt>
   <trkpt lat="40.6196330" lon="-3.1446650">
    <ele>742.8</ele>
   </trkpt>
   <trkpt lat="40.6196140" lon="-3.1446530">
    <ele>743.0</ele>
   </trkpt>
   <trkpt lat="40.6195910" lon="-3.1446310">
    <ele>743.2</ele>
   </trkpt>
   <trkpt lat="40.6195680" lon="-3.1446080">
    <ele>743.4</ele>
   </trkpt>
   <trkpt lat="40.6195490" lon="-3.1445880">
    <ele>743.6</ele>
   </trkpt>
   <trkpt lat="40.6195300" lon="-3.1445620">
    <ele>743.6</ele>
   </trkpt>
   <trkpt lat="40.6195110" lon="-3.1445350">
    <ele>743.8</ele>
   </trkpt>
   <trkpt lat="40.6194920" lon="-3.1445080">
    <ele>744.0</ele>
   </trkpt>
   <trkpt lat="40.6194720" lon="-3.1444870">
    <ele>744.0</ele>
   </trkpt>
   <trkpt lat="40.6194500" lon="-3.1444670">
    <ele>744.2</ele>
   </trkpt>
   <trkpt lat="40.6194270" lon="-3.1444450">
    <ele>744.2</ele>
   </trkpt>
   <trkpt lat="40.6194080" lon="-3.1444220">
    <ele>744.4</ele>
   </trkpt>
   <trkpt lat="40.6193810" lon="-3.1443980">
    <ele>744.4</ele>
   </trkpt>
   <trkpt lat="40.6193580" lon="-3.1443730">
    <ele>744.6</ele>
   </trkpt>
   <trkpt lat="40.6193350" lon="-3.1443540">
    <ele>744.6</ele>
   </trkpt>
   <trkpt lat="40.6193120" lon="-3.1443330">
    <ele>744.8</ele>
   </trkpt>
   <trkpt lat="40.6192860" lon="-3.1443060">
    <ele>744.8</ele>
   </trkpt>
   <trkpt lat="40.6192590" lon="-3.1442830">
    <ele>744.8</ele>
   </trkpt>
   <trkpt lat="40.6192360" lon="-3.1442610">
    <ele>745.0</ele>
   </trkpt>
   <trkpt lat="40.6192090" lon="-3.1442370">
    <ele>745.0</ele>
   </trkpt>
   <trkpt lat="40.6191790" lon="-3.1442130">
    <ele>745.0</ele>
   </trkpt>
   <trkpt lat="40.6191440" lon="-3.1441880">
    <ele>745.0</ele>
   </trkpt>
   <trkpt lat="40.6191100" lon="-3.1441640">
    <ele>745.0</ele>
   </trkpt>
   <trkpt lat="40.6190800" lon="-3.1441450">
    <ele>745.0</ele>
   </trkpt>
   <trkpt lat="40.6190450" lon="-3.1441200">
    <ele>745.0</ele>
   </trkpt>
   <trkpt lat="40.6190190" lon="-3.1440930">
    <ele>745.2</ele>
   </trkpt>
   <trkpt lat="40.6189920" lon="-3.1440630">
    <ele>745.2</ele>
   </trkpt>
   <trkpt lat="40.6189650" lon="-3.1440300">
    <ele>745.2</ele>
   </trkpt>
   <trkpt lat="40.6189380" lon="-3.1439960">
    <ele>745.2</ele>
   </trkpt>
   <trkpt lat="40.6189160" lon="-3.1439610">
    <ele>745.4</ele>
   </trkpt>
   <trkpt lat="40.6188890" lon="-3.1439240">
    <ele>745.4</ele>
   </trkpt>
   <trkpt lat="40.6188620" lon="-3.1438870">
    <ele>745.4</ele>
   </trkpt>
   <trkpt lat="40.6188430" lon="-3.1438550">
    <ele>745.6</ele>
   </trkpt>
   <trkpt lat="40.6188200" lon="-3.1438160">
    <ele>745.6</ele>
   </trkpt>
   <trkpt lat="40.6187930" lon="-3.1437770">
    <ele>745.8</ele>
   </trkpt>
   <trkpt lat="40.6187670" lon="-3.1437390">
    <ele>745.8</ele>
   </trkpt>
   <trkpt lat="40.6187400" lon="-3.1437120">
    <ele>746.0</ele>
   </trkpt>
   <trkpt lat="40.6187170" lon="-3.1436840">
    <ele>746.0</ele>
   </trkpt>
   <trkpt lat="40.6186900" lon="-3.1436530">
    <ele>746.2</ele>
   </trkpt>
   <trkpt lat="40.6186710" lon="-3.1436280">
    <ele>746.2</ele>
   </trkpt>
   <trkpt lat="40.6186450" lon="-3.1435980">
    <ele>746.2</ele>
   </trkpt>
   <trkpt lat="40.6186140" lon="-3.1435680">
    <ele>746.4</ele>
   </trkpt>
   <trkpt lat="40.6185870" lon="-3.1435360">
    <ele>746.4</ele>
   </trkpt>
   <trkpt lat="40.6185530" lon="-3.1435050">
    <ele>746.4</ele>
   </trkpt>
   <trkpt lat="40.6185230" lon="-3.1434740">
    <ele>746.4</ele>
   </trkpt>
   <trkpt lat="40.6184960" lon="-3.1434450">
    <ele>746.4</ele>
   </trkpt>
   <trkpt lat="40.6184650" lon="-3.1434150">
    <ele>746.4</ele>
   </trkpt>
   <trkpt lat="40.6184310" lon="-3.1433910">
    <ele>746.4</ele>
   </trkpt>
   <trkpt lat="40.6183970" lon="-3.1433720">
    <ele>746.4</ele>
   </trkpt>
   <trkpt lat="40.6183620" lon="-3.1433560">
    <ele>746.4</ele>
   </trkpt>
   <trkpt lat="40.6183280" lon="-3.1433410">
    <ele>746.6</ele>
   </trkpt>
   <trkpt lat="40.6182940" lon="-3.1433240">
    <ele>746.6</ele>
   </trkpt>
   <trkpt lat="40.6182590" lon="-3.1433060">
    <ele>746.6</ele>
   </trkpt>
   <trkpt lat="40.6182210" lon="-3.1432870">
    <ele>746.8</ele>
   </trkpt>
   <trkpt lat="40.6181830" lon="-3.1432690">
    <ele>746.8</ele>
   </trkpt>
   <trkpt lat="40.6181490" lon="-3.1432530">
    <ele>746.8</ele>
   </trkpt>
   <trkpt lat="40.6181140" lon="-3.1432350">
    <ele>746.8</ele>
   </trkpt>
   <trkpt lat="40.6180840" lon="-3.1432200">
    <ele>747.0</ele>
   </trkpt>
   <trkpt lat="40.6180500" lon="-3.1432010">
    <ele>747.0</ele>
   </trkpt>
   <trkpt lat="40.6180110" lon="-3.1431800">
    <ele>747.2</ele>
   </trkpt>
   <trkpt lat="40.6179810" lon="-3.1431570">
    <ele>747.2</ele>
   </trkpt>
   <trkpt lat="40.6179540" lon="-3.1431320">
    <ele>747.4</ele>
   </trkpt>
   <trkpt lat="40.6179240" lon="-3.1431050">
    <ele>747.4</ele>
   </trkpt>
   <trkpt lat="40.6178930" lon="-3.1430850">
    <ele>747.6</ele>
   </trkpt>
   <trkpt lat="40.6178630" lon="-3.1430640">
    <ele>747.8</ele>
   </trkpt>
   <trkpt lat="40.6178360" lon="-3.1430410">
    <ele>747.8</ele>
   </trkpt>
   <trkpt lat="40.6178050" lon="-3.1430140">
    <ele>748.0</ele>
   </trkpt>
   <trkpt lat="40.6177790" lon="-3.1429920">
    <ele>748.0</ele>
   </trkpt>
   <trkpt lat="40.6177520" lon="-3.1429710">
    <ele>748.2</ele>
   </trkpt>
   <trkpt lat="40.6177250" lon="-3.1429510">
    <ele>748.2</ele>
   </trkpt>
   <trkpt lat="40.6176990" lon="-3.1429280">
    <ele>748.4</ele>
   </trkpt>
   <trkpt lat="40.6176760" lon="-3.1429020">
    <ele>748.4</ele>
   </trkpt>
   <trkpt lat="40.6176450" lon="-3.1428760">
    <ele>748.6</ele>
   </trkpt>
   <trkpt lat="40.6176190" lon="-3.1428500">
    <ele>748.6</ele>
   </trkpt>
   <trkpt lat="40.6175920" lon="-3.1428200">
    <ele>748.6</ele>
   </trkpt>
   <trkpt lat="40.6175610" lon="-3.1427890">
    <ele>748.8</ele>
   </trkpt>
   <trkpt lat="40.6175350" lon="-3.1427650">
    <ele>748.8</ele>
   </trkpt>
   <trkpt lat="40.6175080" lon="-3.1427430">
    <ele>749.0</ele>
   </trkpt>
   <trkpt lat="40.6174770" lon="-3.1427190">
    <ele>749.0</ele>
   </trkpt>
   <trkpt lat="40.6174550" lon="-3.1426960">
    <ele>749.2</ele>
   </trkpt>
   <trkpt lat="40.6174320" lon="-3.1426670">
    <ele>749.4</ele>
   </trkpt>
   <trkpt lat="40.6174050" lon="-3.1426350">
    <ele>749.4</ele>
   </trkpt>
   <trkpt lat="40.6173780" lon="-3.1426010">
    <ele>749.6</ele>
   </trkpt>
   <trkpt lat="40.6173520" lon="-3.1425630">
    <ele>749.6</ele>
   </trkpt>
   <trkpt lat="40.6173250" lon="-3.1425270">
    <ele>749.8</ele>
   </trkpt>
   <trkpt lat="40.6173060" lon="-3.1424960">
    <ele>749.8</ele>
   </trkpt>
   <trkpt lat="40.6172830" lon="-3.1424620">
    <ele>750.0</ele>
   </trkpt>
   <trkpt lat="40.6172600" lon="-3.1424220">
    <ele>750.0</ele>
   </trkpt>
   <trkpt lat="40.6172370" lon="-3.1423830">
    <ele>750.2</ele>
   </trkpt>
   <trkpt lat="40.6172180" lon="-3.1423510">
    <ele>750.2</ele>
   </trkpt>
   <trkpt lat="40.6171910" lon="-3.1423160">
    <ele>750.4</ele>
   </trkpt>
   <trkpt lat="40.6171680" lon="-3.1422820">
    <ele>750.4</ele>
   </trkpt>
   <trkpt lat="40.6171450" lon="-3.1422470">
    <ele>750.6</ele>
   </trkpt>
   <trkpt lat="40.6171230" lon="-3.1422100">
    <ele>750.6</ele>
   </trkpt>
   <trkpt lat="40.6171000" lon="-3.1421710">
    <ele>750.8</ele>
   </trkpt>
   <trkpt lat="40.6170810" lon="-3.1421340">
    <ele>750.8</ele>
   </trkpt>
   <trkpt lat="40.6170620" lon="-3.1420950">
    <ele>751.0</ele>
   </trkpt>
   <trkpt lat="40.6170350" lon="-3.1420530">
    <ele>751.0</ele>
   </trkpt>
   <trkpt lat="40.6170160" lon="-3.1420180">
    <ele>751.2</ele>
   </trkpt>
   <trkpt lat="40.6169970" lon="-3.1419860">
    <ele>751.4</ele>
   </trkpt>
   <trkpt lat="40.6169740" lon="-3.1419500">
    <ele>751.6</ele>
   </trkpt>
   <trkpt lat="40.6169550" lon="-3.1419200">
    <ele>751.8</ele>
   </trkpt>
   <trkpt lat="40.6169360" lon="-3.1418860">
    <ele>751.8</ele>
   </trkpt>
   <trkpt lat="40.6169130" lon="-3.1418510">
    <ele>752.0</ele>
   </trkpt>
   <trkpt lat="40.6168900" lon="-3.1418140">
    <ele>752.2</ele>
   </trkpt>
   <trkpt lat="40.6168670" lon="-3.1417790">
    <ele>752.4</ele>
   </trkpt>
   <trkpt lat="40.6168480" lon="-3.1417500">
    <ele>752.4</ele>
   </trkpt>
   <trkpt lat="40.6168290" lon="-3.1417180">
    <ele>752.6</ele>
   </trkpt>
   <trkpt lat="40.6168100" lon="-3.1416860">
    <ele>752.6</ele>
   </trkpt>
   <trkpt lat="40.6167870" lon="-3.1416510">
    <ele>752.8</ele>
   </trkpt>
   <trkpt lat="40.6167640" lon="-3.1416170">
    <ele>752.8</ele>
   </trkpt>
   <trkpt lat="40.6167450" lon="-3.1415880">
    <ele>753.0</ele>
   </trkpt>
   <trkpt lat="40.6167220" lon="-3.1415530">
    <ele>753.2</ele>
   </trkpt>
   <trkpt lat="40.6167030" lon="-3.1415200">
    <ele>753.2</ele>
   </trkpt>
   <trkpt lat="40.6166880" lon="-3.1414880">
    <ele>753.4</ele>
   </trkpt>
   <trkpt lat="40.6166730" lon="-3.1414550">
    <ele>753.6</ele>
   </trkpt>
   <trkpt lat="40.6166530" lon="-3.1414240">
    <ele>753.8</ele>
   </trkpt>
   <trkpt lat="40.6166340" lon="-3.1413890">
    <ele>754.0</ele>
   </trkpt>
   <trkpt lat="40.6166150" lon="-3.1413540">
    <ele>754.2</ele>
   </trkpt>
   <trkpt lat="40.6165960" lon="-3.1413280">
    <ele>754.4</ele>
   </trkpt>
   <trkpt lat="40.6165770" lon="-3.1412990">
    <ele>754.6</ele>
   </trkpt>
   <trkpt lat="40.6165580" lon="-3.1412670">
    <ele>754.8</ele>
   </trkpt>
   <trkpt lat="40.6165390" lon="-3.1412370">
    <ele>755.0</ele>
   </trkpt>
   <trkpt lat="40.6165160" lon="-3.1412090">
    <ele>755.2</ele>
   </trkpt>
   <trkpt lat="40.6164930" lon="-3.1411800">
    <ele>755.4</ele>
   </trkpt>
   <trkpt lat="40.6164780" lon="-3.1411540">
    <ele>755.6</ele>
   </trkpt>
   <trkpt lat="40.6164590" lon="-3.1411230">
    <ele>755.8</ele>
   </trkpt>
   <trkpt lat="40.6164320" lon="-3.1410910">
    <ele>756.0</ele>
   </trkpt>
   <trkpt lat="40.6164130" lon="-3.1410620">
    <ele>756.2</ele>
   </trkpt>
   <trkpt lat="40.6163940" lon="-3.1410360">
    <ele>756.4</ele>
   </trkpt>
   <trkpt lat="40.6163640" lon="-3.1410070">
    <ele>756.4</ele>
   </trkpt>
   <trkpt lat="40.6163370" lon="-3.1409820">
    <ele>756.6</ele>
   </trkpt>
   <trkpt lat="40.6163140" lon="-3.1409640">
    <ele>756.8</ele>
   </trkpt>
   <trkpt lat="40.6162870" lon="-3.1409430">
    <ele>757.0</ele>
   </trkpt>
   <trkpt lat="40.6162610" lon="-3.1409180">
    <ele>757.0</ele>
   </trkpt>
   <trkpt lat="40.6162340" lon="-3.1408930">
    <ele>757.2</ele>
   </trkpt>
   <trkpt lat="40.6162110" lon="-3.1408690">
    <ele>757.4</ele>
   </trkpt>
   <trkpt lat="40.6161840" lon="-3.1408470">
    <ele>757.4</ele>
   </trkpt>
   <trkpt lat="40.6161540" lon="-3.1408230">
    <ele>757.6</ele>
   </trkpt>
   <trkpt lat="40.6161270" lon="-3.1407970">
    <ele>757.8</ele>
   </trkpt>
   <trkpt lat="40.6161000" lon="-3.1407700">
    <ele>758.0</ele>
   </trkpt>
   <trkpt lat="40.6160700" lon="-3.1407420">
    <ele>758.0</ele>
   </trkpt>
   <trkpt lat="40.6160390" lon="-3.1407140">
    <ele>758.2</ele>
   </trkpt>
   <trkpt lat="40.6160160" lon="-3.1406930">
    <ele>758.2</ele>
   </trkpt>
   <trkpt lat="40.6159860" lon="-3.1406660">
    <ele>758.2</ele>
   </trkpt>
   <trkpt lat="40.6159590" lon="-3.1406370">
    <ele>758.4</ele>
   </trkpt>
   <trkpt lat="40.6159360" lon="-3.1406120">
    <ele>758.4</ele>
   </trkpt>
   <trkpt lat="40.6159130" lon="-3.1405840">
    <ele>758.6</ele>
   </trkpt>
   <trkpt lat="40.6158940" lon="-3.1405490">
    <ele>758.8</ele>
   </trkpt>
   <trkpt lat="40.6158870" lon="-3.1405080">
    <ele>758.8</ele>
   </trkpt>
   <trkpt lat="40.6158870" lon="-3.1404690">
    <ele>759.0</ele>
   </trkpt>
   <trkpt lat="40.6158830" lon="-3.1404260">
    <ele>759.2</ele>
   </trkpt>
   <trkpt lat="40.6158870" lon="-3.1403920">
    <ele>759.4</ele>
   </trkpt>
   <trkpt lat="40.6158870" lon="-3.1403490">
    <ele>759.6</ele>
   </trkpt>
   <trkpt lat="40.6158940" lon="-3.1403070">
    <ele>759.8</ele>
   </trkpt>
   <trkpt lat="40.6158980" lon="-3.1402720">
    <ele>760.0</ele>
   </trkpt>
   <trkpt lat="40.6159020" lon="-3.1402340">
    <ele>760.0</ele>
   </trkpt>
   <trkpt lat="40.6159100" lon="-3.1401970">
    <ele>760.2</ele>
   </trkpt>
   <trkpt lat="40.6159130" lon="-3.1401580">
    <ele>760.4</ele>
   </trkpt>
   <trkpt lat="40.6159170" lon="-3.1401170">
    <ele>760.6</ele>
   </trkpt>
   <trkpt lat="40.6159170" lon="-3.1400830">
    <ele>760.8</ele>
   </trkpt>
   <trkpt lat="40.6159130" lon="-3.1400470">
    <ele>761.0</ele>
   </trkpt>
   <trkpt lat="40.6159130" lon="-3.1400060">
    <ele>761.2</ele>
   </trkpt>
   <trkpt lat="40.6159060" lon="-3.1399750">
    <ele>761.4</ele>
   </trkpt>
   <trkpt lat="40.6158980" lon="-3.1399460">
    <ele>761.6</ele>
   </trkpt>
   <trkpt lat="40.6158900" lon="-3.1399100">
    <ele>761.6</ele>
   </trkpt>
   <trkpt lat="40.6158790" lon="-3.1398740">
    <ele>761.6</ele>
   </trkpt>
   <trkpt lat="40.6158640" lon="-3.1398370">
    <ele>761.8</ele>
   </trkpt>
   <trkpt lat="40.6158490" lon="-3.1397990">
    <ele>762.0</ele>
   </trkpt>
   <trkpt lat="40.6158330" lon="-3.1397710">
    <ele>762.2</ele>
   </trkpt>
   <trkpt lat="40.6158220" lon="-3.1397460">
    <ele>762.4</ele>
   </trkpt>
   <trkpt lat="40.6158070" lon="-3.1397170">
    <ele>762.6</ele>
   </trkpt>
   <trkpt lat="40.6157910" lon="-3.1396940">
    <ele>762.8</ele>
   </trkpt>
   <trkpt lat="40.6157800" lon="-3.1396700">
    <ele>763.2</ele>
   </trkpt>
   <trkpt lat="40.6157650" lon="-3.1396400">
    <ele>763.2</ele>
   </trkpt>
   <trkpt lat="40.6157490" lon="-3.1396090">
    <ele>763.4</ele>
   </trkpt>
   <trkpt lat="40.6157340" lon="-3.1395800">
    <ele>763.6</ele>
   </trkpt>
   <trkpt lat="40.6157190" lon="-3.1395460">
    <ele>763.6</ele>
   </trkpt>
   <trkpt lat="40.6157000" lon="-3.1395130">
    <ele>763.8</ele>
   </trkpt>
   <trkpt lat="40.6156850" lon="-3.1394730">
    <ele>763.8</ele>
   </trkpt>
   <trkpt lat="40.6156690" lon="-3.1394290">
    <ele>763.8</ele>
   </trkpt>
   <trkpt lat="40.6156580" lon="-3.1393870">
    <ele>763.8</ele>
   </trkpt>
   <trkpt lat="40.6156460" lon="-3.1393480">
    <ele>764.0</ele>
   </trkpt>
   <trkpt lat="40.6156390" lon="-3.1393100">
    <ele>764.0</ele>
   </trkpt>
   <trkpt lat="40.6156270" lon="-3.1392660">
    <ele>764.0</ele>
   </trkpt>
   <trkpt lat="40.6156120" lon="-3.1392270">
    <ele>764.2</ele>
   </trkpt>
   <trkpt lat="40.6155970" lon="-3.1391910">
    <ele>764.2</ele>
   </trkpt>
   <trkpt lat="40.6155850" lon="-3.1391580">
    <ele>764.4</ele>
   </trkpt>
   <trkpt lat="40.6155740" lon="-3.1391190">
    <ele>764.4</ele>
   </trkpt>
   <trkpt lat="40.6155550" lon="-3.1390770">
    <ele>764.6</ele>
   </trkpt>
   <trkpt lat="40.6155400" lon="-3.1390340">
    <ele>764.6</ele>
   </trkpt>
   <trkpt lat="40.6155240" lon="-3.1389970">
    <ele>764.8</ele>
   </trkpt>
   <trkpt lat="40.6155130" lon="-3.1389590">
    <ele>765.0</ele>
   </trkpt>
   <trkpt lat="40.6155010" lon="-3.1389130">
    <ele>765.0</ele>
   </trkpt>
   <trkpt lat="40.6154900" lon="-3.1388730">
    <ele>765.2</ele>
   </trkpt>
   <trkpt lat="40.6154820" lon="-3.1388340">
    <ele>765.4</ele>
   </trkpt>
   <trkpt lat="40.6154710" lon="-3.1387900">
    <ele>765.6</ele>
   </trkpt>
   <trkpt lat="40.6154630" lon="-3.1387550">
    <ele>765.8</ele>
   </trkpt>
   <trkpt lat="40.6154520" lon="-3.1387170">
    <ele>766.0</ele>
   </trkpt>
   <trkpt lat="40.6154400" lon="-3.1386800">
    <ele>766.2</ele>
   </trkpt>
   <trkpt lat="40.6154330" lon="-3.1386500">
    <ele>766.2</ele>
   </trkpt>
   <trkpt lat="40.6154210" lon="-3.1386150">
    <ele>766.4</ele>
   </trkpt>
   <trkpt lat="40.6154140" lon="-3.1385790">
    <ele>766.6</ele>
   </trkpt>
   <trkpt lat="40.6154060" lon="-3.1385510">
    <ele>766.8</ele>
   </trkpt>
   <trkpt lat="40.6154020" lon="-3.1385220">
    <ele>767.0</ele>
   </trkpt>
   <trkpt lat="40.6153950" lon="-3.1384890">
    <ele>767.2</ele>
   </trkpt>
   <trkpt lat="40.6153910" lon="-3.1384610">
    <ele>767.4</ele>
   </trkpt>
   <trkpt lat="40.6153870" lon="-3.1384270">
    <ele>767.6</ele>
   </trkpt>
   <trkpt lat="40.6153830" lon="-3.1383940">
    <ele>767.8</ele>
   </trkpt>
   <trkpt lat="40.6153790" lon="-3.1383660">
    <ele>768.0</ele>
   </trkpt>
   <trkpt lat="40.6153790" lon="-3.1383310">
    <ele>768.2</ele>
   </trkpt>
   <trkpt lat="40.6153790" lon="-3.1382950">
    <ele>768.4</ele>
   </trkpt>
   <trkpt lat="40.6153830" lon="-3.1382660">
    <ele>768.6</ele>
   </trkpt>
   <trkpt lat="40.6153830" lon="-3.1382350">
    <ele>768.8</ele>
   </trkpt>
   <trkpt lat="40.6153830" lon="-3.1382000">
    <ele>769.0</ele>
   </trkpt>
   <trkpt lat="40.6153790" lon="-3.1381650">
    <ele>769.2</ele>
   </trkpt>
   <trkpt lat="40.6153790" lon="-3.1381360">
    <ele>769.4</ele>
   </trkpt>
   <trkpt lat="40.6153750" lon="-3.1381020">
    <ele>769.4</ele>
   </trkpt>
   <trkpt lat="40.6153750" lon="-3.1380680">
    <ele>769.6</ele>
   </trkpt>
   <trkpt lat="40.6153750" lon="-3.1380380">
    <ele>769.8</ele>
   </trkpt>
   <trkpt lat="40.6153680" lon="-3.1380080">
    <ele>769.8</ele>
   </trkpt>
   <trkpt lat="40.6153490" lon="-3.1379820">
    <ele>769.8</ele>
   </trkpt>
   <trkpt lat="40.6153260" lon="-3.1379590">
    <ele>770.0</ele>
   </trkpt>
   <trkpt lat="40.6152990" lon="-3.1379340">
    <ele>770.0</ele>
   </trkpt>
   <trkpt lat="40.6152650" lon="-3.1379060">
    <ele>770.0</ele>
   </trkpt>
   <trkpt lat="40.6152420" lon="-3.1378870">
    <ele>770.0</ele>
   </trkpt>
   <trkpt lat="40.6152110" lon="-3.1378750">
    <ele>770.0</ele>
   </trkpt>
   <trkpt lat="40.6151770" lon="-3.1378710">
    <ele>770.0</ele>
   </trkpt>
   <trkpt lat="40.6151470" lon="-3.1378800">
    <ele>770.0</ele>
   </trkpt>
   <trkpt lat="40.6151160" lon="-3.1379070">
    <ele>770.0</ele>
   </trkpt>
   <trkpt lat="40.6150930" lon="-3.1379460">
    <ele>770.0</ele>
   </trkpt>
   <trkpt lat="40.6150700" lon="-3.1379800">
    <ele>769.8</ele>
   </trkpt>
   <trkpt lat="40.6150400" lon="-3.1380180">
    <ele>769.8</ele>
   </trkpt>
   <trkpt lat="40.6149980" lon="-3.1380520">
    <ele>769.8</ele>
   </trkpt>
   <trkpt lat="40.6149600" lon="-3.1380710">
    <ele>769.8</ele>
   </trkpt>
   <trkpt lat="40.6149140" lon="-3.1380800">
    <ele>769.8</ele>
   </trkpt>
   <trkpt lat="40.6148680" lon="-3.1380830">
    <ele>769.8</ele>
   </trkpt>
   <trkpt lat="40.6148220" lon="-3.1380810">
    <ele>769.8</ele>
   </trkpt>
   <trkpt lat="40.6147650" lon="-3.1380810">
    <ele>769.6</ele>
   </trkpt>
   <trkpt lat="40.6147160" lon="-3.1380850">
    <ele>769.6</ele>
   </trkpt>
   <trkpt lat="40.6146740" lon="-3.1380950">
    <ele>769.6</ele>
   </trkpt>
   <trkpt lat="40.6146390" lon="-3.1381130">
    <ele>769.6</ele>
   </trkpt>
   <trkpt lat="40.6146050" lon="-3.1381510">
    <ele>769.4</ele>
   </trkpt>
   <trkpt lat="40.6145740" lon="-3.1382010">
    <ele>769.2</ele>
   </trkpt>
   <trkpt lat="40.6145400" lon="-3.1382380">
    <ele>769.2</ele>
   </trkpt>
   <trkpt lat="40.6144980" lon="-3.1382720">
    <ele>769.0</ele>
   </trkpt>
   <trkpt lat="40.6144410" lon="-3.1383020">
    <ele>769.0</ele>
   </trkpt>
   <trkpt lat="40.6143990" lon="-3.1383220">
    <ele>769.0</ele>
   </trkpt>
   <trkpt lat="40.6143720" lon="-3.1383390">
    <ele>769.0</ele>
   </trkpt>
   <trkpt lat="40.6143460" lon="-3.1383560">
    <ele>769.0</ele>
   </trkpt>
   <trkpt lat="40.6143190" lon="-3.1383620">
    <ele>769.0</ele>
   </trkpt>
   <trkpt lat="40.6142960" lon="-3.1383530">
    <ele>769.0</ele>
   </trkpt>
   <trkpt lat="40.6142730" lon="-3.1383310">
    <ele>769.0</ele>
   </trkpt>
   <trkpt lat="40.6142500" lon="-3.1383040">
    <ele>769.0</ele>
   </trkpt>
   <trkpt lat="40.6142350" lon="-3.1382730">
    <ele>769.2</ele>
   </trkpt>
   <trkpt lat="40.6142200" lon="-3.1382340">
    <ele>769.2</ele>
   </trkpt>
   <trkpt lat="40.6142040" lon="-3.1381940">
    <ele>769.4</ele>
   </trkpt>
   <trkpt lat="40.6141930" lon="-3.1381600">
    <ele>769.4</ele>
   </trkpt>
   <trkpt lat="40.6141740" lon="-3.1381180">
    <ele>769.6</ele>
   </trkpt>
   <trkpt lat="40.6141550" lon="-3.1380780">
    <ele>769.8</ele>
   </trkpt>
   <trkpt lat="40.6141400" lon="-3.1380410">
    <ele>769.8</ele>
   </trkpt>
   <trkpt lat="40.6141240" lon="-3.1380030">
    <ele>770.0</ele>
   </trkpt>
   <trkpt lat="40.6141090" lon="-3.1379670">
    <ele>770.2</ele>
   </trkpt>
   <trkpt lat="40.6140940" lon="-3.1379270">
    <ele>770.2</ele>
   </trkpt>
   <trkpt lat="40.6140750" lon="-3.1378880">
    <ele>770.4</ele>
   </trkpt>
   <trkpt lat="40.6140590" lon="-3.1378490">
    <ele>770.6</ele>
   </trkpt>
   <trkpt lat="40.6140440" lon="-3.1378100">
    <ele>770.8</ele>
   </trkpt>
   <trkpt lat="40.6140250" lon="-3.1377680">
    <ele>771.0</ele>
   </trkpt>
   <trkpt lat="40.6140060" lon="-3.1377230">
    <ele>771.0</ele>
   </trkpt>
   <trkpt lat="40.6139910" lon="-3.1376850">
    <ele>771.2</ele>
   </trkpt>
   <trkpt lat="40.6139760" lon="-3.1376500">
    <ele>771.4</ele>
   </trkpt>
   <trkpt lat="40.6139600" lon="-3.1376120">
    <ele>771.6</ele>
   </trkpt>
   <trkpt lat="40.6139410" lon="-3.1375720">
    <ele>771.8</ele>
   </trkpt>
   <trkpt lat="40.6139220" lon="-3.1375300">
    <ele>772.0</ele>
   </trkpt>
   <trkpt lat="40.6139070" lon="-3.1374920">
    <ele>772.2</ele>
   </trkpt>
   <trkpt lat="40.6138920" lon="-3.1374590">
    <ele>772.4</ele>
   </trkpt>
   <trkpt lat="40.6138760" lon="-3.1374260">
    <ele>772.6</ele>
   </trkpt>
   <trkpt lat="40.6138610" lon="-3.1373870">
    <ele>772.6</ele>
   </trkpt>
   <trkpt lat="40.6138460" lon="-3.1373520">
    <ele>772.8</ele>
   </trkpt>
   <trkpt lat="40.6138310" lon="-3.1373160">
    <ele>773.0</ele>
   </trkpt>
   <trkpt lat="40.6138150" lon="-3.1372780">
    <ele>773.2</ele>
   </trkpt>
   <trkpt lat="40.6138080" lon="-3.1372470">
    <ele>773.4</ele>
   </trkpt>
   <trkpt lat="40.6137890" lon="-3.1372070">
    <ele>773.6</ele>
   </trkpt>
   <trkpt lat="40.6137730" lon="-3.1371680">
    <ele>773.6</ele>
   </trkpt>
   <trkpt lat="40.6137580" lon="-3.1371350">
    <ele>773.8</ele>
   </trkpt>
   <trkpt lat="40.6137470" lon="-3.1370980">
    <ele>774.0</ele>
   </trkpt>
   <trkpt lat="40.6137310" lon="-3.1370580">
    <ele>774.2</ele>
   </trkpt>
   <trkpt lat="40.6137160" lon="-3.1370190">
    <ele>774.4</ele>
   </trkpt>
   <trkpt lat="40.6137010" lon="-3.1369830">
    <ele>774.6</ele>
   </trkpt>
   <trkpt lat="40.6136860" lon="-3.1369480">
    <ele>774.8</ele>
   </trkpt>
   <trkpt lat="40.6136670" lon="-3.1369080">
    <ele>775.0</ele>
   </trkpt>
   <trkpt lat="40.6136510" lon="-3.1368690">
    <ele>775.0</ele>
   </trkpt>
   <trkpt lat="40.6136360" lon="-3.1368350">
    <ele>775.2</ele>
   </trkpt>
   <trkpt lat="40.6136170" lon="-3.1367950">
    <ele>775.4</ele>
   </trkpt>
   <trkpt lat="40.6136020" lon="-3.1367530">
    <ele>775.6</ele>
   </trkpt>
   <trkpt lat="40.6135860" lon="-3.1367160">
    <ele>775.8</ele>
   </trkpt>
   <trkpt lat="40.6135710" lon="-3.1366810">
    <ele>776.0</ele>
   </trkpt>
   <trkpt lat="40.6135560" lon="-3.1366510">
    <ele>776.2</ele>
   </trkpt>
   <trkpt lat="40.6135370" lon="-3.1366170">
    <ele>776.4</ele>
   </trkpt>
   <trkpt lat="40.6135220" lon="-3.1365760">
    <ele>776.6</ele>
   </trkpt>
   <trkpt lat="40.6135060" lon="-3.1365430">
    <ele>776.6</ele>
   </trkpt>
   <trkpt lat="40.6134950" lon="-3.1365090">
    <ele>776.8</ele>
   </trkpt>
   <trkpt lat="40.6134800" lon="-3.1364690">
    <ele>777.0</ele>
   </trkpt>
   <trkpt lat="40.6134640" lon="-3.1364370">
    <ele>777.2</ele>
   </trkpt>
   <trkpt lat="40.6134490" lon="-3.1364000">
    <ele>777.4</ele>
   </trkpt>
   <trkpt lat="40.6134340" lon="-3.1363630">
    <ele>777.4</ele>
   </trkpt>
   <trkpt lat="40.6134190" lon="-3.1363260">
    <ele>777.6</ele>
   </trkpt>
   <trkpt lat="40.6134030" lon="-3.1362910">
    <ele>777.8</ele>
   </trkpt>
   <trkpt lat="40.6133880" lon="-3.1362520">
    <ele>778.0</ele>
   </trkpt>
   <trkpt lat="40.6133730" lon="-3.1362110">
    <ele>778.2</ele>
   </trkpt>
   <trkpt lat="40.6133580" lon="-3.1361740">
    <ele>778.4</ele>
   </trkpt>
   <trkpt lat="40.6133460" lon="-3.1361380">
    <ele>778.6</ele>
   </trkpt>
   <trkpt lat="40.6133310" lon="-3.1361020">
    <ele>778.6</ele>
   </trkpt>
   <trkpt lat="40.6133160" lon="-3.1360590">
    <ele>778.8</ele>
   </trkpt>
   <trkpt lat="40.6133000" lon="-3.1360220">
    <ele>779.0</ele>
   </trkpt>
   <trkpt lat="40.6132810" lon="-3.1359880">
    <ele>779.2</ele>
   </trkpt>
   <trkpt lat="40.6132620" lon="-3.1359490">
    <ele>779.2</ele>
   </trkpt>
   <trkpt lat="40.6132470" lon="-3.1359140">
    <ele>779.4</ele>
   </trkpt>
   <trkpt lat="40.6132350" lon="-3.1358830">
    <ele>779.6</ele>
   </trkpt>
   <trkpt lat="40.6132200" lon="-3.1358450">
    <ele>779.8</ele>
   </trkpt>
   <trkpt lat="40.6132090" lon="-3.1358150">
    <ele>780.0</ele>
   </trkpt>
   <trkpt lat="40.6131900" lon="-3.1357760">
    <ele>780.2</ele>
   </trkpt>
   <trkpt lat="40.6131740" lon="-3.1357350">
    <ele>780.4</ele>
   </trkpt>
   <trkpt lat="40.6131630" lon="-3.1356980">
    <ele>780.6</ele>
   </trkpt>
   <trkpt lat="40.6131480" lon="-3.1356620">
    <ele>780.6</ele>
   </trkpt>
   <trkpt lat="40.6131320" lon="-3.1356240">
    <ele>780.8</ele>
   </trkpt>
   <trkpt lat="40.6131210" lon="-3.1355900">
    <ele>781.0</ele>
   </trkpt>
   <trkpt lat="40.6131100" lon="-3.1355590">
    <ele>781.2</ele>
   </trkpt>
   <trkpt lat="40.6131020" lon="-3.1355200">
    <ele>781.4</ele>
   </trkpt>
   <trkpt lat="40.6130870" lon="-3.1354760">
    <ele>781.6</ele>
   </trkpt>
   <trkpt lat="40.6130710" lon="-3.1354350">
    <ele>781.8</ele>
   </trkpt>
   <trkpt lat="40.6130640" lon="-3.1354030">
    <ele>782.0</ele>
   </trkpt>
   <trkpt lat="40.6130520" lon="-3.1353640">
    <ele>782.2</ele>
   </trkpt>
   <trkpt lat="40.6130450" lon="-3.1353300">
    <ele>782.2</ele>
   </trkpt>
   <trkpt lat="40.6130290" lon="-3.1352880">
    <ele>782.4</ele>
   </trkpt>
   <trkpt lat="40.6130140" lon="-3.1352470">
    <ele>782.6</ele>
   </trkpt>
   <trkpt lat="40.6130030" lon="-3.1352130">
    <ele>782.8</ele>
   </trkpt>
   <trkpt lat="40.6129910" lon="-3.1351740">
    <ele>782.8</ele>
   </trkpt>
   <trkpt lat="40.6129800" lon="-3.1351380">
    <ele>783.0</ele>
   </trkpt>
   <trkpt lat="40.6129650" lon="-3.1350940">
    <ele>783.2</ele>
   </trkpt>
   <trkpt lat="40.6129490" lon="-3.1350560">
    <ele>783.4</ele>
   </trkpt>
   <trkpt lat="40.6129380" lon="-3.1350230">
    <ele>783.4</ele>
   </trkpt>
   <trkpt lat="40.6129260" lon="-3.1349880">
    <ele>783.6</ele>
   </trkpt>
   <trkpt lat="40.6129150" lon="-3.1349440">
    <ele>783.8</ele>
   </trkpt>
   <trkpt lat="40.6129000" lon="-3.1349060">
    <ele>784.0</ele>
   </trkpt>
   <trkpt lat="40.6128880" lon="-3.1348680">
    <ele>784.2</ele>
   </trkpt>
   <trkpt lat="40.6128730" lon="-3.1348330">
    <ele>784.4</ele>
   </trkpt>
   <trkpt lat="40.6128650" lon="-3.1348020">
    <ele>784.6</ele>
   </trkpt>
   <trkpt lat="40.6128540" lon="-3.1347640">
    <ele>784.8</ele>
   </trkpt>
   <trkpt lat="40.6128430" lon="-3.1347280">
    <ele>784.8</ele>
   </trkpt>
   <trkpt lat="40.6128310" lon="-3.1346920">
    <ele>785.0</ele>
   </trkpt>
   <trkpt lat="40.6128200" lon="-3.1346570">
    <ele>785.2</ele>
   </trkpt>
   <trkpt lat="40.6128040" lon="-3.1346190">
    <ele>785.2</ele>
   </trkpt>
   <trkpt lat="40.6127930" lon="-3.1345810">
    <ele>785.4</ele>
   </trkpt>
   <trkpt lat="40.6127780" lon="-3.1345420">
    <ele>785.6</ele>
   </trkpt>
   <trkpt lat="40.6127660" lon="-3.1345030">
    <ele>785.8</ele>
   </trkpt>
   <trkpt lat="40.6127550" lon="-3.1344660">
    <ele>786.0</ele>
   </trkpt>
   <trkpt lat="40.6127430" lon="-3.1344280">
    <ele>786.2</ele>
   </trkpt>
   <trkpt lat="40.6127280" lon="-3.1343880">
    <ele>786.2</ele>
   </trkpt>
   <trkpt lat="40.6127130" lon="-3.1343460">
    <ele>786.4</ele>
   </trkpt>
   <trkpt lat="40.6127010" lon="-3.1343110">
    <ele>786.6</ele>
   </trkpt>
   <trkpt lat="40.6126900" lon="-3.1342770">
    <ele>786.8</ele>
   </trkpt>
   <trkpt lat="40.6126750" lon="-3.1342380">
    <ele>787.0</ele>
   </trkpt>
   <trkpt lat="40.6126630" lon="-3.1342040">
    <ele>787.2</ele>
   </trkpt>
   <trkpt lat="40.6126560" lon="-3.1341690">
    <ele>787.4</ele>
   </trkpt>
   <trkpt lat="40.6126400" lon="-3.1341300">
    <ele>787.6</ele>
   </trkpt>
   <trkpt lat="40.6126330" lon="-3.1340990">
    <ele>787.8</ele>
   </trkpt>
   <trkpt lat="40.6126210" lon="-3.1340610">
    <ele>788.0</ele>
   </trkpt>
   <trkpt lat="40.6126060" lon="-3.1340230">
    <ele>788.2</ele>
   </trkpt>
   <trkpt lat="40.6125980" lon="-3.1339900">
    <ele>788.4</ele>
   </trkpt>
   <trkpt lat="40.6125870" lon="-3.1339490">
    <ele>788.4</ele>
   </trkpt>
   <trkpt lat="40.6125720" lon="-3.1339110">
    <ele>788.6</ele>
   </trkpt>
   <trkpt lat="40.6125640" lon="-3.1338780">
    <ele>788.8</ele>
   </trkpt>
   <trkpt lat="40.6125560" lon="-3.1338400">
    <ele>789.0</ele>
   </trkpt>
   <trkpt lat="40.6125490" lon="-3.1338030">
    <ele>789.2</ele>
   </trkpt>
   <trkpt lat="40.6125410" lon="-3.1337650">
    <ele>789.4</ele>
   </trkpt>
   <trkpt lat="40.6125340" lon="-3.1337230">
    <ele>789.4</ele>
   </trkpt>
   <trkpt lat="40.6125260" lon="-3.1336820">
    <ele>789.6</ele>
   </trkpt>
   <trkpt lat="40.6125220" lon="-3.1336480">
    <ele>789.8</ele>
   </trkpt>
   <trkpt lat="40.6125140" lon="-3.1336060">
    <ele>790.0</ele>
   </trkpt>
   <trkpt lat="40.6125030" lon="-3.1335600">
    <ele>790.2</ele>
   </trkpt>
   <trkpt lat="40.6124950" lon="-3.1335220">
    <ele>790.2</ele>
   </trkpt>
   <trkpt lat="40.6124920" lon="-3.1334870">
    <ele>790.4</ele>
   </trkpt>
   <trkpt lat="40.6124840" lon="-3.1334460">
    <ele>790.6</ele>
   </trkpt>
   <trkpt lat="40.6124800" lon="-3.1334050">
    <ele>790.8</ele>
   </trkpt>
   <trkpt lat="40.6124730" lon="-3.1333600">
    <ele>791.0</ele>
   </trkpt>
   <trkpt lat="40.6124690" lon="-3.1333170">
    <ele>791.2</ele>
   </trkpt>
   <trkpt lat="40.6124650" lon="-3.1332810">
    <ele>791.4</ele>
   </trkpt>
   <trkpt lat="40.6124650" lon="-3.1332360">
    <ele>791.6</ele>
   </trkpt>
   <trkpt lat="40.6124610" lon="-3.1331910">
    <ele>791.8</ele>
   </trkpt>
   <trkpt lat="40.6124610" lon="-3.1331520">
    <ele>792.0</ele>
   </trkpt>
   <trkpt lat="40.6124610" lon="-3.1331090">
    <ele>792.2</ele>
   </trkpt>
   <trkpt lat="40.6124610" lon="-3.1330660">
    <ele>792.4</ele>
   </trkpt>
   <trkpt lat="40.6124650" lon="-3.1330190">
    <ele>792.4</ele>
   </trkpt>
   <trkpt lat="40.6124650" lon="-3.1329720">
    <ele>792.6</ele>
   </trkpt>
   <trkpt lat="40.6124650" lon="-3.1329330">
    <ele>792.8</ele>
   </trkpt>
   <trkpt lat="40.6124650" lon="-3.1328890">
    <ele>793.0</ele>
   </trkpt>
   <trkpt lat="40.6124610" lon="-3.1328440">
    <ele>793.0</ele>
   </trkpt>
   <trkpt lat="40.6124610" lon="-3.1327990">
    <ele>793.2</ele>
   </trkpt>
   <trkpt lat="40.6124650" lon="-3.1327510">
    <ele>793.4</ele>
   </trkpt>
   <trkpt lat="40.6124650" lon="-3.1327100">
    <ele>793.6</ele>
   </trkpt>
   <trkpt lat="40.6124610" lon="-3.1326690">
    <ele>793.8</ele>
   </trkpt>
   <trkpt lat="40.6124610" lon="-3.1326190">
    <ele>793.8</ele>
   </trkpt>
   <trkpt lat="40.6124610" lon="-3.1325760">
    <ele>794.0</ele>
   </trkpt>
   <trkpt lat="40.6124610" lon="-3.1325360">
    <ele>794.2</ele>
   </trkpt>
   <trkpt lat="40.6124570" lon="-3.1324930">
    <ele>794.2</ele>
   </trkpt>
   <trkpt lat="40.6124610" lon="-3.1324500">
    <ele>794.4</ele>
   </trkpt>
   <trkpt lat="40.6124610" lon="-3.1324050">
    <ele>794.6</ele>
   </trkpt>
   <trkpt lat="40.6124610" lon="-3.1323610">
    <ele>794.8</ele>
   </trkpt>
   <trkpt lat="40.6124610" lon="-3.1323240">
    <ele>795.0</ele>
   </trkpt>
   <trkpt lat="40.6124610" lon="-3.1322780">
    <ele>795.2</ele>
   </trkpt>
   <trkpt lat="40.6124570" lon="-3.1322350">
    <ele>795.4</ele>
   </trkpt>
   <trkpt lat="40.6124610" lon="-3.1321980">
    <ele>795.4</ele>
   </trkpt>
   <trkpt lat="40.6124610" lon="-3.1321550">
    <ele>795.6</ele>
   </trkpt>
   <trkpt lat="40.6124610" lon="-3.1321140">
    <ele>795.8</ele>
   </trkpt>
   <trkpt lat="40.6124610" lon="-3.1320750">
    <ele>796.0</ele>
   </trkpt>
   <trkpt lat="40.6124610" lon="-3.1320310">
    <ele>796.2</ele>
   </trkpt>
   <trkpt lat="40.6124650" lon="-3.1319890">
    <ele>796.4</ele>
   </trkpt>
   <trkpt lat="40.6124650" lon="-3.1319530">
    <ele>796.6</ele>
   </trkpt>
   <trkpt lat="40.6124690" lon="-3.1319080">
    <ele>796.8</ele>
   </trkpt>
   <trkpt lat="40.6124690" lon="-3.1318600">
    <ele>797.0</ele>
   </trkpt>
   <trkpt lat="40.6124690" lon="-3.1318210">
    <ele>797.0</ele>
   </trkpt>
   <trkpt lat="40.6124690" lon="-3.1317860">
    <ele>797.2</ele>
   </trkpt>
   <trkpt lat="40.6124690" lon="-3.1317460">
    <ele>797.4</ele>
   </trkpt>
   <trkpt lat="40.6124730" lon="-3.1317040">
    <ele>797.6</ele>
   </trkpt>
   <trkpt lat="40.6124730" lon="-3.1316570">
    <ele>797.8</ele>
   </trkpt>
   <trkpt lat="40.6124760" lon="-3.1316110">
    <ele>798.0</ele>
   </trkpt>
   <trkpt lat="40.6124800" lon="-3.1315740">
    <ele>798.0</ele>
   </trkpt>
   <trkpt lat="40.6124840" lon="-3.1315290">
    <ele>798.2</ele>
   </trkpt>
   <trkpt lat="40.6124880" lon="-3.1314830">
    <ele>798.4</ele>
   </trkpt>
   <trkpt lat="40.6124920" lon="-3.1314380">
    <ele>798.6</ele>
   </trkpt>
   <trkpt lat="40.6124920" lon="-3.1314010">
    <ele>798.8</ele>
   </trkpt>
   <trkpt lat="40.6124990" lon="-3.1313560">
    <ele>799.0</ele>
   </trkpt>
   <trkpt lat="40.6125070" lon="-3.1313130">
    <ele>799.2</ele>
   </trkpt>
   <trkpt lat="40.6125140" lon="-3.1312770">
    <ele>799.2</ele>
   </trkpt>
   <trkpt lat="40.6125180" lon="-3.1312360">
    <ele>799.4</ele>
   </trkpt>
   <trkpt lat="40.6125260" lon="-3.1311950">
    <ele>799.6</ele>
   </trkpt>
   <trkpt lat="40.6125300" lon="-3.1311530">
    <ele>799.8</ele>
   </trkpt>
   <trkpt lat="40.6125370" lon="-3.1311090">
    <ele>799.8</ele>
   </trkpt>
   <trkpt lat="40.6125410" lon="-3.1310670">
    <ele>800.0</ele>
   </trkpt>
   <trkpt lat="40.6125490" lon="-3.1310240">
    <ele>800.2</ele>
   </trkpt>
   <trkpt lat="40.6125560" lon="-3.1309820">
    <ele>800.4</ele>
   </trkpt>
   <trkpt lat="40.6125640" lon="-3.1309400">
    <ele>800.4</ele>
   </trkpt>
   <trkpt lat="40.6125720" lon="-3.1308950">
    <ele>800.6</ele>
   </trkpt>
   <trkpt lat="40.6125790" lon="-3.1308510">
    <ele>800.8</ele>
   </trkpt>
   <trkpt lat="40.6125830" lon="-3.1308150">
    <ele>801.0</ele>
   </trkpt>
   <trkpt lat="40.6125910" lon="-3.1307720">
    <ele>801.0</ele>
   </trkpt>
   <trkpt lat="40.6125980" lon="-3.1307290">
    <ele>801.2</ele>
   </trkpt>
   <trkpt lat="40.6126060" lon="-3.1306960">
    <ele>801.4</ele>
   </trkpt>
   <trkpt lat="40.6126100" lon="-3.1306550">
    <ele>801.6</ele>
   </trkpt>
   <trkpt lat="40.6126180" lon="-3.1306140">
    <ele>801.8</ele>
   </trkpt>
   <trkpt lat="40.6126250" lon="-3.1305740">
    <ele>802.0</ele>
   </trkpt>
   <trkpt lat="40.6126330" lon="-3.1305330">
    <ele>802.2</ele>
   </trkpt>
   <trkpt lat="40.6126400" lon="-3.1304900">
    <ele>802.4</ele>
   </trkpt>
   <trkpt lat="40.6126480" lon="-3.1304560">
    <ele>802.6</ele>
   </trkpt>
   <trkpt lat="40.6126560" lon="-3.1304150">
    <ele>802.6</ele>
   </trkpt>
   <trkpt lat="40.6126590" lon="-3.1303770">
    <ele>802.8</ele>
   </trkpt>
   <trkpt lat="40.6126670" lon="-3.1303400">
    <ele>803.0</ele>
   </trkpt>
   <trkpt lat="40.6126750" lon="-3.1303020">
    <ele>803.2</ele>
   </trkpt>
   <trkpt lat="40.6126820" lon="-3.1302620">
    <ele>803.4</ele>
   </trkpt>
   <trkpt lat="40.6126860" lon="-3.1302220">
    <ele>803.6</ele>
   </trkpt>
   <trkpt lat="40.6126940" lon="-3.1301790">
    <ele>803.8</ele>
   </trkpt>
   <trkpt lat="40.6127050" lon="-3.1301330">
    <ele>804.0</ele>
   </trkpt>
   <trkpt lat="40.6127090" lon="-3.1300930">
    <ele>804.2</ele>
   </trkpt>
   <trkpt lat="40.6127170" lon="-3.1300530">
    <ele>804.4</ele>
   </trkpt>
   <trkpt lat="40.6127240" lon="-3.1300070">
    <ele>804.6</ele>
   </trkpt>
   <trkpt lat="40.6127320" lon="-3.1299670">
    <ele>804.8</ele>
   </trkpt>
   <trkpt lat="40.6127400" lon="-3.1299260">
    <ele>805.0</ele>
   </trkpt>
   <trkpt lat="40.6127470" lon="-3.1298850">
    <ele>805.2</ele>
   </trkpt>
   <trkpt lat="40.6127550" lon="-3.1298430">
    <ele>805.2</ele>
   </trkpt>
   <trkpt lat="40.6127620" lon="-3.1298010">
    <ele>805.4</ele>
   </trkpt>
   <trkpt lat="40.6127660" lon="-3.1297630">
    <ele>805.6</ele>
   </trkpt>
   <trkpt lat="40.6127740" lon="-3.1297260">
    <ele>805.8</ele>
   </trkpt>
   <trkpt lat="40.6127820" lon="-3.1296820">
    <ele>806.0</ele>
   </trkpt>
   <trkpt lat="40.6127890" lon="-3.1296430">
    <ele>806.2</ele>
   </trkpt>
   <trkpt lat="40.6127970" lon="-3.1296040">
    <ele>806.4</ele>
   </trkpt>
   <trkpt lat="40.6128040" lon="-3.1295670">
    <ele>806.6</ele>
   </trkpt>
   <trkpt lat="40.6128080" lon="-3.1295310">
    <ele>806.8</ele>
   </trkpt>
   <trkpt lat="40.6128160" lon="-3.1294900">
    <ele>807.0</ele>
   </trkpt>
   <trkpt lat="40.6128230" lon="-3.1294500">
    <ele>807.2</ele>
   </trkpt>
   <trkpt lat="40.6128310" lon="-3.1294080">
    <ele>807.4</ele>
   </trkpt>
   <trkpt lat="40.6128430" lon="-3.1293670">
    <ele>807.6</ele>
   </trkpt>
   <trkpt lat="40.6128500" lon="-3.1293290">
    <ele>807.8</ele>
   </trkpt>
   <trkpt lat="40.6128620" lon="-3.1292840">
    <ele>808.0</ele>
   </trkpt>
   <trkpt lat="40.6128690" lon="-3.1292440">
    <ele>808.2</ele>
   </trkpt>
   <trkpt lat="40.6128730" lon="-3.1292080">
    <ele>808.4</ele>
   </trkpt>
   <trkpt lat="40.6128810" lon="-3.1291740">
    <ele>808.4</ele>
   </trkpt>
   <trkpt lat="40.6128920" lon="-3.1291300">
    <ele>808.6</ele>
   </trkpt>
   <trkpt lat="40.6129000" lon="-3.1290900">
    <ele>808.8</ele>
   </trkpt>
   <trkpt lat="40.6129110" lon="-3.1290560">
    <ele>809.0</ele>
   </trkpt>
   <trkpt lat="40.6129190" lon="-3.1290230">
    <ele>809.2</ele>
   </trkpt>
   <trkpt lat="40.6129300" lon="-3.1289850">
    <ele>809.4</ele>
   </trkpt>
   <trkpt lat="40.6129420" lon="-3.1289440">
    <ele>809.6</ele>
   </trkpt>
   <trkpt lat="40.6129530" lon="-3.1289040">
    <ele>809.8</ele>
   </trkpt>
   <trkpt lat="40.6129610" lon="-3.1288710">
    <ele>810.0</ele>
   </trkpt>
   <trkpt lat="40.6129720" lon="-3.1288310">
    <ele>810.2</ele>
   </trkpt>
   <trkpt lat="40.6129840" lon="-3.1287920">
    <ele>810.4</ele>
   </trkpt>
   <trkpt lat="40.6129990" lon="-3.1287600">
    <ele>810.6</ele>
   </trkpt>
   <trkpt lat="40.6130100" lon="-3.1287290">
    <ele>810.6</ele>
   </trkpt>
   <trkpt lat="40.6130220" lon="-3.1286910">
    <ele>810.8</ele>
   </trkpt>
   <trkpt lat="40.6130370" lon="-3.1286510">
    <ele>811.0</ele>
   </trkpt>
   <trkpt lat="40.6130520" lon="-3.1286170">
    <ele>811.0</ele>
   </trkpt>
   <trkpt lat="40.6130600" lon="-3.1285850">
    <ele>811.2</ele>
   </trkpt>
   <trkpt lat="40.6130680" lon="-3.1285550">
    <ele>811.4</ele>
   </trkpt>
   <trkpt lat="40.6130790" lon="-3.1285160">
    <ele>811.6</ele>
   </trkpt>
   <trkpt lat="40.6130900" lon="-3.1284750">
    <ele>811.8</ele>
   </trkpt>
   <trkpt lat="40.6131020" lon="-3.1284380">
    <ele>812.0</ele>
   </trkpt>
   <trkpt lat="40.6131170" lon="-3.1284020">
    <ele>812.0</ele>
   </trkpt>
   <trkpt lat="40.6131290" lon="-3.1283650">
    <ele>812.2</ele>
   </trkpt>
   <trkpt lat="40.6131440" lon="-3.1283280">
    <ele>812.4</ele>
   </trkpt>
   <trkpt lat="40.6131590" lon="-3.1282910">
    <ele>812.6</ele>
   </trkpt>
   <trkpt lat="40.6131710" lon="-3.1282570">
    <ele>812.8</ele>
   </trkpt>
   <trkpt lat="40.6131820" lon="-3.1282220">
    <ele>813.0</ele>
   </trkpt>
   <trkpt lat="40.6131970" lon="-3.1281820">
    <ele>813.0</ele>
   </trkpt>
   <trkpt lat="40.6132090" lon="-3.1281450">
    <ele>813.2</ele>
   </trkpt>
   <trkpt lat="40.6132240" lon="-3.1281090">
    <ele>813.4</ele>
   </trkpt>
   <trkpt lat="40.6132350" lon="-3.1280740">
    <ele>813.6</ele>
   </trkpt>
   <trkpt lat="40.6132470" lon="-3.1280360">
    <ele>813.8</ele>
   </trkpt>
   <trkpt lat="40.6132580" lon="-3.1279990">
    <ele>814.0</ele>
   </trkpt>
   <trkpt lat="40.6132700" lon="-3.1279640">
    <ele>814.2</ele>
   </trkpt>
   <trkpt lat="40.6132810" lon="-3.1279340">
    <ele>814.4</ele>
   </trkpt>
   <trkpt lat="40.6132930" lon="-3.1278990">
    <ele>814.4</ele>
   </trkpt>
   <trkpt lat="40.6133080" lon="-3.1278630">
    <ele>814.6</ele>
   </trkpt>
   <trkpt lat="40.6133190" lon="-3.1278260">
    <ele>814.8</ele>
   </trkpt>
   <trkpt lat="40.6133310" lon="-3.1277900">
    <ele>815.0</ele>
   </trkpt>
   <trkpt lat="40.6133420" lon="-3.1277540">
    <ele>815.2</ele>
   </trkpt>
   <trkpt lat="40.6133580" lon="-3.1277160">
    <ele>815.4</ele>
   </trkpt>
   <trkpt lat="40.6133690" lon="-3.1276750">
    <ele>815.6</ele>
   </trkpt>
   <trkpt lat="40.6133800" lon="-3.1276380">
    <ele>815.6</ele>
   </trkpt>
   <trkpt lat="40.6133960" lon="-3.1276040">
    <ele>815.8</ele>
   </trkpt>
   <trkpt lat="40.6134070" lon="-3.1275740">
    <ele>816.0</ele>
   </trkpt>
   <trkpt lat="40.6134190" lon="-3.1275380">
    <ele>816.2</ele>
   </trkpt>
   <trkpt lat="40.6134300" lon="-3.1275010">
    <ele>816.4</ele>
   </trkpt>
   <trkpt lat="40.6134450" lon="-3.1274650">
    <ele>816.6</ele>
   </trkpt>
   <trkpt lat="40.6134570" lon="-3.1274340">
    <ele>816.8</ele>
   </trkpt>
   <trkpt lat="40.6134680" lon="-3.1273950">
    <ele>817.0</ele>
   </trkpt>
   <trkpt lat="40.6134830" lon="-3.1273530">
    <ele>817.0</ele>
   </trkpt>
   <trkpt lat="40.6134990" lon="-3.1273170">
    <ele>817.2</ele>
   </trkpt>
   <trkpt lat="40.6135060" lon="-3.1272820">
    <ele>817.4</ele>
   </trkpt>
   <trkpt lat="40.6135220" lon="-3.1272390">
    <ele>817.6</ele>
   </trkpt>
   <trkpt lat="40.6135370" lon="-3.1272040">
    <ele>817.8</ele>
   </trkpt>
   <trkpt lat="40.6135480" lon="-3.1271730">
    <ele>818.0</ele>
   </trkpt>
   <trkpt lat="40.6135600" lon="-3.1271370">
    <ele>818.2</ele>
   </trkpt>
   <trkpt lat="40.6135710" lon="-3.1271020">
    <ele>818.4</ele>
   </trkpt>
   <trkpt lat="40.6135830" lon="-3.1270670">
    <ele>818.4</ele>
   </trkpt>
   <trkpt lat="40.6135980" lon="-3.1270310">
    <ele>818.6</ele>
   </trkpt>
   <trkpt lat="40.6136090" lon="-3.1269930">
    <ele>818.8</ele>
   </trkpt>
   <trkpt lat="40.6136250" lon="-3.1269570">
    <ele>819.0</ele>
   </trkpt>
   <trkpt lat="40.6136360" lon="-3.1269270">
    <ele>819.2</ele>
   </trkpt>
   <trkpt lat="40.6136470" lon="-3.1268930">
    <ele>819.4</ele>
   </trkpt>
   <trkpt lat="40.6136590" lon="-3.1268570">
    <ele>819.6</ele>
   </trkpt>
   <trkpt lat="40.6136700" lon="-3.1268220">
    <ele>819.8</ele>
   </trkpt>
   <trkpt lat="40.6136820" lon="-3.1267920">
    <ele>820.0</ele>
   </trkpt>
   <trkpt lat="40.6136930" lon="-3.1267550">
    <ele>820.0</ele>
   </trkpt>
   <trkpt lat="40.6137080" lon="-3.1267160">
    <ele>820.2</ele>
   </trkpt>
   <trkpt lat="40.6137240" lon="-3.1266830">
    <ele>820.4</ele>
   </trkpt>
   <trkpt lat="40.6137350" lon="-3.1266520">
    <ele>820.6</ele>
   </trkpt>
   <trkpt lat="40.6137470" lon="-3.1266200">
    <ele>820.8</ele>
   </trkpt>
   <trkpt lat="40.6137620" lon="-3.1265830">
    <ele>821.0</ele>
   </trkpt>
   <trkpt lat="40.6137730" lon="-3.1265550">
    <ele>821.2</ele>
   </trkpt>
   <trkpt lat="40.6137810" lon="-3.1265280">
    <ele>821.4</ele>
   </trkpt>
   <trkpt lat="40.6137960" lon="-3.1264950">
    <ele>821.6</ele>
   </trkpt>
   <trkpt lat="40.6138120" lon="-3.1264630">
    <ele>821.6</ele>
   </trkpt>
   <trkpt lat="40.6138270" lon="-3.1264310">
    <ele>821.8</ele>
   </trkpt>
   <trkpt lat="40.6138420" lon="-3.1263980">
    <ele>822.0</ele>
   </trkpt>
   <trkpt lat="40.6138570" lon="-3.1263660">
    <ele>822.2</ele>
   </trkpt>
   <trkpt lat="40.6138690" lon="-3.1263330">
    <ele>822.4</ele>
   </trkpt>
   <trkpt lat="40.6138840" lon="-3.1263020">
    <ele>822.6</ele>
   </trkpt>
   <trkpt lat="40.6138950" lon="-3.1262710">
    <ele>822.6</ele>
   </trkpt>
   <trkpt lat="40.6139140" lon="-3.1262410">
    <ele>822.8</ele>
   </trkpt>
   <trkpt lat="40.6139300" lon="-3.1262100">
    <ele>823.0</ele>
   </trkpt>
   <trkpt lat="40.6139450" lon="-3.1261770">
    <ele>823.2</ele>
   </trkpt>
   <trkpt lat="40.6139600" lon="-3.1261470">
    <ele>823.4</ele>
   </trkpt>
   <trkpt lat="40.6139760" lon="-3.1261200">
    <ele>823.4</ele>
   </trkpt>
   <trkpt lat="40.6139910" lon="-3.1260910">
    <ele>823.6</ele>
   </trkpt>
   <trkpt lat="40.6140020" lon="-3.1260690">
    <ele>823.8</ele>
   </trkpt>
   <trkpt lat="40.6140170" lon="-3.1260500">
    <ele>824.0</ele>
   </trkpt>
   <trkpt lat="40.6140370" lon="-3.1260240">
    <ele>824.2</ele>
   </trkpt>
   <trkpt lat="40.6140520" lon="-3.1259910">
    <ele>824.4</ele>
   </trkpt>
   <trkpt lat="40.6140590" lon="-3.1259620">
    <ele>824.6</ele>
   </trkpt>
   <trkpt lat="40.6140750" lon="-3.1259280">
    <ele>824.6</ele>
   </trkpt>
   <trkpt lat="40.6140900" lon="-3.1258960">
    <ele>824.8</ele>
   </trkpt>
   <trkpt lat="40.6141050" lon="-3.1258720">
    <ele>825.0</ele>
   </trkpt>
   <trkpt lat="40.6141200" lon="-3.1258440">
    <ele>825.2</ele>
   </trkpt>
   <trkpt lat="40.6141360" lon="-3.1258170">
    <ele>825.4</ele>
   </trkpt>
   <trkpt lat="40.6141550" lon="-3.1257910">
    <ele>825.6</ele>
   </trkpt>
   <trkpt lat="40.6141740" lon="-3.1257620">
    <ele>825.6</ele>
   </trkpt>
   <trkpt lat="40.6141890" lon="-3.1257310">
    <ele>825.8</ele>
   </trkpt>
   <trkpt lat="40.6142010" lon="-3.1257050">
    <ele>826.0</ele>
   </trkpt>
   <trkpt lat="40.6142120" lon="-3.1256760">
    <ele>826.0</ele>
   </trkpt>
   <trkpt lat="40.6142270" lon="-3.1256460">
    <ele>826.2</ele>
   </trkpt>
   <trkpt lat="40.6142430" lon="-3.1256160">
    <ele>826.4</ele>
   </trkpt>
   <trkpt lat="40.6142580" lon="-3.1255860">
    <ele>826.6</ele>
   </trkpt>
   <trkpt lat="40.6142730" lon="-3.1255560">
    <ele>826.8</ele>
   </trkpt>
   <trkpt lat="40.6142880" lon="-3.1255260">
    <ele>826.8</ele>
   </trkpt>
   <trkpt lat="40.6143000" lon="-3.1254950">
    <ele>827.0</ele>
   </trkpt>
   <trkpt lat="40.6143070" lon="-3.1254640">
    <ele>827.2</ele>
   </trkpt>
   <trkpt lat="40.6143190" lon="-3.1254340">
    <ele>827.4</ele>
   </trkpt>
   <trkpt lat="40.6143340" lon="-3.1254030">
    <ele>827.4</ele>
   </trkpt>
   <trkpt lat="40.6143490" lon="-3.1253700">
    <ele>827.6</ele>
   </trkpt>
   <trkpt lat="40.6143610" lon="-3.1253370">
    <ele>827.8</ele>
   </trkpt>
   <trkpt lat="40.6143720" lon="-3.1253050">
    <ele>828.0</ele>
   </trkpt>
   <trkpt lat="40.6143800" lon="-3.1252710">
    <ele>828.2</ele>
   </trkpt>
   <trkpt lat="40.6143910" lon="-3.1252350">
    <ele>828.4</ele>
   </trkpt>
   <trkpt lat="40.6143990" lon="-3.1252060">
    <ele>828.4</ele>
   </trkpt>
   <trkpt lat="40.6144070" lon="-3.1251700">
    <ele>828.6</ele>
   </trkpt>
   <trkpt lat="40.6144140" lon="-3.1251340">
    <ele>828.8</ele>
   </trkpt>
   <trkpt lat="40.6144180" lon="-3.1250990">
    <ele>829.0</ele>
   </trkpt>
   <trkpt lat="40.6144260" lon="-3.1250660">
    <ele>829.2</ele>
   </trkpt>
   <trkpt lat="40.6144290" lon="-3.1250300">
    <ele>829.4</ele>
   </trkpt>
   <trkpt lat="40.6144330" lon="-3.1249940">
    <ele>829.4</ele>
   </trkpt>
   <trkpt lat="40.6144370" lon="-3.1249590">
    <ele>829.6</ele>
   </trkpt>
   <trkpt lat="40.6144410" lon="-3.1249240">
    <ele>829.8</ele>
   </trkpt>
   <trkpt lat="40.6144410" lon="-3.1248860">
    <ele>830.0</ele>
   </trkpt>
   <trkpt lat="40.6144410" lon="-3.1248490">
    <ele>830.2</ele>
   </trkpt>
   <trkpt lat="40.6144410" lon="-3.1248180">
    <ele>830.2</ele>
   </trkpt>
   <trkpt lat="40.6144370" lon="-3.1247810">
    <ele>830.4</ele>
   </trkpt>
   <trkpt lat="40.6144330" lon="-3.1247440">
    <ele>830.6</ele>
   </trkpt>
   <trkpt lat="40.6144290" lon="-3.1247150">
    <ele>830.8</ele>
   </trkpt>
   <trkpt lat="40.6144260" lon="-3.1246810">
    <ele>831.0</ele>
   </trkpt>
   <trkpt lat="40.6144180" lon="-3.1246430">
    <ele>831.2</ele>
   </trkpt>
   <trkpt lat="40.6144140" lon="-3.1246050">
    <ele>831.4</ele>
   </trkpt>
   <trkpt lat="40.6144070" lon="-3.1245750">
    <ele>831.6</ele>
   </trkpt>
   <trkpt lat="40.6143990" lon="-3.1245390">
    <ele>831.8</ele>
   </trkpt>
   <trkpt lat="40.6143880" lon="-3.1245050">
    <ele>832.0</ele>
   </trkpt>
   <trkpt lat="40.6143800" lon="-3.1244730">
    <ele>832.2</ele>
   </trkpt>
   <trkpt lat="40.6143680" lon="-3.1244410">
    <ele>832.4</ele>
   </trkpt>
   <trkpt lat="40.6143610" lon="-3.1244080">
    <ele>832.6</ele>
   </trkpt>
   <trkpt lat="40.6143490" lon="-3.1243750">
    <ele>832.8</ele>
   </trkpt>
   <trkpt lat="40.6143380" lon="-3.1243420">
    <ele>833.0</ele>
   </trkpt>
   <trkpt lat="40.6143260" lon="-3.1243100">
    <ele>833.0</ele>
   </trkpt>
   <trkpt lat="40.6143150" lon="-3.1242790">
    <ele>833.2</ele>
   </trkpt>
   <trkpt lat="40.6143040" lon="-3.1242470">
    <ele>833.4</ele>
   </trkpt>
   <trkpt lat="40.6142960" lon="-3.1242150">
    <ele>833.6</ele>
   </trkpt>
   <trkpt lat="40.6142850" lon="-3.1241830">
    <ele>833.8</ele>
   </trkpt>
   <trkpt lat="40.6142690" lon="-3.1241510">
    <ele>834.0</ele>
   </trkpt>
   <trkpt lat="40.6142540" lon="-3.1241210">
    <ele>834.2</ele>
   </trkpt>
   <trkpt lat="40.6142390" lon="-3.1240910">
    <ele>834.4</ele>
   </trkpt>
   <trkpt lat="40.6142270" lon="-3.1240630">
    <ele>834.6</ele>
   </trkpt>
   <trkpt lat="40.6142160" lon="-3.1240390">
    <ele>834.8</ele>
   </trkpt>
   <trkpt lat="40.6142040" lon="-3.1240140">
    <ele>835.0</ele>
   </trkpt>
   <trkpt lat="40.6141970" lon="-3.1239870">
    <ele>835.2</ele>
   </trkpt>
   <trkpt lat="40.6141850" lon="-3.1239610">
    <ele>835.2</ele>
   </trkpt>
   <trkpt lat="40.6141740" lon="-3.1239350">
    <ele>835.4</ele>
   </trkpt>
   <trkpt lat="40.6141590" lon="-3.1239060">
    <ele>835.6</ele>
   </trkpt>
   <trkpt lat="40.6141470" lon="-3.1238760">
    <ele>835.8</ele>
   </trkpt>
   <trkpt lat="40.6141360" lon="-3.1238490">
    <ele>836.0</ele>
   </trkpt>
   <trkpt lat="40.6141240" lon="-3.1238210">
    <ele>836.2</ele>
   </trkpt>
   <trkpt lat="40.6141130" lon="-3.1237910">
    <ele>836.4</ele>
   </trkpt>
   <trkpt lat="40.6140940" lon="-3.1237600">
    <ele>836.6</ele>
   </trkpt>
   <trkpt lat="40.6140780" lon="-3.1237290">
    <ele>836.8</ele>
   </trkpt>
   <trkpt lat="40.6140670" lon="-3.1236990">
    <ele>836.8</ele>
   </trkpt>
   <trkpt lat="40.6140560" lon="-3.1236690">
    <ele>837.0</ele>
   </trkpt>
   <trkpt lat="40.6140440" lon="-3.1236370">
    <ele>837.2</ele>
   </trkpt>
   <trkpt lat="40.6140290" lon="-3.1236090">
    <ele>837.4</ele>
   </trkpt>
   <trkpt lat="40.6140140" lon="-3.1235810">
    <ele>837.6</ele>
   </trkpt>
   <trkpt lat="40.6140020" lon="-3.1235530">
    <ele>837.8</ele>
   </trkpt>
   <trkpt lat="40.6139910" lon="-3.1235240">
    <ele>838.0</ele>
   </trkpt>
   <trkpt lat="40.6139790" lon="-3.1234920">
    <ele>838.2</ele>
   </trkpt>
   <trkpt lat="40.6139640" lon="-3.1234610">
    <ele>838.4</ele>
   </trkpt>
   <trkpt lat="40.6139530" lon="-3.1234280">
    <ele>838.6</ele>
   </trkpt>
   <trkpt lat="40.6139410" lon="-3.1233970">
    <ele>838.6</ele>
   </trkpt>
   <trkpt lat="40.6139300" lon="-3.1233650">
    <ele>838.8</ele>
   </trkpt>
   <trkpt lat="40.6139140" lon="-3.1233330">
    <ele>839.0</ele>
   </trkpt>
   <trkpt lat="40.6139030" lon="-3.1233030">
    <ele>839.2</ele>
   </trkpt>
   <trkpt lat="40.6138920" lon="-3.1232740">
    <ele>839.4</ele>
   </trkpt>
   <trkpt lat="40.6138840" lon="-3.1232420">
    <ele>839.4</ele>
   </trkpt>
   <trkpt lat="40.6138760" lon="-3.1232110">
    <ele>839.6</ele>
   </trkpt>
   <trkpt lat="40.6138690" lon="-3.1231780">
    <ele>839.8</ele>
   </trkpt>
   <trkpt lat="40.6138650" lon="-3.1231440">
    <ele>840.0</ele>
   </trkpt>
   <trkpt lat="40.6138610" lon="-3.1231090">
    <ele>840.2</ele>
   </trkpt>
   <trkpt lat="40.6138570" lon="-3.1230740">
    <ele>840.4</ele>
   </trkpt>
   <trkpt lat="40.6138500" lon="-3.1230410">
    <ele>840.4</ele>
   </trkpt>
   <trkpt lat="40.6138460" lon="-3.1230070">
    <ele>840.6</ele>
   </trkpt>
   <trkpt lat="40.6138460" lon="-3.1229730">
    <ele>840.8</ele>
   </trkpt>
   <trkpt lat="40.6138420" lon="-3.1229390">
    <ele>841.0</ele>
   </trkpt>
   <trkpt lat="40.6138420" lon="-3.1229030">
    <ele>841.2</ele>
   </trkpt>
   <trkpt lat="40.6138420" lon="-3.1228650">
    <ele>841.4</ele>
   </trkpt>
   <trkpt lat="40.6138420" lon="-3.1228300">
    <ele>841.4</ele>
   </trkpt>
   <trkpt lat="40.6138420" lon="-3.1227930">
    <ele>841.6</ele>
   </trkpt>
   <trkpt lat="40.6138460" lon="-3.1227550">
    <ele>841.8</ele>
   </trkpt>
   <trkpt lat="40.6138500" lon="-3.1227180">
    <ele>842.0</ele>
   </trkpt>
   <trkpt lat="40.6138530" lon="-3.1226820">
    <ele>842.2</ele>
   </trkpt>
   <trkpt lat="40.6138530" lon="-3.1226460">
    <ele>842.4</ele>
   </trkpt>
   <trkpt lat="40.6138610" lon="-3.1226120">
    <ele>842.4</ele>
   </trkpt>
   <trkpt lat="40.6138690" lon="-3.1225750">
    <ele>842.6</ele>
   </trkpt>
   <trkpt lat="40.6138730" lon="-3.1225380">
    <ele>842.8</ele>
   </trkpt>
   <trkpt lat="40.6138800" lon="-3.1225020">
    <ele>843.0</ele>
   </trkpt>
   <trkpt lat="40.6138840" lon="-3.1224650">
    <ele>843.2</ele>
   </trkpt>
   <trkpt lat="40.6138880" lon="-3.1224280">
    <ele>843.2</ele>
   </trkpt>
   <trkpt lat="40.6138950" lon="-3.1223920">
    <ele>843.4</ele>
   </trkpt>
   <trkpt lat="40.6139030" lon="-3.1223550">
    <ele>843.6</ele>
   </trkpt>
   <trkpt lat="40.6139110" lon="-3.1223200">
    <ele>843.8</ele>
   </trkpt>
   <trkpt lat="40.6139220" lon="-3.1222820">
    <ele>844.0</ele>
   </trkpt>
   <trkpt lat="40.6139340" lon="-3.1222440">
    <ele>844.2</ele>
   </trkpt>
   <trkpt lat="40.6139450" lon="-3.1222080">
    <ele>844.2</ele>
   </trkpt>
   <trkpt lat="40.6139530" lon="-3.1221730">
    <ele>844.4</ele>
   </trkpt>
   <trkpt lat="40.6139600" lon="-3.1221380">
    <ele>844.6</ele>
   </trkpt>
   <trkpt lat="40.6139720" lon="-3.1221040">
    <ele>844.8</ele>
   </trkpt>
   <trkpt lat="40.6139790" lon="-3.1220700">
    <ele>845.0</ele>
   </trkpt>
   <trkpt lat="40.6139870" lon="-3.1220360">
    <ele>845.0</ele>
   </trkpt>
   <trkpt lat="40.6139950" lon="-3.1220030">
    <ele>845.2</ele>
   </trkpt>
   <trkpt lat="40.6140020" lon="-3.1219690">
    <ele>845.4</ele>
   </trkpt>
   <trkpt lat="40.6140140" lon="-3.1219350">
    <ele>845.6</ele>
   </trkpt>
   <trkpt lat="40.6140250" lon="-3.1219010">
    <ele>845.6</ele>
   </trkpt>
   <trkpt lat="40.6140400" lon="-3.1218670">
    <ele>845.8</ele>
   </trkpt>
   <trkpt lat="40.6140480" lon="-3.1218350">
    <ele>846.0</ele>
   </trkpt>
   <trkpt lat="40.6140590" lon="-3.1218030">
    <ele>846.2</ele>
   </trkpt>
   <trkpt lat="40.6140670" lon="-3.1217720">
    <ele>846.4</ele>
   </trkpt>
   <trkpt lat="40.6140750" lon="-3.1217400">
    <ele>846.4</ele>
   </trkpt>
   <trkpt lat="40.6140820" lon="-3.1217080">
    <ele>846.6</ele>
   </trkpt>
   <trkpt lat="40.6140940" lon="-3.1216750">
    <ele>846.8</ele>
   </trkpt>
   <trkpt lat="40.6141050" lon="-3.1216420">
    <ele>847.0</ele>
   </trkpt>
   <trkpt lat="40.6141170" lon="-3.1216110">
    <ele>847.2</ele>
   </trkpt>
   <trkpt lat="40.6141280" lon="-3.1215800">
    <ele>847.2</ele>
   </trkpt>
   <trkpt lat="40.6141400" lon="-3.1215490">
    <ele>847.4</ele>
   </trkpt>
   <trkpt lat="40.6141510" lon="-3.1215170">
    <ele>847.6</ele>
   </trkpt>
   <trkpt lat="40.6141590" lon="-3.1214870">
    <ele>847.8</ele>
   </trkpt>
   <trkpt lat="40.6141740" lon="-3.1214560">
    <ele>848.0</ele>
   </trkpt>
   <trkpt lat="40.6141810" lon="-3.1214250">
    <ele>848.0</ele>
   </trkpt>
   <trkpt lat="40.6141890" lon="-3.1213930">
    <ele>848.2</ele>
   </trkpt>
   <trkpt lat="40.6142010" lon="-3.1213620">
    <ele>848.4</ele>
   </trkpt>
   <trkpt lat="40.6142080" lon="-3.1213310">
    <ele>848.6</ele>
   </trkpt>
   <trkpt lat="40.6142160" lon="-3.1212990">
    <ele>848.8</ele>
   </trkpt>
   <trkpt lat="40.6142270" lon="-3.1212650">
    <ele>848.8</ele>
   </trkpt>
   <trkpt lat="40.6142390" lon="-3.1212330">
    <ele>849.0</ele>
   </trkpt>
   <trkpt lat="40.6142500" lon="-3.1212010">
    <ele>849.2</ele>
   </trkpt>
   <trkpt lat="40.6142620" lon="-3.1211660">
    <ele>849.2</ele>
   </trkpt>
   <trkpt lat="40.6142690" lon="-3.1211330">
    <ele>849.4</ele>
   </trkpt>
   <trkpt lat="40.6142810" lon="-3.1211000">
    <ele>849.6</ele>
   </trkpt>
   <trkpt lat="40.6142920" lon="-3.1210680">
    <ele>849.8</ele>
   </trkpt>
   <trkpt lat="40.6143040" lon="-3.1210370">
    <ele>849.8</ele>
   </trkpt>
   <trkpt lat="40.6143150" lon="-3.1210060">
    <ele>850.0</ele>
   </trkpt>
   <trkpt lat="40.6143260" lon="-3.1209750">
    <ele>850.2</ele>
   </trkpt>
   <trkpt lat="40.6143380" lon="-3.1209410">
    <ele>850.4</ele>
   </trkpt>
   <trkpt lat="40.6143490" lon="-3.1209080">
    <ele>850.4</ele>
   </trkpt>
   <trkpt lat="40.6143570" lon="-3.1208760">
    <ele>850.6</ele>
   </trkpt>
   <trkpt lat="40.6143680" lon="-3.1208430">
    <ele>850.8</ele>
   </trkpt>
   <trkpt lat="40.6143760" lon="-3.1208110">
    <ele>851.0</ele>
   </trkpt>
   <trkpt lat="40.6143880" lon="-3.1207800">
    <ele>851.0</ele>
   </trkpt>
   <trkpt lat="40.6143990" lon="-3.1207500">
    <ele>851.2</ele>
   </trkpt>
   <trkpt lat="40.6144140" lon="-3.1207220">
    <ele>851.4</ele>
   </trkpt>
   <trkpt lat="40.6144290" lon="-3.1206950">
    <ele>851.6</ele>
   </trkpt>
   <trkpt lat="40.6144490" lon="-3.1206690">
    <ele>851.8</ele>
   </trkpt>
   <trkpt lat="40.6144750" lon="-3.1206490">
    <ele>852.0</ele>
   </trkpt>
   <trkpt lat="40.6145100" lon="-3.1206380">
    <ele>852.2</ele>
   </trkpt>
   <trkpt lat="40.6145360" lon="-3.1206300">
    <ele>852.4</ele>
   </trkpt>
   <trkpt lat="40.6145630" lon="-3.1206220">
    <ele>852.6</ele>
   </trkpt>
   <trkpt lat="40.6145860" lon="-3.1206120">
    <ele>852.8</ele>
   </trkpt>
   <trkpt lat="40.6146090" lon="-3.1206000">
    <ele>853.0</ele>
   </trkpt>
   <trkpt lat="40.6146240" lon="-3.1205860">
    <ele>853.2</ele>
   </trkpt>
   <trkpt lat="40.6146390" lon="-3.1205680">
    <ele>853.4</ele>
   </trkpt>
   <trkpt lat="40.6146550" lon="-3.1205460">
    <ele>853.6</ele>
   </trkpt>
   <trkpt lat="40.6146660" lon="-3.1205230">
    <ele>853.8</ele>
   </trkpt>
   <trkpt lat="40.6146770" lon="-3.1204990">
    <ele>854.0</ele>
   </trkpt>
   <trkpt lat="40.6146930" lon="-3.1204740">
    <ele>854.2</ele>
   </trkpt>
   <trkpt lat="40.6146960" lon="-3.1204470">
    <ele>854.4</ele>
   </trkpt>
   <trkpt lat="40.6147000" lon="-3.1204170">
    <ele>854.6</ele>
   </trkpt>
   <trkpt lat="40.6147040" lon="-3.1203870">
    <ele>854.8</ele>
   </trkpt>
   <trkpt lat="40.6147040" lon="-3.1203570">
    <ele>855.0</ele>
   </trkpt>
   <trkpt lat="40.6147040" lon="-3.1203260">
    <ele>855.2</ele>
   </trkpt>
   <trkpt lat="40.6147040" lon="-3.1202950">
    <ele>855.4</ele>
   </trkpt>
   <trkpt lat="40.6147080" lon="-3.1202620">
    <ele>855.6</ele>
   </trkpt>
   <trkpt lat="40.6147080" lon="-3.1202310">
    <ele>855.8</ele>
   </trkpt>
   <trkpt lat="40.6147080" lon="-3.1202050">
    <ele>856.0</ele>
   </trkpt>
   <trkpt lat="40.6147000" lon="-3.1201720">
    <ele>856.2</ele>
   </trkpt>
   <trkpt lat="40.6146960" lon="-3.1201420">
    <ele>856.4</ele>
   </trkpt>
   <trkpt lat="40.6146890" lon="-3.1201180">
    <ele>856.4</ele>
   </trkpt>
   <trkpt lat="40.6146850" lon="-3.1200890">
    <ele>856.6</ele>
   </trkpt>
   <trkpt lat="40.6146770" lon="-3.1200590">
    <ele>856.8</ele>
   </trkpt>
   <trkpt lat="40.6146660" lon="-3.1200270">
    <ele>857.0</ele>
   </trkpt>
   <trkpt lat="40.6146620" lon="-3.1199930">
    <ele>857.0</ele>
   </trkpt>
   <trkpt lat="40.6146580" lon="-3.1199590">
    <ele>857.2</ele>
   </trkpt>
   <trkpt lat="40.6146550" lon="-3.1199310">
    <ele>857.4</ele>
   </trkpt>
   <trkpt lat="40.6146550" lon="-3.1198980">
    <ele>857.6</ele>
   </trkpt>
   <trkpt lat="40.6146510" lon="-3.1198670">
    <ele>857.8</ele>
   </trkpt>
   <trkpt lat="40.6146550" lon="-3.1198350">
    <ele>857.8</ele>
   </trkpt>
   <trkpt lat="40.6146510" lon="-3.1198010">
    <ele>858.0</ele>
   </trkpt>
   <trkpt lat="40.6146510" lon="-3.1197680">
    <ele>858.2</ele>
   </trkpt>
   <trkpt lat="40.6146470" lon="-3.1197340">
    <ele>858.4</ele>
   </trkpt>
   <trkpt lat="40.6146510" lon="-3.1196990">
    <ele>858.4</ele>
   </trkpt>
   <trkpt lat="40.6146470" lon="-3.1196640">
    <ele>858.6</ele>
   </trkpt>
   <trkpt lat="40.6146470" lon="-3.1196290">
    <ele>858.8</ele>
   </trkpt>
   <trkpt lat="40.6146470" lon="-3.1195930">
    <ele>859.0</ele>
   </trkpt>
   <trkpt lat="40.6146470" lon="-3.1195570">
    <ele>859.0</ele>
   </trkpt>
   <trkpt lat="40.6146510" lon="-3.1195190">
    <ele>859.2</ele>
   </trkpt>
   <trkpt lat="40.6146470" lon="-3.1194820">
    <ele>859.4</ele>
   </trkpt>
   <trkpt lat="40.6146510" lon="-3.1194450">
    <ele>859.6</ele>
   </trkpt>
   <trkpt lat="40.6146510" lon="-3.1194070">
    <ele>859.6</ele>
   </trkpt>
   <trkpt lat="40.6146510" lon="-3.1193700">
    <ele>859.8</ele>
   </trkpt>
   <trkpt lat="40.6146510" lon="-3.1193330">
    <ele>860.0</ele>
   </trkpt>
   <trkpt lat="40.6146550" lon="-3.1192970">
    <ele>860.0</ele>
   </trkpt>
   <trkpt lat="40.6146550" lon="-3.1192600">
    <ele>860.2</ele>
   </trkpt>
   <trkpt lat="40.6146580" lon="-3.1192230">
    <ele>860.4</ele>
   </trkpt>
   <trkpt lat="40.6146620" lon="-3.1191840">
    <ele>860.6</ele>
   </trkpt>
   <trkpt lat="40.6146620" lon="-3.1191480">
    <ele>860.6</ele>
   </trkpt>
   <trkpt lat="40.6146660" lon="-3.1191140">
    <ele>860.8</ele>
   </trkpt>
   <trkpt lat="40.6146660" lon="-3.1190800">
    <ele>861.0</ele>
   </trkpt>
   <trkpt lat="40.6146700" lon="-3.1190430">
    <ele>861.2</ele>
   </trkpt>
   <trkpt lat="40.6146700" lon="-3.1190050">
    <ele>861.2</ele>
   </trkpt>
   <trkpt lat="40.6146700" lon="-3.1189680">
    <ele>861.4</ele>
   </trkpt>
   <trkpt lat="40.6146740" lon="-3.1189310">
    <ele>861.6</ele>
   </trkpt>
   <trkpt lat="40.6146740" lon="-3.1188970">
    <ele>861.8</ele>
   </trkpt>
   <trkpt lat="40.6146740" lon="-3.1188620">
    <ele>862.0</ele>
   </trkpt>
   <trkpt lat="40.6146770" lon="-3.1188270">
    <ele>862.0</ele>
   </trkpt>
   <trkpt lat="40.6146810" lon="-3.1187930">
    <ele>862.2</ele>
   </trkpt>
   <trkpt lat="40.6146850" lon="-3.1187580">
    <ele>862.4</ele>
   </trkpt>
   <trkpt lat="40.6146890" lon="-3.1187220">
    <ele>862.6</ele>
   </trkpt>
   <trkpt lat="40.6146930" lon="-3.1186840">
    <ele>862.6</ele>
   </trkpt>
   <trkpt lat="40.6146930" lon="-3.1186460">
    <ele>862.8</ele>
   </trkpt>
   <trkpt lat="40.6146960" lon="-3.1186080">
    <ele>863.0</ele>
   </trkpt>
   <trkpt lat="40.6146960" lon="-3.1185690">
    <ele>863.2</ele>
   </trkpt>
   <trkpt lat="40.6147000" lon="-3.1185310">
    <ele>863.4</ele>
   </trkpt>
   <trkpt lat="40.6147000" lon="-3.1184940">
    <ele>863.4</ele>
   </trkpt>
   <trkpt lat="40.6147040" lon="-3.1184570">
    <ele>863.6</ele>
   </trkpt>
   <trkpt lat="40.6147040" lon="-3.1184200">
    <ele>863.8</ele>
   </trkpt>
   <trkpt lat="40.6147080" lon="-3.1183830">
    <ele>864.0</ele>
   </trkpt>
   <trkpt lat="40.6147120" lon="-3.1183450">
    <ele>864.0</ele>
   </trkpt>
   <trkpt lat="40.6147160" lon="-3.1183050">
    <ele>864.2</ele>
   </trkpt>
   <trkpt lat="40.6147190" lon="-3.1182660">
    <ele>864.4</ele>
   </trkpt>
   <trkpt lat="40.6147230" lon="-3.1182280">
    <ele>864.6</ele>
   </trkpt>
   <trkpt lat="40.6147310" lon="-3.1181920">
    <ele>864.8</ele>
   </trkpt>
   <trkpt lat="40.6147350" lon="-3.1181550">
    <ele>864.8</ele>
   </trkpt>
   <trkpt lat="40.6147380" lon="-3.1181200">
    <ele>865.0</ele>
   </trkpt>
   <trkpt lat="40.6147460" lon="-3.1180850">
    <ele>865.2</ele>
   </trkpt>
   <trkpt lat="40.6147500" lon="-3.1180510">
    <ele>865.2</ele>
   </trkpt>
   <trkpt lat="40.6147540" lon="-3.1180160">
    <ele>865.4</ele>
   </trkpt>
   <trkpt lat="40.6147610" lon="-3.1179820">
    <ele>865.6</ele>
   </trkpt>
   <trkpt lat="40.6147650" lon="-3.1179450">
    <ele>865.8</ele>
   </trkpt>
   <trkpt lat="40.6147690" lon="-3.1179090">
    <ele>865.8</ele>
   </trkpt>
   <trkpt lat="40.6147730" lon="-3.1178730">
    <ele>866.0</ele>
   </trkpt>
   <trkpt lat="40.6147800" lon="-3.1178360">
    <ele>866.2</ele>
   </trkpt>
   <trkpt lat="40.6147840" lon="-3.1178010">
    <ele>866.4</ele>
   </trkpt>
   <trkpt lat="40.6147920" lon="-3.1177670">
    <ele>866.4</ele>
   </trkpt>
   <trkpt lat="40.6147990" lon="-3.1177320">
    <ele>866.6</ele>
   </trkpt>
   <trkpt lat="40.6148030" lon="-3.1176970">
    <ele>866.8</ele>
   </trkpt>
   <trkpt lat="40.6148070" lon="-3.1176610">
    <ele>866.8</ele>
   </trkpt>
   <trkpt lat="40.6148110" lon="-3.1176230">
    <ele>867.0</ele>
   </trkpt>
   <trkpt lat="40.6148190" lon="-3.1175860">
    <ele>867.2</ele>
   </trkpt>
   <trkpt lat="40.6148260" lon="-3.1175470">
    <ele>867.4</ele>
   </trkpt>
   <trkpt lat="40.6148300" lon="-3.1175080">
    <ele>867.6</ele>
   </trkpt>
   <trkpt lat="40.6148380" lon="-3.1174700">
    <ele>867.6</ele>
   </trkpt>
   <trkpt lat="40.6148410" lon="-3.1174330">
    <ele>867.8</ele>
   </trkpt>
   <trkpt lat="40.6148450" lon="-3.1173970">
    <ele>868.0</ele>
   </trkpt>
   <trkpt lat="40.6148530" lon="-3.1173600">
    <ele>868.2</ele>
   </trkpt>
   <trkpt lat="40.6148570" lon="-3.1173230">
    <ele>868.4</ele>
   </trkpt>
   <trkpt lat="40.6148640" lon="-3.1172860">
    <ele>868.4</ele>
   </trkpt>
   <trkpt lat="40.6148680" lon="-3.1172500">
    <ele>868.6</ele>
   </trkpt>
   <trkpt lat="40.6148760" lon="-3.1172140">
    <ele>868.8</ele>
   </trkpt>
   <trkpt lat="40.6148800" lon="-3.1171770">
    <ele>869.0</ele>
   </trkpt>
   <trkpt lat="40.6148830" lon="-3.1171390">
    <ele>869.0</ele>
   </trkpt>
   <trkpt lat="40.6148910" lon="-3.1171010">
    <ele>869.2</ele>
   </trkpt>
   <trkpt lat="40.6148990" lon="-3.1170650">
    <ele>869.4</ele>
   </trkpt>
   <trkpt lat="40.6149060" lon="-3.1170310">
    <ele>869.6</ele>
   </trkpt>
   <trkpt lat="40.6149140" lon="-3.1169980">
    <ele>869.6</ele>
   </trkpt>
   <trkpt lat="40.6149250" lon="-3.1169650">
    <ele>869.8</ele>
   </trkpt>
   <trkpt lat="40.6149410" lon="-3.1169330">
    <ele>870.0</ele>
   </trkpt>
   <trkpt lat="40.6149520" lon="-3.1169010">
    <ele>870.2</ele>
   </trkpt>
   <trkpt lat="40.6149640" lon="-3.1168680">
    <ele>870.2</ele>
   </trkpt>
   <trkpt lat="40.6149790" lon="-3.1168340">
    <ele>870.4</ele>
   </trkpt>
   <trkpt lat="40.6149900" lon="-3.1167990">
    <ele>870.6</ele>
   </trkpt>
   <trkpt lat="40.6150060" lon="-3.1167660">
    <ele>870.8</ele>
   </trkpt>
   <trkpt lat="40.6150170" lon="-3.1167320">
    <ele>871.0</ele>
   </trkpt>
   <trkpt lat="40.6150320" lon="-3.1167020">
    <ele>871.2</ele>
   </trkpt>
   <trkpt lat="40.6150470" lon="-3.1166740">
    <ele>871.2</ele>
   </trkpt>
   <trkpt lat="40.6150630" lon="-3.1166460">
    <ele>871.4</ele>
   </trkpt>
   <trkpt lat="40.6150820" lon="-3.1166170">
    <ele>871.6</ele>
   </trkpt>
   <trkpt lat="40.6150970" lon="-3.1165900">
    <ele>871.8</ele>
   </trkpt>
   <trkpt lat="40.6151120" lon="-3.1165650">
    <ele>872.0</ele>
   </trkpt>
   <trkpt lat="40.6151240" lon="-3.1165370">
    <ele>872.0</ele>
   </trkpt>
   <trkpt lat="40.6151390" lon="-3.1165080">
    <ele>872.2</ele>
   </trkpt>
   <trkpt lat="40.6151500" lon="-3.1164840">
    <ele>872.4</ele>
   </trkpt>
   <trkpt lat="40.6151660" lon="-3.1164600">
    <ele>872.4</ele>
   </trkpt>
   <trkpt lat="40.6151850" lon="-3.1164400">
    <ele>872.6</ele>
   </trkpt>
   <trkpt lat="40.6152040" lon="-3.1164230">
    <ele>872.6</ele>
   </trkpt>
   <trkpt lat="40.6152230" lon="-3.1164040">
    <ele>872.8</ele>
   </trkpt>
   <trkpt lat="40.6152380" lon="-3.1163850">
    <ele>873.0</ele>
   </trkpt>
   <trkpt lat="40.6152500" lon="-3.1163700">
    <ele>873.0</ele>
   </trkpt>
   <trkpt lat="40.6152610" lon="-3.1163510">
    <ele>873.2</ele>
   </trkpt>
   <trkpt lat="40.6152690" lon="-3.1163310">
    <ele>873.4</ele>
   </trkpt>
   <trkpt lat="40.6152800" lon="-3.1163110">
    <ele>873.4</ele>
   </trkpt>
   <trkpt lat="40.6152920" lon="-3.1162910">
    <ele>873.6</ele>
   </trkpt>
   <trkpt lat="40.6152990" lon="-3.1162720">
    <ele>873.8</ele>
   </trkpt>
   <trkpt lat="40.6153140" lon="-3.1162550">
    <ele>874.0</ele>
   </trkpt>
   <trkpt lat="40.6153220" lon="-3.1162390">
    <ele>874.2</ele>
   </trkpt>
   <trkpt lat="40.6153370" lon="-3.1162220">
    <ele>874.4</ele>
   </trkpt>
   <trkpt lat="40.6153490" lon="-3.1162050">
    <ele>874.6</ele>
   </trkpt>
   <trkpt lat="40.6153600" lon="-3.1161900">
    <ele>874.8</ele>
   </trkpt>
   <trkpt lat="40.6153750" lon="-3.1161740">
    <ele>875.0</ele>
   </trkpt>
   <trkpt lat="40.6153870" lon="-3.1161600">
    <ele>875.2</ele>
   </trkpt>
   <trkpt lat="40.6154020" lon="-3.1161440">
    <ele>875.4</ele>
   </trkpt>
   <trkpt lat="40.6154140" lon="-3.1161240">
    <ele>875.8</ele>
   </trkpt>
   <trkpt lat="40.6154210" lon="-3.1161060">
    <ele>876.0</ele>
   </trkpt>
   <trkpt lat="40.6154290" lon="-3.1160850">
    <ele>876.2</ele>
   </trkpt>
   <trkpt lat="40.6154330" lon="-3.1160670">
    <ele>876.6</ele>
   </trkpt>
   <trkpt lat="40.6154370" lon="-3.1160570">
    <ele>876.8</ele>
   </trkpt>
   <trkpt lat="40.6154370" lon="-3.1160500">
    <ele>877.0</ele>
   </trkpt>
   <trkpt lat="40.6154060" lon="-3.1160810">
    <ele>877.2</ele>
   </trkpt>
   <trkpt lat="40.6153950" lon="-3.1160990">
    <ele>877.0</ele>
   </trkpt>
   <trkpt lat="40.6153790" lon="-3.1161200">
    <ele>876.8</ele>
   </trkpt>
   <trkpt lat="40.6153640" lon="-3.1161440">
    <ele>876.6</ele>
   </trkpt>
   <trkpt lat="40.6153450" lon="-3.1161680">
    <ele>876.4</ele>
   </trkpt>
   <trkpt lat="40.6153300" lon="-3.1161910">
    <ele>876.2</ele>
   </trkpt>
   <trkpt lat="40.6153140" lon="-3.1162150">
    <ele>876.0</ele>
   </trkpt>
   <trkpt lat="40.6152990" lon="-3.1162470">
    <ele>875.6</ele>
   </trkpt>
   <trkpt lat="40.6152760" lon="-3.1162830">
    <ele>875.4</ele>
   </trkpt>
   <trkpt lat="40.6152530" lon="-3.1163150">
    <ele>875.2</ele>
   </trkpt>
   <trkpt lat="40.6152310" lon="-3.1163410">
    <ele>875.0</ele>
   </trkpt>
   <trkpt lat="40.6152080" lon="-3.1163580">
    <ele>874.8</ele>
   </trkpt>
   <trkpt lat="40.6151850" lon="-3.1163670">
    <ele>874.6</ele>
   </trkpt>
   <trkpt lat="40.6151700" lon="-3.1163610">
    <ele>874.6</ele>
   </trkpt>
   <trkpt lat="40.6151540" lon="-3.1163450">
    <ele>874.6</ele>
   </trkpt>
   <trkpt lat="40.6151500" lon="-3.1163330">
    <ele>874.6</ele>
   </trkpt>
   <trkpt lat="40.6151500" lon="-3.1163280">
    <ele>874.6</ele>
   </trkpt>
   <trkpt lat="40.6151500" lon="-3.1163280">
    <ele>874.6</ele>
   </trkpt>
   <trkpt lat="40.6151500" lon="-3.1163280">
    <ele>874.6</ele>
   </trkpt>
   <trkpt lat="40.6151500" lon="-3.1163280">
    <ele>874.6</ele>
   </trkpt>
   <trkpt lat="40.6151500" lon="-3.1163280">
    <ele>874.4</ele>
   </trkpt>
   <trkpt lat="40.6151500" lon="-3.1163280">
    <ele>874.4</ele>
   </trkpt>
   <trkpt lat="40.6151310" lon="-3.1163200">
    <ele>874.4</ele>
   </trkpt>
   <trkpt lat="40.6151120" lon="-3.1163210">
    <ele>874.4</ele>
   </trkpt>
   <trkpt lat="40.6150860" lon="-3.1163220">
    <ele>874.4</ele>
   </trkpt>
   <trkpt lat="40.6150550" lon="-3.1163230">
    <ele>874.4</ele>
   </trkpt>
   <trkpt lat="40.6150280" lon="-3.1163210">
    <ele>874.4</ele>
   </trkpt>
   <trkpt lat="40.6149980" lon="-3.1163140">
    <ele>874.6</ele>
   </trkpt>
   <trkpt lat="40.6149710" lon="-3.1163050">
    <ele>874.6</ele>
   </trkpt>
   <trkpt lat="40.6149410" lon="-3.1162980">
    <ele>874.6</ele>
   </trkpt>
   <trkpt lat="40.6149100" lon="-3.1162930">
    <ele>874.8</ele>
   </trkpt>
   <trkpt lat="40.6148760" lon="-3.1162880">
    <ele>875.0</ele>
   </trkpt>
   <trkpt lat="40.6148450" lon="-3.1162880">
    <ele>875.0</ele>
   </trkpt>
   <trkpt lat="40.6148150" lon="-3.1162880">
    <ele>875.2</ele>
   </trkpt>
   <trkpt lat="40.6147880" lon="-3.1162840">
    <ele>875.2</ele>
   </trkpt>
   <trkpt lat="40.6147540" lon="-3.1162790">
    <ele>875.4</ele>
   </trkpt>
   <trkpt lat="40.6147310" lon="-3.1162800">
    <ele>875.4</ele>
   </trkpt>
   <trkpt lat="40.6147040" lon="-3.1162860">
    <ele>875.6</ele>
   </trkpt>
   <trkpt lat="40.6146740" lon="-3.1162990">
    <ele>875.8</ele>
   </trkpt>
   <trkpt lat="40.6146470" lon="-3.1163170">
    <ele>875.8</ele>
   </trkpt>
   <trkpt lat="40.6146200" lon="-3.1163380">
    <ele>876.0</ele>
   </trkpt>
   <trkpt lat="40.6146010" lon="-3.1163590">
    <ele>876.2</ele>
   </trkpt>
   <trkpt lat="40.6145860" lon="-3.1163860">
    <ele>876.4</ele>
   </trkpt>
   <trkpt lat="40.6145710" lon="-3.1164210">
    <ele>876.4</ele>
   </trkpt>
   <trkpt lat="40.6145550" lon="-3.1164510">
    <ele>876.6</ele>
   </trkpt>
   <trkpt lat="40.6145440" lon="-3.1164760">
    <ele>876.8</ele>
   </trkpt>
   <trkpt lat="40.6145290" lon="-3.1165010">
    <ele>877.0</ele>
   </trkpt>
   <trkpt lat="40.6145130" lon="-3.1165300">
    <ele>877.0</ele>
   </trkpt>
   <trkpt lat="40.6144980" lon="-3.1165610">
    <ele>877.2</ele>
   </trkpt>
   <trkpt lat="40.6144870" lon="-3.1165920">
    <ele>877.4</ele>
   </trkpt>
   <trkpt lat="40.6144750" lon="-3.1166210">
    <ele>877.6</ele>
   </trkpt>
   <trkpt lat="40.6144600" lon="-3.1166490">
    <ele>877.6</ele>
   </trkpt>
   <trkpt lat="40.6144520" lon="-3.1166780">
    <ele>877.8</ele>
   </trkpt>
   <trkpt lat="40.6144370" lon="-3.1167090">
    <ele>878.0</ele>
   </trkpt>
   <trkpt lat="40.6144260" lon="-3.1167380">
    <ele>878.2</ele>
   </trkpt>
   <trkpt lat="40.6144140" lon="-3.1167690">
    <ele>878.2</ele>
   </trkpt>
   <trkpt lat="40.6144030" lon="-3.1167960">
    <ele>878.4</ele>
   </trkpt>
   <trkpt lat="40.6143880" lon="-3.1168300">
    <ele>878.4</ele>
   </trkpt>
   <trkpt lat="40.6143760" lon="-3.1168610">
    <ele>878.6</ele>
   </trkpt>
   <trkpt lat="40.6143610" lon="-3.1168920">
    <ele>878.6</ele>
   </trkpt>
   <trkpt lat="40.6143490" lon="-3.1169240">
    <ele>878.8</ele>
   </trkpt>
   <trkpt lat="40.6143380" lon="-3.1169510">
    <ele>878.8</ele>
   </trkpt>
   <trkpt lat="40.6143260" lon="-3.1169780">
    <ele>879.0</ele>
   </trkpt>
   <trkpt lat="40.6143150" lon="-3.1170050">
    <ele>879.2</ele>
   </trkpt>
   <trkpt lat="40.6143040" lon="-3.1170300">
    <ele>879.2</ele>
   </trkpt>
   <trkpt lat="40.6142960" lon="-3.1170550">
    <ele>879.4</ele>
   </trkpt>
   <trkpt lat="40.6142880" lon="-3.1170860">
    <ele>879.4</ele>
   </trkpt>
   <trkpt lat="40.6142730" lon="-3.1171180">
    <ele>879.6</ele>
   </trkpt>
   <trkpt lat="40.6142580" lon="-3.1171460">
    <ele>879.8</ele>
   </trkpt>
   <trkpt lat="40.6142460" lon="-3.1171720">
    <ele>879.8</ele>
   </trkpt>
   <trkpt lat="40.6142310" lon="-3.1171970">
    <ele>880.0</ele>
   </trkpt>
   <trkpt lat="40.6142200" lon="-3.1172280">
    <ele>880.2</ele>
   </trkpt>
   <trkpt lat="40.6142040" lon="-3.1172590">
    <ele>880.4</ele>
   </trkpt>
   <trkpt lat="40.6141930" lon="-3.1172860">
    <ele>880.4</ele>
   </trkpt>
   <trkpt lat="40.6141740" lon="-3.1173190">
    <ele>880.6</ele>
   </trkpt>
   <trkpt lat="40.6141590" lon="-3.1173530">
    <ele>880.8</ele>
   </trkpt>
   <trkpt lat="40.6141400" lon="-3.1173820">
    <ele>881.0</ele>
   </trkpt>
   <trkpt lat="40.6141240" lon="-3.1174090">
    <ele>881.0</ele>
   </trkpt>
   <trkpt lat="40.6141050" lon="-3.1174320">
    <ele>881.2</ele>
   </trkpt>
   <trkpt lat="40.6140860" lon="-3.1174560">
    <ele>881.2</ele>
   </trkpt>
   <trkpt lat="40.6140630" lon="-3.1174860">
    <ele>881.4</ele>
   </trkpt>
   <trkpt lat="40.6140440" lon="-3.1175100">
    <ele>881.6</ele>
   </trkpt>
   <trkpt lat="40.6140250" lon="-3.1175320">
    <ele>881.6</ele>
   </trkpt>
   <trkpt lat="40.6140100" lon="-3.1175560">
    <ele>881.8</ele>
   </trkpt>
   <trkpt lat="40.6139950" lon="-3.1175820">
    <ele>882.0</ele>
   </trkpt>
   <trkpt lat="40.6139760" lon="-3.1176080">
    <ele>882.0</ele>
   </trkpt>
   <trkpt lat="40.6139560" lon="-3.1176320">
    <ele>882.2</ele>
   </trkpt>
   <trkpt lat="40.6139410" lon="-3.1176520">
    <ele>882.4</ele>
   </trkpt>
   <trkpt lat="40.6139220" lon="-3.1176810">
    <ele>882.4</ele>
   </trkpt>
   <trkpt lat="40.6139070" lon="-3.1177110">
    <ele>882.6</ele>
   </trkpt>
   <trkpt lat="40.6138880" lon="-3.1177320">
    <ele>882.6</ele>
   </trkpt>
   <trkpt lat="40.6138690" lon="-3.1177570">
    <ele>882.8</ele>
   </trkpt>
   <trkpt lat="40.6138460" lon="-3.1177840">
    <ele>883.0</ele>
   </trkpt>
   <trkpt lat="40.6138270" lon="-3.1178130">
    <ele>883.0</ele>
   </trkpt>
   <trkpt lat="40.6138120" lon="-3.1178430">
    <ele>883.2</ele>
   </trkpt>
   <trkpt lat="40.6137920" lon="-3.1178700">
    <ele>883.4</ele>
   </trkpt>
   <trkpt lat="40.6137730" lon="-3.1178970">
    <ele>883.6</ele>
   </trkpt>
   <trkpt lat="40.6137540" lon="-3.1179220">
    <ele>883.6</ele>
   </trkpt>
   <trkpt lat="40.6137310" lon="-3.1179460">
    <ele>883.8</ele>
   </trkpt>
   <trkpt lat="40.6137120" lon="-3.1179720">
    <ele>884.0</ele>
   </trkpt>
   <trkpt lat="40.6136930" lon="-3.1180000">
    <ele>884.0</ele>
   </trkpt>
   <trkpt lat="40.6136780" lon="-3.1180300">
    <ele>884.2</ele>
   </trkpt>
   <trkpt lat="40.6136590" lon="-3.1180620">
    <ele>884.4</ele>
   </trkpt>
   <trkpt lat="40.6136400" lon="-3.1180900">
    <ele>884.6</ele>
   </trkpt>
   <trkpt lat="40.6136250" lon="-3.1181130">
    <ele>884.6</ele>
   </trkpt>
   <trkpt lat="40.6136090" lon="-3.1181390">
    <ele>884.8</ele>
   </trkpt>
   <trkpt lat="40.6135940" lon="-3.1181660">
    <ele>885.0</ele>
   </trkpt>
   <trkpt lat="40.6135750" lon="-3.1181900">
    <ele>885.2</ele>
   </trkpt>
   <trkpt lat="40.6135560" lon="-3.1182150">
    <ele>885.2</ele>
   </trkpt>
   <trkpt lat="40.6135330" lon="-3.1182390">
    <ele>885.4</ele>
   </trkpt>
   <trkpt lat="40.6135180" lon="-3.1182600">
    <ele>885.6</ele>
   </trkpt>
   <trkpt lat="40.6134990" lon="-3.1182860">
    <ele>885.6</ele>
   </trkpt>
   <trkpt lat="40.6134800" lon="-3.1183120">
    <ele>885.8</ele>
   </trkpt>
   <trkpt lat="40.6134610" lon="-3.1183340">
    <ele>886.0</ele>
   </trkpt>
   <trkpt lat="40.6134410" lon="-3.1183590">
    <ele>886.0</ele>
   </trkpt>
   <trkpt lat="40.6134220" lon="-3.1183850">
    <ele>886.2</ele>
   </trkpt>
   <trkpt lat="40.6134030" lon="-3.1184100">
    <ele>886.4</ele>
   </trkpt>
   <trkpt lat="40.6133840" lon="-3.1184330">
    <ele>886.4</ele>
   </trkpt>
   <trkpt lat="40.6133650" lon="-3.1184550">
    <ele>886.6</ele>
   </trkpt>
   <trkpt lat="40.6133380" lon="-3.1184740">
    <ele>886.8</ele>
   </trkpt>
   <trkpt lat="40.6133160" lon="-3.1184930">
    <ele>886.8</ele>
   </trkpt>
   <trkpt lat="40.6132970" lon="-3.1185110">
    <ele>887.0</ele>
   </trkpt>
   <trkpt lat="40.6132740" lon="-3.1185320">
    <ele>887.2</ele>
   </trkpt>
   <trkpt lat="40.6132510" lon="-3.1185480">
    <ele>887.2</ele>
   </trkpt>
   <trkpt lat="40.6132240" lon="-3.1185650">
    <ele>887.4</ele>
   </trkpt>
   <trkpt lat="40.6131940" lon="-3.1185790">
    <ele>887.4</ele>
   </trkpt>
   <trkpt lat="40.6131670" lon="-3.1185930">
    <ele>887.6</ele>
   </trkpt>
   <trkpt lat="40.6131320" lon="-3.1186020">
    <ele>887.6</ele>
   </trkpt>
   <trkpt lat="40.6131020" lon="-3.1186080">
    <ele>887.8</ele>
   </trkpt>
   <trkpt lat="40.6130710" lon="-3.1186100">
    <ele>887.8</ele>
   </trkpt>
   <trkpt lat="40.6130370" lon="-3.1186090">
    <ele>888.0</ele>
   </trkpt>
   <trkpt lat="40.6130070" lon="-3.1186050">
    <ele>888.0</ele>
   </trkpt>
   <trkpt lat="40.6129760" lon="-3.1186000">
    <ele>888.2</ele>
   </trkpt>
   <trkpt lat="40.6129420" lon="-3.1185920">
    <ele>888.2</ele>
   </trkpt>
   <trkpt lat="40.6129110" lon="-3.1185830">
    <ele>888.4</ele>
   </trkpt>
   <trkpt lat="40.6128810" lon="-3.1185760">
    <ele>888.4</ele>
   </trkpt>
   <trkpt lat="40.6128540" lon="-3.1185710">
    <ele>888.6</ele>
   </trkpt>
   <trkpt lat="40.6128270" lon="-3.1185630">
    <ele>888.6</ele>
   </trkpt>
   <trkpt lat="40.6127970" lon="-3.1185530">
    <ele>888.6</ele>
   </trkpt>
   <trkpt lat="40.6127700" lon="-3.1185430">
    <ele>888.8</ele>
   </trkpt>
   <trkpt lat="40.6127360" lon="-3.1185330">
    <ele>888.8</ele>
   </trkpt>
   <trkpt lat="40.6127050" lon="-3.1185220">
    <ele>888.8</ele>
   </trkpt>
   <trkpt lat="40.6126710" lon="-3.1185080">
    <ele>889.0</ele>
   </trkpt>
   <trkpt lat="40.6126370" lon="-3.1184920">
    <ele>889.0</ele>
   </trkpt>
   <trkpt lat="40.6126020" lon="-3.1184760">
    <ele>889.0</ele>
   </trkpt>
   <trkpt lat="40.6125680" lon="-3.1184620">
    <ele>889.0</ele>
   </trkpt>
   <trkpt lat="40.6125300" lon="-3.1184490">
    <ele>889.2</ele>
   </trkpt>
   <trkpt lat="40.6124950" lon="-3.1184340">
    <ele>889.2</ele>
   </trkpt>
   <trkpt lat="40.6124610" lon="-3.1184200">
    <ele>889.2</ele>
   </trkpt>
   <trkpt lat="40.6124270" lon="-3.1184070">
    <ele>889.2</ele>
   </trkpt>
   <trkpt lat="40.6123920" lon="-3.1183940">
    <ele>889.2</ele>
   </trkpt>
   <trkpt lat="40.6123580" lon="-3.1183820">
    <ele>889.2</ele>
   </trkpt>
   <trkpt lat="40.6123200" lon="-3.1183690">
    <ele>889.4</ele>
   </trkpt>
   <trkpt lat="40.6122780" lon="-3.1183510">
    <ele>889.4</ele>
   </trkpt>
   <trkpt lat="40.6122360" lon="-3.1183340">
    <ele>889.4</ele>
   </trkpt>
   <trkpt lat="40.6122050" lon="-3.1183180">
    <ele>889.4</ele>
   </trkpt>
   <trkpt lat="40.6121670" lon="-3.1182990">
    <ele>889.6</ele>
   </trkpt>
   <trkpt lat="40.6121290" lon="-3.1182820">
    <ele>889.6</ele>
   </trkpt>
   <trkpt lat="40.6120950" lon="-3.1182680">
    <ele>889.8</ele>
   </trkpt>
   <trkpt lat="40.6120570" lon="-3.1182540">
    <ele>889.8</ele>
   </trkpt>
   <trkpt lat="40.6120190" lon="-3.1182380">
    <ele>889.8</ele>
   </trkpt>
   <trkpt lat="40.6119800" lon="-3.1182210">
    <ele>890.0</ele>
   </trkpt>
   <trkpt lat="40.6119420" lon="-3.1182050">
    <ele>890.0</ele>
   </trkpt>
   <trkpt lat="40.6119040" lon="-3.1181900">
    <ele>890.0</ele>
   </trkpt>
   <trkpt lat="40.6118660" lon="-3.1181760">
    <ele>890.2</ele>
   </trkpt>
   <trkpt lat="40.6118280" lon="-3.1181610">
    <ele>890.2</ele>
   </trkpt>
   <trkpt lat="40.6117900" lon="-3.1181460">
    <ele>890.2</ele>
   </trkpt>
   <trkpt lat="40.6117520" lon="-3.1181310">
    <ele>890.2</ele>
   </trkpt>
   <trkpt lat="40.6117130" lon="-3.1181170">
    <ele>890.2</ele>
   </trkpt>
   <trkpt lat="40.6116750" lon="-3.1181030">
    <ele>890.4</ele>
   </trkpt>
   <trkpt lat="40.6116330" lon="-3.1180880">
    <ele>890.4</ele>
   </trkpt>
   <trkpt lat="40.6115990" lon="-3.1180730">
    <ele>890.6</ele>
   </trkpt>
   <trkpt lat="40.6115610" lon="-3.1180580">
    <ele>890.6</ele>
   </trkpt>
   <trkpt lat="40.6115230" lon="-3.1180430">
    <ele>890.8</ele>
   </trkpt>
   <trkpt lat="40.6114810" lon="-3.1180270">
    <ele>890.8</ele>
   </trkpt>
   <trkpt lat="40.6114390" lon="-3.1180110">
    <ele>891.0</ele>
   </trkpt>
   <trkpt lat="40.6114040" lon="-3.1180000">
    <ele>891.0</ele>
   </trkpt>
   <trkpt lat="40.6113660" lon="-3.1179860">
    <ele>891.0</ele>
   </trkpt>
   <trkpt lat="40.6113240" lon="-3.1179690">
    <ele>891.0</ele>
   </trkpt>
   <trkpt lat="40.6112860" lon="-3.1179530">
    <ele>891.2</ele>
   </trkpt>
   <trkpt lat="40.6112440" lon="-3.1179350">
    <ele>891.2</ele>
   </trkpt>
   <trkpt lat="40.6112060" lon="-3.1179150">
    <ele>891.2</ele>
   </trkpt>
   <trkpt lat="40.6111640" lon="-3.1178940">
    <ele>891.2</ele>
   </trkpt>
   <trkpt lat="40.6111180" lon="-3.1178720">
    <ele>891.2</ele>
   </trkpt>
   <trkpt lat="40.6110760" lon="-3.1178480">
    <ele>891.4</ele>
   </trkpt>
   <trkpt lat="40.6110380" lon="-3.1178230">
    <ele>891.4</ele>
   </trkpt>
   <trkpt lat="40.6109960" lon="-3.1177990">
    <ele>891.6</ele>
   </trkpt>
   <trkpt lat="40.6109580" lon="-3.1177750">
    <ele>891.6</ele>
   </trkpt>
   <trkpt lat="40.6109160" lon="-3.1177500">
    <ele>891.6</ele>
   </trkpt>
   <trkpt lat="40.6108740" lon="-3.1177240">
    <ele>891.8</ele>
   </trkpt>
   <trkpt lat="40.6108400" lon="-3.1177030">
    <ele>891.8</ele>
   </trkpt>
   <trkpt lat="40.6107980" lon="-3.1176780">
    <ele>892.0</ele>
   </trkpt>
   <trkpt lat="40.6107520" lon="-3.1176540">
    <ele>892.0</ele>
   </trkpt>
   <trkpt lat="40.6107100" lon="-3.1176300">
    <ele>892.0</ele>
   </trkpt>
   <trkpt lat="40.6106720" lon="-3.1176090">
    <ele>892.2</ele>
   </trkpt>
   <trkpt lat="40.6106340" lon="-3.1175840">
    <ele>892.2</ele>
   </trkpt>
   <trkpt lat="40.6105920" lon="-3.1175580">
    <ele>892.2</ele>
   </trkpt>
   <trkpt lat="40.6105500" lon="-3.1175320">
    <ele>892.4</ele>
   </trkpt>
   <trkpt lat="40.6105120" lon="-3.1175070">
    <ele>892.4</ele>
   </trkpt>
   <trkpt lat="40.6104700" lon="-3.1174830">
    <ele>892.4</ele>
   </trkpt>
   <trkpt lat="40.6104320" lon="-3.1174600">
    <ele>892.6</ele>
   </trkpt>
   <trkpt lat="40.6103900" lon="-3.1174360">
    <ele>892.6</ele>
   </trkpt>
   <trkpt lat="40.6103480" lon="-3.1174130">
    <ele>892.6</ele>
   </trkpt>
   <trkpt lat="40.6103060" lon="-3.1173870">
    <ele>892.8</ele>
   </trkpt>
   <trkpt lat="40.6102640" lon="-3.1173620">
    <ele>892.8</ele>
   </trkpt>
   <trkpt lat="40.6102260" lon="-3.1173370">
    <ele>893.0</ele>
   </trkpt>
   <trkpt lat="40.6101840" lon="-3.1173100">
    <ele>893.0</ele>
   </trkpt>
   <trkpt lat="40.6101420" lon="-3.1172840">
    <ele>893.2</ele>
   </trkpt>
   <trkpt lat="40.6101000" lon="-3.1172590">
    <ele>893.4</ele>
   </trkpt>
   <trkpt lat="40.6100620" lon="-3.1172330">
    <ele>893.4</ele>
   </trkpt>
   <trkpt lat="40.6100230" lon="-3.1172070">
    <ele>893.6</ele>
   </trkpt>
   <trkpt lat="40.6099850" lon="-3.1171790">
    <ele>893.8</ele>
   </trkpt>
   <trkpt lat="40.6099430" lon="-3.1171490">
    <ele>893.8</ele>
   </trkpt>
   <trkpt lat="40.6099090" lon="-3.1171190">
    <ele>894.0</ele>
   </trkpt>
   <trkpt lat="40.6098710" lon="-3.1170870">
    <ele>894.0</ele>
   </trkpt>
   <trkpt lat="40.6098370" lon="-3.1170500">
    <ele>894.2</ele>
   </trkpt>
   <trkpt lat="40.6098020" lon="-3.1170160">
    <ele>894.2</ele>
   </trkpt>
   <trkpt lat="40.6097680" lon="-3.1169820">
    <ele>894.4</ele>
   </trkpt>
   <trkpt lat="40.6097340" lon="-3.1169490">
    <ele>894.6</ele>
   </trkpt>
   <trkpt lat="40.6096990" lon="-3.1169140">
    <ele>894.6</ele>
   </trkpt>
   <trkpt lat="40.6096610" lon="-3.1168760">
    <ele>894.6</ele>
   </trkpt>
   <trkpt lat="40.6096190" lon="-3.1168380">
    <ele>894.8</ele>
   </trkpt>
   <trkpt lat="40.6095920" lon="-3.1168040">
    <ele>894.8</ele>
   </trkpt>
   <trkpt lat="40.6095580" lon="-3.1167660">
    <ele>895.0</ele>
   </trkpt>
   <trkpt lat="40.6095240" lon="-3.1167290">
    <ele>895.2</ele>
   </trkpt>
   <trkpt lat="40.6094890" lon="-3.1166940">
    <ele>895.2</ele>
   </trkpt>
   <trkpt lat="40.6094550" lon="-3.1166600">
    <ele>895.2</ele>
   </trkpt>
   <trkpt lat="40.6094210" lon="-3.1166250">
    <ele>895.4</ele>
   </trkpt>
   <trkpt lat="40.6093830" lon="-3.1165860">
    <ele>895.6</ele>
   </trkpt>
   <trkpt lat="40.6093440" lon="-3.1165500">
    <ele>895.6</ele>
   </trkpt>
   <trkpt lat="40.6093180" lon="-3.1165190">
    <ele>895.8</ele>
   </trkpt>
   <trkpt lat="40.6092800" lon="-3.1164830">
    <ele>896.0</ele>
   </trkpt>
   <trkpt lat="40.6092450" lon="-3.1164450">
    <ele>896.0</ele>
   </trkpt>
   <trkpt lat="40.6092070" lon="-3.1164070">
    <ele>896.2</ele>
   </trkpt>
   <trkpt lat="40.6091690" lon="-3.1163690">
    <ele>896.2</ele>
   </trkpt>
   <trkpt lat="40.6091310" lon="-3.1163310">
    <ele>896.4</ele>
   </trkpt>
   <trkpt lat="40.6091000" lon="-3.1163010">
    <ele>896.6</ele>
   </trkpt>
   <trkpt lat="40.6090620" lon="-3.1162680">
    <ele>896.6</ele>
   </trkpt>
   <trkpt lat="40.6090240" lon="-3.1162380">
    <ele>896.6</ele>
   </trkpt>
   <trkpt lat="40.6089820" lon="-3.1162190">
    <ele>896.8</ele>
   </trkpt>
   <trkpt lat="40.6089360" lon="-3.1162140">
    <ele>896.8</ele>
   </trkpt>
   <trkpt lat="40.6088980" lon="-3.1162270">
    <ele>896.8</ele>
   </trkpt>
   <trkpt lat="40.6088560" lon="-3.1162580">
    <ele>897.0</ele>
   </trkpt>
   <trkpt lat="40.6088260" lon="-3.1163030">
    <ele>897.0</ele>
   </trkpt>
   <trkpt lat="40.6088100" lon="-3.1163590">
    <ele>897.2</ele>
   </trkpt>
   <trkpt lat="40.6087990" lon="-3.1164190">
    <ele>897.2</ele>
   </trkpt>
   <trkpt lat="40.6087950" lon="-3.1164790">
    <ele>897.4</ele>
   </trkpt>
   <trkpt lat="40.6088030" lon="-3.1165390">
    <ele>897.6</ele>
   </trkpt>
   <trkpt lat="40.6088100" lon="-3.1165990">
    <ele>897.6</ele>
   </trkpt>
   <trkpt lat="40.6088180" lon="-3.1166550">
    <ele>897.8</ele>
   </trkpt>
   <trkpt lat="40.6088290" lon="-3.1167100">
    <ele>898.0</ele>
   </trkpt>
   <trkpt lat="40.6088410" lon="-3.1167640">
    <ele>898.0</ele>
   </trkpt>
   <trkpt lat="40.6088520" lon="-3.1168250">
    <ele>898.2</ele>
   </trkpt>
   <trkpt lat="40.6088640" lon="-3.1168830">
    <ele>898.2</ele>
   </trkpt>
   <trkpt lat="40.6088750" lon="-3.1169320">
    <ele>898.4</ele>
   </trkpt>
   <trkpt lat="40.6088830" lon="-3.1169870">
    <ele>898.6</ele>
   </trkpt>
   <trkpt lat="40.6088870" lon="-3.1170410">
    <ele>898.8</ele>
   </trkpt>
   <trkpt lat="40.6088870" lon="-3.1170930">
    <ele>898.8</ele>
   </trkpt>
   <trkpt lat="40.6088870" lon="-3.1171440">
    <ele>899.0</ele>
   </trkpt>
   <trkpt lat="40.6088900" lon="-3.1171960">
    <ele>899.0</ele>
   </trkpt>
   <trkpt lat="40.6088900" lon="-3.1172470">
    <ele>899.2</ele>
   </trkpt>
   <trkpt lat="40.6088870" lon="-3.1172970">
    <ele>899.2</ele>
   </trkpt>
   <trkpt lat="40.6088830" lon="-3.1173480">
    <ele>899.4</ele>
   </trkpt>
   <trkpt lat="40.6088790" lon="-3.1173970">
    <ele>899.4</ele>
   </trkpt>
   <trkpt lat="40.6088750" lon="-3.1174450">
    <ele>899.6</ele>
   </trkpt>
   <trkpt lat="40.6088750" lon="-3.1174940">
    <ele>899.6</ele>
   </trkpt>
   <trkpt lat="40.6088680" lon="-3.1175430">
    <ele>899.8</ele>
   </trkpt>
   <trkpt lat="40.6088640" lon="-3.1175910">
    <ele>899.8</ele>
   </trkpt>
   <trkpt lat="40.6088600" lon="-3.1176390">
    <ele>900.0</ele>
   </trkpt>
   <trkpt lat="40.6088560" lon="-3.1176850">
    <ele>900.2</ele>
   </trkpt>
   <trkpt lat="40.6088520" lon="-3.1177310">
    <ele>900.2</ele>
   </trkpt>
   <trkpt lat="40.6088490" lon="-3.1177770">
    <ele>900.4</ele>
   </trkpt>
   <trkpt lat="40.6088450" lon="-3.1178210">
    <ele>900.6</ele>
   </trkpt>
   <trkpt lat="40.6088370" lon="-3.1178660">
    <ele>900.8</ele>
   </trkpt>
   <trkpt lat="40.6088330" lon="-3.1179120">
    <ele>900.8</ele>
   </trkpt>
   <trkpt lat="40.6088330" lon="-3.1179560">
    <ele>901.0</ele>
   </trkpt>
   <trkpt lat="40.6088290" lon="-3.1180010">
    <ele>901.2</ele>
   </trkpt>
   <trkpt lat="40.6088260" lon="-3.1180440">
    <ele>901.2</ele>
   </trkpt>
   <trkpt lat="40.6088260" lon="-3.1180870">
    <ele>901.4</ele>
   </trkpt>
   <trkpt lat="40.6088220" lon="-3.1181290">
    <ele>901.6</ele>
   </trkpt>
   <trkpt lat="40.6088140" lon="-3.1181710">
    <ele>901.8</ele>
   </trkpt>
   <trkpt lat="40.6088070" lon="-3.1182090">
    <ele>902.0</ele>
   </trkpt>
   <trkpt lat="40.6087990" lon="-3.1182490">
    <ele>902.0</ele>
   </trkpt>
   <trkpt lat="40.6087950" lon="-3.1182860">
    <ele>902.2</ele>
   </trkpt>
   <trkpt lat="40.6087910" lon="-3.1183170">
    <ele>902.4</ele>
   </trkpt>
   <trkpt lat="40.6087870" lon="-3.1183530">
    <ele>902.4</ele>
   </trkpt>
   <trkpt lat="40.6087840" lon="-3.1183890">
    <ele>902.6</ele>
   </trkpt>
   <trkpt lat="40.6087760" lon="-3.1184240">
    <ele>902.8</ele>
   </trkpt>
   <trkpt lat="40.6087650" lon="-3.1184580">
    <ele>903.0</ele>
   </trkpt>
   <trkpt lat="40.6087570" lon="-3.1184890">
    <ele>903.0</ele>
   </trkpt>
   <trkpt lat="40.6087460" lon="-3.1185180">
    <ele>903.2</ele>
   </trkpt>
   <trkpt lat="40.6087340" lon="-3.1185450">
    <ele>903.4</ele>
   </trkpt>
   <trkpt lat="40.6087190" lon="-3.1185720">
    <ele>903.4</ele>
   </trkpt>
   <trkpt lat="40.6087070" lon="-3.1186010">
    <ele>903.6</ele>
   </trkpt>
   <trkpt lat="40.6086960" lon="-3.1186320">
    <ele>903.8</ele>
   </trkpt>
   <trkpt lat="40.6086850" lon="-3.1186610">
    <ele>903.8</ele>
   </trkpt>
   <trkpt lat="40.6086650" lon="-3.1186860">
    <ele>904.0</ele>
   </trkpt>
   <trkpt lat="40.6086500" lon="-3.1187130">
    <ele>904.2</ele>
   </trkpt>
   <trkpt lat="40.6086310" lon="-3.1187380">
    <ele>904.2</ele>
   </trkpt>
   <trkpt lat="40.6086160" lon="-3.1187630">
    <ele>904.4</ele>
   </trkpt>
   <trkpt lat="40.6085970" lon="-3.1187870">
    <ele>904.6</ele>
   </trkpt>
   <trkpt lat="40.6085820" lon="-3.1188080">
    <ele>904.6</ele>
   </trkpt>
   <trkpt lat="40.6085620" lon="-3.1188270">
    <ele>904.8</ele>
   </trkpt>
   <trkpt lat="40.6085430" lon="-3.1188470">
    <ele>904.8</ele>
   </trkpt>
   <trkpt lat="40.6085210" lon="-3.1188650">
    <ele>905.0</ele>
   </trkpt>
   <trkpt lat="40.6084940" lon="-3.1188830">
    <ele>905.0</ele>
   </trkpt>
   <trkpt lat="40.6084670" lon="-3.1189000">
    <ele>905.2</ele>
   </trkpt>
   <trkpt lat="40.6084400" lon="-3.1189130">
    <ele>905.4</ele>
   </trkpt>
   <trkpt lat="40.6084140" lon="-3.1189230">
    <ele>905.4</ele>
   </trkpt>
   <trkpt lat="40.6083870" lon="-3.1189300">
    <ele>905.6</ele>
   </trkpt>
   <trkpt lat="40.6083600" lon="-3.1189350">
    <ele>905.8</ele>
   </trkpt>
   <trkpt lat="40.6083340" lon="-3.1189400">
    <ele>906.0</ele>
   </trkpt>
   <trkpt lat="40.6083070" lon="-3.1189450">
    <ele>906.2</ele>
   </trkpt>
   <trkpt lat="40.6082800" lon="-3.1189480">
    <ele>906.4</ele>
   </trkpt>
   <trkpt lat="40.6082570" lon="-3.1189470">
    <ele>906.6</ele>
   </trkpt>
   <trkpt lat="40.6082310" lon="-3.1189440">
    <ele>906.8</ele>
   </trkpt>
   <trkpt lat="40.6082080" lon="-3.1189390">
    <ele>907.0</ele>
   </trkpt>
   <trkpt lat="40.6081810" lon="-3.1189290">
    <ele>907.0</ele>
   </trkpt>
   <trkpt lat="40.6081580" lon="-3.1189160">
    <ele>907.2</ele>
   </trkpt>
   <trkpt lat="40.6081310" lon="-3.1189010">
    <ele>907.4</ele>
   </trkpt>
   <trkpt lat="40.6081080" lon="-3.1188860">
    <ele>907.4</ele>
   </trkpt>
   <trkpt lat="40.6080820" lon="-3.1188710">
    <ele>907.6</ele>
   </trkpt>
   <trkpt lat="40.6080550" lon="-3.1188560">
    <ele>907.8</ele>
   </trkpt>
   <trkpt lat="40.6080280" lon="-3.1188410">
    <ele>907.8</ele>
   </trkpt>
   <trkpt lat="40.6080020" lon="-3.1188250">
    <ele>908.0</ele>
   </trkpt>
   <trkpt lat="40.6079750" lon="-3.1188080">
    <ele>908.2</ele>
   </trkpt>
   <trkpt lat="40.6079520" lon="-3.1187940">
    <ele>908.2</ele>
   </trkpt>
   <trkpt lat="40.6079290" lon="-3.1187790">
    <ele>908.4</ele>
   </trkpt>
   <trkpt lat="40.6079030" lon="-3.1187630">
    <ele>908.6</ele>
   </trkpt>
   <trkpt lat="40.6078800" lon="-3.1187450">
    <ele>908.8</ele>
   </trkpt>
   <trkpt lat="40.6078570" lon="-3.1187280">
    <ele>908.8</ele>
   </trkpt>
   <trkpt lat="40.6078340" lon="-3.1187120">
    <ele>909.0</ele>
   </trkpt>
   <trkpt lat="40.6078110" lon="-3.1186960">
    <ele>909.2</ele>
   </trkpt>
   <trkpt lat="40.6077880" lon="-3.1186780">
    <ele>909.4</ele>
   </trkpt>
   <trkpt lat="40.6077650" lon="-3.1186580">
    <ele>909.4</ele>
   </trkpt>
   <trkpt lat="40.6077380" lon="-3.1186400">
    <ele>909.6</ele>
   </trkpt>
   <trkpt lat="40.6077160" lon="-3.1186240">
    <ele>909.8</ele>
   </trkpt>
   <trkpt lat="40.6076960" lon="-3.1186080">
    <ele>910.0</ele>
   </trkpt>
   <trkpt lat="40.6076740" lon="-3.1185910">
    <ele>910.0</ele>
   </trkpt>
   <trkpt lat="40.6076510" lon="-3.1185730">
    <ele>910.2</ele>
   </trkpt>
   <trkpt lat="40.6076280" lon="-3.1185560">
    <ele>910.4</ele>
   </trkpt>
   <trkpt lat="40.6076050" lon="-3.1185410">
    <ele>910.6</ele>
   </trkpt>
   <trkpt lat="40.6075820" lon="-3.1185250">
    <ele>910.6</ele>
   </trkpt>
   <trkpt lat="40.6075590" lon="-3.1185100">
    <ele>910.8</ele>
   </trkpt>
   <trkpt lat="40.6075400" lon="-3.1184950">
    <ele>911.0</ele>
   </trkpt>
   <trkpt lat="40.6075210" lon="-3.1184820">
    <ele>911.0</ele>
   </trkpt>
   <trkpt lat="40.6075020" lon="-3.1184680">
    <ele>911.2</ele>
   </trkpt>
   <trkpt lat="40.6074790" lon="-3.1184520">
    <ele>911.4</ele>
   </trkpt>
   <trkpt lat="40.6074560" lon="-3.1184330">
    <ele>911.4</ele>
   </trkpt>
   <trkpt lat="40.6074330" lon="-3.1184160">
    <ele>911.6</ele>
   </trkpt>
   <trkpt lat="40.6074100" lon="-3.1183980">
    <ele>911.8</ele>
   </trkpt>
   <trkpt lat="40.6073910" lon="-3.1183800">
    <ele>911.8</ele>
   </trkpt>
   <trkpt lat="40.6073680" lon="-3.1183620">
    <ele>912.0</ele>
   </trkpt>
   <trkpt lat="40.6073420" lon="-3.1183460">
    <ele>912.2</ele>
   </trkpt>
   <trkpt lat="40.6073190" lon="-3.1183280">
    <ele>912.4</ele>
   </trkpt>
   <trkpt lat="40.6072920" lon="-3.1183080">
    <ele>912.6</ele>
   </trkpt>
   <trkpt lat="40.6072650" lon="-3.1182900">
    <ele>912.6</ele>
   </trkpt>
   <trkpt lat="40.6072390" lon="-3.1182730">
    <ele>912.8</ele>
   </trkpt>
   <trkpt lat="40.6072120" lon="-3.1182590">
    <ele>913.0</ele>
   </trkpt>
   <trkpt lat="40.6071850" lon="-3.1182440">
    <ele>913.2</ele>
   </trkpt>
   <trkpt lat="40.6071590" lon="-3.1182310">
    <ele>913.4</ele>
   </trkpt>
   <trkpt lat="40.6071320" lon="-3.1182180">
    <ele>913.6</ele>
   </trkpt>
   <trkpt lat="40.6071050" lon="-3.1182050">
    <ele>913.8</ele>
   </trkpt>
   <trkpt lat="40.6070780" lon="-3.1181900">
    <ele>913.8</ele>
   </trkpt>
   <trkpt lat="40.6070520" lon="-3.1181750">
    <ele>914.0</ele>
   </trkpt>
   <trkpt lat="40.6070250" lon="-3.1181600">
    <ele>914.2</ele>
   </trkpt>
   <trkpt lat="40.6070020" lon="-3.1181450">
    <ele>914.4</ele>
   </trkpt>
   <trkpt lat="40.6069870" lon="-3.1181260">
    <ele>914.4</ele>
   </trkpt>
   <trkpt lat="40.6069760" lon="-3.1180990">
    <ele>914.6</ele>
   </trkpt>
   <trkpt lat="40.6069720" lon="-3.1180690">
    <ele>914.6</ele>
   </trkpt>
   <trkpt lat="40.6069760" lon="-3.1180410">
    <ele>914.8</ele>
   </trkpt>
   <trkpt lat="40.6069830" lon="-3.1180150">
    <ele>915.0</ele>
   </trkpt>
   <trkpt lat="40.6069870" lon="-3.1179860">
    <ele>915.2</ele>
   </trkpt>
   <trkpt lat="40.6069910" lon="-3.1179540">
    <ele>915.2</ele>
   </trkpt>
   <trkpt lat="40.6069830" lon="-3.1179220">
    <ele>915.2</ele>
   </trkpt>
   <trkpt lat="40.6069680" lon="-3.1178920">
    <ele>915.4</ele>
   </trkpt>
   <trkpt lat="40.6069530" lon="-3.1178670">
    <ele>915.6</ele>
   </trkpt>
   <trkpt lat="40.6069370" lon="-3.1178420">
    <ele>915.6</ele>
   </trkpt>
   <trkpt lat="40.6069220" lon="-3.1178210">
    <ele>915.8</ele>
   </trkpt>
   <trkpt lat="40.6069070" lon="-3.1178000">
    <ele>916.0</ele>
   </trkpt>
   <trkpt lat="40.6068950" lon="-3.1177780">
    <ele>916.2</ele>
   </trkpt>
   <trkpt lat="40.6068840" lon="-3.1177550">
    <ele>916.4</ele>
   </trkpt>
   <trkpt lat="40.6068760" lon="-3.1177300">
    <ele>916.6</ele>
   </trkpt>
   <trkpt lat="40.6068690" lon="-3.1177030">
    <ele>916.8</ele>
   </trkpt>
   <trkpt lat="40.6068610" lon="-3.1176770">
    <ele>917.0</ele>
   </trkpt>
   <trkpt lat="40.6068500" lon="-3.1176500">
    <ele>917.2</ele>
   </trkpt>
   <trkpt lat="40.6068380" lon="-3.1176240">
    <ele>917.4</ele>
   </trkpt>
   <trkpt lat="40.6068230" lon="-3.1175990">
    <ele>917.6</ele>
   </trkpt>
   <trkpt lat="40.6068150" lon="-3.1175710">
    <ele>917.8</ele>
   </trkpt>
   <trkpt lat="40.6068040" lon="-3.1175420">
    <ele>918.0</ele>
   </trkpt>
   <trkpt lat="40.6067920" lon="-3.1175120">
    <ele>918.2</ele>
   </trkpt>
   <trkpt lat="40.6067810" lon="-3.1174840">
    <ele>918.2</ele>
   </trkpt>
   <trkpt lat="40.6067730" lon="-3.1174580">
    <ele>918.4</ele>
   </trkpt>
   <trkpt lat="40.6067660" lon="-3.1174290">
    <ele>918.6</ele>
   </trkpt>
   <trkpt lat="40.6067580" lon="-3.1174000">
    <ele>918.8</ele>
   </trkpt>
   <trkpt lat="40.6067510" lon="-3.1173720">
    <ele>919.0</ele>
   </trkpt>
   <trkpt lat="40.6067430" lon="-3.1173420">
    <ele>919.2</ele>
   </trkpt>
   <trkpt lat="40.6067310" lon="-3.1173130">
    <ele>919.2</ele>
   </trkpt>
   <trkpt lat="40.6067240" lon="-3.1172840">
    <ele>919.4</ele>
   </trkpt>
   <trkpt lat="40.6067120" lon="-3.1172550">
    <ele>919.6</ele>
   </trkpt>
   <trkpt lat="40.6067010" lon="-3.1172270">
    <ele>919.8</ele>
   </trkpt>
   <trkpt lat="40.6066890" lon="-3.1171980">
    <ele>919.8</ele>
   </trkpt>
   <trkpt lat="40.6066820" lon="-3.1171690">
    <ele>920.0</ele>
   </trkpt>
   <trkpt lat="40.6066740" lon="-3.1171390">
    <ele>920.0</ele>
   </trkpt>
   <trkpt lat="40.6066630" lon="-3.1171080">
    <ele>920.2</ele>
   </trkpt>
   <trkpt lat="40.6066510" lon="-3.1170780">
    <ele>920.2</ele>
   </trkpt>
   <trkpt lat="40.6066400" lon="-3.1170480">
    <ele>920.2</ele>
   </trkpt>
   <trkpt lat="40.6066280" lon="-3.1170170">
    <ele>920.2</ele>
   </trkpt>
   <trkpt lat="40.6066170" lon="-3.1169860">
    <ele>920.4</ele>
   </trkpt>
   <trkpt lat="40.6066020" lon="-3.1169560">
    <ele>920.4</ele>
   </trkpt>
   <trkpt lat="40.6065860" lon="-3.1169240">
    <ele>920.4</ele>
   </trkpt>
   <trkpt lat="40.6065710" lon="-3.1168890">
    <ele>920.2</ele>
   </trkpt>
   <trkpt lat="40.6065560" lon="-3.1168500">
    <ele>920.2</ele>
   </trkpt>
   <trkpt lat="40.6065410" lon="-3.1168100">
    <ele>920.2</ele>
   </trkpt>
   <trkpt lat="40.6065250" lon="-3.1167710">
    <ele>920.2</ele>
   </trkpt>
   <trkpt lat="40.6065060" lon="-3.1167350">
    <ele>920.2</ele>
   </trkpt>
   <trkpt lat="40.6064910" lon="-3.1166970">
    <ele>920.2</ele>
   </trkpt>
   <trkpt lat="40.6064800" lon="-3.1166550">
    <ele>920.2</ele>
   </trkpt>
   <trkpt lat="40.6064680" lon="-3.1166100">
    <ele>920.2</ele>
   </trkpt>
   <trkpt lat="40.6064640" lon="-3.1165640">
    <ele>920.2</ele>
   </trkpt>
   <trkpt lat="40.6064610" lon="-3.1165170">
    <ele>920.0</ele>
   </trkpt>
   <trkpt lat="40.6064640" lon="-3.1164680">
    <ele>920.0</ele>
   </trkpt>
   <trkpt lat="40.6064760" lon="-3.1164220">
    <ele>920.0</ele>
   </trkpt>
   <trkpt lat="40.6064870" lon="-3.1163790">
    <ele>920.0</ele>
   </trkpt>
   <trkpt lat="40.6064910" lon="-3.1163380">
    <ele>920.0</ele>
   </trkpt>
   <trkpt lat="40.6064910" lon="-3.1163010">
    <ele>920.0</ele>
   </trkpt>
   <trkpt lat="40.6064910" lon="-3.1162620">
    <ele>920.0</ele>
   </trkpt>
   <trkpt lat="40.6064910" lon="-3.1162200">
    <ele>920.0</ele>
   </trkpt>
   <trkpt lat="40.6064950" lon="-3.1161750">
    <ele>920.0</ele>
   </trkpt>
   <trkpt lat="40.6064910" lon="-3.1161340">
    <ele>920.0</ele>
   </trkpt>
   <trkpt lat="40.6064760" lon="-3.1161050">
    <ele>920.0</ele>
   </trkpt>
   <trkpt lat="40.6064490" lon="-3.1160790">
    <ele>920.0</ele>
   </trkpt>
   <trkpt lat="40.6064190" lon="-3.1160610">
    <ele>920.0</ele>
   </trkpt>
   <trkpt lat="40.6063840" lon="-3.1160500">
    <ele>919.8</ele>
   </trkpt>
   <trkpt lat="40.6063500" lon="-3.1160420">
    <ele>919.8</ele>
   </trkpt>
   <trkpt lat="40.6063120" lon="-3.1160350">
    <ele>919.6</ele>
   </trkpt>
   <trkpt lat="40.6062740" lon="-3.1160310">
    <ele>919.6</ele>
   </trkpt>
   <trkpt lat="40.6062390" lon="-3.1160300">
    <ele>919.4</ele>
   </trkpt>
   <trkpt lat="40.6062050" lon="-3.1160300">
    <ele>919.4</ele>
   </trkpt>
   <trkpt lat="40.6061710" lon="-3.1160310">
    <ele>919.4</ele>
   </trkpt>
   <trkpt lat="40.6061400" lon="-3.1160330">
    <ele>919.4</ele>
   </trkpt>
   <trkpt lat="40.6061170" lon="-3.1160340">
    <ele>919.4</ele>
   </trkpt>
   <trkpt lat="40.6060980" lon="-3.1160290">
    <ele>919.4</ele>
   </trkpt>
   <trkpt lat="40.6060710" lon="-3.1160130">
    <ele>919.4</ele>
   </trkpt>
   <trkpt lat="40.6060490" lon="-3.1159890">
    <ele>919.4</ele>
   </trkpt>
   <trkpt lat="40.6060260" lon="-3.1159580">
    <ele>919.4</ele>
   </trkpt>
   <trkpt lat="40.6060030" lon="-3.1159230">
    <ele>919.4</ele>
   </trkpt>
   <trkpt lat="40.6059840" lon="-3.1158860">
    <ele>919.4</ele>
   </trkpt>
   <trkpt lat="40.6059680" lon="-3.1158470">
    <ele>919.4</ele>
   </trkpt>
   <trkpt lat="40.6059530" lon="-3.1158090">
    <ele>919.6</ele>
   </trkpt>
   <trkpt lat="40.6059380" lon="-3.1157710">
    <ele>919.6</ele>
   </trkpt>
   <trkpt lat="40.6059230" lon="-3.1157310">
    <ele>919.6</ele>
   </trkpt>
   <trkpt lat="40.6059110" lon="-3.1156830">
    <ele>919.6</ele>
   </trkpt>
   <trkpt lat="40.6058960" lon="-3.1156310">
    <ele>919.4</ele>
   </trkpt>
   <trkpt lat="40.6058770" lon="-3.1155770">
    <ele>919.4</ele>
   </trkpt>
   <trkpt lat="40.6058620" lon="-3.1155260">
    <ele>919.4</ele>
   </trkpt>
   <trkpt lat="40.6058430" lon="-3.1154710">
    <ele>919.4</ele>
   </trkpt>
   <trkpt lat="40.6058230" lon="-3.1154180">
    <ele>919.6</ele>
   </trkpt>
   <trkpt lat="40.6058080" lon="-3.1153740">
    <ele>919.6</ele>
   </trkpt>
   <trkpt lat="40.6057930" lon="-3.1153220">
    <ele>919.6</ele>
   </trkpt>
   <trkpt lat="40.6057780" lon="-3.1152690">
    <ele>919.6</ele>
   </trkpt>
   <trkpt lat="40.6057620" lon="-3.1152170">
    <ele>919.6</ele>
   </trkpt>
   <trkpt lat="40.6057430" lon="-3.1151640">
    <ele>919.6</ele>
   </trkpt>
   <trkpt lat="40.6057280" lon="-3.1151120">
    <ele>919.6</ele>
   </trkpt>
   <trkpt lat="40.6057090" lon="-3.1150600">
    <ele>919.8</ele>
   </trkpt>
   <trkpt lat="40.6056900" lon="-3.1150050">
    <ele>919.8</ele>
   </trkpt>
   <trkpt lat="40.6056670" lon="-3.1149490">
    <ele>919.8</ele>
   </trkpt>
   <trkpt lat="40.6056480" lon="-3.1148940">
    <ele>919.8</ele>
   </trkpt>
   <trkpt lat="40.6056290" lon="-3.1148400">
    <ele>919.8</ele>
   </trkpt>
   <trkpt lat="40.6056060" lon="-3.1147820">
    <ele>919.8</ele>
   </trkpt>
   <trkpt lat="40.6055870" lon="-3.1147250">
    <ele>919.8</ele>
   </trkpt>
   <trkpt lat="40.6055640" lon="-3.1146690">
    <ele>919.8</ele>
   </trkpt>
   <trkpt lat="40.6055370" lon="-3.1146130">
    <ele>919.8</ele>
   </trkpt>
   <trkpt lat="40.6055110" lon="-3.1145560">
    <ele>919.6</ele>
   </trkpt>
   <trkpt lat="40.6054840" lon="-3.1145000">
    <ele>919.6</ele>
   </trkpt>
   <trkpt lat="40.6054570" lon="-3.1144430">
    <ele>919.4</ele>
   </trkpt>
   <trkpt lat="40.6054270" lon="-3.1143850">
    <ele>919.4</ele>
   </trkpt>
   <trkpt lat="40.6053960" lon="-3.1143280">
    <ele>919.2</ele>
   </trkpt>
   <trkpt lat="40.6053580" lon="-3.1142710">
    <ele>919.0</ele>
   </trkpt>
   <trkpt lat="40.6053200" lon="-3.1142120">
    <ele>918.8</ele>
   </trkpt>
   <trkpt lat="40.6052780" lon="-3.1141550">
    <ele>918.6</ele>
   </trkpt>
   <trkpt lat="40.6052360" lon="-3.1140980">
    <ele>918.4</ele>
   </trkpt>
   <trkpt lat="40.6051900" lon="-3.1140400">
    <ele>918.2</ele>
   </trkpt>
   <trkpt lat="40.6051440" lon="-3.1139810">
    <ele>918.0</ele>
   </trkpt>
   <trkpt lat="40.6051030" lon="-3.1139220">
    <ele>917.8</ele>
   </trkpt>
   <trkpt lat="40.6050530" lon="-3.1138620">
    <ele>917.6</ele>
   </trkpt>
   <trkpt lat="40.6050070" lon="-3.1137980">
    <ele>917.4</ele>
   </trkpt>
   <trkpt lat="40.6049580" lon="-3.1137310">
    <ele>917.2</ele>
   </trkpt>
   <trkpt lat="40.6049040" lon="-3.1136620">
    <ele>916.8</ele>
   </trkpt>
   <trkpt lat="40.6048550" lon="-3.1135910">
    <ele>916.4</ele>
   </trkpt>
   <trkpt lat="40.6048010" lon="-3.1135180">
    <ele>916.2</ele>
   </trkpt>
   <trkpt lat="40.6047480" lon="-3.1134450">
    <ele>915.8</ele>
   </trkpt>
   <trkpt lat="40.6046910" lon="-3.1133740">
    <ele>915.4</ele>
   </trkpt>
   <trkpt lat="40.6046330" lon="-3.1133040">
    <ele>915.2</ele>
   </trkpt>
   <trkpt lat="40.6045760" lon="-3.1132340">
    <ele>914.8</ele>
   </trkpt>
   <trkpt lat="40.6045150" lon="-3.1131640">
    <ele>914.4</ele>
   </trkpt>
   <trkpt lat="40.6044580" lon="-3.1130940">
    <ele>914.2</ele>
   </trkpt>
   <trkpt lat="40.6044010" lon="-3.1130240">
    <ele>913.8</ele>
   </trkpt>
   <trkpt lat="40.6043400" lon="-3.1129530">
    <ele>913.4</ele>
   </trkpt>
   <trkpt lat="40.6042820" lon="-3.1128820">
    <ele>913.2</ele>
   </trkpt>
   <trkpt lat="40.6042250" lon="-3.1128130">
    <ele>913.0</ele>
   </trkpt>
   <trkpt lat="40.6041680" lon="-3.1127460">
    <ele>912.6</ele>
   </trkpt>
   <trkpt lat="40.6041110" lon="-3.1126780">
    <ele>912.4</ele>
   </trkpt>
   <trkpt lat="40.6040500" lon="-3.1126060">
    <ele>912.0</ele>
   </trkpt>
   <trkpt lat="40.6039890" lon="-3.1125300">
    <ele>911.8</ele>
   </trkpt>
   <trkpt lat="40.6039280" lon="-3.1124530">
    <ele>911.4</ele>
   </trkpt>
   <trkpt lat="40.6038670" lon="-3.1123780">
    <ele>911.0</ele>
   </trkpt>
   <trkpt lat="40.6038020" lon="-3.1123030">
    <ele>910.6</ele>
   </trkpt>
   <trkpt lat="40.6037370" lon="-3.1122260">
    <ele>910.2</ele>
   </trkpt>
   <trkpt lat="40.6036720" lon="-3.1121470">
    <ele>909.8</ele>
   </trkpt>
   <trkpt lat="40.6036070" lon="-3.1120680">
    <ele>909.4</ele>
   </trkpt>
   <trkpt lat="40.6035420" lon="-3.1119890">
    <ele>909.0</ele>
   </trkpt>
   <trkpt lat="40.6034740" lon="-3.1119080">
    <ele>908.6</ele>
   </trkpt>
   <trkpt lat="40.6034090" lon="-3.1118280">
    <ele>908.4</ele>
   </trkpt>
   <trkpt lat="40.6033440" lon="-3.1117460">
    <ele>908.0</ele>
   </trkpt>
   <trkpt lat="40.6032790" lon="-3.1116620">
    <ele>907.6</ele>
   </trkpt>
   <trkpt lat="40.6032100" lon="-3.1115780">
    <ele>907.4</ele>
   </trkpt>
   <trkpt lat="40.6031460" lon="-3.1114970">
    <ele>907.0</ele>
   </trkpt>
   <trkpt lat="40.6030850" lon="-3.1114180">
    <ele>906.8</ele>
   </trkpt>
   <trkpt lat="40.6030200" lon="-3.1113340">
    <ele>906.4</ele>
   </trkpt>
   <trkpt lat="40.6029510" lon="-3.1112500">
    <ele>906.0</ele>
   </trkpt>
   <trkpt lat="40.6028940" lon="-3.1111800">
    <ele>905.6</ele>
   </trkpt>
   <trkpt lat="40.6028290" lon="-3.1111010">
    <ele>905.4</ele>
   </trkpt>
   <trkpt lat="40.6027680" lon="-3.1110240">
    <ele>905.0</ele>
   </trkpt>
   <trkpt lat="40.6027070" lon="-3.1109460">
    <ele>904.6</ele>
   </trkpt>
   <trkpt lat="40.6026460" lon="-3.1108650">
    <ele>904.4</ele>
   </trkpt>
   <trkpt lat="40.6025890" lon="-3.1107780">
    <ele>904.0</ele>
   </trkpt>
   <trkpt lat="40.6025310" lon="-3.1106860">
    <ele>903.8</ele>
   </trkpt>
   <trkpt lat="40.6024700" lon="-3.1105950">
    <ele>903.6</ele>
   </trkpt>
   <trkpt lat="40.6024130" lon="-3.1105010">
    <ele>903.4</ele>
   </trkpt>
   <trkpt lat="40.6023600" lon="-3.1104070">
    <ele>903.0</ele>
   </trkpt>
   <trkpt lat="40.6023030" lon="-3.1103140">
    <ele>902.8</ele>
   </trkpt>
   <trkpt lat="40.6022490" lon="-3.1102270">
    <ele>902.6</ele>
   </trkpt>
   <trkpt lat="40.6021920" lon="-3.1101370">
    <ele>902.6</ele>
   </trkpt>
   <trkpt lat="40.6021390" lon="-3.1100490">
    <ele>902.4</ele>
   </trkpt>
   <trkpt lat="40.6020810" lon="-3.1099610">
    <ele>902.4</ele>
   </trkpt>
   <trkpt lat="40.6020240" lon="-3.1098730">
    <ele>902.2</ele>
   </trkpt>
   <trkpt lat="40.6019710" lon="-3.1097910">
    <ele>902.2</ele>
   </trkpt>
   <trkpt lat="40.6019130" lon="-3.1097110">
    <ele>902.0</ele>
   </trkpt>
   <trkpt lat="40.6018600" lon="-3.1096330">
    <ele>902.0</ele>
   </trkpt>
   <trkpt lat="40.6018070" lon="-3.1095510">
    <ele>902.0</ele>
   </trkpt>
   <trkpt lat="40.6017530" lon="-3.1094720">
    <ele>902.0</ele>
   </trkpt>
   <trkpt lat="40.6017040" lon="-3.1093970">
    <ele>902.0</ele>
   </trkpt>
   <trkpt lat="40.6016500" lon="-3.1093210">
    <ele>902.0</ele>
   </trkpt>
   <trkpt lat="40.6015930" lon="-3.1092470">
    <ele>902.0</ele>
   </trkpt>
   <trkpt lat="40.6015400" lon="-3.1091740">
    <ele>901.8</ele>
   </trkpt>
   <trkpt lat="40.6014860" lon="-3.1091020">
    <ele>901.8</ele>
   </trkpt>
   <trkpt lat="40.6014370" lon="-3.1090290">
    <ele>901.8</ele>
   </trkpt>
   <trkpt lat="40.6013790" lon="-3.1089520">
    <ele>901.8</ele>
   </trkpt>
   <trkpt lat="40.6013180" lon="-3.1088740">
    <ele>901.8</ele>
   </trkpt>
   <trkpt lat="40.6012760" lon="-3.1088070">
    <ele>901.8</ele>
   </trkpt>
   <trkpt lat="40.6012230" lon="-3.1087290">
    <ele>901.8</ele>
   </trkpt>
   <trkpt lat="40.6011620" lon="-3.1086530">
    <ele>901.6</ele>
   </trkpt>
   <trkpt lat="40.6011160" lon="-3.1085950">
    <ele>901.6</ele>
   </trkpt>
   <trkpt lat="40.6010630" lon="-3.1085290">
    <ele>901.6</ele>
   </trkpt>
   <trkpt lat="40.6010090" lon="-3.1084630">
    <ele>901.6</ele>
   </trkpt>
   <trkpt lat="40.6009560" lon="-3.1083970">
    <ele>901.6</ele>
   </trkpt>
   <trkpt lat="40.6009030" lon="-3.1083330">
    <ele>901.6</ele>
   </trkpt>
   <trkpt lat="40.6008490" lon="-3.1082700">
    <ele>901.6</ele>
   </trkpt>
   <trkpt lat="40.6007960" lon="-3.1082060">
    <ele>901.6</ele>
   </trkpt>
   <trkpt lat="40.6007420" lon="-3.1081430">
    <ele>901.6</ele>
   </trkpt>
   <trkpt lat="40.6006850" lon="-3.1080800">
    <ele>901.4</ele>
   </trkpt>
   <trkpt lat="40.6006320" lon="-3.1080170">
    <ele>901.4</ele>
   </trkpt>
   <trkpt lat="40.6005780" lon="-3.1079540">
    <ele>901.4</ele>
   </trkpt>
   <trkpt lat="40.6005250" lon="-3.1078910">
    <ele>901.4</ele>
   </trkpt>
   <trkpt lat="40.6004710" lon="-3.1078290">
    <ele>901.4</ele>
   </trkpt>
   <trkpt lat="40.6004140" lon="-3.1077670">
    <ele>901.2</ele>
   </trkpt>
   <trkpt lat="40.6003610" lon="-3.1077070">
    <ele>901.2</ele>
   </trkpt>
   <trkpt lat="40.6003070" lon="-3.1076460">
    <ele>901.2</ele>
   </trkpt>
   <trkpt lat="40.6002540" lon="-3.1075840">
    <ele>901.2</ele>
   </trkpt>
   <trkpt lat="40.6002010" lon="-3.1075210">
    <ele>901.2</ele>
   </trkpt>
   <trkpt lat="40.6001430" lon="-3.1074590">
    <ele>901.2</ele>
   </trkpt>
   <trkpt lat="40.6000900" lon="-3.1073950">
    <ele>901.0</ele>
   </trkpt>
   <trkpt lat="40.6000370" lon="-3.1073310">
    <ele>901.0</ele>
   </trkpt>
   <trkpt lat="40.5999790" lon="-3.1072690">
    <ele>901.0</ele>
   </trkpt>
   <trkpt lat="40.5999260" lon="-3.1072080">
    <ele>901.0</ele>
   </trkpt>
   <trkpt lat="40.5998730" lon="-3.1071470">
    <ele>901.0</ele>
   </trkpt>
   <trkpt lat="40.5998190" lon="-3.1070850">
    <ele>900.8</ele>
   </trkpt>
   <trkpt lat="40.5997660" lon="-3.1070200">
    <ele>900.8</ele>
   </trkpt>
   <trkpt lat="40.5997090" lon="-3.1069600">
    <ele>900.8</ele>
   </trkpt>
   <trkpt lat="40.5996590" lon="-3.1069030">
    <ele>900.8</ele>
   </trkpt>
   <trkpt lat="40.5996060" lon="-3.1068410">
    <ele>900.6</ele>
   </trkpt>
   <trkpt lat="40.5995480" lon="-3.1067770">
    <ele>900.6</ele>
   </trkpt>
   <trkpt lat="40.5994950" lon="-3.1067150">
    <ele>900.6</ele>
   </trkpt>
   <trkpt lat="40.5994410" lon="-3.1066550">
    <ele>900.6</ele>
   </trkpt>
   <trkpt lat="40.5993880" lon="-3.1065960">
    <ele>900.4</ele>
   </trkpt>
   <trkpt lat="40.5993350" lon="-3.1065330">
    <ele>900.4</ele>
   </trkpt>
   <trkpt lat="40.5992810" lon="-3.1064670">
    <ele>900.4</ele>
   </trkpt>
   <trkpt lat="40.5992320" lon="-3.1064030">
    <ele>900.4</ele>
   </trkpt>
   <trkpt lat="40.5991820" lon="-3.1063410">
    <ele>900.4</ele>
   </trkpt>
   <trkpt lat="40.5991330" lon="-3.1062800">
    <ele>900.2</ele>
   </trkpt>
   <trkpt lat="40.5990790" lon="-3.1062180">
    <ele>900.2</ele>
   </trkpt>
   <trkpt lat="40.5990260" lon="-3.1061520">
    <ele>900.2</ele>
   </trkpt>
   <trkpt lat="40.5989720" lon="-3.1060850">
    <ele>900.2</ele>
   </trkpt>
   <trkpt lat="40.5989270" lon="-3.1060300">
    <ele>900.2</ele>
   </trkpt>
   <trkpt lat="40.5988770" lon="-3.1059660">
    <ele>900.2</ele>
   </trkpt>
   <trkpt lat="40.5988230" lon="-3.1059010">
    <ele>900.2</ele>
   </trkpt>
   <trkpt lat="40.5987740" lon="-3.1058390">
    <ele>900.2</ele>
   </trkpt>
   <trkpt lat="40.5987240" lon="-3.1057770">
    <ele>900.0</ele>
   </trkpt>
   <trkpt lat="40.5986710" lon="-3.1057140">
    <ele>900.0</ele>
   </trkpt>
   <trkpt lat="40.5986210" lon="-3.1056500">
    <ele>900.0</ele>
   </trkpt>
   <trkpt lat="40.5985720" lon="-3.1055890">
    <ele>900.0</ele>
   </trkpt>
   <trkpt lat="40.5985220" lon="-3.1055280">
    <ele>900.0</ele>
   </trkpt>
   <trkpt lat="40.5984690" lon="-3.1054670">
    <ele>900.0</ele>
   </trkpt>
   <trkpt lat="40.5984190" lon="-3.1054060">
    <ele>900.0</ele>
   </trkpt>
   <trkpt lat="40.5983660" lon="-3.1053440">
    <ele>899.8</ele>
   </trkpt>
   <trkpt lat="40.5983160" lon="-3.1052800">
    <ele>899.8</ele>
   </trkpt>
   <trkpt lat="40.5982630" lon="-3.1052170">
    <ele>899.8</ele>
   </trkpt>
   <trkpt lat="40.5982170" lon="-3.1051540">
    <ele>899.8</ele>
   </trkpt>
   <trkpt lat="40.5981670" lon="-3.1050930">
    <ele>899.8</ele>
   </trkpt>
   <trkpt lat="40.5981140" lon="-3.1050320">
    <ele>899.8</ele>
   </trkpt>
   <trkpt lat="40.5980640" lon="-3.1049700">
    <ele>899.8</ele>
   </trkpt>
   <trkpt lat="40.5980110" lon="-3.1049070">
    <ele>899.8</ele>
   </trkpt>
   <trkpt lat="40.5979610" lon="-3.1048450">
    <ele>899.6</ele>
   </trkpt>
   <trkpt lat="40.5979120" lon="-3.1047850">
    <ele>899.8</ele>
   </trkpt>
   <trkpt lat="40.5978660" lon="-3.1047260">
    <ele>899.8</ele>
   </trkpt>
   <trkpt lat="40.5978160" lon="-3.1046700">
    <ele>899.8</ele>
   </trkpt>
   <trkpt lat="40.5977710" lon="-3.1046130">
    <ele>899.6</ele>
   </trkpt>
   <trkpt lat="40.5977250" lon="-3.1045550">
    <ele>899.6</ele>
   </trkpt>
   <trkpt lat="40.5976750" lon="-3.1044960">
    <ele>899.6</ele>
   </trkpt>
   <trkpt lat="40.5976290" lon="-3.1044360">
    <ele>899.4</ele>
   </trkpt>
   <trkpt lat="40.5975800" lon="-3.1043770">
    <ele>899.4</ele>
   </trkpt>
   <trkpt lat="40.5975340" lon="-3.1043180">
    <ele>899.4</ele>
   </trkpt>
   <trkpt lat="40.5974850" lon="-3.1042590">
    <ele>899.4</ele>
   </trkpt>
   <trkpt lat="40.5974350" lon="-3.1042000">
    <ele>899.4</ele>
   </trkpt>
   <trkpt lat="40.5973850" lon="-3.1041410">
    <ele>899.2</ele>
   </trkpt>
   <trkpt lat="40.5973400" lon="-3.1040810">
    <ele>899.2</ele>
   </trkpt>
   <trkpt lat="40.5972900" lon="-3.1040190">
    <ele>899.0</ele>
   </trkpt>
   <trkpt lat="40.5972400" lon="-3.1039560">
    <ele>899.0</ele>
   </trkpt>
   <trkpt lat="40.5971910" lon="-3.1038940">
    <ele>899.0</ele>
   </trkpt>
   <trkpt lat="40.5971410" lon="-3.1038330">
    <ele>899.0</ele>
   </trkpt>
   <trkpt lat="40.5970880" lon="-3.1037730">
    <ele>899.0</ele>
   </trkpt>
   <trkpt lat="40.5970380" lon="-3.1037140">
    <ele>899.0</ele>
   </trkpt>
   <trkpt lat="40.5969890" lon="-3.1036560">
    <ele>898.8</ele>
   </trkpt>
   <trkpt lat="40.5969390" lon="-3.1035940">
    <ele>898.8</ele>
   </trkpt>
   <trkpt lat="40.5968890" lon="-3.1035330">
    <ele>898.8</ele>
   </trkpt>
   <trkpt lat="40.5968360" lon="-3.1034710">
    <ele>898.8</ele>
   </trkpt>
   <trkpt lat="40.5967860" lon="-3.1034090">
    <ele>898.6</ele>
   </trkpt>
   <trkpt lat="40.5967370" lon="-3.1033470">
    <ele>898.6</ele>
   </trkpt>
   <trkpt lat="40.5966870" lon="-3.1032870">
    <ele>898.4</ele>
   </trkpt>
   <trkpt lat="40.5966380" lon="-3.1032280">
    <ele>898.4</ele>
   </trkpt>
   <trkpt lat="40.5965840" lon="-3.1031670">
    <ele>898.4</ele>
   </trkpt>
   <trkpt lat="40.5965350" lon="-3.1031070">
    <ele>898.2</ele>
   </trkpt>
   <trkpt lat="40.5964890" lon="-3.1030490">
    <ele>898.2</ele>
   </trkpt>
   <trkpt lat="40.5964430" lon="-3.1029940">
    <ele>898.2</ele>
   </trkpt>
   <trkpt lat="40.5963940" lon="-3.1029350">
    <ele>898.2</ele>
   </trkpt>
   <trkpt lat="40.5963480" lon="-3.1028750">
    <ele>898.4</ele>
   </trkpt>
   <trkpt lat="40.5962980" lon="-3.1028160">
    <ele>898.4</ele>
   </trkpt>
   <trkpt lat="40.5962490" lon="-3.1027570">
    <ele>898.4</ele>
   </trkpt>
   <trkpt lat="40.5962030" lon="-3.1027000">
    <ele>898.4</ele>
   </trkpt>
   <trkpt lat="40.5961530" lon="-3.1026430">
    <ele>898.4</ele>
   </trkpt>
   <trkpt lat="40.5961080" lon="-3.1025860">
    <ele>898.4</ele>
   </trkpt>
   <trkpt lat="40.5960620" lon="-3.1025300">
    <ele>898.4</ele>
   </trkpt>
   <trkpt lat="40.5960160" lon="-3.1024740">
    <ele>898.6</ele>
   </trkpt>
   <trkpt lat="40.5959660" lon="-3.1024170">
    <ele>898.6</ele>
   </trkpt>
   <trkpt lat="40.5959210" lon="-3.1023570">
    <ele>898.6</ele>
   </trkpt>
   <trkpt lat="40.5958750" lon="-3.1023000">
    <ele>898.6</ele>
   </trkpt>
   <trkpt lat="40.5958250" lon="-3.1022450">
    <ele>898.6</ele>
   </trkpt>
   <trkpt lat="40.5957790" lon="-3.1021890">
    <ele>898.6</ele>
   </trkpt>
   <trkpt lat="40.5957370" lon="-3.1021330">
    <ele>898.8</ele>
   </trkpt>
   <trkpt lat="40.5956920" lon="-3.1020750">
    <ele>898.8</ele>
   </trkpt>
   <trkpt lat="40.5956460" lon="-3.1020190">
    <ele>898.8</ele>
   </trkpt>
   <trkpt lat="40.5956000" lon="-3.1019630">
    <ele>898.8</ele>
   </trkpt>
   <trkpt lat="40.5955580" lon="-3.1019080">
    <ele>899.0</ele>
   </trkpt>
   <trkpt lat="40.5955120" lon="-3.1018540">
    <ele>899.0</ele>
   </trkpt>
   <trkpt lat="40.5954670" lon="-3.1018000">
    <ele>899.0</ele>
   </trkpt>
   <trkpt lat="40.5954210" lon="-3.1017460">
    <ele>899.0</ele>
   </trkpt>
   <trkpt lat="40.5953790" lon="-3.1016920">
    <ele>899.0</ele>
   </trkpt>
   <trkpt lat="40.5953330" lon="-3.1016360">
    <ele>899.0</ele>
   </trkpt>
   <trkpt lat="40.5952870" lon="-3.1015800">
    <ele>899.2</ele>
   </trkpt>
   <trkpt lat="40.5952450" lon="-3.1015270">
    <ele>899.2</ele>
   </trkpt>
   <trkpt lat="40.5952000" lon="-3.1014730">
    <ele>899.2</ele>
   </trkpt>
   <trkpt lat="40.5951540" lon="-3.1014200">
    <ele>899.2</ele>
   </trkpt>
   <trkpt lat="40.5951120" lon="-3.1013670">
    <ele>899.2</ele>
   </trkpt>
   <trkpt lat="40.5950660" lon="-3.1013140">
    <ele>899.2</ele>
   </trkpt>
   <trkpt lat="40.5950200" lon="-3.1012630">
    <ele>899.4</ele>
   </trkpt>
   <trkpt lat="40.5949780" lon="-3.1012150">
    <ele>899.4</ele>
   </trkpt>
   <trkpt lat="40.5949400" lon="-3.1011670">
    <ele>899.6</ele>
   </trkpt>
   <trkpt lat="40.5948940" lon="-3.1011120">
    <ele>899.6</ele>
   </trkpt>
   <trkpt lat="40.5948520" lon="-3.1010580">
    <ele>899.8</ele>
   </trkpt>
   <trkpt lat="40.5948100" lon="-3.1010040">
    <ele>899.8</ele>
   </trkpt>
   <trkpt lat="40.5947680" lon="-3.1009520">
    <ele>900.0</ele>
   </trkpt>
   <trkpt lat="40.5947270" lon="-3.1009030">
    <ele>900.2</ele>
   </trkpt>
   <trkpt lat="40.5946850" lon="-3.1008530">
    <ele>900.2</ele>
   </trkpt>
   <trkpt lat="40.5946430" lon="-3.1008030">
    <ele>900.2</ele>
   </trkpt>
   <trkpt lat="40.5946010" lon="-3.1007500">
    <ele>900.4</ele>
   </trkpt>
   <trkpt lat="40.5945550" lon="-3.1006970">
    <ele>900.4</ele>
   </trkpt>
   <trkpt lat="40.5945130" lon="-3.1006480">
    <ele>900.6</ele>
   </trkpt>
   <trkpt lat="40.5944670" lon="-3.1005950">
    <ele>900.8</ele>
   </trkpt>
   <trkpt lat="40.5944290" lon="-3.1005450">
    <ele>900.8</ele>
   </trkpt>
   <trkpt lat="40.5943830" lon="-3.1004920">
    <ele>901.0</ele>
   </trkpt>
   <trkpt lat="40.5943410" lon="-3.1004410">
    <ele>901.0</ele>
   </trkpt>
   <trkpt lat="40.5942990" lon="-3.1003900">
    <ele>901.2</ele>
   </trkpt>
   <trkpt lat="40.5942570" lon="-3.1003390">
    <ele>901.4</ele>
   </trkpt>
   <trkpt lat="40.5942150" lon="-3.1002880">
    <ele>901.4</ele>
   </trkpt>
   <trkpt lat="40.5941730" lon="-3.1002380">
    <ele>901.4</ele>
   </trkpt>
   <trkpt lat="40.5941310" lon="-3.1001880">
    <ele>901.6</ele>
   </trkpt>
   <trkpt lat="40.5940890" lon="-3.1001370">
    <ele>901.8</ele>
   </trkpt>
   <trkpt lat="40.5940440" lon="-3.1000850">
    <ele>901.8</ele>
   </trkpt>
   <trkpt lat="40.5940060" lon="-3.1000340">
    <ele>901.8</ele>
   </trkpt>
   <trkpt lat="40.5939640" lon="-3.0999840">
    <ele>901.8</ele>
   </trkpt>
   <trkpt lat="40.5939220" lon="-3.0999350">
    <ele>902.0</ele>
   </trkpt>
   <trkpt lat="40.5938840" lon="-3.0998850">
    <ele>902.0</ele>
   </trkpt>
   <trkpt lat="40.5938420" lon="-3.0998350">
    <ele>902.0</ele>
   </trkpt>
   <trkpt lat="40.5938000" lon="-3.0997860">
    <ele>902.2</ele>
   </trkpt>
   <trkpt lat="40.5937610" lon="-3.0997380">
    <ele>902.2</ele>
   </trkpt>
   <trkpt lat="40.5937230" lon="-3.0996880">
    <ele>902.2</ele>
   </trkpt>
   <trkpt lat="40.5936810" lon="-3.0996360">
    <ele>902.2</ele>
   </trkpt>
   <trkpt lat="40.5936390" lon="-3.0995860">
    <ele>902.4</ele>
   </trkpt>
   <trkpt lat="40.5936010" lon="-3.0995360">
    <ele>902.4</ele>
   </trkpt>
   <trkpt lat="40.5935550" lon="-3.0994850">
    <ele>902.4</ele>
   </trkpt>
   <trkpt lat="40.5935170" lon="-3.0994340">
    <ele>902.4</ele>
   </trkpt>
   <trkpt lat="40.5934750" lon="-3.0993820">
    <ele>902.6</ele>
   </trkpt>
   <trkpt lat="40.5934370" lon="-3.0993320">
    <ele>902.6</ele>
   </trkpt>
   <trkpt lat="40.5933950" lon="-3.0992830">
    <ele>902.6</ele>
   </trkpt>
   <trkpt lat="40.5933530" lon="-3.0992320">
    <ele>902.6</ele>
   </trkpt>
   <trkpt lat="40.5933110" lon="-3.0991790">
    <ele>902.6</ele>
   </trkpt>
   <trkpt lat="40.5932690" lon="-3.0991280">
    <ele>902.8</ele>
   </trkpt>
   <trkpt lat="40.5932310" lon="-3.0990760">
    <ele>902.8</ele>
   </trkpt>
   <trkpt lat="40.5931890" lon="-3.0990240">
    <ele>902.8</ele>
   </trkpt>
   <trkpt lat="40.5931470" lon="-3.0989730">
    <ele>902.6</ele>
   </trkpt>
   <trkpt lat="40.5931050" lon="-3.0989210">
    <ele>902.6</ele>
   </trkpt>
   <trkpt lat="40.5930670" lon="-3.0988680">
    <ele>902.6</ele>
   </trkpt>
   <trkpt lat="40.5930210" lon="-3.0988140">
    <ele>902.6</ele>
   </trkpt>
   <trkpt lat="40.5929790" lon="-3.0987630">
    <ele>902.6</ele>
   </trkpt>
   <trkpt lat="40.5929370" lon="-3.0987130">
    <ele>902.6</ele>
   </trkpt>
   <trkpt lat="40.5928950" lon="-3.0986600">
    <ele>902.6</ele>
   </trkpt>
   <trkpt lat="40.5928540" lon="-3.0986060">
    <ele>902.4</ele>
   </trkpt>
   <trkpt lat="40.5928080" lon="-3.0985490">
    <ele>902.4</ele>
   </trkpt>
   <trkpt lat="40.5927620" lon="-3.0984910">
    <ele>902.4</ele>
   </trkpt>
   <trkpt lat="40.5927200" lon="-3.0984330">
    <ele>902.4</ele>
   </trkpt>
   <trkpt lat="40.5926780" lon="-3.0983720">
    <ele>902.2</ele>
   </trkpt>
   <trkpt lat="40.5926360" lon="-3.0983130">
    <ele>902.2</ele>
   </trkpt>
   <trkpt lat="40.5925980" lon="-3.0982540">
    <ele>902.2</ele>
   </trkpt>
   <trkpt lat="40.5925600" lon="-3.0981920">
    <ele>902.0</ele>
   </trkpt>
   <trkpt lat="40.5925220" lon="-3.0981280">
    <ele>902.0</ele>
   </trkpt>
   <trkpt lat="40.5924870" lon="-3.0980620">
    <ele>902.0</ele>
   </trkpt>
   <trkpt lat="40.5924530" lon="-3.0979940">
    <ele>901.8</ele>
   </trkpt>
   <trkpt lat="40.5924150" lon="-3.0979220">
    <ele>901.8</ele>
   </trkpt>
   <trkpt lat="40.5923800" lon="-3.0978480">
    <ele>901.6</ele>
   </trkpt>
   <trkpt lat="40.5923500" lon="-3.0977740">
    <ele>901.4</ele>
   </trkpt>
   <trkpt lat="40.5923190" lon="-3.0977020">
    <ele>901.4</ele>
   </trkpt>
   <trkpt lat="40.5922890" lon="-3.0976260">
    <ele>901.4</ele>
   </trkpt>
   <trkpt lat="40.5922580" lon="-3.0975490">
    <ele>901.2</ele>
   </trkpt>
   <trkpt lat="40.5922320" lon="-3.0974740">
    <ele>901.2</ele>
   </trkpt>
   <trkpt lat="40.5922050" lon="-3.0973980">
    <ele>901.2</ele>
   </trkpt>
   <trkpt lat="40.5921780" lon="-3.0973220">
    <ele>901.0</ele>
   </trkpt>
   <trkpt lat="40.5921520" lon="-3.0972460">
    <ele>901.0</ele>
   </trkpt>
   <trkpt lat="40.5921290" lon="-3.0971690">
    <ele>900.8</ele>
   </trkpt>
   <trkpt lat="40.5921020" lon="-3.0970910">
    <ele>900.8</ele>
   </trkpt>
   <trkpt lat="40.5920790" lon="-3.0970080">
    <ele>900.8</ele>
   </trkpt>
   <trkpt lat="40.5920560" lon="-3.0969240">
    <ele>900.6</ele>
   </trkpt>
   <trkpt lat="40.5920370" lon="-3.0968390">
    <ele>900.6</ele>
   </trkpt>
   <trkpt lat="40.5920220" lon="-3.0967520">
    <ele>900.6</ele>
   </trkpt>
   <trkpt lat="40.5920140" lon="-3.0966620">
    <ele>900.4</ele>
   </trkpt>
   <trkpt lat="40.5920110" lon="-3.0965730">
    <ele>900.4</ele>
   </trkpt>
   <trkpt lat="40.5920110" lon="-3.0964840">
    <ele>900.4</ele>
   </trkpt>
   <trkpt lat="40.5920180" lon="-3.0963950">
    <ele>900.4</ele>
   </trkpt>
   <trkpt lat="40.5920370" lon="-3.0963100">
    <ele>900.4</ele>
   </trkpt>
   <trkpt lat="40.5920600" lon="-3.0962250">
    <ele>900.4</ele>
   </trkpt>
   <trkpt lat="40.5920870" lon="-3.0961430">
    <ele>900.4</ele>
   </trkpt>
   <trkpt lat="40.5921130" lon="-3.0960610">
    <ele>900.4</ele>
   </trkpt>
   <trkpt lat="40.5921360" lon="-3.0959820">
    <ele>900.6</ele>
   </trkpt>
   <trkpt lat="40.5921480" lon="-3.0958990">
    <ele>900.6</ele>
   </trkpt>
   <trkpt lat="40.5921520" lon="-3.0958150">
    <ele>900.8</ele>
   </trkpt>
   <trkpt lat="40.5921400" lon="-3.0957350">
    <ele>900.8</ele>
   </trkpt>
   <trkpt lat="40.5921170" lon="-3.0956620">
    <ele>901.0</ele>
   </trkpt>
   <trkpt lat="40.5920910" lon="-3.0956000">
    <ele>901.0</ele>
   </trkpt>
   <trkpt lat="40.5920520" lon="-3.0955480">
    <ele>901.2</ele>
   </trkpt>
   <trkpt lat="40.5920070" lon="-3.0955010">
    <ele>901.4</ele>
   </trkpt>
   <trkpt lat="40.5919570" lon="-3.0954680">
    <ele>901.4</ele>
   </trkpt>
   <trkpt lat="40.5919040" lon="-3.0954520">
    <ele>901.6</ele>
   </trkpt>
   <trkpt lat="40.5918460" lon="-3.0954550">
    <ele>901.6</ele>
   </trkpt>
   <trkpt lat="40.5917970" lon="-3.0954770">
    <ele>901.8</ele>
   </trkpt>
   <trkpt lat="40.5917510" lon="-3.0955160">
    <ele>902.0</ele>
   </trkpt>
   <trkpt lat="40.5917170" lon="-3.0955680">
    <ele>902.0</ele>
   </trkpt>
   <trkpt lat="40.5916860" lon="-3.0956260">
    <ele>902.0</ele>
   </trkpt>
   <trkpt lat="40.5916600" lon="-3.0956830">
    <ele>902.2</ele>
   </trkpt>
   <trkpt lat="40.5916330" lon="-3.0957400">
    <ele>902.4</ele>
   </trkpt>
   <trkpt lat="40.5916020" lon="-3.0957900">
    <ele>902.6</ele>
   </trkpt>
   <trkpt lat="40.5915680" lon="-3.0958340">
    <ele>902.8</ele>
   </trkpt>
   <trkpt lat="40.5915300" lon="-3.0958680">
    <ele>902.8</ele>
   </trkpt>
   <trkpt lat="40.5914840" lon="-3.0958910">
    <ele>903.0</ele>
   </trkpt>
   <trkpt lat="40.5914340" lon="-3.0959030">
    <ele>903.2</ele>
   </trkpt>
   <trkpt lat="40.5913890" lon="-3.0959100">
    <ele>903.2</ele>
   </trkpt>
   <trkpt lat="40.5913390" lon="-3.0959140">
    <ele>903.4</ele>
   </trkpt>
   <trkpt lat="40.5912900" lon="-3.0959190">
    <ele>903.4</ele>
   </trkpt>
   <trkpt lat="40.5912440" lon="-3.0959340">
    <ele>903.6</ele>
   </trkpt>
   <trkpt lat="40.5911980" lon="-3.0959580">
    <ele>903.6</ele>
   </trkpt>
   <trkpt lat="40.5911520" lon="-3.0959910">
    <ele>903.6</ele>
   </trkpt>
   <trkpt lat="40.5911180" lon="-3.0960290">
    <ele>903.6</ele>
   </trkpt>
   <trkpt lat="40.5910830" lon="-3.0960740">
    <ele>903.6</ele>
   </trkpt>
   <trkpt lat="40.5910490" lon="-3.0961210">
    <ele>903.6</ele>
   </trkpt>
   <trkpt lat="40.5910190" lon="-3.0961700">
    <ele>903.8</ele>
   </trkpt>
   <trkpt lat="40.5909840" lon="-3.0962220">
    <ele>903.8</ele>
   </trkpt>
   <trkpt lat="40.5909500" lon="-3.0962710">
    <ele>903.8</ele>
   </trkpt>
   <trkpt lat="40.5909190" lon="-3.0963190">
    <ele>904.0</ele>
   </trkpt>
   <trkpt lat="40.5908850" lon="-3.0963670">
    <ele>904.0</ele>
   </trkpt>
   <trkpt lat="40.5908550" lon="-3.0964150">
    <ele>904.0</ele>
   </trkpt>
   <trkpt lat="40.5908200" lon="-3.0964640">
    <ele>904.2</ele>
   </trkpt>
   <trkpt lat="40.5907900" lon="-3.0965100">
    <ele>904.2</ele>
   </trkpt>
   <trkpt lat="40.5907550" lon="-3.0965580">
    <ele>904.2</ele>
   </trkpt>
   <trkpt lat="40.5907210" lon="-3.0966050">
    <ele>904.2</ele>
   </trkpt>
   <trkpt lat="40.5906870" lon="-3.0966500">
    <ele>904.2</ele>
   </trkpt>
   <trkpt lat="40.5906600" lon="-3.0966960">
    <ele>904.2</ele>
   </trkpt>
   <trkpt lat="40.5906260" lon="-3.0967450">
    <ele>904.2</ele>
   </trkpt>
   <trkpt lat="40.5905950" lon="-3.0967950">
    <ele>904.2</ele>
   </trkpt>
   <trkpt lat="40.5905680" lon="-3.0968440">
    <ele>904.0</ele>
   </trkpt>
   <trkpt lat="40.5905460" lon="-3.0968960">
    <ele>904.0</ele>
   </trkpt>
   <trkpt lat="40.5905270" lon="-3.0969550">
    <ele>903.8</ele>
   </trkpt>
   <trkpt lat="40.5905110" lon="-3.0970200">
    <ele>903.8</ele>
   </trkpt>
   <trkpt lat="40.5905040" lon="-3.0970890">
    <ele>903.8</ele>
   </trkpt>
   <trkpt lat="40.5905110" lon="-3.0971570">
    <ele>903.8</ele>
   </trkpt>
   <trkpt lat="40.5905270" lon="-3.0972240">
    <ele>903.8</ele>
   </trkpt>
   <trkpt lat="40.5905530" lon="-3.0972860">
    <ele>904.0</ele>
   </trkpt>
   <trkpt lat="40.5905880" lon="-3.0973420">
    <ele>904.0</ele>
   </trkpt>
   <trkpt lat="40.5906260" lon="-3.0973890">
    <ele>903.8</ele>
   </trkpt>
   <trkpt lat="40.5906750" lon="-3.0974270">
    <ele>903.8</ele>
   </trkpt>
   <trkpt lat="40.5907330" lon="-3.0974590">
    <ele>903.8</ele>
   </trkpt>
   <trkpt lat="40.5907900" lon="-3.0974860">
    <ele>903.6</ele>
   </trkpt>
   <trkpt lat="40.5908470" lon="-3.0975110">
    <ele>903.4</ele>
   </trkpt>
   <trkpt lat="40.5909080" lon="-3.0975360">
    <ele>903.2</ele>
   </trkpt>
   <trkpt lat="40.5909650" lon="-3.0975640">
    <ele>903.0</ele>
   </trkpt>
   <trkpt lat="40.5910300" lon="-3.0975910">
    <ele>902.8</ele>
   </trkpt>
   <trkpt lat="40.5910910" lon="-3.0976170">
    <ele>902.6</ele>
   </trkpt>
   <trkpt lat="40.5911560" lon="-3.0976460">
    <ele>902.4</ele>
   </trkpt>
   <trkpt lat="40.5912210" lon="-3.0976770">
    <ele>902.2</ele>
   </trkpt>
   <trkpt lat="40.5912860" lon="-3.0977090">
    <ele>902.0</ele>
   </trkpt>
   <trkpt lat="40.5913470" lon="-3.0977430">
    <ele>901.8</ele>
   </trkpt>
   <trkpt lat="40.5914080" lon="-3.0977800">
    <ele>901.6</ele>
   </trkpt>
   <trkpt lat="40.5914730" lon="-3.0978190">
    <ele>901.4</ele>
   </trkpt>
   <trkpt lat="40.5915370" lon="-3.0978590">
    <ele>901.2</ele>
   </trkpt>
   <trkpt lat="40.5915950" lon="-3.0978990">
    <ele>901.2</ele>
   </trkpt>
   <trkpt lat="40.5916600" lon="-3.0979410">
    <ele>901.0</ele>
   </trkpt>
   <trkpt lat="40.5917210" lon="-3.0979840">
    <ele>901.0</ele>
   </trkpt>
   <trkpt lat="40.5917780" lon="-3.0980290">
    <ele>901.0</ele>
   </trkpt>
   <trkpt lat="40.5918390" lon="-3.0980760">
    <ele>901.0</ele>
   </trkpt>
   <trkpt lat="40.5918920" lon="-3.0981240">
    <ele>900.8</ele>
   </trkpt>
   <trkpt lat="40.5919490" lon="-3.0981720">
    <ele>900.8</ele>
   </trkpt>
   <trkpt lat="40.5920030" lon="-3.0982230">
    <ele>901.0</ele>
   </trkpt>
   <trkpt lat="40.5920560" lon="-3.0982740">
    <ele>901.0</ele>
   </trkpt>
   <trkpt lat="40.5921060" lon="-3.0983260">
    <ele>901.2</ele>
   </trkpt>
   <trkpt lat="40.5921550" lon="-3.0983770">
    <ele>901.2</ele>
   </trkpt>
   <trkpt lat="40.5922010" lon="-3.0984280">
    <ele>901.4</ele>
   </trkpt>
   <trkpt lat="40.5922470" lon="-3.0984830">
    <ele>901.4</ele>
   </trkpt>
   <trkpt lat="40.5922930" lon="-3.0985370">
    <ele>901.6</ele>
   </trkpt>
   <trkpt lat="40.5923390" lon="-3.0985890">
    <ele>901.8</ele>
   </trkpt>
   <trkpt lat="40.5923800" lon="-3.0986400">
    <ele>902.0</ele>
   </trkpt>
   <trkpt lat="40.5924260" lon="-3.0986910">
    <ele>902.2</ele>
   </trkpt>
   <trkpt lat="40.5924720" lon="-3.0987390">
    <ele>902.2</ele>
   </trkpt>
   <trkpt lat="40.5925140" lon="-3.0987890">
    <ele>902.4</ele>
   </trkpt>
   <trkpt lat="40.5925560" lon="-3.0988400">
    <ele>902.6</ele>
   </trkpt>
   <trkpt lat="40.5925980" lon="-3.0988900">
    <ele>902.8</ele>
   </trkpt>
   <trkpt lat="40.5926440" lon="-3.0989370">
    <ele>902.8</ele>
   </trkpt>
   <trkpt lat="40.5926820" lon="-3.0989850">
    <ele>903.0</ele>
   </trkpt>
   <trkpt lat="40.5927240" lon="-3.0990350">
    <ele>903.0</ele>
   </trkpt>
   <trkpt lat="40.5927660" lon="-3.0990840">
    <ele>903.2</ele>
   </trkpt>
   <trkpt lat="40.5928080" lon="-3.0991330">
    <ele>903.2</ele>
   </trkpt>
   <trkpt lat="40.5928460" lon="-3.0991830">
    <ele>903.2</ele>
   </trkpt>
   <trkpt lat="40.5928880" lon="-3.0992340">
    <ele>903.4</ele>
   </trkpt>
   <trkpt lat="40.5929260" lon="-3.0992840">
    <ele>903.4</ele>
   </trkpt>
   <trkpt lat="40.5929680" lon="-3.0993320">
    <ele>903.4</ele>
   </trkpt>
   <trkpt lat="40.5930100" lon="-3.0993810">
    <ele>903.6</ele>
   </trkpt>
   <trkpt lat="40.5930480" lon="-3.0994320">
    <ele>903.6</ele>
   </trkpt>
   <trkpt lat="40.5930900" lon="-3.0994840">
    <ele>903.6</ele>
   </trkpt>
   <trkpt lat="40.5931320" lon="-3.0995380">
    <ele>903.6</ele>
   </trkpt>
   <trkpt lat="40.5931740" lon="-3.0995900">
    <ele>903.6</ele>
   </trkpt>
   <trkpt lat="40.5932160" lon="-3.0996410">
    <ele>903.8</ele>
   </trkpt>
   <trkpt lat="40.5932580" lon="-3.0996900">
    <ele>903.8</ele>
   </trkpt>
   <trkpt lat="40.5933000" lon="-3.0997390">
    <ele>903.8</ele>
   </trkpt>
   <trkpt lat="40.5933490" lon="-3.0997840">
    <ele>903.8</ele>
   </trkpt>
   <trkpt lat="40.5933990" lon="-3.0998240">
    <ele>903.8</ele>
   </trkpt>
   <trkpt lat="40.5934490" lon="-3.0998630">
    <ele>903.8</ele>
   </trkpt>
   <trkpt lat="40.5935020" lon="-3.0999000">
    <ele>903.6</ele>
   </trkpt>
   <trkpt lat="40.5935550" lon="-3.0999390">
    <ele>903.6</ele>
   </trkpt>
   <trkpt lat="40.5936010" lon="-3.0999820">
    <ele>903.8</ele>
   </trkpt>
   <trkpt lat="40.5936430" lon="-3.1000290">
    <ele>903.8</ele>
   </trkpt>
   <trkpt lat="40.5936780" lon="-3.1000830">
    <ele>903.8</ele>
   </trkpt>
   <trkpt lat="40.5937040" lon="-3.1001420">
    <ele>903.8</ele>
   </trkpt>
   <trkpt lat="40.5937270" lon="-3.1002010">
    <ele>903.6</ele>
   </trkpt>
   <trkpt lat="40.5937420" lon="-3.1002530">
    <ele>903.6</ele>
   </trkpt>
   <trkpt lat="40.5937580" lon="-3.1002950">
    <ele>903.8</ele>
   </trkpt>
   <trkpt lat="40.5937690" lon="-3.1003320">
    <ele>903.8</ele>
   </trkpt>
   <trkpt lat="40.5937730" lon="-3.1003720">
    <ele>903.6</ele>
   </trkpt>
   <trkpt lat="40.5937770" lon="-3.1004210">
    <ele>903.4</ele>
   </trkpt>
   <trkpt lat="40.5937810" lon="-3.1004760">
    <ele>903.2</ele>
   </trkpt>
   <trkpt lat="40.5937920" lon="-3.1005400">
    <ele>903.0</ele>
   </trkpt>
   <trkpt lat="40.5938110" lon="-3.1006100">
    <ele>902.6</ele>
   </trkpt>
   <trkpt lat="40.5938300" lon="-3.1006840">
    <ele>902.4</ele>
   </trkpt>
   <trkpt lat="40.5938490" lon="-3.1007630">
    <ele>902.2</ele>
   </trkpt>
   <trkpt lat="40.5938720" lon="-3.1008440">
    <ele>901.8</ele>
   </trkpt>
   <trkpt lat="40.5938870" lon="-3.1009250">
    <ele>901.6</ele>
   </trkpt>
   <trkpt lat="40.5939030" lon="-3.1010080">
    <ele>901.2</ele>
   </trkpt>
   <trkpt lat="40.5939180" lon="-3.1010930">
    <ele>900.8</ele>
   </trkpt>
   <trkpt lat="40.5939370" lon="-3.1011780">
    <ele>900.4</ele>
   </trkpt>
   <trkpt lat="40.5939600" lon="-3.1012610">
    <ele>900.2</ele>
   </trkpt>
   <trkpt lat="40.5939900" lon="-3.1013390">
    <ele>900.2</ele>
   </trkpt>
   <trkpt lat="40.5940280" lon="-3.1014110">
    <ele>900.2</ele>
   </trkpt>
   <trkpt lat="40.5940780" lon="-3.1014730">
    <ele>900.0</ele>
   </trkpt>
   <trkpt lat="40.5941350" lon="-3.1015210">
    <ele>900.0</ele>
   </trkpt>
   <trkpt lat="40.5941920" lon="-3.1015600">
    <ele>900.0</ele>
   </trkpt>
   <trkpt lat="40.5942460" lon="-3.1016040">
    <ele>899.8</ele>
   </trkpt>
   <trkpt lat="40.5942920" lon="-3.1016620">
    <ele>899.8</ele>
   </trkpt>
   <trkpt lat="40.5943300" lon="-3.1017310">
    <ele>899.6</ele>
   </trkpt>
   <trkpt lat="40.5943530" lon="-3.1018090">
    <ele>899.6</ele>
   </trkpt>
   <trkpt lat="40.5943720" lon="-3.1018950">
    <ele>899.4</ele>
   </trkpt>
   <trkpt lat="40.5943830" lon="-3.1019850">
    <ele>899.4</ele>
   </trkpt>
   <trkpt lat="40.5943830" lon="-3.1020750">
    <ele>899.4</ele>
   </trkpt>
   <trkpt lat="40.5943760" lon="-3.1021630">
    <ele>899.2</ele>
   </trkpt>
   <trkpt lat="40.5943570" lon="-3.1022470">
    <ele>899.2</ele>
   </trkpt>
   <trkpt lat="40.5943370" lon="-3.1023300">
    <ele>899.2</ele>
   </trkpt>
   <trkpt lat="40.5943220" lon="-3.1024130">
    <ele>899.2</ele>
   </trkpt>
   <trkpt lat="40.5943180" lon="-3.1024980">
    <ele>899.2</ele>
   </trkpt>
   <trkpt lat="40.5943260" lon="-3.1025810">
    <ele>899.4</ele>
   </trkpt>
   <trkpt lat="40.5943490" lon="-3.1026610">
    <ele>899.4</ele>
   </trkpt>
   <trkpt lat="40.5943910" lon="-3.1027320">
    <ele>899.4</ele>
   </trkpt>
   <trkpt lat="40.5944400" lon="-3.1027920">
    <ele>899.4</ele>
   </trkpt>
   <trkpt lat="40.5945010" lon="-3.1028320">
    <ele>899.4</ele>
   </trkpt>
   <trkpt lat="40.5945700" lon="-3.1028500">
    <ele>899.4</ele>
   </trkpt>
   <trkpt lat="40.5946390" lon="-3.1028540">
    <ele>899.4</ele>
   </trkpt>
   <trkpt lat="40.5947070" lon="-3.1028500">
    <ele>899.4</ele>
   </trkpt>
   <trkpt lat="40.5947760" lon="-3.1028480">
    <ele>899.4</ele>
   </trkpt>
   <trkpt lat="40.5948450" lon="-3.1028490">
    <ele>899.4</ele>
   </trkpt>
   <trkpt lat="40.5949100" lon="-3.1028540">
    <ele>899.2</ele>
   </trkpt>
   <trkpt lat="40.5949750" lon="-3.1028600">
    <ele>899.2</ele>
   </trkpt>
   <trkpt lat="40.5950320" lon="-3.1028650">
    <ele>899.4</ele>
   </trkpt>
   <trkpt lat="40.5950890" lon="-3.1028710">
    <ele>899.4</ele>
   </trkpt>
   <trkpt lat="40.5951460" lon="-3.1028800">
    <ele>899.4</ele>
   </trkpt>
   <trkpt lat="40.5952030" lon="-3.1028890">
    <ele>899.4</ele>
   </trkpt>
   <trkpt lat="40.5952610" lon="-3.1029020">
    <ele>899.4</ele>
   </trkpt>
   <trkpt lat="40.5953220" lon="-3.1029190">
    <ele>899.4</ele>
   </trkpt>
   <trkpt lat="40.5953860" lon="-3.1029400">
    <ele>899.4</ele>
   </trkpt>
   <trkpt lat="40.5954510" lon="-3.1029630">
    <ele>899.2</ele>
   </trkpt>
   <trkpt lat="40.5955160" lon="-3.1029880">
    <ele>899.2</ele>
   </trkpt>
   <trkpt lat="40.5955810" lon="-3.1030150">
    <ele>899.2</ele>
   </trkpt>
   <trkpt lat="40.5956420" lon="-3.1030430">
    <ele>899.2</ele>
   </trkpt>
   <trkpt lat="40.5957070" lon="-3.1030750">
    <ele>899.2</ele>
   </trkpt>
   <trkpt lat="40.5957640" lon="-3.1031080">
    <ele>899.4</ele>
   </trkpt>
   <trkpt lat="40.5958250" lon="-3.1031420">
    <ele>899.4</ele>
   </trkpt>
   <trkpt lat="40.5958820" lon="-3.1031750">
    <ele>899.4</ele>
   </trkpt>
   <trkpt lat="40.5959400" lon="-3.1032100">
    <ele>899.4</ele>
   </trkpt>
   <trkpt lat="40.5959970" lon="-3.1032480">
    <ele>899.2</ele>
   </trkpt>
   <trkpt lat="40.5960580" lon="-3.1032890">
    <ele>899.2</ele>
   </trkpt>
   <trkpt lat="40.5961150" lon="-3.1033300">
    <ele>899.2</ele>
   </trkpt>
   <trkpt lat="40.5961720" lon="-3.1033730">
    <ele>899.2</ele>
   </trkpt>
   <trkpt lat="40.5962260" lon="-3.1034150">
    <ele>899.2</ele>
   </trkpt>
   <trkpt lat="40.5962710" lon="-3.1034560">
    <ele>899.2</ele>
   </trkpt>
   <trkpt lat="40.5963170" lon="-3.1034980">
    <ele>899.4</ele>
   </trkpt>
   <trkpt lat="40.5963630" lon="-3.1035430">
    <ele>899.4</ele>
   </trkpt>
   <trkpt lat="40.5964090" lon="-3.1035900">
    <ele>899.4</ele>
   </trkpt>
   <trkpt lat="40.5964510" lon="-3.1036360">
    <ele>899.6</ele>
   </trkpt>
   <trkpt lat="40.5964930" lon="-3.1036820">
    <ele>899.6</ele>
   </trkpt>
   <trkpt lat="40.5965270" lon="-3.1037280">
    <ele>899.8</ele>
   </trkpt>
   <trkpt lat="40.5965610" lon="-3.1037700">
    <ele>899.8</ele>
   </trkpt>
   <trkpt lat="40.5965960" lon="-3.1038110">
    <ele>899.8</ele>
   </trkpt>
   <trkpt lat="40.5966260" lon="-3.1038540">
    <ele>900.0</ele>
   </trkpt>
   <trkpt lat="40.5966450" lon="-3.1038990">
    <ele>900.0</ele>
   </trkpt>
   <trkpt lat="40.5966570" lon="-3.1039480">
    <ele>900.0</ele>
   </trkpt>
   <trkpt lat="40.5966530" lon="-3.1039930">
    <ele>900.0</ele>
   </trkpt>
   <trkpt lat="40.5966340" lon="-3.1040310">
    <ele>900.0</ele>
   </trkpt>
   <trkpt lat="40.5966150" lon="-3.1040630">
    <ele>900.0</ele>
   </trkpt>
   <trkpt lat="40.5966030" lon="-3.1040960">
    <ele>900.0</ele>
   </trkpt>
   <trkpt lat="40.5966000" lon="-3.1041270">
    <ele>900.0</ele>
   </trkpt>
   <trkpt lat="40.5966000" lon="-3.1041550">
    <ele>900.0</ele>
   </trkpt>
   <trkpt lat="40.5966030" lon="-3.1041830">
    <ele>900.0</ele>
   </trkpt>
   <trkpt lat="40.5966110" lon="-3.1042130">
    <ele>900.0</ele>
   </trkpt>
   <trkpt lat="40.5966190" lon="-3.1042440">
    <ele>900.0</ele>
   </trkpt>
   <trkpt lat="40.5966340" lon="-3.1042740">
    <ele>900.0</ele>
   </trkpt>
   <trkpt lat="40.5966490" lon="-3.1043050">
    <ele>900.2</ele>
   </trkpt>
   <trkpt lat="40.5966680" lon="-3.1043370">
    <ele>900.2</ele>
   </trkpt>
   <trkpt lat="40.5966840" lon="-3.1043700">
    <ele>900.4</ele>
   </trkpt>
   <trkpt lat="40.5967030" lon="-3.1044060">
    <ele>900.4</ele>
   </trkpt>
   <trkpt lat="40.5967290" lon="-3.1044460">
    <ele>900.6</ele>
   </trkpt>
   <trkpt lat="40.5967560" lon="-3.1044850">
    <ele>900.6</ele>
   </trkpt>
   <trkpt lat="40.5967830" lon="-3.1045180">
    <ele>900.8</ele>
   </trkpt>
   <trkpt lat="40.5968130" lon="-3.1045470">
    <ele>900.8</ele>
   </trkpt>
   <trkpt lat="40.5968480" lon="-3.1045720">
    <ele>901.0</ele>
   </trkpt>
   <trkpt lat="40.5968860" lon="-3.1045960">
    <ele>901.2</ele>
   </trkpt>
   <trkpt lat="40.5969200" lon="-3.1046250">
    <ele>901.2</ele>
   </trkpt>
   <trkpt lat="40.5969500" lon="-3.1046600">
    <ele>901.4</ele>
   </trkpt>
   <trkpt lat="40.5969850" lon="-3.1047020">
    <ele>901.4</ele>
   </trkpt>
   <trkpt lat="40.5970190" lon="-3.1047510">
    <ele>901.4</ele>
   </trkpt>
   <trkpt lat="40.5970460" lon="-3.1048040">
    <ele>901.4</ele>
   </trkpt>
   <trkpt lat="40.5970650" lon="-3.1048580">
    <ele>901.4</ele>
   </trkpt>
   <trkpt lat="40.5970840" lon="-3.1049110">
    <ele>901.6</ele>
   </trkpt>
   <trkpt lat="40.5970990" lon="-3.1049650">
    <ele>901.6</ele>
   </trkpt>
   <trkpt lat="40.5971110" lon="-3.1050210">
    <ele>901.6</ele>
   </trkpt>
   <trkpt lat="40.5971220" lon="-3.1050800">
    <ele>901.6</ele>
   </trkpt>
   <trkpt lat="40.5971300" lon="-3.1051400">
    <ele>901.8</ele>
   </trkpt>
   <trkpt lat="40.5971370" lon="-3.1051980">
    <ele>901.8</ele>
   </trkpt>
   <trkpt lat="40.5971530" lon="-3.1052530">
    <ele>901.8</ele>
   </trkpt>
   <trkpt lat="40.5971600" lon="-3.1053080">
    <ele>901.8</ele>
   </trkpt>
   <trkpt lat="40.5971680" lon="-3.1053640">
    <ele>901.8</ele>
   </trkpt>
   <trkpt lat="40.5971760" lon="-3.1054180">
    <ele>901.6</ele>
   </trkpt>
   <trkpt lat="40.5971830" lon="-3.1054740">
    <ele>901.6</ele>
   </trkpt>
   <trkpt lat="40.5971950" lon="-3.1055330">
    <ele>901.6</ele>
   </trkpt>
   <trkpt lat="40.5972140" lon="-3.1055900">
    <ele>901.6</ele>
   </trkpt>
   <trkpt lat="40.5972290" lon="-3.1056430">
    <ele>901.6</ele>
   </trkpt>
   <trkpt lat="40.5972480" lon="-3.1056970">
    <ele>901.6</ele>
   </trkpt>
   <trkpt lat="40.5972710" lon="-3.1057540">
    <ele>901.6</ele>
   </trkpt>
   <trkpt lat="40.5972940" lon="-3.1058140">
    <ele>901.6</ele>
   </trkpt>
   <trkpt lat="40.5973130" lon="-3.1058730">
    <ele>901.6</ele>
   </trkpt>
   <trkpt lat="40.5973400" lon="-3.1059330">
    <ele>901.6</ele>
   </trkpt>
   <trkpt lat="40.5973630" lon="-3.1059950">
    <ele>901.4</ele>
   </trkpt>
   <trkpt lat="40.5973890" lon="-3.1060590">
    <ele>901.4</ele>
   </trkpt>
   <trkpt lat="40.5974120" lon="-3.1061240">
    <ele>901.2</ele>
   </trkpt>
   <trkpt lat="40.5974390" lon="-3.1061890">
    <ele>901.0</ele>
   </trkpt>
   <trkpt lat="40.5974620" lon="-3.1062530">
    <ele>901.0</ele>
   </trkpt>
   <trkpt lat="40.5974850" lon="-3.1063180">
    <ele>900.8</ele>
   </trkpt>
   <trkpt lat="40.5975070" lon="-3.1063850">
    <ele>900.6</ele>
   </trkpt>
   <trkpt lat="40.5975300" lon="-3.1064540">
    <ele>900.4</ele>
   </trkpt>
   <trkpt lat="40.5975460" lon="-3.1065230">
    <ele>900.2</ele>
   </trkpt>
   <trkpt lat="40.5975570" lon="-3.1065920">
    <ele>900.0</ele>
   </trkpt>
   <trkpt lat="40.5975760" lon="-3.1066600">
    <ele>900.0</ele>
   </trkpt>
   <trkpt lat="40.5975950" lon="-3.1067280">
    <ele>899.8</ele>
   </trkpt>
   <trkpt lat="40.5976100" lon="-3.1067950">
    <ele>899.8</ele>
   </trkpt>
   <trkpt lat="40.5976180" lon="-3.1068610">
    <ele>899.6</ele>
   </trkpt>
   <trkpt lat="40.5976260" lon="-3.1069290">
    <ele>899.6</ele>
   </trkpt>
   <trkpt lat="40.5976330" lon="-3.1069950">
    <ele>899.6</ele>
   </trkpt>
   <trkpt lat="40.5976520" lon="-3.1070580">
    <ele>899.6</ele>
   </trkpt>
   <trkpt lat="40.5976750" lon="-3.1071170">
    <ele>899.6</ele>
   </trkpt>
   <trkpt lat="40.5977020" lon="-3.1071740">
    <ele>899.4</ele>
   </trkpt>
   <trkpt lat="40.5977330" lon="-3.1072310">
    <ele>899.4</ele>
   </trkpt>
   <trkpt lat="40.5977670" lon="-3.1072910">
    <ele>899.2</ele>
   </trkpt>
   <trkpt lat="40.5978010" lon="-3.1073550">
    <ele>899.2</ele>
   </trkpt>
   <trkpt lat="40.5978280" lon="-3.1074230">
    <ele>899.0</ele>
   </trkpt>
   <trkpt lat="40.5978510" lon="-3.1074920">
    <ele>899.0</ele>
   </trkpt>
   <trkpt lat="40.5978740" lon="-3.1075610">
    <ele>899.0</ele>
   </trkpt>
   <trkpt lat="40.5978970" lon="-3.1076340">
    <ele>899.0</ele>
   </trkpt>
   <trkpt lat="40.5979120" lon="-3.1077080">
    <ele>899.0</ele>
   </trkpt>
   <trkpt lat="40.5979270" lon="-3.1077830">
    <ele>899.0</ele>
   </trkpt>
   <trkpt lat="40.5979350" lon="-3.1078580">
    <ele>899.0</ele>
   </trkpt>
   <trkpt lat="40.5979390" lon="-3.1079340">
    <ele>899.0</ele>
   </trkpt>
   <trkpt lat="40.5979390" lon="-3.1080080">
    <ele>899.2</ele>
   </trkpt>
   <trkpt lat="40.5979390" lon="-3.1080790">
    <ele>899.4</ele>
   </trkpt>
   <trkpt lat="40.5979390" lon="-3.1081490">
    <ele>899.4</ele>
   </trkpt>
   <trkpt lat="40.5979310" lon="-3.1082190">
    <ele>899.4</ele>
   </trkpt>
   <trkpt lat="40.5979190" lon="-3.1082860">
    <ele>899.6</ele>
   </trkpt>
   <trkpt lat="40.5979000" lon="-3.1083540">
    <ele>899.6</ele>
   </trkpt>
   <trkpt lat="40.5978780" lon="-3.1084210">
    <ele>899.8</ele>
   </trkpt>
   <trkpt lat="40.5978580" lon="-3.1084850">
    <ele>900.0</ele>
   </trkpt>
   <trkpt lat="40.5978390" lon="-3.1085470">
    <ele>900.0</ele>
   </trkpt>
   <trkpt lat="40.5978160" lon="-3.1086070">
    <ele>900.2</ele>
   </trkpt>
   <trkpt lat="40.5977940" lon="-3.1086690">
    <ele>900.2</ele>
   </trkpt>
   <trkpt lat="40.5977740" lon="-3.1087320">
    <ele>900.4</ele>
   </trkpt>
   <trkpt lat="40.5977550" lon="-3.1087960">
    <ele>900.4</ele>
   </trkpt>
   <trkpt lat="40.5977360" lon="-3.1088580">
    <ele>900.4</ele>
   </trkpt>
   <trkpt lat="40.5977170" lon="-3.1089220">
    <ele>900.4</ele>
   </trkpt>
   <trkpt lat="40.5977020" lon="-3.1089880">
    <ele>900.4</ele>
   </trkpt>
   <trkpt lat="40.5976870" lon="-3.1090550">
    <ele>900.4</ele>
   </trkpt>
   <trkpt lat="40.5976710" lon="-3.1091210">
    <ele>900.4</ele>
   </trkpt>
   <trkpt lat="40.5976560" lon="-3.1091870">
    <ele>900.2</ele>
   </trkpt>
   <trkpt lat="40.5976410" lon="-3.1092550">
    <ele>900.2</ele>
   </trkpt>
   <trkpt lat="40.5976260" lon="-3.1093200">
    <ele>900.0</ele>
   </trkpt>
   <trkpt lat="40.5976070" lon="-3.1093850">
    <ele>900.0</ele>
   </trkpt>
   <trkpt lat="40.5975880" lon="-3.1094490">
    <ele>900.0</ele>
   </trkpt>
   <trkpt lat="40.5975610" lon="-3.1095100">
    <ele>900.0</ele>
   </trkpt>
   <trkpt lat="40.5975380" lon="-3.1095670">
    <ele>900.0</ele>
   </trkpt>
   <trkpt lat="40.5975150" lon="-3.1096200">
    <ele>900.0</ele>
   </trkpt>
   <trkpt lat="40.5974920" lon="-3.1096690">
    <ele>900.0</ele>
   </trkpt>
   <trkpt lat="40.5974690" lon="-3.1097140">
    <ele>900.0</ele>
   </trkpt>
   <trkpt lat="40.5974500" lon="-3.1097570">
    <ele>900.2</ele>
   </trkpt>
   <trkpt lat="40.5974350" lon="-3.1097970">
    <ele>900.2</ele>
   </trkpt>
   <trkpt lat="40.5974160" lon="-3.1098330">
    <ele>900.4</ele>
   </trkpt>
   <trkpt lat="40.5973930" lon="-3.1098600">
    <ele>900.4</ele>
   </trkpt>
   <trkpt lat="40.5973660" lon="-3.1098730">
    <ele>900.6</ele>
   </trkpt>
   <trkpt lat="40.5973360" lon="-3.1098690">
    <ele>900.6</ele>
   </trkpt>
   <trkpt lat="40.5973050" lon="-3.1098500">
    <ele>900.6</ele>
   </trkpt>
   <trkpt lat="40.5972790" lon="-3.1098200">
    <ele>900.6</ele>
   </trkpt>
   <trkpt lat="40.5972520" lon="-3.1097840">
    <ele>900.4</ele>
   </trkpt>
   <trkpt lat="40.5972250" lon="-3.1097450">
    <ele>900.4</ele>
   </trkpt>
   <trkpt lat="40.5971980" lon="-3.1097040">
    <ele>900.2</ele>
   </trkpt>
   <trkpt lat="40.5971680" lon="-3.1096630">
    <ele>900.0</ele>
   </trkpt>
   <trkpt lat="40.5971370" lon="-3.1096240">
    <ele>899.8</ele>
   </trkpt>
   <trkpt lat="40.5970990" lon="-3.1095860">
    <ele>899.6</ele>
   </trkpt>
   <trkpt lat="40.5970610" lon="-3.1095460">
    <ele>899.4</ele>
   </trkpt>
   <trkpt lat="40.5970270" lon="-3.1095060">
    <ele>899.2</ele>
   </trkpt>
   <trkpt lat="40.5969890" lon="-3.1094680">
    <ele>899.0</ele>
   </trkpt>
   <trkpt lat="40.5969470" lon="-3.1094390">
    <ele>899.0</ele>
   </trkpt>
   <trkpt lat="40.5969050" lon="-3.1094200">
    <ele>898.8</ele>
   </trkpt>
   <trkpt lat="40.5968630" lon="-3.1094010">
    <ele>898.8</ele>
   </trkpt>
   <trkpt lat="40.5968170" lon="-3.1093800">
    <ele>898.6</ele>
   </trkpt>
   <trkpt lat="40.5967790" lon="-3.1093540">
    <ele>898.6</ele>
   </trkpt>
   <trkpt lat="40.5967410" lon="-3.1093230">
    <ele>898.6</ele>
   </trkpt>
   <trkpt lat="40.5967060" lon="-3.1092890">
    <ele>898.6</ele>
   </trkpt>
   <trkpt lat="40.5966760" lon="-3.1092560">
    <ele>898.4</ele>
   </trkpt>
   <trkpt lat="40.5966450" lon="-3.1092230">
    <ele>898.4</ele>
   </trkpt>
   <trkpt lat="40.5966190" lon="-3.1091910">
    <ele>898.4</ele>
   </trkpt>
   <trkpt lat="40.5965880" lon="-3.1091580">
    <ele>898.4</ele>
   </trkpt>
   <trkpt lat="40.5965610" lon="-3.1091260">
    <ele>898.4</ele>
   </trkpt>
   <trkpt lat="40.5965270" lon="-3.1090920">
    <ele>898.4</ele>
   </trkpt>
   <trkpt lat="40.5964970" lon="-3.1090570">
    <ele>898.2</ele>
   </trkpt>
   <trkpt lat="40.5964620" lon="-3.1090200">
    <ele>898.2</ele>
   </trkpt>
   <trkpt lat="40.5964280" lon="-3.1089800">
    <ele>898.2</ele>
   </trkpt>
   <trkpt lat="40.5963900" lon="-3.1089380">
    <ele>898.0</ele>
   </trkpt>
   <trkpt lat="40.5963520" lon="-3.1088950">
    <ele>898.0</ele>
   </trkpt>
   <trkpt lat="40.5963130" lon="-3.1088500">
    <ele>898.0</ele>
   </trkpt>
   <trkpt lat="40.5962750" lon="-3.1088060">
    <ele>898.0</ele>
   </trkpt>
   <trkpt lat="40.5962370" lon="-3.1087620">
    <ele>897.8</ele>
   </trkpt>
   <trkpt lat="40.5961990" lon="-3.1087210">
    <ele>897.8</ele>
   </trkpt>
   <trkpt lat="40.5961610" lon="-3.1086820">
    <ele>897.8</ele>
   </trkpt>
   <trkpt lat="40.5961230" lon="-3.1086450">
    <ele>897.6</ele>
   </trkpt>
   <trkpt lat="40.5960850" lon="-3.1086050">
    <ele>897.6</ele>
   </trkpt>
   <trkpt lat="40.5960460" lon="-3.1085660">
    <ele>897.6</ele>
   </trkpt>
   <trkpt lat="40.5960120" lon="-3.1085290">
    <ele>897.6</ele>
   </trkpt>
   <trkpt lat="40.5959820" lon="-3.1084950">
    <ele>897.6</ele>
   </trkpt>
   <trkpt lat="40.5959510" lon="-3.1084600">
    <ele>897.6</ele>
   </trkpt>
   <trkpt lat="40.5959170" lon="-3.1084260">
    <ele>897.6</ele>
   </trkpt>
   <trkpt lat="40.5958860" lon="-3.1083970">
    <ele>897.8</ele>
   </trkpt>
   <trkpt lat="40.5958520" lon="-3.1083840">
    <ele>897.8</ele>
   </trkpt>
   <trkpt lat="40.5958210" lon="-3.1083880">
    <ele>897.8</ele>
   </trkpt>
   <trkpt lat="40.5957870" lon="-3.1084060">
    <ele>897.8</ele>
   </trkpt>
   <trkpt lat="40.5957640" lon="-3.1084390">
    <ele>897.8</ele>
   </trkpt>
   <trkpt lat="40.5957410" lon="-3.1084800">
    <ele>897.8</ele>
   </trkpt>
   <trkpt lat="40.5957150" lon="-3.1085250">
    <ele>897.8</ele>
   </trkpt>
   <trkpt lat="40.5956880" lon="-3.1085700">
    <ele>897.6</ele>
   </trkpt>
   <trkpt lat="40.5956570" lon="-3.1086170">
    <ele>897.6</ele>
   </trkpt>
   <trkpt lat="40.5956270" lon="-3.1086680">
    <ele>897.6</ele>
   </trkpt>
   <trkpt lat="40.5956000" lon="-3.1087210">
    <ele>897.6</ele>
   </trkpt>
   <trkpt lat="40.5955730" lon="-3.1087750">
    <ele>897.6</ele>
   </trkpt>
   <trkpt lat="40.5955430" lon="-3.1088290">
    <ele>897.4</ele>
   </trkpt>
   <trkpt lat="40.5955120" lon="-3.1088860">
    <ele>897.4</ele>
   </trkpt>
   <trkpt lat="40.5954820" lon="-3.1089410">
    <ele>897.4</ele>
   </trkpt>
   <trkpt lat="40.5954510" lon="-3.1089930">
    <ele>897.4</ele>
   </trkpt>
   <trkpt lat="40.5954170" lon="-3.1090440">
    <ele>897.4</ele>
   </trkpt>
   <trkpt lat="40.5953900" lon="-3.1090920">
    <ele>897.4</ele>
   </trkpt>
   <trkpt lat="40.5953600" lon="-3.1091380">
    <ele>897.4</ele>
   </trkpt>
   <trkpt lat="40.5953290" lon="-3.1091890">
    <ele>897.4</ele>
   </trkpt>
   <trkpt lat="40.5953030" lon="-3.1092410">
    <ele>897.4</ele>
   </trkpt>
   <trkpt lat="40.5952720" lon="-3.1092930">
    <ele>897.2</ele>
   </trkpt>
   <trkpt lat="40.5952410" lon="-3.1093470">
    <ele>897.2</ele>
   </trkpt>
   <trkpt lat="40.5952110" lon="-3.1094040">
    <ele>897.0</ele>
   </trkpt>
   <trkpt lat="40.5951770" lon="-3.1094610">
    <ele>897.0</ele>
   </trkpt>
   <trkpt lat="40.5951420" lon="-3.1095170">
    <ele>897.0</ele>
   </trkpt>
   <trkpt lat="40.5951080" lon="-3.1095690">
    <ele>897.0</ele>
   </trkpt>
   <trkpt lat="40.5950740" lon="-3.1096240">
    <ele>896.8</ele>
   </trkpt>
   <trkpt lat="40.5950390" lon="-3.1096780">
    <ele>896.8</ele>
   </trkpt>
   <trkpt lat="40.5950050" lon="-3.1097340">
    <ele>896.8</ele>
   </trkpt>
   <trkpt lat="40.5949710" lon="-3.1097910">
    <ele>896.8</ele>
   </trkpt>
   <trkpt lat="40.5949400" lon="-3.1098450">
    <ele>896.6</ele>
   </trkpt>
   <trkpt lat="40.5949060" lon="-3.1098960">
    <ele>896.6</ele>
   </trkpt>
   <trkpt lat="40.5948750" lon="-3.1099460">
    <ele>896.6</ele>
   </trkpt>
   <trkpt lat="40.5948450" lon="-3.1099960">
    <ele>896.6</ele>
   </trkpt>
   <trkpt lat="40.5948100" lon="-3.1100450">
    <ele>896.6</ele>
   </trkpt>
   <trkpt lat="40.5947800" lon="-3.1100950">
    <ele>896.6</ele>
   </trkpt>
   <trkpt lat="40.5947460" lon="-3.1101440">
    <ele>896.6</ele>
   </trkpt>
   <trkpt lat="40.5947150" lon="-3.1101940">
    <ele>896.6</ele>
   </trkpt>
   <trkpt lat="40.5946880" lon="-3.1102420">
    <ele>896.6</ele>
   </trkpt>
   <trkpt lat="40.5946580" lon="-3.1102880">
    <ele>896.6</ele>
   </trkpt>
   <trkpt lat="40.5946310" lon="-3.1103330">
    <ele>896.6</ele>
   </trkpt>
   <trkpt lat="40.5946040" lon="-3.1103790">
    <ele>896.6</ele>
   </trkpt>
   <trkpt lat="40.5945740" lon="-3.1104270">
    <ele>896.4</ele>
   </trkpt>
   <trkpt lat="40.5945430" lon="-3.1104780">
    <ele>896.4</ele>
   </trkpt>
   <trkpt lat="40.5945170" lon="-3.1105280">
    <ele>896.4</ele>
   </trkpt>
   <trkpt lat="40.5944820" lon="-3.1105780">
    <ele>896.4</ele>
   </trkpt>
   <trkpt lat="40.5944520" lon="-3.1106260">
    <ele>896.4</ele>
   </trkpt>
   <trkpt lat="40.5944210" lon="-3.1106750">
    <ele>896.4</ele>
   </trkpt>
   <trkpt lat="40.5943870" lon="-3.1107270">
    <ele>896.4</ele>
   </trkpt>
   <trkpt lat="40.5943570" lon="-3.1107770">
    <ele>896.4</ele>
   </trkpt>
   <trkpt lat="40.5943220" lon="-3.1108290">
    <ele>896.4</ele>
   </trkpt>
   <trkpt lat="40.5942920" lon="-3.1108800">
    <ele>896.4</ele>
   </trkpt>
   <trkpt lat="40.5942610" lon="-3.1109300">
    <ele>896.4</ele>
   </trkpt>
   <trkpt lat="40.5942310" lon="-3.1109820">
    <ele>896.4</ele>
   </trkpt>
   <trkpt lat="40.5942000" lon="-3.1110300">
    <ele>896.2</ele>
   </trkpt>
   <trkpt lat="40.5941730" lon="-3.1110740">
    <ele>896.2</ele>
   </trkpt>
   <trkpt lat="40.5941470" lon="-3.1111170">
    <ele>896.4</ele>
   </trkpt>
   <trkpt lat="40.5941240" lon="-3.1111640">
    <ele>896.4</ele>
   </trkpt>
   <trkpt lat="40.5941010" lon="-3.1112090">
    <ele>896.4</ele>
   </trkpt>
   <trkpt lat="40.5940740" lon="-3.1112530">
    <ele>896.4</ele>
   </trkpt>
   <trkpt lat="40.5940480" lon="-3.1112980">
    <ele>896.4</ele>
   </trkpt>
   <trkpt lat="40.5940210" lon="-3.1113440">
    <ele>896.4</ele>
   </trkpt>
   <trkpt lat="40.5939900" lon="-3.1113960">
    <ele>896.4</ele>
   </trkpt>
   <trkpt lat="40.5939640" lon="-3.1114490">
    <ele>896.4</ele>
   </trkpt>
   <trkpt lat="40.5939330" lon="-3.1114970">
    <ele>896.4</ele>
   </trkpt>
   <trkpt lat="40.5938990" lon="-3.1115460">
    <ele>896.6</ele>
   </trkpt>
   <trkpt lat="40.5938640" lon="-3.1115950">
    <ele>896.6</ele>
   </trkpt>
   <trkpt lat="40.5938340" lon="-3.1116410">
    <ele>896.6</ele>
   </trkpt>
   <trkpt lat="40.5938110" lon="-3.1116840">
    <ele>896.6</ele>
   </trkpt>
   <trkpt lat="40.5937920" lon="-3.1117230">
    <ele>896.6</ele>
   </trkpt>
   <trkpt lat="40.5937650" lon="-3.1117600">
    <ele>896.6</ele>
   </trkpt>
   <trkpt lat="40.5937310" lon="-3.1118010">
    <ele>896.6</ele>
   </trkpt>
   <trkpt lat="40.5936930" lon="-3.1118490">
    <ele>896.8</ele>
   </trkpt>
   <trkpt lat="40.5936550" lon="-3.1119050">
    <ele>896.8</ele>
   </trkpt>
   <trkpt lat="40.5936200" lon="-3.1119580">
    <ele>896.8</ele>
   </trkpt>
   <trkpt lat="40.5935860" lon="-3.1120110">
    <ele>896.8</ele>
   </trkpt>
   <trkpt lat="40.5935550" lon="-3.1120630">
    <ele>896.8</ele>
   </trkpt>
   <trkpt lat="40.5935290" lon="-3.1121130">
    <ele>897.0</ele>
   </trkpt>
   <trkpt lat="40.5935020" lon="-3.1121570">
    <ele>897.0</ele>
   </trkpt>
   <trkpt lat="40.5934750" lon="-3.1122020">
    <ele>897.0</ele>
   </trkpt>
   <trkpt lat="40.5934370" lon="-3.1122510">
    <ele>897.0</ele>
   </trkpt>
   <trkpt lat="40.5933990" lon="-3.1123010">
    <ele>897.0</ele>
   </trkpt>
   <trkpt lat="40.5933610" lon="-3.1123530">
    <ele>897.0</ele>
   </trkpt>
   <trkpt lat="40.5933270" lon="-3.1124070">
    <ele>897.0</ele>
   </trkpt>
   <trkpt lat="40.5932920" lon="-3.1124610">
    <ele>897.0</ele>
   </trkpt>
   <trkpt lat="40.5932620" lon="-3.1125140">
    <ele>897.0</ele>
   </trkpt>
   <trkpt lat="40.5932310" lon="-3.1125720">
    <ele>897.0</ele>
   </trkpt>
   <trkpt lat="40.5932010" lon="-3.1126320">
    <ele>897.0</ele>
   </trkpt>
   <trkpt lat="40.5931660" lon="-3.1126840">
    <ele>897.0</ele>
   </trkpt>
   <trkpt lat="40.5931320" lon="-3.1127350">
    <ele>897.0</ele>
   </trkpt>
   <trkpt lat="40.5931020" lon="-3.1127850">
    <ele>897.2</ele>
   </trkpt>
   <trkpt lat="40.5930710" lon="-3.1128340">
    <ele>897.2</ele>
   </trkpt>
   <trkpt lat="40.5930400" lon="-3.1128810">
    <ele>897.2</ele>
   </trkpt>
   <trkpt lat="40.5930140" lon="-3.1129270">
    <ele>897.4</ele>
   </trkpt>
   <trkpt lat="40.5929870" lon="-3.1129700">
    <ele>897.4</ele>
   </trkpt>
   <trkpt lat="40.5929640" lon="-3.1130110">
    <ele>897.6</ele>
   </trkpt>
   <trkpt lat="40.5929450" lon="-3.1130540">
    <ele>897.6</ele>
   </trkpt>
   <trkpt lat="40.5929300" lon="-3.1130970">
    <ele>897.8</ele>
   </trkpt>
   <trkpt lat="40.5929180" lon="-3.1131450">
    <ele>897.8</ele>
   </trkpt>
   <trkpt lat="40.5929150" lon="-3.1131960">
    <ele>897.8</ele>
   </trkpt>
   <trkpt lat="40.5929110" lon="-3.1132500">
    <ele>897.8</ele>
   </trkpt>
   <trkpt lat="40.5929110" lon="-3.1133070">
    <ele>897.8</ele>
   </trkpt>
   <trkpt lat="40.5929110" lon="-3.1133680">
    <ele>897.8</ele>
   </trkpt>
   <trkpt lat="40.5929110" lon="-3.1134300">
    <ele>897.8</ele>
   </trkpt>
   <trkpt lat="40.5929030" lon="-3.1134920">
    <ele>897.8</ele>
   </trkpt>
   <trkpt lat="40.5928880" lon="-3.1135510">
    <ele>897.8</ele>
   </trkpt>
   <trkpt lat="40.5928690" lon="-3.1136040">
    <ele>897.8</ele>
   </trkpt>
   <trkpt lat="40.5928420" lon="-3.1136490">
    <ele>897.8</ele>
   </trkpt>
   <trkpt lat="40.5928080" lon="-3.1136870">
    <ele>897.8</ele>
   </trkpt>
   <trkpt lat="40.5927660" lon="-3.1137100">
    <ele>897.8</ele>
   </trkpt>
   <trkpt lat="40.5927200" lon="-3.1137230">
    <ele>897.8</ele>
   </trkpt>
   <trkpt lat="40.5926740" lon="-3.1137280">
    <ele>897.8</ele>
   </trkpt>
   <trkpt lat="40.5926320" lon="-3.1137210">
    <ele>898.0</ele>
   </trkpt>
   <trkpt lat="40.5925900" lon="-3.1137040">
    <ele>898.0</ele>
   </trkpt>
   <trkpt lat="40.5925560" lon="-3.1136800">
    <ele>898.2</ele>
   </trkpt>
   <trkpt lat="40.5925250" lon="-3.1136510">
    <ele>898.2</ele>
   </trkpt>
   <trkpt lat="40.5924990" lon="-3.1136130">
    <ele>898.2</ele>
   </trkpt>
   <trkpt lat="40.5924760" lon="-3.1135680">
    <ele>898.4</ele>
   </trkpt>
   <trkpt lat="40.5924530" lon="-3.1135160">
    <ele>898.4</ele>
   </trkpt>
   <trkpt lat="40.5924380" lon="-3.1134570">
    <ele>898.2</ele>
   </trkpt>
   <trkpt lat="40.5924260" lon="-3.1133930">
    <ele>898.2</ele>
   </trkpt>
   <trkpt lat="40.5924220" lon="-3.1133280">
    <ele>898.2</ele>
   </trkpt>
   <trkpt lat="40.5924190" lon="-3.1132640">
    <ele>898.2</ele>
   </trkpt>
   <trkpt lat="40.5924110" lon="-3.1132050">
    <ele>898.2</ele>
   </trkpt>
   <trkpt lat="40.5924030" lon="-3.1131510">
    <ele>898.2</ele>
   </trkpt>
   <trkpt lat="40.5923840" lon="-3.1131090">
    <ele>898.0</ele>
   </trkpt>
   <trkpt lat="40.5923580" lon="-3.1130890">
    <ele>898.2</ele>
   </trkpt>
   <trkpt lat="40.5923310" lon="-3.1130800">
    <ele>898.2</ele>
   </trkpt>
   <trkpt lat="40.5923080" lon="-3.1130710">
    <ele>898.2</ele>
   </trkpt>
   <trkpt lat="40.5922850" lon="-3.1130550">
    <ele>898.2</ele>
   </trkpt>
   <trkpt lat="40.5922620" lon="-3.1130330">
    <ele>898.2</ele>
   </trkpt>
   <trkpt lat="40.5922360" lon="-3.1130060">
    <ele>898.2</ele>
   </trkpt>
   <trkpt lat="40.5922050" lon="-3.1129700">
    <ele>898.2</ele>
   </trkpt>
   <trkpt lat="40.5921750" lon="-3.1129270">
    <ele>898.2</ele>
   </trkpt>
   <trkpt lat="40.5921440" lon="-3.1128790">
    <ele>898.2</ele>
   </trkpt>
   <trkpt lat="40.5921170" lon="-3.1128330">
    <ele>898.2</ele>
   </trkpt>
   <trkpt lat="40.5920910" lon="-3.1127900">
    <ele>898.2</ele>
   </trkpt>
   <trkpt lat="40.5920640" lon="-3.1127490">
    <ele>898.4</ele>
   </trkpt>
   <trkpt lat="40.5920300" lon="-3.1127120">
    <ele>898.4</ele>
   </trkpt>
   <trkpt lat="40.5919950" lon="-3.1126770">
    <ele>898.4</ele>
   </trkpt>
   <trkpt lat="40.5919650" lon="-3.1126400">
    <ele>898.4</ele>
   </trkpt>
   <trkpt lat="40.5919380" lon="-3.1126030">
    <ele>898.6</ele>
   </trkpt>
   <trkpt lat="40.5919150" lon="-3.1125670">
    <ele>898.6</ele>
   </trkpt>
   <trkpt lat="40.5918920" lon="-3.1125340">
    <ele>898.6</ele>
   </trkpt>
   <trkpt lat="40.5918690" lon="-3.1125040">
    <ele>898.8</ele>
   </trkpt>
   <trkpt lat="40.5918500" lon="-3.1124760">
    <ele>898.8</ele>
   </trkpt>
   <trkpt lat="40.5918310" lon="-3.1124470">
    <ele>898.8</ele>
   </trkpt>
   <trkpt lat="40.5918160" lon="-3.1124240">
    <ele>899.0</ele>
   </trkpt>
   <trkpt lat="40.5918010" lon="-3.1124030">
    <ele>899.0</ele>
   </trkpt>
   <trkpt lat="40.5917820" lon="-3.1123850">
    <ele>899.0</ele>
   </trkpt>
   <trkpt lat="40.5917660" lon="-3.1123740">
    <ele>899.0</ele>
   </trkpt>
   <trkpt lat="40.5917470" lon="-3.1123720">
    <ele>899.0</ele>
   </trkpt>
   <trkpt lat="40.5917280" lon="-3.1123720">
    <ele>899.2</ele>
   </trkpt>
   <trkpt lat="40.5917090" lon="-3.1123700">
    <ele>899.2</ele>
   </trkpt>
   <trkpt lat="40.5916900" lon="-3.1123670">
    <ele>899.2</ele>
   </trkpt>
   <trkpt lat="40.5916710" lon="-3.1123670">
    <ele>899.2</ele>
   </trkpt>
   <trkpt lat="40.5916560" lon="-3.1123680">
    <ele>899.4</ele>
   </trkpt>
   <trkpt lat="40.5916520" lon="-3.1123660">
    <ele>899.4</ele>
   </trkpt>
   <trkpt lat="40.5916520" lon="-3.1124190">
    <ele>899.6</ele>
   </trkpt>
   <trkpt lat="40.5916520" lon="-3.1124310">
    <ele>899.6</ele>
   </trkpt>
   <trkpt lat="40.5916520" lon="-3.1124380">
    <ele>899.6</ele>
   </trkpt>
   <trkpt lat="40.5916560" lon="-3.1124450">
    <ele>899.6</ele>
   </trkpt>
   <trkpt lat="40.5916600" lon="-3.1124520">
    <ele>899.6</ele>
   </trkpt>
   <trkpt lat="40.5916600" lon="-3.1124550">
    <ele>899.6</ele>
   </trkpt>
   <trkpt lat="40.5916600" lon="-3.1124550">
    <ele>899.6</ele>
   </trkpt>
   <trkpt lat="40.5916600" lon="-3.1124550">
    <ele>899.6</ele>
   </trkpt>
   <trkpt lat="40.5916600" lon="-3.1124550">
    <ele>899.6</ele>
   </trkpt>
   <trkpt lat="40.5916600" lon="-3.1124550">
    <ele>899.6</ele>
   </trkpt>
   <trkpt lat="40.5916060" lon="-3.1123900">
    <ele>899.6</ele>
   </trkpt>
   <trkpt lat="40.5916020" lon="-3.1123880">
    <ele>899.6</ele>
   </trkpt>
   <trkpt lat="40.5915980" lon="-3.1123870">
    <ele>899.6</ele>
   </trkpt>
   <trkpt lat="40.5915980" lon="-3.1123870">
    <ele>899.6</ele>
   </trkpt>
   <trkpt lat="40.5915980" lon="-3.1123850">
    <ele>899.6</ele>
   </trkpt>
   <trkpt lat="40.5915910" lon="-3.1123830">
    <ele>899.6</ele>
   </trkpt>
   <trkpt lat="40.5915760" lon="-3.1123820">
    <ele>899.6</ele>
   </trkpt>
   <trkpt lat="40.5915570" lon="-3.1123850">
    <ele>899.6</ele>
   </trkpt>
   <trkpt lat="40.5915370" lon="-3.1123870">
    <ele>899.6</ele>
   </trkpt>
   <trkpt lat="40.5915180" lon="-3.1123870">
    <ele>899.6</ele>
   </trkpt>
   <trkpt lat="40.5914960" lon="-3.1123840">
    <ele>899.6</ele>
   </trkpt>
   <trkpt lat="40.5914730" lon="-3.1123810">
    <ele>899.8</ele>
   </trkpt>
   <trkpt lat="40.5914500" lon="-3.1123780">
    <ele>899.8</ele>
   </trkpt>
   <trkpt lat="40.5914270" lon="-3.1123700">
    <ele>899.8</ele>
   </trkpt>
   <trkpt lat="40.5914040" lon="-3.1123540">
    <ele>899.8</ele>
   </trkpt>
   <trkpt lat="40.5913890" lon="-3.1123300">
    <ele>899.8</ele>
   </trkpt>
   <trkpt lat="40.5913730" lon="-3.1123020">
    <ele>900.0</ele>
   </trkpt>
   <trkpt lat="40.5913580" lon="-3.1122710">
    <ele>900.0</ele>
   </trkpt>
   <trkpt lat="40.5913510" lon="-3.1122380">
    <ele>900.0</ele>
   </trkpt>
   <trkpt lat="40.5913390" lon="-3.1122060">
    <ele>900.0</ele>
   </trkpt>
   <trkpt lat="40.5913280" lon="-3.1121750">
    <ele>900.0</ele>
   </trkpt>
   <trkpt lat="40.5913120" lon="-3.1121430">
    <ele>900.0</ele>
   </trkpt>
   <trkpt lat="40.5913010" lon="-3.1121120">
    <ele>900.2</ele>
   </trkpt>
   <trkpt lat="40.5912860" lon="-3.1120820">
    <ele>900.2</ele>
   </trkpt>
   <trkpt lat="40.5912700" lon="-3.1120520">
    <ele>900.2</ele>
   </trkpt>
   <trkpt lat="40.5912550" lon="-3.1120190">
    <ele>900.2</ele>
   </trkpt>
   <trkpt lat="40.5912440" lon="-3.1119850">
    <ele>900.2</ele>
   </trkpt>
   <trkpt lat="40.5912320" lon="-3.1119480">
    <ele>900.2</ele>
   </trkpt>
   <trkpt lat="40.5912250" lon="-3.1119120">
    <ele>900.2</ele>
   </trkpt>
   <trkpt lat="40.5912130" lon="-3.1118760">
    <ele>900.2</ele>
   </trkpt>
   <trkpt lat="40.5912020" lon="-3.1118420">
    <ele>900.2</ele>
   </trkpt>
   <trkpt lat="40.5911860" lon="-3.1118100">
    <ele>900.2</ele>
   </trkpt>
   <trkpt lat="40.5911670" lon="-3.1117800">
    <ele>900.2</ele>
   </trkpt>
   <trkpt lat="40.5911480" lon="-3.1117480">
    <ele>900.2</ele>
   </trkpt>
   <trkpt lat="40.5911330" lon="-3.1117140">
    <ele>900.2</ele>
   </trkpt>
   <trkpt lat="40.5911250" lon="-3.1116810">
    <ele>900.2</ele>
   </trkpt>
   <trkpt lat="40.5911180" lon="-3.1116510">
    <ele>900.2</ele>
   </trkpt>
   <trkpt lat="40.5911060" lon="-3.1116220">
    <ele>900.2</ele>
   </trkpt>
   <trkpt lat="40.5910910" lon="-3.1115930">
    <ele>900.2</ele>
   </trkpt>
   <trkpt lat="40.5910800" lon="-3.1115670">
    <ele>900.2</ele>
   </trkpt>
   <trkpt lat="40.5910720" lon="-3.1115440">
    <ele>900.2</ele>
   </trkpt>
   <trkpt lat="40.5910680" lon="-3.1115230">
    <ele>900.2</ele>
   </trkpt>
   <trkpt lat="40.5910680" lon="-3.1115040">
    <ele>900.2</ele>
   </trkpt>
   <trkpt lat="40.5910610" lon="-3.1114870">
    <ele>900.2</ele>
   </trkpt>
   <trkpt lat="40.5910530" lon="-3.1114790">
    <ele>900.2</ele>
   </trkpt>
   <trkpt lat="40.5910380" lon="-3.1114790">
    <ele>900.2</ele>
   </trkpt>
   <trkpt lat="40.5910260" lon="-3.1114820">
    <ele>900.2</ele>
   </trkpt>
   <trkpt lat="40.5910110" lon="-3.1114860">
    <ele>900.0</ele>
   </trkpt>
   <trkpt lat="40.5909880" lon="-3.1114900">
    <ele>900.0</ele>
   </trkpt>
   <trkpt lat="40.5909650" lon="-3.1114950">
    <ele>900.0</ele>
   </trkpt>
   <trkpt lat="40.5909460" lon="-3.1115080">
    <ele>900.0</ele>
   </trkpt>
   <trkpt lat="40.5909270" lon="-3.1115260">
    <ele>899.8</ele>
   </trkpt>
   <trkpt lat="40.5909040" lon="-3.1115500">
    <ele>899.8</ele>
   </trkpt>
   <trkpt lat="40.5908810" lon="-3.1115780">
    <ele>899.8</ele>
   </trkpt>
   <trkpt lat="40.5908620" lon="-3.1116090">
    <ele>899.8</ele>
   </trkpt>
   <trkpt lat="40.5908390" lon="-3.1116420">
    <ele>899.6</ele>
   </trkpt>
   <trkpt lat="40.5908170" lon="-3.1116750">
    <ele>899.6</ele>
   </trkpt>
   <trkpt lat="40.5907940" lon="-3.1117060">
    <ele>899.6</ele>
   </trkpt>
   <trkpt lat="40.5907710" lon="-3.1117360">
    <ele>899.6</ele>
   </trkpt>
   <trkpt lat="40.5907480" lon="-3.1117640">
    <ele>899.6</ele>
   </trkpt>
   <trkpt lat="40.5907290" lon="-3.1117940">
    <ele>899.4</ele>
   </trkpt>
   <trkpt lat="40.5907020" lon="-3.1118210">
    <ele>899.4</ele>
   </trkpt>
   <trkpt lat="40.5906750" lon="-3.1118350">
    <ele>899.4</ele>
   </trkpt>
   <trkpt lat="40.5906410" lon="-3.1118320">
    <ele>899.4</ele>
   </trkpt>
   <trkpt lat="40.5906070" lon="-3.1118140">
    <ele>899.4</ele>
   </trkpt>
   <trkpt lat="40.5905840" lon="-3.1117870">
    <ele>899.4</ele>
   </trkpt>
   <trkpt lat="40.5905610" lon="-3.1117600">
    <ele>899.4</ele>
   </trkpt>
   <trkpt lat="40.5905340" lon="-3.1117430">
    <ele>899.4</ele>
   </trkpt>
   <trkpt lat="40.5905070" lon="-3.1117420">
    <ele>899.2</ele>
   </trkpt>
   <trkpt lat="40.5904770" lon="-3.1117440">
    <ele>899.2</ele>
   </trkpt>
   <trkpt lat="40.5904460" lon="-3.1117360">
    <ele>899.2</ele>
   </trkpt>
   <trkpt lat="40.5904120" lon="-3.1117180">
    <ele>899.2</ele>
   </trkpt>
   <trkpt lat="40.5903850" lon="-3.1116930">
    <ele>899.2</ele>
   </trkpt>
   <trkpt lat="40.5903590" lon="-3.1116650">
    <ele>899.0</ele>
   </trkpt>
   <trkpt lat="40.5903320" lon="-3.1116350">
    <ele>899.0</ele>
   </trkpt>
   <trkpt lat="40.5903050" lon="-3.1116020">
    <ele>899.0</ele>
   </trkpt>
   <trkpt lat="40.5902900" lon="-3.1115660">
    <ele>899.0</ele>
   </trkpt>
   <trkpt lat="40.5902860" lon="-3.1115310">
    <ele>899.0</ele>
   </trkpt>
   <trkpt lat="40.5902940" lon="-3.1114970">
    <ele>899.2</ele>
   </trkpt>
   <trkpt lat="40.5902980" lon="-3.1114610">
    <ele>899.2</ele>
   </trkpt>
   <trkpt lat="40.5902980" lon="-3.1114230">
    <ele>899.4</ele>
   </trkpt>
   <trkpt lat="40.5902900" lon="-3.1113880">
    <ele>899.4</ele>
   </trkpt>
   <trkpt lat="40.5902790" lon="-3.1113580">
    <ele>899.6</ele>
   </trkpt>
   <trkpt lat="40.5902630" lon="-3.1113310">
    <ele>899.6</ele>
   </trkpt>
   <trkpt lat="40.5902480" lon="-3.1113060">
    <ele>899.8</ele>
   </trkpt>
   <trkpt lat="40.5902290" lon="-3.1112810">
    <ele>899.8</ele>
   </trkpt>
   <trkpt lat="40.5902140" lon="-3.1112550">
    <ele>900.0</ele>
   </trkpt>
   <trkpt lat="40.5901990" lon="-3.1112270">
    <ele>900.2</ele>
   </trkpt>
   <trkpt lat="40.5901830" lon="-3.1111940">
    <ele>900.2</ele>
   </trkpt>
   <trkpt lat="40.5901680" lon="-3.1111590">
    <ele>900.4</ele>
   </trkpt>
   <trkpt lat="40.5901490" lon="-3.1111220">
    <ele>900.6</ele>
   </trkpt>
   <trkpt lat="40.5901300" lon="-3.1110900">
    <ele>900.6</ele>
   </trkpt>
   <trkpt lat="40.5901150" lon="-3.1110590">
    <ele>900.8</ele>
   </trkpt>
   <trkpt lat="40.5901030" lon="-3.1110290">
    <ele>901.0</ele>
   </trkpt>
   <trkpt lat="40.5900880" lon="-3.1109960">
    <ele>901.0</ele>
   </trkpt>
   <trkpt lat="40.5900730" lon="-3.1109610">
    <ele>901.0</ele>
   </trkpt>
   <trkpt lat="40.5900610" lon="-3.1109240">
    <ele>901.2</ele>
   </trkpt>
   <trkpt lat="40.5900500" lon="-3.1108830">
    <ele>901.2</ele>
   </trkpt>
   <trkpt lat="40.5900310" lon="-3.1108390">
    <ele>901.4</ele>
   </trkpt>
   <trkpt lat="40.5900150" lon="-3.1107970">
    <ele>901.6</ele>
   </trkpt>
   <trkpt lat="40.5899960" lon="-3.1107570">
    <ele>901.6</ele>
   </trkpt>
   <trkpt lat="40.5899810" lon="-3.1107170">
    <ele>901.8</ele>
   </trkpt>
   <trkpt lat="40.5899620" lon="-3.1106790">
    <ele>902.0</ele>
   </trkpt>
   <trkpt lat="40.5899430" lon="-3.1106410">
    <ele>902.0</ele>
   </trkpt>
   <trkpt lat="40.5899240" lon="-3.1106050">
    <ele>902.2</ele>
   </trkpt>
   <trkpt lat="40.5899050" lon="-3.1105700">
    <ele>902.4</ele>
   </trkpt>
   <trkpt lat="40.5898820" lon="-3.1105330">
    <ele>902.4</ele>
   </trkpt>
   <trkpt lat="40.5898590" lon="-3.1104910">
    <ele>902.4</ele>
   </trkpt>
   <trkpt lat="40.5898360" lon="-3.1104460">
    <ele>902.4</ele>
   </trkpt>
   <trkpt lat="40.5898170" lon="-3.1104020">
    <ele>902.4</ele>
   </trkpt>
   <trkpt lat="40.5897940" lon="-3.1103560">
    <ele>902.4</ele>
   </trkpt>
   <trkpt lat="40.5897710" lon="-3.1103060">
    <ele>902.2</ele>
   </trkpt>
   <trkpt lat="40.5897450" lon="-3.1102600">
    <ele>902.2</ele>
   </trkpt>
   <trkpt lat="40.5897180" lon="-3.1102160">
    <ele>902.2</ele>
   </trkpt>
   <trkpt lat="40.5896950" lon="-3.1101700">
    <ele>902.0</ele>
   </trkpt>
   <trkpt lat="40.5896720" lon="-3.1101230">
    <ele>902.0</ele>
   </trkpt>
   <trkpt lat="40.5896490" lon="-3.1100750">
    <ele>901.8</ele>
   </trkpt>
   <trkpt lat="40.5896260" lon="-3.1100250">
    <ele>901.8</ele>
   </trkpt>
   <trkpt lat="40.5896030" lon="-3.1099770">
    <ele>901.6</ele>
   </trkpt>
   <trkpt lat="40.5895810" lon="-3.1099280">
    <ele>901.6</ele>
   </trkpt>
   <trkpt lat="40.5895610" lon="-3.1098780">
    <ele>901.6</ele>
   </trkpt>
   <trkpt lat="40.5895350" lon="-3.1098280">
    <ele>901.4</ele>
   </trkpt>
   <trkpt lat="40.5895080" lon="-3.1097900">
    <ele>901.4</ele>
   </trkpt>
   <trkpt lat="40.5894740" lon="-3.1097700">
    <ele>901.2</ele>
   </trkpt>
   <trkpt lat="40.5894360" lon="-3.1097660">
    <ele>901.2</ele>
   </trkpt>
   <trkpt lat="40.5893940" lon="-3.1097790">
    <ele>901.0</ele>
   </trkpt>
   <trkpt lat="40.5893590" lon="-3.1098060">
    <ele>900.8</ele>
   </trkpt>
   <trkpt lat="40.5893290" lon="-3.1098460">
    <ele>900.8</ele>
   </trkpt>
   <trkpt lat="40.5892940" lon="-3.1098950">
    <ele>900.6</ele>
   </trkpt>
   <trkpt lat="40.5892680" lon="-3.1099440">
    <ele>900.6</ele>
   </trkpt>
   <trkpt lat="40.5892330" lon="-3.1099960">
    <ele>900.4</ele>
   </trkpt>
   <trkpt lat="40.5892070" lon="-3.1100490">
    <ele>900.4</ele>
   </trkpt>
   <trkpt lat="40.5891720" lon="-3.1101060">
    <ele>900.4</ele>
   </trkpt>
   <trkpt lat="40.5891420" lon="-3.1101600">
    <ele>900.4</ele>
   </trkpt>
   <trkpt lat="40.5891080" lon="-3.1102140">
    <ele>900.2</ele>
   </trkpt>
   <trkpt lat="40.5890770" lon="-3.1102690">
    <ele>900.2</ele>
   </trkpt>
   <trkpt lat="40.5890430" lon="-3.1103270">
    <ele>900.2</ele>
   </trkpt>
   <trkpt lat="40.5890050" lon="-3.1103840">
    <ele>900.2</ele>
   </trkpt>
   <trkpt lat="40.5889700" lon="-3.1104420">
    <ele>900.2</ele>
   </trkpt>
   <trkpt lat="40.5889360" lon="-3.1105010">
    <ele>900.2</ele>
   </trkpt>
   <trkpt lat="40.5888980" lon="-3.1105620">
    <ele>900.2</ele>
   </trkpt>
   <trkpt lat="40.5888600" lon="-3.1106170">
    <ele>900.0</ele>
   </trkpt>
   <trkpt lat="40.5888250" lon="-3.1106710">
    <ele>900.0</ele>
   </trkpt>
   <trkpt lat="40.5887950" lon="-3.1107280">
    <ele>900.0</ele>
   </trkpt>
   <trkpt lat="40.5887600" lon="-3.1107830">
    <ele>900.0</ele>
   </trkpt>
   <trkpt lat="40.5887300" lon="-3.1108370">
    <ele>900.0</ele>
   </trkpt>
   <trkpt lat="40.5886950" lon="-3.1108920">
    <ele>900.0</ele>
   </trkpt>
   <trkpt lat="40.5886650" lon="-3.1109470">
    <ele>900.0</ele>
   </trkpt>
   <trkpt lat="40.5886270" lon="-3.1110030">
    <ele>900.0</ele>
   </trkpt>
   <trkpt lat="40.5885930" lon="-3.1110590">
    <ele>900.0</ele>
   </trkpt>
   <trkpt lat="40.5885540" lon="-3.1111170">
    <ele>899.8</ele>
   </trkpt>
   <trkpt lat="40.5885160" lon="-3.1111750">
    <ele>899.8</ele>
   </trkpt>
   <trkpt lat="40.5884820" lon="-3.1112320">
    <ele>899.8</ele>
   </trkpt>
   <trkpt lat="40.5884440" lon="-3.1112870">
    <ele>899.6</ele>
   </trkpt>
   <trkpt lat="40.5884090" lon="-3.1113440">
    <ele>899.6</ele>
   </trkpt>
   <trkpt lat="40.5883750" lon="-3.1114030">
    <ele>899.6</ele>
   </trkpt>
   <trkpt lat="40.5883410" lon="-3.1114600">
    <ele>899.6</ele>
   </trkpt>
   <trkpt lat="40.5883060" lon="-3.1115160">
    <ele>899.6</ele>
   </trkpt>
   <trkpt lat="40.5882720" lon="-3.1115730">
    <ele>899.6</ele>
   </trkpt>
   <trkpt lat="40.5882380" lon="-3.1116310">
    <ele>899.6</ele>
   </trkpt>
   <trkpt lat="40.5882030" lon="-3.1116880">
    <ele>899.6</ele>
   </trkpt>
   <trkpt lat="40.5881690" lon="-3.1117450">
    <ele>899.4</ele>
   </trkpt>
   <trkpt lat="40.5881350" lon="-3.1117970">
    <ele>899.4</ele>
   </trkpt>
   <trkpt lat="40.5881000" lon="-3.1118460">
    <ele>899.4</ele>
   </trkpt>
   <trkpt lat="40.5880700" lon="-3.1118950">
    <ele>899.4</ele>
   </trkpt>
   <trkpt lat="40.5880360" lon="-3.1119470">
    <ele>899.4</ele>
   </trkpt>
   <trkpt lat="40.5880050" lon="-3.1120030">
    <ele>899.4</ele>
   </trkpt>
   <trkpt lat="40.5879710" lon="-3.1120600">
    <ele>899.4</ele>
   </trkpt>
   <trkpt lat="40.5879360" lon="-3.1121180">
    <ele>899.2</ele>
   </trkpt>
   <trkpt lat="40.5878980" lon="-3.1121740">
    <ele>899.2</ele>
   </trkpt>
   <trkpt lat="40.5878640" lon="-3.1122320">
    <ele>899.2</ele>
   </trkpt>
   <trkpt lat="40.5878300" lon="-3.1122910">
    <ele>899.2</ele>
   </trkpt>
   <trkpt lat="40.5877910" lon="-3.1123540">
    <ele>899.2</ele>
   </trkpt>
   <trkpt lat="40.5877530" lon="-3.1124160">
    <ele>899.2</ele>
   </trkpt>
   <trkpt lat="40.5877110" lon="-3.1124780">
    <ele>899.0</ele>
   </trkpt>
   <trkpt lat="40.5876730" lon="-3.1125410">
    <ele>899.0</ele>
   </trkpt>
   <trkpt lat="40.5876310" lon="-3.1126050">
    <ele>899.0</ele>
   </trkpt>
   <trkpt lat="40.5875930" lon="-3.1126680">
    <ele>898.8</ele>
   </trkpt>
   <trkpt lat="40.5875550" lon="-3.1127300">
    <ele>898.8</ele>
   </trkpt>
   <trkpt lat="40.5875170" lon="-3.1127930">
    <ele>898.6</ele>
   </trkpt>
   <trkpt lat="40.5874790" lon="-3.1128540">
    <ele>898.6</ele>
   </trkpt>
   <trkpt lat="40.5874400" lon="-3.1129150">
    <ele>898.4</ele>
   </trkpt>
   <trkpt lat="40.5874020" lon="-3.1129780">
    <ele>898.4</ele>
   </trkpt>
   <trkpt lat="40.5873640" lon="-3.1130400">
    <ele>898.2</ele>
   </trkpt>
   <trkpt lat="40.5873220" lon="-3.1131030">
    <ele>898.2</ele>
   </trkpt>
   <trkpt lat="40.5872840" lon="-3.1131650">
    <ele>898.2</ele>
   </trkpt>
   <trkpt lat="40.5872500" lon="-3.1132220">
    <ele>898.2</ele>
   </trkpt>
   <trkpt lat="40.5872150" lon="-3.1132790">
    <ele>898.2</ele>
   </trkpt>
   <trkpt lat="40.5871890" lon="-3.1133400">
    <ele>898.2</ele>
   </trkpt>
   <trkpt lat="40.5871700" lon="-3.1134050">
    <ele>898.2</ele>
   </trkpt>
   <trkpt lat="40.5871660" lon="-3.1134730">
    <ele>898.2</ele>
   </trkpt>
   <trkpt lat="40.5871660" lon="-3.1135400">
    <ele>898.2</ele>
   </trkpt>
   <trkpt lat="40.5871700" lon="-3.1136110">
    <ele>898.2</ele>
   </trkpt>
   <trkpt lat="40.5871700" lon="-3.1136830">
    <ele>898.2</ele>
   </trkpt>
   <trkpt lat="40.5871540" lon="-3.1137540">
    <ele>898.2</ele>
   </trkpt>
   <trkpt lat="40.5871310" lon="-3.1138190">
    <ele>898.2</ele>
   </trkpt>
   <trkpt lat="40.5870970" lon="-3.1138760">
    <ele>898.2</ele>
   </trkpt>
   <trkpt lat="40.5870590" lon="-3.1139200">
    <ele>898.2</ele>
   </trkpt>
   <trkpt lat="40.5870090" lon="-3.1139470">
    <ele>898.4</ele>
   </trkpt>
   <trkpt lat="40.5869520" lon="-3.1139620">
    <ele>898.4</ele>
   </trkpt>
   <trkpt lat="40.5868950" lon="-3.1139620">
    <ele>898.4</ele>
   </trkpt>
   <trkpt lat="40.5868380" lon="-3.1139490">
    <ele>898.4</ele>
   </trkpt>
   <trkpt lat="40.5867880" lon="-3.1139190">
    <ele>898.6</ele>
   </trkpt>
   <trkpt lat="40.5867460" lon="-3.1138730">
    <ele>898.6</ele>
   </trkpt>
   <trkpt lat="40.5867120" lon="-3.1138160">
    <ele>898.6</ele>
   </trkpt>
   <trkpt lat="40.5866890" lon="-3.1137510">
    <ele>898.8</ele>
   </trkpt>
   <trkpt lat="40.5866740" lon="-3.1136790">
    <ele>898.8</ele>
   </trkpt>
   <trkpt lat="40.5866700" lon="-3.1136060">
    <ele>898.8</ele>
   </trkpt>
   <trkpt lat="40.5866740" lon="-3.1135330">
    <ele>899.0</ele>
   </trkpt>
   <trkpt lat="40.5866780" lon="-3.1134610">
    <ele>899.0</ele>
   </trkpt>
   <trkpt lat="40.5866740" lon="-3.1133940">
    <ele>899.0</ele>
   </trkpt>
   <trkpt lat="40.5866580" lon="-3.1133300">
    <ele>899.0</ele>
   </trkpt>
   <trkpt lat="40.5866280" lon="-3.1132740">
    <ele>899.0</ele>
   </trkpt>
   <trkpt lat="40.5865940" lon="-3.1132230">
    <ele>899.0</ele>
   </trkpt>
   <trkpt lat="40.5865550" lon="-3.1131700">
    <ele>899.0</ele>
   </trkpt>
   <trkpt lat="40.5865130" lon="-3.1131150">
    <ele>899.0</ele>
   </trkpt>
   <trkpt lat="40.5864750" lon="-3.1130620">
    <ele>899.0</ele>
   </trkpt>
   <trkpt lat="40.5864330" lon="-3.1130090">
    <ele>898.8</ele>
   </trkpt>
   <trkpt lat="40.5863910" lon="-3.1129580">
    <ele>898.8</ele>
   </trkpt>
   <trkpt lat="40.5863530" lon="-3.1129080">
    <ele>898.8</ele>
   </trkpt>
   <trkpt lat="40.5863150" lon="-3.1128560">
    <ele>898.8</ele>
   </trkpt>
   <trkpt lat="40.5862770" lon="-3.1128070">
    <ele>898.8</ele>
   </trkpt>
   <trkpt lat="40.5862350" lon="-3.1127580">
    <ele>898.8</ele>
   </trkpt>
   <trkpt lat="40.5861970" lon="-3.1127090">
    <ele>898.8</ele>
   </trkpt>
   <trkpt lat="40.5861590" lon="-3.1126600">
    <ele>898.8</ele>
   </trkpt>
   <trkpt lat="40.5861210" lon="-3.1126090">
    <ele>898.8</ele>
   </trkpt>
   <trkpt lat="40.5860860" lon="-3.1125550">
    <ele>899.0</ele>
   </trkpt>
   <trkpt lat="40.5860480" lon="-3.1125030">
    <ele>899.0</ele>
   </trkpt>
   <trkpt lat="40.5860100" lon="-3.1124510">
    <ele>899.0</ele>
   </trkpt>
   <trkpt lat="40.5859760" lon="-3.1124000">
    <ele>899.0</ele>
   </trkpt>
   <trkpt lat="40.5859370" lon="-3.1123490">
    <ele>899.0</ele>
   </trkpt>
   <trkpt lat="40.5858990" lon="-3.1123020">
    <ele>899.0</ele>
   </trkpt>
   <trkpt lat="40.5858570" lon="-3.1122610">
    <ele>899.2</ele>
   </trkpt>
   <trkpt lat="40.5858120" lon="-3.1122350">
    <ele>899.2</ele>
   </trkpt>
   <trkpt lat="40.5857660" lon="-3.1122290">
    <ele>899.2</ele>
   </trkpt>
   <trkpt lat="40.5857240" lon="-3.1122410">
    <ele>899.2</ele>
   </trkpt>
   <trkpt lat="40.5856780" lon="-3.1122760">
    <ele>899.4</ele>
   </trkpt>
   <trkpt lat="40.5856440" lon="-3.1123310">
    <ele>899.4</ele>
   </trkpt>
   <trkpt lat="40.5856130" lon="-3.1123860">
    <ele>899.4</ele>
   </trkpt>
   <trkpt lat="40.5855830" lon="-3.1124400">
    <ele>899.6</ele>
   </trkpt>
   <trkpt lat="40.5855520" lon="-3.1124940">
    <ele>899.6</ele>
   </trkpt>
   <trkpt lat="40.5855220" lon="-3.1125440">
    <ele>899.6</ele>
   </trkpt>
   <trkpt lat="40.5854870" lon="-3.1125900">
    <ele>899.8</ele>
   </trkpt>
   <trkpt lat="40.5854530" lon="-3.1126370">
    <ele>899.8</ele>
   </trkpt>
   <trkpt lat="40.5854190" lon="-3.1126830">
    <ele>899.8</ele>
   </trkpt>
   <trkpt lat="40.5853920" lon="-3.1127280">
    <ele>900.0</ele>
   </trkpt>
   <trkpt lat="40.5853610" lon="-3.1127730">
    <ele>900.0</ele>
   </trkpt>
   <trkpt lat="40.5853350" lon="-3.1128170">
    <ele>900.2</ele>
   </trkpt>
   <trkpt lat="40.5853040" lon="-3.1128620">
    <ele>900.2</ele>
   </trkpt>
   <trkpt lat="40.5852770" lon="-3.1129060">
    <ele>900.4</ele>
   </trkpt>
   <trkpt lat="40.5852470" lon="-3.1129510">
    <ele>900.4</ele>
   </trkpt>
   <trkpt lat="40.5852200" lon="-3.1129970">
    <ele>900.4</ele>
   </trkpt>
   <trkpt lat="40.5851860" lon="-3.1130440">
    <ele>900.6</ele>
   </trkpt>
   <trkpt lat="40.5851550" lon="-3.1130890">
    <ele>900.6</ele>
   </trkpt>
   <trkpt lat="40.5851250" lon="-3.1131360">
    <ele>900.8</ele>
   </trkpt>
   <trkpt lat="40.5850910" lon="-3.1131820">
    <ele>901.0</ele>
   </trkpt>
   <trkpt lat="40.5850640" lon="-3.1132280">
    <ele>901.0</ele>
   </trkpt>
   <trkpt lat="40.5850370" lon="-3.1132730">
    <ele>901.2</ele>
   </trkpt>
   <trkpt lat="40.5850110" lon="-3.1133180">
    <ele>901.2</ele>
   </trkpt>
   <trkpt lat="40.5849880" lon="-3.1133630">
    <ele>901.4</ele>
   </trkpt>
   <trkpt lat="40.5849610" lon="-3.1134050">
    <ele>901.4</ele>
   </trkpt>
   <trkpt lat="40.5849340" lon="-3.1134450">
    <ele>901.6</ele>
   </trkpt>
   <trkpt lat="40.5849080" lon="-3.1134840">
    <ele>901.6</ele>
   </trkpt>
   <trkpt lat="40.5848810" lon="-3.1135200">
    <ele>901.8</ele>
   </trkpt>
   <trkpt lat="40.5848580" lon="-3.1135570">
    <ele>902.0</ele>
   </trkpt>
   <trkpt lat="40.5848350" lon="-3.1135950">
    <ele>902.2</ele>
   </trkpt>
   <trkpt lat="40.5848120" lon="-3.1136310">
    <ele>902.4</ele>
   </trkpt>
   <trkpt lat="40.5847890" lon="-3.1136620">
    <ele>902.6</ele>
   </trkpt>
   <trkpt lat="40.5847700" lon="-3.1136900">
    <ele>902.8</ele>
   </trkpt>
   <trkpt lat="40.5847510" lon="-3.1137180">
    <ele>903.0</ele>
   </trkpt>
   <trkpt lat="40.5847360" lon="-3.1137480">
    <ele>903.2</ele>
   </trkpt>
   <trkpt lat="40.5847170" lon="-3.1137780">
    <ele>903.4</ele>
   </trkpt>
   <trkpt lat="40.5847010" lon="-3.1138090">
    <ele>903.6</ele>
   </trkpt>
   <trkpt lat="40.5846820" lon="-3.1138370">
    <ele>903.8</ele>
   </trkpt>
   <trkpt lat="40.5846670" lon="-3.1138630">
    <ele>904.0</ele>
   </trkpt>
   <trkpt lat="40.5846480" lon="-3.1138880">
    <ele>904.2</ele>
   </trkpt>
   <trkpt lat="40.5846290" lon="-3.1139120">
    <ele>904.4</ele>
   </trkpt>
   <trkpt lat="40.5846100" lon="-3.1139360">
    <ele>904.6</ele>
   </trkpt>
   <trkpt lat="40.5845910" lon="-3.1139640">
    <ele>904.8</ele>
   </trkpt>
   <trkpt lat="40.5845720" lon="-3.1139920">
    <ele>905.0</ele>
   </trkpt>
   <trkpt lat="40.5845570" lon="-3.1140200">
    <ele>905.2</ele>
   </trkpt>
   <trkpt lat="40.5845410" lon="-3.1140490">
    <ele>905.4</ele>
   </trkpt>
   <trkpt lat="40.5845260" lon="-3.1140780">
    <ele>905.6</ele>
   </trkpt>
   <trkpt lat="40.5845110" lon="-3.1141070">
    <ele>905.8</ele>
   </trkpt>
   <trkpt lat="40.5844920" lon="-3.1141360">
    <ele>906.0</ele>
   </trkpt>
   <trkpt lat="40.5844760" lon="-3.1141630">
    <ele>906.2</ele>
   </trkpt>
   <trkpt lat="40.5844570" lon="-3.1141870">
    <ele>906.4</ele>
   </trkpt>
   <trkpt lat="40.5844420" lon="-3.1142140">
    <ele>906.6</ele>
   </trkpt>
   <trkpt lat="40.5844270" lon="-3.1142430">
    <ele>906.8</ele>
   </trkpt>
   <trkpt lat="40.5844150" lon="-3.1142730">
    <ele>907.0</ele>
   </trkpt>
   <trkpt lat="40.5844040" lon="-3.1143040">
    <ele>907.2</ele>
   </trkpt>
   <trkpt lat="40.5843890" lon="-3.1143330">
    <ele>907.4</ele>
   </trkpt>
   <trkpt lat="40.5843730" lon="-3.1143620">
    <ele>907.6</ele>
   </trkpt>
   <trkpt lat="40.5843580" lon="-3.1143930">
    <ele>907.8</ele>
   </trkpt>
   <trkpt lat="40.5843430" lon="-3.1144230">
    <ele>908.0</ele>
   </trkpt>
   <trkpt lat="40.5843280" lon="-3.1144520">
    <ele>908.2</ele>
   </trkpt>
   <trkpt lat="40.5843160" lon="-3.1144840">
    <ele>908.4</ele>
   </trkpt>
   <trkpt lat="40.5843010" lon="-3.1145180">
    <ele>908.6</ele>
   </trkpt>
   <trkpt lat="40.5842970" lon="-3.1145530">
    <ele>908.8</ele>
   </trkpt>
   <trkpt lat="40.5842930" lon="-3.1145880">
    <ele>909.0</ele>
   </trkpt>
   <trkpt lat="40.5842930" lon="-3.1146240">
    <ele>909.2</ele>
   </trkpt>
   <trkpt lat="40.5842900" lon="-3.1146600">
    <ele>909.2</ele>
   </trkpt>
   <trkpt lat="40.5842930" lon="-3.1146980">
    <ele>909.4</ele>
   </trkpt>
   <trkpt lat="40.5843010" lon="-3.1147350">
    <ele>909.6</ele>
   </trkpt>
   <trkpt lat="40.5843090" lon="-3.1147700">
    <ele>909.8</ele>
   </trkpt>
   <trkpt lat="40.5843160" lon="-3.1148060">
    <ele>910.0</ele>
   </trkpt>
   <trkpt lat="40.5843240" lon="-3.1148410">
    <ele>910.2</ele>
   </trkpt>
   <trkpt lat="40.5843350" lon="-3.1148750">
    <ele>910.2</ele>
   </trkpt>
   <trkpt lat="40.5843470" lon="-3.1149110">
    <ele>910.4</ele>
   </trkpt>
   <trkpt lat="40.5843580" lon="-3.1149470">
    <ele>910.6</ele>
   </trkpt>
   <trkpt lat="40.5843660" lon="-3.1149840">
    <ele>910.6</ele>
   </trkpt>
   <trkpt lat="40.5843770" lon="-3.1150240">
    <ele>910.8</ele>
   </trkpt>
   <trkpt lat="40.5843850" lon="-3.1150640">
    <ele>910.8</ele>
   </trkpt>
   <trkpt lat="40.5843960" lon="-3.1151040">
    <ele>911.0</ele>
   </trkpt>
   <trkpt lat="40.5844080" lon="-3.1151450">
    <ele>911.0</ele>
   </trkpt>
   <trkpt lat="40.5844270" lon="-3.1151860">
    <ele>911.2</ele>
   </trkpt>
   <trkpt lat="40.5844420" lon="-3.1152280">
    <ele>911.2</ele>
   </trkpt>
   <trkpt lat="40.5844540" lon="-3.1152710">
    <ele>911.4</ele>
   </trkpt>
   <trkpt lat="40.5844650" lon="-3.1153140">
    <ele>911.4</ele>
   </trkpt>
   <trkpt lat="40.5844730" lon="-3.1153570">
    <ele>911.6</ele>
   </trkpt>
   <trkpt lat="40.5844840" lon="-3.1153980">
    <ele>911.6</ele>
   </trkpt>
   <trkpt lat="40.5844960" lon="-3.1154380">
    <ele>911.8</ele>
   </trkpt>
   <trkpt lat="40.5845110" lon="-3.1154770">
    <ele>912.0</ele>
   </trkpt>
   <trkpt lat="40.5845220" lon="-3.1155140">
    <ele>912.2</ele>
   </trkpt>
   <trkpt lat="40.5845340" lon="-3.1155510">
    <ele>912.2</ele>
   </trkpt>
   <trkpt lat="40.5845530" lon="-3.1155880">
    <ele>912.4</ele>
   </trkpt>
   <trkpt lat="40.5845720" lon="-3.1156240">
    <ele>912.4</ele>
   </trkpt>
   <trkpt lat="40.5845870" lon="-3.1156640">
    <ele>912.6</ele>
   </trkpt>
   <trkpt lat="40.5845950" lon="-3.1157060">
    <ele>912.6</ele>
   </trkpt>
   <trkpt lat="40.5845950" lon="-3.1157480">
    <ele>912.6</ele>
   </trkpt>
   <trkpt lat="40.5845870" lon="-3.1157860">
    <ele>912.8</ele>
   </trkpt>
   <trkpt lat="40.5845680" lon="-3.1158160">
    <ele>912.8</ele>
   </trkpt>
   <trkpt lat="40.5845490" lon="-3.1158400">
    <ele>913.0</ele>
   </trkpt>
   <trkpt lat="40.5845220" lon="-3.1158540">
    <ele>913.0</ele>
   </trkpt>
   <trkpt lat="40.5844960" lon="-3.1158600">
    <ele>913.2</ele>
   </trkpt>
   <trkpt lat="40.5844650" lon="-3.1158640">
    <ele>913.4</ele>
   </trkpt>
   <trkpt lat="40.5844380" lon="-3.1158700">
    <ele>913.4</ele>
   </trkpt>
   <trkpt lat="40.5844120" lon="-3.1158790">
    <ele>913.6</ele>
   </trkpt>
   <trkpt lat="40.5843810" lon="-3.1158890">
    <ele>913.8</ele>
   </trkpt>
   <trkpt lat="40.5843540" lon="-3.1159010">
    <ele>913.8</ele>
   </trkpt>
   <trkpt lat="40.5843240" lon="-3.1159100">
    <ele>914.0</ele>
   </trkpt>
   <trkpt lat="40.5842930" lon="-3.1159210">
    <ele>914.2</ele>
   </trkpt>
   <trkpt lat="40.5842630" lon="-3.1159300">
    <ele>914.2</ele>
   </trkpt>
   <trkpt lat="40.5842320" lon="-3.1159430">
    <ele>914.2</ele>
   </trkpt>
   <trkpt lat="40.5842020" lon="-3.1159600">
    <ele>914.4</ele>
   </trkpt>
   <trkpt lat="40.5841750" lon="-3.1159790">
    <ele>914.4</ele>
   </trkpt>
   <trkpt lat="40.5841480" lon="-3.1160020">
    <ele>914.6</ele>
   </trkpt>
   <trkpt lat="40.5841250" lon="-3.1160230">
    <ele>914.8</ele>
   </trkpt>
   <trkpt lat="40.5841030" lon="-3.1160390">
    <ele>915.0</ele>
   </trkpt>
   <trkpt lat="40.5840800" lon="-3.1160420">
    <ele>915.0</ele>
   </trkpt>
   <trkpt lat="40.5840570" lon="-3.1160290">
    <ele>915.2</ele>
   </trkpt>
   <trkpt lat="40.5840300" lon="-3.1160050">
    <ele>915.2</ele>
   </trkpt>
   <trkpt lat="40.5840070" lon="-3.1159770">
    <ele>915.4</ele>
   </trkpt>
   <trkpt lat="40.5839840" lon="-3.1159470">
    <ele>915.4</ele>
   </trkpt>
   <trkpt lat="40.5839610" lon="-3.1159160">
    <ele>915.6</ele>
   </trkpt>
   <trkpt lat="40.5839420" lon="-3.1158820">
    <ele>915.6</ele>
   </trkpt>
   <trkpt lat="40.5839230" lon="-3.1158480">
    <ele>915.8</ele>
   </trkpt>
   <trkpt lat="40.5839040" lon="-3.1158170">
    <ele>915.8</ele>
   </trkpt>
   <trkpt lat="40.5838810" lon="-3.1157930">
    <ele>916.0</ele>
   </trkpt>
   <trkpt lat="40.5838580" lon="-3.1157690">
    <ele>916.0</ele>
   </trkpt>
   <trkpt lat="40.5838430" lon="-3.1157430">
    <ele>916.0</ele>
   </trkpt>
   <trkpt lat="40.5838240" lon="-3.1157130">
    <ele>916.0</ele>
   </trkpt>
   <trkpt lat="40.5838050" lon="-3.1156790">
    <ele>916.0</ele>
   </trkpt>
   <trkpt lat="40.5837780" lon="-3.1156410">
    <ele>916.0</ele>
   </trkpt>
   <trkpt lat="40.5837520" lon="-3.1156030">
    <ele>915.8</ele>
   </trkpt>
   <trkpt lat="40.5837210" lon="-3.1155680">
    <ele>915.8</ele>
   </trkpt>
   <trkpt lat="40.5836940" lon="-3.1155340">
    <ele>915.8</ele>
   </trkpt>
   <trkpt lat="40.5836640" lon="-3.1154990">
    <ele>915.8</ele>
   </trkpt>
   <trkpt lat="40.5836330" lon="-3.1154640">
    <ele>915.6</ele>
   </trkpt>
   <trkpt lat="40.5835990" lon="-3.1154310">
    <ele>915.6</ele>
   </trkpt>
   <trkpt lat="40.5835690" lon="-3.1153990">
    <ele>915.6</ele>
   </trkpt>
   <trkpt lat="40.5835380" lon="-3.1153690">
    <ele>915.6</ele>
   </trkpt>
   <trkpt lat="40.5835110" lon="-3.1153390">
    <ele>915.6</ele>
   </trkpt>
   <trkpt lat="40.5834810" lon="-3.1153090">
    <ele>915.6</ele>
   </trkpt>
   <trkpt lat="40.5834460" lon="-3.1152820">
    <ele>915.6</ele>
   </trkpt>
   <trkpt lat="40.5834120" lon="-3.1152610">
    <ele>915.6</ele>
   </trkpt>
   <trkpt lat="40.5833820" lon="-3.1152410">
    <ele>915.6</ele>
   </trkpt>
   <trkpt lat="40.5833550" lon="-3.1152200">
    <ele>915.8</ele>
   </trkpt>
   <trkpt lat="40.5833320" lon="-3.1151990">
    <ele>915.8</ele>
   </trkpt>
   <trkpt lat="40.5833050" lon="-3.1151790">
    <ele>915.8</ele>
   </trkpt>
   <trkpt lat="40.5832790" lon="-3.1151570">
    <ele>915.6</ele>
   </trkpt>
   <trkpt lat="40.5832520" lon="-3.1151260">
    <ele>915.4</ele>
   </trkpt>
   <trkpt lat="40.5832250" lon="-3.1150880">
    <ele>915.2</ele>
   </trkpt>
   <trkpt lat="40.5831870" lon="-3.1150470">
    <ele>915.0</ele>
   </trkpt>
   <trkpt lat="40.5831530" lon="-3.1150000">
    <ele>914.8</ele>
   </trkpt>
   <trkpt lat="40.5831180" lon="-3.1149510">
    <ele>914.6</ele>
   </trkpt>
   <trkpt lat="40.5830880" lon="-3.1149020">
    <ele>914.2</ele>
   </trkpt>
   <trkpt lat="40.5830570" lon="-3.1148530">
    <ele>914.0</ele>
   </trkpt>
   <trkpt lat="40.5830230" lon="-3.1148010">
    <ele>913.6</ele>
   </trkpt>
   <trkpt lat="40.5829890" lon="-3.1147470">
    <ele>913.4</ele>
   </trkpt>
   <trkpt lat="40.5829540" lon="-3.1146860">
    <ele>913.0</ele>
   </trkpt>
   <trkpt lat="40.5829160" lon="-3.1146190">
    <ele>912.6</ele>
   </trkpt>
   <trkpt lat="40.5828820" lon="-3.1145490">
    <ele>912.2</ele>
   </trkpt>
   <trkpt lat="40.5828480" lon="-3.1144800">
    <ele>912.0</ele>
   </trkpt>
   <trkpt lat="40.5828060" lon="-3.1144170">
    <ele>911.6</ele>
   </trkpt>
   <trkpt lat="40.5827600" lon="-3.1143640">
    <ele>911.4</ele>
   </trkpt>
   <trkpt lat="40.5827100" lon="-3.1143290">
    <ele>911.2</ele>
   </trkpt>
   <trkpt lat="40.5826530" lon="-3.1143130">
    <ele>911.2</ele>
   </trkpt>
   <trkpt lat="40.5826000" lon="-3.1143060">
    <ele>911.2</ele>
   </trkpt>
   <trkpt lat="40.5825460" lon="-3.1143000">
    <ele>911.2</ele>
   </trkpt>
   <trkpt lat="40.5824930" lon="-3.1143000">
    <ele>911.2</ele>
   </trkpt>
   <trkpt lat="40.5824430" lon="-3.1143030">
    <ele>911.2</ele>
   </trkpt>
   <trkpt lat="40.5823970" lon="-3.1143050">
    <ele>911.2</ele>
   </trkpt>
   <trkpt lat="40.5823520" lon="-3.1143050">
    <ele>911.4</ele>
   </trkpt>
   <trkpt lat="40.5823100" lon="-3.1143050">
    <ele>911.4</ele>
   </trkpt>
   <trkpt lat="40.5822640" lon="-3.1143040">
    <ele>911.6</ele>
   </trkpt>
   <trkpt lat="40.5822220" lon="-3.1143020">
    <ele>911.6</ele>
   </trkpt>
   <trkpt lat="40.5821840" lon="-3.1142980">
    <ele>911.8</ele>
   </trkpt>
   <trkpt lat="40.5821460" lon="-3.1142950">
    <ele>911.8</ele>
   </trkpt>
   <trkpt lat="40.5821000" lon="-3.1142950">
    <ele>912.0</ele>
   </trkpt>
   <trkpt lat="40.5820580" lon="-3.1142950">
    <ele>912.0</ele>
   </trkpt>
   <trkpt lat="40.5820120" lon="-3.1142970">
    <ele>912.0</ele>
   </trkpt>
   <trkpt lat="40.5819660" lon="-3.1143040">
    <ele>912.0</ele>
   </trkpt>
   <trkpt lat="40.5819210" lon="-3.1143150">
    <ele>912.0</ele>
   </trkpt>
   <trkpt lat="40.5818710" lon="-3.1143300">
    <ele>912.0</ele>
   </trkpt>
   <trkpt lat="40.5818250" lon="-3.1143450">
    <ele>912.0</ele>
   </trkpt>
   <trkpt lat="40.5817790" lon="-3.1143630">
    <ele>912.0</ele>
   </trkpt>
   <trkpt lat="40.5817340" lon="-3.1143860">
    <ele>912.0</ele>
   </trkpt>
   <trkpt lat="40.5816840" lon="-3.1144090">
    <ele>912.0</ele>
   </trkpt>
   <trkpt lat="40.5816340" lon="-3.1144250">
    <ele>912.0</ele>
   </trkpt>
   <trkpt lat="40.5815850" lon="-3.1144330">
    <ele>912.0</ele>
   </trkpt>
   <trkpt lat="40.5815390" lon="-3.1144350">
    <ele>912.0</ele>
   </trkpt>
   <trkpt lat="40.5814970" lon="-3.1144360">
    <ele>912.0</ele>
   </trkpt>
   <trkpt lat="40.5814550" lon="-3.1144380">
    <ele>912.0</ele>
   </trkpt>
   <trkpt lat="40.5814210" lon="-3.1144360">
    <ele>912.0</ele>
   </trkpt>
   <trkpt lat="40.5813870" lon="-3.1144270">
    <ele>912.2</ele>
   </trkpt>
   <trkpt lat="40.5813520" lon="-3.1144070">
    <ele>912.2</ele>
   </trkpt>
   <trkpt lat="40.5813330" lon="-3.1143780">
    <ele>912.4</ele>
   </trkpt>
   <trkpt lat="40.5813140" lon="-3.1143450">
    <ele>912.4</ele>
   </trkpt>
   <trkpt lat="40.5812950" lon="-3.1143130">
    <ele>912.4</ele>
   </trkpt>
   <trkpt lat="40.5812680" lon="-3.1142860">
    <ele>912.6</ele>
   </trkpt>
   <trkpt lat="40.5812420" lon="-3.1142630">
    <ele>912.4</ele>
   </trkpt>
   <trkpt lat="40.5812070" lon="-3.1142440">
    <ele>912.4</ele>
   </trkpt>
   <trkpt lat="40.5811730" lon="-3.1142300">
    <ele>912.4</ele>
   </trkpt>
   <trkpt lat="40.5811390" lon="-3.1142170">
    <ele>912.4</ele>
   </trkpt>
   <trkpt lat="40.5811000" lon="-3.1142020">
    <ele>912.4</ele>
   </trkpt>
   <trkpt lat="40.5810660" lon="-3.1141830">
    <ele>912.4</ele>
   </trkpt>
   <trkpt lat="40.5810430" lon="-3.1141550">
    <ele>912.4</ele>
   </trkpt>
   <trkpt lat="40.5810280" lon="-3.1141190">
    <ele>912.4</ele>
   </trkpt>
   <trkpt lat="40.5810200" lon="-3.1140810">
    <ele>912.6</ele>
   </trkpt>
   <trkpt lat="40.5810240" lon="-3.1140470">
    <ele>912.6</ele>
   </trkpt>
   <trkpt lat="40.5810390" lon="-3.1140180">
    <ele>912.6</ele>
   </trkpt>
   <trkpt lat="40.5810620" lon="-3.1139900">
    <ele>912.6</ele>
   </trkpt>
   <trkpt lat="40.5810850" lon="-3.1139570">
    <ele>912.6</ele>
   </trkpt>
   <trkpt lat="40.5811080" lon="-3.1139220">
    <ele>912.6</ele>
   </trkpt>
   <trkpt lat="40.5811350" lon="-3.1138880">
    <ele>912.6</ele>
   </trkpt>
   <trkpt lat="40.5811580" lon="-3.1138520">
    <ele>912.6</ele>
   </trkpt>
   <trkpt lat="40.5811770" lon="-3.1138140">
    <ele>912.6</ele>
   </trkpt>
   <trkpt lat="40.5812000" lon="-3.1137740">
    <ele>912.8</ele>
   </trkpt>
   <trkpt lat="40.5812190" lon="-3.1137300">
    <ele>912.8</ele>
   </trkpt>
   <trkpt lat="40.5812340" lon="-3.1136850">
    <ele>912.8</ele>
   </trkpt>
   <trkpt lat="40.5812450" lon="-3.1136390">
    <ele>912.8</ele>
   </trkpt>
   <trkpt lat="40.5812570" lon="-3.1135940">
    <ele>912.8</ele>
   </trkpt>
   <trkpt lat="40.5812610" lon="-3.1135520">
    <ele>912.6</ele>
   </trkpt>
   <trkpt lat="40.5812640" lon="-3.1135060">
    <ele>912.6</ele>
   </trkpt>
   <trkpt lat="40.5812640" lon="-3.1134560">
    <ele>912.4</ele>
   </trkpt>
   <trkpt lat="40.5812610" lon="-3.1134020">
    <ele>912.2</ele>
   </trkpt>
   <trkpt lat="40.5812610" lon="-3.1133420">
    <ele>911.8</ele>
   </trkpt>
   <trkpt lat="40.5812570" lon="-3.1132770">
    <ele>911.6</ele>
   </trkpt>
   <trkpt lat="40.5812640" lon="-3.1132090">
    <ele>911.2</ele>
   </trkpt>
   <trkpt lat="40.5812760" lon="-3.1131380">
    <ele>910.8</ele>
   </trkpt>
   <trkpt lat="40.5812950" lon="-3.1130670">
    <ele>910.4</ele>
   </trkpt>
   <trkpt lat="40.5813180" lon="-3.1129950">
    <ele>910.0</ele>
   </trkpt>
   <trkpt lat="40.5813410" lon="-3.1129230">
    <ele>909.6</ele>
   </trkpt>
   <trkpt lat="40.5813680" lon="-3.1128490">
    <ele>909.0</ele>
   </trkpt>
   <trkpt lat="40.5813980" lon="-3.1127740">
    <ele>908.6</ele>
   </trkpt>
   <trkpt lat="40.5814290" lon="-3.1126950">
    <ele>908.0</ele>
   </trkpt>
   <trkpt lat="40.5814590" lon="-3.1126170">
    <ele>907.8</ele>
   </trkpt>
   <trkpt lat="40.5814860" lon="-3.1125460">
    <ele>907.4</ele>
   </trkpt>
   <trkpt lat="40.5815090" lon="-3.1124860">
    <ele>907.2</ele>
   </trkpt>
   <trkpt lat="40.5815280" lon="-3.1124360">
    <ele>906.8</ele>
   </trkpt>
   <trkpt lat="40.5815390" lon="-3.1123940">
    <ele>906.6</ele>
   </trkpt>
   <trkpt lat="40.5815470" lon="-3.1123580">
    <ele>906.4</ele>
   </trkpt>
   <trkpt lat="40.5815580" lon="-3.1123300">
    <ele>906.2</ele>
   </trkpt>
   <trkpt lat="40.5815770" lon="-3.1123060">
    <ele>906.2</ele>
   </trkpt>
   <trkpt lat="40.5816040" lon="-3.1122790">
    <ele>906.0</ele>
   </trkpt>
   <trkpt lat="40.5816340" lon="-3.1122520">
    <ele>906.0</ele>
   </trkpt>
   <trkpt lat="40.5816690" lon="-3.1122240">
    <ele>906.0</ele>
   </trkpt>
   <trkpt lat="40.5817070" lon="-3.1121950">
    <ele>906.0</ele>
   </trkpt>
   <trkpt lat="40.5817450" lon="-3.1121650">
    <ele>906.0</ele>
   </trkpt>
   <trkpt lat="40.5817830" lon="-3.1121350">
    <ele>906.0</ele>
   </trkpt>
   <trkpt lat="40.5818210" lon="-3.1121040">
    <ele>906.0</ele>
   </trkpt>
   <trkpt lat="40.5818600" lon="-3.1120710">
    <ele>906.0</ele>
   </trkpt>
   <trkpt lat="40.5819020" lon="-3.1120360">
    <ele>906.0</ele>
   </trkpt>
   <trkpt lat="40.5819400" lon="-3.1120040">
    <ele>906.0</ele>
   </trkpt>
   <trkpt lat="40.5819780" lon="-3.1119720">
    <ele>906.0</ele>
   </trkpt>
   <trkpt lat="40.5820200" lon="-3.1119380">
    <ele>906.0</ele>
   </trkpt>
   <trkpt lat="40.5820620" lon="-3.1119040">
    <ele>906.0</ele>
   </trkpt>
   <trkpt lat="40.5821040" lon="-3.1118710">
    <ele>905.8</ele>
   </trkpt>
   <trkpt lat="40.5821460" lon="-3.1118350">
    <ele>905.8</ele>
   </trkpt>
   <trkpt lat="40.5821880" lon="-3.1117940">
    <ele>905.8</ele>
   </trkpt>
   <trkpt lat="40.5822300" lon="-3.1117540">
    <ele>905.8</ele>
   </trkpt>
   <trkpt lat="40.5822790" lon="-3.1117150">
    <ele>905.6</ele>
   </trkpt>
   <trkpt lat="40.5823290" lon="-3.1116750">
    <ele>905.6</ele>
   </trkpt>
   <trkpt lat="40.5823750" lon="-3.1116360">
    <ele>905.6</ele>
   </trkpt>
   <trkpt lat="40.5824200" lon="-3.1116010">
    <ele>905.6</ele>
   </trkpt>
   <trkpt lat="40.5824700" lon="-3.1115670">
    <ele>905.6</ele>
   </trkpt>
   <trkpt lat="40.5825200" lon="-3.1115340">
    <ele>905.4</ele>
   </trkpt>
   <trkpt lat="40.5825650" lon="-3.1114990">
    <ele>905.4</ele>
   </trkpt>
   <trkpt lat="40.5826150" lon="-3.1114640">
    <ele>905.4</ele>
   </trkpt>
   <trkpt lat="40.5826640" lon="-3.1114300">
    <ele>905.4</ele>
   </trkpt>
   <trkpt lat="40.5827140" lon="-3.1113920">
    <ele>905.4</ele>
   </trkpt>
   <trkpt lat="40.5827640" lon="-3.1113540">
    <ele>905.4</ele>
   </trkpt>
   <trkpt lat="40.5828130" lon="-3.1113160">
    <ele>905.2</ele>
   </trkpt>
   <trkpt lat="40.5828630" lon="-3.1112750">
    <ele>905.2</ele>
   </trkpt>
   <trkpt lat="40.5829090" lon="-3.1112300">
    <ele>905.2</ele>
   </trkpt>
   <trkpt lat="40.5829580" lon="-3.1111830">
    <ele>905.2</ele>
   </trkpt>
   <trkpt lat="40.5830080" lon="-3.1111370">
    <ele>905.0</ele>
   </trkpt>
   <trkpt lat="40.5830610" lon="-3.1110940">
    <ele>905.0</ele>
   </trkpt>
   <trkpt lat="40.5831150" lon="-3.1110520">
    <ele>905.0</ele>
   </trkpt>
   <trkpt lat="40.5831720" lon="-3.1110160">
    <ele>905.0</ele>
   </trkpt>
   <trkpt lat="40.5832290" lon="-3.1109830">
    <ele>905.0</ele>
   </trkpt>
   <trkpt lat="40.5832860" lon="-3.1109530">
    <ele>905.0</ele>
   </trkpt>
   <trkpt lat="40.5833430" lon="-3.1109260">
    <ele>905.0</ele>
   </trkpt>
   <trkpt lat="40.5834050" lon="-3.1109010">
    <ele>904.8</ele>
   </trkpt>
   <trkpt lat="40.5834660" lon="-3.1108800">
    <ele>904.8</ele>
   </trkpt>
   <trkpt lat="40.5835270" lon="-3.1108640">
    <ele>904.6</ele>
   </trkpt>
   <trkpt lat="40.5835880" lon="-3.1108490">
    <ele>904.6</ele>
   </trkpt>
   <trkpt lat="40.5836560" lon="-3.1108330">
    <ele>904.4</ele>
   </trkpt>
   <trkpt lat="40.5837250" lon="-3.1108230">
    <ele>904.2</ele>
   </trkpt>
   <trkpt lat="40.5837940" lon="-3.1108210">
    <ele>904.0</ele>
   </trkpt>
   <trkpt lat="40.5838660" lon="-3.1108340">
    <ele>903.8</ele>
   </trkpt>
   <trkpt lat="40.5839350" lon="-3.1108660">
    <ele>903.6</ele>
   </trkpt>
   <trkpt lat="40.5840000" lon="-3.1109110">
    <ele>903.4</ele>
   </trkpt>
   <trkpt lat="40.5840610" lon="-3.1109670">
    <ele>903.0</ele>
   </trkpt>
   <trkpt lat="40.5841180" lon="-3.1110290">
    <ele>902.8</ele>
   </trkpt>
   <trkpt lat="40.5841750" lon="-3.1110960">
    <ele>902.8</ele>
   </trkpt>
   <trkpt lat="40.5842320" lon="-3.1111670">
    <ele>902.6</ele>
   </trkpt>
   <trkpt lat="40.5842860" lon="-3.1112410">
    <ele>902.4</ele>
   </trkpt>
   <trkpt lat="40.5843350" lon="-3.1113170">
    <ele>902.2</ele>
   </trkpt>
   <trkpt lat="40.5843850" lon="-3.1113940">
    <ele>902.2</ele>
   </trkpt>
   <trkpt lat="40.5844380" lon="-3.1114700">
    <ele>902.0</ele>
   </trkpt>
   <trkpt lat="40.5844880" lon="-3.1115430">
    <ele>902.0</ele>
   </trkpt>
   <trkpt lat="40.5845340" lon="-3.1116130">
    <ele>902.0</ele>
   </trkpt>
   <trkpt lat="40.5845790" lon="-3.1116820">
    <ele>901.8</ele>
   </trkpt>
   <trkpt lat="40.5846250" lon="-3.1117490">
    <ele>901.8</ele>
   </trkpt>
   <trkpt lat="40.5846670" lon="-3.1118140">
    <ele>901.8</ele>
   </trkpt>
   <trkpt lat="40.5847130" lon="-3.1118800">
    <ele>901.6</ele>
   </trkpt>
   <trkpt lat="40.5847590" lon="-3.1119460">
    <ele>901.6</ele>
   </trkpt>
   <trkpt lat="40.5848080" lon="-3.1120140">
    <ele>901.4</ele>
   </trkpt>
   <trkpt lat="40.5848500" lon="-3.1120810">
    <ele>901.4</ele>
   </trkpt>
   <trkpt lat="40.5848880" lon="-3.1121460">
    <ele>901.4</ele>
   </trkpt>
   <trkpt lat="40.5849340" lon="-3.1122120">
    <ele>901.2</ele>
   </trkpt>
   <trkpt lat="40.5849800" lon="-3.1122760">
    <ele>901.2</ele>
   </trkpt>
   <trkpt lat="40.5850260" lon="-3.1123370">
    <ele>901.2</ele>
   </trkpt>
   <trkpt lat="40.5850720" lon="-3.1123960">
    <ele>901.2</ele>
   </trkpt>
   <trkpt lat="40.5851170" lon="-3.1124530">
    <ele>901.2</ele>
   </trkpt>
   <trkpt lat="40.5851590" lon="-3.1125100">
    <ele>901.2</ele>
   </trkpt>
   <trkpt lat="40.5852010" lon="-3.1125650">
    <ele>901.2</ele>
   </trkpt>
   <trkpt lat="40.5852390" lon="-3.1126180">
    <ele>901.4</ele>
   </trkpt>
   <trkpt lat="40.5852770" lon="-3.1126650">
    <ele>901.4</ele>
   </trkpt>
   <trkpt lat="40.5853160" lon="-3.1127020">
    <ele>901.4</ele>
   </trkpt>
   <trkpt lat="40.5853610" lon="-3.1127250">
    <ele>901.4</ele>
   </trkpt>
   <trkpt lat="40.5854000" lon="-3.1127300">
    <ele>901.4</ele>
   </trkpt>
   <trkpt lat="40.5854380" lon="-3.1127140">
    <ele>901.4</ele>
   </trkpt>
   <trkpt lat="40.5854760" lon="-3.1126760">
    <ele>901.4</ele>
   </trkpt>
   <trkpt lat="40.5855100" lon="-3.1126230">
    <ele>901.2</ele>
   </trkpt>
   <trkpt lat="40.5855450" lon="-3.1125610">
    <ele>901.2</ele>
   </trkpt>
   <trkpt lat="40.5855830" lon="-3.1124980">
    <ele>901.2</ele>
   </trkpt>
   <trkpt lat="40.5856210" lon="-3.1124390">
    <ele>901.0</ele>
   </trkpt>
   <trkpt lat="40.5856590" lon="-3.1123850">
    <ele>901.0</ele>
   </trkpt>
   <trkpt lat="40.5857050" lon="-3.1123390">
    <ele>901.0</ele>
   </trkpt>
   <trkpt lat="40.5857580" lon="-3.1123050">
    <ele>900.8</ele>
   </trkpt>
   <trkpt lat="40.5858150" lon="-3.1122860">
    <ele>900.8</ele>
   </trkpt>
   <trkpt lat="40.5858730" lon="-3.1122910">
    <ele>900.6</ele>
   </trkpt>
   <trkpt lat="40.5859260" lon="-3.1123220">
    <ele>900.6</ele>
   </trkpt>
   <trkpt lat="40.5859720" lon="-3.1123740">
    <ele>900.6</ele>
   </trkpt>
   <trkpt lat="40.5860180" lon="-3.1124330">
    <ele>900.4</ele>
   </trkpt>
   <trkpt lat="40.5860630" lon="-3.1124940">
    <ele>900.4</ele>
   </trkpt>
   <trkpt lat="40.5861090" lon="-3.1125560">
    <ele>900.4</ele>
   </trkpt>
   <trkpt lat="40.5861550" lon="-3.1126150">
    <ele>900.4</ele>
   </trkpt>
   <trkpt lat="40.5862010" lon="-3.1126730">
    <ele>900.4</ele>
   </trkpt>
   <trkpt lat="40.5862460" lon="-3.1127320">
    <ele>900.4</ele>
   </trkpt>
   <trkpt lat="40.5862880" lon="-3.1127900">
    <ele>900.2</ele>
   </trkpt>
   <trkpt lat="40.5863340" lon="-3.1128480">
    <ele>900.2</ele>
   </trkpt>
   <trkpt lat="40.5863760" lon="-3.1129060">
    <ele>900.2</ele>
   </trkpt>
   <trkpt lat="40.5864180" lon="-3.1129630">
    <ele>900.2</ele>
   </trkpt>
   <trkpt lat="40.5864640" lon="-3.1130200">
    <ele>900.2</ele>
   </trkpt>
   <trkpt lat="40.5865100" lon="-3.1130790">
    <ele>900.2</ele>
   </trkpt>
   <trkpt lat="40.5865520" lon="-3.1131380">
    <ele>900.2</ele>
   </trkpt>
   <trkpt lat="40.5865940" lon="-3.1131940">
    <ele>900.2</ele>
   </trkpt>
   <trkpt lat="40.5866360" lon="-3.1132490">
    <ele>900.2</ele>
   </trkpt>
   <trkpt lat="40.5866850" lon="-3.1132960">
    <ele>900.2</ele>
   </trkpt>
   <trkpt lat="40.5867350" lon="-3.1133320">
    <ele>900.2</ele>
   </trkpt>
   <trkpt lat="40.5867920" lon="-3.1133540">
    <ele>900.2</ele>
   </trkpt>
   <trkpt lat="40.5868530" lon="-3.1133600">
    <ele>900.2</ele>
   </trkpt>
   <trkpt lat="40.5869100" lon="-3.1133540">
    <ele>900.2</ele>
   </trkpt>
   <trkpt lat="40.5869750" lon="-3.1133390">
    <ele>900.0</ele>
   </trkpt>
   <trkpt lat="40.5870360" lon="-3.1133140">
    <ele>900.0</ele>
   </trkpt>
   <trkpt lat="40.5870890" lon="-3.1132760">
    <ele>899.8</ele>
   </trkpt>
   <trkpt lat="40.5871350" lon="-3.1132280">
    <ele>899.8</ele>
   </trkpt>
   <trkpt lat="40.5871730" lon="-3.1131650">
    <ele>899.8</ele>
   </trkpt>
   <trkpt lat="40.5872150" lon="-3.1130970">
    <ele>899.6</ele>
   </trkpt>
   <trkpt lat="40.5872540" lon="-3.1130280">
    <ele>899.6</ele>
   </trkpt>
   <trkpt lat="40.5872960" lon="-3.1129570">
    <ele>899.8</ele>
   </trkpt>
   <trkpt lat="40.5873300" lon="-3.1128890">
    <ele>899.8</ele>
   </trkpt>
   <trkpt lat="40.5873640" lon="-3.1128240">
    <ele>899.8</ele>
   </trkpt>
   <trkpt lat="40.5874020" lon="-3.1127610">
    <ele>899.8</ele>
   </trkpt>
   <trkpt lat="40.5874440" lon="-3.1126980">
    <ele>900.0</ele>
   </trkpt>
   <trkpt lat="40.5874820" lon="-3.1126350">
    <ele>900.0</ele>
   </trkpt>
   <trkpt lat="40.5875240" lon="-3.1125740">
    <ele>900.2</ele>
   </trkpt>
   <trkpt lat="40.5875590" lon="-3.1125120">
    <ele>900.2</ele>
   </trkpt>
   <trkpt lat="40.5875970" lon="-3.1124500">
    <ele>900.4</ele>
   </trkpt>
   <trkpt lat="40.5876350" lon="-3.1123900">
    <ele>900.4</ele>
   </trkpt>
   <trkpt lat="40.5876690" lon="-3.1123290">
    <ele>900.6</ele>
   </trkpt>
   <trkpt lat="40.5877040" lon="-3.1122690">
    <ele>900.6</ele>
   </trkpt>
   <trkpt lat="40.5877420" lon="-3.1122090">
    <ele>900.6</ele>
   </trkpt>
   <trkpt lat="40.5877840" lon="-3.1121480">
    <ele>900.8</ele>
   </trkpt>
   <trkpt lat="40.5878180" lon="-3.1120880">
    <ele>900.8</ele>
   </trkpt>
   <trkpt lat="40.5878520" lon="-3.1120300">
    <ele>901.0</ele>
   </trkpt>
   <trkpt lat="40.5878870" lon="-3.1119720">
    <ele>901.0</ele>
   </trkpt>
   <trkpt lat="40.5879210" lon="-3.1119150">
    <ele>901.0</ele>
   </trkpt>
   <trkpt lat="40.5879520" lon="-3.1118590">
    <ele>901.0</ele>
   </trkpt>
   <trkpt lat="40.5879820" lon="-3.1118020">
    <ele>901.0</ele>
   </trkpt>
   <trkpt lat="40.5880200" lon="-3.1117450">
    <ele>901.2</ele>
   </trkpt>
   <trkpt lat="40.5880550" lon="-3.1116870">
    <ele>901.2</ele>
   </trkpt>
   <trkpt lat="40.5880890" lon="-3.1116330">
    <ele>901.2</ele>
   </trkpt>
   <trkpt lat="40.5881230" lon="-3.1115830">
    <ele>901.2</ele>
   </trkpt>
   <trkpt lat="40.5881500" lon="-3.1115340">
    <ele>901.4</ele>
   </trkpt>
   <trkpt lat="40.5881800" lon="-3.1114860">
    <ele>901.4</ele>
   </trkpt>
   <trkpt lat="40.5882110" lon="-3.1114430">
    <ele>901.4</ele>
   </trkpt>
   <trkpt lat="40.5882380" lon="-3.1114020">
    <ele>901.6</ele>
   </trkpt>
   <trkpt lat="40.5882530" lon="-3.1113600">
    <ele>901.6</ele>
   </trkpt>
   <trkpt lat="40.5882570" lon="-3.1113190">
    <ele>901.8</ele>
   </trkpt>
   <trkpt lat="40.5882490" lon="-3.1112830">
    <ele>901.8</ele>
   </trkpt>
   <trkpt lat="40.5882300" lon="-3.1112520">
    <ele>901.8</ele>
   </trkpt>
   <trkpt lat="40.5882110" lon="-3.1112270">
    <ele>901.8</ele>
   </trkpt>
   <trkpt lat="40.5881920" lon="-3.1111980">
    <ele>901.8</ele>
   </trkpt>
   <trkpt lat="40.5881650" lon="-3.1111660">
    <ele>901.8</ele>
   </trkpt>
   <trkpt lat="40.5881350" lon="-3.1111340">
    <ele>901.8</ele>
   </trkpt>
   <trkpt lat="40.5881120" lon="-3.1110950">
    <ele>901.8</ele>
   </trkpt>
   <trkpt lat="40.5880930" lon="-3.1110510">
    <ele>901.8</ele>
   </trkpt>
   <trkpt lat="40.5880890" lon="-3.1110030">
    <ele>902.0</ele>
   </trkpt>
   <trkpt lat="40.5880970" lon="-3.1109510">
    <ele>902.0</ele>
   </trkpt>
   <trkpt lat="40.5881040" lon="-3.1108950">
    <ele>902.0</ele>
   </trkpt>
   <trkpt lat="40.5881120" lon="-3.1108390">
    <ele>902.2</ele>
   </trkpt>
   <trkpt lat="40.5881160" lon="-3.1107830">
    <ele>902.2</ele>
   </trkpt>
   <trkpt lat="40.5881080" lon="-3.1107280">
    <ele>902.4</ele>
   </trkpt>
   <trkpt lat="40.5880970" lon="-3.1106760">
    <ele>902.4</ele>
   </trkpt>
   <trkpt lat="40.5880850" lon="-3.1106240">
    <ele>902.4</ele>
   </trkpt>
   <trkpt lat="40.5880700" lon="-3.1105710">
    <ele>902.4</ele>
   </trkpt>
   <trkpt lat="40.5880580" lon="-3.1105150">
    <ele>902.6</ele>
   </trkpt>
   <trkpt lat="40.5880550" lon="-3.1104580">
    <ele>902.6</ele>
   </trkpt>
   <trkpt lat="40.5880550" lon="-3.1103990">
    <ele>902.6</ele>
   </trkpt>
   <trkpt lat="40.5880580" lon="-3.1103400">
    <ele>902.6</ele>
   </trkpt>
   <trkpt lat="40.5880740" lon="-3.1102830">
    <ele>902.6</ele>
   </trkpt>
   <trkpt lat="40.5880970" lon="-3.1102310">
    <ele>902.6</ele>
   </trkpt>
   <trkpt lat="40.5881270" lon="-3.1101840">
    <ele>902.6</ele>
   </trkpt>
   <trkpt lat="40.5881650" lon="-3.1101460">
    <ele>902.8</ele>
   </trkpt>
   <trkpt lat="40.5882070" lon="-3.1101130">
    <ele>902.8</ele>
   </trkpt>
   <trkpt lat="40.5882490" lon="-3.1100810">
    <ele>902.8</ele>
   </trkpt>
   <trkpt lat="40.5882840" lon="-3.1100470">
    <ele>902.8</ele>
   </trkpt>
   <trkpt lat="40.5883180" lon="-3.1100120">
    <ele>902.8</ele>
   </trkpt>
   <trkpt lat="40.5883520" lon="-3.1099760">
    <ele>902.8</ele>
   </trkpt>
   <trkpt lat="40.5883870" lon="-3.1099390">
    <ele>902.8</ele>
   </trkpt>
   <trkpt lat="40.5884170" lon="-3.1098990">
    <ele>902.8</ele>
   </trkpt>
   <trkpt lat="40.5884400" lon="-3.1098570">
    <ele>902.8</ele>
   </trkpt>
   <trkpt lat="40.5884630" lon="-3.1098140">
    <ele>902.8</ele>
   </trkpt>
   <trkpt lat="40.5884860" lon="-3.1097690">
    <ele>902.8</ele>
   </trkpt>
   <trkpt lat="40.5885010" lon="-3.1097230">
    <ele>902.8</ele>
   </trkpt>
   <trkpt lat="40.5885200" lon="-3.1096780">
    <ele>902.8</ele>
   </trkpt>
   <trkpt lat="40.5885390" lon="-3.1096330">
    <ele>902.8</ele>
   </trkpt>
   <trkpt lat="40.5885580" lon="-3.1095880">
    <ele>902.8</ele>
   </trkpt>
   <trkpt lat="40.5885770" lon="-3.1095410">
    <ele>902.8</ele>
   </trkpt>
   <trkpt lat="40.5885960" lon="-3.1094970">
    <ele>902.8</ele>
   </trkpt>
   <trkpt lat="40.5886230" lon="-3.1094550">
    <ele>902.8</ele>
   </trkpt>
   <trkpt lat="40.5886500" lon="-3.1094120">
    <ele>902.8</ele>
   </trkpt>
   <trkpt lat="40.5886690" lon="-3.1093680">
    <ele>902.8</ele>
   </trkpt>
   <trkpt lat="40.5886760" lon="-3.1093190">
    <ele>902.8</ele>
   </trkpt>
   <trkpt lat="40.5886760" lon="-3.1092660">
    <ele>902.8</ele>
   </trkpt>
   <trkpt lat="40.5886690" lon="-3.1092160">
    <ele>902.8</ele>
   </trkpt>
   <trkpt lat="40.5886570" lon="-3.1091670">
    <ele>902.8</ele>
   </trkpt>
   <trkpt lat="40.5886500" lon="-3.1091170">
    <ele>902.8</ele>
   </trkpt>
   <trkpt lat="40.5886610" lon="-3.1090670">
    <ele>903.0</ele>
   </trkpt>
   <trkpt lat="40.5886840" lon="-3.1090230">
    <ele>903.0</ele>
   </trkpt>
   <trkpt lat="40.5887110" lon="-3.1089840">
    <ele>903.0</ele>
   </trkpt>
   <trkpt lat="40.5887490" lon="-3.1089540">
    <ele>903.0</ele>
   </trkpt>
   <trkpt lat="40.5887830" lon="-3.1089330">
    <ele>903.0</ele>
   </trkpt>
   <trkpt lat="40.5888180" lon="-3.1089200">
    <ele>903.0</ele>
   </trkpt>
   <trkpt lat="40.5888520" lon="-3.1089110">
    <ele>903.2</ele>
   </trkpt>
   <trkpt lat="40.5888860" lon="-3.1089060">
    <ele>903.2</ele>
   </trkpt>
   <trkpt lat="40.5889210" lon="-3.1089060">
    <ele>903.2</ele>
   </trkpt>
   <trkpt lat="40.5889590" lon="-3.1089070">
    <ele>903.2</ele>
   </trkpt>
   <trkpt lat="40.5889930" lon="-3.1089090">
    <ele>903.2</ele>
   </trkpt>
   <trkpt lat="40.5890270" lon="-3.1089100">
    <ele>903.2</ele>
   </trkpt>
   <trkpt lat="40.5890660" lon="-3.1089090">
    <ele>903.2</ele>
   </trkpt>
   <trkpt lat="40.5891040" lon="-3.1089120">
    <ele>903.2</ele>
   </trkpt>
   <trkpt lat="40.5891460" lon="-3.1089190">
    <ele>903.0</ele>
   </trkpt>
   <trkpt lat="40.5891800" lon="-3.1089340">
    <ele>903.0</ele>
   </trkpt>
   <trkpt lat="40.5892100" lon="-3.1089560">
    <ele>903.0</ele>
   </trkpt>
   <trkpt lat="40.5892370" lon="-3.1089800">
    <ele>903.0</ele>
   </trkpt>
   <trkpt lat="40.5892640" lon="-3.1089930">
    <ele>903.0</ele>
   </trkpt>
   <trkpt lat="40.5892910" lon="-3.1089900">
    <ele>903.0</ele>
   </trkpt>
   <trkpt lat="40.5893210" lon="-3.1089740">
    <ele>903.0</ele>
   </trkpt>
   <trkpt lat="40.5893550" lon="-3.1089530">
    <ele>903.0</ele>
   </trkpt>
   <trkpt lat="40.5893900" lon="-3.1089400">
    <ele>903.0</ele>
   </trkpt>
   <trkpt lat="40.5894200" lon="-3.1089380">
    <ele>903.0</ele>
   </trkpt>
   <trkpt lat="40.5894470" lon="-3.1089440">
    <ele>903.2</ele>
   </trkpt>
   <trkpt lat="40.5894660" lon="-3.1089510">
    <ele>903.2</ele>
   </trkpt>
   <trkpt lat="40.5894810" lon="-3.1089590">
    <ele>903.2</ele>
   </trkpt>
   <trkpt lat="40.5894970" lon="-3.1089650">
    <ele>903.2</ele>
   </trkpt>
   <trkpt lat="40.5895190" lon="-3.1089690">
    <ele>903.2</ele>
   </trkpt>
   <trkpt lat="40.5895460" lon="-3.1089680">
    <ele>903.2</ele>
   </trkpt>
   <trkpt lat="40.5895810" lon="-3.1089630">
    <ele>903.0</ele>
   </trkpt>
   <trkpt lat="40.5896190" lon="-3.1089580">
    <ele>903.0</ele>
   </trkpt>
   <trkpt lat="40.5896570" lon="-3.1089540">
    <ele>903.0</ele>
   </trkpt>
   <trkpt lat="40.5896990" lon="-3.1089510">
    <ele>903.0</ele>
   </trkpt>
   <trkpt lat="40.5897370" lon="-3.1089440">
    <ele>903.0</ele>
   </trkpt>
   <trkpt lat="40.5897750" lon="-3.1089310">
    <ele>903.0</ele>
   </trkpt>
   <trkpt lat="40.5898090" lon="-3.1089060">
    <ele>903.0</ele>
   </trkpt>
   <trkpt lat="40.5898400" lon="-3.1088700">
    <ele>902.8</ele>
   </trkpt>
   <trkpt lat="40.5898630" lon="-3.1088280">
    <ele>902.8</ele>
   </trkpt>
   <trkpt lat="40.5898860" lon="-3.1087840">
    <ele>902.8</ele>
   </trkpt>
   <trkpt lat="40.5899090" lon="-3.1087400">
    <ele>902.8</ele>
   </trkpt>
   <trkpt lat="40.5899350" lon="-3.1086940">
    <ele>902.8</ele>
   </trkpt>
   <trkpt lat="40.5899660" lon="-3.1086480">
    <ele>902.8</ele>
   </trkpt>
   <trkpt lat="40.5899960" lon="-3.1086000">
    <ele>902.8</ele>
   </trkpt>
   <trkpt lat="40.5900270" lon="-3.1085520">
    <ele>902.8</ele>
   </trkpt>
   <trkpt lat="40.5900540" lon="-3.1085040">
    <ele>902.8</ele>
   </trkpt>
   <trkpt lat="40.5900800" lon="-3.1084560">
    <ele>902.8</ele>
   </trkpt>
   <trkpt lat="40.5901110" lon="-3.1084080">
    <ele>902.8</ele>
   </trkpt>
   <trkpt lat="40.5901410" lon="-3.1083610">
    <ele>902.8</ele>
   </trkpt>
   <trkpt lat="40.5901680" lon="-3.1083150">
    <ele>902.8</ele>
   </trkpt>
   <trkpt lat="40.5901950" lon="-3.1082700">
    <ele>902.8</ele>
   </trkpt>
   <trkpt lat="40.5902210" lon="-3.1082250">
    <ele>903.0</ele>
   </trkpt>
   <trkpt lat="40.5902480" lon="-3.1081810">
    <ele>903.0</ele>
   </trkpt>
   <trkpt lat="40.5902750" lon="-3.1081330">
    <ele>903.0</ele>
   </trkpt>
   <trkpt lat="40.5903050" lon="-3.1080830">
    <ele>903.0</ele>
   </trkpt>
   <trkpt lat="40.5903360" lon="-3.1080340">
    <ele>903.2</ele>
   </trkpt>
   <trkpt lat="40.5903660" lon="-3.1079870">
    <ele>903.2</ele>
   </trkpt>
   <trkpt lat="40.5903970" lon="-3.1079410">
    <ele>903.2</ele>
   </trkpt>
   <trkpt lat="40.5904310" lon="-3.1078970">
    <ele>903.2</ele>
   </trkpt>
   <trkpt lat="40.5904620" lon="-3.1078510">
    <ele>903.2</ele>
   </trkpt>
   <trkpt lat="40.5904920" lon="-3.1078050">
    <ele>903.4</ele>
   </trkpt>
   <trkpt lat="40.5905230" lon="-3.1077610">
    <ele>903.4</ele>
   </trkpt>
   <trkpt lat="40.5905490" lon="-3.1077190">
    <ele>903.4</ele>
   </trkpt>
   <trkpt lat="40.5905800" lon="-3.1076760">
    <ele>903.6</ele>
   </trkpt>
   <trkpt lat="40.5906100" lon="-3.1076340">
    <ele>903.6</ele>
   </trkpt>
   <trkpt lat="40.5906370" lon="-3.1075930">
    <ele>903.6</ele>
   </trkpt>
   <trkpt lat="40.5906600" lon="-3.1075540">
    <ele>903.8</ele>
   </trkpt>
   <trkpt lat="40.5906750" lon="-3.1075170">
    <ele>903.8</ele>
   </trkpt>
   <trkpt lat="40.5906870" lon="-3.1074820">
    <ele>903.8</ele>
   </trkpt>
   <trkpt lat="40.5906870" lon="-3.1074540">
    <ele>904.0</ele>
   </trkpt>
   <trkpt lat="40.5906750" lon="-3.1074400">
    <ele>904.0</ele>
   </trkpt>
   <trkpt lat="40.5906560" lon="-3.1074380">
    <ele>904.0</ele>
   </trkpt>
   <trkpt lat="40.5906300" lon="-3.1074420">
    <ele>904.0</ele>
   </trkpt>
   <trkpt lat="40.5905990" lon="-3.1074540">
    <ele>904.0</ele>
   </trkpt>
   <trkpt lat="40.5905680" lon="-3.1074780">
    <ele>904.0</ele>
   </trkpt>
   <trkpt lat="40.5905420" lon="-3.1075060">
    <ele>904.0</ele>
   </trkpt>
   <trkpt lat="40.5905110" lon="-3.1075290">
    <ele>904.0</ele>
   </trkpt>
   <trkpt lat="40.5904810" lon="-3.1075480">
    <ele>904.0</ele>
   </trkpt>
   <trkpt lat="40.5904460" lon="-3.1075670">
    <ele>903.8</ele>
   </trkpt>
   <trkpt lat="40.5904120" lon="-3.1075850">
    <ele>903.8</ele>
   </trkpt>
   <trkpt lat="40.5903820" lon="-3.1076030">
    <ele>903.8</ele>
   </trkpt>
   <trkpt lat="40.5903470" lon="-3.1076190">
    <ele>903.8</ele>
   </trkpt>
   <trkpt lat="40.5903130" lon="-3.1076350">
    <ele>903.8</ele>
   </trkpt>
   <trkpt lat="40.5902790" lon="-3.1076510">
    <ele>903.6</ele>
   </trkpt>
   <trkpt lat="40.5902440" lon="-3.1076660">
    <ele>903.6</ele>
   </trkpt>
   <trkpt lat="40.5902140" lon="-3.1076730">
    <ele>903.6</ele>
   </trkpt>
   <trkpt lat="40.5901790" lon="-3.1076680">
    <ele>903.6</ele>
   </trkpt>
   <trkpt lat="40.5901490" lon="-3.1076500">
    <ele>903.6</ele>
   </trkpt>
   <trkpt lat="40.5901300" lon="-3.1076270">
    <ele>903.6</ele>
   </trkpt>
   <trkpt lat="40.5901110" lon="-3.1076020">
    <ele>903.8</ele>
   </trkpt>
   <trkpt lat="40.5900880" lon="-3.1075750">
    <ele>903.8</ele>
   </trkpt>
   <trkpt lat="40.5900690" lon="-3.1075480">
    <ele>904.0</ele>
   </trkpt>
   <trkpt lat="40.5900570" lon="-3.1075250">
    <ele>904.0</ele>
   </trkpt>
   <trkpt lat="40.5900460" lon="-3.1075080">
    <ele>904.2</ele>
   </trkpt>
   <trkpt lat="40.5900340" lon="-3.1074960">
    <ele>904.2</ele>
   </trkpt>
   <trkpt lat="40.5900270" lon="-3.1074830">
    <ele>904.2</ele>
   </trkpt>
   <trkpt lat="40.5900150" lon="-3.1074660">
    <ele>904.4</ele>
   </trkpt>
   <trkpt lat="40.5900040" lon="-3.1074510">
    <ele>904.4</ele>
   </trkpt>
   <trkpt lat="40.5899890" lon="-3.1074460">
    <ele>904.4</ele>
   </trkpt>
   <trkpt lat="40.5899730" lon="-3.1074530">
    <ele>904.4</ele>
   </trkpt>
   <trkpt lat="40.5899660" lon="-3.1074680">
    <ele>904.4</ele>
   </trkpt>
   <trkpt lat="40.5899620" lon="-3.1074850">
    <ele>904.4</ele>
   </trkpt>
   <trkpt lat="40.5899580" lon="-3.1075030">
    <ele>904.4</ele>
   </trkpt>
   <trkpt lat="40.5899660" lon="-3.1075210">
    <ele>904.4</ele>
   </trkpt>
   <trkpt lat="40.5899810" lon="-3.1075300">
    <ele>904.4</ele>
   </trkpt>
   <trkpt lat="40.5899960" lon="-3.1075260">
    <ele>904.4</ele>
   </trkpt>
   <trkpt lat="40.5900120" lon="-3.1075140">
    <ele>904.4</ele>
   </trkpt>
   <trkpt lat="40.5900310" lon="-3.1074970">
    <ele>904.4</ele>
   </trkpt>
   <trkpt lat="40.5900500" lon="-3.1074750">
    <ele>904.4</ele>
   </trkpt>
   <trkpt lat="40.5900730" lon="-3.1074500">
    <ele>904.4</ele>
   </trkpt>
   <trkpt lat="40.5900960" lon="-3.1074230">
    <ele>904.4</ele>
   </trkpt>
   <trkpt lat="40.5901180" lon="-3.1073940">
    <ele>904.4</ele>
   </trkpt>
   <trkpt lat="40.5901450" lon="-3.1073640">
    <ele>904.4</ele>
   </trkpt>
   <trkpt lat="40.5901720" lon="-3.1073370">
    <ele>904.4</ele>
   </trkpt>
   <trkpt lat="40.5901990" lon="-3.1073100">
    <ele>904.4</ele>
   </trkpt>
   <trkpt lat="40.5902250" lon="-3.1072810">
    <ele>904.4</ele>
   </trkpt>
   <trkpt lat="40.5902560" lon="-3.1072530">
    <ele>904.4</ele>
   </trkpt>
   <trkpt lat="40.5902820" lon="-3.1072240">
    <ele>904.4</ele>
   </trkpt>
   <trkpt lat="40.5903050" lon="-3.1071960">
    <ele>904.6</ele>
   </trkpt>
   <trkpt lat="40.5903280" lon="-3.1071690">
    <ele>904.6</ele>
   </trkpt>
   <trkpt lat="40.5903510" lon="-3.1071420">
    <ele>904.6</ele>
   </trkpt>
   <trkpt lat="40.5903700" lon="-3.1071160">
    <ele>904.8</ele>
   </trkpt>
   <trkpt lat="40.5903930" lon="-3.1070910">
    <ele>904.8</ele>
   </trkpt>
   <trkpt lat="40.5904160" lon="-3.1070670">
    <ele>904.8</ele>
   </trkpt>
   <trkpt lat="40.5904390" lon="-3.1070410">
    <ele>904.8</ele>
   </trkpt>
   <trkpt lat="40.5904620" lon="-3.1070130">
    <ele>904.8</ele>
   </trkpt>
   <trkpt lat="40.5904850" lon="-3.1069840">
    <ele>905.0</ele>
   </trkpt>
   <trkpt lat="40.5905070" lon="-3.1069540">
    <ele>905.0</ele>
   </trkpt>
   <trkpt lat="40.5905300" lon="-3.1069270">
    <ele>905.0</ele>
   </trkpt>
   <trkpt lat="40.5905570" lon="-3.1069140">
    <ele>905.0</ele>
   </trkpt>
   <trkpt lat="40.5905840" lon="-3.1069170">
    <ele>905.0</ele>
   </trkpt>
   <trkpt lat="40.5906030" lon="-3.1069390">
    <ele>905.0</ele>
   </trkpt>
   <trkpt lat="40.5906100" lon="-3.1069770">
    <ele>905.0</ele>
   </trkpt>
   <trkpt lat="40.5906140" lon="-3.1070270">
    <ele>904.8</ele>
   </trkpt>
   <trkpt lat="40.5906180" lon="-3.1070830">
    <ele>904.8</ele>
   </trkpt>
   <trkpt lat="40.5906180" lon="-3.1071400">
    <ele>904.6</ele>
   </trkpt>
   <trkpt lat="40.5906180" lon="-3.1071970">
    <ele>904.6</ele>
   </trkpt>
   <trkpt lat="40.5906180" lon="-3.1072540">
    <ele>904.4</ele>
   </trkpt>
   <trkpt lat="40.5906220" lon="-3.1073100">
    <ele>904.4</ele>
   </trkpt>
   <trkpt lat="40.5906370" lon="-3.1073610">
    <ele>904.2</ele>
   </trkpt>
   <trkpt lat="40.5906560" lon="-3.1074030">
    <ele>904.2</ele>
   </trkpt>
   <trkpt lat="40.5906830" lon="-3.1074300">
    <ele>904.0</ele>
   </trkpt>
   <trkpt lat="40.5907130" lon="-3.1074360">
    <ele>904.0</ele>
   </trkpt>
   <trkpt lat="40.5907400" lon="-3.1074220">
    <ele>904.0</ele>
   </trkpt>
   <trkpt lat="40.5907670" lon="-3.1073930">
    <ele>904.0</ele>
   </trkpt>
   <trkpt lat="40.5907940" lon="-3.1073580">
    <ele>904.0</ele>
   </trkpt>
   <trkpt lat="40.5908200" lon="-3.1073220">
    <ele>903.8</ele>
   </trkpt>
   <trkpt lat="40.5908470" lon="-3.1072800">
    <ele>903.8</ele>
   </trkpt>
   <trkpt lat="40.5908780" lon="-3.1072350">
    <ele>904.0</ele>
   </trkpt>
   <trkpt lat="40.5909080" lon="-3.1071860">
    <ele>904.0</ele>
   </trkpt>
   <trkpt lat="40.5909350" lon="-3.1071360">
    <ele>904.0</ele>
   </trkpt>
   <trkpt lat="40.5909650" lon="-3.1070870">
    <ele>904.0</ele>
   </trkpt>
   <trkpt lat="40.5909960" lon="-3.1070370">
    <ele>904.0</ele>
   </trkpt>
   <trkpt lat="40.5910260" lon="-3.1069860">
    <ele>904.0</ele>
   </trkpt>
   <trkpt lat="40.5910570" lon="-3.1069360">
    <ele>904.2</ele>
   </trkpt>
   <trkpt lat="40.5910910" lon="-3.1068870">
    <ele>904.2</ele>
   </trkpt>
   <trkpt lat="40.5911220" lon="-3.1068380">
    <ele>904.2</ele>
   </trkpt>
   <trkpt lat="40.5911520" lon="-3.1067900">
    <ele>904.2</ele>
   </trkpt>
   <trkpt lat="40.5911830" lon="-3.1067410">
    <ele>904.2</ele>
   </trkpt>
   <trkpt lat="40.5912130" lon="-3.1066930">
    <ele>904.4</ele>
   </trkpt>
   <trkpt lat="40.5912400" lon="-3.1066450">
    <ele>904.4</ele>
   </trkpt>
   <trkpt lat="40.5912670" lon="-3.1065960">
    <ele>904.4</ele>
   </trkpt>
   <trkpt lat="40.5912970" lon="-3.1065470">
    <ele>904.4</ele>
   </trkpt>
   <trkpt lat="40.5913280" lon="-3.1064980">
    <ele>904.4</ele>
   </trkpt>
   <trkpt lat="40.5913580" lon="-3.1064470">
    <ele>904.6</ele>
   </trkpt>
   <trkpt lat="40.5913850" lon="-3.1063950">
    <ele>904.6</ele>
   </trkpt>
   <trkpt lat="40.5914190" lon="-3.1063420">
    <ele>904.6</ele>
   </trkpt>
   <trkpt lat="40.5914540" lon="-3.1062910">
    <ele>904.6</ele>
   </trkpt>
   <trkpt lat="40.5914880" lon="-3.1062440">
    <ele>904.8</ele>
   </trkpt>
   <trkpt lat="40.5915150" lon="-3.1062020">
    <ele>904.8</ele>
   </trkpt>
   <trkpt lat="40.5915300" lon="-3.1061640">
    <ele>904.8</ele>
   </trkpt>
   <trkpt lat="40.5915370" lon="-3.1061330">
    <ele>905.0</ele>
   </trkpt>
   <trkpt lat="40.5915340" lon="-3.1061120">
    <ele>905.0</ele>
   </trkpt>
   <trkpt lat="40.5915260" lon="-3.1061010">
    <ele>905.2</ele>
   </trkpt>
   <trkpt lat="40.5915110" lon="-3.1060910">
    <ele>905.2</ele>
   </trkpt>
   <trkpt lat="40.5914920" lon="-3.1060720">
    <ele>905.2</ele>
   </trkpt>
   <trkpt lat="40.5914760" lon="-3.1060500">
    <ele>905.2</ele>
   </trkpt>
   <trkpt lat="40.5914760" lon="-3.1060290">
    <ele>905.2</ele>
   </trkpt>
   <trkpt lat="40.5914760" lon="-3.1060090">
    <ele>905.2</ele>
   </trkpt>
   <trkpt lat="40.5914730" lon="-3.1059890">
    <ele>905.2</ele>
   </trkpt>
   <trkpt lat="40.5914690" lon="-3.1059720">
    <ele>905.4</ele>
   </trkpt>
   <trkpt lat="40.5914650" lon="-3.1059510">
    <ele>905.2</ele>
   </trkpt>
   <trkpt lat="40.5914570" lon="-3.1059260">
    <ele>905.2</ele>
   </trkpt>
   <trkpt lat="40.5914540" lon="-3.1058940">
    <ele>905.2</ele>
   </trkpt>
   <trkpt lat="40.5914500" lon="-3.1058540">
    <ele>905.2</ele>
   </trkpt>
   <trkpt lat="40.5914420" lon="-3.1058090">
    <ele>905.2</ele>
   </trkpt>
   <trkpt lat="40.5914380" lon="-3.1057640">
    <ele>905.2</ele>
   </trkpt>
   <trkpt lat="40.5914380" lon="-3.1057180">
    <ele>905.2</ele>
   </trkpt>
   <trkpt lat="40.5914420" lon="-3.1056720">
    <ele>905.4</ele>
   </trkpt>
   <trkpt lat="40.5914460" lon="-3.1056270">
    <ele>905.4</ele>
   </trkpt>
   <trkpt lat="40.5914540" lon="-3.1055860">
    <ele>905.4</ele>
   </trkpt>
   <trkpt lat="40.5914690" lon="-3.1055490">
    <ele>905.4</ele>
   </trkpt>
   <trkpt lat="40.5914960" lon="-3.1055140">
    <ele>905.2</ele>
   </trkpt>
   <trkpt lat="40.5915260" lon="-3.1054800">
    <ele>905.2</ele>
   </trkpt>
   <trkpt lat="40.5915570" lon="-3.1054460">
    <ele>905.2</ele>
   </trkpt>
   <trkpt lat="40.5915910" lon="-3.1054140">
    <ele>905.2</ele>
   </trkpt>
   <trkpt lat="40.5916290" lon="-3.1053860">
    <ele>905.2</ele>
   </trkpt>
   <trkpt lat="40.5916630" lon="-3.1053700">
    <ele>905.2</ele>
   </trkpt>
   <trkpt lat="40.5916980" lon="-3.1053750">
    <ele>905.2</ele>
   </trkpt>
   <trkpt lat="40.5917280" lon="-3.1053970">
    <ele>905.2</ele>
   </trkpt>
   <trkpt lat="40.5917550" lon="-3.1054280">
    <ele>905.2</ele>
   </trkpt>
   <trkpt lat="40.5917780" lon="-3.1054620">
    <ele>905.2</ele>
   </trkpt>
   <trkpt lat="40.5917970" lon="-3.1055000">
    <ele>905.2</ele>
   </trkpt>
   <trkpt lat="40.5918200" lon="-3.1055360">
    <ele>905.2</ele>
   </trkpt>
   <trkpt lat="40.5918460" lon="-3.1055620">
    <ele>905.2</ele>
   </trkpt>
   <trkpt lat="40.5918730" lon="-3.1055680">
    <ele>905.2</ele>
   </trkpt>
   <trkpt lat="40.5918960" lon="-3.1055510">
    <ele>905.4</ele>
   </trkpt>
   <trkpt lat="40.5919150" lon="-3.1055210">
    <ele>905.4</ele>
   </trkpt>
   <trkpt lat="40.5919340" lon="-3.1054830">
    <ele>905.2</ele>
   </trkpt>
   <trkpt lat="40.5919610" lon="-3.1054420">
    <ele>905.2</ele>
   </trkpt>
   <trkpt lat="40.5919880" lon="-3.1053990">
    <ele>905.2</ele>
   </trkpt>
   <trkpt lat="40.5920180" lon="-3.1053570">
    <ele>905.2</ele>
   </trkpt>
   <trkpt lat="40.5920490" lon="-3.1053120">
    <ele>905.2</ele>
   </trkpt>
   <trkpt lat="40.5920750" lon="-3.1052660">
    <ele>905.2</ele>
   </trkpt>
   <trkpt lat="40.5921060" lon="-3.1052200">
    <ele>905.2</ele>
   </trkpt>
   <trkpt lat="40.5921360" lon="-3.1051750">
    <ele>905.2</ele>
   </trkpt>
   <trkpt lat="40.5921630" lon="-3.1051320">
    <ele>905.2</ele>
   </trkpt>
   <trkpt lat="40.5921900" lon="-3.1050940">
    <ele>905.2</ele>
   </trkpt>
   <trkpt lat="40.5922160" lon="-3.1050580">
    <ele>905.2</ele>
   </trkpt>
   <trkpt lat="40.5922430" lon="-3.1050190">
    <ele>905.2</ele>
   </trkpt>
   <trkpt lat="40.5922740" lon="-3.1049730">
    <ele>905.2</ele>
   </trkpt>
   <trkpt lat="40.5923040" lon="-3.1049260">
    <ele>905.0</ele>
   </trkpt>
   <trkpt lat="40.5923350" lon="-3.1048790">
    <ele>905.0</ele>
   </trkpt>
   <trkpt lat="40.5923730" lon="-3.1048310">
    <ele>905.0</ele>
   </trkpt>
   <trkpt lat="40.5924070" lon="-3.1047790">
    <ele>905.0</ele>
   </trkpt>
   <trkpt lat="40.5924450" lon="-3.1047270">
    <ele>905.0</ele>
   </trkpt>
   <trkpt lat="40.5924800" lon="-3.1046750">
    <ele>905.0</ele>
   </trkpt>
   <trkpt lat="40.5925140" lon="-3.1046240">
    <ele>905.0</ele>
   </trkpt>
   <trkpt lat="40.5925480" lon="-3.1045720">
    <ele>905.0</ele>
   </trkpt>
   <trkpt lat="40.5925830" lon="-3.1045180">
    <ele>905.0</ele>
   </trkpt>
   <trkpt lat="40.5926170" lon="-3.1044660">
    <ele>905.0</ele>
   </trkpt>
   <trkpt lat="40.5926550" lon="-3.1044170">
    <ele>904.8</ele>
   </trkpt>
   <trkpt lat="40.5926900" lon="-3.1043670">
    <ele>904.8</ele>
   </trkpt>
   <trkpt lat="40.5927200" lon="-3.1043150">
    <ele>904.8</ele>
   </trkpt>
   <trkpt lat="40.5927540" lon="-3.1042600">
    <ele>904.8</ele>
   </trkpt>
   <trkpt lat="40.5927850" lon="-3.1042050">
    <ele>904.8</ele>
   </trkpt>
   <trkpt lat="40.5928190" lon="-3.1041490">
    <ele>904.8</ele>
   </trkpt>
   <trkpt lat="40.5928500" lon="-3.1040890">
    <ele>904.8</ele>
   </trkpt>
   <trkpt lat="40.5928840" lon="-3.1040340">
    <ele>904.8</ele>
   </trkpt>
   <trkpt lat="40.5929150" lon="-3.1039850">
    <ele>904.8</ele>
   </trkpt>
   <trkpt lat="40.5929450" lon="-3.1039360">
    <ele>904.8</ele>
   </trkpt>
   <trkpt lat="40.5929760" lon="-3.1038880">
    <ele>904.8</ele>
   </trkpt>
   <trkpt lat="40.5930060" lon="-3.1038460">
    <ele>904.6</ele>
   </trkpt>
   <trkpt lat="40.5930370" lon="-3.1038040">
    <ele>904.6</ele>
   </trkpt>
   <trkpt lat="40.5930630" lon="-3.1037550">
    <ele>904.6</ele>
   </trkpt>
   <trkpt lat="40.5930900" lon="-3.1036930">
    <ele>904.6</ele>
   </trkpt>
   <trkpt lat="40.5931240" lon="-3.1036220">
    <ele>904.6</ele>
   </trkpt>
   <trkpt lat="40.5931590" lon="-3.1035560">
    <ele>904.6</ele>
   </trkpt>
   <trkpt lat="40.5931930" lon="-3.1034890">
    <ele>904.6</ele>
   </trkpt>
   <trkpt lat="40.5932270" lon="-3.1034340">
    <ele>904.6</ele>
   </trkpt>
   <trkpt lat="40.5932620" lon="-3.1033900">
    <ele>904.6</ele>
   </trkpt>
   <trkpt lat="40.5932960" lon="-3.1033350">
    <ele>904.6</ele>
   </trkpt>
   <trkpt lat="40.5933300" lon="-3.1032610">
    <ele>904.6</ele>
   </trkpt>
   <trkpt lat="40.5933720" lon="-3.1031870">
    <ele>904.4</ele>
   </trkpt>
   <trkpt lat="40.5934180" lon="-3.1031170">
    <ele>904.6</ele>
   </trkpt>
   <trkpt lat="40.5934600" lon="-3.1030440">
    <ele>904.6</ele>
   </trkpt>
   <trkpt lat="40.5934940" lon="-3.1029820">
    <ele>904.6</ele>
   </trkpt>
   <trkpt lat="40.5935330" lon="-3.1029270">
    <ele>904.6</ele>
   </trkpt>
   <trkpt lat="40.5935670" lon="-3.1028690">
    <ele>904.6</ele>
   </trkpt>
   <trkpt lat="40.5936010" lon="-3.1028080">
    <ele>904.6</ele>
   </trkpt>
   <trkpt lat="40.5936360" lon="-3.1027470">
    <ele>904.4</ele>
   </trkpt>
   <trkpt lat="40.5936700" lon="-3.1026830">
    <ele>904.4</ele>
   </trkpt>
   <trkpt lat="40.5936890" lon="-3.1026130">
    <ele>904.4</ele>
   </trkpt>
   <trkpt lat="40.5936970" lon="-3.1025400">
    <ele>904.4</ele>
   </trkpt>
   <trkpt lat="40.5936850" lon="-3.1024660">
    <ele>904.4</ele>
   </trkpt>
   <trkpt lat="40.5936620" lon="-3.1023950">
    <ele>904.4</ele>
   </trkpt>
   <trkpt lat="40.5936320" lon="-3.1023320">
    <ele>904.4</ele>
   </trkpt>
   <trkpt lat="40.5936010" lon="-3.1022700">
    <ele>904.4</ele>
   </trkpt>
   <trkpt lat="40.5935670" lon="-3.1022070">
    <ele>904.4</ele>
   </trkpt>
   <trkpt lat="40.5935400" lon="-3.1021400">
    <ele>904.2</ele>
   </trkpt>
   <trkpt lat="40.5935210" lon="-3.1020680">
    <ele>904.2</ele>
   </trkpt>
   <trkpt lat="40.5935130" lon="-3.1019930">
    <ele>904.2</ele>
   </trkpt>
   <trkpt lat="40.5935170" lon="-3.1019170">
    <ele>904.4</ele>
   </trkpt>
   <trkpt lat="40.5935250" lon="-3.1018410">
    <ele>904.4</ele>
   </trkpt>
   <trkpt lat="40.5935400" lon="-3.1017660">
    <ele>904.4</ele>
   </trkpt>
   <trkpt lat="40.5935630" lon="-3.1016930">
    <ele>904.4</ele>
   </trkpt>
   <trkpt lat="40.5935940" lon="-3.1016240">
    <ele>904.4</ele>
   </trkpt>
   <trkpt lat="40.5936320" lon="-3.1015610">
    <ele>904.2</ele>
   </trkpt>
   <trkpt lat="40.5936780" lon="-3.1015050">
    <ele>904.2</ele>
   </trkpt>
   <trkpt lat="40.5937270" lon="-3.1014550">
    <ele>904.2</ele>
   </trkpt>
   <trkpt lat="40.5937730" lon="-3.1014020">
    <ele>904.4</ele>
   </trkpt>
   <trkpt lat="40.5938070" lon="-3.1013390">
    <ele>904.4</ele>
   </trkpt>
   <trkpt lat="40.5938260" lon="-3.1012660">
    <ele>904.4</ele>
   </trkpt>
   <trkpt lat="40.5938420" lon="-3.1011940">
    <ele>904.6</ele>
   </trkpt>
   <trkpt lat="40.5938450" lon="-3.1011280">
    <ele>904.8</ele>
   </trkpt>
   <trkpt lat="40.5938420" lon="-3.1010650">
    <ele>904.8</ele>
   </trkpt>
   <trkpt lat="40.5938300" lon="-3.1010040">
    <ele>905.0</ele>
   </trkpt>
   <trkpt lat="40.5938150" lon="-3.1009450">
    <ele>905.2</ele>
   </trkpt>
   <trkpt lat="40.5938000" lon="-3.1008880">
    <ele>905.4</ele>
   </trkpt>
   <trkpt lat="40.5937840" lon="-3.1008320">
    <ele>905.6</ele>
   </trkpt>
   <trkpt lat="40.5937690" lon="-3.1007780">
    <ele>905.8</ele>
   </trkpt>
   <trkpt lat="40.5937540" lon="-3.1007250">
    <ele>906.0</ele>
   </trkpt>
   <trkpt lat="40.5937420" lon="-3.1006740">
    <ele>906.0</ele>
   </trkpt>
   <trkpt lat="40.5937270" lon="-3.1006250">
    <ele>906.2</ele>
   </trkpt>
   <trkpt lat="40.5937120" lon="-3.1005790">
    <ele>906.4</ele>
   </trkpt>
   <trkpt lat="40.5936970" lon="-3.1005350">
    <ele>906.6</ele>
   </trkpt>
   <trkpt lat="40.5936780" lon="-3.1004890">
    <ele>906.8</ele>
   </trkpt>
   <trkpt lat="40.5936580" lon="-3.1004400">
    <ele>907.2</ele>
   </trkpt>
   <trkpt lat="40.5936360" lon="-3.1003940">
    <ele>907.2</ele>
   </trkpt>
   <trkpt lat="40.5936160" lon="-3.1003480">
    <ele>907.4</ele>
   </trkpt>
   <trkpt lat="40.5935970" lon="-3.1003060">
    <ele>907.6</ele>
   </trkpt>
   <trkpt lat="40.5935710" lon="-3.1002650">
    <ele>907.8</ele>
   </trkpt>
   <trkpt lat="40.5935480" lon="-3.1002240">
    <ele>907.8</ele>
   </trkpt>
   <trkpt lat="40.5935170" lon="-3.1001840">
    <ele>908.0</ele>
   </trkpt>
   <trkpt lat="40.5934870" lon="-3.1001450">
    <ele>908.0</ele>
   </trkpt>
   <trkpt lat="40.5934560" lon="-3.1001060">
    <ele>908.0</ele>
   </trkpt>
   <trkpt lat="40.5934220" lon="-3.1000650">
    <ele>908.0</ele>
   </trkpt>
   <trkpt lat="40.5933880" lon="-3.1000230">
    <ele>908.0</ele>
   </trkpt>
   <trkpt lat="40.5933490" lon="-3.0999790">
    <ele>908.0</ele>
   </trkpt>
   <trkpt lat="40.5933150" lon="-3.0999350">
    <ele>908.0</ele>
   </trkpt>
   <trkpt lat="40.5932810" lon="-3.0998930">
    <ele>908.0</ele>
   </trkpt>
   <trkpt lat="40.5932460" lon="-3.0998490">
    <ele>908.2</ele>
   </trkpt>
   <trkpt lat="40.5932080" lon="-3.0998030">
    <ele>908.2</ele>
   </trkpt>
   <trkpt lat="40.5931740" lon="-3.0997570">
    <ele>908.2</ele>
   </trkpt>
   <trkpt lat="40.5931360" lon="-3.0997100">
    <ele>908.2</ele>
   </trkpt>
   <trkpt lat="40.5930980" lon="-3.0996650">
    <ele>908.0</ele>
   </trkpt>
   <trkpt lat="40.5930630" lon="-3.0996200">
    <ele>908.0</ele>
   </trkpt>
   <trkpt lat="40.5930250" lon="-3.0995730">
    <ele>908.0</ele>
   </trkpt>
   <trkpt lat="40.5929870" lon="-3.0995250">
    <ele>908.0</ele>
   </trkpt>
   <trkpt lat="40.5929450" lon="-3.0994750">
    <ele>907.8</ele>
   </trkpt>
   <trkpt lat="40.5929030" lon="-3.0994250">
    <ele>907.8</ele>
   </trkpt>
   <trkpt lat="40.5928650" lon="-3.0993730">
    <ele>907.8</ele>
   </trkpt>
   <trkpt lat="40.5928310" lon="-3.0993220">
    <ele>907.8</ele>
   </trkpt>
   <trkpt lat="40.5927960" lon="-3.0992710">
    <ele>907.8</ele>
   </trkpt>
   <trkpt lat="40.5927580" lon="-3.0992200">
    <ele>907.6</ele>
   </trkpt>
   <trkpt lat="40.5927160" lon="-3.0991690">
    <ele>907.6</ele>
   </trkpt>
   <trkpt lat="40.5926780" lon="-3.0991150">
    <ele>907.6</ele>
   </trkpt>
   <trkpt lat="40.5926360" lon="-3.0990590">
    <ele>907.4</ele>
   </trkpt>
   <trkpt lat="40.5925980" lon="-3.0990050">
    <ele>907.4</ele>
   </trkpt>
   <trkpt lat="40.5925520" lon="-3.0989520">
    <ele>907.2</ele>
   </trkpt>
   <trkpt lat="40.5925100" lon="-3.0989000">
    <ele>907.0</ele>
   </trkpt>
   <trkpt lat="40.5924680" lon="-3.0988480">
    <ele>907.0</ele>
   </trkpt>
   <trkpt lat="40.5924220" lon="-3.0987940">
    <ele>906.8</ele>
   </trkpt>
   <trkpt lat="40.5923770" lon="-3.0987390">
    <ele>906.6</ele>
   </trkpt>
   <trkpt lat="40.5923270" lon="-3.0986870">
    <ele>906.6</ele>
   </trkpt>
   <trkpt lat="40.5922770" lon="-3.0986340">
    <ele>906.4</ele>
   </trkpt>
   <trkpt lat="40.5922280" lon="-3.0985790">
    <ele>906.2</ele>
   </trkpt>
   <trkpt lat="40.5921780" lon="-3.0985220">
    <ele>906.0</ele>
   </trkpt>
   <trkpt lat="40.5921290" lon="-3.0984640">
    <ele>906.0</ele>
   </trkpt>
   <trkpt lat="40.5920790" lon="-3.0984100">
    <ele>905.8</ele>
   </trkpt>
   <trkpt lat="40.5920260" lon="-3.0983570">
    <ele>905.6</ele>
   </trkpt>
   <trkpt lat="40.5919760" lon="-3.0983060">
    <ele>905.6</ele>
   </trkpt>
   <trkpt lat="40.5919230" lon="-3.0982550">
    <ele>905.4</ele>
   </trkpt>
   <trkpt lat="40.5918690" lon="-3.0982020">
    <ele>905.2</ele>
   </trkpt>
   <trkpt lat="40.5918120" lon="-3.0981530">
    <ele>905.2</ele>
   </trkpt>
   <trkpt lat="40.5917590" lon="-3.0981060">
    <ele>905.0</ele>
   </trkpt>
   <trkpt lat="40.5916980" lon="-3.0980600">
    <ele>905.0</ele>
   </trkpt>
   <trkpt lat="40.5916400" lon="-3.0980160">
    <ele>905.2</ele>
   </trkpt>
   <trkpt lat="40.5915790" lon="-3.0979740">
    <ele>905.2</ele>
   </trkpt>
   <trkpt lat="40.5915220" lon="-3.0979340">
    <ele>905.2</ele>
   </trkpt>
   <trkpt lat="40.5914610" lon="-3.0978940">
    <ele>905.2</ele>
   </trkpt>
   <trkpt lat="40.5914040" lon="-3.0978560">
    <ele>905.2</ele>
   </trkpt>
   <trkpt lat="40.5913430" lon="-3.0978210">
    <ele>905.4</ele>
   </trkpt>
   <trkpt lat="40.5912820" lon="-3.0977890">
    <ele>905.4</ele>
   </trkpt>
   <trkpt lat="40.5912250" lon="-3.0977590">
    <ele>905.6</ele>
   </trkpt>
   <trkpt lat="40.5911670" lon="-3.0977300">
    <ele>905.8</ele>
   </trkpt>
   <trkpt lat="40.5911100" lon="-3.0977050">
    <ele>906.0</ele>
   </trkpt>
   <trkpt lat="40.5910570" lon="-3.0976820">
    <ele>906.2</ele>
   </trkpt>
   <trkpt lat="40.5910070" lon="-3.0976590">
    <ele>906.4</ele>
   </trkpt>
   <trkpt lat="40.5909540" lon="-3.0976380">
    <ele>906.6</ele>
   </trkpt>
   <trkpt lat="40.5909040" lon="-3.0976170">
    <ele>906.8</ele>
   </trkpt>
   <trkpt lat="40.5908580" lon="-3.0975960">
    <ele>907.0</ele>
   </trkpt>
   <trkpt lat="40.5908130" lon="-3.0975760">
    <ele>907.2</ele>
   </trkpt>
   <trkpt lat="40.5907670" lon="-3.0975560">
    <ele>907.4</ele>
   </trkpt>
   <trkpt lat="40.5907210" lon="-3.0975360">
    <ele>907.6</ele>
   </trkpt>
   <trkpt lat="40.5906750" lon="-3.0975170">
    <ele>907.8</ele>
   </trkpt>
   <trkpt lat="40.5906300" lon="-3.0975000">
    <ele>907.8</ele>
   </trkpt>
   <trkpt lat="40.5905840" lon="-3.0974890">
    <ele>907.8</ele>
   </trkpt>
   <trkpt lat="40.5905340" lon="-3.0974860">
    <ele>908.0</ele>
   </trkpt>
   <trkpt lat="40.5904850" lon="-3.0974970">
    <ele>908.0</ele>
   </trkpt>
   <trkpt lat="40.5904390" lon="-3.0975190">
    <ele>908.0</ele>
   </trkpt>
   <trkpt lat="40.5903930" lon="-3.0975480">
    <ele>908.0</ele>
   </trkpt>
   <trkpt lat="40.5903430" lon="-3.0975780">
    <ele>908.0</ele>
   </trkpt>
   <trkpt lat="40.5902940" lon="-3.0976020">
    <ele>908.0</ele>
   </trkpt>
   <trkpt lat="40.5902400" lon="-3.0976170">
    <ele>908.0</ele>
   </trkpt>
   <trkpt lat="40.5901870" lon="-3.0976190">
    <ele>908.0</ele>
   </trkpt>
   <trkpt lat="40.5901340" lon="-3.0976060">
    <ele>907.8</ele>
   </trkpt>
   <trkpt lat="40.5900840" lon="-3.0975820">
    <ele>907.8</ele>
   </trkpt>
   <trkpt lat="40.5900380" lon="-3.0975450">
    <ele>907.6</ele>
   </trkpt>
   <trkpt lat="40.5900000" lon="-3.0974930">
    <ele>907.6</ele>
   </trkpt>
   <trkpt lat="40.5899660" lon="-3.0974310">
    <ele>907.6</ele>
   </trkpt>
   <trkpt lat="40.5899470" lon="-3.0973620">
    <ele>907.6</ele>
   </trkpt>
   <trkpt lat="40.5899390" lon="-3.0972900">
    <ele>907.6</ele>
   </trkpt>
   <trkpt lat="40.5899390" lon="-3.0972170">
    <ele>907.6</ele>
   </trkpt>
   <trkpt lat="40.5899540" lon="-3.0971450">
    <ele>907.8</ele>
   </trkpt>
   <trkpt lat="40.5899770" lon="-3.0970790">
    <ele>908.0</ele>
   </trkpt>
   <trkpt lat="40.5900040" lon="-3.0970200">
    <ele>908.2</ele>
   </trkpt>
   <trkpt lat="40.5900420" lon="-3.0969670">
    <ele>908.2</ele>
   </trkpt>
   <trkpt lat="40.5900800" lon="-3.0969230">
    <ele>908.4</ele>
   </trkpt>
   <trkpt lat="40.5901300" lon="-3.0968910">
    <ele>908.6</ele>
   </trkpt>
   <trkpt lat="40.5901790" lon="-3.0968720">
    <ele>908.8</ele>
   </trkpt>
   <trkpt lat="40.5902290" lon="-3.0968610">
    <ele>908.8</ele>
   </trkpt>
   <trkpt lat="40.5902820" lon="-3.0968550">
    <ele>908.8</ele>
   </trkpt>
   <trkpt lat="40.5903320" lon="-3.0968500">
    <ele>909.0</ele>
   </trkpt>
   <trkpt lat="40.5903820" lon="-3.0968440">
    <ele>909.0</ele>
   </trkpt>
   <trkpt lat="40.5904270" lon="-3.0968270">
    <ele>909.2</ele>
   </trkpt>
   <trkpt lat="40.5904730" lon="-3.0967980">
    <ele>909.2</ele>
   </trkpt>
   <trkpt lat="40.5905110" lon="-3.0967580">
    <ele>909.4</ele>
   </trkpt>
   <trkpt lat="40.5905460" lon="-3.0967130">
    <ele>909.4</ele>
   </trkpt>
   <trkpt lat="40.5905800" lon="-3.0966670">
    <ele>909.6</ele>
   </trkpt>
   <trkpt lat="40.5906140" lon="-3.0966200">
    <ele>909.6</ele>
   </trkpt>
   <trkpt lat="40.5906490" lon="-3.0965720">
    <ele>909.8</ele>
   </trkpt>
   <trkpt lat="40.5906870" lon="-3.0965240">
    <ele>909.8</ele>
   </trkpt>
   <trkpt lat="40.5907210" lon="-3.0964760">
    <ele>909.8</ele>
   </trkpt>
   <trkpt lat="40.5907550" lon="-3.0964260">
    <ele>909.8</ele>
   </trkpt>
   <trkpt lat="40.5907900" lon="-3.0963760">
    <ele>909.8</ele>
   </trkpt>
   <trkpt lat="40.5908200" lon="-3.0963280">
    <ele>909.8</ele>
   </trkpt>
   <trkpt lat="40.5908550" lon="-3.0962810">
    <ele>909.8</ele>
   </trkpt>
   <trkpt lat="40.5908890" lon="-3.0962350">
    <ele>909.8</ele>
   </trkpt>
   <trkpt lat="40.5909230" lon="-3.0961880">
    <ele>909.8</ele>
   </trkpt>
   <trkpt lat="40.5909580" lon="-3.0961400">
    <ele>909.6</ele>
   </trkpt>
   <trkpt lat="40.5909960" lon="-3.0960890">
    <ele>909.6</ele>
   </trkpt>
   <trkpt lat="40.5910300" lon="-3.0960350">
    <ele>909.4</ele>
   </trkpt>
   <trkpt lat="40.5910680" lon="-3.0959780">
    <ele>909.2</ele>
   </trkpt>
   <trkpt lat="40.5911030" lon="-3.0959180">
    <ele>909.0</ele>
   </trkpt>
   <trkpt lat="40.5911290" lon="-3.0958510">
    <ele>909.0</ele>
   </trkpt>
   <trkpt lat="40.5911480" lon="-3.0957750">
    <ele>908.8</ele>
   </trkpt>
   <trkpt lat="40.5911560" lon="-3.0956940">
    <ele>908.6</ele>
   </trkpt>
   <trkpt lat="40.5911600" lon="-3.0956090">
    <ele>908.4</ele>
   </trkpt>
   <trkpt lat="40.5911600" lon="-3.0955240">
    <ele>908.2</ele>
   </trkpt>
   <trkpt lat="40.5911670" lon="-3.0954410">
    <ele>908.2</ele>
   </trkpt>
   <trkpt lat="40.5911860" lon="-3.0953620">
    <ele>908.0</ele>
   </trkpt>
   <trkpt lat="40.5912170" lon="-3.0952880">
    <ele>908.0</ele>
   </trkpt>
   <trkpt lat="40.5912630" lon="-3.0952280">
    <ele>908.0</ele>
   </trkpt>
   <trkpt lat="40.5913160" lon="-3.0951820">
    <ele>907.8</ele>
   </trkpt>
   <trkpt lat="40.5913810" lon="-3.0951540">
    <ele>907.8</ele>
   </trkpt>
   <trkpt lat="40.5914500" lon="-3.0951440">
    <ele>907.6</ele>
   </trkpt>
   <trkpt lat="40.5915150" lon="-3.0951550">
    <ele>907.6</ele>
   </trkpt>
   <trkpt lat="40.5915760" lon="-3.0951870">
    <ele>907.4</ele>
   </trkpt>
   <trkpt lat="40.5916370" lon="-3.0952280">
    <ele>907.4</ele>
   </trkpt>
   <trkpt lat="40.5916940" lon="-3.0952700">
    <ele>907.4</ele>
   </trkpt>
   <trkpt lat="40.5917550" lon="-3.0953080">
    <ele>907.2</ele>
   </trkpt>
   <trkpt lat="40.5918200" lon="-3.0953390">
    <ele>907.2</ele>
   </trkpt>
   <trkpt lat="40.5918810" lon="-3.0953650">
    <ele>907.2</ele>
   </trkpt>
   <trkpt lat="40.5919420" lon="-3.0953900">
    <ele>907.0</ele>
   </trkpt>
   <trkpt lat="40.5920030" lon="-3.0954250">
    <ele>906.8</ele>
   </trkpt>
   <trkpt lat="40.5920600" lon="-3.0954730">
    <ele>906.6</ele>
   </trkpt>
   <trkpt lat="40.5921100" lon="-3.0955340">
    <ele>906.6</ele>
   </trkpt>
   <trkpt lat="40.5921520" lon="-3.0956060">
    <ele>906.4</ele>
   </trkpt>
   <trkpt lat="40.5921860" lon="-3.0956890">
    <ele>906.2</ele>
   </trkpt>
   <trkpt lat="40.5922090" lon="-3.0957790">
    <ele>906.0</ele>
   </trkpt>
   <trkpt lat="40.5922160" lon="-3.0958730">
    <ele>905.8</ele>
   </trkpt>
   <trkpt lat="40.5922130" lon="-3.0959680">
    <ele>905.6</ele>
   </trkpt>
   <trkpt lat="40.5921970" lon="-3.0960610">
    <ele>905.4</ele>
   </trkpt>
   <trkpt lat="40.5921710" lon="-3.0961520">
    <ele>905.2</ele>
   </trkpt>
   <trkpt lat="40.5921400" lon="-3.0962430">
    <ele>905.2</ele>
   </trkpt>
   <trkpt lat="40.5921130" lon="-3.0963320">
    <ele>905.0</ele>
   </trkpt>
   <trkpt lat="40.5920940" lon="-3.0964250">
    <ele>905.0</ele>
   </trkpt>
   <trkpt lat="40.5920870" lon="-3.0965190">
    <ele>905.0</ele>
   </trkpt>
   <trkpt lat="40.5920830" lon="-3.0966130">
    <ele>904.8</ele>
   </trkpt>
   <trkpt lat="40.5920830" lon="-3.0967080">
    <ele>904.8</ele>
   </trkpt>
   <trkpt lat="40.5920910" lon="-3.0968030">
    <ele>904.8</ele>
   </trkpt>
   <trkpt lat="40.5921060" lon="-3.0968920">
    <ele>904.8</ele>
   </trkpt>
   <trkpt lat="40.5921250" lon="-3.0969790">
    <ele>904.8</ele>
   </trkpt>
   <trkpt lat="40.5921480" lon="-3.0970610">
    <ele>904.8</ele>
   </trkpt>
   <trkpt lat="40.5921780" lon="-3.0971410">
    <ele>905.0</ele>
   </trkpt>
   <trkpt lat="40.5922050" lon="-3.0972200">
    <ele>905.0</ele>
   </trkpt>
   <trkpt lat="40.5922280" lon="-3.0972960">
    <ele>905.2</ele>
   </trkpt>
   <trkpt lat="40.5922550" lon="-3.0973720">
    <ele>905.4</ele>
   </trkpt>
   <trkpt lat="40.5922810" lon="-3.0974470">
    <ele>905.4</ele>
   </trkpt>
   <trkpt lat="40.5923080" lon="-3.0975210">
    <ele>905.6</ele>
   </trkpt>
   <trkpt lat="40.5923350" lon="-3.0975940">
    <ele>905.6</ele>
   </trkpt>
   <trkpt lat="40.5923610" lon="-3.0976650">
    <ele>905.8</ele>
   </trkpt>
   <trkpt lat="40.5923880" lon="-3.0977330">
    <ele>906.0</ele>
   </trkpt>
   <trkpt lat="40.5924190" lon="-3.0978020">
    <ele>906.0</ele>
   </trkpt>
   <trkpt lat="40.5924490" lon="-3.0978710">
    <ele>906.2</ele>
   </trkpt>
   <trkpt lat="40.5924800" lon="-3.0979390">
    <ele>906.2</ele>
   </trkpt>
   <trkpt lat="40.5925100" lon="-3.0980060">
    <ele>906.4</ele>
   </trkpt>
   <trkpt lat="40.5925450" lon="-3.0980700">
    <ele>906.4</ele>
   </trkpt>
   <trkpt lat="40.5925790" lon="-3.0981330">
    <ele>906.6</ele>
   </trkpt>
   <trkpt lat="40.5926130" lon="-3.0981960">
    <ele>906.6</ele>
   </trkpt>
   <trkpt lat="40.5926510" lon="-3.0982560">
    <ele>906.6</ele>
   </trkpt>
   <trkpt lat="40.5926900" lon="-3.0983150">
    <ele>906.8</ele>
   </trkpt>
   <trkpt lat="40.5927280" lon="-3.0983730">
    <ele>906.8</ele>
   </trkpt>
   <trkpt lat="40.5927700" lon="-3.0984300">
    <ele>906.8</ele>
   </trkpt>
   <trkpt lat="40.5928080" lon="-3.0984870">
    <ele>907.0</ele>
   </trkpt>
   <trkpt lat="40.5928500" lon="-3.0985420">
    <ele>907.0</ele>
   </trkpt>
   <trkpt lat="40.5928920" lon="-3.0985960">
    <ele>907.2</ele>
   </trkpt>
   <trkpt lat="40.5929340" lon="-3.0986480">
    <ele>907.2</ele>
   </trkpt>
   <trkpt lat="40.5929790" lon="-3.0987000">
    <ele>907.2</ele>
   </trkpt>
   <trkpt lat="40.5930210" lon="-3.0987520">
    <ele>907.4</ele>
   </trkpt>
   <trkpt lat="40.5930630" lon="-3.0988050">
    <ele>907.4</ele>
   </trkpt>
   <trkpt lat="40.5931050" lon="-3.0988600">
    <ele>907.4</ele>
   </trkpt>
   <trkpt lat="40.5931510" lon="-3.0989140">
    <ele>907.4</ele>
   </trkpt>
   <trkpt lat="40.5931970" lon="-3.0989670">
    <ele>907.6</ele>
   </trkpt>
   <trkpt lat="40.5932390" lon="-3.0990210">
    <ele>907.6</ele>
   </trkpt>
   <trkpt lat="40.5932810" lon="-3.0990730">
    <ele>907.6</ele>
   </trkpt>
   <trkpt lat="40.5933230" lon="-3.0991260">
    <ele>907.6</ele>
   </trkpt>
   <trkpt lat="40.5933690" lon="-3.0991810">
    <ele>907.8</ele>
   </trkpt>
   <trkpt lat="40.5934100" lon="-3.0992340">
    <ele>907.8</ele>
   </trkpt>
   <trkpt lat="40.5934520" lon="-3.0992860">
    <ele>907.8</ele>
   </trkpt>
   <trkpt lat="40.5934980" lon="-3.0993390">
    <ele>907.8</ele>
   </trkpt>
   <trkpt lat="40.5935400" lon="-3.0993960">
    <ele>907.6</ele>
   </trkpt>
   <trkpt lat="40.5935900" lon="-3.0994550">
    <ele>907.6</ele>
   </trkpt>
   <trkpt lat="40.5936390" lon="-3.0995170">
    <ele>907.6</ele>
   </trkpt>
   <trkpt lat="40.5936850" lon="-3.0995660">
    <ele>907.6</ele>
   </trkpt>
   <trkpt lat="40.5937230" lon="-3.0996140">
    <ele>907.6</ele>
   </trkpt>
   <trkpt lat="40.5937690" lon="-3.0996740">
    <ele>907.6</ele>
   </trkpt>
   <trkpt lat="40.5938150" lon="-3.0997290">
    <ele>907.6</ele>
   </trkpt>
   <trkpt lat="40.5938530" lon="-3.0997750">
    <ele>907.6</ele>
   </trkpt>
   <trkpt lat="40.5938950" lon="-3.0998280">
    <ele>907.6</ele>
   </trkpt>
   <trkpt lat="40.5939410" lon="-3.0998820">
    <ele>907.6</ele>
   </trkpt>
   <trkpt lat="40.5939860" lon="-3.0999410">
    <ele>907.4</ele>
   </trkpt>
   <trkpt lat="40.5940320" lon="-3.0999980">
    <ele>907.4</ele>
   </trkpt>
   <trkpt lat="40.5940740" lon="-3.1000470">
    <ele>907.4</ele>
   </trkpt>
   <trkpt lat="40.5941200" lon="-3.1001030">
    <ele>907.2</ele>
   </trkpt>
   <trkpt lat="40.5941660" lon="-3.1001600">
    <ele>907.2</ele>
   </trkpt>
   <trkpt lat="40.5942120" lon="-3.1002170">
    <ele>907.0</ele>
   </trkpt>
   <trkpt lat="40.5942570" lon="-3.1002730">
    <ele>907.0</ele>
   </trkpt>
   <trkpt lat="40.5943030" lon="-3.1003300">
    <ele>907.0</ele>
   </trkpt>
   <trkpt lat="40.5943530" lon="-3.1003920">
    <ele>906.8</ele>
   </trkpt>
   <trkpt lat="40.5944020" lon="-3.1004500">
    <ele>906.6</ele>
   </trkpt>
   <trkpt lat="40.5944520" lon="-3.1005090">
    <ele>906.6</ele>
   </trkpt>
   <trkpt lat="40.5944980" lon="-3.1005690">
    <ele>906.4</ele>
   </trkpt>
   <trkpt lat="40.5945470" lon="-3.1006300">
    <ele>906.4</ele>
   </trkpt>
   <trkpt lat="40.5945970" lon="-3.1006900">
    <ele>906.2</ele>
   </trkpt>
   <trkpt lat="40.5946500" lon="-3.1007500">
    <ele>906.2</ele>
   </trkpt>
   <trkpt lat="40.5946960" lon="-3.1008110">
    <ele>906.0</ele>
   </trkpt>
   <trkpt lat="40.5947460" lon="-3.1008710">
    <ele>905.8</ele>
   </trkpt>
   <trkpt lat="40.5947990" lon="-3.1009310">
    <ele>905.8</ele>
   </trkpt>
   <trkpt lat="40.5948520" lon="-3.1009960">
    <ele>905.6</ele>
   </trkpt>
   <trkpt lat="40.5949060" lon="-3.1010610">
    <ele>905.6</ele>
   </trkpt>
   <trkpt lat="40.5949520" lon="-3.1011140">
    <ele>905.4</ele>
   </trkpt>
   <trkpt lat="40.5950010" lon="-3.1011750">
    <ele>905.4</ele>
   </trkpt>
   <trkpt lat="40.5950510" lon="-3.1012360">
    <ele>905.2</ele>
   </trkpt>
   <trkpt lat="40.5951000" lon="-3.1012960">
    <ele>905.2</ele>
   </trkpt>
   <trkpt lat="40.5951500" lon="-3.1013570">
    <ele>905.2</ele>
   </trkpt>
   <trkpt lat="40.5951960" lon="-3.1014180">
    <ele>905.0</ele>
   </trkpt>
   <trkpt lat="40.5952450" lon="-3.1014770">
    <ele>905.0</ele>
   </trkpt>
   <trkpt lat="40.5952990" lon="-3.1015410">
    <ele>905.0</ele>
   </trkpt>
   <trkpt lat="40.5953480" lon="-3.1016030">
    <ele>904.8</ele>
   </trkpt>
   <trkpt lat="40.5953940" lon="-3.1016550">
    <ele>904.8</ele>
   </trkpt>
   <trkpt lat="40.5954440" lon="-3.1017140">
    <ele>904.8</ele>
   </trkpt>
   <trkpt lat="40.5954930" lon="-3.1017750">
    <ele>904.6</ele>
   </trkpt>
   <trkpt lat="40.5955430" lon="-3.1018360">
    <ele>904.6</ele>
   </trkpt>
   <trkpt lat="40.5955930" lon="-3.1018980">
    <ele>904.6</ele>
   </trkpt>
   <trkpt lat="40.5956460" lon="-3.1019580">
    <ele>904.6</ele>
   </trkpt>
   <trkpt lat="40.5956950" lon="-3.1020180">
    <ele>904.4</ele>
   </trkpt>
   <trkpt lat="40.5957450" lon="-3.1020780">
    <ele>904.4</ele>
   </trkpt>
   <trkpt lat="40.5957950" lon="-3.1021370">
    <ele>904.2</ele>
   </trkpt>
   <trkpt lat="40.5958440" lon="-3.1021950">
    <ele>904.2</ele>
   </trkpt>
   <trkpt lat="40.5958980" lon="-3.1022540">
    <ele>904.2</ele>
   </trkpt>
   <trkpt lat="40.5959470" lon="-3.1023120">
    <ele>904.2</ele>
   </trkpt>
   <trkpt lat="40.5959970" lon="-3.1023710">
    <ele>904.2</ele>
   </trkpt>
   <trkpt lat="40.5960460" lon="-3.1024300">
    <ele>904.2</ele>
   </trkpt>
   <trkpt lat="40.5960920" lon="-3.1024890">
    <ele>904.2</ele>
   </trkpt>
   <trkpt lat="40.5961460" lon="-3.1025500">
    <ele>904.2</ele>
   </trkpt>
   <trkpt lat="40.5961910" lon="-3.1026090">
    <ele>904.2</ele>
   </trkpt>
   <trkpt lat="40.5962370" lon="-3.1026660">
    <ele>904.2</ele>
   </trkpt>
   <trkpt lat="40.5962870" lon="-3.1027210">
    <ele>904.0</ele>
   </trkpt>
   <trkpt lat="40.5963330" lon="-3.1027790">
    <ele>904.0</ele>
   </trkpt>
   <trkpt lat="40.5963820" lon="-3.1028370">
    <ele>904.0</ele>
   </trkpt>
   <trkpt lat="40.5964320" lon="-3.1028950">
    <ele>904.0</ele>
   </trkpt>
   <trkpt lat="40.5964770" lon="-3.1029510">
    <ele>904.0</ele>
   </trkpt>
   <trkpt lat="40.5965230" lon="-3.1030080">
    <ele>904.0</ele>
   </trkpt>
   <trkpt lat="40.5965650" lon="-3.1030630">
    <ele>904.0</ele>
   </trkpt>
   <trkpt lat="40.5966110" lon="-3.1031170">
    <ele>904.0</ele>
   </trkpt>
   <trkpt lat="40.5966570" lon="-3.1031770">
    <ele>904.0</ele>
   </trkpt>
   <trkpt lat="40.5967030" lon="-3.1032340">
    <ele>904.0</ele>
   </trkpt>
   <trkpt lat="40.5967410" lon="-3.1032800">
    <ele>904.2</ele>
   </trkpt>
   <trkpt lat="40.5967860" lon="-3.1033330">
    <ele>904.2</ele>
   </trkpt>
   <trkpt lat="40.5968280" lon="-3.1033870">
    <ele>904.2</ele>
   </trkpt>
   <trkpt lat="40.5968700" lon="-3.1034400">
    <ele>904.4</ele>
   </trkpt>
   <trkpt lat="40.5969160" lon="-3.1034970">
    <ele>904.4</ele>
   </trkpt>
   <trkpt lat="40.5969620" lon="-3.1035530">
    <ele>904.4</ele>
   </trkpt>
   <trkpt lat="40.5970000" lon="-3.1036010">
    <ele>904.4</ele>
   </trkpt>
   <trkpt lat="40.5970420" lon="-3.1036550">
    <ele>904.6</ele>
   </trkpt>
   <trkpt lat="40.5970840" lon="-3.1037060">
    <ele>904.6</ele>
   </trkpt>
   <trkpt lat="40.5971300" lon="-3.1037580">
    <ele>904.6</ele>
   </trkpt>
   <trkpt lat="40.5971720" lon="-3.1038090">
    <ele>904.6</ele>
   </trkpt>
   <trkpt lat="40.5972140" lon="-3.1038620">
    <ele>904.8</ele>
   </trkpt>
   <trkpt lat="40.5972600" lon="-3.1039160">
    <ele>904.8</ele>
   </trkpt>
   <trkpt lat="40.5973050" lon="-3.1039710">
    <ele>904.8</ele>
   </trkpt>
   <trkpt lat="40.5973470" lon="-3.1040240">
    <ele>904.8</ele>
   </trkpt>
   <trkpt lat="40.5973930" lon="-3.1040770">
    <ele>905.0</ele>
   </trkpt>
   <trkpt lat="40.5974350" lon="-3.1041300">
    <ele>905.0</ele>
   </trkpt>
   <trkpt lat="40.5974770" lon="-3.1041840">
    <ele>905.0</ele>
   </trkpt>
   <trkpt lat="40.5975190" lon="-3.1042380">
    <ele>905.0</ele>
   </trkpt>
   <trkpt lat="40.5975610" lon="-3.1042910">
    <ele>905.2</ele>
   </trkpt>
   <trkpt lat="40.5976070" lon="-3.1043460">
    <ele>905.2</ele>
   </trkpt>
   <trkpt lat="40.5976490" lon="-3.1044000">
    <ele>905.2</ele>
   </trkpt>
   <trkpt lat="40.5976910" lon="-3.1044510">
    <ele>905.2</ele>
   </trkpt>
   <trkpt lat="40.5977360" lon="-3.1045010">
    <ele>905.2</ele>
   </trkpt>
   <trkpt lat="40.5977780" lon="-3.1045530">
    <ele>905.2</ele>
   </trkpt>
   <trkpt lat="40.5978160" lon="-3.1046060">
    <ele>905.2</ele>
   </trkpt>
   <trkpt lat="40.5978620" lon="-3.1046570">
    <ele>905.2</ele>
   </trkpt>
   <trkpt lat="40.5979040" lon="-3.1047100">
    <ele>905.2</ele>
   </trkpt>
   <trkpt lat="40.5979500" lon="-3.1047600">
    <ele>905.2</ele>
   </trkpt>
   <trkpt lat="40.5979920" lon="-3.1048120">
    <ele>905.4</ele>
   </trkpt>
   <trkpt lat="40.5980380" lon="-3.1048670">
    <ele>905.4</ele>
   </trkpt>
   <trkpt lat="40.5980830" lon="-3.1049200">
    <ele>905.4</ele>
   </trkpt>
   <trkpt lat="40.5981250" lon="-3.1049740">
    <ele>905.4</ele>
   </trkpt>
   <trkpt lat="40.5981670" lon="-3.1050260">
    <ele>905.4</ele>
   </trkpt>
   <trkpt lat="40.5982130" lon="-3.1050770">
    <ele>905.6</ele>
   </trkpt>
   <trkpt lat="40.5982550" lon="-3.1051300">
    <ele>905.6</ele>
   </trkpt>
   <trkpt lat="40.5983010" lon="-3.1051840">
    <ele>905.6</ele>
   </trkpt>
   <trkpt lat="40.5983470" lon="-3.1052400">
    <ele>905.6</ele>
   </trkpt>
   <trkpt lat="40.5983920" lon="-3.1052940">
    <ele>905.8</ele>
   </trkpt>
   <trkpt lat="40.5984380" lon="-3.1053470">
    <ele>905.8</ele>
   </trkpt>
   <trkpt lat="40.5984800" lon="-3.1054000">
    <ele>905.8</ele>
   </trkpt>
   <trkpt lat="40.5985260" lon="-3.1054550">
    <ele>905.8</ele>
   </trkpt>
   <trkpt lat="40.5985680" lon="-3.1055100">
    <ele>905.8</ele>
   </trkpt>
   <trkpt lat="40.5986060" lon="-3.1055570">
    <ele>905.8</ele>
   </trkpt>
   <trkpt lat="40.5986480" lon="-3.1056100">
    <ele>905.8</ele>
   </trkpt>
   <trkpt lat="40.5986900" lon="-3.1056630">
    <ele>905.8</ele>
   </trkpt>
   <trkpt lat="40.5987320" lon="-3.1057150">
    <ele>905.8</ele>
   </trkpt>
   <trkpt lat="40.5987700" lon="-3.1057680">
    <ele>905.8</ele>
   </trkpt>
   <trkpt lat="40.5988120" lon="-3.1058220">
    <ele>906.0</ele>
   </trkpt>
   <trkpt lat="40.5988540" lon="-3.1058790">
    <ele>906.0</ele>
   </trkpt>
   <trkpt lat="40.5988960" lon="-3.1059330">
    <ele>906.0</ele>
   </trkpt>
   <trkpt lat="40.5989420" lon="-3.1059850">
    <ele>906.2</ele>
   </trkpt>
   <trkpt lat="40.5989840" lon="-3.1060350">
    <ele>906.2</ele>
   </trkpt>
   <trkpt lat="40.5990260" lon="-3.1060860">
    <ele>906.2</ele>
   </trkpt>
   <trkpt lat="40.5990720" lon="-3.1061380">
    <ele>906.2</ele>
   </trkpt>
   <trkpt lat="40.5991170" lon="-3.1061890">
    <ele>906.2</ele>
   </trkpt>
   <trkpt lat="40.5991590" lon="-3.1062420">
    <ele>906.4</ele>
   </trkpt>
   <trkpt lat="40.5992010" lon="-3.1062950">
    <ele>906.4</ele>
   </trkpt>
   <trkpt lat="40.5992430" lon="-3.1063470">
    <ele>906.4</ele>
   </trkpt>
   <trkpt lat="40.5992890" lon="-3.1063970">
    <ele>906.4</ele>
   </trkpt>
   <trkpt lat="40.5993310" lon="-3.1064480">
    <ele>906.6</ele>
   </trkpt>
   <trkpt lat="40.5993770" lon="-3.1065000">
    <ele>906.6</ele>
   </trkpt>
   <trkpt lat="40.5994190" lon="-3.1065520">
    <ele>906.6</ele>
   </trkpt>
   <trkpt lat="40.5994610" lon="-3.1066050">
    <ele>906.6</ele>
   </trkpt>
   <trkpt lat="40.5995060" lon="-3.1066580">
    <ele>906.6</ele>
   </trkpt>
   <trkpt lat="40.5995480" lon="-3.1067090">
    <ele>906.6</ele>
   </trkpt>
   <trkpt lat="40.5995900" lon="-3.1067610">
    <ele>906.6</ele>
   </trkpt>
   <trkpt lat="40.5996320" lon="-3.1068110">
    <ele>906.8</ele>
   </trkpt>
   <trkpt lat="40.5996780" lon="-3.1068670">
    <ele>906.8</ele>
   </trkpt>
   <trkpt lat="40.5997240" lon="-3.1069210">
    <ele>906.8</ele>
   </trkpt>
   <trkpt lat="40.5997620" lon="-3.1069650">
    <ele>906.8</ele>
   </trkpt>
   <trkpt lat="40.5998080" lon="-3.1070140">
    <ele>906.8</ele>
   </trkpt>
   <trkpt lat="40.5998530" lon="-3.1070650">
    <ele>907.0</ele>
   </trkpt>
   <trkpt lat="40.5998950" lon="-3.1071160">
    <ele>907.0</ele>
   </trkpt>
   <trkpt lat="40.5999370" lon="-3.1071670">
    <ele>907.0</ele>
   </trkpt>
   <trkpt lat="40.5999830" lon="-3.1072160">
    <ele>907.0</ele>
   </trkpt>
   <trkpt lat="40.6000250" lon="-3.1072640">
    <ele>907.2</ele>
   </trkpt>
   <trkpt lat="40.6000670" lon="-3.1073110">
    <ele>907.2</ele>
   </trkpt>
   <trkpt lat="40.6001130" lon="-3.1073590">
    <ele>907.2</ele>
   </trkpt>
   <trkpt lat="40.6001550" lon="-3.1074070">
    <ele>907.2</ele>
   </trkpt>
   <trkpt lat="40.6001970" lon="-3.1074570">
    <ele>907.4</ele>
   </trkpt>
   <trkpt lat="40.6002390" lon="-3.1075070">
    <ele>907.4</ele>
   </trkpt>
   <trkpt lat="40.6002810" lon="-3.1075550">
    <ele>907.4</ele>
   </trkpt>
   <trkpt lat="40.6003270" lon="-3.1076050">
    <ele>907.4</ele>
   </trkpt>
   <trkpt lat="40.6003680" lon="-3.1076550">
    <ele>907.4</ele>
   </trkpt>
   <trkpt lat="40.6004100" lon="-3.1077030">
    <ele>907.6</ele>
   </trkpt>
   <trkpt lat="40.6004560" lon="-3.1077520">
    <ele>907.6</ele>
   </trkpt>
   <trkpt lat="40.6004980" lon="-3.1077990">
    <ele>907.6</ele>
   </trkpt>
   <trkpt lat="40.6005400" lon="-3.1078470">
    <ele>907.6</ele>
   </trkpt>
   <trkpt lat="40.6005820" lon="-3.1078950">
    <ele>907.6</ele>
   </trkpt>
   <trkpt lat="40.6006240" lon="-3.1079430">
    <ele>907.6</ele>
   </trkpt>
   <trkpt lat="40.6006700" lon="-3.1079950">
    <ele>907.8</ele>
   </trkpt>
   <trkpt lat="40.6007160" lon="-3.1080460">
    <ele>907.8</ele>
   </trkpt>
   <trkpt lat="40.6007540" lon="-3.1080880">
    <ele>907.8</ele>
   </trkpt>
   <trkpt lat="40.6007960" lon="-3.1081360">
    <ele>907.8</ele>
   </trkpt>
   <trkpt lat="40.6008380" lon="-3.1081840">
    <ele>907.8</ele>
   </trkpt>
   <trkpt lat="40.6008760" lon="-3.1082310">
    <ele>908.0</ele>
   </trkpt>
   <trkpt lat="40.6009140" lon="-3.1082750">
    <ele>908.0</ele>
   </trkpt>
   <trkpt lat="40.6009520" lon="-3.1083200">
    <ele>908.0</ele>
   </trkpt>
   <trkpt lat="40.6009900" lon="-3.1083640">
    <ele>908.2</ele>
   </trkpt>
   <trkpt lat="40.6010280" lon="-3.1084110">
    <ele>908.2</ele>
   </trkpt>
   <trkpt lat="40.6010670" lon="-3.1084580">
    <ele>908.2</ele>
   </trkpt>
   <trkpt lat="40.6011050" lon="-3.1085040">
    <ele>908.2</ele>
   </trkpt>
   <trkpt lat="40.6011430" lon="-3.1085520">
    <ele>908.2</ele>
   </trkpt>
   <trkpt lat="40.6011770" lon="-3.1086020">
    <ele>908.2</ele>
   </trkpt>
   <trkpt lat="40.6012150" lon="-3.1086500">
    <ele>908.4</ele>
   </trkpt>
   <trkpt lat="40.6012530" lon="-3.1086980">
    <ele>908.4</ele>
   </trkpt>
   <trkpt lat="40.6012880" lon="-3.1087460">
    <ele>908.4</ele>
   </trkpt>
   <trkpt lat="40.6013300" lon="-3.1087980">
    <ele>908.4</ele>
   </trkpt>
   <trkpt lat="40.6013680" lon="-3.1088520">
    <ele>908.2</ele>
   </trkpt>
   <trkpt lat="40.6014020" lon="-3.1089010">
    <ele>908.2</ele>
   </trkpt>
   <trkpt lat="40.6014400" lon="-3.1089540">
    <ele>908.4</ele>
   </trkpt>
   <trkpt lat="40.6014790" lon="-3.1090050">
    <ele>908.4</ele>
   </trkpt>
   <trkpt lat="40.6015170" lon="-3.1090560">
    <ele>908.4</ele>
   </trkpt>
   <trkpt lat="40.6015550" lon="-3.1091070">
    <ele>908.6</ele>
   </trkpt>
   <trkpt lat="40.6015930" lon="-3.1091590">
    <ele>908.6</ele>
   </trkpt>
   <trkpt lat="40.6016310" lon="-3.1092120">
    <ele>908.6</ele>
   </trkpt>
   <trkpt lat="40.6016690" lon="-3.1092670">
    <ele>908.6</ele>
   </trkpt>
   <trkpt lat="40.6017070" lon="-3.1093200">
    <ele>908.6</ele>
   </trkpt>
   <trkpt lat="40.6017460" lon="-3.1093730">
    <ele>908.6</ele>
   </trkpt>
   <trkpt lat="40.6017840" lon="-3.1094250">
    <ele>908.6</ele>
   </trkpt>
   <trkpt lat="40.6018220" lon="-3.1094760">
    <ele>908.8</ele>
   </trkpt>
   <trkpt lat="40.6018560" lon="-3.1095290">
    <ele>908.8</ele>
   </trkpt>
   <trkpt lat="40.6018910" lon="-3.1095820">
    <ele>908.8</ele>
   </trkpt>
   <trkpt lat="40.6019290" lon="-3.1096380">
    <ele>908.8</ele>
   </trkpt>
   <trkpt lat="40.6019630" lon="-3.1096940">
    <ele>908.8</ele>
   </trkpt>
   <trkpt lat="40.6019970" lon="-3.1097490">
    <ele>908.8</ele>
   </trkpt>
   <trkpt lat="40.6020360" lon="-3.1098030">
    <ele>909.0</ele>
   </trkpt>
   <trkpt lat="40.6020700" lon="-3.1098570">
    <ele>909.0</ele>
   </trkpt>
   <trkpt lat="40.6021040" lon="-3.1099110">
    <ele>909.0</ele>
   </trkpt>
   <trkpt lat="40.6021420" lon="-3.1099660">
    <ele>909.0</ele>
   </trkpt>
   <trkpt lat="40.6021770" lon="-3.1100210">
    <ele>909.2</ele>
   </trkpt>
   <trkpt lat="40.6022150" lon="-3.1100810">
    <ele>909.2</ele>
   </trkpt>
   <trkpt lat="40.6022530" lon="-3.1101390">
    <ele>909.2</ele>
   </trkpt>
   <trkpt lat="40.6022800" lon="-3.1101870">
    <ele>909.4</ele>
   </trkpt>
   <trkpt lat="40.6023100" lon="-3.1102410">
    <ele>909.4</ele>
   </trkpt>
   <trkpt lat="40.6023440" lon="-3.1102950">
    <ele>909.6</ele>
   </trkpt>
   <trkpt lat="40.6023750" lon="-3.1103480">
    <ele>909.6</ele>
   </trkpt>
   <trkpt lat="40.6024090" lon="-3.1104010">
    <ele>909.8</ele>
   </trkpt>
   <trkpt lat="40.6024400" lon="-3.1104530">
    <ele>910.0</ele>
   </trkpt>
   <trkpt lat="40.6024740" lon="-3.1105040">
    <ele>910.0</ele>
   </trkpt>
   <trkpt lat="40.6025050" lon="-3.1105530">
    <ele>910.2</ele>
   </trkpt>
   <trkpt lat="40.6025390" lon="-3.1106020">
    <ele>910.2</ele>
   </trkpt>
   <trkpt lat="40.6025700" lon="-3.1106510">
    <ele>910.2</ele>
   </trkpt>
   <trkpt lat="40.6026000" lon="-3.1107000">
    <ele>910.4</ele>
   </trkpt>
   <trkpt lat="40.6026310" lon="-3.1107500">
    <ele>910.6</ele>
   </trkpt>
   <trkpt lat="40.6026610" lon="-3.1107970">
    <ele>910.6</ele>
   </trkpt>
   <trkpt lat="40.6026920" lon="-3.1108420">
    <ele>910.8</ele>
   </trkpt>
   <trkpt lat="40.6027260" lon="-3.1108880">
    <ele>911.0</ele>
   </trkpt>
   <trkpt lat="40.6027600" lon="-3.1109310">
    <ele>911.2</ele>
   </trkpt>
   <trkpt lat="40.6027910" lon="-3.1109740">
    <ele>911.2</ele>
   </trkpt>
   <trkpt lat="40.6028210" lon="-3.1110150">
    <ele>911.4</ele>
   </trkpt>
   <trkpt lat="40.6028560" lon="-3.1110520">
    <ele>911.6</ele>
   </trkpt>
   <trkpt lat="40.6028860" lon="-3.1110860">
    <ele>911.8</ele>
   </trkpt>
   <trkpt lat="40.6029200" lon="-3.1111220">
    <ele>912.0</ele>
   </trkpt>
   <trkpt lat="40.6029510" lon="-3.1111590">
    <ele>912.2</ele>
   </trkpt>
   <trkpt lat="40.6029820" lon="-3.1111960">
    <ele>912.4</ele>
   </trkpt>
   <trkpt lat="40.6030120" lon="-3.1112340">
    <ele>912.4</ele>
   </trkpt>
   <trkpt lat="40.6030430" lon="-3.1112720">
    <ele>912.6</ele>
   </trkpt>
   <trkpt lat="40.6030730" lon="-3.1113080">
    <ele>912.8</ele>
   </trkpt>
   <trkpt lat="40.6031000" lon="-3.1113430">
    <ele>913.0</ele>
   </trkpt>
   <trkpt lat="40.6031300" lon="-3.1113770">
    <ele>913.2</ele>
   </trkpt>
   <trkpt lat="40.6031610" lon="-3.1114120">
    <ele>913.4</ele>
   </trkpt>
   <trkpt lat="40.6031910" lon="-3.1114470">
    <ele>913.6</ele>
   </trkpt>
   <trkpt lat="40.6032180" lon="-3.1114840">
    <ele>913.8</ele>
   </trkpt>
   <trkpt lat="40.6032490" lon="-3.1115190">
    <ele>914.0</ele>
   </trkpt>
   <trkpt lat="40.6032790" lon="-3.1115540">
    <ele>914.0</ele>
   </trkpt>
   <trkpt lat="40.6033100" lon="-3.1115900">
    <ele>914.2</ele>
   </trkpt>
   <trkpt lat="40.6033400" lon="-3.1116250">
    <ele>914.6</ele>
   </trkpt>
   <trkpt lat="40.6033670" lon="-3.1116610">
    <ele>914.6</ele>
   </trkpt>
   <trkpt lat="40.6033970" lon="-3.1116960">
    <ele>914.8</ele>
   </trkpt>
   <trkpt lat="40.6034240" lon="-3.1117330">
    <ele>914.8</ele>
   </trkpt>
   <trkpt lat="40.6034550" lon="-3.1117700">
    <ele>915.0</ele>
   </trkpt>
   <trkpt lat="40.6034810" lon="-3.1118040">
    <ele>915.2</ele>
   </trkpt>
   <trkpt lat="40.6035120" lon="-3.1118410">
    <ele>915.2</ele>
   </trkpt>
   <trkpt lat="40.6035420" lon="-3.1118780">
    <ele>915.4</ele>
   </trkpt>
   <trkpt lat="40.6035690" lon="-3.1119110">
    <ele>915.6</ele>
   </trkpt>
   <trkpt lat="40.6035960" lon="-3.1119490">
    <ele>915.8</ele>
   </trkpt>
   <trkpt lat="40.6036260" lon="-3.1119840">
    <ele>915.8</ele>
   </trkpt>
   <trkpt lat="40.6036530" lon="-3.1120130">
    <ele>916.0</ele>
   </trkpt>
   <trkpt lat="40.6036800" lon="-3.1120460">
    <ele>916.2</ele>
   </trkpt>
   <trkpt lat="40.6037060" lon="-3.1120790">
    <ele>916.4</ele>
   </trkpt>
   <trkpt lat="40.6037330" lon="-3.1121130">
    <ele>916.6</ele>
   </trkpt>
   <trkpt lat="40.6037640" lon="-3.1121460">
    <ele>916.6</ele>
   </trkpt>
   <trkpt lat="40.6037900" lon="-3.1121800">
    <ele>916.8</ele>
   </trkpt>
   <trkpt lat="40.6038210" lon="-3.1122140">
    <ele>917.0</ele>
   </trkpt>
   <trkpt lat="40.6038480" lon="-3.1122480">
    <ele>917.2</ele>
   </trkpt>
   <trkpt lat="40.6038700" lon="-3.1122800">
    <ele>917.2</ele>
   </trkpt>
   <trkpt lat="40.6038970" lon="-3.1123160">
    <ele>917.4</ele>
   </trkpt>
   <trkpt lat="40.6039280" lon="-3.1123510">
    <ele>917.6</ele>
   </trkpt>
   <trkpt lat="40.6039500" lon="-3.1123770">
    <ele>917.8</ele>
   </trkpt>
   <trkpt lat="40.6039770" lon="-3.1124090">
    <ele>918.0</ele>
   </trkpt>
   <trkpt lat="40.6040040" lon="-3.1124410">
    <ele>918.2</ele>
   </trkpt>
   <trkpt lat="40.6040230" lon="-3.1124680">
    <ele>918.2</ele>
   </trkpt>
   <trkpt lat="40.6040500" lon="-3.1124990">
    <ele>918.4</ele>
   </trkpt>
   <trkpt lat="40.6040730" lon="-3.1125300">
    <ele>918.6</ele>
   </trkpt>
   <trkpt lat="40.6040990" lon="-3.1125620">
    <ele>918.6</ele>
   </trkpt>
   <trkpt lat="40.6041260" lon="-3.1125960">
    <ele>918.8</ele>
   </trkpt>
   <trkpt lat="40.6041530" lon="-3.1126270">
    <ele>919.0</ele>
   </trkpt>
   <trkpt lat="40.6041760" lon="-3.1126510">
    <ele>919.0</ele>
   </trkpt>
   <trkpt lat="40.6041980" lon="-3.1126800">
    <ele>919.2</ele>
   </trkpt>
   <trkpt lat="40.6042210" lon="-3.1127100">
    <ele>919.4</ele>
   </trkpt>
   <trkpt lat="40.6042480" lon="-3.1127390">
    <ele>919.4</ele>
   </trkpt>
   <trkpt lat="40.6042710" lon="-3.1127690">
    <ele>919.6</ele>
   </trkpt>
   <trkpt lat="40.6042980" lon="-3.1128020">
    <ele>919.6</ele>
   </trkpt>
   <trkpt lat="40.6043240" lon="-3.1128330">
    <ele>919.8</ele>
   </trkpt>
   <trkpt lat="40.6043470" lon="-3.1128630">
    <ele>919.8</ele>
   </trkpt>
   <trkpt lat="40.6043740" lon="-3.1128920">
    <ele>920.0</ele>
   </trkpt>
   <trkpt lat="40.6044010" lon="-3.1129230">
    <ele>920.0</ele>
   </trkpt>
   <trkpt lat="40.6044270" lon="-3.1129550">
    <ele>920.2</ele>
   </trkpt>
   <trkpt lat="40.6044540" lon="-3.1129850">
    <ele>920.2</ele>
   </trkpt>
   <trkpt lat="40.6044810" lon="-3.1130180">
    <ele>920.4</ele>
   </trkpt>
   <trkpt lat="40.6045070" lon="-3.1130530">
    <ele>920.6</ele>
   </trkpt>
   <trkpt lat="40.6045300" lon="-3.1130800">
    <ele>920.6</ele>
   </trkpt>
   <trkpt lat="40.6045530" lon="-3.1131100">
    <ele>920.8</ele>
   </trkpt>
   <trkpt lat="40.6045800" lon="-3.1131410">
    <ele>920.8</ele>
   </trkpt>
   <trkpt lat="40.6046070" lon="-3.1131740">
    <ele>921.0</ele>
   </trkpt>
   <trkpt lat="40.6046290" lon="-3.1132050">
    <ele>921.2</ele>
   </trkpt>
   <trkpt lat="40.6046560" lon="-3.1132350">
    <ele>921.4</ele>
   </trkpt>
   <trkpt lat="40.6046790" lon="-3.1132650">
    <ele>921.4</ele>
   </trkpt>
   <trkpt lat="40.6047060" lon="-3.1132940">
    <ele>921.6</ele>
   </trkpt>
   <trkpt lat="40.6047290" lon="-3.1133220">
    <ele>921.8</ele>
   </trkpt>
   <trkpt lat="40.6047550" lon="-3.1133480">
    <ele>921.8</ele>
   </trkpt>
   <trkpt lat="40.6047820" lon="-3.1133750">
    <ele>922.0</ele>
   </trkpt>
   <trkpt lat="40.6048090" lon="-3.1134020">
    <ele>922.2</ele>
   </trkpt>
   <trkpt lat="40.6048350" lon="-3.1134310">
    <ele>922.2</ele>
   </trkpt>
   <trkpt lat="40.6048620" lon="-3.1134610">
    <ele>922.4</ele>
   </trkpt>
   <trkpt lat="40.6048890" lon="-3.1134920">
    <ele>922.6</ele>
   </trkpt>
   <trkpt lat="40.6049160" lon="-3.1135210">
    <ele>922.6</ele>
   </trkpt>
   <trkpt lat="40.6049420" lon="-3.1135520">
    <ele>922.8</ele>
   </trkpt>
   <trkpt lat="40.6049690" lon="-3.1135850">
    <ele>923.0</ele>
   </trkpt>
   <trkpt lat="40.6049920" lon="-3.1136200">
    <ele>923.0</ele>
   </trkpt>
   <trkpt lat="40.6050150" lon="-3.1136510">
    <ele>923.2</ele>
   </trkpt>
   <trkpt lat="40.6050420" lon="-3.1136850">
    <ele>923.4</ele>
   </trkpt>
   <trkpt lat="40.6050640" lon="-3.1137190">
    <ele>923.4</ele>
   </trkpt>
   <trkpt lat="40.6050870" lon="-3.1137480">
    <ele>923.6</ele>
   </trkpt>
   <trkpt lat="40.6051140" lon="-3.1137860">
    <ele>923.8</ele>
   </trkpt>
   <trkpt lat="40.6051410" lon="-3.1138210">
    <ele>924.0</ele>
   </trkpt>
   <trkpt lat="40.6051670" lon="-3.1138490">
    <ele>924.0</ele>
   </trkpt>
   <trkpt lat="40.6051940" lon="-3.1138800">
    <ele>924.2</ele>
   </trkpt>
   <trkpt lat="40.6052210" lon="-3.1139100">
    <ele>924.4</ele>
   </trkpt>
   <trkpt lat="40.6052440" lon="-3.1139410">
    <ele>924.4</ele>
   </trkpt>
   <trkpt lat="40.6052700" lon="-3.1139760">
    <ele>924.6</ele>
   </trkpt>
   <trkpt lat="40.6052930" lon="-3.1140100">
    <ele>924.8</ele>
   </trkpt>
   <trkpt lat="40.6053120" lon="-3.1140390">
    <ele>925.0</ele>
   </trkpt>
   <trkpt lat="40.6053350" lon="-3.1140740">
    <ele>925.2</ele>
   </trkpt>
   <trkpt lat="40.6053580" lon="-3.1141120">
    <ele>925.2</ele>
   </trkpt>
   <trkpt lat="40.6053810" lon="-3.1141520">
    <ele>925.4</ele>
   </trkpt>
   <trkpt lat="40.6054000" lon="-3.1141910">
    <ele>925.6</ele>
   </trkpt>
   <trkpt lat="40.6054230" lon="-3.1142280">
    <ele>925.6</ele>
   </trkpt>
   <trkpt lat="40.6054420" lon="-3.1142660">
    <ele>925.8</ele>
   </trkpt>
   <trkpt lat="40.6054610" lon="-3.1143050">
    <ele>926.0</ele>
   </trkpt>
   <trkpt lat="40.6054800" lon="-3.1143450">
    <ele>926.0</ele>
   </trkpt>
   <trkpt lat="40.6054990" lon="-3.1143840">
    <ele>926.2</ele>
   </trkpt>
   <trkpt lat="40.6055180" lon="-3.1144280">
    <ele>926.4</ele>
   </trkpt>
   <trkpt lat="40.6055410" lon="-3.1144690">
    <ele>926.4</ele>
   </trkpt>
   <trkpt lat="40.6055600" lon="-3.1145040">
    <ele>926.6</ele>
   </trkpt>
   <trkpt lat="40.6055790" lon="-3.1145440">
    <ele>926.6</ele>
   </trkpt>
   <trkpt lat="40.6055950" lon="-3.1145850">
    <ele>926.6</ele>
   </trkpt>
   <trkpt lat="40.6056140" lon="-3.1146290">
    <ele>926.8</ele>
   </trkpt>
   <trkpt lat="40.6056330" lon="-3.1146810">
    <ele>926.8</ele>
   </trkpt>
   <trkpt lat="40.6056560" lon="-3.1147320">
    <ele>926.8</ele>
   </trkpt>
   <trkpt lat="40.6056750" lon="-3.1147780">
    <ele>926.8</ele>
   </trkpt>
   <trkpt lat="40.6056940" lon="-3.1148290">
    <ele>926.6</ele>
   </trkpt>
   <trkpt lat="40.6057130" lon="-3.1148820">
    <ele>926.6</ele>
   </trkpt>
   <trkpt lat="40.6057320" lon="-3.1149370">
    <ele>926.6</ele>
   </trkpt>
   <trkpt lat="40.6057510" lon="-3.1149920">
    <ele>926.6</ele>
   </trkpt>
   <trkpt lat="40.6057700" lon="-3.1150500">
    <ele>926.4</ele>
   </trkpt>
   <trkpt lat="40.6057890" lon="-3.1151080">
    <ele>926.4</ele>
   </trkpt>
   <trkpt lat="40.6058120" lon="-3.1151680">
    <ele>926.4</ele>
   </trkpt>
   <trkpt lat="40.6058350" lon="-3.1152300">
    <ele>926.4</ele>
   </trkpt>
   <trkpt lat="40.6058580" lon="-3.1152920">
    <ele>926.4</ele>
   </trkpt>
   <trkpt lat="40.6058770" lon="-3.1153550">
    <ele>926.2</ele>
   </trkpt>
   <trkpt lat="40.6059000" lon="-3.1154170">
    <ele>926.2</ele>
   </trkpt>
   <trkpt lat="40.6059230" lon="-3.1154780">
    <ele>926.2</ele>
   </trkpt>
   <trkpt lat="40.6059420" lon="-3.1155390">
    <ele>926.2</ele>
   </trkpt>
   <trkpt lat="40.6059610" lon="-3.1155990">
    <ele>926.2</ele>
   </trkpt>
   <trkpt lat="40.6059840" lon="-3.1156570">
    <ele>926.2</ele>
   </trkpt>
   <trkpt lat="40.6060030" lon="-3.1157130">
    <ele>926.2</ele>
   </trkpt>
   <trkpt lat="40.6060220" lon="-3.1157710">
    <ele>926.2</ele>
   </trkpt>
   <trkpt lat="40.6060370" lon="-3.1158290">
    <ele>926.0</ele>
   </trkpt>
   <trkpt lat="40.6060560" lon="-3.1158880">
    <ele>926.0</ele>
   </trkpt>
   <trkpt lat="40.6060830" lon="-3.1159370">
    <ele>926.0</ele>
   </trkpt>
   <trkpt lat="40.6061170" lon="-3.1159710">
    <ele>926.0</ele>
   </trkpt>
   <trkpt lat="40.6061550" lon="-3.1159950">
    <ele>926.2</ele>
   </trkpt>
   <trkpt lat="40.6061970" lon="-3.1160150">
    <ele>926.2</ele>
   </trkpt>
   <trkpt lat="40.6062360" lon="-3.1160300">
    <ele>926.2</ele>
   </trkpt>
   <trkpt lat="40.6062770" lon="-3.1160370">
    <ele>926.2</ele>
   </trkpt>
   <trkpt lat="40.6063160" lon="-3.1160370">
    <ele>926.2</ele>
   </trkpt>
   <trkpt lat="40.6063500" lon="-3.1160390">
    <ele>926.4</ele>
   </trkpt>
   <trkpt lat="40.6063800" lon="-3.1160440">
    <ele>926.4</ele>
   </trkpt>
   <trkpt lat="40.6064070" lon="-3.1160500">
    <ele>926.4</ele>
   </trkpt>
   <trkpt lat="40.6064380" lon="-3.1160630">
    <ele>926.6</ele>
   </trkpt>
   <trkpt lat="40.6064640" lon="-3.1160850">
    <ele>926.6</ele>
   </trkpt>
   <trkpt lat="40.6064830" lon="-3.1161140">
    <ele>926.6</ele>
   </trkpt>
   <trkpt lat="40.6064910" lon="-3.1161540">
    <ele>926.6</ele>
   </trkpt>
   <trkpt lat="40.6064950" lon="-3.1162030">
    <ele>926.6</ele>
   </trkpt>
   <trkpt lat="40.6064990" lon="-3.1162540">
    <ele>926.8</ele>
   </trkpt>
   <trkpt lat="40.6064990" lon="-3.1162980">
    <ele>926.8</ele>
   </trkpt>
   <trkpt lat="40.6064950" lon="-3.1163470">
    <ele>926.8</ele>
   </trkpt>
   <trkpt lat="40.6064910" lon="-3.1163930">
    <ele>926.8</ele>
   </trkpt>
   <trkpt lat="40.6064830" lon="-3.1164320">
    <ele>926.8</ele>
   </trkpt>
   <trkpt lat="40.6064800" lon="-3.1164800">
    <ele>926.8</ele>
   </trkpt>
   <trkpt lat="40.6064800" lon="-3.1165330">
    <ele>926.8</ele>
   </trkpt>
   <trkpt lat="40.6064870" lon="-3.1165870">
    <ele>926.8</ele>
   </trkpt>
   <trkpt lat="40.6064990" lon="-3.1166450">
    <ele>926.8</ele>
   </trkpt>
   <trkpt lat="40.6065100" lon="-3.1167000">
    <ele>926.8</ele>
   </trkpt>
   <trkpt lat="40.6065250" lon="-3.1167440">
    <ele>927.0</ele>
   </trkpt>
   <trkpt lat="40.6065440" lon="-3.1167930">
    <ele>927.0</ele>
   </trkpt>
   <trkpt lat="40.6065640" lon="-3.1168450">
    <ele>927.0</ele>
   </trkpt>
   <trkpt lat="40.6065830" lon="-3.1168960">
    <ele>927.0</ele>
   </trkpt>
   <trkpt lat="40.6066020" lon="-3.1169440">
    <ele>927.0</ele>
   </trkpt>
   <trkpt lat="40.6066250" lon="-3.1169910">
    <ele>927.2</ele>
   </trkpt>
   <trkpt lat="40.6066440" lon="-3.1170370">
    <ele>927.2</ele>
   </trkpt>
   <trkpt lat="40.6066630" lon="-3.1170870">
    <ele>927.2</ele>
   </trkpt>
   <trkpt lat="40.6066780" lon="-3.1171370">
    <ele>927.2</ele>
   </trkpt>
   <trkpt lat="40.6066930" lon="-3.1171790">
    <ele>927.0</ele>
   </trkpt>
   <trkpt lat="40.6067090" lon="-3.1172310">
    <ele>927.0</ele>
   </trkpt>
   <trkpt lat="40.6067280" lon="-3.1172840">
    <ele>926.8</ele>
   </trkpt>
   <trkpt lat="40.6067430" lon="-3.1173300">
    <ele>926.6</ele>
   </trkpt>
   <trkpt lat="40.6067620" lon="-3.1173850">
    <ele>926.4</ele>
   </trkpt>
   <trkpt lat="40.6067810" lon="-3.1174430">
    <ele>926.2</ele>
   </trkpt>
   <trkpt lat="40.6068000" lon="-3.1175030">
    <ele>925.8</ele>
   </trkpt>
   <trkpt lat="40.6068190" lon="-3.1175640">
    <ele>925.6</ele>
   </trkpt>
   <trkpt lat="40.6068340" lon="-3.1176230">
    <ele>925.2</ele>
   </trkpt>
   <trkpt lat="40.6068460" lon="-3.1176830">
    <ele>924.8</ele>
   </trkpt>
   <trkpt lat="40.6068650" lon="-3.1177470">
    <ele>924.4</ele>
   </trkpt>
   <trkpt lat="40.6068920" lon="-3.1178070">
    <ele>924.0</ele>
   </trkpt>
   <trkpt lat="40.6069180" lon="-3.1178560">
    <ele>923.6</ele>
   </trkpt>
   <trkpt lat="40.6069410" lon="-3.1179090">
    <ele>923.2</ele>
   </trkpt>
   <trkpt lat="40.6069640" lon="-3.1179620">
    <ele>923.0</ele>
   </trkpt>
   <trkpt lat="40.6069720" lon="-3.1180110">
    <ele>922.8</ele>
   </trkpt>
   <trkpt lat="40.6069720" lon="-3.1180560">
    <ele>922.6</ele>
   </trkpt>
   <trkpt lat="40.6069640" lon="-3.1181000">
    <ele>922.4</ele>
   </trkpt>
   <trkpt lat="40.6069640" lon="-3.1181400">
    <ele>922.2</ele>
   </trkpt>
   <trkpt lat="40.6069760" lon="-3.1181740">
    <ele>922.0</ele>
   </trkpt>
   <trkpt lat="40.6069980" lon="-3.1182000">
    <ele>921.8</ele>
   </trkpt>
   <trkpt lat="40.6070370" lon="-3.1182250">
    <ele>921.6</ele>
   </trkpt>
   <trkpt lat="40.6070750" lon="-3.1182490">
    <ele>921.2</ele>
   </trkpt>
   <trkpt lat="40.6071200" lon="-3.1182720">
    <ele>921.0</ele>
   </trkpt>
   <trkpt lat="40.6071660" lon="-3.1182970">
    <ele>920.6</ele>
   </trkpt>
   <trkpt lat="40.6072120" lon="-3.1183240">
    <ele>920.4</ele>
   </trkpt>
   <trkpt lat="40.6072580" lon="-3.1183530">
    <ele>920.0</ele>
   </trkpt>
   <trkpt lat="40.6073110" lon="-3.1183840">
    <ele>919.8</ele>
   </trkpt>
   <trkpt lat="40.6073650" lon="-3.1184160">
    <ele>919.4</ele>
   </trkpt>
   <trkpt lat="40.6074260" lon="-3.1184540">
    <ele>919.0</ele>
   </trkpt>
   <trkpt lat="40.6074910" lon="-3.1184960">
    <ele>918.8</ele>
   </trkpt>
   <trkpt lat="40.6075440" lon="-3.1185320">
    <ele>918.4</ele>
   </trkpt>
   <trkpt lat="40.6076050" lon="-3.1185720">
    <ele>918.0</ele>
   </trkpt>
   <trkpt lat="40.6076700" lon="-3.1186120">
    <ele>917.6</ele>
   </trkpt>
   <trkpt lat="40.6077380" lon="-3.1186510">
    <ele>917.2</ele>
   </trkpt>
   <trkpt lat="40.6078000" lon="-3.1186900">
    <ele>916.8</ele>
   </trkpt>
   <trkpt lat="40.6078680" lon="-3.1187320">
    <ele>916.4</ele>
   </trkpt>
   <trkpt lat="40.6079370" lon="-3.1187780">
    <ele>916.0</ele>
   </trkpt>
   <trkpt lat="40.6080060" lon="-3.1188300">
    <ele>915.6</ele>
   </trkpt>
   <trkpt lat="40.6080820" lon="-3.1188810">
    <ele>915.0</ele>
   </trkpt>
   <trkpt lat="40.6081580" lon="-3.1189200">
    <ele>914.6</ele>
   </trkpt>
   <trkpt lat="40.6082460" lon="-3.1189450">
    <ele>914.0</ele>
   </trkpt>
   <trkpt lat="40.6083410" lon="-3.1189590">
    <ele>913.2</ele>
   </trkpt>
   <trkpt lat="40.6084330" lon="-3.1189630">
    <ele>912.6</ele>
   </trkpt>
   <trkpt lat="40.6085170" lon="-3.1189320">
    <ele>912.2</ele>
   </trkpt>
   <trkpt lat="40.6085970" lon="-3.1188570">
    <ele>911.6</ele>
   </trkpt>
   <trkpt lat="40.6086620" lon="-3.1187480">
    <ele>911.0</ele>
   </trkpt>
   <trkpt lat="40.6087190" lon="-3.1186230">
    <ele>910.6</ele>
   </trkpt>
   <trkpt lat="40.6087610" lon="-3.1184940">
    <ele>910.0</ele>
   </trkpt>
   <trkpt lat="40.6087910" lon="-3.1183670">
    <ele>909.6</ele>
   </trkpt>
   <trkpt lat="40.6088070" lon="-3.1182440">
    <ele>909.0</ele>
   </trkpt>
   <trkpt lat="40.6088140" lon="-3.1181170">
    <ele>908.6</ele>
   </trkpt>
   <trkpt lat="40.6088220" lon="-3.1179840">
    <ele>908.2</ele>
   </trkpt>
   <trkpt lat="40.6088330" lon="-3.1178510">
    <ele>907.8</ele>
   </trkpt>
   <trkpt lat="40.6088490" lon="-3.1177250">
    <ele>907.4</ele>
   </trkpt>
   <trkpt lat="40.6088640" lon="-3.1176000">
    <ele>907.0</ele>
   </trkpt>
   <trkpt lat="40.6088750" lon="-3.1174730">
    <ele>906.8</ele>
   </trkpt>
   <trkpt lat="40.6088830" lon="-3.1173510">
    <ele>906.4</ele>
   </trkpt>
   <trkpt lat="40.6088870" lon="-3.1172330">
    <ele>906.2</ele>
   </trkpt>
   <trkpt lat="40.6088900" lon="-3.1171150">
    <ele>905.8</ele>
   </trkpt>
   <trkpt lat="40.6088870" lon="-3.1169980">
    <ele>905.6</ele>
   </trkpt>
   <trkpt lat="40.6088750" lon="-3.1168760">
    <ele>905.4</ele>
   </trkpt>
   <trkpt lat="40.6088560" lon="-3.1167640">
    <ele>905.2</ele>
   </trkpt>
   <trkpt lat="40.6088370" lon="-3.1166750">
    <ele>905.0</ele>
   </trkpt>
   <trkpt lat="40.6088180" lon="-3.1165760">
    <ele>904.8</ele>
   </trkpt>
   <trkpt lat="40.6087990" lon="-3.1164790">
    <ele>904.8</ele>
   </trkpt>
   <trkpt lat="40.6087870" lon="-3.1163850">
    <ele>904.4</ele>
   </trkpt>
   <trkpt lat="40.6087800" lon="-3.1162950">
    <ele>904.2</ele>
   </trkpt>
   <trkpt lat="40.6087950" lon="-3.1162160">
    <ele>904.0</ele>
   </trkpt>
   <trkpt lat="40.6088520" lon="-3.1161600">
    <ele>903.8</ele>
   </trkpt>
   <trkpt lat="40.6089290" lon="-3.1161410">
    <ele>903.8</ele>
   </trkpt>
   <trkpt lat="40.6090010" lon="-3.1161660">
    <ele>903.8</ele>
   </trkpt>
   <trkpt lat="40.6090580" lon="-3.1162150">
    <ele>903.8</ele>
   </trkpt>
   <trkpt lat="40.6091230" lon="-3.1162820">
    <ele>903.6</ele>
   </trkpt>
   <trkpt lat="40.6091880" lon="-3.1163520">
    <ele>903.4</ele>
   </trkpt>
   <trkpt lat="40.6092380" lon="-3.1164140">
    <ele>903.2</ele>
   </trkpt>
   <trkpt lat="40.6092990" lon="-3.1164810">
    <ele>903.2</ele>
   </trkpt>
   <trkpt lat="40.6093600" lon="-3.1165480">
    <ele>903.0</ele>
   </trkpt>
   <trkpt lat="40.6094250" lon="-3.1166120">
    <ele>902.8</ele>
   </trkpt>
   <trkpt lat="40.6094860" lon="-3.1166730">
    <ele>902.6</ele>
   </trkpt>
   <trkpt lat="40.6095580" lon="-3.1167420">
    <ele>902.4</ele>
   </trkpt>
   <trkpt lat="40.6096270" lon="-3.1168120">
    <ele>902.2</ele>
   </trkpt>
   <trkpt lat="40.6096920" lon="-3.1168750">
    <ele>902.0</ele>
   </trkpt>
   <trkpt lat="40.6097600" lon="-3.1169390">
    <ele>901.8</ele>
   </trkpt>
   <trkpt lat="40.6098210" lon="-3.1169930">
    <ele>901.8</ele>
   </trkpt>
   <trkpt lat="40.6098940" lon="-3.1170610">
    <ele>901.6</ele>
   </trkpt>
   <trkpt lat="40.6099700" lon="-3.1171260">
    <ele>901.4</ele>
   </trkpt>
   <trkpt lat="40.6100430" lon="-3.1171790">
    <ele>901.2</ele>
   </trkpt>
   <trkpt lat="40.6101110" lon="-3.1172250">
    <ele>901.0</ele>
   </trkpt>
   <trkpt lat="40.6101800" lon="-3.1172680">
    <ele>900.8</ele>
   </trkpt>
   <trkpt lat="40.6102520" lon="-3.1173100">
    <ele>900.6</ele>
   </trkpt>
   <trkpt lat="40.6103170" lon="-3.1173510">
    <ele>900.4</ele>
   </trkpt>
   <trkpt lat="40.6103780" lon="-3.1173900">
    <ele>900.2</ele>
   </trkpt>
   <trkpt lat="40.6104550" lon="-3.1174350">
    <ele>900.0</ele>
   </trkpt>
   <trkpt lat="40.6105310" lon="-3.1174790">
    <ele>899.8</ele>
   </trkpt>
   <trkpt lat="40.6105920" lon="-3.1175180">
    <ele>899.6</ele>
   </trkpt>
   <trkpt lat="40.6106640" lon="-3.1175630">
    <ele>899.4</ele>
   </trkpt>
   <trkpt lat="40.6107440" lon="-3.1176100">
    <ele>899.4</ele>
   </trkpt>
   <trkpt lat="40.6108090" lon="-3.1176490">
    <ele>899.2</ele>
   </trkpt>
   <trkpt lat="40.6108670" lon="-3.1176860">
    <ele>899.2</ele>
   </trkpt>
   <trkpt lat="40.6109310" lon="-3.1177280">
    <ele>899.0</ele>
   </trkpt>
   <trkpt lat="40.6110000" lon="-3.1177680">
    <ele>899.0</ele>
   </trkpt>
   <trkpt lat="40.6110730" lon="-3.1178080">
    <ele>898.8</ele>
   </trkpt>
   <trkpt lat="40.6111450" lon="-3.1178480">
    <ele>898.6</ele>
   </trkpt>
   <trkpt lat="40.6112020" lon="-3.1178780">
    <ele>898.6</ele>
   </trkpt>
   <trkpt lat="40.6112670" lon="-3.1179100">
    <ele>898.4</ele>
   </trkpt>
   <trkpt lat="40.6113320" lon="-3.1179440">
    <ele>898.4</ele>
   </trkpt>
   <trkpt lat="40.6113930" lon="-3.1179690">
    <ele>898.4</ele>
   </trkpt>
   <trkpt lat="40.6114580" lon="-3.1179960">
    <ele>898.2</ele>
   </trkpt>
   <trkpt lat="40.6115300" lon="-3.1180210">
    <ele>898.2</ele>
   </trkpt>
   <trkpt lat="40.6115990" lon="-3.1180470">
    <ele>898.0</ele>
   </trkpt>
   <trkpt lat="40.6116790" lon="-3.1180750">
    <ele>898.0</ele>
   </trkpt>
   <trkpt lat="40.6117550" lon="-3.1181020">
    <ele>897.8</ele>
   </trkpt>
   <trkpt lat="40.6118160" lon="-3.1181280">
    <ele>897.8</ele>
   </trkpt>
   <trkpt lat="40.6118930" lon="-3.1181590">
    <ele>897.6</ele>
   </trkpt>
   <trkpt lat="40.6119690" lon="-3.1181880">
    <ele>897.4</ele>
   </trkpt>
   <trkpt lat="40.6120300" lon="-3.1182130">
    <ele>897.4</ele>
   </trkpt>
   <trkpt lat="40.6120990" lon="-3.1182420">
    <ele>897.2</ele>
   </trkpt>
   <trkpt lat="40.6121710" lon="-3.1182710">
    <ele>897.2</ele>
   </trkpt>
   <trkpt lat="40.6122440" lon="-3.1183020">
    <ele>897.0</ele>
   </trkpt>
   <trkpt lat="40.6123160" lon="-3.1183330">
    <ele>897.0</ele>
   </trkpt>
   <trkpt lat="40.6123850" lon="-3.1183610">
    <ele>896.8</ele>
   </trkpt>
   <trkpt lat="40.6124500" lon="-3.1183920">
    <ele>896.8</ele>
   </trkpt>
   <trkpt lat="40.6125140" lon="-3.1184210">
    <ele>896.6</ele>
   </trkpt>
   <trkpt lat="40.6125830" lon="-3.1184510">
    <ele>896.4</ele>
   </trkpt>
   <trkpt lat="40.6126520" lon="-3.1184780">
    <ele>896.2</ele>
   </trkpt>
   <trkpt lat="40.6127170" lon="-3.1185030">
    <ele>896.2</ele>
   </trkpt>
   <trkpt lat="40.6127780" lon="-3.1185270">
    <ele>896.2</ele>
   </trkpt>
   <trkpt lat="40.6128430" lon="-3.1185490">
    <ele>896.0</ele>
   </trkpt>
   <trkpt lat="40.6129150" lon="-3.1185670">
    <ele>896.0</ele>
   </trkpt>
   <trkpt lat="40.6129840" lon="-3.1185810">
    <ele>895.8</ele>
   </trkpt>
   <trkpt lat="40.6130450" lon="-3.1185860">
    <ele>895.6</ele>
   </trkpt>
   <trkpt lat="40.6131100" lon="-3.1185820">
    <ele>895.4</ele>
   </trkpt>
   <trkpt lat="40.6131780" lon="-3.1185640">
    <ele>895.2</ele>
   </trkpt>
   <trkpt lat="40.6132510" lon="-3.1185300">
    <ele>895.0</ele>
   </trkpt>
   <trkpt lat="40.6133160" lon="-3.1184830">
    <ele>894.8</ele>
   </trkpt>
   <trkpt lat="40.6133770" lon="-3.1184250">
    <ele>894.4</ele>
   </trkpt>
   <trkpt lat="40.6134340" lon="-3.1183580">
    <ele>894.2</ele>
   </trkpt>
   <trkpt lat="40.6134910" lon="-3.1182870">
    <ele>893.8</ele>
   </trkpt>
   <trkpt lat="40.6135520" lon="-3.1182110">
    <ele>893.4</ele>
   </trkpt>
   <trkpt lat="40.6136050" lon="-3.1181310">
    <ele>892.8</ele>
   </trkpt>
   <trkpt lat="40.6136630" lon="-3.1180510">
    <ele>892.4</ele>
   </trkpt>
   <trkpt lat="40.6137240" lon="-3.1179690">
    <ele>891.8</ele>
   </trkpt>
   <trkpt lat="40.6137850" lon="-3.1178870">
    <ele>891.2</ele>
   </trkpt>
   <trkpt lat="40.6138460" lon="-3.1178020">
    <ele>890.8</ele>
   </trkpt>
   <trkpt lat="40.6139030" lon="-3.1177140">
    <ele>890.2</ele>
   </trkpt>
   <trkpt lat="40.6139640" lon="-3.1176270">
    <ele>889.8</ele>
   </trkpt>
   <trkpt lat="40.6140250" lon="-3.1175390">
    <ele>889.2</ele>
   </trkpt>
   <trkpt lat="40.6140820" lon="-3.1174520">
    <ele>888.8</ele>
   </trkpt>
   <trkpt lat="40.6141430" lon="-3.1173600">
    <ele>888.4</ele>
   </trkpt>
   <trkpt lat="40.6142010" lon="-3.1172540">
    <ele>887.8</ele>
   </trkpt>
   <trkpt lat="40.6142460" lon="-3.1171430">
    <ele>887.2</ele>
   </trkpt>
   <trkpt lat="40.6142880" lon="-3.1170470">
    <ele>886.8</ele>
   </trkpt>
   <trkpt lat="40.6143300" lon="-3.1169400">
    <ele>886.2</ele>
   </trkpt>
   <trkpt lat="40.6143720" lon="-3.1168330">
    <ele>885.6</ele>
   </trkpt>
   <trkpt lat="40.6144220" lon="-3.1167260">
    <ele>885.2</ele>
   </trkpt>
   <trkpt lat="40.6144680" lon="-3.1166090">
    <ele>884.8</ele>
   </trkpt>
   <trkpt lat="40.6145130" lon="-3.1164980">
    <ele>884.2</ele>
   </trkpt>
   <trkpt lat="40.6145630" lon="-3.1164120">
    <ele>883.8</ele>
   </trkpt>
   <trkpt lat="40.6146350" lon="-3.1163240">
    <ele>883.4</ele>
   </trkpt>
   <trkpt lat="40.6147190" lon="-3.1162530">
    <ele>883.2</ele>
   </trkpt>
   <trkpt lat="40.6147920" lon="-3.1162200">
    <ele>882.6</ele>
   </trkpt>
   <trkpt lat="40.6148760" lon="-3.1162070">
    <ele>882.2</ele>
   </trkpt>
   <trkpt lat="40.6149600" lon="-3.1162130">
    <ele>881.8</ele>
   </trkpt>
   <trkpt lat="40.6150400" lon="-3.1162370">
    <ele>881.4</ele>
   </trkpt>
   <trkpt lat="40.6151010" lon="-3.1162840">
    <ele>881.2</ele>
   </trkpt>
   <trkpt lat="40.6151350" lon="-3.1163650">
    <ele>881.0</ele>
   </trkpt>
   <trkpt lat="40.6151350" lon="-3.1164740">
    <ele>880.8</ele>
   </trkpt>
   <trkpt lat="40.6151050" lon="-3.1165900">
    <ele>880.4</ele>
   </trkpt>
   <trkpt lat="40.6150590" lon="-3.1167260">
    <ele>879.8</ele>
   </trkpt>
   <trkpt lat="40.6150210" lon="-3.1168500">
    <ele>879.4</ele>
   </trkpt>
   <trkpt lat="40.6149940" lon="-3.1169660">
    <ele>878.8</ele>
   </trkpt>
   <trkpt lat="40.6149640" lon="-3.1170940">
    <ele>878.0</ele>
   </trkpt>
   <trkpt lat="40.6149330" lon="-3.1172280">
    <ele>877.4</ele>
   </trkpt>
   <trkpt lat="40.6149060" lon="-3.1173640">
    <ele>876.8</ele>
   </trkpt>
   <trkpt lat="40.6148830" lon="-3.1175100">
    <ele>876.2</ele>
   </trkpt>
   <trkpt lat="40.6148610" lon="-3.1176540">
    <ele>875.6</ele>
   </trkpt>
   <trkpt lat="40.6148380" lon="-3.1177850">
    <ele>875.2</ele>
   </trkpt>
   <trkpt lat="40.6148150" lon="-3.1179410">
    <ele>874.6</ele>
   </trkpt>
   <trkpt lat="40.6147960" lon="-3.1180800">
    <ele>874.0</ele>
   </trkpt>
   <trkpt lat="40.6147770" lon="-3.1182170">
    <ele>873.4</ele>
   </trkpt>
   <trkpt lat="40.6147610" lon="-3.1183550">
    <ele>872.8</ele>
   </trkpt>
   <trkpt lat="40.6147460" lon="-3.1184960">
    <ele>872.0</ele>
   </trkpt>
   <trkpt lat="40.6147310" lon="-3.1186340">
    <ele>871.6</ele>
   </trkpt>
   <trkpt lat="40.6147190" lon="-3.1187590">
    <ele>871.0</ele>
   </trkpt>
   <trkpt lat="40.6147160" lon="-3.1188800">
    <ele>870.4</ele>
   </trkpt>
   <trkpt lat="40.6147080" lon="-3.1190190">
    <ele>869.6</ele>
   </trkpt>
   <trkpt lat="40.6147000" lon="-3.1191700">
    <ele>869.0</ele>
   </trkpt>
   <trkpt lat="40.6146960" lon="-3.1193270">
    <ele>868.6</ele>
   </trkpt>
   <trkpt lat="40.6146960" lon="-3.1194630">
    <ele>868.0</ele>
   </trkpt>
   <trkpt lat="40.6146960" lon="-3.1195900">
    <ele>867.4</ele>
   </trkpt>
   <trkpt lat="40.6146930" lon="-3.1197200">
    <ele>867.0</ele>
   </trkpt>
   <trkpt lat="40.6147000" lon="-3.1198740">
    <ele>866.4</ele>
   </trkpt>
   <trkpt lat="40.6147120" lon="-3.1200080">
    <ele>866.0</ele>
   </trkpt>
   <trkpt lat="40.6147310" lon="-3.1201420">
    <ele>865.4</ele>
   </trkpt>
   <trkpt lat="40.6147420" lon="-3.1202810">
    <ele>864.6</ele>
   </trkpt>
   <trkpt lat="40.6147420" lon="-3.1204200">
    <ele>864.0</ele>
   </trkpt>
   <trkpt lat="40.6147230" lon="-3.1205550">
    <ele>863.2</ele>
   </trkpt>
   <trkpt lat="40.6146740" lon="-3.1206790">
    <ele>862.6</ele>
   </trkpt>
   <trkpt lat="40.6146050" lon="-3.1207870">
    <ele>861.6</ele>
   </trkpt>
   <trkpt lat="40.6145250" lon="-3.1208880">
    <ele>860.8</ele>
   </trkpt>
   <trkpt lat="40.6144520" lon="-3.1209970">
    <ele>860.0</ele>
   </trkpt>
   <trkpt lat="40.6143880" lon="-3.1211190">
    <ele>859.2</ele>
   </trkpt>
   <trkpt lat="40.6143340" lon="-3.1212490">
    <ele>858.6</ele>
   </trkpt>
   <trkpt lat="40.6142880" lon="-3.1213840">
    <ele>857.8</ele>
   </trkpt>
   <trkpt lat="40.6142460" lon="-3.1215190">
    <ele>857.0</ele>
   </trkpt>
   <trkpt lat="40.6142010" lon="-3.1216550">
    <ele>856.4</ele>
   </trkpt>
   <trkpt lat="40.6141550" lon="-3.1217930">
    <ele>855.6</ele>
   </trkpt>
   <trkpt lat="40.6141090" lon="-3.1219300">
    <ele>854.8</ele>
   </trkpt>
   <trkpt lat="40.6140670" lon="-3.1220690">
    <ele>854.0</ele>
   </trkpt>
   <trkpt lat="40.6140250" lon="-3.1222090">
    <ele>853.2</ele>
   </trkpt>
   <trkpt lat="40.6139870" lon="-3.1223500">
    <ele>852.4</ele>
   </trkpt>
   <trkpt lat="40.6139530" lon="-3.1224950">
    <ele>851.6</ele>
   </trkpt>
   <trkpt lat="40.6139260" lon="-3.1226430">
    <ele>850.8</ele>
   </trkpt>
   <trkpt lat="40.6139110" lon="-3.1227930">
    <ele>850.2</ele>
   </trkpt>
   <trkpt lat="40.6139070" lon="-3.1229460">
    <ele>849.4</ele>
   </trkpt>
   <trkpt lat="40.6139180" lon="-3.1231010">
    <ele>848.4</ele>
   </trkpt>
   <trkpt lat="40.6139410" lon="-3.1232530">
    <ele>847.6</ele>
   </trkpt>
   <trkpt lat="40.6139830" lon="-3.1234020">
    <ele>846.8</ele>
   </trkpt>
   <trkpt lat="40.6140290" lon="-3.1235470">
    <ele>846.0</ele>
   </trkpt>
   <trkpt lat="40.6140860" lon="-3.1236870">
    <ele>845.0</ele>
   </trkpt>
   <trkpt lat="40.6141470" lon="-3.1238240">
    <ele>844.4</ele>
   </trkpt>
   <trkpt lat="40.6142080" lon="-3.1239600">
    <ele>843.6</ele>
   </trkpt>
   <trkpt lat="40.6142690" lon="-3.1240930">
    <ele>842.8</ele>
   </trkpt>
   <trkpt lat="40.6143230" lon="-3.1242280">
    <ele>842.2</ele>
   </trkpt>
   <trkpt lat="40.6143760" lon="-3.1243680">
    <ele>841.4</ele>
   </trkpt>
   <trkpt lat="40.6144180" lon="-3.1244990">
    <ele>840.8</ele>
   </trkpt>
   <trkpt lat="40.6144490" lon="-3.1246370">
    <ele>840.2</ele>
   </trkpt>
   <trkpt lat="40.6144750" lon="-3.1248010">
    <ele>839.6</ele>
   </trkpt>
   <trkpt lat="40.6144830" lon="-3.1249500">
    <ele>839.0</ele>
   </trkpt>
   <trkpt lat="40.6144750" lon="-3.1251030">
    <ele>838.4</ele>
   </trkpt>
   <trkpt lat="40.6144560" lon="-3.1252530">
    <ele>837.8</ele>
   </trkpt>
   <trkpt lat="40.6144140" lon="-3.1253980">
    <ele>837.2</ele>
   </trkpt>
   <trkpt lat="40.6143650" lon="-3.1255360">
    <ele>836.6</ele>
   </trkpt>
   <trkpt lat="40.6143000" lon="-3.1256670">
    <ele>835.8</ele>
   </trkpt>
   <trkpt lat="40.6142390" lon="-3.1257960">
    <ele>835.0</ele>
   </trkpt>
   <trkpt lat="40.6141810" lon="-3.1259150">
    <ele>834.2</ele>
   </trkpt>
   <trkpt lat="40.6141170" lon="-3.1260360">
    <ele>833.4</ele>
   </trkpt>
   <trkpt lat="40.6140370" lon="-3.1261770">
    <ele>832.6</ele>
   </trkpt>
   <trkpt lat="40.6139720" lon="-3.1263040">
    <ele>831.8</ele>
   </trkpt>
   <trkpt lat="40.6139070" lon="-3.1264330">
    <ele>831.0</ele>
   </trkpt>
   <trkpt lat="40.6138420" lon="-3.1265680">
    <ele>830.4</ele>
   </trkpt>
   <trkpt lat="40.6137850" lon="-3.1267060">
    <ele>829.6</ele>
   </trkpt>
   <trkpt lat="40.6137310" lon="-3.1268470">
    <ele>828.8</ele>
   </trkpt>
   <trkpt lat="40.6136820" lon="-3.1269770">
    <ele>828.2</ele>
   </trkpt>
   <trkpt lat="40.6136400" lon="-3.1271010">
    <ele>827.4</ele>
   </trkpt>
   <trkpt lat="40.6135860" lon="-3.1272550">
    <ele>826.8</ele>
   </trkpt>
   <trkpt lat="40.6135330" lon="-3.1274140">
    <ele>826.0</ele>
   </trkpt>
   <trkpt lat="40.6134910" lon="-3.1275460">
    <ele>825.4</ele>
   </trkpt>
   <trkpt lat="40.6134490" lon="-3.1276710">
    <ele>824.6</ele>
   </trkpt>
   <trkpt lat="40.6133990" lon="-3.1278220">
    <ele>823.8</ele>
   </trkpt>
   <trkpt lat="40.6133460" lon="-3.1279790">
    <ele>823.2</ele>
   </trkpt>
   <trkpt lat="40.6133040" lon="-3.1281080">
    <ele>822.6</ele>
   </trkpt>
   <trkpt lat="40.6132620" lon="-3.1282310">
    <ele>821.8</ele>
   </trkpt>
   <trkpt lat="40.6132200" lon="-3.1283730">
    <ele>821.2</ele>
   </trkpt>
   <trkpt lat="40.6131710" lon="-3.1285250">
    <ele>820.4</ele>
   </trkpt>
   <trkpt lat="40.6131130" lon="-3.1286830">
    <ele>819.8</ele>
   </trkpt>
   <trkpt lat="40.6130600" lon="-3.1288250">
    <ele>819.0</ele>
   </trkpt>
   <trkpt lat="40.6130180" lon="-3.1289570">
    <ele>818.4</ele>
   </trkpt>
   <trkpt lat="40.6129760" lon="-3.1290950">
    <ele>817.6</ele>
   </trkpt>
   <trkpt lat="40.6129340" lon="-3.1292600">
    <ele>817.0</ele>
   </trkpt>
   <trkpt lat="40.6129000" lon="-3.1293970">
    <ele>816.2</ele>
   </trkpt>
   <trkpt lat="40.6128730" lon="-3.1295300">
    <ele>815.6</ele>
   </trkpt>
   <trkpt lat="40.6128430" lon="-3.1296940">
    <ele>815.0</ele>
   </trkpt>
   <trkpt lat="40.6128120" lon="-3.1298640">
    <ele>814.4</ele>
   </trkpt>
   <trkpt lat="40.6127850" lon="-3.1300140">
    <ele>813.6</ele>
   </trkpt>
   <trkpt lat="40.6127620" lon="-3.1301620">
    <ele>813.0</ele>
   </trkpt>
   <trkpt lat="40.6127400" lon="-3.1302990">
    <ele>812.4</ele>
   </trkpt>
   <trkpt lat="40.6127170" lon="-3.1304390">
    <ele>812.0</ele>
   </trkpt>
   <trkpt lat="40.6126900" lon="-3.1305940">
    <ele>811.4</ele>
   </trkpt>
   <trkpt lat="40.6126630" lon="-3.1307240">
    <ele>810.6</ele>
   </trkpt>
   <trkpt lat="40.6126370" lon="-3.1308730">
    <ele>810.0</ele>
   </trkpt>
   <trkpt lat="40.6126140" lon="-3.1310210">
    <ele>809.4</ele>
   </trkpt>
   <trkpt lat="40.6125870" lon="-3.1311680">
    <ele>809.0</ele>
   </trkpt>
   <trkpt lat="40.6125640" lon="-3.1313150">
    <ele>808.4</ele>
   </trkpt>
   <trkpt lat="40.6125450" lon="-3.1314640">
    <ele>807.8</ele>
   </trkpt>
   <trkpt lat="40.6125260" lon="-3.1316110">
    <ele>807.2</ele>
   </trkpt>
   <trkpt lat="40.6125140" lon="-3.1317600">
    <ele>806.6</ele>
   </trkpt>
   <trkpt lat="40.6125110" lon="-3.1319100">
    <ele>806.0</ele>
   </trkpt>
   <trkpt lat="40.6125110" lon="-3.1320720">
    <ele>805.6</ele>
   </trkpt>
   <trkpt lat="40.6125110" lon="-3.1322390">
    <ele>805.0</ele>
   </trkpt>
   <trkpt lat="40.6125110" lon="-3.1323770">
    <ele>804.6</ele>
   </trkpt>
   <trkpt lat="40.6125110" lon="-3.1325070">
    <ele>804.0</ele>
   </trkpt>
   <trkpt lat="40.6125110" lon="-3.1326660">
    <ele>803.4</ele>
   </trkpt>
   <trkpt lat="40.6125110" lon="-3.1328310">
    <ele>802.8</ele>
   </trkpt>
   <trkpt lat="40.6125110" lon="-3.1329800">
    <ele>802.4</ele>
   </trkpt>
   <trkpt lat="40.6125140" lon="-3.1331170">
    <ele>801.6</ele>
   </trkpt>
   <trkpt lat="40.6125180" lon="-3.1332570">
    <ele>800.8</ele>
   </trkpt>
   <trkpt lat="40.6125300" lon="-3.1334210">
    <ele>800.2</ele>
   </trkpt>
   <trkpt lat="40.6125450" lon="-3.1335650">
    <ele>799.6</ele>
   </trkpt>
   <trkpt lat="40.6125640" lon="-3.1336970">
    <ele>799.0</ele>
   </trkpt>
   <trkpt lat="40.6125910" lon="-3.1338230">
    <ele>798.4</ele>
   </trkpt>
   <trkpt lat="40.6126290" lon="-3.1339740">
    <ele>797.8</ele>
   </trkpt>
   <trkpt lat="40.6126790" lon="-3.1341290">
    <ele>797.4</ele>
   </trkpt>
   <trkpt lat="40.6127240" lon="-3.1342630">
    <ele>796.8</ele>
   </trkpt>
   <trkpt lat="40.6127700" lon="-3.1343980">
    <ele>796.2</ele>
   </trkpt>
   <trkpt lat="40.6128160" lon="-3.1345340">
    <ele>795.6</ele>
   </trkpt>
   <trkpt lat="40.6128620" lon="-3.1346700">
    <ele>794.8</ele>
   </trkpt>
   <trkpt lat="40.6129070" lon="-3.1348040">
    <ele>794.2</ele>
   </trkpt>
   <trkpt lat="40.6129490" lon="-3.1349380">
    <ele>793.6</ele>
   </trkpt>
   <trkpt lat="40.6129950" lon="-3.1350720">
    <ele>793.0</ele>
   </trkpt>
   <trkpt lat="40.6130370" lon="-3.1352070">
    <ele>792.6</ele>
   </trkpt>
   <trkpt lat="40.6130830" lon="-3.1353410">
    <ele>792.0</ele>
   </trkpt>
   <trkpt lat="40.6131290" lon="-3.1354740">
    <ele>791.4</ele>
   </trkpt>
   <trkpt lat="40.6131710" lon="-3.1355970">
    <ele>790.8</ele>
   </trkpt>
   <trkpt lat="40.6132160" lon="-3.1357220">
    <ele>790.4</ele>
   </trkpt>
   <trkpt lat="40.6132740" lon="-3.1358680">
    <ele>789.8</ele>
   </trkpt>
   <trkpt lat="40.6133270" lon="-3.1359960">
    <ele>789.2</ele>
   </trkpt>
   <trkpt lat="40.6133800" lon="-3.1361220">
    <ele>788.6</ele>
   </trkpt>
   <trkpt lat="40.6134300" lon="-3.1362380">
    <ele>788.0</ele>
   </trkpt>
   <trkpt lat="40.6134800" lon="-3.1363590">
    <ele>787.4</ele>
   </trkpt>
   <trkpt lat="40.6135410" lon="-3.1365020">
    <ele>787.0</ele>
   </trkpt>
   <trkpt lat="40.6135900" lon="-3.1366200">
    <ele>786.2</ele>
   </trkpt>
   <trkpt lat="40.6136320" lon="-3.1367320">
    <ele>785.6</ele>
   </trkpt>
   <trkpt lat="40.6136860" lon="-3.1368580">
    <ele>784.8</ele>
   </trkpt>
   <trkpt lat="40.6137350" lon="-3.1369830">
    <ele>784.2</ele>
   </trkpt>
   <trkpt lat="40.6137920" lon="-3.1371180">
    <ele>783.6</ele>
   </trkpt>
   <trkpt lat="40.6138500" lon="-3.1372600">
    <ele>783.0</ele>
   </trkpt>
   <trkpt lat="40.6138990" lon="-3.1373750">
    <ele>782.6</ele>
   </trkpt>
   <trkpt lat="40.6139530" lon="-3.1374940">
    <ele>782.2</ele>
   </trkpt>
   <trkpt lat="40.6140140" lon="-3.1376320">
    <ele>781.6</ele>
   </trkpt>
   <trkpt lat="40.6140630" lon="-3.1377460">
    <ele>781.2</ele>
   </trkpt>
   <trkpt lat="40.6141130" lon="-3.1378590">
    <ele>780.8</ele>
   </trkpt>
   <trkpt lat="40.6141590" lon="-3.1379740">
    <ele>780.6</ele>
   </trkpt>
   <trkpt lat="40.6141970" lon="-3.1380570">
    <ele>780.4</ele>
   </trkpt>
   <trkpt lat="40.6142390" lon="-3.1381440">
    <ele>780.2</ele>
   </trkpt>
   <trkpt lat="40.6142850" lon="-3.1382160">
    <ele>780.0</ele>
   </trkpt>
   <trkpt lat="40.6143260" lon="-3.1382640">
    <ele>779.8</ele>
   </trkpt>
   <trkpt lat="40.6143840" lon="-3.1383030">
    <ele>779.6</ele>
   </trkpt>
   <trkpt lat="40.6144410" lon="-3.1383120">
    <ele>779.4</ele>
   </trkpt>
   <trkpt lat="40.6144910" lon="-3.1382900">
    <ele>779.4</ele>
   </trkpt>
   <trkpt lat="40.6145520" lon="-3.1382530">
    <ele>779.6</ele>
   </trkpt>
   <trkpt lat="40.6146090" lon="-3.1381990">
    <ele>779.6</ele>
   </trkpt>
   <trkpt lat="40.6146620" lon="-3.1381340">
    <ele>779.8</ele>
   </trkpt>
   <trkpt lat="40.6147120" lon="-3.1380550">
    <ele>779.8</ele>
   </trkpt>
   <trkpt lat="40.6147540" lon="-3.1379710">
    <ele>779.8</ele>
   </trkpt>
   <trkpt lat="40.6147990" lon="-3.1378920">
    <ele>780.0</ele>
   </trkpt>
   <trkpt lat="40.6148610" lon="-3.1378320">
    <ele>780.0</ele>
   </trkpt>
   <trkpt lat="40.6149370" lon="-3.1377970">
    <ele>780.2</ele>
   </trkpt>
   <trkpt lat="40.6149980" lon="-3.1377830">
    <ele>780.2</ele>
   </trkpt>
   <trkpt lat="40.6150550" lon="-3.1377850">
    <ele>780.2</ele>
   </trkpt>
   <trkpt lat="40.6151160" lon="-3.1378080">
    <ele>780.2</ele>
   </trkpt>
   <trkpt lat="40.6151730" lon="-3.1378440">
    <ele>780.4</ele>
   </trkpt>
   <trkpt lat="40.6152340" lon="-3.1378860">
    <ele>780.4</ele>
   </trkpt>
   <trkpt lat="40.6152920" lon="-3.1379310">
    <ele>780.4</ele>
   </trkpt>
   <trkpt lat="40.6153300" lon="-3.1379730">
    <ele>780.4</ele>
   </trkpt>
   <trkpt lat="40.6153600" lon="-3.1380290">
    <ele>780.4</ele>
   </trkpt>
   <trkpt lat="40.6153830" lon="-3.1380970">
    <ele>780.4</ele>
   </trkpt>
   <trkpt lat="40.6153910" lon="-3.1381620">
    <ele>780.2</ele>
   </trkpt>
   <trkpt lat="40.6153950" lon="-3.1382400">
    <ele>779.8</ele>
   </trkpt>
   <trkpt lat="40.6153950" lon="-3.1383210">
    <ele>779.4</ele>
   </trkpt>
   <trkpt lat="40.6153950" lon="-3.1384140">
    <ele>779.0</ele>
   </trkpt>
   <trkpt lat="40.6154060" lon="-3.1385170">
    <ele>778.4</ele>
   </trkpt>
   <trkpt lat="40.6154210" lon="-3.1386040">
    <ele>778.0</ele>
   </trkpt>
   <trkpt lat="40.6154440" lon="-3.1386900">
    <ele>777.4</ele>
   </trkpt>
   <trkpt lat="40.6154750" lon="-3.1387890">
    <ele>777.0</ele>
   </trkpt>
   <trkpt lat="40.6155010" lon="-3.1388910">
    <ele>776.4</ele>
   </trkpt>
   <trkpt lat="40.6155320" lon="-3.1389950">
    <ele>776.0</ele>
   </trkpt>
   <trkpt lat="40.6155660" lon="-3.1391060">
    <ele>775.4</ele>
   </trkpt>
   <trkpt lat="40.6156010" lon="-3.1392140">
    <ele>775.0</ele>
   </trkpt>
   <trkpt lat="40.6156310" lon="-3.1393070">
    <ele>774.6</ele>
   </trkpt>
   <trkpt lat="40.6156650" lon="-3.1394180">
    <ele>774.2</ele>
   </trkpt>
   <trkpt lat="40.6157000" lon="-3.1395220">
    <ele>774.0</ele>
   </trkpt>
   <trkpt lat="40.6157420" lon="-3.1396020">
    <ele>773.8</ele>
   </trkpt>
   <trkpt lat="40.6157870" lon="-3.1396910">
    <ele>773.6</ele>
   </trkpt>
   <trkpt lat="40.6158330" lon="-3.1397800">
    <ele>773.0</ele>
   </trkpt>
   <trkpt lat="40.6158750" lon="-3.1398700">
    <ele>772.6</ele>
   </trkpt>
   <trkpt lat="40.6159060" lon="-3.1399620">
    <ele>772.2</ele>
   </trkpt>
   <trkpt lat="40.6159210" lon="-3.1400580">
    <ele>771.8</ele>
   </trkpt>
   <trkpt lat="40.6159250" lon="-3.1401560">
    <ele>771.4</ele>
   </trkpt>
   <trkpt lat="40.6159170" lon="-3.1402500">
    <ele>771.0</ele>
   </trkpt>
   <trkpt lat="40.6159060" lon="-3.1403390">
    <ele>770.6</ele>
   </trkpt>
   <trkpt lat="40.6158980" lon="-3.1404250">
    <ele>770.4</ele>
   </trkpt>
   <trkpt lat="40.6159020" lon="-3.1405070">
    <ele>770.0</ele>
   </trkpt>
   <trkpt lat="40.6159210" lon="-3.1405850">
    <ele>769.8</ele>
   </trkpt>
   <trkpt lat="40.6159550" lon="-3.1406600">
    <ele>769.4</ele>
   </trkpt>
   <trkpt lat="40.6159970" lon="-3.1407220">
    <ele>769.2</ele>
   </trkpt>
   <trkpt lat="40.6160470" lon="-3.1407690">
    <ele>769.0</ele>
   </trkpt>
   <trkpt lat="40.6161040" lon="-3.1408210">
    <ele>768.6</ele>
   </trkpt>
   <trkpt lat="40.6161690" lon="-3.1408800">
    <ele>768.2</ele>
   </trkpt>
   <trkpt lat="40.6162340" lon="-3.1409380">
    <ele>768.0</ele>
   </trkpt>
   <trkpt lat="40.6162910" lon="-3.1409860">
    <ele>767.6</ele>
   </trkpt>
   <trkpt lat="40.6163600" lon="-3.1410390">
    <ele>767.2</ele>
   </trkpt>
   <trkpt lat="40.6164210" lon="-3.1410970">
    <ele>766.8</ele>
   </trkpt>
   <trkpt lat="40.6164820" lon="-3.1411730">
    <ele>766.4</ele>
   </trkpt>
   <trkpt lat="40.6165390" lon="-3.1412570">
    <ele>766.0</ele>
   </trkpt>
   <trkpt lat="40.6165850" lon="-3.1413350">
    <ele>765.4</ele>
   </trkpt>
   <trkpt lat="40.6166460" lon="-3.1414350">
    <ele>764.8</ele>
   </trkpt>
   <trkpt lat="40.6167110" lon="-3.1415340">
    <ele>764.2</ele>
   </trkpt>
   <trkpt lat="40.6167600" lon="-3.1416170">
    <ele>763.8</ele>
   </trkpt>
   <trkpt lat="40.6168170" lon="-3.1417130">
    <ele>763.2</ele>
   </trkpt>
   <trkpt lat="40.6168750" lon="-3.1418100">
    <ele>762.8</ele>
   </trkpt>
   <trkpt lat="40.6169320" lon="-3.1419060">
    <ele>762.2</ele>
   </trkpt>
   <trkpt lat="40.6169970" lon="-3.1420080">
    <ele>761.8</ele>
   </trkpt>
   <trkpt lat="40.6170580" lon="-3.1421080">
    <ele>761.4</ele>
   </trkpt>
   <trkpt lat="40.6171110" lon="-3.1421930">
    <ele>760.8</ele>
   </trkpt>
   <trkpt lat="40.6171720" lon="-3.1422980">
    <ele>760.6</ele>
   </trkpt>
   <trkpt lat="40.6172330" lon="-3.1423980">
    <ele>760.2</ele>
   </trkpt>
   <trkpt lat="40.6172830" lon="-3.1424770">
    <ele>760.0</ele>
   </trkpt>
   <trkpt lat="40.6173400" lon="-3.1425630">
    <ele>759.6</ele>
   </trkpt>
   <trkpt lat="40.6174090" lon="-3.1426430">
    <ele>759.4</ele>
   </trkpt>
   <trkpt lat="40.6174770" lon="-3.1427190">
    <ele>759.0</ele>
   </trkpt>
   <trkpt lat="40.6175500" lon="-3.1427900">
    <ele>758.6</ele>
   </trkpt>
   <trkpt lat="40.6176220" lon="-3.1428570">
    <ele>758.4</ele>
   </trkpt>
   <trkpt lat="40.6176950" lon="-3.1429230">
    <ele>758.2</ele>
   </trkpt>
   <trkpt lat="40.6177670" lon="-3.1429870">
    <ele>758.0</ele>
   </trkpt>
   <trkpt lat="40.6178400" lon="-3.1430500">
    <ele>757.8</ele>
   </trkpt>
   <trkpt lat="40.6179120" lon="-3.1431140">
    <ele>757.6</ele>
   </trkpt>
   <trkpt lat="40.6179850" lon="-3.1431720">
    <ele>757.4</ele>
   </trkpt>
   <trkpt lat="40.6180610" lon="-3.1432230">
    <ele>757.2</ele>
   </trkpt>
   <trkpt lat="40.6181410" lon="-3.1432680">
    <ele>757.0</ele>
   </trkpt>
   <trkpt lat="40.6182250" lon="-3.1433120">
    <ele>756.8</ele>
   </trkpt>
   <trkpt lat="40.6183050" lon="-3.1433520">
    <ele>756.6</ele>
   </trkpt>
   <trkpt lat="40.6183700" lon="-3.1433870">
    <ele>756.4</ele>
   </trkpt>
   <trkpt lat="40.6184430" lon="-3.1434280">
    <ele>756.4</ele>
   </trkpt>
   <trkpt lat="40.6185150" lon="-3.1434720">
    <ele>756.2</ele>
   </trkpt>
   <trkpt lat="40.6185840" lon="-3.1435230">
    <ele>756.2</ele>
   </trkpt>
   <trkpt lat="40.6186450" lon="-3.1435800">
    <ele>756.2</ele>
   </trkpt>
   <trkpt lat="40.6186980" lon="-3.1436450">
    <ele>756.0</ele>
   </trkpt>
   <trkpt lat="40.6187510" lon="-3.1437170">
    <ele>755.8</ele>
   </trkpt>
   <trkpt lat="40.6188010" lon="-3.1437930">
    <ele>755.6</ele>
   </trkpt>
   <trkpt lat="40.6188510" lon="-3.1438690">
    <ele>755.6</ele>
   </trkpt>
   <trkpt lat="40.6189000" lon="-3.1439420">
    <ele>755.4</ele>
   </trkpt>
   <trkpt lat="40.6189500" lon="-3.1440090">
    <ele>755.4</ele>
   </trkpt>
   <trkpt lat="40.6190070" lon="-3.1440700">
    <ele>755.4</ele>
   </trkpt>
   <trkpt lat="40.6190640" lon="-3.1441220">
    <ele>755.2</ele>
   </trkpt>
   <trkpt lat="40.6191250" lon="-3.1441650">
    <ele>755.2</ele>
   </trkpt>
   <trkpt lat="40.6191830" lon="-3.1442080">
    <ele>755.0</ele>
   </trkpt>
   <trkpt lat="40.6192400" lon="-3.1442580">
    <ele>755.0</ele>
   </trkpt>
   <trkpt lat="40.6192970" lon="-3.1443100">
    <ele>754.8</ele>
   </trkpt>
   <trkpt lat="40.6193500" lon="-3.1443620">
    <ele>754.8</ele>
   </trkpt>
   <trkpt lat="40.6194080" lon="-3.1444150">
    <ele>754.4</ele>
   </trkpt>
   <trkpt lat="40.6194610" lon="-3.1444720">
    <ele>754.2</ele>
   </trkpt>
   <trkpt lat="40.6195140" lon="-3.1445320">
    <ele>754.0</ele>
   </trkpt>
   <trkpt lat="40.6195680" lon="-3.1445930">
    <ele>753.6</ele>
   </trkpt>
   <trkpt lat="40.6196250" lon="-3.1446500">
    <ele>753.4</ele>
   </trkpt>
   <trkpt lat="40.6196860" lon="-3.1447030">
    <ele>752.8</ele>
   </trkpt>
   <trkpt lat="40.6197470" lon="-3.1447530">
    <ele>752.4</ele>
   </trkpt>
   <trkpt lat="40.6198080" lon="-3.1448070">
    <ele>751.8</ele>
   </trkpt>
   <trkpt lat="40.6198730" lon="-3.1448670">
    <ele>751.2</ele>
   </trkpt>
   <trkpt lat="40.6199340" lon="-3.1449390">
    <ele>750.8</ele>
   </trkpt>
   <trkpt lat="40.6199910" lon="-3.1450210">
    <ele>750.2</ele>
   </trkpt>
   <trkpt lat="40.6200480" lon="-3.1451050">
    <ele>749.6</ele>
   </trkpt>
   <trkpt lat="40.6201100" lon="-3.1451870">
    <ele>749.2</ele>
   </trkpt>
   <trkpt lat="40.6201780" lon="-3.1452670">
    <ele>748.6</ele>
   </trkpt>
   <trkpt lat="40.6202470" lon="-3.1453440">
    <ele>748.0</ele>
   </trkpt>
   <trkpt lat="40.6203230" lon="-3.1454120">
    <ele>747.6</ele>
   </trkpt>
   <trkpt lat="40.6204030" lon="-3.1454690">
    <ele>747.2</ele>
   </trkpt>
   <trkpt lat="40.6204910" lon="-3.1455200">
    <ele>746.8</ele>
   </trkpt>
   <trkpt lat="40.6205750" lon="-3.1455690">
    <ele>746.4</ele>
   </trkpt>
   <trkpt lat="40.6206590" lon="-3.1456180">
    <ele>746.0</ele>
   </trkpt>
   <trkpt lat="40.6207430" lon="-3.1456630">
    <ele>745.8</ele>
   </trkpt>
   <trkpt lat="40.6208340" lon="-3.1457090">
    <ele>745.6</ele>
   </trkpt>
   <trkpt lat="40.6209220" lon="-3.1457560">
    <ele>745.4</ele>
   </trkpt>
   <trkpt lat="40.6209950" lon="-3.1457870">
    <ele>745.2</ele>
   </trkpt>
   <trkpt lat="40.6210860" lon="-3.1458140">
    <ele>745.0</ele>
   </trkpt>
   <trkpt lat="40.6211740" lon="-3.1458330">
    <ele>744.8</ele>
   </trkpt>
   <trkpt lat="40.6212500" lon="-3.1458380">
    <ele>744.4</ele>
   </trkpt>
   <trkpt lat="40.6213300" lon="-3.1458380">
    <ele>744.2</ele>
   </trkpt>
   <trkpt lat="40.6214100" lon="-3.1458370">
    <ele>744.0</ele>
   </trkpt>
   <trkpt lat="40.6214900" lon="-3.1458380">
    <ele>743.8</ele>
   </trkpt>
   <trkpt lat="40.6215710" lon="-3.1458410">
    <ele>743.8</ele>
   </trkpt>
   <trkpt lat="40.6216510" lon="-3.1458440">
    <ele>743.6</ele>
   </trkpt>
   <trkpt lat="40.6217230" lon="-3.1458450">
    <ele>743.4</ele>
   </trkpt>
   <trkpt lat="40.6217960" lon="-3.1458480">
    <ele>743.4</ele>
   </trkpt>
   <trkpt lat="40.6218680" lon="-3.1458570">
    <ele>743.2</ele>
   </trkpt>
   <trkpt lat="40.6219410" lon="-3.1458770">
    <ele>743.2</ele>
   </trkpt>
   <trkpt lat="40.6220090" lon="-3.1459070">
    <ele>743.0</ele>
   </trkpt>
   <trkpt lat="40.6220780" lon="-3.1459480">
    <ele>742.8</ele>
   </trkpt>
   <trkpt lat="40.6221390" lon="-3.1459970">
    <ele>742.6</ele>
   </trkpt>
   <trkpt lat="40.6222040" lon="-3.1460570">
    <ele>742.4</ele>
   </trkpt>
   <trkpt lat="40.6222690" lon="-3.1461190">
    <ele>742.4</ele>
   </trkpt>
   <trkpt lat="40.6223140" lon="-3.1461750">
    <ele>742.2</ele>
   </trkpt>
   <trkpt lat="40.6223720" lon="-3.1462440">
    <ele>742.2</ele>
   </trkpt>
   <trkpt lat="40.6224290" lon="-3.1463090">
    <ele>742.0</ele>
   </trkpt>
   <trkpt lat="40.6224780" lon="-3.1463610">
    <ele>741.8</ele>
   </trkpt>
   <trkpt lat="40.6225360" lon="-3.1464170">
    <ele>741.6</ele>
   </trkpt>
   <trkpt lat="40.6225930" lon="-3.1464690">
    <ele>741.6</ele>
   </trkpt>
   <trkpt lat="40.6226540" lon="-3.1465160">
    <ele>741.4</ele>
   </trkpt>
   <trkpt lat="40.6227150" lon="-3.1465620">
    <ele>741.2</ele>
   </trkpt>
   <trkpt lat="40.6227680" lon="-3.1466150">
    <ele>741.0</ele>
   </trkpt>
   <trkpt lat="40.6228220" lon="-3.1466790">
    <ele>740.8</ele>
   </trkpt>
   <trkpt lat="40.6228600" lon="-3.1467550">
    <ele>740.4</ele>
   </trkpt>
   <trkpt lat="40.6228900" lon="-3.1468380">
    <ele>740.2</ele>
   </trkpt>
   <trkpt lat="40.6229210" lon="-3.1469240">
    <ele>740.0</ele>
   </trkpt>
   <trkpt lat="40.6229480" lon="-3.1470100">
    <ele>739.8</ele>
   </trkpt>
   <trkpt lat="40.6229820" lon="-3.1470940">
    <ele>739.6</ele>
   </trkpt>
   <trkpt lat="40.6230160" lon="-3.1471750">
    <ele>739.4</ele>
   </trkpt>
   <trkpt lat="40.6230580" lon="-3.1472500">
    <ele>739.2</ele>
   </trkpt>
   <trkpt lat="40.6231000" lon="-3.1473260">
    <ele>739.0</ele>
   </trkpt>
   <trkpt lat="40.6231460" lon="-3.1474030">
    <ele>738.6</ele>
   </trkpt>
   <trkpt lat="40.6231960" lon="-3.1474810">
    <ele>738.2</ele>
   </trkpt>
   <trkpt lat="40.6232450" lon="-3.1475600">
    <ele>737.6</ele>
   </trkpt>
   <trkpt lat="40.6232990" lon="-3.1476420">
    <ele>737.2</ele>
   </trkpt>
   <trkpt lat="40.6233560" lon="-3.1477250">
    <ele>736.6</ele>
   </trkpt>
   <trkpt lat="40.6234130" lon="-3.1478080">
    <ele>736.0</ele>
   </trkpt>
   <trkpt lat="40.6234740" lon="-3.1478980">
    <ele>735.6</ele>
   </trkpt>
   <trkpt lat="40.6235350" lon="-3.1479870">
    <ele>735.2</ele>
   </trkpt>
   <trkpt lat="40.6235850" lon="-3.1480590">
    <ele>734.8</ele>
   </trkpt>
   <trkpt lat="40.6236420" lon="-3.1481410">
    <ele>734.4</ele>
   </trkpt>
   <trkpt lat="40.6236950" lon="-3.1482220">
    <ele>734.2</ele>
   </trkpt>
   <trkpt lat="40.6237490" lon="-3.1483020">
    <ele>734.0</ele>
   </trkpt>
   <trkpt lat="40.6238020" lon="-3.1483850">
    <ele>733.8</ele>
   </trkpt>
   <trkpt lat="40.6238520" lon="-3.1484660">
    <ele>733.8</ele>
   </trkpt>
   <trkpt lat="40.6238980" lon="-3.1485450">
    <ele>733.8</ele>
   </trkpt>
   <trkpt lat="40.6239470" lon="-3.1486190">
    <ele>733.6</ele>
   </trkpt>
   <trkpt lat="40.6239930" lon="-3.1486870">
    <ele>733.6</ele>
   </trkpt>
   <trkpt lat="40.6240500" lon="-3.1487420">
    <ele>733.6</ele>
   </trkpt>
   <trkpt lat="40.6241150" lon="-3.1487800">
    <ele>733.6</ele>
   </trkpt>
   <trkpt lat="40.6241800" lon="-3.1488100">
    <ele>733.4</ele>
   </trkpt>
   <trkpt lat="40.6242480" lon="-3.1488430">
    <ele>733.4</ele>
   </trkpt>
   <trkpt lat="40.6243250" lon="-3.1488790">
    <ele>733.2</ele>
   </trkpt>
   <trkpt lat="40.6244010" lon="-3.1489150">
    <ele>733.0</ele>
   </trkpt>
   <trkpt lat="40.6244700" lon="-3.1489450">
    <ele>732.6</ele>
   </trkpt>
   <trkpt lat="40.6245500" lon="-3.1489800">
    <ele>732.2</ele>
   </trkpt>
   <trkpt lat="40.6246300" lon="-3.1490160">
    <ele>732.0</ele>
   </trkpt>
   <trkpt lat="40.6247100" lon="-3.1490530">
    <ele>731.6</ele>
   </trkpt>
   <trkpt lat="40.6247900" lon="-3.1490910">
    <ele>731.2</ele>
   </trkpt>
   <trkpt lat="40.6248740" lon="-3.1491330">
    <ele>731.0</ele>
   </trkpt>
   <trkpt lat="40.6249540" lon="-3.1491800">
    <ele>730.4</ele>
   </trkpt>
   <trkpt lat="40.6250340" lon="-3.1492360">
    <ele>729.8</ele>
   </trkpt>
   <trkpt lat="40.6251180" lon="-3.1493080">
    <ele>729.0</ele>
   </trkpt>
   <trkpt lat="40.6251910" lon="-3.1493970">
    <ele>728.4</ele>
   </trkpt>
   <trkpt lat="40.6252750" lon="-3.1494950">
    <ele>728.0</ele>
   </trkpt>
   <trkpt lat="40.6253590" lon="-3.1495750">
    <ele>727.6</ele>
   </trkpt>
   <trkpt lat="40.6254310" lon="-3.1496280">
    <ele>727.4</ele>
   </trkpt>
   <trkpt lat="40.6255070" lon="-3.1496890">
    <ele>727.0</ele>
   </trkpt>
   <trkpt lat="40.6255720" lon="-3.1497650">
    <ele>726.8</ele>
   </trkpt>
   <trkpt lat="40.6256100" lon="-3.1498590">
    <ele>726.6</ele>
   </trkpt>
   <trkpt lat="40.6256180" lon="-3.1499640">
    <ele>726.4</ele>
   </trkpt>
   <trkpt lat="40.6256070" lon="-3.1500760">
    <ele>726.4</ele>
   </trkpt>
   <trkpt lat="40.6255990" lon="-3.1501880">
    <ele>726.2</ele>
   </trkpt>
   <trkpt lat="40.6255990" lon="-3.1502930">
    <ele>726.0</ele>
   </trkpt>
   <trkpt lat="40.6256070" lon="-3.1504020">
    <ele>725.8</ele>
   </trkpt>
   <trkpt lat="40.6256260" lon="-3.1505050">
    <ele>725.4</ele>
   </trkpt>
   <trkpt lat="40.6256560" lon="-3.1505850">
    <ele>725.2</ele>
   </trkpt>
   <trkpt lat="40.6256980" lon="-3.1506750">
    <ele>725.0</ele>
   </trkpt>
   <trkpt lat="40.6257360" lon="-3.1507540">
    <ele>725.0</ele>
   </trkpt>
   <trkpt lat="40.6257590" lon="-3.1508070">
    <ele>725.2</ele>
   </trkpt>
   <trkpt lat="40.6257710" lon="-3.1508500">
    <ele>725.2</ele>
   </trkpt>
   <trkpt lat="40.6257710" lon="-3.1508870">
    <ele>725.2</ele>
   </trkpt>
   <trkpt lat="40.6257590" lon="-3.1509150">
    <ele>725.2</ele>
   </trkpt>
   <trkpt lat="40.6257400" lon="-3.1509470">
    <ele>725.2</ele>
   </trkpt>
   <trkpt lat="40.6257130" lon="-3.1509790">
    <ele>725.2</ele>
   </trkpt>
   <trkpt lat="40.6256790" lon="-3.1510090">
    <ele>725.2</ele>
   </trkpt>
   <trkpt lat="40.6256450" lon="-3.1510390">
    <ele>725.4</ele>
   </trkpt>
   <trkpt lat="40.6256100" lon="-3.1510710">
    <ele>725.4</ele>
   </trkpt>
   <trkpt lat="40.6255760" lon="-3.1511040">
    <ele>725.6</ele>
   </trkpt>
   <trkpt lat="40.6255380" lon="-3.1511360">
    <ele>725.6</ele>
   </trkpt>
   <trkpt lat="40.6255000" lon="-3.1511700">
    <ele>725.8</ele>
   </trkpt>
   <trkpt lat="40.6254580" lon="-3.1512050">
    <ele>725.8</ele>
   </trkpt>
   <trkpt lat="40.6254200" lon="-3.1512390">
    <ele>726.0</ele>
   </trkpt>
   <trkpt lat="40.6253780" lon="-3.1512760">
    <ele>726.2</ele>
   </trkpt>
   <trkpt lat="40.6253390" lon="-3.1513120">
    <ele>726.4</ele>
   </trkpt>
   <trkpt lat="40.6253010" lon="-3.1513490">
    <ele>726.6</ele>
   </trkpt>
   <trkpt lat="40.6252630" lon="-3.1513860">
    <ele>726.8</ele>
   </trkpt>
   <trkpt lat="40.6252250" lon="-3.1514240">
    <ele>727.0</ele>
   </trkpt>
   <trkpt lat="40.6251870" lon="-3.1514610">
    <ele>727.2</ele>
   </trkpt>
   <trkpt lat="40.6251490" lon="-3.1514970">
    <ele>727.4</ele>
   </trkpt>
   <trkpt lat="40.6251110" lon="-3.1515340">
    <ele>727.6</ele>
   </trkpt>
   <trkpt lat="40.6250690" lon="-3.1515700">
    <ele>727.8</ele>
   </trkpt>
   <trkpt lat="40.6250310" lon="-3.1516040">
    <ele>728.0</ele>
   </trkpt>
   <trkpt lat="40.6249890" lon="-3.1516410">
    <ele>728.2</ele>
   </trkpt>
   <trkpt lat="40.6249470" lon="-3.1516770">
    <ele>728.4</ele>
   </trkpt>
   <trkpt lat="40.6249080" lon="-3.1517130">
    <ele>728.6</ele>
   </trkpt>
   <trkpt lat="40.6248660" lon="-3.1517490">
    <ele>728.8</ele>
   </trkpt>
   <trkpt lat="40.6248240" lon="-3.1517870">
    <ele>729.2</ele>
   </trkpt>
   <trkpt lat="40.6247860" lon="-3.1518260">
    <ele>729.4</ele>
   </trkpt>
   <trkpt lat="40.6247440" lon="-3.1518630">
    <ele>729.6</ele>
   </trkpt>
   <trkpt lat="40.6247060" lon="-3.1518990">
    <ele>730.0</ele>
   </trkpt>
   <trkpt lat="40.6246680" lon="-3.1519360">
    <ele>730.2</ele>
   </trkpt>
   <trkpt lat="40.6246300" lon="-3.1519720">
    <ele>730.4</ele>
   </trkpt>
   <trkpt lat="40.6245920" lon="-3.1520100">
    <ele>730.6</ele>
   </trkpt>
   <trkpt lat="40.6245500" lon="-3.1520490">
    <ele>730.8</ele>
   </trkpt>
   <trkpt lat="40.6245120" lon="-3.1520900">
    <ele>731.0</ele>
   </trkpt>
   <trkpt lat="40.6244740" lon="-3.1521330">
    <ele>731.2</ele>
   </trkpt>
   <trkpt lat="40.6244350" lon="-3.1521770">
    <ele>731.4</ele>
   </trkpt>
   <trkpt lat="40.6243970" lon="-3.1522220">
    <ele>731.6</ele>
   </trkpt>
   <trkpt lat="40.6243630" lon="-3.1522680">
    <ele>731.6</ele>
   </trkpt>
   <trkpt lat="40.6243250" lon="-3.1523140">
    <ele>731.8</ele>
   </trkpt>
   <trkpt lat="40.6242870" lon="-3.1523600">
    <ele>731.8</ele>
   </trkpt>
   <trkpt lat="40.6242480" lon="-3.1524070">
    <ele>732.0</ele>
   </trkpt>
   <trkpt lat="40.6242140" lon="-3.1524540">
    <ele>732.0</ele>
   </trkpt>
   <trkpt lat="40.6241760" lon="-3.1525000">
    <ele>732.2</ele>
   </trkpt>
   <trkpt lat="40.6241420" lon="-3.1525480">
    <ele>732.2</ele>
   </trkpt>
   <trkpt lat="40.6241070" lon="-3.1525930">
    <ele>732.2</ele>
   </trkpt>
   <trkpt lat="40.6240730" lon="-3.1526390">
    <ele>732.2</ele>
   </trkpt>
   <trkpt lat="40.6240390" lon="-3.1526880">
    <ele>732.2</ele>
   </trkpt>
   <trkpt lat="40.6240010" lon="-3.1527390">
    <ele>732.2</ele>
   </trkpt>
   <trkpt lat="40.6239590" lon="-3.1527910">
    <ele>732.2</ele>
   </trkpt>
   <trkpt lat="40.6239200" lon="-3.1528480">
    <ele>732.4</ele>
   </trkpt>
   <trkpt lat="40.6238860" lon="-3.1529050">
    <ele>732.4</ele>
   </trkpt>
   <trkpt lat="40.6238480" lon="-3.1529630">
    <ele>732.4</ele>
   </trkpt>
   <trkpt lat="40.6238100" lon="-3.1530230">
    <ele>732.2</ele>
   </trkpt>
   <trkpt lat="40.6237720" lon="-3.1530840">
    <ele>732.2</ele>
   </trkpt>
   <trkpt lat="40.6237370" lon="-3.1531460">
    <ele>732.0</ele>
   </trkpt>
   <trkpt lat="40.6236990" lon="-3.1532060">
    <ele>732.0</ele>
   </trkpt>
   <trkpt lat="40.6236610" lon="-3.1532650">
    <ele>732.0</ele>
   </trkpt>
   <trkpt lat="40.6236230" lon="-3.1533230">
    <ele>731.8</ele>
   </trkpt>
   <trkpt lat="40.6235810" lon="-3.1533810">
    <ele>731.8</ele>
   </trkpt>
   <trkpt lat="40.6235430" lon="-3.1534430">
    <ele>731.6</ele>
   </trkpt>
   <trkpt lat="40.6235050" lon="-3.1535060">
    <ele>731.6</ele>
   </trkpt>
   <trkpt lat="40.6234660" lon="-3.1535730">
    <ele>731.6</ele>
   </trkpt>
   <trkpt lat="40.6234280" lon="-3.1536440">
    <ele>731.4</ele>
   </trkpt>
   <trkpt lat="40.6233900" lon="-3.1537140">
    <ele>731.4</ele>
   </trkpt>
   <trkpt lat="40.6233520" lon="-3.1537840">
    <ele>731.2</ele>
   </trkpt>
   <trkpt lat="40.6233180" lon="-3.1538530">
    <ele>731.2</ele>
   </trkpt>
   <trkpt lat="40.6232800" lon="-3.1539210">
    <ele>731.2</ele>
   </trkpt>
   <trkpt lat="40.6232410" lon="-3.1539890">
    <ele>731.2</ele>
   </trkpt>
   <trkpt lat="40.6231990" lon="-3.1540570">
    <ele>731.0</ele>
   </trkpt>
   <trkpt lat="40.6231650" lon="-3.1541280">
    <ele>731.0</ele>
   </trkpt>
   <trkpt lat="40.6231270" lon="-3.1542020">
    <ele>731.0</ele>
   </trkpt>
   <trkpt lat="40.6230960" lon="-3.1542770">
    <ele>731.0</ele>
   </trkpt>
   <trkpt lat="40.6230700" lon="-3.1543550">
    <ele>730.8</ele>
   </trkpt>
   <trkpt lat="40.6230390" lon="-3.1544320">
    <ele>730.8</ele>
   </trkpt>
   <trkpt lat="40.6230120" lon="-3.1545090">
    <ele>730.8</ele>
   </trkpt>
   <trkpt lat="40.6229900" lon="-3.1545870">
    <ele>730.6</ele>
   </trkpt>
   <trkpt lat="40.6229630" lon="-3.1546660">
    <ele>730.6</ele>
   </trkpt>
   <trkpt lat="40.6229360" lon="-3.1547490">
    <ele>730.4</ele>
   </trkpt>
   <trkpt lat="40.6229130" lon="-3.1548320">
    <ele>730.2</ele>
   </trkpt>
   <trkpt lat="40.6228870" lon="-3.1549150">
    <ele>730.2</ele>
   </trkpt>
   <trkpt lat="40.6228600" lon="-3.1549980">
    <ele>730.0</ele>
   </trkpt>
   <trkpt lat="40.6228370" lon="-3.1550790">
    <ele>730.0</ele>
   </trkpt>
   <trkpt lat="40.6228140" lon="-3.1551580">
    <ele>729.8</ele>
   </trkpt>
   <trkpt lat="40.6227910" lon="-3.1552410">
    <ele>729.8</ele>
   </trkpt>
   <trkpt lat="40.6227680" lon="-3.1553260">
    <ele>729.6</ele>
   </trkpt>
   <trkpt lat="40.6227420" lon="-3.1554110">
    <ele>729.4</ele>
   </trkpt>
   <trkpt lat="40.6227190" lon="-3.1554960">
    <ele>729.4</ele>
   </trkpt>
   <trkpt lat="40.6226960" lon="-3.1555810">
    <ele>729.2</ele>
   </trkpt>
   <trkpt lat="40.6226770" lon="-3.1556680">
    <ele>729.2</ele>
   </trkpt>
   <trkpt lat="40.6226540" lon="-3.1557560">
    <ele>729.0</ele>
   </trkpt>
   <trkpt lat="40.6226310" lon="-3.1558480">
    <ele>728.8</ele>
   </trkpt>
   <trkpt lat="40.6226080" lon="-3.1559400">
    <ele>728.8</ele>
   </trkpt>
   <trkpt lat="40.6225850" lon="-3.1560310">
    <ele>728.6</ele>
   </trkpt>
   <trkpt lat="40.6225620" lon="-3.1561200">
    <ele>728.6</ele>
   </trkpt>
   <trkpt lat="40.6225430" lon="-3.1562070">
    <ele>728.4</ele>
   </trkpt>
   <trkpt lat="40.6225200" lon="-3.1562950">
    <ele>728.2</ele>
   </trkpt>
   <trkpt lat="40.6224980" lon="-3.1563830">
    <ele>728.2</ele>
   </trkpt>
   <trkpt lat="40.6224820" lon="-3.1564690">
    <ele>728.0</ele>
   </trkpt>
   <trkpt lat="40.6224630" lon="-3.1565510">
    <ele>728.0</ele>
   </trkpt>
   <trkpt lat="40.6224440" lon="-3.1566310">
    <ele>727.8</ele>
   </trkpt>
   <trkpt lat="40.6224250" lon="-3.1567130">
    <ele>727.8</ele>
   </trkpt>
   <trkpt lat="40.6224020" lon="-3.1567970">
    <ele>727.6</ele>
   </trkpt>
   <trkpt lat="40.6223870" lon="-3.1568810">
    <ele>727.6</ele>
   </trkpt>
   <trkpt lat="40.6223680" lon="-3.1569660">
    <ele>727.6</ele>
   </trkpt>
   <trkpt lat="40.6223560" lon="-3.1570520">
    <ele>727.6</ele>
   </trkpt>
   <trkpt lat="40.6223450" lon="-3.1571380">
    <ele>727.6</ele>
   </trkpt>
   <trkpt lat="40.6223330" lon="-3.1572250">
    <ele>727.6</ele>
   </trkpt>
   <trkpt lat="40.6223220" lon="-3.1573090">
    <ele>727.6</ele>
   </trkpt>
   <trkpt lat="40.6223070" lon="-3.1573880">
    <ele>727.6</ele>
   </trkpt>
   <trkpt lat="40.6222920" lon="-3.1574610">
    <ele>727.6</ele>
   </trkpt>
   <trkpt lat="40.6222800" lon="-3.1575320">
    <ele>727.6</ele>
   </trkpt>
   <trkpt lat="40.6222690" lon="-3.1576070">
    <ele>727.8</ele>
   </trkpt>
   <trkpt lat="40.6222610" lon="-3.1576860">
    <ele>728.0</ele>
   </trkpt>
   <trkpt lat="40.6222570" lon="-3.1577650">
    <ele>728.0</ele>
   </trkpt>
   <trkpt lat="40.6222530" lon="-3.1578430">
    <ele>728.0</ele>
   </trkpt>
   <trkpt lat="40.6222530" lon="-3.1579210">
    <ele>728.0</ele>
   </trkpt>
   <trkpt lat="40.6222610" lon="-3.1579890">
    <ele>728.0</ele>
   </trkpt>
   <trkpt lat="40.6222690" lon="-3.1580420">
    <ele>728.2</ele>
   </trkpt>
   <trkpt lat="40.6222760" lon="-3.1580860">
    <ele>728.0</ele>
   </trkpt>
   <trkpt lat="40.6222840" lon="-3.1581290">
    <ele>728.0</ele>
   </trkpt>
   <trkpt lat="40.6222950" lon="-3.1581800">
    <ele>728.0</ele>
   </trkpt>
   <trkpt lat="40.6223140" lon="-3.1582380">
    <ele>728.0</ele>
   </trkpt>
   <trkpt lat="40.6223410" lon="-3.1583000">
    <ele>727.8</ele>
   </trkpt>
   <trkpt lat="40.6223680" lon="-3.1583650">
    <ele>727.8</ele>
   </trkpt>
   <trkpt lat="40.6223980" lon="-3.1584290">
    <ele>727.6</ele>
   </trkpt>
   <trkpt lat="40.6224440" lon="-3.1584910">
    <ele>727.4</ele>
   </trkpt>
   <trkpt lat="40.6224900" lon="-3.1585510">
    <ele>727.4</ele>
   </trkpt>
   <trkpt lat="40.6225430" lon="-3.1586060">
    <ele>727.4</ele>
   </trkpt>
   <trkpt lat="40.6226010" lon="-3.1586560">
    <ele>727.2</ele>
   </trkpt>
   <trkpt lat="40.6226580" lon="-3.1587100">
    <ele>727.2</ele>
   </trkpt>
  </trkseg>
 </trk>
</gpx>
